Administrative,Administrative_Duration,Informational,Informational_Duration,ProductRelated,ProductRelated_Duration,BounceRates,ExitRates,PageValues,SpecialDay,Month,OperatingSystems,Browser,Region,TrafficType,VisitorType,Weekend,Revenue
1,44.62,0,25.21,13,981.24,0.01,0.031188811,2.24,0.0,Nov,2,2,1,2,Returning_Visitor,False,False
0,57.13,0,19.03,1,0.0,0.1,0.15,0.0,0.04,Mar,2,2,1,3,Returning_Visitor,False,False
0,44.99,0,29.8,11,900.9166667,0.14,0.16,1.52,0.6,May,1,1,2,1,Returning_Visitor,False,False
1,37.38,0,28.05,17,2879.73,0.2,0.2,1.41,0.0,Mar,1,1,1,3,Returning_Visitor,True,False
13,388.3,1,124.9,48,6483.775,0.00375,0.01725,5.32,0.03,Feb,2,2,1,2,Returning_Visitor,False,False
0,48.5,0,26.06,1,0.0,0.2,0.2,1.6,0.02,Oct,2,2,1,3,Returning_Visitor,False,False
0,0.0,0,49.11,21,1970.0,0.019259259,0.037925926,6.38,0.0,June,2,2,3,1,Returning_Visitor,False,False
2,90.0,0,0.0,20,1216.98,0.0,0.03,2.23,0.0,May,2,2,3,5,New_Visitor,False,False
1,73.28,0,29.87,11,774.31,0.01,0.02,2.46,0.04,Oct,2,2,7,2,Returning_Visitor,False,True
2,0.0,0,32.92,13,724.53,0.01,0.04,2.52,0.0,May,2,2,6,1,Returning_Visitor,False,False
7,295.8,1,0.0,59,2232.67,0.01,0.02,0.0,0.01,Dec,2,2,1,2,Returning_Visitor,False,False
2,94.0,0,0.0,18,97.0,0.01,0.033333333,2.52,0.03,Mar,3,3,3,10,Returning_Visitor,True,False
1,80.63,0,31.34,33,647.625,0.02,0.02,2.0,0.0,Mar,2,2,6,2,Returning_Visitor,False,False
1,46.01,0,0.0,11,49.0,0.03,0.05,2.11,0.09,Oct,1,1,8,3,Returning_Visitor,False,False
1,78.93,0,0.0,1,487.0,0.01,0.04,0.0,0.0,Mar,1,1,3,10,Returning_Visitor,True,False
0,0.0,0,38.84,12,103.0,0.133333333,0.19,1.69,0.6,May,2,2,3,1,Returning_Visitor,False,False
0,85.6,0,86.92,75,1775.241667,0.01,0.02,2.48,0.11,Feb,2,6,5,3,Returning_Visitor,True,False
1,78.38,0,0.0,14,829.73,0.003151515,0.04,0.0,0.01,Dec,1,2,4,1,Returning_Visitor,False,False
0,106.23,0,104.61,23,694.75,0.033333333,0.06,3.2,0.0,Nov,2,2,1,3,Returning_Visitor,False,True
1,37.78,0,22.5,8,70.2,0.01,0.061111111,1.5,0.03,Mar,2,2,8,2,Returning_Visitor,False,False
0,57.71,0,28.68,16,1320.79,0.0,0.04,22.27457143,0.03,Feb,1,8,1,1,New_Visitor,True,True
4,81.6,1,0.0,36,2230.600476,0.02,0.023125,0.0,0.0,Oct,2,2,9,4,Returning_Visitor,True,False
1,46.2,0,0.0,15,1509.24,0.02,0.033386243,1.44,0.0,Oct,2,2,1,1,Returning_Visitor,False,False
2,84.46,1,64.36,39,1411.14,0.007692308,0.03,0.0,0.01,Dec,2,2,4,2,Returning_Visitor,False,False
4,217.84,1,89.52,36,1638.02,0.01,0.02,3.55,0.0,Nov,2,2,1,2,Returning_Visitor,True,False
11,147.82,0,103.68,65,1607.173333,0.011392405,0.033333333,0.0,0.03,Oct,2,2,1,2,Returning_Visitor,False,True
2,28.0,0,46.44,13,1329.666667,0.01,0.002325581,1.89,0.0,May,2,2,1,4,Returning_Visitor,True,True
1,60.44,0,22.85,8,0.0,0.0,0.03,0.0,0.07,May,1,1,8,3,Returning_Visitor,False,False
0,0.0,0,31.51,22,584.5,0.05,0.08,4.07,0.44,May,1,1,1,3,Returning_Visitor,False,False
0,64.15,0,23.75,12,0.0,0.17,0.17,1.77,0.02,Mar,2,2,1,1,Returning_Visitor,False,False
1,126.87,0,0.0,17,1124.875,0.01,0.05,0.0,0.0,Nov,2,2,9,2,New_Visitor,False,True
3,114.81,0,71.57,36,1337.67,0.01,0.006078431,4.2,0.01,Dec,2,2,1,2,Returning_Visitor,False,False
7,228.39,1,143.78,64,1472.54,0.01,0.01,11.15668928,0.01,Jul,3,4,3,7,Returning_Visitor,False,False
0,51.52,0,19.06,9,639.63,0.07,0.08,0.0,0.0,Mar,2,2,1,2,New_Visitor,False,False
0,47.34,0,27.21,18,1093.33,0.01,0.026666667,1.8,0.0,Mar,1,1,4,1,Returning_Visitor,False,True
1,0.0,1,74.58,19,616.14,0.01,0.04,0.0,0.01,Dec,2,2,4,2,Returning_Visitor,False,False
4,166.16,1,1312.4,26,2217.21,0.0,0.021969697,9.284545518,0.01,Nov,2,7,2,1,Returning_Visitor,False,True
5,239.63,1,114.0,401,4976.39,0.04,0.05,3.546315545,0.02,Nov,2,2,9,4,Returning_Visitor,False,True
4,59.53333333,0,69.7,27,183.65,0.0,0.02,7.0,0.01,Sep,2,2,1,2,New_Visitor,False,False
0,42.33,0,23.48,11,320.2666667,0.02,0.044444444,1.61,0.06,Mar,2,2,1,2,Returning_Visitor,False,True
1,71.25,0,0.0,9,103.8333333,0.01,0.055555556,3.02,0.13,May,2,2,2,2,Returning_Visitor,False,False
1,57.65,0,22.52,13,663.03,0.0,0.05,8.391281758,0.04,Oct,1,1,3,2,Returning_Visitor,False,True
1,51.42,0,19.19,21,846.87,0.009090909,0.02,0.0,0.06,Mar,2,2,1,2,Returning_Visitor,False,False
1,0.0,0,0.0,20,1151.83,0.01,0.013333333,3.86,0.06,Oct,2,2,2,1,Returning_Visitor,False,False
6,229.35,1,109.85,30,1113.1,0.0,0.01,3.39,0.0,Oct,1,1,1,5,New_Visitor,False,True
0,51.92,0,0.0,10,1176.1,0.09,0.09,2.3,0.0,Mar,2,2,2,1,Returning_Visitor,True,False
1,62.55,0,30.14,15,1254.6,0.02,0.0375,1.67,0.03,Mar,2,2,1,2,Returning_Visitor,False,False
3,122.87,2,162.0,17,1320.11,0.01,0.01,2.07,0.03,Oct,2,2,3,2,Returning_Visitor,False,False
1,53.64,0,0.0,12,1516.86,0.0,0.02,1.57,0.06,May,2,2,1,3,Returning_Visitor,False,False
10,89.64,0,57.89,39,1290.56,0.01,0.02,112.4406212,0.0,May,2,2,7,1,Returning_Visitor,False,False
8,111.84,0,0.0,43,1110.579167,0.01,0.010671296,1.85,0.04,Aug,2,2,1,3,Returning_Visitor,False,True
2,0.0,2,145.42,25,832.65,0.01,0.017241379,15.04,0.0,Mar,1,1,6,2,Returning_Visitor,False,False
2,96.21,0,42.49,12,658.11,0.01,0.008333333,2.73,0.0,May,4,5,3,2,Returning_Visitor,False,False
1,94.14,0,0.0,19,923.34,0.0,0.044444444,0.0,0.03,Mar,2,2,7,1,Returning_Visitor,False,False
2,152.05,0,59.49,6,2100.02,0.0,0.025,0.0,0.03,Oct,1,1,1,4,Returning_Visitor,False,False
1,29.0,0,41.08,25,880.08,0.01,0.004166667,3.28,0.12,May,2,2,1,2,New_Visitor,False,False
10,164.0666667,0,30.85,37,891.42,0.01,0.01,1.63,0.02,Mar,2,2,3,2,Returning_Visitor,False,False
0,0.0,0,37.02,7,343.25,0.01,0.028571429,49.36350729,0.04,Nov,3,2,3,7,Returning_Visitor,True,True
4,76.0,0,0.0,22,1535.2,0.02,0.023809524,5.51397619,0.03,Mar,2,2,1,2,Returning_Visitor,False,False
0,75.07,0,44.45,20,1061.91,0.0,0.021428571,3.65,0.01,Nov,2,2,9,3,Returning_Visitor,False,False
2,99.96,0,0.0,58,2034.261905,0.00862069,0.035172414,0.0,0.02,Mar,2,2,1,2,Returning_Visitor,False,True
1,41.97,0,21.14,9,502.525,0.01,0.03,2.72,0.0,Oct,2,5,3,2,Returning_Visitor,False,False
0,32.88,0,17.64,11,210.5,0.05,0.08,0.0,0.12,Oct,2,2,1,1,Returning_Visitor,False,False
1,0.0,0,0.0,10,892.0,0.04,0.05,0.0,0.1,May,2,2,2,4,Returning_Visitor,True,False
0,0.0,0,0.0,10,670.32,0.06,0.1,0.0,0.08,Mar,3,2,2,1,Returning_Visitor,False,False
2,126.89,0,0.0,27,1434.908333,0.0,0.030952381,4.87,0.0,Dec,1,2,1,2,Returning_Visitor,False,False
1,97.85,0,0.0,15,2772.17,0.02,0.02,43.03066045,0.04,Nov,1,1,3,4,New_Visitor,False,True
1,53.31,0,31.73,17,1495.58,0.05,0.068285714,1.61,0.03,Mar,2,2,1,2,Returning_Visitor,False,False
9,209.66,0,88.3,37,1799.144235,0.01,0.020182874,0.0,0.02,Mar,2,2,3,2,Returning_Visitor,True,False
1,0.0,0,21.61,13,982.24,0.02,0.04,2.75,0.05,May,1,1,7,3,Returning_Visitor,False,False
3,965.5,0,73.15,37,1534.92,0.01,0.01,0.0,0.02,Mar,2,2,3,2,Returning_Visitor,True,False
0,114.04,0,0.0,26,1185.81,0.0,0.01,35.98,0.0,Oct,2,5,3,2,Returning_Visitor,False,True
2,84.33,0,26.3,14,1024.61,0.11,0.1,0.0,0.0,Mar,2,2,1,2,Returning_Visitor,False,False
5,167.54,1,56.91,26,812.36,0.01,0.018333333,2.97,0.03,May,2,2,2,4,Returning_Visitor,False,False
0,158.36,0,67.94,31,2631.473214,0.002747253,0.023321123,4.86,0.03,Mar,2,2,2,2,Returning_Visitor,False,False
6,310.57,2,410.48,146,1632.08,0.01,0.01,5.942025641,0.4,May,2,2,3,4,Returning_Visitor,False,False
1,71.03,0,0.0,8,578.26,0.01,0.025,0.0,0.01,Mar,2,2,3,10,Returning_Visitor,False,False
2,54.79,0,32.7,13,741.15,0.02,0.04,0.0,0.05,May,2,2,3,4,Returning_Visitor,False,False
0,0.0,0,0.0,18,476.0,0.02,0.093333333,1.89,0.07,May,2,4,2,1,Returning_Visitor,False,False
3,0.0,0,0.0,65,2770.59,0.005208333,0.01,0.0,0.04,Mar,2,4,3,2,Returning_Visitor,False,False
1,0.0,0,25.64,12,757.99,0.01,0.04,0.0,0.02,Mar,2,2,1,2,New_Visitor,False,False
1,0.0,0,35.51,20,850.93,0.02,0.04,2.08,0.01,Nov,2,2,4,10,Returning_Visitor,False,False
2,83.61,0,31.92,12,945.89,0.0,0.03,3.13,0.0,May,2,2,1,4,Returning_Visitor,False,False
0,0.0,0,25.65,13,58.0,0.01,0.04,1.99,0.24,May,2,2,1,3,Returning_Visitor,False,False
0,46.56,0,0.0,11,1256.82,0.0,0.04,1.53,0.07,Mar,2,2,2,1,Returning_Visitor,False,False
9,318.2,1,0.0,33,2328.88,0.02,0.05,3.98,0.0,Oct,2,2,6,1,Returning_Visitor,True,False
0,93.51,0,55.43,18,1062.666667,0.01,0.01,54.56704868,0.01,Sep,4,2,1,2,Returning_Visitor,False,True
1,35.77,0,0.0,10,628.49,0.2,0.2,2.03,0.03,Mar,2,2,1,1,Returning_Visitor,True,False
9,365.64,2,236.21,48,1500.57,0.01,0.01,0.0,0.0,Oct,3,2,3,2,New_Visitor,False,False
5,173.2632132,0,0.0,49,1465.555338,0.01,0.02,3.55,0.04,Mar,3,2,2,2,Returning_Visitor,False,True
2,19.2,0,43.32,22,966.96,0.0,0.002380952,0.0,0.01,Nov,1,1,1,2,Returning_Visitor,False,False
4,364.3333333,2,180.95,54,2732.76,0.01,0.02,7.17,0.0,Nov,2,2,1,2,Returning_Visitor,False,False
1,53.47,1,20.28,12,696.4027778,0.03,0.002631579,1.58,0.05,Oct,2,2,2,2,Returning_Visitor,True,False
0,55.02,0,25.33,10,668.09,0.02,0.07,3.88,0.0,May,2,2,7,8,Returning_Visitor,True,False
1,67.31,0,0.0,10,980.81,0.07,0.07,3.49,0.21,Mar,3,2,2,3,Returning_Visitor,False,False
1,0.0,0,0.0,12,801.802381,0.0,0.0035,0.0,0.0,Mar,2,2,3,2,Returning_Visitor,False,False
0,0.0,0,0.0,24,727.5,0.03,0.07,2.16,0.0,Mar,1,2,3,1,Returning_Visitor,False,False
10,118.0,1,72.52,37,277.35,0.02,0.03,0.0,0.05,May,2,2,9,5,Returning_Visitor,False,False
1,72.93,0,30.78,16,1372.33,0.02,0.065189145,0.0,0.12,Mar,2,2,2,3,Returning_Visitor,False,False
2,84.02,0,30.34,45,2336.319444,0.01,0.039236111,0.0,0.03,Mar,2,2,3,2,Returning_Visitor,False,False
0,51.72,0,0.0,4,655.43,0.0,0.075,0.0,0.0,May,2,1,3,1,Returning_Visitor,False,False
3,173.1,0,0.0,24,1032.38,0.01,0.01,2.79,0.0,Oct,2,2,1,2,Returning_Visitor,True,True
7,0.0,0,150.87,143,4977.850893,0.008732394,0.02,0.0,0.0,Oct,2,2,2,2,Returning_Visitor,False,False
3,95.32,1,237.09,584,24844.1562,0.07,0.19,1.98,0.0,Nov,1,2,3,2,Returning_Visitor,False,False
5,144.73,0,38.73,17,753.1,0.0,0.02,0.0,0.0,Mar,2,2,1,2,Returning_Visitor,True,False
4,118.8,1,75.5,36,2127.75,0.0,0.03,4.15,0.03,May,2,2,9,2,Returning_Visitor,False,False
2,0.0,0,59.18,1,0.0,0.01,0.01,4.32,0.0,Dec,2,2,1,2,Returning_Visitor,False,False
6,294.2,2,185.86,36,1215.42,0.01,0.01,11.09,0.02,Sep,3,2,6,2,Returning_Visitor,False,False
1,50.32,0,27.74,8,213.5,0.0,0.03,2.28,0.01,Mar,2,2,2,1,Returning_Visitor,True,False
1,79.58,0,0.0,14,1040.1,0.01,0.03,4.38,0.01,Dec,2,2,5,2,Returning_Visitor,False,True
1,47.01,0,0.0,9,222.2333333,0.03,0.1,0.0,0.0,Mar,2,2,3,2,Returning_Visitor,False,False
5,144.5,1,181.7222222,52,2826.790048,0.007258065,0.02,12.03,0.06,Feb,3,2,3,13,Returning_Visitor,False,False
0,34.46,0,0.0,8,0.0,0.08,0.08,0.0,0.22,Mar,3,2,1,1,Returning_Visitor,False,False
9,262.86,1,0.0,38,399.6939394,0.0,0.01,0.0,0.01,Mar,1,1,7,1,Returning_Visitor,False,False
0,0.0,0,19.12,7,1611.95,0.05,0.06,2.09,0.04,Mar,2,2,1,1,Returning_Visitor,False,False
2,69.8,0,36.61,10,447.1333333,0.03,0.08,1.85,0.03,Oct,2,2,5,2,Returning_Visitor,True,True
2,83.14,1,40.88,19,711.5666667,0.0,0.04,4.46,0.01,Mar,2,2,2,1,Returning_Visitor,False,False
0,94.59,0,41.3,9,228.5,0.022222222,0.08,0.0,0.15,May,2,2,3,3,Returning_Visitor,False,False
0,40.41,0,0.0,1,1043.7,0.19,0.2,1.54,0.0,Mar,1,2,9,1,Returning_Visitor,False,False
6,99.5,0,85.57,11,1380.0,0.01,0.014285714,4.53,0.03,Oct,2,2,8,2,New_Visitor,False,False
10,128.18,1,86.0,28,2563.28,0.040096618,0.03,1.8,0.03,Mar,2,2,1,2,Returning_Visitor,False,False
1,21.25,0,0.0,14,1171.071429,0.01,0.04,9.51,0.0,Dec,2,2,7,1,Returning_Visitor,False,False
2,29.9,0,0.0,9,645.68,0.032738095,0.13,1.43,0.8,May,3,4,2,3,Returning_Visitor,False,False
10,320.4,1,89.95454545,101,6038.244769,0.01,0.019112158,7.71,0.0,Oct,2,4,3,2,Returning_Visitor,False,True
4,122.95,1,79.28,34,2910.632251,0.005833333,0.02,25.05062136,0.03,May,3,2,2,4,Returning_Visitor,False,True
0,0.0,0,30.15,13,0.0,0.2,0.2,0.0,0.17,May,3,2,6,1,Returning_Visitor,False,False
3,74.0,1,0.0,38,5154.777093,0.002316602,0.02,0.0,0.01,Dec,2,2,3,1,Returning_Visitor,False,False
1,0.0,1,28.34,13,905.38,0.01875,0.04,2.54,0.15,Oct,2,2,6,11,Returning_Visitor,False,True
6,334.25,1,92.16666667,2,70.75,0.01,0.01,3.32,0.0,Nov,1,1,1,4,Returning_Visitor,True,False
1,84.88,0,42.66,16,612.9,0.01,0.03,21.47899475,0.0,Oct,1,8,2,4,Returning_Visitor,True,True
1,70.69,0,50.13,18,984.5,0.042857143,0.09,2.42,0.01,Nov,2,2,2,1,Returning_Visitor,False,False
4,248.6666667,0,68.88,27,1039.477564,0.004285714,0.02,9.511714286,0.09,May,3,1,2,11,Returning_Visitor,False,True
9,249.94,0,116.25,30,45.0,0.0,0.02,1.82,0.0,May,2,5,3,2,Returning_Visitor,True,False
3,108.78,0,0.0,3,1278.47,0.0,0.01,2.57,0.02,Sep,2,7,1,1,New_Visitor,False,False
4,78.35714286,3,210.6666667,309,2482.55,0.02,0.025532176,6.24,0.02,Oct,2,2,3,2,Returning_Visitor,False,True
1,0.0,0,31.86,10,249.5,0.01,0.05,7.87,0.0,Dec,2,2,6,8,Returning_Visitor,False,False
3,138.42,0,0.0,18,1087.34,0.01,0.008333333,7.21,0.0,Oct,2,2,1,2,Returning_Visitor,True,False
1,0.0,0,0.0,12,1141.89,0.12,0.06,1.46,0.03,May,2,1,1,3,Returning_Visitor,False,False
1,0.0,0,0.0,22,799.56,0.001515152,0.05,2.82,0.01,Jul,2,2,3,1,Returning_Visitor,False,False
1,50.5,0,21.94,12,1524.21,0.17,0.007986111,1.48,0.03,Mar,2,2,1,4,Returning_Visitor,False,False
1,0.0,0,62.69,28,988.8,0.0,0.02,5.14,0.01,Nov,2,2,7,1,Returning_Visitor,False,False
1,56.11,0,0.0,10,0.0,0.2,0.2,1.45,0.03,Mar,2,2,2,3,Returning_Visitor,True,False
3,141.11,0,60.01,28,2235.0,0.004347826,0.025362319,9.127391304,0.03,May,2,2,2,2,Returning_Visitor,False,False
1,12.0,0,0.0,29,1382.03,0.13,0.16,7.36509031,0.04,Mar,2,2,2,3,Returning_Visitor,False,True
2,0.0,0,0.0,40,905.4856061,0.0135,0.03,0.0,0.0,Mar,2,2,2,1,Returning_Visitor,False,False
0,53.33,0,0.0,15,1075.46,0.028571429,0.07,2.05,0.0,Mar,2,2,2,1,Returning_Visitor,False,False
2,24.5,0,32.35,27,922.67,0.0,0.01469428,0.0,0.0,Mar,2,2,3,2,New_Visitor,False,False
0,119.48,0,42.77,7,169.9866667,0.0125,0.02,21.27271783,0.0,Oct,2,2,7,2,New_Visitor,False,True
11,365.2,6,282.24,88,3565.04,0.012820513,0.02,6.67,0.0,Oct,2,2,2,2,New_Visitor,False,False
0,0.0,0,32.33,16,1196.7,0.066666667,0.133333333,0.0,0.0,Mar,2,2,9,1,Returning_Visitor,False,False
1,97.75,0,46.5,11,1470.4,0.006666667,0.07,1.61,0.0,Mar,2,2,2,4,Returning_Visitor,False,False
2,86.27,0,64.83,34,1328.47,0.01,0.024324324,6.25,0.01,Nov,1,1,1,2,Returning_Visitor,False,True
1,60.57,0,0.0,12,155.25,0.18,0.18,0.0,0.0,Mar,2,2,1,1,Returning_Visitor,False,False
4,28.66666667,1,0.0,148,3486.194444,0.008697765,0.017685455,8.24,0.01,Nov,2,2,1,2,Returning_Visitor,False,False
0,71.38,0,40.01,17,1067.2,0.0,0.066666667,3.39,0.26,May,2,5,1,1,Returning_Visitor,False,False
1,100.0,0,66.0,20,889.37,0.0,0.02,6.83,0.0,Dec,3,2,8,2,Returning_Visitor,False,False
1,0.0,0,34.04,18,791.2,0.029166667,0.04,2.77,0.03,Oct,2,2,1,2,Returning_Visitor,False,False
4,179.875,0,0.0,31,1062.03,0.01,0.01,2.68,0.0,Oct,3,2,1,4,Returning_Visitor,False,True
0,57.22,0,28.81,12,894.02,0.0125,0.05,2.17,0.4,May,2,2,1,4,Returning_Visitor,False,False
1,0.0,0,0.0,6,117.0,0.02,0.03,2.98,0.0,May,3,2,4,3,Returning_Visitor,False,False
1,59.25,0,36.62,16,673.65,0.02,0.05,2.53,0.0,Nov,2,2,1,3,Returning_Visitor,True,True
7,0.0,5,840.25,60,2174.58,0.01,0.02,31.31885714,0.0,May,2,2,1,2,Returning_Visitor,False,True
3,116.07,0,81.52,429,2243.16,0.00304414,0.02,3.459384236,0.01,Sep,2,2,1,2,Returning_Visitor,False,False
2,136.4,0,0.0,16,1343.82,0.05,0.05,2.87,0.0,Mar,2,2,1,2,Returning_Visitor,False,False
0,0.0,0,23.0,1,0.0,0.2,0.2,1.73,0.14,Mar,2,1,1,2,Returning_Visitor,False,False
4,40.0,0,43.66,28,3830.0,0.01,0.025333333,3.67,0.0,Mar,1,1,7,8,New_Visitor,False,True
0,56.38,1,104.0,9,796.44,0.02,0.096,2.5,1.0,May,3,4,3,4,Returning_Visitor,True,False
1,50.17,0,0.0,12,897.11,0.03,0.066666667,0.0,0.01,Nov,2,2,1,2,Returning_Visitor,True,False
3,85.73,0,27.46,14,1599.74,0.05,0.009285714,1.76,0.0,Mar,2,2,1,2,Returning_Visitor,True,False
7,345.0,0,70.62,33,229.5,0.02,0.03,3.33,0.0,Oct,2,2,1,2,New_Visitor,False,False
3,171.4,1,83.31,62,910.39,0.01,0.01,4.55,0.01,Mar,2,2,3,10,Returning_Visitor,False,False
4,157.51,2,73.35,15,1174.12,0.01,0.02,3.64,0.05,May,2,2,3,4,Returning_Visitor,False,False
0,109.29,0,27.85,14,151.2,0.0,0.04,5.6,0.11,May,2,2,2,4,Returning_Visitor,False,False
7,440.5833333,0,0.0,39,2107.89,0.01,0.02,14.74449646,0.03,Oct,3,2,1,2,Returning_Visitor,False,False
1,29.0,0,32.13,9,852.9,0.02,0.04,0.0,0.4,May,2,2,1,2,Returning_Visitor,False,False
1,0.0,0,0.0,15,1187.45,0.02,0.04,2.24,0.0,Mar,2,5,1,1,Returning_Visitor,False,False
0,72.08,0,76.07,20,1136.82,0.03,0.087037037,4.74,0.77,May,3,2,2,13,Returning_Visitor,False,False
2,45.0,0,45.18,22,1310.68,0.0,0.03015873,5.997142857,0.01,Mar,2,2,3,13,Returning_Visitor,True,False
0,0.0,0,25.38,10,0.0,0.2,0.2,1.63,0.6,May,2,2,1,3,Returning_Visitor,False,False
1,42.12,0,0.0,21,1343.24,0.03,0.03,2.13,0.0,Mar,2,2,1,1,Returning_Visitor,False,False
1,3.0,2,34.0,29,1021.519444,0.009302326,0.017829457,7.63,0.0,Feb,2,2,3,2,New_Visitor,False,False
1,44.75,0,51.5,15,846.29,0.01,0.026239965,0.0,0.0,Nov,2,2,3,1,Returning_Visitor,False,False
0,0.0,0,0.0,26,1199.23,0.0,0.05,0.0,0.01,Dec,2,2,1,2,Returning_Visitor,False,False
2,0.0,0,38.28,21,1608.97,0.02,0.030243902,1.74,0.05,Oct,2,2,1,1,Returning_Visitor,False,False
14,284.8,1,227.28,79,3410.697592,0.02,0.002839575,3.37,0.01,Nov,3,2,1,2,Returning_Visitor,False,False
2,11.5,0,35.87,19,1327.48,0.008823529,0.032679739,3.67,0.01,Nov,2,2,9,2,Returning_Visitor,True,False
8,239.38,1,138.43,63,1826.25,0.01,0.02,3.88,0.07,Oct,2,2,3,1,Returning_Visitor,False,False
2,99.18,0,27.11,19,886.88,0.006896552,0.030172414,3.66,0.03,May,4,2,3,4,Returning_Visitor,False,False
2,48.29,0,0.0,12,751.89,0.02,0.036190476,1.55,1.0,May,3,3,3,2,Returning_Visitor,True,False
3,0.0,1,136.42,50,11208.35506,0.02,0.022913324,0.0,0.04,Feb,2,2,4,3,Returning_Visitor,False,True
1,65.58,0,0.0,12,1169.0,0.002528736,0.05,2.38,0.03,Oct,2,2,3,6,Returning_Visitor,False,False
1,70.45,0,22.21,16,765.55,0.03,0.05,0.0,0.13,May,3,2,1,8,New_Visitor,False,False
0,0.0,0,33.68,24,1011.68,0.0,0.028030303,2.65,0.0,Mar,2,6,3,2,Returning_Visitor,False,False
0,97.14,1,0.0,20,1313.44,0.003125,0.0421875,5.3,0.01,Dec,2,2,1,6,Returning_Visitor,True,False
1,47.3,0,20.49,10,1309.15,0.14,0.11,2.19,0.02,Oct,2,2,1,2,Returning_Visitor,False,True
2,65.93,0,38.77,19,1127.14,0.01,0.054460641,2.09,0.09,Oct,2,2,3,2,Returning_Visitor,False,False
1,50.12,0,25.61,13,1814.01,0.09,0.15,1.93,0.13,Oct,3,2,2,4,Returning_Visitor,True,False
0,0.0,0,48.05,15,1453.9,0.010144928,0.06,5.76,0.63,May,2,6,7,7,Returning_Visitor,False,False
3,738.0,1,0.0,21,664.3333333,0.0,0.02,3.85,0.0,Oct,2,2,3,2,New_Visitor,True,False
2,27.58333333,0,28.48,22,1232.38,0.03,0.01516165,0.0,0.02,Oct,2,2,1,2,Returning_Visitor,False,False
5,283.19,0,0.0,54,1771.47,0.02,0.058666667,0.0,1.0,May,3,2,3,8,Returning_Visitor,True,False
5,420.0666667,1,89.59,23,1251.6,0.01,0.01,0.0,0.01,Nov,2,2,1,2,Returning_Visitor,True,False
1,0.0,0,26.45,8,924.64,0.0,0.0375,1.88,0.4,May,2,2,2,2,Returning_Visitor,False,False
1,65.65,0,19.94,9,1253.33,0.017123288,0.04,2.42,0.04,Mar,2,2,1,2,Returning_Visitor,False,True
1,99.8,0,42.04,18,946.76,0.01,0.05,0.0,0.01,Nov,2,2,3,2,Returning_Visitor,False,True
1,0.0,0,0.0,14,754.27,0.06,0.05,1.48,0.05,Mar,3,2,1,3,Returning_Visitor,False,True
3,169.29,1,26.2,27,1256.96,0.006140351,0.010281148,14.34,0.0,Feb,2,2,6,2,Returning_Visitor,False,False
2,175.79,0,96.23,33,628.33,0.0,0.02,0.0,0.0,May,2,2,7,4,Returning_Visitor,False,False
1,23.0,0,30.5,15,529.77,0.01,0.03,2.12,0.0,Oct,1,1,8,2,Returning_Visitor,False,False
13,837.96,0,0.0,69,3700.495815,0.01,0.014626073,3.348407692,0.08,May,2,2,1,4,Returning_Visitor,False,False
2,98.29,0,0.0,9,1529.57,0.01,0.03,0.0,0.0,Oct,2,2,1,2,New_Visitor,False,False
2,127.5,0,54.23,21,1440.933333,0.01,0.027210884,2.75,0.01,Dec,2,2,1,2,New_Visitor,False,False
0,0.0,0,30.29,17,336.0,0.01,0.02,2.31,0.25,May,2,2,1,4,Returning_Visitor,False,False
1,0.0,0,43.02,1,0.0,0.2,0.2,2.28,0.0,Mar,3,2,1,1,Returning_Visitor,False,False
6,157.99,1,159.2,97,2696.10873,0.003436426,0.02,5.770973155,0.01,Nov,3,2,1,13,Returning_Visitor,False,True
1,0.0,0,29.88,3,170.6666667,0.033333333,0.026666667,0.0,0.12,Mar,3,2,2,1,Returning_Visitor,False,False
1,125.21,0,40.31,11,315.0,0.01,0.036363636,6.83,0.01,Dec,2,2,1,2,New_Visitor,True,False
0,55.05,0,0.0,10,684.91,0.023931624,0.05,0.0,0.26,May,2,2,2,3,Returning_Visitor,False,False
3,0.0,0,68.52,26,1531.920136,0.011507937,0.017881096,0.0,0.0,Dec,2,2,1,2,Returning_Visitor,False,False
3,182.95,1,183.8,85,1813.753466,0.01,0.005699436,4.38,0.05,May,2,2,3,4,Returning_Visitor,False,False
1,0.0,0,34.45,16,1026.35,0.03,0.021428571,0.0,0.09,May,3,2,1,3,Returning_Visitor,True,False
3,173.5416667,0,59.4,28,915.37,0.004545455,0.02,2.64,0.0,Mar,3,2,1,10,Returning_Visitor,True,False
3,104.2,0,46.89,19,1144.96,0.01,0.03,0.0,0.0,Aug,2,2,2,2,Returning_Visitor,False,False
2,97.5,0,20.43,10,65.5,0.0125,0.02,2.88,0.04,Mar,1,1,1,4,Returning_Visitor,False,False
1,64.35,0,0.0,13,101.2727273,0.0,0.06,0.0,0.0,Sep,1,2,1,2,Returning_Visitor,False,False
0,0.0,0,24.88,6,994.01,0.033333333,0.05,3.87,0.29,Feb,3,2,2,3,Returning_Visitor,False,False
1,42.78,0,19.74,11,1323.96,0.05,0.09,0.0,0.1,Oct,2,2,1,1,Returning_Visitor,False,False
1,38.49,0,25.12,11,1088.5,0.2,0.2,0.0,0.05,Mar,2,2,1,4,Returning_Visitor,False,False
1,0.0,0,23.55,12,783.5666667,0.1,0.08,2.99,0.0,Dec,2,2,3,6,Returning_Visitor,False,True
5,226.09,1,148.45,48,692.87,0.0,0.01,0.0,0.01,Oct,1,1,4,1,Returning_Visitor,False,False
1,44.98,0,0.0,11,589.97,0.02,0.1,1.84,0.0,Oct,1,1,6,4,Returning_Visitor,False,False
2,117.25,0,42.46,20,1674.16,0.02,0.02,64.25350176,0.03,Nov,2,2,1,2,New_Visitor,True,False
3,129.0,0,0.0,74,1709.86,0.01,0.02,5.69,0.0,Oct,2,2,9,1,Returning_Visitor,False,True
3,121.85,0,40.69,18,749.2333333,0.01,0.008974359,5.21,0.0,Oct,3,2,1,1,Returning_Visitor,True,False
1,53.5,0,0.0,11,748.28,0.06,0.19,2.4,0.0,Dec,2,2,1,2,Returning_Visitor,False,True
10,396.960452,1,168.8333333,280,3524.42,0.02,0.02,7.983438638,0.0,Nov,1,2,1,2,Returning_Visitor,True,False
1,107.51,0,23.59,12,1076.5,0.01,0.03,4.41,0.0,Oct,2,2,1,4,New_Visitor,False,False
1,64.48,0,29.9,12,145.0,0.02,0.06,0.0,0.0,June,2,2,1,4,Returning_Visitor,False,False
7,268.7,2,199.4,46,1790.45,0.005664488,0.02,3.86,0.0,Oct,2,2,3,13,Returning_Visitor,True,False
2,58.5,2,125.0,34,2128.02,0.0,0.002222222,0.0,0.02,Oct,3,2,3,1,New_Visitor,True,False
4,159.0,0,56.94,26,1303.4,0.02,0.019343434,3.75,0.0,Feb,2,2,1,2,Returning_Visitor,False,True
2,0.0,0,54.16,21,1384.5,0.010344828,0.03,5.81,0.06,Oct,2,2,3,1,Returning_Visitor,False,False
3,216.25,2,107.0,39,1464.99,0.02,0.02,13.72,0.0,Dec,3,2,1,1,Returning_Visitor,True,False
2,121.06,0,0.0,7,1857.84,0.0,0.0,3.79,0.02,Oct,1,1,6,2,Returning_Visitor,True,True
2,74.56,0,25.79,13,924.0,0.02,0.05,2.66,0.06,Oct,2,2,1,2,New_Visitor,False,False
0,0.0,0,0.0,5,38.0,0.01,0.04,2.7,0.24,May,2,5,2,3,Returning_Visitor,False,False
5,59.0,0,0.0,3,44.66666667,0.01,0.025,0.0,0.06,Oct,2,2,2,2,Returning_Visitor,True,False
0,0.0,0,0.0,11,135.0,0.01,0.1,2.0,0.0,May,2,1,1,2,Returning_Visitor,False,False
0,0.0,0,0.0,4,81.0,0.0,0.025,0.0,0.0,Mar,3,2,2,1,Returning_Visitor,False,False
0,39.89,0,16.87,8,470.13,0.02,0.06,0.0,0.03,Mar,2,2,3,1,Returning_Visitor,False,False
1,156.1428571,0,45.17,18,1144.41,0.0,0.03,0.0,0.02,Oct,2,2,4,2,Returning_Visitor,False,False
1,81.79,0,0.0,4,1033.88,0.04,0.04,2.92,0.0,Nov,3,2,1,4,Returning_Visitor,False,False
1,0.0,0,21.35,10,139.5,0.03,0.04,0.0,0.05,Mar,2,2,1,2,Returning_Visitor,False,False
2,88.27,0,63.1,22,1448.928571,0.01,0.03,3.6,0.0,Dec,3,2,1,13,Returning_Visitor,False,False
6,138.45,0,112.0,68,2822.172118,0.01,0.02,2.4,0.0,Mar,2,2,1,2,Returning_Visitor,False,False
1,36.5,0,41.71,16,741.6,0.01,0.03,3.07,0.01,Dec,2,2,6,2,Returning_Visitor,False,False
4,204.3875,0,109.23,61,776.4138158,0.015104167,0.016153274,0.0,0.0,Oct,3,2,1,3,Returning_Visitor,False,False
3,37.0,1,81.79,29,987.54,0.011111111,0.034920635,0.0,0.02,Feb,3,2,1,2,Returning_Visitor,False,False
1,0.0,0,19.43,7,459.6666667,0.07,0.1,2.17,0.05,Mar,2,2,2,1,Returning_Visitor,False,False
2,152.31,1,0.0,28,2900.638469,0.009433962,0.01,5.88,0.0,May,2,2,8,4,Returning_Visitor,False,False
1,85.47,0,46.88,16,1024.56,0.01,0.011373326,0.0,0.01,Nov,2,2,3,2,Returning_Visitor,False,False
5,141.0,0,0.0,28,1097.68,0.0,0.02,2.29,0.0,Oct,2,4,3,8,New_Visitor,False,True
1,48.39,0,18.18,4,55.9,0.0,0.06,0.0,0.03,Mar,2,2,1,1,Returning_Visitor,False,False
4,89.5,0,38.42,3,30.0,0.0,0.02,0.0,0.01,Oct,1,1,1,2,Returning_Visitor,True,False
0,425.76,2,861.0,160,4705.39,0.014285714,0.030952381,0.0,0.0,Oct,2,2,1,2,Returning_Visitor,False,False
4,235.24,2,44.5,20,1593.87,0.01,0.020661157,0.0,0.0,Mar,1,1,1,2,New_Visitor,False,False
1,54.86,0,0.0,12,1135.84,0.024561404,0.04,2.29,0.06,Feb,3,2,1,1,Returning_Visitor,False,False
1,0.0,0,26.72,14,1025.23,0.0,0.05,2.37,0.0,Mar,2,2,3,2,Returning_Visitor,False,False
2,84.63,1,226.0,29,2724.84,0.0,0.03,0.0,0.02,Oct,3,3,3,2,Returning_Visitor,True,False
1,55.88,0,42.25,18,1217.76,0.1,0.15,0.0,0.0,Mar,1,2,6,1,Returning_Visitor,False,False
2,84.84,0,42.69,45,789.3666667,0.0,0.02,0.0,0.0,Oct,2,5,7,2,Returning_Visitor,False,False
1,49.1,0,19.43,9,1138.8,0.13,0.13,10.59553121,0.02,Mar,2,2,1,1,Returning_Visitor,False,False
2,99.51,0,56.03,26,1558.02,0.01,0.03,2.3,0.0,Nov,2,2,1,1,Returning_Visitor,False,False
1,64.9,1,35.99,16,1071.89,0.02,0.04,0.0,0.0,Nov,2,2,1,2,Returning_Visitor,True,False
1,61.0,0,24.47,9,232.5,0.08,0.06,2.45,0.04,Mar,4,1,3,2,Returning_Visitor,False,False
2,84.09,0,40.05,19,1094.16,0.0,0.03,15.63731434,0.0,Oct,2,2,6,1,Returning_Visitor,False,False
1,44.36,0,25.67,15,1205.68,0.19,0.19,1.72,0.04,Mar,2,2,1,1,Returning_Visitor,False,False
0,0.0,0,0.0,24,970.28,0.02,0.03,0.0,0.03,Mar,2,2,1,2,Returning_Visitor,False,False
2,70.02,0,25.23,9,1818.25,0.022222222,0.04,2.19,0.03,Mar,2,2,1,4,Returning_Visitor,False,False
1,69.1,0,0.0,10,668.35,0.02,0.03,4.29,0.02,Sep,2,2,1,2,New_Visitor,False,False
1,51.07,0,25.23,14,833.99,0.018181818,0.02,0.0,0.0,Feb,2,2,3,13,Returning_Visitor,False,False
2,125.6309524,0,53.08,29,13379.36658,0.02,0.04,2.43,0.05,May,2,2,4,2,Returning_Visitor,False,False
0,59.07,0,0.0,12,0.0,0.2,0.2,0.0,0.01,Nov,2,2,1,1,Returning_Visitor,False,False
1,33.52,0,21.44,9,230.8333333,0.06,0.08,0.0,0.0,Feb,3,2,1,3,Returning_Visitor,False,False
2,0.0,0,32.67,17,1348.81,0.0,0.035897436,2.44,0.05,Oct,2,2,1,1,Returning_Visitor,False,False
1,48.28,0,24.81,12,1635.34,0.12,0.1,0.0,0.09,Dec,2,2,2,3,Returning_Visitor,False,False
0,177.61,1,105.19,32,2180.933333,0.00625,0.032291667,3.99,0.0,Mar,4,2,3,1,Returning_Visitor,False,False
1,15.2,0,43.4,13,94.2,0.02,0.05,1.51,0.04,Oct,2,2,3,1,Returning_Visitor,False,False
0,0.0,0,0.0,2,1142.72,0.07,0.08,2.68,0.0,Mar,3,2,4,1,Returning_Visitor,False,False
1,55.26,0,29.13,5,1420.05,0.05,0.1,2.12,0.0,Dec,2,2,2,3,Returning_Visitor,False,False
1,57.5,0,30.97,20,991.27,0.02,0.04,14.1273698,0.0,Nov,2,2,1,2,Returning_Visitor,False,True
1,61.23,0,25.87,8,481.03,0.01,0.04,2.94,0.11,Oct,4,1,3,4,New_Visitor,False,False
2,118.0,0,0.0,21,666.65,0.01,0.014814815,9.991666667,0.02,Mar,3,2,2,2,New_Visitor,False,False
1,3.0,0,24.86,8,620.07,0.03,0.04,0.0,0.0,May,2,2,1,3,New_Visitor,False,False
3,113.25,1,78.92,91,1735.01,0.01,0.01,3.31,0.01,Nov,2,2,8,1,Returning_Visitor,False,False
1,54.16,0,0.0,11,1523.37,0.14,0.17,1.43,0.0,Mar,2,2,2,3,Returning_Visitor,False,False
1,48.53,0,20.97,10,849.36,0.04,0.1,3.35,0.0,Sep,2,2,1,4,Returning_Visitor,False,False
2,80.0,0,0.0,32,1601.04,0.01,0.023529412,51.11722549,0.0,Nov,2,2,1,2,New_Visitor,False,False
0,0.0,0,0.0,1,411.71,0.2,0.2,1.89,0.0,Dec,3,2,1,3,Returning_Visitor,False,False
3,75.0,0,46.46,14,1686.68,0.02,0.014285714,6.19,0.0,Oct,2,1,1,2,New_Visitor,True,True
2,31.5,0,76.23,12,1015.67,0.0,0.02,4.07,0.0,May,2,2,7,2,Returning_Visitor,False,False
2,0.0,0,48.57,22,913.41,0.0,0.02,0.0,0.0,Mar,2,2,1,2,Returning_Visitor,False,False
2,43.0,0,53.05,11,1944.6,0.0,0.03,5.45,0.0,Feb,2,4,1,4,Returning_Visitor,False,False
3,5.0,1,97.64,81,1421.668627,0.0,0.01,2.75,0.03,May,2,2,1,4,Returning_Visitor,False,False
10,242.75,5,214.29,93,4318.42,0.02,0.005348989,5.63,0.0,Nov,2,2,1,2,Returning_Visitor,True,True
2,0.0,0,44.77,15,1729.74,0.02,0.026666667,4.39,0.0,Aug,2,2,2,1,Returning_Visitor,False,False
2,87.78,0,20.51,24,1331.53,0.04,0.01875,5.818151241,0.02,Mar,2,2,1,2,Returning_Visitor,True,True
2,79.53,0,30.54,13,248.05,0.0,0.03,2.41,0.0,May,2,2,1,4,Returning_Visitor,False,False
1,0.0,0,0.0,10,1334.33,0.15,0.13,1.53,0.03,Mar,2,2,2,3,Returning_Visitor,False,False
1,0.0,0,23.28,12,1504.46,0.17,0.18,1.5,0.03,Mar,2,2,1,4,Returning_Visitor,False,False
0,0.0,0,0.0,9,583.1,0.2,0.2,2.11,0.01,Nov,2,2,1,3,Returning_Visitor,False,False
2,64.24,0,29.88,3,1105.33,0.03,0.1,0.0,0.08,Oct,2,2,9,2,Returning_Visitor,False,False
0,95.61,0,36.24,2,0.0,0.0,0.03,2.05,0.0,Nov,1,1,9,1,Returning_Visitor,False,False
0,0.0,0,46.02,8,639.88,0.0825,0.080555556,0.0,0.08,Dec,3,2,2,3,Returning_Visitor,False,False
3,24.6,1,78.22,26,1572.37,0.01,0.034403292,3.1,0.03,May,2,2,3,1,Returning_Visitor,False,True
3,81.2,0,42.77,23,1060.85,0.0,0.02,2.55,0.03,May,1,1,3,4,New_Visitor,False,False
6,151.19,0,0.0,33,677.95,0.01,0.01968254,2.29,0.11,May,3,2,6,1,Returning_Visitor,False,False
1,53.13,0,20.86,9,303.1,0.028571429,0.06,1.65,0.09,Dec,1,1,1,1,Returning_Visitor,False,False
5,179.54,1,107.2,113,2756.55,0.01,0.02,0.0,0.05,May,2,2,1,2,Returning_Visitor,False,False
1,60.54,0,20.4,10,415.5,0.0,0.09,0.0,0.0,Mar,2,2,2,4,Returning_Visitor,False,False
1,65.65,1,12.0,28,1723.53,0.01,0.01,2.25,0.11,Nov,2,2,1,1,Returning_Visitor,False,False
3,88.05,0,47.09,56,1128.79,0.01,0.02,2.11,0.0,Nov,1,2,9,8,Returning_Visitor,False,False
1,60.88,0,33.61,10,827.07,0.01,0.031944444,0.0,0.07,May,2,2,6,1,Returning_Visitor,False,False
3,145.64,0,43.12,23,354.0,0.0,0.018181818,0.0,0.0,Oct,2,2,1,2,New_Visitor,True,False
0,0.0,1,0.0,2,3.0,0.01,0.04,0.0,0.0,Dec,2,2,1,2,Returning_Visitor,False,False
1,128.52,0,79.98,27,820.78,0.003703704,0.025308642,0.0,0.01,Dec,2,2,3,2,New_Visitor,False,False
0,0.0,0,28.09,12,361.0,0.0,0.05,1.71,0.2,May,2,2,3,3,Returning_Visitor,False,False
4,182.7,0,57.43,29,632.25,0.01,0.011960784,2.58,0.0,May,2,2,1,3,Returning_Visitor,False,False
2,105.81,1,65.73,23,1102.48,0.01,0.016666667,45.4642609,0.01,Nov,2,4,9,8,New_Visitor,False,True
1,59.2,0,221.0,67,1564.444444,0.03,0.022549176,1.61,0.0,May,2,2,1,3,Returning_Visitor,False,False
1,41.92,0,0.0,13,135.875,0.030769231,0.076923077,1.59,0.05,Mar,2,2,3,4,Returning_Visitor,False,False
0,30.77,0,118.0,14,946.44,0.01,0.063265306,1.9,0.0,Mar,3,2,1,1,Returning_Visitor,False,False
0,61.08,0,0.0,14,2280.52,0.05,0.05,4.71,0.02,May,1,1,1,1,Returning_Visitor,True,False
4,487.0,0,45.98,28,872.0,0.01,0.01,0.0,0.0,Oct,1,1,3,2,Returning_Visitor,False,False
3,163.18,0,12.0,39,1101.333333,0.01,0.041269841,14.99642857,0.0,May,2,2,3,2,Returning_Visitor,False,False
5,167.53,2,75.58,40,1424.55,0.01981982,0.036486486,4.34,0.02,Oct,2,2,3,2,Returning_Visitor,False,True
3,111.17,0,0.0,18,570.29,0.01,0.01,2.47,0.0,Jul,2,2,1,10,Returning_Visitor,False,False
2,97.56,0,45.42,6,1902.62,0.03,0.13,5.62,0.0,Feb,6,13,9,2,Returning_Visitor,False,False
1,34.88,0,22.39,11,784.47,0.02,0.04,3.08,0.0,Mar,2,5,1,1,Returning_Visitor,False,False
0,180.01,1,97.59,48,6867.193847,0.01,0.03,3.08,0.07,Aug,2,2,1,1,Returning_Visitor,False,False
2,0.0,0,0.0,1,4437.29,0.05,0.06,3.37,0.02,Mar,1,1,1,2,New_Visitor,True,True
3,131.18,0,58.56,2,22.0,0.01,0.02,0.0,0.09,May,2,2,1,4,Returning_Visitor,False,False
0,52.38,0,30.97,20,934.78,0.01,0.025925926,2.06,0.01,Dec,2,2,1,2,Returning_Visitor,False,False
1,54.41,0,23.96,13,1236.51,0.03,0.02,2.38,0.02,May,2,2,6,4,Returning_Visitor,False,False
1,11.88888889,0,23.41,10,345.89,0.03,0.04,12.01656549,0.0,Mar,3,2,1,2,Returning_Visitor,False,False
0,35.92,0,0.0,8,1234.34,0.07,0.07,1.47,0.05,May,2,2,1,3,Returning_Visitor,False,False
3,113.58,0,0.0,32,1272.3,0.01,0.014285714,0.0,0.08,Mar,4,2,9,2,Returning_Visitor,False,False
3,153.45,0,76.36,19,73.5,0.01,0.01,6.18,0.01,Mar,2,2,1,2,Returning_Visitor,False,False
4,119.89,0,36.58,21,760.17,0.01,0.01,0.0,0.0,Oct,2,2,3,2,New_Visitor,False,True
1,45.07,0,20.36,10,1478.07381,0.1,0.15,1.88,0.03,Mar,2,2,2,1,Returning_Visitor,False,False
1,86.02,3,33.51,36,1959.34,0.02,0.001273148,0.0,0.03,Oct,2,2,1,2,Returning_Visitor,False,False
4,199.0,0,96.07,34,1487.2,0.01,0.02,5.58,0.0,Oct,2,2,9,10,New_Visitor,False,True
2,0.0,1,70.75,22,151.4166667,0.01,0.2,15.28,0.02,Dec,8,13,9,20,Other,False,False
2,0.0,0,62.59,9,415.8333333,0.01,0.0125,6.07,0.01,Mar,3,2,9,2,Returning_Visitor,False,False
6,243.75,1,172.76,8,171.25,0.01,0.02,0.0,0.0,Dec,3,2,1,2,Returning_Visitor,False,False
7,181.27,0,82.34,31,1614.13,0.0,0.011111111,3.92,0.01,Oct,2,2,1,2,New_Visitor,False,False
2,15.0,0,45.95,25,1412.270833,0.01,0.015483092,0.0,0.02,Oct,2,2,1,2,Returning_Visitor,False,False
1,58.07,0,0.0,12,467.952381,0.15,0.18,0.0,0.04,Mar,2,2,2,4,Returning_Visitor,False,False
2,114.37,0,0.0,6,838.45,0.01,0.02,2.94,0.0,Oct,2,2,4,2,Returning_Visitor,False,False
10,343.42,1,246.73,75,2393.04,0.01,0.021603376,0.0,0.01,May,2,2,4,1,Returning_Visitor,False,False
8,300.11,3,44.0,76,1981.21,0.050909091,0.02,6.46,0.02,Sep,3,2,1,3,Returning_Visitor,False,False
2,115.74,1,0.0,17,859.89,0.01,0.014705882,0.0,0.01,Dec,2,2,1,2,Returning_Visitor,False,True
6,13.1,1,155.58,111,2707.78,0.01,0.02,0.0,0.03,Oct,2,2,2,2,Returning_Visitor,False,False
0,0.0,0,109.0,20,797.09,0.0,0.02,4.85,0.33,May,4,2,1,4,Returning_Visitor,True,True
0,0.0,0,44.38,24,607.9666667,0.0,0.004166667,4.29,0.0,Oct,1,1,9,2,New_Visitor,True,True
1,80.69,0,21.62,8,704.27,0.0,0.02,3.95,0.08,May,2,1,1,2,Returning_Visitor,True,False
1,0.0,0,0.0,9,1727.69,0.08,0.07,1.38,0.0,Mar,2,2,2,1,Returning_Visitor,False,False
1,0.0,0,0.0,10,678.46,0.02,0.04,17.538,0.02,Mar,2,2,3,8,Returning_Visitor,True,True
1,68.82,0,29.36,12,1192.866667,0.0,0.019230769,1.95,0.0,Mar,2,2,1,2,Returning_Visitor,False,False
2,117.21,2,38.2,22,873.0,0.01,0.02,0.0,0.0,Sep,1,2,1,4,Returning_Visitor,False,False
5,405.2583333,1,67.89,33,661.6309524,0.007692308,0.01,4.81,0.04,May,1,1,4,2,Returning_Visitor,False,False
6,220.0,1,169.79,41,1617.6,0.01,0.022376543,11.84,0.02,Feb,2,2,3,2,Returning_Visitor,False,False
1,41.38,0,29.85,15,109.1944444,0.04,0.06,1.76,0.07,Mar,2,2,1,2,Returning_Visitor,False,False
2,79.32,0,42.35,42,1240.06,0.01,0.02,6.09,0.31,May,2,2,1,3,Returning_Visitor,False,False
1,52.75,0,0.0,7,244.25,0.17,0.16,1.72,0.03,Mar,2,2,1,1,Returning_Visitor,False,False
12,541.3,9,313.45,90,3425.59,0.02,0.03,4.61,0.01,Nov,2,2,1,3,Returning_Visitor,False,False
1,0.0,0,111.21,7,380.78,0.17,0.166666667,0.0,0.27,May,1,1,3,6,Returning_Visitor,False,False
6,156.33,1,170.0,138,2979.31,0.01,0.01,2.62,0.0,Oct,2,2,1,2,Returning_Visitor,False,True
1,43.65,0,25.52,8,760.35,0.08,0.08,3.86,0.22,May,2,2,1,3,Returning_Visitor,False,False
0,70.03,0,0.0,27,2542.38,0.02,0.007692308,1.78,0.03,Oct,2,2,1,1,Returning_Visitor,False,False
2,89.74,0,56.63,33,1639.5,0.02,0.06875,2.12,0.8,May,2,2,1,13,Returning_Visitor,False,False
1,0.0,0,0.0,9,1020.85,0.2,0.2,1.48,0.05,Mar,2,2,9,4,Returning_Visitor,False,False
3,110.23,0,0.0,24,1111.45,0.0125,0.00625,2.89,0.0,Feb,2,2,1,4,Returning_Visitor,False,False
1,0.0,0,26.62,12,72.5,0.01,0.05,0.0,0.0,Mar,2,2,8,10,Returning_Visitor,False,False
5,111.54,0,43.59,22,1080.92,0.01125,0.024522672,7.91345877,0.2,Feb,1,1,6,3,Returning_Visitor,False,False
5,153.87,0,94.28,33,2426.006667,0.01,0.017721519,0.0,0.0,Mar,2,2,2,2,Returning_Visitor,False,False
2,93.63,0,38.25,27,1747.15,0.012903226,0.04,4.945717395,0.03,Mar,2,2,9,4,Returning_Visitor,False,False
2,73.85,1,113.0,14,536.0357143,0.0,0.003571429,1.9,0.02,Oct,3,2,3,1,Returning_Visitor,False,False
2,21.0,0,72.51,25,326.5833333,0.018181818,0.04,3.89,0.0,Mar,2,1,4,1,Returning_Visitor,False,False
0,60.48,0,23.47,34,963.28,0.01,0.03,0.0,0.08,Oct,2,2,1,1,Returning_Visitor,False,False
2,118.89,1,0.0,20,764.16,0.01,0.03,8.31,0.01,Nov,1,1,4,10,Returning_Visitor,False,False
0,0.0,0,26.41,5,1357.09,0.02,0.08,1.58,0.05,Mar,2,2,1,2,Returning_Visitor,False,False
0,0.0,0,0.0,8,211.3333333,0.01,0.075,0.0,0.0,May,1,2,3,1,Returning_Visitor,False,False
1,46.96,0,0.0,12,429.0,0.0,0.09,0.0,0.0,Mar,2,2,3,2,Returning_Visitor,True,False
1,50.63,0,0.0,11,1293.56,0.0,0.02962963,0.0,0.06,Mar,2,2,1,3,Returning_Visitor,False,False
8,259.26,0,151.23,36,2670.869444,0.0,0.018461538,8.42,0.0,May,2,2,7,1,Returning_Visitor,False,False
6,194.99,1,0.0,32,2155.78,0.005882353,0.02,0.0,0.02,Oct,2,2,1,2,Returning_Visitor,False,False
3,159.0,0,55.5,26,1076.12,0.02,0.03,0.0,0.02,Oct,2,2,4,2,Returning_Visitor,False,False
8,114.82,0,9.0,29,1390.866667,0.0,0.009302326,1.43,0.03,Mar,2,2,3,4,Returning_Visitor,False,True
1,41.23,0,23.89,16,1046.84,0.06,0.09,1.89,0.02,Mar,2,2,2,1,Returning_Visitor,False,False
4,164.52,1,85.99,31,1503.76,0.01,0.017004257,8.43,0.01,Nov,3,2,1,2,Returning_Visitor,False,True
1,75.92,0,0.0,12,1372.14,0.066666667,0.108333333,4.98,0.01,Nov,2,2,1,1,Returning_Visitor,False,False
2,83.98,1,39.0,22,1229.58,0.04,0.05,3.08,0.0,May,3,2,3,6,Returning_Visitor,False,True
3,63.0,0,35.83,31,770.5833333,0.005714286,0.023809524,0.0,0.0,Mar,2,2,1,2,Returning_Visitor,True,False
1,0.0,0,18.83,8,736.71,0.03,0.04,3.39,0.03,Mar,1,1,7,8,Returning_Visitor,False,False
1,0.0,0,25.61,13,206.6,0.04,0.06,0.0,0.0,May,2,2,1,4,New_Visitor,False,False
5,150.2,1,20.0,33,392.6,0.028,0.04,2.62,0.03,May,2,2,7,2,Returning_Visitor,False,False
6,164.27,3,85.49,42,2841.45,0.001923077,0.02,0.0,0.03,Oct,1,1,2,2,Returning_Visitor,False,False
0,0.0,0,40.59,17,123.0,0.01,0.029166667,2.32,0.0,Nov,2,2,1,11,Returning_Visitor,True,False
0,167.54,0,115.01,75,2532.960656,0.01,0.01,2.3,0.02,Aug,1,6,3,1,Returning_Visitor,False,False
2,97.38,0,54.42,22,1173.26,0.0,0.005208333,10.44,0.01,Nov,2,2,3,1,Returning_Visitor,True,False
2,118.04,0,49.82,18,1050.27,0.01,0.022857143,7.43,0.0,Nov,2,2,1,2,Returning_Visitor,False,False
1,43.69,0,113.52,6,656.8,0.01,0.041538462,0.0,0.0,May,1,1,7,1,Returning_Visitor,False,False
4,138.0,0,0.0,40,2702.96,0.001666667,0.016666667,4.65,0.0,Oct,1,1,3,2,Returning_Visitor,False,False
1,0.0,0,0.0,13,546.9583333,0.0,0.05,0.0,0.0,Feb,1,2,1,3,Returning_Visitor,False,False
0,0.0,1,584.0,66,2595.56,0.01,0.02,0.0,0.01,Nov,2,2,1,2,Returning_Visitor,False,False
17,1110.45,24,2050.433333,180,43171.23338,0.02,0.07,21.54,0.25,Feb,2,2,1,14,Returning_Visitor,True,False
8,191.58,1,0.0,54,1063.95,0.01,0.02,4.06,0.03,Oct,2,2,3,2,Returning_Visitor,False,False
0,94.58,2,58.42,25,687.5,0.01,0.02,0.0,0.0,Mar,2,2,1,2,Returning_Visitor,True,False
1,43.27,0,0.0,4,1038.98,0.15,0.2,3.36,0.51,May,2,2,1,13,Returning_Visitor,False,False
1,54.53,0,20.32,2,476.22,0.02,0.07,0.0,0.0,Mar,2,2,2,2,Returning_Visitor,False,False
0,0.0,0,0.0,13,1139.99,0.004,0.03,6.71,0.0,May,2,2,2,2,Returning_Visitor,False,False
1,52.18,0,60.3,9,704.73,0.01,0.03,2.53,0.02,Sep,2,2,1,2,Returning_Visitor,False,False
1,0.0,0,0.0,30,484.672619,0.03,0.018965517,1.85,0.0,Mar,2,2,7,1,Returning_Visitor,False,False
0,0.0,0,60.35,21,2612.0,0.0,0.02,0.0,0.0,Dec,8,1,3,2,Returning_Visitor,False,False
2,47.5,0,42.39,30,735.5833333,0.02,0.04,23.51024736,0.07,Nov,3,2,2,1,Returning_Visitor,False,False
0,77.7,0,0.0,18,1291.93,0.03,0.1,3.42,0.14,Aug,3,2,2,3,Returning_Visitor,False,False
0,0.0,0,30.72,3,1101.53,0.01,0.111111111,0.0,0.25,May,2,2,1,1,Returning_Visitor,False,False
5,215.89,0,0.0,44,639.0,0.0,0.018181818,11.4,0.02,Oct,2,2,9,4,Returning_Visitor,False,False
3,59.95,0,22.15,11,576.0833333,0.11,0.018181818,1.52,0.03,Mar,2,2,1,1,Returning_Visitor,False,True
0,52.2,0,0.0,14,1063.6,0.0,0.03,1.81,0.04,Mar,2,2,1,1,Returning_Visitor,False,False
1,5.0,1,84.07,93,2217.8,0.01,0.018145897,3.72,0.0,Oct,1,2,2,2,Returning_Visitor,True,False
1,61.52,0,21.84,12,459.0,0.14,0.17,0.0,0.0,Mar,2,2,2,3,Returning_Visitor,False,False
4,64.5,0,0.0,29,1524.3,0.0,0.011965812,4.3,0.0,Oct,2,2,1,2,Returning_Visitor,False,False
0,0.0,0,0.0,15,0.0,0.2,0.2,0.0,0.09,Mar,1,1,2,1,Returning_Visitor,False,False
2,127.87,0,48.59,12,375.0,0.0,0.03,4.41,0.01,Oct,2,2,3,2,Returning_Visitor,False,True
1,57.47,0,19.92,33,1127.11,0.02,0.0125,1.9,0.02,Oct,2,2,4,2,Returning_Visitor,False,True
0,53.38,0,29.58,5,158.6,0.03,0.11,0.0,0.0,Jul,2,2,3,4,Returning_Visitor,False,False
9,181.8166667,0,122.34,39,126.9166667,0.01,0.01,8.3,0.01,Sep,1,2,7,2,Returning_Visitor,False,False
1,60.1,0,0.0,15,109.0,0.036363636,0.04,1.61,0.04,Mar,2,2,1,4,Returning_Visitor,False,False
4,185.38,0,0.0,70,1857.51,0.0,0.014555556,0.0,0.01,Nov,2,2,1,2,Returning_Visitor,False,False
2,108.06,0,0.0,49,1494.81,0.01,0.038231293,3.63,0.0,Nov,3,2,1,1,Returning_Visitor,False,False
1,67.33,0,0.0,20,786.44,0.01,0.075,0.0,0.14,May,3,2,1,6,Returning_Visitor,False,False
0,0.0,0,31.17,14,1034.12,0.0,0.03,2.49,0.0,Feb,2,10,9,2,Returning_Visitor,False,False
4,185.0,0,166.52,14,186.1666667,0.01,0.035087719,0.0,0.18,May,3,2,3,1,Returning_Visitor,False,False
3,81.21,0,53.16,35,499.4,0.01,0.02,1.73,0.0,Oct,2,2,6,1,Returning_Visitor,True,False
4,252.8125,4,69.18,37,1631.04,0.00925181,0.028496768,3.72,0.01,Nov,1,1,9,10,Returning_Visitor,True,True
1,71.64,0,0.0,14,1126.666667,0.04,0.03,28.32886648,0.03,Nov,2,2,1,4,Returning_Visitor,False,False
0,0.0,0,26.21,13,208.8333333,0.05,0.1,1.58,0.4,May,2,2,2,4,Returning_Visitor,False,False
1,58.75,0,0.0,12,622.25,0.02,0.006060606,1.65,0.02,Feb,2,2,1,4,Returning_Visitor,False,False
2,0.0,0,42.05,1,0.0,0.06,0.06,2.19,0.0,Dec,8,2,9,3,Returning_Visitor,False,False
2,83.57,0,29.0,16,107.0,0.01,0.03,0.0,0.01,Nov,1,1,1,2,Returning_Visitor,False,False
1,67.66,0,0.0,12,833.2333333,0.0,0.03,3.6,0.0,Mar,2,2,3,2,Returning_Visitor,True,False
1,93.04,0,31.85,14,1737.016667,0.02,0.05,1.444763592,0.0,June,2,2,1,3,Returning_Visitor,False,False
0,93.04,0,25.23,1,568.1,0.01,0.06,0.0,0.01,Nov,1,1,9,2,Other,True,False
5,228.748539,1,184.19,41,1769.44,0.0,0.012143626,12.29,0.01,Nov,2,2,7,2,Returning_Visitor,False,True
7,134.99,0,0.0,38,1087.7,0.02,0.004861111,2.97,0.01,Oct,3,2,1,5,Returning_Visitor,True,False
1,96.48,0,0.0,26,1059.02,0.01,0.014814815,4.13,0.01,Nov,4,2,1,1,Returning_Visitor,False,True
1,39.7,0,28.38,15,1819.28,0.2,0.2,2.13,0.01,Mar,3,2,1,3,Returning_Visitor,True,False
0,35.6,0,0.0,2,3.0,0.06,0.07,0.0,0.0,May,2,2,4,13,Returning_Visitor,False,False
1,0.0,0,25.85,4,1059.06,0.05,0.05,2.17,0.0,Mar,2,2,1,1,Returning_Visitor,False,False
1,86.13,2,9.0,22,2277.555556,0.0,0.03,4.43,0.0,Dec,2,2,3,2,Returning_Visitor,True,False
4,159.06,1,0.0,33,1208.02,0.0,0.01,0.0,0.01,Mar,2,2,1,2,New_Visitor,False,False
1,44.0,0,28.49,14,823.03,0.09,0.15,1.84,0.02,Mar,2,2,1,1,Returning_Visitor,False,False
2,0.0,0,25.28,12,1012.95,0.03,0.06,2.54,0.01,Aug,2,2,1,4,Returning_Visitor,False,False
3,0.0,0,46.06,26,1668.95,0.0,0.03,1.72,0.0,Mar,2,2,1,2,Returning_Visitor,False,True
1,86.04,0,0.0,16,819.3333333,0.0,0.05,2.87,0.02,May,2,2,7,2,Returning_Visitor,False,True
2,78.48,0,31.48,47,2059.7,0.01,0.033243423,0.0,0.0,Mar,2,2,3,2,Returning_Visitor,True,False
2,100.0965368,0,37.76,16,891.51,0.01,0.030060022,12.59,0.08,May,2,2,1,1,Returning_Visitor,False,False
1,0.0,0,0.0,5,1025.54,0.06,0.07,0.0,0.0,Mar,2,2,3,6,Returning_Visitor,False,False
0,0.0,0,0.0,29,1341.39,0.009195402,0.03,4.07,0.0,Nov,1,1,9,1,Returning_Visitor,False,False
1,60.14,0,29.03,14,605.99,0.1,0.17,2.84,0.02,Mar,2,2,3,10,Returning_Visitor,False,False
4,326.59,3,94.0,43,1294.18,0.01,0.02,7.01,0.03,May,3,2,3,2,Returning_Visitor,False,False
2,80.87,0,36.6,35,1027.12,0.01,0.03,0.0,0.07,Oct,2,2,1,2,Returning_Visitor,False,False
0,0.0,0,25.87,15,984.0,0.01,0.05,0.0,0.07,Mar,2,5,3,6,Returning_Visitor,True,False
0,54.48,0,0.0,16,0.0,0.2,0.2,0.0,0.03,Mar,3,2,1,3,Returning_Visitor,False,False
0,36.22,0,0.0,2,1177.4,0.2,0.19,1.63,0.0,Mar,3,2,1,3,Returning_Visitor,True,False
2,84.76,2,20.2,11,473.8333333,0.01,0.025,2.64,0.02,Oct,3,2,8,3,Returning_Visitor,False,False
0,0.0,0,20.38,11,436.0,0.03,0.05,0.0,0.09,Mar,2,2,2,2,Returning_Visitor,False,False
4,277.75,0,0.0,26,1861.37,0.02,0.03,2.84,0.02,Oct,2,2,1,2,New_Visitor,True,False
1,52.73,0,0.0,12,723.0,0.01,0.026077098,2.15,0.09,Mar,3,2,4,3,Returning_Visitor,False,False
2,187.1666667,0,72.0,15,644.29,0.01,0.006190476,5.59,0.29,May,3,2,3,2,New_Visitor,False,True
6,249.83,6,142.36,47,2393.1,0.0,0.02,7.55,0.01,Mar,2,2,1,2,New_Visitor,True,True
8,102.1,0,50.59,65,2008.900974,0.001449275,0.02037037,17.43149651,0.03,May,2,2,1,2,Returning_Visitor,False,False
0,97.65,0,31.49,13,487.86,0.01,0.009511278,0.0,0.03,Mar,3,2,2,2,New_Visitor,True,False
5,223.0,0,24.0,19,916.86,0.01,0.02,0.0,0.0,Oct,2,2,3,2,New_Visitor,True,False
2,142.02,0,54.47,32,1288.0,0.02,0.003225806,0.0,0.01,Oct,2,2,1,2,Returning_Visitor,False,False
1,34.2,0,0.0,15,63.4,0.0,0.04,0.0,0.05,Mar,4,2,1,4,Returning_Visitor,False,False
6,279.72,3,9.0,51,2013.44,0.014583333,0.01,10.79,0.0,Oct,2,2,7,2,Returning_Visitor,False,False
4,88.91,0,0.0,17,478.8333333,0.0,0.00877193,2.2,0.0,Oct,1,1,3,2,New_Visitor,True,False
0,0.0,0,23.52,13,988.47,0.01,0.026666667,0.0,0.13,Mar,2,2,1,1,Returning_Visitor,False,False
3,172.0,0,38.76,19,787.0,0.01,0.053333333,2.13,0.03,Oct,2,2,3,6,Returning_Visitor,False,False
2,63.96,0,23.7,12,1166.1,0.0,0.06,0.0,0.03,Mar,2,2,1,2,Returning_Visitor,False,False
0,37.21,0,28.75,13,548.94,0.19,0.2,0.0,0.0,Mar,1,1,2,1,Returning_Visitor,False,False
2,0.0,0,0.0,23,72.66666667,0.01,0.083333333,1.88,0.4,May,2,2,3,2,Returning_Visitor,False,False
3,207.28,1,0.0,23,926.04,0.007407407,0.005555556,11.38,0.0,May,3,2,1,4,Returning_Visitor,False,False
5,149.52,1,154.66,36,3473.733333,0.01,0.01,0.0,0.6,May,2,2,1,3,Returning_Visitor,False,False
0,71.43,0,0.0,17,3332.208333,0.0,0.02,0.0,0.6,May,2,2,3,6,Returning_Visitor,False,False
1,80.55,0,30.66,21,815.8,0.04,0.05,2.64,0.0,Mar,3,2,2,3,Returning_Visitor,False,True
1,0.0,0,0.0,3,992.13,0.133333333,0.19,0.0,0.08,Oct,2,4,3,6,Returning_Visitor,False,False
1,55.2,0,21.63,18,1341.66,0.14,0.17,0.0,0.0,Mar,2,2,2,4,Returning_Visitor,False,False
3,119.0,0,0.0,24,1273.875,0.0,0.003921569,12.63441176,0.0,May,2,2,1,3,Returning_Visitor,False,True
2,21.0,0,59.35,23,278.1366667,0.0,0.03,6.97,0.0,Mar,2,2,3,2,New_Visitor,True,False
1,0.0,0,30.55,9,1305.39,0.0,0.02,1.74,0.0,Oct,2,2,1,1,Returning_Visitor,False,False
2,59.83333333,0,0.0,70,1707.18,0.0,0.006428571,11.28411429,0.03,Mar,2,2,1,4,Returning_Visitor,False,True
2,213.2,0,0.0,37,1835.5,0.003703704,0.031481481,0.0,0.09,May,2,4,9,6,Returning_Visitor,False,False
0,44.96,0,52.87,10,777.74,0.030769231,0.079487179,0.0,0.34,May,2,2,2,2,Returning_Visitor,False,False
1,0.0,0,0.0,8,22.0,0.03,0.09,0.0,0.0,Nov,2,2,1,2,Returning_Visitor,True,False
0,40.53,0,22.52,15,944.85,0.03,0.05,1.65,0.0,Feb,2,2,1,1,Returning_Visitor,False,False
1,0.0,0,0.0,1,0.0,0.19,0.2,0.0,0.11,Mar,2,2,9,2,Returning_Visitor,True,False
1,28.18,0,19.95,8,1548.06,0.11,0.12,0.838988251,0.0,Mar,2,2,1,1,Returning_Visitor,False,False
3,169.2,0,0.0,23,1205.44,0.01,0.03,3.65,0.02,Mar,2,2,3,2,Returning_Visitor,True,True
2,137.62,1,63.27,25,2453.177381,0.01,0.017778905,11.47,0.0,Nov,2,2,3,2,Returning_Visitor,False,True
0,0.0,0,27.06,15,412.875,0.05,0.06,3.93,0.09,May,3,2,4,1,Returning_Visitor,True,False
1,71.43,0,0.0,13,727.88,0.003165468,0.014745252,0.0,0.01,Dec,2,2,1,1,Returning_Visitor,False,False
0,36.3,0,0.0,9,210.0,0.06,0.11,0.0,0.06,Mar,2,1,3,3,Returning_Visitor,False,False
1,45.88,0,0.0,15,832.21,0.04,0.05,0.0,0.02,May,2,2,4,2,Returning_Visitor,False,False
5,116.32,0,0.0,27,1793.17,0.00862069,0.04,1.9,0.03,Mar,2,2,2,2,Returning_Visitor,False,False
1,112.0,0,21.8,27,1302.09,0.012643678,0.04,2.84,0.03,Mar,2,2,1,2,Returning_Visitor,False,False
9,333.0,1,133.48,41,151.9,0.01,0.02,4.99,0.0,Mar,2,2,6,1,Returning_Visitor,False,False
6,57.25,1,60.82,32,1530.37,0.01,0.018083333,3.28,0.02,Oct,1,1,9,2,New_Visitor,False,True
1,0.0,0,0.0,2,637.87,0.04,0.08,0.0,0.01,Mar,3,3,3,20,Returning_Visitor,False,False
0,75.49,0,34.26,30,946.5952381,0.01,0.03,3.34,0.01,Nov,2,2,1,2,Returning_Visitor,False,False
1,51.28,0,23.15,10,1627.48,0.0,0.04,0.0,0.05,Mar,2,2,1,1,Returning_Visitor,False,False
0,53.17,0,0.0,15,1198.6,0.015384615,0.03,1.97,0.0,Mar,2,4,3,2,Returning_Visitor,True,False
1,89.49,0,44.4,14,548.3,0.03,0.05,3.52,0.01,Oct,2,1,1,3,Returning_Visitor,False,False
1,0.0,0,0.0,15,0.0,0.02,0.03,3.96,0.1,Feb,2,2,1,2,Returning_Visitor,False,False
0,0.0,0,0.0,13,1421.14,0.005555556,0.008950617,0.0,0.04,Mar,2,5,3,1,Returning_Visitor,False,False
1,72.36,0,0.0,19,164.5,0.02,0.008333333,0.0,0.4,May,2,4,1,4,Returning_Visitor,False,False
1,13.0,0,72.41,2,849.38,0.0,0.05,0.0,0.04,Mar,3,2,3,2,Returning_Visitor,False,False
0,0.0,0,21.18,11,269.75,0.05,0.07,1.77,0.0,Mar,3,2,1,3,Returning_Visitor,False,False
1,30.04,0,28.79,9,401.09,0.18,0.19,1.5,0.8,May,3,2,1,4,Returning_Visitor,False,False
6,130.75,3,62.4,33,2285.38,0.02,0.007407407,0.0,0.0,Oct,2,2,1,2,New_Visitor,False,False
1,68.04,0,30.72,12,120.0,0.022222222,0.02,2.71,0.0,May,1,1,7,4,Returning_Visitor,False,False
1,48.17,0,0.0,2,658.19,0.02,0.07,0.0,0.01,Dec,2,2,4,3,Returning_Visitor,False,False
0,89.67,0,0.0,23,1172.68,0.01,0.02125,33.32796813,0.0,Oct,2,2,3,1,Returning_Visitor,False,False
1,45.5,0,34.03,18,1160.57,0.02,0.08,1.57,0.01,Nov,2,2,3,2,Returning_Visitor,True,True
6,153.275,0,46.95,25,1165.97,0.013333333,0.02,3.32,0.05,May,2,2,2,4,Returning_Visitor,False,False
3,195.5,0,71.28,35,1846.23,0.02,0.031313131,77.66478213,0.0,Nov,1,2,9,2,Returning_Visitor,True,False
1,83.6,0,17.0,11,784.01,0.0,0.02,3.35,0.02,Oct,2,2,3,2,New_Visitor,False,False
0,0.0,0,0.0,12,1174.74,0.0265625,0.059895833,0.0,0.17,Oct,2,2,1,3,Returning_Visitor,False,False
13,309.39,1,352.5,41,2198.47,0.01,0.01,8.76,0.0,Dec,2,2,1,8,Returning_Visitor,False,True
1,0.0,0,0.0,14,23.0,0.0,0.1,3.56,0.28,May,2,2,2,3,Returning_Visitor,False,False
6,82.01111111,2,82.53,40,6117.814359,0.01,0.02,5.79,0.0,Sep,2,2,1,2,Returning_Visitor,False,False
0,24.63,0,28.89,10,638.39,0.02,0.024242424,0.0,0.08,Mar,3,3,2,11,Returning_Visitor,False,False
4,89.6,2,68.27,30,1231.69,0.0,0.02,9.54,0.0,Sep,2,2,1,2,Returning_Visitor,False,False
2,149.12,0,0.0,24,1276.0,0.01,0.03,0.0,0.02,Mar,2,2,3,8,New_Visitor,False,False
0,0.0,0,41.17,12,146.1333333,0.05,0.02,0.0,0.01,Jul,2,2,2,3,Returning_Visitor,False,False
2,86.74,0,33.91,13,791.0,0.01,0.02,19.34826667,0.0,May,2,2,1,2,Returning_Visitor,False,False
4,185.91,1,0.0,24,2123.47,0.01,0.01,4.52,0.01,Nov,2,2,2,2,Returning_Visitor,False,True
1,82.76666667,1,22.26,12,1452.9,0.13,0.14,1.271406629,0.0,Mar,2,2,2,3,Returning_Visitor,False,False
2,128.8,0,49.3,13,700.55,0.0,0.005882353,6.24,0.01,Jul,2,2,1,1,New_Visitor,False,False
1,43.22,0,0.0,29,451.7,0.003448276,0.022988506,0.0,0.0,Aug,1,2,1,4,Returning_Visitor,False,False
1,68.04,0,21.13,16,589.875,0.01,0.00952381,0.0,0.0,Mar,2,2,2,2,Returning_Visitor,False,False
5,84.91,0,54.87,14,1361.35,0.0,0.02,2.47,0.0,Dec,2,2,9,8,New_Visitor,True,False
1,3.0,0,31.26,14,910.52,0.0,0.03,4.03,0.0,Oct,2,2,1,2,Other,True,False
1,81.09,0,35.84,6,1081.45,0.066666667,0.04,1.78,0.4,May,2,2,1,3,Returning_Visitor,False,False
1,15.66666667,0,23.55,12,970.75,0.02,0.05,2.05,0.0,Oct,2,2,2,1,Returning_Visitor,True,False
1,0.0,0,0.0,65,1197.99,0.02,0.03,0.0,0.8,May,2,2,2,4,Returning_Visitor,False,False
12,356.125,1,156.8,44,2112.25,0.01,0.02,3.75,0.01,Dec,1,2,1,2,Returning_Visitor,False,False
0,54.96,0,0.0,12,198.1333333,0.01,0.053333333,1.64,0.04,Mar,1,1,2,3,Returning_Visitor,False,False
2,171.27,1,86.68,49,1550.916667,0.016,0.041333333,5.07,0.01,Nov,2,2,3,1,Returning_Visitor,False,False
1,0.0,0,0.0,0,728.76,0.2,0.2,2.59,0.52,May,1,1,1,3,Returning_Visitor,False,False
1,83.05,0,0.0,19,179.8,0.04,0.06,0.0,0.08,Oct,3,2,1,4,New_Visitor,True,False
1,0.0,0,21.96,16,32.0,0.05,0.06,1.89,0.04,Oct,2,2,1,1,Returning_Visitor,False,False
0,0.0,0,40.98,19,711.14,0.2,0.2,2.0,0.12,Feb,3,4,7,1,Returning_Visitor,False,False
1,14.0,0,42.57,8,57.0,0.0,0.057142857,3.84,0.0,Mar,1,1,4,1,New_Visitor,False,False
1,59.94,0,40.83,15,369.05,0.005555556,0.01,0.0,0.0,Nov,3,2,1,2,Returning_Visitor,False,False
1,6.0,0,0.0,20,1124.32,0.019047619,0.030952381,1.97,0.0,Mar,2,2,3,3,Returning_Visitor,True,False
6,159.86,1,191.23,64,8437.099188,0.0,0.006257147,4.39,0.0,Nov,2,4,1,4,Returning_Visitor,False,False
3,335.5,1,15.0,35,1563.97,0.01,0.025,4.36,0.0,Nov,1,1,1,2,Returning_Visitor,False,False
1,23.2,0,0.0,16,44.8,0.0,0.05,2.66,0.0,May,2,2,2,4,New_Visitor,False,False
0,49.05,0,28.39,14,1119.32,0.04,0.06,2.0,0.28,Feb,3,5,1,1,Returning_Visitor,False,False
5,135.51,0,0.0,27,2021.77,0.0,0.02,2.24,0.03,Nov,2,5,3,2,Returning_Visitor,True,False
1,56.33,0,0.0,19,148.5,0.09,0.096666667,0.0,0.02,Feb,1,1,1,2,Returning_Visitor,False,False
4,100.6,0,5.0,25,2002.76,0.01,0.02,2.65,0.03,Mar,2,2,3,2,Returning_Visitor,False,False
5,154.92,0,0.0,17,1935.96,0.0,0.021212121,3.07,0.02,Oct,2,2,1,4,New_Visitor,True,False
3,103.9,1,129.07,199,2284.89,0.028594771,0.02,2.73,0.01,Aug,2,2,3,2,Returning_Visitor,False,False
1,37.09,0,27.6,11,1121.73,0.01,0.040625,0.0,0.24,May,2,2,2,1,Returning_Visitor,False,False
0,0.0,0,34.59,12,690.16,0.02,0.05,0.0,0.01,Dec,2,2,1,2,Returning_Visitor,False,False
1,0.0,1,0.0,16,591.25,0.01,0.04,5.05,0.01,Dec,2,2,6,2,Returning_Visitor,False,False
1,59.9,0,27.63,13,903.06,0.0,0.02,2.75,0.09,May,2,2,6,3,Returning_Visitor,False,True
1,77.89,0,34.14,8,1157.452381,0.012,0.03,3.25,0.2,May,2,2,2,2,Returning_Visitor,False,False
0,85.72,0,0.0,5,857.2,0.01,0.05,0.0,0.06,Mar,7,8,3,11,Returning_Visitor,False,False
1,59.54,0,0.0,16,0.0,0.2,0.2,2.37,0.18,Mar,3,2,2,3,Returning_Visitor,True,False
2,130.5,2,41.69,43,1388.84,0.004,0.03,14.792,0.02,Oct,2,2,4,2,Returning_Visitor,False,False
2,81.89,0,27.17,10,939.66,0.02,0.05,3.15,0.0,Mar,2,2,3,2,Returning_Visitor,False,False
2,128.78,0,0.0,15,836.02,0.01,0.00625,4.68,0.02,June,2,2,1,2,New_Visitor,False,False
4,211.25,1,67.79,35,1344.75,0.034782609,0.03,4.18,0.03,June,2,2,2,1,Returning_Visitor,False,False
1,55.43,0,0.0,14,54.38095238,0.04,0.07,0.0,0.0,Mar,2,4,1,2,New_Visitor,True,False
3,159.0,1,0.0,3,64.75,0.0,0.01,2.82,0.01,Oct,1,1,1,3,Returning_Visitor,False,False
2,82.6,0,43.15,34,1446.733333,0.0,0.01,3.75,0.0,Oct,1,1,4,2,Returning_Visitor,True,False
3,134.88,1,66.76,34,2023.75,0.02,0.04,3.56,0.01,Nov,2,2,1,2,Returning_Visitor,True,False
2,11.6,0,44.85,17,1061.13,0.007692308,0.02,3.51,0.0,Oct,2,2,2,1,Returning_Visitor,False,False
0,0.0,0,28.03,1,906.16,0.04,0.06,0.0,0.0,Mar,2,2,1,1,Returning_Visitor,False,False
1,70.99,0,48.91,23,1442.8,0.01,0.017647059,2.29,0.01,Nov,2,2,1,2,Returning_Visitor,True,False
0,80.87,0,37.19,16,562.55,0.0,0.05,1.77,0.0,Oct,3,2,3,2,Returning_Visitor,False,True
3,44.0,0,0.0,90,6951.972222,0.002150538,0.01,0.0,0.0,Oct,2,2,1,2,Returning_Visitor,False,False
2,36.33333333,0,33.44,17,1391.22,0.002564103,0.04,3.62,0.0,Mar,2,2,2,2,Returning_Visitor,False,False
1,67.22,0,0.0,8,1459.24,0.02,0.02,1.76,0.02,Oct,2,2,1,2,Returning_Visitor,False,False
1,0.0,0,0.0,9,760.47,0.02,0.04,2.1,0.0,Oct,1,1,4,1,Returning_Visitor,False,True
9,138.56,1,124.48,40,1352.95,0.01,0.02,0.0,0.04,May,2,2,7,1,Returning_Visitor,False,False
1,0.0,0,0.0,8,0.0,0.2,0.17,0.0,0.16,May,1,1,1,3,Returning_Visitor,True,False
4,192.847619,1,78.46,186,6975.887249,0.01,0.02,14.45829487,0.0,Oct,1,1,3,2,Returning_Visitor,False,True
0,52.56,0,31.32,15,1363.43,0.03,0.121568627,1.55,0.04,Oct,2,2,1,2,Returning_Visitor,False,False
4,140.89,0,104.42,59,2018.75,0.01,0.03,6.099899016,0.01,Nov,2,2,1,2,Returning_Visitor,True,False
3,188.54,1,0.0,39,2886.841667,0.01,0.025574713,11.78,0.01,Nov,2,2,1,2,Returning_Visitor,False,False
3,101.98,0,112.8,26,1451.05,0.01,0.01,2.32,0.01,Oct,2,5,1,1,Returning_Visitor,False,False
4,152.3333333,1,78.94,39,1344.05,0.01,0.005,3.18,0.0,Oct,2,2,4,2,Returning_Visitor,False,False
2,60.73333333,0,56.74,22,1271.88,0.0,0.014814815,0.0,0.01,Sep,2,2,1,4,Returning_Visitor,False,False
3,115.22,0,0.0,45,1660.0,0.01,0.02,0.0,0.04,Oct,2,5,7,1,Returning_Visitor,True,False
0,0.0,0,0.0,11,824.02,0.01,0.021080839,2.58,0.03,Mar,2,3,1,2,Returning_Visitor,False,False
2,114.55,0,52.23,22,1112.64,0.025510204,0.035488428,4.348145623,0.01,Oct,2,2,1,4,Returning_Visitor,True,False
1,67.99,0,25.79,15,1392.19,0.01,0.081481481,2.24,0.0,Oct,2,2,1,1,Returning_Visitor,False,False
1,48.68,0,21.46,12,1354.05,0.03,0.05,2.16,0.01,Nov,2,2,1,2,Returning_Visitor,False,True
1,59.99,0,21.95,19,923.49,0.0,0.02,3.02,0.03,Feb,2,2,1,2,Returning_Visitor,False,True
1,78.5,1,23.85,13,1768.92,0.16,0.18,1.54,0.04,Mar,2,2,2,4,Returning_Visitor,False,False
3,162.05,0,58.24,22,1042.88,0.007692308,0.03,8.342755887,0.01,Jul,2,2,1,2,Returning_Visitor,False,False
0,0.0,0,22.12,11,626.93,0.02,0.09,0.0,0.17,Oct,1,1,9,3,Returning_Visitor,False,False
3,171.375,0,81.11,53,2846.88,0.02,0.034983766,3.56,0.02,May,3,2,8,13,Returning_Visitor,False,False
1,64.05,0,25.3,10,413.0,0.0,0.009090909,1.67,0.07,Oct,2,2,1,1,Returning_Visitor,False,False
5,206.65,3,173.26,46,1682.870247,0.001333333,0.02,5.71,0.0,Oct,3,2,6,1,Returning_Visitor,False,True
1,0.0,0,0.0,9,581.71,0.2,0.2,1.32,0.04,Mar,2,2,1,3,Returning_Visitor,False,False
0,75.19,0,0.0,20,0.0,0.2,0.2,3.63,0.0,Feb,3,2,3,15,Returning_Visitor,False,False
0,44.04,0,43.23,14,622.2,0.12,0.16,0.0,0.6,May,2,4,2,3,Returning_Visitor,False,False
2,85.93,0,35.96,18,1218.54,0.025,0.046851852,2.14,0.12,Oct,2,2,1,1,Returning_Visitor,False,False
2,0.0,0,0.0,58,2021.320833,0.01,0.02,2.67,0.02,Feb,2,2,1,2,Returning_Visitor,False,False
2,293.6222222,2,42.2,23,1250.96,0.01,0.015238095,16.35155923,0.01,Nov,2,5,1,1,New_Visitor,True,False
5,128.69,0,44.91,31,3135.07,0.01,0.02,44.47733333,0.02,Aug,1,1,1,2,Returning_Visitor,True,True
0,200.63,1,162.9,22,850.5333333,0.01,0.03446281,4.64,0.13,Oct,3,2,3,1,Returning_Visitor,False,False
1,49.36,0,21.09,12,121.5,0.01,0.066666667,2.94,0.05,May,2,2,1,2,Returning_Visitor,False,False
1,57.21,0,0.0,15,1518.22,0.02,0.02875,2.07,0.08,Oct,2,2,2,1,Returning_Visitor,False,False
1,0.0,0,0.0,13,830.46,0.0375,0.03,3.0,0.1,May,2,2,3,4,Returning_Visitor,False,False
1,0.0,0,0.0,11,409.0,0.01,0.007692308,0.0,0.0,May,2,2,7,4,Returning_Visitor,False,False
1,44.82,0,24.7,12,1035.083333,0.06,0.15,1.37,0.01,Nov,2,2,9,3,Returning_Visitor,True,False
3,110.22,0,116.22,24,985.92,0.01,0.02,7.43,0.64,May,3,2,3,13,Returning_Visitor,False,False
0,38.82,0,9.0,13,1002.29,0.0,0.04,1.5,0.09,May,2,2,1,3,Returning_Visitor,False,True
0,116.27,0,35.55,16,688.17,0.01,0.01,2.48,0.22,May,2,2,5,4,Returning_Visitor,False,False
3,107.0,0,0.0,27,491.08,0.01,0.02,2.98,0.27,May,3,2,3,8,Returning_Visitor,False,False
2,0.0,0,52.42,29,15.0,0.0,0.05,0.0,0.8,May,2,4,1,3,Returning_Visitor,False,False
1,104.55,1,0.0,23,242.0833333,0.0,0.046666667,4.86,0.01,Nov,2,2,7,1,Returning_Visitor,False,False
1,49.48,0,55.46,46,884.88,0.02,0.05,0.0,0.03,Mar,2,2,6,1,Returning_Visitor,False,False
2,122.88,1,0.0,22,932.82,0.0,0.008928571,9.04,0.0,Mar,2,2,3,2,New_Visitor,False,False
1,29.0,0,49.73,15,749.53,0.075,0.09,0.0,0.01,Dec,1,1,4,8,Returning_Visitor,False,False
1,0.0,0,26.78,13,49.5,0.05,0.075,0.0,0.08,Oct,2,2,1,1,Returning_Visitor,False,False
2,104.21,0,56.75,37,1802.34,0.007894737,0.04,0.0,0.02,Oct,2,2,3,1,Returning_Visitor,False,False
1,75.0,0,0.0,33,1619.79,0.03,0.04,2.14,0.04,Mar,3,2,2,1,Returning_Visitor,False,False
1,34.43,0,0.0,8,722.68,0.066666667,0.09,4.4,0.49,May,2,5,2,3,Returning_Visitor,False,False
1,40.02,0,0.0,8,1128.05,0.03,0.06,1.65,0.01,Nov,2,4,1,8,Returning_Visitor,False,False
1,39.25,0,71.0,13,1558.0,0.04,0.06,7.169617487,0.0,Mar,2,2,6,1,Returning_Visitor,False,False
5,651.875,3,171.93,59,2897.53,0.0,0.02,6.22,0.01,Nov,2,2,9,1,Returning_Visitor,False,False
2,0.0,1,0.0,50,1232.02684,0.0,0.03,173.4697917,0.0,Oct,2,4,9,2,New_Visitor,False,True
5,146.21,4,88.59,45,9770.812093,0.007348856,0.024720163,1.76,0.01,Oct,2,2,3,2,Returning_Visitor,False,False
2,123.06,0,0.0,24,1436.45,0.0,0.03,0.0,0.02,May,2,2,3,2,Returning_Visitor,False,False
6,683.0,2,0.0,26,1215.766667,0.01,0.01,13.98,0.0,May,2,2,1,4,New_Visitor,True,True
2,84.93,0,26.04,31,1052.5,0.0,0.005896806,4.3,0.06,May,2,2,2,4,Returning_Visitor,False,True
1,51.05,0,0.0,17,1797.33,0.0,0.03,0.0,0.0,May,1,1,1,3,Returning_Visitor,False,False
0,71.71,0,28.84,14,346.8333333,0.038095238,0.057142857,2.26,0.08,Mar,2,2,9,2,Returning_Visitor,False,True
0,0.0,0,0.0,11,1040.6,0.1,0.06,1.37,0.0,May,1,1,1,3,Returning_Visitor,False,False
3,158.39,3,92.78,65,2019.769468,0.01,0.01,4.37,0.0,Nov,1,1,1,2,Returning_Visitor,False,False
9,289.02,1,186.32,55,2553.27,0.005263158,0.02,0.0,0.01,Nov,3,2,1,1,Returning_Visitor,False,False
0,0.0,0,0.0,13,966.41,0.03,0.05,2.8,0.0,Oct,3,2,8,1,Returning_Visitor,True,True
0,66.23,0,0.0,12,11.5,0.02,0.04,5.97,0.01,Dec,3,2,7,2,Returning_Visitor,True,False
0,0.0,0,0.0,11,700.6666667,0.13,0.16,0.0,0.0,Mar,1,2,2,3,Returning_Visitor,False,False
5,290.8603687,1,76.58,21,1035.47,0.01,0.02,24.59,0.39,May,2,2,1,4,Returning_Visitor,False,False
2,49.31,0,43.45,7,942.47,0.01,0.028571429,2.47,0.14,May,1,1,3,3,Returning_Visitor,False,False
1,0.0,0,0.0,5,1739.88,0.04,0.12,0.0,0.09,Mar,1,1,3,1,Returning_Visitor,False,False
2,82.15,0,28.92,14,26.0,0.0,0.04,3.8,0.05,May,2,2,1,1,Returning_Visitor,False,False
0,103.98,0,0.0,17,1296.716667,0.0,0.007017544,70.01826316,0.05,Nov,2,2,2,2,New_Visitor,False,True
4,165.55,1,28.2,31,2865.817778,0.01,0.024205607,0.0,0.03,Feb,2,6,2,1,Returning_Visitor,False,False
4,54.4,1,0.0,51,2889.946154,0.002898551,0.02,6.51,0.01,June,2,2,4,2,Returning_Visitor,False,False
1,78.6,0,24.55,5,688.13,0.0,0.03,0.0,0.02,Mar,3,2,2,2,Returning_Visitor,False,False
1,67.43,0,9.0,10,683.0292208,0.006451613,0.05,2.85,0.0,Mar,2,2,2,2,Returning_Visitor,False,True
2,244.33,5,183.0,72,1578.0,0.0,0.03,0.0,0.03,Oct,2,2,2,2,New_Visitor,False,False
2,63.15,0,39.59,17,976.0,0.024358974,0.06,0.0,0.01,Dec,3,2,7,1,Returning_Visitor,False,False
1,75.19,0,35.05,2,1428.98,0.0,0.1,0.0,0.8,May,2,4,2,3,Returning_Visitor,False,False
5,158.43,1,0.0,37,1932.54,0.01,0.038461538,2.43,0.04,Oct,1,1,1,2,Returning_Visitor,False,False
0,0.0,0,25.43,10,39.5,0.03,0.02,1.76,0.06,Mar,2,2,1,3,Returning_Visitor,False,False
1,83.56,0,47.19,15,16.0,0.0,0.02,0.0,0.0,Nov,2,2,4,2,Returning_Visitor,False,False
2,74.67,0,31.45,1,1520.45,0.14,0.15,0.0,0.0,Oct,2,2,9,4,Returning_Visitor,False,False
1,0.0,0,0.0,4,26.0,0.02,0.05,2.54,0.0,Nov,2,2,6,11,Returning_Visitor,True,False
1,57.37,0,0.0,20,1884.21,0.0,0.001058201,1.85,0.0,Mar,2,2,3,2,Returning_Visitor,False,False
2,155.22,0,0.0,13,1117.5,0.003472222,0.010446429,5.002669777,0.04,Oct,2,2,1,2,New_Visitor,False,True
0,114.43,0,33.77,15,695.56,0.01,0.023809524,3.63,0.0,Mar,1,1,1,2,Returning_Visitor,False,True
0,116.23,0,65.66,24,1609.36,0.0,0.02,128.4686939,0.05,Oct,2,2,1,2,New_Visitor,False,True
2,13.0,1,83.97,24,47.13333333,0.04,0.06,20.94544525,0.01,Nov,2,2,2,2,Returning_Visitor,False,False
0,30.85,0,19.9,11,800.54,0.06,0.07,0.0,0.05,Oct,3,2,4,1,Returning_Visitor,False,False
2,130.88,0,48.27,22,855.72,0.004761905,0.01,44.73610411,0.04,Oct,2,2,7,2,New_Visitor,False,True
1,61.74,0,38.86,16,906.41,0.0,0.03,0.0,0.01,Nov,1,1,1,2,Returning_Visitor,False,False
2,0.0,0,33.89,8,215.0,0.0625,0.058333333,0.0,0.07,May,2,2,3,6,Returning_Visitor,False,False
1,0.0,0,21.0,13,190.7083333,0.17,0.13,0.0,0.0,Mar,3,2,6,13,Returning_Visitor,False,False
1,47.97,0,39.79,9,758.13,0.01,0.040740741,4.29,0.0,May,2,2,3,2,Returning_Visitor,True,False
0,108.34,0,26.78,8,726.0,0.01,0.02,6.63,0.18,May,2,2,1,4,Returning_Visitor,False,False
2,0.0,0,26.86,18,6062.61,0.1,0.1,3.14,0.03,Oct,1,1,1,4,Returning_Visitor,False,False
2,74.44,0,0.0,11,276.0,0.05,0.05,1.62,0.0,Oct,2,2,1,1,Returning_Visitor,False,False
2,220.12,2,61.07,13,534.4833333,0.0,0.004166667,0.0,0.0,Oct,1,1,3,2,New_Visitor,True,False
1,51.77,1,46.56,19,2325.611905,0.06,0.11,0.0,0.8,May,3,2,1,7,Returning_Visitor,False,False
1,0.0,0,28.93,1,1440.21,0.15,0.2,0.0,0.11,Oct,1,1,1,3,Returning_Visitor,False,False
3,31.0,0,0.0,10,3163.54,0.02,0.022222222,6.04,0.04,Oct,1,1,3,4,Returning_Visitor,False,False
2,0.0,0,34.46,19,1569.62,0.0,0.04,3.17,0.02,Mar,2,2,2,2,Returning_Visitor,True,False
1,87.2,0,42.95,19,342.0,0.02,0.03,0.0,0.01,Oct,2,2,1,4,Returning_Visitor,False,False
5,208.19,0,166.92,217,4153.276587,0.01,0.005893497,0.0,0.0,May,2,2,1,4,Returning_Visitor,False,False
1,68.63,0,0.0,15,1055.39,0.011111111,0.02,3.14,0.01,Nov,2,2,1,2,Returning_Visitor,False,False
1,115.2,0,0.0,13,211.1,0.01,0.0,1.94,0.0,Jul,3,2,3,2,Returning_Visitor,True,False
0,41.68,0,28.57,4,15.0,0.12,0.15,1.51,0.6,May,2,2,1,4,Returning_Visitor,False,False
5,85.16666667,0,80.65,31,3715.777564,0.01010101,0.011851852,1.85,0.05,May,2,4,1,2,Returning_Visitor,False,False
4,129.4166667,1,62.0,43,1770.625,0.004255319,0.03,0.0,0.03,Mar,2,2,6,2,Returning_Visitor,False,False
1,66.91,0,0.0,10,0.0,0.04,0.08,0.0,0.13,Oct,2,2,6,7,Returning_Visitor,True,False
2,47.66666667,0,67.96,41,72.33333333,0.01,0.03,8.96,0.0,Mar,1,1,1,1,New_Visitor,True,False
1,72.32,0,42.75,14,1030.0,0.005,0.04,6.57,0.01,Dec,2,2,7,1,Returning_Visitor,False,False
3,38.30555556,0,58.81,22,1630.972222,0.012,0.03,2.68,1.0,May,6,5,3,1,New_Visitor,True,False
2,224.58,6,131.0,63,3481.15,0.02,0.002985075,0.0,0.02,Nov,1,1,1,2,Returning_Visitor,False,False
11,1388.75,0,184.38,54,3240.84,0.02,0.02,2.17,0.04,Oct,1,1,2,4,Returning_Visitor,False,False
10,299.48,2,107.73,31,1300.07,0.01,0.02,2.33,1.0,May,1,1,3,2,Returning_Visitor,True,False
1,48.78,0,28.94,15,1044.93,0.01,0.05,4.307627247,0.01,Nov,2,2,1,2,Returning_Visitor,True,False
4,574.4511905,0,58.86,41,2688.864762,0.02,0.02,2.39,0.05,Oct,2,2,1,4,Returning_Visitor,True,True
5,47.5,0,40.38,24,787.2,0.01,0.02,1.7,0.02,Oct,2,2,4,2,Returning_Visitor,False,False
1,6.0,0,0.0,15,1388.24,0.02,0.073333333,1.8,0.13,Oct,2,2,2,1,Returning_Visitor,False,True
1,0.0,0,0.0,9,1318.52,0.0,0.05,2.31,0.04,Mar,2,2,1,1,Returning_Visitor,False,True
2,86.28,0,47.86,17,549.93,0.01,0.0125,0.0,0.01,Mar,1,1,1,2,Returning_Visitor,False,False
0,64.08,0,0.0,32,1324.666667,0.12,0.15,10.3976,0.03,Mar,2,2,2,3,Returning_Visitor,False,False
0,63.15,0,0.0,15,0.0,0.166666667,0.2,0.0,0.18,Feb,3,2,3,1,Returning_Visitor,False,False
0,69.59,0,0.0,15,1117.85,0.01,0.05,0.0,0.03,Oct,2,2,3,6,Returning_Visitor,False,False
0,66.92,0,0.0,15,189.25,0.02,0.05,1.67,0.03,Mar,2,5,2,1,Returning_Visitor,False,False
3,61.5,0,61.31,25,949.75,0.0,0.007692308,51.75775772,0.0,May,2,2,1,2,Returning_Visitor,False,True
1,47.22,0,22.77,13,902.78,0.05,0.06,1.94,0.03,Mar,2,2,1,1,Returning_Visitor,False,False
1,49.5,0,22.02,10,535.91,0.05,0.06,0.0,0.03,Mar,2,2,9,2,Returning_Visitor,False,True
0,0.0,0,37.14,10,2571.36,0.09,0.133333333,1.77,0.07,Aug,3,2,1,13,Returning_Visitor,False,False
3,143.11,0,54.06,32,2628.0,0.01,0.02,0.602232815,0.07,May,2,2,1,2,Returning_Visitor,False,True
1,0.0,0,37.78,19,1167.63,0.0,0.03,3.57,0.0,Nov,1,2,9,2,New_Visitor,True,False
1,57.19,0,46.74,18,1131.38,0.01,0.053846154,1.86,0.0,Nov,2,2,1,2,Returning_Visitor,False,False
0,123.19,1,57.35,8,362.75,0.025,0.075,0.0,0.0,Mar,2,2,3,1,Returning_Visitor,False,False
1,73.17,0,0.0,14,1049.05,0.01,0.03,0.0,0.0,Oct,2,2,1,20,Returning_Visitor,False,False
2,0.0,0,38.23,16,1152.19,0.002702703,0.017905405,8.38,0.0,Mar,2,2,1,2,Returning_Visitor,False,False
2,82.57,0,0.0,22,1805.083333,0.01,0.04,4.45,0.02,Sep,1,1,1,2,Returning_Visitor,False,True
8,0.0,1,155.45,128,2787.692619,0.01,0.02,3.07,0.0,Jul,2,4,1,1,Returning_Visitor,False,False
3,0.0,0,59.9,19,957.2,0.0,0.007936508,0.0,0.0,Oct,2,2,1,2,Returning_Visitor,False,False
1,77.37,0,63.78,13,293.725,0.022222222,0.06,3.48,0.01,Nov,2,2,3,1,Returning_Visitor,False,False
0,0.0,0,73.15,8,666.84,0.025,0.04,0.0,0.0,Dec,2,2,1,2,Returning_Visitor,False,False
5,49.2,1,379.0,5,74.6,0.01,0.018181818,4.46,0.0,Oct,2,2,8,1,Returning_Visitor,False,False
2,87.61,0,0.0,20,1293.7,0.01,0.010526316,104.2012273,0.0,Sep,2,2,1,2,Returning_Visitor,False,True
2,60.21,0,32.71,19,972.66,0.01,0.01,50.51764193,0.0,Oct,2,2,2,2,New_Visitor,True,True
0,26.68,0,25.29,1,586.04,0.14,0.16,1.47,0.6,May,2,2,1,1,Returning_Visitor,False,False
0,0.0,0,0.0,7,863.43,0.0,0.03,0.0,0.04,Mar,2,2,3,2,New_Visitor,False,False
3,27.0,2,73.38,6,129.2,0.01,0.01,8.18,0.05,May,2,2,4,4,Returning_Visitor,False,False
1,0.0,0,21.66,28,512.7166667,0.01,0.013571429,1.401949127,0.0,Oct,2,2,7,2,Returning_Visitor,False,True
2,0.0,0,47.14,21,11.0,0.01,0.1,2.21,0.0,Mar,2,2,9,2,Other,False,False
1,74.65,0,23.73,10,241.7692308,0.0,0.02,3.04,0.02,Mar,2,2,3,2,New_Visitor,False,False
2,9.0,1,26.5,29,1454.22,0.01,0.017160494,3.22,0.01,Nov,2,2,1,2,Returning_Visitor,False,False
12,153.24,1,85.63,36,1819.71,0.009032258,0.02,1.73,0.02,Oct,2,2,1,2,Returning_Visitor,False,True
1,80.7,0,45.26,15,1328.626894,0.01,0.022238793,5.25,0.01,Dec,1,1,1,2,Returning_Visitor,True,False
2,39.2,0,48.83,6,86.4,0.0,0.02,2.53,0.0,Nov,1,1,3,2,Returning_Visitor,False,False
2,698.5,1,0.0,42,1053.841565,0.01,0.01,2.05,0.01,Nov,2,5,1,1,Returning_Visitor,True,False
3,153.5,0,44.19,20,1168.02,0.02,0.03,3.34,0.02,Oct,2,2,4,2,Returning_Visitor,False,False
1,42.22,0,0.0,11,570.5166667,0.02,0.04,4.07,0.0,Mar,2,2,7,1,Returning_Visitor,False,False
3,342.63,1,0.0,137,3004.628109,0.02,0.011750149,6.54,0.01,Oct,2,2,9,4,Returning_Visitor,False,False
1,69.84,0,30.5,17,1728.77,0.0,0.04,2.86,0.01,Feb,2,4,1,2,Returning_Visitor,False,False
4,5.0,2,89.89,16,521.5,0.02,0.02,2.52,0.04,Oct,2,2,3,4,Returning_Visitor,False,False
0,83.4,0,23.66,10,950.05,0.06,0.08,3.12,0.15,May,2,2,2,4,Returning_Visitor,False,False
1,39.38,0,0.0,12,829.03,0.01,0.05,0.0,0.0,May,2,2,8,11,Returning_Visitor,False,False
2,0.0,0,94.68,6,75.2,0.033333333,0.03,0.0,0.48,May,3,2,2,3,Returning_Visitor,False,False
1,0.0,0,0.0,6,963.16,0.0,0.033333333,0.0,0.27,May,3,2,6,3,Returning_Visitor,False,False
2,78.21,0,39.22,27,1288.97,0.02,0.04,0.0,0.01,Nov,2,2,1,2,Returning_Visitor,False,False
4,108.45,0,0.0,32,1015.96,0.002857143,0.02,0.0,0.03,Feb,2,2,3,2,New_Visitor,False,False
3,41.33333333,0,90.07,35,3227.5,0.01,0.02,28.53153488,0.16,May,2,2,4,4,Returning_Visitor,False,True
1,0.0,0,20.77,21,912.87,0.04,0.07,0.0,0.1,Feb,2,6,9,1,Returning_Visitor,False,False
0,69.86,0,24.08,15,1096.19,0.01,0.05,2.75,0.0,Oct,2,2,6,1,Returning_Visitor,False,False
2,92.99,0,0.0,19,486.5600582,0.01,0.028784722,11.84059922,0.0,Oct,2,2,3,2,Returning_Visitor,False,False
0,72.09,0,0.0,8,439.76,0.05,0.08,0.0,0.04,May,2,2,3,4,Returning_Visitor,False,False
3,60.0,0,0.0,19,998.49,0.0,0.02,0.0,0.03,Oct,1,1,3,2,Returning_Visitor,False,False
1,0.0,0,21.71,12,1014.6,0.05,0.08,2.07,0.03,Feb,2,2,3,1,Returning_Visitor,False,False
2,24.2,0,0.0,3,52.4,0.0,0.04,0.0,0.0,Mar,2,2,3,2,New_Visitor,False,False
3,569.0,1,58.5,23,941.6994048,0.0,0.02,5.89,0.0,Nov,2,2,3,2,New_Visitor,False,True
2,24.0,0,70.95,25,1185.88,0.0,0.023222222,5.417644444,0.0,Oct,2,2,1,2,Returning_Visitor,False,True
1,53.0,0,0.0,13,417.0,0.08,0.08,1.25,0.04,May,1,1,1,3,Returning_Visitor,False,True
0,0.0,0,54.46,17,600.5,0.01,0.005882353,0.0,0.0,Mar,2,2,4,10,Returning_Visitor,False,False
2,0.0,0,42.18,14,580.07,0.0,0.01,54.97036364,0.02,May,2,2,4,2,New_Visitor,True,True
0,148.61,0,0.0,17,1008.416667,0.01,0.007881773,0.0,0.04,May,2,2,1,4,Returning_Visitor,False,False
1,49.81,0,25.44,5,1568.31,0.02,0.04,1.78,0.03,Mar,2,2,2,2,Returning_Visitor,False,False
10,111.74,0,85.14,35,1558.62,0.003636364,0.02,2.36,0.0,Mar,3,2,4,1,Returning_Visitor,False,True
2,70.15,0,31.75,68,2075.34,0.004411765,0.03,0.0,0.03,Oct,2,2,2,2,Returning_Visitor,False,False
0,0.0,0,0.0,22,149.5,0.0,0.066666667,0.0,0.07,Mar,2,2,2,1,Returning_Visitor,False,False
0,53.77,0,26.22,10,415.72,0.03,0.1,3.81,0.0,Dec,2,2,1,10,Returning_Visitor,False,False
0,35.91,0,0.0,16,77.0,0.01,0.066666667,0.0,0.15,Oct,3,2,6,9,Returning_Visitor,False,False
1,0.0,0,20.2,2,670.68,0.03,0.06,3.23,0.31,May,1,1,1,3,Returning_Visitor,False,False
0,50.9,0,0.0,20,676.6,0.03,0.07,0.0,0.0,Sep,1,2,1,2,Returning_Visitor,False,False
4,401.15,1,58.95,38,709.66,0.01,0.02,24.51269374,0.04,May,2,2,3,4,Returning_Visitor,False,False
1,51.58,0,34.04,15,1199.86,0.018181818,0.054545455,1.78,0.0,Feb,2,2,6,3,Returning_Visitor,False,False
4,126.37,5,54.8,39,1034.3125,0.01,0.017826087,0.0,0.01,Oct,1,1,1,2,Returning_Visitor,True,False
7,722.2083333,9,491.61,93,2886.44,0.02,0.03,31.57,0.0,Feb,3,2,2,1,Returning_Visitor,False,False
2,125.95,0,0.0,21,863.29,0.0,0.02,2.73,0.02,Mar,3,2,2,2,New_Visitor,True,False
0,103.05,0,0.0,47,60.0,0.05,0.05,0.0,0.06,Mar,1,1,2,4,Returning_Visitor,False,False
3,143.5142857,0,64.37,31,1359.957586,0.01,0.003655914,5.99,0.0,Mar,3,2,1,2,Returning_Visitor,False,False
1,0.0,0,58.31,7,388.0,0.025,0.033333333,6.24,0.42,May,2,5,2,2,Returning_Visitor,False,False
5,282.0,0,0.0,25,1382.87,0.01,0.01,2.67,0.07,Nov,1,1,1,3,Returning_Visitor,False,False
3,127.41,0,63.56,55,1833.244643,0.01,0.02,2.28,0.09,Oct,2,2,6,2,Returning_Visitor,True,True
1,58.76,0,27.52,11,503.2666667,0.05,0.05,1.59,0.03,Oct,3,2,1,3,Returning_Visitor,False,True
6,160.0,1,77.37,55,1227.48,0.01,0.02,24.10206377,0.0,Dec,2,2,1,2,Returning_Visitor,False,True
11,189.4833333,1,78.76,91,4864.147143,0.01,0.002380952,0.0,0.0,Oct,2,2,9,2,Returning_Visitor,False,False
1,67.48,0,0.0,89,1362.91,0.01,0.040659551,3.4,0.09,Aug,2,2,6,11,Returning_Visitor,True,False
1,7.0,0,0.0,11,1484.26,0.018181818,0.07,0.0,0.8,May,1,1,6,3,Returning_Visitor,False,False
5,103.75,1,137.5,35,1947.94,0.001680672,0.02,3.49,0.01,Nov,2,2,1,2,Returning_Visitor,False,True
1,48.26,0,0.0,11,1161.1,0.07,0.16,1.89,0.01,Nov,2,2,1,2,Returning_Visitor,True,False
0,0.0,0,0.0,1,952.53,0.2,0.2,0.0,0.03,Mar,3,2,4,7,Returning_Visitor,False,False
1,55.54,0,0.0,8,0.0,0.15,0.2,2.88,0.52,May,1,1,3,1,Returning_Visitor,False,False
0,0.0,0,0.0,9,331.0,0.1,0.1,0.0,0.05,Mar,2,2,1,1,Returning_Visitor,False,False
1,44.54,0,25.79,11,1127.566667,0.03,0.021969697,0.0,0.06,Mar,2,2,1,3,Returning_Visitor,False,False
11,395.36,4,151.0,180,2457.04,0.01,0.01,0.0,0.0,May,2,2,3,2,Returning_Visitor,False,False
0,0.0,0,20.58,24,1268.0,0.13,0.16,1.77,0.0,Mar,2,2,2,3,Returning_Visitor,False,False
2,59.04,0,19.12,8,204.0,0.0,0.030769231,0.0,0.03,Mar,2,2,2,1,Returning_Visitor,False,False
1,0.0,0,25.78,12,654.875,0.1,0.15,0.0,0.01,Nov,1,2,1,2,Returning_Visitor,True,False
1,70.25,0,35.17,14,793.32,0.14,0.19,1.59,0.01,Jul,2,2,1,1,Returning_Visitor,False,False
2,66.01,0,39.49,19,1533.09,0.0,0.04,4.77,0.04,Mar,1,1,1,1,Returning_Visitor,False,False
2,68.69,0,25.79,13,958.61,0.0,0.004444444,2.35,0.0,Mar,2,2,1,2,Returning_Visitor,False,True
1,46.09,0,23.92,15,1148.0,0.014285714,0.05,0.0,0.06,Mar,2,2,1,3,Returning_Visitor,False,False
1,0.0,0,24.58,7,1549.2,0.028571429,0.04,0.0,0.06,Mar,2,2,2,4,Returning_Visitor,False,False
2,79.05,0,31.02,18,1540.04,0.03,0.003225806,0.0,0.03,Mar,2,2,1,2,Returning_Visitor,True,False
1,0.0,0,0.0,7,537.51,0.01,0.1,11.58,0.0,May,2,2,3,2,New_Visitor,False,False
7,207.98,0,0.0,32,2092.5,0.010526316,0.026315789,7.12,0.02,Oct,3,2,3,1,Returning_Visitor,True,False
0,139.95,0,48.27,10,1393.42,0.02,0.05,5.96,0.02,May,2,2,2,2,New_Visitor,True,True
0,74.03,0,28.79,14,572.85,0.01,0.05,1.87,0.05,Oct,2,2,3,2,Returning_Visitor,False,False
1,29.48,0,0.0,1,491.72,0.2,0.2,0.0,0.0,May,2,1,1,3,Returning_Visitor,False,False
0,0.0,0,0.0,8,783.6944444,0.07,0.17,0.0,0.05,Mar,2,2,3,2,Returning_Visitor,False,False
2,274.31,3,143.77,58,3881.79359,0.00453159,0.02,9.1,0.01,Nov,2,2,1,2,Returning_Visitor,False,False
1,26.91,0,24.29,13,1243.83,0.2,0.2,0.0,0.0,Feb,2,2,2,1,Returning_Visitor,False,False
0,72.37,0,33.0,18,1116.23,0.0,0.022222222,32.52380772,0.0,Nov,2,2,1,4,Returning_Visitor,True,True
3,65.5,1,38.5,33,3902.664774,0.01,0.03,0.0,0.01,Nov,2,2,9,1,Returning_Visitor,False,False
0,0.0,0,0.0,14,1055.333333,0.03,0.06,5.15,0.01,Nov,3,2,1,3,Returning_Visitor,False,False
1,55.84,0,23.03,14,1449.683333,0.02,0.04,2.77,0.0,Oct,2,2,4,1,Returning_Visitor,False,False
1,44.69,0,18.95,9,1015.72,0.03,0.05,1.58,0.05,Oct,2,2,1,1,Returning_Visitor,False,True
1,58.58,0,20.6,9,143.0,0.02,0.005555556,0.0,0.03,Mar,2,2,1,2,New_Visitor,False,False
1,41.72,0,24.26,14,544.35,0.08,0.11,0.0,0.05,Mar,3,2,1,11,Returning_Visitor,True,False
2,228.8333333,0,25.47,13,1505.333333,0.07,0.08,0.0,0.03,Mar,2,2,2,1,Returning_Visitor,False,False
1,20.0,0,28.48,11,835.2,0.04,0.09,1.61,0.0,Dec,3,2,3,1,Returning_Visitor,False,False
3,150.36,0,57.07,17,1509.96,0.0,0.001666667,4.71,0.04,Oct,2,2,9,2,Returning_Visitor,False,True
2,137.5,1,31.03,14,1844.65,0.022641509,0.04,1.66,0.0,Oct,2,2,1,3,Returning_Visitor,False,False
2,14.0,2,166.18,32,1548.0,0.0,0.02,2.91,0.49,May,1,1,2,5,Returning_Visitor,False,False
0,150.77,1,0.0,24,2710.381731,0.01,0.021957672,0.0,0.0,Mar,2,2,1,2,Returning_Visitor,False,True
0,45.18,0,0.0,10,1145.19,0.08,0.1,0.0,0.0,Mar,3,2,6,3,Returning_Visitor,False,False
0,71.9,0,29.73,16,168.0,0.04,0.07,3.48,0.0,Mar,2,2,1,1,Returning_Visitor,False,False
4,166.28,1,105.58,33,1406.47,0.00198939,0.010782459,13.82,0.01,Nov,4,2,2,1,Returning_Visitor,True,False
1,0.0,0,0.0,11,1425.79,0.05,0.06,3.62,0.03,Oct,2,2,1,1,Returning_Visitor,False,False
2,82.2,0,31.27,16,910.86,0.0,0.004756098,3.200304878,0.0,Oct,1,1,1,2,Returning_Visitor,True,False
1,42.78,1,20.75,11,603.6666667,0.05,0.11,1.92,0.08,Mar,2,2,2,1,Returning_Visitor,False,True
1,62.83,0,20.26,25,673.0333333,0.002150538,0.03,3.25,0.02,Mar,2,2,9,2,New_Visitor,False,False
2,98.94,0,71.63,32,1169.3,0.0,0.03,6.22,0.0,Dec,1,2,1,2,Returning_Visitor,False,True
8,147.51,0,0.0,37,2182.99,0.01,0.017391304,5.04,0.01,Nov,1,2,1,2,New_Visitor,True,True
1,0.0,0,32.43,4,960.44,0.0,0.05,10.76,0.0,May,1,1,1,2,Returning_Visitor,False,False
1,82.18,0,23.34,15,1231.5,0.0,0.04,0.0,0.02,Jul,2,4,3,4,New_Visitor,True,True
5,187.59,1,146.0,33,1679.32,0.01,0.02,3.28,0.09,May,3,2,2,4,Returning_Visitor,False,False
1,44.56,0,22.37,10,1048.59,0.03,0.049411765,0.0,0.0,Feb,2,6,2,1,Returning_Visitor,False,False
1,37.0,0,23.09,12,947.42,0.09,0.16,1.61,0.0,Mar,2,2,3,2,Returning_Visitor,True,False
2,93.15,0,0.0,17,847.09,0.013333333,0.04,4.13,0.0,Oct,1,1,3,8,Returning_Visitor,False,False
2,19.0,0,0.0,16,731.11,0.01,0.02,21.2112655,0.21,Mar,3,12,3,2,Returning_Visitor,False,True
0,35.42,0,0.0,8,441.86,0.06,0.08,1.74,0.8,May,4,1,2,4,Returning_Visitor,False,True
1,74.16,0,0.0,45,1582.75,0.043478261,0.02,54.17976426,0.07,Oct,3,2,1,3,Returning_Visitor,False,False
0,0.0,0,0.0,12,134.0,0.0,0.03,0.0,0.03,Feb,2,2,1,2,Returning_Visitor,False,False
0,0.0,0,38.61,18,2122.656061,0.01,0.03,9.294775641,0.0,Mar,2,2,3,10,Returning_Visitor,False,True
0,0.0,0,30.03,14,1124.58,0.01,0.007894737,1.91,0.07,Oct,2,2,1,1,Returning_Visitor,False,False
4,170.39,1,0.0,108,2348.03,0.01,0.018326694,0.0,0.01,Nov,3,2,1,2,Returning_Visitor,False,False
1,0.0,0,0.0,17,925.37,0.04,0.06,0.0,0.0,Mar,2,2,6,1,Returning_Visitor,False,False
12,152.75,1,212.8,219,2569.19,0.02,0.03,2.91,0.0,Nov,2,2,2,1,Returning_Visitor,False,True
0,106.77,0,0.0,14,1820.48,0.03,0.023076923,2.5,0.0,Mar,2,2,1,4,Returning_Visitor,True,True
1,0.0,0,0.0,15,231.0,0.011764706,0.029411765,0.0,0.06,Mar,2,2,2,2,Returning_Visitor,False,False
1,81.36666667,0,28.89,12,35.16666667,0.0,0.05,0.0,0.06,May,2,2,1,3,Returning_Visitor,False,False
2,0.0,0,40.0,17,1028.61,0.003594771,0.02743431,0.0,0.0,Mar,2,2,2,2,Returning_Visitor,False,False
3,0.0,0,36.28,18,153.5833333,0.04,0.020512821,2.39,0.02,Mar,2,2,1,2,Returning_Visitor,True,False
2,78.88,0,33.75,22,1656.410714,0.02,0.05,0.0,0.08,May,2,4,9,4,Returning_Visitor,False,False
1,58.97,0,34.99,16,1176.0,0.001075269,0.0095145,32.22246226,0.01,Nov,2,2,1,2,Returning_Visitor,False,True
5,157.86,1,43.28,14,3233.46,0.0,0.011904762,0.0,0.04,Oct,1,1,7,2,New_Visitor,False,False
2,58.06666667,0,0.0,23,1092.01,0.0,0.0125,2.25,0.03,Mar,3,2,1,4,New_Visitor,False,False
4,390.5,0,85.87,27,1285.583333,0.0,0.02,6.36,0.01,Dec,2,2,1,2,Returning_Visitor,False,True
1,30.2,0,24.3,30,1484.58,0.025287356,0.05,2.27,0.02,Mar,2,2,1,2,Returning_Visitor,True,False
4,197.13,2,72.81,29,1618.77,0.013793103,0.01,2.812474051,0.0,Aug,2,2,1,1,Returning_Visitor,False,False
1,40.62,0,33.36,19,1237.0,0.05,0.07,2.34,0.01,Mar,2,10,2,3,Returning_Visitor,True,False
4,172.33,1,0.0,28,930.63,0.010714286,0.02,4.9,0.01,Nov,2,5,3,1,Returning_Visitor,False,True
1,36.5,0,31.27,13,567.48,0.02,0.06,0.0,0.01,Mar,2,2,7,1,Returning_Visitor,False,False
0,0.0,0,0.0,20,996.3,0.03,0.003508772,2.98,0.03,May,2,2,3,4,Returning_Visitor,False,False
5,10.0,1,342.5,49,1870.49,0.005660377,0.03,0.0,0.01,Dec,2,2,3,1,Returning_Visitor,True,False
1,4.0,0,0.0,9,824.99,0.02,0.03,3.7,0.01,Sep,1,2,1,2,Returning_Visitor,False,True
1,42.84,0,22.53,11,741.52,0.044444444,0.08,0.0,0.19,May,3,2,3,13,Returning_Visitor,False,False
0,209.84,0,45.77,21,385.0,0.01,0.022222222,10.59,0.03,Feb,2,2,1,2,New_Visitor,True,False
2,112.22,0,0.0,32,3111.683333,0.01,0.013249672,0.0,0.01,Nov,2,2,1,2,Returning_Visitor,True,False
2,0.0,0,27.86,17,806.125,0.07,0.1,0.0,0.05,Oct,1,1,1,3,Returning_Visitor,False,False
3,187.0,0,60.57,48,1248.23,0.000606061,0.01,1.93,0.0,Oct,2,2,1,2,Returning_Visitor,False,False
2,25.0,0,34.73,25,1174.26,0.016666667,0.057283951,0.0,0.05,May,2,2,3,6,Returning_Visitor,False,False
5,46.5,0,42.41,17,1365.53,0.011111111,0.04,0.0,0.03,Mar,2,2,1,2,Returning_Visitor,False,False
0,0.0,0,21.99,8,794.79,0.01,0.016666667,6.38,0.26,May,2,2,2,3,Returning_Visitor,False,False
8,0.0,1,0.0,231,11246.13379,0.001746725,0.010029112,0.0,0.0,Oct,2,2,3,2,Returning_Visitor,True,False
0,253.97,5,278.21,87,2650.77,0.01,0.02,4.01,0.0,May,1,6,1,1,Returning_Visitor,False,True
2,44.33333333,0,0.0,14,1333.86,0.03,0.01,2.14,0.04,Mar,2,2,1,1,Returning_Visitor,False,True
1,44.42,0,0.0,1,0.0,0.2,0.2,0.0,0.04,Jul,1,1,1,3,Returning_Visitor,False,False
0,61.67,0,0.0,13,1341.08,0.0,0.07,1.81,0.6,May,2,2,1,4,Returning_Visitor,False,False
1,56.2,0,62.0,11,477.42,0.03,0.08,0.0,0.0,Dec,2,2,7,10,Returning_Visitor,False,False
2,90.68,0,0.0,52,1110.71,0.0,0.01,2.68,0.0,Oct,1,1,1,2,Returning_Visitor,False,False
0,92.0,0,0.0,54,1879.23,0.01,0.01,1.93,0.03,Oct,1,1,1,2,Returning_Visitor,False,False
4,98.6,1,0.0,37,63.6,0.01,0.01,6.22,0.0,Sep,1,2,4,2,Returning_Visitor,False,False
2,34.3,0,34.8,16,1732.32,0.02,0.045,0.0,0.05,Mar,2,2,2,1,Returning_Visitor,False,False
2,77.34,0,0.0,22,2543.56,0.02,0.05,11.193,0.0,Mar,1,1,1,4,Returning_Visitor,False,False
5,248.9214286,0,99.29,33,1814.8,0.003562341,0.01,7.963976424,0.0,Nov,2,2,2,1,Returning_Visitor,True,True
1,34.1,0,25.46,12,987.63,0.2,0.2,2.04,0.0,Mar,3,2,3,9,Returning_Visitor,True,False
1,83.12,0,0.0,66,1274.54,0.003555556,0.02,2.56,0.03,Mar,2,2,3,2,Returning_Visitor,True,True
3,94.6,1,81.29,69,1387.91,0.005092593,0.02,4.73,0.0,Oct,2,2,3,2,Returning_Visitor,False,False
1,5.5,3,169.2,43,1544.78,0.01,0.01,7.96,0.0,Jul,3,2,1,2,Returning_Visitor,True,False
3,298.6666667,0,54.65,25,1084.5,0.01,0.010784314,1.88,0.04,Oct,2,2,1,2,New_Visitor,False,False
1,0.0,0,0.0,1,1594.04,0.05,0.07,1.65,0.0,Mar,1,1,2,3,Returning_Visitor,False,False
2,97.92,0,0.0,12,1226.1,0.0,0.018181818,2.86,0.34,May,1,8,3,1,Returning_Visitor,False,False
2,142.42,0,0.0,37,2546.856685,0.014920635,0.025223356,0.0,0.01,Nov,2,2,1,1,Returning_Visitor,False,False
1,63.89,0,45.41,47,1026.76,0.01,0.019339623,0.0,0.01,Dec,1,1,2,2,Returning_Visitor,False,False
2,56.17,0,0.0,20,779.2628571,0.02,0.007471264,1.46,0.04,Mar,4,2,1,2,Returning_Visitor,False,False
3,146.25,0,58.03,38,1781.191667,0.01,0.015174871,6.59,0.01,Oct,1,1,1,2,Returning_Visitor,True,False
1,56.66,0,20.02,11,885.02,0.016666667,0.016309524,0.0,0.1,May,1,1,2,2,Returning_Visitor,False,False
1,15.0,0,0.0,15,1046.93,0.02,0.014285714,2.82,0.01,Nov,1,2,2,1,Returning_Visitor,True,True
2,197.25,0,0.0,34,3296.940476,0.0,0.01,3.507532249,0.01,Nov,1,1,1,3,Returning_Visitor,True,False
5,183.62,1,63.26,58,1424.89,0.01,0.01,2.56,0.0,Mar,1,1,2,2,Returning_Visitor,False,True
1,45.93,0,19.84,1,0.0,0.04,0.16,2.16,0.0,Sep,2,2,1,2,Returning_Visitor,False,False
1,0.0,0,34.74,10,414.06,0.02,0.11,2.93,0.0,Dec,2,2,3,20,Other,False,False
1,37.67,0,16.83,6,950.52,0.03,0.05,1.75,0.03,Feb,2,5,1,1,Returning_Visitor,False,False
1,0.0,0,30.12,17,1356.19,0.005263158,0.031578947,2.74,0.03,Oct,2,2,4,2,Returning_Visitor,False,False
8,175.07,1,45.5,30,1496.22,0.01,0.001041667,2.79,0.0,Oct,1,2,6,2,Returning_Visitor,False,True
3,107.19,0,0.0,24,867.3333333,0.05,0.07,2.75,0.0,Mar,1,1,1,4,Returning_Visitor,False,True
4,156.72,2,78.5,34,2085.972565,0.01,0.02,0.0,0.0,Nov,2,2,9,2,Returning_Visitor,True,False
7,190.5,0,0.0,7,96.0,0.01,0.013333333,0.0,0.06,Oct,2,2,1,2,New_Visitor,False,False
0,0.0,0,20.0,27,263.2666667,0.0,0.038518519,0.0,0.03,Mar,2,2,1,2,Returning_Visitor,True,False
5,185.9,1,54.59,29,291.1666667,0.01,0.02,5.24,0.0,Nov,2,2,1,2,New_Visitor,True,False
2,84.0,0,43.27,21,604.5,0.01,0.019047619,2.51,0.05,May,2,2,1,13,Returning_Visitor,False,False
5,115.1111111,2,146.0,89,3639.737302,0.000217391,0.02,5.159462207,0.02,May,2,2,7,2,Returning_Visitor,False,False
6,0.0,4,32.5,7,2601.86,0.01,0.01,3.16,0.0,Oct,2,2,1,2,Returning_Visitor,True,False
1,0.0,0,0.0,9,845.38,0.02,0.03,4.17,0.03,Sep,2,2,1,2,New_Visitor,False,True
2,88.0,0,26.64,16,1986.553118,0.02,0.019939049,1.67,0.02,Oct,1,1,3,2,Returning_Visitor,False,False
1,0.0,0,20.36,8,1601.79,0.08,0.08,0.0,0.03,Mar,2,2,1,1,Returning_Visitor,True,False
2,0.0,0,0.0,21,1080.85,0.0125,0.02,4.81,0.01,Oct,2,2,3,20,Returning_Visitor,False,False
2,150.17,0,89.0,15,824.73,0.009615385,0.02,3.27,0.8,May,1,1,4,3,Returning_Visitor,False,False
1,0.0,0,0.0,5,155.0,0.04,0.06,1.7,0.06,Mar,2,2,2,1,Returning_Visitor,False,False
3,144.41,0,56.9,26,1659.319697,0.0,0.00380117,62.34813701,0.06,Nov,1,1,7,4,Returning_Visitor,True,True
2,80.33,0,22.2,14,1285.95,0.0,0.06,0.0,0.03,Mar,2,2,1,4,Returning_Visitor,False,False
2,76.33333333,0,56.28,7,1029.0,0.004444444,0.010666667,6.26,0.02,Oct,2,2,8,2,New_Visitor,False,False
0,0.0,0,0.0,16,1415.33,0.01,0.033333333,0.0,0.08,Mar,2,2,1,1,Returning_Visitor,False,False
1,47.45,0,17.15,7,226.0,0.0,0.06,0.0,0.04,Mar,2,2,2,3,Returning_Visitor,False,False
12,81.5,1,0.0,45,2202.579167,0.005797101,0.02,0.0,0.01,Oct,2,2,1,2,Returning_Visitor,False,False
1,0.0,0,57.79,20,173.5,0.01,0.008333333,4.35,0.01,Dec,2,2,2,2,Returning_Visitor,False,False
9,64.08823529,1,21.0,25,1342.66,0.011259259,0.032132434,2.75,0.13,May,3,2,6,13,Returning_Visitor,False,False
7,89.95,0,62.66,37,552.04,0.006976744,0.017829457,4.89,0.01,Nov,1,1,4,4,Returning_Visitor,False,False
0,0.0,0,0.0,21,1661.68,0.066666667,0.088888889,0.0,0.05,Mar,2,2,1,2,Returning_Visitor,False,False
3,52.33333333,0,38.73,17,291.0,0.0,0.05,1.96,0.0,Mar,2,2,2,2,Returning_Visitor,False,False
1,58.4,0,25.97,11,866.78,0.0,0.03,1.68,0.0,May,2,2,3,4,Returning_Visitor,False,False
3,0.0,0,63.66,36,2024.15,0.01,0.007619048,53.10142857,0.0,Oct,2,2,1,2,New_Visitor,False,True
8,214.22,1,140.48,44,1580.31,0.01,0.01,0.0,0.0,Dec,2,2,3,2,Returning_Visitor,False,False
0,38.05,0,0.0,9,0.0,0.2,0.2,1.43,0.0,Nov,3,7,2,1,Returning_Visitor,False,False
1,0.0,0,0.0,17,39.5,0.0,0.04,3.35,0.0,Oct,2,2,8,1,Returning_Visitor,False,False
1,50.35,0,24.17,13,1622.72,0.18,0.19,1.48,0.03,Mar,2,2,1,4,Returning_Visitor,False,False
0,0.0,0,30.76,27,1088.49,0.01,0.02,38.12368584,0.06,Oct,2,2,2,2,Returning_Visitor,True,True
3,150.61,1,126.21,30,3898.816667,0.01,0.02,3.53,0.0,May,2,2,7,1,Returning_Visitor,False,False
1,63.42,0,27.42,13,511.92,0.01,0.02,0.0,0.05,May,2,2,5,2,Returning_Visitor,False,False
4,42.0,1,80.28,31,1367.0,0.02,0.001960784,3.95,0.0,Oct,2,2,2,2,Returning_Visitor,False,False
4,155.76,2,75.84,29,932.23,0.014957265,0.03,0.0,0.04,May,2,2,3,4,Returning_Visitor,False,False
2,93.43,0,34.82,18,1188.6,0.0,0.023684211,3.17,0.0,Oct,2,2,1,2,Returning_Visitor,False,True
0,25.83,0,0.0,7,695.18,0.05,0.09,0.0,0.08,May,1,1,1,3,Returning_Visitor,False,False
0,73.73,0,0.0,3,32.5,0.066666667,0.133333333,3.15,0.31,May,3,2,9,3,Returning_Visitor,True,False
0,0.0,0,0.0,21,949.56,0.026315789,0.06,4.36,0.05,June,2,2,9,4,Returning_Visitor,False,False
2,126.01,0,37.81,22,1501.91,0.03,0.006060606,0.0,0.02,Oct,2,2,1,2,New_Visitor,False,False
4,154.47,1,1.0,93,1774.51,0.021112782,0.02,4.88,0.18,May,3,2,1,5,Returning_Visitor,True,False
2,78.3,0,120.0,22,1249.13,0.004301075,0.008090118,2.83,0.02,May,2,2,3,2,Returning_Visitor,False,True
0,36.56,0,21.81,1,852.52,0.2,0.2,0.0,0.08,Oct,1,1,4,3,Returning_Visitor,False,False
2,30.5,0,18.0,15,1518.097619,0.01,0.031764706,3.29,0.19,May,2,2,1,2,Returning_Visitor,False,True
1,90.02,0,44.08,30,558.6111111,0.009090909,0.04,0.0,0.02,Oct,2,10,3,1,Returning_Visitor,False,True
0,0.0,0,45.4,17,685.53,0.0,0.08,2.74,0.01,Dec,1,1,4,6,Returning_Visitor,False,False
0,37.37,0,0.0,11,746.53,0.16,0.1,0.0,0.02,May,2,2,4,2,Returning_Visitor,False,False
1,42.75,0,27.88,12,896.05,0.02,0.038888889,1.88,0.01,Dec,2,2,1,2,Returning_Visitor,False,False
2,0.0,0,0.0,16,979.16,0.0,0.04,4.15,0.0,Nov,2,2,9,2,Returning_Visitor,False,False
1,65.49,0,32.74,18,712.97,0.0,0.04,1.91,0.0,Oct,2,2,1,20,Returning_Visitor,False,False
2,73.23,0,0.0,17,275.702381,0.04,0.04,0.0,0.6,May,3,2,1,3,Returning_Visitor,False,False
3,153.75,0,70.11,23,670.0,0.0,0.02,0.0,0.01,Oct,2,2,1,2,Returning_Visitor,False,False
5,613.6666667,1,0.0,34,1167.53,0.01,0.01,3.3,0.03,Oct,2,2,8,2,Returning_Visitor,False,False
3,184.29,1,73.52,9,358.4,0.0,0.015384615,12.84,0.0,Oct,2,2,1,2,Returning_Visitor,False,False
1,0.0,0,0.0,32,1551.23,0.01,0.027647059,0.0,0.01,Nov,2,2,4,2,Returning_Visitor,False,False
2,113.34,0,44.48,12,1825.6,0.0,0.033333333,5.11,0.04,Oct,2,2,2,2,Returning_Visitor,False,False
1,38.39,0,22.01,8,527.375,0.13,0.16,1.4,0.05,Mar,2,2,2,1,Returning_Visitor,False,False
1,0.0,0,21.39,2,16.0,0.0,0.1,0.0,0.04,Mar,2,2,2,4,Returning_Visitor,False,False
0,37.68,0,24.8,10,774.06,0.01,0.033333333,0.0,0.04,Mar,2,3,1,1,Returning_Visitor,False,False
1,0.0,0,27.37,7,304.3333333,0.02,0.03,3.25,0.18,May,1,1,1,2,Returning_Visitor,False,False
2,68.53,0,31.01,25,2026.2,0.0,0.029411765,1.63,0.03,Oct,2,2,1,2,Returning_Visitor,False,False
0,173.76,1,842.3,97,1911.711111,0.01,0.02,8.018832458,0.01,Jul,1,2,1,2,Returning_Visitor,False,True
1,59.16,0,59.62,2,94.0,0.01,0.1,1.82,0.01,Nov,2,2,1,1,Returning_Visitor,False,False
1,70.24,0,0.0,25,1344.99,0.01,0.004285714,70.2595851,0.01,Nov,2,2,1,2,Returning_Visitor,False,False
2,89.83,0,0.0,21,1169.65,0.02,0.053846154,2.79,0.04,May,2,2,7,1,Returning_Visitor,False,False
1,110.2,1,26.5,51,1066.73,0.01372549,0.02,3.82,0.0,Nov,2,2,1,2,Returning_Visitor,False,False
4,0.0,0,39.39,18,1520.31,0.0,0.033333333,0.0,0.03,Mar,2,2,1,2,Returning_Visitor,True,False
1,67.32,0,0.0,17,25.2,0.06,0.06,2.54,0.0,Feb,2,2,1,20,Returning_Visitor,False,False
1,50.07,0,22.22,11,1546.96,0.03,0.016434109,1.82,0.0,May,2,2,1,13,Returning_Visitor,False,False
1,44.41,0,50.11,16,1119.27,0.066666667,0.094444444,5.79,0.29,May,1,1,1,1,Returning_Visitor,False,False
3,32.0,0,0.0,20,1168.22,0.0,0.022222222,4.2,0.0,May,2,2,1,2,Returning_Visitor,False,False
0,59.35,0,0.0,8,1207.0,0.02,0.08,0.0,0.19,May,2,3,3,3,Returning_Visitor,False,False
4,184.3666667,1,77.88,35,3467.48,0.0,0.04,3.46,0.03,May,2,2,1,5,Returning_Visitor,False,False
2,97.04,0,32.0,16,864.83,0.007258065,0.03,3.42,0.05,Mar,1,1,3,8,Returning_Visitor,False,False
5,156.05,1,93.46,27,881.49,0.0,0.01,0.0,0.03,May,2,2,5,4,Returning_Visitor,False,False
1,72.75,0,3.0,10,803.57,0.036190476,0.06,0.0,0.08,Dec,2,2,2,2,Returning_Visitor,False,False
2,0.0,0,46.68,41,1238.55,0.01,0.01,0.0,0.07,Aug,2,5,1,3,Returning_Visitor,False,False
2,61.53,0,38.56,15,958.22,0.0,0.04,4.56,0.01,Mar,2,2,1,1,Returning_Visitor,False,False
5,498.9,1,0.0,42,1512.56,0.01,0.006020558,9.29,0.01,Oct,1,5,4,1,Returning_Visitor,False,False
1,0.0,0,26.61,14,249.0,0.04,0.064,2.26,0.0,Mar,1,1,3,1,Returning_Visitor,False,False
1,44.48,0,20.34,10,444.75,0.09,0.08,1.87,0.02,Mar,2,2,1,2,New_Visitor,False,True
3,164.17,1,74.2,33,937.53,0.0,0.02,0.0,0.02,Mar,3,2,2,2,New_Visitor,True,False
2,83.68,0,42.62,7,49.86666667,0.085714286,0.06,2.7,0.08,Feb,2,2,9,4,Returning_Visitor,False,False
2,142.95,1,0.0,23,733.08,0.0,0.03,3.76,0.0,Mar,2,2,1,1,Returning_Visitor,False,False
0,37.28,0,30.63,19,154.2166667,0.03,0.05,1.9,0.06,Feb,2,2,2,3,Returning_Visitor,False,False
1,52.64,0,21.76,11,560.25,0.1,0.12,2.12,0.03,Feb,2,2,2,2,Returning_Visitor,False,True
1,43.39,0,25.53,12,0.0,0.2,0.2,1.64,0.0,Jul,3,2,1,13,Returning_Visitor,False,False
1,79.2,0,0.0,19,1136.87,0.0,0.02,3.85,0.01,Nov,2,2,1,2,Returning_Visitor,False,True
0,0.0,0,27.46,12,0.0,0.2,0.2,0.0,0.07,Feb,1,1,1,3,Returning_Visitor,False,False
2,150.6,0,0.0,86,2380.32,0.023255814,0.041100372,0.0,0.04,Oct,2,2,1,1,Returning_Visitor,False,False
1,45.21,0,24.38,16,954.64,0.01,0.015,1.63,0.0,Mar,3,2,1,4,Returning_Visitor,True,False
1,41.99,0,19.78,10,955.9,0.06,0.09,1.81,0.0,Mar,2,2,3,2,Returning_Visitor,False,False
0,29.07,0,0.0,10,430.94,0.2,0.2,0.0,0.01,Dec,3,2,1,3,Returning_Visitor,False,False
0,33.95,0,21.48,1,966.51,0.2,0.2,0.0,0.03,Mar,1,1,1,1,Returning_Visitor,False,False
3,151.06,1,55.85,29,1467.58,0.006451613,0.021505376,5.46,0.04,Mar,2,2,2,1,Returning_Visitor,False,False
1,0.0,0,30.78,2,139.0,0.01,0.1,2.36,0.17,May,2,2,1,1,Returning_Visitor,False,False
1,89.53,0,0.0,19,1030.58,0.01,0.03,8.2,0.0,May,2,2,1,4,Returning_Visitor,False,False
1,54.63,0,0.0,9,386.25,0.01,0.022222222,0.0,0.05,Mar,3,2,6,4,Returning_Visitor,False,False
1,43.67,0,0.0,8,208.0,0.05,0.1,0.0,0.01,Nov,2,2,9,1,Returning_Visitor,True,False
1,0.0,1,36.33333333,38,1663.683333,0.02,0.02,1.71,0.02,Mar,2,2,1,1,Returning_Visitor,False,False
1,0.0,0,26.68,14,1363.4,0.0,0.05,0.0,0.06,Mar,3,2,6,1,Returning_Visitor,False,False
1,75.19,0,32.61,21,1059.88,0.15,0.012962963,0.0,0.8,May,2,2,1,3,Returning_Visitor,False,False
1,71.02,0,20.26,14,687.54,0.02,0.05,1.49,0.04,Oct,2,2,3,2,Returning_Visitor,False,False
1,51.16,0,14.0,7,430.23,0.01,0.04,1.66,0.02,Oct,1,1,2,2,Returning_Visitor,True,False
0,83.36,0,0.0,15,929.78,0.0,0.04,2.25,0.0,Sep,4,2,1,2,Returning_Visitor,False,False
1,45.03,0,0.0,15,663.67,0.06,0.17,1.49,0.0,Mar,2,2,3,1,Returning_Visitor,True,False
0,41.14,0,0.0,3,0.0,0.2,0.2,0.0,0.51,May,2,2,1,1,Returning_Visitor,False,False
2,111.87,0,29.43,17,1921.10307,0.01,0.032987654,5.290262526,0.13,Oct,2,2,3,1,Returning_Visitor,False,False
1,64.16,0,40.32,4,1172.77,0.0,0.05,0.0,0.0,Nov,2,2,1,2,Returning_Visitor,True,False
3,41.2,0,38.37,12,736.84,0.01,0.03,0.0,0.0,Aug,1,1,1,5,New_Visitor,False,False
1,49.3,0,0.0,27,2037.81,0.040740741,0.067530864,1.54,0.04,Mar,2,2,2,2,Returning_Visitor,False,False
0,184.54,1,69.61,20,2403.25,0.01,0.03,7.48,0.04,Oct,2,2,1,2,New_Visitor,False,False
2,72.88,0,26.49,23,1269.78,0.05,0.06,2.16,0.03,Mar,2,2,1,2,Returning_Visitor,False,False
1,0.0,0,42.85,13,273.25,0.01,0.077777778,0.0,0.0,Dec,2,2,5,1,Returning_Visitor,True,False
1,58.18,0,22.93,17,296.2333333,0.06,0.08,0.0,0.19,May,1,1,2,4,Returning_Visitor,True,False
2,0.0,0,0.0,16,2420.65,0.02,0.047826087,1.51,0.0,Mar,1,2,1,3,Returning_Visitor,False,False
2,81.03,0,116.0,24,769.92,0.026728111,0.023763441,2.13,0.04,May,3,2,1,4,Returning_Visitor,True,False
3,162.0,0,75.5,25,158.5,0.0,0.03,2.86,0.02,Oct,2,2,1,2,Returning_Visitor,False,False
5,44.74,1,129.75,18,1275.43,0.0,0.019230769,3.71,0.04,May,2,2,1,4,Returning_Visitor,False,False
0,33.06,0,0.0,7,615.03,0.01,0.025141243,3.68,0.25,May,2,4,2,4,Returning_Visitor,False,False
1,59.13,0,19.09,9,50.83333333,0.033333333,0.05,2.45,0.0,Nov,2,1,3,2,New_Visitor,False,False
3,19.0,1,0.0,28,3013.116917,0.001680672,0.02,3.48,0.01,Oct,2,2,1,2,Returning_Visitor,False,True
1,0.0,0,27.19,14,0.0,0.2,0.2,2.16,0.11,Mar,2,2,1,1,Returning_Visitor,False,False
0,0.0,1,6.0,13,933.6,0.01,0.017948718,2.3,0.01,Nov,2,4,1,2,Returning_Visitor,False,False
3,84.83333333,0,0.0,21,1897.6875,0.01,0.03,4.45,0.0,Oct,1,2,1,2,Returning_Visitor,False,True
1,38.0,0,0.0,12,709.07,0.028571429,0.05,0.0,0.01,Sep,2,2,4,2,Returning_Visitor,False,False
0,41.51,0,25.48,11,734.08,0.0,0.05,0.0,0.08,Feb,1,1,3,3,Returning_Visitor,True,False
1,44.38,0,21.19,9,696.86,0.06,0.07,17.34893623,0.02,Mar,2,2,3,2,Returning_Visitor,True,True
0,38.66,0,21.32,10,920.12,0.11,0.09,1.31,0.0,May,1,1,1,3,Returning_Visitor,False,False
1,88.51,0,24.96,15,2629.78,0.008928571,0.02,2.32,0.02,Mar,2,1,1,4,Returning_Visitor,True,False
18,179.45,1,0.0,26,1113.898538,0.02,0.04,0.0,0.0,Nov,2,2,1,2,Returning_Visitor,False,False
1,0.0,0,23.54,11,1403.76,0.05,0.03,1.52,0.2,Feb,2,2,1,4,Returning_Visitor,False,False
4,183.25,1,21.0,20,1327.81,0.01,0.004166667,7.76,0.0,Mar,2,2,1,2,Returning_Visitor,False,False
6,174.85,5,188.27,62,4081.041667,0.01,0.01,4.86,0.01,Nov,1,2,6,1,Returning_Visitor,False,False
1,68.0,0,27.4,13,870.6666667,0.02,0.04,0.0,0.08,Mar,2,4,1,2,Returning_Visitor,False,False
0,39.75,0,0.0,8,128.5,0.04,0.07,1.66,0.06,Mar,2,2,6,1,Returning_Visitor,False,False
1,44.48,0,0.0,1,559.76,0.2,0.2,2.35,0.01,Nov,1,3,3,8,Returning_Visitor,False,False
2,270.0,0,228.5,13,1518.85,0.0,0.04,1.65,0.0,Mar,2,2,1,2,Returning_Visitor,False,True
4,0.0,0,116.35,57,4115.233333,0.01,0.018421053,0.0,0.0,May,2,2,1,2,Returning_Visitor,False,False
0,0.0,0,40.81,17,59.0,0.17,0.175,1.48,0.8,May,2,2,9,1,Returning_Visitor,False,False
4,175.8666667,0,59.5,28,5.0,0.0,0.02,0.0,0.03,Oct,2,2,3,2,Returning_Visitor,False,False
1,0.0,0,0.0,11,0.0,0.2,0.2,1.87,0.8,May,2,2,1,11,Returning_Visitor,False,False
1,47.15,0,22.28,9,1058.22,0.04,0.06,3.69,0.01,Nov,2,2,1,2,Returning_Visitor,True,False
1,43.14,0,17.83,7,1385.5,0.08,0.08,1.8,0.04,Oct,2,2,1,3,Returning_Visitor,False,False
0,0.0,0,0.0,28,1157.02,0.0,0.007142857,0.0,0.03,Oct,2,2,3,2,Returning_Visitor,False,False
0,37.96,0,21.78,13,1376.33,0.15,0.09,0.0,0.0,May,2,2,1,3,Returning_Visitor,True,False
5,212.88,1,53.5,200,6671.290144,0.02,0.012152531,0.0,0.0,Oct,2,2,9,2,Returning_Visitor,False,False
0,48.54,0,0.0,9,1279.6,0.12,0.11,2.28,0.02,Mar,2,2,2,1,Returning_Visitor,False,False
1,16.66666667,0,0.0,10,1806.26,0.001298701,0.03,2.06,0.04,Mar,2,2,2,1,Returning_Visitor,False,False
1,0.0,0,16.8,7,0.0,0.07,0.2,3.81,0.0,Nov,3,2,3,8,New_Visitor,True,False
2,106.77,1,79.75,118,1907.65,0.013114754,0.031399948,3.33,0.01,Oct,2,2,1,20,Returning_Visitor,False,False
1,60.1,0,35.99,34,1333.166667,0.01,0.006060606,8.754045182,0.0,Dec,2,2,1,2,Returning_Visitor,False,True
0,0.0,0,0.0,15,849.16,0.01,0.03,3.38,0.01,Dec,3,2,3,1,Returning_Visitor,False,False
1,67.75,0,31.38,5,126.0833333,0.04,0.09,2.36,0.01,Nov,3,2,1,3,Returning_Visitor,False,False
1,54.83,0,21.64,11,521.925,0.010526316,0.07,1.49,0.03,Mar,2,2,2,4,Returning_Visitor,False,False
1,167.4061355,0,0.0,49,1010.16,0.0,0.01,3.2,0.0,Nov,2,2,3,2,New_Visitor,False,False
0,57.79,0,0.0,20,829.81,0.01,0.018421053,4.33,0.01,Dec,2,2,1,2,Returning_Visitor,False,True
1,82.69,0,26.67,14,1073.48,0.01,0.012357724,0.0,0.0,Nov,2,10,1,2,Returning_Visitor,False,False
3,121.43,0,49.88,55,1302.78,0.007272727,0.02,5.79089525,0.02,Oct,1,1,3,2,Returning_Visitor,False,False
4,85.16666667,4,197.45,31,1743.92,0.014035088,0.02,4.77,0.02,Oct,4,2,3,1,Returning_Visitor,False,False
1,70.76,0,41.1,13,157.0,0.01,0.05,3.9,0.34,May,1,1,6,1,Returning_Visitor,False,False
1,63.5,0,25.25,9,99.06666667,0.036363636,0.05,3.38,0.0,Oct,2,2,3,4,Returning_Visitor,True,False
1,7.0,0,34.37,20,454.9166667,0.009090909,0.025757576,0.0,0.0,Nov,2,2,9,2,Returning_Visitor,True,False
1,37.2,0,0.0,18,1079.99,0.01,0.008333333,0.0,0.0,Nov,2,4,9,2,Returning_Visitor,False,False
1,39.14,0,21.88,12,689.77,0.06,0.06,0.0,0.0,Oct,3,2,1,1,Returning_Visitor,False,False
1,0.0,0,0.0,14,222.2557143,0.009090909,0.03,5.19,0.0,Mar,2,2,1,2,Returning_Visitor,False,False
8,164.74,2,33.0,24,1356.07,0.01,0.02,4.06,0.1,May,2,2,1,6,Returning_Visitor,False,False
0,112.49,0,0.0,53,1624.320952,0.009803922,0.03,7.86,0.03,Sep,2,2,4,3,Returning_Visitor,False,False
1,59.59,0,0.0,10,1250.75,0.06,0.010997732,1.93,0.04,May,2,2,1,3,Returning_Visitor,False,False
0,0.0,0,90.4,34,1367.84,0.01,0.042323232,9.89,0.0,May,2,2,2,2,Returning_Visitor,False,False
2,43.95,0,56.4,10,1234.4,0.011764706,0.029411765,4.38,0.0,Aug,2,2,1,1,Returning_Visitor,False,False
1,65.17,0,61.59,1,808.62,0.2,0.2,1.85,0.0,Feb,1,6,2,1,Returning_Visitor,False,False
1,53.26,0,20.81,1,0.0,0.11,0.11,1.5,0.0,Mar,1,1,1,2,Returning_Visitor,False,False
3,188.15,1,101.12,39,922.61,0.01,0.02,3.89,0.02,Mar,3,2,3,2,Returning_Visitor,True,True
3,125.18,1,60.09,28,761.5,0.006896552,0.04,0.0,0.0,Oct,2,2,1,1,Returning_Visitor,False,False
1,72.14,0,25.2,12,1009.55,0.01,0.03,2.18,0.01,Jul,2,2,1,2,Returning_Visitor,False,False
3,165.11,1,99.28,30,2587.150595,0.008333333,0.013161376,12.39,0.02,May,1,2,7,2,Returning_Visitor,False,False
1,38.38,0,0.0,10,320.75,0.0,0.02,0.0,0.0,Mar,2,2,1,1,Returning_Visitor,False,False
0,57.13,0,23.63,9,670.34,0.04,0.06,6.96,0.47,May,3,2,6,7,Returning_Visitor,False,False
2,187.83,2,10.0,25,1183.83,0.0,0.004444444,2.98,0.01,Aug,8,4,9,20,Other,False,True
1,74.12,1,10.0,22,1233.307765,0.009142857,0.01,2.59,0.01,Dec,2,2,1,2,Returning_Visitor,False,False
0,0.0,0,36.73,16,217.0,0.005555556,0.031481481,1.84,0.8,May,1,1,6,4,Returning_Visitor,False,False
0,114.35,0,55.0,38,994.83,0.01,0.02,0.0,0.41,May,2,2,2,4,Returning_Visitor,False,False
1,56.93,0,0.0,14,163.0,0.02,0.011111111,1.81,0.02,Mar,3,2,1,3,Returning_Visitor,True,False
1,43.03,0,19.45,12,143.5833333,0.03,0.14,1.96,0.05,Oct,2,2,3,2,Returning_Visitor,False,False
2,120.33,0,0.0,36,878.6238095,0.0,0.02,6.33,0.0,Mar,2,2,1,2,Returning_Visitor,False,True
4,208.11,1,125.63,75,3537.991667,0.011714286,0.02,6.88,0.0,Oct,2,2,1,2,Returning_Visitor,False,False
1,0.0,0,52.7,15,1260.666667,0.057142857,0.107142857,0.0,0.43,May,2,2,5,1,Returning_Visitor,False,False
3,122.62,3,59.46,68,1664.14881,0.01,0.021846847,6.693658292,0.03,Oct,2,1,6,2,New_Visitor,False,True
4,200.5,0,64.18,34,1430.56,0.01,0.008333333,2.05,0.09,Nov,2,2,1,3,New_Visitor,False,True
2,101.05,0,30.45,16,1139.98,0.022222222,0.044444444,2.82,0.05,Oct,2,2,1,2,Returning_Visitor,False,False
1,94.66,0,33.9,6,216.0,0.0,0.033333333,0.0,0.02,Mar,2,2,7,10,Returning_Visitor,False,False
0,32.92,0,22.3,8,955.37,0.06,0.07,2.43,0.04,Feb,2,4,1,3,Returning_Visitor,False,False
3,180.8,0,62.08,21,408.4666667,0.01,0.0,2.97,0.01,Aug,2,2,1,2,Returning_Visitor,False,False
1,18.0,0,13.0,15,887.77,0.03,0.04,0.0,0.02,Oct,2,2,4,1,Returning_Visitor,False,False
1,0.0,0,21.53,8,856.96,0.01,0.031818182,0.0,0.09,Feb,2,10,2,1,Returning_Visitor,False,False
1,103.83,0,36.91,16,712.21,0.01,0.03,3.31,0.04,Oct,2,2,1,2,Returning_Visitor,False,True
0,0.0,0,25.31,14,1042.62,0.05,0.06,0.0,0.0,Oct,2,2,1,1,Returning_Visitor,False,False
4,98.8,0,0.0,32,1272.6,0.01,0.02,3.33,0.01,Jul,3,2,2,5,New_Visitor,True,False
3,261.41,4,185.4,84,3027.83,0.01,0.02,3.88,0.0,Oct,2,2,1,2,New_Visitor,False,False
0,44.34,0,32.95,18,1301.58,0.011111111,0.044444444,2.76,0.04,Mar,1,1,1,1,Returning_Visitor,False,False
1,62.0,0,0.0,13,392.9285714,0.01,0.03,0.0,0.0,May,2,2,3,2,Returning_Visitor,False,False
2,81.49,0,35.39,42,2151.3,0.0,0.032222222,2.94,0.01,Oct,2,1,1,2,Returning_Visitor,True,False
2,43.0,0,0.0,19,725.3333333,0.005714286,0.03,0.0,0.0,May,2,2,3,13,Returning_Visitor,False,False
5,129.5,1,126.43,13,1290.41,0.01,0.02,0.0,0.02,Mar,2,2,2,2,Returning_Visitor,False,False
3,221.26,0,89.11,42,2024.07,0.0,0.033333333,94.10360412,0.03,Oct,2,2,2,2,Returning_Visitor,False,True
5,109.8333333,1,100.32,29,1646.5,0.01,0.01,64.46185714,0.0,Nov,1,1,6,4,Returning_Visitor,False,False
4,192.49,1,68.41,10,1594.95,0.01,0.002777778,3.66,0.0,Aug,2,2,7,2,Returning_Visitor,False,False
2,68.65,0,25.93,1,448.81,0.01,0.04,1.72,0.04,Feb,1,2,3,4,Returning_Visitor,False,False
0,0.0,0,28.58,14,806.01,0.01,0.031153846,0.0,0.0,Aug,2,2,4,1,Returning_Visitor,False,False
3,152.15,1,31.0,95,4817.924102,0.01,0.02,7.4,0.01,Nov,1,1,5,2,Returning_Visitor,False,True
2,61.36,0,46.62,3,1343.45,0.02,0.066666667,6.89,0.0,Mar,1,1,3,1,Returning_Visitor,False,False
8,210.41,1,79.6,5,1469.02,0.01,0.014285714,0.0,0.01,Oct,2,2,2,2,New_Visitor,False,False
0,61.57,0,0.0,16,383.0,0.031818182,0.05,1.9,0.03,Oct,1,1,1,3,Returning_Visitor,True,False
4,139.68,1,93.82,40,1743.52,0.01,0.042311136,48.66071756,0.01,Nov,2,2,1,2,Returning_Visitor,True,True
0,52.75,0,37.42,14,604.16,0.2,0.2,1.88,0.31,May,2,1,3,3,Returning_Visitor,False,False
1,40.88,0,0.0,4,135.5,0.01,0.066666667,0.0,0.0,Mar,3,2,6,1,Returning_Visitor,False,False
4,141.0,0,45.76,28,917.36,0.008333333,0.02,2.47,0.03,Oct,2,2,7,2,Returning_Visitor,False,False
1,13.5,1,21.25,12,1759.275703,0.01,0.020644542,1.55,0.05,Mar,2,2,1,2,Returning_Visitor,False,False
15,382.3466667,1,209.25,32,2022.04,0.02,0.01038961,2.12,0.01,Aug,3,2,1,2,Returning_Visitor,False,False
1,113.8,0,0.0,15,826.17,0.02,0.06,1.4,0.01,Nov,2,2,1,3,Returning_Visitor,False,False
1,0.0,0,0.0,12,12.0,0.0,0.04,2.16,0.0,Oct,2,10,3,2,Returning_Visitor,False,False
1,70.5,0,92.72,28,1232.22,0.014285714,0.016269841,17.46396119,0.0,Nov,2,2,3,1,Returning_Visitor,False,False
6,171.17,1,235.75,21,1338.933333,0.01,0.008695652,0.0,0.0,Dec,2,2,9,1,Returning_Visitor,False,False
0,47.9,0,26.54,15,268.5,0.01,0.1,2.41,0.42,May,2,2,6,3,Returning_Visitor,False,False
8,113.8,0,63.62,31,368.9,0.02,0.02,1.92,0.0,May,3,2,2,13,Returning_Visitor,False,False
6,174.75,0,35.15,33,1080.02,0.010810811,0.03,31.74373458,0.03,Oct,2,2,1,2,Returning_Visitor,False,True
0,0.0,0,27.0,13,1218.030952,0.02,0.05,3.65,0.0,Dec,2,2,7,1,Returning_Visitor,False,False
4,133.56,1,0.0,26,2105.38,0.0,0.0375,0.0,0.0,Nov,1,1,3,2,New_Visitor,True,False
3,203.92,1,107.06,43,5900.351378,0.0,0.02,4.84,0.01,Mar,3,2,1,10,Returning_Visitor,False,False
0,0.0,0,21.11,11,488.4090909,0.02,0.08,0.0,0.0,Mar,1,8,1,1,Returning_Visitor,False,True
2,40.9,0,39.12,21,1419.11,0.018181818,0.027272727,5.37,0.08,May,3,2,1,4,Returning_Visitor,True,False
7,327.93,1,0.0,57,1553.696667,0.01,0.019047619,4.83,0.0,June,2,2,1,1,Returning_Visitor,False,False
2,135.96,1,42.21,18,804.4,0.0,0.02,4.79,0.01,Oct,1,2,1,2,Returning_Visitor,False,False
1,49.15,1,29.5,10,1157.583333,0.02,0.04,1.72,0.04,Mar,2,2,2,2,Returning_Visitor,False,False
2,86.4,0,0.0,22,207.6,0.02,0.05,1.86,0.07,Oct,2,2,9,2,Returning_Visitor,False,False
0,210.61,2,0.0,60,2606.779545,0.006666667,0.01,12.48,0.0,Dec,2,2,3,1,Returning_Visitor,False,False
4,39.5,1,87.67,29,3909.620363,0.002409639,0.022377452,7.85,0.0,Feb,2,2,3,2,Returning_Visitor,False,False
3,119.0,0,50.67,19,560.7,0.01,0.02,4.48,0.01,Mar,3,2,2,10,Returning_Visitor,False,False
8,451.2836134,10,80.67,48,2909.24,0.03,0.04,2.18,0.02,Oct,2,2,1,2,New_Visitor,True,True
2,54.6,0,22.13333333,22,1100.789082,0.02,0.04,1.81,0.09,Oct,2,2,1,1,Returning_Visitor,False,False
1,70.19,0,29.58,18,813.76,0.02,0.04,2.23,0.03,Feb,2,2,4,6,Returning_Visitor,False,False
1,45.35,0,17.95,11,0.0,0.02,0.04,2.12,0.06,Oct,2,2,1,1,Returning_Visitor,False,False
2,38.0,0,20.0,25,2931.580303,0.01,0.02,0.0,0.03,Feb,2,2,4,2,Returning_Visitor,False,False
0,0.0,0,53.64,26,316.1333333,0.01,0.05,0.0,0.12,Oct,2,2,3,1,Returning_Visitor,False,False
5,177.08,2,135.6,49,661.1388889,0.01,0.027083333,0.0,0.03,May,2,2,1,2,Returning_Visitor,False,True
9,248.73,1,230.39,59,2002.230612,0.02,0.023333333,0.0,0.14,Oct,2,2,1,1,Returning_Visitor,False,False
1,0.0,0,24.28,11,729.57,0.08,0.13,1.79,0.01,Dec,3,2,1,1,Returning_Visitor,False,False
1,0.0,0,0.0,17,927.1666667,0.01,0.014705882,2.41,0.01,Mar,1,1,2,3,Returning_Visitor,True,False
1,89.06,0,43.86,44,2279.222222,0.001111111,0.02,9.86,0.3,May,2,2,7,4,Returning_Visitor,False,False
1,87.91666667,1,0.0,46,697.5,0.01,0.04,6.02352321,0.01,Dec,1,1,1,2,Returning_Visitor,False,False
2,160.2,2,21.2,19,1568.320833,0.04,0.02292517,28.05716135,0.02,Oct,2,2,2,2,Returning_Visitor,False,False
4,317.6282051,2,256.5,42,3675.940705,0.006741573,0.017420532,11.62288468,0.02,Oct,2,2,1,2,Returning_Visitor,True,True
1,50.64,0,43.63,27,850.45,0.021428571,0.067857143,10.42,0.53,May,4,2,2,1,Returning_Visitor,False,False
2,104.61,0,50.97,23,1193.89,0.01,0.03,0.0,0.0,Nov,2,2,9,1,Returning_Visitor,True,False
3,173.15,1,14.0,13,1216.31,0.01,0.0125,0.0,0.0,Nov,2,2,1,2,New_Visitor,True,False
1,54.84,0,27.26,19,580.68,0.01,0.02,0.0,0.21,May,2,5,1,3,Returning_Visitor,False,False
1,55.71,0,0.0,15,1211.11,0.005,0.02,1.84,0.03,Oct,2,2,4,1,Returning_Visitor,False,False
2,218.4027778,0,0.0,27,897.7837302,0.01,0.019805195,2.14,0.1,Oct,2,2,1,3,Returning_Visitor,False,False
5,66.4,3,112.97,37,4031.561667,0.01,0.010238095,0.0,0.0,Oct,2,2,1,2,Returning_Visitor,False,False
4,126.74,1,69.6,35,2102.94,0.0,0.04,2.04,0.0,Oct,2,2,1,2,Returning_Visitor,False,False
3,157.47,2,69.5,36,1598.73,0.01,0.019354839,0.0,0.01,Nov,2,2,1,2,Returning_Visitor,False,False
1,0.0,0,22.89,9,569.26,0.05,0.08,0.0,0.0,Feb,2,4,3,4,Returning_Visitor,False,False
1,52.0,0,0.0,11,1265.75,0.0,0.03,4.1976,0.02,May,2,2,8,1,Returning_Visitor,False,False
2,165.1,0,0.0,32,1060.79,0.01,0.03,4.09,0.01,Aug,2,2,3,2,Returning_Visitor,False,False
1,45.21,0,0.0,9,633.44,0.16,0.2,0.0,0.5,May,3,2,2,7,Returning_Visitor,False,False
0,30.3,0,23.44,11,1124.01,0.022222222,0.05,0.0,0.0,Feb,2,1,1,3,Returning_Visitor,False,False
0,0.0,0,17.34,5,419.49,0.04,0.11,0.0,0.11,Mar,1,1,3,3,Returning_Visitor,False,False
2,5.0,0,71.46,26,1405.327056,0.01,0.006349206,8.44235219,0.0,Nov,2,2,1,2,Returning_Visitor,False,True
1,8.0,0,23.28,12,643.875,0.09,0.1,0.0,0.04,Mar,2,4,1,3,Returning_Visitor,False,False
6,121.32,0,47.86,21,1217.65,0.0,0.02,2.43,0.01,Oct,2,2,3,2,New_Visitor,False,False
5,156.77,0,0.0,27,1197.23,0.01,0.01,2.52,0.01,Mar,2,7,1,2,Returning_Visitor,True,True
1,7.0,0,0.0,11,1627.23,0.0,0.08,1.56,0.03,Mar,2,2,2,4,Returning_Visitor,False,False
0,0.0,0,23.85,12,808.96,0.01,0.053030303,1.92,0.0,Mar,2,2,1,1,Returning_Visitor,False,False
1,17.0,0,37.23,14,921.92,0.04,0.088888889,0.0,0.01,Nov,2,2,1,2,Returning_Visitor,False,False
1,60.56,1,31.45,13,1198.16,0.0,0.02,2.17,0.16,May,1,1,1,4,Returning_Visitor,False,False
2,33.0,0,39.63,25,1283.92,0.0,0.02,60.29018448,0.03,Nov,2,2,2,4,Returning_Visitor,False,True
2,109.9,0,72.57,9,807.33,0.01,0.03,0.0,0.0,Dec,2,2,4,8,Returning_Visitor,False,False
24,876.2333333,2,625.5,61,1588.666667,0.01,0.02,0.0,0.03,Oct,2,2,5,1,Returning_Visitor,False,False
1,0.0,0,31.06,17,1539.59,0.03,0.081481481,1.67,0.0,Mar,1,1,1,1,Returning_Visitor,False,False
5,112.67,0,57.14,26,677.8833333,0.01,0.006060606,0.0,0.03,Oct,1,2,1,2,Returning_Visitor,False,False
8,373.42,4,174.51,41,385.75,0.0,0.02,0.0,0.0,May,2,2,3,4,Returning_Visitor,False,False
0,0.0,0,22.05,11,932.06,0.03,0.07,2.41,0.01,Nov,2,2,9,2,Returning_Visitor,True,False
0,0.0,0,0.0,7,383.5,0.0,0.023809524,0.0,0.01,Mar,3,2,6,1,Returning_Visitor,False,False
0,0.0,0,0.0,12,850.35,0.1,0.18,0.0,0.0,Feb,3,3,2,3,Returning_Visitor,False,False
1,45.77,0,24.46,18,989.83,0.01,0.066666667,2.76,0.09,Aug,1,1,4,3,Returning_Visitor,False,False
0,104.1,0,26.98,15,20.0,0.0,0.066666667,3.79,0.17,Mar,2,2,1,2,Returning_Visitor,False,False
19,739.1948718,2,8.0,87,3644.12,0.02,0.03,6.01,0.01,Nov,2,2,1,1,Returning_Visitor,False,False
1,47.7,0,0.0,10,1156.07,0.05,0.08,2.81,0.0,Oct,2,2,2,1,Returning_Visitor,False,True
1,54.38,0,21.54,20,1695.41,0.05,0.033333333,2.47,0.04,Oct,2,2,1,2,Returning_Visitor,True,False
0,0.0,0,30.36,1,1035.88,0.2,0.2,1.8,0.14,Mar,3,2,1,1,Returning_Visitor,False,False
2,107.62,0,119.0,33,1569.58,0.004444444,0.03,2.15,0.01,Oct,2,2,4,1,Returning_Visitor,False,False
2,165.23,0,70.34,23,392.4,0.0,0.04,4.57,0.0,May,2,2,3,1,Returning_Visitor,False,False
1,59.43,0,0.0,11,1209.15,0.0,0.02,2.5,0.04,Oct,2,2,1,1,Returning_Visitor,False,False
5,190.5,3,575.0,30,2375.083333,0.01,0.011111111,34.79013586,0.03,Dec,2,2,3,2,Returning_Visitor,False,True
1,86.57,0,0.0,27,1058.893939,0.02,0.02,1.865777778,0.06,May,3,2,6,13,Returning_Visitor,False,False
0,208.58,1,193.08,84,12634.62089,0.01,0.022134495,3.984110696,0.0,May,2,2,1,4,Returning_Visitor,False,False
2,59.38,0,34.32,26,717.79,0.01,0.02,1.94,0.06,May,2,5,6,1,Returning_Visitor,False,False
7,186.1,1,200.78,46,2059.98,0.01,0.025641026,20.91692308,0.0,May,2,2,1,1,Returning_Visitor,False,False
2,5.0,1,80.06,44,2127.8,0.025,0.07,0.0,0.0,Feb,2,2,1,1,Returning_Visitor,False,False
1,0.0,0,21.62,27,875.5,0.0,0.03,2.97,0.03,Feb,2,2,1,2,Returning_Visitor,False,False
4,157.3889922,1,106.7,46,2120.03,0.01,0.02,4.68,0.0,Oct,2,2,2,2,Returning_Visitor,False,False
1,59.36,0,0.0,8,0.0,0.02,0.04,0.0,0.09,May,2,2,6,3,Returning_Visitor,False,False
0,0.0,0,21.76,10,1301.25,0.13,0.1,0.0,0.04,Mar,2,2,1,1,Returning_Visitor,True,False
2,86.06,0,40.87,88,1092.27,0.01,0.02,2.2,0.0,Oct,2,2,8,2,Returning_Visitor,False,False
4,144.8333333,1,105.2,28,1353.72,0.0,0.02,9.09,0.01,Oct,2,2,1,2,Returning_Visitor,False,False
1,42.22,0,23.4,14,1296.6,0.06,0.07,1.87,0.02,May,2,2,4,1,Returning_Visitor,False,True
1,59.5,1,27.48,14,1165.39,0.07,0.05,5.344898889,0.02,Oct,2,2,1,6,Returning_Visitor,False,True
0,56.85,0,0.0,11,335.4166667,0.02,0.07,2.89,0.0,Nov,1,1,1,2,Returning_Visitor,False,False
2,39.8,0,37.39,22,132.4,0.04,0.006666667,4.02,0.0,Oct,2,2,1,2,New_Visitor,True,True
5,310.0,0,32.52,16,416.4,0.01,0.011111111,2.28,0.03,Mar,2,2,3,2,New_Visitor,True,False
1,66.85,0,37.48,19,899.25,0.0,0.05,0.0,0.01,Mar,2,2,1,1,Returning_Visitor,False,False
1,74.42,0,135.0,27,517.3928571,0.04,0.011458333,2.36,0.05,May,2,2,2,4,Returning_Visitor,True,True
1,40.02,0,28.96,38,757.21,0.02,0.05,1.58,0.01,Dec,2,4,2,1,Returning_Visitor,False,True
1,42.67,0,24.07,7,499.05,0.0,0.03,3.28,0.0,May,2,1,3,4,New_Visitor,True,False
1,63.42,0,0.0,26,1636.016667,0.02,0.021794872,0.0,0.01,Mar,2,2,1,1,Returning_Visitor,False,False
3,337.58,0,0.0,41,1812.65,0.01,0.01,0.0,0.0,May,2,2,1,3,Returning_Visitor,False,False
3,0.0,0,65.81,89,2227.05,0.002247191,0.014700375,0.0,0.05,Mar,4,2,2,1,Returning_Visitor,False,True
1,115.05,0,0.0,10,1082.08,0.007142857,0.02,6.44,0.01,Jul,2,2,6,1,Returning_Visitor,False,True
3,106.85,0,45.0,28,1412.5,0.04,0.03,2.26,0.08,Aug,2,2,7,13,Returning_Visitor,False,False
7,228.25,0,0.0,39,968.0924451,0.01547619,0.02,3.9,0.06,Oct,3,2,2,1,Returning_Visitor,False,False
0,128.9,0,45.0,21,1146.3,0.01,0.033333333,7.41,0.25,May,2,2,2,4,Returning_Visitor,False,False
13,1230.333333,7,286.0833333,150,3147.245589,0.02,0.026801619,1.597803468,0.0,Dec,1,1,1,2,Returning_Visitor,False,True
3,48.0,0,60.22,35,1698.0,0.005714286,0.02,2.7,0.0,Nov,4,1,1,3,Returning_Visitor,False,True
2,108.08,0,0.0,25,1040.75,0.0,0.02,3.84,0.0,Oct,4,1,2,2,Returning_Visitor,True,False
0,37.27,0,0.0,8,724.35,0.1,0.08,0.0,0.0,Mar,2,2,3,2,Returning_Visitor,False,False
2,0.0,0,43.98,26,286.0,0.11,0.19,0.0,0.8,May,2,4,9,2,Returning_Visitor,False,False
0,38.38,0,0.0,3,430.34,0.07,0.07,2.5,0.32,May,3,2,2,15,Returning_Visitor,False,False
3,58.5,0,49.46,17,281.6666667,0.007058824,0.02,2.31,0.03,Oct,1,1,3,2,Returning_Visitor,False,False
4,153.48,0,54.17,11,1897.14,0.0,0.014219114,0.0,0.03,Mar,2,2,9,2,Returning_Visitor,False,False
4,97.34,0,62.45,5,1586.21,0.01,0.01,0.0,0.02,May,2,2,4,2,Returning_Visitor,False,False
0,34.93,0,0.0,8,686.35,0.03,0.16,0.0,0.01,Nov,1,1,1,2,Returning_Visitor,False,False
16,324.82,1,205.07,103,2654.4,0.03,0.04,7.224419132,0.0,Oct,2,2,1,2,Returning_Visitor,True,False
1,87.94,0,31.76,3,843.21,0.0,0.02,4.48,0.01,Nov,3,2,1,10,Returning_Visitor,False,False
1,45.92,0,18.59,8,1170.1,0.08,0.09,0.0,0.04,Mar,2,2,1,3,Returning_Visitor,False,False
1,0.0,0,0.0,9,721.4166667,0.02,0.00952381,0.0,0.0,Nov,1,2,3,8,New_Visitor,True,False
1,76.05,0,23.1,10,782.0833333,0.0,0.005882353,23.03329412,0.06,May,2,2,1,4,New_Visitor,False,True
0,0.0,0,32.41,2,64.5,0.0,0.03,4.1,0.0,Nov,2,2,8,2,Returning_Visitor,False,False
2,137.0,0,49.72,20,654.35,0.01,0.03,2.68,0.0,Oct,1,2,7,4,Returning_Visitor,False,True
1,45.25,0,17.6,24,1116.73,0.0,0.08,1.48,0.03,Mar,2,2,2,1,Returning_Visitor,False,False
1,86.08333333,0,0.0,12,696.48,0.01,0.04,0.0,0.0,Mar,2,2,3,2,Returning_Visitor,True,False
0,42.2,0,22.91,8,1134.19,0.06,0.08,1.87,0.06,Feb,2,4,1,1,Returning_Visitor,False,False
5,1305.114737,4,167.87,48,1161.479023,0.009803922,0.01,12.76490187,0.0,May,1,2,3,20,Returning_Visitor,False,True
11,1751.047619,3,548.09,89,2410.09,0.01,0.02,4.279294118,0.81,May,2,4,1,1,Returning_Visitor,False,False
1,42.29,0,28.62,11,531.77,0.01,0.066666667,0.0,0.01,Dec,1,1,1,1,Returning_Visitor,False,False
6,249.43,1,0.0,140,3655.17,0.003448276,0.02,3.77,0.0,Aug,2,2,6,13,Returning_Visitor,False,True
2,111.52,0,25.0,31,2725.0,0.010909091,0.02,2.17,0.08,Mar,2,6,3,1,Returning_Visitor,False,False
1,46.69,0,26.13,10,515.73,0.01,0.04,1.91,0.0,Dec,3,2,1,2,Returning_Visitor,False,True
3,86.24,0,51.6,85,1869.16,0.002657807,0.015013618,0.0,0.05,Oct,2,2,2,3,Returning_Visitor,True,False
2,70.95,0,25.11,22,3559.93,0.03,0.05,2.86,0.02,Oct,1,1,1,2,New_Visitor,True,False
1,42.31,0,27.91,12,592.34,0.1,0.13,2.16,0.0,Oct,2,2,1,3,Returning_Visitor,False,False
4,161.2,0,129.22,7,879.33,0.01,0.02,9.36,0.02,Oct,3,2,2,7,Returning_Visitor,False,False
3,0.0,0,26.66,17,1452.13,0.0,0.027058824,0.0,0.02,Mar,2,2,2,2,Returning_Visitor,False,False
3,192.5,0,0.0,16,712.06,0.01,0.02,11.72,0.01,Mar,2,2,3,2,New_Visitor,False,False
0,71.67,0,35.51,16,831.08,0.007446809,0.04,0.0,0.0,Sep,2,2,1,2,Returning_Visitor,False,False
1,53.58,0,0.0,1,1574.22,0.2,0.2,1.67,0.07,Feb,2,2,1,3,Returning_Visitor,False,False
1,0.0,0,0.0,16,19.0,0.02,0.1,3.01,0.0,Mar,2,2,1,11,Returning_Visitor,True,False
2,143.1,1,26.5,27,1444.11,0.009302326,0.02,0.0,0.01,Nov,2,2,4,1,Returning_Visitor,False,False
1,48.11,0,41.83,19,0.0,0.2,0.2,2.88,0.0,Mar,3,2,1,1,Returning_Visitor,False,False
2,0.0,0,37.13,19,1510.21,0.01,0.031944444,4.13,0.0,Mar,2,2,6,1,Returning_Visitor,False,False
2,53.75,0,72.96,25,686.27,0.01,0.01,0.0,0.0,Dec,3,2,2,2,Returning_Visitor,False,False
1,5.0,0,0.0,21,1342.5,0.01,0.04,4.3,0.11,Feb,3,2,2,2,Returning_Visitor,False,False
0,0.0,0,28.33,3,1070.1,0.0,0.066666667,0.0,0.01,Nov,2,4,3,2,Returning_Visitor,False,False
3,236.38,1,84.35,28,1197.666667,0.01,0.02,3.75,0.09,May,2,2,2,5,New_Visitor,False,False
1,38.4,0,21.16,16,3563.84,0.04,0.07,1.78,0.0,Nov,1,1,1,2,Returning_Visitor,True,False
2,91.0,3,23.09,69,3596.933967,0.02,0.00985167,1.39,0.03,Oct,1,1,3,2,Returning_Visitor,False,False
2,77.05,0,39.52,22,937.8075758,0.01025641,0.039316239,0.0,0.0,Oct,2,2,1,1,Returning_Visitor,False,False
2,99.3,1,0.0,15,181.5,0.0125,0.05,0.0,0.23,May,2,5,3,1,Returning_Visitor,False,False
1,60.31,0,20.96,11,561.83,0.08,0.08,0.0,0.0,Dec,2,2,1,2,Returning_Visitor,False,False
2,53.03,2,35.74,20,1779.65,0.02,0.069230769,0.0,0.03,Oct,2,2,3,1,Returning_Visitor,False,False
0,39.95,0,27.31,8,582.5,0.0,0.04,2.07,0.17,May,2,4,2,4,Returning_Visitor,False,False
2,0.0,1,55.35,19,127.5,0.01,0.04,3.92,0.0,Nov,2,2,6,1,Returning_Visitor,False,False
0,0.0,0,27.98,11,800.8333333,0.02,0.003636364,0.0,0.0,May,2,2,1,3,Returning_Visitor,False,False
1,47.75,0,19.59,17,1273.79,0.0,0.029411765,0.0,0.05,Mar,2,2,2,2,Returning_Visitor,False,False
1,0.0,0,0.0,12,1938.06,0.0,0.09,1.65,0.03,Mar,2,2,2,4,Returning_Visitor,False,False
1,22.2,0,26.21,11,606.2,0.0,0.001388889,1.59,0.0,May,2,2,7,3,New_Visitor,False,False
3,28.2,0,44.97,2,1000.0,0.066666667,0.08,3.34,0.0,Feb,1,8,2,1,Returning_Visitor,False,False
3,122.18,0,28.2,28,203.0677778,0.01,0.02,44.35972562,0.0,Nov,2,2,1,2,Returning_Visitor,False,True
1,42.5,0,19.67,10,342.1666667,0.03,0.06,1.65,0.06,Oct,2,2,1,1,Returning_Visitor,False,True
1,0.0,0,28.45,11,1999.833333,0.01,0.06,0.0,0.07,May,2,2,7,4,Returning_Visitor,False,False
2,77.85,0,0.0,14,901.95,0.01,0.01,50.4111604,0.02,Aug,2,2,8,1,Returning_Visitor,False,True
8,359.0,1,133.2,19,2303.29,0.01,0.02,0.0,0.0,Oct,2,2,1,2,Returning_Visitor,False,False
1,0.0,0,47.29,9,699.54,0.03,0.05,4.29,0.3,May,2,2,1,3,Returning_Visitor,False,False
1,0.0,0,28.57,22,762.547619,0.0,0.04,0.0,0.01,Mar,2,1,3,1,Returning_Visitor,True,False
3,61.26666667,0,0.0,21,1110.09,0.0,0.00952381,9.84,0.0,Sep,2,2,1,2,New_Visitor,False,False
1,33.3,0,0.0,11,637.32,0.01,0.04,0.0,0.0,May,2,2,6,1,Returning_Visitor,False,False
1,55.55,0,26.57,33,950.98,0.0,0.03,2.05,0.01,Nov,1,1,9,10,Returning_Visitor,False,False
4,203.2,1,80.21,34,1285.22,0.0,0.02,7.85,0.01,May,2,2,4,4,New_Visitor,False,False
1,0.0,0,18.81,12,631.77,0.0,0.03,1.71,0.04,Oct,2,2,3,2,Returning_Visitor,False,False
1,70.24,0,136.1714286,19,1001.96,0.03,0.04,0.0,0.03,May,2,2,8,4,Returning_Visitor,True,False
2,48.8,1,49.79,11,494.58,0.015384615,0.03,0.0,0.0,Feb,3,2,3,4,Returning_Visitor,False,False
1,61.82,0,20.41,10,605.58,0.06,0.06,0.0,0.09,Sep,2,2,1,2,Returning_Visitor,False,False
1,47.44,0,23.63,2,19.0,0.0,0.07,0.0,0.01,Mar,2,2,2,1,Returning_Visitor,False,False
4,176.33,1,146.23,21,1169.9,0.0,0.021875,0.0,0.26,May,2,2,2,13,Returning_Visitor,False,False
2,88.85,0,31.56,4,1295.15,0.01,0.0,2.83,0.0,Aug,2,2,1,2,Returning_Visitor,False,False
1,16.2,0,37.14,4,690.3,0.025,0.03,0.0,0.0,Sep,2,4,2,3,Returning_Visitor,False,True
3,179.91,1,1530.0,97,3115.07,0.02,0.03,5.29,0.01,Nov,2,2,1,2,Returning_Visitor,False,False
2,91.8,0,30.98,6,112.0,0.0,0.028571429,3.71,0.03,Feb,2,2,3,2,Returning_Visitor,False,False
0,67.24,0,20.19,10,850.25,0.0,0.006060606,3.09,0.01,Nov,2,2,9,2,New_Visitor,False,False
6,334.1666667,2,34.0,42,4817.369546,0.01,0.02,11.97037051,0.05,May,2,2,9,2,Returning_Visitor,False,False
0,52.84,0,24.66,12,607.65,0.11,0.12,1.56,0.0,May,2,2,2,4,Returning_Visitor,False,False
1,39.44,0,0.0,9,723.08,0.01,0.038095238,0.0,0.06,Mar,2,5,2,1,Returning_Visitor,False,False
1,100.64,0,35.31,16,107.1666667,0.02,0.04,0.0,0.01,Nov,2,2,9,2,New_Visitor,False,False
1,72.01,0,22.98,12,101.8,0.01,0.01,0.0,0.0,Oct,2,2,6,2,Returning_Visitor,False,False
2,53.96,0,27.72,8,2847.71,0.02,0.025,1.66,0.04,Oct,1,1,3,3,Returning_Visitor,True,False
0,0.0,0,0.0,20,3543.809524,0.01,0.01,0.0,0.0,Mar,2,2,4,1,Returning_Visitor,False,False
1,66.47,0,33.75,18,1435.81,0.02,0.073333333,1.57,0.03,Oct,2,2,1,2,Returning_Visitor,False,False
2,141.86,1,0.0,16,665.72,0.0,0.02,26.18180656,0.0,Jul,1,2,1,2,New_Visitor,False,False
0,43.63,0,23.5,13,480.0,0.02,0.08,14.1374752,0.0,Nov,1,1,1,3,Returning_Visitor,False,True
0,35.77,0,0.0,11,1213.25,0.01,0.072727273,0.0,0.0,Mar,2,2,3,1,Returning_Visitor,False,False
0,0.0,0,0.0,26,1122.42,0.01,0.04,1.83,0.0,Mar,3,4,9,2,Returning_Visitor,True,False
2,168.17,0,91.23,30,546.669697,0.01,0.02,5.99,0.0,Oct,2,2,1,2,Returning_Visitor,False,False
2,84.25,0,0.0,11,1144.76,0.01,0.02,2.82,0.03,Oct,1,1,1,4,Returning_Visitor,False,False
1,50.35,0,29.08,9,931.6,0.0,0.04,1.63,0.0,Aug,2,2,1,1,Returning_Visitor,False,False
1,50.42,0,24.7,10,846.91,0.03,0.15,0.0,0.01,Nov,2,2,9,2,Returning_Visitor,False,False
2,94.58,0,48.3,63,1108.369762,0.0,0.002786596,3.51,0.0,Feb,2,2,1,2,Returning_Visitor,False,True
0,41.64,0,24.26,13,207.1666667,0.11,0.07,1.79,0.6,May,2,2,1,11,Returning_Visitor,False,False
0,51.96,0,0.0,8,88.5,0.09,0.12,0.0,0.05,Mar,2,2,6,3,Returning_Visitor,False,False
0,72.2,0,0.0,14,655.71,0.01,0.007142857,0.0,0.02,Mar,1,1,3,2,Returning_Visitor,False,False
7,350.6,1,84.15,68,1644.17,0.01,0.02,4.0,0.02,Oct,1,1,3,2,Returning_Visitor,False,False
6,201.0,0,131.55,62,2731.93,0.006896552,0.016803503,66.57412378,0.04,Aug,2,2,4,2,Returning_Visitor,False,False
3,93.5,0,58.12,28,1341.01,0.0,0.004807692,32.13922216,0.05,Oct,2,2,1,2,Returning_Visitor,False,False
2,94.48,0,0.0,21,1568.14,0.0,0.03,4.91,0.0,Oct,2,2,1,2,Returning_Visitor,False,False
3,111.81,0,49.54,28,626.6,0.0,0.024242424,2.9,0.06,Oct,2,2,2,2,Returning_Visitor,True,False
0,0.0,1,0.0,73,1607.02,0.01,0.01,0.0,0.0,May,2,4,2,4,Returning_Visitor,False,False
8,40.0,5,354.66,62,2440.82,0.01,0.02,4.93,0.0,Nov,3,2,2,9,Returning_Visitor,True,True
1,44.81,0,0.0,12,861.4,0.01,0.018181818,0.0,0.01,Mar,2,2,8,2,Returning_Visitor,False,False
1,73.32,0,0.0,10,98.33333333,0.028571429,0.032653061,0.0,0.13,May,2,2,2,3,Returning_Visitor,False,False
2,51.0,0,47.05,35,1475.266667,0.01,0.024867725,4.98,0.0,May,2,2,2,3,Returning_Visitor,False,True
2,136.5,0,53.22,10,987.83,0.01,0.016666667,3.02,0.14,Oct,3,3,3,4,New_Visitor,False,False
9,183.7857143,1,90.0,95,1478.14,0.00211827,0.02,5.932009013,0.04,Mar,3,2,2,1,Returning_Visitor,False,True
1,46.92,0,21.45,10,1063.57,0.15,0.14,1.4,0.04,Mar,1,1,1,1,Returning_Visitor,False,False
5,294.7,1,329.5,57,2272.21,0.003214696,0.014766169,2.346800426,0.0,Oct,2,2,4,2,Returning_Visitor,False,False
6,631.1073171,1,7.6,32,1167.1,0.01,0.01,35.51518951,0.03,May,2,2,5,6,Returning_Visitor,False,False
2,75.42,0,0.0,23,1369.91,0.0,0.008,0.0,0.02,Oct,2,2,2,2,Returning_Visitor,False,False
1,26.66666667,0,25.53,10,844.36,0.04,0.09,3.24,0.01,Nov,2,2,1,2,Returning_Visitor,True,False
0,0.0,0,29.92,15,858.53,0.0,0.02,0.0,0.01,Nov,2,2,9,2,Returning_Visitor,False,False
1,101.0,0,0.0,7,441.0,0.02,0.04,0.0,0.03,Mar,2,2,2,2,Returning_Visitor,True,False
1,159.2,0,24.15,21,526.5,0.02,0.04,5.47,0.01,Aug,2,2,2,3,Returning_Visitor,False,False
1,74.14,0,21.64,11,617.13,0.022807018,0.06,2.33,0.0,Sep,1,1,1,4,Returning_Visitor,False,False
1,54.47,0,31.34,18,1068.28,0.0,0.03,1.61,0.0,Mar,3,2,1,2,Returning_Visitor,False,False
1,55.38,0,20.89,10,1026.77,0.01,0.043333333,2.51,0.15,Oct,2,2,6,1,Returning_Visitor,False,False
1,46.76,0,0.0,8,72.25,0.02,0.08,3.09,0.0,Dec,1,2,1,2,Returning_Visitor,False,False
2,95.18,0,51.03,18,1305.06,0.01,0.040350877,3.69,0.03,May,2,2,3,1,Returning_Visitor,False,False
1,115.4,0,21.79,11,1507.77,0.005,0.05,2.38,0.02,Mar,2,2,1,1,Returning_Visitor,True,False
1,44.06,0,17.42,10,630.61,0.02,0.07,0.0,0.15,May,3,2,6,13,Returning_Visitor,False,False
4,202.41,2,105.55,18,2219.28,0.003333333,0.01,8.56,0.0,Oct,2,2,1,2,Returning_Visitor,False,False
3,53.16666667,1,0.0,31,263.6,0.01,0.003571429,0.0,0.01,Mar,3,2,1,1,Returning_Visitor,False,False
1,77.18,0,34.56,12,871.07,0.03,0.005555556,0.0,0.01,Nov,1,2,1,2,New_Visitor,True,False
8,0.0,1,321.0,69,2753.08,0.02,0.034935897,2.97,0.0,Nov,2,2,1,1,Returning_Visitor,False,False
1,4.0,0,0.0,12,1330.86,0.08,0.08,2.87,0.02,Mar,2,2,2,1,Returning_Visitor,False,False
1,0.0,0,38.67,1,0.0,0.2,0.2,1.62,0.2,Feb,2,2,1,8,Returning_Visitor,False,False
5,122.92,1,176.0,35,1763.59,0.01,0.01,0.0,0.01,Nov,2,2,1,2,Returning_Visitor,False,False
1,41.0,0,33.3,6,68.5,0.05,0.07,4.1,0.38,May,1,1,1,3,Returning_Visitor,False,False
5,269.85,1,101.82,38,1918.32,0.0,0.02,0.0,0.1,May,2,2,1,4,New_Visitor,False,False
1,104.88,0,0.0,19,2208.61,0.0,0.1,2.17,0.09,Mar,2,2,6,1,Returning_Visitor,False,False
1,67.39,0,0.0,10,1244.24,0.004918033,0.03,2.01,0.08,Oct,2,2,1,1,Returning_Visitor,False,False
3,165.0,0,48.0,22,1194.83,0.0,0.02,0.0,0.09,May,2,2,2,4,Returning_Visitor,False,False
2,144.41,1,59.84,19,1049.22,0.0,0.02,11.89,0.01,Mar,2,2,4,2,New_Visitor,False,True
3,0.0,0,31.68,17,390.7738095,0.02,0.025,0.0,0.03,Mar,2,2,1,2,Returning_Visitor,True,False
0,0.0,0,38.25,51,2767.97619,0.01,0.030128205,2.33,0.01,Dec,2,5,1,1,Returning_Visitor,False,False
4,91.22,0,0.0,29,2150.433333,0.007228916,0.02,1.89,0.05,Oct,1,1,6,3,Returning_Visitor,False,False
2,85.05,0,0.0,55,2125.4,0.01,0.01,8.903557895,0.0,Oct,2,2,1,2,Returning_Visitor,False,False
3,117.83,1,55.19,22,611.74,0.01,0.02,2.52,0.2,May,3,2,1,18,Returning_Visitor,False,False
1,0.0,0,24.41,9,475.83,0.05,0.09,0.0,0.0,Feb,2,2,3,1,Returning_Visitor,False,False
4,272.25,1,113.6,40,1427.16,0.01,0.01,0.0,0.0,Jul,3,2,1,2,Returning_Visitor,True,False
1,43.62,0,23.04,10,1201.66,0.035714286,0.046428571,4.56,0.06,Mar,2,5,1,1,Returning_Visitor,False,False
2,81.56,0,37.18,16,630.3266667,0.04,0.05,1.55,0.0,Mar,2,2,6,1,Returning_Visitor,False,False
4,66.7,0,36.81,31,1787.18,0.01,0.01,0.0,0.06,Oct,2,2,1,3,Returning_Visitor,True,False
4,171.42,1,113.6,40,1554.32,0.01,0.001333333,3.16,0.0,Dec,2,2,1,2,Returning_Visitor,True,False
1,48.23,0,0.0,7,242.75,0.014285714,0.047619048,0.0,0.05,Mar,3,2,6,1,Returning_Visitor,False,False
2,63.25,0,52.88,23,460.75,0.022222222,0.03,4.46,0.0,Dec,3,2,1,2,Returning_Visitor,False,False
1,0.0,0,35.81,14,879.18,0.033333333,0.061111111,3.35,0.01,Nov,2,2,1,3,Returning_Visitor,True,False
5,180.73,1,111.37,33,1422.43,0.01,0.01,0.0,0.07,Aug,2,2,1,3,Returning_Visitor,True,False
2,94.6,0,0.0,1,4.0,0.02,0.03,2.65,0.0,Mar,3,2,3,2,New_Visitor,True,False
2,87.0,0,37.8,16,918.0833333,0.02,0.04,0.0,0.37,May,1,1,1,4,Returning_Visitor,False,False
1,30.68,0,20.9,10,897.9,0.06,0.09,0.0,0.0,Mar,2,2,1,1,Returning_Visitor,False,False
2,69.6,0,0.0,20,1159.82,0.01,0.006060606,0.0,0.01,May,1,1,1,2,New_Visitor,False,False
1,0.0,0,0.0,9,789.3,0.0,0.03,0.0,0.13,May,2,2,2,8,Returning_Visitor,False,False
1,0.0,0,30.74,4,236.8,0.01,0.05,2.8,0.0,Oct,2,2,7,1,Returning_Visitor,False,True
0,72.16,0,26.16,10,1370.88,0.0,0.04,2.28,0.04,Mar,2,2,2,2,Returning_Visitor,False,False
1,0.0,0,41.07,15,730.49,0.2,0.2,0.0,0.57,May,3,2,1,7,Returning_Visitor,False,False
1,0.0,0,0.0,19,1228.84,0.01,0.017355372,2.44,0.0,Nov,2,2,1,2,Returning_Visitor,True,False
0,77.12,0,39.67,18,862.0,0.044444444,0.07,1.87,0.0,May,2,2,3,4,Returning_Visitor,False,False
0,0.0,0,44.97,28,1366.19,0.007142857,0.04,2.48,0.0,May,2,2,4,1,Returning_Visitor,False,False
1,52.41,0,21.19,13,1426.82,0.01,0.024242424,2.19,0.0,Mar,2,2,1,2,Returning_Visitor,False,False
1,46.81,0,52.0,17,571.19,0.2,0.2,0.0,0.0,Mar,2,4,3,1,Returning_Visitor,False,False
1,0.0,0,0.0,6,388.84,0.02,0.1,1.42,0.0,Oct,1,1,7,2,Returning_Visitor,False,False
1,0.0,0,0.0,15,1104.7,0.019047619,0.034920635,0.0,0.0,Mar,3,2,6,4,Returning_Visitor,False,False
2,79.71,0,34.22,47,1121.44,0.01,0.01,21.23960367,0.0,Oct,2,2,1,2,Returning_Visitor,False,False
0,68.59,0,36.71,16,4501.4337,0.01,0.01,1.64,0.2,May,2,2,3,4,Returning_Visitor,False,False
2,102.94,0,0.0,25,1292.36,0.01,0.0375,0.0,0.0,Mar,2,2,9,4,Returning_Visitor,False,False
1,48.21,0,26.2,3,25.2,0.01,0.04,2.16,0.0,Mar,2,2,2,2,Returning_Visitor,False,False
1,38.31,0,22.74,11,614.69,0.03,0.13,1.38,0.0,Oct,2,2,7,2,Returning_Visitor,False,False
0,0.0,0,23.1,4,749.7,0.05,0.06,0.0,0.13,May,2,2,2,4,Returning_Visitor,True,False
6,129.02,0,70.06,18,834.6666667,0.004761905,0.03,0.0,0.01,Aug,2,2,1,9,Returning_Visitor,False,False
1,64.08,0,19.4,12,808.09,0.01,0.017041847,2.57,0.03,Oct,2,2,7,2,Returning_Visitor,False,True
1,38.18,0,22.54,1,938.32,0.1,0.09,1.57,0.04,Oct,3,2,1,3,Returning_Visitor,False,False
2,70.5,0,9.0,25,1481.28,0.013333333,0.043333333,2.77,0.0,Mar,2,2,3,2,Returning_Visitor,False,False
2,55.81,1,30.62,24,402.6166667,0.02,0.02,0.0,0.0,Feb,1,1,7,5,New_Visitor,False,False
0,0.0,0,0.0,4,1275.68,0.04,0.06,3.74,0.11,Mar,2,2,2,1,Returning_Visitor,False,False
0,0.0,0,29.66,23,2427.99,0.029268293,0.047560976,3.12,0.11,May,2,2,1,13,Returning_Visitor,False,False
3,64.5,0,55.0,25,979.32,0.01,0.02,0.0,0.04,May,2,2,1,2,Returning_Visitor,False,False
5,143.84,1,62.92,22,1127.61,0.0,0.004878049,4.74,0.0,Oct,2,2,2,2,New_Visitor,True,True
19,704.8699248,2,234.68,187,2765.42,0.02,0.014896228,21.41,0.05,May,2,2,1,2,Returning_Visitor,False,False
4,158.3333333,0,54.99,28,1107.87,0.02,0.008095238,3.41,0.01,Mar,2,2,2,2,Returning_Visitor,False,False
1,98.26,0,24.44,9,331.8914286,0.0,0.004761905,3.24,0.01,Aug,2,2,2,4,Returning_Visitor,True,False
5,320.87,1,96.23,28,1647.1,0.01,0.01,2.47,0.01,Aug,1,1,1,1,Returning_Visitor,True,False
0,0.0,0,23.49,12,851.81,0.18,0.16,1.66,0.03,Mar,2,2,1,1,Returning_Visitor,False,False
2,0.0,0,31.02,13,2173.42,0.03,0.005128205,0.0,0.04,Mar,3,2,2,1,Returning_Visitor,False,False
4,127.2,1,88.68,34,2720.265368,0.007142857,0.034701976,0.0,0.01,Nov,2,2,1,1,Returning_Visitor,False,False
1,0.0,0,29.78,15,855.0,0.01,0.028571429,0.0,0.07,Oct,2,2,1,2,Returning_Visitor,False,False
5,248.5,1,105.18,34,1283.8,0.01,0.02,6.15,0.05,Oct,3,2,4,8,New_Visitor,False,False
0,0.0,0,0.0,16,1718.32,0.03,0.133333333,0.0,0.04,Mar,2,2,9,3,Returning_Visitor,False,False
0,195.38,2,86.12,188,5728.673611,0.01,0.02,4.27,0.07,May,2,2,9,2,Returning_Visitor,False,False
3,163.425,1,0.0,38,1270.04,0.01,0.01,0.0,0.0,Nov,2,2,5,2,Returning_Visitor,False,False
1,67.48,0,0.0,32,1206.833333,0.01,0.02,19.27621155,0.0,Nov,2,2,1,2,Returning_Visitor,False,True
4,315.3333333,1,58.62,42,3009.0875,0.004021164,0.0323655,0.0,0.03,Mar,1,1,3,2,Returning_Visitor,False,False
4,220.11,0,130.06,61,1423.967857,0.01,0.022611111,9.12,0.14,May,2,2,2,4,Returning_Visitor,False,False
1,0.0,0,28.67,6,802.43,0.04,0.05,2.1,0.02,Mar,2,2,3,2,Returning_Visitor,True,False
1,73.91,0,0.0,20,1171.333333,0.003174603,0.03,3.25,0.13,May,3,2,6,8,Returning_Visitor,False,False
4,61.0,1,82.76,117,1569.866667,0.01,0.02,3.64,0.0,Oct,2,2,1,2,Returning_Visitor,False,False
0,43.9,0,19.71,5,1175.68,0.06,0.07,1.87,0.02,Mar,2,2,1,1,Returning_Visitor,False,False
1,0.0,0,29.67,15,1166.0,0.022641509,0.07,1.78,1.0,May,2,2,1,3,Returning_Visitor,False,False
0,0.0,0,13.5,38,1371.22,0.01,0.027916667,1.6,0.0,Mar,4,2,1,4,Returning_Visitor,False,False
1,143.86,2,28.0,37,2393.34,0.01,0.02,0.0,0.04,Oct,2,2,1,2,Returning_Visitor,False,False
0,0.0,1,68.5,19,927.0,0.01,0.034615385,3.82,0.0,Nov,2,2,1,2,Returning_Visitor,False,False
1,97.0,0,46.1,12,59.0,0.01,0.013333333,9.44,0.0,May,2,2,1,2,New_Visitor,False,False
3,40.8,1,12.0,5,96.0,0.01,0.042857143,0.0,0.02,Sep,3,2,7,4,Returning_Visitor,True,False
2,131.09,1,48.62,27,1409.61,0.0,0.02,4.0,0.0,Mar,2,1,1,8,New_Visitor,False,True
1,50.76,0,0.0,14,0.0,0.2,0.2,3.21,0.0,Feb,2,5,2,1,Returning_Visitor,False,False
3,157.52,1,97.63,40,1305.88,0.02,0.03,3.8,0.0,Nov,2,2,1,2,Returning_Visitor,False,False
10,215.244507,2,103.09,46,3558.576942,0.01,0.01,30.87227217,0.02,Sep,3,2,1,2,Returning_Visitor,True,True
0,87.18,0,44.99,23,1231.16,0.008163265,0.024489796,0.0,0.03,May,2,2,3,2,Returning_Visitor,False,False
1,0.0,0,0.0,19,882.31,0.0,0.02,0.0,0.02,Mar,3,2,1,2,Returning_Visitor,True,False
0,0.0,1,77.43,36,1234.525,0.0,0.04,3.5,0.03,Feb,2,2,5,2,Returning_Visitor,False,False
3,0.0,3,76.28,32,393.3,0.0,0.01,3.92827844,0.0,Sep,2,2,1,2,Returning_Visitor,False,True
0,73.95,0,25.39,15,15.0,0.11,0.16,0.0,0.04,Oct,1,1,1,3,Returning_Visitor,False,False
1,64.61,0,60.5,17,1038.916667,0.05,0.09,1.65,0.0,Oct,2,2,6,1,Returning_Visitor,False,True
1,0.0,0,21.79,8,216.0,0.06,0.07,3.78,0.2,May,2,2,2,3,Returning_Visitor,False,False
2,130.88,0,43.46,19,849.29,0.01,0.02,0.0,0.03,Oct,2,2,1,2,Returning_Visitor,True,False
2,130.4,0,0.0,22,1738.25,0.006349206,0.02,0.0,0.0,May,2,2,1,4,Returning_Visitor,False,False
0,48.38,0,39.92,2,0.0,0.2,0.2,0.0,0.0,May,3,2,1,13,Returning_Visitor,False,False
5,171.73,0,114.19,86,1740.26,0.002325581,0.01,4.11,0.01,Nov,2,2,3,2,Returning_Visitor,False,False
3,147.34,1,89.93,18,475.99,0.01,0.0089599,7.95,0.0,Mar,1,1,1,10,Returning_Visitor,False,True
1,53.78,0,0.0,11,643.21,0.01,0.007692308,1.8,0.01,Aug,1,1,1,20,Returning_Visitor,True,True
3,89.76,1,0.0,17,1570.362302,0.01,0.027766386,1.818480813,0.01,Mar,2,2,3,10,Returning_Visitor,False,True
1,49.44,0,32.24,33,1829.183333,0.0,0.017619048,1.78,0.6,May,2,4,7,2,Returning_Visitor,False,True
0,62.59,2,29.4,16,1192.44,0.0,0.03,0.0,0.0,Mar,2,2,1,2,Returning_Visitor,True,False
9,351.23,4,192.62,94,3356.4,0.02,0.03,4.21,0.01,Nov,2,2,3,4,Returning_Visitor,False,False
0,79.58,0,24.93,14,116.5,0.06,0.09,3.12,0.0,Mar,2,2,1,1,New_Visitor,False,False
3,70.21,0,0.0,28,1258.47,0.009375,0.05,1.6,0.02,Mar,2,2,2,2,Returning_Visitor,False,True
3,150.54,0,35.0,2,963.63,0.01,0.04,0.0,0.01,Mar,3,2,9,2,New_Visitor,True,False
2,217.06,0,83.12,29,82.0,0.01,0.06,0.0,0.0,May,1,1,1,2,New_Visitor,False,False
0,0.0,2,128.11,141,4567.942696,0.002944942,0.02,6.15,0.02,Oct,2,2,2,2,Returning_Visitor,False,False
2,118.88,0,29.2,16,303.2464286,0.0,0.015384615,0.0,0.0,Oct,1,1,3,4,Returning_Visitor,True,False
2,54.17,0,0.0,50,1691.68,0.01,0.01,9.442927064,0.06,Aug,2,5,1,3,Returning_Visitor,False,False
2,256.1,0,28.46,13,672.79,0.01,0.01,5.79,0.01,Sep,1,1,1,2,New_Visitor,False,False
1,55.76,0,21.79,9,1334.61,0.14,0.16,1.43,0.0,Mar,2,2,2,3,Returning_Visitor,False,False
2,82.9,0,34.0,22,367.3761905,0.01,0.011038961,0.0,0.06,May,1,1,2,4,Returning_Visitor,True,False
1,71.34,0,27.64,11,466.5,0.0,0.02,0.0,0.0,May,1,8,3,4,New_Visitor,False,False
3,152.43,0,55.79,24,1184.62,0.0,0.03,0.0,0.01,Sep,1,2,1,5,New_Visitor,False,False
0,0.0,0,47.45,16,262.9166667,0.008333333,0.055555556,2.8,0.01,Dec,1,6,3,2,Returning_Visitor,False,False
0,132.42,0,95.64,51,1831.48,0.008,0.04,6.96,0.01,Nov,2,2,1,1,Returning_Visitor,False,False
2,136.64,1,112.42,39,1483.87,0.0,0.015151515,0.0,0.01,Dec,2,2,1,2,Returning_Visitor,False,False
2,172.125,0,64.36,19,866.17,0.000533333,0.02,10.34,0.0,Dec,1,1,1,2,New_Visitor,False,False
1,0.0,0,0.0,27,1752.19,0.0,0.05,2.02,0.04,Mar,2,2,2,3,Returning_Visitor,False,False
3,122.09,1,0.0,20,1260.56,0.01,0.055555556,2.56,0.01,Dec,2,2,1,2,Returning_Visitor,False,False
1,96.82,1,0.0,17,268.0,0.0,0.04,49.55482147,0.0,Nov,2,2,5,5,New_Visitor,False,False
0,0.0,0,0.0,5,326.75,0.04,0.05,1.82,0.6,May,1,1,1,2,Returning_Visitor,False,False
1,47.57,0,0.0,10,1109.8,0.05,0.08,3.37,0.07,Oct,2,2,1,1,Returning_Visitor,False,False
1,20.0,0,35.36,18,1519.84,0.003043735,0.04,3.54,0.04,May,2,2,1,2,Returning_Visitor,False,False
0,39.49,0,39.2,3,605.9,0.19,0.166666667,0.0,0.0,Feb,2,4,1,1,Returning_Visitor,False,False
2,30.25,0,0.0,22,543.9583333,0.00952381,0.026984127,4.85,0.0,Mar,2,2,1,1,Returning_Visitor,False,False
1,9.0,0,42.19,17,734.5833333,0.04,0.09,2.05,0.03,Mar,2,10,1,1,Returning_Visitor,False,False
1,44.45,0,0.0,11,1400.32,0.01,0.02,1.87,0.05,Oct,2,2,1,2,Returning_Visitor,False,False
0,39.0,0,26.81,13,10.0,0.02,0.1,0.0,0.06,Mar,2,2,1,2,Returning_Visitor,False,False
1,0.0,0,55.92,13,1283.49,0.01,0.016666667,0.0,0.0,Nov,2,2,1,2,Returning_Visitor,False,False
1,60.72,0,25.01,13,162.5,0.0,0.07,0.0,0.0,Mar,2,2,1,2,Returning_Visitor,False,False
2,171.0833333,0,43.02,28,1332.86,0.01,0.02,52.10818182,0.04,Nov,2,2,1,2,Returning_Visitor,True,True
0,62.44,0,28.83,21,25.0,0.0,0.033333333,2.18,0.06,May,2,2,1,2,Returning_Visitor,False,False
2,70.45,0,27.34,15,556.46,0.01,0.005855856,0.0,0.0,Feb,2,2,2,4,Returning_Visitor,False,False
1,60.51,0,26.3,15,882.58,0.14,0.18,1.55,0.0,Mar,2,2,2,1,Returning_Visitor,False,False
2,23.0,0,0.0,30,962.18,0.01,0.02,50.66498303,0.0,Oct,4,1,4,3,Returning_Visitor,False,False
2,95.63,0,42.51,24,612.2083333,0.01,0.02,2.48,0.01,Mar,2,2,3,10,Returning_Visitor,False,False
1,39.65,0,27.53,12,41.0,0.02,0.03,2.08,0.01,Dec,2,5,1,1,Returning_Visitor,False,False
4,15.8,3,68.5,32,1213.65,0.01,0.024324324,1.273317415,0.01,Aug,1,2,9,2,Returning_Visitor,False,True
0,105.43,0,45.97,21,1051.166667,0.01,0.01,14.14084367,0.0,Oct,2,2,2,6,New_Visitor,False,True
6,57.28,3,264.97,39,1297.43,0.01,0.02,3.4,1.0,May,2,10,2,1,Returning_Visitor,True,False
1,79.2,0,22.71,9,710.98,0.04,0.06,0.0,0.0,May,2,2,1,3,Returning_Visitor,False,False
6,292.3,0,0.0,117,1953.537512,0.01,0.02,8.38,0.0,Aug,1,1,1,4,Returning_Visitor,False,False
0,0.0,0,0.0,20,1560.601163,0.01,0.010673235,4.06,0.02,Mar,1,1,1,1,Returning_Visitor,True,False
0,66.64,0,0.0,17,1725.31,0.01,0.01,61.07207396,0.06,Nov,2,2,1,2,New_Visitor,False,True
0,54.83,0,22.68,10,717.61,0.06,0.08,2.3,0.33,May,2,5,1,3,Returning_Visitor,False,False
10,380.8,1,211.11,41,2653.196667,0.01,0.027908497,11.83,0.0,Aug,2,2,1,1,Returning_Visitor,False,False
5,193.23,1,87.25,36,1443.34,0.01,0.02,4.21,0.0,Oct,2,2,8,8,New_Visitor,False,False
0,0.0,0,25.62,12,833.75,0.01,0.0375,0.0,0.04,Mar,2,2,1,2,Returning_Visitor,False,False
4,32.2,2,148.77,23,934.3166667,0.01,0.01,7.52,0.0,Oct,2,2,5,2,Returning_Visitor,False,False
3,119.85,0,0.0,18,976.23,0.01,0.01,2.05,0.0,Oct,2,2,3,2,New_Visitor,False,False
1,9.0,5,245.66,57,466.5,0.01,0.02,0.0,0.07,May,2,2,1,4,Returning_Visitor,False,False
1,25.5,0,38.27,19,122.6666667,0.01,0.014285714,4.54,0.0,Nov,2,2,9,2,Returning_Visitor,True,False
0,0.0,0,21.59,10,1527.29,0.0,0.08,1.85,0.0,Mar,2,2,2,4,Returning_Visitor,False,False
2,0.0,0,42.25,17,474.3333333,0.0,0.04,5.56,0.01,Dec,1,1,2,2,Returning_Visitor,False,False
1,111.03,0,65.29,22,1058.33,0.005263158,0.005668016,5.86,0.01,Dec,2,2,1,2,Returning_Visitor,False,False
3,99.75,0,30.16,17,835.5833333,0.01,0.02,1.85,0.01,Nov,1,1,9,10,Returning_Visitor,True,True
2,129.95,0,50.35,45,1438.722222,0.004545455,0.02,3.14,0.04,May,4,1,3,4,Returning_Visitor,False,False
11,200.57,1,0.0,57,4251.208187,0.02,0.03,2.35,0.02,Oct,2,2,1,2,Returning_Visitor,False,True
7,671.0,2,0.0,15,2842.53,0.0,0.02,0.0,0.01,Dec,2,2,1,2,Returning_Visitor,False,False
6,216.6,1,0.0,37,937.8653488,0.01,0.02,7.01,0.0,Oct,2,2,6,1,Returning_Visitor,False,False
1,60.65,0,0.0,11,1332.21,0.0128,0.02480939,14.4030575,0.04,Oct,2,2,1,3,Returning_Visitor,False,False
1,0.0,0,32.68,17,883.6,0.01,0.0,2.45,0.01,Nov,2,2,9,2,Returning_Visitor,True,True
1,50.96,0,19.62,3,1333.58,0.07,0.06,0.0,0.02,Mar,2,2,1,1,Returning_Visitor,False,False
1,41.1,0,23.92,14,2131.08,0.17,0.12,1.79,0.04,Oct,2,2,1,1,Returning_Visitor,False,False
2,0.0,0,0.0,21,1593.73,0.02,0.05122549,3.1,0.0,Oct,2,2,6,3,Returning_Visitor,False,False
0,107.58,0,0.0,11,426.5,0.01,0.11,2.24,0.0,Nov,1,2,9,2,Returning_Visitor,False,False
0,0.0,0,30.34,15,1000.6,0.014285714,0.05,0.0,0.01,Feb,2,2,4,1,Returning_Visitor,False,False
1,33.5,0,20.36,10,1702.916667,0.0,0.1,1.62,0.04,Mar,2,2,1,4,Returning_Visitor,False,False
0,0.0,0,0.0,14,976.37,0.0,0.03,0.0,0.03,Oct,2,2,6,1,Returning_Visitor,False,False
3,62.13333333,0,0.0,31,1287.73,0.004878049,0.022357724,6.28,0.0,Oct,2,4,1,4,Returning_Visitor,False,True
9,211.0,1,83.6,24,501.0714286,0.01,0.02,2.73,0.02,Aug,1,2,1,2,Returning_Visitor,True,True
1,72.1,0,33.75,20,929.0833333,0.005714286,0.05,3.35,0.0,Dec,2,2,1,2,Returning_Visitor,False,True
0,0.0,0,0.0,9,530.98,0.05,0.1,0.0,0.0,Mar,2,2,3,1,Returning_Visitor,False,False
2,0.0,0,52.56,26,4391.666667,0.01,0.02,0.0,0.03,June,2,10,3,1,Returning_Visitor,False,False
2,60.0,0,29.66,12,1080.09,0.006896552,0.040147783,4.48,0.11,May,2,2,2,2,Returning_Visitor,False,False
2,25.0,0,0.0,17,1189.72,0.066666667,0.083333333,1.71,0.6,May,2,2,2,4,Returning_Visitor,False,False
1,0.0,0,0.0,11,1412.41,0.01,0.057142857,0.0,0.04,Mar,2,2,2,2,Returning_Visitor,True,False
8,266.48,1,112.94,95,2107.583333,0.01,0.01,4.83,0.04,May,2,2,4,4,Returning_Visitor,False,False
0,29.8,0,0.0,7,674.32,0.08,0.08,0.0,0.12,Mar,3,2,1,1,Returning_Visitor,False,False
2,85.39,0,41.59,4,2382.68,0.00952381,0.05,2.14,0.03,Aug,2,2,1,5,Returning_Visitor,False,False
0,0.0,0,0.0,9,319.3333333,0.016666667,0.04,6.78,0.15,May,2,2,2,3,Returning_Visitor,False,True
0,65.14,0,25.86,13,1221.53,0.001408451,0.05,1.98,0.0,Mar,2,2,2,2,Returning_Visitor,False,False
3,146.11,1,72.5,27,1552.504762,0.01,0.00952381,28.25395506,0.0,Oct,2,2,3,2,Returning_Visitor,False,False
1,80.09,0,0.0,15,614.6409524,0.01,0.027777778,4.18,0.01,Nov,1,1,1,2,Returning_Visitor,False,False
3,92.3,1,48.57,68,2385.94,0.02,0.025614035,2.24,0.02,Oct,2,2,1,2,Returning_Visitor,False,False
1,0.0,0,28.71,10,731.39,0.01,0.053714286,0.0,0.01,Nov,1,2,9,2,Returning_Visitor,True,False
0,0.0,0,31.25,5,50.5,0.0,0.07,0.0,0.03,Mar,2,2,1,1,Returning_Visitor,False,False
1,115.9,3,59.5,36,553.1666667,0.02,0.011111111,2.79,0.04,Oct,2,2,2,2,Returning_Visitor,True,False
1,56.49,0,26.01,9,489.25,0.01,0.032173913,0.0,0.0,May,2,2,5,1,Returning_Visitor,False,False
8,375.22,1,0.0,7,2205.19,0.01,0.024166667,2.52,0.01,Sep,2,2,1,2,Returning_Visitor,False,False
3,106.0,0,0.0,17,1374.21,0.0,0.010526316,0.0,0.0,May,3,2,2,4,Returning_Visitor,False,False
0,52.07,0,22.31,11,1511.44,0.17,0.17,1.57,0.03,Mar,2,2,2,3,Returning_Visitor,False,False
3,293.7782051,2,42.15,19,3283.166739,0.01,0.03,0.0,0.02,Mar,2,2,3,2,New_Visitor,False,False
2,0.0,0,44.64,18,806.9,0.04,0.05,6.56,0.0,Mar,2,2,9,2,Returning_Visitor,False,False
0,42.33,0,0.0,13,138.5416667,0.023076923,0.05,1.82,0.05,Mar,2,2,2,4,Returning_Visitor,False,False
1,41.56,0,0.0,14,1084.85,0.03,0.092156863,1.32,0.0,Feb,2,2,3,1,Returning_Visitor,False,True
0,0.0,0,29.19,11,1095.7,0.03,0.05952381,0.0,0.8,May,2,2,1,3,Returning_Visitor,False,False
1,69.29,0,37.49,14,6960.48,0.19,0.17,1.55,0.6,May,2,2,1,13,Returning_Visitor,False,False
6,98.83333333,1,69.78,24,1644.857143,0.01,0.0265,3.13,0.0,May,2,2,3,1,Returning_Visitor,False,False
1,58.84,0,0.0,10,959.43,0.02,0.008333333,0.0,0.05,May,2,2,1,1,Returning_Visitor,False,False
2,80.99,0,28.36,15,819.5892857,0.003448276,0.04,0.0,0.01,Oct,2,2,1,2,Returning_Visitor,False,False
1,0.0,1,49.0,2,1270.82,0.01,0.066666667,1.68,0.4,May,2,2,8,1,Returning_Visitor,False,False
3,163.95,0,71.01,23,1369.75,0.0,0.02,0.0,0.03,May,2,2,1,3,Returning_Visitor,False,False
1,0.0,0,36.89,14,226.8,0.04,0.05,2.8,0.0,Nov,2,2,9,2,Returning_Visitor,True,True
1,0.0,0,0.0,14,864.56,0.0,0.04,0.0,0.01,Dec,2,2,4,2,Returning_Visitor,False,False
1,27.0,0,23.57,13,1111.65,0.07,0.08,0.0,0.02,Mar,2,2,1,1,New_Visitor,False,False
2,0.0,0,0.0,14,881.5,0.006666667,0.008333333,3.95,0.02,Mar,2,2,3,2,New_Visitor,False,True
0,96.07,0,36.5,21,1223.07,0.011111111,0.02,17.96069044,0.0,Oct,2,5,1,1,Returning_Visitor,False,True
0,108.82,0,34.63,16,665.79,0.016666667,0.016666667,3.13,0.0,Feb,1,1,7,2,Returning_Visitor,False,False
1,11.0,1,0.0,10,1267.64,0.01,0.038095238,0.0,0.06,Mar,2,2,1,3,Returning_Visitor,False,False
3,168.9066667,0,41.4,21,1411.87,0.02,0.03,2.57,0.0,Oct,2,2,1,2,Returning_Visitor,True,False
4,182.94,0,48.04,2,1481.16,0.02,0.03,3.45,0.01,Mar,2,2,3,2,New_Visitor,True,False
2,95.71,1,49.36,53,2525.307766,0.01,0.010606061,52.97841866,0.03,Jul,2,2,9,4,Returning_Visitor,False,True
2,61.09,0,0.0,16,1474.55,0.01,0.011302211,0.0,0.0,Oct,1,1,1,1,Returning_Visitor,False,False
3,134.0,0,147.19,27,78.5,0.0,0.025,0.0,0.0,May,3,2,7,1,Returning_Visitor,False,False
1,47.58,0,33.76,2,743.41,0.19,0.2,11.19,0.0,Aug,1,1,3,3,Returning_Visitor,False,False
0,0.0,0,22.24,10,2903.53,0.07,0.08,0.0,0.03,Oct,1,1,1,1,Returning_Visitor,False,False
1,88.47,0,0.0,44,1527.166667,0.01,0.02,2.5,0.04,May,2,2,8,1,Returning_Visitor,False,False
8,226.9545455,0,123.76,27,1089.99,0.003333333,0.023321256,0.0,0.0,May,3,2,1,13,Returning_Visitor,False,False
3,179.98,0,50.29,19,965.12,0.004511278,0.018114342,12.81,0.01,Feb,2,2,1,2,Returning_Visitor,False,False
3,139.03,0,86.0,22,1106.56,0.01,0.03,78.81172527,0.0,Feb,2,2,1,2,New_Visitor,False,True
9,261.56,1,291.97,16,401.95,0.01,0.01,0.0,0.18,May,1,2,7,3,Returning_Visitor,False,False
0,66.56,0,29.14,14,805.3,0.005128205,0.04,2.59,0.01,Mar,2,2,3,10,Returning_Visitor,False,True
1,0.0,0,42.39,28,2903.43,0.2,0.2,0.0,0.0,Feb,3,2,1,13,Returning_Visitor,False,False
1,42.67,0,21.76,12,1293.652222,0.03,0.05,1.483746347,0.0,Oct,2,2,4,1,Returning_Visitor,False,False
2,71.11,0,33.86,18,1456.916667,0.005882353,0.02,2.43,0.0,Mar,2,3,3,2,Returning_Visitor,True,False
1,64.25,0,0.0,12,270.9,0.01,0.04,2.69,0.0,Oct,1,1,7,4,New_Visitor,True,False
2,82.23484848,0,0.0,31,1805.05,0.1,0.11,1.66,1.0,May,2,2,2,1,Returning_Visitor,False,False
1,0.0,0,0.0,13,835.28,0.0,0.03,0.0,0.03,May,3,2,2,4,Returning_Visitor,True,False
0,0.0,0,22.21,8,1208.81,0.0,0.06,1.3,0.07,Mar,2,2,1,3,Returning_Visitor,False,False
0,57.14,0,29.01,14,821.88,0.01,0.04,0.0,0.01,Nov,2,2,5,1,Returning_Visitor,False,False
2,105.52,0,81.68,13,1043.53,0.03,0.05,0.0,0.01,Mar,2,2,1,2,Returning_Visitor,False,False
1,0.0,0,27.47,9,340.2,0.01,0.03,2.17,0.0,May,1,1,3,2,Returning_Visitor,False,False
0,37.14,0,19.47,12,1085.4,0.05,0.06,1.73,0.07,Oct,2,2,8,1,Returning_Visitor,False,False
1,0.0,1,0.0,7,885.83,0.0,0.025,10.63,0.0,Dec,2,2,6,1,Returning_Visitor,False,False
8,102.8666667,3,339.5,51,1978.86,0.01,0.02,4.71,0.0,Nov,2,10,3,2,Returning_Visitor,False,True
0,0.0,0,21.57,10,735.63,0.03,0.14,0.0,0.01,Nov,2,2,3,1,Returning_Visitor,False,False
0,0.0,0,39.33,15,455.0,0.0,0.022222222,25.7526389,0.01,Dec,1,2,1,2,Returning_Visitor,False,True
0,55.03,0,25.99,11,947.9,0.01,0.05,0.0,0.12,Feb,2,10,2,1,Returning_Visitor,False,False
5,170.7,1,105.24,31,1565.55,0.01,0.02,3.32,0.06,May,3,2,6,13,Returning_Visitor,False,False
0,56.65,0,0.0,13,511.88,0.03,0.08,2.0,0.18,Mar,3,4,3,8,New_Visitor,False,False
4,148.6666667,0,60.81,28,908.4666667,0.03,0.03,25.61645833,0.8,May,2,2,1,4,Returning_Visitor,False,False
2,147.86,0,39.59,16,608.5,0.02,0.04,0.0,0.26,May,3,2,7,8,New_Visitor,False,True
4,228.2,1,71.74,7,186.4,0.02,0.03,6.87,0.03,Oct,2,2,1,2,Returning_Visitor,False,False
0,0.0,0,25.35,13,1387.7,0.05,0.07,0.0,0.0,Oct,1,1,1,3,Returning_Visitor,False,False
1,50.47,0,0.0,13,1663.79,0.17,0.18,1.51,0.03,Mar,2,2,2,4,Returning_Visitor,False,False
3,162.0,0,0.0,22,204.5,0.01,0.02,0.0,0.09,May,2,2,8,2,Returning_Visitor,False,False
5,265.0433333,1,84.89,30,1712.776667,0.013333333,0.02,4.52,0.0,Oct,2,2,1,2,Returning_Visitor,False,False
1,412.0,1,75.48,54,2377.0,0.01,0.005090909,4.2,0.01,Mar,2,2,1,10,Returning_Visitor,False,False
1,51.63,0,30.74,14,1010.43,0.2,0.2,0.0,0.01,Nov,2,2,1,1,Returning_Visitor,True,False
2,0.0,0,0.0,2,14.0,0.02,0.1,2.08,0.0,May,2,2,1,1,Returning_Visitor,False,False
0,51.7,0,0.0,14,1325.61,0.02,0.05,0.0,0.01,Nov,2,2,8,1,Returning_Visitor,False,False
0,64.38,0,0.0,8,776.6,0.01,0.028272059,0.0,0.08,May,3,2,6,8,Returning_Visitor,True,False
16,191.13,0,100.18,47,2193.44,0.005,0.04,2.43,0.02,Mar,1,2,3,2,Returning_Visitor,False,True
2,135.38,0,57.05,20,1094.98,0.0,0.013333333,14.43,0.02,Dec,2,2,1,2,Returning_Visitor,False,True
1,37.24,0,0.0,12,725.39,0.01,0.035057471,0.0,0.07,May,2,4,3,4,Returning_Visitor,False,False
2,0.0,0,27.68,15,0.0,0.01,0.03,3.81,0.01,Nov,1,1,1,2,Returning_Visitor,True,False
5,215.01,2,130.12,50,1838.01,0.01,0.01,6.23,0.0,Nov,2,2,9,2,Returning_Visitor,False,False
3,161.13,1,59.72,25,1527.583333,0.007843137,0.017647059,8.926823529,0.0,Oct,2,2,2,2,Returning_Visitor,False,True
1,55.23,0,19.62,9,234.4,0.0,0.07,0.0,0.03,Mar,2,2,2,2,Returning_Visitor,False,False
1,75.16666667,0,0.0,19,1173.417614,0.0,0.02,21.41943708,0.0,Mar,3,2,1,2,Returning_Visitor,False,True
2,38.5,0,15.0,50,1034.56,0.002884615,0.05,12.83705128,0.8,May,3,2,1,3,Returning_Visitor,False,False
2,122.66,1,82.59,17,1228.11,0.01,0.03,4.35,0.01,Nov,2,2,2,1,Returning_Visitor,True,False
6,167.0,0,0.0,71,1551.1,0.01,0.01,12.30811748,0.02,Oct,3,2,1,1,Returning_Visitor,False,True
1,60.13,0,0.0,40,2338.95,0.01,0.02,1.78,0.0,May,1,1,4,3,Returning_Visitor,False,True
1,0.0,0,33.33,7,649.5,0.01,0.057142857,0.0,0.0,Dec,1,2,1,2,New_Visitor,True,True
4,187.01,1,0.0,38,483.3,0.016326531,0.03,2.16,1.0,May,2,2,2,3,New_Visitor,True,False
0,38.58,0,0.0,15,636.65,0.04,0.125641026,2.04,0.6,May,3,2,1,3,Returning_Visitor,False,False
0,65.01,0,0.0,14,866.05,0.01,0.02,0.0,0.0,May,2,2,1,2,Returning_Visitor,False,False
1,41.72,0,16.95,7,359.99,0.03,0.06,1.54,0.08,May,1,1,2,4,Returning_Visitor,False,False
5,93.38,0,40.5,24,146.75,0.02,0.01,2.21,0.04,May,2,2,1,15,Returning_Visitor,False,False
0,0.0,0,0.0,17,2223.47,0.04,0.019607843,1.39,0.04,Oct,1,1,1,3,Returning_Visitor,False,False
3,99.5,0,44.63,16,315.1666667,0.04,0.06,12.53314286,0.0,Mar,1,1,1,3,Returning_Visitor,False,True
0,82.42,0,0.0,8,1138.793636,0.0,0.007017544,2.39,0.03,Aug,2,4,1,2,Returning_Visitor,False,False
1,0.0,0,0.0,12,1098.54,0.07,0.05,1.64,0.04,May,3,1,1,3,Returning_Visitor,False,False
1,52.75,0,23.59,21,1107.37,0.03,0.05,1.66,0.06,Oct,2,2,1,1,Returning_Visitor,False,True
2,0.0,0,47.31,56,2633.869048,0.003703704,0.02,2.22,0.0,Mar,2,2,3,2,Returning_Visitor,False,False
2,86.49,0,70.63,26,1138.22,0.0,0.030769231,3.24,0.01,Dec,2,2,1,2,Returning_Visitor,False,False
2,0.0,0,27.68,21,1416.53,0.02,0.1,1.92,0.09,Feb,2,2,2,1,Returning_Visitor,False,False
2,56.4,0,0.0,11,1050.87,0.0,0.004891304,4.859624751,0.01,Aug,2,2,1,4,Returning_Visitor,False,False
1,83.03,0,30.2,13,1028.0,0.033333333,0.059259259,0.0,0.0,May,3,2,4,9,Returning_Visitor,False,False
6,185.39,1,85.0,31,402.8055556,0.01,0.02,2.08,0.0,Mar,3,2,3,2,New_Visitor,False,True
1,0.0,0,0.0,14,1136.6,0.01,0.052175571,2.03,0.04,Mar,2,2,4,1,Returning_Visitor,False,False
0,157.87,1,113.47,38,1406.29,0.01,0.03,5.42,0.0,Nov,2,2,2,1,Returning_Visitor,False,False
4,172.4,1,80.55,27,295.3333333,0.01,0.01,2.59,0.0,Jul,2,10,1,1,Returning_Visitor,True,True
2,92.79,0,37.43,7,681.99,0.05,0.07,0.0,0.11,May,3,2,3,8,Returning_Visitor,False,False
2,90.5,0,0.0,21,0.0,0.0,0.1,0.0,0.05,May,2,2,6,13,Returning_Visitor,False,False
0,0.0,0,33.06,18,1091.74,0.02,0.04,1.76,0.0,Oct,2,2,1,1,Returning_Visitor,False,False
0,0.0,0,21.34,10,1254.49,0.17,0.17,0.0,0.04,Mar,2,2,1,3,Returning_Visitor,False,False
1,48.56,0,24.32,9,551.67,0.02,0.06,6.66,0.0,Dec,2,2,4,4,Returning_Visitor,False,False
0,93.9,0,0.0,29,1000.77,0.0,0.03,6.78,0.0,Dec,3,2,6,2,Returning_Visitor,False,False
0,62.73,0,29.03,15,970.18,0.013043478,0.05,2.41,0.01,Sep,2,2,1,2,Returning_Visitor,False,False
0,0.0,0,0.0,31,2096.47,0.010526316,0.08,0.0,0.8,May,2,4,1,4,Returning_Visitor,False,False
4,143.85,0,0.0,68,2593.741667,0.01,0.02,4.4,0.01,Oct,2,2,4,2,Returning_Visitor,False,False
0,68.57,0,53.7,1,0.0,0.2,0.2,7.28,0.0,Dec,3,2,7,1,Returning_Visitor,False,False
1,42.33,0,19.22,50,1195.14,0.11,0.12,1.55,0.03,Mar,2,2,1,1,Returning_Visitor,False,False
4,227.6,0,54.14,33,1350.31,0.01,0.01,5.904407563,0.09,May,2,2,1,3,Returning_Visitor,False,False
1,0.0,0,23.35,15,13.0,0.133333333,0.2,0.0,0.09,Oct,2,2,1,3,Returning_Visitor,False,False
2,222.5,2,0.0,32,1143.4,0.01,0.058285714,20.73,0.02,Dec,2,2,6,2,Returning_Visitor,False,False
1,64.39,0,19.18,16,1254.0,0.02,0.07,1.85,0.12,Mar,3,2,7,5,Returning_Visitor,True,False
2,0.0,0,45.0,21,1188.0,0.01,0.066666667,2.89,0.1,May,2,2,2,1,Returning_Visitor,False,False
1,91.09,0,0.0,12,1446.88,0.0,0.05,2.3,0.11,Mar,2,2,2,1,Returning_Visitor,False,False
0,0.0,0,0.0,1,0.0,0.2,0.2,4.25,0.55,Feb,1,1,3,4,Returning_Visitor,False,False
0,0.0,0,29.5,7,1022.75,0.02,0.07,0.0,0.0,Nov,3,2,8,3,Returning_Visitor,True,False
11,367.05,5,1037.15,122,21672.24425,0.03,0.04,10.2,0.01,Nov,2,2,1,2,Returning_Visitor,False,True
7,439.95,1,0.0,96,4803.82717,0.01,0.01,0.0,0.0,Nov,2,2,3,2,Returning_Visitor,True,False
1,72.31,0,27.32,10,362.05,0.06,0.11,0.0,0.01,Oct,1,1,1,3,Returning_Visitor,False,False
3,115.71,0,236.0,28,1246.124103,0.006666667,0.021453423,11.284275,0.0,May,2,2,3,2,Returning_Visitor,False,False
1,47.0,0,22.19,13,791.84,0.14,0.16,1.59,0.03,Mar,2,2,2,1,Returning_Visitor,False,False
0,0.0,0,0.0,10,221.0,0.0,0.05,3.98,0.08,May,2,2,2,4,Returning_Visitor,False,False
8,289.0,0,192.91,61,5107.034928,0.01544437,0.044005026,14.22,0.0,Oct,2,2,2,1,Returning_Visitor,False,False
9,220.94,1,0.0,40,1606.30825,0.01,0.02,4.79,0.01,Nov,2,2,9,2,Returning_Visitor,True,False
2,117.92,0,42.4,23,1282.5,0.02,0.007142857,5.38,0.01,Mar,2,2,1,2,New_Visitor,False,False
2,0.0,0,37.54,19,161.0,0.0,0.03,1.77,0.0,Oct,2,2,1,1,Returning_Visitor,False,False
1,62.79,0,29.93,24,1107.26,0.018181818,0.02,0.0,0.0,Mar,2,2,4,1,Returning_Visitor,False,False
1,89.46,0,45.52,3,112.0,0.066666667,0.05,16.87,0.03,Mar,2,2,3,10,Returning_Visitor,False,False
2,94.81,0,27.42,12,788.67,0.03,0.07,0.0,0.01,Nov,2,2,9,2,Returning_Visitor,True,False
1,0.0,0,22.86,10,455.03,0.01,0.07,2.37,0.0,Oct,2,2,3,2,Returning_Visitor,False,False
7,167.55,1,90.5,42,1866.94,0.027380952,0.033928571,0.0,0.0,Mar,2,2,1,2,Returning_Visitor,False,True
1,38.85,0,27.97,9,272.3333333,0.01,0.036666667,4.08,0.4,May,2,2,4,3,Returning_Visitor,False,False
0,44.78,0,0.0,3,1115.76,0.066666667,0.1,0.0,0.29,May,1,1,1,1,Returning_Visitor,False,False
6,188.83,0,76.48,29,2240.166667,0.01,0.01,0.0,0.13,May,1,1,2,4,Returning_Visitor,False,False
3,523.9166667,2,21.0,25,439.5238095,0.0,0.023333333,15.84,0.03,Mar,2,2,3,2,Returning_Visitor,False,False
6,281.3333333,0,77.46,14,562.6666667,0.01,0.02,4.3,0.08,May,2,2,1,4,Returning_Visitor,False,False
4,120.9,0,0.0,35,2215.89,0.0,0.02962963,8.43,0.03,Mar,3,2,1,1,Returning_Visitor,False,False
7,344.61,1,152.26,35,3197.290064,0.010320513,0.01989345,11.13,0.03,Mar,3,2,6,2,Returning_Visitor,True,False
14,152.59,1,200.08,33,1834.69,0.01,0.02,2.5,0.01,Sep,1,8,1,3,Returning_Visitor,False,False
1,0.0,0,17.47,1,458.04,0.02,0.13,1.86,0.0,Mar,1,1,3,15,Returning_Visitor,False,False
1,51.12,0,22.36,12,1686.63,0.05,0.09,1.68,0.07,Oct,2,2,1,1,Returning_Visitor,False,True
1,0.0,0,36.64,5,122.4,0.028571429,0.042857143,3.71,0.01,Jul,3,2,2,1,Returning_Visitor,False,False
1,0.0,0,0.0,13,1223.4,0.066666667,0.05,0.0,0.05,Mar,2,2,1,3,Returning_Visitor,False,False
6,202.4,1,61.35,28,2006.046667,0.007142857,0.032738095,4.71,0.01,Nov,2,2,9,2,Returning_Visitor,True,False
11,295.69,1,368.33,25,3247.06,0.02,0.0171875,0.0,0.02,Mar,3,2,1,2,Returning_Visitor,False,False
1,70.01,0,0.0,15,746.78,0.0,0.04,4.33,0.0,Mar,2,2,2,1,Returning_Visitor,False,False
0,161.25,0,60.31,31,2516.833333,0.025423729,0.02,5.23,0.11,Mar,2,2,2,1,Returning_Visitor,False,False
2,124.55,0,53.36,27,1206.0,0.01,0.03,0.0,0.02,May,2,2,1,2,Returning_Visitor,False,False
0,0.0,0,0.0,8,730.03,0.03,0.04,4.71,0.0,Mar,2,2,2,1,Returning_Visitor,False,False
4,238.4,1,0.0,23,132.2333333,0.01,0.007407407,10.3,0.0,May,2,2,3,18,Returning_Visitor,True,False
1,49.5,0,0.0,10,1272.25,0.0,0.07,0.0,0.03,Mar,2,2,2,4,Returning_Visitor,False,False
1,92.26,0,35.38,35,897.6666667,0.02,0.03,3.07,0.22,May,3,2,2,8,Returning_Visitor,False,True
0,70.96,0,53.71,4,498.43,0.0,0.05,2.84,0.0,Dec,8,2,3,8,Other,False,False
0,65.84,0,25.62,13,1067.79,0.0,0.02,2.39,0.0,Oct,2,5,3,2,Returning_Visitor,False,False
2,25.0,0,36.51,16,1385.19,0.0,0.04,2.56,0.0,Mar,3,2,1,1,Returning_Visitor,False,False
0,95.92,0,0.0,12,624.76,0.0,0.02,3.69,0.15,May,4,2,2,3,Returning_Visitor,False,False
1,0.0,0,20.02,10,55.0,0.11,0.14,2.08,0.03,Mar,2,2,2,3,Returning_Visitor,False,False
2,116.65,0,0.0,26,1711.333333,0.02,0.03,2.63,0.06,Oct,2,2,1,1,Returning_Visitor,False,False
1,57.95,0,23.45,13,1299.65,0.12,0.09,2.79,0.09,Oct,3,2,2,3,Returning_Visitor,False,False
1,37.68,0,0.0,24,1200.94,0.04,0.059846154,0.0,0.07,Mar,1,2,2,1,Returning_Visitor,False,False
1,83.64,0,35.89,17,1106.74,0.002083333,0.039814815,5.91,0.01,Nov,2,2,1,2,Returning_Visitor,False,False
5,247.84,1,123.81,33,1887.694444,0.01,0.01,11.69485714,0.41,May,3,2,6,15,Returning_Visitor,False,True
0,112.25,0,0.0,21,1652.486111,0.01,0.008695652,5.78,0.01,Nov,1,2,3,8,Returning_Visitor,False,False
15,444.4444444,0,0.0,36,2277.54,0.024738676,0.03,0.0,0.09,Mar,3,2,1,13,Returning_Visitor,False,False
1,57.33,0,23.8,16,701.0,0.01,0.057142857,2.12,0.08,Oct,2,2,1,1,Returning_Visitor,False,False
2,48.5,0,38.21,5,983.71,0.02,0.06,1.65,0.04,May,2,2,5,1,Returning_Visitor,False,False
3,196.03,1,101.83,31,890.92,0.026523297,0.02,2.72,0.0,Feb,3,2,3,2,New_Visitor,False,False
3,171.51,1,395.0,12,2270.13,0.0,0.02,4.14,0.01,Nov,2,2,3,2,New_Visitor,False,False
1,61.58,1,24.89,11,984.95,0.04,0.07,6.53004878,0.23,May,2,2,2,3,Returning_Visitor,False,False
2,138.83,0,67.5,178,2218.42,0.003645833,0.010805067,4.01,0.01,Oct,3,2,1,1,Returning_Visitor,False,True
1,12.06666667,0,0.0,16,1370.75,0.0,0.03,0.0,0.07,Mar,2,2,1,1,Returning_Visitor,False,True
4,1946.0,0,139.2,48,1726.6,0.02,0.005882353,3.56,0.01,Mar,2,2,9,2,Returning_Visitor,False,False
1,45.08,0,0.0,24,1117.37,0.02,0.006666667,0.0,0.01,Mar,2,2,4,3,Returning_Visitor,False,False
1,59.23,0,20.84,10,17.0,0.0,0.04,1.63,0.02,Mar,2,2,2,2,Returning_Visitor,True,False
1,0.0,0,28.76,2,793.49,0.0,0.03,0.0,0.01,June,2,2,1,3,Returning_Visitor,False,False
1,61.99,0,0.0,28,3559.375,0.01,0.023797619,0.0,0.0,Nov,2,2,1,2,Returning_Visitor,False,False
1,56.21,0,20.39,8,637.1,0.03,0.05,0.0,0.0,Mar,2,2,2,2,Returning_Visitor,False,False
3,0.0,1,86.55,23,1002.366667,0.0,0.02,47.57898514,0.01,Oct,2,2,4,2,Returning_Visitor,True,True
1,32.83333333,0,35.79,20,1470.629167,0.011111111,0.015396825,3.7,0.01,Nov,1,2,9,2,Returning_Visitor,True,False
1,40.01,0,30.62,15,143.75,0.08,0.091555556,0.0,0.12,May,2,2,1,13,Returning_Visitor,False,False
0,0.0,0,25.8,7,69.0,0.07,0.07,2.24,0.14,May,2,2,1,3,Returning_Visitor,False,False
1,0.0,0,46.77,24,754.3,0.01,0.0125,5.19,0.0,Nov,2,2,1,2,Returning_Visitor,True,False
0,0.0,0,0.0,26,1318.06,0.0,0.03,3.1,0.0,Oct,2,2,1,1,Returning_Visitor,False,False
1,0.0,0,40.55,11,397.62,0.02,0.13,0.0,0.0,Dec,2,2,3,2,Returning_Visitor,False,False
0,32.35,0,0.0,9,0.0,0.2,0.2,0.0,0.0,Nov,1,1,3,3,Returning_Visitor,True,False
1,47.99,0,0.0,10,1381.95,0.04,0.05,1.84,0.01,Nov,2,2,1,1,Returning_Visitor,True,False
1,54.0,0,23.6,12,650.6666667,0.01,0.045217391,2.83,0.03,Feb,2,2,4,1,Returning_Visitor,False,False
5,283.64,2,147.85,42,1653.41,0.003188406,0.018007866,4.873969358,0.0,May,2,2,3,2,Returning_Visitor,False,False
0,57.91,0,0.0,8,1306.65,0.0,0.06,1.52,0.0,Mar,2,2,3,2,Returning_Visitor,False,False
1,5.0,0,47.5,58,1072.15,0.008939014,0.03,3.29,0.0,Nov,2,2,9,2,Returning_Visitor,False,False
1,38.65,0,34.83,2,3341.99,0.2,0.2,0.0,0.07,Mar,1,1,1,1,Returning_Visitor,False,False
1,46.61111111,0,0.0,18,1873.589297,0.0,0.04,4.29,0.01,Dec,2,2,1,2,Returning_Visitor,False,False
1,55.59,1,19.8,10,1062.812542,0.0,0.08,1.48,0.03,Mar,2,2,2,4,Returning_Visitor,False,False
2,53.5,0,0.0,82,1355.68,0.01,0.03015873,2.94,0.01,Sep,1,2,1,2,Returning_Visitor,False,False
3,246.25,0,40.99,19,548.25,0.0,0.01,2.13,0.07,Oct,1,1,2,2,Returning_Visitor,True,False
5,143.51,1,0.0,37,7442.388149,0.01,0.02,0.0,0.03,Mar,2,2,3,2,Returning_Visitor,False,False
1,60.02,0,45.93,1,1051.44,0.2,0.2,2.29,0.09,Mar,1,2,3,3,Returning_Visitor,False,False
0,74.86,0,33.1,18,1495.62,0.02,0.05,3.15,0.07,Oct,2,2,1,1,Returning_Visitor,False,False
0,53.2,0,36.13,26,453.3333333,0.01,0.01,0.0,0.09,May,2,4,1,4,Returning_Visitor,False,False
0,0.0,0,20.25,1,0.0,0.03,0.05,9.59,0.0,May,2,2,3,8,Returning_Visitor,True,False
1,0.0,0,22.98,13,704.6,0.1,0.09,0.0,0.08,May,2,2,1,4,Returning_Visitor,False,False
1,62.76,0,32.2,16,1634.64,0.02,0.066666667,1.8,0.05,Oct,2,2,1,1,Returning_Visitor,False,False
4,123.19,0,58.21,33,3528.69125,0.01577381,0.03,2.99,0.0,Mar,2,2,1,2,Returning_Visitor,False,False
0,55.37,0,30.41,15,646.4,0.18,0.2,3.94,0.0,Mar,7,8,2,11,Returning_Visitor,False,False
4,150.67,0,51.64,30,2116.41,0.02,0.016586922,4.41,0.02,Mar,2,2,9,2,Returning_Visitor,True,False
0,0.0,0,23.19,7,601.21,0.1,0.1,0.0,0.03,Mar,5,2,1,3,Returning_Visitor,False,False
2,50.5,0,41.83,14,909.4,0.01,0.02,100.7776,0.06,Aug,2,2,2,2,New_Visitor,False,True
10,236.4083333,1,178.77,313,7428.181584,0.02,0.03,8.26,0.02,May,2,2,2,2,Returning_Visitor,False,False
4,178.79,1,123.08,69,2107.72,0.012004662,0.019056732,9.61,0.01,Nov,2,2,1,2,Returning_Visitor,False,True
2,0.0,0,33.14,19,2591.79,0.16,0.12,2.22,0.03,Aug,2,2,1,13,Returning_Visitor,False,False
0,28.24,0,18.98,1,1063.4,0.13,0.12,0.0,0.0,May,2,2,1,3,Returning_Visitor,False,False
1,100.37,0,0.0,27,1557.22,0.02,0.03,2.69,0.04,Oct,2,2,1,1,New_Visitor,True,False
0,50.11,0,43.85,12,728.12,0.1,0.08,1.43,0.8,May,2,2,3,2,Returning_Visitor,False,False
0,0.0,0,0.0,14,0.0,0.17,0.17,0.0,0.8,May,3,2,1,3,Returning_Visitor,False,False
1,71.01,0,56.29,33,1075.99,0.01,0.02,0.0,0.01,Dec,2,2,1,2,Returning_Visitor,False,False
1,0.0,0,43.6,13,269.7,0.0,0.033333333,0.0,0.01,Dec,2,2,3,2,Returning_Visitor,False,False
3,196.87,0,50.96,23,14.35,0.0,0.05,3.55,0.12,Feb,3,2,6,4,New_Visitor,False,False
5,509.8333333,0,46.19,21,1438.854167,0.01,0.01,2.74,0.02,Oct,1,1,3,2,New_Visitor,False,False
0,165.72,1,87.06,91,4157.633333,0.02,0.028013468,4.91,0.09,May,2,2,1,13,Returning_Visitor,False,False
3,144.15,0,53.58,17,693.29,0.01,0.017105263,5.33,0.0,Oct,1,1,1,2,Returning_Visitor,False,True
5,99.75,0,109.97,36,2520.056936,0.01,0.02,3.42,0.01,Nov,2,2,1,3,Returning_Visitor,False,True
1,35.2,0,26.49,12,622.61,0.03,0.1,2.5,0.13,May,3,2,3,3,Returning_Visitor,False,False
6,244.49,1,80.61,47,3788.75,0.02,0.02,11.45469444,0.03,Oct,1,1,1,2,New_Visitor,True,False
1,63.5,2,46.0,13,1530.92,0.09,0.07,0.0,0.03,Mar,2,2,2,4,Returning_Visitor,False,False
1,33.51,0,21.42,8,1018.17,0.06,0.08,1.44,0.0,May,2,2,1,3,Returning_Visitor,False,False
4,606.0,1,33.0,26,1103.59,0.01,0.02,4.95,0.03,Mar,2,2,3,2,Returning_Visitor,True,False
3,154.0,0,0.0,23,367.25,0.005263158,0.044210526,5.82,0.02,Oct,2,2,2,1,Returning_Visitor,True,False
0,63.35,0,25.51,13,383.4583333,0.05,0.1,2.36,0.0,Dec,2,2,1,2,Returning_Visitor,False,False
0,88.65,0,45.84,54,5663.84,0.057142857,0.05,1.82,0.06,Oct,1,1,1,4,Returning_Visitor,False,False
1,5.0,0,0.0,21,411.0833333,0.015789474,0.016140351,2.64,0.05,May,3,2,1,3,Returning_Visitor,False,False
2,0.0,1,0.0,18,1900.675,0.0,0.02,3.52,0.01,Feb,1,1,3,10,Returning_Visitor,True,True
2,89.85,1,72.82,34,1645.81,0.006547137,0.02,86.57772177,0.0,Nov,2,2,1,2,Returning_Visitor,True,False
3,0.0,1,131.42,28,3129.393438,0.01,0.01,0.0,0.36,May,3,2,3,7,Returning_Visitor,False,False
2,98.65,0,0.0,20,1454.29,0.02,0.03,2.65,0.03,Mar,2,2,1,2,Returning_Visitor,False,False
0,81.81,0,35.3,5,1063.7,0.01,0.04,2.48,0.0,Nov,3,2,1,4,New_Visitor,True,False
1,0.0,0,0.0,14,535.19,0.05,0.05,2.58,0.01,Mar,2,2,1,1,Returning_Visitor,False,True
2,26.75,3,49.5,44,2964.650595,0.01,0.026444444,0.0,0.02,Mar,2,1,1,2,Returning_Visitor,False,False
0,0.0,0,34.03,32,1511.91,0.01,0.02,1.97,0.04,Oct,2,2,3,7,Returning_Visitor,False,False
0,50.9,0,35.12,21,25.0,0.066666667,0.133333333,2.45,0.1,Mar,3,2,1,1,Returning_Visitor,False,False
2,100.23,0,46.7,58,1388.82,0.01,0.010752688,0.0,0.02,Feb,2,2,1,2,Returning_Visitor,False,False
2,145.2,0,28.53,14,266.66,0.0125,0.04,0.0,0.0,Mar,2,2,3,1,Returning_Visitor,False,False
2,119.5666667,0,0.0,25,1177.91,0.01,0.033333333,2.94,0.01,Nov,1,2,1,8,Returning_Visitor,True,False
3,78.61,0,29.38,37,1430.53,0.003252033,0.04,2.09,0.0,Mar,2,2,2,2,Returning_Visitor,True,False
4,139.23,1,52.22,24,1159.38,0.01,0.02,32.382,0.0,Mar,2,2,2,2,New_Visitor,True,True
2,85.0,0,0.0,3,1199.97,0.0,0.05,4.98,0.01,Mar,1,1,1,8,New_Visitor,False,False
1,53.98,0,22.84,12,501.75,0.03,0.06,2.14,0.04,May,2,4,4,1,Returning_Visitor,False,True
2,89.84,0,0.0,48,1143.37,0.01,0.01,0.0,0.02,Feb,2,2,1,2,Returning_Visitor,False,False
5,512.5805785,1,211.0,61,2041.21,0.005615082,0.01,7.82,0.01,Oct,1,1,3,1,Returning_Visitor,False,False
2,77.31,0,0.0,19,526.3333333,0.01,0.058571429,0.0,0.03,Mar,2,2,3,2,Returning_Visitor,False,False
0,34.33,0,21.86,10,176.5,0.05,0.07,1.71,0.1,Oct,2,2,1,3,Returning_Visitor,False,False
1,73.88,1,30.96,15,1140.796667,0.0,0.03,3.79,0.0,Feb,2,2,1,2,Returning_Visitor,False,False
2,0.0,1,43.31,20,955.02,0.02,0.04,2.9,0.16,May,3,2,2,13,Returning_Visitor,False,False
0,31.5,0,26.35,1,281.73,0.19,0.13,0.0,1.0,May,4,1,1,3,Returning_Visitor,True,False
1,0.0,0,0.0,10,623.2,0.022222222,0.05,3.75,0.01,Jul,2,2,3,3,Returning_Visitor,False,False
3,170.61,1,15.0,16,651.97,0.007692308,0.014102564,9.8,0.0,Mar,3,2,2,2,Returning_Visitor,True,False
1,0.0,0,0.0,4,2214.8,0.0,0.04,3.58,0.0,Mar,2,2,2,1,Returning_Visitor,False,False
0,44.23,0,0.0,10,108.0,0.01,0.074,2.53,0.05,May,2,2,2,19,Returning_Visitor,False,False
0,0.0,0,0.0,24,409.3030303,0.02,0.04,5.79,0.05,Mar,3,2,2,1,Returning_Visitor,False,False
4,127.29,0,65.12,80,1832.61,0.000169693,0.02,2.91,0.02,Oct,2,2,1,2,Returning_Visitor,False,False
1,47.75,0,0.0,13,1015.34,0.02,0.03,6.67,0.0,Sep,3,2,3,4,Returning_Visitor,True,False
1,43.01,0,0.0,13,1118.32,0.04,0.08,2.0,0.04,Oct,2,2,4,1,Returning_Visitor,False,True
0,82.38,0,0.0,23,354.25,0.01,0.03,124.032,0.15,May,1,1,6,4,Returning_Visitor,False,True
1,70.96,0,0.0,32,1743.77,0.008928571,0.03,1.94,0.02,Mar,2,2,3,2,Returning_Visitor,True,True
3,190.45,0,79.87,38,1601.68,0.01,0.02,5.35,0.05,Mar,2,2,9,2,Returning_Visitor,True,False
1,61.2,0,45.39,17,1743.366667,0.02,0.04,2.4,0.0,Mar,2,3,2,1,Returning_Visitor,False,True
6,232.24,1,136.9,75,7972.322431,0.002619048,0.014230973,8.84,0.02,May,2,2,1,2,Returning_Visitor,False,True
2,160.35,1,63.5,118,5250.891667,0.001626016,0.02,0.0,0.01,Nov,2,2,9,2,Returning_Visitor,False,False
1,138.83,0,0.0,24,1440.47,0.05,0.06,4.04,0.0,Mar,3,2,2,4,Returning_Visitor,True,False
1,500.55,7,673.19,25,6182.59,0.002150538,0.018817204,12.18,0.0,Mar,2,2,1,2,New_Visitor,False,False
2,135.76,0,48.59,10,182.25,0.0,0.03,7.02,0.07,Oct,2,2,6,2,Returning_Visitor,False,False
1,46.95,0,44.44,26,933.3333333,0.02,0.05,1.63,0.0,May,2,2,6,13,Returning_Visitor,False,False
1,40.17,0,15.79,7,1082.61,0.05,0.08,1.49,0.0,Mar,1,1,1,3,Returning_Visitor,False,False
1,38.38,0,23.76,12,208.0,0.06,0.081818182,0.0,0.04,Mar,2,1,4,3,Returning_Visitor,False,False
5,187.09,0,71.97,35,1611.29,0.01,0.02,5.93,0.12,May,2,2,1,3,Returning_Visitor,False,False
7,250.3333333,1,103.53,38,1433.35,0.01,0.02,0.0,0.02,Oct,2,2,3,2,Returning_Visitor,True,False
1,0.0,0,26.82,1,1009.97,0.2,0.2,1.93,0.01,Nov,2,2,1,1,Returning_Visitor,False,False
2,154.38,1,0.0,4,129.5,0.01,0.05,10.1,0.01,Dec,5,13,9,20,Other,False,False
2,110.68,0,0.0,21,585.65,0.0,0.05,0.0,0.02,Oct,2,1,1,4,New_Visitor,False,False
1,88.0,0,0.0,10,510.36,0.01,0.06,1.63,0.0,Oct,1,1,3,3,Returning_Visitor,False,False
3,101.21,0,30.62,13,1582.46,0.0,0.016666667,2.78,0.04,Oct,2,2,1,1,Returning_Visitor,False,False
0,40.64,0,25.61,15,1320.54,0.02,0.042857143,1.5,0.0,Mar,2,2,3,1,Returning_Visitor,False,False
1,59.82,0,21.37,37,592.8375,0.06,0.08,1.92,0.0,Mar,2,2,2,1,Returning_Visitor,False,False
1,55.64,0,19.74,3,48.5,0.1,0.13,2.32,0.0,Mar,2,2,2,3,Returning_Visitor,False,False
2,78.95,1,35.76,28,1227.23,0.01,0.019472789,3.26,0.0,Jul,1,1,1,2,New_Visitor,True,True
4,209.77,1,88.68,38,6203.690476,0.007395833,0.027280668,9.0,0.07,Oct,2,2,3,2,Returning_Visitor,False,False
1,0.0,0,28.17,14,1496.59,0.01,0.04,3.01,0.04,Feb,2,4,1,1,Returning_Visitor,False,False
2,69.49,0,37.56,25,418.3333333,0.0,0.02,1.66,0.0,Aug,2,2,1,5,Returning_Visitor,False,False
0,0.0,0,0.0,11,493.15,0.2,0.2,1.58,0.0,Mar,1,1,3,3,Returning_Visitor,False,False
5,193.0,1,172.52,66,982.3,0.01,0.02,15.63,0.01,Mar,2,2,3,2,Returning_Visitor,True,False
0,129.07,0,40.87,19,1541.19,0.0,0.028571429,2.58,0.0,Mar,2,2,1,2,Returning_Visitor,True,True
4,120.0,0,64.0,25,1252.85,0.01,0.02,17.24870115,0.05,May,2,2,2,2,Returning_Visitor,False,True
5,74.25,2,84.0,36,1650.95,0.01,0.006578947,4.52,0.0,Nov,2,2,4,2,Returning_Visitor,False,False
2,0.0,0,47.1,2,0.0,0.03,0.04,1.56,0.0,May,2,2,3,6,Returning_Visitor,False,False
2,111.57,1,15.0,26,670.1666667,0.0,0.02,0.0,0.0,May,2,2,1,4,Returning_Visitor,False,False
1,58.62,0,42.77,17,942.66,0.02,0.12,2.02,0.0,Nov,2,2,7,2,Returning_Visitor,False,False
2,101.19,0,0.0,13,1420.472496,0.01,0.005750251,4.98,0.16,May,1,1,3,4,Returning_Visitor,False,False
2,135.14,0,0.0,24,1255.42,0.006896552,0.015172414,23.51599702,0.01,Nov,1,1,6,1,Returning_Visitor,True,True
0,31.62,0,0.0,8,457.85,0.04,0.07,0.0,0.15,Feb,2,6,2,3,Returning_Visitor,False,False
0,39.44,0,38.45,20,806.5,0.05,0.08,0.0,0.6,May,2,2,2,3,Returning_Visitor,False,False
8,263.3,4,158.29,93,539.227381,0.01,0.011281179,8.92,0.0,Jul,2,2,1,2,Returning_Visitor,True,True
1,0.0,0,36.72,14,184.375,0.0,0.013333333,5.54,0.01,Nov,2,2,1,2,Returning_Visitor,True,False
4,286.5333333,2,69.19,28,817.89,0.01,0.01,3.94,0.0,Oct,2,2,7,2,Returning_Visitor,False,True
1,60.42,0,0.0,16,598.297619,0.0,0.03,0.0,0.0,Mar,2,6,3,1,Returning_Visitor,False,False
3,375.2785714,0,0.0,40,1479.66,0.01,0.029074729,2.0,0.06,Oct,2,2,6,1,Returning_Visitor,True,False
2,62.5,0,0.0,30,548.3333333,0.01,0.031372549,0.0,0.02,Oct,2,2,1,1,Returning_Visitor,False,False
0,0.0,0,22.77,1,0.0,0.03,0.05,2.77,0.0,Dec,2,2,2,2,Returning_Visitor,False,False
2,86.37,0,29.99,15,721.52,0.01,0.009803922,0.0,0.0,Oct,2,2,1,2,New_Visitor,False,False
2,81.85,0,26.68,13,751.11,0.0,0.03,0.0,0.02,Oct,2,2,1,2,Returning_Visitor,False,False
0,55.04,0,0.0,10,653.84,0.0,0.02,0.0,0.0,May,1,1,1,4,Returning_Visitor,False,False
1,46.56,0,42.91,5,371.0,0.02,0.05,2.99,0.01,Mar,2,2,4,1,Returning_Visitor,False,False
0,64.64,0,0.0,17,1072.48,0.04,0.05,1.94,0.4,May,2,2,6,3,Returning_Visitor,False,False
0,82.23,0,35.66,16,779.09,0.006666667,0.04,0.0,0.0,Nov,1,1,3,1,Returning_Visitor,True,False
1,35.07,0,24.85,7,658.44,0.1,0.12,1.46,0.8,May,3,2,1,1,Returning_Visitor,False,False
1,145.11,0,0.0,20,1090.64,0.0,0.04,26.22981818,0.11,May,2,2,1,4,Returning_Visitor,False,True
2,90.77,0,0.0,9,1292.11,0.01,0.022222222,55.89978907,0.01,Jul,2,2,1,4,Returning_Visitor,False,True
2,0.0,0,0.0,65,3864.428571,0.01,0.02,2.21,0.06,Oct,2,2,2,1,Returning_Visitor,False,False
0,61.63,0,0.0,6,873.95,0.01,0.033333333,2.7,0.23,May,1,1,1,2,Returning_Visitor,False,False
1,0.0,0,42.25,17,906.06,0.0,0.02,0.0,0.0,Nov,3,2,3,1,Returning_Visitor,False,False
1,37.99,0,19.38,8,86.53333333,0.13,0.14,1.86,0.03,Mar,2,2,1,1,Returning_Visitor,True,False
1,47.61,0,0.0,10,1293.59,0.04,0.06,1.65,0.0,Oct,2,2,1,1,Returning_Visitor,False,True
1,71.17,0,0.0,20,1557.8,0.04,0.1,3.65,0.09,Feb,2,4,2,1,Returning_Visitor,False,False
1,59.55,0,47.5,13,929.83,0.02,0.09,2.04,0.01,Dec,2,2,8,2,New_Visitor,False,False
4,236.8333333,0,0.0,30,1614.19,0.00952381,0.016825397,4.18,0.0,Mar,3,2,3,2,New_Visitor,True,True
0,67.83,0,0.0,22,1010.633333,0.01,0.02,2.19,0.03,May,2,2,1,2,Returning_Visitor,False,False
1,42.86,0,0.0,9,760.54,0.020689655,0.042528736,3.57,0.06,Mar,2,5,2,1,Returning_Visitor,False,False
1,52.55,0,0.0,11,1056.53,0.05,0.06,2.55,0.05,Oct,2,5,3,6,Returning_Visitor,False,False
1,0.0,0,27.4,16,188.0,0.05,0.0875,2.47,0.08,Mar,1,1,1,1,Returning_Visitor,False,False
1,82.88,1,41.09,23,0.0,0.2,0.2,2.22,0.05,Oct,1,1,9,3,Returning_Visitor,False,False
4,177.66,2,90.26,41,2340.5,0.01,0.015873016,52.08342857,0.09,May,2,2,1,2,Returning_Visitor,False,False
1,36.0,0,0.0,9,915.77,0.01,0.043686869,1.76,0.0,May,2,2,2,3,Returning_Visitor,False,False
1,9.5,0,0.0,13,781.73,0.0,0.03,3.95,0.0,Mar,2,2,1,1,Returning_Visitor,False,False
1,80.18,0,104.8,16,1292.01,0.02,0.026482993,20.14579261,0.01,Nov,2,2,1,1,Returning_Visitor,False,True
2,90.38,0,32.32,6,695.66,0.01,0.02,24.16451021,0.0,May,2,2,1,2,Returning_Visitor,False,False
1,34.44,0,0.0,11,839.81,0.07,0.08,7.108148148,0.44,May,2,2,1,13,Returning_Visitor,False,False
1,0.0,0,35.63,17,784.59,0.04,0.06,2.75,0.0,Oct,3,2,6,13,Returning_Visitor,False,False
3,89.98,1,100.62,96,1304.973333,0.003921569,0.02,6.175932014,0.0,May,2,2,1,2,Returning_Visitor,False,False
7,118.5,0,69.16,28,1875.1,0.0,0.015151515,1.87,0.03,Oct,1,2,2,2,Returning_Visitor,False,False
3,126.1,0,0.0,22,1556.6,0.02,0.02,3.92,0.02,Mar,2,2,1,2,Returning_Visitor,False,False
0,0.0,0,33.62,19,236.0,0.057142857,0.085714286,2.51,0.16,Aug,2,2,1,3,Returning_Visitor,False,False
3,277.1666667,0,59.21,30,1448.333333,0.01,0.003846154,0.0,0.0,Oct,2,4,3,2,New_Visitor,False,False
1,114.29,0,0.0,13,1646.2,0.025,0.03,4.38,0.03,June,2,2,1,2,Returning_Visitor,False,False
0,0.0,1,0.0,87,1197.700198,0.01,0.01,38.00063931,0.0,Nov,2,2,1,2,New_Visitor,True,True
2,100.5,0,38.88,18,381.71,0.02,0.002197802,0.0,0.0,Feb,8,1,2,1,Other,False,False
1,70.01,0,40.42,18,1896.54,0.02,0.045438596,1.67,0.8,May,2,2,6,13,Returning_Visitor,False,False
2,145.46,2,69.04,9,2672.54,0.01025641,0.041025641,4.86,0.0,Mar,1,1,3,2,Returning_Visitor,False,False
6,214.0,1,82.08,33,830.1041667,0.01,0.01,6.41,0.06,May,1,1,2,1,Returning_Visitor,False,False
2,34.25,0,37.06,55,1421.49,0.01,0.016363636,2.0,0.04,Oct,2,2,1,2,Returning_Visitor,False,False
0,58.04,0,58.36,10,851.68,0.01,0.036363636,3.27,0.28,May,2,2,2,1,Returning_Visitor,False,False
1,0.0,0,23.98,14,1358.28,0.01,0.036790123,0.0,0.09,Oct,4,2,1,4,Returning_Visitor,True,False
4,175.0,0,48.75,22,1182.76,0.0,0.04,0.0,0.0,Oct,2,2,1,2,Returning_Visitor,False,False
1,48.03,0,48.25,27,929.65,0.014814815,0.02,2.52,0.0,Mar,2,2,4,1,Returning_Visitor,False,False
1,0.0,0,0.0,2,1072.35,0.05,0.04,0.0,0.8,May,3,2,1,1,Returning_Visitor,False,False
3,119.0295082,1,696.2,37,2525.26,0.015384615,0.022135467,3.4,0.02,Oct,2,2,3,2,Returning_Visitor,True,True
5,136.5555556,1,99.54,59,3224.819084,0.002985075,0.02,5.58,0.01,Oct,2,2,2,2,Returning_Visitor,True,True
0,55.12,0,39.19,12,0.0,0.2,0.2,0.0,0.0,Mar,2,2,9,3,Returning_Visitor,True,False
2,79.1,0,0.0,42,3556.516667,0.01,0.02,3.36,0.01,Dec,2,2,1,4,Returning_Visitor,False,False
1,47.69,0,0.0,18,1120.26,0.01,0.035555556,1.63,0.0,Nov,2,2,1,2,Returning_Visitor,False,False
11,215.01,1,258.625,197,2814.35,0.01,0.02,8.39,0.02,Oct,2,10,1,1,Returning_Visitor,False,True
1,55.57,0,23.75,12,168.2857143,0.03,0.05,1.72,0.05,Mar,2,2,2,2,New_Visitor,False,False
1,68.77,0,37.21,16,1149.62,0.088888889,0.122222222,3.64,0.61,May,2,2,2,3,Returning_Visitor,False,False
0,0.0,0,23.14,20,1033.65,0.06,0.07,6.63,0.33,May,3,2,2,3,Returning_Visitor,False,False
1,5.5,6,90.61,25,2071.34,0.0,0.009333333,3.93,0.02,Nov,2,2,1,2,Returning_Visitor,False,False
4,785.2166667,0,0.0,8,2582.92,0.016666667,0.016666667,0.0,0.0,Nov,3,2,3,5,Returning_Visitor,True,False
0,37.74,0,23.07,15,729.0,0.0125,0.05,0.0,0.11,Oct,2,2,1,3,Returning_Visitor,False,False
1,48.49,0,0.0,18,71.33333333,0.01,0.02,2.14,0.04,Mar,3,2,1,11,Returning_Visitor,False,False
2,93.9,0,34.85,19,323.3740476,0.01,0.02,5.33,0.01,Sep,2,2,1,2,New_Visitor,False,False
3,194.59,1,0.0,23,2767.2,0.0,0.008333333,0.0,0.0,May,2,2,7,2,New_Visitor,False,False
0,0.0,1,69.06,27,896.08,0.02,0.01,88.39170518,0.0,Oct,3,2,2,20,Returning_Visitor,True,True
1,51.37,0,0.0,9,810.36,0.02,0.003571429,2.1,0.06,May,2,2,1,4,Returning_Visitor,False,False
0,46.81,0,21.92,11,803.21,0.01,0.085714286,0.0,0.1,Mar,2,2,3,2,Returning_Visitor,False,False
1,0.0,0,30.84,7,858.12,0.03,0.08,0.0,0.01,Nov,2,2,1,3,Returning_Visitor,False,False
2,67.16666667,0,0.0,11,1206.12,0.14,0.12,0.0,0.03,Mar,2,2,1,3,Returning_Visitor,False,False
1,0.0,0,28.41,15,1093.73,0.04,0.05,2.0,0.0,Mar,3,2,2,1,Returning_Visitor,False,False
3,0.0,0,70.49,27,1451.91,0.0,0.025,7.31,0.0,Oct,2,2,1,1,Returning_Visitor,False,False
1,43.69,0,21.7,4,683.4,0.04,0.08,1.93,0.0,Mar,3,2,6,1,Returning_Visitor,False,False
2,0.0,1,0.0,30,3177.366667,0.008510638,0.044680851,5.87,0.03,May,2,2,5,1,Returning_Visitor,False,False
0,0.0,0,36.33,4,884.15,0.01,0.066666667,3.72,0.0,May,2,2,2,3,Returning_Visitor,False,False
7,291.06,0,245.75,159,2184.484938,0.01,0.02,6.98,0.0,Oct,2,2,1,2,Returning_Visitor,True,False
2,76.57,0,33.1,16,1071.01,0.014814815,0.03,0.0,0.08,May,2,2,3,3,Returning_Visitor,False,False
0,0.0,0,22.8,13,510.76,0.12,0.1,1.64,0.05,May,2,2,1,4,Returning_Visitor,False,True
4,100.75,0,54.27,18,727.6190476,0.01,0.013333333,1.89,0.11,May,2,2,5,3,Returning_Visitor,False,False
4,150.71,1,0.0,38,1940.63,0.0,0.02,3.72,0.0,Nov,2,2,1,2,Returning_Visitor,False,False
1,36.56,0,0.0,13,978.66,0.01,0.05,0.0,0.0,Mar,2,1,2,1,Returning_Visitor,False,False
3,77.34,0,44.73,24,1198.66,0.0,0.04,3.15,0.0,Mar,1,1,1,3,Returning_Visitor,False,False
2,97.96,0,61.07,29,1772.84,0.004848485,0.03,2.98,0.01,Nov,2,2,9,2,Returning_Visitor,False,True
1,60.71,0,0.0,33,1493.11,0.01,0.066666667,0.0,0.0,Nov,2,2,1,2,Returning_Visitor,False,True
2,157.97,3,42.8,22,1005.806061,0.0,0.007407407,3.46,0.0,Nov,2,2,3,2,New_Visitor,True,False
0,45.23,0,27.05,31,1366.49,0.030107527,0.090322581,4.54,0.09,Feb,2,4,3,1,Returning_Visitor,False,False
3,124.25,1,73.17,31,1074.67,0.01,0.006666667,3.31,0.01,Mar,2,2,1,2,New_Visitor,False,True
0,41.5,0,0.0,1,0.0,0.03,0.09,1.78,0.01,Nov,2,2,7,13,Returning_Visitor,False,False
0,0.0,0,0.0,7,1032.19,0.0,0.057142857,1.88,0.02,Mar,2,2,3,3,Returning_Visitor,True,False
3,86.0,0,87.02,31,2450.688095,0.027083333,0.03,0.0,0.02,Mar,1,1,2,3,Returning_Visitor,False,False
1,49.2,0,25.37,4,41.0,0.04,0.1,1.54,0.04,Oct,2,2,1,4,Returning_Visitor,False,False
0,67.29,0,38.29,10,661.4,0.033333333,0.06,0.0,0.0,Dec,2,2,3,1,Returning_Visitor,True,False
3,93.06,1,77.39,32,1551.36,0.01,0.029876364,0.0,0.01,Nov,2,2,1,2,Returning_Visitor,True,True
12,184.4173601,0,45.83,19,959.28,0.01,0.01,18.23386055,0.0,Mar,2,2,3,2,Returning_Visitor,False,False
9,190.51,0,0.0,25,1082.47,0.01,0.02,2.44,0.02,May,2,2,3,2,Returning_Visitor,False,False
0,166.82,0,0.0,21,1509.72,0.01,0.051322751,0.0,0.0,Oct,3,2,6,4,Returning_Visitor,True,False
2,0.0,0,23.76,11,1395.258333,0.05,0.011111111,1.65,0.0,Mar,2,2,2,2,Returning_Visitor,False,False
0,97.4,0,0.0,10,905.83,0.0,0.03,4.35,0.0,May,2,2,1,2,Returning_Visitor,False,False
2,0.0,0,31.92,17,1365.13,0.03,0.005128205,0.0,0.0,Oct,2,2,2,2,Returning_Visitor,False,False
1,47.68,0,17.2,8,143.5,0.0,0.06,2.03,0.03,Mar,2,2,2,2,Returning_Visitor,False,False
1,39.04,0,0.0,9,1547.24,0.1,0.12,0.0,0.05,Mar,1,1,2,4,Returning_Visitor,False,False
0,0.0,0,0.0,8,773.53,0.0,0.0125,2.77,0.1,Feb,2,4,3,16,Returning_Visitor,False,False
2,75.4,0,0.0,21,1294.6,0.0,0.014035088,3.57,0.01,Mar,2,7,3,1,Returning_Visitor,True,False
3,50.0,0,0.0,24,1132.05,0.0,0.02,2.29,0.0,Oct,2,2,3,2,New_Visitor,False,False
0,71.11,0,36.95,16,981.53,0.0,0.04,5.02,0.01,Nov,2,2,1,2,Returning_Visitor,False,True
1,33.86,0,0.0,5,544.83,0.06,0.11,8.480846261,0.08,Aug,1,1,1,4,Returning_Visitor,True,False
0,0.0,0,33.48,15,1594.94,0.011111111,0.03,5.93,0.03,Mar,2,2,1,2,Returning_Visitor,False,False
1,98.22,0,32.67,11,520.77,0.013636364,0.05,0.0,0.0,Dec,4,1,3,1,Returning_Visitor,False,False
0,60.4,0,0.0,19,785.55,0.032727273,0.09,3.8,0.01,Mar,2,2,7,1,Returning_Visitor,False,False
3,158.83,1,68.44,40,1956.38,0.01,0.020277778,0.0,0.04,Oct,2,10,1,1,Returning_Visitor,False,False
4,52.5,0,0.0,14,463.5,0.0,0.02,2.59,0.03,Oct,3,2,1,11,New_Visitor,True,False
0,44.35,0,0.0,7,588.87,0.07,0.08,0.0,0.26,May,2,3,1,3,Returning_Visitor,False,False
2,0.0,0,35.06,6,696.29,0.01,0.011111111,3.79,0.01,Mar,2,2,3,10,Returning_Visitor,False,False
4,202.33,1,74.21,39,1914.32,0.01,0.04375,3.47,0.02,Oct,2,2,1,1,Returning_Visitor,False,False
3,130.47,0,32.64,16,434.5,0.03,0.023809524,0.0,0.02,Mar,2,2,1,2,Returning_Visitor,True,False
1,37.5,0,22.27,5,690.64,0.033333333,0.066666667,2.79,0.0,Nov,1,1,1,2,New_Visitor,False,False
2,90.52,0,29.72,17,1327.84,0.01,0.009150327,2.45,0.02,Oct,2,2,4,2,Returning_Visitor,True,False
2,245.1666667,2,27.86,14,1816.13,0.0,0.001704261,1.58,0.0,Mar,2,2,2,2,Returning_Visitor,False,False
10,211.81,1,91.02,31,1047.05,0.01,0.02,2.85,0.0,Nov,2,2,1,6,New_Visitor,False,False
0,0.0,0,25.89,19,1476.91,0.01,0.020512821,2.5,0.06,Oct,2,2,1,2,Returning_Visitor,False,False
1,0.0,0,0.0,12,159.0,0.01,0.03,0.0,0.0,Mar,2,2,2,2,Returning_Visitor,True,False
2,97.97,0,43.43,8,1446.5,0.025,0.05,3.27,0.0,June,2,2,2,1,Returning_Visitor,False,False
3,116.25,1,18.0,19,1441.94,0.0,0.016666667,2.97,0.0,Oct,2,2,3,1,Returning_Visitor,True,False
7,173.39,1,298.0,43,2409.875,0.006818182,0.02,10.1319644,0.0,Oct,2,2,1,2,Returning_Visitor,False,False
1,0.0,0,22.25,9,363.5,0.03,0.05,1.47,0.09,Oct,2,2,1,1,Returning_Visitor,False,False
2,83.56,0,60.87,29,1367.94,0.05,0.075,2.14,0.02,Jul,2,2,2,1,Returning_Visitor,False,False
2,98.16,1,30.97,12,2872.719031,0.01,0.04,5.915342917,0.01,Aug,2,2,2,1,Returning_Visitor,False,False
1,65.27,0,28.47,16,816.46,0.01,0.033333333,2.44,0.0,May,2,2,3,4,Returning_Visitor,False,False
0,51.9,0,28.04,18,804.0430818,0.02,0.002090109,1.49,0.06,May,2,2,1,3,Returning_Visitor,False,False
1,75.79,0,22.79,5,733.46,0.0,0.02,3.1,0.02,Mar,2,2,3,2,New_Visitor,False,False
2,30.75,0,0.0,34,4760.778303,0.01,0.019068861,0.0,0.0,Mar,3,2,8,1,Returning_Visitor,False,False
6,227.6,0,0.0,51,5284.816825,0.0,0.02,17.1,0.03,Oct,2,2,1,4,Returning_Visitor,False,False
3,403.0,0,75.43,29,1616.54816,0.0,0.003685897,0.0,0.01,Nov,2,2,1,2,Returning_Visitor,False,False
1,68.43,1,26.39,8,1916.9,0.02,0.015555556,11.19189333,0.03,May,2,2,1,3,Returning_Visitor,False,True
1,5.0,0,26.92,14,750.87,0.003174603,0.04,1.55,0.0,Oct,2,2,3,6,Returning_Visitor,False,False
1,101.82,0,30.02,15,1253.49,0.02,0.037057104,3.45,0.03,June,3,2,1,1,Returning_Visitor,True,False
4,173.89,0,0.0,20,447.047619,0.01,0.028888889,3.64,0.0,Oct,1,1,3,2,New_Visitor,False,True
1,91.66666667,2,23.02,12,1347.266667,0.11,0.12,1.6,0.0,Mar,2,2,2,4,Returning_Visitor,False,False
1,54.55,0,56.0,9,1385.833333,0.06,0.09,1.96,0.04,Mar,2,2,6,3,Returning_Visitor,False,True
0,57.68,0,29.47,10,751.77,0.016666667,0.05,0.0,0.0,May,2,2,2,3,Returning_Visitor,False,False
1,48.78,0,0.0,9,1171.77,0.03,0.04,2.23,0.06,Oct,2,2,1,1,Returning_Visitor,False,False
1,76.52,0,0.0,11,1239.97,0.0,0.04,0.0,0.03,May,2,2,2,4,Returning_Visitor,False,False
0,0.0,0,30.2,6,5534.25,0.0,0.08,2.39,0.04,Oct,1,1,1,4,Returning_Visitor,False,False
0,65.39,0,0.0,19,973.44,0.01,0.01,0.0,0.06,May,2,2,1,4,Returning_Visitor,False,False
6,294.18,1,386.0,36,2034.71,0.01,0.02,7.79,0.0,Oct,2,2,3,2,Returning_Visitor,False,True
3,140.81,0,0.0,16,1709.49,0.03,0.02,3.11,0.02,Mar,2,2,1,2,Returning_Visitor,True,True
4,67.5,0,44.61,21,1066.35,0.0,0.014285714,0.0,0.02,Mar,2,2,3,2,New_Visitor,False,False
1,49.07,0,0.0,5,68.4,0.04,0.07,2.11,0.07,June,2,2,1,4,Returning_Visitor,False,False
2,18.2,0,31.02,15,1042.25,0.008888889,0.02,2.42,0.0,Mar,2,2,1,2,Returning_Visitor,False,True
3,4.0,0,0.0,34,892.57,0.01,0.036830357,0.0,0.08,Feb,1,1,3,4,Returning_Visitor,False,False
5,3398.75,0,87.21,35,1119.21,0.03,0.04,2.17,0.03,Sep,2,2,1,2,Returning_Visitor,False,False
1,0.0,0,41.91,9,99.0,0.066666667,0.06,4.53,0.43,May,2,2,2,2,Returning_Visitor,False,False
4,24.16666667,0,99.23,56,1443.78,0.01,0.007471264,0.0,0.04,May,2,2,1,4,Returning_Visitor,False,False
6,214.53,3,159.99,49,1973.38,0.003012048,0.02,5.91438512,0.03,Oct,2,2,3,1,Returning_Visitor,False,False
2,95.64,0,29.4,29,988.2595238,0.01,0.009677419,3.4,0.02,Oct,1,1,1,2,New_Visitor,False,False
2,0.0,0,61.98,40,1503.65,0.02,0.04,4.04,0.08,May,3,2,2,4,Returning_Visitor,False,False
1,59.16,0,21.18,11,1177.7,0.06,0.003508772,2.27,0.02,Oct,2,2,1,2,Returning_Visitor,False,False
1,55.04,0,0.0,24,1339.46,0.01,0.018518519,2.08,0.0,Nov,2,4,6,3,Returning_Visitor,True,False
2,48.4,0,0.0,21,944.58,0.01,0.02,5.2,0.03,June,1,1,1,2,Returning_Visitor,False,False
1,0.0,0,35.58,15,819.39,0.03,0.05,2.41,0.03,Mar,1,2,2,1,Returning_Visitor,False,False
1,0.0,0,56.08,17,0.0,0.2,0.2,0.0,0.4,May,3,2,1,13,Returning_Visitor,False,False
2,0.0,0,0.0,19,1553.269048,0.0,0.02,2.54,0.02,Mar,2,4,3,2,Returning_Visitor,False,False
1,52.82,0,0.0,12,833.52,0.01,0.04,1.86,0.01,Dec,2,2,2,2,Returning_Visitor,False,True
0,0.0,0,39.39,36,1265.24,0.010810811,0.032432432,0.0,0.11,May,2,2,1,4,Returning_Visitor,False,False
1,21.0,0,0.0,11,1628.42,0.0,0.08,1.56,0.03,Mar,2,2,2,4,Returning_Visitor,False,True
4,220.4,0,72.25,27,811.56,0.01,0.02,5.39,0.1,May,3,2,3,4,Returning_Visitor,True,False
1,63.97,0,0.0,3,19.0,0.13,0.17,0.0,0.0,Mar,2,2,6,3,Returning_Visitor,False,False
2,86.59,0,0.0,19,538.2,0.0,0.00952381,1.79,0.0,Oct,2,2,3,6,Returning_Visitor,False,False
3,194.17,0,57.21,14,634.0,0.0,0.013333333,0.0,0.0,Oct,1,1,9,1,New_Visitor,True,False
1,158.42,2,86.82,52,1389.12,0.0,0.02,4.08,0.0,Nov,1,6,9,1,Returning_Visitor,False,False
1,0.0,0,0.0,12,978.84,0.01,0.016666667,1.85,0.04,Mar,2,2,1,2,Returning_Visitor,False,True
2,70.5,1,79.46,20,855.6666667,0.0,0.03,3.11,0.01,Nov,2,2,9,1,Returning_Visitor,False,False
2,57.0,0,54.97,26,724.0666667,0.007407407,0.03,2.16,0.0,Oct,1,1,1,2,New_Visitor,True,True
3,102.94,0,65.57,17,1370.69,0.01,0.0225,2.08,0.11,Oct,1,1,3,3,Returning_Visitor,False,False
1,0.0,0,0.0,5,1211.39,0.01,0.04,0.0,0.04,Mar,1,1,2,2,Returning_Visitor,False,False
0,30.83,0,0.0,10,535.69,0.03,0.15,0.0,0.6,May,2,4,3,1,Returning_Visitor,False,False
2,97.32,0,54.06,24,571.35,0.01,0.02,2.04,0.0,Nov,2,2,1,5,New_Visitor,True,False
5,102.0676923,0,50.28,24,6223.870847,0.01,0.006649462,2.4,0.02,Mar,2,2,3,2,Returning_Visitor,False,True
2,77.21,0,109.0,23,1588.46,0.01,0.021468927,2.22,0.02,Oct,2,2,1,2,Returning_Visitor,False,False
3,112.875,1,0.0,29,1132.49,0.01,0.037037037,11.41,0.0,Nov,2,2,1,2,Returning_Visitor,False,False
3,77.5,0,76.03,20,840.88,0.01,0.013888889,0.0,0.02,Dec,2,2,1,6,Returning_Visitor,False,False
1,76.92,0,0.0,46,800.37,0.01,0.02,1.69,0.01,Nov,2,2,9,2,Returning_Visitor,False,False
1,69.72,0,25.52,13,244.6666667,0.005,0.065,0.0,0.04,Oct,1,1,1,1,Returning_Visitor,False,False
1,0.0,0,24.19,16,1472.0,0.06,0.07,0.0,0.06,Mar,2,2,2,1,Returning_Visitor,False,False
2,122.05,0,56.09,27,463.36,0.01,0.02,5.25,0.0,Sep,2,2,1,2,Returning_Visitor,False,True
2,100.93,0,30.45,16,375.6,0.02,0.004,0.0,0.03,May,2,2,2,4,Returning_Visitor,False,False
2,142.68,0,0.0,28,1115.83,0.05,0.02,38.83384563,0.0,Oct,2,2,4,1,Returning_Visitor,False,True
5,197.35,3,292.6842105,48,1883.81,0.015995116,0.025541275,7.371682608,0.0,Oct,3,2,2,2,Returning_Visitor,False,True
0,58.13,0,0.0,13,580.32,0.01,0.1,2.45,0.02,Mar,2,2,3,1,Returning_Visitor,False,False
1,66.06,0,30.04,20,1333.67,0.05,0.1,1.92,0.04,Nov,2,2,4,1,Returning_Visitor,False,False
1,0.0,0,0.0,3,0.0,0.01,0.03,3.21,0.01,Nov,1,1,4,10,Returning_Visitor,False,False
0,0.0,0,30.46,12,47.25,0.02,0.08,1.59,0.01,Dec,2,5,1,1,Returning_Visitor,False,False
0,53.7,0,32.01,18,19.0,0.05,0.133333333,1.72,0.0,Feb,2,5,3,1,Returning_Visitor,False,False
1,16.0,0,0.0,11,1449.85,0.010344828,0.08,0.0,0.03,Mar,2,2,2,4,Returning_Visitor,False,False
7,161.25,1,55.61,32,1269.59,0.01,0.02,3.01,0.09,May,2,2,1,4,Returning_Visitor,False,True
1,57.52,0,0.0,11,187.9166667,0.01,0.02745098,0.0,0.07,Oct,1,1,3,2,Returning_Visitor,False,False
0,90.18,0,46.15,13,707.38,0.053205128,0.07,5.6,0.51,June,3,2,2,3,Returning_Visitor,False,False
1,0.0,0,26.57,11,934.46,0.06,0.06,0.0,0.0,May,3,2,1,3,Returning_Visitor,False,False
1,39.83333333,0,24.02,9,1196.07,0.05,0.06,0.0,0.06,Mar,2,2,1,1,Returning_Visitor,False,False
1,47.48,0,0.0,11,7.0,0.05,0.1,2.16,0.01,Nov,3,2,1,5,New_Visitor,False,True
1,0.0,0,36.13,3,917.32,0.066666667,0.07,1.9,0.21,May,2,2,4,3,Returning_Visitor,False,False
6,154.7,0,0.0,33,1195.13,0.01,0.01,2.29,0.05,Oct,2,2,5,2,New_Visitor,False,True
1,0.0,0,0.0,12,201.0,0.02,0.03,0.0,0.0,Mar,2,4,2,1,Returning_Visitor,False,False
4,316.8,0,54.17,27,945.69,0.01,0.01,5.981166667,0.02,Oct,2,2,3,2,Returning_Visitor,False,False
1,50.79,0,23.52,16,1196.66,0.0,0.04,0.0,0.06,Feb,2,2,1,1,Returning_Visitor,False,False
0,0.0,0,0.0,20,884.62,0.01,0.04,1.99,0.0,May,1,1,1,4,Returning_Visitor,False,False
1,42.29,0,0.0,16,934.91,0.0,0.07,10.78136364,0.01,Mar,2,2,2,1,Returning_Visitor,False,False
5,176.09,1,80.73,29,1010.32,0.01,0.02,2.86,0.0,May,2,2,6,2,Returning_Visitor,False,False
0,42.46,0,35.69,11,598.82,0.19,0.175,1.69,0.0,June,3,2,2,1,Returning_Visitor,False,False
2,92.31,0,24.71,3,1479.76,0.01,0.05,2.85,0.06,Aug,1,1,2,4,New_Visitor,False,True
4,159.93,0,95.82,36,4293.833333,0.01,0.034166667,5.57,0.01,Nov,2,2,9,2,New_Visitor,True,False
2,79.38,0,0.0,16,953.5,0.0,0.06,1.82,0.8,May,2,2,9,4,Returning_Visitor,False,True
5,162.34,1,58.56,26,1316.47,0.0,0.01,0.0,0.0,Oct,2,2,1,2,New_Visitor,True,False
2,83.09,0,0.0,17,539.0,0.005555556,0.03,4.74,0.0,May,2,2,2,4,Returning_Visitor,False,True
1,0.0,0,29.9,16,1991.93,0.17,0.2,1.69,0.1,Feb,1,1,9,3,New_Visitor,False,False
11,344.4922161,5,154.66,75,3240.75,0.02,0.02,7.36,0.03,Oct,2,2,1,2,Returning_Visitor,False,False
1,83.08,0,16.0,16,1494.083333,0.11,0.09,2.06,0.0,Mar,2,2,1,2,Returning_Visitor,False,False
6,527.0,1,104.23,51,1772.74,0.0,0.00344086,3.83,0.02,May,2,2,1,4,Returning_Visitor,False,False
2,107.9,0,0.0,35,1570.5,0.0,0.03,13.07329412,0.11,May,2,2,2,8,Returning_Visitor,False,True
1,51.16,0,20.62,12,1368.95,0.05,0.08,2.63,0.11,Oct,2,2,2,1,Returning_Visitor,False,False
0,0.0,0,0.0,8,343.52,0.08,0.1,0.0,0.06,Mar,3,2,6,3,Returning_Visitor,False,False
1,67.37,2,22.67,15,675.8333333,0.07,0.004166667,0.0,0.0,Mar,2,2,2,3,Returning_Visitor,False,False
3,177.94,0,17.0,24,1514.6,0.022222222,0.029112554,5.13,0.07,May,2,2,2,2,Returning_Visitor,False,False
1,39.87,0,0.0,8,580.04,0.07,0.07,0.0,0.03,Mar,2,2,3,2,Returning_Visitor,False,False
3,149.25,0,35.4,9,394.5,0.01,0.02,2.35,0.0,Oct,2,2,9,2,New_Visitor,True,True
2,0.0,2,24.0,13,990.17,0.01,0.02,4.14,0.0,May,2,2,1,2,Returning_Visitor,True,False
2,47.0,1,30.85,16,1611.64,0.03,0.023671498,4.47,0.0,Mar,2,2,1,2,Returning_Visitor,True,False
1,0.0,0,0.0,12,44.0,0.0,0.03,1.81,0.04,Mar,2,4,3,2,Returning_Visitor,False,False
5,54.5,4,313.08,14,1728.17,0.0,0.02,4.8,0.12,May,2,2,3,2,Returning_Visitor,False,False
0,53.89,0,26.4,12,996.34,0.016666667,0.06,2.5,0.8,May,2,2,8,4,Returning_Visitor,False,True
1,73.41,0,28.4,3,926.09,0.0,0.03,0.0,0.01,Oct,2,2,1,2,Returning_Visitor,True,False
1,0.0,0,0.0,18,748.5666667,0.05,0.06,5.86,0.0,Oct,2,2,1,1,Returning_Visitor,False,False
2,0.0,0,34.06,38,1349.19,0.016117216,0.048717949,3.57,0.08,Aug,2,6,3,6,Returning_Visitor,True,False
1,4.0,0,0.0,11,143.85,0.01,0.03,3.02,0.0,May,2,2,1,3,Returning_Visitor,False,False
1,54.92,0,17.38,8,34.2,0.0,0.05,2.31,0.03,Mar,2,2,1,1,Returning_Visitor,False,False
4,58.0,0,45.61,31,806.5,0.03,0.04,9.7455,0.04,Mar,2,2,1,2,Returning_Visitor,False,True
1,82.14,0,22.58,11,191.1,0.06,0.08,1.6,0.05,Feb,2,4,2,1,Returning_Visitor,False,False
0,53.91,0,23.6,2,5.0,0.01,0.1,1.91,0.0,Nov,1,2,9,1,Returning_Visitor,False,False
1,35.3,0,0.0,3,1162.34,0.08,0.07,0.0,0.0,Feb,1,2,1,3,Returning_Visitor,False,True
9,65.16666667,1,102.25,47,5969.573168,0.01,0.02,4.22,0.0,Nov,2,2,1,2,New_Visitor,False,True
8,102.6666667,1,76.41,49,878.98,0.007272727,0.02,0.0,0.0,May,2,2,7,4,Returning_Visitor,False,False
1,7.0,0,31.32,14,698.33,0.02,0.006666667,4.31,0.01,Mar,2,2,3,3,Returning_Visitor,True,False
1,46.63,0,32.39,15,112.0,0.03,0.075,1.47,0.07,May,2,2,4,3,Returning_Visitor,False,False
1,170.38,1,61.04,1,0.0,0.02,0.066666667,4.26,0.03,May,2,2,3,5,New_Visitor,False,True
0,44.36,0,0.0,6,413.25,0.04,0.08,1.96,0.03,May,1,1,2,4,Returning_Visitor,False,False
2,90.84,0,28.12,20,45.5,0.16,0.17,0.0,0.05,Mar,1,1,1,4,Returning_Visitor,False,False
2,80.28,0,0.0,14,898.34,0.0,0.066666667,1.75,0.07,Mar,1,1,3,2,Returning_Visitor,False,False
1,55.0,0,21.74,11,1652.65,0.0,0.09,0.0,0.04,Mar,2,2,2,4,Returning_Visitor,False,True
9,179.4533333,1,277.6333333,37,1713.31,0.002325581,0.007674419,9.098216282,0.01,Nov,2,2,1,2,Returning_Visitor,True,False
1,51.04,0,56.0,9,567.01,0.01,0.03,11.0,0.19,May,2,2,2,4,New_Visitor,False,False
9,140.5,0,83.49,34,1090.490476,0.01,0.01,5.19,0.0,Oct,1,1,3,2,Returning_Visitor,False,False
3,98.31,0,39.16,19,1030.21,0.0,0.016666667,3.59,0.15,May,2,2,2,3,Returning_Visitor,False,False
3,142.35,0,50.02,21,872.17,0.01,0.03,23.15073799,0.01,Oct,2,2,3,4,Returning_Visitor,True,True
2,53.74,0,30.07,19,1328.5,0.05,0.031818182,2.08,0.06,May,2,2,1,13,Returning_Visitor,False,False
1,43.0,0,59.27,19,841.34,0.0,0.02,0.0,0.01,May,2,2,4,8,New_Visitor,False,False
1,86.58,0,49.44,5,735.76,0.03,0.04,4.68,0.01,Mar,2,2,2,2,Returning_Visitor,True,False
1,0.0,0,0.0,1,603.47,0.02,0.05,2.7,0.0,Oct,2,2,7,5,Returning_Visitor,True,False
1,59.03,0,36.56,7,108.4166667,0.0,0.06,0.0,0.01,Nov,2,2,9,2,Returning_Visitor,True,False
1,48.51,0,20.9,11,1392.85,0.12,0.11,2.0,0.02,Oct,2,2,1,3,Returning_Visitor,False,False
1,71.65,0,36.42,25,384.1571429,0.007407407,0.03,0.0,0.0,Mar,2,2,4,2,Returning_Visitor,False,False
1,0.0,0,22.19,11,1388.23,0.0,0.07,1.54,0.0,Mar,2,2,2,4,Returning_Visitor,False,False
0,0.0,0,65.9,18,608.5,0.01,0.0,67.98927956,0.01,Oct,1,1,1,2,Returning_Visitor,False,True
0,0.0,0,45.34,6,1156.5,0.0,0.033333333,0.0,0.0,Nov,2,2,1,20,Returning_Visitor,False,False
1,0.0,0,25.54,7,0.0,0.04,0.06,2.95,0.22,May,2,2,1,3,Returning_Visitor,False,False
1,64.76,0,25.98,10,234.0,0.07,0.07,2.71,0.02,Mar,2,2,1,1,Returning_Visitor,False,False
1,31.34,0,20.88,11,1219.73,0.13,0.09,0.0,0.1,May,3,2,1,13,Returning_Visitor,False,False
1,4.0,0,62.4,16,853.15,0.011764706,0.02,0.0,0.01,Dec,2,2,1,1,Returning_Visitor,False,False
1,42.53,0,0.0,16,0.0,0.2,0.2,1.91,0.06,Aug,3,2,1,13,Returning_Visitor,False,False
1,34.5,0,24.47,10,537.47,0.02,0.06,2.46,0.0,Dec,1,1,1,2,New_Visitor,True,False
1,0.0,0,0.0,12,636.14,0.2,0.2,1.54,0.1,Mar,2,2,3,1,Returning_Visitor,True,False
4,77.6,0,0.0,39,1322.34,0.01,0.01,2.43,0.0,May,1,1,4,3,Returning_Visitor,False,False
0,50.61,0,21.21,12,1584.77,0.07,0.07,3.75,0.03,Mar,2,2,1,1,Returning_Visitor,False,False
3,150.25,1,81.08,67,2421.060623,0.0,0.02,0.902835681,0.02,May,2,2,3,2,Returning_Visitor,False,False
2,130.63,0,0.0,27,1802.25,0.01,0.02,0.0,0.02,May,2,2,1,2,Returning_Visitor,False,False
0,43.93,0,0.0,3,810.41,0.01,0.066666667,2.56,0.09,June,2,2,1,4,Returning_Visitor,False,False
1,0.0,0,0.0,15,813.88,0.0,0.02,1.92,0.0,Mar,4,2,3,2,New_Visitor,True,True
1,64.67,0,26.2,10,815.475,0.0,0.023550725,0.0,0.11,May,2,2,2,2,Returning_Visitor,False,False
3,109.27,0,0.0,5,1429.21,0.03,0.0125,3.08,0.02,Oct,2,2,1,2,Returning_Visitor,True,False
6,60.36666667,0,189.3,27,304.7,0.01,0.038596491,2.75,0.0,May,2,2,1,4,Returning_Visitor,False,True
10,232.31,1,0.0,47,1606.78,0.01,0.02,2.25,0.05,Oct,2,2,3,2,Returning_Visitor,False,False
2,54.4,1,64.99,26,1291.73,0.0,0.0,5.71,0.0,Nov,2,2,1,2,Returning_Visitor,False,False
11,494.5333333,1,0.0,59,2398.17,0.01,0.02,6.65,0.01,Nov,2,5,1,1,Returning_Visitor,True,True
5,57.425,3,269.4,57,2285.77,0.01,0.01,0.0,0.0,Nov,2,2,4,2,Returning_Visitor,False,False
0,0.0,0,23.58,10,865.03,0.02,0.072222222,1.81,0.09,Oct,2,2,8,3,Returning_Visitor,False,False
5,213.52,2,383.75,54,2713.31,0.012820513,0.03,5.71,0.01,Nov,2,2,1,1,Returning_Visitor,True,False
3,143.71,0,21.2,25,1259.53,0.0,0.018181818,0.0,0.0,Mar,2,2,2,2,New_Visitor,False,True
10,388.43,5,217.72,97,2883.59,0.010526316,0.010526316,6.9,0.01,June,2,2,1,2,Returning_Visitor,False,False
1,59.11,0,0.0,19,1121.5,0.03,0.1,0.0,0.0,Mar,3,2,4,1,Returning_Visitor,False,False
4,210.5,1,0.0,37,2749.058333,0.01,0.01,8.960896465,0.0,May,2,2,2,4,Returning_Visitor,False,False
5,471.5,1,331.75,7,2649.13,0.02,0.051282051,0.0,0.4,May,2,2,1,4,Returning_Visitor,False,False
1,57.85,0,37.32,5,1148.62,0.03,0.08,1.68,1.0,May,3,2,2,3,Returning_Visitor,True,False
1,37.32,0,18.75,10,349.8333333,0.05,0.06,0.0,0.03,May,2,2,8,1,Returning_Visitor,False,False
4,47.26,0,30.56,10,1705.62,0.0,0.025454545,0.0,0.0,Oct,1,1,6,3,Returning_Visitor,False,False
2,140.02,1,94.47,29,1313.41,0.01,0.023480257,0.0,0.0,Nov,3,2,1,8,Returning_Visitor,True,False
1,47.0,0,0.0,16,822.87,0.077419355,0.112903226,2.41,0.02,May,2,2,3,20,Returning_Visitor,False,False
2,19.0,0,0.0,53,1262.87,0.01,0.01,2.43,0.02,Mar,2,2,3,2,Returning_Visitor,False,False
1,43.75,0,0.0,9,1033.95,0.01,0.04154591,1.89,0.0,Mar,2,1,1,2,Returning_Visitor,True,False
2,78.2,0,33.29,14,1112.02,0.04,0.07,2.12,0.0,Nov,2,2,1,1,Returning_Visitor,False,True
1,0.0,0,30.84,15,1126.19,0.066666667,0.073333333,0.0,0.16,Mar,3,2,2,1,Returning_Visitor,False,False
0,75.13,0,26.15,7,61.33333333,0.04,0.06,5.66,0.0,Mar,2,2,2,2,Returning_Visitor,True,False
1,72.6,0,45.79,22,1537.76,0.01,0.03,1.79,0.0,Nov,1,1,6,5,New_Visitor,False,False
3,92.10151515,0,35.81,13,675.38,0.01,0.03,2.13,0.0,Oct,2,2,3,6,New_Visitor,False,False
1,0.0,0,0.0,14,431.71,0.2,0.2,4.18,0.0,Feb,4,1,1,3,Returning_Visitor,False,False
1,6.0,0,31.15,42,1616.44,0.01,0.02,0.0,0.05,Oct,2,2,1,2,Returning_Visitor,False,False
3,164.925,0,66.875,21,1297.96,0.010964912,0.029949875,83.78651166,0.04,Nov,2,2,1,3,Returning_Visitor,True,False
5,720.5,2,107.37,37,1954.64,0.004767742,0.02,0.0,0.0,Nov,1,2,9,2,New_Visitor,True,False
1,0.0,0,24.9,3,856.54,0.05,0.07,0.0,0.02,Mar,2,2,1,1,Returning_Visitor,False,False
1,18.0,0,22.24,13,722.1,0.03,0.04,0.0,0.01,May,2,1,1,2,New_Visitor,False,False
1,47.63,0,34.45,4,26.0,0.05,0.1,0.0,0.06,Mar,2,2,9,1,Returning_Visitor,False,False
3,156.2690476,1,90.0,30,944.82,0.01,0.005714286,5.42,0.01,May,2,2,4,2,New_Visitor,False,False
0,60.46,0,0.0,11,0.0,0.11,0.2,2.51,0.44,May,2,2,9,3,Returning_Visitor,False,False
0,41.22,0,24.39,10,423.9,0.04,0.06,0.0,0.0,Mar,2,4,3,10,Returning_Visitor,False,False
3,124.68,1,115.15,50,949.39,0.01,0.02,12.22,0.0,Dec,2,2,2,2,Returning_Visitor,False,False
1,45.38,0,23.36,11,200.25,0.01,0.03,2.13,0.0,Oct,2,2,7,1,Returning_Visitor,False,False
1,18.0,0,0.0,62,1275.15,0.01,0.02,13.63692586,0.0,Nov,1,2,1,2,Returning_Visitor,False,True
1,52.66666667,0,36.83,41,2303.183333,0.02,0.04,0.0,0.01,Dec,2,2,1,2,Returning_Visitor,False,False
1,0.0,0,25.21,11,129.3333333,0.02,0.0125,0.0,0.04,May,2,2,1,4,Returning_Visitor,False,False
4,54.5,0,78.97,74,2512.12,0.01,0.01,67.26616125,0.0,Nov,2,2,2,2,New_Visitor,False,True
1,76.53,0,21.06,8,21.0,0.0,0.03,3.86,0.12,May,2,2,1,8,New_Visitor,False,False
1,0.0,0,26.52,16,1352.32,0.01,0.025,1.73,0.0,Oct,2,2,1,2,Returning_Visitor,False,False
1,0.0,0,0.0,25,948.3428571,0.0,0.02,0.0,0.05,Mar,2,4,1,2,Returning_Visitor,False,False
1,57.03,0,0.0,21,1022.63,0.023809524,0.055555556,2.87,0.13,May,2,2,2,2,Returning_Visitor,False,False
3,43.625,1,40.2,109,3624.056349,0.01,0.02,2.85,0.01,Nov,2,2,1,2,Returning_Visitor,False,True
1,56.63,1,34.0,9,882.38,0.02,0.006321839,19.11506897,0.6,May,2,2,1,4,Returning_Visitor,False,True
1,43.25,0,27.32,38,1135.36,0.05,0.06,1.62,0.6,May,2,2,1,3,Returning_Visitor,False,False
2,143.25,0,135.76,39,1469.6,0.0,0.02,6.52,0.01,Nov,2,2,7,2,Returning_Visitor,False,True
2,0.0,0,51.75,19,830.43,0.028571429,0.05,2.32,0.0,Nov,2,2,1,11,Returning_Visitor,False,True
0,39.07,0,29.53,1,1276.38,0.2,0.2,1.43,0.0,Mar,3,2,3,1,Returning_Visitor,False,False
1,50.59,0,16.83,7,385.5,0.0,0.06,0.0,0.04,Mar,2,2,2,3,Returning_Visitor,False,False
2,152.68,0,42.57,18,592.25,0.0,0.018181818,218.8649096,0.01,Dec,1,1,9,2,New_Visitor,False,True
1,40.34,0,0.0,9,541.04,0.052380952,0.12,2.45,0.0,Sep,2,4,1,1,Returning_Visitor,False,False
2,53.0,0,7.0,12,678.0,0.01,0.014814815,20.13555556,0.0,May,2,5,3,4,Returning_Visitor,True,True
15,850.0,2,273.85,97,4069.83,0.0,0.02,0.0,0.01,Oct,2,2,1,2,Returning_Visitor,False,False
1,16.0,0,51.66,17,1128.44,0.0,0.012575758,0.0,0.01,Dec,2,2,1,2,Returning_Visitor,False,False
0,0.0,0,72.16,83,1930.57,0.02804878,0.02,10.15253138,0.0,Mar,2,2,1,1,Returning_Visitor,False,False
0,260.33,3,16.0,35,1621.766667,0.01,0.02,0.0,0.03,Mar,3,2,3,2,Returning_Visitor,False,False
1,0.0,0,0.0,9,705.99,0.02,0.04,2.19,0.02,Mar,2,2,3,2,New_Visitor,True,True
2,63.5,0,24.62,7,750.64,0.01,0.025,3.14,0.0,Oct,1,1,1,2,New_Visitor,False,False
5,79.33333333,3,242.0555556,17,1142.816919,0.01,0.01,6.69,0.01,Mar,3,2,2,2,Returning_Visitor,False,False
1,49.74,0,20.43,3,1120.8,0.1,0.1,0.0,0.0,Mar,2,2,3,8,Returning_Visitor,False,False
1,36.78,0,0.0,14,0.0,0.05,0.07,0.0,0.01,Mar,2,2,4,1,Returning_Visitor,False,False
3,118.35,0,26.49,15,183.0952381,0.01,0.02,0.0,0.02,Oct,1,1,3,2,New_Visitor,True,False
1,0.0,0,22.44,13,817.17,0.14,0.11,0.0,0.02,Mar,2,2,4,1,Returning_Visitor,False,False
1,75.45,0,25.87,13,1143.657143,0.0,0.04,4.230212245,0.09,May,2,2,2,1,Returning_Visitor,True,False
1,57.75,0,21.22,14,1044.5,0.04,0.06,2.15,0.04,Mar,2,2,2,2,Returning_Visitor,True,False
0,0.0,0,20.64,5,814.5,0.03,0.04,2.29,0.1,Oct,2,2,3,2,New_Visitor,True,False
0,110.85,0,0.0,15,1130.92619,0.05,0.07,0.0,0.0,Mar,2,2,2,2,New_Visitor,False,False
2,31.55,0,0.0,0,0.0,0.02,0.066666667,1.52,0.06,Oct,1,1,6,3,Returning_Visitor,False,True
1,12.0,0,61.24,25,1253.19,0.01,0.009883721,11.65996434,0.0,Nov,2,2,1,2,Returning_Visitor,False,True
2,0.0,0,0.0,18,1532.73,0.0,0.033333333,0.0,0.02,Oct,1,1,1,2,Returning_Visitor,True,False
1,0.0,0,21.93,20,847.35,0.015,0.051666667,3.83,0.04,Sep,2,2,1,4,Returning_Visitor,False,False
4,144.89,0,59.77,31,1822.866667,0.01,0.024774775,2.47,0.09,Oct,2,2,1,1,Returning_Visitor,False,False
2,0.0,0,68.87,26,1177.05,0.016666667,0.04,4.93,0.01,Nov,2,2,3,1,Returning_Visitor,False,False
1,0.0,0,0.0,16,888.62,0.066666667,0.07,0.0,0.01,Nov,2,2,9,6,Returning_Visitor,True,False
11,498.9,3,138.35,43,2460.18,0.01,0.02,4.759935374,0.02,Oct,1,1,4,2,Returning_Visitor,False,False
0,0.0,0,23.96,1,0.0,0.2,0.2,0.0,0.49,May,1,1,1,3,Returning_Visitor,False,False
4,81.0,1,0.0,93,2472.45,0.01,0.03,5.49,0.01,Nov,2,2,1,2,Returning_Visitor,True,True
1,96.82,0,0.0,13,61.4,0.0,0.02,0.0,0.01,Oct,2,2,4,2,Returning_Visitor,False,False
4,183.84,0,64.97,56,1677.03,0.0,0.018571429,5.7,0.0,Oct,2,2,3,2,New_Visitor,True,False
2,82.89,0,36.28,18,624.0,0.04,0.05,3.07,0.03,Oct,2,2,1,1,Returning_Visitor,False,False
2,0.0,0,59.51,24,580.2,0.0,0.012121212,6.14,0.0,Oct,2,2,1,2,Returning_Visitor,False,True
2,105.74,0,0.0,28,1551.2,0.0,0.026666667,0.0,0.01,Dec,2,2,1,2,New_Visitor,False,False
0,0.0,0,0.0,13,1523.3,0.043478261,0.073913043,1.65,0.05,Mar,2,2,1,2,Returning_Visitor,True,False
1,60.33,0,0.0,15,276.3666667,0.0,0.02,2.89,0.0,Mar,2,2,9,2,New_Visitor,False,False
1,0.0,0,0.0,15,549.0,0.08,0.06,2.09,0.0,Nov,2,2,1,3,Returning_Visitor,False,False
3,183.25,1,80.5,36,2001.87,0.0,0.02,4.29,0.0,Nov,2,2,1,2,Returning_Visitor,True,True
1,23.2,0,66.9,22,1280.07,0.01,0.04,3.34,0.01,Aug,3,2,6,5,Returning_Visitor,False,True
0,0.0,0,28.73,3,57.0,0.0,0.066666667,1.73,0.2,Feb,2,5,2,2,Returning_Visitor,False,False
10,501.33,1,812.0,113,2582.4,0.007377049,0.02,45.55270796,0.02,Oct,2,2,3,1,Returning_Visitor,False,False
1,0.0,0,0.0,1,0.0,0.2,0.2,1.53,0.0,Mar,3,2,1,3,Returning_Visitor,False,False
2,75.93,0,0.0,22,1168.37,0.0,0.053333333,0.0,0.0,Oct,2,2,9,20,Returning_Visitor,False,False
4,15.0,0,39.24,18,1400.63,0.0,0.028571429,3.88,0.03,Mar,2,2,1,2,Returning_Visitor,True,False
2,60.0,0,37.83333333,11,593.61,0.01,0.02,40.72562976,0.03,Nov,1,1,1,2,New_Visitor,True,True
2,104.27,0,0.0,25,1162.11,0.0,0.008333333,81.19520286,0.0,Nov,3,2,7,2,Returning_Visitor,True,True
11,348.71,2,218.26,230,9050.459482,0.02,0.03,10.94,0.02,Aug,2,2,1,4,Returning_Visitor,False,False
8,427.88,4,351.03,261,14150.54613,0.00598336,0.026011023,17.82,0.01,Nov,2,2,1,2,Returning_Visitor,False,True
0,0.0,0,46.21,23,1559.6,0.0,0.033846154,1.97,0.0,Oct,2,2,2,1,Returning_Visitor,False,False
0,71.37,0,28.45,12,1010.44,0.01,0.026383333,2.51,0.17,May,2,2,1,4,Returning_Visitor,False,True
0,0.0,0,45.19,25,65.4,0.0,0.1,0.0,0.0,May,2,2,1,13,Returning_Visitor,False,False
1,0.0,0,33.84,39,1294.599603,0.01,0.04,0.0,0.01,Nov,2,2,1,2,Returning_Visitor,True,False
3,173.34,0,108.0,21,1742.325216,0.003636364,0.009228841,0.0,0.0,May,2,2,3,4,Returning_Visitor,True,False
1,62.04,0,22.5,12,1304.03,0.003508772,0.05,2.32,0.02,Mar,2,2,1,2,Returning_Visitor,False,False
1,70.31,0,21.55,11,257.9,0.011111111,0.02,0.0,0.03,Mar,1,1,1,4,Returning_Visitor,False,False
0,0.0,0,0.0,10,406.74,0.02,0.03,1.96,0.0,Mar,3,2,1,10,Returning_Visitor,False,False
8,162.36,2,110.63,50,2071.77,0.01,0.02,4.04,0.01,Mar,2,2,1,2,Returning_Visitor,False,False
3,148.95,1,65.77,29,528.9666667,0.02,0.037179487,4.01,0.0,Feb,2,2,1,1,Returning_Visitor,False,False
3,128.07,0,49.48,21,1143.32,0.0,0.003468013,8.7,0.0,Oct,2,2,1,2,Returning_Visitor,True,False
4,353.5,0,107.01,39,583.0833333,0.01,0.007692308,8.05,0.01,Nov,1,1,1,2,Returning_Visitor,False,False
0,131.57,1,81.75,36,1299.196667,0.01,0.03,0.0,0.03,May,2,2,3,2,Returning_Visitor,True,False
1,59.49,0,0.0,10,782.5,0.0,0.02,2.16,0.02,Mar,2,2,3,2,New_Visitor,False,False
1,0.0,0,30.06,10,443.5,0.01,0.01,38.20940741,0.06,Oct,2,5,3,2,Returning_Visitor,False,True
3,173.39,0,168.18,35,353.0,0.01,0.015384615,0.0,0.0,Mar,2,2,1,2,New_Visitor,False,False
0,0.0,0,0.0,15,0.0,0.0,0.2,1.81,0.8,Feb,3,4,1,3,Returning_Visitor,False,False
1,66.0,0,56.14,19,957.43,0.0,0.04,2.83,0.01,Dec,2,2,2,2,Returning_Visitor,False,False
2,69.14,0,31.92,16,1583.64,0.014814815,0.02,2.0,0.0,May,2,2,1,3,Returning_Visitor,False,False
1,48.99,0,42.98,14,511.1666667,0.02,0.036936937,0.0,1.0,May,2,2,2,4,Returning_Visitor,True,False
1,53.4,0,34.47,15,821.6,0.01,0.04,2.61,0.0,Oct,1,1,2,3,Returning_Visitor,False,False
0,0.0,1,34.93,46,4708.83,0.03,0.03,2.5,0.03,Oct,1,1,1,4,Returning_Visitor,False,False
2,62.66666667,0,30.93,17,1805.277375,0.01,0.023295607,4.2,0.03,Feb,1,1,1,2,Returning_Visitor,False,False
10,375.23,3,222.17,172,7017.192635,0.01,0.02,0.0,0.0,Feb,2,4,3,2,Returning_Visitor,False,False
2,193.4,0,0.0,3,364.7,0.01,0.01,0.0,0.01,May,2,2,4,4,Returning_Visitor,False,False
1,75.38,0,0.0,13,666.64,0.0,0.03,0.0,0.05,Feb,3,2,2,4,Returning_Visitor,False,False
0,0.0,0,28.93,11,977.66,0.0,0.03,0.0,0.01,Mar,2,2,1,2,Returning_Visitor,False,False
5,192.37,1,22.5,30,1641.3,0.007402653,0.013739852,8.72,0.04,Oct,3,2,9,2,Returning_Visitor,True,True
11,365.1166667,4,65.5,149,2592.23,0.011520436,0.02,12.56,0.01,Oct,1,1,3,2,Returning_Visitor,False,False
4,0.0,1,60.06,30,4875.609432,0.01,0.02,2.84,0.0,Mar,2,2,1,2,Returning_Visitor,False,True
1,0.0,0,25.3,17,1602.29,0.01,0.015384615,2.37,0.05,Oct,2,2,1,2,Returning_Visitor,False,False
1,0.0,0,38.26,4,158.0,0.03,0.1,1.9,0.03,May,2,2,4,13,Returning_Visitor,False,False
4,0.0,1,154.6,26,3386.0,0.025333333,0.063888889,2.97,0.8,May,2,2,3,6,Returning_Visitor,False,False
1,0.0,0,27.74,10,0.0,0.2,0.19,2.62,0.33,May,2,2,1,3,Returning_Visitor,False,False
0,0.0,0,0.0,1,296.34,0.2,0.2,1.44,0.03,Mar,3,2,1,2,Returning_Visitor,False,False
3,120.0,0,24.67,13,293.0,0.0,0.05,0.0,0.0,Mar,1,1,3,4,Returning_Visitor,False,False
2,112.2,1,12.0,53,1949.45,0.01,0.015548371,5.11,0.0,Nov,2,2,1,2,Returning_Visitor,False,False
1,45.55,0,24.97,15,1036.25,0.18,0.15,1.49,0.03,Mar,2,2,1,1,Returning_Visitor,False,False
12,174.82,1,133.99,38,3521.76,0.03,0.04,2.69,0.03,Aug,2,2,3,5,Returning_Visitor,True,False
5,190.0,1,0.0,56,3327.537566,0.01,0.02,3.78,0.09,Oct,2,2,3,1,Returning_Visitor,False,False
0,51.66,0,0.0,13,556.6,0.02,0.039583333,1.73,0.09,Oct,2,2,2,1,Returning_Visitor,False,False
1,108.26,0,0.0,17,212.8333333,0.010526316,0.033684211,6.6,0.08,Feb,3,2,1,2,Returning_Visitor,False,False
2,106.4,0,0.0,11,940.29,0.01,0.005,3.92,0.0,May,2,2,1,2,New_Visitor,False,False
7,297.6,1,0.0,66,1909.01,0.005797101,0.01,7.766280897,0.02,May,2,2,8,1,Returning_Visitor,False,False
4,173.29,0,41.27,18,298.6904762,0.0,0.002083333,2.49,0.03,May,2,2,1,2,New_Visitor,False,False
1,43.58,0,0.0,18,1763.91,0.08,0.08,2.0,0.02,Oct,1,1,3,3,Returning_Visitor,True,False
0,84.87,0,60.1,5,54.5,0.0,0.04,0.0,0.01,Dec,2,2,9,2,Returning_Visitor,False,False
5,186.07,2,106.39,47,2115.52,0.01,0.01,4.32,0.0,Oct,2,2,9,4,Returning_Visitor,False,False
3,126.5,0,36.13,4,138.8,0.02,0.03,0.0,0.02,Oct,1,1,1,2,New_Visitor,True,False
2,68.4,0,56.58,30,728.8666667,0.01,0.02,7.03,0.01,Oct,2,2,3,2,Returning_Visitor,False,False
9,415.8,5,241.14,73,3410.49,0.005309735,0.016223404,8.78,0.0,Nov,2,2,9,2,Returning_Visitor,True,False
2,113.0,0,0.0,13,935.0,0.03,0.06,1.65,0.6,May,1,1,1,2,Returning_Visitor,False,False
1,0.0,0,0.0,7,15.0,0.0,0.03,1.72,0.0,May,2,2,7,3,Returning_Visitor,False,False
3,67.4,2,16.2,22,281.1,0.0,0.01,15.82044157,0.01,Nov,2,2,1,20,Returning_Visitor,False,True
1,59.45,0,0.0,13,1109.48,0.04,0.07,1.62,0.01,Nov,2,2,1,1,Returning_Visitor,False,False
2,0.0,0,38.03,14,963.65,0.0,0.007692308,0.0,0.03,May,2,2,7,2,Returning_Visitor,False,False
4,103.5,0,52.22,24,524.46,0.01,0.011326165,0.0,0.03,May,1,1,1,4,Returning_Visitor,False,False
1,9.0,0,23.75,32,536.6833333,0.06,0.00058651,0.0,0.0,Mar,1,2,1,3,Returning_Visitor,False,False
1,70.86,0,0.0,12,619.78,0.03,0.06,0.0,0.02,Dec,3,2,1,11,Returning_Visitor,False,False
5,137.82,0,61.02,26,1855.18,0.0,0.02,33.14514286,0.02,Nov,2,2,1,2,Returning_Visitor,False,True
1,59.62,1,21.23,67,1738.5,0.03,0.027327327,1.69,0.0,Mar,2,2,1,2,Returning_Visitor,True,False
6,280.16,2,120.0,204,9143.435714,0.01,0.015384615,0.0,0.02,May,2,2,7,2,Returning_Visitor,False,False
2,12.0,0,0.0,0,0.0,0.02,0.022222222,2.88,0.0,Oct,2,2,6,4,Returning_Visitor,True,True
2,123.03,0,57.98,20,241.2,0.05,0.054166667,2.6,1.0,May,3,2,6,4,Returning_Visitor,True,False
0,68.73,0,0.0,20,313.0178571,0.0,0.02,0.0,0.01,Nov,3,2,1,2,Returning_Visitor,False,False
3,0.0,0,0.0,11,171.5,0.0,0.02,2.03,0.02,Oct,1,1,3,2,New_Visitor,False,False
0,36.06,0,33.18,13,832.68,0.2,0.2,0.0,0.4,Feb,2,1,3,3,Returning_Visitor,False,False
1,0.0,0,0.0,8,806.64,0.06,0.13,2.19,0.01,Nov,1,2,1,6,New_Visitor,False,True
1,39.63,0,24.83,30,469.1,0.0,0.01,2.5,0.03,May,2,4,1,2,Returning_Visitor,False,False
6,213.5,1,93.25,25,303.5,0.0,0.01,5.28,0.01,Dec,2,13,9,20,Other,False,True
1,63.0,0,26.32,11,60.9,0.04,0.12,6.41,0.04,Aug,1,1,1,1,Returning_Visitor,False,False
5,119.97,0,46.41,26,2197.195238,0.015,0.029405769,13.77355814,0.03,Oct,2,2,1,2,Returning_Visitor,False,False
6,271.24,2,1005.0,83,2494.66,0.01,0.02,6.09,0.0,May,3,2,4,2,Returning_Visitor,False,False
3,146.54,1,66.88,28,1056.55,0.004761905,0.018611111,34.98992634,0.05,Oct,3,2,1,11,Returning_Visitor,True,False
1,36.5,0,0.0,32,890.92,0.0,0.06,1.53,0.03,Mar,2,2,3,2,Returning_Visitor,False,False
1,80.25,0,0.0,7,131.8,0.0,0.02,4.4,0.0,Oct,2,2,2,2,Returning_Visitor,False,True
0,0.0,1,52.9,18,1151.116667,0.0,0.02,2.25,0.08,May,2,2,1,6,Returning_Visitor,False,False
8,187.9,1,106.85,81,2150.69,0.002352941,0.02,2.12,0.03,Oct,2,2,1,2,Returning_Visitor,False,False
0,74.91,0,0.0,12,1829.69,0.0,0.014285714,1.65,0.0,Oct,1,1,3,2,New_Visitor,True,False
1,0.0,0,29.62,7,212.0,0.028571429,0.028571429,1.71,0.4,May,3,2,1,4,Returning_Visitor,False,False
1,71.47,0,32.49,8,1244.2,0.01,0.04,2.32,0.01,Nov,1,1,2,1,Returning_Visitor,True,True
5,600.4230769,1,0.0,25,774.36,0.0,0.01,5.79,0.01,Mar,2,2,1,8,Returning_Visitor,False,True
1,0.0,0,32.21,2,1164.08,0.02,0.06,0.0,0.0,Nov,2,2,8,1,Returning_Visitor,False,False
1,77.87,0,33.43,17,942.4,0.01,0.0,2.08,0.0,Oct,2,2,1,2,New_Visitor,False,False
1,50.94615385,0,19.05,38,1184.66,0.007738095,0.08,5.62486136,0.0,Mar,2,2,2,4,Returning_Visitor,False,False
0,0.0,0,35.85,13,766.31,0.02,0.06,0.0,0.0,Dec,2,2,1,2,Returning_Visitor,True,False
1,45.27,0,0.0,8,659.55,0.02,0.05,0.0,0.01,Sep,2,2,1,1,Returning_Visitor,False,False
3,89.64,0,48.87,25,1702.369048,0.00078125,0.02,2.66,0.0,Mar,2,2,2,1,Returning_Visitor,False,True
3,131.96,1,57.45,79,1145.13,0.0,0.003430424,0.0,0.0,Oct,1,1,3,2,Returning_Visitor,False,False
0,42.85,0,25.76,2,1218.21,0.0,0.05,1.43,0.08,Oct,2,2,1,3,Returning_Visitor,False,False
2,156.45,0,64.17,4,1460.93,0.0,0.025,0.0,0.02,Sep,2,2,1,2,Returning_Visitor,False,False
2,0.0,1,65.56,24,1210.23,0.0,0.011111111,6.37,0.01,Dec,2,2,1,2,Returning_Visitor,False,False
5,123.39,1,72.2,33,2760.716667,0.02,0.02,0.0,0.08,May,3,2,1,13,Returning_Visitor,False,False
1,0.0,0,19.43,7,117.0,0.03,0.07,0.0,0.12,Oct,2,2,6,8,Returning_Visitor,True,False
2,85.27,0,26.44,12,320.9833333,0.0,0.01,3.4,0.03,Oct,2,5,1,2,Returning_Visitor,True,False
0,40.47,0,24.28,13,1001.3,0.01,0.057142857,1.48,0.04,Mar,2,2,1,2,Returning_Visitor,False,False
2,6.0,0,41.84,20,2183.5,0.0,0.02,2.11,0.0,Mar,2,2,3,9,Returning_Visitor,True,False
2,160.9,1,437.5,41,1415.69,0.0,0.003486395,4.05,0.0,May,2,2,4,6,Returning_Visitor,False,False
4,115.13,0,41.51,20,24.25,0.01,0.04,0.0,0.03,Mar,2,2,3,2,New_Visitor,False,False
1,42.42,0,22.15,10,728.32,0.02,0.06,2.17,0.0,Nov,1,2,8,1,Returning_Visitor,False,False
2,103.48,0,0.0,14,4398.21,0.0,0.06,2.69,0.01,Nov,3,2,3,9,Returning_Visitor,False,False
3,161.52,0,42.19,19,1300.06,0.0,0.026315789,3.92,0.03,Mar,2,2,2,2,Returning_Visitor,False,False
5,297.82,1,0.0,36,1853.81,0.01,0.01,0.0,0.23,May,1,1,2,4,Returning_Visitor,False,False
2,31.2,0,0.0,26,2077.166667,0.01,0.011764706,4.9,0.01,Nov,2,2,8,2,Returning_Visitor,False,False
0,0.0,0,39.74,27,3198.04,0.04,0.06,1.94,0.0,Mar,1,1,1,1,Returning_Visitor,False,False
0,0.0,0,0.0,10,1048.84,0.01,0.038192738,0.0,0.01,Aug,4,2,2,1,Returning_Visitor,True,False
1,82.09,0,0.0,15,1109.24,0.016666667,0.02,0.0,0.04,Mar,4,1,1,4,Returning_Visitor,False,False
1,56.84,0,32.48,84,1544.51,0.016666667,0.028709742,1.35,0.04,May,2,2,1,3,Returning_Visitor,False,False
1,0.0,0,0.0,16,1015.98,0.005,0.03,0.0,0.01,Nov,2,2,1,1,Returning_Visitor,False,False
0,51.53,0,23.54,13,834.41,0.12,0.11,2.19,0.03,Feb,2,2,6,4,Returning_Visitor,False,False
1,46.57,0,21.85,11,1316.21,0.17,0.17,1.41,0.0,Mar,2,2,1,1,Returning_Visitor,False,False
1,28.0,0,24.33,14,971.66,0.03,0.04,1.74,0.07,Oct,2,2,1,1,Returning_Visitor,False,False
0,124.99,0,0.0,27,1004.62,0.01,0.004487179,2.41,0.04,Oct,2,2,3,2,New_Visitor,False,False
1,69.69,3,39.0,73,3059.013889,0.012345679,0.03,1.52,0.02,Mar,2,2,3,2,Returning_Visitor,True,True
1,47.38,0,17.22,9,1005.04,0.04,0.06,0.0,0.08,Mar,2,2,2,2,Returning_Visitor,True,False
2,69.26,1,46.82,21,567.25,0.0,0.02,2.51,0.01,Dec,2,5,1,1,Returning_Visitor,False,False
1,88.16,0,0.0,12,1004.67,0.01,0.03514652,0.0,0.01,Aug,1,2,1,3,Returning_Visitor,False,False
1,150.67,1,34.2,37,1249.15,0.02,0.016949586,0.0,0.13,May,2,4,9,3,Returning_Visitor,False,False
2,86.12,0,15.0,13,585.81,0.01,0.023117504,2.01,0.0,May,1,1,6,4,Returning_Visitor,False,False
5,64.4,1,105.19,38,1584.04,0.01,0.022222222,45.82834797,0.0,Oct,2,2,1,2,Returning_Visitor,False,True
3,104.77,0,0.0,8,292.5,0.02,0.027272727,0.0,0.02,Mar,2,2,1,2,Returning_Visitor,True,False
7,234.75,1,116.66,7,132.8833333,0.01,0.01,0.0,0.0,Nov,1,1,7,4,Returning_Visitor,True,False
1,0.0,0,25.2,12,576.62,0.2,0.19,2.62,0.1,Feb,3,2,1,7,Returning_Visitor,False,False
1,66.18,0,0.0,22,356.8,0.01,0.016666667,4.55,0.01,Mar,2,2,2,2,Returning_Visitor,True,False
0,40.87,0,19.3,10,721.83,0.08,0.09,0.0,0.11,Oct,3,2,1,3,Returning_Visitor,False,False
4,106.0,1,101.06,6,180.4166667,0.01,0.025,3.79,0.01,Nov,3,2,3,2,Returning_Visitor,True,False
1,50.21,0,23.31,11,1320.17,0.036363636,0.11,2.36,0.09,Mar,2,2,2,3,Returning_Visitor,False,False
1,64.36,0,16.47,34,1261.36,0.019973545,0.02,2.63,0.09,Oct,1,1,2,4,Returning_Visitor,False,False
0,84.1,0,0.0,18,920.55,0.01,0.042913165,0.0,0.23,Mar,3,2,6,1,Returning_Visitor,False,False
2,85.5,0,0.0,26,1434.39,0.0,0.04,2.77,0.02,Oct,2,2,1,2,Returning_Visitor,False,False
4,205.18,1,0.0,32,4569.904365,0.01,0.01,4.2,0.03,Mar,2,2,1,2,Returning_Visitor,False,False
1,0.0,0,35.16,2,1325.29,0.04,0.04,5.08,0.0,Oct,2,2,1,1,Returning_Visitor,False,False
2,166.91,1,76.6,29,588.24,0.01,0.0,100.7256048,0.0,Oct,4,1,3,2,New_Visitor,True,True
2,79.71,0,47.41,22,26.5,0.01,0.05,0.0,0.0,Mar,2,4,9,2,New_Visitor,True,False
8,505.4,1,10.0,105,4434.281746,0.01,0.02,10.77,0.0,Oct,2,2,1,2,Returning_Visitor,False,False
3,119.5,0,66.28,16,703.3,0.01,0.02,0.0,0.04,May,2,4,3,2,Returning_Visitor,False,False
0,131.57,0,64.92,21,1093.083333,0.01,0.04,0.0,0.0,Nov,3,2,3,1,Returning_Visitor,False,False
2,25.6,0,64.21,23,588.26,0.01,0.03,23.66358807,0.05,Oct,3,4,1,4,New_Visitor,False,False
2,74.26,0,28.87,38,995.94,0.01,0.015614035,9.09277193,0.0,Mar,2,2,3,2,Returning_Visitor,False,True
1,76.98,0,0.0,12,840.05,0.01,0.016666667,0.0,0.05,Oct,2,2,7,2,Returning_Visitor,False,False
1,0.0,0,0.0,1,1107.0,0.0,0.07,0.0,0.0,Mar,2,2,2,4,Returning_Visitor,False,False
1,58.29,0,0.0,8,1219.69,0.03,0.05,0.0,0.0,May,2,2,4,13,Returning_Visitor,True,False
1,87.53,0,51.86,23,1179.71,0.008695652,0.04,5.39,0.01,Nov,2,2,1,2,Returning_Visitor,False,False
1,0.0,1,51.5,31,1394.64,0.01,0.027956989,2.01,0.0,Mar,3,2,7,1,Returning_Visitor,False,False
8,122.0416667,0,62.18,24,1430.78,0.02,0.025,2.3,0.09,Oct,2,2,1,3,Returning_Visitor,False,False
1,40.5,0,0.0,7,170.0,0.01,0.016666667,4.0,0.01,Dec,3,4,1,1,New_Visitor,False,False
1,57.41,0,0.0,38,818.98,0.01,0.02,0.0,0.0,Mar,2,2,4,1,Returning_Visitor,False,False
1,446.3833333,1,0.0,28,789.1266667,0.01,0.012860238,37.5474164,0.01,Nov,2,2,9,2,Returning_Visitor,False,False
2,76.43,1,41.12,29,1146.5,0.01,0.02,1.87,0.03,May,2,4,1,2,Returning_Visitor,False,True
2,75.0,0,48.25,15,984.63,0.01,0.014285714,0.0,0.0,May,2,2,2,2,Returning_Visitor,False,False
4,124.12,0,0.0,85,2299.391667,0.02,0.013546798,2.24,0.0,Oct,2,2,1,2,Returning_Visitor,False,False
2,94.43,0,59.28,24,72.0,0.0,0.05,0.0,0.01,Dec,2,2,1,2,Returning_Visitor,False,False
0,94.12,0,0.0,20,545.1,0.01,0.02,5.82,0.02,Jul,2,2,8,4,Returning_Visitor,False,False
1,52.58,0,0.0,1,0.0,0.2,0.2,0.0,0.04,Feb,4,2,7,13,Returning_Visitor,False,False
1,106.5,0,0.0,11,29.0,0.02,0.04,10.23,0.0,Mar,2,2,2,2,New_Visitor,True,False
2,21.75,0,0.0,26,1083.11,0.033333333,0.05,3.94,0.02,Feb,2,2,2,20,Returning_Visitor,False,False
9,218.74,1,192.36,99,3217.03,0.02,0.02,2.38,0.07,Nov,2,2,2,1,Returning_Visitor,False,False
3,0.0,0,0.0,22,1483.63,0.00952381,0.028571429,25.75735474,0.04,Nov,2,5,6,1,Returning_Visitor,False,False
2,83.44,0,35.89,20,1021.2,0.014285714,0.04,2.54,0.04,Oct,2,2,3,1,Returning_Visitor,False,False
2,0.0,0,45.86,14,252.5,0.0,0.02,0.0,0.0,May,2,2,1,2,Returning_Visitor,False,False
2,0.0,0,56.52,21,0.0,0.2,0.2,4.82,0.0,Dec,5,13,9,20,Returning_Visitor,False,False
1,45.22,1,39.5,21,1131.808333,0.028787879,0.047348485,0.0,0.0,Oct,1,1,7,3,Returning_Visitor,False,False
0,0.0,0,0.0,57,980.8333333,0.01,0.02,2.32,0.8,May,2,2,1,11,Returning_Visitor,False,False
1,48.2,0,0.0,13,1371.4,0.1,0.07,0.0,0.02,Oct,2,2,1,1,Returning_Visitor,False,False
0,0.0,0,0.0,18,1262.36,0.0,0.007058824,81.02729581,0.01,Nov,2,2,2,2,New_Visitor,True,True
1,0.0,0,0.0,12,440.5833333,0.025,0.05,5.32,0.01,Dec,2,2,1,2,Returning_Visitor,True,False
0,0.0,0,53.28,23,258.0,0.164285714,0.173809524,2.8,0.35,May,3,2,1,13,Returning_Visitor,False,False
1,0.0,0,140.0,10,832.8333333,0.01,0.040229885,2.74,0.15,May,2,2,1,2,Returning_Visitor,False,False
3,122.36,0,39.36,24,1625.21,0.011111111,0.02,2.58,0.11,May,3,2,1,13,Returning_Visitor,False,False
0,0.0,1,0.0,34,1257.55,0.005882353,0.026470588,0.0,0.05,May,2,2,2,4,Returning_Visitor,False,False
3,257.4,1,0.0,27,1327.25,0.01,0.018181818,4.81,0.01,Nov,2,2,9,2,New_Visitor,True,False
0,72.8,0,36.84,7,1721.666667,0.01,0.038571429,2.69,0.01,Nov,2,2,9,2,Returning_Visitor,True,False
0,0.0,0,0.0,12,329.2142857,0.016666667,0.04,4.89,0.02,Mar,2,1,3,2,Returning_Visitor,True,False
4,71.63,0,172.0,23,1674.01,0.01,0.02,1.74,0.02,Mar,2,2,4,2,Returning_Visitor,False,False
1,0.0,0,0.0,14,1195.77,0.0,0.03,0.0,0.19,May,1,1,1,4,Returning_Visitor,False,False
5,136.0,1,0.0,39,2205.666667,0.0,0.02,47.26060606,0.0,May,2,2,4,2,Returning_Visitor,False,True
3,146.39,1,65.3,10,1261.72,0.01,0.016666667,5.54,0.0,Oct,1,1,7,2,Returning_Visitor,False,False
1,31.71,0,37.56,9,1023.67,0.01,0.058,4.9,0.0,May,2,2,1,3,Returning_Visitor,False,False
1,65.25,0,16.0,11,463.5,0.01,0.004545455,1.61,0.05,Oct,2,5,2,2,Returning_Visitor,False,False
2,67.34,0,22.63,12,1117.48,0.0,0.03,1.75,0.03,Mar,1,1,1,2,Returning_Visitor,False,False
1,56.17,0,24.2,2,67.0,0.0,0.1,0.0,0.0,Mar,1,2,9,1,Returning_Visitor,False,False
1,68.57,0,0.0,13,17.0,0.0,0.1,0.0,0.0,Dec,2,1,7,10,Returning_Visitor,False,False
3,666.2,1,173.54,34,1535.27,0.0,0.01,35.22837227,0.01,Oct,2,6,9,1,Returning_Visitor,False,False
5,205.63,1,118.0,150,4764.429997,0.0,0.02,3.84,0.0,Oct,2,2,3,2,Returning_Visitor,False,False
1,37.48,0,18.76,11,1311.73,0.08,0.09,1.74,0.02,Oct,2,2,1,1,Returning_Visitor,False,False
0,0.0,0,40.27,22,58.5,0.0,0.066666667,2.17,0.07,Oct,3,2,1,4,Returning_Visitor,False,False
5,168.17,0,74.1,32,1574.11,0.027407407,0.048148148,15.9468,0.03,Oct,1,1,3,3,Returning_Visitor,False,True
13,295.9285714,1,17.9,51,6759.311928,0.02,0.02883646,2.79,0.0,Mar,2,2,1,2,Returning_Visitor,False,False
0,51.32,0,28.56,16,1137.04,0.05,0.04,1.67,0.0,May,2,2,1,1,Returning_Visitor,False,False
2,65.88,0,44.51,5,952.7,0.01,0.057777778,0.0,0.0,May,3,2,7,13,Returning_Visitor,False,False
1,33.27,0,23.85,17,586.5,0.05,0.06,0.0,0.12,May,2,2,1,4,New_Visitor,False,False
0,37.73,0,44.56,10,653.04,0.066666667,0.11,0.0,0.4,May,3,2,2,1,Returning_Visitor,False,False
1,64.01,0,20.36,21,1845.666667,0.018787879,0.05,23.069,0.0,Mar,2,2,2,2,Returning_Visitor,False,False
3,141.94,0,39.68,17,300.6666667,0.03,0.04,2.91,0.01,Mar,2,2,3,2,New_Visitor,True,False
2,79.37,0,25.22,16,1434.96,0.023529412,0.02,1.69,0.06,Oct,2,2,1,2,Returning_Visitor,False,False
1,0.0,0,22.86,12,1523.77,0.14,0.14,1.52,0.0,Mar,2,2,2,3,Returning_Visitor,False,False
1,0.0,0,0.0,56,1514.037879,0.01,0.01,1.58,0.0,Oct,3,2,1,3,Returning_Visitor,False,False
0,0.0,0,28.71,11,1608.5,0.005263158,0.09,1.52,0.6,May,2,2,3,1,Returning_Visitor,False,False
1,6.0,0,0.0,14,618.57,0.01,0.004761905,17.5336164,0.01,Mar,2,2,3,10,New_Visitor,False,True
1,0.0,0,47.16,10,411.9166667,0.01,0.036190476,0.0,0.0,Dec,3,2,4,2,Returning_Visitor,False,True
2,67.55,0,78.39,14,115.6666667,0.057142857,0.076190476,25.36,0.67,May,2,2,2,13,Returning_Visitor,False,False
1,87.22,0,0.0,8,1313.56,0.05,0.078125,5.14,0.0,Nov,2,3,1,1,Returning_Visitor,True,False
4,174.08,1,140.19,50,2609.0,0.01,0.02,47.12454606,0.0,Nov,2,2,1,2,Returning_Visitor,False,True
11,102.1666667,1,20.0,25,1222.625,0.0,0.02,0.0,0.0,Dec,2,2,1,2,Returning_Visitor,False,False
16,932.7971429,0,380.92,162,4708.85,0.008888889,0.011659808,24.0,0.0,Sep,1,2,1,1,Returning_Visitor,False,False
3,158.05,0,0.0,20,1123.246667,0.0,0.01,30.04921703,0.0,Sep,1,2,3,2,New_Visitor,False,True
2,0.0,0,28.37,12,748.21,0.01,0.03,4.17,0.0,May,1,1,2,4,Returning_Visitor,False,False
5,164.82,2,70.45,34,1318.11,0.01,0.02,3.96,0.04,May,2,2,3,2,Returning_Visitor,False,False
2,122.96,0,32.62,17,1582.25,0.0,0.025,5.34,0.04,Oct,2,2,1,2,Returning_Visitor,False,False
1,100.61,0,53.25,27,1682.58,0.0,0.03,3.79,0.01,Nov,2,2,9,2,Returning_Visitor,True,True
0,0.0,0,0.0,34,606.7857143,0.02,0.04,4.15,0.3,May,1,1,2,3,Returning_Visitor,False,False
0,34.03,0,25.37,10,103.0,0.14,0.18,1.46,0.6,May,2,2,1,3,Returning_Visitor,False,False
6,76.6,7,89.53333333,87,2652.07,0.01,0.02,0.0,0.0,Sep,2,2,1,2,Returning_Visitor,False,False
1,5.0,0,0.0,35,3028.19,0.066666667,0.077777778,0.0,0.0,Mar,1,1,2,3,Returning_Visitor,False,False
1,0.0,0,0.0,15,662.6666667,0.01,0.03,0.0,0.02,May,2,2,4,2,Returning_Visitor,False,False
1,38.36,0,29.64,12,700.85,0.00232288,0.02,0.0,0.0,Dec,2,5,3,3,Returning_Visitor,False,False
1,41.01,0,0.0,13,722.71,0.03,0.06,0.0,0.03,Mar,2,2,1,1,Returning_Visitor,False,False
2,50.4,0,0.0,15,497.8,0.011458333,0.018333333,0.0,0.0,Mar,3,6,3,2,Returning_Visitor,False,False
1,66.5,0,32.26,12,1141.175,0.02,0.025902778,4.05,0.01,Nov,2,2,9,2,Returning_Visitor,False,False
1,55.09,0,0.0,9,754.9166667,0.02,0.005555556,0.0,0.02,Mar,2,2,1,2,New_Visitor,False,False
4,155.62,1,113.81,94,1653.51,0.003157895,0.01,3.19,0.19,May,3,2,2,3,Returning_Visitor,False,False
1,53.06,0,25.04,10,553.59,0.04,0.09,2.3,0.0,Jul,3,2,2,1,Returning_Visitor,False,False
5,176.489011,1,50.27,21,1587.16,0.001960784,0.017745098,4.58,0.0,Oct,2,2,2,2,Returning_Visitor,True,True
8,456.9,1,152.93,44,1113.783333,0.01,0.02,12.1225775,0.01,Oct,2,2,9,2,Returning_Visitor,True,True
2,0.0,0,27.72,14,344.1714286,0.007017544,0.03,2.9,0.02,Feb,1,1,3,2,Returning_Visitor,False,True
1,45.1,0,28.22,3,181.0,0.02,0.1,1.63,0.03,Mar,2,2,1,2,Returning_Visitor,False,False
1,0.0,0,0.0,22,843.11,0.021212121,0.046969697,0.0,0.01,Jul,2,2,9,4,Returning_Visitor,False,False
0,37.93,0,19.88,24,1010.25,0.03,0.016666667,1.63,0.02,Mar,2,2,8,2,Returning_Visitor,False,True
2,69.0,1,68.8,10,751.31,0.01,0.01,0.0,0.0,Dec,2,2,1,2,Returning_Visitor,False,False
1,46.5,0,20.41,22,1047.69,0.15,0.15,0.0,0.04,Mar,2,2,1,1,Returning_Visitor,False,False
0,0.0,0,28.72,16,1145.91,0.03,0.05,1.61,0.1,Oct,2,2,1,1,Returning_Visitor,False,False
0,105.97,0,0.0,11,1553.69,0.0,0.04,2.22,0.0,May,1,1,6,1,Returning_Visitor,False,False
6,803.47,1,137.82,54,634.6880952,0.01,0.02,0.0,0.02,Oct,2,2,8,2,Returning_Visitor,False,False
4,214.05,0,0.0,33,1749.24,0.01,0.02,0.0,0.0,Nov,1,1,1,4,Returning_Visitor,True,False
1,0.0,0,47.08,8,1010.33,0.01,0.105,2.18,0.02,Mar,2,2,2,1,Returning_Visitor,False,False
6,69.35,0,33.34,19,762.38,0.01,0.01,1.62,0.04,May,2,2,7,2,Returning_Visitor,False,False
1,67.43,0,0.0,38,1142.84,0.0,0.02,2.95,0.01,Nov,1,2,1,2,Returning_Visitor,False,False
1,56.61,0,27.29,11,772.28,0.01,0.011078431,0.0,0.0,May,2,2,2,3,Returning_Visitor,False,False
3,150.32,0,0.0,27,1771.31,0.01,0.02,3.67,0.08,Oct,2,2,1,2,Returning_Visitor,False,True
1,68.24,0,20.74,10,1042.91,0.0,0.03,2.78,0.03,Mar,1,1,1,4,Returning_Visitor,False,False
1,62.04,0,24.21,4,69.0,0.0,0.05,0.0,0.0,Feb,2,1,1,2,Returning_Visitor,False,False
2,126.91,0,64.41,31,325.0,0.0,0.007246377,2.87,0.0,Dec,4,2,1,2,Returning_Visitor,True,True
1,0.0,0,0.0,45,1655.23,0.01,0.015909091,0.0,0.02,Oct,2,4,1,4,Returning_Visitor,False,False
10,379.31,2,473.2,219,4328.41,0.003604845,0.02,8.51,0.01,June,2,2,6,4,Returning_Visitor,False,False
5,36.86666667,0,0.0,25,1554.42,0.002090592,0.015563298,2.47,0.02,Oct,2,2,1,2,Returning_Visitor,True,False
1,0.0,0,33.99,11,761.15,0.007692308,0.04,0.0,1.0,May,3,2,2,4,Returning_Visitor,False,False
1,64.77,0,0.0,13,1067.56,0.04,0.011111111,1.66,0.2,Feb,2,2,1,2,Returning_Visitor,False,False
3,120.6666667,0,43.51,8,988.91,0.01,0.02,5.64,0.0,Oct,2,2,1,2,New_Visitor,False,False
2,34.5,0,38.94,17,2978.86,0.0,0.05,0.0,0.0,Oct,1,1,9,4,New_Visitor,True,False
5,348.69,3,196.62,165,3329.58,0.010654414,0.02,3.512852934,0.0,Oct,1,2,2,2,Returning_Visitor,False,True
1,57.07,0,20.31,8,982.3,0.07,0.08,4.37,0.15,May,2,2,1,3,Returning_Visitor,False,False
2,21.33333333,0,48.36,19,1156.12,0.01,0.0125,3.25,0.0,May,2,2,2,4,Returning_Visitor,True,False
5,116.23,1,164.0,72,2491.76,0.0,0.01,30.09281343,0.0,Mar,2,2,1,2,Returning_Visitor,False,False
1,61.64,0,22.39,9,824.8,0.04,0.05,2.05,0.0,Mar,2,4,3,2,Returning_Visitor,False,False
1,68.53,0,0.0,15,766.31,0.011764706,0.023529412,3.65,0.16,May,2,2,2,6,Returning_Visitor,False,True
1,81.24,0,49.26,9,949.61,0.0,0.022222222,0.0,0.01,Nov,1,1,1,2,Returning_Visitor,True,False
10,608.81,2,401.72,534,18504.12621,0.010856514,0.023309001,2.54795624,0.03,Oct,2,2,6,2,Returning_Visitor,False,True
2,63.6,0,38.31,27,912.16,0.007407407,0.033950617,0.0,0.15,May,1,1,3,2,Returning_Visitor,False,False
3,109.71,0,0.0,22,596.0333333,0.02,0.005263158,3.83,0.01,Oct,2,2,1,2,Returning_Visitor,True,False
0,0.0,1,1220.0,319,8396.8,0.02,0.030833333,0.0,0.09,Mar,2,2,1,2,Returning_Visitor,False,False
1,73.84,0,36.06,11,1123.31,0.03,0.142424242,1.89,0.02,Jul,2,2,9,1,Returning_Visitor,False,False
2,28.0,2,56.12,29,1521.42,0.01,0.014666667,3.89,0.01,Oct,2,2,3,2,New_Visitor,False,True
3,75.37,0,63.68,54,1890.6,0.003773585,0.022012579,0.0,0.0,May,2,2,1,3,Returning_Visitor,False,False
3,108.76,0,58.61,23,905.1226263,0.01,0.02,0.0,0.0,Oct,2,2,6,1,Returning_Visitor,False,False
1,0.0,0,20.13,9,888.82,0.07,0.08,13.13492027,0.0,Mar,2,2,1,2,Returning_Visitor,False,False
12,744.11,3,488.4,143,2966.22,0.01,0.043712341,28.07,0.0,Mar,1,1,1,1,Returning_Visitor,False,False
0,0.0,0,26.23,13,480.6055556,0.01,0.041450216,0.0,0.0,Mar,2,2,1,2,Returning_Visitor,True,False
2,10.0,1,73.62,30,1686.966667,0.02,0.04,7.964649501,0.0,Mar,2,2,4,2,Returning_Visitor,False,False
5,468.3666667,1,114.85,33,1113.68,0.01,0.02,118.32,0.34,May,2,2,3,14,Returning_Visitor,True,True
3,90.7,0,65.4,18,770.98,0.01,0.02,2.61,0.03,May,2,2,1,4,Returning_Visitor,True,False
0,103.37,1,74.13,24,1022.35,0.0,0.04,4.93,0.0,Dec,2,2,6,2,Returning_Visitor,False,False
1,68.04,0,42.82,20,739.02,0.01,0.066666667,4.93,0.0,Mar,3,2,2,2,Returning_Visitor,True,False
2,34.0,0,41.3,7,179.0,0.01,0.02,53.13428571,0.0,Nov,2,4,9,8,New_Visitor,False,True
1,42.34,0,20.13,9,598.0,0.08,0.1,1.64,0.03,Mar,2,2,3,2,Returning_Visitor,True,False
1,51.16,0,20.36,11,823.5,0.05,0.07,2.64,0.08,Oct,2,2,1,1,Returning_Visitor,False,False
1,44.07,0,0.0,8,1362.15,0.09,0.12,1.45,0.0,Mar,1,1,3,3,Returning_Visitor,False,False
4,179.66,0,94.37,42,1398.35,0.017391304,0.01,17.70684845,0.0,May,2,2,2,1,Returning_Visitor,False,False
1,44.35,1,32.19,17,768.51,0.03,0.05,2.43,0.01,Mar,2,2,4,1,Returning_Visitor,False,False
3,161.99,1,80.31,7,82.2,0.057142857,0.06,3.99,0.0,Oct,3,2,3,4,Returning_Visitor,False,False
2,58.0,0,29.89,7,1199.21,0.0,0.02,2.96,0.01,Mar,3,2,3,2,New_Visitor,True,False
1,0.0,0,47.67,13,101.6,0.044444444,0.077777778,7.9,0.34,June,2,2,3,1,Returning_Visitor,False,False
2,83.6,0,31.82,15,1081.71,0.01,0.008695652,32.80852174,0.11,May,1,1,1,2,Returning_Visitor,False,True
0,0.0,0,40.42,12,537.39,0.2,0.19,0.0,0.6,May,2,2,7,1,Returning_Visitor,False,False
1,0.0,0,0.0,19,178.8333333,0.0,0.04,0.0,0.6,May,3,2,1,4,Returning_Visitor,False,False
3,194.46,3,91.32,42,1839.91,0.005194805,0.010451453,6.06,0.01,Oct,2,2,1,2,Returning_Visitor,False,True
3,145.08,0,112.6,21,1777.86,0.01,0.005,49.3886,0.14,Oct,2,4,2,3,Returning_Visitor,False,True
1,85.32,2,50.5,17,1401.49,0.0,0.02,23.59811637,0.01,Nov,2,2,1,2,Returning_Visitor,False,False
1,40.81,0,0.0,9,481.46,0.13,0.17,2.2,0.02,Mar,2,2,3,10,Returning_Visitor,False,False
0,72.63,0,27.08,10,850.62,0.01,0.04047619,0.0,0.48,May,2,2,6,3,Returning_Visitor,False,False
0,0.0,0,41.79,42,1185.08,0.01,0.01094246,0.0,0.01,Nov,1,1,1,2,Returning_Visitor,True,False
1,46.45,0,0.0,18,1010.67,0.2,0.2,2.11,0.09,Mar,3,2,1,3,Returning_Visitor,False,False
1,38.62,0,20.0,31,1276.65,0.08,0.1,0.0,0.04,Mar,1,1,2,4,Returning_Visitor,False,False
0,54.21,0,25.32,13,1000.55,0.05,0.06,1.97,0.2,May,2,2,1,4,Returning_Visitor,False,False
1,0.0,0,0.0,15,0.0,0.2,0.2,2.25,0.34,Mar,2,4,6,3,Returning_Visitor,True,False
2,111.17,0,45.61,19,1155.033333,0.001282051,0.003974359,10.75,0.07,May,2,2,2,4,Returning_Visitor,False,False
0,0.0,0,29.0,15,988.96,0.0,0.03,0.0,0.01,Nov,1,1,1,2,Returning_Visitor,False,True
1,0.0,0,22.43,20,1194.75,0.01,0.026315789,0.0,0.0,Oct,2,2,1,2,Returning_Visitor,True,True
1,42.45,0,24.01,11,1209.71,0.06,0.07,1.77,0.0,Mar,3,2,1,1,Returning_Visitor,False,False
11,28.8,1,2195.3,21,2215.63,0.04,0.04,0.0,0.0,Feb,1,1,6,1,Returning_Visitor,False,False
2,64.75,0,43.89,44,1611.75,0.01,0.013953488,2.29,0.0,Oct,2,2,1,2,Returning_Visitor,False,False
1,45.38,0,28.69,11,1597.42,0.16,0.19,0.0,0.03,Aug,3,2,1,5,Returning_Visitor,False,False
2,107.2,0,0.0,20,1256.293333,0.01,0.014367816,0.0,0.0,Oct,2,2,1,2,New_Visitor,False,False
1,0.0,0,20.6,12,918.99,0.05,0.06,0.0,0.07,Feb,2,2,1,1,Returning_Visitor,False,True
0,82.74,0,38.47,21,853.82,0.01,0.02,1.85,0.04,Oct,2,2,3,2,New_Visitor,False,False
4,227.45,0,54.09,18,739.5833333,0.01,0.01,0.0,0.13,May,1,1,1,4,New_Visitor,False,False
1,0.0,0,0.0,16,913.19,0.04,0.06,0.0,0.2,May,1,1,3,1,Returning_Visitor,False,False
0,46.95,0,0.0,20,333.0,0.01,0.03,2.1,0.01,Dec,2,2,2,1,Returning_Visitor,False,False
2,0.0,0,53.33,37,5878.940603,0.008962264,0.018569755,0.0,0.02,Mar,3,2,1,2,Returning_Visitor,False,True
0,86.79,0,0.0,20,0.0,0.2,0.2,0.0,0.41,Mar,6,7,3,15,Returning_Visitor,True,False
3,122.27,0,56.35,28,1202.42,0.01,0.02,2.93,0.02,Oct,2,2,3,2,Returning_Visitor,False,False
1,43.94,0,52.0,12,699.25,0.02,0.028571429,1.56,0.04,Oct,1,1,1,3,Returning_Visitor,False,False
0,35.39,0,0.0,5,581.46,0.01,0.059259259,0.0,0.0,Dec,1,1,2,1,Returning_Visitor,True,False
3,141.58,0,45.42,20,1038.68,0.003933137,0.019128308,0.0,0.02,Feb,2,2,1,2,Returning_Visitor,False,False
4,44.75,1,105.54,33,404.5,0.01,0.03,4.54,0.0,Nov,2,2,1,2,Returning_Visitor,False,False
1,52.67,0,0.0,2,0.0,0.05,0.1,2.58,0.0,Sep,1,1,1,3,Returning_Visitor,False,False
1,97.33,1,62.55,40,978.0916667,0.001136364,0.02,9.33,0.02,Dec,3,2,1,2,Returning_Visitor,False,False
0,0.0,0,25.73,17,290.8333333,0.02,0.0125,2.34,0.14,May,2,2,2,4,Returning_Visitor,False,False
6,306.0,1,110.21,41,964.5,0.0,0.030952381,5.62,0.0,Mar,2,2,3,2,Returning_Visitor,False,False
1,0.0,0,33.32,15,566.5,0.004761905,0.03,0.0,0.06,Oct,3,2,1,3,Returning_Visitor,False,False
1,79.51,0,0.0,7,856.45,0.01,0.00952381,0.0,0.0,Mar,2,2,2,2,New_Visitor,False,False
0,56.45,0,0.0,20,197.3777778,0.03,0.04,2.72,0.0,Feb,2,2,1,1,Returning_Visitor,False,False
2,93.08,0,37.25,21,667.85,0.0,0.02,0.0,0.0,Oct,1,1,6,2,Returning_Visitor,False,False
1,149.31,1,272.5,43,974.2698413,0.006451613,0.02,5.15,0.0,May,2,2,4,2,Returning_Visitor,False,True
1,56.67,0,0.0,11,654.5,0.05,0.06,1.33,0.03,Mar,1,1,2,2,Returning_Visitor,False,False
3,73.17,0,26.44,44,1724.39,0.004444444,0.015925926,0.0,0.02,Oct,1,1,3,2,Returning_Visitor,False,False
3,133.1666667,2,80.0,10,246.7916667,0.01,0.01,0.0,0.05,May,3,2,1,3,New_Visitor,False,False
0,125.16,0,37.48,25,1269.46,0.012,0.040977778,0.0,0.12,May,2,2,2,2,Returning_Visitor,False,False
1,46.3,0,35.62,17,1169.99,0.0,0.02,0.0,0.0,Nov,2,4,4,4,Returning_Visitor,False,False
0,49.15,0,0.0,10,935.94,0.05,0.11,1.73,0.01,Dec,3,2,7,1,Returning_Visitor,False,False
4,103.0,0,162.66,54,1092.183333,0.01,0.00625,8.38,0.01,Jul,2,2,6,2,Returning_Visitor,False,False
2,77.75,0,0.0,21,941.9166667,0.0,0.001428571,0.0,0.0,Mar,2,2,1,2,Returning_Visitor,False,False
0,83.53,0,35.9,22,1176.31,0.02,0.04,0.0,0.05,Feb,2,2,2,1,Returning_Visitor,False,False
5,141.75,1,310.5,9,123.5,0.01,0.02,2.72,0.0,Nov,1,1,1,2,Returning_Visitor,False,False
1,45.49,0,20.16,10,1326.49,0.11,0.12,1.88,0.0,Mar,2,2,1,3,Returning_Visitor,False,True
0,53.91,0,0.0,26,610.78,0.02,0.08,0.0,0.0,Dec,2,2,3,2,Returning_Visitor,True,False
2,0.0,0,28.86,1,1389.06,0.15,0.2,0.0,0.0,Mar,1,1,9,4,New_Visitor,True,False
1,28.2,0,20.07,7,70.46666667,0.07,0.11,0.0,0.05,Mar,2,2,1,1,Returning_Visitor,False,False
1,0.0,0,21.03,1,0.0,0.02,0.03,2.02,0.05,Oct,2,5,1,1,Returning_Visitor,False,False
3,227.0,1,0.0,28,966.46,0.0,0.01,0.0,0.02,Mar,1,1,3,2,Returning_Visitor,False,False
8,395.35,4,277.52,22,1087.986111,0.007692308,0.020244755,11.65,0.0,Nov,3,2,3,1,Returning_Visitor,False,False
1,57.48,0,27.28,11,999.97,0.01,0.055319149,0.0,0.0,May,2,2,2,1,Returning_Visitor,False,False
2,0.0,1,0.0,14,638.57,0.05,0.06,7.63,0.0,Dec,2,2,1,8,Returning_Visitor,False,False
1,0.0,0,22.09,4,1310.16,0.13,0.13,1.55,0.0,Mar,2,2,2,3,Returning_Visitor,False,False
2,108.06,0,0.0,11,131.3,0.0,0.015384615,3.37,0.0,Mar,2,2,1,1,Returning_Visitor,False,False
1,40.56,0,23.99,10,744.1666667,0.01,0.03,1.78,0.0,Dec,2,4,1,2,Returning_Visitor,False,False
2,98.16,0,46.87,61,1054.09,0.01,0.01,1.7,0.01,Nov,4,1,1,2,Returning_Visitor,True,True
2,127.13,0,72.86,28,817.97,0.0,0.02,4.35,0.0,May,1,1,1,4,New_Visitor,True,False
2,122.73,0,33.87,16,630.93,0.01,0.010463332,5.49,0.02,Oct,1,1,1,2,Returning_Visitor,False,True
1,6.0,0,0.0,11,641.06,0.05,0.12,0.0,0.01,Dec,2,2,2,2,Returning_Visitor,False,False
4,129.0,1,0.0,34,866.7,0.011827957,0.034101382,7.64,0.0,Oct,2,2,6,1,Returning_Visitor,True,True
8,535.75,1,12.0,52,2178.672222,0.01,0.02,6.92,0.04,Mar,2,2,2,1,Returning_Visitor,True,False
0,86.64,0,41.99,19,1750.371795,0.0,0.01,0.0,0.02,Aug,2,2,9,6,Returning_Visitor,False,False
0,0.0,0,0.0,15,490.0833333,0.0,0.05,1.6,1.0,May,2,2,9,11,Returning_Visitor,False,True
0,42.33,0,0.0,11,903.37,0.07,0.09,2.95,0.0,Mar,2,2,2,1,Returning_Visitor,False,True
0,0.0,1,0.0,33,2528.0,0.01,0.066666667,0.0,0.19,Feb,2,2,9,1,Returning_Visitor,True,False
2,13.0,0,23.94,23,1688.01,0.008,0.03,3.18,0.02,Oct,2,2,2,2,Returning_Visitor,False,False
6,146.4166667,1,107.1,40,2405.652778,0.01,0.02,0.0,0.01,Dec,2,2,1,2,Returning_Visitor,False,True
7,170.0,1,139.66,43,1912.751905,0.01,0.02,5.36,0.0,Nov,3,2,6,5,Returning_Visitor,False,False
2,86.63,0,33.64,6,1006.65,0.0,0.013333333,0.0,0.0,Oct,2,2,1,2,New_Visitor,False,False
3,132.24,0,0.0,21,1082.92,0.01,0.02,2.39,0.01,Nov,2,2,1,2,New_Visitor,True,False
2,146.75,1,0.0,28,1258.55,0.02,0.03,3.48,0.02,May,2,2,3,5,New_Visitor,False,False
2,35.0,0,65.31,20,979.0833333,0.0,0.03,60.04549665,0.06,Oct,2,2,3,2,Returning_Visitor,False,True
3,215.11,1,0.0,21,716.11,0.02,0.05,4.01,0.01,Nov,2,2,1,10,Returning_Visitor,False,True
2,40.5,0,0.0,39,1130.02,0.0,0.01,0.0,0.0,May,2,2,1,2,Returning_Visitor,False,False
5,173.84,1,0.0,31,284.5,0.01,0.004166667,0.0,0.0,Mar,2,2,1,2,New_Visitor,False,False
4,129.78,0,32.78,16,1454.94,0.03,0.018487395,0.0,0.02,Oct,2,2,1,2,Returning_Visitor,False,False
1,0.0,0,22.21,1,0.0,0.15,0.18,1.58,0.04,Mar,2,2,2,3,Returning_Visitor,False,False
2,72.54,0,0.0,16,996.61,0.01,0.014285714,5.14,0.03,Feb,2,2,3,2,Returning_Visitor,False,False
0,81.59,0,44.96,26,1063.82,0.01,0.031868132,0.0,0.03,Oct,3,2,1,1,Returning_Visitor,False,False
2,93.59,0,42.58,16,829.54,0.02,0.018834175,6.445051499,0.01,Mar,2,2,3,2,Returning_Visitor,True,False
0,62.01,0,0.0,11,386.18,0.06,0.08,0.0,0.02,Mar,2,2,1,1,Returning_Visitor,False,False
1,35.19,0,23.16,1,10141.89,0.2,0.2,1.66,0.07,Oct,1,1,8,1,Returning_Visitor,True,False
2,0.0,0,0.0,16,421.1666667,0.05,0.06,4.45,0.23,May,1,1,1,4,Returning_Visitor,False,False
3,17.0,1,141.81,62,1301.71,0.00952381,0.04031746,0.0,0.02,Dec,2,2,4,2,Returning_Visitor,False,False
11,1443.1,2,227.2,225,9595.649629,0.02,0.012050716,9.242286032,0.0,Nov,1,2,1,2,Returning_Visitor,False,True
1,72.38,0,0.0,16,43.7,0.0,0.057142857,0.0,0.0,Mar,2,2,1,2,Returning_Visitor,False,False
4,157.5,1,433.5,9,599.5,0.01,0.01,4.55,0.0,Nov,1,1,1,2,Returning_Visitor,False,False
0,50.58,0,20.36,6,838.91,0.0,0.04,0.0,0.0,Mar,2,2,3,2,Returning_Visitor,False,False
0,0.0,0,31.89,11,870.08,0.2,0.2,1.4,0.0,Mar,2,2,9,3,Returning_Visitor,False,False
2,84.08,1,47.56,22,821.15,0.03,0.06,3.54,0.01,Mar,2,2,9,6,Returning_Visitor,False,False
0,46.4,0,18.71,7,1161.75,0.07,0.08,0.0,0.05,Mar,2,2,6,1,Returning_Visitor,False,False
0,53.43,0,0.0,10,1385.38,0.16,0.16,1.62,0.03,Mar,2,2,2,3,Returning_Visitor,False,True
2,0.0,0,51.13,23,1304.666667,0.016666667,0.051215278,0.0,0.6,May,3,2,1,3,Returning_Visitor,False,False
1,60.59,0,21.74,11,636.7,0.17,0.15,1.79,0.03,Mar,2,2,1,1,Returning_Visitor,False,False
1,48.94,0,0.0,8,321.0,0.03,0.06,1.57,0.05,Mar,2,2,3,1,Returning_Visitor,False,False
0,0.0,0,18.57,15,798.96,0.03,0.08,2.58,0.01,Nov,2,2,9,2,Returning_Visitor,True,True
1,43.97,0,17.35,10,943.26,0.02,0.04,1.61,0.05,Oct,2,2,8,1,Returning_Visitor,False,False
0,56.44,0,22.72,1,0.0,0.02,0.09,0.0,0.01,Nov,2,2,1,2,Returning_Visitor,False,False
2,120.76,0,34.24,4,840.23,0.0,0.025,5.84,0.06,Mar,3,2,2,2,Returning_Visitor,False,False
3,203.0,0,67.7,27,2394.0,0.01,0.02,0.0,0.08,Oct,2,2,1,2,Returning_Visitor,False,False
1,55.55,0,0.0,19,2397.5,0.0,0.02,0.0,0.03,Mar,4,2,2,2,Returning_Visitor,False,False
4,169.86,1,75.92,34,1573.99,0.009677419,0.011841507,7.7,0.01,Jul,3,2,1,2,Returning_Visitor,True,False
0,61.69,0,0.0,5,862.34,0.01,0.05,1.92,0.0,May,2,2,6,1,Returning_Visitor,False,False
0,83.02,0,51.44,5,1123.59,0.01,0.02,0.0,0.1,May,2,2,3,13,Returning_Visitor,False,False
6,249.3,1,168.08,69,2456.297619,0.01,0.01,11.03,0.04,May,2,2,3,2,Returning_Visitor,False,False
1,47.78,0,20.94,11,1689.72,0.06,0.08,2.43,0.0,Mar,2,2,2,2,Returning_Visitor,True,False
2,95.54,1,57.29,1,0.0,0.01,0.13,3.03,0.01,Dec,2,9,9,2,Other,False,False
15,367.44,1,190.77,112,2265.45,0.004166667,0.02,5.05,0.0,Oct,4,1,3,1,Returning_Visitor,False,False
0,0.0,1,62.55,19,889.72,0.0125,0.03,0.0,0.0,Nov,3,2,7,1,Returning_Visitor,False,False
0,0.0,0,0.0,17,80.0,0.02,0.04,0.0,0.04,Oct,2,2,4,1,Returning_Visitor,False,False
2,170.25,0,81.98,29,1424.58,0.01,0.03,18.25059634,0.0,Oct,2,2,9,2,Returning_Visitor,False,False
1,92.05,1,7.0,25,591.8928571,0.0,0.04,165.6204667,0.04,May,1,1,8,4,New_Visitor,False,True
0,0.0,0,0.0,8,485.96,0.02,0.08,0.0,0.0,May,2,2,2,4,Returning_Visitor,False,False
1,39.86,0,21.29,12,393.07,0.04,0.07,0.0,0.05,May,4,1,4,3,Returning_Visitor,False,False
1,102.75,0,45.31,21,858.69,0.02,0.002380952,3.44,0.0,Mar,2,2,1,1,New_Visitor,True,True
0,58.71,0,23.04,13,1029.17,0.0,0.05,0.0,0.01,Oct,2,2,1,2,Returning_Visitor,True,False
7,188.1666667,1,0.0,52,1089.642857,0.01,0.02,4.57,0.0,Mar,3,2,6,1,Returning_Visitor,True,True
0,47.54,0,0.0,1,373.08,0.2,0.2,0.0,0.0,Aug,3,5,1,7,Returning_Visitor,False,False
5,130.14,0,11.0,30,3494.06746,0.02,0.029188713,2.57,0.0,Mar,2,2,1,2,Returning_Visitor,True,False
0,69.45,0,0.0,13,96.33333333,0.083333333,0.07,3.36,0.02,Dec,2,2,2,3,Returning_Visitor,False,False
4,48.0,1,98.25,52,1326.35,0.01,0.045679012,3.23,0.15,May,2,2,3,3,Returning_Visitor,False,False
2,25.0,0,25.34,20,759.09,0.03,0.05,4.26,0.18,May,2,2,2,4,Returning_Visitor,False,False
0,96.05,0,30.13,5,822.08,0.04,0.06,3.96,0.0,Feb,2,2,6,1,Returning_Visitor,False,False
0,0.0,0,28.75,10,808.37,0.02,0.06,0.0,0.01,Nov,2,2,9,2,Returning_Visitor,True,False
1,0.0,1,22.87,10,649.5,0.0,0.03,3.3,0.03,Feb,2,2,1,2,Returning_Visitor,False,False
2,55.22,0,34.16,25,0.0,0.02,0.09,1.69,0.04,Oct,2,2,5,1,Returning_Visitor,False,False
0,0.0,0,31.99,13,956.5,0.03,0.11,5.21,0.0,Dec,1,1,1,2,Returning_Visitor,False,False
0,27.25,0,0.0,4,117.0,0.06,0.07,1.38,0.11,Mar,3,2,1,3,Returning_Visitor,False,False
0,47.89,0,24.12,3,830.7,0.01,0.033333333,0.0,0.04,Feb,2,2,4,2,Returning_Visitor,False,False
6,120.93,3,71.4,69,1182.432333,0.01,0.01,19.71529542,0.05,Oct,2,2,2,2,Returning_Visitor,False,True
5,267.74,3,142.69,37,1630.137415,0.019565217,0.038037998,0.0,0.1,May,2,2,7,3,Returning_Visitor,False,True
4,121.77,0,0.0,8,1192.19,0.016666667,0.038888889,0.0,0.0,Mar,3,2,3,1,Returning_Visitor,True,True
9,187.6944444,5,495.5,122,2743.213113,0.02,0.02,7.09,0.0,Oct,2,2,1,2,Returning_Visitor,False,True
4,49.85714286,0,0.0,24,1245.99,0.008843537,0.02,2.07,0.0,Mar,2,2,1,2,Returning_Visitor,False,True
1,3.0,0,21.32,11,577.1666667,0.0,0.06,0.0,0.04,Mar,1,1,1,3,Returning_Visitor,False,False
3,112.9607843,1,106.32,22,875.24,0.013068182,0.02,0.0,0.01,Mar,2,2,2,2,Returning_Visitor,False,False
0,0.0,0,28.91,18,82.5,0.01,0.033333333,2.32,0.08,Oct,2,2,1,1,Returning_Visitor,False,False
0,112.6,0,30.52,15,902.06,0.03,0.05,3.41,0.11,May,2,2,1,4,Returning_Visitor,False,False
2,122.72,0,41.75,25,86.0,0.0,0.05,0.0,0.01,Mar,1,1,3,9,Returning_Visitor,True,False
2,0.0,0,0.0,18,40.5,0.14,0.09,2.47,0.02,Mar,1,1,1,3,Returning_Visitor,False,False
1,0.0,0,0.0,11,591.46,0.01,0.03,4.05,0.01,Dec,2,2,6,2,Returning_Visitor,False,False
1,13.0,0,28.71,7,79.5,0.02,0.04,7.24,0.01,Mar,2,2,1,8,Returning_Visitor,False,False
0,0.0,0,0.0,17,315.3,0.01,0.027843137,0.0,0.0,Mar,1,1,1,2,Returning_Visitor,False,False
3,180.44,1,102.96,45,1512.11,0.01,0.02,4.47,0.01,Oct,2,2,1,3,Returning_Visitor,False,False
3,80.89,0,53.83,25,962.45,0.0,0.02,15.06586317,0.04,Oct,3,2,1,4,Returning_Visitor,False,True
2,0.0,0,0.0,4,1279.95,0.0,0.05,0.0,0.05,May,1,1,7,3,Returning_Visitor,False,False
2,98.25,0,135.88,23,303.25,0.01,0.02,0.0,0.02,Mar,3,2,2,1,Returning_Visitor,False,False
12,834.16,14,622.4,117,3684.855282,0.02,0.03,34.45943549,0.0,Feb,3,2,2,2,Returning_Visitor,False,False
9,184.0,0,51.67,29,1986.251515,0.01,0.009553204,17.19611523,0.04,May,2,2,2,2,Returning_Visitor,False,False
0,0.0,0,35.24,11,700.82,0.01,0.05,4.01,0.0,Nov,2,2,7,1,Returning_Visitor,False,False
4,250.95,2,186.1,318,13717.40205,0.004176829,0.04,4.77,0.02,Nov,2,2,3,2,Returning_Visitor,False,True
2,311.9166667,0,0.0,28,633.4,0.002272727,0.01,0.0,0.0,May,2,2,1,3,Returning_Visitor,False,False
5,72.5,1,0.0,16,1272.81,0.005263158,0.02,3.69,0.02,Oct,2,2,1,2,Returning_Visitor,False,False
0,75.48,0,23.78,10,485.2839744,0.03,0.07,0.0,0.14,May,2,2,2,3,Returning_Visitor,False,False
2,0.0,0,0.0,17,1533.0,0.0,0.01,0.0,0.08,Oct,2,2,2,1,Returning_Visitor,False,False
1,0.0,0,31.71,10,985.0,0.04,0.07,2.45,0.03,June,3,2,2,3,Returning_Visitor,False,False
3,104.76,1,4.0,34,472.5416667,0.01,0.005,4.14,0.0,May,1,1,4,2,Returning_Visitor,False,False
1,50.32,0,22.56,12,1329.37,0.13,0.14,1.76,0.07,Oct,3,2,2,3,Returning_Visitor,False,False
1,87.64,0,46.2,18,1114.8,0.005882353,0.02,3.69,0.01,Nov,2,10,3,1,Returning_Visitor,False,False
2,86.69,0,28.37,15,2755.67094,0.004545455,0.027575758,0.0,0.0,Mar,2,2,2,2,Returning_Visitor,True,False
1,45.44,0,0.0,33,1360.49,0.12,0.11,1.53,0.03,Mar,2,2,1,4,Returning_Visitor,False,False
9,57.95833333,0,0.0,32,498.2,0.01,0.010675991,27.61403036,0.04,Feb,2,2,3,2,Returning_Visitor,False,False
1,58.83,0,0.0,8,636.59,0.01,0.07,1.8,0.06,Oct,1,1,3,8,Returning_Visitor,False,False
8,428.0222222,1,11.0,48,1781.8,0.01,0.02,4.69,0.02,June,2,2,1,2,New_Visitor,False,False
1,0.0,0,0.0,15,849.3,0.02,0.04,4.32,0.05,May,2,2,6,1,Returning_Visitor,False,False
0,152.5,1,0.0,86,2045.39,0.013953488,0.02,0.0,0.07,Oct,2,5,2,1,Returning_Visitor,False,False
1,88.54,1,55.73,16,761.61,0.0,0.06,5.05,0.0,Dec,2,2,3,2,Returning_Visitor,False,True
1,78.04,0,29.0,19,765.87,0.01,0.024884615,3.18,0.32,May,2,2,9,2,Returning_Visitor,False,False
0,157.62,1,96.27,45,0.0,0.01,0.1,4.98,0.0,Feb,8,9,9,5,Other,False,False
0,0.0,0,28.83,14,1185.95,0.01,0.055555556,0.0,0.19,May,2,2,1,3,Returning_Visitor,False,False
1,77.42,0,0.0,11,333.9,0.0,0.007142857,1.63,0.03,Mar,2,2,2,4,Returning_Visitor,False,True
1,68.9,0,0.0,9,956.1,0.122222222,0.2,4.65,0.2,May,3,2,2,13,Returning_Visitor,False,False
1,61.04,0,27.86,15,1365.4,0.007619048,0.02,0.0,0.0,Mar,2,2,1,2,Returning_Visitor,False,False
1,79.58,0,0.0,5,46.2,0.03,0.07,0.0,0.01,Jul,2,2,9,4,New_Visitor,False,False
0,0.0,0,0.0,5,874.55,0.06,0.06,0.0,0.05,Mar,2,2,1,4,Returning_Visitor,True,False
0,0.0,0,0.0,4,1157.43,0.1,0.18,0.0,0.0,Mar,1,2,3,3,Returning_Visitor,False,False
0,0.0,0,0.0,12,0.0,0.2,0.2,5.93,0.04,Mar,1,1,3,11,Returning_Visitor,False,False
0,62.46,0,0.0,15,7.0,0.05,0.15,0.0,0.2,May,2,2,7,1,Returning_Visitor,False,False
1,48.0,0,0.0,13,875.06,0.01,0.022222222,1.95,0.0,Feb,3,2,1,1,Returning_Visitor,False,False
3,73.5,1,0.0,59,1665.49,0.01,0.03,3.79,0.01,Dec,3,2,1,13,Returning_Visitor,False,False
1,337.88,6,594.85,6,2983.19,0.0,0.019230769,12.46,0.01,Mar,2,2,3,2,Returning_Visitor,False,False
1,0.0,0,32.39,21,657.2,0.03,0.04,1.53,0.0,Oct,3,2,1,1,Returning_Visitor,False,False
0,53.15,0,0.0,10,1735.595238,0.0,0.06,0.0,0.2,May,2,2,2,1,Returning_Visitor,False,False
6,93.56,0,0.0,25,437.2222222,0.02,0.035,1.89,0.0,Oct,2,2,3,2,Returning_Visitor,True,False
4,140.69,0,140.8333333,39,5478.530087,0.00952381,0.01,3.19,0.0,Oct,2,2,1,2,Returning_Visitor,False,False
3,209.23,1,86.44,27,1167.34,0.0,0.014285714,20.75,0.0,Oct,2,2,1,2,Returning_Visitor,False,False
3,142.16,0,69.18,52,1218.1,0.001282051,0.02,4.43,0.0,Oct,2,2,3,1,Returning_Visitor,False,False
1,51.44,1,29.56,19,1509.39,0.04,0.06,1.75,0.0,Aug,3,2,4,13,Returning_Visitor,False,False
10,290.3333333,1,63.99,30,2818.094444,0.01,0.02,2.96,0.02,May,1,1,9,2,Returning_Visitor,False,False
1,38.12,0,30.83,14,527.5,0.07,0.11,0.0,0.8,May,2,2,1,1,Returning_Visitor,False,False
2,118.6,0,54.39,24,2159.5,0.0,0.022857143,15.44,0.03,Sep,2,2,5,1,Returning_Visitor,False,False
2,85.84,0,43.84,21,884.3333333,0.0,0.03,3.01,0.0,Oct,1,2,3,2,Returning_Visitor,False,False
0,41.73,0,29.34,15,503.94,0.2,0.2,0.0,0.0,Mar,2,2,1,3,Returning_Visitor,False,False
1,48.67,0,0.0,16,1065.4,0.018181818,0.05,1.95,0.01,Nov,1,1,1,2,Returning_Visitor,False,False
5,613.5,0,92.59,32,1427.15,0.0,0.00362107,13.38149414,0.01,Nov,4,1,1,2,New_Visitor,False,True
0,0.0,0,34.56,12,726.49,0.0,0.03,0.0,0.0,May,3,2,1,3,Returning_Visitor,True,False
1,70.97,0,0.0,24,724.7666667,0.04,0.06,2.45,0.0,Mar,3,2,6,3,Returning_Visitor,False,False
1,64.3,0,0.0,25,986.04,0.04,0.05,2.66,0.01,Oct,2,2,2,3,Returning_Visitor,False,False
4,190.4,1,78.9,29,742.19,0.00952381,0.02,5.98,0.0,May,2,2,8,4,Returning_Visitor,False,False
5,237.59,4,176.5,59,2696.85,0.007407407,0.02,0.548811351,0.01,Nov,2,2,1,2,Returning_Visitor,True,False
5,200.05,1,73.18,28,969.26,0.01,0.003954802,59.1244678,0.0,Aug,1,1,4,4,Returning_Visitor,False,False
1,60.9,0,32.91,16,33.33333333,0.0,0.03,0.0,0.0,Oct,2,2,8,1,Returning_Visitor,False,True
1,6.0,0,40.84,19,1504.18,0.02,0.012301587,0.0,0.03,Mar,2,2,1,2,Returning_Visitor,False,False
1,54.19,0,27.29,8,621.32,0.03,0.14,2.07,0.01,Dec,2,2,2,2,Returning_Visitor,False,False
1,0.0,0,0.0,2,543.79,0.01,0.05,0.0,0.6,May,1,1,5,4,Returning_Visitor,False,False
0,98.85,0,51.94,22,1951.22,0.02,0.049312469,2.68,0.09,Aug,2,2,1,3,Returning_Visitor,False,False
1,0.0,0,20.73,11,1145.78,0.03,0.05,2.62,0.09,Oct,2,2,1,1,Returning_Visitor,False,False
0,77.9,0,38.26,18,1531.55,0.0,0.025,2.75,0.4,May,2,2,1,4,Returning_Visitor,False,False
0,45.85,0,21.86,9,769.79,0.01,0.033333333,0.0,0.01,Nov,2,2,9,2,Returning_Visitor,False,True
1,155.6,0,0.0,13,1601.88,0.1,0.09,0.0,0.03,Mar,2,2,2,4,Returning_Visitor,False,False
3,0.0,0,74.92,20,1530.3,0.0,0.025,0.0,0.0,May,2,2,1,1,Returning_Visitor,False,False
1,45.62,0,23.73,14,1522.816667,0.03,0.04,0.0,0.0,Mar,3,2,1,4,Returning_Visitor,False,False
1,45.29,0,24.66,12,1532.36,0.02,0.069230769,0.0,0.08,Mar,1,1,1,1,Returning_Visitor,True,False
0,0.0,0,37.73,17,1603.23,0.02,0.018181818,3.44,0.0,Mar,2,2,1,2,Returning_Visitor,True,False
1,50.55,0,0.0,9,1143.74,0.06,0.08,2.08,0.0,Mar,2,6,3,1,Returning_Visitor,False,False
3,35.0,0,35.51,20,1187.37,0.04,0.06,0.0,0.03,Mar,2,2,1,2,Returning_Visitor,False,False
1,60.0,0,29.33,16,1162.71,0.0,0.033333333,0.0,0.05,Mar,2,2,2,2,Returning_Visitor,False,False
1,36.62,0,26.15,5,1407.99,0.12,0.18,1.64,0.11,May,3,2,1,3,Returning_Visitor,False,False
4,150.34,0,0.0,27,1404.34,0.0,0.01,31.40784,0.02,Oct,2,2,3,4,Returning_Visitor,False,True
3,28.25,1,77.6,30,2636.29,0.0,0.03,2.2,0.03,May,3,2,1,13,Returning_Visitor,False,False
4,181.61,1,132.68,50,3002.902778,0.002083333,0.013611111,9.13,0.0,Nov,2,2,1,2,Returning_Visitor,False,False
6,78.51333333,1,63.4,110,1691.236147,0.01,0.01,3.99,0.0,Aug,2,2,1,4,Returning_Visitor,True,False
1,73.23,0,32.33,11,1042.36,0.027272727,0.03,0.0,0.34,May,2,2,2,1,Returning_Visitor,False,False
1,161.12,1,41.6,2,296.0,0.01,0.04,4.9,0.01,Dec,2,1,1,2,New_Visitor,True,False
0,0.0,0,23.6,8,257.4,0.05,0.07,1.46,0.0,Mar,3,2,2,1,Returning_Visitor,False,False
2,0.0,0,30.04,19,676.1666667,0.02,0.008333333,1.62,0.0,Oct,2,2,1,2,New_Visitor,True,True
0,0.0,0,0.0,2,1344.85,0.07,0.08,2.25,0.04,Mar,3,2,6,1,Returning_Visitor,False,False
2,0.0,0,0.0,7,451.0,0.02,0.033333333,1.82,0.03,Mar,2,2,1,2,Returning_Visitor,True,True
1,78.87,0,32.45,18,1008.19,0.012,0.037666667,3.56,0.0,Feb,2,6,3,1,Returning_Visitor,False,False
5,184.89,0,75.78,40,1152.66,0.01,0.01,2.57,0.0,Sep,1,2,1,2,Returning_Visitor,False,False
1,57.56,0,0.0,11,1404.79,0.009677419,0.03,2.3,0.05,Mar,2,2,1,2,Returning_Visitor,False,False
3,126.1,0,0.0,28,859.3333333,0.01,0.02,4.46,0.05,May,1,1,6,4,Returning_Visitor,False,True
1,0.0,0,20.48,11,52.3,0.0,0.04,0.0,0.07,Mar,2,2,1,1,Returning_Visitor,False,False
1,52.07,0,0.0,12,369.1666667,0.0,0.02,1.84,0.0,Mar,3,2,1,1,Returning_Visitor,False,False
2,0.0,0,36.23,9,945.27,0.005696203,0.016284567,8.24,0.15,May,2,2,2,4,Returning_Visitor,False,False
4,107.74,0,41.96,23,1836.44,0.04,0.04375,2.05,0.05,Aug,2,2,1,13,Returning_Visitor,False,False
0,0.0,0,0.0,8,239.0,0.05,0.07,0.0,0.3,May,3,2,2,7,Returning_Visitor,False,False
1,592.12,6,657.8333333,140,3800.64,0.02,0.024292237,26.26,0.0,Jul,2,2,1,2,Returning_Visitor,False,False
4,314.0833333,2,54.15,130,1334.16,0.01,0.02,0.0,0.02,Mar,2,2,3,2,Returning_Visitor,False,False
1,97.27,0,41.6,30,1240.65,0.01,0.04,5.52,0.0,Feb,2,2,6,2,Returning_Visitor,False,False
2,0.0,2,40.08,19,442.3333333,0.01,0.034375,1.67,0.05,Oct,1,1,1,3,Returning_Visitor,False,False
0,0.0,0,52.5,18,1402.05,0.0,0.04,0.0,0.1,Dec,8,2,9,1,Returning_Visitor,False,False
3,726.0,0,77.26,47,2354.64,0.02,0.043171115,2.89,0.02,Oct,2,2,3,1,Returning_Visitor,False,False
0,0.0,0,33.29,14,968.54,0.02,0.05,3.13,0.0,Nov,2,2,1,2,Returning_Visitor,True,False
2,78.75,0,26.66,16,651.8666667,0.02,0.011764706,0.0,0.0,Mar,2,2,2,2,Returning_Visitor,False,False
11,441.94,2,261.78,76,13265.35595,0.03,0.018855633,8.31,0.0,May,2,2,1,2,Returning_Visitor,False,True
1,56.45,0,0.0,4,66.0,0.03,0.05,4.15,0.05,May,1,1,8,3,Returning_Visitor,False,False
1,0.0,0,0.0,12,806.25,0.06,0.06,0.0,0.0,Mar,2,1,3,3,Returning_Visitor,True,False
17,238.31,1,273.73,90,8282.214508,0.000977199,0.005669849,2.3,0.0,Oct,2,2,3,2,Returning_Visitor,True,False
1,28.2,0,30.9,16,0.0,0.13,0.1,1.86,0.05,Aug,1,1,1,5,New_Visitor,False,True
5,44.0,1,0.0,30,1507.41,0.006458094,0.02,0.818306551,0.01,Nov,2,2,1,2,Returning_Visitor,True,True
5,135.52,0,0.0,25,1194.5,0.01,0.007692308,6.26,0.07,May,2,2,1,2,New_Visitor,False,True
1,53.94,0,29.9,14,3148.173939,0.04,0.06,3.323971324,0.4,May,2,2,8,4,Returning_Visitor,False,False
2,93.57,0,0.0,2,1472.5,0.0,0.1,0.0,0.01,Nov,1,1,1,2,Returning_Visitor,False,False
1,0.0,0,34.33,18,165.0,0.02,0.022222222,2.07,1.0,May,2,4,2,1,Returning_Visitor,True,False
0,33.35,0,0.0,13,21.0,0.1,0.12,0.0,0.6,May,2,2,2,3,Returning_Visitor,False,False
2,93.9,0,38.53,18,1028.45,0.0,0.03,2.61,0.01,Oct,2,2,3,2,New_Visitor,False,False
1,69.4,0,0.0,10,885.65,0.04,0.05,0.0,0.02,Mar,1,1,1,2,New_Visitor,True,False
1,81.27,1,63.18,17,785.8,0.015384615,0.03974359,0.0,0.0,Dec,2,2,2,1,Returning_Visitor,False,False
4,123.4,0,40.76,18,1415.35,0.01,0.033333333,1.84,0.0,Nov,1,1,1,3,Returning_Visitor,False,False
1,0.0,1,0.0,22,714.38,0.030848861,0.057391304,0.0,0.02,Nov,1,1,4,10,Returning_Visitor,True,False
0,46.66,0,0.0,16,1289.01,0.0125,0.06,0.0,0.05,Mar,1,1,1,1,Returning_Visitor,False,False
1,44.44,0,0.0,13,87.71428571,0.08,0.13,1.98,0.02,Mar,2,2,2,1,Returning_Visitor,False,False
4,330.35,1,0.0,23,1605.56,0.01,0.02,4.24,0.03,Aug,2,2,1,2,New_Visitor,False,True
0,0.0,0,38.45,14,0.0,0.2,0.2,1.54,0.0,Mar,3,2,3,3,Returning_Visitor,True,False
1,0.0,0,0.0,50,461.49,0.01,0.03,1.76,0.8,May,2,1,3,2,Returning_Visitor,False,False
2,0.0,0,37.61,4,40.0,0.01,0.05,2.52,0.3,May,1,1,3,3,Returning_Visitor,False,False
1,0.0,0,0.0,3,1270.76,0.02,0.1,1.94,0.1,Oct,3,2,1,1,Returning_Visitor,False,False
1,63.57,0,0.0,11,1378.38,0.0,0.02,2.31,0.05,Oct,2,2,1,2,Returning_Visitor,False,True
1,0.0,0,25.62,14,844.87,0.01,0.03,1.76,0.0,Mar,2,2,1,1,Returning_Visitor,False,False
2,141.15,0,0.0,35,1585.11,0.01,0.007692308,2.77,0.01,Sep,2,2,1,2,New_Visitor,False,True
0,0.0,0,0.0,1,0.0,0.02,0.05,3.14,0.0,Nov,2,2,1,2,Returning_Visitor,False,False
0,46.64,0,30.05,25,736.6,0.04,0.05,0.0,0.02,Mar,2,2,1,1,Returning_Visitor,True,False
2,37.5,1,62.23,18,607.5,0.01,0.010526316,5.17,0.0,Nov,2,2,3,2,Returning_Visitor,False,True
1,0.0,0,23.96,16,750.85,0.01,0.044938272,2.0,0.0,Nov,1,1,1,11,Returning_Visitor,True,False
3,0.0,2,28.86,18,1838.24,0.002790698,0.011436389,0.0,0.03,Oct,1,1,3,2,Returning_Visitor,False,False
1,104.87,0,0.0,0,1793.32,0.05,0.07,2.53,0.08,Oct,1,1,1,3,Returning_Visitor,False,False
4,211.74,1,0.0,94,1699.89,0.01,0.01,0.0,0.01,Dec,2,2,3,2,Returning_Visitor,True,False
0,0.0,0,36.57,9,244.0,0.01,0.047619048,0.0,0.0,May,2,2,2,4,Returning_Visitor,False,False
7,184.23,0,168.24,50,5155.351132,0.01,0.01,8.805138964,0.0,Nov,2,2,1,1,Returning_Visitor,False,False
7,145.0,1,109.82,46,5252.861501,0.01,0.02,0.680988542,0.03,May,2,2,4,2,Returning_Visitor,False,True
0,79.25,0,28.99,20,5810.7,0.18,0.17,0.0,0.02,Oct,1,1,1,4,Returning_Visitor,False,False
11,267.1666667,0,111.45,39,881.4416667,0.004166667,0.011458333,11.61,0.0,Oct,3,2,3,1,New_Visitor,False,False
1,99.76,0,0.0,22,1671.375,0.018333333,0.03,4.07,0.0,Oct,2,2,3,1,Returning_Visitor,False,False
0,0.0,0,21.55,10,901.2666667,0.01,0.03,0.0,0.02,Mar,1,1,1,2,New_Visitor,True,False
21,157.8883333,1,84.8,170,2441.24,0.02,0.004514952,6.49,0.0,Oct,2,2,1,2,Returning_Visitor,False,False
1,56.25,0,31.4,14,836.44,0.011111111,0.04,5.73,0.02,Mar,2,2,1,1,Returning_Visitor,False,False
1,66.33333333,0,36.66,15,553.21,0.01,0.03,0.0,0.0,May,2,2,6,6,Returning_Visitor,False,False
1,40.41666667,0,29.72,16,1477.734676,0.01,0.018970588,9.694154066,0.1,Oct,2,2,1,1,Returning_Visitor,False,False
1,0.0,0,0.0,10,972.75,0.05,0.06,3.02,0.13,May,2,2,2,4,Returning_Visitor,False,False
4,184.9333333,1,71.72,29,1433.39,0.006,0.02,32.09724943,0.0,Nov,2,2,1,2,Returning_Visitor,False,True
1,53.9,0,0.0,12,984.61,0.0,0.02,2.21,0.02,Oct,2,2,4,2,Returning_Visitor,False,True
0,0.0,0,43.09,15,1131.84,0.01,0.05,0.0,0.4,May,3,2,6,3,Returning_Visitor,False,False
1,69.31,0,25.65,21,1258.17,0.06,0.07,2.54,0.0,Mar,2,2,2,2,Returning_Visitor,True,False
5,161.96,1,79.26,35,1320.93,0.016666667,0.02,0.0,0.02,May,2,2,1,2,Returning_Visitor,False,False
1,58.17,0,0.0,14,52.0,0.0,0.066666667,0.0,0.03,Mar,2,1,8,1,Returning_Visitor,False,False
1,48.72,0,0.0,10,873.99,0.026111111,0.06,2.63,0.01,Dec,3,2,7,1,Returning_Visitor,False,True
0,0.0,0,0.0,11,245.0,0.1,0.18,2.18,0.32,Mar,2,4,2,1,Returning_Visitor,False,False
0,0.0,0,47.59,20,1017.5,0.005,0.02,3.88,0.01,Nov,2,2,1,2,Returning_Visitor,False,False
1,43.83,0,0.0,6,1146.77,0.03,0.05,1.76,0.07,Mar,2,2,6,1,Returning_Visitor,True,False
5,175.1,1,0.0,26,2325.83,0.0,0.02,62.77367187,0.01,Nov,1,1,3,2,New_Visitor,True,True
2,117.03,0,52.41,23,1690.04,0.02,0.04,2.35,0.05,Oct,2,2,1,1,Returning_Visitor,False,False
2,85.87,0,40.62,19,1686.51,0.00952381,0.042857143,3.37,0.03,Mar,2,2,1,1,Returning_Visitor,False,False
3,0.0,0,0.0,25,588.7190476,0.0,0.014782609,0.0,0.02,Mar,2,2,2,2,Returning_Visitor,False,False
1,61.63,0,0.0,11,633.75,0.0,0.04,0.0,0.0,Dec,2,2,1,1,Returning_Visitor,False,False
1,0.0,0,0.0,7,1619.99,0.08,0.07,1.43,0.03,Mar,1,1,2,1,Returning_Visitor,True,False
2,114.4,2,341.6,92,1840.5,0.018556202,0.02,2.82,0.03,Oct,2,2,3,2,Returning_Visitor,True,False
1,0.0,0,26.89,11,633.62,0.03,0.06,8.32,0.48,May,3,2,1,15,Returning_Visitor,False,False
3,137.41,0,0.0,4,51.3,0.01,0.028571429,3.22,0.0,Oct,1,1,1,2,New_Visitor,False,False
1,0.0,0,24.16,13,1511.07,0.09,0.07,0.0,0.02,Mar,2,2,1,9,Returning_Visitor,True,False
2,106.25,0,0.0,19,1171.4,0.01,0.029166667,3.39,0.03,Mar,3,4,9,10,Returning_Visitor,False,False
0,65.5,0,31.52,32,1400.84,0.015625,0.05,0.0,0.02,Mar,2,2,1,1,Returning_Visitor,False,False
1,11.0,0,19.48,9,754.92,0.05,0.09,2.08,0.01,Nov,4,2,1,4,Returning_Visitor,False,False
1,74.75,0,21.07,11,786.68,0.025,0.021428571,6.34,0.03,Sep,2,2,1,4,Returning_Visitor,False,False
1,52.33,0,30.74,14,978.55,0.01,0.1,1.93,0.15,Oct,2,2,7,1,Returning_Visitor,False,False
2,65.96,0,0.0,20,2144.37,0.01,0.030925926,2.54,0.04,Oct,1,1,1,4,Returning_Visitor,False,False
1,39.55,1,30.27,12,882.93,0.07,0.11,1.63,0.8,May,2,2,2,3,Returning_Visitor,False,False
0,44.84,0,22.82,2,0.0,0.2,0.2,2.25,0.0,Nov,2,2,1,3,Returning_Visitor,True,False
4,771.9285714,1,64.66,39,1022.474026,0.01,0.02,52.05165,0.03,Oct,2,2,3,2,New_Visitor,False,True
2,0.0,0,37.66,10,827.56,0.08,0.05,3.46,0.25,May,2,2,2,3,Returning_Visitor,False,False
1,0.0,0,21.42,12,1838.85,0.04,0.06,1.76,0.07,Oct,2,2,1,1,Returning_Visitor,False,False
3,134.46,1,6.0,65,2349.101818,0.01,0.01,3.23,0.03,Mar,2,2,3,2,Returning_Visitor,False,False
1,52.76,0,32.05,14,651.91,0.075,0.1,3.35,0.01,Dec,2,2,1,4,Returning_Visitor,False,False
1,51.24,0,24.01,15,808.03,0.02,0.04,4.08,0.0,May,2,6,1,6,Returning_Visitor,False,False
0,89.47,0,46.15,21,452.797619,0.0,0.03,2.22,0.0,Mar,1,1,1,2,Returning_Visitor,False,True
5,318.0,1,0.0,32,843.19,0.032894737,0.02,19.96,0.45,May,2,2,1,11,Returning_Visitor,False,False
1,0.0,0,24.27,1,793.68,0.2,0.2,0.0,0.04,Mar,2,2,1,3,Returning_Visitor,False,False
0,91.43,0,43.13,10,1031.85,0.01,0.022222222,2.42,0.0,Feb,1,8,3,2,Returning_Visitor,False,False
3,105.55,0,63.53,36,943.6190476,0.02,0.02,2.05,0.06,May,3,2,2,13,Returning_Visitor,False,False
0,51.64,0,21.36,10,934.21,0.05,0.12,2.32,0.01,Nov,2,2,9,2,Returning_Visitor,True,True
6,56.89,1,64.94,37,1296.916144,0.01,0.02,2.12,0.01,Sep,1,2,1,2,Returning_Visitor,False,False
4,175.03,3,60.0,91,2345.58914,0.002749141,0.012841597,51.27258615,0.0,Dec,2,2,1,2,New_Visitor,False,False
3,93.6,0,43.15,26,69.4,0.090909091,0.06,1.62,0.0,Oct,2,2,1,2,Returning_Visitor,False,False
0,128.47,0,0.0,19,1738.43,0.02,0.010526316,3.74,0.04,Aug,2,2,2,1,Returning_Visitor,False,False
8,198.4333333,7,636.75,113,2336.77,0.01,0.02,0.0,0.02,Oct,2,2,2,2,Returning_Visitor,False,True
3,80.56,0,145.6,46,2734.966667,0.01,0.02,2.15,0.0,Aug,2,2,4,5,Returning_Visitor,False,True
9,739.125,1,126.69,47,1655.190476,0.0,0.022666667,2.68,0.02,Oct,1,1,3,2,Returning_Visitor,True,False
1,63.67,0,33.49,20,1343.097619,0.037878788,0.13,0.0,0.0,Mar,2,2,1,1,Returning_Visitor,True,False
1,0.0,0,39.19,7,668.28,0.15,0.14,0.0,0.8,May,3,2,2,4,Returning_Visitor,False,False
2,75.6,2,65.96,10,1293.96,0.0,0.02,0.0,0.02,Oct,2,2,3,2,New_Visitor,False,False
1,102.09,0,0.0,16,122.225,0.0,0.03,3.85,0.04,Oct,2,2,9,2,New_Visitor,True,False
1,69.0,0,0.0,9,437.99,0.01,0.02,28.05094335,0.01,Mar,2,4,9,8,New_Visitor,False,True
1,0.0,0,22.29,2,63.5,0.03,0.08,0.0,0.0,Nov,2,2,9,1,Returning_Visitor,False,False
3,188.84,1,120.54,22,1734.780952,0.0,0.010142857,0.0,0.05,May,3,2,3,9,Returning_Visitor,False,False
1,66.73,0,23.45,11,728.6,0.0,0.03,6.708900602,0.02,Oct,2,2,1,2,Returning_Visitor,False,True
4,80.16,0,37.02,24,5106.262991,0.01,0.023642242,1.68,0.04,Oct,2,2,1,2,New_Visitor,False,False
0,0.0,0,30.01,9,0.0,0.2,0.2,2.12,0.8,May,3,2,4,13,Returning_Visitor,False,False
0,0.0,0,47.38,13,1780.59,0.021978022,0.11,3.66,0.0,Feb,2,2,3,1,Returning_Visitor,False,False
6,212.0,1,73.87,10,1450.89,0.01,0.004444444,0.0,0.02,May,2,2,9,4,Returning_Visitor,False,False
2,28.5,0,30.3,8,511.08,0.0,0.044444444,0.0,0.02,Mar,1,1,1,10,Returning_Visitor,True,False
2,32.0,0,39.37,17,705.11,0.03,0.06,3.82,0.25,May,3,2,1,13,Returning_Visitor,False,True
1,48.55,0,23.83,13,243.75,0.0,0.03,2.05,0.02,May,2,2,4,2,Returning_Visitor,False,True
1,80.68,0,27.19,4,36.0,0.0,0.033333333,5.64,0.04,May,2,2,4,1,Returning_Visitor,False,False
3,154.63,0,53.5,39,1159.72,0.01,0.02,0.0,0.01,June,2,2,1,4,Returning_Visitor,False,False
2,89.66666667,0,36.92,16,2022.117778,0.02,0.04,2.19,0.0,Sep,2,2,1,1,Returning_Visitor,False,False
2,71.66666667,0,38.42,22,1339.66,0.0,0.03,2.52,0.2,May,2,2,1,4,Returning_Visitor,False,False
1,21.2,0,141.0,7,1239.68,0.02,0.0,3.69,0.02,Aug,2,2,1,4,Returning_Visitor,False,False
0,0.0,0,0.0,10,393.0,0.02,0.05,2.59,0.0,May,2,2,7,1,Returning_Visitor,False,False
0,80.14,0,40.79,4,477.68,0.04,0.15,2.51,0.0,Mar,2,2,1,10,Returning_Visitor,False,False
1,30.2,0,29.59,18,1260.04,0.066666667,0.083333333,2.07,0.0,Oct,2,2,1,1,Returning_Visitor,False,False
4,27.2,1,0.0,91,1795.36,0.001098901,0.02,33.61787649,0.0,Sep,2,2,1,2,Returning_Visitor,False,False
1,67.18,0,22.87,11,1575.54,0.03,0.025,0.0,0.0,Mar,2,2,1,2,Returning_Visitor,False,False
2,95.53,0,0.0,15,1720.416667,0.02,0.04,2.99,0.24,May,2,10,2,1,Returning_Visitor,False,False
1,66.89,0,0.0,5,1057.13,0.09,0.08,2.09,0.6,May,2,2,3,6,Returning_Visitor,False,False
4,53.2,0,0.0,33,1338.09,0.0,0.009803922,4.72,0.0,Oct,2,2,5,2,Returning_Visitor,False,False
5,270.56,6,302.69,57,733.2871212,0.01,0.031564383,0.0,0.0,Oct,2,2,7,1,Returning_Visitor,False,False
1,0.0,0,0.0,17,649.06,0.01,0.02,0.0,0.01,Dec,3,2,2,2,Returning_Visitor,False,False
2,132.22,0,95.0,29,1612.49,0.008333333,0.038,25.04441774,0.01,Oct,2,2,1,2,Returning_Visitor,False,True
1,94.16,0,41.82,11,451.96,0.01,0.03,6.5,0.0,Dec,1,1,1,2,Returning_Visitor,True,False
1,92.77,0,0.0,17,1370.63,0.0,0.014545455,2.21,0.06,May,2,5,2,1,Returning_Visitor,False,True
1,70.63,0,51.93,20,606.0,0.0,0.01,0.0,0.0,Mar,2,2,6,1,Returning_Visitor,False,False
7,256.61,3,68.75,58,12460.67006,0.01,0.02,8.13,0.0,Nov,2,2,1,2,Returning_Visitor,False,False
1,66.2,0,21.64,6,549.0,0.06,0.06,2.07,0.02,Mar,2,2,1,1,Returning_Visitor,False,False
3,0.0,1,63.34,35,990.9191176,0.01,0.045365079,0.0,0.8,May,2,10,2,1,Returning_Visitor,False,False
3,138.62,1,42.57,19,4211.99,0.040909091,0.04,2.71,0.11,Oct,1,1,3,4,Returning_Visitor,False,True
3,115.93,0,0.0,37,5692.211713,0.01,0.01,1.95,0.06,Oct,4,1,3,4,Returning_Visitor,False,False
1,47.5,0,0.0,11,225.5,0.018181818,0.054545455,2.03,0.0,Nov,1,5,4,11,Returning_Visitor,True,False
3,123.71,1,0.0,36,2197.780952,0.01,0.014779942,4.74,0.01,Nov,1,2,1,2,Returning_Visitor,False,True
4,296.75,1,0.0,30,1175.38,0.01,0.026666667,0.0,0.0,Dec,2,2,3,2,New_Visitor,False,False
2,184.51,0,82.01,63,1903.666667,0.01,0.02,0.0,0.11,May,2,2,1,4,Returning_Visitor,False,False
2,46.4,0,43.0,13,118.2666667,0.0,0.02,5.01,0.0,Jul,2,2,1,2,Returning_Visitor,True,False
1,49.46,0,29.47,13,876.36,0.2,0.2,0.0,0.01,Nov,2,2,1,4,New_Visitor,False,False
1,0.0,0,28.03,14,126.5,0.01,0.04,2.25,0.01,Mar,2,2,3,2,Returning_Visitor,False,False
3,92.18,2,39.33,20,518.4433333,0.02,0.014215686,0.0,0.04,May,2,2,3,4,Returning_Visitor,False,False
1,72.33,0,36.94,16,706.81,0.066666667,0.1,2.84,0.0,Nov,2,2,3,1,Returning_Visitor,False,False
2,4.0,5,161.5,49,2325.96,0.012254902,0.022009804,18.88360212,0.0,Nov,2,2,9,2,Returning_Visitor,False,False
2,162.04,1,213.0,50,920.14,0.01,0.025172414,12.31,0.0,Dec,2,2,4,10,Returning_Visitor,False,False
0,0.0,0,35.43,15,275.1666667,0.01,0.033333333,3.59,0.0,Nov,2,2,9,2,Returning_Visitor,True,False
9,296.1166667,1,116.2,53,2713.15,0.01,0.02,7.61,0.01,Nov,2,2,1,2,Returning_Visitor,True,True
2,0.0,0,0.0,19,3912.61,0.07,0.08,0.0,0.0,Mar,1,1,1,1,Returning_Visitor,True,False
2,121.95,0,0.0,9,385.91,0.02,0.06,4.75,0.0,May,3,2,3,2,Returning_Visitor,True,True
0,33.95,0,0.0,6,34.33333333,0.05,0.1,2.24,0.2,Oct,2,2,2,3,Returning_Visitor,False,False
1,61.86,0,21.93,11,1074.47,0.010632603,0.02,2.209003373,0.02,Mar,1,2,1,2,Returning_Visitor,False,True
1,63.16666667,0,0.0,9,478.45,0.03,0.05,8.072426168,0.03,May,2,2,3,4,Returning_Visitor,False,False
2,103.0,0,35.93,25,1810.79,0.01,0.056140351,0.0,0.08,Oct,2,2,2,1,Returning_Visitor,False,False
2,64.34,0,0.0,19,1080.3,0.068518519,0.1,0.0,0.03,Sep,2,2,3,2,Returning_Visitor,False,False
0,49.18,0,0.0,10,546.33,0.0,0.05,1.51,0.0,Oct,3,2,3,2,Returning_Visitor,False,False
0,53.43,0,0.0,10,1411.88,0.0,0.05,2.52,0.03,Mar,2,2,1,1,Returning_Visitor,False,False
2,80.36,0,0.0,70,806.0266667,0.01,0.01,1.72,0.0,Oct,2,5,3,2,Returning_Visitor,True,False
1,130.76,0,0.0,18,397.8,0.0,0.04,5.18,0.01,Aug,2,1,1,2,Returning_Visitor,False,False
3,62.5,1,0.0,60,3222.75873,0.01,0.01,0.0,0.05,May,2,2,3,4,Returning_Visitor,False,False
1,100.7,2,8.0,30,1094.61,0.01,0.01,0.0,0.01,Nov,3,2,1,4,Returning_Visitor,False,False
1,72.8,1,23.5,10,338.1272727,0.03,0.014393939,3.48,0.01,Mar,2,2,3,10,Returning_Visitor,False,False
6,93.5,1,93.93,27,1398.73,0.0,0.02,5.11,0.07,Oct,2,2,1,2,New_Visitor,False,False
1,54.29,0,21.2,11,1564.16,0.06,0.07,2.26,0.08,Oct,2,2,1,1,Returning_Visitor,False,False
3,144.21,1,0.0,35,1336.208333,0.009756098,0.02,7.91,0.0,Mar,2,2,1,1,Returning_Visitor,False,False
2,99.15,0,31.03,16,1193.0,0.02,0.03,2.88,0.02,Mar,2,2,9,2,New_Visitor,False,True
0,0.0,0,38.12,19,1297.21,0.025,0.0375,0.0,0.18,May,2,2,2,4,Returning_Visitor,True,False
5,58.28571429,1,685.25,177,2889.68,0.01,0.010759765,9.419346491,0.0,Nov,2,2,1,2,Returning_Visitor,False,False
3,134.09,1,68.59,46,1388.866667,0.01,0.03,3.73,0.03,May,2,4,3,2,Returning_Visitor,False,False
1,0.0,0,24.98,5,105.0,0.18,0.18,1.74,0.03,May,3,2,1,13,Returning_Visitor,False,False
0,70.22,0,0.0,18,1023.65,0.0,0.009259259,1.6,0.04,Mar,3,2,6,11,Returning_Visitor,False,False
2,62.08,0,25.02,17,3980.81,0.08,0.09,0.0,0.0,Oct,1,1,1,3,Returning_Visitor,False,False
0,0.0,0,16.14,1,308.95,0.2,0.2,0.0,0.06,Feb,1,1,1,3,Returning_Visitor,False,False
2,75.05,0,23.17,11,1840.46,0.0,0.011111111,1.55,0.03,Mar,2,2,1,4,Returning_Visitor,False,False
0,113.09,0,0.0,18,1050.25,0.01,0.028571429,0.0,0.02,Dec,2,2,2,2,Returning_Visitor,True,False
6,251.8666667,0,133.86,60,1936.92,0.005970149,0.02,7.0,0.02,May,2,2,2,4,Returning_Visitor,False,False
1,60.03,0,21.34,20,917.35,0.08,0.008333333,23.83323089,0.0,Mar,2,2,2,2,Returning_Visitor,True,True
1,116.62,0,49.35,7,422.56,0.0,0.016666667,2.42,0.4,May,4,1,3,2,Returning_Visitor,False,True
3,103.13,1,0.0,25,1949.647252,0.01,0.014405743,0.0,0.0,Dec,1,2,1,1,Returning_Visitor,False,False
2,76.26,0,0.0,11,261.75,0.02,0.026666667,0.0,0.03,Mar,2,2,1,2,Returning_Visitor,False,False
0,41.99,0,0.0,5,108.0,0.0,0.04,1.59,0.0,Mar,2,2,1,1,Returning_Visitor,False,False
0,0.0,0,24.25,19,465.6333333,0.01,0.026315789,2.45,0.04,Feb,1,1,1,2,Returning_Visitor,False,False
0,97.09,0,32.97,17,969.12,0.01,0.021875,3.89,0.04,Mar,2,2,1,2,Returning_Visitor,False,True
4,276.75,1,58.65,12,1045.07,0.01,0.02,0.0,0.0,Nov,2,2,9,2,New_Visitor,True,False
2,90.5,2,49.22,47,1354.3,0.022278912,0.044557823,4.14,0.02,Mar,2,2,8,1,Returning_Visitor,False,False
1,0.0,0,43.62,45,801.05,0.004444444,0.04,0.0,0.01,Dec,2,2,3,2,Returning_Visitor,False,False
1,0.0,0,27.89,8,1830.53,0.0,0.022222222,1.67,0.0,Oct,2,2,3,1,Returning_Visitor,False,False
0,0.0,0,0.0,5,622.64,0.03,0.05,0.0,0.0,Mar,1,2,3,10,Returning_Visitor,False,False
2,84.7,0,0.0,14,1623.88,0.005531915,0.03962766,0.0,0.02,Mar,2,2,2,1,Returning_Visitor,False,False
2,62.75,0,0.0,6,1864.76,0.09,0.07,1.72,0.0,Mar,1,1,1,2,Returning_Visitor,False,False
2,139.28,0,0.0,21,1414.83,0.0,0.03,0.0,0.0,Mar,2,2,2,2,New_Visitor,True,False
3,166.63,1,75.91,37,1645.76,0.01,0.02,6.86,0.15,Feb,5,13,9,2,Other,False,False
9,1261.916667,3,985.4190476,30,2738.26,0.01,0.022907353,0.0,0.02,May,2,2,3,2,Returning_Visitor,False,False
0,87.22,0,0.0,15,560.57,0.01,0.05,0.0,0.0,Mar,2,2,7,10,Returning_Visitor,False,False
1,0.0,0,23.98,12,1052.34,0.04,0.06,0.0,0.13,Oct,2,2,1,1,Returning_Visitor,False,False
1,0.0,0,0.0,13,400.8,0.04,0.120833333,0.0,0.11,Mar,2,2,2,3,Returning_Visitor,False,False
1,68.41,0,22.32,12,712.87,0.004545455,0.023982684,7.25975,0.03,Oct,2,2,2,2,Returning_Visitor,False,False
2,102.83,0,0.0,10,264.25,0.016666667,0.06,2.69,0.0,Mar,2,2,2,4,Returning_Visitor,False,True
2,106.5,0,28.74,12,1191.1,0.01,0.029166667,4.3,0.04,Mar,2,2,1,2,Returning_Visitor,False,False
1,50.82,0,21.01,3,75.0,0.11,0.13,2.15,0.03,Mar,2,2,1,1,Returning_Visitor,False,False
2,72.8,0,0.0,14,1694.75,0.020512821,0.031196581,0.0,0.03,Mar,2,2,3,1,Returning_Visitor,False,False
3,178.17,2,89.53,15,1598.75,0.019607843,0.02,11.84,0.24,May,2,2,6,4,Returning_Visitor,False,False
1,47.12,0,0.0,1,0.0,0.2,0.2,1.94,0.09,Mar,2,2,2,3,Returning_Visitor,False,False
12,217.6491228,0,72.07,34,1639.069361,0.02,0.031621722,5.287005762,0.0,Mar,2,2,1,2,Returning_Visitor,False,False
4,146.94,0,60.06,26,1702.81,0.015384615,0.03,3.54,0.03,Mar,2,2,2,2,Returning_Visitor,False,False
1,202.0,0,71.11,2,980.77,0.01,0.066666667,6.78,0.01,Mar,2,2,2,6,New_Visitor,False,False
4,270.77,1,134.18,37,2759.633333,0.027083333,0.038541667,8.24,0.0,Feb,3,2,1,2,Returning_Visitor,False,False
1,0.0,0,21.81,12,972.23,0.01,0.034042553,2.55,0.14,Oct,2,2,2,1,Returning_Visitor,False,True
1,43.46,0,0.0,9,934.42,0.05,0.11,0.0,0.01,Nov,2,2,1,1,Returning_Visitor,False,False
1,27.0,0,23.77,13,916.82,0.0,0.05,2.19,0.01,Nov,2,2,9,2,New_Visitor,True,True
1,72.13,0,0.0,7,1139.59,0.03,0.142857143,2.0,0.04,Mar,1,4,3,1,Returning_Visitor,False,False
1,54.81,0,0.0,10,1378.17,0.14,0.004166667,0.0,0.04,Mar,2,2,2,3,Returning_Visitor,False,False
1,58.7,0,27.39,12,52.66666667,0.02,0.05,3.81,0.01,Nov,2,2,2,2,Returning_Visitor,False,False
4,198.43,1,26.5,36,6001.171475,0.01,0.022010916,6.2,0.05,Feb,2,2,1,2,Returning_Visitor,False,True
9,183.3,2,34.0,45,2904.922294,0.02,0.03,4.75,0.0,Dec,1,2,1,2,Returning_Visitor,False,False
2,121.09,0,0.0,29,1237.57,0.01,0.000892857,0.0,0.0,May,2,2,8,8,New_Visitor,False,False
2,78.0,0,29.13,20,831.93,0.02,0.03,1.73,0.03,Aug,1,1,4,2,Returning_Visitor,False,False
6,194.4166667,2,20.0,30,1623.11,0.01,0.01,9.64,0.0,May,3,2,1,4,Returning_Visitor,False,False
0,174.22,0,77.22,24,3382.083333,0.01,0.01,0.0,0.43,May,2,2,2,4,Returning_Visitor,False,False
1,62.51,0,0.0,6,2354.21,0.02,0.033333333,0.0,0.6,May,2,2,1,13,Returning_Visitor,False,False
9,207.81,1,0.0,28,716.95,0.02,0.017346939,5.24,0.01,Oct,2,2,3,2,New_Visitor,False,False
3,176.86,1,64.43,28,1636.76,0.015555556,0.015740741,111.5113802,0.0,Feb,1,1,1,2,Returning_Visitor,True,False
1,12.0,0,53.69,21,2004.5,0.028571429,0.05,4.33,0.01,Mar,2,1,6,1,Returning_Visitor,True,False
0,43.74,0,25.8,13,845.5,0.06,0.08,1.79,0.1,Mar,4,2,1,4,Returning_Visitor,True,False
1,29.44,0,29.7,11,0.0,0.2,0.2,1.63,0.13,Mar,3,3,4,3,Returning_Visitor,False,False
2,0.0,0,0.0,15,927.8,0.01,0.019047619,0.0,0.02,Mar,2,2,1,2,New_Visitor,False,False
3,92.2,0,43.46,15,573.24,0.01,0.004353234,1.97,0.14,May,4,2,3,4,Returning_Visitor,False,True
4,115.83,0,59.11,62,4402.25,0.02,0.03,246.7585902,0.11,Mar,3,2,3,2,New_Visitor,False,False
1,44.52,0,19.19,9,959.14,0.09,0.11,1.45,0.0,Mar,1,1,1,1,Returning_Visitor,False,False
1,74.68,0,31.39,7,747.35,0.028571429,0.04,3.22,0.34,May,1,1,2,4,Returning_Visitor,False,False
2,70.12,0,28.82,23,8195.76,0.17,0.15,1.96,0.03,Oct,1,1,1,4,Returning_Visitor,False,False
5,147.01,0,0.0,41,2265.06,0.01,0.033333333,0.0,0.0,Oct,2,2,1,2,Returning_Visitor,True,False
2,18.0,1,0.0,2,1286.16,0.01,0.05,5.25,0.0,Feb,5,13,9,1,Other,False,False
3,9.166666667,2,24.0,38,5426.022078,0.01287478,0.02,3.54,0.0,May,2,2,6,13,Returning_Visitor,False,False
1,44.72,0,0.0,9,1306.7,0.07,0.08,0.0,0.04,Mar,2,2,1,1,Returning_Visitor,False,False
0,54.18,0,0.0,16,2718.68,0.12,0.08,1.8,0.2,May,1,1,2,4,Returning_Visitor,False,False
1,0.0,0,0.0,15,753.71,0.018181818,0.063636364,7.78,0.0,Dec,3,2,2,2,Returning_Visitor,False,False
9,206.0,3,105.21,40,2445.63,0.02,0.03,2.87,0.0,Oct,2,2,1,1,Returning_Visitor,False,False
1,49.8,0,20.72,41,1494.34,0.13,0.15,5.850665427,0.04,Mar,2,2,2,3,Returning_Visitor,False,False
2,0.0,1,54.22,18,604.06,0.02,0.04,4.9,0.0,Mar,2,2,2,2,Returning_Visitor,False,False
2,0.0,0,0.0,11,571.5,0.041666667,0.05,0.0,0.71,May,7,1,6,3,Returning_Visitor,False,False
2,96.35,0,0.0,23,2008.9,0.02,0.03,3.88,0.03,Feb,2,10,1,1,Returning_Visitor,False,False
1,65.87,0,25.44,14,845.8333333,0.02,0.012765957,2.04,0.06,May,2,2,1,3,Returning_Visitor,False,True
4,277.8,1,0.0,28,1320.09,0.01,0.003571429,4.77,0.0,Oct,2,2,2,2,New_Visitor,True,True
4,211.05,0,97.83,17,1209.0,0.01,0.02,29.61151281,0.01,Aug,2,2,1,3,Returning_Visitor,False,True
0,0.0,0,45.5,11,829.96,0.005932203,0.02,1.91,0.03,Mar,1,1,9,2,Returning_Visitor,True,False
1,48.0,0,29.81,19,1150.54,0.01,0.070588235,2.45,0.15,May,2,2,1,2,Returning_Visitor,False,False
1,0.0,0,20.21,34,1383.55,0.15,0.17,1.52,0.03,Mar,2,2,2,4,Returning_Visitor,False,False
0,52.51,0,27.54,10,484.15,0.2,0.2,3.18,0.01,Dec,2,2,8,3,Returning_Visitor,False,False
0,0.0,0,0.0,10,686.4,0.014814815,0.04,0.0,0.0,May,3,2,2,3,Returning_Visitor,False,False
0,0.0,0,59.51,8,874.07,0.0,0.0625,3.41,0.06,Mar,2,10,4,1,Returning_Visitor,False,False
4,93.21,0,49.1,22,1795.38,0.01,0.007407407,1.9,0.03,May,2,2,3,5,New_Visitor,False,True
1,0.0,0,24.4,24,671.0886525,0.01,0.04,0.0,0.0,Nov,2,2,3,2,Returning_Visitor,False,False
2,86.23,0,54.15,24,1093.82,0.02,0.01953125,7.19,0.03,Mar,2,2,1,2,Returning_Visitor,False,False
1,47.24,0,19.0,9,433.98,0.05,0.1,2.19,0.0,Dec,2,2,7,10,Returning_Visitor,False,False
0,48.0,0,0.0,10,467.0,0.0,0.05,0.0,0.1,Feb,1,1,1,3,Returning_Visitor,True,False
2,77.23,0,36.82,35,573.0,0.0,0.02,3.67,0.03,May,2,2,1,4,Returning_Visitor,False,False
2,97.58,0,53.65,50,1854.95,0.0,0.010160428,13.60512012,0.0,Oct,2,2,3,2,Returning_Visitor,False,True
2,94.49,0,243.0,17,681.6190476,0.01,0.011794872,28.29538462,0.11,May,2,2,1,2,Returning_Visitor,False,True
1,121.16,0,71.85,37,819.27,0.01,0.02,50.07598981,0.0,Mar,2,5,3,10,Returning_Visitor,True,True
2,125.26,2,43.36,25,612.8194444,0.015018315,0.04,6.76,0.01,Feb,2,2,3,2,Returning_Visitor,True,True
6,1013.886667,1,185.06,90,2712.93,0.02,0.02,13.86451214,0.01,Sep,1,2,1,2,Returning_Visitor,True,False
0,35.5,0,24.76,10,331.28,0.2,0.2,2.17,0.24,Feb,3,2,1,3,Returning_Visitor,False,False
2,71.65,0,0.0,35,1795.925,0.01,0.01,2.61,0.0,May,2,2,1,3,Returning_Visitor,False,False
1,52.04,0,20.98,1,1164.56,0.02,0.04,0.0,0.0,May,2,2,1,1,Returning_Visitor,False,False
9,323.55,0,79.03,29,797.82,0.01,0.02,0.0,0.04,May,2,2,2,4,Returning_Visitor,False,False
4,156.67,3,101.59,40,1513.6,0.010731707,0.01,0.0,0.0,Oct,3,2,4,1,Returning_Visitor,False,False
0,0.0,0,54.46,17,926.78,0.01,0.01,63.45892077,0.04,May,2,2,3,4,Returning_Visitor,False,True
1,31.0,0,34.05,20,1531.35,0.08,0.1,0.0,0.8,May,2,2,2,1,Returning_Visitor,False,False
2,108.67,0,0.0,12,279.3333333,0.01,0.025,0.0,0.02,Mar,2,2,1,2,New_Visitor,False,False
1,78.76,0,22.24,7,570.5,0.01,0.028571429,0.0,0.03,Mar,2,2,2,2,Returning_Visitor,False,False
5,292.48,6,171.26,64,2039.0,0.02,0.03,25.38925926,0.01,Oct,2,2,1,2,Returning_Visitor,False,True
1,35.69,0,0.0,10,42.0,0.06,0.09,0.0,0.03,Mar,2,2,2,1,Returning_Visitor,False,False
6,265.4,1,72.72,6,2229.51,0.0,0.02,0.0,0.08,Nov,1,1,7,3,Returning_Visitor,False,False
1,51.62,0,0.0,5,1527.47,0.14,0.16,1.48,0.03,Mar,2,2,2,3,Returning_Visitor,False,False
1,0.0,0,30.7,15,0.0,0.2,0.2,1.63,0.04,Mar,2,4,1,1,Returning_Visitor,False,False
1,0.0,0,0.0,7,841.78,0.04,0.05,2.84,0.0,Mar,2,2,2,1,Returning_Visitor,False,False
1,38.89,0,24.69,17,943.88,0.04,0.07,1.85,0.02,Mar,2,2,1,1,Returning_Visitor,False,False
0,42.6,0,0.0,9,770.57,0.07,0.19,1.95,0.0,Dec,2,2,1,2,Returning_Visitor,False,False
2,89.62,0,0.0,12,931.58,0.002472799,0.03,0.0,0.01,Mar,2,2,2,2,Returning_Visitor,False,False
6,116.57,0,48.59,22,1261.01,0.0,0.02,0.0,0.02,Oct,2,2,3,8,New_Visitor,False,False
0,0.0,0,49.65,25,1475.366667,0.010638298,0.03,2.35,0.0,May,1,1,4,1,Returning_Visitor,False,False
0,147.77,1,97.16666667,42,3466.794048,0.018431373,0.02,5.64,0.0,May,2,2,1,1,Returning_Visitor,False,False
4,95.31,0,67.99,3,2712.94,0.0,0.02,0.0,0.07,May,3,2,9,5,New_Visitor,False,False
1,49.62,0,0.0,14,1450.6,0.001449275,0.03,2.59,0.01,Nov,2,2,9,2,Returning_Visitor,True,True
1,0.0,0,0.0,7,1065.38,0.0,0.04,0.0,0.0,Nov,2,2,2,1,Returning_Visitor,False,False
0,0.0,0,37.16,24,1164.11,0.01,0.04,2.29,0.02,Mar,2,2,1,1,Returning_Visitor,False,False
0,0.0,0,27.92,10,441.94,0.03,0.06,0.0,0.01,Dec,2,4,1,2,New_Visitor,False,False
0,112.83,1,56.0,23,1288.563333,0.01,0.04,3.36,0.0,May,2,2,3,4,Returning_Visitor,False,False
4,35.0,0,55.49,22,792.47,0.01,0.02,3.23,0.08,May,2,2,1,3,New_Visitor,False,False
0,62.81,0,21.32,8,1409.89,0.15,0.17,0.0,0.04,Mar,2,2,2,3,Returning_Visitor,False,False
1,89.34,0,0.0,24,1270.166667,0.01,0.017391304,2.75,0.02,Oct,2,2,1,6,New_Visitor,False,False
2,0.0,0,27.84,19,7243.98,0.1,0.09,3.58,0.03,Oct,1,1,1,3,Returning_Visitor,False,False
5,46.95833333,0,0.0,28,585.8,0.01,0.01,0.0,0.0,Nov,2,2,1,2,Returning_Visitor,True,False
2,87.65,1,58.93,5,984.88,0.01,0.06,0.0,0.01,Dec,8,9,9,20,Other,False,False
4,102.2,0,78.65,40,1090.0,0.01,0.014634146,0.0,0.07,May,3,7,1,3,Returning_Visitor,False,False
1,57.29,0,0.0,9,749.23,0.0,0.03,0.0,0.0,May,2,2,1,4,Returning_Visitor,False,False
0,42.33,0,19.43,8,618.75,0.13,0.1,0.0,0.03,Mar,2,2,9,2,Returning_Visitor,False,False
4,48.0,0,47.31,20,11.0,0.01,0.008,0.0,0.01,Mar,2,2,3,7,Returning_Visitor,False,False
2,55.92,0,39.17,14,510.0,0.03,0.035714286,1.45,1.0,May,2,2,2,4,Returning_Visitor,False,False
2,75.05,0,41.03,24,1672.26,0.019711538,0.03900641,4.484328486,0.04,Mar,2,2,1,2,Returning_Visitor,True,False
0,58.16,0,0.0,10,1287.13,0.011764706,0.023529412,0.0,0.2,May,2,2,2,1,Returning_Visitor,False,False
3,108.21,0,47.22,6,32.2,0.085714286,0.1,0.0,0.14,June,1,1,1,3,Returning_Visitor,False,False
0,106.42,0,0.0,25,520.0,0.0,0.04,7.39,0.01,Nov,2,2,3,1,Returning_Visitor,False,True
0,0.0,0,29.15,23,406.0,0.01,0.05942029,0.0,0.2,May,2,2,2,1,Returning_Visitor,False,False
1,58.23,0,46.36,2,710.82,0.02,0.1,0.0,0.0,Dec,1,2,2,1,Returning_Visitor,False,False
0,0.0,0,18.6,19,232.5666667,0.0,0.05,1.7,0.05,Mar,2,2,1,1,Returning_Visitor,False,False
1,73.16,0,44.83,15,960.58,0.0,0.02,0.0,0.0,Mar,2,2,1,2,Returning_Visitor,False,False
1,0.0,0,41.71,17,594.87,0.02,0.03,0.0,0.02,Mar,2,2,1,1,Returning_Visitor,False,False
2,72.09,0,34.0,17,1682.56,0.0,0.05,4.8,0.0,Mar,1,1,9,1,Returning_Visitor,True,False
3,0.0,0,77.65,26,1312.333333,0.02,0.04,2.85,0.01,Nov,3,2,1,13,Returning_Visitor,False,False
3,197.0,1,25.0,24,874.15,0.0,0.01,19.92584938,0.0,May,4,2,2,2,New_Visitor,True,False
1,69.8,0,28.17,12,1145.87,0.02,0.009090909,2.61,0.02,May,2,2,8,6,Returning_Visitor,False,True
5,117.16,0,0.0,24,2174.375,0.01,0.02,27.07791667,0.01,Mar,2,2,1,2,Returning_Visitor,False,False
1,31.42,0,19.66,10,698.18,0.08,0.11,0.0,0.07,Mar,3,2,1,3,Returning_Visitor,False,False
2,88.75,0,56.49,24,1287.29,0.001481481,0.02,27.97632918,0.01,Nov,2,2,1,2,Returning_Visitor,False,False
0,0.0,0,29.21,6,777.72,0.01,0.033333333,0.0,0.08,Mar,2,5,2,3,Returning_Visitor,False,False
1,55.24,0,0.0,17,752.93,0.02,0.1,0.0,0.08,May,2,2,3,4,Returning_Visitor,False,False
1,0.0,0,0.0,22,366.75,0.018181818,0.04,2.5,0.05,Mar,2,2,2,1,Returning_Visitor,False,False
1,0.0,0,0.0,11,851.98,0.0,0.03,0.0,0.01,Nov,2,2,1,2,Returning_Visitor,False,False
1,19.66666667,0,0.0,14,1269.51,0.01,0.03,2.11,0.0,Oct,3,2,3,9,Returning_Visitor,False,False
6,247.56,0,157.96,96,1231.79046,0.00212766,0.02,0.0,0.0,Oct,2,4,7,1,Returning_Visitor,False,False
0,70.89,0,0.0,19,377.5,0.01,0.06,0.0,0.0,Mar,2,2,2,2,Returning_Visitor,True,False
2,146.73,1,74.6,22,722.94,0.0,0.02,0.0,0.0,Jul,1,1,9,2,New_Visitor,False,False
1,0.0,0,20.96,6,185.0,0.0,0.1,0.0,0.0,Mar,1,1,3,4,Returning_Visitor,False,False
1,74.14,0,31.56,16,569.1190476,0.0,0.04,0.0,0.09,May,2,2,2,2,Returning_Visitor,False,False
1,36.34,0,0.0,11,1342.71,0.02,0.057142857,0.0,0.05,Mar,2,2,1,1,Returning_Visitor,False,False
1,48.22,1,26.7,12,797.74,0.01,0.056333333,2.06,0.01,Sep,3,2,7,13,Returning_Visitor,False,False
0,93.75,0,42.18,2,1142.5,0.02,0.08,3.96,0.11,May,2,2,9,2,Returning_Visitor,False,False
1,43.0,0,26.97,12,391.85,0.02,0.046984127,1.75,0.15,May,2,2,1,3,Returning_Visitor,False,False
2,194.2916667,1,63.35,23,1146.14,0.01,0.020454545,41.67776195,0.01,Dec,3,2,7,2,Returning_Visitor,True,False
6,107.3666667,0,0.0,27,151.3,0.005555556,0.02,0.0,0.0,Nov,2,2,1,3,Returning_Visitor,False,False
1,43.69,0,28.99,19,602.9166667,0.2,0.19,0.0,0.1,Feb,3,2,1,13,Returning_Visitor,False,False
1,0.0,0,31.32,12,445.16,0.01,0.04,2.73,0.01,Mar,2,2,3,2,Returning_Visitor,False,False
0,46.19,0,30.23,6,889.18,0.01,0.058333333,0.0,0.59,May,2,2,6,3,Returning_Visitor,False,False
0,40.12,0,22.66,2,552.0,0.04,0.07,0.0,0.0,Dec,3,2,2,1,Returning_Visitor,False,False
4,94.36,0,28.04,17,1525.61,0.0125,0.015625,1.91,0.0,Oct,1,1,3,2,New_Visitor,True,False
7,228.72,1,124.53,53,2846.295305,0.010344828,0.02,6.41,0.01,Jul,2,2,1,1,Returning_Visitor,False,False
2,27.4,0,33.49,13,51.2,0.01,0.005,0.0,0.0,Aug,1,2,9,2,New_Visitor,False,True
3,32.1,0,53.86,17,21.1,0.0,0.02,0.0,0.0,June,3,4,6,4,New_Visitor,False,False
2,29.5,0,43.97,22,1349.08,0.008,0.016,3.31,0.01,Nov,1,2,9,2,Returning_Visitor,True,True
1,61.76,0,26.16,10,219.0,0.02,0.066666667,3.82,0.46,May,2,2,1,3,Returning_Visitor,False,True
1,28.2,0,21.78,13,608.2166667,0.03,0.06,0.0,0.08,Oct,2,2,1,1,Returning_Visitor,False,False
4,91.19,0,34.72,18,1201.54,0.04,0.1,10.58098677,0.0,Nov,3,4,1,8,Returning_Visitor,False,True
1,8.0,0,20.83,10,1045.62,0.015892388,0.04,24.28901413,0.03,Mar,1,1,1,2,Returning_Visitor,False,True
0,0.0,0,27.57,13,0.0,0.2,0.2,0.0,0.67,May,3,2,1,7,Returning_Visitor,False,False
3,118.6,1,48.03,23,2767.753333,0.01,0.015,0.0,0.03,Feb,2,2,1,2,Returning_Visitor,False,False
2,107.79,0,0.0,11,1097.28,0.0,0.011111111,4.87,0.02,Aug,2,2,1,4,New_Visitor,True,True
0,0.0,0,35.1,15,392.73,0.03,0.1,0.0,0.18,Mar,2,6,1,1,Returning_Visitor,False,False
0,55.83,0,24.73,14,1113.52,0.04,0.06,1.81,0.05,Oct,2,2,1,1,Returning_Visitor,False,False
0,92.73,0,31.37,7,1132.67,0.0,0.04,3.44,0.15,May,3,2,9,6,Returning_Visitor,False,False
0,0.0,0,0.0,23,464.6666667,0.0,0.07,0.0,0.6,May,3,2,1,3,Returning_Visitor,False,False
2,83.5,0,0.0,10,640.875,0.01,0.011111111,4.27,0.02,Mar,2,2,2,2,New_Visitor,False,True
1,0.0,0,28.48,16,392.1428571,0.00625,0.04,3.89,0.0,Mar,2,2,3,1,Returning_Visitor,False,False
1,52.63,0,30.19,13,683.3,0.028571429,0.089285714,1.55,0.06,Feb,2,2,3,1,Returning_Visitor,False,False
2,0.0,0,38.04,6,12267.74,0.06,0.05,1.95,0.04,Aug,1,1,1,5,New_Visitor,False,False
2,83.16,0,47.5,17,1016.77,0.19,0.2,2.46,0.34,Dec,3,2,6,1,Returning_Visitor,False,False
1,54.17,0,22.18,10,731.79,0.0,0.04,0.0,0.05,May,2,2,4,1,Returning_Visitor,False,False
5,185.66,0,58.17,21,794.7131148,0.02,0.056528671,2.52,0.06,Oct,2,2,3,1,Returning_Visitor,False,False
2,40.8,0,42.63,18,997.48,0.004444444,0.024107744,5.68,0.01,Sep,2,2,1,2,New_Visitor,False,False
11,180.44,0,186.11,56,1728.25,0.006666667,0.02,22.42576795,0.03,Mar,2,2,1,2,Returning_Visitor,False,True
1,47.07,0,19.63,9,948.65,0.06,0.09,0.0,0.1,Feb,2,6,1,1,Returning_Visitor,False,False
1,33.98,0,37.19,12,631.73,0.2,0.2,2.66,0.0,Feb,4,2,1,3,Returning_Visitor,False,False
0,0.0,0,33.95,12,549.74,0.2,0.2,0.0,0.0,Dec,2,4,9,20,Returning_Visitor,False,False
2,0.0,0,38.62,20,849.8833333,0.012698413,0.02,2.3,0.0,Oct,1,1,1,2,Returning_Visitor,False,False
1,5.0,0,25.23,15,1593.06,0.02,0.06875,1.74,0.09,Oct,2,2,2,1,Returning_Visitor,False,False
1,89.64,0,27.56,12,744.08,0.0,0.033333333,0.0,0.11,Sep,1,6,7,1,Returning_Visitor,False,False
1,43.23,0,0.0,14,1535.22,0.03,0.023728814,23.87629104,0.0,May,2,2,4,13,Returning_Visitor,False,True
1,63.72,0,0.0,14,770.0285714,0.0112,0.034933333,2.2,0.02,Mar,2,2,8,2,Returning_Visitor,False,False
0,0.0,0,37.61,22,1294.7,0.02,0.045833333,2.14,0.0,Oct,2,2,1,1,Returning_Visitor,False,False
0,0.0,0,0.0,17,661.88,0.02,0.05,5.09,0.04,May,2,2,5,2,Returning_Visitor,False,False
1,0.0,0,36.58,9,1380.9,0.088888889,0.05,2.08,0.0,Nov,2,2,2,1,Returning_Visitor,False,False
5,248.99,1,212.38,57,2366.44,0.028571429,0.057142857,56.57877343,0.0,Nov,2,2,1,1,Returning_Visitor,False,True
1,51.0,0,29.32,23,902.25,0.02,0.03,0.0,0.0,May,2,2,1,4,Returning_Visitor,False,False
3,177.37,1,73.62,30,1107.02,0.008333333,0.03,5.23,0.0,Mar,2,2,6,1,Returning_Visitor,False,False
0,72.0,0,35.03,15,969.96,0.01,0.052941176,1.99,0.0,Jul,2,2,1,2,Returning_Visitor,False,False
1,0.0,0,53.67,3,498.24,0.03,0.04,0.0,0.3,May,3,2,3,2,Returning_Visitor,True,False
1,62.66,0,24.52,12,900.43,0.03,0.05,2.85,0.13,May,3,2,6,7,Returning_Visitor,True,False
4,1715.0,1,0.0,20,1348.34,0.01,0.002898551,0.0,0.0,Nov,1,1,1,8,New_Visitor,False,False
3,94.04,0,47.12,27,1780.74,0.01,0.01,2.49,0.07,Oct,2,5,1,2,Returning_Visitor,False,False
2,84.0,0,0.0,26,709.14,0.01,0.02,0.0,0.16,Oct,3,2,1,3,New_Visitor,False,False
0,0.0,0,0.0,11,637.24,0.0125,0.04,0.0,0.01,Oct,2,1,3,2,Returning_Visitor,True,False
1,38.59,0,0.0,9,1859.92,0.0,0.04,0.0,0.0,Mar,3,2,6,1,Returning_Visitor,False,False
3,110.25,0,49.82,37,4155.746883,0.01,0.01343784,2.07,0.04,Oct,2,2,1,2,Returning_Visitor,False,True
0,49.08,0,0.0,6,224.0,0.1,0.1,2.4,0.0,Mar,4,1,2,3,Returning_Visitor,False,False
2,82.6,1,0.0,25,243.4666667,0.016,0.02,0.0,0.01,Aug,2,2,2,6,New_Visitor,False,False
2,0.0,0,0.0,20,1510.383333,0.01,0.02,1.72,0.0,Oct,2,2,1,1,Returning_Visitor,False,False
0,0.0,0,33.29,6,903.3571429,0.01,0.054385965,1.9,0.0,Dec,3,3,9,2,Returning_Visitor,False,False
2,108.68,1,51.71,17,778.07,0.01,0.013333333,0.0,0.0,Nov,2,2,1,2,New_Visitor,False,False
8,130.7,0,117.52,33,87.5,0.01,0.022222222,0.0,0.01,Nov,2,2,1,3,New_Visitor,False,False
9,243.99,2,201.73,59,2781.75,0.01,0.030961792,8.45,0.0,Dec,2,2,1,2,Returning_Visitor,False,False
3,172.34,1,123.2,45,267.3,0.01,0.02,0.0,0.01,Nov,2,2,1,2,Returning_Visitor,False,False
0,0.0,0,0.0,15,779.04,0.01,0.017777778,19.54,0.0,Dec,3,2,7,10,Returning_Visitor,False,False
3,0.0,0,66.61,36,1081.08,0.01,0.02,6.44,0.62,May,2,2,1,13,Returning_Visitor,False,False
3,89.75,2,16.0,36,1751.847727,0.01,0.03,5.17,0.01,Nov,2,2,7,1,Returning_Visitor,False,False
6,124.2,1,74.43,5,1382.56,0.01,0.022222222,3.62,0.01,Nov,1,2,2,2,New_Visitor,True,True
4,255.12,1,76.88,25,1332.46,0.01,0.01,4.6,0.26,May,1,1,6,4,Returning_Visitor,False,False
5,190.23,1,101.4,37,240.6,0.035294118,0.04,0.0,0.01,Jul,3,2,6,13,Returning_Visitor,False,False
3,199.75,0,63.96,31,331.4,0.0,0.02,1.63,0.04,Mar,3,2,1,4,Returning_Visitor,False,False
1,0.0,0,0.0,7,0.0,0.01,0.02,2.27,0.04,May,1,1,4,4,Returning_Visitor,True,False
3,131.63,0,0.0,69,653.2777778,0.014705882,0.01,0.0,0.04,May,2,4,7,1,Returning_Visitor,False,False
1,0.0,0,0.0,12,413.0,0.01,0.02,0.0,0.01,Sep,1,2,4,2,New_Visitor,False,False
1,54.35,0,21.31,9,1145.84,0.15,0.16,0.0,0.0,Mar,2,2,2,3,Returning_Visitor,False,False
6,390.29,1,250.52,187,3556.67,0.02,0.011118588,5.98,0.04,May,2,2,2,2,Returning_Visitor,False,False
0,0.0,0,27.54,16,965.26,0.02,0.03,4.66,0.09,Sep,2,2,1,2,Returning_Visitor,False,False
1,51.6,0,0.0,10,1099.57,0.05,0.08,3.29,0.23,May,2,2,2,3,Returning_Visitor,False,False
4,80.0,1,63.18,33,11945.62954,0.02,0.017527555,3.29,0.02,Feb,2,2,1,2,Returning_Visitor,False,True
2,126.61,0,0.0,20,1302.518056,0.03,0.05,5.41,0.15,May,3,2,4,4,Returning_Visitor,False,True
3,104.2,1,77.58,34,3025.058333,0.01,0.04,4.33,0.0,Nov,2,2,1,2,Returning_Visitor,True,False
2,105.28,0,32.83,7,381.5,0.0,0.025,3.82,0.0,Mar,2,2,3,2,Returning_Visitor,False,False
4,170.5,3,161.5,50,2029.68,0.003601695,0.02,10.18,0.0,Oct,2,2,1,2,Returning_Visitor,False,False
4,191.91,1,58.51,25,1225.87,0.01,0.015384615,7.95,0.04,Oct,2,2,3,2,Returning_Visitor,False,True
1,77.19,0,0.0,17,57.0,0.01,0.025,4.68,0.05,May,2,2,6,1,Returning_Visitor,False,False
10,298.581761,1,146.15,61,2775.35,0.008398675,0.02,0.0,0.01,Nov,2,2,1,2,Returning_Visitor,False,False
3,97.4,0,62.59,23,2735.728571,0.01,0.03,8.631719512,0.05,Mar,2,5,3,7,Returning_Visitor,True,True
1,52.0,0,21.24,12,673.6380952,0.09,0.11,2.18,0.03,Mar,2,2,1,1,Returning_Visitor,False,False
0,64.41,0,0.0,15,1267.7,0.0,0.04,2.66,0.0,Mar,1,8,3,1,Returning_Visitor,True,True
2,23.0,0,0.0,15,1407.35,0.008070175,0.014967419,1.71,0.06,Oct,2,2,1,3,Returning_Visitor,False,False
3,124.0,0,64.16,39,1610.35,0.0,0.02,0.0,0.0,Oct,2,2,1,2,Returning_Visitor,False,False
1,4.0,0,0.0,4,67.25,0.08,0.19,0.0,0.0,Dec,2,2,2,2,Returning_Visitor,False,False
1,44.41,0,36.5,8,1170.42,0.07,0.08,0.0,0.04,Mar,2,2,4,1,Returning_Visitor,False,False
1,0.0,0,31.35,1,682.16,0.04,0.14,0.0,0.01,Dec,2,2,2,2,Returning_Visitor,False,False
0,0.0,0,23.54,8,1049.98,0.01,0.029166667,1.49,0.0,Mar,2,2,1,2,Returning_Visitor,False,False
0,43.26,0,33.79,21,2742.62,0.17,0.16,0.0,0.1,May,1,1,1,3,Returning_Visitor,False,False
12,975.6466667,4,294.9,68,2822.623603,0.02,0.03,0.0,0.05,May,2,2,3,2,Returning_Visitor,False,False
13,378.93,6,260.42,152,3873.98,0.011594203,0.02,0.0,0.01,Nov,2,2,1,2,Returning_Visitor,False,True
1,38.0,0,0.0,12,880.31,0.0,0.04,0.0,0.01,Nov,2,2,9,2,Returning_Visitor,False,False
4,118.91,1,0.0,38,1429.875,0.0,0.022807018,5.13,0.01,Nov,2,2,1,2,Returning_Visitor,False,True
2,222.8166667,0,0.0,24,1032.75,0.0,0.02,16.98117776,0.01,Nov,2,2,1,2,Returning_Visitor,False,False
3,100.16,0,0.0,61,1669.988095,0.01,0.02,2.34,0.0,Mar,2,2,3,2,Returning_Visitor,False,False
1,55.27,0,37.73,4,1695.89,0.1,0.125,3.69,0.0,Mar,2,2,2,1,Returning_Visitor,False,False
11,237.37,1,118.96,66,2199.9,0.0,0.016296296,0.0,0.01,Sep,1,2,2,5,Returning_Visitor,False,False
1,36.92,0,20.07,12,3957.37,0.14,0.1,1.7,0.0,Mar,1,1,1,1,Returning_Visitor,False,False
2,34.0,0,0.0,27,2241.002381,0.002439024,0.007012195,0.0,0.01,Mar,2,2,3,1,Returning_Visitor,False,False
0,39.96,0,31.39,6,72.0,0.14,0.17,1.36,0.8,May,3,2,2,3,Returning_Visitor,False,False
1,21.0,0,0.0,11,947.9,0.03,0.06,2.2,0.01,Nov,2,2,9,2,Returning_Visitor,True,False
0,0.0,0,0.0,19,853.23,0.0,0.02,0.0,0.01,Mar,3,2,1,1,Returning_Visitor,False,False
2,100.86,0,59.25,28,2054.114286,0.0,0.03,5.789028571,0.08,May,2,2,9,3,Returning_Visitor,False,False
2,133.18,1,58.37,23,971.42,0.0,0.033333333,3.54,0.06,May,2,2,1,4,Returning_Visitor,False,False
1,50.84,0,0.0,24,8378.33,0.2,0.19,3.16,0.04,Nov,2,2,1,13,Returning_Visitor,False,False
1,0.0,0,0.0,14,1106.99,0.002777778,0.04,0.0,0.01,Nov,1,2,9,2,Returning_Visitor,False,False
2,0.0,0,68.35,65,1269.03,0.01,0.01,3.89,0.0,Nov,2,2,1,2,Returning_Visitor,False,False
3,0.0,0,0.0,20,2669.28,0.0,0.024242424,4.73,0.03,Oct,1,1,6,1,Returning_Visitor,False,False
0,40.49,0,0.0,13,734.95,0.01,0.028571429,2.18,0.01,Mar,2,2,1,1,Returning_Visitor,False,True
1,64.16,0,34.21,15,1090.03,0.01,0.022,0.0,0.01,Oct,2,2,1,2,Returning_Visitor,False,False
8,1764.0,1,200.25,66,2283.13,0.01,0.02,3.44,0.0,Aug,3,2,9,5,New_Visitor,False,False
0,0.0,0,0.0,11,1670.63,0.0,0.09,2.0,0.0,Mar,1,2,2,4,Returning_Visitor,False,False
2,0.0,0,59.01,35,1223.56,0.005714286,0.024285714,14.28,0.07,May,2,2,6,2,Returning_Visitor,False,True
8,353.7,2,275.68,63,2108.22,0.01,0.01,6.16,0.01,Nov,1,2,6,3,Returning_Visitor,False,True
1,0.0,0,21.31,11,1242.47,0.11,0.11,2.13,0.0,Mar,2,2,2,1,Returning_Visitor,False,False
4,139.18,1,107.41,47,6449.457197,0.01,0.031510604,5.391767492,0.04,May,2,2,9,2,Returning_Visitor,False,True
2,99.48,0,0.0,21,1519.41,0.0,0.03,19.31425101,0.02,Oct,2,4,1,4,Returning_Visitor,False,True
0,0.0,0,0.0,8,861.3,0.0875,0.11,1.43,0.2,Feb,2,2,2,3,Returning_Visitor,False,False
9,303.97,1,271.69,109,1319.71,0.01,0.01,48.73081038,0.04,Oct,4,1,3,6,Returning_Visitor,False,True
1,83.5,1,125.5,14,669.35,0.01,0.03,10.17,0.0,Dec,2,2,5,2,Returning_Visitor,False,False
1,89.98,1,26.0,41,858.98,0.049481481,0.06,7.49,0.41,May,3,2,2,4,Returning_Visitor,True,False
2,39.0,0,53.94,6,1180.5,0.0,0.03,6.28,0.02,May,2,2,1,1,Returning_Visitor,False,False
4,188.85,1,56.63,22,1550.06,0.00952381,0.012698413,0.0,0.0,Oct,2,2,1,2,New_Visitor,True,False
10,821.0754098,2,278.34,81,3484.64,0.0,0.010717178,10.77,0.0,Oct,2,2,1,2,Returning_Visitor,False,False
0,0.0,0,0.0,3,916.14,0.03,0.05,1.67,0.0,Oct,2,2,3,6,New_Visitor,False,False
0,33.99,0,25.43,14,0.0,0.2,0.2,0.0,0.06,Mar,2,2,1,1,Returning_Visitor,False,False
2,87.0,0,0.0,38,1326.25,0.01,0.02,7.153421053,0.0,May,2,2,2,4,Returning_Visitor,False,True
1,49.28,0,44.09,10,0.0,0.2,0.2,0.0,0.29,Feb,1,4,3,1,Returning_Visitor,False,False
3,101.32,1,36.62,21,1315.44,0.0,0.02,3.96,0.01,Oct,2,2,3,2,Returning_Visitor,False,False
5,296.35,4,758.5,81,3693.86,0.02,0.020266667,5.57,0.01,Dec,2,2,1,2,Returning_Visitor,True,False
0,0.0,0,0.0,13,510.43,0.2,0.2,0.0,0.69,May,2,4,9,1,Returning_Visitor,False,False
6,114.9,0,0.0,21,1196.25,0.007843137,0.018954248,2.04,0.01,Mar,2,2,3,13,Returning_Visitor,True,False
3,74.6,0,43.87,16,771.08,0.01,0.036666667,3.23,0.0,May,2,2,1,4,Returning_Visitor,False,False
2,0.0,0,36.68,20,1301.39,0.0,0.066666667,0.0,0.0,Oct,2,2,1,2,Returning_Visitor,True,False
2,76.86,0,29.5,23,935.67,0.01,0.02,2.84,0.04,Feb,2,2,1,2,Returning_Visitor,False,False
3,114.93,0,27.02,14,1642.34,0.03,0.022857143,0.0,0.0,Mar,2,2,1,2,Returning_Visitor,True,False
0,78.79,0,58.74,24,1150.96,0.01,0.02,0.0,0.1,May,2,10,1,1,Returning_Visitor,False,False
1,88.68,2,34.57,20,736.67,0.01,0.03,2.0,0.02,Oct,1,1,3,2,New_Visitor,False,False
0,116.67,1,273.0,42,1871.78,0.0,0.02,3.67,0.0,Dec,2,2,1,2,Returning_Visitor,False,True
16,333.05,2,296.69,147,4123.956674,0.003797468,0.03,14.59,0.0,Nov,2,2,1,2,Returning_Visitor,False,True
1,40.29,0,18.41,8,518.93,0.02,0.05,1.4,0.0,Oct,2,2,7,2,Returning_Visitor,False,False
2,82.4,0,48.96,5,1519.52,0.0,0.02,2.25,0.0,Oct,2,2,1,2,Returning_Visitor,False,False
0,38.85,0,0.0,1,0.0,0.2,0.2,1.49,0.8,May,1,1,1,2,Returning_Visitor,True,False
0,0.0,0,0.0,13,46.0,0.0,0.033333333,2.16,0.0,Mar,3,2,2,1,Returning_Visitor,False,False
2,82.44,0,0.0,26,1321.7,0.0,0.010833333,0.0,0.0,May,2,2,2,13,Returning_Visitor,False,False
1,0.0,0,28.35,1,0.0,0.2,0.2,1.74,0.09,Feb,3,1,1,4,Returning_Visitor,False,False
1,0.0,0,0.0,11,387.8846154,0.01,0.038095238,0.0,0.09,Mar,3,2,6,3,Returning_Visitor,False,False
1,54.33,0,22.08,12,129.25,0.16,0.19,0.0,0.04,Mar,2,2,2,4,Returning_Visitor,False,False
2,62.5,0,62.95,24,775.3333333,0.0,0.03,0.0,0.0,Nov,2,2,1,2,Returning_Visitor,False,True
1,0.0,0,23.3,7,38.0,0.03,0.05,1.63,0.0,Mar,2,2,1,1,Returning_Visitor,False,False
1,38.65,0,21.5,11,1122.03,0.05,0.09,0.0,0.09,Feb,2,2,1,1,Returning_Visitor,False,False
0,30.16,0,19.0,11,581.03,0.16,0.11,0.0,0.03,Oct,3,2,1,1,Returning_Visitor,False,False
0,46.47,0,33.22,16,371.5,0.01,0.04,0.0,0.05,May,2,5,7,1,Returning_Visitor,False,False
1,67.99,0,0.0,9,1013.62,0.02,0.04,0.0,0.03,Oct,2,4,1,2,New_Visitor,True,False
1,0.0,0,23.79,2,19.0,0.01,0.1,2.12,0.07,Oct,2,2,1,1,Returning_Visitor,False,False
1,0.0,0,31.54,7,0.0,0.01,0.04,0.0,0.26,May,3,2,3,2,Returning_Visitor,False,False
1,0.0,0,0.0,24,663.0,0.02,0.066666667,1.52,0.0,Mar,2,2,3,2,Returning_Visitor,True,False
5,140.5833333,2,87.0,32,1918.902722,0.01,0.01,3.45,0.0,Oct,2,2,3,2,Returning_Visitor,False,False
0,0.0,0,45.54,22,3272.0,0.01,0.01,0.0,0.06,Feb,2,6,1,6,Returning_Visitor,False,False
1,0.0,0,0.0,13,1377.32,0.01,0.023992674,0.0,0.07,Mar,2,2,1,1,Returning_Visitor,False,False
5,231.0,1,0.0,40,1731.28,0.01,0.02745098,3.86,0.08,Oct,2,2,1,3,Returning_Visitor,False,False
7,82.88,0,34.61,19,1051.125,0.0,0.03,1.52,0.03,Mar,2,2,1,2,Returning_Visitor,False,True
0,0.0,0,48.19,16,418.375,0.01,0.02,4.31,0.0,Dec,3,2,1,2,Returning_Visitor,False,True
3,144.61,2,270.6,20,2314.97,0.0,0.0,2.8,0.01,Nov,3,2,1,5,Returning_Visitor,False,True
0,0.0,0,48.22,21,1066.56,0.01,0.061403509,0.0,0.0,May,2,2,3,1,Returning_Visitor,False,False
1,45.7,0,0.0,9,341.3666667,0.09,0.11,1.94,0.03,Mar,2,2,2,3,Returning_Visitor,False,False
1,47.57,0,21.25,11,1299.86,0.17,0.18,14.6895,0.03,Mar,2,2,1,1,Returning_Visitor,False,True
6,299.0,0,99.09,37,212.5,0.01,0.02,0.0,0.0,Oct,2,2,1,1,New_Visitor,False,False
11,77.0,3,211.99,65,2098.57,0.01,0.02,6.3,0.01,Mar,2,2,1,2,Returning_Visitor,False,False
0,45.36,0,0.0,14,1416.39,0.03,0.056052632,1.7,1.0,May,2,2,2,4,Returning_Visitor,False,False
5,163.88,1,1411.0,93,4239.93,0.09,0.17,1.51,0.02,Nov,2,2,1,2,Returning_Visitor,False,False
2,101.28,1,58.0,26,3424.583333,0.001315789,0.02,1.96,0.0,May,2,2,1,3,Returning_Visitor,False,False
6,307.26,1,177.17,120,1934.41,0.01,0.02,8.91,0.0,Feb,2,2,3,2,Returning_Visitor,False,False
2,0.0,0,0.0,3,1079.76,0.02,0.133333333,0.0,0.0,May,2,4,3,3,Returning_Visitor,False,False
7,251.36,4,72.0,10,159.3,0.0125,0.058333333,5.07,0.0,Oct,1,1,3,4,Returning_Visitor,False,False
3,124.35,0,0.0,20,1080.75,0.011806061,0.020025438,6.37,0.0,Mar,3,2,1,4,Returning_Visitor,False,False
2,0.0,0,28.84,48,1022.72,0.000694444,0.02,2.81,0.01,Aug,1,1,1,2,Returning_Visitor,False,False
8,598.8727273,1,0.0,60,1786.86,0.01,0.02,6.93,0.04,Oct,3,2,1,11,Returning_Visitor,False,False
0,54.16,0,22.84,3,805.2,0.02,0.06,0.0,0.04,Oct,2,2,3,1,Returning_Visitor,True,False
0,0.0,0,0.0,1,785.08,0.2,0.2,0.0,0.26,May,2,2,1,3,Returning_Visitor,False,False
0,0.0,0,34.66,10,653.57,0.2,0.2,0.0,0.11,Mar,1,8,1,1,Returning_Visitor,False,False
3,19.33333333,0,38.98,28,1011.78,0.006451613,0.012903226,1.9,0.0,May,2,2,8,3,Returning_Visitor,False,False
0,34.51,0,21.22,10,0.0,0.2,0.2,1.62,0.0,Mar,8,1,9,20,Returning_Visitor,False,False
3,170.0,0,53.84,22,1342.666667,0.01,0.023333333,2.12,0.1,May,2,2,1,3,New_Visitor,False,True
1,0.0,0,38.82,15,862.27,0.2,0.2,1.69,0.07,Feb,2,4,1,1,Returning_Visitor,False,False
0,28.56,0,0.0,6,500.48,0.02,0.06,1.74,0.08,Feb,2,2,7,1,Returning_Visitor,False,False
1,0.0,0,25.17,10,24.0,0.04,0.06,6.46,0.21,May,2,2,2,3,Returning_Visitor,False,False
3,167.11,0,45.93,19,1690.27,0.005075446,0.012349829,8.24,0.04,Oct,2,2,1,2,Returning_Visitor,False,False
1,79.93,0,0.0,14,446.8333333,0.04,0.06,4.95,0.04,May,1,1,3,4,New_Visitor,False,False
7,77.5,0,0.0,38,1745.13,0.01,0.013333333,6.4,0.0,Mar,3,2,2,1,Returning_Visitor,False,False
1,32.49,0,19.97,2,774.56,0.04,0.06,1.72,0.11,May,2,2,1,3,Returning_Visitor,False,False
1,22.0,0,0.0,9,878.49,0.033333333,0.08,3.66,0.0,Mar,3,2,1,1,Returning_Visitor,False,False
1,0.0,0,28.15,13,787.75,0.04,0.06,5.48,0.0,Mar,2,2,6,1,Returning_Visitor,False,False
4,56.66666667,0,33.63,21,797.2952381,0.0,0.01,0.0,0.0,May,1,1,3,2,Returning_Visitor,False,False
0,45.32,0,37.92,16,0.0,0.2,0.19,0.0,0.6,Feb,3,2,1,7,Returning_Visitor,False,False
2,32.0,0,61.65,16,230.1,0.0,0.0125,0.0,0.0,May,3,2,2,4,Returning_Visitor,True,False
5,148.5,1,25.5,36,2049.64,0.0,0.02,3.01,0.02,Nov,1,1,3,3,Returning_Visitor,False,False
0,0.0,0,19.82,7,384.5,0.06,0.08,0.0,0.18,May,2,2,1,3,Returning_Visitor,False,False
0,0.0,0,0.0,8,986.27,0.025,0.07,4.51,0.0,Nov,2,4,9,20,Returning_Visitor,False,False
5,29.0,0,0.0,4,727.25,0.0,0.01,0.0,0.01,Mar,4,2,1,1,Returning_Visitor,True,False
1,31.51,0,0.0,18,1334.09,0.03,0.03,0.0,0.13,Oct,2,2,1,1,Returning_Visitor,False,False
0,58.65,0,28.98,15,817.75,0.0,0.06,1.89,0.2,May,2,2,3,2,Returning_Visitor,False,False
1,87.09,0,0.0,35,3060.055556,0.01,0.03604734,0.0,0.0,Nov,3,2,9,3,Returning_Visitor,False,False
1,58.68,0,0.0,9,650.22,0.04,0.07,2.0,0.03,Mar,2,2,3,1,Returning_Visitor,False,False
1,62.01,0,0.0,10,517.5,0.025,0.04,0.0,0.24,May,1,1,2,4,Returning_Visitor,False,False
1,56.22,0,0.0,4,68.0,0.04,0.04,1.86,0.02,Oct,2,2,1,6,Returning_Visitor,False,False
1,27.24,0,25.59,11,1218.19,0.01,0.03697479,0.0,0.0,Feb,2,4,1,3,Returning_Visitor,False,False
0,51.01,0,0.0,11,581.8,0.05,0.1,0.0,0.14,May,2,2,2,1,Returning_Visitor,False,False
6,219.37,1,158.61,152,2549.44,0.003046557,0.02,5.0,0.0,May,2,2,1,2,Returning_Visitor,False,False
5,105.48,0,38.7,55,3057.045833,0.02,0.018737892,0.0,0.0,Mar,2,2,1,2,Returning_Visitor,False,False
3,110.19,1,0.0,29,1684.496667,0.01,0.02,25.85442016,0.0,Nov,2,2,1,2,Returning_Visitor,True,False
1,38.25,0,32.16,10,293.5,0.03,0.07,0.0,0.4,May,2,2,1,5,Returning_Visitor,False,False
6,922.75,1,219.21,56,2412.52,0.01,0.022668819,0.0,0.01,Nov,2,2,1,2,Returning_Visitor,False,False
1,0.0,0,44.18,5,1149.48,0.0,0.02,6.57,0.01,Mar,2,2,1,2,Returning_Visitor,False,False
3,134.47,0,144.2,22,1357.42,0.011252599,0.01,3.5,0.0,Oct,2,5,3,1,Returning_Visitor,False,False
8,403.75,1,32.0,67,9694.260714,0.001780415,0.03,7.67,0.0,Oct,2,2,1,1,Returning_Visitor,False,False
2,34.0,0,0.0,17,358.0,0.02,0.04,0.0,0.0,Mar,2,2,1,2,Returning_Visitor,False,False
1,50.58,0,0.0,10,979.52,0.025,0.0875,4.46,0.43,May,2,2,1,3,Returning_Visitor,False,False
6,267.0,1,140.24,8,1739.38,0.01,0.055,4.09,0.0,May,3,2,2,1,Returning_Visitor,False,False
0,40.93,0,23.73,12,928.42,0.05,0.08,2.0,0.02,Mar,2,2,1,1,Returning_Visitor,False,False
1,62.25,0,0.0,17,616.24,0.01,0.07,1.85,1.0,May,2,2,3,4,Returning_Visitor,False,False
7,187.34,1,79.52,36,1327.9,0.01,0.006666667,2.02,0.01,June,2,2,3,3,Returning_Visitor,False,False
0,51.87,0,40.3,14,533.93,0.2,0.2,1.77,1.0,May,2,2,7,3,Returning_Visitor,True,False
0,67.59,0,47.95,18,958.47,0.01,0.04,4.53,0.0,Dec,2,2,6,2,Returning_Visitor,False,False
2,108.8,0,45.94,15,542.0,0.02,0.04,4.54,0.06,Oct,2,2,1,2,Returning_Visitor,False,False
1,0.0,0,0.0,32,1912.33,0.02,0.027083333,2.3,0.0,Mar,2,2,2,2,Returning_Visitor,False,False
2,58.4,0,52.19,5,788.15,0.01,0.033333333,0.0,0.0,Oct,3,2,3,1,Returning_Visitor,False,True
1,100.03,0,20.13,10,779.19,0.02,0.04,3.86,0.0,Oct,2,2,1,2,New_Visitor,True,True
1,75.91,0,26.04,12,1782.22,0.0,0.04,2.69,0.03,Mar,2,2,1,1,Returning_Visitor,False,False
1,64.33,0,46.73,18,945.51,0.0125,0.026739194,2.64,0.0,Nov,1,2,2,1,Returning_Visitor,False,False
2,41.5,0,46.51,20,1094.43,0.01,0.039814815,5.00765405,0.0,Nov,1,1,1,2,Returning_Visitor,False,False
3,125.53,0,53.64,29,1273.25,0.01,0.008888889,43.89691103,0.02,Nov,2,2,1,2,Returning_Visitor,False,True
3,145.8833333,1,62.37,26,927.93,0.023529412,0.03,4.53,0.0,Jul,3,2,9,1,Returning_Visitor,False,False
3,107.83,0,83.28,20,298.5,0.01,0.03,1.93,0.05,Oct,2,4,3,1,Returning_Visitor,False,False
1,66.05,1,36.16,15,1401.083333,0.01,0.03,5.09,0.01,Dec,2,2,1,2,Returning_Visitor,False,False
1,39.77,0,0.0,14,1115.17,0.04,0.06,1.74,0.0,Oct,3,2,4,1,Returning_Visitor,False,False
1,45.68,0,19.05,9,1487.85,0.06,0.07,0.0,0.06,Mar,3,2,1,1,New_Visitor,False,False
0,42.66,0,0.0,12,769.72,0.02,0.04,3.01,0.0,Mar,2,2,4,1,Returning_Visitor,False,False
1,0.0,0,25.73,18,1362.11,0.01,0.033333333,2.08,0.06,Oct,3,2,4,18,Returning_Visitor,True,False
2,108.07,0,48.98,21,1854.26,0.01,0.05,2.852036737,0.0,Jul,2,2,4,1,Returning_Visitor,False,False
1,80.24,0,0.0,19,1192.27,0.09,0.14,3.84,0.0,Oct,3,2,2,7,Returning_Visitor,False,False
0,0.0,0,26.06,16,173.25,0.01,0.024,0.0,0.12,Oct,2,2,2,1,Returning_Visitor,False,False
1,53.74,0,0.0,17,1043.08,0.028571429,0.038095238,2.57,0.0,Sep,2,2,3,1,Returning_Visitor,False,False
0,0.0,0,39.54,15,785.61,0.014285714,0.05,2.47,0.0,Nov,2,2,9,2,Returning_Visitor,False,False
1,64.71,0,0.0,27,1679.43,0.01,0.014285714,2.27,0.06,Mar,2,2,1,2,Returning_Visitor,False,False
2,144.27,1,96.78,41,1789.48,0.01,0.03,3.53,0.01,Nov,2,2,1,2,Returning_Visitor,False,False
1,71.59,0,22.13,10,514.05,0.01,0.04,3.29,0.02,Mar,1,1,6,2,New_Visitor,True,False
0,42.22,0,0.0,13,832.48,0.17,0.14,1.53,0.0,May,2,2,4,2,Returning_Visitor,False,False
2,63.0,0,0.0,2,1379.1,0.0,0.02,6.03,0.0,Oct,1,1,3,4,New_Visitor,True,False
0,69.08,0,28.73,8,44.0,0.0,0.05,3.12,0.14,May,2,2,1,1,Returning_Visitor,False,False
2,33.0,0,0.0,2,902.08,0.02,0.03,0.0,0.0,May,2,2,1,4,Returning_Visitor,False,False
3,123.67,1,143.76,59,1100.475,0.01,0.02,4.78,0.0,Nov,2,2,4,2,Returning_Visitor,False,True
0,68.55,0,0.0,5,839.14,0.01,0.04,0.0,0.0,Mar,1,1,6,3,Returning_Visitor,False,False
1,57.48,0,25.67,13,1364.28,0.02,0.061538462,0.0,0.12,Mar,2,2,2,3,Returning_Visitor,False,False
0,56.1,0,0.0,7,823.1,0.05,0.06,5.95,0.31,May,2,2,2,3,Returning_Visitor,False,False
0,0.0,0,32.88,11,565.94,0.03,0.1,7.68,0.52,May,2,10,9,1,Returning_Visitor,False,False
1,19.0,0,106.0,8,475.6666667,0.04,0.1,0.0,0.07,Mar,1,1,3,3,Returning_Visitor,False,False
4,0.0,0,0.0,18,445.5833333,0.03,0.024,3.26,0.02,Mar,2,2,1,2,Returning_Visitor,True,False
5,172.86,1,0.0,44,1350.47,0.01,0.087407407,28.81,0.67,May,2,2,1,13,Returning_Visitor,False,False
7,324.26,1,127.33,39,1619.23,0.01,0.011497494,4.18,0.06,May,2,2,1,4,Returning_Visitor,True,False
1,53.71,0,0.0,1,0.0,0.14,0.16,1.54,0.0,Mar,2,2,3,3,Returning_Visitor,True,False
1,71.08,0,0.0,14,789.39,0.001168385,0.03,5.2,0.01,Dec,2,2,4,1,Returning_Visitor,False,False
2,64.61,0,44.96,15,897.79,0.025333333,0.07,1.55,1.0,May,3,2,2,4,Returning_Visitor,True,False
2,77.57,0,0.0,44,922.99,0.01,0.01,2.0,0.02,Mar,2,2,3,2,Returning_Visitor,False,True
0,47.32,0,30.67,8,534.5833333,0.01,0.021428571,0.0,0.23,May,2,4,1,1,Returning_Visitor,True,False
1,60.0,0,25.82,23,1031.704762,0.01,0.04,33.14784917,0.0,Mar,4,2,2,10,Returning_Visitor,True,True
3,130.15,0,0.0,10,1546.82,0.04,0.018181818,2.65,0.02,Mar,2,2,1,4,Returning_Visitor,True,False
1,42.8,0,0.0,20,1188.29,0.1,0.0875,0.0,0.0,Mar,3,2,2,3,Returning_Visitor,False,False
4,56.5,2,40.41,21,1825.7,0.02,0.036363636,2.08,0.03,Mar,2,2,1,2,Returning_Visitor,True,False
0,0.0,0,47.74,1,0.0,0.2,0.2,2.42,0.13,Mar,2,2,1,4,New_Visitor,False,False
1,40.09,0,24.62,11,0.0,0.2,0.2,1.54,0.0,Mar,2,2,1,3,Returning_Visitor,False,False
7,130.3,2,5.0,74,1948.89,0.005,0.01,5.92,0.01,Aug,1,2,9,13,Returning_Visitor,False,False
22,474.4764124,2,194.87,52,2211.2,0.014613095,0.02,11.42,0.0,Nov,3,2,1,13,Returning_Visitor,False,True
2,5.0,0,0.0,29,271.0,0.03,0.003571429,0.0,0.02,Mar,1,1,3,1,New_Visitor,True,False
2,12.0,0,0.0,63,1091.13,0.01,0.01,2.74,0.0,Oct,2,2,7,2,Returning_Visitor,False,False
0,47.96,0,0.0,10,672.12,0.06,0.08,0.0,0.0,Mar,3,2,4,1,Returning_Visitor,False,False
1,48.32,0,0.0,10,727.92,0.06,0.19,2.74,0.0,Dec,2,2,3,2,Returning_Visitor,False,True
1,75.72,1,23.42,10,1252.561414,0.03,0.06,2.13,0.0,Nov,2,2,9,2,Returning_Visitor,True,False
1,9.0,0,0.0,10,1597.10609,0.06,0.008754209,2.32,0.03,Mar,2,2,1,1,Returning_Visitor,False,True
2,110.11,1,68.47,35,1272.63,0.01,0.05,4.19,0.0,Nov,2,2,7,2,Returning_Visitor,False,True
1,83.01,0,0.0,11,681.43,0.01,0.04,0.0,0.01,Nov,1,2,7,2,New_Visitor,False,False
0,38.33,0,27.07,13,719.56,0.2,0.2,2.38,0.0,Mar,2,2,1,1,Returning_Visitor,False,False
4,163.45,1,0.0,97,1734.42,0.01,0.02697054,2.53,0.01,Aug,2,2,1,4,Returning_Visitor,False,False
3,127.58,0,0.0,20,3287.0,0.04,0.06,0.0,0.0,Mar,2,2,1,2,Returning_Visitor,False,False
1,47.65,0,47.0,13,508.4,0.04,0.1,0.0,0.0,Mar,1,1,2,1,Returning_Visitor,False,False
3,65.0,0,75.51,28,386.2621212,0.0,0.02,5.99,0.0,Nov,2,2,9,1,Returning_Visitor,False,False
1,45.64,0,0.0,22,169.5,0.009090909,0.02,1.6,0.0,Mar,2,2,1,2,Returning_Visitor,False,False
1,47.76,0,18.91,11,1119.06,0.06,0.07,2.06,0.0,Mar,2,2,1,4,New_Visitor,False,True
0,0.0,0,48.02,12,1238.59,0.0,0.04,2.85,0.07,May,1,1,6,3,Returning_Visitor,False,False
2,83.67,0,0.0,20,34.0,0.03,0.06,0.0,0.04,Mar,2,2,9,4,Returning_Visitor,False,False
0,87.92,0,0.0,13,729.66,0.0,0.05,0.0,0.01,Dec,2,2,3,10,Returning_Visitor,False,False
3,143.0,2,29.0,37,1549.84,0.01,0.02,0.0,0.01,Oct,2,2,4,2,Returning_Visitor,False,False
2,166.0,0,55.0,10,1968.25,0.01,0.03,0.0,0.0,May,1,1,3,4,Returning_Visitor,True,False
0,52.11,0,0.0,4,856.08,0.03,0.125,0.0,0.01,Jul,4,2,6,1,Returning_Visitor,False,False
1,46.76,0,22.56,11,1437.84,0.19,0.18,1.48,0.02,Mar,2,2,1,1,Returning_Visitor,False,False
1,0.0,0,25.5,13,273.7083333,0.04,0.06,3.42,0.11,May,3,2,4,3,Returning_Visitor,False,True
1,44.52,0,0.0,10,918.1,0.03,0.06,0.0,0.0,May,2,10,5,1,Returning_Visitor,False,False
0,81.47,0,26.58,4,682.34,0.0,0.05,0.0,0.03,May,2,2,3,4,Returning_Visitor,False,False
6,132.025,3,79.7,26,1649.59,0.0,0.02,0.0,0.03,Mar,2,2,3,2,Returning_Visitor,False,False
2,82.24,0,27.98,19,2463.27,0.0,0.04,0.0,0.03,Oct,1,1,1,2,Returning_Visitor,True,False
0,52.31,0,32.69,17,1189.98,0.2,0.2,1.68,0.05,Oct,2,2,1,1,Returning_Visitor,False,False
0,0.0,0,0.0,9,922.07,0.02,0.05,0.0,0.0,Mar,2,6,1,1,Returning_Visitor,False,False
1,60.31,0,21.1,13,635.3333333,0.14,0.17,0.0,0.0,Mar,2,2,2,3,Returning_Visitor,False,False
1,0.0,0,0.0,12,528.04,0.2,0.2,2.64,0.0,Mar,2,2,6,1,Returning_Visitor,False,False
0,39.27,0,22.01,10,1480.63,0.02,0.038562092,0.0,0.2,May,2,2,1,4,Returning_Visitor,False,False
1,28.0,0,0.0,11,738.15,0.03,0.06,0.0,0.01,Nov,1,2,1,2,New_Visitor,False,True
0,51.65,0,0.0,9,1043.93,0.13,0.12,0.0,0.03,Mar,2,2,1,3,Returning_Visitor,False,False
2,115.44,0,120.6666667,18,906.77,0.01884058,0.025355418,2.49,0.6,May,3,2,1,4,Returning_Visitor,False,False
4,102.0833333,0,0.0,21,1412.31,0.0,0.02,0.0,0.0,Dec,1,1,1,2,Returning_Visitor,True,False
0,0.0,0,44.87,19,1178.46,0.0,0.04,2.77,0.0,Dec,2,2,3,1,Returning_Visitor,True,False
13,311.8300935,4,98.31,42,2347.16,0.0,0.017541022,4.115853586,0.02,Oct,2,2,3,2,Returning_Visitor,False,False
2,44.01666667,0,0.0,4,162.5333333,0.01,0.0,3.88,0.0,Aug,4,2,1,2,Returning_Visitor,False,True
0,41.02,0,0.0,10,862.0,0.02,0.05,0.0,0.01,Mar,2,2,4,1,Returning_Visitor,False,False
0,45.69,0,0.0,3,0.0,0.02,0.04,0.0,0.0,Mar,2,2,4,1,Returning_Visitor,False,False
2,89.41,0,53.13,22,737.1666667,0.038461538,0.07,0.0,0.01,Nov,2,2,3,1,Returning_Visitor,False,False
1,58.92,0,0.0,7,1602.81,0.02,0.071428571,2.01,0.09,Mar,3,2,6,3,Returning_Visitor,False,False
0,66.2,0,0.0,20,1190.04,0.05,0.07,3.27,0.01,Dec,2,2,6,13,Returning_Visitor,False,False
1,47.48,0,0.0,7,822.65,0.020689655,0.020804598,2.29,1.0,May,1,1,3,4,New_Visitor,True,False
0,81.94,0,35.89,14,424.49,0.01,0.05,2.2,0.03,Oct,2,2,7,2,Returning_Visitor,False,False
0,48.41,0,23.99,11,109.0,0.0,0.06,0.0,0.03,Oct,1,1,1,1,Returning_Visitor,False,False
1,104.52,0,0.0,17,1580.166667,0.024,0.06,0.0,0.8,May,3,2,2,2,Returning_Visitor,False,False
3,53.4,0,55.94,24,996.63,0.011111111,0.04,0.0,0.01,Oct,2,2,9,1,Returning_Visitor,False,False
1,49.2,0,0.0,13,474.31,0.02,0.05,3.51,0.01,Jul,1,2,4,4,Returning_Visitor,False,False
0,68.2,0,22.59,18,636.5,0.03,0.04,0.0,0.1,Feb,2,2,1,2,Returning_Visitor,False,False
1,0.0,0,20.66,21,1148.5,0.01,0.019047619,0.0,0.05,Mar,2,2,1,2,Returning_Visitor,False,False
1,24.91666667,1,7.666666667,34,3561.139286,0.008163265,0.02,2.99,0.0,May,2,2,3,13,Returning_Visitor,False,True
4,117.0,1,0.0,98,1637.82,0.01,0.0296601,0.0,0.11,Oct,2,5,9,5,Returning_Visitor,False,False
2,23.0,0,34.67,19,1318.63,0.07,0.09,2.68,0.03,Dec,2,2,3,8,Returning_Visitor,False,False
6,152.16,0,76.92,56,1475.11,0.007494145,0.010650662,5.31,0.01,Feb,2,2,4,2,Returning_Visitor,False,True
1,90.84,0,0.0,59,1111.72,0.01,0.014043584,3.02,0.01,Dec,3,2,1,2,Returning_Visitor,False,False
0,145.69,1,48.14,11,620.02,0.013333333,0.03,8.45,0.01,Dec,1,1,7,2,New_Visitor,False,True
0,0.0,0,49.95,17,66.5,0.01,0.025,5.77,0.01,Dec,2,2,4,10,Returning_Visitor,False,False
1,83.69,0,0.0,18,1024.19,0.000223214,0.018229167,5.94,0.01,Nov,2,2,1,2,Returning_Visitor,False,False
1,37.2,0,28.25,7,396.16,0.03,0.04,0.0,0.11,May,2,2,1,6,Returning_Visitor,False,False
1,62.54,0,0.0,12,1045.3,0.04,0.05,2.09,0.03,Mar,2,2,1,2,Returning_Visitor,False,False
0,108.97,0,48.24,21,786.02,0.01,0.03,0.0,0.0,Oct,2,2,3,2,Returning_Visitor,False,False
1,4.0,0,0.0,22,877.6666667,0.02,0.04,0.0,0.0,Nov,2,2,1,2,Returning_Visitor,False,False
6,76.3125,0,71.72,35,1316.44,0.01,0.01,2.122731861,0.04,Oct,2,4,1,2,Returning_Visitor,False,False
0,99.26,0,36.17,19,128.3333333,0.0,0.057142857,0.0,0.08,May,4,1,3,1,Returning_Visitor,False,False
2,100.83,0,0.0,20,2681.998105,0.01,0.021374201,4.195335178,0.01,Nov,2,2,9,2,Returning_Visitor,False,False
1,31.25,0,22.52,8,650.28,0.07,0.07,12.59766667,0.23,May,2,2,2,4,Returning_Visitor,True,True
1,52.03,0,17.85,8,53.0,0.0,0.07,0.0,0.03,Mar,2,2,2,4,Returning_Visitor,False,False
5,176.75,0,120.39,16,467.9166667,0.01,0.02,6.41,0.01,Mar,2,2,4,2,Returning_Visitor,False,False
2,88.43,0,45.17,14,140.0,0.0,0.03,2.5,0.15,May,2,2,1,6,Returning_Visitor,False,False
0,94.76,0,0.0,20,1094.34,0.011111111,0.024532828,5.64,0.01,Nov,1,1,1,1,Returning_Visitor,True,False
1,73.56,0,44.68,22,0.0,0.2,0.2,2.08,0.09,Oct,1,1,9,3,Returning_Visitor,False,False
9,239.35,0,129.57,44,1944.09,0.01,0.01,2.39,0.0,Nov,2,2,1,2,Returning_Visitor,False,True
1,42.14,0,0.0,24,1111.16,0.056,0.090666667,5.66,0.24,May,2,2,1,1,Returning_Visitor,False,False
1,2.0,0,39.62,23,868.81,0.024347826,0.07,0.0,0.19,Feb,3,2,2,1,Returning_Visitor,False,False
0,112.54,0,0.0,26,587.9,0.01,0.02,3.04,0.03,Oct,2,2,5,2,Returning_Visitor,False,False
0,57.41,0,34.08,21,1586.44,0.004651163,0.07,0.0,0.8,May,2,2,2,1,Returning_Visitor,False,False
0,196.7,3,70.9,37,1835.556213,0.019984314,0.02,0.0,0.06,Oct,1,1,3,4,Returning_Visitor,False,False
2,0.0,0,53.83,1,0.0,0.2,0.2,2.19,0.6,Feb,3,2,3,5,Returning_Visitor,False,False
0,42.92,0,35.96,13,28.0,0.12,0.17,1.66,0.4,May,3,2,1,3,Returning_Visitor,False,False
7,214.47,1,0.0,20,2074.2,0.01,0.01,2.66,0.0,Dec,3,2,1,2,Returning_Visitor,False,False
1,0.0,0,19.93,10,210.0,0.11,0.14,2.07,0.03,Mar,2,2,2,3,Returning_Visitor,False,False
1,59.05,0,0.0,13,223.0,0.01,0.04,2.1,0.1,Oct,2,2,6,1,Returning_Visitor,False,False
3,40.0,0,0.0,19,1210.31,0.008333333,0.030555556,1.81,0.6,May,1,1,3,3,Returning_Visitor,False,True
0,45.18,0,26.47,7,261.5,0.01,0.00952381,0.0,0.0,May,2,2,4,2,Returning_Visitor,False,False
5,79.5,2,31.5,35,1241.05,0.002898551,0.02,3.73,0.0,Oct,2,2,3,2,Returning_Visitor,False,False
0,0.0,0,0.0,12,1337.88,0.02,0.019583333,1.79,0.04,Mar,2,2,1,4,Returning_Visitor,True,False
0,0.0,0,21.46,12,909.79,0.16,0.07,0.0,0.0,Mar,4,2,1,4,Returning_Visitor,False,False
4,171.78,3,64.2,41,1919.24523,0.014875647,0.02,3.51,0.02,Oct,2,2,8,4,Returning_Visitor,True,False
1,0.0,0,21.04,5,622.81,0.03,0.05,0.0,0.0,Mar,2,4,2,2,Returning_Visitor,False,False
1,53.86,0,35.51,12,0.0,0.02,0.07,3.62,0.01,Dec,2,2,2,2,Returning_Visitor,False,False
1,0.0,0,0.0,1,1066.02,0.08,0.08,1.7,0.03,Mar,1,1,1,3,Returning_Visitor,False,False
2,0.0,0,34.46,11,458.5,0.0,0.03,0.0,0.07,May,1,1,1,4,Returning_Visitor,False,False
1,0.0,0,42.15,17,948.33,0.2,0.2,1.87,0.04,Mar,2,2,2,3,Returning_Visitor,True,False
0,92.52,0,0.0,16,925.57,0.014814815,0.05,7.3,0.0,June,1,1,1,1,Returning_Visitor,False,False
11,250.25,1,75.09,169,3193.55,0.002406417,0.016051967,8.174728678,0.03,Oct,1,1,3,2,Returning_Visitor,False,False
1,58.55,0,23.24,2,1405.41,0.0,0.1,1.71,0.02,Mar,2,2,2,2,Returning_Visitor,False,False
2,92.93,0,0.0,34,5208.65,0.0,0.02,3.1,0.01,Nov,2,2,1,6,Returning_Visitor,False,False
17,180.1333333,1,198.71,61,6512.010952,0.02,0.012248677,0.0,0.05,Feb,2,2,1,2,Returning_Visitor,False,False
8,154.66,1,67.83,8,1735.88,0.01,0.027272727,3.4,0.02,Oct,1,1,5,2,Returning_Visitor,False,False
1,43.7,0,19.29,14,197.5,0.04,0.06,1.62,0.06,Oct,2,2,1,1,Returning_Visitor,False,False
6,121.96,0,47.02,19,1119.716667,0.01,0.02,0.0,0.0,Oct,1,1,3,2,Returning_Visitor,True,False
6,163.375,0,89.01,30,1002.66,0.01,0.01,6.48,0.04,Feb,2,2,9,2,New_Visitor,False,False
6,163.93,0,78.41,31,1987.34,0.007692308,0.02,2.55,0.0,Oct,2,2,1,1,Returning_Visitor,False,False
1,46.39,0,24.03,13,465.5,0.02,0.056666667,1.57,0.04,Mar,2,2,1,2,Returning_Visitor,True,False
1,31.21,0,0.0,15,688.1666667,0.05,0.08,0.0,0.0,May,1,1,1,3,Returning_Visitor,False,False
2,0.0,0,38.7,21,1720.06,0.03,0.115789474,3.34,0.13,May,2,2,3,13,Returning_Visitor,False,False
1,4.0,0,0.0,21,1163.12,0.025,0.032638889,2.33,0.4,May,3,2,6,4,Returning_Visitor,False,True
0,69.04,0,36.75,14,1089.208333,0.0,0.017117117,3.28,0.01,Dec,4,2,1,2,Returning_Visitor,False,False
0,50.32,0,0.0,16,0.0,0.2,0.2,0.0,0.04,Mar,1,1,1,3,Returning_Visitor,False,False
1,57.87,0,0.0,4,117.0,0.01,0.03,3.04,0.0,Oct,2,2,6,2,New_Visitor,False,False
0,30.1,0,31.84,1,536.31,0.2,0.2,0.0,0.6,Feb,2,2,1,1,Returning_Visitor,False,False
2,46.5,0,42.69,22,1196.46,0.0,0.03,1.86,0.0,Oct,2,2,7,2,Returning_Visitor,False,False
4,177.8,1,84.61,40,1757.61,0.01,0.01,8.2,0.09,May,2,2,1,4,Returning_Visitor,False,False
1,57.75,0,20.79,10,1676.11,0.0,0.014583333,1.47,0.03,Mar,2,2,1,4,Returning_Visitor,False,False
0,0.0,0,0.0,13,709.54,0.005405405,0.023423423,0.0,0.04,Mar,2,4,2,2,Returning_Visitor,False,False
1,47.07,0,22.94,6,760.06,0.08,0.07,0.0,0.07,May,2,2,3,6,Returning_Visitor,False,False
7,299.54,1,275.42,237,3060.99,0.02,0.012109705,6.97,0.0,May,2,2,1,2,Returning_Visitor,False,False
1,61.58,0,28.76,15,2184.21,0.0,0.09,0.0,0.8,May,1,1,2,4,Returning_Visitor,False,False
0,0.0,1,50.5,41,4379.863158,0.01,0.01,0.0,0.01,Nov,2,2,1,2,Returning_Visitor,False,False
0,0.0,0,30.62,18,89.5,0.05,0.158333333,0.0,0.11,Oct,3,2,1,3,Returning_Visitor,False,False
2,141.85,0,77.79,29,974.66,0.011111111,0.03,5.0,0.02,Mar,3,2,1,1,Returning_Visitor,False,True
0,0.0,0,21.86,10,613.13,0.02,0.04,1.93,0.04,Oct,2,2,1,2,New_Visitor,False,False
1,52.54,0,24.19,11,789.9583333,0.004166667,0.05,0.0,0.0,Mar,2,2,1,1,Returning_Visitor,False,False
1,0.0,0,32.05,13,482.5,0.02,0.06,6.61,0.0,Nov,2,2,1,2,Returning_Visitor,False,False
1,48.87,0,38.73,17,918.4,0.01,0.03,0.0,0.01,Nov,3,2,4,7,Returning_Visitor,False,False
0,0.0,0,0.0,2,1497.11,0.12,0.14,2.06,0.0,Mar,1,2,2,3,Returning_Visitor,False,False
0,65.04,0,0.0,13,0.0,0.01,0.07,1.85,0.0,Jul,1,1,3,4,Returning_Visitor,True,False
0,0.0,0,42.28,16,573.53,0.02,0.05,0.0,0.0,Mar,3,2,1,1,Returning_Visitor,False,False
1,0.0,0,19.53,11,355.0,0.05,0.08,0.0,0.11,Oct,2,2,2,1,Returning_Visitor,False,False
1,45.35,0,0.0,8,678.02,0.08,0.07,0.0,0.05,Mar,2,2,9,2,Returning_Visitor,False,False
2,92.09,0,0.0,24,1605.875,0.031818182,0.02,54.10230816,0.14,Oct,2,2,2,1,Returning_Visitor,False,True
2,73.55,0,0.0,9,113.0,0.02,0.088888889,1.77,0.03,Oct,2,2,3,1,Returning_Visitor,False,False
1,11.0,0,46.97,21,901.09,0.0,0.03,4.24,0.04,May,2,10,3,1,Returning_Visitor,False,False
0,0.0,0,21.63,14,244.75,0.07,0.1,0.0,0.0,Mar,2,2,1,1,Returning_Visitor,False,False
2,80.47,0,127.0,21,580.52,0.02,0.04,2.34,0.0,Mar,2,2,1,1,Returning_Visitor,False,False
1,52.5,0,0.0,13,1820.75,0.04,0.05,4.29,0.03,Oct,2,2,2,1,Returning_Visitor,False,False
4,211.86,1,56.28,27,1518.89,0.008695652,0.026086957,11.78,0.07,Oct,2,2,1,8,Returning_Visitor,True,False
4,406.4166667,1,102.45,36,352.4166667,0.026923077,0.02,5.42,0.02,May,2,2,3,1,Returning_Visitor,False,False
1,0.0,0,0.0,4,1013.07,0.0,0.02,0.0,0.05,Oct,1,1,1,3,Returning_Visitor,False,False
0,79.27,0,0.0,9,86.36,0.03,0.06,6.04,0.0,Aug,2,2,1,3,Returning_Visitor,True,False
3,30.0,0,0.0,24,518.0,0.0,0.015384615,0.0,0.02,Oct,2,2,1,2,Returning_Visitor,False,False
3,39.0,0,74.1,27,4.0,0.01,0.02,5.51,0.02,Mar,2,2,1,2,Returning_Visitor,False,False
5,75.66349206,0,0.0,23,35.92777778,0.0,0.01,0.0,0.0,Oct,2,5,3,1,New_Visitor,False,False
0,58.71,0,20.81,10,1232.79,0.11,0.008333333,0.0,0.03,Mar,2,2,1,1,Returning_Visitor,False,False
2,67.35,0,0.0,25,1779.28,0.0,0.008695652,1.83,0.03,Oct,2,4,2,2,Returning_Visitor,False,False
1,48.77,0,0.0,11,850.98,0.04,0.11,2.05,0.01,June,2,2,4,3,Returning_Visitor,False,False
5,159.94,0,0.0,36,26.0,0.01,0.01,3.08,0.0,Nov,2,2,1,2,New_Visitor,False,True
1,61.4,0,40.63,15,136.0,0.1,0.154761905,1.61,0.8,May,2,2,7,3,Returning_Visitor,False,False
2,107.2,1,0.0,19,888.15,0.0,0.009057596,8.63,0.0,Dec,2,2,1,2,Returning_Visitor,False,False
3,116.72,1,95.36,40,1049.313889,0.025595238,0.04,2.99,0.0,Nov,2,2,1,2,Returning_Visitor,False,False
1,0.0,0,0.0,8,65.5,0.07,0.1,0.0,0.05,Mar,2,2,4,1,Returning_Visitor,False,False
10,198.4,0,53.69,21,607.9777778,0.01,0.016666667,2.67,0.06,May,2,2,1,4,Returning_Visitor,False,False
1,99.89,0,48.12,28,769.5,0.024242424,0.02,19.38181818,0.0,Feb,2,2,1,6,Returning_Visitor,False,False
1,50.95,0,30.97,15,996.39,0.05,0.06,2.64,0.04,Mar,3,2,1,1,Returning_Visitor,False,False
4,199.48,0,0.0,37,7190.547947,0.02,0.014604116,39.29216261,0.02,Nov,2,2,1,2,Returning_Visitor,False,True
1,0.0,0,0.0,19,664.58,0.01,0.023076923,2.32,0.0,Nov,2,2,1,20,Returning_Visitor,True,False
4,150.77,1,78.73,62,2032.39696,0.01,0.01,3.77,0.02,Sep,3,2,1,4,Returning_Visitor,False,False
1,0.0,0,47.87,10,799.41,0.0,0.033333333,2.41,0.0,May,2,2,2,4,Returning_Visitor,False,False
6,96.85714286,0,91.43,37,672.5452381,0.01,0.020707071,4.54,0.01,Mar,2,2,1,2,New_Visitor,True,True
1,43.9,0,32.66,10,0.0,0.2,0.2,2.56,0.0,May,2,2,3,3,Returning_Visitor,False,False
0,35.83,0,27.73,13,1287.89,0.02,0.1,0.0,0.0,Mar,2,2,1,1,Returning_Visitor,False,False
0,0.0,0,0.0,13,350.8333333,0.13,0.16,2.19,0.03,Mar,1,2,2,3,Returning_Visitor,False,False
2,47.0,0,0.0,26,1280.97,0.01,0.03,5.07,0.05,Oct,2,2,1,2,Returning_Visitor,False,False
12,139.66,0,52.46,41,1283.052597,0.02,0.039201413,12.07468889,0.03,Feb,1,1,3,2,Returning_Visitor,False,False
1,0.0,0,0.0,15,1081.24,0.01,0.033333333,1.76,0.0,Mar,2,2,4,2,Returning_Visitor,False,False
1,0.0,1,42.0,20,1088.45,0.02,0.003174603,33.47777322,0.01,Mar,2,4,3,2,Returning_Visitor,False,True
1,51.16,0,17.96,9,111.75,0.05,0.05,0.0,0.03,Sep,2,2,1,2,Returning_Visitor,False,False
2,97.38,0,38.68,16,1846.666667,0.01,0.02,3.06,0.02,Aug,2,2,1,3,Returning_Visitor,False,False
5,57.33333333,3,188.76,46,6942.783547,0.01,0.02,12.38,0.0,Dec,2,2,1,2,Returning_Visitor,False,False
1,76.53,0,15.98,8,675.42,0.012244898,0.04,0.0,0.04,Mar,1,1,3,4,Returning_Visitor,True,False
0,0.0,0,23.6,13,481.8333333,0.06,0.08,3.93,0.0,Mar,2,2,9,1,New_Visitor,True,True
1,63.01,0,25.58,12,372.3833333,0.01,0.059615385,1.88,0.02,Sep,1,2,9,2,Returning_Visitor,False,False
6,194.86,1,210.31,50,3277.0,0.01,0.02,0.0,0.02,Mar,2,2,1,2,Returning_Visitor,False,False
11,397.8333333,0,189.83,36,1459.55,0.01,0.015053763,0.0,0.16,May,2,2,1,6,Returning_Visitor,False,False
7,186.22,1,0.0,99,2858.69,0.01,0.013745704,0.0,0.02,Nov,2,2,1,4,Returning_Visitor,False,False
1,20.0,0,0.0,15,1313.97,0.0,0.011111111,1.73,0.04,Mar,2,2,1,2,Returning_Visitor,False,False
1,63.33333333,0,0.0,11,1382.91,0.0,0.001666667,27.3063666,0.0,Oct,2,2,1,2,Returning_Visitor,False,True
2,135.25,0,0.0,22,2364.65,0.01,0.02,0.0,0.01,Oct,2,2,1,2,Returning_Visitor,False,False
5,188.75,1,0.0,29,102.2,0.0,0.025,5.45,0.05,Oct,3,2,6,2,Returning_Visitor,False,True
1,34.96,0,23.58,12,533.77,0.05,0.09,0.0,0.05,Feb,3,2,4,1,Returning_Visitor,True,False
3,83.0,0,58.24,33,47.0,0.0,0.028571429,1.9,0.0,Mar,2,2,2,2,Returning_Visitor,False,False
0,0.0,0,25.96,20,1149.31,0.02,0.04,0.0,0.0,Mar,2,2,1,1,Returning_Visitor,False,False
1,48.67,0,21.27,11,981.64,0.01,0.0375,0.0,0.0,Feb,3,2,6,3,Returning_Visitor,False,False
2,93.54,0,0.0,20,907.0,0.01,0.002903226,3.42,0.0,Oct,2,2,1,2,New_Visitor,False,False
1,18.0,4,97.05,36,1294.74,0.0,0.02,7.68,0.02,Mar,1,1,1,3,New_Visitor,True,True
2,36.5,1,0.0,80,2762.770833,0.01,0.006410256,5.15,0.0,Nov,2,2,1,2,Returning_Visitor,False,True
1,51.05,0,22.34,12,1506.36,0.17,0.18,0.0,0.03,Mar,2,2,1,4,Returning_Visitor,False,False
8,391.6833333,0,0.0,29,443.75,0.01,0.02,0.0,0.0,Aug,1,2,1,2,New_Visitor,True,False
6,189.13,1,127.76,6,1700.82,0.0,0.02,0.0,0.01,Mar,1,1,3,2,New_Visitor,False,False
1,0.0,0,0.0,6,78.66666667,0.01,0.033333333,0.0,0.0,Mar,2,2,4,2,Returning_Visitor,False,False
2,107.18,0,42.55,10,925.21,0.01,0.03,0.0,0.0,Oct,2,2,2,2,New_Visitor,False,False
3,128.42,0,0.0,21,1036.27,0.0,0.0125,5.26,0.0,Mar,4,1,1,1,Returning_Visitor,False,False
0,0.0,0,0.0,13,1154.82,0.04,0.06,0.0,0.34,May,1,1,1,3,Returning_Visitor,False,False
7,257.0,1,182.1666667,134,5889.730504,0.02,0.02,5.93,0.05,May,2,2,2,3,Returning_Visitor,False,False
2,111.67,0,35.14,27,3165.79,0.0,0.05,0.0,0.03,Oct,1,1,9,4,New_Visitor,True,False
0,0.0,0,0.0,29,1749.0,0.047619048,0.104761905,2.99,0.02,Dec,2,2,2,1,Returning_Visitor,False,False
4,169.5666667,0,0.0,23,1853.535714,0.01,0.021727273,0.0,0.0,May,2,2,2,2,Returning_Visitor,False,False
4,107.0,1,10.5,31,1401.13,0.0,0.02,0.0,0.0,May,2,2,1,2,Returning_Visitor,False,False
0,0.0,0,0.0,10,538.78,0.02,0.04,0.0,0.01,Mar,2,4,7,2,Returning_Visitor,False,False
0,48.82,0,0.0,24,348.0333333,0.03,0.111111111,1.56,0.0,Mar,1,1,3,3,Returning_Visitor,False,False
1,44.74,0,0.0,9,1577.86,0.08,0.09,1.9,0.04,Mar,2,2,6,3,Returning_Visitor,False,False
2,64.88,0,48.58,21,1128.468254,0.03,0.058577534,2.37,0.0,Mar,2,2,2,1,Returning_Visitor,False,False
1,65.15,0,61.68,2,0.0,0.2,0.2,12.92,0.32,Dec,1,2,9,3,Returning_Visitor,False,False
0,75.34,0,0.0,15,844.23,0.0,0.02,0.0,0.1,Oct,2,2,6,2,Returning_Visitor,False,False
24,468.100663,1,186.31,189,2906.7,0.02,0.043830926,16.35,0.03,May,2,2,1,1,Returning_Visitor,False,False
2,91.48,0,38.3,13,2123.5,0.01,0.030769231,2.22,0.0,Mar,2,2,4,2,Returning_Visitor,False,True
2,123.69,1,47.77,14,105.5,0.01,0.05,9.81,0.0,Dec,2,2,2,2,Returning_Visitor,False,False
1,94.91,0,0.0,14,1215.9,0.18,0.143589744,2.86,0.0,Aug,2,2,2,3,Returning_Visitor,False,False
7,51.70833333,2,280.5,149,2462.93,0.01,0.02,11.37726052,0.02,Oct,2,2,3,2,Returning_Visitor,False,True
4,99.5,0,149.97,17,978.58,0.01,0.014285714,0.0,0.09,May,1,1,6,4,Returning_Visitor,True,False
5,195.27,1,126.11,54,2256.69,0.006557377,0.022222222,42.19732111,0.0,Oct,2,2,3,2,Returning_Visitor,False,True
0,0.0,0,0.0,15,1134.455556,0.0,0.001333333,30.30681247,0.02,Oct,2,4,1,4,Returning_Visitor,False,True
0,0.0,0,76.0,13,1122.01,0.01,0.028205128,5.41,0.01,Mar,2,2,4,1,Returning_Visitor,False,False
4,203.56,0,93.04,82,1907.91,0.0,0.02,4.61,0.06,May,2,2,2,8,Returning_Visitor,False,False
2,59.5,0,0.0,21,3363.182143,0.01,0.014048347,0.0,0.01,Nov,2,2,9,2,Returning_Visitor,True,False
1,40.95,0,33.48,16,1426.98,0.12,0.2,0.0,0.0,Mar,2,2,1,3,Returning_Visitor,False,False
1,42.16,0,0.0,15,968.38,0.066666667,0.16,0.0,0.04,Mar,2,2,4,1,Returning_Visitor,False,False
0,59.97,0,17.39,9,646.68,0.01,0.03,2.35,0.01,Nov,2,4,9,2,New_Visitor,False,False
0,75.98,0,0.0,12,1625.583333,0.11,0.12,0.0,0.03,Mar,2,2,2,3,Returning_Visitor,False,False
1,20.5,0,0.0,21,1379.02,0.1,0.010434783,1.57,0.03,Mar,2,2,2,3,Returning_Visitor,False,False
2,0.0,0,50.8,23,2763.011332,0.01,0.01,0.0,0.0,May,2,2,3,13,Returning_Visitor,False,False
5,86.0,0,0.0,23,3313.46,0.02,0.02,2.39,0.0,Oct,1,1,3,1,New_Visitor,True,False
1,49.01,0,0.0,13,1058.08,0.08,0.1,1.61,0.0,Mar,1,1,2,3,Returning_Visitor,False,False
1,0.0,0,20.91,10,1236.54,0.0,0.06,0.0,0.0,Mar,2,2,2,2,Returning_Visitor,False,False
0,65.4,0,33.53,7,1803.666667,0.01,0.08,3.63,0.0,Oct,2,5,2,1,Returning_Visitor,True,False
1,72.0,0,0.0,16,343.0,0.0,0.02,8.55,0.03,May,2,2,6,1,Returning_Visitor,False,False
0,39.03,0,20.22,9,0.0,0.13,0.19,1.36,0.0,Mar,2,2,3,2,Returning_Visitor,False,False
0,0.0,0,0.0,1,485.2,0.02,0.05,20.05,0.0,Mar,1,1,3,1,Returning_Visitor,True,False
3,0.0,0,33.35,18,1223.75,0.023529412,0.02,2.41,0.09,Aug,1,1,9,3,Returning_Visitor,False,True
0,0.0,0,19.08,11,788.65,0.01,0.05,1.61,0.01,Nov,2,4,9,2,Returning_Visitor,False,False
1,0.0,0,59.5,13,659.16,0.03,0.1,0.0,0.0,Oct,2,2,2,8,Returning_Visitor,False,False
0,48.99,0,0.0,14,0.0,0.2,0.2,0.0,0.1,Mar,3,2,2,3,Returning_Visitor,False,False
0,38.79,0,0.0,1,628.12,0.2,0.18,1.77,0.03,Mar,2,2,2,3,Returning_Visitor,False,False
0,0.0,0,117.0,8,1326.27,0.01,0.0375,0.0,0.07,Mar,2,2,1,1,Returning_Visitor,False,False
3,115.24,0,46.4,25,2351.333333,0.0,0.025,2.6,0.03,Oct,2,2,2,2,Returning_Visitor,True,False
1,3.0,0,0.0,15,228.6666667,0.0,0.05,1.75,0.05,Mar,2,2,2,1,Returning_Visitor,False,False
0,45.32,0,0.0,4,214.0,0.0,0.06,2.12,0.02,Mar,2,2,2,1,Returning_Visitor,False,False
0,0.0,0,21.58,16,857.06,0.0,0.0125,2.09,0.01,Nov,2,5,3,3,Returning_Visitor,True,False
3,102.92,0,46.3,25,1151.63,0.01,0.011764706,0.0,0.03,Mar,3,2,1,4,Returning_Visitor,False,False
0,55.81,0,27.64,12,559.0,0.047058824,0.098039216,1.73,0.01,Nov,2,2,9,1,Returning_Visitor,True,False
10,262.0,1,87.17,22,1396.26,0.01,0.02,2.69,0.03,Oct,3,2,1,1,Returning_Visitor,False,False
3,60.25,0,31.42,8,891.72,0.02,0.04,0.0,0.02,Mar,2,2,3,2,Returning_Visitor,True,False
3,119.33,0,51.42,27,2677.15,0.03,0.04,0.0,0.0,Nov,3,2,3,5,Returning_Visitor,True,False
2,0.0,0,49.7,16,637.42,0.2,0.2,0.0,0.0,Aug,2,2,1,3,Returning_Visitor,False,False
0,51.82,0,22.72,3,30.0,0.03,0.18,0.0,0.01,Dec,1,1,3,2,Returning_Visitor,False,False
1,53.29,0,24.04,7,609.16,0.02,0.05,0.0,0.01,Dec,2,2,1,2,Returning_Visitor,True,False
2,0.0,2,61.09,48,1042.49,0.01,0.02,0.0,0.0,Dec,2,2,1,2,Returning_Visitor,False,False
2,102.1,0,27.63,13,131.9785714,0.0,0.03,6.12,0.01,Sep,1,2,1,2,New_Visitor,False,False
0,85.87,0,0.0,7,548.53,0.028571429,0.042857143,0.0,0.0,Dec,3,2,9,2,Returning_Visitor,True,False
6,367.25,1,400.375,78,7980.363439,0.02,0.005865824,4.48,0.02,Oct,2,2,1,2,Returning_Visitor,False,True
1,0.0,0,0.0,16,340.65,0.060416667,0.063690476,2.78,0.25,May,2,2,2,3,Returning_Visitor,True,False
1,78.08,0,63.5,28,2245.333333,0.002580645,0.028494624,3.3,0.01,Nov,4,2,1,2,Returning_Visitor,False,True
1,0.0,0,0.0,13,80.0,0.06,0.08,2.07,0.0,Oct,3,2,1,8,Returning_Visitor,True,False
1,0.0,0,0.0,9,189.2,0.0,0.03,6.72,0.02,Sep,2,1,3,2,Returning_Visitor,False,True
1,46.35,0,24.13,18,1008.13,0.06,0.08,1.85,0.04,Nov,1,1,4,3,Returning_Visitor,False,False
3,199.32,1,0.0,28,526.6853968,0.01,0.020412311,4.42,0.01,Aug,1,2,4,2,Returning_Visitor,False,False
0,0.0,0,0.0,15,1221.22,0.1,0.15,1.82,0.04,Mar,2,2,9,3,Returning_Visitor,False,False
0,167.0,0,40.2,36,2024.44,0.01,0.028571429,4.27,0.0,Oct,1,1,1,1,New_Visitor,True,True
0,31.39,0,0.0,7,368.88,0.2,0.2,2.05,0.3,Mar,3,3,1,3,Returning_Visitor,True,False
0,41.57,0,23.05,20,780.5,0.004761905,0.05,10.9112449,0.0,May,2,2,1,3,Returning_Visitor,False,False
7,278.8333333,2,15.0,38,1666.0,0.01,0.01,3.23,0.09,May,2,5,1,1,Returning_Visitor,False,False
0,106.17,0,91.01,14,616.88,0.057142857,0.06,0.0,0.02,Dec,1,1,6,3,Returning_Visitor,False,False
1,0.0,0,26.18,13,171.5,0.019230769,0.05,0.0,0.06,Oct,2,2,1,1,Returning_Visitor,False,False
0,128.49,0,0.0,13,1053.48,0.02,0.00952381,2.99,0.07,May,2,2,2,4,Returning_Visitor,True,True
3,200.5,1,106.19,32,928.48,0.01,0.01,0.0,0.0,Dec,1,2,1,1,Returning_Visitor,True,False
1,43.87,0,0.0,10,0.0,0.2,0.2,0.0,0.0,Mar,2,2,2,3,Returning_Visitor,False,False
0,109.0,0,0.0,103,3357.053333,0.01,0.043527508,0.0,0.03,May,2,2,4,1,Returning_Visitor,False,False
9,244.63,0,140.8,28,407.5,0.01,0.02,1.78,0.08,Oct,3,2,3,8,Returning_Visitor,False,False
4,136.3,1,106.66,34,1235.38,0.0,0.02,0.0,0.01,Mar,2,2,2,1,New_Visitor,True,False
3,0.0,0,59.36,34,1363.51,0.033333333,0.05,0.0,0.29,Feb,2,2,9,1,Returning_Visitor,False,False
15,481.18,2,6.0,65,280.65,0.031313131,0.03,0.0,0.0,Oct,1,1,9,3,Returning_Visitor,False,False
1,3.0,0,24.77,10,1019.43,0.06,0.06,3.32,0.16,May,2,2,2,4,Returning_Visitor,False,False
2,172.77,1,0.0,83,4052.358631,0.01,0.02,19.61979883,0.02,Sep,2,2,4,2,Returning_Visitor,False,True
1,0.0,0,0.0,10,95.5,0.02,0.013333333,2.04,0.11,May,2,2,1,3,Returning_Visitor,False,False
1,0.0,0,30.44,1,469.31,0.2,0.2,2.09,0.0,Dec,3,2,1,1,Returning_Visitor,False,False
1,37.92,0,18.98,12,666.0,0.0,0.03,0.0,0.06,Mar,2,2,1,2,Returning_Visitor,False,False
1,0.0,0,0.0,11,1618.38,0.01,0.02,2.84,0.05,Mar,3,2,2,4,Returning_Visitor,False,False
1,24.0,0,37.34,12,147.0,0.033333333,0.026666667,11.79,0.0,May,1,6,2,1,Returning_Visitor,False,False
3,176.63,1,0.0,104,4877.257071,0.01,0.020140056,6.66,0.0,May,2,2,1,6,Returning_Visitor,False,False
1,68.33,0,39.15,36,440.6,0.03,0.04,1.76,0.12,Oct,3,2,2,1,Returning_Visitor,True,False
1,0.0,0,0.0,11,1183.53,0.06,0.05,0.0,0.05,Feb,2,4,3,6,Returning_Visitor,False,False
2,0.0,0,43.51,16,461.4,0.0,0.054545455,0.0,0.0,Mar,4,1,1,2,Returning_Visitor,False,False
4,160.77,0,72.13,34,1211.066667,0.03,0.064516129,0.0,0.06,May,2,2,7,13,Returning_Visitor,False,False
2,2.0,1,50.9,19,1062.17,0.0,0.02,5.48,0.01,Sep,3,2,1,2,Returning_Visitor,False,False
2,59.63,0,24.95,14,1115.38,0.009993099,0.02,0.0,0.0,Mar,1,1,1,4,Returning_Visitor,False,False
1,0.0,0,28.05,1,61.0,0.02,0.1,0.0,0.04,Mar,2,2,1,2,Returning_Visitor,False,False
2,95.39,0,35.97,16,1071.56,0.03,0.04,2.32,0.02,Mar,2,2,1,2,Returning_Visitor,False,False
0,111.74,0,62.46,23,1173.24,0.0,0.03,8.424787355,0.02,May,2,2,3,2,Returning_Visitor,False,True
1,18.2,0,20.24,9,624.76,0.03,0.07,2.15,0.05,Mar,2,2,7,1,Returning_Visitor,False,False
0,0.0,0,30.73,15,858.14,0.01,0.02,3.69,0.0,May,2,2,4,2,Returning_Visitor,False,False
1,39.96,0,0.0,11,1344.89,0.01,0.04,0.0,0.05,May,1,8,1,5,Returning_Visitor,False,False
7,131.08,1,114.96,159,1442.41,0.01,0.02,6.047203519,0.07,May,2,2,2,2,Returning_Visitor,False,False
4,180.29,1,55.59,27,1248.7,0.01,0.015280206,6.06,0.04,Oct,2,2,3,2,Returning_Visitor,False,False
14,191.85,1,190.6,258,11301.20416,0.02,0.00742538,33.6117917,0.02,May,2,4,1,2,Returning_Visitor,False,True
0,77.2,0,0.0,7,58.0,0.04,0.06,5.98,0.0,May,2,2,2,3,Returning_Visitor,False,False
2,76.18,0,0.0,23,50.0,0.09,0.15,1.84,0.02,Mar,2,2,9,4,Returning_Visitor,True,True
1,77.4,0,32.45,15,1310.636905,0.02,0.06,0.0,0.01,Nov,2,2,9,2,Returning_Visitor,True,False
2,43.4,0,36.86,22,432.0222222,0.0,0.04,0.0,0.0,Oct,1,1,1,2,New_Visitor,False,False
4,184.41,1,0.0,43,2171.174592,0.0,0.017931489,0.0,0.4,May,2,2,2,4,Returning_Visitor,False,False
7,257.93,3,89.5,54,3044.83,0.02,0.024020297,3.57,0.03,Oct,2,2,3,1,Returning_Visitor,False,False
1,0.0,0,40.11,14,46.75,0.0,0.07,0.0,0.0,Dec,2,2,1,2,Returning_Visitor,False,False
1,57.76,0,24.75,9,312.0,0.01,0.044444444,0.0,0.0,Mar,2,2,3,2,Returning_Visitor,True,False
5,793.5,1,79.74,61,2440.473611,0.01,0.01,3.93,0.0,Nov,2,2,9,2,Returning_Visitor,True,False
0,53.48,0,26.58,11,795.76,0.05,0.05,0.0,0.2,May,2,2,1,4,Returning_Visitor,False,False
2,71.14,0,28.75,16,702.05,0.02,0.04,2.4,0.03,May,2,2,7,4,New_Visitor,False,False
1,62.73,0,0.0,16,402.6904762,0.01,0.0125,0.0,0.01,Mar,2,4,1,1,Returning_Visitor,False,False
1,0.0,0,0.0,20,1130.02,0.02,0.04,2.21,0.02,Mar,2,2,3,1,Returning_Visitor,False,False
1,0.0,0,35.13,5,1041.71,0.04,0.06,1.87,0.02,Mar,2,2,1,1,Returning_Visitor,False,False
0,60.17,0,36.45,23,21.0,0.0,0.066666667,3.02,0.0,Nov,2,4,2,4,Returning_Visitor,False,True
1,0.0,0,0.0,12,315.58,0.0,0.04,4.95,0.01,Jul,2,2,1,1,Returning_Visitor,True,False
2,96.0,1,69.01,18,766.79,0.02,0.03,0.0,0.02,Dec,3,2,8,2,Returning_Visitor,False,False
1,43.31,0,20.65,10,560.77,0.14,0.14,0.0,0.0,Oct,2,2,9,20,Returning_Visitor,True,False
2,0.0,0,36.07,18,378.5,0.004444444,0.037777778,5.24,0.06,Feb,2,2,2,1,Returning_Visitor,False,False
1,40.0,0,16.45,11,717.33,0.0,0.03,0.0,0.0,Oct,2,2,7,2,New_Visitor,True,False
6,193.88,0,143.86,76,2434.38,0.01,0.025492063,0.0,0.0,Mar,2,2,6,2,Returning_Visitor,False,False
3,124.08,0,32.36,15,880.8,0.03,0.020192308,2.58,0.0,Mar,2,2,2,2,Returning_Visitor,True,True
2,74.98,0,77.58,27,1073.98,0.0,0.1,0.0,0.02,Mar,4,1,1,1,Returning_Visitor,False,False
0,138.31,1,67.81,23,166.0,0.01,0.16,0.0,0.0,Dec,6,13,9,20,Other,False,False
0,0.0,0,32.8,14,816.16,0.016666667,0.05,6.18,0.0,Oct,2,2,3,1,Returning_Visitor,False,False
2,102.97,0,0.0,10,68.0,0.018181818,0.045454545,2.19,0.2,May,2,2,2,3,Returning_Visitor,False,False
0,108.81,0,44.76,21,666.17,0.01,0.1,3.27,0.05,Oct,2,2,9,10,Returning_Visitor,False,False
0,106.72,1,144.61,50,5485.017857,0.01,0.01,0.0,0.0,Nov,2,2,1,2,Returning_Visitor,False,False
4,209.95,1,58.6,83,1530.48,0.01,0.039305682,7.47,0.2,May,2,1,1,2,Returning_Visitor,False,False
10,494.89,7,840.5833333,150,5916.5,0.004790419,0.02,9.65,0.01,Nov,2,2,1,1,Returning_Visitor,False,False
0,70.88,0,0.0,12,665.42,0.0,0.05,2.32,0.0,May,1,1,2,4,Returning_Visitor,False,False
10,127.96,0,39.44,27,223.0,0.0,0.028571429,0.0,0.0,Mar,1,1,7,4,New_Visitor,True,False
3,0.0,0,0.0,20,975.75,0.01,0.1,3.42,0.05,Feb,2,2,9,2,Returning_Visitor,False,False
1,75.75,0,0.0,15,918.63,0.02,0.035,0.0,0.0,Feb,3,2,2,1,Returning_Visitor,False,False
1,117.11,0,48.61,27,1125.25,0.01,0.03,2.62,0.12,Oct,2,2,9,1,Returning_Visitor,False,False
0,0.0,0,22.82,7,1229.03,0.0,0.05,2.63,0.0,Mar,2,2,1,2,Returning_Visitor,False,False
1,54.06,0,0.0,14,0.0,0.2,0.2,1.58,0.02,Mar,2,2,1,3,Returning_Visitor,False,False
0,0.0,0,29.82,11,445.82,0.2,0.2,0.0,0.09,Feb,3,2,1,3,Returning_Visitor,False,False
2,87.32,0,32.65,20,972.07,0.0,0.02,2.86,0.0,Oct,2,2,5,2,New_Visitor,False,True
8,157.64,0,97.83,18,1855.2,0.0,0.02173913,5.17,0.01,Nov,2,2,1,2,Returning_Visitor,True,False
11,1064.0,1,10.0,58,2264.97,0.010606061,0.02,3.89,0.02,May,2,2,9,4,Returning_Visitor,False,False
0,52.63,0,32.56,1,0.0,0.2,0.2,0.0,0.04,Mar,2,2,1,15,Returning_Visitor,False,False
0,70.61,0,47.38,20,1033.12,0.2,0.2,1.77,0.01,Nov,1,8,3,3,Returning_Visitor,True,False
6,77.78,0,40.84,21,845.75,0.0,0.008695652,1.63,0.01,Aug,8,2,3,20,Returning_Visitor,False,False
2,389.5,1,87.57,8,1678.4,0.01,0.013,0.0,0.01,Nov,1,1,1,2,Returning_Visitor,True,False
3,99.91,0,0.0,255,2432.85,0.01,0.025016422,0.685335799,0.0,Aug,3,2,1,3,Returning_Visitor,False,False
0,0.0,0,30.27,9,70.0,0.15,0.166666667,0.0,0.21,Mar,2,2,1,3,Returning_Visitor,False,False
1,72.66,0,24.34,11,316.2,0.02,0.06,2.92,0.01,Sep,2,2,3,2,Returning_Visitor,False,False
3,0.0,0,0.0,26,1860.97,0.01,0.038461538,2.71,0.08,Oct,1,1,1,1,Returning_Visitor,False,False
0,59.7,0,33.01,20,3200.366667,0.01,0.02,0.0,0.0,May,2,2,6,1,Returning_Visitor,False,False
1,57.73,0,20.14,10,747.9,0.01,0.05,2.21,0.0,Mar,2,2,2,2,Returning_Visitor,False,False
4,124.7,0,0.0,19,1144.41,0.0,0.003846154,5.02,0.19,May,2,6,9,3,New_Visitor,False,False
2,62.0,0,30.05,17,42.2,0.0,0.05,3.01,0.0,Mar,2,2,3,2,Returning_Visitor,False,False
1,7.0,0,66.77,5,78.5,0.0,0.03,7.84,0.02,Dec,2,2,7,2,Returning_Visitor,False,False
3,130.28,0,39.46,18,839.53,0.0,0.03,5.04,0.02,Oct,2,2,1,2,Returning_Visitor,False,False
2,116.81,0,40.59,28,425.0969048,0.02,0.05,0.0,0.01,Oct,3,2,2,4,New_Visitor,False,False
0,79.65,0,30.65,17,722.76,0.0,0.03,2.16,0.01,Oct,1,1,1,2,Returning_Visitor,False,False
12,232.3404762,1,79.41,42,504.0285714,0.0,0.003763441,1.54,0.04,Mar,1,2,3,2,Returning_Visitor,False,False
2,138.27,0,52.12,5,1154.35,0.0,0.02,4.11,0.25,May,1,1,2,4,Returning_Visitor,False,False
2,257.75,1,0.0,25,97.5,0.0,0.01,0.0,0.0,Dec,2,2,4,8,Returning_Visitor,False,True
2,89.46666667,0,37.31,22,1141.061905,0.01,0.004809853,1.68,0.04,Oct,4,1,6,2,Returning_Visitor,False,False
1,75.4,0,0.0,39,1469.31,0.01,0.03125,3.42,0.01,Nov,2,2,1,2,Returning_Visitor,True,True
1,130.6,4,92.43,47,2013.41,0.01,0.01,0.0,0.0,Oct,2,2,1,2,Returning_Visitor,False,False
1,60.66,0,0.0,8,668.89,0.03,0.05,5.17,0.18,May,3,2,6,8,Returning_Visitor,True,False
2,99.24,0,35.0,19,461.05,0.01,0.026190476,4.49,0.04,Mar,2,2,1,1,Returning_Visitor,False,False
1,48.97,0,55.45,23,953.6,0.0,0.04,3.84,0.01,Mar,2,2,6,1,Returning_Visitor,False,False
1,75.6,0,35.08,15,2074.929524,0.02,0.03,4.86,0.04,Oct,2,2,1,2,Returning_Visitor,False,False
1,129.75,0,35.26,11,568.65,0.01,0.005319149,18.95323404,0.0,Mar,2,2,3,8,Returning_Visitor,False,True
0,49.92,0,17.96,9,1055.01,0.07,0.07,1.79,0.0,Mar,2,2,1,1,Returning_Visitor,False,True
1,34.41,0,39.79,19,423.8166667,0.01,0.039104938,0.0,0.01,Mar,3,2,1,3,Returning_Visitor,False,False
2,8.5,0,50.14,30,848.2051282,0.004347826,0.03,5.72,0.22,May,1,1,1,8,Returning_Visitor,False,False
0,0.0,0,0.0,39,794.16,0.01,0.012820513,1.89,0.0,Mar,4,1,1,2,Returning_Visitor,False,False
2,70.06,0,0.0,36,2222.86,0.01,0.01,2.12,0.1,May,2,2,1,3,Returning_Visitor,False,False
5,100.38,0,0.0,17,567.01,0.0,0.01,0.0,0.0,Dec,1,1,1,10,Returning_Visitor,True,False
8,216.34,1,311.66,107,21857.04648,0.003588626,0.05,11.43923328,0.06,May,2,2,2,2,Returning_Visitor,False,False
5,32.0,2,9.0,30,1760.6,0.01,0.02,4.09,0.0,Mar,3,2,3,2,New_Visitor,False,True
1,43.6,0,0.0,11,831.61,0.03,0.13,1.66,0.01,Dec,2,2,1,2,Returning_Visitor,True,False
0,0.0,0,0.0,9,808.07,0.01,0.033333333,1.64,0.0,Oct,4,1,1,3,Returning_Visitor,False,False
4,187.12,0,51.9,25,1317.19,0.0,0.005882353,6.86,0.0,May,2,2,6,4,Returning_Visitor,False,False
0,43.96,0,0.0,11,898.73,0.072727273,0.090909091,3.12,0.28,May,2,2,2,1,Returning_Visitor,False,False
1,38.33333333,0,25.4,11,582.13,0.15,0.12,12.76243133,1.0,May,3,2,2,2,Returning_Visitor,True,False
6,193.93,1,153.65,85,12292.46381,0.01,0.02,2.03,0.01,Jul,2,2,1,4,Returning_Visitor,False,False
10,124.87,1,0.0,30,2407.35,0.0,0.02,2.04,0.03,Oct,2,4,3,4,Returning_Visitor,False,False
3,164.68,0,0.0,5,1667.49,0.04,0.06,0.0,0.0,Mar,2,2,1,2,Returning_Visitor,False,False
2,55.5,0,28.3,14,1537.03,0.004166667,0.04,1.96,0.0,Mar,2,2,3,2,Returning_Visitor,True,False
7,187.32,1,92.03,36,3022.478571,0.002631579,0.02,2.67,0.02,Oct,2,2,2,2,Returning_Visitor,False,False
0,86.61,0,0.0,22,2464.9,0.01,0.05,0.0,0.21,May,3,2,6,1,Returning_Visitor,False,False
1,42.55,0,20.0,10,638.9166667,0.03,0.05,0.0,0.07,Oct,2,2,1,1,Returning_Visitor,False,True
2,0.0,0,38.63,7,203.6666667,0.0,0.03,0.0,0.0,May,1,1,1,4,Returning_Visitor,False,False
1,42.88,0,17.71,10,76.75,0.03,0.06,0.0,0.0,Oct,1,1,8,3,Returning_Visitor,False,True
1,60.94,0,0.0,3,212.0,0.0,0.03,0.0,0.0,Mar,1,1,7,8,Returning_Visitor,False,False
1,59.72,0,28.54,12,475.56,0.03,0.09,0.0,0.01,Jul,2,2,2,1,Returning_Visitor,False,False
0,0.0,0,21.88,9,697.16,0.03,0.04,2.22,0.02,Mar,2,2,1,2,Returning_Visitor,True,False
1,39.0,0,29.04,15,3589.61,0.08,0.1,0.0,0.0,Mar,1,1,1,3,Returning_Visitor,False,False
3,36.2,0,53.31,24,166.7062706,0.0,0.014705882,0.0,0.0,Oct,3,2,6,5,Returning_Visitor,False,False
0,29.35,0,0.0,2,27.0,0.0,0.07,1.26,0.05,Mar,1,2,1,3,Returning_Visitor,False,False
0,114.06,0,0.0,8,123.0,0.0,0.03,4.21,0.0,May,2,2,3,2,Returning_Visitor,False,True
0,0.0,0,0.0,20,1985.0,0.03,0.04,0.0,0.05,Mar,2,2,2,4,Returning_Visitor,False,False
2,77.79,0,0.0,23,253.3333333,0.01,0.073076923,0.0,0.06,May,2,2,5,1,Returning_Visitor,False,False
7,172.44,0,74.06,37,1291.45,0.01,0.02,2.24,0.05,Oct,2,2,3,2,Returning_Visitor,False,False
2,90.8,0,34.24,17,878.22,0.01,0.014311471,7.753880158,0.0,May,2,2,1,2,Returning_Visitor,False,True
2,78.51,0,52.37,31,2265.571429,0.0,0.01,28.11367347,0.01,Nov,4,2,1,2,Returning_Visitor,False,True
0,0.0,0,0.0,15,1323.3,0.0,0.04,3.02,0.2,May,3,2,1,2,Returning_Visitor,False,False
0,0.0,0,32.13,62,2999.09,0.01,0.02,2.52,0.01,Oct,1,1,1,2,Returning_Visitor,True,False
2,118.7,0,0.0,18,343.8333333,0.01,0.02,38.3399435,0.0,Feb,2,13,9,20,Returning_Visitor,False,True
2,81.25,0,46.76,21,1500.422543,0.014634146,0.015338753,3.4,0.06,Mar,2,4,1,1,Returning_Visitor,False,False
0,0.0,0,30.67,1,920.44,0.02,0.04,3.85,0.0,May,1,1,1,1,Returning_Visitor,False,False
1,56.12,0,20.47,9,1371.64,0.0,0.07,0.0,0.03,Mar,2,2,2,4,Returning_Visitor,False,False
1,50.89,0,0.0,10,480.25,0.03,0.07,1.65,0.06,Oct,2,4,7,1,Returning_Visitor,False,False
2,147.5,0,52.92,48,1303.76,0.01,0.03,2.22,0.08,Oct,3,2,1,4,Returning_Visitor,False,True
1,93.75,0,25.08,70,2059.01,0.02,0.02,0.0,0.03,Oct,1,1,1,2,Returning_Visitor,False,True
1,0.0,0,0.0,11,537.47,0.01,0.05,2.12,0.01,Nov,1,2,7,2,New_Visitor,False,False
3,158.3,1,94.76,39,1170.12,0.005128205,0.03,9.45,0.0,Dec,2,2,1,2,Returning_Visitor,False,False
1,95.03,0,30.61,2,774.1,0.0,0.03,0.0,0.02,Sep,2,2,8,2,Returning_Visitor,False,False
5,215.9,1,0.0,73,2260.857143,0.01,0.01,5.91,0.0,May,2,2,1,4,Returning_Visitor,False,False
1,111.86,0,13.0,20,1706.119697,0.01,0.030371661,7.08,0.02,Dec,2,2,3,2,Returning_Visitor,True,False
1,71.4,0,27.05,14,449.4,0.02,0.04,0.0,0.0,Aug,1,2,2,4,Returning_Visitor,False,False
2,133.71,0,24.42,8,596.4,0.05,0.06,0.0,1.0,May,1,1,2,2,Returning_Visitor,True,False
7,121.425,1,273.5,100,2088.74,0.01,0.02,0.0,0.0,Nov,2,2,6,13,Returning_Visitor,True,False
1,30.38,0,36.8,3,17.0,0.066666667,0.133333333,0.0,0.0,Feb,2,2,1,3,Returning_Visitor,False,False
1,0.0,0,19.49,1,0.0,0.1,0.13,0.0,0.04,Mar,2,2,2,3,Returning_Visitor,False,False
4,276.8666667,0,0.0,39,548.8831169,0.0,0.007674572,3.84,0.0,Mar,3,2,2,4,Returning_Visitor,False,False
1,0.0,0,0.0,1,1390.82,0.14,0.15,0.0,0.04,Mar,2,2,2,3,Returning_Visitor,False,False
0,75.84,0,39.63,8,525.97,0.05,0.06,4.55,0.0,Dec,2,2,1,4,Returning_Visitor,False,False
0,39.0,0,21.6,13,0.0,0.13,0.11,0.0,0.15,Oct,4,2,1,4,Returning_Visitor,True,False
11,0.0,8,337.14,128,3981.892484,0.003389831,0.02,2.95,0.4,May,2,2,1,2,Returning_Visitor,False,False
8,156.25,1,61.81,48,1481.108333,0.003773585,0.02,0.0,0.01,Oct,2,2,4,2,Returning_Visitor,False,False
2,69.95,0,56.37,26,31.0,0.0,0.02,3.35,0.01,Mar,2,2,1,2,Returning_Visitor,False,False
3,137.74,0,0.0,91,1953.6,0.01,0.007151775,0.0,0.0,Dec,2,2,1,2,Returning_Visitor,False,False
3,74.2,0,33.07,31,1898.12,0.03,0.04,1.51,0.0,Oct,1,1,3,1,Returning_Visitor,False,False
2,87.69,0,31.96,16,1119.33,0.0,0.02,2.08,0.1,May,2,2,6,3,Returning_Visitor,False,True
0,67.65,0,35.43,8,1199.96,0.01,0.025,0.0,0.0,Oct,2,2,3,2,Returning_Visitor,True,False
2,108.78,0,0.0,8,749.38,0.01,0.02,2.14,0.02,Oct,1,2,3,2,New_Visitor,True,False
1,0.0,0,26.19,12,182.0,0.05,0.07,3.09,0.02,Mar,2,2,2,1,Returning_Visitor,False,False
2,27.25,1,69.39,16,31.5,0.05,0.05,5.3,0.0,Dec,3,2,2,4,Returning_Visitor,False,True
0,0.0,0,27.21,15,1175.72,0.025,0.05,4.09,0.0,May,2,2,2,3,Returning_Visitor,False,False
4,145.61,0,0.0,17,289.85,0.0,0.022222222,2.44,0.02,Mar,2,2,2,2,New_Visitor,True,True
3,155.5,0,93.6,70,1772.29,0.0,0.005868545,0.0,0.01,Jul,2,2,1,2,Returning_Visitor,False,False
1,47.22,0,22.77,13,902.78,0.05,0.06,1.94,0.03,Mar,2,2,1,1,Returning_Visitor,False,False
0,0.0,0,55.34,10,1108.27,0.11,0.19,1.8,0.8,May,1,8,3,1,Returning_Visitor,False,False
2,0.0,0,0.0,16,657.5,0.0,0.02,3.41,0.24,May,2,2,2,13,Returning_Visitor,False,False
0,0.0,0,0.0,22,1515.86,0.09,0.08,3.83,1.0,May,2,2,1,3,Returning_Visitor,True,True
2,113.86,0,35.51,19,1651.928571,0.01,0.02,0.0,0.13,May,2,2,1,4,Returning_Visitor,True,False
3,140.5,0,125.16,11,516.26,0.053333333,0.08,2.53,0.0,May,2,2,3,4,Returning_Visitor,False,False
1,56.18,0,24.06,12,1294.91,0.05,0.08,2.64,0.22,May,2,2,2,3,Returning_Visitor,False,False
7,146.94,0,0.0,41,1164.202381,0.004545455,0.010606061,27.07846934,0.02,Oct,3,2,3,2,Returning_Visitor,False,True
0,192.39,2,20.0,28,1979.3,0.0,0.02,0.0,0.01,Oct,2,1,1,2,New_Visitor,False,True
1,98.62,0,38.07,25,2359.13,0.02,0.008888889,0.0,0.0,Oct,1,1,1,2,Returning_Visitor,False,False
6,177.0,1,500.0,88,2663.82381,0.01,0.01,4.46,0.6,May,2,2,3,4,Returning_Visitor,False,False
2,114.86,2,59.5,39,689.33,0.009756098,0.06,0.0,0.0,Dec,2,2,3,2,New_Visitor,False,False
5,308.5859649,1,0.0,67,2019.35,0.01,0.01,2.74,0.03,Oct,3,2,1,2,Returning_Visitor,False,False
1,18.0,0,0.0,22,495.0,0.03,0.06,0.0,0.0,Mar,2,2,2,1,Returning_Visitor,False,False
1,54.5,0,0.0,26,735.65,0.01,0.04,4.44,0.0,Nov,2,2,3,2,Returning_Visitor,False,False
1,58.68,0,19.27,1,898.27,0.2,0.07,3.29,0.01,Nov,3,2,1,8,New_Visitor,False,False
8,438.3309524,3,703.5,134,4893.55,0.002878526,0.03,13.17,0.02,Nov,2,2,1,10,Returning_Visitor,False,True
4,144.37,0,106.45,36,1380.11,0.0,0.01,4.61,0.0,Oct,2,2,4,2,Returning_Visitor,False,True
2,101.83,0,45.28,13,784.89,0.0,0.03,8.04,0.01,Dec,2,2,1,2,Returning_Visitor,False,False
1,49.04,0,28.75,9,1032.42,0.0,0.004166667,18.02533,0.0,Mar,2,4,3,2,Returning_Visitor,False,True
0,145.65,0,85.99,90,601.7901961,0.01,0.012763533,2.45,0.07,May,2,2,1,4,Returning_Visitor,False,False
1,0.0,0,0.0,19,469.9761905,0.01,0.064,2.63,0.06,May,2,2,1,2,Returning_Visitor,False,False
1,0.0,0,0.0,22,1277.16,0.02,0.03,1.87,0.0,Oct,2,2,1,2,Returning_Visitor,False,False
4,126.87,0,62.19,54,2457.81,0.00754717,0.02,0.0,0.02,Oct,1,1,3,2,Returning_Visitor,False,False
1,73.27,0,36.14,21,1412.48,0.02,0.05,3.08,0.01,Nov,2,2,1,2,Returning_Visitor,True,False
1,78.42,0,32.08,16,701.0,0.0,0.02,0.0,0.0,Feb,2,2,1,2,Returning_Visitor,False,False
7,174.62,0,26.61,23,1268.55,0.01,0.01,2.69,0.02,Aug,1,5,1,2,New_Visitor,True,False
1,54.23,0,29.18,35,1513.0,0.04,0.069333333,2.43,0.08,Oct,2,2,1,3,Returning_Visitor,False,False
1,53.5,0,23.1,12,559.3809524,0.06,0.06,0.0,0.03,May,2,1,1,4,Returning_Visitor,True,False
1,51.19,3,30.77,11,638.7,0.02,0.11,2.35,0.01,Dec,2,2,7,2,Returning_Visitor,False,False
1,29.0,0,22.01,41,1109.93,0.1,0.008424908,2.07,0.01,Mar,2,2,1,1,Returning_Visitor,True,False
0,0.0,0,36.63,13,571.13,0.2,0.2,0.0,0.0,Dec,3,3,3,8,Returning_Visitor,False,False
3,106.0,1,169.96,42,1807.44,0.02,0.04,136.937958,0.31,Feb,8,13,9,1,Other,False,True
1,51.49,0,24.75,7,115.6666667,0.01,0.03,2.13,0.0,Mar,2,2,3,10,Returning_Visitor,True,False
1,52.34,0,19.04,2,317.25,0.04,0.06,2.66,0.09,Oct,2,2,1,1,Returning_Visitor,False,False
3,80.6,1,0.0,33,1280.99,0.01,0.005128205,3.64,0.02,Nov,1,1,4,2,Returning_Visitor,False,False
0,73.88,0,34.97,24,950.0166667,0.009090909,0.03,2.13,0.02,Oct,2,2,1,1,Returning_Visitor,False,False
3,284.0,1,89.06,30,1363.5,0.0,0.03,0.0,0.0,Dec,2,2,1,2,Returning_Visitor,False,False
5,168.7,0,239.2,44,78.5,0.0,0.02,0.0,0.01,Sep,2,2,1,2,Returning_Visitor,False,False
4,196.6,0,44.3,19,813.85,0.01,0.01,2.29,0.05,Oct,1,8,1,1,New_Visitor,True,False
0,0.0,0,54.52,30,360.4733333,0.013333333,0.036666667,4.97,0.0,Jul,1,1,3,3,Returning_Visitor,True,False
2,45.4,0,0.0,15,114.9,0.0,0.02,0.0,0.04,May,2,2,3,4,Returning_Visitor,False,False
0,79.02,0,41.88,21,942.16,0.05,0.066666667,0.0,0.0,May,3,2,5,1,Returning_Visitor,False,False
0,58.39,0,0.0,16,1032.28,0.03,0.06,2.65,0.1,May,3,2,6,13,Returning_Visitor,False,False
1,57.32,0,0.0,13,1909.04,0.16,0.18,1.54,0.03,Mar,2,2,2,4,Returning_Visitor,False,False
9,285.41,1,62.5,63,2476.59,0.01,0.02,0.0,0.04,Mar,4,1,2,4,Returning_Visitor,False,False
3,183.93,1,44.99,23,1174.07,0.0,0.009090909,0.0,0.02,May,2,2,8,4,New_Visitor,True,False
1,37.34,0,18.7,9,620.42,0.03,0.06,1.46,0.07,May,2,2,2,3,Returning_Visitor,True,False
1,0.0,0,49.54,1,615.9,0.2,0.2,0.0,0.01,Dec,3,2,6,1,Returning_Visitor,False,False
0,48.74,0,34.45,16,804.03,0.12,0.133333333,1.63,1.0,May,2,2,4,3,Returning_Visitor,True,False
2,0.0,0,0.0,11,220.5,0.027272727,0.05,2.15,0.0,Oct,2,2,7,1,Returning_Visitor,True,False
3,386.0,0,0.0,72,1249.67,0.01,0.01,0.0,0.01,Nov,2,2,1,2,New_Visitor,False,False
0,0.0,0,51.73,40,1256.2,0.011,0.027788462,3.08,0.0,Nov,2,2,9,1,Returning_Visitor,True,False
2,17.0,0,48.56,21,260.2,0.01,0.03,3.12,0.07,Oct,2,2,3,2,Returning_Visitor,False,False
3,173.41,1,0.0,92,1535.42,0.01,0.037885297,23.7389113,0.0,Nov,2,2,3,2,Returning_Visitor,False,False
0,104.06,0,83.0,16,2162.657393,0.04,0.06,0.0,0.0,Mar,2,2,1,2,Returning_Visitor,False,False
4,206.6666667,0,0.0,33,1627.72,0.01875,0.09375,4.7,0.02,Mar,2,2,1,1,Returning_Visitor,False,False
0,51.4,0,0.0,10,500.57,0.04,0.014,1.54,0.8,May,3,2,1,1,Returning_Visitor,False,False
8,142.52,0,92.38,33,1279.05,0.01,0.01,0.0,0.0,May,2,2,3,3,Returning_Visitor,False,False
1,46.34,0,23.67,11,360.23,0.03,0.09,1.69,0.05,Feb,2,2,2,4,Returning_Visitor,False,True
6,191.59,1,97.56,50,1716.0,0.01,0.004385965,5.42,0.0,Oct,2,2,6,2,Returning_Visitor,False,True
2,74.02,0,93.66666667,13,626.49,0.003773585,0.02,2.22,0.46,May,3,3,3,4,Returning_Visitor,False,False
1,65.19,0,30.66,22,469.54,0.02,0.04,2.31,0.01,Oct,2,2,4,4,Returning_Visitor,False,True
1,0.0,0,0.0,6,659.08,0.02,0.05,3.71,0.07,May,2,2,5,1,Returning_Visitor,False,False
0,74.24,0,42.64,15,730.14,0.01,0.007142857,0.0,0.02,Mar,2,5,3,2,New_Visitor,True,False
3,125.28,0,86.9,34,2060.81,0.01,0.05,7.44,0.09,Oct,2,5,3,5,Returning_Visitor,True,False
1,0.0,0,27.37,7,162.625,0.01,0.022222222,3.36,0.01,Nov,2,2,9,2,Returning_Visitor,True,False
1,58.82,0,0.0,9,920.83,0.0,0.02,1.76,0.05,Mar,2,2,1,2,Returning_Visitor,False,False
2,148.26,1,4.0,30,1326.54,0.006289308,0.02,4.77,0.01,Nov,2,2,1,2,Returning_Visitor,False,True
2,54.0,0,38.17,16,487.6666667,0.01,0.03,7.51,0.0,May,1,1,2,4,Returning_Visitor,False,False
2,112.53,0,245.8,31,1391.68,0.02,0.04,20.42600013,0.01,May,2,2,7,2,Returning_Visitor,False,True
7,459.5,1,140.63,63,1712.26,0.01,0.03820917,8.59,0.01,Jul,3,2,8,1,Returning_Visitor,False,False
7,356.33,5,218.65,60,4316.262171,0.003575419,0.01,14.4,0.02,Jul,2,2,3,2,Returning_Visitor,False,False
6,286.79,1,431.3333333,96,12595.62776,0.002376812,0.03,1.178989949,0.02,Aug,2,2,1,11,Returning_Visitor,False,True
7,440.58,2,355.44,149,3185.6,0.011111111,0.02,0.0,0.01,Nov,2,2,1,2,Returning_Visitor,False,False
0,131.48,0,39.83,20,626.0,0.03,0.06,4.68,0.44,May,1,1,2,8,Returning_Visitor,False,False
2,178.3,2,148.1,39,2237.775,0.01,0.012857143,26.41021956,0.03,Oct,1,1,3,2,Returning_Visitor,False,False
0,0.0,0,42.61,22,1154.18,0.1,0.15,1.99,0.04,Feb,2,2,5,1,Returning_Visitor,False,False
3,131.03,1,81.62,30,4262.966667,0.01,0.02,3.07,0.06,May,2,10,3,2,Returning_Visitor,False,True
1,53.14,0,22.31,13,272.0083333,0.1,0.12,2.16,0.03,Mar,2,2,1,1,Returning_Visitor,False,True
1,52.23,0,0.0,6,604.48,0.02,0.04,0.0,0.1,Mar,2,2,2,1,Other,False,False
1,86.5,0,34.59,7,629.86,0.01,0.03,2.29,0.02,May,2,2,1,2,New_Visitor,False,True
1,258.54,1,740.0,50,1698.08,0.0,0.03,3.4,0.01,Oct,2,2,3,2,Returning_Visitor,False,False
1,38.33,0,21.04,3,596.5,0.01,0.04,0.0,0.14,Oct,1,1,3,3,Returning_Visitor,False,False
6,192.51,1,0.0,28,2019.94,0.02,0.017287582,2.51,0.05,Oct,2,2,1,1,Returning_Visitor,False,False
2,65.49,0,28.12,11,1343.11,0.0,0.025,1.6,0.07,Oct,1,1,2,3,New_Visitor,False,False
0,35.31,0,0.0,8,0.0,0.15,0.13,1.56,0.03,Feb,2,2,2,3,Returning_Visitor,False,False
4,157.9,0,43.14,21,1410.98,0.013793103,0.03,2.1,0.19,May,2,2,2,7,Returning_Visitor,False,False
5,100.9166667,0,48.44,114,3488.070803,0.01,0.022685492,2.38,0.01,Nov,2,2,9,2,Returning_Visitor,False,False
1,52.54,0,26.88,4,1198.22,0.0,0.05,1.49,0.08,May,2,2,1,3,Returning_Visitor,False,False
14,451.66,1,103.48,72,2364.37,0.01010929,0.0254213,2.89,0.01,Sep,1,2,1,2,Returning_Visitor,True,False
0,0.0,0,0.0,13,1097.92,0.01,0.092142857,2.76,0.2,May,2,2,1,1,Returning_Visitor,False,False
5,197.6666667,0,153.46,34,1178.41,0.013333333,0.06,9.84,0.08,Oct,3,2,3,2,Returning_Visitor,False,False
1,46.73,0,22.31,7,551.75,0.03,0.08,4.43,0.0,May,1,1,1,3,Returning_Visitor,False,False
0,104.38,0,41.6,30,3208.208333,0.01,0.01,2.37,0.06,Oct,2,2,1,2,Returning_Visitor,False,True
1,83.13,0,25.5,1,0.0,0.17,0.17,0.0,0.0,Mar,2,2,1,1,Returning_Visitor,False,False
2,33.5,0,66.23,19,897.2,0.01,0.017391304,8.38,0.01,Dec,2,2,3,6,New_Visitor,False,False
0,88.56,0,48.98,24,1065.22,0.01,0.01,39.27145714,0.14,Feb,2,6,6,1,New_Visitor,False,True
8,132.32,0,0.0,18,191.0,0.0,0.033333333,2.29,0.03,Oct,1,1,3,4,New_Visitor,True,False
0,0.0,0,0.0,12,0.0,0.2,0.2,2.01,0.07,Mar,2,2,1,1,Returning_Visitor,False,False
4,157.97,1,0.0,18,1825.68,0.0,0.031818182,6.750968245,0.0,Oct,1,1,3,4,Returning_Visitor,False,True
9,541.47,4,991.25,127,4015.39,0.007542901,0.02,13.6,0.0,Nov,2,2,2,2,Returning_Visitor,False,True
1,74.0,0,0.0,10,592.92,0.0,0.03,0.0,0.0,Oct,4,1,3,2,Returning_Visitor,False,False
5,262.1212121,0,56.51,30,1274.64,0.01,0.020948132,6.35,0.02,May,2,2,1,2,Returning_Visitor,False,False
5,175.125,1,0.0,30,1656.03,0.0,0.026666667,4.05,0.02,Mar,1,1,3,8,New_Visitor,False,False
1,0.0,0,21.2,11,1377.46,0.1,0.1,2.27,0.0,Mar,2,2,2,1,Returning_Visitor,False,False
1,46.83,0,19.51,8,1220.86,0.02,0.027174712,3.541145833,0.04,Mar,2,4,1,1,Returning_Visitor,False,False
1,50.05,0,52.18,24,990.87,0.01,0.052318841,4.98,0.66,May,3,2,6,13,Returning_Visitor,False,False
4,12.0,1,49.14,21,1514.77,0.015540541,0.032152607,0.0,0.02,Mar,2,2,2,2,Returning_Visitor,False,False
0,0.0,0,29.75,9,258.2916667,0.0,0.022222222,3.77,0.07,Oct,2,2,3,2,Returning_Visitor,False,False
0,39.14,0,27.86,15,0.0,0.19,0.2,0.0,0.0,Mar,2,2,2,1,Returning_Visitor,False,False
5,146.34,0,0.0,35,370.4583333,0.01,0.01,3.52,0.0,Dec,3,7,4,1,Returning_Visitor,False,False
1,7.0,0,46.67,20,1058.11,0.019047619,0.031746032,2.21,0.01,Nov,2,2,1,1,Returning_Visitor,False,False
1,46.9,0,20.05,12,885.0,0.04375,0.07,2.35,0.0,Feb,2,2,1,3,Returning_Visitor,False,True
0,59.68,0,31.32,1,692.83,0.02,0.07,2.03,0.01,Dec,1,1,1,2,Returning_Visitor,True,False
0,75.15,0,0.0,15,1182.56,0.017534722,0.04,0.0,0.02,Feb,2,2,1,1,Returning_Visitor,False,False
1,77.73,0,38.64,4,892.01,0.01,0.05,0.0,0.01,Nov,4,2,1,1,Returning_Visitor,False,False
0,173.97,0,0.0,32,1315.177778,0.009039548,0.04,9.71,0.0,Feb,2,2,3,1,Returning_Visitor,False,True
5,106.8,0,0.0,40,1770.33,0.01,0.01,4.81,0.0,Oct,2,2,1,2,Returning_Visitor,False,False
1,73.87,0,54.77,27,344.3452381,0.01,0.015789474,3.35,0.0,Nov,3,2,1,2,Returning_Visitor,True,False
2,279.0,0,46.59,14,1491.48,0.0,0.0125,0.0,0.02,Oct,2,4,3,2,New_Visitor,False,False
1,40.39,0,23.26,9,225.4666667,0.0,0.05,0.0,0.4,Feb,2,2,8,3,Returning_Visitor,False,False
2,197.44,1,252.88,174,3199.53,0.01,0.015842941,8.75,0.0,Nov,2,2,1,2,Returning_Visitor,False,False
0,0.0,0,20.7,10,486.78,0.03,0.07,1.58,0.17,Oct,3,2,3,5,Returning_Visitor,False,False
6,167.34,2,58.62,24,1876.333333,0.02,0.03,16.68711526,0.0,Mar,2,2,1,2,Returning_Visitor,False,False
2,95.0,0,0.0,19,449.5,0.01,0.02,2.05,0.0,Oct,2,2,1,2,New_Visitor,False,False
12,773.44,9,711.49,141,3033.42,0.01,0.03,3.24,0.03,Feb,3,2,1,2,Returning_Visitor,False,True
3,146.44,0,0.0,5,1819.16,0.03,0.04,2.98,0.03,Mar,2,2,1,2,Returning_Visitor,False,False
2,0.0,0,52.79,37,1449.74,0.005555556,0.016666667,4.6,0.0,Mar,2,2,4,2,Returning_Visitor,False,True
2,76.11,0,63.77,41,1470.04,0.009756098,0.035656214,0.0,0.01,Nov,2,1,1,2,Returning_Visitor,True,False
0,85.3,0,30.27,12,399.0,0.0,0.02,0.0,0.0,May,2,2,4,4,Returning_Visitor,False,False
0,0.0,0,45.31,23,810.86,0.01,0.01,22.2993913,0.11,May,2,2,6,2,Returning_Visitor,False,False
4,159.0,1,79.58,34,1788.33,0.01,0.010526316,3.4,0.01,Oct,1,1,2,4,New_Visitor,True,False
3,143.77,1,83.25,77,1022.51,0.01,0.029260777,43.99403085,0.01,Nov,4,1,1,2,New_Visitor,False,False
0,0.0,0,0.0,16,852.45,0.03,0.04,2.17,0.0,Oct,1,1,1,2,Returning_Visitor,False,False
3,154.4,0,52.34,27,1532.15,0.021621622,0.03,0.0,0.0,Oct,2,1,1,3,Returning_Visitor,False,False
3,34.0,0,35.57,20,1188.43,0.04,0.06,0.0,0.03,Mar,2,2,1,2,Returning_Visitor,False,False
5,198.22,0,56.25,28,1420.547902,0.015384615,0.02,4.52,0.06,May,2,2,1,4,Returning_Visitor,False,False
14,169.72,1,195.0,75,5610.686899,0.01,0.019205169,4.96,0.01,Nov,2,2,1,2,Returning_Visitor,False,False
0,36.76,0,0.0,3,864.83,0.01,0.066666667,0.0,0.0,Mar,2,2,1,2,Returning_Visitor,False,False
9,219.25,2,31.0,27,374.3809524,0.01,0.007666667,3.25,0.02,Nov,1,1,1,2,New_Visitor,True,False
2,334.5,1,65.6,17,939.0833333,0.01,0.02,18.22304387,0.0,Oct,2,2,1,6,New_Visitor,False,True
1,38.51,0,0.0,18,1463.71,0.17,0.07,1.7,0.0,May,3,2,4,13,Returning_Visitor,False,False
6,164.86,1,107.14,56,11257.1083,0.02,0.019401736,2.44,0.03,Nov,2,5,1,2,Returning_Visitor,True,False
2,101.9,0,27.47,16,273.8,0.02,0.03,0.0,0.02,Mar,2,2,1,2,New_Visitor,True,False
4,206.25,1,77.2,16,1486.6,0.0,0.011111111,5.05,0.0,Sep,2,2,1,2,New_Visitor,True,True
0,37.36,0,0.0,7,162.25,0.01,0.09047619,1.54,0.0,Dec,2,2,3,3,Returning_Visitor,False,False
1,0.0,0,23.91,13,212.5,0.01,0.033333333,1.66,0.0,Mar,3,2,1,3,Returning_Visitor,False,False
5,462.0,1,57.0,39,1127.08,0.01,0.01,0.0,0.07,Oct,3,2,5,2,New_Visitor,False,False
1,61.47,0,46.69,14,892.09,0.022988506,0.05,2.76,0.14,May,2,2,3,1,Returning_Visitor,False,False
2,94.72,0,0.0,24,998.69,0.005882353,0.035620915,2.88,0.02,Feb,2,2,4,2,Returning_Visitor,False,False
2,128.5,0,0.0,25,1248.39,0.01,0.053439153,4.06,0.01,Nov,2,2,1,2,Returning_Visitor,False,False
1,47.16666667,0,3.0,9,400.89,0.01,0.04,7.734903101,0.07,May,2,2,6,4,Returning_Visitor,False,True
0,0.0,0,43.99,25,73.0,0.02,0.15,2.15,0.0,Mar,2,2,3,1,Returning_Visitor,False,False
1,0.0,0,46.02,40,764.95,0.055,0.08,0.0,0.0,Sep,1,8,6,1,Returning_Visitor,False,False
0,76.48,0,43.06,23,1408.99,0.0,0.05,2.92,0.02,May,2,2,3,2,Returning_Visitor,False,False
5,140.6,0,89.69,46,2150.0,0.01,0.007459475,4.65,0.01,Oct,2,2,1,2,Returning_Visitor,False,True
5,698.1333333,1,9.0,83,4306.612355,0.02,0.02,8.72,0.02,Oct,1,1,3,2,Returning_Visitor,True,True
2,113.16,0,41.8,21,1030.06,0.0,0.03,0.0,0.04,May,2,2,6,4,New_Visitor,False,False
2,0.0,0,33.33,13,576.73,0.01,0.015384615,0.0,0.0,Mar,4,1,2,8,New_Visitor,False,False
2,118.12,0,45.53,24,515.5757576,0.01,0.003703704,0.0,0.05,Mar,3,2,2,2,Returning_Visitor,False,False
1,42.77,0,0.0,1,0.0,0.03,0.08,0.0,0.26,May,3,2,3,3,Returning_Visitor,False,False
0,28.19,0,17.39,8,1311.39,0.15,0.14,1.6,0.0,Aug,2,2,1,3,Returning_Visitor,False,False
0,87.48,0,70.57,20,680.0,0.02,0.06,2.71,0.6,May,2,2,2,3,Returning_Visitor,False,False
1,80.06,0,39.72,3,21.0,0.01,0.05,6.62,0.0,Mar,3,2,7,8,Returning_Visitor,False,False
2,0.0,0,73.29,32,1468.05,0.0,0.05,3.86,0.01,Nov,2,2,4,2,Returning_Visitor,False,False
2,46.4,1,55.23,22,349.0,0.02,0.04,6.1,0.0,Aug,2,2,9,2,Returning_Visitor,False,False
4,160.78,0,90.92,42,3503.025,0.005142857,0.01,21.76475048,0.0,May,2,2,2,4,Returning_Visitor,False,False
14,83.43,0,70.8,12,2317.4,0.04,0.002380952,1.58,0.03,Mar,2,2,9,4,Returning_Visitor,False,False
1,39.21,0,15.05,6,0.0,0.11,0.12,1.54,0.05,Mar,1,1,1,3,Returning_Visitor,False,False
1,47.75,0,27.01,14,1086.28,0.01,0.033333333,1.7,0.04,Mar,2,2,3,1,Returning_Visitor,False,False
0,129.95,0,58.78,15,789.6666667,0.0,0.04,5.87,0.02,Aug,2,2,2,2,Returning_Visitor,False,True
1,48.73,0,0.0,9,702.19,0.008163265,0.05,2.06,0.0,Sep,2,4,3,1,Returning_Visitor,False,False
5,95.58,0,42.85,19,181.3,0.01,0.02,0.0,0.0,Feb,2,2,1,8,New_Visitor,False,False
1,53.82,0,29.51,7,769.59,0.0,0.025,3.32,0.17,May,2,2,1,1,Returning_Visitor,False,False
1,150.62,1,0.0,6,1349.46,0.0,0.028571429,3.19,0.01,Jul,2,5,1,1,Returning_Visitor,False,True
1,46.27,0,28.7,19,1383.191667,0.02,0.05,0.0,0.0,May,2,2,1,3,Returning_Visitor,False,False
3,44.3,0,44.5,19,468.85,0.01,0.02,64.2879309,0.0,Nov,1,1,3,2,New_Visitor,False,True
16,136.12,1,126.71,58,2165.42,0.015067698,0.02,1.59,0.04,Oct,3,2,1,1,Returning_Visitor,False,True
0,0.0,0,0.0,8,851.78,0.09,0.1,0.0,0.0,Mar,1,1,1,3,Returning_Visitor,False,False
4,169.2,0,48.76,14,904.05,0.01,0.02,34.75023292,0.01,Jul,3,2,3,2,Returning_Visitor,True,True
2,32.5,0,25.79,14,1717.33,0.04,0.04,1.65,0.04,Mar,2,2,1,4,Returning_Visitor,False,False
0,61.15,0,25.05,16,1527.35,0.00952381,0.025396825,2.11,0.04,Mar,2,2,1,2,Returning_Visitor,False,True
1,60.91,0,21.41,53,661.4455285,0.06,0.06,1.49,0.0,Mar,2,2,2,4,Returning_Visitor,False,False
1,44.5,1,66.5,18,568.25,0.018181818,0.033333333,26.45046371,0.0,Nov,1,1,2,7,Returning_Visitor,True,False
1,0.0,0,0.0,17,1526.67,0.01,0.018181818,0.0,0.05,Oct,2,2,1,2,Returning_Visitor,False,False
1,0.0,0,0.0,22,0.0,0.2,0.2,0.0,0.07,Feb,2,4,2,1,Returning_Visitor,False,False
1,62.23,0,0.0,12,437.12,0.01,0.06,0.0,0.01,Nov,2,1,6,11,New_Visitor,False,False
3,0.0,0,55.29,27,1660.13,0.007407407,0.02,3.18,0.0,Oct,4,2,3,2,New_Visitor,False,False
1,0.0,0,0.0,14,837.65,0.06,0.08,1.73,0.4,May,2,2,2,4,Returning_Visitor,False,False
2,0.0,0,91.45,42,2058.25,0.01,0.03,2.4,0.2,May,2,10,7,1,Returning_Visitor,False,False
1,0.0,0,24.12,10,726.86,0.02,0.03,2.29,0.02,Oct,2,2,2,2,New_Visitor,False,True
1,56.4,0,51.71,22,2163.569524,0.01,0.032253521,7.38,0.0,June,2,2,2,2,Returning_Visitor,False,False
2,0.0,0,53.67,56,1390.71,0.01,0.03345679,3.35,0.01,Aug,2,2,3,1,Returning_Visitor,False,False
1,74.08,0,44.28,17,208.0,0.0,0.02,3.37,0.0,Dec,2,2,1,2,Returning_Visitor,False,True
1,109.79,1,28.08,15,1840.72,0.011764706,0.07254902,2.63,0.04,Mar,2,2,2,1,Returning_Visitor,False,False
0,139.04,0,0.0,21,1399.44,0.01,0.028571429,53.988,0.0,May,2,2,3,4,Returning_Visitor,True,True
1,14.0,0,25.2,11,3578.1,0.08,0.07,0.0,0.04,Oct,1,1,1,1,Returning_Visitor,False,False
0,67.41,0,27.27,16,1419.97,0.035087719,0.061650605,2.59,0.14,Aug,2,2,2,3,Returning_Visitor,False,False
2,23.0,0,46.24,17,804.77,0.01,0.022807018,5.83,0.0,Jul,2,2,1,2,Returning_Visitor,False,False
1,42.0,0,23.7,12,914.9,0.012222222,0.02,0.0,0.07,Mar,2,2,1,2,Returning_Visitor,False,False
1,14.5,0,0.0,14,841.82,0.01,0.016073781,6.43,0.01,Nov,2,2,9,2,New_Visitor,True,False
1,0.0,0,0.0,6,83.0,0.09,0.13,0.0,0.04,Mar,2,2,2,3,Returning_Visitor,False,False
3,509.6666667,1,0.0,25,976.3382353,0.01,0.02,3.15,0.02,Mar,2,2,3,2,New_Visitor,False,True
1,51.71,0,41.59,17,203.0,0.02,0.1,0.0,0.49,May,2,2,1,3,Returning_Visitor,False,False
1,4.0,0,32.11,26,242.1095238,0.02,0.04,0.0,0.01,June,2,2,1,1,Returning_Visitor,False,False
3,104.48,0,26.36,12,1270.08,0.014285714,0.033333333,2.26,0.0,Mar,1,1,6,1,Returning_Visitor,False,False
1,38.48,0,23.27,11,855.57,0.2,0.2,0.0,0.04,Mar,2,2,1,15,Returning_Visitor,False,False
4,221.8333333,1,51.5,35,1361.14,0.01,0.017585825,0.0,0.0,Oct,2,2,8,2,Returning_Visitor,False,False
0,62.59,0,0.0,1,0.0,0.12,0.2,2.56,0.48,May,1,1,9,4,New_Visitor,False,False
2,145.11,0,41.31,16,949.49,0.01,0.04,5.62,0.07,Oct,2,2,1,2,New_Visitor,False,True
0,0.0,3,111.35,76,1984.3,0.01,0.014700317,0.0,0.02,Mar,3,2,1,2,Returning_Visitor,False,True
1,0.0,0,0.0,6,671.6666667,0.0,0.04,1.85,0.03,Mar,2,2,3,2,Returning_Visitor,False,False
4,55.75,1,109.76,25,685.95,0.0,0.017724868,5.02,0.05,Oct,3,2,7,2,Returning_Visitor,True,True
4,150.5,0,0.0,28,549.0833333,0.0,0.013571429,2.58,0.0,May,1,1,3,2,Returning_Visitor,False,True
3,7.0,0,65.11,21,999.89,0.0,0.006896552,6.99,0.01,Mar,2,2,3,2,New_Visitor,False,False
1,54.91,0,21.7,11,1453.67,0.02,0.027272727,0.0,0.0,Mar,2,2,1,2,Returning_Visitor,False,False
9,88.60416667,1,82.54,36,2997.00203,0.01,0.005989942,32.56725746,0.03,Oct,2,4,2,2,Returning_Visitor,False,True
3,87.62,0,44.97,29,1136.56,0.003448276,0.025517241,2.38,0.8,May,2,2,3,4,Returning_Visitor,False,False
0,48.23,0,30.48,13,1051.46,0.12,0.18,1.46,0.8,May,2,2,2,4,Returning_Visitor,False,False
0,0.0,0,19.85,21,1050.08,0.14,0.16,0.0,0.04,Mar,2,2,1,1,Returning_Visitor,False,False
4,88.625,3,170.5833333,36,1993.6,0.0,0.005555556,2.51,0.0,Oct,2,2,2,2,Returning_Visitor,False,False
1,67.77,0,30.94,9,665.97,0.0,0.04,0.0,0.13,May,2,2,5,4,Returning_Visitor,False,False
1,0.0,0,38.29,9,684.68,0.01,0.016666667,2.21,0.0,May,2,2,3,1,Returning_Visitor,False,False
13,187.6,1,3.0,34,858.9464286,0.0,0.02,17.78585727,0.0,Oct,2,2,5,2,Returning_Visitor,False,False
1,0.0,0,39.75,18,810.5,0.01,0.017207792,1.7,0.0,Nov,2,2,9,3,Returning_Visitor,True,False
2,125.24,1,143.24,38,1596.09,0.02,0.03,111.2629939,0.0,Nov,2,2,1,2,Returning_Visitor,True,True
7,252.13,2,239.54,67,1839.33,0.01,0.01,6.25,0.0,May,3,2,2,8,Returning_Visitor,False,True
1,53.3,0,0.0,12,96.0,0.02,0.18,2.92,0.13,May,1,8,6,11,Returning_Visitor,False,False
4,168.95,2,54.0,38,1301.74,0.01,0.008333333,5.04,0.01,Oct,2,2,8,1,Returning_Visitor,False,False
9,357.25,1,138.25,47,1944.04,0.01,0.02,54.9759,0.0,May,2,2,1,2,Returning_Visitor,False,True
2,86.8,0,0.0,17,1029.13,0.01,0.05,0.0,0.6,May,2,2,3,6,Returning_Visitor,False,False
6,107.94,2,44.03,24,971.86,0.01,0.016666667,15.70942935,0.02,Mar,2,2,3,2,New_Visitor,False,True
1,34.44,0,30.06,16,2046.84,0.16,0.183333333,0.0,0.0,May,3,2,2,13,Returning_Visitor,False,False
0,76.69,0,43.28,1,1236.92,0.0,0.05,0.0,0.02,May,2,2,7,2,Returning_Visitor,False,False
0,39.57,0,19.69,9,869.7,0.07,0.08,0.0,0.09,Mar,2,2,3,1,Returning_Visitor,False,False
0,0.0,0,0.0,1,1374.6,0.19,0.2,0.0,0.06,Mar,1,1,9,1,Returning_Visitor,False,False
2,18.2,0,42.26,0,2284.54,0.0,0.03,2.68,0.03,May,2,4,1,5,Returning_Visitor,False,False
0,0.0,0,20.63,10,1221.3,0.0,0.09,0.0,0.0,Mar,2,2,1,4,Returning_Visitor,False,False
4,79.6,3,332.08,34,1011.016667,0.018918919,0.02,10.0,0.01,May,2,2,7,1,Returning_Visitor,False,True
1,0.0,0,0.0,17,737.86,0.016666667,0.03,2.93,0.04,Mar,3,2,1,2,Returning_Visitor,False,False
3,193.11,3,53.79,29,10.0,0.0,0.04,3.56,0.01,Nov,1,1,1,2,New_Visitor,True,True
3,82.0,0,55.37,17,1275.98,0.02,0.04,2.18,0.01,Jul,3,2,1,13,Returning_Visitor,False,False
3,49.28,0,26.6,15,1726.72,0.05,0.13,2.26,0.01,Nov,1,1,1,2,Returning_Visitor,False,False
1,55.06,0,0.0,5,785.17,0.03,0.06,4.37,0.22,May,3,2,4,15,Returning_Visitor,True,False
2,84.25,0,31.26,16,1515.23,0.007766272,0.03,2.32,0.03,Oct,2,2,1,1,Returning_Visitor,False,True
1,40.98,0,0.0,9,1257.57,0.1,0.11,1.54,0.04,Mar,1,1,1,3,Returning_Visitor,False,False
4,110.0,2,1188.5,230,9648.177094,0.004444444,0.015486639,20.33,0.0,Nov,2,2,1,2,Returning_Visitor,False,False
0,0.0,0,31.96,11,1784.15,0.03,0.05,4.73,0.03,Oct,2,2,2,1,Returning_Visitor,False,False
4,28.0,1,114.33,40,1548.63,0.01,0.02,0.0,0.0,Nov,2,2,1,2,Returning_Visitor,False,False
7,251.75,1,105.54,37,50.0,0.01,0.05,6.35,0.04,Mar,2,2,3,2,Returning_Visitor,False,False
5,50.66666667,1,0.0,31,1354.41,0.014942529,0.03,0.0,1.0,May,2,2,3,2,Returning_Visitor,True,False
2,0.0,0,48.6,19,180.1470588,0.0,0.055555556,2.13,0.0,Mar,6,2,3,8,Returning_Visitor,False,False
3,0.0,0,66.4,34,6100.527778,0.01,0.01,0.0,0.11,May,2,2,1,4,Returning_Visitor,False,False
0,0.0,0,0.0,9,1433.91,0.08,0.09,2.79,0.05,Mar,2,2,1,3,Returning_Visitor,False,False
1,65.01,1,31.01,13,65.0,0.0,0.04,2.09,0.6,May,2,2,1,4,Returning_Visitor,False,False
1,39.83,0,0.0,14,1418.16,0.03,0.04,1.5,0.0,Feb,2,4,4,4,Returning_Visitor,True,False
2,95.47,0,29.19,14,737.29,0.01,0.02,18.71641694,0.0,Oct,2,2,3,2,Returning_Visitor,False,False
0,0.0,0,0.0,18,883.55,0.02,0.04,0.0,0.05,Oct,2,2,1,1,Returning_Visitor,False,False
0,48.71,0,39.4,20,901.48,0.2,0.2,0.0,0.0,Mar,1,1,1,1,Returning_Visitor,False,False
1,57.87,0,0.0,1,0.0,0.06,0.11,2.46,0.02,Mar,2,2,3,1,Returning_Visitor,False,False
0,45.53,0,20.24,9,784.39,0.03,0.07,0.0,0.01,Nov,2,2,1,2,Returning_Visitor,True,False
5,212.97,1,0.0,40,2067.14,0.02,0.037037037,0.0,0.12,Oct,3,2,1,4,Returning_Visitor,True,False
0,38.22,0,23.93,13,1272.07,0.02,0.025,0.0,0.05,May,2,2,1,3,Returning_Visitor,True,False
0,47.11,0,29.71,14,0.0,0.2,0.2,0.0,0.0,Mar,1,1,3,3,Returning_Visitor,False,False
5,211.69,4,171.74,13,2586.89,0.02,0.02,4.42,0.02,Oct,3,2,1,3,Returning_Visitor,False,False
2,63.0,0,0.0,18,43.75,0.016666667,0.05,0.0,0.0,Oct,1,1,3,2,Returning_Visitor,False,False
0,43.11,0,37.91,13,449.34,0.2,0.2,0.0,0.01,Dec,3,2,1,3,Returning_Visitor,False,False
9,76.54166667,1,43.88,6,64.20833333,0.0,0.02,0.0,0.0,Nov,1,1,9,10,Returning_Visitor,True,False
3,172.0,0,53.86,22,1202.34,0.01,0.02,8.13,0.23,May,2,2,2,4,Returning_Visitor,False,False
0,0.0,0,41.28,16,1079.14,0.0,0.06,6.59,0.0,Dec,1,1,1,2,Returning_Visitor,False,False
3,186.55,0,159.25,79,2108.48,0.012820513,0.028846154,3.28,0.01,Dec,2,2,1,1,Returning_Visitor,False,False
3,139.24,1,109.13,31,1076.67,0.01,0.011764706,4.04,0.01,Mar,2,2,1,2,Returning_Visitor,False,False
2,103.6,0,29.54,17,1102.91,0.02,0.03,0.0,0.03,Oct,1,1,1,4,Returning_Visitor,True,False
8,191.61,1,93.74,39,643.4333333,0.0,0.019047619,0.0,0.01,Oct,2,2,9,4,Returning_Visitor,True,False
4,124.33,0,0.0,20,24.0,0.01,0.01,1.98,0.02,Oct,1,1,3,2,Returning_Visitor,False,False
1,0.0,0,19.57,9,755.41,0.03,0.05,0.0,0.08,Oct,2,2,1,1,Returning_Visitor,False,False
1,54.5,0,0.0,3,704.56,0.01,0.033333333,2.53,0.01,Nov,1,1,1,2,New_Visitor,True,False
3,0.0,1,0.0,30,4597.575252,0.006766917,0.02,7.21,0.0,Dec,2,2,3,2,New_Visitor,False,False
1,44.22,0,35.29,5,965.51,0.01,0.04,1.89,0.01,Nov,2,2,1,2,Returning_Visitor,False,False
8,588.2972222,1,125.97,46,1497.46,0.01,0.01,0.0,0.12,Oct,2,2,1,2,Returning_Visitor,False,False
2,91.45,1,46.55,28,519.3,0.01,0.02,0.0,0.12,May,2,2,1,6,Returning_Visitor,False,False
4,173.9666667,1,0.0,21,930.3666667,0.01,0.017272727,0.0,0.0,May,3,2,2,4,New_Visitor,False,False
1,0.0,0,40.39,2,74.0,0.03,0.05,2.71,0.01,Mar,3,2,1,1,Returning_Visitor,False,False
2,77.5,0,0.0,35,2518.266667,0.01,0.012576313,0.0,0.01,Jul,2,2,9,2,New_Visitor,True,False
2,0.0,0,35.4,17,76.5,0.02,0.047619048,0.0,0.0,Nov,2,2,3,5,Returning_Visitor,False,False
1,71.87,0,38.51,40,1209.802992,0.01,0.05,0.0,0.0,Mar,2,2,2,1,Returning_Visitor,False,False
3,111.07,0,28.36,9,620.2,0.01,0.005555556,2.2,0.08,May,1,1,3,4,Returning_Visitor,False,False
1,80.12,0,38.39,15,627.66,0.044444444,0.11,2.1,0.0,Oct,2,2,1,3,Returning_Visitor,True,False
0,52.41,0,20.69,14,1164.68,0.01,0.034693878,1.88,0.06,Oct,2,2,8,1,Returning_Visitor,False,False
2,70.06,0,0.0,18,973.05,0.0,0.02,1.81,0.07,Aug,1,1,1,3,Returning_Visitor,False,False
1,56.04,0,36.11,18,1035.26,0.02,0.06,1.65,0.0,Nov,2,1,1,11,Returning_Visitor,False,True
1,56.38,0,0.0,2,758.41,0.2,0.2,0.0,0.01,Nov,3,2,1,1,Returning_Visitor,True,False
3,0.0,0,98.39,65,1594.66,0.01,0.040540739,0.0,0.0,Mar,3,2,2,4,Returning_Visitor,True,False
1,37.09,0,20.17,3,12.0,0.02,0.03,1.51,0.05,May,2,2,1,3,Returning_Visitor,False,False
1,0.0,0,0.0,2,24.5,0.01,0.04,12.75,0.0,Dec,2,2,2,2,Returning_Visitor,False,False
6,142.0,1,19.0,23,1329.36,0.0,0.02,0.0,0.01,Oct,3,2,3,2,New_Visitor,True,False
4,107.18,0,68.42,56,2528.28,0.000595238,0.023809524,3.05,0.0,Oct,2,2,3,2,Returning_Visitor,False,True
2,60.57,0,45.65,27,1150.93,0.047619048,0.062857143,0.0,0.12,Oct,3,2,1,1,Returning_Visitor,False,False
2,89.33333333,0,37.01,22,908.21,0.02,0.03,0.0,0.02,Mar,2,2,2,2,New_Visitor,True,False
2,47.2,0,0.0,2,12.0,0.0,0.02,7.43,0.01,Oct,2,2,4,2,Returning_Visitor,False,False
15,347.87,2,433.83,91,2303.46,0.02,0.04,3.53,0.03,Oct,2,2,3,2,New_Visitor,True,False
1,41.96,0,18.18,7,1214.79,0.06,0.07,1.74,0.03,Mar,2,2,1,1,Returning_Visitor,False,False
1,56.22,0,22.95,12,1428.26,0.0,0.04,1.62,0.02,Mar,2,2,1,2,Returning_Visitor,False,True
2,0.0,0,58.7,25,653.4,0.041333333,0.07,3.07,0.19,May,2,2,2,1,Returning_Visitor,False,False
1,8.0,2,65.36,30,1918.96,0.0,0.04,5.38,0.01,Nov,2,2,1,2,Returning_Visitor,False,False
4,130.69,1,101.64,68,2524.719048,0.01,0.02,5.39,0.0,May,2,2,6,1,Returning_Visitor,False,False
1,50.25,0,48.98,24,1587.7,0.2,0.2,0.0,0.0,Feb,3,2,3,13,Returning_Visitor,False,False
1,149.5,0,0.0,10,1562.333333,0.038709677,0.04,2.02,0.2,May,2,2,3,2,Returning_Visitor,False,False
5,122.25,1,33.5,35,1498.47,0.006557377,0.012080406,5.39,0.0,Oct,1,1,1,2,Returning_Visitor,False,False
5,131.97,0,49.02,25,939.7833333,0.0,0.04,0.0,0.03,Mar,2,2,1,2,Returning_Visitor,False,True
0,74.42,0,28.08,3,788.95,0.01,0.04,0.0,0.07,Feb,2,2,9,2,Returning_Visitor,False,False
1,0.0,0,0.0,11,977.07,0.0,0.04,0.0,0.03,May,2,2,2,4,Returning_Visitor,False,False
4,279.0,0,55.97,0,0.0,0.0,0.02,2.66,0.0,Oct,2,2,1,2,New_Visitor,True,False
1,0.0,0,21.67,9,687.18,0.02,0.03,1.96,0.02,Oct,2,2,2,2,Returning_Visitor,True,False
5,180.22,1,0.0,42,3346.969048,0.01,0.008471594,6.11,0.02,Feb,1,6,2,1,Returning_Visitor,False,False
1,55.33,0,22.54,12,1684.88,0.16,0.18,2.039270228,0.04,Mar,2,2,2,4,Returning_Visitor,False,False
1,0.0,0,54.43,17,103.5,0.01,0.03,3.99,0.01,Dec,1,1,4,2,Returning_Visitor,False,False
7,144.78,1,59.49,29,1240.15,0.009302326,0.01,2.37,0.02,May,2,2,1,4,Returning_Visitor,False,False
1,41.61,0,0.0,8,1206.65,0.0,0.06,0.0,0.0,Mar,1,1,2,4,Returning_Visitor,False,False
2,77.83333333,1,57.86,26,1110.38,0.021428571,0.038095238,3.39,0.01,Nov,1,1,3,1,Returning_Visitor,False,False
3,112.54,0,43.26,67,2199.976786,0.01,0.027665354,0.0,0.03,Oct,1,1,3,4,Returning_Visitor,False,False
2,245.25,0,0.0,17,1910.02,0.0,0.055555556,7.15,0.02,Aug,2,2,1,2,Returning_Visitor,False,False
1,51.39,0,0.0,13,966.37,0.01,0.04,0.0,0.18,Oct,3,2,4,3,Returning_Visitor,False,False
1,67.03,0,27.09,17,3218.62,0.02,0.028571429,1.78,0.0,Mar,2,2,1,4,Returning_Visitor,True,False
1,0.0,0,0.0,9,954.08,0.0,0.04,3.99,0.01,Dec,2,2,1,2,Returning_Visitor,False,False
9,216.23,1,95.14,310,2347.15,0.02,0.012414294,2.43,0.02,Oct,2,2,3,2,Returning_Visitor,False,False
2,60.57,0,0.0,30,1143.87,0.01,0.064880952,3.11,0.0,May,3,2,6,13,Returning_Visitor,False,False
9,124.125,1,181.54,35,1653.13,0.008943089,0.030662021,10.69,0.01,Mar,2,2,3,2,Returning_Visitor,False,False
4,338.0,1,100.59,34,932.2,0.01,0.0375,19.23625,0.05,Mar,3,2,2,2,Returning_Visitor,False,True
0,84.3,0,0.0,2,64.4,0.0,0.1,2.53,0.01,May,2,2,2,20,Returning_Visitor,False,False
1,58.32,0,22.48,11,1203.31,0.0,0.05,0.0,0.0,Mar,2,2,1,2,Returning_Visitor,False,False
1,64.79,0,0.0,2,1846.47,0.0,0.1,1.49,0.03,Mar,2,2,3,4,Returning_Visitor,True,False
1,0.0,0,24.55,7,492.99,0.02,0.04,0.0,0.2,May,2,7,2,1,Returning_Visitor,False,False
6,110.69,0,0.0,23,663.2777778,0.01,0.007058824,1.72,0.0,Nov,1,1,1,2,Returning_Visitor,True,False
2,98.59,1,38.0,20,1239.58,0.018181818,0.04,2.93,0.11,May,3,2,2,8,Returning_Visitor,True,False
3,98.8,0,0.0,59,1609.11,0.017241379,0.02,2.57,0.08,Oct,3,2,1,3,Returning_Visitor,False,False
0,48.77,0,19.4,11,529.21,0.03,0.09,1.87,0.0,May,3,2,2,1,Returning_Visitor,False,False
2,67.98,0,34.48,16,305.4285714,0.0,0.06,2.35,0.04,Mar,2,1,3,11,Returning_Visitor,False,False
3,120.5,0,0.0,12,985.4,0.01,0.03,6.49,0.0,Mar,2,2,3,2,New_Visitor,True,False
1,117.05,1,74.99,98,6212.779517,0.01,0.01,0.0,0.0,Nov,2,2,9,2,Returning_Visitor,True,False
2,97.54,0,0.0,32,1427.676667,0.01,0.021875,4.14,0.04,Oct,2,2,1,2,Returning_Visitor,False,True
0,0.0,0,0.0,1,0.0,0.2,0.2,0.0,0.0,Mar,1,1,1,3,Returning_Visitor,False,False
0,44.02,0,29.84,13,1152.32,0.034375,0.07,1.67,0.8,May,2,2,2,1,Returning_Visitor,False,False
1,97.76,0,30.1,20,736.71,0.04,0.06,0.0,0.0,June,1,1,4,3,Returning_Visitor,False,False
1,61.9,0,0.0,13,42.0,0.04,0.08,0.0,0.13,Dec,2,2,2,3,Returning_Visitor,False,False
2,0.0,0,44.15,35,5996.025,0.010388889,0.03,3.71,0.06,May,2,2,8,6,Returning_Visitor,True,False
1,41.48,0,36.0,1,686.89,0.2,0.2,0.0,0.04,Mar,3,2,1,7,Returning_Visitor,False,False
1,41.67,0,21.85,9,840.89,0.1,0.16,1.63,0.01,Nov,1,1,1,2,Returning_Visitor,False,False
2,183.74,0,0.0,31,1290.2,0.01,0.02,6.72,0.0,Oct,2,2,1,1,Returning_Visitor,False,True
0,32.21,0,0.0,3,1011.34,0.2,0.2,1.39,0.6,May,3,2,6,3,Returning_Visitor,False,False
1,71.47,0,25.2,15,198.5221501,0.08,0.11,4.03,0.04,Oct,1,1,1,3,Returning_Visitor,False,False
3,25.2,1,84.85,32,1054.99,0.01,0.02,7.04,0.08,May,3,2,4,8,Returning_Visitor,False,False
1,10.5,3,264.75,195,2145.82,0.01,0.01,7.21,0.01,Dec,2,2,1,2,Returning_Visitor,False,False
0,191.72,1,0.0,53,1618.203333,0.023846154,0.02,6.42,0.19,Oct,1,8,9,3,Returning_Visitor,True,False
0,67.64,1,28.45,18,1668.09,0.011428571,0.03,2.32,0.05,Oct,2,2,2,2,Returning_Visitor,False,False
1,53.96,0,24.66,10,657.59,0.01,0.018181818,4.86,0.28,May,3,2,1,1,Returning_Visitor,False,False
15,370.275,12,255.04,72,2561.64,0.01,0.02,3.358133333,0.0,Oct,1,1,3,2,Returning_Visitor,False,True
11,320.54,4,650.94,155,1365.216667,0.01,0.01,9.43,0.0,Mar,2,2,3,2,Returning_Visitor,False,False
11,269.67,1,110.44,44,1303.67,0.01,0.028421053,3.58,0.03,Oct,2,2,3,8,Returning_Visitor,False,False
1,43.94,0,26.32,13,1158.2,0.09,0.12,1.47,0.8,May,2,2,4,3,Returning_Visitor,False,False
2,36.0,0,47.84,22,168.8461538,0.0,0.011764706,2.98,0.02,Oct,2,2,1,2,Returning_Visitor,False,False
0,55.93,0,37.79,16,0.0,0.2,0.2,1.59,0.0,Mar,1,1,1,3,Returning_Visitor,False,False
3,15.0,0,49.23,24,1887.32,0.018181818,0.054545455,2.89,0.0,Mar,2,2,1,2,New_Visitor,True,False
1,0.0,0,30.3,19,1306.0,0.02,0.12,2.08,0.09,Oct,2,2,2,1,Returning_Visitor,False,False
0,45.5,0,0.0,10,1331.41,0.09,0.07,1.46,0.02,Mar,1,1,1,3,Returning_Visitor,False,False
1,0.0,0,25.6,8,621.22,0.05,0.06,2.92,0.0,May,2,2,1,3,Returning_Visitor,False,False
3,90.0,0,66.52,20,629.13,0.01,0.03,2.01,0.08,Oct,3,4,3,8,Returning_Visitor,False,True
4,102.0,0,0.0,29,6977.96,0.05,0.04,2.84,0.03,Oct,1,1,1,4,New_Visitor,True,True
8,351.62,1,107.44,48,1552.01,0.01,0.012903226,30.27,0.03,May,2,2,2,13,Returning_Visitor,False,False
0,0.0,0,38.84,27,2374.29,0.07,0.1,0.0,0.0,Mar,1,1,1,1,Returning_Visitor,False,False
0,70.48,0,37.0,5,763.89,0.02,0.04,2.62,0.1,May,3,2,5,3,Returning_Visitor,True,False
2,88.6,0,0.0,11,1244.54,0.12,0.007605389,0.0,0.03,Mar,2,2,1,3,Returning_Visitor,False,False
1,55.45,0,25.86,15,852.83,0.0,0.04,1.65,0.0,Oct,2,2,8,1,Returning_Visitor,False,True
1,75.61,1,28.49,54,1603.333333,0.06,0.025423729,1.99,0.4,May,2,2,2,4,Returning_Visitor,False,False
1,57.69,0,0.0,4,228.5,0.05,0.04,1.52,0.4,Aug,2,2,2,4,New_Visitor,False,False
0,0.0,0,0.0,14,731.53,0.018181818,0.06,4.15,0.01,Nov,1,1,1,1,Returning_Visitor,False,False
0,142.12,1,129.72,26,16.0,0.01,0.08,6.67,0.0,Dec,2,2,7,3,Returning_Visitor,False,False
6,112.74,0,51.1,29,1347.94,0.0,0.01,3.85,0.01,Nov,2,2,1,8,New_Visitor,False,True
1,66.66,0,32.4,17,1340.583333,0.02,0.05,2.77,0.0,Nov,3,2,1,4,Returning_Visitor,True,True
1,3.0,0,37.47,26,1368.88,0.0,0.0125,0.0,0.04,Oct,2,2,1,2,Returning_Visitor,False,False
3,15.0,2,98.17,108,6740.557143,0.01,0.032553517,24.80248887,0.06,Oct,2,2,6,2,Returning_Visitor,False,True
0,53.01,0,0.0,6,1926.47,0.0,0.016666667,0.0,0.04,May,2,2,1,13,Returning_Visitor,False,False
2,20.0,0,37.16,20,790.38,0.01,0.02,4.04,0.12,May,1,1,1,2,Returning_Visitor,False,False
3,107.76,0,306.1,41,2205.84,0.001754386,0.02,22.65941331,0.01,Nov,2,2,3,2,Returning_Visitor,False,False
1,57.86,0,24.86,12,1219.22,0.00754386,0.037316087,0.0,0.11,Oct,2,2,1,1,Returning_Visitor,False,False
0,0.0,0,40.93,1,0.0,0.2,0.19,4.29,0.59,May,1,6,2,5,Returning_Visitor,False,False
6,104.78,0,45.99,49,1714.38,0.01,0.015711501,4.376915789,0.4,May,2,2,4,4,Returning_Visitor,False,False
2,349.31,7,300.38,74,2868.09,0.001834947,0.02,8.920900783,0.02,Feb,2,2,1,2,Returning_Visitor,False,True
1,0.0,0,0.0,15,0.0,0.2,0.2,2.18,0.14,Oct,3,2,1,3,Returning_Visitor,False,False
1,0.0,0,24.93,7,360.75,0.03,0.05,3.52,0.01,Mar,1,1,1,3,New_Visitor,True,False
6,187.775,1,109.61,98,2138.481263,0.01,0.02,4.74,0.02,Oct,2,2,3,2,Returning_Visitor,False,False
0,41.76,0,0.0,19,801.5833333,0.01,0.035087719,1.58,0.03,Mar,1,1,1,2,Returning_Visitor,False,False
0,106.36,0,38.34,20,924.61,0.01,0.005098039,5.6,0.01,May,2,2,1,2,Returning_Visitor,False,False
0,68.89,0,38.99,14,1014.375,0.01,0.026449275,4.22,0.01,Dec,2,2,1,2,Returning_Visitor,True,False
0,35.81,0,0.0,19,939.66,0.01,0.052631579,0.0,0.0,Mar,2,2,1,1,Returning_Visitor,False,False
1,62.99,0,22.1,18,2014.416667,0.01,0.05,9.964444223,0.04,May,1,1,3,2,Returning_Visitor,False,False
1,51.64,0,0.0,12,0.0,0.2,0.2,0.0,0.03,Feb,3,2,4,7,Returning_Visitor,False,False
9,937.1746032,2,282.32,71,1530.51,0.01,0.01,2.526616865,0.02,Mar,1,1,1,2,Returning_Visitor,False,False
1,64.94,0,0.0,8,611.26,0.02,0.04,2.32,0.03,Oct,2,2,3,2,New_Visitor,False,False
3,146.93,1,141.56,41,3313.455754,0.007633588,0.01,7.76,0.0,Nov,2,2,1,2,Returning_Visitor,False,False
4,504.3,0,0.0,41,1292.89,0.05,0.0625,0.0,0.12,Feb,3,2,3,1,Returning_Visitor,False,False
6,473.7,1,42.4,60,2101.691541,0.007435897,0.01,8.02,0.0,Jul,2,2,8,1,Returning_Visitor,False,False
2,0.0,0,52.75,27,1747.7,0.02,0.03,2.33,0.04,May,2,4,3,1,Returning_Visitor,False,False
0,0.0,0,0.0,19,407.75,0.01875,0.025833333,3.2,0.4,Feb,1,1,2,4,Returning_Visitor,False,False
3,155.77,0,0.0,35,1517.33,0.01,0.02,0.0,0.22,Mar,3,2,2,4,Returning_Visitor,True,False
1,48.42,0,24.65,13,773.78,0.01,0.04,1.85,0.0,Nov,2,2,3,2,Returning_Visitor,True,False
0,0.0,0,25.12,13,108.0,0.01,0.04,1.46,0.0,Mar,2,2,1,2,Returning_Visitor,False,False
0,77.03,0,48.06,22,580.0833333,0.00952381,0.04,0.0,0.0,Nov,2,2,9,1,Returning_Visitor,False,False
1,58.5,0,25.1,28,968.6666667,0.01,0.024712644,14.02863873,0.01,Nov,2,5,1,1,Returning_Visitor,False,True
1,0.0,0,41.51,15,986.51,0.0,0.06,0.0,0.01,Dec,2,2,1,2,Returning_Visitor,False,False
0,0.0,0,0.0,11,474.5,0.039285714,0.05,14.9,0.0,Jul,3,2,2,3,Returning_Visitor,False,False
1,0.0,0,0.0,8,213.5,0.05,0.08,2.95,0.1,Feb,2,10,2,1,Returning_Visitor,False,False
0,108.47,0,51.82,23,155.9,0.02,0.04,4.7,0.0,Feb,2,2,9,20,Returning_Visitor,False,False
8,146.6,1,126.61,45,2478.64,0.01,0.01852759,4.21,0.0,Oct,2,2,1,2,Returning_Visitor,False,False
0,108.31,0,51.46,20,0.0,0.2,0.2,2.32,0.0,May,2,2,1,3,Returning_Visitor,False,False
4,163.0,1,0.0,28,996.76,0.01,0.01,6.94,0.01,Oct,3,2,2,8,New_Visitor,True,False
1,0.0,0,0.0,10,567.22,0.2,0.13,0.0,0.01,Nov,2,2,4,2,Returning_Visitor,False,False
0,44.03,0,0.0,8,0.0,0.09,0.1,1.45,0.04,Mar,2,2,2,1,Returning_Visitor,False,False
0,92.02,0,0.0,9,689.71,0.01,0.016666667,2.68,0.15,May,2,2,1,2,Returning_Visitor,False,True
3,0.0,0,43.61,8,642.0,0.0,0.02,109.1211555,0.02,May,2,2,3,2,New_Visitor,False,True
5,122.84,0,58.91,45,1106.25,0.01,0.01,20.2755559,0.05,May,2,2,2,2,Returning_Visitor,False,True
1,68.67,0,0.0,12,901.2,0.05,0.08,0.0,0.0,Mar,2,2,2,1,Returning_Visitor,False,False
1,0.0,0,0.0,9,1441.85,0.07,0.08,2.27,0.04,Mar,2,2,6,1,Returning_Visitor,False,True
1,72.27,0,23.75,8,259.2,0.01,0.007407407,0.0,0.01,Sep,2,2,1,2,New_Visitor,False,False
3,223.76,1,0.0,133,3068.922487,0.01,0.01,1.786819082,0.46,May,2,2,3,8,Returning_Visitor,False,False
0,0.0,0,20.97,9,1168.78,0.14,0.15,1.64,0.0,Mar,2,2,2,3,Returning_Visitor,False,False
1,65.33,0,19.0,17,1429.56,0.01,0.01,83.96813664,0.0,Nov,2,2,1,2,New_Visitor,False,True
1,0.0,0,23.16,11,1262.31,0.007692308,0.03,3.7,0.0,Mar,2,2,2,2,Returning_Visitor,False,False
2,149.5,0,43.16,6,4409.15,0.03,0.014285714,3.38,0.0,Oct,1,1,1,4,New_Visitor,True,True
2,97.03,2,129.0,57,1965.69,0.005,0.02,1.78,0.04,Oct,2,2,3,2,Returning_Visitor,False,False
1,50.38,0,0.0,13,203.15,0.01,0.051111111,0.0,0.09,Mar,2,2,6,1,Returning_Visitor,False,False
9,726.3666667,0,0.0,55,2316.78,0.01,0.0163943,8.069027652,0.0,Oct,2,2,2,2,Returning_Visitor,False,True
6,263.91,2,120.89,34,2170.286706,0.01,0.01,6.73,0.0,Mar,2,2,3,10,Returning_Visitor,True,True
1,42.64,0,24.18,12,652.8,0.06,0.07,2.54,0.0,May,2,4,1,3,Returning_Visitor,False,False
1,61.05,0,18.92,4,54.0,0.01,0.06,0.0,0.09,Oct,1,1,2,2,Returning_Visitor,False,False
5,548.3142857,1,448.5,46,1806.29,0.00173913,0.02,0.0,0.05,May,2,2,1,4,Returning_Visitor,False,False
2,95.0,0,48.48,10,445.0,0.016666667,0.033333333,0.0,0.0,Mar,2,2,4,2,Returning_Visitor,False,False
1,115.91,0,16.0,29,1210.82,0.006060606,0.033333333,0.0,0.0,May,2,4,1,4,Returning_Visitor,False,False
3,64.22,0,0.0,23,864.0071429,0.0,0.02,13.52088614,0.01,Nov,2,4,1,2,Returning_Visitor,False,False
1,26.5,0,0.0,16,659.96,0.01,0.03,4.21,0.0,Nov,3,2,1,2,Returning_Visitor,False,True
1,50.93,0,40.0,14,1157.27,0.02,0.078571429,0.0,0.09,Feb,2,6,2,1,Returning_Visitor,False,False
1,42.44,0,23.08,9,509.35,0.06,0.19,1.89,0.0,Dec,2,2,2,2,Returning_Visitor,False,True
7,91.0,1,0.0,38,297.125,0.01,0.02,4.14,0.02,Oct,2,2,6,2,Returning_Visitor,True,False
2,105.18,0,0.0,2,1296.79,0.0,0.0,1.88,0.02,Oct,2,2,1,2,Returning_Visitor,False,True
1,61.84,0,28.04,12,162.0,0.0,0.03,1.68,0.0,May,2,2,3,4,Returning_Visitor,False,False
0,0.0,1,0.0,69,1523.25,0.01,0.02,3.62,0.0,Nov,2,2,1,2,Returning_Visitor,False,False
0,106.72,0,0.0,10,267.25,0.01,0.011111111,0.0,0.0,Mar,2,4,7,2,New_Visitor,False,False
0,55.58,0,18.02,22,473.5,0.0,0.09,0.0,0.03,Mar,2,2,2,3,Returning_Visitor,False,False
0,122.14,0,86.4,15,1327.94,0.01,0.064444444,2.21,0.0,May,2,2,3,1,Returning_Visitor,False,False
1,82.87,0,0.0,9,600.3966667,0.04,0.06,0.0,0.01,Aug,2,2,2,4,Returning_Visitor,True,False
0,0.0,1,9.0,29,1362.07,0.004081633,0.033469388,0.0,0.06,Oct,2,2,1,2,Returning_Visitor,False,True
1,64.67,0,0.0,12,494.0,0.13,0.17,1.53,0.0,Mar,2,2,6,4,Returning_Visitor,False,False
8,82.25,0,53.4,37,1372.875238,0.02,0.01,2.83,0.08,Oct,4,2,1,3,Returning_Visitor,False,False
3,148.66,1,0.0,103,1934.992857,0.029901961,0.03,4.69,0.05,May,2,2,1,13,Returning_Visitor,False,False
2,92.06,0,35.0,30,3959.45,0.024652778,0.060590278,3.97,0.14,May,2,2,6,1,Returning_Visitor,False,False
1,52.17,0,23.32,1,0.0,0.03,0.07,1.44,0.22,Mar,3,2,3,1,Returning_Visitor,False,False
0,205.18,0,163.79,19,452.12,0.036363636,0.05,10.93,0.03,Nov,4,1,4,2,Returning_Visitor,False,True
8,252.55,2,505.1666667,93,3388.22,0.008498915,0.029697173,0.0,0.0,Dec,2,2,1,1,Returning_Visitor,False,False
6,271.3,3,151.17,45,1358.874152,0.01,0.01,10.0674357,0.0,Oct,1,2,2,2,Returning_Visitor,False,False
1,45.47,0,20.97,9,281.0,0.01,0.042857143,0.0,0.03,Mar,2,2,3,2,Returning_Visitor,False,False
6,286.9333333,0,158.81,119,7609.82065,0.02,0.02,0.0,0.03,Oct,2,2,1,2,Returning_Visitor,False,False
2,136.22,1,74.78,8,1175.57,0.0,0.03,0.0,0.01,Dec,2,2,4,2,Returning_Visitor,False,False
3,178.23,1,0.0,31,1243.45,0.0,0.02,9.83,0.0,May,2,2,2,4,Returning_Visitor,False,False
1,46.4,0,58.11,18,1106.93,0.0,0.03,1.5,0.01,Aug,1,2,1,5,Returning_Visitor,False,True
4,122.5,0,66.45,66,1882.69,0.01,0.00957265,0.0,0.05,May,2,2,1,4,Returning_Visitor,False,False
5,204.06,3,95.58,22,2002.05,0.01,0.028214286,6.23,0.19,May,2,2,1,2,Returning_Visitor,False,False
1,0.0,0,23.56,12,0.0,0.18,0.18,0.0,0.0,Mar,2,2,1,1,Returning_Visitor,False,False
0,50.55,0,28.77,13,1049.34,0.2,0.2,1.51,0.05,Mar,2,2,1,4,Returning_Visitor,False,False
2,93.42,3,47.42,28,2281.71,0.04,0.0125,1.77,0.03,Nov,2,2,2,4,Returning_Visitor,False,False
1,34.21,0,21.5,9,1211.92,0.05,0.05,2.3,0.0,Mar,2,4,3,4,Returning_Visitor,False,False
0,0.0,0,43.55,19,1289.25,0.01,0.017351598,5.42,0.06,May,2,2,1,4,Returning_Visitor,False,True
2,0.0,0,68.66,7,205.5,0.028571429,0.06,3.41,0.29,May,2,2,3,13,Returning_Visitor,False,False
0,33.94,0,20.02,10,282.0833333,0.045454545,0.063636364,2.56,0.25,Mar,2,2,1,1,Returning_Visitor,False,False
3,89.0,0,36.38,11,417.75,0.01,0.03,3.0,0.02,Mar,2,2,1,2,Returning_Visitor,False,False
1,58.36,0,25.91,10,412.0,0.05,0.07,2.28,0.01,Dec,2,2,1,2,Returning_Visitor,False,False
2,28.5,0,40.15,18,1138.1,0.01,0.007748918,0.0,0.01,Nov,2,2,9,2,Returning_Visitor,False,False
7,99.01,0,35.85,40,1591.888095,0.01,0.012186396,1.69,0.02,Mar,2,2,3,2,Returning_Visitor,False,True
0,38.74,0,27.41,3,1352.35,0.02,0.066666667,3.44,0.0,Oct,2,2,2,1,Returning_Visitor,False,False
1,39.42,0,30.53,12,0.0,0.18,0.2,0.0,0.0,Mar,2,2,1,1,Returning_Visitor,False,False
1,50.94,0,0.0,9,242.75,0.01,0.03,1.9,0.04,Oct,2,2,7,2,Returning_Visitor,False,False
2,10.0,0,26.76,10,660.8166667,0.0,0.025,1.9,0.06,Mar,2,2,1,3,Returning_Visitor,False,False
1,57.3,1,24.32,13,1003.17,0.02,0.04,1.74,0.0,Oct,1,1,9,2,Returning_Visitor,True,True
1,70.04,0,0.0,19,685.0,0.0,0.01,3.58,0.0,Mar,2,2,1,1,Returning_Visitor,False,False
3,0.0,0,56.42,29,1480.54,0.0,0.02,113.3238614,0.0,Oct,2,6,9,2,New_Visitor,True,True
3,0.0,0,0.0,25,1375.01,0.008333333,0.04,0.0,0.4,May,2,2,2,4,Returning_Visitor,False,False
1,64.43,0,0.0,15,1400.79,0.0,0.02,2.09,0.02,Oct,1,1,4,1,Returning_Visitor,False,False
2,131.91,2,7.0,30,1410.54,0.0,0.014814815,0.0,0.0,Dec,8,13,9,16,Other,False,False
1,87.54,0,0.0,15,859.66,0.054285714,0.083095238,0.0,0.0,Oct,2,2,6,1,Returning_Visitor,False,False
1,75.23,0,26.35,10,99.7,0.05,0.08,2.72,0.08,May,2,2,1,1,Returning_Visitor,False,False
0,43.28,0,0.0,7,806.8,0.06,0.07,1.75,0.03,Mar,2,2,1,1,Returning_Visitor,False,False
1,0.0,0,33.07,1,471.71,0.2,0.2,0.0,0.0,May,2,2,3,3,Returning_Visitor,False,False
2,72.33,0,28.25,17,118.0,0.04,0.08,1.76,0.0,Mar,2,2,2,2,Returning_Visitor,True,False
2,67.45,0,26.87,14,1330.17,0.028571429,0.05,0.0,0.0,Mar,2,2,1,2,Returning_Visitor,True,False
4,269.8,0,78.56,112,1715.21,0.01,0.01,4.72,0.2,May,2,2,4,4,Returning_Visitor,False,True
2,78.93,0,0.0,18,1400.438961,0.0,0.005951036,1.92,0.03,Oct,2,2,2,1,Returning_Visitor,False,False
4,152.48,1,30.5,43,4643.283732,0.002073171,0.01,10.11599409,0.05,Oct,2,2,1,2,Returning_Visitor,False,True
1,34.83333333,0,31.6,30,709.8333333,0.026666667,0.046666667,0.0,0.1,Mar,1,1,2,1,Returning_Visitor,True,False
1,64.35,0,20.97,8,117.5,0.06,0.07,3.73,0.22,May,2,2,4,3,Returning_Visitor,False,False
2,92.72,0,47.56,2,21.2,0.0,0.1,2.99,0.04,May,2,2,5,2,Returning_Visitor,False,False
1,53.63,0,20.24,11,1033.0,0.008333333,0.05,0.0,0.04,Mar,2,2,3,2,Returning_Visitor,False,False
2,71.15,0,25.92,16,1478.25,0.0,0.02,1.86,0.0,Mar,2,2,1,2,Returning_Visitor,False,False
3,96.0,1,46.06,49,2338.567766,0.023529412,0.03,9.609529412,0.02,Mar,3,2,4,1,Returning_Visitor,False,True
1,17.0,0,0.0,11,961.72,0.015384615,0.04,0.0,0.4,May,2,2,2,1,Returning_Visitor,False,False
1,72.1,0,38.51,16,647.32,0.01,0.03,3.98,0.01,Oct,2,2,7,4,New_Visitor,False,False
1,14.0,1,61.12,23,977.67,0.01,0.04,0.0,0.0,Nov,2,1,4,2,Returning_Visitor,False,False
1,0.0,0,0.0,10,490.18,0.03,0.08,2.35,0.11,May,2,2,3,4,Returning_Visitor,True,False
1,73.16,0,23.92,7,191.0,0.0,0.03,0.0,0.08,May,2,2,1,4,Returning_Visitor,False,False
1,3.0,0,0.0,10,1159.84,0.14,0.14,0.0,0.0,Mar,2,2,2,3,Returning_Visitor,False,False
2,78.14,0,28.05,14,304.5230769,0.02,0.007993197,4.0,0.0,Mar,2,2,1,2,Returning_Visitor,False,False
0,0.0,0,0.0,20,1116.473333,0.02,0.027954545,3.81,0.01,Oct,2,2,3,1,Returning_Visitor,False,False
0,45.55,0,32.39,8,0.0,0.2,0.2,0.0,0.07,Mar,2,2,1,1,Returning_Visitor,False,False
1,0.0,0,0.0,22,1241.75,0.01,0.008163265,47.83758971,0.0,Nov,2,2,1,4,New_Visitor,False,True
11,275.9104437,2,606.75,74,2416.28,0.007377049,0.02,8.75,0.0,May,2,2,2,6,Returning_Visitor,False,False
3,83.8,0,0.0,20,1301.03,0.0,0.009090909,0.0,0.06,Oct,1,1,1,3,Returning_Visitor,False,False
1,65.69,0,50.96,22,421.0,0.01,0.02,2.04,0.01,Dec,2,2,1,2,Returning_Visitor,False,False
0,0.0,0,21.19,2,786.88,0.06,0.08,0.0,0.28,Oct,3,2,2,4,Returning_Visitor,True,False
0,64.65,0,0.0,12,680.5,0.0,0.018181818,4.06,0.01,Dec,2,2,1,2,Returning_Visitor,False,True
1,51.12,0,22.36,12,1686.63,0.05,0.09,1.68,0.07,Oct,2,2,1,1,Returning_Visitor,False,True
1,46.42,0,27.5,14,639.0,0.01,0.025,2.67,0.02,Mar,1,1,2,9,Returning_Visitor,False,True
0,0.0,0,0.0,15,729.41,0.01,0.1,0.0,0.0,Oct,2,2,3,2,Returning_Visitor,False,False
1,0.0,0,0.0,8,561.01,0.02,0.05,1.52,0.0,Feb,2,4,7,2,Returning_Visitor,False,False
1,42.75,0,0.0,31,2526.483333,0.02,0.055555556,1.64,0.0,Mar,2,2,2,2,Returning_Visitor,True,False
5,166.42,0,0.0,24,308.7,0.00952381,0.019047619,0.0,0.0,Sep,2,4,2,2,New_Visitor,False,False
1,36.25,1,10.0,14,2109.919048,0.01,0.027190827,21.04,0.02,Dec,2,2,3,1,Returning_Visitor,False,False
1,0.0,0,22.1,11,627.2,0.08,0.18,0.0,0.04,Mar,2,2,3,2,Returning_Visitor,False,False
1,39.69,0,0.0,10,1102.48,0.0,0.02,1.62,0.0,Mar,2,2,1,2,Returning_Visitor,False,False
1,40.98,0,41.73,17,0.0,0.2,0.2,0.0,0.0,Mar,2,2,2,1,Returning_Visitor,True,False
1,44.54,0,0.0,10,607.41,0.05,0.18,1.85,0.0,Dec,1,2,1,2,Returning_Visitor,False,False
0,0.0,0,0.0,10,955.12,0.0,0.04,6.75,0.07,May,2,2,2,4,Returning_Visitor,False,False
3,19.0,0,0.0,32,344.0,0.0,0.02,0.0,0.05,Feb,2,4,2,1,Returning_Visitor,False,False
0,0.0,0,0.0,11,815.8333333,0.15,0.17,1.73,0.04,Mar,2,2,2,3,Returning_Visitor,False,False
1,79.95,0,38.2,27,1578.49,0.014074074,0.03,3.21,0.05,May,3,2,2,4,Returning_Visitor,False,False
1,56.57,0,36.13,15,0.0,0.2,0.2,1.88,0.04,Mar,1,1,1,8,Returning_Visitor,False,False
2,89.57,0,32.91,15,944.61,0.0,0.03,3.65,0.0,Nov,2,2,1,2,Returning_Visitor,False,True
4,35.5,0,34.83,15,9.5,0.0,0.03,2.15,0.01,Mar,2,2,3,2,New_Visitor,False,False
4,316.0,1,0.0,69,1391.28,0.005555556,0.01,5.58,0.01,Nov,2,5,1,1,Returning_Visitor,False,False
4,247.3333333,2,80.42,90,7221.0,0.01,0.003917526,4.47,0.0,Feb,2,2,3,8,Returning_Visitor,False,True
0,0.0,0,27.84,16,988.26,0.01,0.034285714,2.55,0.02,Mar,2,2,1,2,Returning_Visitor,False,False
0,0.0,0,22.65,9,74.5,0.06,0.07,1.56,0.1,Oct,2,2,1,3,Returning_Visitor,False,False
2,109.0,5,125.0,47,2204.36,0.0,0.00952381,0.0,0.0,Nov,2,2,1,2,Returning_Visitor,False,False
3,114.95,0,0.0,12,1215.97,0.01,0.02,0.0,0.11,Oct,3,2,4,13,Returning_Visitor,False,False
3,138.4,0,51.94,26,422.730303,0.02,0.03,0.0,0.03,Oct,2,2,1,2,Returning_Visitor,False,False
1,65.44,0,0.0,13,1287.79,0.0,0.016666667,2.26,0.02,Mar,2,2,4,2,Returning_Visitor,True,False
1,68.98,0,43.92,14,784.35,0.02,0.06,2.77,0.01,Nov,1,1,6,2,Returning_Visitor,False,False
3,52.0,1,0.0,60,3451.751515,0.006666667,0.011565934,4.15,0.03,Mar,3,2,2,2,Returning_Visitor,False,False
1,66.37,0,23.63,16,981.52,0.006557377,0.02,1.78,0.04,Oct,2,2,7,4,Returning_Visitor,False,False
1,39.19,0,0.0,14,712.03,0.2,0.2,2.27,0.06,June,3,2,1,13,Returning_Visitor,False,False
1,55.85,0,0.0,6,1116.67,0.08,0.116666667,2.26,0.0,Nov,2,10,4,1,Returning_Visitor,False,False
2,1145.25,3,149.17,57,2700.97,0.01,0.02,4.87,0.0,Oct,2,2,1,2,Returning_Visitor,False,False
6,181.57,1,223.15,74,6606.726779,0.01,0.02,4.083948025,0.12,Oct,4,2,3,1,Returning_Visitor,False,True
0,32.51,0,26.6,12,1632.86,0.2,0.19,1.78,0.05,Mar,3,2,1,1,Returning_Visitor,False,False
0,39.76,0,0.0,13,774.51,0.07,0.06,1.97,0.02,May,2,2,4,1,Returning_Visitor,False,False
1,53.65,0,0.0,10,192.1666667,0.1,0.14,1.99,0.0,Mar,2,2,6,3,Returning_Visitor,False,False
1,47.66,0,0.0,9,683.9,0.07,0.08,0.0,0.0,May,2,2,8,1,Returning_Visitor,False,False
3,178.1666667,1,62.33,52,686.39,0.01,0.02251462,12.13161988,0.33,May,2,2,3,6,Returning_Visitor,False,False
3,155.57,0,71.62,29,1373.71,0.011458333,0.02,10.43,0.0,May,2,2,2,1,Returning_Visitor,False,False
2,108.81,0,65.42,37,2750.88,0.03,0.05,4.0,0.02,Nov,2,2,2,2,Returning_Visitor,False,False
1,66.43,0,22.55,12,128.0,0.0,0.04,2.32,0.02,Mar,2,2,1,1,Returning_Visitor,False,False
1,53.21,0,22.94,3,970.31,0.11,0.1,2.4,0.1,May,3,2,1,3,Returning_Visitor,False,False
1,83.31,0,29.0,12,315.25,0.02,0.011111111,2.45,0.0,May,2,2,3,5,New_Visitor,False,False
1,77.93,0,33.37,19,898.25,0.04,0.06,2.0,0.1,Oct,3,4,1,2,New_Visitor,False,True
0,48.78,0,0.0,13,34.0,0.03,0.08,2.22,0.01,Mar,3,2,3,1,Returning_Visitor,False,False
2,121.14,1,83.94,27,0.0,0.01,0.1,0.0,0.01,Dec,2,2,3,8,New_Visitor,False,False
16,583.68,0,330.06,52,3593.12932,0.01,0.02,0.0,0.0,May,1,2,1,2,Returning_Visitor,False,False
1,11.0,0,0.0,7,438.48,0.01,0.06,2.51,0.0,Sep,1,8,3,1,Returning_Visitor,True,False
2,134.0,0,75.39,22,77.33333333,0.01,0.02,0.0,0.0,Mar,1,1,1,2,Returning_Visitor,False,False
1,64.38,0,0.0,15,1155.93,0.02,0.066666667,1.62,0.01,Nov,2,2,1,1,Returning_Visitor,False,False
1,60.0,0,26.24,15,1099.51,0.19,0.15,1.57,0.03,Mar,2,2,1,1,Returning_Visitor,False,False
1,63.45,0,0.0,16,351.75,0.07,0.09,0.0,0.17,Mar,3,2,6,3,Returning_Visitor,False,False
1,72.85,0,0.0,18,0.0,0.2,0.2,2.06,0.04,Feb,2,10,2,3,Returning_Visitor,False,False
2,57.25,0,26.48,14,1316.9,0.02,0.037364341,2.13,0.03,Mar,2,2,1,2,Returning_Visitor,False,False
2,102.53,0,0.0,22,733.84,0.01,0.002380952,2.7,0.0,Oct,3,2,1,2,New_Visitor,False,True
2,87.49,0,0.0,21,863.3468254,0.0,0.02,2.55,0.03,Mar,3,2,2,1,Returning_Visitor,False,True
0,0.0,0,0.0,10,1109.083333,0.01,0.05,0.0,0.0,Dec,1,1,1,2,Returning_Visitor,False,False
0,0.0,1,93.07,30,4175.75,0.048333333,0.04,10.31,0.73,May,2,2,2,7,Returning_Visitor,True,False
1,56.36,0,28.11,12,855.52,0.04,0.06,6.87,0.0,Mar,3,2,3,6,Returning_Visitor,True,False
3,127.24,0,25.49,13,1310.14,0.02,0.014633794,0.0,0.02,Mar,2,2,1,2,Returning_Visitor,False,False
1,43.86,0,19.34,2,18.2,0.04,0.04,1.89,0.02,Mar,2,2,3,2,Returning_Visitor,True,True
3,148.78,0,57.41,32,1055.53,0.0,0.02,4.51,0.01,Sep,2,2,8,2,Returning_Visitor,False,True
0,0.0,0,91.2,23,1666.12,0.02,0.06,2.44,0.0,Feb,2,2,9,20,Returning_Visitor,False,False
0,0.0,0,27.31,1,0.0,0.2,0.2,0.0,0.0,Mar,2,2,2,3,Returning_Visitor,False,False
9,115.47,0,0.0,25,558.0,0.01,0.02,2.19,0.03,Feb,2,5,3,1,Returning_Visitor,False,False
1,123.1,0,0.0,22,3944.384921,0.00516129,0.02,3.303059969,0.02,Mar,2,2,2,2,Returning_Visitor,False,False
0,77.48,0,28.88,12,231.5,0.05,0.07,0.0,0.41,May,1,1,1,3,Returning_Visitor,False,False
2,93.6,0,0.0,39,1752.942857,0.020075188,0.03,2.77,0.01,Oct,2,2,3,1,Returning_Visitor,False,False
1,76.0,0,30.55,13,1263.333333,0.011764706,0.023529412,1.77,0.6,May,2,2,1,4,Returning_Visitor,False,True
0,0.0,0,28.1,10,588.43,0.04,0.11,0.0,0.0,Dec,3,2,3,2,Returning_Visitor,True,False
6,175.0,0,0.0,6,262.0,0.0,0.03,0.0,0.03,Mar,2,2,2,2,Returning_Visitor,False,False
0,0.0,0,0.0,13,390.5,0.038461538,0.03,3.87,0.03,May,2,2,1,13,Returning_Visitor,False,False
0,79.7,0,27.73,14,872.56,0.0,0.04,0.0,0.02,Oct,2,2,1,2,Returning_Visitor,False,False
1,0.0,0,0.0,7,676.73,0.0,0.03,0.0,0.0,Aug,1,2,1,4,Returning_Visitor,False,False
1,59.28,0,22.97,9,717.31,0.02,0.05,4.94,0.0,May,2,2,2,7,Returning_Visitor,False,False
1,174.0,0,61.62,9,1883.79,0.013333333,0.073333333,0.0,0.0,Mar,1,1,3,4,Returning_Visitor,False,False
1,86.22,0,0.0,114,1802.19,0.01,0.01,1.95,0.01,Nov,4,2,1,2,Returning_Visitor,False,True
1,0.0,0,0.0,20,965.27,0.02,0.04,2.42,0.0,Nov,2,2,9,2,Returning_Visitor,True,False
1,0.0,0,0.0,10,1263.83,0.025,0.05,2.16,0.0,Mar,2,2,2,1,Returning_Visitor,True,False
2,104.34,1,0.0,6,1149.98,0.01,0.025,4.5,0.0,Dec,2,2,3,2,New_Visitor,True,False
1,97.25,0,53.03,37,819.63,0.01,0.018198198,0.0,0.01,Nov,1,1,4,2,Returning_Visitor,False,False
2,74.0,0,44.29,14,584.3333333,0.0,0.02,0.0,0.0,May,2,2,3,5,New_Visitor,False,False
3,133.79,4,88.81,39,2797.213095,0.05,0.04,2.227278689,0.8,Aug,2,2,3,4,Returning_Visitor,False,False
0,93.35,0,0.0,7,126.0,0.01,0.057142857,0.0,0.0,Mar,3,5,2,1,Returning_Visitor,False,False
9,160.12,1,87.34,35,1434.15,0.0028125,0.02,3.24,0.0,Oct,2,2,6,2,Returning_Visitor,False,False
3,129.72,0,0.0,23,1957.5,0.0,0.02,9.44,0.0,Dec,1,1,3,10,Returning_Visitor,False,True
1,76.88,0,23.16,36,1335.773333,0.014285714,0.03,11.11383981,0.08,Oct,2,2,3,2,Returning_Visitor,False,False
1,1.333333333,0,25.18,32,919.8,0.02,0.011111111,0.0,0.04,Feb,2,2,1,2,Returning_Visitor,False,False
2,39.2,2,83.35,7,1026.58,0.0,0.01,9.7,0.02,May,3,2,4,2,New_Visitor,False,False
2,123.75,0,64.42,43,1250.69,0.0,0.02,0.0,0.14,May,2,4,1,2,Returning_Visitor,False,False
0,65.47,0,0.0,8,976.62,0.0,0.05,3.6,0.01,Nov,2,2,9,2,Returning_Visitor,False,True
0,83.81,0,0.0,1,1260.23,0.03,0.09,2.7,0.0,May,2,2,9,3,Returning_Visitor,False,False
0,70.63,0,30.4,21,226.0,0.0,0.05,1.75,0.03,Oct,2,2,1,2,Returning_Visitor,False,False
1,109.4,0,36.53,9,615.84,0.02,0.03,8.72,0.0,Mar,2,2,9,2,New_Visitor,False,False
2,170.93,1,0.0,36,1110.666667,0.01,0.035585586,5.91,0.0,Mar,2,2,9,2,Returning_Visitor,True,False
1,47.56,0,17.84,13,717.6,0.1,0.001960784,1.41,0.03,Mar,2,2,2,3,Returning_Visitor,False,False
2,76.32,0,24.19,13,472.5,0.03,0.015384615,2.02,0.02,Oct,1,1,1,1,New_Visitor,True,False
0,74.03,0,43.3,18,551.5,0.01,0.05,0.0,0.01,Nov,3,2,4,11,Returning_Visitor,True,False
1,38.01,0,0.0,5,116.6666667,0.05,0.06,0.0,0.0,May,3,2,1,3,Returning_Visitor,True,False
2,109.15,0,39.31,20,249.0,0.06,0.06,2.12,0.11,May,3,2,3,6,Returning_Visitor,True,False
1,66.23,0,0.0,11,1013.35,0.0,0.03,0.0,0.01,Mar,2,2,2,2,Returning_Visitor,False,False
5,305.4,4,92.3,86,3114.82,0.015178571,0.03,6.05,0.01,Nov,1,2,1,2,Returning_Visitor,False,False
1,41.63,0,17.39,18,314.8333333,0.0,0.03,0.0,0.05,Mar,2,2,1,1,Returning_Visitor,False,False
0,0.0,0,44.9,17,645.53,0.01,0.02,3.12,0.0,Dec,3,2,2,2,Returning_Visitor,False,False
0,93.32,0,32.9,14,929.34,0.014473684,0.04,9.05,0.0,Oct,3,2,1,1,Returning_Visitor,False,False
0,0.0,0,28.57,5,1087.23,0.0,0.03,0.0,0.02,Feb,1,1,1,2,Returning_Visitor,False,False
3,166.88,1,0.0,25,931.65,0.01,0.02,3.14,0.01,Dec,2,2,9,6,Returning_Visitor,False,False
0,0.0,0,28.52,16,313.0,0.03,0.08,0.0,0.07,May,2,2,5,1,Returning_Visitor,False,False
3,136.49,2,407.5,14,1595.63,0.01,0.08125,0.0,0.0,Nov,1,1,1,2,Returning_Visitor,False,False
1,0.0,0,25.1,16,1387.96,0.038478261,0.064782609,2.06,0.07,Mar,2,2,1,1,Returning_Visitor,False,False
1,0.0,0,19.73,2,40.0,0.0,0.08,0.0,0.0,Mar,2,2,2,4,Returning_Visitor,False,False
2,97.68,0,33.67,18,1248.85,0.0,0.033333333,0.0,0.04,Mar,2,2,1,2,Returning_Visitor,False,False
2,102.0,0,0.0,13,177.5,0.0,0.026666667,3.02,0.02,Oct,2,2,4,1,Returning_Visitor,False,False
0,43.49,0,0.0,14,507.8333333,0.02,0.05,0.0,0.04,May,2,2,1,4,Returning_Visitor,False,False
1,56.96,0,28.49,14,823.1,0.03,0.09,1.56,0.01,Oct,2,2,3,1,Returning_Visitor,False,True
1,55.64,0,39.0,15,942.62,0.0,0.05,4.28,0.01,Mar,2,2,2,1,Returning_Visitor,True,True
3,106.0,0,87.66,22,628.41,0.0,0.01,8.58,0.01,Dec,3,2,9,2,Returning_Visitor,False,False
1,33.89,0,0.0,7,1570.41,0.13,0.11,0.0,0.04,Mar,2,2,1,1,Returning_Visitor,False,False
2,113.0,1,58.3,14,571.24,0.03,0.16,3.83,0.0,Dec,2,2,3,2,Returning_Visitor,False,False
4,140.25,1,282.0,41,213.5,0.01,0.02,0.0,0.01,Nov,2,2,1,2,Returning_Visitor,False,True
2,116.33,0,53.67,40,550.7095238,0.0,0.00952381,5.94,0.01,Oct,2,2,1,2,Returning_Visitor,False,False
6,276.98,2,43.66666667,118,3712.8116,0.01,0.010310363,9.32,0.06,May,2,10,3,4,Returning_Visitor,False,False
3,147.28,0,37.68,20,574.49,0.05,0.05,1.64,0.02,Oct,2,2,1,2,Returning_Visitor,False,False
5,171.9,1,145.1666667,171,4554.692744,0.002259887,0.02,10.17,0.03,Sep,2,2,3,2,Returning_Visitor,False,False
0,0.0,0,0.0,8,972.26,0.02,0.03,2.34,0.01,May,2,3,1,2,New_Visitor,True,False
10,237.89,1,103.19,40,12983.78771,0.000668896,0.006998399,3.51,0.0,Oct,2,2,3,8,New_Visitor,False,False
3,171.75,0,69.85,22,1155.81,0.0,0.01,0.0,0.0,May,2,2,1,2,New_Visitor,False,False
3,0.0,0,44.58,21,881.07,0.0,0.02,33.50211155,0.0,Oct,2,2,3,2,New_Visitor,True,True
2,91.06,0,33.4,20,937.45,0.0,0.02,2.68,0.03,May,2,2,3,6,Returning_Visitor,False,True
6,216.5,3,324.51,55,7700.501461,0.002597403,0.012782022,28.26,0.0,Dec,2,2,3,2,Returning_Visitor,False,False
3,235.1861702,2,81.51,29,2512.51742,0.01,0.02,2.55,0.0,Oct,3,2,1,2,New_Visitor,False,True
3,58.4,0,0.0,37,1659.9,0.0,0.028571429,5.23,0.0,Oct,2,2,2,2,Returning_Visitor,False,False
5,113.5,0,156.38,13,1368.35,0.01,0.01,0.0,0.0,Mar,1,8,3,1,New_Visitor,False,False
3,149.68,0,51.29,22,159.0,0.0,0.00625,0.0,0.0,Mar,2,2,3,6,New_Visitor,False,False
1,0.0,0,0.0,11,1017.1,0.16,0.2,1.5,0.04,Mar,2,2,1,4,Returning_Visitor,False,False
2,113.75,0,59.32,15,949.28,0.010526316,0.02,4.07,0.01,Dec,1,1,1,2,Returning_Visitor,False,True
1,59.19,0,0.0,13,1820.11,0.14,0.17,1.48,0.0,Mar,2,2,2,4,Returning_Visitor,False,False
10,470.11,2,270.91,108,3514.88,0.0,0.02,0.0,0.0,Dec,1,2,1,2,Returning_Visitor,False,False
3,126.04,1,49.5,14,1464.0,0.0,0.02,32.946,0.04,May,1,2,4,4,Returning_Visitor,False,True
4,240.96,1,101.32,73,891.568795,0.0,0.0,4.33,0.0,Oct,2,2,3,2,New_Visitor,False,True
2,0.0,0,0.0,1,19.2,0.0,0.1,0.0,0.03,Aug,1,1,1,1,Returning_Visitor,False,False
7,227.63,1,93.16,44,5396.264881,0.01,0.02,7.513426372,0.0,Oct,1,1,1,2,Returning_Visitor,False,True
2,51.5,2,120.36,25,771.875,0.01,0.026666667,22.77,0.02,Dec,3,2,3,2,Returning_Visitor,False,False
0,47.16,0,19.83,13,703.52,0.0,0.06,1.53,0.03,Mar,2,2,3,2,Returning_Visitor,False,False
2,106.74,0,0.0,14,796.57,0.01,0.015384615,3.45,0.03,Oct,1,1,3,2,Returning_Visitor,False,False
2,69.96,1,14.0,15,870.76,0.12,0.11,1.6,1.0,May,3,2,1,3,Returning_Visitor,False,False
4,120.07,0,0.0,35,2930.722222,0.003658537,0.018943089,2.83,0.0,Oct,2,2,1,2,Returning_Visitor,False,True
3,0.0,0,0.0,24,2990.86,0.02,0.008870523,3.54,0.0,Mar,1,1,1,2,New_Visitor,False,False
1,80.96,0,43.57,22,638.8333333,0.0,0.03,4.49,0.01,Mar,2,4,2,2,Returning_Visitor,False,False
3,43.325,1,295.4,47,675.6846244,0.01,0.049669967,2.13,0.02,Mar,2,2,4,1,Returning_Visitor,False,False
1,53.56,0,0.0,10,1133.11,0.04,0.06,1.8,0.03,Oct,1,1,1,4,New_Visitor,True,False
0,40.5,0,20.44,5,27.2,0.02,0.07,0.0,0.0,Nov,2,2,1,4,Returning_Visitor,False,False
5,118.91,0,49.7,32,955.92,0.01,0.01,2.24,0.0,May,2,2,1,2,Returning_Visitor,False,False
1,45.86,0,23.86,7,697.5,0.01,0.1,2.89,0.02,Dec,4,1,3,1,Returning_Visitor,False,False
7,533.5913534,4,333.5,85,2650.01,0.02,0.04,13.96,0.09,Oct,3,2,2,13,Returning_Visitor,False,False
2,69.29,0,47.64,18,518.65,0.01,0.06,0.0,0.02,Mar,4,2,9,1,Returning_Visitor,False,False
7,143.28,0,0.0,20,2150.24,0.02,0.02,1.59,0.0,Mar,2,2,1,2,Returning_Visitor,True,False
0,72.57,0,27.16,14,1191.62,0.0,0.04,2.86,0.02,Mar,2,2,1,8,New_Visitor,False,False
0,0.0,0,22.84,9,524.73,0.02,0.06,0.0,0.01,Nov,1,1,1,2,New_Visitor,False,False
0,0.0,0,33.03,15,95.5,0.0,0.033333333,0.0,0.03,Mar,2,2,1,2,Returning_Visitor,True,False
1,54.59,0,22.46,9,688.21,0.02,0.06,0.0,0.01,Nov,2,2,3,1,Returning_Visitor,True,False
2,116.47,0,0.0,10,188.5,0.01,0.015384615,3.37,0.04,May,3,2,5,4,New_Visitor,True,False
1,71.82,0,37.41,32,520.93,0.02,0.14,2.43,0.01,Dec,2,2,3,2,Returning_Visitor,False,True
7,271.08,1,137.34,42,2154.37,0.003960396,0.023267327,4.48567854,0.04,Mar,2,2,2,2,Returning_Visitor,False,True
0,132.49,0,53.78,23,1592.51,0.025,0.02,39.48337116,0.0,Feb,2,2,1,2,Returning_Visitor,True,False
1,66.72,0,55.11,23,1156.42,0.0,0.066666667,0.0,0.01,Dec,2,2,1,2,Returning_Visitor,False,False
0,36.78,0,23.93,6,1193.93,0.066666667,0.18,0.0,0.05,Mar,2,2,1,3,Returning_Visitor,False,False
1,29.25,1,66.68,23,1002.91,0.01,0.04,0.0,0.0,Dec,2,13,9,1,Other,False,False
2,106.25,0,0.0,28,986.01,0.017857143,0.029829932,3.47,0.0,Jul,1,2,4,4,Returning_Visitor,False,False
1,78.36,0,26.83,12,131.5,0.03,0.05,3.45,0.03,Mar,2,2,1,2,Returning_Visitor,True,False
3,114.11,0,49.94,23,529.2916667,0.02,0.04,1.82,0.0,Oct,2,2,1,1,Returning_Visitor,False,False
1,59.59,0,21.03,8,288.86,0.03,0.05,0.0,0.0,Mar,3,2,2,10,Returning_Visitor,False,False
7,397.2644444,1,154.21,53,1638.32,0.01,0.02,8.67,0.01,Oct,2,2,4,2,Returning_Visitor,False,False
0,71.92,0,28.25,13,755.45,0.01,0.03,0.0,0.0,Nov,2,2,1,2,Returning_Visitor,False,False
0,146.68,0,56.37,55,872.5916667,0.0,0.02,0.0,0.0,Oct,2,2,1,2,New_Visitor,True,False
1,118.73,0,0.0,24,1090.23,0.0,0.02,1.89,0.02,Nov,1,1,4,2,Returning_Visitor,False,False
3,210.5,0,66.51,19,549.55,0.01,0.03,3.29,0.0,Oct,3,2,1,11,Returning_Visitor,True,False
0,65.17,0,34.37,17,996.52,0.01,0.011764706,2.55,0.01,Nov,4,2,1,2,Returning_Visitor,False,False
1,64.57,0,0.0,9,328.9,0.05,0.14,0.0,0.01,June,2,2,3,4,Returning_Visitor,False,False
4,134.8,0,73.49,2,826.07,0.01,0.01,2.67,0.03,Sep,2,10,1,1,Returning_Visitor,False,True
0,0.0,0,19.34,13,1329.6,0.01,0.066666667,2.03,0.0,Mar,1,1,1,3,Returning_Visitor,False,False
0,88.87,0,36.05,17,713.36,0.015384615,0.05,0.0,0.05,Feb,2,2,2,2,Returning_Visitor,False,False
1,71.24,0,0.0,13,1500.85,0.0,0.015775776,2.797414715,0.4,Aug,2,2,1,4,New_Visitor,False,True
0,0.0,1,399.3333333,46,2328.86,0.01,0.02675737,10.91,0.05,May,2,2,1,2,Returning_Visitor,False,False
2,125.63,0,89.71,26,847.69,0.02,0.05,8.34,0.0,Mar,2,6,4,2,Returning_Visitor,False,False
1,0.0,0,16.7,4,1413.77,0.08,0.08,1.63,0.04,Mar,1,1,1,3,Returning_Visitor,False,False
2,23.2,0,0.0,24,1402.67,0.02,0.021333333,0.0,0.03,Mar,2,2,1,2,Returning_Visitor,False,False
1,39.79,0,21.52,8,441.97,0.02,0.12,1.55,0.05,Oct,1,1,7,4,Returning_Visitor,True,True
0,0.0,0,0.0,14,1461.63,0.01,0.02,57.58892308,0.6,May,1,1,2,4,Returning_Visitor,False,True
0,0.0,0,105.8,16,998.34,0.02,0.03,9.550627398,0.06,May,2,2,4,2,Returning_Visitor,False,False
0,35.74,0,0.0,1,0.0,0.2,0.2,1.87,0.22,Mar,3,2,1,1,Returning_Visitor,False,False
4,139.0,0,64.73,27,932.11,0.01,0.02,2.37,0.0,Oct,3,2,1,4,New_Visitor,False,False
2,36.0,0,0.0,23,817.18,0.01,0.02,6.17,0.0,Dec,2,2,2,2,Returning_Visitor,False,True
2,0.0,0,0.0,16,438.29,0.01,0.00625,2.54,0.0,Mar,4,2,2,2,New_Visitor,False,True
2,0.0,0,0.0,19,1024.15,0.0,0.015384615,0.0,0.0,Mar,1,8,1,1,Returning_Visitor,False,False
0,96.73,0,44.23,38,1251.17,0.01,0.01,3.85,0.0,May,2,2,1,2,Returning_Visitor,False,False
9,211.29,3,102.0,32,2785.99,0.01,0.01,0.0,0.02,Oct,2,2,2,2,Returning_Visitor,False,False
2,96.64,1,5.0,50,1396.22,0.01,0.015595238,0.0,0.01,Nov,3,2,1,2,Returning_Visitor,True,True
1,122.13,0,51.71,15,1136.8,0.02,0.013333333,2.59,0.04,May,3,2,1,6,New_Visitor,False,True
3,164.54,0,111.75,31,1130.32,0.033333333,0.03,0.0,0.0,Dec,2,2,1,1,Returning_Visitor,True,False
4,140.55,0,34.76,16,1732.97,0.03,0.022705971,0.0,0.02,Mar,2,2,1,2,Returning_Visitor,True,True
2,88.37,0,62.55,24,1133.89,0.004848485,0.03,4.19,0.01,Mar,2,2,1,3,Returning_Visitor,False,False
0,51.84,0,0.0,13,616.51,0.08,0.13,0.0,0.01,Mar,2,2,2,1,Returning_Visitor,False,False
1,42.28,0,21.44,9,1022.38,0.03,0.06,2.16,0.01,Nov,2,2,1,2,Returning_Visitor,True,False
2,64.4,0,51.03,22,843.56,0.0,0.03,2.41,0.01,Mar,1,1,2,3,Returning_Visitor,False,True
1,72.39,0,30.86,17,271.7166667,0.0,0.03,0.0,0.0,Mar,4,2,3,2,New_Visitor,True,False
1,47.92,0,0.0,8,922.48,0.03,0.06,7.92,0.0,May,2,2,1,1,Returning_Visitor,True,False
1,70.36,0,0.0,13,956.83,0.036363636,0.05,0.0,0.0,Mar,2,2,6,3,Returning_Visitor,False,False
1,0.0,0,19.98,10,517.0357143,0.03,0.00952381,2.79,0.11,Oct,4,2,2,4,New_Visitor,False,True
1,0.0,0,0.0,16,2007.0,0.04,0.06,0.0,0.03,Mar,2,2,2,2,Returning_Visitor,False,False
3,108.5,0,59.79,20,977.72,0.0,0.016666667,0.0,0.8,May,2,2,3,2,Returning_Visitor,False,False
1,69.43,0,0.0,10,431.5,0.0,0.02,8.39,0.0,Dec,2,2,1,2,Returning_Visitor,False,False
1,6.0,0,34.87,11,634.6666667,0.01,0.024285714,0.0,0.0,May,2,4,2,1,Returning_Visitor,False,False
5,88.83333333,0,72.84,30,1180.61,0.0,0.006781609,3.88,0.01,Oct,1,1,1,2,New_Visitor,False,False
0,44.54,0,0.0,6,82.0,0.19,0.183333333,1.49,0.03,Mar,1,2,2,3,Returning_Visitor,False,False
1,69.41,0,0.0,15,1010.38,0.02,0.064,0.0,0.02,Oct,1,1,1,3,Returning_Visitor,True,False
1,76.22,0,0.0,9,752.79,0.16,0.15,3.16,0.0,May,2,2,1,3,Returning_Visitor,False,False
0,82.53,0,0.0,5,53.4,0.12,0.14,3.02,0.0,Oct,2,2,2,3,Returning_Visitor,True,False
0,64.87,0,20.42,10,1140.28,0.0,0.05,0.0,0.03,Mar,2,2,1,2,Returning_Visitor,True,False
1,0.0,0,0.0,5,59.25,0.03,0.08,3.72,0.0,Nov,2,2,1,2,Returning_Visitor,False,False
1,66.61,0,19.53,11,864.1,0.06,0.002777778,0.0,0.04,Mar,2,2,1,2,New_Visitor,False,False
8,92.93333333,0,111.09,78,1794.85,0.01,0.011934156,0.0,0.01,Oct,2,2,6,1,Returning_Visitor,False,False
1,0.0,0,24.67,8,801.88,0.01,0.022222222,3.82,0.35,May,2,2,6,4,Returning_Visitor,False,True
0,44.14,0,0.0,12,615.66,0.19,0.2,2.27,0.08,Mar,2,2,1,1,Returning_Visitor,False,False
2,115.26,0,0.0,10,883.2,0.01,0.011111111,9.1,0.07,May,3,2,3,2,New_Visitor,True,True
7,209.17,0,160.3,17,446.3833333,0.01,0.01,1.72,0.0,Oct,2,2,2,1,Returning_Visitor,False,False
1,54.68,0,0.0,13,661.17,0.01,0.05,2.18,0.01,Nov,1,1,4,4,New_Visitor,False,True
1,67.29,0,26.85,12,1248.058333,0.02,0.05,4.38,0.01,Nov,1,6,1,1,Returning_Visitor,False,False
1,77.02,0,33.72,14,137.0,0.04,0.09,4.13,0.01,Nov,2,2,1,2,Returning_Visitor,False,False
1,0.0,0,23.55,16,326.5,0.1,0.125,0.0,0.04,Oct,1,1,1,1,Returning_Visitor,False,False
1,0.0,0,0.0,5,74.0,0.04,0.06,1.7,0.06,Mar,2,2,2,1,Returning_Visitor,False,False
5,297.23,3,8.0,60,8591.591742,0.003993856,0.03,7.02,0.01,Oct,2,2,1,2,Returning_Visitor,False,True
1,73.36,1,32.75,20,1897.833333,0.0127,0.02,0.0,0.01,Dec,1,2,1,2,Returning_Visitor,True,False
0,63.41,0,22.06,11,1130.65,0.0,0.05,2.77,0.0,Mar,2,2,1,1,Returning_Visitor,False,False
0,187.13,1,212.92,89,1123.13,0.01,0.01,2.02,0.0,May,2,2,3,6,Returning_Visitor,True,False
7,255.7166667,1,108.81,37,1596.61,0.002083333,0.02,6.07,0.0,May,2,2,1,4,Returning_Visitor,False,False
3,15.0,0,0.0,62,969.15,0.01,0.02,2.99,0.02,Mar,2,2,3,2,Returning_Visitor,False,False
1,0.0,0,6.0,9,195.1666667,0.01,0.066666667,2.15,0.11,Oct,4,2,3,1,Returning_Visitor,False,False
0,0.0,1,0.0,53,1422.56,0.01,0.01,24.57349606,0.18,Oct,2,2,9,1,Returning_Visitor,False,True
1,88.6,0,0.0,9,709.33,0.02,0.04,0.0,0.0,Oct,2,5,3,3,Returning_Visitor,False,False
3,110.5,0,82.47,31,5380.686996,0.01,0.021311846,3.35,0.0,Oct,2,2,3,2,Returning_Visitor,False,True
6,723.5,2,410.5,5,2383.76,0.0,0.01,6.78,0.01,Nov,2,5,2,1,Returning_Visitor,True,True
0,57.82,0,0.0,12,686.5,0.01,0.032,6.31,0.01,Dec,2,2,1,2,Returning_Visitor,False,False
0,52.25,0,14.0,13,999.96,0.035714286,0.07,1.87,0.6,May,2,2,1,4,Returning_Visitor,False,False
1,0.0,0,19.9,11,0.0,0.2,0.2,1.86,0.04,Mar,2,2,1,8,Returning_Visitor,True,False
0,48.28,0,0.0,19,706.2,0.04,0.05,2.49,0.0,May,2,2,1,13,Returning_Visitor,False,False
3,271.21,1,4.0,2,2398.43,0.02,0.03,0.0,0.0,Oct,1,1,1,2,New_Visitor,True,False
0,41.1,0,20.43,9,834.23,0.06,0.09,0.0,0.04,Feb,2,2,1,1,Returning_Visitor,False,False
1,18.1,0,72.5,9,136.2833333,0.03,0.07,2.0,0.07,Mar,2,2,2,1,Returning_Visitor,False,False
1,28.72,0,0.0,8,1167.8,0.11,0.13,1.34,0.0,May,2,2,1,3,Returning_Visitor,False,False
0,0.0,0,39.25,17,755.6,0.01,0.010638298,3.05,0.01,Jul,2,2,8,2,New_Visitor,False,False
1,0.0,0,0.0,17,1015.74,0.005555556,0.03,8.88,0.0,May,2,2,1,1,Returning_Visitor,False,False
2,62.5,1,62.83,43,1465.69,0.0,0.01468254,41.53706414,0.01,Nov,2,2,9,2,Returning_Visitor,False,False
10,515.42,2,359.53,173,6255.017866,0.002531328,0.02,0.0,0.0,Feb,2,2,3,2,Returning_Visitor,False,False
1,241.0,0,0.0,26,1592.82,0.015384615,0.03,0.0,0.06,Oct,2,2,1,2,Returning_Visitor,False,False
7,424.1666667,0,278.61,80,3006.73,0.0,0.02,7.8,0.02,May,2,4,4,4,Returning_Visitor,False,False
1,0.0,0,0.0,12,798.03,0.06,0.08,0.0,0.03,Mar,2,2,6,3,Returning_Visitor,True,False
4,87.8,1,117.77,120,2078.29,0.006451613,0.02,33.41173784,0.01,Jul,2,2,1,2,Returning_Visitor,False,True
0,0.0,0,0.0,13,388.0,0.025,0.05,2.38,0.0,Feb,2,2,1,1,Returning_Visitor,True,False
1,0.0,0,26.42,2,2532.53,0.19,0.13,1.68,0.02,Aug,2,2,4,13,Returning_Visitor,False,False
1,132.0,0,21.24,11,1192.98,0.0,0.07,2.11,0.03,Mar,2,2,1,3,Returning_Visitor,False,False
0,62.25,0,34.56,18,308.1666667,0.03,0.11,1.79,0.0,Mar,2,2,6,2,Returning_Visitor,False,False
0,48.74,0,27.1,14,826.5,0.01,0.055555556,0.0,0.02,June,2,2,6,13,Returning_Visitor,False,False
1,15.0,1,17.0,17,490.0,0.0,0.02,15.66445171,0.02,Mar,2,2,4,10,Returning_Visitor,False,True
1,27.2,0,38.74,18,976.3333333,0.01,0.015625,0.0,0.0,Nov,2,5,9,1,Returning_Visitor,False,False
1,58.21,0,22.3,14,872.83,0.0,0.03,0.0,0.04,Oct,2,2,3,2,Returning_Visitor,False,False
7,149.35,1,105.41,36,1159.06,0.01,0.01,2.07,0.0,May,2,2,6,6,Returning_Visitor,False,False
2,84.73,0,35.76,29,942.86,0.01,0.02,3.52,0.0,Oct,2,2,3,2,Returning_Visitor,False,True
1,49.02,0,21.95,12,692.57,0.003773585,0.04,0.0,0.0,Mar,1,1,3,2,Returning_Visitor,False,False
0,84.03,0,0.0,24,600.81,0.01,0.001449275,2.73,0.06,May,3,2,1,2,Returning_Visitor,False,False
2,130.45,0,40.54,23,694.39,0.01,0.03,0.0,0.01,June,2,2,8,1,Returning_Visitor,False,True
1,36.62,0,0.0,12,1314.5,0.028571429,0.042857143,2.14,0.0,Mar,2,2,2,1,Returning_Visitor,False,False
1,79.83,0,31.07,12,644.48,0.027586207,0.05,0.0,0.02,Sep,3,2,6,3,Returning_Visitor,False,False
0,65.11,0,28.47,5,1289.0,0.01,0.02,0.0,0.03,Oct,2,2,1,2,Returning_Visitor,False,False
4,107.3,0,67.48,22,365.774339,0.01,0.015583028,0.0,0.03,Mar,3,2,1,2,Returning_Visitor,False,False
2,0.0,0,0.0,24,848.2,0.02,0.02,0.0,0.0,Mar,3,2,1,1,Returning_Visitor,False,False
2,0.0,0,57.21,16,1411.833333,0.0,0.02,2.28,0.24,May,2,2,3,6,Returning_Visitor,False,False
0,56.26,0,28.77,9,324.5,0.03,0.04,1.68,0.02,Mar,2,2,1,1,Returning_Visitor,False,False
2,161.19,1,110.59,34,1343.59,0.005263158,0.03,10.93482456,0.02,Mar,2,2,1,2,Returning_Visitor,False,False
7,120.5,0,0.0,19,1515.96,0.01,0.02,3.89,0.01,Mar,2,1,1,2,Returning_Visitor,False,False
4,214.61,1,166.83,39,1561.3,0.005128205,0.02,6.97,0.0,Mar,3,2,2,1,Returning_Visitor,False,False
0,44.5,0,0.0,15,1278.77,0.02,0.030434783,1.69,0.15,May,2,2,1,3,Returning_Visitor,False,False
1,0.0,0,0.0,7,510.59,0.03,0.08,2.03,1.0,May,3,2,2,4,Returning_Visitor,False,False
0,51.96,0,26.96,15,1370.99,0.02,0.025,1.6,0.03,Mar,2,2,1,2,Returning_Visitor,False,True
1,48.27,0,28.38,16,716.52,0.02,0.0,0.0,0.0,May,2,2,3,4,Returning_Visitor,False,False
3,152.62,0,0.0,19,1199.22619,0.013095238,0.02,6.7,0.05,Oct,3,2,3,1,Returning_Visitor,False,False
2,0.0,0,0.0,14,285.5,0.01,0.04,1.63,0.03,Mar,2,2,1,2,Returning_Visitor,True,True
2,0.0,0,0.0,4,1440.0,0.01,0.05,0.0,0.8,May,2,2,5,1,Returning_Visitor,False,False
3,148.46,0,73.12,32,1223.416667,0.0,0.010784314,5.02,0.0,Mar,3,2,2,2,Returning_Visitor,False,True
3,76.0,0,41.03,18,1193.19,0.0,0.03,0.0,0.06,May,3,2,1,3,Returning_Visitor,False,False
4,237.92,2,190.4166667,132,1152.59,0.0,0.01,9.193989222,0.03,Dec,4,2,4,10,Returning_Visitor,False,False
0,0.0,0,0.0,13,1071.4,0.026666667,0.08,2.38,0.06,Dec,2,2,6,1,Returning_Visitor,False,False
0,46.17,0,25.57,11,1133.22,0.0,0.07,1.62,0.2,May,2,2,1,1,Returning_Visitor,False,False
1,0.0,0,35.18,12,483.06,0.2,0.2,0.0,0.03,Sep,1,1,2,7,Returning_Visitor,False,False
1,50.6,0,0.0,12,427.2,0.02,0.07,1.64,0.03,Feb,2,2,3,4,Returning_Visitor,False,False
2,67.5,1,95.04,7,393.5,0.01,0.025,0.0,0.01,Dec,2,2,4,2,Returning_Visitor,False,False
1,49.32,0,22.29,19,1468.71,0.01,0.05,0.0,0.0,Mar,1,1,3,2,Returning_Visitor,True,False
0,65.81,0,52.17,18,265.1666667,0.0,0.03,2.87,0.0,Mar,2,2,4,1,Returning_Visitor,False,False
6,301.2,1,0.0,44,1658.37,0.01,0.026449275,6.92,0.0,Sep,2,2,1,3,Returning_Visitor,False,False
1,0.0,0,0.0,16,1916.873737,0.02,0.04,2.9,0.01,Dec,2,2,2,2,Returning_Visitor,False,False
0,88.46,0,0.0,16,1333.84,0.0,0.02,92.9041786,0.01,Oct,2,2,1,2,Returning_Visitor,False,True
2,119.88,0,60.54,23,111.0,0.01,0.011111111,5.94,0.01,Dec,3,2,1,2,Returning_Visitor,False,False
3,101.07,0,51.52,22,1267.25,0.02,0.06,2.45,0.01,Mar,1,2,2,11,Returning_Visitor,True,False
2,95.55,0,33.94,17,1283.56,0.12,0.1,2.08,0.0,Mar,2,2,1,2,Returning_Visitor,False,True
1,79.15,0,23.28,10,259.5,0.03,0.05,4.85,0.13,May,2,2,2,4,Returning_Visitor,False,False
4,122.0,0,79.79,24,1244.64,0.01,0.010526316,0.0,0.0,May,2,2,1,2,New_Visitor,False,False
0,0.0,0,34.66,3,0.0,0.2,0.2,0.0,0.0,Mar,1,8,1,1,Returning_Visitor,False,False
4,154.87,1,0.0,74,2418.59,0.01,0.031306306,10.87,0.0,Nov,2,2,1,2,Returning_Visitor,False,False
3,93.29,0,45.65,30,58.0,0.01,0.028571429,1.81,0.05,May,2,2,1,2,Returning_Visitor,False,False
1,0.0,0,0.0,16,1179.86,0.0,0.04,0.0,0.03,May,2,2,3,4,Returning_Visitor,False,False
10,351.27,2,122.62,67,2035.75,0.02,0.017363636,2.42,0.01,Sep,1,2,1,1,New_Visitor,False,False
1,9.0,0,0.0,13,1308.41,0.07,0.06,0.0,0.05,Mar,1,2,1,3,Returning_Visitor,False,False
2,98.0,0,34.13,29,1352.79,0.0,0.006666667,39.59436227,0.0,Nov,2,2,3,1,Returning_Visitor,False,True
2,97.66,0,37.64,17,1533.09,0.0,0.028571429,32.90611766,0.0,Nov,2,2,2,2,Returning_Visitor,True,True
0,0.0,0,0.0,9,36.0,0.05,0.07,0.0,0.13,May,2,2,2,3,Returning_Visitor,False,False
12,441.49,2,239.36,56,4876.007712,0.02,0.03,5.751219035,0.02,Feb,2,2,1,2,Returning_Visitor,False,False
2,98.6,0,31.94,17,1279.74,0.03,0.0125,2.99,0.03,May,2,2,3,5,New_Visitor,False,False
5,51.5,0,0.0,32,2074.93,0.0,0.033333333,1.86,0.04,Mar,2,2,2,1,Returning_Visitor,False,False
0,62.7,0,23.18,22,1327.666667,0.01,0.032359307,0.0,0.01,Nov,2,2,9,2,Returning_Visitor,True,True
0,0.0,0,0.0,17,855.21,0.01,0.0,3.55,0.0,Jul,1,1,1,1,Returning_Visitor,False,False
0,0.0,0,31.18,13,991.3,0.015384615,0.023076923,0.0,0.15,May,2,2,2,4,Returning_Visitor,False,False
1,80.4,0,45.27,19,229.9166667,0.018181818,0.040909091,2.92,0.01,Nov,3,2,1,1,Returning_Visitor,True,False
2,79.41,0,0.0,37,1344.22,0.01,0.002777778,2.32,0.0,Oct,1,1,3,2,New_Visitor,True,True
4,78.6,1,75.0,35,1305.02,0.01,0.0,4.68,0.0,Sep,2,2,1,2,Returning_Visitor,False,False
1,43.17,0,0.0,10,211.8333333,0.01,0.04,0.0,0.0,Dec,2,2,4,13,Returning_Visitor,False,False
9,273.86,1,157.23,137,7012.266796,0.01,0.02,4.7,0.0,Nov,1,2,1,2,Returning_Visitor,False,True
2,87.83,0,31.66,15,1731.84,0.0,0.03,2.12,0.04,Oct,2,4,1,1,Returning_Visitor,False,False
2,117.34,0,25.96,13,760.25,0.0,0.011764706,4.67,0.0,Oct,1,2,1,2,New_Visitor,True,True
5,214.51,0,126.54,72,3220.887143,0.024937343,0.02,6.4,0.0,Oct,4,1,3,2,Returning_Visitor,False,False
4,70.66666667,1,101.0,17,1634.12,0.04,0.022368421,6.16,0.0,Mar,2,2,2,2,Returning_Visitor,True,False
1,0.0,0,0.0,14,900.8,0.04,0.06,0.0,0.0,Mar,2,2,2,1,Returning_Visitor,False,False
1,56.73,0,0.0,13,348.6666667,0.035714286,0.053571429,6.5,0.02,Mar,2,2,1,1,Returning_Visitor,True,False
1,0.0,0,0.0,8,1009.375,0.01,0.04,2.3,0.01,Nov,2,2,1,2,Returning_Visitor,False,True
8,358.2583333,3,377.4333333,64,3376.49,0.0,0.02,15.04,0.0,Oct,2,2,3,2,Returning_Visitor,False,True
1,0.0,0,32.47,16,169.1666667,0.01,0.036363636,0.0,0.02,Oct,2,2,2,2,Returning_Visitor,False,False
5,80.84,0,0.0,56,441.2166667,0.01,0.02,1.8,0.06,Oct,2,2,1,3,Returning_Visitor,False,False
2,72.5,1,0.0,24,936.1333333,0.01,0.020238095,7.47,0.0,Nov,2,2,1,2,Returning_Visitor,False,True
0,0.0,0,54.48,21,242.5,0.01,0.12,6.18,0.0,Dec,6,13,9,20,Other,False,False
2,68.62,0,29.15,13,341.6666667,0.01,0.041176471,2.15,0.04,Oct,2,2,3,6,Returning_Visitor,False,False
0,78.48,0,31.08,11,481.92,0.02,0.1,0.0,0.01,Jul,2,2,3,4,Returning_Visitor,False,False
0,0.0,0,0.0,63,3301.222222,0.01,0.02,1.87,0.0,Oct,2,2,2,1,Returning_Visitor,True,False
9,218.09,3,177.8,51,4162.538005,0.01,0.025287479,4.28,0.04,Oct,3,2,5,2,Returning_Visitor,False,False
5,182.28,4,116.8,53,1696.567619,0.01,0.017602339,4.12,0.01,Oct,2,2,5,2,Returning_Visitor,False,False
1,49.65,0,0.0,19,1481.5,0.0,0.07,1.49,0.03,Mar,2,2,2,4,Returning_Visitor,False,False
1,0.0,0,29.83,7,785.32,0.03,0.04,2.2,0.0,Mar,2,4,3,2,Returning_Visitor,False,False
0,0.0,0,40.29,32,898.8333333,0.068571429,0.102285714,3.22,0.0,May,2,2,1,1,Returning_Visitor,False,False
1,91.85,0,0.0,23,1177.93,0.0,0.02,0.0,0.03,May,2,2,2,4,Returning_Visitor,False,False
0,215.97,3,33.75,9,2012.62,0.033333333,0.02,8.85,0.0,Oct,3,2,2,1,Returning_Visitor,False,False
3,150.2,0,55.9,22,938.53,0.02,0.03,0.0,0.01,Oct,2,2,2,4,Returning_Visitor,True,False
2,113.76,1,35.0,18,1372.975,0.0,0.02,41.64625944,0.0,Dec,1,2,1,2,Returning_Visitor,False,True
1,14.0,0,0.0,13,985.93,0.0,0.03,2.05,0.0,Mar,2,2,3,2,Returning_Visitor,False,False
5,155.47,2,127.67,51,139.0,0.0,0.02,3.7,0.0,Oct,3,2,2,4,Returning_Visitor,False,False
2,101.74,0,41.32,1,56.5,0.0,0.1,0.0,0.06,Oct,2,2,3,2,Returning_Visitor,False,False
1,76.2,0,0.0,36,2362.5,0.06,0.016190476,0.0,0.02,Mar,2,2,2,3,Returning_Visitor,False,False
1,52.58,0,0.0,8,1199.46,0.07,0.08,2.15,0.03,Mar,2,2,2,1,Returning_Visitor,False,False
3,145.74,0,30.59,18,1514.8,0.005714286,0.023619048,4.03,0.07,Oct,2,2,1,1,Returning_Visitor,False,False
1,27.2,0,36.1,21,1003.658333,0.02,0.04,5.69,0.0,Oct,2,2,4,1,Returning_Visitor,False,False
1,79.28,0,90.0,9,103.6666667,0.04,0.06,0.0,0.1,May,3,2,1,1,Returning_Visitor,False,False
0,61.57,0,24.17,13,893.45,0.08,0.11,0.0,0.0,Mar,2,2,1,2,Returning_Visitor,False,False
2,61.62,0,0.0,23,920.4,0.03,0.013513514,2.13,0.0,Aug,1,1,3,5,Returning_Visitor,False,False
6,87.7,2,71.64,39,1796.63,0.0,0.02,0.0,0.02,Nov,2,5,1,1,New_Visitor,False,False
0,29.38,0,20.52,1,1086.28,0.2,0.2,2.25,0.0,Mar,1,1,1,4,Returning_Visitor,True,False
2,102.82,0,45.13,18,1029.25,0.0,0.02,3.78,0.0,Jul,2,2,1,2,Returning_Visitor,False,False
0,172.14,0,0.0,102,2878.44,0.003921569,0.02,4.88,0.02,Oct,2,2,1,2,Returning_Visitor,False,False
1,67.78,0,27.42,15,249.6666667,0.13,0.13,2.43,0.0,Mar,2,2,1,1,Returning_Visitor,False,True
1,58.74,0,20.46,10,102.7,0.0,0.08,1.53,0.0,Mar,2,2,2,4,Returning_Visitor,False,True
0,37.52,0,16.87,11,845.79,0.1,0.1,0.0,0.0,Mar,1,1,2,3,Returning_Visitor,False,False
1,61.84,0,24.38,11,623.0266667,0.0,0.009047619,36.0824516,0.03,Oct,2,2,1,2,Returning_Visitor,False,False
1,41.77,0,0.0,16,2296.48,0.19,0.1,1.48,0.1,Oct,4,1,2,3,Returning_Visitor,False,False
1,173.25,0,0.0,16,2041.083333,0.04,0.06,0.0,0.0,Dec,3,2,6,1,Returning_Visitor,False,False
0,0.0,0,0.0,19,1480.05,0.022222222,0.04,0.0,0.6,May,2,2,2,2,Returning_Visitor,False,False
1,58.92,0,24.02,10,28.25,0.08,0.11,2.72,0.13,Dec,2,2,9,2,Returning_Visitor,True,False
1,0.0,0,31.62,16,931.48,0.02,0.05,4.24,0.01,Nov,2,2,1,2,Returning_Visitor,False,False
1,49.56,0,37.96,16,0.0,0.2,0.2,1.69,0.07,Mar,2,2,3,1,Returning_Visitor,False,False
3,249.3916667,1,103.0,37,2327.18,0.0,0.02,4.36,0.01,Nov,2,2,1,2,Returning_Visitor,False,False
1,61.5,0,0.0,16,886.28,0.03,0.12,0.0,0.01,Nov,2,2,2,1,Returning_Visitor,False,False
0,0.0,0,34.01,15,886.18,0.05,0.07,2.91,0.0,Mar,2,2,1,1,Returning_Visitor,False,False
1,55.99,0,24.68,12,1350.5,0.02,0.04,1.71,0.05,Oct,2,2,3,2,New_Visitor,False,False
3,107.0,0,0.0,26,1148.37,0.01,0.016666667,3.91,0.0,Mar,3,4,9,2,New_Visitor,False,False
0,114.0,0,80.17,37,1980.19,0.0,0.014864865,3.08,0.0,May,2,2,4,13,Returning_Visitor,False,False
5,223.58,0,180.79,65,9405.836721,0.008313228,0.03,8.35,0.02,Oct,2,2,2,2,Returning_Visitor,False,True
1,93.56,0,38.53,18,892.39,0.0,0.04,2.55,0.03,May,2,2,2,4,Returning_Visitor,False,True
1,39.67,0,20.87,7,887.0,0.03,0.06,0.0,0.0,Mar,2,5,1,1,Returning_Visitor,False,False
1,4.0,0,0.0,37,855.96,0.12,0.12,1.47,0.8,May,3,2,2,4,Returning_Visitor,False,False
9,199.3856838,1,86.31,38,1406.79,0.01,0.02,22.02071582,0.0,Mar,2,2,3,2,Returning_Visitor,False,True
1,0.0,0,0.0,21,1115.54,0.0,0.03,4.77,0.0,Nov,2,2,1,2,Returning_Visitor,False,False
0,0.0,0,40.21,19,2402.27,0.0,0.1,1.53,0.11,Oct,1,1,1,3,Returning_Visitor,False,False
1,37.96,0,22.56,15,1751.26,0.05,0.07,1.96,0.0,Nov,3,2,1,2,Returning_Visitor,True,False
2,0.0,0,54.35,2,1230.72,0.0,0.1,0.0,0.0,Mar,1,1,9,1,Returning_Visitor,False,False
1,78.25,0,22.57,14,1032.761905,0.0,0.05,3.52,0.0,Mar,2,2,3,2,New_Visitor,False,False
9,333.93,6,234.03,79,3090.38,0.02,0.02,3.52,0.0,Aug,2,2,4,13,Returning_Visitor,False,False
4,207.5,0,64.81,22,56.5,0.01,0.02,4.77,0.0,Dec,2,2,9,2,New_Visitor,True,False
2,107.66,0,47.92,26,1130.87,0.02,0.03,2.35,0.04,Oct,2,4,1,2,Returning_Visitor,False,True
1,79.7,0,28.62,14,940.33,0.0,0.03,0.0,0.0,Feb,3,2,1,3,Returning_Visitor,False,False
2,106.26,0,0.0,28,1488.84,0.01,0.005,2.02,0.0,Oct,2,2,1,2,New_Visitor,False,False
3,75.0,0,48.23,26,939.95,0.0,0.02,0.0,0.0,May,2,2,1,2,Returning_Visitor,False,False
12,1028.833333,3,322.93,105,4723.41,0.002469136,0.02,3.726530231,0.01,Nov,2,2,1,2,Returning_Visitor,False,True
8,266.84,1,196.77,146,4111.09,0.02,0.011184211,2.86,0.01,Oct,2,2,1,2,Returning_Visitor,True,False
1,73.24,0,25.97,15,585.0,0.01,0.06,1.99,0.0,Oct,2,2,7,8,New_Visitor,False,False
1,50.5,0,20.82,9,733.39,0.05,0.1,1.84,0.0,May,2,2,3,3,Returning_Visitor,False,False
5,77.77,0,32.95,18,599.07,0.01,0.01,13.91046998,0.0,Aug,2,2,9,20,Returning_Visitor,False,True
2,87.33333333,0,42.51,22,836.45,0.01,0.04,2.4,0.07,May,2,4,6,3,Returning_Visitor,False,False
0,68.67,0,54.98,12,130.5,0.0,0.03,3.62,0.0,Mar,2,2,1,2,Returning_Visitor,False,False
1,72.96,0,44.04,20,679.5666667,0.01,0.006349206,4.4,0.0,Nov,2,2,1,2,Returning_Visitor,False,False
4,60.2,0,40.37,8,132.8,0.0,0.009090909,2.37,0.02,Feb,2,2,1,2,Returning_Visitor,False,False
5,207.42,1,92.54,20,1442.6,0.0,0.013043478,5.02,0.01,Dec,2,2,3,2,New_Visitor,False,True
3,141.75,0,56.51,29,1648.0,0.01,0.01,3.89,0.03,Oct,1,1,3,4,Returning_Visitor,False,True
0,0.0,0,43.02,24,1527.36,0.02,0.017647059,1.8,0.0,Oct,2,2,4,1,Returning_Visitor,False,False
2,94.28,0,54.9,30,1446.36,0.0,0.03,4.09,0.0,Oct,1,6,1,1,Returning_Visitor,False,False
1,49.33,0,0.0,13,1560.09,0.01,0.018181818,1.61,0.06,Oct,2,2,1,2,Returning_Visitor,False,False
1,36.94,0,0.0,16,1981.7,0.1,0.14,0.0,0.1,May,3,2,2,13,Returning_Visitor,False,False
4,125.54,1,889.5,30,1437.31,0.01,0.03,3.66,0.01,Dec,2,2,6,2,Returning_Visitor,False,False
0,0.0,2,594.1333333,98,2822.08,0.01,0.01,9.1,0.0,Sep,3,2,1,2,Returning_Visitor,False,True
0,64.19,0,21.29,4,67.75,0.15,0.18,0.0,0.04,Mar,2,2,2,3,Returning_Visitor,False,False
8,322.2,4,202.65,131,5619.384897,0.02,0.02,9.74,0.02,Oct,3,2,1,2,Returning_Visitor,False,False
1,51.31,0,19.1,9,43.0,0.0,0.06,0.0,0.03,Mar,2,2,3,2,Returning_Visitor,False,False
1,96.34,0,27.29,13,1859.5,0.005128205,0.04,8.29,0.1,May,3,2,2,7,Returning_Visitor,False,False
0,50.51,0,31.86,10,1166.02,0.04,0.08,0.0,0.01,Nov,2,2,1,2,Returning_Visitor,False,False
0,0.0,0,31.94,19,574.0,0.016666667,0.04,0.0,0.03,Mar,2,2,1,1,Returning_Visitor,False,False
1,0.0,0,23.21,2,936.03,0.02,0.04,0.0,0.0,May,1,2,4,3,Returning_Visitor,False,False
8,388.7916667,1,111.46,33,1464.416667,0.019047619,0.02,0.0,0.07,Nov,1,1,7,3,Returning_Visitor,False,False
1,109.33,0,32.76,16,1012.52,0.01,0.014285714,3.22,0.12,May,2,2,1,2,Returning_Visitor,False,False
1,61.0,0,0.0,23,25.0,0.133333333,0.122222222,0.0,0.16,Oct,3,2,2,3,Returning_Visitor,False,False
3,159.5,0,43.9,20,1634.03,0.0,0.003921569,2.51,0.0,Oct,2,2,2,2,New_Visitor,False,False
1,82.59,0,0.0,13,720.14,0.0,0.03,0.0,0.0,Jul,1,1,3,2,New_Visitor,False,False
1,76.62,0,30.19,14,865.5833333,0.0,0.03,3.96,0.01,Dec,1,1,9,2,New_Visitor,True,True
2,56.5,0,28.75,23,1753.083333,0.02,0.007301587,1.93,0.0,Mar,4,2,1,2,Returning_Visitor,False,True
2,305.125,1,116.96,42,1312.74,0.02,0.02,5.87,0.02,May,3,2,1,2,Returning_Visitor,False,False
6,131.01,1,81.33333333,29,1715.687897,0.01,0.01,2.99,0.01,Mar,2,2,1,2,Returning_Visitor,False,False
2,0.0,0,36.73,19,1458.97619,0.01,0.041167134,1.85,0.02,Mar,2,2,3,10,Returning_Visitor,False,False
2,0.0,1,0.0,25,1952.5,0.01,0.02,4.2,0.0,Nov,2,2,1,2,Returning_Visitor,False,False
1,0.0,0,0.0,6,485.6,0.02,0.06,1.37,0.05,Mar,2,5,3,1,Returning_Visitor,True,False
0,46.64,0,21.72,11,1282.05,0.1,0.06,2.14,0.02,Dec,2,2,1,8,Returning_Visitor,False,False
0,69.19,0,0.0,10,272.5,0.05,0.06,2.95,0.0,Mar,2,2,9,2,New_Visitor,False,False
2,84.66,0,36.17,10,302.0,0.02,0.03,1.79,0.1,Oct,2,6,1,1,Returning_Visitor,False,True
0,30.01,0,24.05,5,970.26,0.01,0.04,0.0,0.0,May,2,2,1,3,Returning_Visitor,False,False
1,80.36,0,0.0,48,1080.18,0.005434783,0.01,3.64,0.0,Nov,1,1,1,2,Returning_Visitor,False,False
6,191.84,1,54.48,17,806.65,0.01,0.015,0.0,0.0,Oct,2,10,3,2,Returning_Visitor,False,False
1,30.0,0,0.0,7,157.5,0.0,0.025,0.0,0.01,Mar,2,1,3,3,New_Visitor,True,False
0,37.75,0,23.12,1,0.0,0.03,0.05,2.43,0.0,May,2,2,8,1,Returning_Visitor,False,False
1,56.84,0,21.33,45,1456.27381,0.13,0.16,1.49,0.0,Mar,2,2,2,3,Returning_Visitor,False,True
4,146.42,0,0.0,25,1725.85,0.03,0.018181818,3.77,0.0,Oct,2,2,1,2,Returning_Visitor,False,False
0,0.0,0,41.5,10,702.7,0.06,0.12,0.0,0.01,Nov,2,2,1,2,Returning_Visitor,False,True
2,20.0,0,37.19,21,7962.64,0.16,0.1,3.99,0.05,Oct,2,2,1,13,Returning_Visitor,False,False
1,134.84,0,0.0,21,586.3722222,0.0,0.02,9.08,0.0,Dec,3,2,6,2,Returning_Visitor,False,True
1,0.0,0,0.0,2,485.04,0.2,0.2,1.74,0.47,May,3,2,1,6,Returning_Visitor,False,False
4,157.54,0,45.04,7,110.3,0.0,0.02,4.65,0.0,Sep,2,2,1,2,New_Visitor,False,False
0,0.0,0,32.6,16,813.8,0.023255814,0.05,0.0,0.6,May,2,1,1,2,Returning_Visitor,False,False
0,79.88,0,23.94,4,783.5,0.03,0.06,4.01,0.0,May,2,2,2,3,Returning_Visitor,False,False
0,68.29,0,30.75,9,681.16,0.04,0.08,3.77,0.63,May,2,2,1,1,Returning_Visitor,False,False
0,128.92,1,74.4,27,1348.45,0.01,0.02039072,7.68,0.0,Jul,1,2,1,1,Returning_Visitor,False,False
0,0.0,0,31.79,13,738.54,0.018181818,0.05,15.05,0.01,Dec,2,2,1,2,Returning_Visitor,False,False
2,167.43,0,53.98,14,457.16,0.01,0.013636364,6.32,0.01,Dec,2,2,9,11,New_Visitor,False,True
5,0.0,4,37.0,69,4112.394444,0.01,0.01,16.06,0.02,Dec,3,2,3,2,Returning_Visitor,False,False
0,126.2,0,62.84,26,1452.46,0.007692308,0.034615385,6.08,0.0,May,2,2,6,1,Returning_Visitor,False,False
1,39.61,0,6.0,7,569.28,0.02,0.04,1.952553388,0.05,Mar,2,2,2,2,Returning_Visitor,False,False
0,50.92,0,0.0,8,1236.48,0.08,0.08,2.23,0.0,Mar,2,2,2,1,Returning_Visitor,True,False
0,0.0,0,0.0,10,856.34,0.01,0.05,2.18,0.02,Mar,2,1,1,1,Returning_Visitor,False,False
1,0.0,0,36.39,9,359.1666667,0.07,0.09,1.68,0.33,May,2,2,2,5,Returning_Visitor,False,True
1,0.0,0,25.4,20,1479.22,0.0,0.03,20.82613173,0.05,Oct,2,2,2,2,Returning_Visitor,True,True
0,0.0,0,20.43,11,977.35,0.07,0.09,1.7,0.06,Mar,2,2,1,1,Returning_Visitor,False,False
2,79.57,0,29.17,21,4528.98,0.0,0.06,0.0,0.0,Mar,1,1,1,4,Returning_Visitor,False,False
4,190.73,1,91.82,40,3178.583333,0.025,0.04047619,7.47,0.0,Mar,2,2,2,1,Returning_Visitor,False,False
1,65.18,0,24.17,13,1137.47,0.12,0.11,2.22,0.0,Mar,2,2,1,1,Returning_Visitor,False,False
0,33.09,0,0.0,7,621.31,0.07,0.08,2.53,0.08,May,2,2,1,4,Returning_Visitor,False,False
2,92.31,0,0.0,66,1415.3875,0.01,0.014262023,9.829114577,0.02,Oct,2,2,1,2,Returning_Visitor,False,False
2,256.39,1,147.05,106,6617.791228,0.009047619,0.04,6.8,0.04,Feb,2,2,2,1,Returning_Visitor,True,True
7,103.14,0,43.33,22,489.1452381,0.02,0.022222222,27.38224222,0.04,Oct,2,2,1,2,Returning_Visitor,True,True
4,180.49,1,66.11,28,1216.37,0.026666667,0.032991453,33.60744027,0.1,Mar,2,2,2,2,Returning_Visitor,False,False
3,167.4,0,146.0,29,2866.90202,0.01,0.02,8.96,0.0,Oct,2,2,2,2,Returning_Visitor,False,False
6,456.2333333,1,13.0,89,2352.58,0.01,0.02,0.0,0.02,Nov,2,2,1,2,Returning_Visitor,False,False
0,0.0,1,33.84,18,1158.88,0.01,0.05,0.0,0.0,Mar,2,2,9,8,New_Visitor,False,False
2,94.04,1,0.0,15,903.82,0.0,0.005952381,7.29,0.0,Dec,2,2,2,2,Returning_Visitor,False,False
3,43.66666667,0,0.0,26,1588.19,0.0,0.03,6.64,0.02,Oct,2,2,1,1,Returning_Visitor,False,False
3,68.0,0,66.3,27,1290.54,0.007894737,0.04,0.0,0.8,May,2,2,2,2,Returning_Visitor,False,False
1,27.44,0,0.0,1,1337.63,0.2,0.2,0.0,0.0,Feb,3,1,1,3,Returning_Visitor,False,False
1,38.76,0,0.0,13,250.1666667,0.04,0.05,3.73,0.01,Mar,3,2,1,11,Returning_Visitor,True,False
6,260.77,0,91.22,39,603.2565261,0.021862348,0.034024526,0.0,0.0,Oct,1,1,7,1,Returning_Visitor,False,False
0,0.0,0,0.0,12,932.07,0.01,0.071428571,0.0,0.06,Mar,1,1,9,4,Returning_Visitor,False,False
1,54.3,0,33.52,14,961.94,0.01,0.017948718,3.76,0.01,Dec,1,1,2,2,Returning_Visitor,False,False
0,0.0,0,0.0,1,984.91,0.2,0.2,0.0,0.1,Mar,2,4,3,9,Returning_Visitor,False,False
4,163.9,0,65.94,32,3644.752381,0.0,0.016666667,3.93,0.02,Oct,2,2,1,2,Returning_Visitor,False,False
3,114.86,1,0.0,71,1112.4,0.01,0.01,2.67,0.0,Mar,2,2,1,8,Returning_Visitor,False,True
0,44.1,0,24.28,14,469.8761905,0.04,0.05,0.0,0.02,Mar,2,4,3,10,Returning_Visitor,False,False
3,130.15,1,95.22,22,1986.3,0.0,0.02,3.68,0.01,May,2,2,7,2,Returning_Visitor,False,False
3,325.3333333,0,49.72,39,1437.15,0.01,0.0115625,0.0,0.0,Oct,1,1,1,3,Returning_Visitor,False,False
2,197.5,0,56.95,15,1311.31,0.011764706,0.03,5.89,0.01,Dec,2,2,1,2,Returning_Visitor,False,False
4,265.04,1,194.4,34,1207.71,0.01,0.05,0.0,0.0,Oct,2,2,1,6,New_Visitor,False,False
2,102.6,0,0.0,12,871.8333333,0.01,0.02,1.88,0.02,Mar,1,1,3,2,New_Visitor,True,False
1,65.44,0,24.25,12,309.3666667,0.02,0.019047619,14.37785831,0.01,Sep,1,2,1,2,New_Visitor,False,True
3,194.85,0,0.0,137,3978.626167,0.01,0.004746377,3.38,0.0,Mar,2,10,3,2,Returning_Visitor,False,False
2,12.0,0,0.0,19,1262.72,0.0,0.02,3.06,0.0,Mar,2,2,9,2,New_Visitor,False,False
1,86.6,0,45.18,14,1132.23,0.02,0.004761905,60.43737784,0.0,Nov,1,1,1,3,Returning_Visitor,False,True
1,48.1,0,32.07,2,0.0,0.2,0.2,0.0,0.03,Mar,1,1,1,3,Returning_Visitor,False,False
2,75.98,0,0.0,44,2664.445833,0.02,0.03,97.86083623,0.01,Nov,2,2,1,2,Returning_Visitor,True,True
2,132.22,0,18.0,18,1112.26,0.09,0.06,0.0,0.03,Mar,2,2,1,2,Returning_Visitor,False,False
1,0.0,0,37.63,11,587.47,0.01,0.02,30.54596337,0.0,May,2,2,1,4,New_Visitor,False,True
1,0.0,0,20.78,10,1376.3,0.0,0.08,0.0,0.04,Mar,2,2,2,4,Returning_Visitor,False,False
1,55.18,0,0.0,29,778.3583333,0.03,0.04,0.0,0.1,May,3,2,1,3,Returning_Visitor,True,False
1,22.0,0,41.9,20,1329.28,0.0,0.035057471,4.4,0.05,Feb,2,2,1,1,Returning_Visitor,False,False
3,138.5,0,0.0,27,1989.6,0.013095238,0.034702381,0.0,0.0,Mar,2,2,2,4,Returning_Visitor,True,False
1,0.0,0,23.24,10,543.65,0.07,0.07,3.06,0.08,May,2,2,1,4,Returning_Visitor,False,False
2,76.6,0,0.0,22,4460.28,0.0,0.04,0.0,0.02,Oct,1,1,3,2,New_Visitor,True,False
1,74.63,0,0.0,18,926.87,0.04,0.05,5.36,0.02,Mar,2,2,9,2,Returning_Visitor,False,False
1,49.03,0,20.89,1,759.77,0.11,0.18,1.56,0.03,Mar,2,2,2,3,Returning_Visitor,False,False
0,98.83,0,0.0,58,1143.46,0.007142857,0.02,3.9,0.8,May,3,2,2,4,Returning_Visitor,False,False
2,102.1,0,0.0,17,1497.76,0.03,0.04,2.32,0.0,Oct,2,2,3,1,Returning_Visitor,False,False
1,95.19,0,50.27,8,1045.89,0.0,0.016666667,4.3,0.01,Dec,2,2,1,2,Returning_Visitor,False,False
1,0.0,0,24.32,9,777.95,0.02,0.04,8.91,0.0,May,2,2,1,3,Returning_Visitor,False,False
1,39.52,0,0.0,11,241.0,0.06,0.08,1.6,0.03,Mar,2,2,2,1,Returning_Visitor,False,False
0,60.19,0,27.1,8,768.08,0.01,0.01,58.788,0.05,Oct,2,2,3,2,New_Visitor,True,True
4,52.0,0,7.0,25,1597.07,0.02,0.03,2.2,0.03,Mar,2,2,1,2,Returning_Visitor,False,True
4,141.5,1,474.5,39,1431.333333,0.01,0.015432099,6.076734568,0.05,May,2,2,1,4,Returning_Visitor,False,False
7,169.74,1,100.25,38,1573.233333,0.0,0.004594595,8.39,0.02,Mar,2,2,6,1,Returning_Visitor,True,False
2,99.0,0,49.67,23,831.6904762,0.004166667,0.04,6.66,0.0,Oct,2,2,2,2,Returning_Visitor,False,False
2,0.0,0,0.0,30,1433.22,0.01,0.013793103,2.67,0.0,Mar,4,2,1,2,Returning_Visitor,False,True
3,149.0,0,60.42,17,1065.41,0.014814815,0.02962963,0.0,0.0,May,3,2,6,1,Returning_Visitor,False,False
0,46.6,0,0.0,13,77.0,0.01,0.066666667,0.0,0.0,Mar,3,2,6,1,Returning_Visitor,False,False
0,58.51,0,0.0,16,226.8333333,0.09,0.11,0.0,0.0,Mar,1,1,1,1,Returning_Visitor,True,False
5,137.35,1,459.0,17,2279.45,0.01,0.035072464,8.29,0.0,May,1,2,6,1,Returning_Visitor,False,False
1,45.83,0,25.71,12,769.5,0.03,0.05,3.63,0.02,Mar,2,2,1,1,Returning_Visitor,False,False
1,67.48,0,0.0,17,1541.33,0.005405405,0.04,0.0,0.06,Mar,2,2,1,1,Returning_Visitor,False,False
1,64.03,0,25.96,9,1008.916667,0.02,0.04,5.304,0.0,May,2,5,3,4,Returning_Visitor,True,False
4,226.11,4,120.32,31,1622.883333,0.005405405,0.017488397,15.26399679,0.01,Mar,3,2,2,2,Returning_Visitor,False,False
1,66.13,0,30.47,15,994.72,0.01,0.028830409,27.5128393,0.01,Sep,2,2,1,1,Returning_Visitor,False,False
2,90.77,0,0.0,12,1952.75,0.02,0.068333333,0.0,0.05,Feb,2,4,3,1,Returning_Visitor,False,False
5,360.75,1,0.0,26,950.62,0.01,0.01,8.833510027,0.03,May,2,2,3,2,Returning_Visitor,False,False
4,146.9,1,95.62,35,6707.54,0.011363636,0.01,3.21,0.04,Oct,2,2,1,2,Returning_Visitor,False,False
1,44.51,0,25.78,12,343.0,0.019444444,0.032222222,0.0,0.01,Mar,2,1,1,1,Returning_Visitor,True,False
1,12.6,0,0.0,6,832.4,0.0,0.00952381,15.89480154,0.03,Oct,2,2,3,2,Returning_Visitor,False,True
1,53.49,0,18.24,7,421.51,0.01,0.04,1.62,0.02,Oct,1,1,2,2,Returning_Visitor,False,True
3,38.2,1,9.0,38,1415.94,0.01,0.0,86.12351528,0.07,Oct,2,4,9,2,New_Visitor,False,True
3,94.61,0,28.5,19,1621.94,0.01,0.01562134,5.376740585,0.05,Oct,2,2,1,2,New_Visitor,False,False
3,152.5,0,53.38,43,3065.945238,0.0,0.02,3.31108,0.01,Mar,2,2,3,2,Returning_Visitor,True,True
4,247.13,1,70.9,33,2008.26,0.01,0.005708347,3.83,0.0,Aug,2,2,1,2,New_Visitor,True,False
0,0.0,0,27.53,18,547.62,0.04,0.05,1.51,0.0,Oct,3,2,1,1,Returning_Visitor,False,False
1,0.0,0,0.0,22,410.9166667,0.16,0.14,0.0,1.0,May,3,2,1,1,Returning_Visitor,False,False
0,0.0,0,51.63,12,785.94,0.01,0.022666667,4.66,0.64,May,3,2,1,13,Returning_Visitor,False,False
3,108.39,0,28.06,16,95.5,0.03,0.025,3.22,0.03,Oct,2,2,1,2,New_Visitor,True,False
1,59.47,0,29.18,1,703.73,0.0,0.03,0.0,0.0,Jul,1,1,1,3,Returning_Visitor,False,False
1,53.4,0,25.44,3,1241.73,0.03,0.04,1.62,0.06,Mar,2,2,1,1,Returning_Visitor,False,False
0,50.83,0,31.2,17,330.0,0.066666667,0.1,2.12,0.14,May,3,2,8,1,Returning_Visitor,False,False
2,93.49,1,54.2,19,1060.85,0.01,0.013043478,5.67,0.01,Nov,2,2,1,2,Returning_Visitor,False,False
0,53.63,0,0.0,1,1311.78,0.16,0.16,1.61,0.03,Mar,2,2,2,3,Returning_Visitor,False,False
1,123.0,0,25.2,6,178.3333333,0.0,0.04,1.36,0.04,Mar,2,2,3,1,Returning_Visitor,False,False
4,257.78,1,177.7,33,1212.809524,0.01,0.020967742,12.53,0.0,Mar,2,2,1,2,Returning_Visitor,False,True
8,260.11,1,190.47,55,2003.415152,0.007142857,0.01,5.576720936,0.0,Mar,2,2,4,2,Returning_Visitor,False,True
7,272.59,1,158.9,57,11431.00124,0.01,0.021904109,4.51,0.0,Feb,2,5,3,1,Returning_Visitor,False,True
1,43.96,0,0.0,9,518.61,0.05,0.1,0.0,0.04,Mar,1,1,3,4,Returning_Visitor,True,False
1,57.02,0,19.64,11,946.3934211,0.01,0.03,10.37175846,0.04,May,1,1,3,2,Returning_Visitor,False,False
0,0.0,0,0.0,18,360.75,0.0,0.02,0.0,0.01,Mar,2,2,1,1,Returning_Visitor,False,False
5,138.26,1,74.15,35,1150.23,0.0,0.01,2.94,0.0,May,2,2,4,2,Returning_Visitor,False,False
3,171.2,0,0.0,21,1723.6,0.011111111,0.033333333,3.8,0.0,Mar,3,2,2,2,Returning_Visitor,False,False
3,116.37,0,0.0,15,1058.89,0.01,0.02,2.54,0.08,Oct,2,2,6,1,Returning_Visitor,False,False
2,0.0,0,0.0,28,2079.56,0.0,0.04,0.0,0.0,Mar,2,2,3,1,Returning_Visitor,False,False
0,0.0,0,30.53,12,788.68,0.01,0.072727273,0.0,0.01,Nov,2,2,9,3,Returning_Visitor,True,False
3,110.5,0,25.07,10,305.61,0.0,0.008333333,1.95,1.0,May,1,8,3,11,New_Visitor,True,False
3,86.43,0,28.0,7,354.5,0.04,0.09,0.0,0.01,Nov,2,2,1,8,Returning_Visitor,False,False
4,237.0,1,64.0,16,379.3,0.02,0.057575758,0.0,0.03,Oct,2,2,1,2,Returning_Visitor,True,False
1,38.86,0,0.0,7,86.75,0.0,0.07,0.0,0.0,Mar,3,2,6,1,Returning_Visitor,False,False
3,184.05,0,133.44,63,1807.3,0.00952381,0.02,5.8,0.0,Jul,3,2,4,3,Returning_Visitor,False,False
1,40.25,0,18.13,9,1612.91,0.06,0.05,1.66,0.02,May,2,2,1,1,Returning_Visitor,False,False
0,0.0,0,44.38,24,1211.166667,0.0,0.006896552,0.0,0.01,Oct,2,2,4,2,Returning_Visitor,False,True
1,70.54,1,39.65,19,836.87,0.001212121,0.03,1.9,0.06,Oct,3,2,2,11,Returning_Visitor,False,False
4,153.63,3,77.87,49,1612.8,0.01,0.026591844,5.72,0.0,Mar,2,2,1,2,Returning_Visitor,False,True
0,0.0,0,23.11,14,1962.73,0.14,0.07,0.0,0.12,Oct,2,2,2,13,Returning_Visitor,False,False
0,124.82,1,74.78,36,1459.52,0.0,0.03,2.68,0.0,Nov,8,2,9,2,Returning_Visitor,False,False
1,67.02,0,0.0,12,995.41,0.0,0.03,0.0,0.03,Oct,2,2,9,2,New_Visitor,False,True
2,126.89,0,86.36,23,1247.16,0.01,0.04,24.07951908,0.0,Dec,1,1,2,1,Returning_Visitor,True,True
1,81.47,0,41.42,16,1044.83,0.0,0.03,4.92,0.0,Nov,2,2,1,2,Returning_Visitor,False,False
1,38.02,0,30.97,17,1338.73,0.05,0.07,0.0,0.06,Aug,2,2,4,13,Returning_Visitor,False,False
0,0.0,0,32.47,21,1320.13,0.2,0.2,2.15,0.05,May,3,2,1,3,Returning_Visitor,False,False
2,0.0,0,38.74,29,4279.966667,0.01,0.01,0.0,0.07,May,2,2,1,2,Returning_Visitor,False,False
2,0.0,0,27.46,18,4988.8,0.1,0.1,0.0,0.0,Mar,1,1,1,3,Returning_Visitor,False,False
2,0.0,0,0.0,17,1050.65,0.01,0.011111111,83.93274289,0.01,Sep,2,2,2,2,New_Visitor,True,True
3,100.92,0,0.0,9,168.02,0.0,0.02,11.03,0.0,Oct,3,2,1,1,Returning_Visitor,False,False
3,11.0,0,127.14,51,1547.97,0.01,0.02,5.4,0.0,Nov,2,2,4,1,Returning_Visitor,False,False
3,166.5,0,73.87,21,1133.74,0.01,0.01,2.88,0.07,May,3,2,4,3,Returning_Visitor,True,False
0,105.09,0,0.0,27,976.55,0.0,0.02,0.0,0.02,Mar,3,2,2,11,Returning_Visitor,True,False
0,57.46,0,28.47,3,1029.05,0.02,0.1,2.33,0.0,Oct,3,2,2,3,Returning_Visitor,False,False
2,165.87,1,74.75,33,1133.88,0.01,0.014285714,3.86,0.04,May,2,2,5,2,New_Visitor,False,False
1,70.47,0,0.0,11,71.35,0.01,0.002352941,0.0,0.0,Aug,1,2,1,2,Returning_Visitor,False,False
1,52.35,0,23.15,2,1051.64,0.03,0.06,3.58,0.01,Nov,3,2,1,3,Returning_Visitor,False,False
5,200.34,1,80.35,27,1168.56,0.01,0.022857143,0.0,0.05,May,2,2,3,6,Returning_Visitor,False,False
2,129.55,0,0.0,21,535.3459596,0.01,0.02,5.95,0.0,Mar,2,2,3,10,Returning_Visitor,False,False
2,84.91,0,29.7,16,14.33333333,0.006666667,0.074444444,3.71,0.0,June,2,2,1,4,Returning_Visitor,True,True
1,64.29,0,0.0,10,73.75,0.03,0.05,4.29,0.0,Mar,2,2,1,2,Returning_Visitor,False,False
3,94.47,0,0.0,34,1463.8,0.006060606,0.02,1.86,0.0,Oct,1,1,3,2,Returning_Visitor,False,False
4,81.34,0,36.64,32,1379.33,0.006451613,0.02,1.73,0.05,Oct,2,2,1,2,New_Visitor,False,False
2,119.21,0,0.0,12,722.97,0.0,0.01875,5.49,0.0,May,2,2,1,4,Returning_Visitor,False,False
2,73.23333333,1,28.28,15,489.88,0.05,0.06,1.63,0.0,Feb,2,2,1,4,Returning_Visitor,False,True
1,34.13,0,0.0,9,952.88,0.0,0.02,0.0,0.0,Mar,2,2,1,2,Returning_Visitor,False,False
6,191.47,2,78.52,43,3170.53,0.006857143,0.02952381,7.02,0.0,Oct,1,1,3,2,Returning_Visitor,False,False
1,135.85,1,156.28,137,2668.725046,0.01,0.020907736,5.07,0.0,Nov,2,2,1,2,Returning_Visitor,False,False
1,44.57,0,22.76,9,1645.57,0.02,0.028571429,1.6,0.06,Mar,2,2,1,1,Returning_Visitor,False,False
2,0.0,0,34.47,18,1484.57,0.0,0.033333333,3.85,0.03,Mar,2,2,2,2,Returning_Visitor,True,False
0,0.0,0,20.77,9,1007.2,0.15,0.1,1.36,0.03,Mar,1,1,1,1,Returning_Visitor,False,False
4,113.58,1,191.9,49,1592.533333,0.01,0.013580247,2.96,0.01,Oct,2,2,1,5,Returning_Visitor,False,False
0,45.42,0,0.0,1,0.0,0.2,0.2,2.03,0.0,Feb,2,2,8,1,Returning_Visitor,False,False
2,3.0,0,0.0,45,1425.2,0.001086957,0.014389234,6.53,0.1,May,3,2,3,8,Returning_Visitor,False,False
2,94.96,1,45.69,22,1606.831818,0.02,0.026619133,3.86,0.0,Mar,3,2,1,4,Returning_Visitor,False,False
1,56.45,0,0.0,10,932.33,0.01,0.023529412,1.96,0.05,Mar,2,2,2,2,Returning_Visitor,False,False
9,160.0,1,0.0,65,2443.51,0.007272727,0.011515152,5.48,0.02,Mar,2,2,1,2,New_Visitor,False,True
0,0.0,0,0.0,4,63.0,0.0,0.04,0.0,0.08,Mar,2,6,1,1,Returning_Visitor,False,False
2,66.92,0,25.62,16,1065.84,0.02,0.029411765,2.78,0.04,Mar,2,2,3,2,Returning_Visitor,False,False
1,0.0,0,30.51,37,565.38,0.01,0.01,0.0,0.0,Oct,2,2,1,1,Returning_Visitor,False,False
2,94.8,0,56.25,20,737.77,0.01,0.02,68.20038032,0.01,Dec,2,2,1,10,Returning_Visitor,False,False
3,164.48,2,21.0,12,1245.7,0.01,0.05,0.0,0.0,Dec,2,2,4,1,Returning_Visitor,False,False
1,62.14285714,0,0.0,23,1046.916667,0.0,0.03,2.63,0.04,May,3,2,2,1,Returning_Visitor,False,True
3,77.22,0,0.0,6,131.0,0.0,0.01,0.0,0.0,Oct,1,1,7,3,Returning_Visitor,False,False
5,202.25,1,0.0,175,2423.85,0.006906077,0.014774057,2.61,0.02,Oct,2,2,1,2,Returning_Visitor,False,True
3,118.99,1,70.47,35,1122.55,0.01,0.02,2.77,0.0,Oct,3,2,1,1,Returning_Visitor,False,False
1,39.37,0,25.35,14,60.0,0.05,0.11,1.84,0.02,Mar,2,2,2,1,Returning_Visitor,False,False
1,50.32,0,25.3,9,1306.92,0.03,0.035714286,1.95,0.03,Mar,2,2,3,7,Returning_Visitor,False,False
6,247.1,0,35.61,21,1724.87,0.02,0.030769231,0.0,0.04,Oct,1,1,1,1,Returning_Visitor,True,False
3,119.37,0,0.0,28,1690.778409,0.014285714,0.03,3.82,0.04,Oct,1,1,3,4,Returning_Visitor,False,False
0,0.0,0,21.98,10,637.68,0.02,0.04,2.01,0.04,Mar,2,2,2,2,New_Visitor,False,False
8,124.28,0,42.61,26,1769.37,0.01,0.01,0.0,0.03,May,3,2,4,2,Returning_Visitor,True,False
15,317.0189394,3,307.22,59,2355.93,0.01,0.02,6.556237434,0.0,Oct,2,2,1,1,Returning_Visitor,False,True
4,214.6,0,77.33,30,1992.733333,0.003225806,0.02,13.18078221,0.0,Mar,3,2,2,2,Returning_Visitor,False,False
1,109.1,0,57.59,37,5149.434919,0.004195804,0.014489415,0.0,0.04,Mar,2,2,1,2,Returning_Visitor,False,False
1,70.89,0,20.12,8,274.25,0.0125,0.05,0.0,0.21,May,3,2,1,3,Returning_Visitor,False,False
2,29.5,0,82.21,29,1653.395833,0.01,0.03,68.25041784,0.21,May,3,2,3,2,Returning_Visitor,False,False
2,61.0,0,44.07,14,502.5,0.01,0.00952381,2.15,0.0,May,1,1,2,3,Returning_Visitor,False,True
3,111.91,0,0.0,19,815.04,0.01,0.02,2.57,0.02,May,2,2,3,2,Returning_Visitor,False,False
3,150.1333333,0,0.0,27,1126.99,0.02,0.03,4.47,0.11,Oct,3,2,1,4,Returning_Visitor,False,False
1,37.52,0,18.18,8,988.13,0.04,0.06,1.88,0.03,Feb,2,4,3,4,Returning_Visitor,False,False
0,49.64,0,0.0,15,1140.37,0.07,0.006666667,0.0,0.03,Mar,1,1,1,4,Returning_Visitor,False,False
1,39.23,0,0.0,16,1327.03,0.01,0.03627451,1.45,0.03,Mar,2,2,2,2,Returning_Visitor,False,False
1,51.69,0,21.4,28,638.0,0.03,0.09,0.0,0.0,Mar,2,2,3,2,Returning_Visitor,False,False
4,19.0,0,41.56,4,1599.49,0.0,0.02,2.97,0.0,Mar,2,2,1,2,New_Visitor,True,False
2,120.89,0,0.0,18,2056.03,0.0,0.01,56.32466667,0.01,Oct,2,2,1,2,Returning_Visitor,False,True
0,45.46,0,0.0,9,880.61,0.13,0.11,0.0,0.03,Mar,2,2,1,1,Returning_Visitor,False,False
2,80.61,0,0.0,7,1093.0,0.03,0.1125,0.0,0.0,Mar,1,1,3,1,Returning_Visitor,False,False
1,0.0,0,0.0,21,405.7095238,0.010743802,0.047002635,2.67,0.0,Mar,1,1,3,4,Returning_Visitor,False,False
2,82.5,0,0.0,20,1343.34,0.0,0.005555556,0.0,0.02,May,1,1,1,2,Returning_Visitor,True,False
1,68.38,0,25.45,13,151.0,0.01,0.023076923,3.23,0.08,May,2,2,1,2,Returning_Visitor,False,False
1,82.73,0,30.79,15,1658.05,0.0,0.014285714,2.88,0.02,May,2,4,1,2,Returning_Visitor,False,True
5,47.07142857,0,60.67,29,2023.35,0.003519062,0.02,2.75,0.05,Oct,2,2,1,2,Returning_Visitor,True,False
1,31.5,0,0.0,13,32.83333333,0.0,0.03,0.0,0.01,Mar,3,2,3,2,New_Visitor,True,False
5,75.14,0,0.0,38,1440.26,0.01,0.01,0.0,0.02,Oct,3,2,1,3,Returning_Visitor,False,False
1,33.99,0,31.52,28,471.0,0.01,0.066666667,5.42,0.24,May,2,2,7,3,Returning_Visitor,False,False
0,39.35,0,0.0,9,505.8,0.1,0.16,0.0,0.02,Mar,2,2,3,10,Returning_Visitor,False,False
0,45.66,0,26.45,12,1422.77,0.02,0.043174603,0.0,0.0,Mar,2,2,1,1,Returning_Visitor,True,True
1,103.72,0,0.0,10,1435.0,0.03,0.06,0.0,0.28,May,2,2,4,3,Returning_Visitor,False,False
1,0.0,0,21.56,10,1322.42,0.0,0.06,1.53,0.03,Mar,2,2,2,2,Returning_Visitor,False,False
9,96.18666667,1,35.2,31,2288.82,0.02,0.02,2.10185027,0.0,May,3,2,1,13,Returning_Visitor,False,False
1,43.5,0,67.29,6,183.875,0.01,0.02,0.0,0.01,Dec,2,2,1,2,Returning_Visitor,False,False
3,145.0,0,41.58,27,1667.0,0.01,0.044786325,2.43,0.0,Oct,2,2,2,1,Returning_Visitor,False,True
0,48.32,0,31.45,17,132.6333333,0.06,0.13,2.42,0.05,Mar,1,1,1,1,Returning_Visitor,False,False
0,0.0,0,26.23,14,974.5,0.0,0.008333333,1.73,0.02,Mar,8,2,1,4,Returning_Visitor,False,True
3,145.69,1,75.46,54,5972.416667,0.01,0.010526316,2.48,0.03,May,2,6,3,1,Returning_Visitor,False,True
0,75.44,0,0.0,33,1008.36,0.070588235,0.095098039,3.24,0.1,May,2,2,1,2,Returning_Visitor,False,False
1,0.0,0,17.15,5,215.0,0.04,0.08,0.0,0.04,Mar,2,2,3,1,Returning_Visitor,False,False
0,66.99,0,29.39,17,51.5,0.0,0.05,2.8,0.0,Mar,2,2,1,1,Returning_Visitor,False,False
0,110.47,0,54.31,23,925.8988095,0.01,0.02952381,2.63,0.22,Mar,3,2,2,1,Returning_Visitor,False,False
1,56.6,0,28.7,16,187.5,0.01,0.04,0.0,0.1,Feb,2,5,8,1,Returning_Visitor,False,False
2,96.55,0,40.86,4,1652.71,0.02,0.033333333,0.0,0.03,Mar,2,2,1,2,Returning_Visitor,True,False
2,84.89,0,32.25,21,574.5,0.02,0.014285714,0.0,0.09,May,3,3,8,4,New_Visitor,False,False
2,106.64,0,52.75,16,1226.0,0.0,0.04,143.4766783,0.03,Nov,2,2,2,2,New_Visitor,False,True
1,0.0,0,25.66,7,0.0,0.2,0.2,2.59,0.02,Jul,3,2,1,1,Returning_Visitor,False,False
1,87.16,0,37.55,15,669.33,0.03,0.05,2.22,0.0,Oct,2,2,9,4,New_Visitor,True,False
1,58.12,0,23.16,6,1273.47,0.16,0.17,1.45,0.0,Mar,2,2,2,1,Returning_Visitor,False,False
7,445.3333333,1,135.5,52,1644.81,0.005310734,0.02,3.795661017,0.02,Oct,3,2,6,1,Returning_Visitor,False,False
2,110.52,1,38.58,16,1004.57,0.006666667,0.02,2.72,0.05,May,2,2,5,4,Returning_Visitor,False,False
1,37.2,0,0.0,15,1002.08,0.04,0.05,2.56,0.01,Oct,2,2,2,4,Returning_Visitor,False,False
0,0.0,0,30.2,14,1222.74,0.05,0.007407407,0.0,0.0,Mar,2,2,1,2,Returning_Visitor,False,False
0,102.21,0,47.28,46,1197.74,0.01,0.02,3.12,0.01,Nov,2,2,1,2,Returning_Visitor,False,False
0,0.0,0,0.0,11,1475.19,0.1,0.08,1.63,0.03,Mar,2,2,1,1,Returning_Visitor,True,False
11,274.14,3,27.0,64,3050.77,0.004054054,0.017194337,4.73,0.01,Nov,1,1,1,2,Returning_Visitor,False,True
4,157.73,1,68.13,2,11.1,0.01,0.04,3.55,0.03,May,2,2,8,2,New_Visitor,False,False
0,0.0,0,25.19,1,1825.9,0.2,0.2,2.16,0.03,Mar,1,1,1,3,Returning_Visitor,False,False
1,54.51,0,0.0,1,1625.76,0.06,0.07,3.62,0.0,Mar,2,2,2,1,Returning_Visitor,False,False
1,8.0,0,0.0,14,995.72,0.01,0.038483516,0.0,0.0,Nov,2,2,1,2,Returning_Visitor,True,False
0,43.51,0,24.68,16,360.0,0.02,0.06,0.0,0.0,Oct,2,2,1,1,Returning_Visitor,False,False
1,70.21,0,25.67,11,1282.56,0.033333333,0.02,2.29,0.03,Mar,2,4,3,4,Returning_Visitor,False,False
7,113.76,0,0.0,25,1400.958333,0.0,0.02,2.38,0.0,May,2,4,1,2,Returning_Visitor,False,False
0,47.48,0,0.0,12,787.53,0.11,0.12,1.33,0.0,May,2,2,2,3,Returning_Visitor,False,False
9,574.55,0,0.0,76,571.4238596,0.01,0.01,12.43,0.0,Oct,3,2,6,5,Returning_Visitor,False,False
0,0.0,0,0.0,13,1889.14,0.08,0.06,3.06,0.04,Oct,2,2,3,6,Returning_Visitor,False,False
6,358.0833333,1,200.89,93,3422.525,0.01,0.02,8.55,0.01,Nov,2,2,2,2,Returning_Visitor,False,False
1,0.0,0,0.0,11,1087.79,0.03,0.06,0.0,0.0,Mar,2,2,1,1,Returning_Visitor,False,False
5,141.95,1,0.0,68,1515.92,0.01,0.02,109.9124051,0.0,Mar,2,2,1,2,Returning_Visitor,False,True
1,0.0,0,0.0,9,309.58,0.01,0.02,0.0,0.19,May,4,1,2,2,Returning_Visitor,False,False
0,48.87,0,0.0,9,234.5,0.13,0.13,1.42,0.03,Mar,1,1,1,1,Returning_Visitor,False,False
1,127.0,0,22.82,12,473.5,0.08,0.1,0.0,0.0,Mar,2,2,1,1,Returning_Visitor,False,False
1,52.41,0,0.0,17,486.1472222,0.03,0.06,1.71,0.0,Nov,2,2,1,1,Returning_Visitor,False,True
0,0.0,0,0.0,7,267.0,0.07,0.09,2.08,0.04,Mar,2,2,6,1,Returning_Visitor,False,False
0,32.8,0,23.09,9,882.48,0.08,0.16,1.32,0.03,Mar,2,2,3,1,Returning_Visitor,False,False
6,197.13,0,136.27,19,1409.416667,0.01,0.01,5.15,0.01,Mar,1,1,1,2,Returning_Visitor,False,False
0,104.87,0,42.72,21,181.0,0.0,0.07,1.9,1.0,May,2,2,3,4,Returning_Visitor,True,False
1,46.38,0,30.24,24,1621.62,0.02,0.058974359,1.98,0.06,May,2,2,1,3,Returning_Visitor,False,False
11,145.03,1,0.0,29,1152.81,0.01,0.018119658,1.75,0.0,Oct,2,2,7,2,New_Visitor,True,False
1,45.39,0,24.6,9,610.5,0.08,0.08,6.21,0.72,May,4,2,1,4,Returning_Visitor,False,False
3,156.9,0,53.27,15,909.98,0.01,0.011312741,4.36,0.0,May,2,2,1,2,New_Visitor,False,True
2,124.38,0,41.52,20,2250.083333,0.01,0.03,4.9,0.0,May,2,2,4,4,Returning_Visitor,False,True
0,0.0,0,18.87,8,1145.09,0.11,0.11,2.26,0.05,Mar,2,2,1,3,Returning_Visitor,False,False
2,90.0,0,28.41,14,1186.141667,0.01,0.04,2.68,0.07,Oct,2,2,3,2,Returning_Visitor,False,False
1,67.63,0,0.0,26,680.63,0.02,0.04,0.0,0.0,Mar,3,2,4,3,Returning_Visitor,False,False
1,46.08,0,28.51,3,1176.99,0.0,0.0,42.29306752,0.09,Nov,2,2,1,3,Returning_Visitor,False,True
0,87.15,0,34.13,19,224.0,0.02,0.03,2.43,0.04,Mar,2,2,2,1,Returning_Visitor,False,False
7,489.48,3,808.5,33,2493.38,0.018518519,0.044312169,35.11,0.12,May,2,2,1,4,Returning_Visitor,False,False
1,63.49,0,0.0,4,843.66,0.028571429,0.05,2.71,0.17,Mar,2,2,3,2,Returning_Visitor,False,False
1,0.0,0,25.18,14,845.48,0.04,0.07,0.0,0.0,Mar,2,2,2,1,Returning_Visitor,False,False
0,0.0,0,0.0,38,1107.922619,0.014814815,0.06,226.6777017,0.0,Dec,8,13,9,20,Other,False,True
1,30.37,1,0.0,9,1376.83,0.07,0.09,0.0,0.09,Feb,1,1,1,3,Returning_Visitor,False,False
4,189.57,1,0.0,53,1440.298918,0.012727273,0.021974359,4.05,0.0,Oct,2,2,7,2,Returning_Visitor,False,True
1,98.99,0,0.0,18,963.22,0.0,0.006451613,0.0,0.01,Mar,2,2,1,2,New_Visitor,False,False
1,127.58,0,78.65,31,3380.691558,0.002666667,0.023772222,4.2,0.0,Mar,2,2,3,2,Returning_Visitor,True,False
0,47.53,0,32.2,14,2530.5,0.02,0.02,1.44,0.08,May,2,2,1,3,Returning_Visitor,False,False
0,86.08,0,0.0,47,2032.15,0.0,0.015,0.0,0.0,Oct,2,2,1,2,Returning_Visitor,False,False
2,91.0,3,178.31,50,1244.833333,0.01,0.01,0.0,0.0,Mar,2,2,1,2,Returning_Visitor,False,False
1,74.98,0,0.0,10,977.85,0.05,0.07,6.8,0.25,May,2,4,1,3,Returning_Visitor,False,False
0,48.43,0,25.7,13,1037.7,0.01,0.049722222,0.0,0.0,Oct,1,2,2,1,Returning_Visitor,False,False
1,54.75,0,0.0,7,182.0,0.028571429,0.07,0.0,0.0,Mar,3,2,1,4,Returning_Visitor,True,False
1,31.92,0,22.77,11,363.3181818,0.014285714,0.04,1.77,0.03,Mar,1,1,2,3,Returning_Visitor,False,False
2,79.7,0,40.28,2,1471.3,0.0,0.04,1.58,0.0,Oct,2,2,3,1,Returning_Visitor,False,False
4,182.0,0,39.6,15,1250.93,0.02,0.03,1.69,0.06,May,2,2,1,3,Returning_Visitor,False,False
5,114.09,0,62.53,28,1484.31,0.02,0.02,1.93,0.0,May,2,2,1,3,Returning_Visitor,False,True
3,146.89,0,72.82,111,2634.77,0.009009009,0.024725635,4.79,0.02,Nov,2,2,1,2,Returning_Visitor,False,False
1,88.37,0,35.76,16,574.17,0.0,0.02,2.31,0.01,Mar,3,2,1,10,New_Visitor,False,False
1,36.16,0,30.64,18,2724.75,0.2,0.157142857,1.58,0.03,Aug,2,2,1,13,Returning_Visitor,False,False
0,15.0,0,26.22,29,925.62,0.011555556,0.07,0.0,0.8,May,2,2,1,3,Returning_Visitor,False,False
1,50.72,0,30.78,14,779.13,0.01,0.036507937,3.5,0.0,Dec,2,2,2,3,Returning_Visitor,False,False
0,39.58,0,31.41,17,1314.25,0.045833333,0.1,0.0,0.12,Mar,2,2,9,1,Returning_Visitor,False,False
3,71.22,0,0.0,25,1955.32,0.0,0.025904762,2.17,0.02,Oct,2,2,3,2,Returning_Visitor,True,False
2,128.38,0,0.0,125,2780.05,0.02,0.023856765,0.0,0.6,Aug,2,2,1,4,Returning_Visitor,False,False
2,87.8,0,0.0,24,2355.13,0.02,0.032,2.31,0.02,Oct,2,2,3,2,Returning_Visitor,False,False
4,64.5,1,0.0,36,1592.27,0.0,0.02,3.33,0.07,Oct,3,2,3,2,New_Visitor,False,False
1,92.6,0,0.0,30,1126.392821,0.02,0.05,3.29,0.1,Oct,2,2,2,1,Returning_Visitor,False,True
3,151.6,0,37.57,15,929.09,0.01,0.0075,3.44,0.01,Aug,3,2,1,2,New_Visitor,False,False
5,190.07,1,129.15,49,1921.95,0.0,0.02,3.72,0.01,Dec,2,2,2,2,Returning_Visitor,False,False
6,197.31,1,169.76,101,3145.41,0.004356436,0.029287373,0.0,0.02,May,2,2,1,2,Returning_Visitor,False,False
2,68.65,0,28.5,39,1209.4,0.01,0.01,1.88,0.01,Dec,2,2,4,2,Returning_Visitor,False,False
2,141.59,1,0.0,12,688.36,0.01,0.018181818,0.0,0.01,Dec,2,2,3,2,New_Visitor,False,False
0,0.0,0,30.78,15,1527.76,0.07,0.1,0.0,0.8,May,2,2,2,1,Returning_Visitor,False,False
2,95.88,0,28.33,8,1371.15,0.01,0.0125,3.72,0.0,Mar,2,2,2,2,Returning_Visitor,True,False
2,97.15,0,34.62,15,803.71,0.0,0.02,0.0,0.02,May,3,2,3,2,New_Visitor,False,False
1,65.92,0,0.0,10,1239.81,0.005128205,0.03,2.61,0.04,May,2,2,2,4,Returning_Visitor,False,False
0,48.49,0,0.0,1,461.46,0.2,0.2,2.19,0.0,Mar,2,2,3,1,Returning_Visitor,True,False
1,0.0,0,24.46,25,1515.39,0.0,0.044,0.0,0.05,Mar,2,2,2,2,Returning_Visitor,False,False
2,105.16,0,0.0,14,1350.258333,0.012903226,0.04,2.31,0.02,Mar,2,2,2,2,Returning_Visitor,False,False
1,4.0,0,41.65,20,947.4166667,0.01,0.045165945,0.0,0.0,Nov,2,2,1,2,Returning_Visitor,False,False
1,63.4,0,0.0,15,996.99,0.008333333,0.04,2.69,0.0,Oct,2,2,3,1,Returning_Visitor,False,False
1,6.0,0,34.17,16,855.06,0.01,0.026190476,0.0,0.0,Nov,2,2,7,1,Returning_Visitor,False,False
1,53.86,0,24.44,21,1265.09,0.07,0.07,0.0,0.03,Mar,2,4,1,4,Returning_Visitor,False,False
1,54.63,0,0.0,14,893.93,0.019047619,0.05,2.81,0.02,Mar,1,1,2,1,Returning_Visitor,False,False
2,76.34,0,44.33,10,922.43,0.01,0.027272727,3.06,0.01,Oct,2,2,3,20,Returning_Visitor,False,False
0,60.05,0,25.17,15,1552.56,0.0,0.04,2.06,0.04,Oct,2,2,1,2,Returning_Visitor,False,True
2,131.0,2,135.61,36,237.75,0.0,0.02,7.84,0.0,Dec,2,10,4,1,New_Visitor,False,False
7,173.1,1,0.0,40,1358.166667,0.007407407,0.022222222,0.0,0.01,Nov,1,1,1,2,Returning_Visitor,False,False
2,0.0,0,0.0,17,1704.31,0.011764706,0.035294118,0.0,0.0,Mar,2,4,3,2,Returning_Visitor,False,False
1,92.0,0,19.08,9,1264.38,0.1,0.1,2.05,0.05,Mar,2,2,1,3,Returning_Visitor,False,False
7,388.49,7,243.2833333,169,6920.973243,0.005268892,0.03,8.3,0.0,Oct,2,2,3,2,Returning_Visitor,False,False
0,0.0,0,0.0,12,129.0,0.0,0.03,0.0,0.02,May,1,2,3,2,Returning_Visitor,False,False
1,0.0,0,0.0,15,1184.33,0.03,0.05,0.0,0.0,Mar,2,2,1,1,Returning_Visitor,False,False
0,56.87,0,38.73,1,0.0,0.2,0.2,0.0,0.23,Mar,1,1,9,3,Returning_Visitor,False,False
4,116.64,0,0.0,13,857.7355067,0.0,0.014259607,0.0,0.0,Mar,2,2,2,4,Returning_Visitor,True,False
2,38.0,0,122.89,29,1482.33,0.02,0.03,113.98,0.0,May,2,2,2,1,Returning_Visitor,False,True
1,63.88,0,0.0,15,542.2,0.02,0.06,1.99,0.0,May,2,2,7,1,Returning_Visitor,False,False
0,49.92,0,17.96,9,1055.01,0.07,0.07,1.79,0.0,Mar,2,2,1,1,Returning_Visitor,False,True
0,52.36,0,21.75,10,274.3,0.01,0.06,0.0,0.02,June,2,2,4,1,Returning_Visitor,False,False
0,282.66,0,221.94,58,7453.766667,0.001626016,0.013132473,11.76,0.01,Nov,2,2,1,2,Returning_Visitor,False,False
1,0.0,0,29.54,1,930.98,0.04,0.05,2.83,0.0,Mar,2,2,7,1,Returning_Visitor,False,False
3,88.43,0,34.2,29,1843.02,0.03,0.122427035,2.85,0.11,May,3,2,3,13,Returning_Visitor,False,False
3,44.29545455,0,0.0,44,2417.48,0.024205128,0.04,0.0,0.0,Mar,2,2,3,2,Returning_Visitor,False,False
0,47.46,0,31.29,18,1122.97,0.033333333,0.066666667,0.0,0.0,Oct,2,2,1,3,Returning_Visitor,True,False
2,62.32,0,31.53,16,968.6924242,0.01,0.01,106.2525169,0.0,Oct,1,1,6,2,New_Visitor,False,True
1,0.0,0,27.17,11,660.48,0.03,0.11,2.89,0.01,Nov,1,1,1,3,Returning_Visitor,False,False
1,70.83333333,0,30.0,11,1424.97,0.12,0.0125,1.54,0.03,Mar,2,2,2,3,Returning_Visitor,False,True
1,0.0,0,0.0,12,645.9166667,0.01,0.05,2.04,0.01,Mar,2,1,1,1,Returning_Visitor,False,False
6,124.31,0,63.58,8,129.7611111,0.017857143,0.068923933,2.07,0.07,Mar,2,2,3,3,Returning_Visitor,False,False
1,3.0,0,29.56,17,1235.94,0.01,0.042424242,2.81,0.13,May,3,2,1,1,Returning_Visitor,False,True
0,48.74,0,0.0,10,862.54,0.03,0.08,2.74,0.0,Nov,2,2,9,2,Returning_Visitor,False,False
2,147.45,1,73.66,28,127.1666667,0.05,0.03,3.7,0.19,May,2,2,5,3,Returning_Visitor,False,False
9,253.52,0,69.85,19,1295.36,0.01,0.01,4.51,0.0,May,2,2,3,2,New_Visitor,False,False
1,60.13,0,29.58,13,719.53,0.02,0.07,1.7,0.01,Jul,2,2,1,3,Returning_Visitor,False,False
1,0.0,0,21.66,9,981.1666667,0.07,0.07,3.01,0.23,May,2,2,1,3,Returning_Visitor,False,False
1,54.37,0,0.0,3,1299.95,0.0,0.02,0.0,0.02,Mar,2,4,3,2,Returning_Visitor,False,False
1,70.95,0,42.04,21,1254.73,0.03,0.06,2.02,0.6,May,1,1,4,3,Returning_Visitor,False,False
5,238.05,1,147.66,104,2275.11,0.003030303,0.010822511,4.74,0.0,Nov,1,1,1,2,Returning_Visitor,False,True
0,27.07,0,0.0,4,0.0,0.2,0.2,0.0,0.13,May,2,2,1,3,Returning_Visitor,False,False
0,0.0,0,26.27,12,872.32,0.0,0.04,5.33,0.0,May,2,2,1,3,Returning_Visitor,False,False
1,47.0,0,0.0,25,488.7166667,0.021428571,0.03,2.07,0.17,Mar,2,2,2,1,Returning_Visitor,False,False
0,81.61,0,28.34,2,0.0,0.0,0.1,0.0,0.0,Mar,2,2,3,2,Returning_Visitor,True,False
3,92.94,0,0.0,25,1088.72,0.04,0.053333333,0.0,0.07,May,1,1,3,1,Returning_Visitor,False,True
0,0.0,0,29.53,4,856.34,0.0,0.05,4.26,0.2,May,2,2,2,3,Returning_Visitor,False,False
1,11.0,0,29.94,10,917.1,0.01,0.020833333,0.0,0.0,May,2,2,6,1,Returning_Visitor,False,False
0,99.91,0,37.04,22,868.4166667,0.0,0.05,3.67,0.0,Mar,2,2,2,2,Returning_Visitor,True,True
1,98.5,0,55.78,24,842.29,0.03,0.04,4.42,0.0,Mar,2,2,1,1,Returning_Visitor,True,False
3,139.32,0,0.0,20,1334.69,0.02,0.03,3.14,0.01,Oct,2,2,1,2,Returning_Visitor,True,False
1,56.55,0,29.47,15,725.21,0.0,0.05,2.9,0.12,May,2,10,3,1,Returning_Visitor,False,False
1,50.62,0,0.0,11,775.71,0.01,0.027572016,5.167133333,0.06,Mar,2,2,2,2,Returning_Visitor,False,True
1,18.0,0,21.0,11,961.92,0.03,0.05,1.69,0.07,Oct,2,2,1,1,Returning_Visitor,False,False
6,302.5,1,116.86,35,823.75,0.05,0.04,5.34,0.0,Dec,3,2,3,4,Returning_Visitor,False,False
4,136.09,0,37.5,25,788.2666667,0.007142857,0.02,2.62,0.0,Oct,2,2,3,2,Returning_Visitor,False,True
7,164.5833333,0,54.63,27,3427.665476,0.01,0.01,4.970219813,0.01,Mar,2,2,4,10,Returning_Visitor,False,True
1,51.88,0,0.0,10,0.0,0.05,0.09,1.96,0.01,Nov,3,2,4,13,Returning_Visitor,False,False
3,134.83,0,86.15,37,1714.62,0.01,0.005405405,3.72,0.01,Dec,2,2,1,2,Returning_Visitor,False,True
1,38.65,0,0.0,10,353.9,0.01,0.04375,2.37,0.18,Oct,2,2,6,1,Returning_Visitor,False,False
7,239.2,3,166.61,76,2790.81,0.01,0.01,6.88,0.0,Oct,2,2,1,2,Returning_Visitor,False,False
0,0.0,0,24.84,16,1273.48,0.02,0.066190476,2.21,0.06,May,2,2,1,1,Returning_Visitor,False,False
1,30.0,0,32.34,14,841.84,0.016666667,0.04,2.7,0.0,May,2,6,3,3,Returning_Visitor,False,False
0,83.61,0,0.0,21,1965.37,0.0,0.066666667,1.99,0.06,Oct,3,2,1,18,Returning_Visitor,True,False
3,150.41,0,0.0,24,934.81,0.0,0.013157895,46.21605051,0.06,Oct,3,2,3,5,Returning_Visitor,True,True
3,0.0,0,0.0,62,1471.858333,0.02,0.080437158,1.95,1.0,May,3,2,1,1,Returning_Visitor,False,False
2,87.18,0,52.36,33,1112.85,0.0,0.02027027,4.1,0.01,Mar,2,4,3,4,Returning_Visitor,True,False
0,42.74,0,17.71,1,0.0,0.11,0.13,0.0,0.0,Mar,1,1,1,1,Returning_Visitor,True,False
1,41.52,0,0.0,11,1184.5,0.03,0.06,0.0,0.6,May,4,2,1,1,Returning_Visitor,False,False
1,45.15,0,20.51,10,1645.48,0.11,0.12,1.93,0.03,Mar,2,2,2,3,Returning_Visitor,False,False
1,41.26,0,20.75,13,3102.09,0.09,0.07,1.58,0.0,Mar,1,1,1,1,Returning_Visitor,False,True
8,85.26,0,0.0,33,1109.883333,0.02,0.027742165,1.52,0.0,Oct,2,2,3,1,Returning_Visitor,False,False
3,126.78,0,35.16,20,1294.3,0.0,0.04,0.0,0.0,Mar,2,2,3,8,Returning_Visitor,False,False
2,24.0,0,0.0,37,2122.47,0.01,0.01505848,0.0,0.0,Oct,1,1,1,4,Returning_Visitor,True,False
0,30.7,0,0.0,8,267.5,0.13,0.15,0.0,0.05,Feb,2,2,1,3,Returning_Visitor,False,False
2,85.19,0,33.55,49,572.061039,0.004,0.04,2.3,0.05,May,2,2,3,6,Returning_Visitor,False,False
4,165.66,1,122.2,66,4891.972222,0.01,0.002159624,3.69,0.01,Mar,2,2,1,2,Returning_Visitor,False,False
2,60.54,0,0.0,81,1342.75,0.01,0.01,0.0,0.0,Sep,1,1,1,3,Returning_Visitor,False,True
1,0.0,0,0.0,13,593.6,0.2,0.2,0.0,0.3,June,3,2,2,1,Returning_Visitor,False,False
1,56.22,0,26.96,11,688.86,0.2,0.03,1.79,0.01,Nov,2,2,1,2,Returning_Visitor,False,False
3,20.0,2,39.5,30,8613.257312,0.01,0.02,0.0,0.0,Oct,1,1,1,2,Returning_Visitor,False,False
0,62.89,0,35.02,16,543.3,0.03,0.036363636,1.58,1.0,May,2,2,2,1,Returning_Visitor,True,False
2,123.25,0,57.68,12,544.8333333,0.0,0.03,11.47,0.01,Dec,2,2,3,2,Other,True,False
2,77.97,0,37.16,11,756.28,0.006666667,0.03,16.1892,0.0,May,2,2,7,1,Returning_Visitor,False,True
5,243.5,1,106.03,29,1082.17,0.01,0.01,0.0,0.0,Dec,1,2,3,2,New_Visitor,False,False
2,105.53,0,23.81,22,759.75,0.01,0.019871795,3.9,0.02,Mar,1,1,3,2,New_Visitor,True,False
1,51.26,0,22.26,1,621.81,0.03,0.06,2.14,0.0,Mar,2,2,2,2,Returning_Visitor,False,False
9,285.45,1,802.5,101,2073.916667,0.02,0.03,0.0,0.01,Nov,2,2,1,2,Returning_Visitor,True,False
0,113.65,0,0.0,62,1723.03,0.01,0.01,5.1680996,0.0,Oct,2,2,1,2,Returning_Visitor,False,True
2,79.62,0,0.0,36,1166.72619,0.0,0.03,4.599,0.0,Mar,1,1,1,2,Returning_Visitor,True,True
1,65.77,0,20.34,12,365.75,0.0,0.05,2.9,0.03,Mar,2,2,2,2,Returning_Visitor,True,False
0,42.46,0,28.21,12,1044.08,0.02,0.051960784,1.93,1.0,May,3,2,3,8,Returning_Visitor,True,False
1,36.92,0,24.8,13,717.0,0.13,0.11,1.64,0.0,May,3,2,1,13,Returning_Visitor,False,False
1,79.48,0,0.0,18,2097.42,0.01,0.04,0.0,0.01,Jul,1,1,5,3,Returning_Visitor,False,False
5,171.26,1,69.39,33,1224.58,0.0,0.01,3.14,0.01,Aug,1,2,1,2,Returning_Visitor,False,False
4,284.07,3,92.7,34,996.91,0.01,0.01,9.453449065,0.03,May,3,2,7,2,Returning_Visitor,False,False
3,171.29,1,80.53,15,446.375,0.02,0.005882353,0.0,0.07,Feb,8,13,9,6,Other,False,False
0,43.99,0,28.02,13,1279.333333,0.05,0.1,2.48,0.8,May,2,2,1,3,Returning_Visitor,False,False
2,70.59,0,21.89,10,1549.9,0.002702703,0.012162162,0.0,0.04,Mar,2,2,1,2,Returning_Visitor,False,False
4,150.23,0,66.51,40,1781.4,0.01,0.02,30.52636364,0.0,Aug,2,2,1,2,New_Visitor,False,True
2,122.48,0,35.12,18,911.19,0.0,0.03,4.59,0.04,Jul,2,2,1,2,Returning_Visitor,True,True
3,104.24,2,62.57,63,5826.333333,0.000793651,0.026719577,1.87,0.0,May,2,2,1,3,Returning_Visitor,False,False
6,266.41,1,0.0,25,1725.11,0.01,0.028456454,2.45,0.0,Aug,1,1,1,1,Returning_Visitor,False,False
0,0.0,0,20.64,2,795.97,0.18,0.2,1.76,0.09,Mar,1,1,9,3,Returning_Visitor,False,False
6,132.21,0,36.57,18,491.1,0.0,0.003333333,0.0,0.02,Oct,2,2,3,2,New_Visitor,True,False
2,129.0208333,0,74.54,56,1648.29,0.01,0.015842912,0.0,0.0,Nov,2,2,1,2,Returning_Visitor,True,False
0,0.0,2,78.32,21,921.08,0.008695652,0.036956522,2.19,0.11,May,2,2,7,6,Returning_Visitor,True,False
4,144.46,0,50.66,25,1183.22,0.01,0.02,0.0,0.0,Oct,1,1,1,2,New_Visitor,False,False
1,36.66,0,20.91,8,93.0,0.13,0.14,0.0,0.05,Mar,2,2,2,1,Returning_Visitor,False,False
1,60.1,0,0.0,20,831.44,0.01,0.04,1.38,0.0,Aug,2,2,3,3,Returning_Visitor,True,False
6,261.02,0,0.0,36,579.3333333,0.02,0.022222222,7.1,0.0,Oct,1,1,3,2,New_Visitor,True,False
0,0.0,0,74.7,94,2130.65,0.0,0.00609319,1.7,0.08,May,2,2,1,3,Returning_Visitor,False,False
4,159.7166667,1,20.0,39,2300.89,0.00974026,0.03,2.47,0.0,Oct,2,2,1,2,Returning_Visitor,False,False
3,82.6,0,0.0,18,1629.53,0.0,0.007843137,1.61,0.03,Oct,2,2,2,1,Returning_Visitor,False,False
1,0.0,0,0.0,19,2827.428571,0.02,0.04,2.81,0.04,Mar,2,2,2,1,Returning_Visitor,True,False
1,68.88,0,36.15,15,76.0,0.0,0.05,2.08,0.6,May,3,2,1,3,Returning_Visitor,False,False
6,282.99,1,123.47,45,2152.19,0.01,0.012547833,0.0,0.01,Nov,2,2,1,2,Returning_Visitor,False,False
15,434.58,1,133.07,77,2578.07,0.01,0.017574237,6.38,0.01,Sep,1,2,3,2,Returning_Visitor,False,False
4,145.79,0,40.8,22,1580.66,0.0,0.02,1.891943485,0.01,Aug,2,2,1,5,Returning_Visitor,False,True
0,0.0,0,0.0,11,614.55,0.2,0.2,2.12,0.51,May,2,2,1,3,Returning_Visitor,False,False
0,0.0,0,147.08,145,4108.808442,0.01,0.02,0.0,0.04,May,2,2,4,1,Returning_Visitor,False,True
3,220.34,1,72.41,33,431.9,0.01,0.02,3.97,0.01,Jul,2,2,1,4,Returning_Visitor,False,False
3,145.85,0,56.13,74,1268.266667,0.002702703,0.00954955,5.04,0.01,June,2,2,1,4,Returning_Visitor,False,False
3,120.71,0,0.0,6,1633.71,0.0,0.022222222,0.0,0.04,Mar,2,2,2,2,Returning_Visitor,False,False
4,177.63,1,105.12,30,977.35,0.0,0.00761877,11.14,0.01,Mar,2,2,2,1,Returning_Visitor,False,True
1,43.42,0,0.0,7,389.48,0.05,0.07,2.29,0.01,Sep,1,2,1,2,Returning_Visitor,False,False
0,128.12,1,37.01,17,1070.58,0.01,0.02,6.57,0.0,May,2,2,1,4,Returning_Visitor,False,True
2,79.37,0,40.83,20,862.03,0.0,0.03,0.0,0.04,Oct,2,2,7,2,Returning_Visitor,False,False
16,278.95,1,139.53,101,3179.83,0.008408408,0.02,5.76,0.01,Dec,2,2,1,2,Returning_Visitor,False,False
4,133.21,2,75.85,11,1467.43,0.01,0.04,4.55,0.0,Jul,1,5,3,1,Returning_Visitor,True,False
1,66.12,0,35.42,16,1762.71,0.04,0.1,1.63,0.14,Mar,2,2,6,1,Returning_Visitor,False,False
2,0.0,0,39.23,2,1398.52,0.01,0.05,0.0,0.03,May,2,2,1,1,Returning_Visitor,False,False
0,72.11,0,29.73,13,601.48,0.046153846,0.09,4.98,0.0,Dec,2,2,9,1,Returning_Visitor,False,False
0,0.0,0,23.12,11,255.0,0.01,0.066666667,0.0,0.01,Nov,2,5,1,1,Returning_Visitor,False,False
5,286.8333333,2,373.5,15,1653.97,0.048,0.02,18.24,0.59,May,3,2,2,18,Returning_Visitor,False,False
1,0.0,0,41.2,12,830.5,0.01,0.023809524,5.39,0.01,Dec,2,2,3,2,Returning_Visitor,False,False
1,69.68,0,25.96,14,1573.79,0.02,0.026923077,2.81,0.02,Mar,2,2,1,2,Returning_Visitor,False,False
2,104.85,0,5.0,30,797.7619048,0.012121212,0.034343434,4.07,0.02,May,1,1,1,2,Returning_Visitor,False,False
1,42.16666667,0,29.13,16,1123.49,0.0,0.03,2.92,0.02,Feb,2,4,1,2,Returning_Visitor,False,False
1,44.0,0,0.0,11,1291.89,0.005555556,0.06,0.0,0.03,Mar,2,2,2,4,Returning_Visitor,False,False
2,121.7,0,31.62,13,1192.22619,0.0,0.0016,8.47,0.0,May,2,2,3,4,Returning_Visitor,False,False
1,50.1,0,0.0,13,1744.02,0.07,0.07,1.65,0.0,Mar,2,2,3,1,Returning_Visitor,False,False
1,52.85,0,22.09,8,1663.92,0.13,0.11,1.43,0.06,Mar,2,2,1,1,Returning_Visitor,False,False
1,75.25,0,33.11,8,99.0,0.0,0.05,0.0,0.14,May,1,1,1,2,Returning_Visitor,False,False
5,628.3666667,1,59.3,28,4044.465674,0.008889185,0.01,2.2,0.03,Nov,1,1,3,4,New_Visitor,True,False
1,54.08,0,21.9,12,1055.78,0.032183908,0.04,1.83,0.06,Oct,3,2,1,1,Returning_Visitor,False,False
2,0.0,0,0.0,17,7.0,0.02,0.1,0.0,0.8,May,1,1,7,3,Returning_Visitor,False,False
4,304.38,1,0.0,75,2368.42,0.02,0.036664764,7.46,0.0,Oct,2,2,2,1,Returning_Visitor,False,True
3,130.53,0,0.0,30,3908.754762,0.0,0.001587302,1.298232174,0.0,Oct,2,2,1,2,Returning_Visitor,False,False
2,62.85,0,0.0,36,1344.77,0.04,0.014880952,1.71,0.02,Mar,2,2,2,2,Returning_Visitor,False,False
0,45.43,1,20.37,25,626.18,0.05,0.14,1.43,0.04,Mar,2,2,3,1,Returning_Visitor,False,False
1,37.44,0,26.99,7,631.37,0.017460317,0.06,3.34,0.33,May,2,4,2,4,Returning_Visitor,False,False
1,0.0,0,33.34,13,44.0,0.01,0.083333333,1.86,0.2,May,2,2,5,6,Returning_Visitor,False,False
5,178.67,1,92.91,60,1983.225629,0.0025,0.01,5.23,0.0,June,3,2,1,8,Returning_Visitor,False,False
4,217.64,0,101.71,110,4096.712716,0.002654867,0.011061947,6.69,0.04,Feb,2,2,6,2,Returning_Visitor,False,False
1,88.41,0,0.0,12,486.65,0.01,0.05,2.28,0.0,Oct,1,1,3,4,Returning_Visitor,False,False
12,699.24,6,312.0,94,2849.4,0.02,0.02,16.72,0.02,May,2,2,1,2,Returning_Visitor,False,False
4,132.47,0,43.18,33,1092.15,0.01,0.02,3.04,0.01,Sep,2,2,1,2,Returning_Visitor,False,False
0,57.24,0,34.27,4,18.0,0.08,0.08,2.3,0.11,May,3,2,1,13,Returning_Visitor,False,False
3,90.0,1,149.61,6,677.0,0.0,0.04,0.0,0.0,Feb,8,13,9,1,Returning_Visitor,False,False
1,65.7,0,0.0,11,941.88,0.005263158,0.02,26.45082237,0.03,Nov,1,1,1,2,Returning_Visitor,True,True
1,58.32,0,24.68,24,743.87,0.02,0.003448276,2.42,0.03,May,2,2,1,4,Returning_Visitor,False,False
1,49.52,0,21.03,10,1226.12,0.0,0.08,1.52,0.03,Mar,2,2,1,2,Returning_Visitor,False,False
6,240.64,1,8.0,69,2495.36,0.01,0.028665325,6.82,0.0,Mar,2,2,2,1,Returning_Visitor,False,False
0,0.0,0,33.83,31,1297.464286,0.02,0.03,0.0,0.03,Oct,1,1,1,1,Returning_Visitor,True,False
2,80.86,0,32.93,24,307.6666667,0.03,0.09,3.81,0.0,Oct,2,2,9,2,Returning_Visitor,False,False
1,54.74,0,0.0,2,7.0,0.02,0.05,0.0,0.0,Aug,2,2,1,3,Returning_Visitor,False,False
1,0.0,0,21.85,1,812.77,0.04,0.07,1.96,0.07,Feb,2,4,1,1,Returning_Visitor,False,False
1,48.42,0,0.0,4,663.41,0.05,0.06,2.01,0.0,Mar,2,2,3,2,Returning_Visitor,False,True
2,0.0,0,34.49,17,1411.39,0.01,0.042857143,3.12,0.0,Oct,2,2,2,1,Returning_Visitor,False,False
0,0.0,0,53.76,13,565.37,0.2,0.2,0.0,0.8,May,3,2,1,15,Returning_Visitor,False,False
4,99.0,3,112.25,46,1185.37,0.001960784,0.01,0.0,0.01,Nov,1,1,1,10,Returning_Visitor,True,False
1,65.16,0,29.57,12,292.875,0.0,0.028333333,3.65,0.01,Nov,4,2,1,2,Returning_Visitor,False,False
1,74.0,0,0.0,13,1616.083333,0.004,0.016,3.76,0.0,Mar,2,2,2,2,Returning_Visitor,True,False
1,78.51,0,17.82,15,489.7083333,0.04,0.06,0.0,0.03,Mar,1,1,2,4,New_Visitor,False,False
0,103.27,0,0.0,16,948.36,0.0,0.007142857,0.0,0.01,Nov,2,2,1,2,Returning_Visitor,False,False
6,123.4642857,1,102.85,33,1322.17,0.01,0.01,4.03,0.01,Dec,2,2,2,2,Returning_Visitor,True,True
10,86.63,0,0.0,28,1204.4,0.01,0.01,1.68,0.0,Feb,2,2,5,1,Returning_Visitor,False,False
3,124.79,0,42.83,22,1628.41,0.0,0.05,5.68,0.04,May,2,2,2,2,Returning_Visitor,False,False
3,86.3,3,34.64,22,1207.653333,0.02,0.02,0.0,0.03,Oct,2,2,1,2,Returning_Visitor,False,False
3,249.0,1,56.9,20,1124.916667,0.0,0.02,3.66,0.09,May,2,2,2,4,New_Visitor,False,True
2,62.85,0,29.57,14,1446.93,0.04,0.09,0.0,0.0,Nov,1,1,1,2,Returning_Visitor,False,False
0,67.63,1,32.06,43,1497.43,0.03,0.004545455,3.940422761,0.0,Oct,2,2,1,2,Returning_Visitor,False,True
0,0.0,1,64.14,34,1070.098072,0.018627451,0.02,6.21,0.0,Jul,2,2,9,2,Returning_Visitor,False,False
0,166.96,1,81.44,35,2385.666667,0.01,0.035833333,0.0,0.0,Jul,2,2,1,2,Returning_Visitor,False,False
3,309.47,2,297.8333333,57,2013.84,0.01,0.02,6.55,0.02,Oct,2,2,3,2,Returning_Visitor,False,False
1,31.25,0,55.31,22,1470.208333,0.0,0.012222222,8.0,0.0,Nov,2,2,3,1,Returning_Visitor,False,True
2,108.8,0,0.0,9,622.02,0.01,0.03,9.22,0.05,June,2,2,1,2,New_Visitor,False,False
1,0.0,0,0.0,13,181.3333333,0.03,0.05,1.68,0.06,Mar,2,2,1,1,Returning_Visitor,False,False
2,98.66,0,26.41,24,3723.03,0.06,0.07,0.0,0.0,Mar,1,1,1,2,New_Visitor,True,False
7,316.5,4,171.29,85,2602.63,0.01,0.014030074,9.0,0.0,May,2,2,1,2,Returning_Visitor,False,False
3,159.9,0,92.32,48,3726.333333,0.02,0.004166667,4.43,0.02,Oct,3,2,1,9,Returning_Visitor,False,False
2,34.0,0,39.59,65,1554.41,0.02,0.03,2.85,0.03,Oct,2,2,1,2,Returning_Visitor,False,False
3,169.2,1,0.0,62,1316.53,0.006451613,0.03,15.37,0.03,Dec,1,1,6,1,Returning_Visitor,False,False
0,67.73,0,29.18,14,1104.7,0.02,0.046666667,2.15,0.0,Mar,2,2,2,1,Returning_Visitor,False,False
1,102.8666667,0,33.0,12,219.6,0.01,0.035294118,0.0,0.01,Oct,2,2,6,20,Returning_Visitor,False,False
4,92.16,0,30.15,14,1213.45,0.0,0.014285714,1.97,0.0,Oct,1,1,2,2,New_Visitor,False,False
3,138.38,3,119.375,34,1327.66,0.01,0.01,2.67,0.0,Nov,2,5,6,1,Returning_Visitor,False,True
0,50.73,0,44.55,2,721.63,0.03,0.05,4.45,0.01,Mar,2,2,6,1,Returning_Visitor,False,False
0,0.0,0,23.38,11,148.5,0.0,0.014285714,1.78,0.03,Oct,1,1,1,1,New_Visitor,True,False
1,49.65,0,19.73,11,1206.6,0.05,0.08,0.0,0.13,Oct,2,2,1,1,Returning_Visitor,False,False
0,94.81,0,35.92,20,577.83,0.0,0.03,1.8,0.0,Oct,1,8,7,2,Returning_Visitor,False,False
1,30.0,0,4.0,16,657.13,0.02,0.05,2.32,0.0,Oct,2,2,2,4,Returning_Visitor,False,False
2,169.99,0,0.0,35,1320.41,0.0,0.011428571,9.07,0.0,Dec,2,2,4,1,Returning_Visitor,False,False
1,104.65,0,49.0,16,1172.66,0.02,0.015384615,3.28,0.0,May,2,2,3,2,Returning_Visitor,False,True
2,33.5,0,29.46,23,957.59,0.009090909,0.012947658,4.37,0.03,Oct,2,2,3,2,Returning_Visitor,False,True
2,5.0,0,38.56,30,2850.18,0.114285714,0.123809524,2.01,0.06,Mar,1,1,1,3,Returning_Visitor,False,False
1,29.05,0,0.0,10,1161.56,0.03,0.03,0.0,0.0,Feb,3,2,1,3,Returning_Visitor,False,False
1,107.02,0,0.0,7,1279.96,0.0,0.027777778,0.0,0.0,Mar,3,2,3,2,Returning_Visitor,False,False
10,137.5,1,117.2,39,1829.8,0.001333333,0.020769697,7.41,0.0,Oct,2,2,1,2,Returning_Visitor,False,True
3,110.03,0,55.1,33,663.2333333,0.02,0.059803922,2.31,0.04,Aug,2,2,1,13,Returning_Visitor,False,False
0,101.52,0,0.0,14,855.64,0.0,0.03,4.57,0.05,May,2,2,1,4,Returning_Visitor,False,False
1,42.03,0,0.0,11,766.76,0.03,0.09,2.1,0.0,Nov,1,1,8,1,Returning_Visitor,False,True
1,49.8,0,26.66,9,558.88,0.03,0.09,4.0,0.0,Dec,2,2,3,2,Returning_Visitor,False,False
0,51.49,0,35.07,16,1565.0,0.017721519,0.08,0.0,0.8,May,2,2,1,13,Returning_Visitor,False,False
1,79.31,0,51.82,19,906.13,0.05,0.125,0.0,0.0,Jul,2,2,1,3,Returning_Visitor,False,False
1,100.49,0,46.56,13,640.39,0.01,0.03,0.0,0.01,Mar,2,2,2,2,Returning_Visitor,False,False
2,82.71,0,37.99,23,98.25,0.0,0.025,3.75,0.02,Mar,2,4,3,10,Returning_Visitor,False,False
5,68.8,0,0.0,33,1119.33,0.01,0.01,22.53693712,0.03,Oct,2,2,3,2,Returning_Visitor,False,False
1,69.19,1,0.0,23,2807.164836,0.01,0.04,0.0,0.0,Nov,2,2,4,2,Returning_Visitor,False,True
1,40.63,0,26.57,10,1028.26,0.01,0.048484848,1.97,0.0,May,1,1,4,3,Returning_Visitor,False,False
1,0.0,0,0.0,12,843.23,0.2,0.2,1.49,0.08,Mar,1,1,1,3,Returning_Visitor,True,False
3,142.17,1,124.8,18,1350.99,0.008333333,0.02,0.0,0.04,May,2,5,6,1,Returning_Visitor,False,False
0,29.57,0,0.0,7,0.0,0.2,0.2,1.83,0.05,Mar,2,2,1,1,Returning_Visitor,False,False
1,68.81,0,0.0,1,2240.79,0.03,0.04,3.18,0.02,Nov,2,2,2,2,Returning_Visitor,False,False
0,35.84,0,17.78,3,261.0,0.02,0.04,2.59,0.06,May,2,5,1,2,Returning_Visitor,False,False
1,45.55,0,30.88,1,1153.12,0.2,0.2,0.0,0.03,Feb,3,2,4,7,Returning_Visitor,False,False
3,106.83,0,41.79,15,1171.21,0.01,0.069736842,12.15210526,0.0,May,2,2,4,1,Returning_Visitor,False,False
0,0.0,0,19.57,3,1317.69,0.09,0.1,2.42,0.03,Mar,2,2,1,3,Returning_Visitor,False,False
1,72.73,1,0.0,14,1231.36,0.01,0.022398206,21.74053053,0.0,Aug,1,1,1,2,New_Visitor,True,False
3,130.86,0,46.57,15,1110.78,0.0,0.011111111,0.0,0.03,Oct,2,2,3,2,New_Visitor,False,False
6,129.97,0,0.0,40,1892.23,0.01,0.02,2.2,0.0,Oct,3,2,1,8,Returning_Visitor,True,False
2,52.83333333,0,27.76,19,2768.88,0.04,0.05,0.0,0.0,Oct,1,1,1,4,Returning_Visitor,True,False
1,47.41,0,35.32,3,0.0,0.2,0.2,0.0,0.02,Mar,2,2,1,3,Returning_Visitor,False,False
1,89.32,0,38.37,14,593.08,0.01,0.05,0.0,0.01,Nov,1,2,4,2,New_Visitor,False,False
4,134.39,0,77.59,23,273.25,0.0,0.0125,18.51,0.45,May,1,8,7,4,Returning_Visitor,False,False
6,126.04,0,0.0,26,1713.81,0.0,0.03,2.14,0.0,Oct,2,2,1,2,Returning_Visitor,False,False
1,55.24,0,31.6,13,839.4166667,0.03,0.18,1.94,0.01,Dec,2,2,2,2,Returning_Visitor,False,True
1,0.0,0,0.0,26,718.98,0.1,0.15,2.25,0.0,Mar,3,2,1,1,Returning_Visitor,False,False
0,43.72,0,18.87,47,1280.48,0.06,0.011134752,1.48,0.03,Mar,2,2,1,2,Returning_Visitor,False,False
2,11.0,3,123.3333333,34,1652.93,0.021621622,0.04,8.69,0.04,Nov,3,10,9,1,Returning_Visitor,False,False
6,483.3333333,0,60.55,32,1940.19,0.0,0.016666667,0.0,0.03,Oct,2,2,1,2,New_Visitor,False,False
3,205.25,1,0.0,190,2482.25,0.0,0.005951258,8.421921428,0.0,Nov,1,2,1,3,Returning_Visitor,False,False
1,85.03,1,0.0,3,877.91,0.01,0.03,3.18,0.01,Nov,1,1,4,2,Returning_Visitor,False,False
3,94.84,0,44.66,34,1542.9,0.01,0.071855922,2.13,0.0,Oct,1,1,8,3,Returning_Visitor,False,False
1,0.0,0,25.06,5,66.0,0.01,0.053333333,0.0,0.0,Mar,2,1,1,1,Returning_Visitor,False,False
1,55.85,0,0.0,24,937.11,0.02,0.114285714,0.0,0.4,May,3,2,2,3,Returning_Visitor,False,False
2,0.0,0,0.0,19,1442.46,0.0,0.04,3.51,0.0,Oct,2,2,1,2,Returning_Visitor,False,False
1,59.48,0,22.7,12,106.75,0.033333333,0.044444444,3.51,0.06,Feb,2,2,3,1,Returning_Visitor,False,False
2,27.25,0,0.0,19,219.25,0.01,0.03,2.51,0.0,Oct,2,2,7,2,Returning_Visitor,False,True
2,154.18,1,0.0,37,9952.349817,0.02,0.05,2.81,0.0,Dec,2,2,6,3,Returning_Visitor,False,True
0,0.0,0,37.94,16,279.547619,0.0,0.019047619,3.2,0.0,Mar,2,2,1,2,Returning_Visitor,False,False
0,113.34,0,58.51,21,974.65,0.01,0.02,2.71,0.08,May,2,2,1,4,Returning_Visitor,False,False
1,49.55,0,0.0,14,632.0,0.028571429,0.042857143,16.53,0.42,May,2,2,6,3,Returning_Visitor,False,False
1,0.0,0,0.0,20,1555.04,0.05,0.06,0.0,0.6,May,2,2,2,1,Returning_Visitor,False,False
0,0.0,0,0.0,2,1476.41,0.01,0.05,0.0,0.1,May,2,2,2,1,Returning_Visitor,False,False
3,162.35,0,43.1,20,145.0,0.01,0.025,0.0,0.0,Mar,2,2,8,8,New_Visitor,False,False
5,109.3,0,0.0,13,922.0833333,0.023529412,0.03,2.8,0.0,Mar,2,2,8,1,Returning_Visitor,False,False
0,0.0,0,28.95,16,1472.59,0.01,0.033333333,2.78,0.0,Mar,2,2,2,2,Returning_Visitor,True,False
1,66.49,0,0.0,21,1057.63,0.028571429,0.028571429,0.0,0.02,Mar,2,2,4,1,Returning_Visitor,False,False
6,217.54,3,185.44,60,2758.07,0.01,0.026110286,3.401438792,0.0,Nov,1,1,1,2,Returning_Visitor,False,False
1,47.24,0,18.43,7,610.28,0.07,0.1,3.25,0.04,Aug,1,1,1,3,Returning_Visitor,False,False
2,111.48,0,50.27,3,202.8333333,0.0,0.04,2.93,0.02,May,2,2,7,2,Returning_Visitor,False,False
2,128.26,0,0.0,21,1504.57,0.002222222,0.014835979,8.1,0.0,Oct,2,2,1,2,Returning_Visitor,True,False
2,95.3,0,75.29,30,1020.04,0.0125,0.02,5.91,0.0,Mar,1,1,4,2,Returning_Visitor,False,False
2,77.83,0,40.53,41,1278.51,0.01,0.028125,2.4,0.0,Mar,2,2,1,2,Returning_Visitor,False,False
2,118.0,0,43.52,32,896.3,0.01,0.046846847,1.297677921,0.04,Sep,2,2,1,2,Returning_Visitor,False,False
0,62.18,0,0.0,15,329.0,0.022222222,0.08,1.75,0.15,Oct,2,2,3,1,Returning_Visitor,False,False
5,113.82,0,60.32,26,1070.1,0.0,0.011904762,6.14,0.01,Mar,2,2,1,2,Returning_Visitor,False,False
2,44.5,0,0.0,7,1453.22,0.0,0.03,8.55,0.0,Mar,2,2,1,2,New_Visitor,True,False
6,317.89,5,89.33333333,40,513.4666667,0.01,0.003461538,5.6,0.01,Mar,2,2,3,3,New_Visitor,False,False
1,0.0,0,29.18,12,629.63,0.02,0.05,1.63,0.01,Dec,2,2,4,3,Returning_Visitor,False,False
1,49.93,0,0.0,19,624.59,0.01,0.05,1.98,0.01,Oct,2,2,3,20,Returning_Visitor,False,False
5,189.74,0,0.0,30,1225.67,0.0,0.005952381,5.33,0.01,Dec,1,2,6,2,New_Visitor,False,False
1,0.0,0,0.0,15,272.3333333,0.01,0.02,3.16,0.18,May,1,1,2,4,Returning_Visitor,False,False
1,52.39,0,21.59,10,1083.75163,0.04,0.06,0.0,0.0,Mar,2,2,3,2,Returning_Visitor,False,False
2,68.41,0,0.0,14,754.5,0.0,0.00625,0.0,0.01,Mar,2,2,1,1,Returning_Visitor,True,False
10,126.72,0,50.6,29,2388.61,0.02,0.02,41.2169154,0.02,Nov,2,2,1,2,Returning_Visitor,False,True
1,50.99,2,25.39,15,1675.4,0.16,0.17,1.43,0.02,Oct,2,2,2,4,Returning_Visitor,False,False
1,91.23,0,0.0,16,826.19,0.0,0.02,0.0,0.01,Mar,2,2,1,1,Returning_Visitor,False,False
2,103.78,0,31.41,24,1004.383333,0.0,0.023076923,3.78,0.01,June,2,2,1,4,Returning_Visitor,False,False
0,0.0,0,33.93,8,1573.51,0.025,0.06,2.4,0.0,Oct,2,2,1,1,Returning_Visitor,False,False
0,27.5,0,17.83,8,0.0,0.2,0.2,0.0,0.1,Feb,1,1,1,3,Returning_Visitor,False,False
4,121.76,0,0.0,67,1929.42,0.0,0.02,15.84839963,0.0,Oct,2,2,9,4,Returning_Visitor,False,True
4,41.0,1,178.56,46,2749.666667,0.0,0.02,0.0,0.0,Mar,2,2,1,2,Returning_Visitor,False,False
1,48.69,0,29.76,15,687.82,0.0,0.04,1.4,0.0,May,2,1,3,11,Returning_Visitor,False,False
1,53.43,0,19.96,7,900.97,0.04,0.06,7.13,0.19,May,2,2,1,1,Returning_Visitor,False,False
7,88.18,0,45.66,44,1668.7,0.01,0.02,0.0,0.02,Oct,2,2,4,2,Returning_Visitor,False,False
1,72.99,0,0.0,15,1166.18,0.008333333,0.02,1.81,0.0,Jul,2,2,1,2,New_Visitor,False,False
18,261.1619048,0,85.27,36,2783.03,0.008955224,0.04,2.73,0.0,Mar,2,2,1,2,New_Visitor,False,False
1,53.31,0,0.0,2,15.0,0.0,0.08,1.67,0.0,Mar,2,2,7,4,Returning_Visitor,False,False
15,591.6636364,1,187.02,56,2334.15,0.02,0.03,6.35,0.0,Oct,2,2,1,2,Returning_Visitor,False,False
1,61.91,0,50.57,21,599.5833333,0.0,0.02,0.0,0.0,Nov,2,2,1,2,Returning_Visitor,False,False
2,82.45,1,0.0,37,787.93,0.01,0.03,2.97,0.01,Dec,2,2,6,2,Returning_Visitor,False,False
10,14.5,5,1007.5,140,672.875,0.0,0.02,11.88,0.01,Nov,2,2,3,2,Returning_Visitor,False,False
1,0.0,0,31.78,16,235.5,0.0,0.03,3.2,0.04,May,2,2,6,1,Returning_Visitor,False,False
1,43.92857143,0,0.0,20,9951.359644,0.01,0.01,8.665280918,0.04,Oct,2,2,1,2,Returning_Visitor,False,True
0,0.0,0,0.0,9,213.8,0.04,0.06,6.06,0.0,Aug,1,2,9,3,Returning_Visitor,True,True
2,187.72,0,45.69,12,956.2,0.02,0.03,0.0,0.07,May,2,2,1,4,Returning_Visitor,False,False
2,91.15,0,40.27,21,66.5,0.05,0.07,4.1,0.0,Feb,3,2,2,3,Returning_Visitor,False,False
3,43.2,0,36.63,18,137.0,0.01,0.02,4.98,0.01,June,2,2,9,2,New_Visitor,True,False
0,149.53,1,24.0,36,1547.5,0.003703704,0.014814815,0.0,0.02,Oct,3,2,1,1,Returning_Visitor,False,False
2,143.09,1,93.39,81,2340.5,0.02,0.03,2.89,0.02,Nov,2,2,2,2,Returning_Visitor,False,False
8,154.0,1,216.39,179,1738.472529,0.02,0.03,0.0,0.01,Nov,2,2,2,4,Returning_Visitor,False,False
1,58.71,2,21.57,11,1570.53,0.003703704,0.09,12.1360201,0.04,Mar,2,2,2,4,Returning_Visitor,False,False
1,81.6,0,0.0,42,2017.520714,0.0,0.023696145,1.7,0.02,Oct,2,2,2,2,Returning_Visitor,False,False
1,70.23,0,0.0,13,672.5,0.18,0.16,1.74,0.0,Mar,2,2,1,1,Returning_Visitor,False,False
5,168.8,0,62.83,29,846.89,0.0,0.01,3.16,0.05,Feb,2,2,8,1,Returning_Visitor,False,False
0,63.96,0,26.71,16,280.5,0.04,0.05,2.2,0.0,May,2,2,1,3,Returning_Visitor,False,False
0,78.01,0,40.45,14,614.47,0.01,0.04,3.65,0.01,Dec,2,2,7,2,Returning_Visitor,False,False
1,0.0,0,64.02,7,1178.58,0.028571429,0.057142857,0.0,0.6,May,2,2,4,1,Returning_Visitor,False,False
0,52.73,0,0.0,11,67.0,0.03,0.04,1.97,0.0,Oct,2,2,1,2,Returning_Visitor,False,False
3,144.4,0,0.0,12,1546.51,0.015384615,0.030769231,0.0,0.32,May,3,2,9,3,Returning_Visitor,False,False
0,99.58,1,62.89,21,0.0,0.2,0.2,1.72,0.4,Feb,2,2,3,6,Returning_Visitor,False,False
0,0.0,0,0.0,10,364.75,0.11,0.13,0.0,0.04,Mar,2,2,2,3,Returning_Visitor,False,False
0,48.1,0,33.0,3,1622.25,0.07,0.09,2.03,0.6,May,2,2,2,3,Returning_Visitor,False,False
3,154.27,0,49.87,24,1365.07,0.0,0.02,5.38,0.03,Oct,2,2,3,2,Returning_Visitor,False,True
0,148.21,0,0.0,24,1102.81,0.0,0.02,12.18,0.03,Mar,2,2,3,2,New_Visitor,False,False
1,34.44242424,0,0.0,10,1108.33,0.04,0.05,1.71,0.08,Oct,2,4,1,4,Returning_Visitor,True,False
0,0.0,0,0.0,15,579.0,0.0,0.06,0.0,0.01,Dec,3,2,3,3,Returning_Visitor,False,False
0,0.0,2,13.0,37,4833.925,0.01,0.02,5.8,0.06,May,2,2,1,4,Returning_Visitor,False,False
1,44.37,0,21.24,11,736.64,0.09,0.1,0.0,0.0,Oct,3,2,2,3,Returning_Visitor,False,False
10,2407.42381,2,434.3,486,2195.1,0.02,0.03,0.0,0.04,May,2,2,1,3,Returning_Visitor,False,False
0,41.33,0,0.0,1,431.63,0.2,0.2,0.0,0.01,Dec,3,2,1,3,Returning_Visitor,False,False
3,86.38,0,49.12,22,2568.675541,0.01,0.071984127,4.001173545,0.06,Oct,1,2,2,1,Returning_Visitor,False,True
0,48.93,0,0.0,1,0.0,0.2,0.2,1.67,0.0,Mar,3,2,1,7,Returning_Visitor,True,False
1,50.34,0,10.0,18,445.0,0.04,0.05,2.07,0.02,Mar,2,2,4,1,Returning_Visitor,False,False
1,57.55,0,23.4,12,1000.11,0.01,0.036363636,3.08,0.07,Mar,2,2,1,2,Returning_Visitor,False,False
1,44.32,0,25.13,9,479.85,0.01,0.05,0.0,0.0,Dec,2,2,1,2,Returning_Visitor,False,False
1,0.0,0,43.12,17,590.15,0.02,0.03,0.0,0.0,Mar,2,2,1,1,Returning_Visitor,False,False
8,304.14,2,244.44,218,8205.68794,0.02357037,0.02,8.63,0.0,May,1,1,3,3,Returning_Visitor,False,True
1,32.13,0,21.34,20,1099.14,0.01,0.0295,0.0,0.07,Mar,3,2,1,1,Returning_Visitor,False,False
0,51.35,0,23.1,12,148.1666667,0.09,0.12,1.98,0.4,May,2,2,9,20,Returning_Visitor,False,False
1,63.22,0,20.28,8,747.79,0.06,0.11,2.92,0.0,Aug,1,2,1,3,Returning_Visitor,False,False
1,36.85,0,25.0,11,1038.62,0.05,0.07,2.15,0.07,May,2,2,1,3,Returning_Visitor,False,False
1,35.54,0,23.13,10,1778.4,0.02,0.033333333,1.48,0.0,Mar,2,2,2,1,Returning_Visitor,False,True
3,89.25,0,45.84,31,2151.0,0.01,0.02,10.91300022,0.08,May,2,2,1,2,Returning_Visitor,False,True
1,71.27,0,23.42,20,981.99,0.02,0.023484848,0.0,0.0,Mar,2,2,3,2,Returning_Visitor,True,False
3,66.4,0,0.0,21,641.4809524,0.0,0.03,6.51,0.0,Oct,2,2,3,2,Returning_Visitor,False,False
2,133.82,0,42.31,8,272.9,0.05,0.05,0.0,0.04,Oct,1,1,1,3,Returning_Visitor,False,False
1,0.0,0,0.0,9,802.76,0.01,0.025,2.83,0.03,May,3,2,3,4,Returning_Visitor,True,True
1,47.02,1,19.88,11,895.43,0.05,0.05,2.01,0.04,May,2,2,4,3,Returning_Visitor,False,False
2,107.58,0,37.48,21,112.8,0.05,0.08,2.76,0.0,Mar,2,2,1,2,Returning_Visitor,False,False
0,0.0,0,18.33,3,803.08,0.01,0.04,3.86,0.0,Aug,1,1,1,2,Returning_Visitor,True,False
0,54.0,0,19.82,6,1191.23,0.0,0.07,1.69,0.0,Mar,2,2,2,2,Returning_Visitor,False,False
1,89.4,0,0.0,13,155.0,0.01,0.009090909,0.0,0.0,Oct,1,2,4,2,Returning_Visitor,False,False
4,147.6666667,2,38.25,17,1687.95,0.000571429,0.013478622,2.690792571,0.0,Mar,2,2,1,2,Returning_Visitor,False,False
1,62.72,0,29.47,26,913.67,0.01,0.03,3.46,0.01,Nov,2,2,1,2,Returning_Visitor,False,False
0,0.0,0,0.0,1,0.0,0.1,0.13,0.0,0.04,Mar,2,2,2,3,Returning_Visitor,False,False
0,36.36,0,22.9,12,168.0,0.041666667,0.063888889,1.49,0.0,Mar,2,2,1,2,Returning_Visitor,False,False
1,51.5,0,59.98,27,1238.14,0.01,0.0275,9.27,0.0,Feb,2,2,9,2,Returning_Visitor,False,False
0,98.75,0,40.73,20,248.4166667,0.03,0.08,4.04,0.11,May,2,2,2,1,Returning_Visitor,False,False
2,0.0,0,39.6,42,1766.833333,0.01,0.02,0.0,0.03,Mar,2,2,1,2,Returning_Visitor,False,False
2,70.22,0,41.64,20,297.0833333,0.0,0.04,0.0,0.01,Nov,2,2,9,2,Returning_Visitor,True,False
3,59.5,1,50.51,23,47.2,0.01,0.05,0.0,0.02,Oct,1,1,1,2,New_Visitor,False,False
1,59.92,0,0.0,6,747.0,0.033333333,0.06,0.0,0.0,Mar,2,2,6,3,Returning_Visitor,False,False
5,249.36,2,44.5,30,1256.23,0.01,0.022916667,0.0,0.0,Mar,3,2,3,8,New_Visitor,False,False
0,0.0,0,0.0,25,954.0833333,0.034722222,0.04,1.93,0.09,Mar,3,2,1,3,Returning_Visitor,False,False
3,84.55,0,47.68,24,1015.49,0.0,0.02,3.66,0.01,May,2,2,1,2,New_Visitor,False,False
2,95.2,1,60.69,20,1275.75,0.02,0.04,2.33,0.0,Nov,2,2,9,2,Returning_Visitor,False,False
0,0.0,0,42.31,1,657.11,0.2,0.2,1.41,1.0,May,2,2,1,3,Returning_Visitor,True,False
6,67.63,0,0.0,33,1428.21,0.0,0.02,30.21878011,0.03,Oct,2,2,1,4,Returning_Visitor,False,True
2,7.0,0,53.18,19,1189.68,0.0,0.03,7.35,0.01,Oct,2,2,1,4,Returning_Visitor,False,False
1,47.63,0,32.12,20,1505.19,0.01,0.01,2.06,0.2,May,2,2,1,1,Returning_Visitor,False,False
4,0.0,1,416.0,20,1674.4,0.01,0.038095238,0.0,0.0,Nov,2,2,3,6,New_Visitor,False,False
0,69.57,0,28.12,19,1573.11,0.0,0.0375,0.0,0.06,Mar,2,2,1,2,Returning_Visitor,False,False
1,55.91,1,21.45,11,1608.38,0.15,0.012291667,1.49,0.03,Mar,2,2,1,4,Returning_Visitor,False,False
2,25.2,0,44.59,27,1904.3,0.0,0.04,3.19,0.01,Nov,2,2,1,20,Returning_Visitor,False,True
1,95.76,0,0.0,48,1199.160606,0.01,0.02,3.47,0.0,Oct,2,2,1,2,Returning_Visitor,False,False
2,45.62,0,60.74,18,715.08,0.19,0.2,4.72,0.0,May,2,2,3,15,Returning_Visitor,False,False
2,90.22,0,24.94,15,1288.79,0.03,0.001754386,5.77,0.02,Oct,2,2,1,2,New_Visitor,False,False
3,35.0,0,47.64,16,314.0,0.01,0.052631579,0.0,0.04,Feb,2,5,2,1,Returning_Visitor,False,False
0,40.7,0,27.76,12,956.88,0.2,0.2,0.0,0.06,Mar,1,1,1,1,Returning_Visitor,False,False
4,393.2666667,0,0.0,15,2086.44,0.00952381,0.03,3.38,0.0,Oct,2,2,3,2,New_Visitor,True,False
0,49.27,0,0.0,27,780.1666667,0.04,0.09,3.91,0.0,Mar,2,2,3,1,Returning_Visitor,False,False
0,102.31,0,39.19,24,3421.575758,0.02,0.03,3.33,0.02,Oct,2,2,1,2,New_Visitor,True,False
6,290.03,4,140.13,59,2784.17,0.02,0.02,3.55,0.02,Nov,2,2,1,2,Returning_Visitor,False,False
0,108.35,0,0.0,29,2614.209722,0.01,0.03,4.71,0.01,Nov,2,2,1,2,Returning_Visitor,True,False
1,71.53,0,51.96,25,1169.07,0.01,0.05,0.0,0.01,Nov,3,2,1,3,Returning_Visitor,False,False
2,63.5,0,101.0,29,1851.65,0.01,0.025,0.0,0.0,Oct,2,2,1,2,Returning_Visitor,False,False
3,125.81,0,35.34,10,1464.52,0.03,0.018181818,0.0,0.0,Mar,2,2,1,2,Returning_Visitor,True,False
2,0.0,0,0.0,17,1460.38,0.01,0.040277778,0.0,0.26,May,1,1,2,4,Returning_Visitor,True,False
0,61.23,0,27.8,13,803.5833333,0.03,0.1,0.0,0.18,Oct,3,2,3,1,Returning_Visitor,False,False
1,0.0,0,0.0,9,1441.85,0.07,0.08,2.27,0.04,Mar,2,2,6,1,Returning_Visitor,False,False
2,170.8333333,0,39.0,4,45.33333333,0.0,0.02,2.01,0.04,Mar,3,2,1,2,Returning_Visitor,False,False
0,54.85,0,25.28,3,448.37,0.02,0.06,1.54,0.01,Jul,1,1,1,1,Returning_Visitor,False,False
1,0.0,0,22.59,10,678.71,0.01,0.02,2.65,0.0,Oct,2,2,6,8,New_Visitor,False,False
2,0.0,0,40.03,16,734.24,0.0,0.05,0.0,0.0,Mar,2,2,2,1,Returning_Visitor,False,False
1,73.5,0,42.08,10,599.07,0.01,0.025,0.0,0.16,May,2,2,3,2,Returning_Visitor,False,False
3,132.0,1,80.95,32,3674.803673,0.023134328,0.032705748,5.613708292,0.0,Mar,3,2,1,1,Returning_Visitor,False,False
1,36.84,0,25.25,12,1325.08,0.02,0.05,2.52,0.08,May,3,2,1,3,Returning_Visitor,True,False
3,64.46,0,29.08,13,1344.12,0.015384615,0.038461538,2.35,0.2,Feb,2,2,1,4,Returning_Visitor,False,False
1,50.3,0,0.0,7,735.36,0.03,0.06,3.33,0.01,Sep,2,2,1,1,Returning_Visitor,False,False
3,192.5555556,1,69.89,109,2926.431962,0.01,0.01,3.74,0.0,Oct,4,1,1,3,Returning_Visitor,False,True
4,73.33333333,1,0.0,36,1756.76,0.01,0.02,0.0,0.01,Nov,2,2,1,2,Returning_Visitor,False,False
4,198.67,0,66.02,42,1526.78,0.01,0.02,4.84,0.0,May,2,2,1,4,Returning_Visitor,False,False
1,47.05,0,17.7,11,1007.03,0.05,0.08,0.0,0.08,May,2,2,1,1,Returning_Visitor,False,False
1,45.54,0,0.0,9,1288.37,0.059259259,0.08,0.0,0.05,Oct,2,2,8,1,Returning_Visitor,False,False
1,0.0,0,21.24,10,812.09,0.0,0.03,1.8,0.0,Oct,2,4,1,2,New_Visitor,False,True
4,147.31,1,109.5,107,3084.79,0.001169591,0.02,0.0,0.02,Oct,2,2,1,2,Returning_Visitor,False,True
5,278.87,0,0.0,44,4681.894444,0.008,0.024380952,4.53,0.02,May,2,2,1,4,Returning_Visitor,False,False
2,96.84,0,33.86,13,1572.96,0.0,0.04,3.16,0.02,Oct,2,1,1,4,New_Visitor,True,False
1,0.0,0,100.0,8,653.14,0.0,0.015384615,0.0,0.03,May,2,2,2,3,Returning_Visitor,False,False
5,123.5,2,117.65,37,1159.17,0.01,0.01,4.61,0.05,May,2,2,3,2,Returning_Visitor,False,False
1,0.0,0,0.0,14,862.7916667,0.014285714,0.05,3.3,0.01,Nov,1,2,9,2,Returning_Visitor,True,False
3,217.4,0,67.4,24,1264.74,0.01,0.007142857,0.0,0.01,Sep,2,4,1,5,Returning_Visitor,False,False
1,52.48,0,23.09,12,1671.9,0.013333333,0.08,1.47,0.03,Mar,2,2,1,4,Returning_Visitor,False,False
1,111.48,0,47.96,26,1136.41,0.0,0.03,2.79,0.0,Oct,2,2,1,2,Returning_Visitor,False,True
1,83.47,0,0.0,17,822.39,0.01,0.02,79.0,0.6,May,1,2,2,2,Returning_Visitor,False,False
0,49.99,0,21.44,7,188.0,0.0,0.033333333,0.0,0.05,Mar,2,2,1,2,Returning_Visitor,False,False
0,0.0,0,29.36,12,1886.5,0.007017544,0.06,1.53,0.6,May,2,2,2,4,Returning_Visitor,False,False
1,50.56,0,25.3,12,996.86,0.011538462,0.04,2.22,0.01,Nov,1,2,1,6,Returning_Visitor,False,False
1,61.4,0,0.0,11,1569.37,0.12,0.1,1.65,0.03,Mar,2,2,2,3,Returning_Visitor,False,False
1,69.62,0,26.1,16,587.75,0.11,0.15,3.38,0.02,Oct,1,1,1,3,Returning_Visitor,False,False
7,265.67,1,163.07,51,2195.11,0.0,0.02,69.7132141,0.05,Feb,1,13,9,2,Returning_Visitor,False,False
2,90.45,0,0.0,38,813.6016667,0.01,0.037398374,0.0,0.02,Mar,1,1,2,2,Returning_Visitor,False,False
12,186.64,1,0.0,129,3113.73,0.001428571,0.018456829,1.03529974,0.01,May,2,4,1,2,Returning_Visitor,False,True
3,178.33,1,299.0333333,686,1635.58,0.02,0.022771363,2.98,0.01,Aug,2,2,1,1,Returning_Visitor,False,False
2,194.3333333,0,50.61,29,2632.189286,0.01,0.03,2.2,0.01,Nov,4,2,1,4,Returning_Visitor,False,False
0,90.82,0,38.16,31,2525.87,0.024,0.050933333,0.0,0.08,Mar,1,1,2,4,Returning_Visitor,False,False
0,51.24,0,23.85,3,1360.5,0.02,0.083333333,0.0,0.05,Oct,2,2,1,3,Returning_Visitor,False,True
1,37.19,0,20.73,28,888.0,0.08,0.09,1.45,0.03,Feb,2,2,1,3,Returning_Visitor,True,False
1,0.0,0,0.0,21,1066.339286,0.012195122,0.04,3.67,0.01,Nov,2,2,3,1,Returning_Visitor,False,False
3,115.14,0,53.76,23,1678.733333,0.01,0.013333333,0.0,0.0,May,2,2,3,6,Returning_Visitor,False,False
1,0.0,3,81.13,125,2148.98,0.01,0.039945665,1.002042069,0.05,Oct,2,2,1,3,Returning_Visitor,False,True
10,523.3333333,1,266.54,52,2070.45,0.01,0.030213239,7.67,0.08,Oct,2,2,2,1,Returning_Visitor,True,False
3,97.88235294,0,9.0,58,2293.59902,0.01,0.01,7.07,0.11,May,2,2,3,4,Returning_Visitor,False,True
0,75.87,0,39.74,6,1637.62,0.0,0.05,2.62,0.02,May,2,2,2,1,Returning_Visitor,False,False
1,113.3,1,95.29,81,1300.57,0.01,0.029431012,8.14,0.0,Mar,2,2,9,2,Returning_Visitor,False,False
1,43.08,0,28.15,14,781.0,0.028571429,0.057142857,2.37,0.01,Mar,2,2,4,1,Returning_Visitor,False,False
1,147.11,1,322.4,35,126.9333333,0.01,0.01,2.7,0.0,Oct,2,2,1,2,Returning_Visitor,False,True
4,138.02,0,74.4,24,20.0,0.01,0.04,0.0,0.01,Nov,2,2,1,2,Returning_Visitor,False,False
0,34.33,0,0.0,4,752.08,0.07,0.1,0.0,0.07,Mar,3,2,1,3,Returning_Visitor,False,False
3,195.05,0,0.0,31,1543.03,0.01,0.019047619,6.02,0.01,Oct,1,1,1,2,New_Visitor,False,False
2,23.2,0,50.39,16,0.0,0.08,0.06,8.1,0.02,Aug,2,2,1,3,Returning_Visitor,False,False
3,182.6,0,60.41,22,1697.55,0.01,0.02575,24.61425,0.35,May,2,2,4,3,Returning_Visitor,False,False
1,53.26,0,21.77,12,502.9166667,0.08,0.12,0.0,0.04,Feb,2,2,2,1,Returning_Visitor,False,False
1,57.06,0,44.5,28,770.3095238,0.01,0.035396825,1.79,0.0,Nov,1,1,1,2,Returning_Visitor,False,False
2,120.78,0,38.87,4,726.14,0.01,0.057142857,2.64,0.05,May,1,1,2,4,Returning_Visitor,False,False
1,44.15,0,0.0,9,485.22,0.01,0.055357143,1.85,0.01,Dec,1,1,2,4,Returning_Visitor,False,False
6,149.02,1,84.36,66,1524.27,0.004109589,0.018513906,20.97239726,0.12,May,2,2,1,6,Returning_Visitor,False,True
1,72.96,0,28.12,15,2000.28,0.026666667,0.03,1.84,0.04,Mar,2,2,1,4,Returning_Visitor,False,False
1,42.5,0,56.72,67,2413.754403,0.006153846,0.03,0.0,0.01,Dec,1,2,1,2,Returning_Visitor,False,False
2,0.0,1,27.08,14,853.18,0.013333333,0.03,0.0,0.02,Mar,2,2,3,2,Returning_Visitor,False,False
2,72.81,0,30.6,25,1041.42,0.0,0.007142857,0.0,0.0,Feb,2,2,1,2,Returning_Visitor,False,False
1,57.5,2,22.98,12,958.37,0.024722222,0.02,2.4,0.09,Mar,3,2,1,4,Returning_Visitor,False,False
0,51.28,0,0.0,14,1124.39,0.06,0.14,0.0,0.03,Feb,1,1,6,3,Returning_Visitor,False,False
0,81.49,0,29.88,23,1138.95,0.01,0.021532091,2.82,0.0,Mar,2,2,1,2,New_Visitor,False,False
1,70.97,0,37.1,34,777.2125,0.01,0.013513514,0.0,0.06,Oct,2,2,1,1,Returning_Visitor,False,False
1,34.0,0,26.28,11,4367.02,0.08,0.09,0.0,0.05,Oct,1,1,1,3,Returning_Visitor,False,False
2,19.0,0,14.0,19,1332.8,0.0,0.016621622,3.99,0.02,Mar,2,2,1,2,Returning_Visitor,False,False
1,99.88,0,28.93,14,616.4333333,0.0,0.04,3.63,0.0,Mar,2,2,1,2,New_Visitor,False,False
1,20.0,0,0.0,27,1311.59,0.01,0.0125,7.34,0.03,May,2,2,5,2,Returning_Visitor,False,True
2,110.96,0,0.0,21,1144.72,0.02,0.05,5.71,0.26,Oct,2,10,1,1,Returning_Visitor,False,False
2,0.0,0,22.4,11,380.22,0.0,0.03,1.78,0.0,Oct,1,1,2,2,Returning_Visitor,True,False
2,169.5,2,105.0,17,1072.7,0.02,0.05,14.78162714,0.01,Nov,2,2,1,2,Returning_Visitor,False,True
4,53.0,0,123.06,35,2720.7,0.02,0.031513142,4.02,0.0,Oct,3,2,2,13,Returning_Visitor,True,False
1,72.16,0,48.93,25,341.36,0.01,0.0625,11.27546478,0.01,Nov,2,2,1,1,Returning_Visitor,False,False
6,158.87,1,24.2,107,3180.38,0.02,0.01,2.92,0.03,May,1,4,1,1,Returning_Visitor,False,False
1,0.0,0,17.7,7,944.43,0.04,0.07,1.78,0.04,Feb,2,5,1,1,Returning_Visitor,False,False
2,208.0,0,50.0,30,1461.666667,0.01,0.02,2.45,0.02,Mar,2,5,1,1,New_Visitor,True,False
0,43.11,0,0.0,4,766.69,0.06,0.12,2.6,0.33,May,2,2,3,13,Returning_Visitor,False,False
0,0.0,0,26.38,14,0.0,0.2,0.2,1.71,0.05,Oct,2,2,4,3,Returning_Visitor,False,False
1,55.77,0,24.59,5,1113.07,0.18,0.17,0.0,0.02,Oct,2,2,1,1,Returning_Visitor,False,False
2,92.16,0,40.21,20,1001.0,0.00625,0.02,0.0,0.0,May,2,2,4,6,Returning_Visitor,False,False
2,0.0,0,0.0,12,1029.87,0.0,0.015384615,4.4,0.0,May,2,2,2,4,Returning_Visitor,False,False
4,91.54,0,44.68,23,1229.44,0.0,0.012150434,0.0,0.0,Feb,2,2,1,2,Returning_Visitor,False,True
1,112.69,0,45.49,25,2019.828571,0.01,0.015734266,5.12,0.06,May,2,2,1,2,Returning_Visitor,False,False
1,67.32,0,39.04,20,49.0,0.02,0.1,3.58,0.22,Sep,2,4,5,1,Returning_Visitor,False,False
1,67.17,0,27.58,15,1036.12,0.01,0.015384615,0.0,0.0,May,2,2,8,1,Returning_Visitor,False,False
2,225.11,5,105.45,42,1176.5,0.0,0.03,3.71,0.0,Mar,2,2,3,2,New_Visitor,False,False
2,69.93,0,25.97,5,111.25,0.02,0.033333333,1.62,0.03,Mar,2,2,1,2,Returning_Visitor,True,False
3,133.5,4,84.43,33,443.9333333,0.01,0.02,0.0,0.0,Oct,1,1,3,6,Returning_Visitor,False,False
2,93.73,0,30.39,15,910.68,0.0,0.025,0.0,0.05,Oct,2,2,2,2,Returning_Visitor,False,False
2,126.33,0,44.78,21,533.3,0.01,0.03,6.82,0.02,Sep,3,2,1,2,New_Visitor,False,False
0,38.34,0,0.0,4,799.83,0.02,0.07,0.0,0.6,May,3,2,6,3,Returning_Visitor,False,False
1,80.38,0,32.34,33,1985.933333,0.01,0.02,3.59,0.01,Jul,2,2,1,2,Returning_Visitor,False,False
0,71.28,0,35.46,18,1077.47,0.1,0.15,2.46,0.0,Dec,2,2,3,1,Returning_Visitor,True,False
6,1130.502941,1,109.16,26,2109.26,0.01,0.017422643,20.30438949,0.03,Mar,2,2,1,4,New_Visitor,True,False
0,89.4,0,0.0,12,1077.0,0.01,0.054545455,3.0,0.29,May,2,2,2,1,Returning_Visitor,False,False
0,0.0,0,38.2,14,689.6666667,0.04,0.05,0.0,0.0,May,2,2,3,6,Returning_Visitor,True,False
0,0.0,0,0.0,18,1069.69,0.02,0.04,0.0,0.0,Nov,2,2,1,2,Returning_Visitor,False,False
2,134.68,1,0.0,24,977.65,0.0,0.025,5.48,0.0,Feb,2,13,9,20,Other,False,False
0,36.9,0,22.79,9,1326.92,0.2,0.2,0.0,0.6,Feb,3,2,1,13,Returning_Visitor,False,False
5,371.7,1,106.0,38,1994.8,0.01,0.01,43.71856886,0.01,Nov,2,2,1,2,Returning_Visitor,False,True
0,0.0,0,29.1,10,572.9,0.02,0.05,12.77,0.0,Dec,2,2,3,1,Returning_Visitor,False,False
2,98.94,0,869.0,34,771.5916667,0.02,0.030876623,0.0,0.0,Nov,2,4,1,2,Returning_Visitor,False,False
0,45.2,0,29.24,12,0.0,0.18,0.2,1.55,0.04,Oct,2,2,1,1,Returning_Visitor,False,False
0,33.09,0,30.94,2,1026.18,0.2,0.2,1.45,0.05,Feb,1,1,1,3,Returning_Visitor,True,False
3,249.5,1,0.0,66,2506.333333,0.01,0.01,4.8,0.0,May,3,2,6,6,Returning_Visitor,False,True
2,102.42,0,0.0,21,1048.663333,0.0,0.03,8.18,0.01,Nov,1,1,1,2,New_Visitor,False,True
1,25.5,0,21.08,12,708.54,0.03,0.05,1.57,0.14,Mar,3,2,2,1,Returning_Visitor,True,False
5,86.5,1,107.18,68,1148.47,0.01,0.02,4.95,0.08,May,2,2,2,4,Returning_Visitor,False,False
1,133.8,0,54.4,10,578.11,0.0,0.01,0.0,0.01,Nov,1,1,3,2,New_Visitor,False,False
2,65.77,1,30.65,19,1394.52,0.016842105,0.026417863,0.0,0.17,Oct,2,2,1,3,Returning_Visitor,False,False
4,114.11,1,60.53,38,943.95,0.01,0.006628788,0.0,0.0,Mar,2,2,3,2,New_Visitor,False,False
0,65.77,0,22.76,23,614.71,0.01,0.02,0.0,0.03,Mar,1,1,3,2,Returning_Visitor,False,False
1,51.29,0,28.94,13,348.6,0.02,0.06,0.0,0.13,May,2,2,7,3,Returning_Visitor,False,True
0,0.0,0,0.0,3,944.75,0.03,0.06,3.73,0.01,Nov,2,2,1,3,Returning_Visitor,False,False
1,43.96,0,21.83,10,143.0,0.17,0.15,0.0,0.07,May,3,2,1,13,Returning_Visitor,False,False
1,0.0,0,0.0,11,832.05,0.04,0.05,0.0,0.03,Mar,3,2,3,8,Returning_Visitor,False,False
1,55.02,0,28.51,7,31.5,0.01,0.05,0.0,0.01,Dec,2,2,1,2,Returning_Visitor,False,False
1,0.0,0,0.0,12,186.0666667,0.12,0.13,1.67,0.09,Mar,3,2,1,1,Returning_Visitor,False,False
4,190.4166667,0,0.0,36,3913.98703,0.005424955,0.01,0.0,0.0,Oct,3,2,5,2,Returning_Visitor,False,False
1,55.76,0,26.37,11,527.2083333,0.05,0.06,0.0,0.02,Mar,2,4,3,6,Returning_Visitor,False,False
3,91.7,0,0.0,24,1982.523611,0.004411765,0.010971792,0.0,0.0,Dec,2,2,1,2,Returning_Visitor,False,False
3,66.6,0,72.65,13,1157.36,0.0,0.02,0.0,0.0,Oct,2,2,6,2,Returning_Visitor,False,False
1,0.0,0,0.0,9,123.1666667,0.022222222,0.05,0.0,0.0,Nov,2,2,9,2,Returning_Visitor,True,False
1,35.24,0,0.0,13,574.43,0.01,0.033333333,2.35,0.01,Mar,1,1,8,1,Returning_Visitor,False,False
5,226.35,4,94.875,38,1596.24,0.0,0.013333333,0.0,0.02,Oct,2,2,3,2,New_Visitor,False,False
0,0.0,0,56.16,19,727.91,0.01,0.02,4.47,0.01,Dec,3,2,2,2,Returning_Visitor,False,False
5,198.95,1,0.0,35,2248.914286,0.01,0.029349567,4.17,0.04,May,1,1,2,4,Returning_Visitor,False,True
2,128.96,0,49.99,20,1354.9,0.0,0.03,60.19477937,0.05,Nov,2,2,3,2,New_Visitor,False,True
0,56.08,0,0.0,21,1349.29,0.0,0.05,14.13268846,0.02,Mar,2,2,1,2,Returning_Visitor,False,True
0,53.99,0,0.0,16,0.0,0.2,0.2,2.23,0.0,Nov,2,2,4,3,Returning_Visitor,False,False
5,827.2,2,82.74,71,3439.733242,0.02,0.014808078,0.0,0.02,Mar,2,2,3,2,Returning_Visitor,False,False
7,87.25,4,232.2,67,1902.53,0.00326087,0.01,9.72,0.0,Oct,2,2,3,2,Returning_Visitor,False,False
1,69.88,0,27.65,16,728.18,0.018181818,0.065367965,1.96,0.03,Sep,2,2,1,1,Returning_Visitor,False,False
0,0.0,0,0.0,10,708.73,0.07,0.15,4.15,0.58,May,2,2,2,4,Returning_Visitor,False,False
0,60.08,0,23.47,7,1227.97,0.01,0.025,0.0,0.06,Mar,2,2,1,1,Returning_Visitor,False,False
1,62.13,0,18.79,11,558.1933333,0.02,0.09,2.21,0.0,Oct,2,2,3,2,Returning_Visitor,False,False
1,39.11,0,0.0,12,244.1666667,0.01,0.030769231,1.84,0.06,Mar,2,2,1,1,Returning_Visitor,False,False
1,69.39,0,0.0,20,1008.47,0.022916667,0.038373016,4.11,0.01,Mar,3,2,6,1,Returning_Visitor,False,True
0,0.0,0,25.81,9,1038.13,0.01,0.047619048,2.53,0.16,May,2,2,1,2,Returning_Visitor,False,False
1,71.31,0,0.0,10,752.39,0.016666667,0.04,0.0,0.11,May,3,2,7,5,Returning_Visitor,True,False
3,162.23,1,3.0,21,1677.666667,0.01,0.01,0.0,0.0,June,2,2,1,2,Returning_Visitor,False,False
1,86.21,0,0.0,28,914.73,0.014285714,0.023809524,0.0,0.01,Dec,2,2,1,1,Returning_Visitor,False,False
2,0.0,0,32.72,15,787.32,0.01,0.05,0.0,0.0,May,2,2,3,3,Returning_Visitor,False,False
0,0.0,0,15.26,7,462.41,0.01,0.07,0.0,0.0,Oct,1,1,3,3,Returning_Visitor,False,False
0,78.52,0,0.0,24,2360.9,0.0,0.05,1.88,0.0,Feb,1,1,2,1,Returning_Visitor,False,True
6,192.03,1,0.0,68,5947.97123,0.01,0.02,3.95,0.01,Nov,2,2,1,1,Returning_Visitor,False,True
4,94.86666667,0,46.29,20,1300.42,0.008333333,0.03,18.08644865,0.0,Oct,2,2,2,2,Returning_Visitor,False,True
2,98.17,0,44.2,22,1226.1,0.022222222,0.05,4.51,0.03,May,2,2,2,1,Returning_Visitor,False,True
3,97.5,0,55.94,26,155.3333333,0.0,0.02,0.0,0.02,Feb,2,2,1,2,New_Visitor,False,False
0,305.32,5,423.18,130,3379.68,0.007407407,0.036957672,0.0,0.02,Mar,2,2,1,2,Returning_Visitor,False,False
1,0.0,0,0.0,11,637.53,0.02,0.05,1.53,0.11,Oct,3,2,6,1,Returning_Visitor,False,False
2,106.5,1,0.0,27,1475.254167,0.02,0.04,4.49,0.0,Nov,3,2,1,4,Returning_Visitor,True,False
8,1040.25,1,170.2,64,5160.451362,0.01,0.02,0.0,0.0,Oct,2,2,1,2,Returning_Visitor,False,False
1,45.19,0,21.05,12,1375.3,0.05,0.09,1.98,0.0,Oct,2,2,1,1,Returning_Visitor,False,False
1,12.0,1,0.0,23,1039.58,0.0,0.02,4.79,0.01,Oct,2,2,5,2,Returning_Visitor,False,False
10,127.54,0,66.31,27,1097.55,0.01,0.001851852,0.0,0.02,May,2,2,7,5,New_Visitor,False,False
2,11.0,0,28.18,22,1670.76,0.0,0.018181818,2.79,0.03,Oct,2,2,1,2,Returning_Visitor,True,False
4,135.9,0,44.75,23,977.23,0.02,0.013492063,4.88,0.03,Oct,2,2,9,6,Returning_Visitor,False,False
0,85.37,0,0.0,15,1039.99,0.0,0.08,0.0,0.29,May,2,2,1,3,Returning_Visitor,False,False
1,69.87,0,123.3333333,24,2270.97,0.04,0.06,4.47,0.0,Oct,2,2,2,2,Returning_Visitor,True,False
0,112.21,0,56.89,17,376.5166667,0.01,0.01512605,5.67,0.0,Nov,2,2,1,2,Returning_Visitor,False,False
0,70.21,0,0.0,24,803.76,0.04,0.06,0.0,0.09,May,2,2,2,1,Returning_Visitor,False,False
3,86.1,1,74.0,31,1969.76,0.0,0.033333333,0.0,0.0,Aug,3,2,1,5,Returning_Visitor,False,False
0,0.0,0,0.0,14,1340.8,0.08,0.06,1.75,0.04,Mar,2,2,1,1,Returning_Visitor,False,False
1,0.0,0,84.5,12,953.95,0.004545455,0.02,0.0,0.02,Mar,2,2,1,2,New_Visitor,False,False
5,329.297619,1,75.0,32,2097.51,0.010810811,0.02,4.5,0.05,Oct,1,2,9,2,Returning_Visitor,False,True
1,81.22,0,36.26,19,1096.75,0.0,0.02,4.07,0.0,May,2,2,6,1,Returning_Visitor,False,False
2,61.06,0,35.76,3,804.56,0.0,0.07,1.89,0.0,Mar,2,2,1,1,Returning_Visitor,False,False
0,0.0,0,0.0,13,1192.32,0.0,0.022222222,18.85086521,0.02,Mar,1,1,2,8,Returning_Visitor,False,True
2,98.69,0,0.0,20,1096.42,0.03,0.05,3.85,0.15,May,3,2,6,13,Returning_Visitor,False,False
6,333.56,4,166.0,43,3872.50942,0.039495923,0.02,15.45,0.0,Feb,2,2,3,2,Returning_Visitor,False,False
1,0.0,0,0.0,11,0.0,0.04,0.06,2.85,0.08,Oct,2,2,1,1,Returning_Visitor,False,False
0,43.52,0,0.0,14,1302.18,0.11,0.15,0.0,0.8,May,2,2,2,4,Returning_Visitor,False,False
1,11.0,0,0.0,19,1064.31,0.04,0.05,2.62,0.02,Mar,2,2,2,1,Returning_Visitor,False,False
3,134.5,1,0.0,30,1362.9,0.0,0.02,9.44,0.01,Dec,2,2,2,2,Returning_Visitor,False,False
7,221.3,4,246.42,75,1626.625433,0.010638298,0.026186255,4.25,0.0,Mar,3,2,2,2,Returning_Visitor,False,False
3,107.2,0,53.86,61,1314.04,0.005952381,0.02,0.0,0.02,Feb,2,2,1,2,Returning_Visitor,False,False
2,276.28,3,120.18,36,5233.590476,0.009090909,0.035239899,4.94,0.0,May,2,2,3,4,Returning_Visitor,False,False
1,59.88,0,0.0,15,1224.15,0.14,0.08,6.344631767,0.0,Mar,2,2,1,2,Returning_Visitor,False,False
1,0.0,0,0.0,14,0.0,0.17,0.2,1.6,0.05,Oct,2,2,1,3,Returning_Visitor,False,False
6,113.67,2,104.63,30,1799.666667,0.02,0.083012821,0.0,0.09,May,1,1,6,3,Returning_Visitor,False,False
5,185.03,1,84.45,24,1689.134524,0.02,0.008,3.77,0.03,Oct,2,2,9,2,Returning_Visitor,False,False
3,0.0,0,518.25,60,2068.248473,0.01,0.034058957,0.0,0.0,Nov,1,1,1,2,Returning_Visitor,False,False
1,88.64,1,53.65,36,7141.214642,0.01,0.01962467,1.83,0.04,Mar,3,2,1,2,Returning_Visitor,False,False
0,0.0,0,14.49,7,92.0,0.03,0.08,1.87,0.06,Mar,1,1,3,3,Returning_Visitor,False,False
0,45.22,0,0.0,4,123.0,0.08,0.11,2.02,0.02,Mar,2,2,2,1,Returning_Visitor,False,False
5,50.0,1,129.54,234,2616.0,0.002616034,0.02,1.82,0.0,Aug,2,2,1,3,Returning_Visitor,False,True
1,82.04,0,0.0,9,1205.74,0.007936508,0.01982092,0.0,0.01,Aug,1,2,1,4,Returning_Visitor,True,False
0,56.3,0,18.82,4,70.5,0.1,0.14,0.0,0.03,Mar,2,2,1,3,Returning_Visitor,False,False
8,390.79,3,215.08,142,4777.812554,0.005666252,0.019707705,0.0,0.0,Feb,2,2,3,2,Returning_Visitor,True,False
3,169.5,0,49.59,31,1728.27,0.01,0.02,1.85,0.03,Nov,1,1,2,1,Returning_Visitor,True,False
1,46.63,0,22.18,11,1320.37,0.01,0.022,1.76,0.03,Oct,2,2,1,1,Returning_Visitor,False,False
2,69.76,0,20.95,13,517.5416667,0.0,0.02,16.1585582,0.04,Oct,1,1,3,8,Returning_Visitor,False,True
1,108.23,0,26.1,6,798.7,0.01,0.057142857,2.93,0.0,May,2,1,1,2,New_Visitor,False,False
9,403.76,2,247.42,124,2759.3,0.02,0.03,3.464444066,0.01,Aug,2,2,1,4,Returning_Visitor,False,True
2,123.58,1,49.0,28,1545.23,0.0,0.008695652,3.71,0.0,Oct,2,2,1,1,Returning_Visitor,True,False
0,0.0,0,0.0,16,255.0833333,0.0,0.05,2.77,0.02,Mar,2,2,8,1,Returning_Visitor,False,False
0,0.0,1,74.22,45,1960.45,0.01,0.01,3.36,0.0,May,2,9,9,13,Returning_Visitor,False,False
2,79.01,0,39.01,9,1382.8,0.01,0.046666667,3.55,0.15,Sep,1,8,3,1,Returning_Visitor,False,False
1,53.54,0,25.07,8,813.97,0.01,0.025,0.0,0.45,May,2,2,6,3,Returning_Visitor,False,False
1,0.0,0,28.16,13,0.0,0.2,0.2,1.55,0.0,Mar,1,1,1,3,Returning_Visitor,False,False
1,59.37,0,0.0,16,978.11,0.02,0.04,2.6,0.0,Nov,2,4,9,2,Returning_Visitor,False,True
1,0.0,0,49.33,18,718.23,0.0,0.02,0.0,0.01,Dec,2,2,1,13,Returning_Visitor,False,False
2,89.28,0,0.0,22,1375.133333,0.0,0.01,3.02,0.02,Mar,4,1,2,2,Returning_Visitor,False,True
3,7.0,0,0.0,56,2290.98,0.01,0.02,2.47,0.08,Oct,3,2,2,4,Returning_Visitor,True,False
3,49.33333333,5,239.37,100,2526.38,0.01,0.02,2.64,0.0,Mar,3,2,1,2,Returning_Visitor,False,False
7,398.7,0,138.09,32,1522.68,0.0,0.02,9.63,0.07,May,2,2,2,4,New_Visitor,False,False
4,183.0,1,109.22,25,557.3333333,0.01,0.012631579,16.10052632,0.0,May,2,2,2,2,New_Visitor,False,True
7,76.85,0,27.97,54,1398.61,0.003571429,0.02,9.865125,0.03,Oct,2,2,1,2,Returning_Visitor,False,True
5,107.5333333,1,298.0,34,570.3333333,0.01,0.02,2.5,0.0,May,3,2,6,13,Returning_Visitor,False,False
1,45.48,0,42.89,16,146.0,0.146666667,0.2,3.14,0.02,Mar,2,2,7,1,Returning_Visitor,False,False
2,0.0,0,40.24,24,1589.68,0.02,0.02,31.3094364,0.08,Nov,2,2,1,2,New_Visitor,False,True
0,52.53,0,23.93,13,970.31,0.02,0.1,1.87,0.0,Aug,2,2,1,1,Returning_Visitor,False,False
1,56.9,0,24.74,13,1159.1,0.02,0.01840796,2.38,0.03,May,2,2,6,2,Returning_Visitor,False,False
0,32.94,0,28.66,12,249.0,0.04,0.066666667,1.46,0.0,Feb,2,4,1,3,Returning_Visitor,False,False
2,126.7,0,58.94,28,1489.91,0.01,0.015217391,71.38981221,0.13,Nov,2,2,1,3,Returning_Visitor,False,True
3,171.4,0,0.0,24,448.0333333,0.01,0.012857143,0.0,0.22,May,3,2,3,4,Returning_Visitor,True,False
0,0.0,0,0.0,9,28.0,0.03,0.08,5.75,0.0,Oct,2,2,3,1,Returning_Visitor,False,False
2,61.87,0,32.38,2,2481.75,0.0,0.1,2.76,0.11,May,2,2,3,13,Returning_Visitor,False,False
3,84.0,0,45.32,30,1195.29,0.01,0.005925926,0.0,0.01,Oct,1,1,2,11,Returning_Visitor,True,False
1,95.35,0,24.77,12,1381.04,0.011111111,0.03,3.72,0.04,Mar,2,2,2,1,Returning_Visitor,False,True
7,185.9904762,2,388.96,179,3537.6,0.002551834,0.02,10.68,0.01,Nov,2,2,3,2,Returning_Visitor,False,False
4,160.5,0,74.48,34,1137.69,0.01,0.053333333,0.0,0.0,Sep,2,2,1,1,Returning_Visitor,False,False
1,57.53,0,20.98,10,1640.39,0.0125,0.025,1.48,0.04,Mar,2,2,1,4,Returning_Visitor,False,False
6,271.92,8,252.13,48,1822.841667,0.01,0.016642012,9.9,0.02,Feb,2,2,3,2,Returning_Visitor,False,False
1,46.91,0,20.71,22,1657.63,0.019871795,0.04,1.78,0.04,Mar,2,2,1,2,Returning_Visitor,False,False
0,91.2,0,51.13,15,1624.75,0.01,0.03,0.0,0.0,Dec,2,2,1,2,Returning_Visitor,False,False
0,0.0,0,23.0,10,1126.57,0.03,0.06,1.58,0.0,Mar,2,5,9,1,Returning_Visitor,False,False
0,0.0,0,0.0,19,1377.769697,0.01,0.03,7.36,0.05,Dec,2,2,1,2,Returning_Visitor,False,True
0,139.14,0,0.0,22,2784.8,0.02,0.015317559,6.135982448,0.03,Mar,2,2,1,2,Returning_Visitor,False,False
1,75.09,0,23.67,12,904.47,0.01,0.037170572,2.8,0.15,Mar,2,2,1,2,Returning_Visitor,False,False
1,48.71,0,28.64,35,999.0,0.02,0.005714286,3.35,0.09,May,2,2,1,4,New_Visitor,False,False
1,118.66,0,66.81,43,2205.55,0.02,0.013636364,2.41,0.0,Oct,2,2,2,1,Returning_Visitor,False,False
1,44.36,0,0.0,9,732.96,0.02,0.04,1.66,0.06,May,2,2,7,1,Returning_Visitor,False,False
0,0.0,0,0.0,11,642.55,0.2,0.2,0.0,0.01,Nov,1,1,1,3,Returning_Visitor,False,False
3,268.2,0,56.47,49,1758.25,0.01,0.01,0.0,0.03,May,2,5,4,1,Returning_Visitor,False,True
1,100.83,0,0.0,22,514.0,0.0,0.066666667,15.74,0.02,Mar,3,2,3,1,Returning_Visitor,False,False
1,6.5,0,19.13,9,935.69,0.0,0.007407407,1.96,0.02,Oct,2,5,1,2,New_Visitor,True,True
3,79.6,1,0.0,17,627.6542857,0.01,0.01,7.83,0.0,Sep,1,2,2,2,New_Visitor,False,False
2,0.0,0,34.97,17,351.5,0.05,0.05,2.31,0.0,Feb,2,2,9,20,Returning_Visitor,False,False
1,77.87,0,19.52,11,253.0,0.02,0.05,2.06,0.0,Mar,2,2,2,1,Returning_Visitor,False,False
1,80.62,0,33.3,17,1166.166667,0.0,0.04,2.37,0.01,Mar,2,2,9,20,New_Visitor,False,True
2,97.05,0,0.0,16,268.0,0.0,0.018181818,4.53,0.0,Mar,2,2,1,2,Returning_Visitor,False,True
3,0.0,1,0.0,74,1647.45,0.01,0.02,0.0,0.0,Nov,2,2,1,2,Returning_Visitor,True,False
1,73.53,0,23.91,9,986.83,0.04,0.05,2.77,0.14,May,2,2,2,4,Returning_Visitor,False,False
1,46.75,0,0.0,13,823.94,0.2,0.2,0.0,0.02,Feb,3,2,4,7,Returning_Visitor,False,False
1,57.86,0,25.64,14,334.3833333,0.0,0.02,1.97,0.0,Mar,2,2,1,2,Returning_Visitor,False,False
4,156.41,1,73.46,7,169.5,0.02,0.02,3.7,0.07,Oct,2,2,2,2,Returning_Visitor,False,False
3,145.77,1,38.38,9,992.64,0.01,0.018181818,37.51854545,0.05,May,2,2,3,4,Returning_Visitor,False,True
1,49.68,0,22.55,11,382.68,0.17,0.1,1.49,0.02,Feb,2,2,1,4,Returning_Visitor,False,False
0,47.89,0,23.92,9,0.0,0.2,0.2,2.11,0.01,Nov,2,2,1,1,Returning_Visitor,False,False
1,46.82,0,18.42,8,620.0333333,0.05,0.08,0.0,0.04,Feb,2,5,1,1,Returning_Visitor,False,False
0,53.1,0,19.93,4,75.5,0.1,0.08,2.65,0.0,Oct,2,2,1,2,Returning_Visitor,True,False
1,0.0,0,27.55,15,1323.82,0.066666667,0.16,0.0,0.15,Oct,2,2,2,3,Returning_Visitor,False,False
1,0.0,0,23.31,11,723.09,0.2,0.2,1.63,0.0,Mar,2,2,1,3,Returning_Visitor,False,False
4,150.18,1,86.49,31,520.3333333,0.0,0.02,3.33,0.0,Mar,2,2,3,2,New_Visitor,False,False
4,18.6,0,100.24,85,2834.280117,0.01,0.01,37.42337649,0.0,Nov,2,2,9,1,Returning_Visitor,False,False
1,31.0,0,32.79,12,759.6666667,0.01,0.05,3.86,0.0,May,2,2,6,1,Returning_Visitor,False,False
7,181.82,1,125.66,52,2024.06,0.005,0.02,2.06,0.0,Oct,2,2,1,2,Returning_Visitor,False,False
3,148.3,0,40.36,20,497.1,0.0,0.009848485,0.0,0.12,May,1,1,3,4,Returning_Visitor,False,False
8,674.0,0,0.0,18,2927.61,0.02,0.02,7.11,0.14,May,2,2,1,4,New_Visitor,False,True
1,64.35,0,28.83,2,1850.53,0.0,0.1,0.0,0.04,May,2,2,1,3,Returning_Visitor,True,False
0,45.57,0,30.79,3,58.0,0.07,0.13,0.0,0.04,Mar,1,1,1,1,Returning_Visitor,True,False
2,76.95,0,27.86,36,1826.441667,0.01,0.012601626,0.0,0.03,Oct,2,2,3,2,Returning_Visitor,True,False
3,141.64,1,114.59,77,1069.97381,0.01,0.01,0.0,0.0,Dec,2,2,9,2,Returning_Visitor,False,False
1,0.0,0,0.0,11,577.75,0.018181818,0.04,4.45,0.01,Nov,2,2,1,1,Returning_Visitor,False,False
1,55.77,0,21.44,10,264.3396825,0.15,0.17,0.0,0.0,Mar,2,2,2,3,Returning_Visitor,False,False
2,34.0,0,0.0,46,627.3083333,0.01,0.02,0.0,0.0,Mar,3,2,3,8,Returning_Visitor,False,False
1,55.19,0,20.84,21,1238.06,0.0,0.06,0.0,0.0,Mar,2,2,1,2,Returning_Visitor,False,False
1,55.09,0,0.0,10,1281.59,0.05,0.04,1.49,0.4,Aug,2,2,2,4,New_Visitor,False,False
2,70.6,0,35.66,15,1647.83,0.0,0.03,3.03,0.01,Aug,1,1,1,2,Returning_Visitor,False,False
0,0.0,0,21.69,1,48.5,0.14,0.16,1.32,0.05,Feb,2,2,1,3,Returning_Visitor,False,False
0,26.31,0,29.19,11,754.01,0.19,0.2,2.27,0.0,Feb,2,4,2,1,Returning_Visitor,False,False
1,52.69,0,19.98,43,1789.44,0.0,0.04,1.47,0.0,Mar,2,2,2,4,Returning_Visitor,False,False
1,86.29,0,0.0,4,1036.17,0.04,0.11,0.0,0.0,Oct,1,8,9,3,Returning_Visitor,True,False
1,0.0,0,0.0,14,933.95,0.05,0.05,1.8,0.06,Oct,2,2,1,3,Returning_Visitor,False,False
1,66.38,1,0.0,11,1557.166667,0.08,0.09,0.0,0.02,Mar,2,2,2,1,Returning_Visitor,False,False
1,58.51,0,35.21,1,0.0,0.2,0.2,1.56,0.0,Mar,1,2,9,1,Returning_Visitor,False,False
7,79.2,1,76.22,30,1506.26,0.01,0.02,2.28,0.0,Sep,1,2,1,2,Returning_Visitor,False,False
1,117.37,0,53.1,37,1998.74,0.01010101,0.037373737,0.0,0.05,Oct,2,2,1,2,Returning_Visitor,False,False
1,50.75,0,37.0,7,696.8,0.03,0.06,0.0,0.0,May,1,1,2,3,Returning_Visitor,False,False
2,126.83,1,65.69,23,849.5416667,0.0,0.00875,0.0,0.0,Nov,1,1,1,2,Returning_Visitor,False,False
1,72.58,0,36.2,11,1073.51,0.02,0.07,2.07,0.01,Nov,2,2,1,2,Returning_Visitor,False,True
1,2.0,0,0.0,10,896.73,0.025,0.035,3.37,0.23,May,2,2,1,1,Returning_Visitor,False,False
0,82.32,0,0.0,16,916.07,0.01,0.05,0.0,0.01,Nov,2,2,7,1,Returning_Visitor,False,True
2,114.8,0,0.0,13,961.51,0.0,0.033333333,4.16,0.04,Mar,2,2,2,2,Returning_Visitor,False,False
1,52.04,0,0.0,10,1471.38,0.11,0.13,1.99,0.0,Mar,2,2,2,3,Returning_Visitor,False,False
1,43.3,0,0.0,17,787.28,0.03,0.06,0.0,0.0,Mar,3,2,1,1,Returning_Visitor,False,False
0,0.0,0,27.0,16,701.08,0.01,0.025,0.0,0.0,Mar,4,1,1,3,Returning_Visitor,False,False
1,46.29,0,0.0,24,1560.8,0.02,0.022727273,0.0,0.03,Mar,2,2,1,2,Returning_Visitor,True,False
0,111.11,0,72.59,17,0.0,0.2,0.2,0.0,0.2,Feb,3,2,3,6,Returning_Visitor,False,False
3,121.35,0,0.0,31,1072.43,0.01,0.02,4.76,0.01,Mar,2,2,1,2,Returning_Visitor,False,False
3,105.01,0,21.25,24,1438.1,0.004255319,0.04,2.82,0.01,Dec,2,2,1,2,Returning_Visitor,False,False
0,83.39,0,44.47,8,520.94,0.01,0.05,0.0,0.02,Dec,2,2,3,10,Returning_Visitor,False,False
3,135.02,0,53.39,23,1121.205556,0.005405405,0.00113798,5.8,0.0,Oct,1,1,1,2,Returning_Visitor,False,False
4,191.62,0,0.0,28,2645.31,0.02,0.007142857,10.39,0.01,Nov,1,1,1,2,New_Visitor,True,False
0,103.4,1,64.15,16,1138.32,0.0,0.011904762,5.87,0.0,Nov,1,1,4,1,Returning_Visitor,False,False
9,257.7,1,267.0,76,2145.94,0.008888889,0.01,1.816474074,0.0,Mar,4,2,1,1,Returning_Visitor,False,True
7,61.08,1,67.35,37,1782.26,0.0,0.02,3.34,0.01,Oct,2,2,1,2,Returning_Visitor,False,False
6,257.17,1,86.19,39,5883.040509,0.003076923,0.008735669,0.0,0.06,May,1,1,3,2,Returning_Visitor,False,False
2,14.0,0,36.43,23,1408.53,0.02,0.03,0.0,0.09,Oct,2,2,1,2,Returning_Visitor,False,False
3,122.59,1,102.4,40,829.8,0.01,0.03,0.0,0.0,Nov,3,2,6,13,Returning_Visitor,False,False
5,204.5,2,37.0,52,1357.34,0.01,0.029824561,16.87,0.49,May,3,2,2,13,Returning_Visitor,False,False
2,41.0,0,0.0,14,1337.245455,0.01375,0.02,2.92,0.02,Mar,1,1,3,2,Returning_Visitor,False,False
9,236.8,0,0.0,240,4553.99,0.0,0.001197045,5.86,0.03,Oct,2,2,1,2,Returning_Visitor,False,True
1,69.27,0,62.75,24,586.12,0.015384615,0.03,1.78,0.0,Mar,1,1,3,10,Returning_Visitor,False,False
1,32.27,0,0.0,8,1895.14,0.12,0.12,1.43,0.06,Mar,2,2,2,1,Returning_Visitor,False,True
1,42.72,0,28.67,2,36.5,0.02,0.04,1.89,0.01,Mar,3,2,1,1,Returning_Visitor,False,False
11,225.5,1,258.25,83,2778.65,0.01,0.02,0.0,0.01,Dec,3,2,1,2,Returning_Visitor,False,False
1,44.18,0,0.0,10,1481.2,0.1,0.11,1.91,0.03,Mar,2,2,2,3,Returning_Visitor,False,False
1,80.42,0,49.2,20,1155.66,0.04,0.15,0.0,0.0,Mar,3,2,1,11,Returning_Visitor,False,False
1,5.0,0,0.0,30,3441.439286,0.007142857,0.005654762,0.0,0.0,Mar,3,2,2,1,Returning_Visitor,False,False
4,75.6,0,0.0,94,1175.46,0.01,0.015506059,2.43,0.6,May,3,4,9,3,Returning_Visitor,False,False
3,107.57,0,50.32,36,2895.129762,0.001626016,0.01,16.96317099,0.02,Nov,1,1,1,2,Returning_Visitor,False,True
1,0.0,0,0.0,11,555.17,0.0,0.04,0.0,0.0,Jul,2,2,1,2,Returning_Visitor,False,False
6,186.63,0,71.47,32,538.9666667,0.02,0.021929825,2.78,0.0,Mar,2,2,1,2,New_Visitor,True,False
2,93.19,1,60.25,10,746.62,0.02,0.006060606,0.0,0.01,Mar,2,2,3,2,New_Visitor,False,False
2,53.38,0,35.78,19,1808.95,0.07,0.114285714,1.91,0.19,May,3,2,6,13,Returning_Visitor,False,False
4,110.85,0,35.81,17,1561.08,0.03,0.008689192,4.26,0.0,Mar,2,2,1,2,Returning_Visitor,True,False
4,128.73,0,44.76,23,1474.36,0.02,0.01446281,2.86,0.0,Mar,2,2,1,2,Returning_Visitor,True,False
0,0.0,0,28.06,16,1477.61,0.0,0.05,0.0,0.04,Mar,2,2,1,2,Returning_Visitor,True,False
1,0.0,0,0.0,3,27.2,0.133333333,0.133333333,0.0,0.0,Mar,3,2,2,3,Returning_Visitor,False,False
0,0.0,0,0.0,15,234.0,0.01,0.033333333,3.05,0.0,Mar,2,2,3,2,Returning_Visitor,True,False
7,234.4333333,1,0.0,51,2308.06,0.013768116,0.02,4.43,0.0,Oct,2,2,8,1,Returning_Visitor,False,False
7,161.764411,7,227.25,58,6254.420122,0.028065242,0.036927442,4.6,0.06,May,2,2,3,2,Returning_Visitor,False,False
1,89.27,0,30.09,11,124.8666667,0.021052632,0.030526316,2.48,0.01,Aug,2,2,1,2,Returning_Visitor,True,True
0,0.0,0,0.0,4,82.0,0.03,0.05,1.62,0.04,Mar,2,2,2,1,Returning_Visitor,False,False
1,69.9,0,26.14,14,1000.61,0.002352941,0.02,0.0,0.0,Mar,2,2,1,2,Returning_Visitor,False,True
2,183.55,0,0.0,27,948.96,0.016,0.02,4.03,0.0,Oct,2,2,5,2,Returning_Visitor,False,True
1,108.7,3,189.5,35,2342.12,0.02,0.017435897,2.53,0.02,Oct,2,2,1,2,Returning_Visitor,False,True
1,0.0,0,0.0,8,1270.29,0.0,0.06,2.05,0.03,Mar,2,2,2,3,Returning_Visitor,False,False
2,100.0,0,0.0,21,954.9083333,0.0,0.02,0.0,0.02,Oct,1,1,8,1,Returning_Visitor,False,False
1,72.42,0,0.0,17,1308.75,0.0,0.06,0.0,0.02,Oct,2,2,2,2,Returning_Visitor,False,False
3,218.8,0,48.62,5,71.4,0.0,0.02,3.74,0.0,Nov,2,2,2,2,New_Visitor,False,True
1,41.33,0,0.0,11,59.0,0.05,0.08,1.23,0.05,Oct,2,2,7,1,Returning_Visitor,False,False
2,100.52,0,0.0,43,2595.280952,0.01,0.02,2.47,0.0,May,2,4,1,1,Returning_Visitor,False,False
7,107.04,3,141.55,55,5066.6611,0.01,0.016180556,11.93,0.02,Oct,2,2,3,2,Returning_Visitor,False,False
12,389.26,1,197.14,49,3258.071212,0.01,0.02,4.44,0.0,Oct,1,2,2,2,Returning_Visitor,True,False
2,6.0,0,52.28,21,988.65,0.02,0.03,0.0,0.0,May,2,2,1,4,Returning_Visitor,False,True
1,45.0,0,0.0,12,483.2916667,0.01,0.041666667,1.95,0.01,Dec,2,2,1,2,Returning_Visitor,False,False
0,0.0,0,20.98,13,123.0,0.0,0.05,1.48,0.09,May,2,2,1,3,Returning_Visitor,False,False
1,47.84,0,18.55,8,0.0,0.07,0.1,1.83,0.04,Mar,2,2,1,1,Returning_Visitor,False,False
1,44.07,0,0.0,9,1021.06,0.04,0.06,0.0,0.0,Oct,2,2,4,1,Returning_Visitor,False,False
0,0.0,0,37.12,6,166.0,0.0,0.02,5.42,0.01,Dec,2,2,1,2,Returning_Visitor,False,False
1,90.6,0,27.42,14,1047.27,0.053333333,0.17,0.0,0.0,Oct,2,2,1,3,Returning_Visitor,False,False
1,0.0,0,0.0,6,1230.81,0.01,0.033333333,0.0,0.0,May,2,2,1,3,Returning_Visitor,False,False
7,237.1,2,193.69,23,2067.6,0.01,0.01,8.6,0.01,Oct,2,2,2,4,Returning_Visitor,False,False
0,0.0,0,0.0,11,540.3333333,0.01,0.044736842,1.5,0.0,Mar,2,2,3,10,Returning_Visitor,True,False
5,166.69,0,68.79,25,612.75,0.0,0.02,43.81043478,0.0,May,2,2,2,1,Returning_Visitor,False,True
13,436.88,3,163.06,52,2584.73,0.02,0.03,4.77,0.05,Nov,2,2,3,1,Returning_Visitor,False,False
1,45.16,0,0.0,9,0.0,0.2,0.2,0.0,0.03,Mar,2,2,1,1,Returning_Visitor,False,False
3,145.12,1,96.64,57,1693.58,0.01,0.02,5.11,0.0,Nov,2,2,1,2,Returning_Visitor,True,False
2,151.59,0,48.75,22,3173.210417,0.01,0.01,5.866248908,0.04,June,2,2,1,2,Returning_Visitor,False,False
5,162.4166667,2,137.36,25,872.9,0.0,0.01,5.49,0.0,Oct,4,1,3,2,Returning_Visitor,True,False
0,56.28,0,23.18,16,805.8333333,0.03,0.17,1.72,0.03,Feb,1,1,3,4,Returning_Visitor,False,False
0,0.0,0,0.0,14,1247.23,0.02,0.003846154,0.0,0.04,Oct,2,2,5,2,Returning_Visitor,False,False
0,45.52,0,0.0,12,1566.47,0.1,0.08,1.83,0.0,May,2,2,1,1,Returning_Visitor,False,False
1,0.0,0,23.89,1,0.0,0.2,0.2,0.0,0.4,Feb,1,8,3,4,Returning_Visitor,False,False
4,0.0,3,127.12,87,2120.98,0.00462963,0.018585538,10.18,0.02,Dec,2,2,3,1,Returning_Visitor,False,False
1,0.0,0,0.0,11,87.5,0.01,0.05,2.27,0.12,May,2,2,4,1,Returning_Visitor,False,False
2,144.75,0,52.73,24,443.0,0.01,0.01,2.57,0.24,May,2,5,5,1,Returning_Visitor,False,True
5,281.9166667,1,181.24,83,2616.905952,0.002409639,0.02,5.66,0.0,Oct,2,2,3,2,Returning_Visitor,True,True
1,0.0,0,23.62,18,1014.79,0.01,0.015384615,2.22,0.0,Mar,2,2,2,2,Returning_Visitor,False,False
0,0.0,0,21.08,1,799.83,0.02,0.05,0.0,0.01,Nov,2,2,1,2,Returning_Visitor,True,False
1,0.0,0,28.89,17,870.09,0.017647059,0.03,0.0,0.0,Mar,3,2,4,1,Returning_Visitor,False,False
0,38.84,0,16.12,10,801.46,0.01,0.066666667,0.0,0.1,Mar,1,1,2,4,Returning_Visitor,True,False
2,91.59,0,0.0,54,1084.34,0.01,0.02,11.7031641,0.0,Sep,4,2,4,13,Returning_Visitor,False,True
0,76.43,0,39.86,21,926.6690476,0.016666667,0.05,0.0,1.0,May,2,2,2,4,Returning_Visitor,True,False
1,54.33,0,24.18,4,892.04,0.03,0.04,1.99,0.0,Mar,2,2,3,2,Returning_Visitor,True,False
2,50.0,0,0.0,15,4622.0,0.01,0.02,2.56,0.08,May,2,5,6,1,Returning_Visitor,False,False
1,38.53,0,0.0,7,0.0,0.2,0.2,1.47,0.02,Mar,2,2,2,4,Returning_Visitor,False,False
0,0.0,0,0.0,10,1249.51,0.08,0.08,2.27,0.03,Mar,2,2,1,1,Returning_Visitor,False,False
0,0.0,0,0.0,6,894.34,0.12,0.11,0.0,0.8,May,3,2,1,1,Returning_Visitor,False,False
9,250.2222222,1,147.72,53,5076.380556,0.0,0.010982424,4.62,0.0,Mar,3,2,2,2,Returning_Visitor,False,True
2,68.0,0,0.0,19,2343.01,0.02,0.051929825,1.73,0.03,Mar,2,2,1,2,Returning_Visitor,False,False
6,276.34,1,124.87,38,895.8333333,0.01,0.01,6.75,0.0,May,2,2,6,2,Returning_Visitor,False,False
2,26.0,1,6.0,103,1394.65,0.01,0.01,2.98,0.0,Nov,2,2,9,2,Returning_Visitor,True,False
1,42.0,0,21.9,10,1395.39,0.15,0.15,0.0,0.04,Mar,2,2,2,3,Returning_Visitor,False,False
0,34.72,0,0.0,1,0.0,0.2,0.2,0.0,0.06,Mar,3,2,1,1,Returning_Visitor,False,False
0,0.0,0,27.68,7,676.52,0.0,0.06,1.61,1.0,May,1,1,3,2,Returning_Visitor,True,False
2,93.43,0,56.89,20,545.5714286,0.013333333,0.05,13.35,0.0,Mar,2,2,3,2,Returning_Visitor,False,True
1,0.0,0,27.13,4,7.0,0.1,0.15,2.49,0.0,Feb,2,5,2,1,Returning_Visitor,False,False
2,110.87,0,45.84,16,1664.8,0.011764706,0.046568627,2.41,0.14,Oct,2,2,2,1,Returning_Visitor,False,False
1,94.68,0,21.49,9,737.45,0.03,0.05,0.0,0.01,Mar,3,2,1,2,New_Visitor,True,False
0,0.0,1,83.7,33,2861.966667,0.01,0.034375,5.74,0.0,Feb,2,2,9,2,Returning_Visitor,False,False
0,0.0,0,24.26,10,1171.45,0.02,0.083333333,2.15,0.09,Oct,1,1,1,3,Returning_Visitor,False,False
0,122.66,0,39.24,19,1529.58,0.008928571,0.025119048,3.31,0.0,Mar,2,2,1,2,Returning_Visitor,True,False
2,95.28,0,0.0,22,1263.9,0.01,0.02,2.08,0.0,Oct,2,2,1,2,Returning_Visitor,False,False
0,53.36,0,21.73,11,1275.33,0.18,0.18,0.0,0.03,Mar,2,2,1,3,Returning_Visitor,False,False
0,0.0,0,62.05,34,657.98,0.01,0.02,3.68,0.02,Mar,3,2,3,10,Returning_Visitor,False,False
1,55.21,0,21.68,56,1430.208205,0.02,0.030388889,0.0,0.0,Mar,2,2,1,2,Returning_Visitor,True,False
2,112.0,0,43.29,23,1278.91,0.01,0.016666667,3.89,0.02,Oct,2,2,1,2,Returning_Visitor,False,False
3,47.0,0,0.0,27,1405.36,0.01,0.02,3.9,0.0,Nov,2,2,1,2,New_Visitor,False,True
1,58.0,0,34.31,15,657.2619048,0.0,0.03,0.0,0.01,Mar,2,2,3,2,New_Visitor,False,False
7,115.08,0,62.65,32,1267.453333,0.004761905,0.02,17.92758699,0.02,May,2,4,2,4,Returning_Visitor,False,False
1,116.37,0,0.0,32,1008.58,0.0125,0.02,0.0,0.01,Nov,2,2,4,2,Returning_Visitor,False,False
1,70.7,0,20.75,41,1182.106162,0.01,0.018485839,4.465398354,0.0,Oct,2,2,3,2,Returning_Visitor,False,False
1,39.41,0,0.0,1,913.08,0.2,0.2,1.55,0.02,Mar,3,2,9,20,Returning_Visitor,False,False
0,34.23,0,0.0,10,1261.74,0.02,0.026666667,1.4,0.0,Oct,2,2,1,3,Returning_Visitor,False,False
3,74.0,1,0.0,8,1416.65,0.02,0.072222222,3.53,0.04,Feb,2,2,3,1,Returning_Visitor,False,False
1,0.0,0,28.35,9,116.3333333,0.07,0.07,1.75,0.0,Mar,2,2,1,1,Returning_Visitor,False,False
6,139.42,1,0.0,49,1891.89,0.01,0.01,2.4,0.0,Oct,4,2,4,4,Returning_Visitor,False,False
1,77.88,0,6.0,18,1017.576667,0.03,0.06,2.72,0.01,Nov,3,2,1,1,Returning_Visitor,False,False
0,53.97,0,0.0,1,0.0,0.2,0.2,2.94,0.17,Mar,1,1,6,3,Returning_Visitor,False,False
0,0.0,0,31.79,19,1448.75,0.02,0.013842593,0.0,0.04,Oct,2,2,1,11,Returning_Visitor,False,False
1,68.64,0,26.43,14,1315.94,0.013731061,0.04,2.59,0.04,Mar,2,2,1,1,Returning_Visitor,False,False
2,106.51,0,0.0,48,2259.736508,0.02,0.03,2.55,0.02,Oct,1,1,3,4,New_Visitor,False,True
1,47.86,0,0.0,26,655.5357143,0.01,0.0375,1.63,0.0,Mar,2,2,4,2,Returning_Visitor,False,False
4,129.09,0,0.0,26,2544.053571,0.03,0.04,62.40576241,0.0,Nov,2,2,1,2,Returning_Visitor,True,False
1,58.46,0,22.14,25,1397.33,0.007407407,0.04,1.74,0.02,Mar,1,1,9,2,Returning_Visitor,False,False
0,0.0,0,23.8,20,1391.3,0.015,0.028333333,2.56,0.03,Mar,2,2,8,2,Returning_Visitor,False,False
2,78.63,0,34.39,1,39.5,0.0,0.03,3.29,0.0,Mar,2,2,1,2,Returning_Visitor,False,False
0,0.0,0,0.0,13,909.25,0.121621622,0.131891892,0.0,0.0,Feb,2,2,2,3,Returning_Visitor,False,False
1,40.68,0,0.0,1,903.34,0.02,0.05,1.72,0.0,Oct,2,2,1,1,Returning_Visitor,False,False
1,119.01,1,0.0,14,526.87,0.01,0.05,2.38,0.0,Nov,1,1,1,2,Returning_Visitor,False,False
1,43.09,0,18.46,8,824.75,0.0,0.02,0.0,0.06,Mar,2,2,1,1,Returning_Visitor,False,True
1,73.26,0,40.42,21,1089.625,0.01,0.03,0.0,0.01,Nov,2,2,1,2,Returning_Visitor,False,False
2,52.0,0,0.0,17,1261.88,0.01,0.010526316,0.0,0.0,May,2,2,2,4,Returning_Visitor,False,False
5,134.03,0,107.55,34,1262.95,0.01,0.004061303,1.73,0.0,Oct,3,2,9,3,Returning_Visitor,True,False
3,67.86666667,0,12.0,16,2660.55,0.0,0.04,1.87,0.03,May,2,2,3,5,New_Visitor,False,False
1,0.0,0,24.83,12,1643.06,0.01,0.071428571,1.56,0.0,Mar,2,2,1,2,Returning_Visitor,True,False
1,0.0,0,32.91,20,99.0,0.176923077,0.2,0.0,0.09,May,3,2,1,13,Returning_Visitor,False,False
3,160.0,1,84.42,17,988.48,0.010526316,0.03,3.49,0.02,Mar,3,1,2,3,Returning_Visitor,False,False
4,140.73,0,49.31,30,49.5,0.02,0.016666667,4.47,0.0,Mar,2,2,9,4,Returning_Visitor,True,False
1,72.31,0,26.66,13,462.0,0.0,0.014285714,23.13,0.04,Oct,2,2,1,2,Returning_Visitor,False,True
5,76.0,0,48.59,21,535.25,0.0,0.02,0.0,0.0,Oct,1,1,3,2,Returning_Visitor,True,False
0,0.0,0,18.92,10,0.0,0.06,0.06,1.98,0.04,Oct,2,2,8,1,Returning_Visitor,False,False
1,55.0,0,0.0,6,1099.07,0.11,0.12,0.0,0.0,Mar,2,2,6,3,Returning_Visitor,False,False
2,0.0,0,36.37,7,965.14,0.0,0.028571429,0.0,0.1,May,2,2,2,2,Returning_Visitor,False,False
1,54.2,0,0.0,8,965.26,0.04,0.07,2.09,0.0,Mar,1,1,1,3,Returning_Visitor,False,False
2,171.44,0,45.69,6,1210.35,0.02,0.075,0.0,0.03,Aug,2,2,1,1,Returning_Visitor,False,False
2,0.0,0,46.9,62,1875.103333,0.01,0.01,12.71367924,0.06,Feb,2,4,2,1,Returning_Visitor,False,False
0,52.82,0,18.08,7,1408.92,0.0,0.06,2.39,0.04,Mar,2,2,2,3,Returning_Visitor,False,False
1,48.31,0,0.0,8,1573.09,0.0,0.04,0.0,0.05,Mar,1,1,2,1,Returning_Visitor,False,False
1,0.0,0,20.64,11,1220.56,0.2,0.11,0.0,0.0,May,2,2,1,15,Returning_Visitor,False,False
15,354.22,2,119.5,147,3106.61,0.03,0.03,4.94,0.02,Oct,2,2,1,4,Returning_Visitor,False,True
1,54.6,0,21.5,9,747.42,0.03,0.06,0.0,0.0,Mar,3,2,2,2,Returning_Visitor,True,False
2,0.0,0,33.52,11,1376.07,0.0,0.06,1.62,0.0,Mar,2,2,1,2,Returning_Visitor,False,False
5,192.2,1,66.24,34,1641.37,0.02,0.023076923,2.92,0.02,Oct,2,2,3,2,New_Visitor,True,False
1,72.06,0,38.66,17,1132.791667,0.009090909,0.05,0.0,0.0,Dec,1,1,1,1,Returning_Visitor,False,False
2,215.11,1,95.04,26,1233.95,0.01,0.023937057,11.8,0.01,Nov,2,2,1,2,Returning_Visitor,False,False
2,143.12,1,67.06,38,1592.86,0.02,0.03,5.05,0.03,Mar,2,2,9,2,Returning_Visitor,False,False
2,108.96,0,25.25,21,802.33,0.02,0.04,0.0,0.1,Oct,2,2,1,2,New_Visitor,False,False
1,85.08,1,48.24,17,733.25,0.02,0.018181818,3.56,0.01,Dec,2,2,1,2,Returning_Visitor,True,False
0,0.0,0,26.38,1,916.3,0.2,0.2,0.0,0.0,Mar,1,1,1,3,Returning_Visitor,True,False
1,0.0,0,29.94,17,22.0,0.0,0.1,2.29,0.05,Mar,1,2,2,2,Returning_Visitor,False,False
1,37.6,0,19.71,8,652.35,0.12,0.07,0.0,0.09,May,1,1,3,6,Returning_Visitor,False,True
1,55.48,0,24.67,9,439.97,0.04,0.09,0.0,0.01,Dec,2,2,1,2,Returning_Visitor,False,False
1,54.61,0,35.7,7,546.34,0.03,0.06,0.0,0.01,Aug,1,2,8,1,Returning_Visitor,False,False
1,41.91,0,23.16,15,998.27,0.02,0.01,1.81,0.07,May,4,1,1,3,Returning_Visitor,False,False
2,333.8674242,0,121.625,16,1406.917424,0.017567568,0.03,20.74810067,0.03,Oct,2,2,3,1,Returning_Visitor,False,False
0,0.0,0,27.43,7,331.0,0.0,0.014285714,4.17,0.01,Nov,1,1,3,10,Returning_Visitor,False,False
1,48.15,0,21.95,14,67.0,0.01,0.05,0.0,0.06,Oct,2,2,1,1,Returning_Visitor,False,False
0,0.0,0,54.77,5,513.25,0.01,0.013333333,5.81,0.01,Nov,3,2,1,2,Returning_Visitor,False,False
9,417.58,6,286.31,127,1805.425,0.0,0.031138344,10.05,0.01,Dec,2,2,1,2,Returning_Visitor,False,False
2,83.66,0,0.0,14,691.57,0.02,0.006666667,2.12,0.0,May,2,2,2,4,Returning_Visitor,False,False
2,107.4,0,39.97,19,949.64,0.02,0.05,2.36,0.01,Dec,3,2,1,1,Returning_Visitor,False,False
4,56.0,0,0.0,20,709.0,0.01,0.016666667,2.66,0.02,Mar,2,2,1,2,New_Visitor,False,False
1,81.63,0,25.4,6,438.03,0.05,0.07,1.89,1.0,May,2,2,3,2,Returning_Visitor,True,False
2,0.0,0,0.0,25,1917.683333,0.01,0.02,2.32,0.06,Oct,2,2,1,2,Returning_Visitor,False,False
1,45.15,0,20.51,10,1645.48,0.11,0.12,1.93,0.03,Mar,2,2,2,3,Returning_Visitor,False,False
17,754.1095238,2,323.29,84,2273.41,0.01,0.02,10.61,0.02,May,1,1,3,2,Returning_Visitor,False,True
0,0.0,0,54.76,22,895.91,0.0,0.016666667,3.76,0.0,Nov,3,2,1,3,Returning_Visitor,True,False
3,112.375,0,41.08,21,1533.64,0.010967742,0.04,0.0,0.02,May,2,2,1,2,Returning_Visitor,False,False
1,69.95,0,0.0,12,202.0,0.06,0.08,0.0,0.13,May,3,2,6,3,Returning_Visitor,False,False
3,130.39,1,101.36,44,4263.977734,0.01,0.01,2.58,0.0,Nov,1,1,1,2,Returning_Visitor,False,True
4,101.75,2,65.5,37,921.27,0.0,0.01,6.74,0.07,May,3,2,3,2,Returning_Visitor,False,False
3,237.35,0,0.0,37,1143.833333,0.01,0.01,0.0,0.0,Nov,3,2,4,1,Returning_Visitor,True,False
0,0.0,0,0.0,12,115.05,0.13,0.09,0.0,0.05,Mar,1,1,1,3,Returning_Visitor,False,False
2,115.0,0,27.73,12,1940.293452,0.02,0.05,2.69,0.01,Mar,2,2,3,10,Returning_Visitor,False,False
1,57.97,0,27.97,11,20.2,0.01,0.03,2.93,0.0,Jul,2,2,1,1,Returning_Visitor,False,False
1,39.48,0,21.53,10,1453.77,0.0,0.005555556,0.0,0.04,Mar,2,2,1,4,Returning_Visitor,False,False
1,80.94,0,48.76,17,1161.41,0.004081633,0.05,7.56292207,0.0,Nov,1,1,2,1,Returning_Visitor,False,True
1,60.55,1,37.8,20,651.7658974,0.0,0.02,3.03,0.01,Nov,2,2,1,2,Returning_Visitor,False,True
2,77.72,0,0.0,5,749.61,0.02,0.05,2.27,0.0,Mar,2,2,7,2,Returning_Visitor,False,False
1,0.0,0,26.4,6,569.25,0.01,0.02,0.0,0.15,May,2,5,2,4,Returning_Visitor,True,False
0,55.05,0,32.04,14,119.0,0.01,0.066666667,0.0,0.0,Nov,1,1,1,2,Returning_Visitor,False,False
1,0.0,0,34.36,15,1216.28,0.2,0.2,1.68,0.0,Mar,2,2,3,1,Returning_Visitor,False,False
0,42.04,0,0.0,2,0.0,0.2,0.2,0.0,0.8,May,2,2,1,3,Returning_Visitor,False,False
1,70.39,0,29.14,25,710.25,0.05,0.09,1.44,0.01,Jul,1,1,1,2,Returning_Visitor,True,False
1,0.0,0,0.0,11,444.1,0.03,0.05,0.0,0.07,Oct,2,2,1,1,Returning_Visitor,False,False
6,122.31,0,83.6,32,2264.333333,0.01,0.010416667,2.52,0.0,May,2,2,2,3,Returning_Visitor,True,False
1,103.99,0,44.86,14,323.2333333,0.0,0.013333333,0.0,0.0,Dec,2,2,8,2,Returning_Visitor,False,False
0,35.77,0,29.9,17,674.61,0.04,0.06,0.0,0.02,Mar,2,2,1,1,Returning_Visitor,False,False
2,168.2,0,35.49,19,2026.633333,0.16,0.1,1.82,0.0,May,3,2,4,13,Returning_Visitor,False,True
1,80.82,0,0.0,20,561.24,0.01,0.03,0.0,0.01,Dec,2,2,1,2,Returning_Visitor,False,False
2,79.1,0,29.98,36,1050.15,0.025,0.04,0.0,0.01,Sep,2,2,1,2,Returning_Visitor,False,False
1,55.05,0,35.76,16,981.45,0.03,0.05,2.59,0.0,Mar,2,2,4,1,Returning_Visitor,False,False
3,88.0,2,10.0,23,1390.388889,0.0,0.012307692,0.0,0.06,May,3,2,7,8,Returning_Visitor,False,False
9,468.91,5,321.26,73,3127.57,0.0,0.006407828,6.91,0.0,May,2,2,1,2,Returning_Visitor,False,True
3,0.0,0,0.0,22,3312.5,0.01,0.028965517,2.36,0.0,Mar,2,2,1,2,Returning_Visitor,False,False
0,0.0,0,32.15,12,637.1,0.033333333,0.025555556,0.0,0.02,Mar,3,2,1,11,Returning_Visitor,False,False
1,19.0,0,0.0,35,4018.45,0.01,0.02,0.0,0.09,May,2,2,1,2,Returning_Visitor,False,False
2,0.0,0,0.0,17,915.78,0.01,0.066666667,0.0,0.0,Sep,1,1,1,2,Returning_Visitor,False,False
2,97.66,0,35.39,16,1136.1,0.0,0.03,0.0,0.01,Oct,2,2,2,2,Returning_Visitor,False,False
1,0.0,0,31.94,20,199.5,0.01,0.01,0.0,0.02,Mar,4,2,1,2,Returning_Visitor,False,False
1,57.73,0,20.13,10,1339.94,0.0,0.04,2.48,0.0,Mar,2,2,2,2,Returning_Visitor,False,False
0,85.98,1,3.5,8,359.87,0.01,0.03,3.0,0.0,May,3,2,4,2,Returning_Visitor,False,False
2,0.0,0,0.0,7,101.0,0.028571429,0.04,0.0,0.07,Feb,2,5,1,1,Returning_Visitor,False,False
16,166.26,2,82.04,29,5946.275777,0.01,0.02,3.06,0.0,Feb,2,2,3,2,Returning_Visitor,False,False
1,67.73,0,31.02,34,541.5,0.02,0.03,0.0,0.23,May,3,2,2,8,Returning_Visitor,False,False
1,62.97,0,24.22,5,1110.16,0.05,0.08,0.0,0.03,Mar,2,2,2,2,Returning_Visitor,True,False
4,0.0,1,222.0,30,1545.833333,0.01,0.02,2.14,0.0,May,2,4,1,2,Returning_Visitor,False,False
0,0.0,0,0.0,13,947.54,0.0,0.04,0.0,0.0,Mar,4,2,1,4,Returning_Visitor,False,False
0,39.0,0,21.08,10,641.51,0.07,0.16,1.42,0.0,Mar,2,2,7,2,Returning_Visitor,False,False
2,24.5,1,82.28,21,1012.11,0.006470588,0.03,0.0,0.0,Mar,2,2,9,2,New_Visitor,False,False
1,78.83,0,40.01,16,1028.35,0.002201835,0.03,4.59,0.0,Nov,2,2,1,2,Returning_Visitor,False,True
2,47.0,0,0.0,21,825.0833333,0.0,0.03,5.87,0.01,Mar,2,2,2,2,New_Visitor,False,True
1,0.0,0,20.26,11,926.6333333,0.05,0.08,2.83,0.11,Oct,2,2,2,1,Returning_Visitor,False,False
3,142.66,0,45.67,5,1180.36,0.0,0.02,3.15,0.04,Oct,1,1,6,4,New_Visitor,False,False
4,113.55,1,66.72,31,1354.72,0.002380952,0.02,3.24,0.0,Nov,2,2,1,2,Returning_Visitor,False,True
0,0.0,0,0.0,9,884.76,0.0,0.07,0.0,0.6,May,2,2,9,4,Returning_Visitor,False,False
3,68.28571429,0,0.0,22,741.0555556,0.014285714,0.02,4.14,0.0,Jul,2,2,4,10,Returning_Visitor,False,True
2,78.77,0,27.86,15,1664.86,0.00137931,0.02,2.1,0.03,May,2,5,1,2,Returning_Visitor,False,False
2,57.0,1,4.0,20,1673.94,0.010526316,0.031578947,0.0,0.2,May,2,2,1,4,Returning_Visitor,False,False
5,161.7,0,0.0,24,1639.62,0.0,0.02,2.73,0.05,Oct,2,2,1,2,New_Visitor,False,False
2,93.87,0,33.48,14,837.375,0.04,0.07,0.0,0.0,Dec,2,2,3,8,New_Visitor,False,True
1,0.0,0,0.0,12,1197.7,0.02,0.1,2.51,0.0,Oct,1,1,3,3,Returning_Visitor,False,False
1,78.2,0,0.0,43,907.5083333,0.0,0.01,0.0,0.01,Nov,1,1,1,2,New_Visitor,False,False
1,56.69,0,21.67,11,1762.78,0.0,0.07,1.5,0.03,Mar,2,2,2,4,Returning_Visitor,False,False
2,71.41,0,41.04,34,2349.19,0.02,0.01,1.74,0.02,Nov,2,2,1,4,Returning_Visitor,False,False
2,47.0,0,0.0,21,411.625,0.0,0.04,2.45,0.06,Oct,2,2,2,1,Returning_Visitor,False,False
1,65.71,0,0.0,12,541.875,0.06,0.08,2.35,0.0,Mar,2,2,3,2,New_Visitor,False,True
2,0.0,0,0.0,12,427.75,0.0,0.0125,4.08,0.02,Mar,4,2,3,2,New_Visitor,False,False
1,50.68,0,0.0,9,950.6666667,0.022222222,0.04,1.78,0.0,Mar,2,2,3,4,Returning_Visitor,False,False
1,58.91,0,30.68,20,717.2190476,0.04,0.1,0.0,0.04,Oct,2,2,5,2,Returning_Visitor,True,False
1,31.01,0,22.23,18,1267.41,0.03,0.06,0.0,0.0,Oct,2,2,1,1,Returning_Visitor,False,False
0,0.0,0,0.0,11,274.0,0.02,0.08,0.0,0.0,Mar,2,2,2,1,Returning_Visitor,False,False
1,0.0,0,41.51,18,1111.56,0.083333333,0.108333333,0.0,0.13,May,2,2,1,4,Returning_Visitor,False,False
1,20.75,0,49.29,22,868.6785714,0.002777778,0.019722222,15.13,0.02,Dec,2,2,1,2,Returning_Visitor,False,False
2,73.3,0,0.0,13,1430.659091,0.03,0.04,0.0,0.0,Mar,1,1,6,1,Returning_Visitor,False,False
3,130.0,0,14.2,24,2472.24,0.01,0.05723545,2.11,0.0,Oct,1,1,4,3,Returning_Visitor,False,False
2,75.03,0,0.0,25,960.7333333,0.04,0.05,1.83,0.01,Nov,2,2,4,4,Returning_Visitor,True,False
4,163.14,1,0.0,50,1783.25,0.01,0.01,2.99,0.03,Oct,2,2,3,2,Returning_Visitor,False,False
1,44.49,0,18.1,7,1436.79,0.07,0.08,1.86,0.04,Mar,2,2,2,3,Returning_Visitor,False,True
0,40.06,0,23.35,13,949.36,0.01,0.037962963,2.23,0.16,Oct,2,2,6,11,Returning_Visitor,False,False
1,15.2,0,0.0,30,1476.48,0.02,0.04,6.22,0.04,Oct,2,2,1,1,Returning_Visitor,False,False
0,0.0,0,34.68,16,192.45,0.036363636,0.05,3.37,0.08,Oct,3,2,2,1,Returning_Visitor,False,True
5,318.7202381,1,101.04,33,1205.945238,0.008823529,0.01709646,3.03,0.03,May,2,2,3,13,Returning_Visitor,False,True
0,48.79,0,0.0,4,25.0,0.05,0.1,2.93,0.0,May,2,2,1,1,Returning_Visitor,False,False
0,53.83,0,30.23,16,2464.17,0.13,0.11,1.7,0.2,May,1,1,1,4,Returning_Visitor,False,False
0,63.45,1,26.29,16,710.25,0.01,0.04,2.1,0.0,Oct,1,1,4,2,Returning_Visitor,True,False
2,74.03,0,0.0,12,1849.7,0.006896552,0.041810345,0.0,0.03,Mar,2,2,2,2,Returning_Visitor,True,False
2,74.21,0,0.0,18,2174.15,0.02,0.02,90.9285217,0.03,Nov,2,2,1,2,New_Visitor,True,True
1,39.49,0,0.0,10,11.0,0.06,0.08,1.68,0.03,Feb,2,4,2,3,Returning_Visitor,False,False
1,110.02,0,56.46,23,0.0,0.0,0.04,5.5,0.0,Mar,2,2,2,1,Returning_Visitor,False,False
0,142.52,1,89.89,87,2651.28,0.01,0.02,2.38,0.05,Oct,2,2,1,4,Returning_Visitor,False,False
2,134.36,0,66.25,12,1653.6,0.01,0.027777778,5.74,0.0,Feb,3,2,4,1,Returning_Visitor,False,False
0,0.0,1,52.01,37,1220.17,0.01,0.011111111,5.2,0.0,May,2,2,1,4,New_Visitor,False,True
4,198.56,1,78.68,101,4713.8,0.02,0.010481956,3.89,0.03,Nov,1,1,7,2,Returning_Visitor,False,True
1,21.0,0,21.06,16,657.1666667,0.0,0.1,0.0,0.0,Mar,2,2,6,4,Returning_Visitor,False,False
1,55.75,0,31.13,13,4432.98,0.00625,0.06,2.25,0.02,Aug,3,2,1,5,Returning_Visitor,False,False
7,509.53125,2,153.91,60,2752.79,0.0,0.020476926,6.84,0.0,Oct,2,2,2,1,Returning_Visitor,False,False
0,0.0,0,60.22,30,23.0,0.11,0.15,3.66,0.0,Oct,2,4,3,1,Returning_Visitor,False,False
5,992.7142857,1,69.69,28,1793.214286,0.01,0.016428571,5.01,0.01,Oct,2,2,1,2,Returning_Visitor,False,True
4,118.1785714,0,59.73,31,5399.231269,0.004859086,0.02,14.77221948,0.02,Mar,2,2,2,2,Returning_Visitor,False,True
6,241.8611111,3,228.0,154,4755.224054,0.02,0.029142563,1.104440234,0.03,Mar,3,2,2,1,Returning_Visitor,False,False
0,38.25,0,0.0,7,0.0,0.19,0.2,0.0,0.01,Nov,2,1,9,2,Returning_Visitor,False,False
6,177.6,0,94.29,35,1175.93,0.009090909,0.01,10.21,0.02,Oct,4,1,1,3,Returning_Visitor,False,True
1,77.96,0,0.0,17,622.41,0.01,0.03,2.63,0.0,Oct,2,2,6,6,Returning_Visitor,False,False
0,0.0,0,28.44,14,469.4166667,0.01,0.011764706,4.0,0.03,Feb,1,1,1,2,Returning_Visitor,False,False
0,30.57,0,38.6,9,476.09,0.2,0.2,5.59,0.0,May,4,2,1,3,Returning_Visitor,False,False
0,61.64,0,25.18,15,1230.05,0.0,0.04,0.0,0.04,Mar,1,1,1,4,Returning_Visitor,False,False
1,62.12,0,20.71,21,436.8125,0.02,0.04,0.0,0.03,Oct,2,2,4,1,Returning_Visitor,False,False
6,183.76,2,515.0,45,2175.25,0.01,0.008333333,0.0,0.0,Nov,2,2,3,6,New_Visitor,False,False
1,61.0,0,0.0,19,1158.34,0.01,0.02,4.53,0.03,Feb,1,1,2,4,Returning_Visitor,True,True
2,82.75,0,24.06,16,599.9190476,0.0,0.05,3.92,0.04,Oct,1,1,1,1,Returning_Visitor,False,False
6,199.28,4,81.97,14,361.5,0.02,0.009090909,0.0,0.0,Nov,1,1,7,2,Returning_Visitor,True,False
6,149.33,0,56.82,26,1430.59,0.02,0.03,21.01746974,0.0,Oct,2,2,1,2,Returning_Visitor,False,False
0,0.0,0,28.04,12,1195.14,0.02,0.092222222,1.74,0.13,Oct,2,2,1,3,Returning_Visitor,False,False
0,0.0,0,38.14,7,2189.01,0.057142857,0.1,2.06,0.04,Aug,3,2,1,13,Returning_Visitor,False,False
2,8.0,0,101.0,34,205.9761905,0.01,0.024358974,2.49,0.0,Feb,2,4,3,1,Returning_Visitor,False,False
1,81.95,0,33.12,17,498.3333333,0.0,0.04,2.95,0.04,May,2,2,1,2,Returning_Visitor,False,True
0,0.0,0,36.64,15,1175.91,0.01,0.058666667,0.0,0.0,May,2,2,1,1,Returning_Visitor,False,False
0,48.25,0,0.0,16,775.34,0.001081081,0.02,2.8,0.01,Dec,3,3,9,3,Returning_Visitor,False,False
0,107.7,0,0.0,25,3247.433333,0.002439024,0.02,3.57,0.01,Oct,2,2,1,2,Returning_Visitor,False,False
2,0.0,0,0.0,11,1228.5,0.01,0.059313725,0.0,0.0,Aug,3,2,2,1,Returning_Visitor,False,False
8,277.86,0,0.0,74,1719.52,0.0,0.002597403,3.47,0.03,Oct,2,2,3,2,New_Visitor,False,False
3,70.7,0,38.28,9,3067.71,0.033333333,0.046666667,1.63,0.0,Oct,1,1,7,1,Returning_Visitor,False,False
0,0.0,0,44.43,6,24.0,0.16,0.166666667,3.83,0.8,May,3,2,7,3,Returning_Visitor,False,False
3,103.01,0,99.42,74,1434.66,0.002702703,0.01,1.65,0.12,Oct,4,1,3,3,Returning_Visitor,False,False
0,30.63,0,26.91,1,349.14,0.2,0.2,1.63,0.07,Mar,3,2,1,3,Returning_Visitor,True,False
0,45.58,0,0.0,21,3312.48,0.02,0.033333333,0.0,0.06,May,2,2,1,13,Returning_Visitor,False,False
2,108.17,0,0.0,29,2891.744571,0.013235294,0.02,5.07,0.01,Nov,3,2,1,1,Returning_Visitor,False,False
1,122.23,2,15.0,17,2300.93,0.01,0.019047619,0.0,0.05,Oct,2,2,1,2,Returning_Visitor,False,True
2,119.02,0,0.0,17,530.46,0.041666667,0.06875,0.0,0.0,Dec,3,2,9,1,Returning_Visitor,False,False
1,0.0,0,22.41,12,1589.46,0.15,0.16,0.0,0.04,Mar,2,2,2,4,Returning_Visitor,False,False
0,0.0,0,0.0,4,1882.34,0.0,0.05,2.09,0.05,Oct,2,2,1,1,Returning_Visitor,False,False
2,23.2,0,43.46,26,59.4,0.01,0.00952381,32.73373471,0.02,Nov,2,4,4,4,New_Visitor,False,False
4,132.75,0,0.0,25,3152.5,0.01,0.02,3.51,0.0,Mar,2,2,3,2,Returning_Visitor,True,True
0,37.89,0,27.77,11,0.0,0.2,0.2,1.8,0.0,Feb,3,2,1,3,Returning_Visitor,False,False
3,244.33,1,0.0,69,5793.52381,0.01,0.007835821,9.9,0.02,Oct,2,2,1,2,New_Visitor,False,False
1,51.29,0,34.96,13,623.35,0.2,0.12,2.39,0.05,Mar,2,4,1,3,New_Visitor,False,False
0,42.15,0,33.35,3,1070.2,0.12,0.13,0.0,0.6,May,2,2,2,1,Returning_Visitor,False,False
2,100.0,0,36.76,21,1001.0,0.0,0.04,1.79,0.03,Mar,2,2,1,2,Returning_Visitor,False,False
0,0.0,0,50.4,18,1094.98,0.01,0.02,41.13336886,0.05,Oct,2,2,1,2,New_Visitor,False,True
8,103.0,1,74.42,19,1312.04,0.0,0.01,4.04,0.01,Nov,1,2,3,2,New_Visitor,True,True
2,60.36,0,22.03,25,596.075,0.12,0.14,1.65,0.03,Mar,2,2,1,3,Returning_Visitor,False,False
4,103.625,0,0.0,25,1076.03,0.0,0.02,2.81,0.03,Oct,2,2,3,2,Returning_Visitor,False,False
1,0.0,0,31.13,15,900.98,0.0,0.03,0.0,0.05,May,2,2,1,3,Returning_Visitor,False,False
2,78.8,0,27.17,14,1610.21,0.006122449,0.02755102,1.57,0.02,Mar,2,2,1,2,Returning_Visitor,False,False
2,126.44,0,47.88,29,2048.84,0.0,0.1,2.28,0.07,Oct,2,2,6,1,Returning_Visitor,False,False
0,0.0,0,0.0,15,1192.3,0.02,0.023076923,3.22,0.02,Mar,2,2,3,8,New_Visitor,False,False
0,44.78,0,20.79,13,2248.73,0.08,0.09,0.0,0.03,Feb,1,1,1,3,Returning_Visitor,False,False
10,85.43,0,47.68,24,1683.41,0.02,0.01,25.5330039,0.0,Mar,2,2,1,2,Returning_Visitor,False,False
2,75.75,0,0.0,13,305.0,0.0,0.016666667,0.0,0.02,Oct,1,1,1,4,Returning_Visitor,False,False
4,121.73,0,0.0,23,139.25,0.01,0.01,0.0,0.03,May,2,2,1,2,Returning_Visitor,False,False
4,88.28,1,78.15,29,310.9714286,0.01,0.035247209,0.0,0.0,Oct,2,2,1,1,Returning_Visitor,False,False
1,94.65,1,134.0,37,883.58,0.024242424,0.038460744,13.53,0.0,Dec,1,1,6,1,Returning_Visitor,False,False
6,190.59,1,85.83,29,879.75,0.0,0.02,2.94,0.0,Nov,2,2,9,1,Returning_Visitor,False,True
0,0.0,0,22.34,53,2309.995238,0.047479439,0.03,1.61,0.04,Mar,2,2,1,2,Returning_Visitor,False,False
0,37.13,0,0.0,8,397.92,0.14,0.2,3.4,0.45,May,2,2,6,3,Returning_Visitor,False,False
2,80.22,0,0.0,2,1041.66,0.0,0.05,0.0,0.0,Oct,1,1,2,2,Returning_Visitor,False,False
0,123.22,1,0.0,24,999.8,0.00952381,0.03,4.61,0.05,Sep,3,2,1,4,Returning_Visitor,False,False
0,189.19,2,153.62,52,328.4166667,0.02,0.02,5.59,0.03,Aug,2,2,2,2,Returning_Visitor,False,False
1,42.46,0,30.08,2,49.0,0.04,0.06,0.0,0.13,May,3,2,1,3,Returning_Visitor,False,False
1,46.81,0,17.02,6,272.97,0.01,0.07,0.0,0.03,Oct,1,1,3,2,Returning_Visitor,False,False
2,73.84,0,0.0,21,1026.06,0.03,0.09,0.0,0.0,Oct,2,2,9,2,Returning_Visitor,False,False
4,121.64,0,42.14,14,770.5,0.01,0.002666667,0.0,0.0,Mar,2,2,7,2,Returning_Visitor,False,False
4,170.07,1,84.23,46,4994.848002,0.01,0.036825949,0.0,0.07,May,2,2,6,1,Returning_Visitor,False,False
3,254.51,1,52.6,29,1694.7,0.01,0.02,5.14,0.01,Aug,2,2,1,2,Returning_Visitor,False,False
0,0.0,1,67.79,62,813.0519481,0.003225806,0.011827957,11.59,0.08,May,2,2,5,1,Returning_Visitor,False,False
0,0.0,1,24.67,10,1016.9,0.15,0.17,1.54,0.6,May,1,1,1,4,Returning_Visitor,False,False
1,48.25,0,18.5,3,428.5,0.0,0.04,0.0,0.01,Nov,1,1,4,8,Returning_Visitor,False,True
1,58.5,0,36.3,14,714.62,0.01,0.06,0.0,0.01,Nov,2,2,7,2,Returning_Visitor,False,False
1,46.59,0,24.06,14,529.702381,0.04,0.05,0.0,0.02,May,2,2,4,1,Returning_Visitor,False,False
9,145.7708333,8,340.49,139,6566.867562,0.003477444,0.015531015,28.74,0.03,Feb,3,2,3,2,Returning_Visitor,False,False
2,113.74,0,0.0,15,981.65,0.0,0.01969697,0.0,0.01,Mar,2,2,2,2,New_Visitor,True,False
1,0.0,0,0.0,15,498.01,0.02,0.1,0.0,0.06,Oct,2,2,7,1,Returning_Visitor,True,False
1,0.0,0,0.0,9,647.96,0.034782609,0.07,0.0,0.41,May,3,2,3,15,Returning_Visitor,False,False
3,101.84,0,0.0,21,1369.7,0.0,0.01969697,3.13,0.0,Mar,2,5,3,2,Returning_Visitor,True,False
6,257.5,1,98.54,38,2533.333333,0.014634146,0.02,6.651334683,0.01,Nov,2,2,3,2,Returning_Visitor,False,True
2,84.06,0,38.12,18,60.6,0.0,0.033333333,3.47,0.0,Oct,1,2,6,6,New_Visitor,False,False
1,57.6,0,26.92,21,521.5,0.03,0.07,1.8,0.1,Oct,3,2,5,5,Returning_Visitor,True,False
2,0.0,0,0.0,19,1394.666667,0.0,0.05,0.0,0.01,Mar,2,2,2,1,Returning_Visitor,False,False
0,0.0,0,23.65,3,738.0,0.0,0.03,2.74,0.07,Feb,2,2,1,2,Returning_Visitor,False,False
1,67.55,0,0.0,25,1329.31,0.005333333,0.05,3.79,0.01,Mar,2,2,1,1,Returning_Visitor,True,False
10,201.65,0,86.65,31,2170.91,0.02,0.02,1.69,0.07,Oct,2,2,1,1,Returning_Visitor,False,False
0,0.0,1,135.0,36,1428.63,0.01,0.03546327,5.89,0.01,Oct,3,2,6,3,Returning_Visitor,False,False
5,189.91,0,0.0,37,1840.369156,0.007407407,0.023148148,46.77831787,0.05,Oct,1,1,2,2,Returning_Visitor,True,True
0,0.0,0,0.0,16,635.32,0.0,0.04,2.35,0.04,Feb,3,2,2,2,Returning_Visitor,False,False
2,87.5,0,31.01,20,1126.97,0.02,0.04,0.0,0.0,Oct,2,2,1,2,Returning_Visitor,False,False
1,0.0,0,28.28,18,2056.44,0.2,0.2,2.3,0.0,Feb,1,1,1,4,Returning_Visitor,False,False
0,54.13,0,18.28,6,118.0,0.01,0.04,0.0,0.02,May,1,1,8,3,Returning_Visitor,False,False
1,69.95,0,25.7,11,1380.833333,0.01,0.018055556,3.2,0.18,May,1,6,4,1,Returning_Visitor,False,False
4,68.10769231,6,1022.25,104,3583.28,0.003787879,0.01763475,8.42,0.01,Nov,1,1,1,2,Returning_Visitor,False,True
1,59.03,0,0.0,10,1127.57,0.07,0.06,13.99,0.0,Oct,2,2,2,4,Returning_Visitor,False,True
12,504.2533333,2,257.59,243,5107.05,0.014137484,0.03,22.27,0.0,Jul,2,2,1,1,Returning_Visitor,False,True
7,122.65,1,0.0,22,250.0357143,0.0,0.02,4.01,0.01,Oct,2,2,1,2,Returning_Visitor,False,False
3,95.21,0,46.73,7,1434.23,0.02,0.074074074,1.89,0.07,May,3,2,2,1,Returning_Visitor,False,False
0,225.76,2,17.2,39,1524.24,0.01,0.01,7.68,0.0,Jul,2,2,1,2,Returning_Visitor,False,True
4,148.48,0,0.0,74,2757.61,0.002699055,0.02,15.03328131,0.01,Mar,2,2,1,2,Returning_Visitor,False,False
1,41.82,0,17.21,4,75.6,0.02,0.05,0.0,0.07,Oct,2,2,7,1,Returning_Visitor,False,False
2,116.4,0,0.0,31,1110.16,0.0,0.006451613,3.45,0.0,May,2,2,9,3,Returning_Visitor,False,False
3,474.6666667,1,30.5,33,1313.91,0.002298851,0.01,4.91,0.01,Dec,1,6,9,1,New_Visitor,False,False
2,70.56,0,0.0,55,1533.96,0.003278689,0.01,2.17,0.02,Mar,2,4,8,2,Returning_Visitor,False,False
2,65.16666667,2,16.0,16,599.3333333,0.03,0.03,1.54,0.0,Oct,1,1,2,2,Returning_Visitor,True,True
1,57.53,0,0.0,20,401.5,0.0,0.05,1.86,0.01,Mar,2,1,1,4,Returning_Visitor,True,False
0,38.94,0,0.0,7,141.8333333,0.09,0.09,1.62,0.04,Mar,2,2,2,1,Returning_Visitor,False,False
1,0.0,0,45.81,16,690.81,0.071428571,0.06,0.0,0.04,June,2,2,2,4,Returning_Visitor,False,False
5,239.74,1,79.91,34,3246.977381,0.0,0.003846154,0.0,0.03,Oct,2,2,3,2,New_Visitor,False,False
5,21.33333333,1,235.0,71,1947.32,0.01,0.01,0.0,0.0,Oct,2,2,2,1,Returning_Visitor,True,False
1,0.0,0,28.94,15,48.4,0.02,0.04,1.57,0.0,Oct,2,2,1,1,Returning_Visitor,False,True
4,339.0,1,99.05,5,376.0,0.01,0.01,0.0,0.0,Dec,2,2,9,4,Returning_Visitor,False,False
4,229.37,0,113.78,30,1364.0,0.005882353,0.026470588,6.23,0.0,May,2,2,1,4,Returning_Visitor,False,True
1,0.0,0,0.0,12,0.0,0.02,0.06,0.0,0.0,Nov,2,2,4,2,Returning_Visitor,False,False
0,0.0,0,28.92,12,922.55,0.01,0.008333333,0.0,0.0,May,2,2,4,1,Returning_Visitor,False,False
2,146.0,0,0.0,8,1454.91,0.03,0.015384615,3.76,0.02,Mar,2,2,2,4,Returning_Visitor,True,False
1,45.2,0,0.0,17,1496.66,0.01,0.031578947,1.69,0.08,May,3,2,1,3,Returning_Visitor,False,False
2,123.57,0,0.0,19,1145.23,0.01,0.025287356,5.58,0.0,Dec,2,2,1,2,Returning_Visitor,True,True
4,148.85,0,0.0,34,5093.3,0.004924242,0.02,2.66,0.02,Mar,2,2,2,2,Returning_Visitor,False,False
0,38.11,0,18.79,1,0.0,0.04,0.16,2.8,0.01,Dec,2,2,1,2,Returning_Visitor,False,False
0,55.91,0,0.0,14,945.0108696,0.02,0.023889556,0.0,0.01,Mar,2,2,3,1,Returning_Visitor,False,False
8,245.45,0,87.35,49,2197.09,0.01,0.029589443,4.87,0.0,June,2,2,1,2,Returning_Visitor,False,False
2,22.5,0,0.0,17,1445.42,0.0,0.001190476,1.6,0.0,Oct,2,2,3,1,Returning_Visitor,False,False
1,75.92,0,24.61,14,1129.22,0.004444444,0.01,0.0,0.01,Nov,1,1,1,2,Returning_Visitor,True,False
3,130.76,1,70.875,28,1215.58,0.007070707,0.04,0.0,0.0,Dec,1,1,2,1,New_Visitor,True,False
1,40.26,0,25.61,12,743.78,0.06,0.1,2.25,0.0,Mar,2,2,1,1,Returning_Visitor,False,False
7,89.9,3,59.21,26,1448.59,0.01,0.007715618,98.04262564,0.03,Nov,2,2,1,2,New_Visitor,False,False
1,68.33333333,0,0.0,13,1370.038095,0.02,0.05,0.0,0.0,Nov,2,2,1,2,Returning_Visitor,True,False
1,40.09,0,24.25,9,1002.491667,0.01875,0.05,1.47,0.0,Feb,2,2,1,3,Returning_Visitor,False,False
0,46.76,0,23.74,14,116.8333333,0.03,0.05,4.3,0.22,May,2,2,1,3,Returning_Visitor,False,False
1,0.0,0,21.92,7,703.1,0.2,0.2,2.79,0.0,Mar,1,2,1,1,Returning_Visitor,False,False
1,0.0,0,0.0,5,427.0,0.01,0.04,0.0,0.03,Mar,2,3,3,1,Returning_Visitor,False,False
1,57.9,0,27.66,14,2006.834416,0.03,0.06,1.48,0.0,Feb,2,3,2,2,New_Visitor,True,False
3,172.67,0,45.7,20,1905.652754,0.01,0.013428813,5.72,0.04,May,2,2,1,4,Returning_Visitor,False,False
0,0.0,0,31.97,21,142.75,0.02,0.043055556,3.08,0.09,Oct,1,1,1,2,Returning_Visitor,False,False
1,82.96,0,23.5,9,636.14,0.05,0.06,4.32,0.0,May,2,2,1,2,Returning_Visitor,False,False
3,0.0,0,74.39,33,503.6333333,0.01,0.033333333,6.22,0.14,Oct,2,2,9,2,Returning_Visitor,False,False
2,76.6,0,31.38,28,488.91,0.014814815,0.03,4.32,0.03,Oct,2,2,1,2,Returning_Visitor,False,True
1,57.53,0,0.0,15,567.21,0.1,0.1,0.0,0.32,Feb,3,2,2,4,Returning_Visitor,False,False
0,38.03,0,0.0,6,66.9,0.01,0.02,0.0,0.03,Mar,3,2,1,3,Returning_Visitor,True,False
1,0.0,0,71.47,7,1398.18,0.01,0.085714286,0.0,0.0,Nov,2,2,1,1,Returning_Visitor,False,False
2,77.1,0,26.94,15,41.7,0.02,0.028571429,0.0,0.03,Mar,2,2,3,6,New_Visitor,True,False
2,110.89,0,59.17,1,1312.91,0.1,0.2,2.82,0.12,Aug,2,2,2,5,New_Visitor,True,False
3,0.0,0,0.0,30,1897.13,0.006666667,0.056666667,0.0,0.08,Mar,2,6,3,1,Returning_Visitor,False,False
2,113.44,0,0.0,36,1068.52,0.03,0.05,0.0,0.01,Mar,2,2,1,2,Returning_Visitor,False,False
11,199.9,1,172.41,38,923.6757353,0.01,0.012261867,8.54,0.03,Mar,1,1,7,1,Returning_Visitor,False,False
1,37.02,0,0.0,11,1045.14,0.01,0.066666667,4.76,0.16,May,2,2,2,4,Returning_Visitor,False,False
0,0.0,0,0.0,12,1493.12,0.0,0.066666667,0.0,0.0,Mar,2,2,2,2,Returning_Visitor,True,False
1,91.56,0,0.0,15,705.1166667,0.003703704,0.04,3.08,0.0,Nov,2,2,9,2,Returning_Visitor,True,False
11,498.9809654,6,433.1,76,2513.32,0.02,0.006805318,129.1013738,0.06,Nov,2,2,2,1,Returning_Visitor,False,False
9,275.51,1,189.71,80,10046.80771,0.007670851,0.02,0.0,0.02,Oct,2,2,1,2,Returning_Visitor,False,True
1,49.4,0,0.0,11,285.6,0.01,0.04,2.4,0.05,Oct,2,2,7,1,Returning_Visitor,False,False
3,75.0,0,36.79,20,2058.3,0.01,0.0125,1.8,0.0,Oct,1,1,1,2,Returning_Visitor,False,True
1,50.24,0,24.68,12,755.0,0.0,0.01,1.94,0.0,Mar,2,5,7,2,Returning_Visitor,False,False
1,46.4,0,0.0,2,915.05,0.01,0.1,1.59,0.0,Nov,1,2,2,1,Returning_Visitor,True,False
1,63.49,0,23.76,13,195.0,0.0,0.02,2.99,0.03,May,2,2,1,2,Returning_Visitor,False,False
9,367.0,1,154.11,37,1984.97,0.0,0.02,4.08,0.05,May,2,2,2,4,Returning_Visitor,True,True
1,40.1,0,0.0,13,1463.54,0.02,0.043951451,0.0,0.06,Oct,2,2,1,1,Returning_Visitor,False,False
0,0.0,0,17.49,3,39.5,0.0,0.08,1.5,0.04,Mar,1,1,9,4,Returning_Visitor,False,False
0,0.0,0,0.0,37,1468.71,0.0,0.01,0.0,0.0,Mar,2,2,1,8,Returning_Visitor,False,False
3,260.25,0,53.19,24,1694.333333,0.017142857,0.039047619,15.108543,0.0,Feb,2,2,2,1,Returning_Visitor,False,False
0,0.0,0,0.0,12,50.0,0.033333333,0.08,0.0,0.0,Mar,2,5,2,1,Returning_Visitor,False,False
1,44.59,0,0.0,14,1277.18,0.01,0.028571429,0.0,0.06,Mar,2,2,1,1,Returning_Visitor,False,False
1,0.0,0,27.46,30,1661.833333,0.02,0.071666667,2.11,0.0,Mar,2,2,6,1,Returning_Visitor,False,False
1,42.04,0,35.0,19,495.0,0.18,0.2,0.0,0.8,May,3,2,1,3,Returning_Visitor,False,False
0,0.0,0,50.28,19,998.2,0.0,0.02,0.0,0.01,Mar,2,2,1,1,Returning_Visitor,False,False
3,187.3,1,90.99,34,1426.64,0.01,0.01,4.36,0.0,Nov,1,1,4,2,Returning_Visitor,False,False
1,63.25,0,0.0,12,748.9583333,0.0125,0.05,0.0,0.01,Dec,2,2,1,2,Returning_Visitor,False,False
0,0.0,0,21.59,11,1374.54,0.06,0.07,0.0,0.06,Mar,2,2,1,1,Returning_Visitor,False,False
3,341.6,1,0.0,3,1095.55,0.0,0.022222222,7.5,0.01,Oct,3,2,3,2,New_Visitor,False,False
2,83.93,0,24.75,15,175.9166667,0.02,0.026666667,1.86,0.0,Mar,2,2,1,2,Returning_Visitor,True,False
1,0.0,0,20.05,10,0.0,0.11,0.14,2.08,0.03,Mar,2,2,2,3,Returning_Visitor,False,False
1,43.66,0,21.2,10,0.0,0.17,0.19,1.45,0.03,Mar,2,2,2,1,Returning_Visitor,False,False
0,54.29,0,0.0,7,561.82,0.07,0.08,0.0,0.28,May,1,1,2,3,Returning_Visitor,False,False
2,44.3125,0,7.0,21,1016.27,0.028354978,0.05,2.89,0.0,Nov,2,2,9,1,Returning_Visitor,False,False
4,151.15,1,85.95,34,1197.38,0.0,0.01,48.45370723,0.0,Oct,2,2,5,2,Returning_Visitor,False,True
1,39.05,0,0.0,7,1293.36,0.08,0.08,1.46,0.06,Mar,1,1,1,1,Returning_Visitor,False,False
0,0.0,0,37.28,13,0.0,0.2,0.2,1.8,0.02,Mar,3,2,1,3,Returning_Visitor,False,False
7,345.0166667,0,0.0,30,1441.38,0.01,0.01,86.31034266,0.0,Aug,2,2,3,2,Returning_Visitor,False,False
8,156.23,1,98.99,44,1675.525366,0.01,0.02,3.63,0.03,Aug,2,2,3,11,Returning_Visitor,True,False
1,106.56,0,46.89,7,166.5,0.0,0.015384615,5.77,0.01,Nov,2,2,1,2,New_Visitor,False,False
0,50.06,0,0.0,10,1155.07,0.13,0.14,2.15,0.0,Mar,2,2,2,3,Returning_Visitor,False,False
1,109.0,0,0.0,22,1034.36,0.006666667,0.03,3.36,0.01,Sep,2,2,1,2,Returning_Visitor,False,False
2,140.54,0,53.11,27,631.0,0.01,0.03,5.4,0.06,May,2,2,1,2,Returning_Visitor,False,False
2,101.13,1,51.88,17,809.44,0.018181818,0.04,4.67,0.01,Nov,2,2,1,2,Returning_Visitor,False,True
0,32.37,0,29.21,7,532.69,0.06,0.09,0.0,0.2,May,2,2,2,4,Returning_Visitor,False,False
1,0.0,0,35.53,18,1791.03,0.03,0.131578947,1.64,0.0,Mar,2,2,1,1,Returning_Visitor,False,False
2,205.56,0,75.09,18,938.26,0.0,0.013333333,0.0,0.01,Dec,3,2,9,2,New_Visitor,False,False
0,214.87,0,0.0,34,353.7866667,0.0,0.02,36.33496365,0.01,June,1,1,3,4,New_Visitor,False,True
2,38.04,0,31.58,8,886.57,0.0,0.03,0.0,0.0,Mar,1,1,9,2,New_Visitor,True,False
1,60.47,0,28.93,25,1017.966667,0.01,0.017361111,2.68,0.0,Aug,2,2,4,1,Returning_Visitor,False,False
3,166.6,0,50.96,59,2946.6,0.01,0.007962529,8.71,0.1,May,1,1,6,4,Returning_Visitor,True,True
2,63.79166667,1,25.88,12,1226.68,0.017042607,0.03754386,12.00869742,0.05,Mar,3,2,2,4,Returning_Visitor,False,False
0,84.6,0,21.0,17,0.0,0.16,0.17,0.0,0.03,Mar,1,1,1,3,Returning_Visitor,False,False
0,81.09,0,32.91,3,60.0,0.0,0.04,3.29,0.0,Oct,2,2,7,2,Returning_Visitor,False,False
1,76.57,0,21.66,4,13.0,0.028571429,0.04,9.85,0.28,May,2,2,3,8,New_Visitor,False,False
4,170.53,1,77.02,34,1888.2,0.01,0.027272727,5.0,0.0,Mar,2,2,2,2,New_Visitor,False,False
1,35.47,0,27.43,3,125.0,0.09,0.13,1.52,0.8,May,2,2,1,1,Returning_Visitor,False,False
2,118.67,0,50.83,30,1094.28,0.0,0.011764706,15.08488235,0.0,Oct,2,2,1,2,Returning_Visitor,False,True
1,39.2,0,42.66,12,900.68,0.05,0.07,0.0,0.44,May,2,2,1,13,Returning_Visitor,False,False
1,42.51,0,0.0,10,1480.7,0.17,0.18,1.44,0.03,Mar,2,2,2,3,Returning_Visitor,False,False
1,45.77,0,34.83,15,129.5833333,0.01,0.0875,0.0,0.1,June,3,2,1,1,Returning_Visitor,True,False
1,80.46,0,30.82,7,136.0,0.02,0.00952381,0.0,0.24,May,2,10,3,1,Returning_Visitor,False,False
1,0.0,0,0.0,10,649.68,0.01,0.057142857,2.87,0.0,May,2,2,1,2,Returning_Visitor,False,False
8,2086.75,1,163.92,42,1618.54,0.01,0.02,6.63,0.04,Feb,1,2,9,2,Returning_Visitor,False,True
0,78.64,0,24.39,12,758.5,0.05,0.05,4.98,0.02,Mar,2,2,9,2,New_Visitor,False,False
0,69.57,0,36.84,17,887.18,0.011,0.05,0.0,0.01,Nov,2,2,9,1,Returning_Visitor,False,False
2,134.34,0,36.46,46,692.24,0.010869565,0.05,0.0,0.6,May,1,1,3,2,Returning_Visitor,False,False
1,79.0,1,155.5,12,1743.066667,0.01,0.02,0.0,0.01,Mar,2,2,6,2,Returning_Visitor,False,False
1,50.79,0,35.05,18,62.0,0.0,0.02,0.0,0.01,Mar,3,2,1,1,Returning_Visitor,False,False
12,260.87,3,61.5,55,2617.45,0.011627907,0.02,0.0,0.01,Mar,2,2,1,2,Returning_Visitor,False,False
1,93.29,0,0.0,30,1668.116667,0.01,0.023809524,7.43,0.02,Dec,1,1,8,2,Returning_Visitor,False,False
1,91.74,0,48.06,12,281.75,0.01,0.030909091,0.0,0.0,Dec,2,2,3,2,Returning_Visitor,False,False
1,0.0,0,22.93,11,576.3,0.07,0.09,0.0,0.0,Mar,2,2,6,1,Returning_Visitor,False,False
7,134.03,1,0.0,28,1047.68,0.01,0.02,0.0,0.01,Mar,2,2,3,2,New_Visitor,False,False
2,103.83,0,34.61,25,795.87,0.01,0.030238095,2.99,0.0,May,2,2,3,4,Returning_Visitor,False,True
0,45.47,0,18.55,8,1055.93,0.09,0.1,1.93,0.04,Mar,2,2,1,1,Returning_Visitor,False,False
1,85.48,0,42.75,17,787.87,0.0,0.03,0.0,0.0,Mar,3,2,3,2,Returning_Visitor,True,False
9,221.31,1,187.57,75,2492.68,0.01,0.02,2.22,0.01,Dec,2,2,2,2,Returning_Visitor,False,False
1,0.0,0,0.0,9,1851.76,0.12,0.07,1.6,0.0,Oct,3,2,6,13,Returning_Visitor,False,False
1,0.0,0,0.0,18,224.5,0.02,0.0625,3.73,0.0,May,2,2,6,1,Returning_Visitor,False,False
1,52.41,0,21.51,11,1310.85,0.15,0.028571429,1.44,0.04,Mar,2,2,1,1,Returning_Visitor,True,False
2,182.0833333,0,0.0,18,1555.33,0.03,0.01,2.43,0.03,Oct,2,2,1,2,Returning_Visitor,False,False
2,69.8,0,43.39,20,539.15,0.02,0.003947368,2.56,0.01,Nov,2,2,1,3,Returning_Visitor,True,False
0,0.0,0,0.0,9,1134.46,0.16,0.1,1.57,0.03,Feb,2,2,1,3,Returning_Visitor,False,False
2,92.53,0,45.77,16,671.6428571,0.01,0.016216216,5.46,0.01,Dec,2,2,1,2,Returning_Visitor,False,False
3,0.0,0,0.0,26,1373.77,0.0,0.05,3.71,0.08,May,2,2,8,3,Returning_Visitor,False,False
4,211.91,0,0.0,23,1460.59,0.0,0.00625,0.0,0.0,Nov,2,2,1,2,New_Visitor,False,False
0,0.0,0,0.0,6,708.65,0.0,0.05,0.0,0.0,May,2,2,3,1,Returning_Visitor,False,False
1,56.28,0,19.96,3,1125.72,0.11,0.12,0.0,0.0,Mar,2,2,2,3,Returning_Visitor,False,False
4,242.8,0,59.12,7,1088.78,0.01,0.02,4.41,0.04,Oct,2,2,3,2,Returning_Visitor,True,False
2,90.05,0,0.0,28,1597.75,0.060925926,0.08,3.27,0.09,Aug,3,2,2,13,Returning_Visitor,False,False
1,66.76,0,21.73,11,647.6666667,0.02,0.06,2.74,0.04,May,2,2,4,3,Returning_Visitor,False,False
1,43.5,0,70.06,93,3773.715179,0.01,0.01,3.89,0.0,May,2,2,1,2,Returning_Visitor,False,True
2,161.44,1,83.82,24,1251.54,0.016,0.0408,6.12,0.09,May,2,2,3,1,Returning_Visitor,False,False
0,38.66,0,22.49,10,449.36,0.12,0.1,1.63,1.0,May,2,2,2,4,Returning_Visitor,False,False
3,214.9,1,76.8,20,864.38,0.01,0.020833333,9.8,0.01,May,2,2,4,2,Returning_Visitor,False,False
2,199.125,0,25.25,13,430.6071429,0.05,0.008333333,1.62,0.03,Mar,2,2,2,1,Returning_Visitor,False,False
3,88.61,0,54.11,60,1883.866667,0.01,0.042436975,0.0,0.0,Mar,2,2,1,2,Returning_Visitor,False,False
0,61.13,0,28.05,14,1146.94,0.00625,0.016666667,2.13,0.03,Oct,2,4,1,4,New_Visitor,True,False
0,60.87,0,0.0,11,758.94,0.0,0.05,1.94,0.04,Mar,3,2,6,3,Returning_Visitor,False,False
2,84.66666667,0,28.8,16,1017.13,0.02,0.029643028,5.15,0.05,Sep,2,2,1,2,Returning_Visitor,False,False
3,257.5625,1,70.25,28,1037.41,0.01,0.02,5.38,0.03,May,2,2,6,4,Returning_Visitor,False,False
0,0.0,0,0.0,5,1168.18,0.1,0.11,0.0,0.03,Mar,2,2,2,1,Returning_Visitor,False,False
1,0.0,0,0.0,1,1444.42,0.2,0.19,2.0,0.03,Feb,1,1,1,4,Returning_Visitor,False,False
0,49.85,0,0.0,4,151.5,0.0,0.05,1.54,0.03,Mar,2,2,3,1,Returning_Visitor,False,False
1,65.48,0,0.0,17,780.01,0.026666667,0.02,1.72,0.0,Feb,2,2,1,4,Returning_Visitor,False,False
0,0.0,0,30.05,11,628.21,0.2,0.2,0.0,0.17,Mar,1,1,7,3,Returning_Visitor,False,False
0,0.0,0,26.65,9,468.1666667,0.0,0.006060606,3.26,0.08,May,2,2,2,4,Returning_Visitor,True,False
6,140.47,0,0.0,25,154.0,0.0,0.02,1.78,0.02,Oct,2,2,1,1,Returning_Visitor,False,False
1,0.0,0,22.52,12,876.55,0.08,0.1,2.69,0.16,Mar,3,2,1,1,Returning_Visitor,False,False
0,83.79,1,264.57,62,1918.966667,0.01,0.01,5.1,0.06,Aug,2,4,1,4,Returning_Visitor,False,False
0,0.0,0,34.97,2,58.4,0.0,0.1,2.19,0.0,Oct,2,4,1,2,Returning_Visitor,False,False
1,72.74,0,24.69,13,1194.69,0.0,0.03,2.31,0.02,Mar,2,2,1,2,Returning_Visitor,False,False
1,74.35,0,26.56,16,1292.63,0.0,0.02,2.83,0.03,Oct,2,2,1,2,Returning_Visitor,False,False
1,79.48,0,0.0,18,873.82,0.03,0.093809524,2.29,0.0,Dec,2,2,7,1,Returning_Visitor,False,False
5,0.0,2,1494.5,109,3339.07598,0.008181818,0.02,7.08,0.01,Nov,2,2,1,2,Returning_Visitor,True,False
2,81.5,0,26.86,18,2199.972222,0.01,0.02,2.1,0.0,Mar,1,1,1,2,New_Visitor,True,False
1,56.62,0,13.0,9,653.97,0.0,0.04,13.40247586,0.12,May,2,2,1,4,Returning_Visitor,False,False
1,23.0,1,33.7,78,2448.536054,0.011898734,0.02841508,0.0,0.02,Mar,2,2,1,2,Returning_Visitor,False,False
2,108.76,0,28.34,15,1222.05,0.0,0.05,4.47,0.0,Mar,2,2,1,2,New_Visitor,False,False
2,86.33,0,23.31,11,506.7166667,0.05,0.013968254,3.21,0.02,Mar,2,2,1,2,Returning_Visitor,False,False
2,46.3,0,0.0,11,1097.76,0.03,0.122222222,1.48,0.2,Feb,2,2,1,2,Returning_Visitor,False,False
2,0.0,0,32.54,10,1249.6,0.0,0.03,1.98,0.04,Oct,2,2,1,2,Returning_Visitor,False,True
0,113.36,0,0.0,8,2178.06,0.0,0.0125,5.7,0.02,Mar,2,2,2,1,Returning_Visitor,False,False
2,131.0,0,32.81,16,841.32,0.01,0.01,4.5,0.0,May,1,1,4,4,New_Visitor,False,False
1,0.0,0,20.84,11,892.97,0.02,0.040740741,3.64,0.22,Feb,2,2,1,3,Returning_Visitor,True,False
3,159.34,1,0.0,19,783.07,0.01,0.011846847,0.0,0.01,Jul,2,2,1,2,New_Visitor,True,False
2,0.0,0,50.91,23,436.0,0.01,0.025,68.1974018,0.0,Oct,1,1,2,2,Returning_Visitor,False,True
2,64.25,0,28.86,18,1239.77,0.04,0.003508772,3.01,0.0,Oct,2,2,9,2,New_Visitor,False,False
5,136.1,1,128.06,42,957.7,0.0,0.02,3.06,0.0,Oct,2,2,6,2,New_Visitor,False,True
1,0.0,0,0.0,27,1182.76,0.01,0.016666667,0.0,0.0,Mar,2,2,1,2,Returning_Visitor,False,False
4,288.27,2,58.5,94,2807.149729,0.01,0.01,8.09,0.0,Oct,2,2,7,10,New_Visitor,False,False
4,124.6,0,81.88,24,1031.0,0.01,0.01,0.0,0.22,Oct,3,3,3,1,New_Visitor,False,False
10,361.6,4,238.6,12,1543.87,0.057142857,0.02,0.0,0.01,Aug,2,2,1,3,Returning_Visitor,False,False
1,23.0,0,29.25,13,775.84,0.02,0.03,0.0,0.04,Mar,2,2,1,2,Returning_Visitor,False,False
6,212.0,1,140.06,61,4212.141886,0.008333333,0.03,5.39,0.01,Nov,1,2,9,2,Returning_Visitor,False,True
0,0.0,0,0.0,10,328.5,0.04,0.1,2.01,0.0,Nov,1,2,3,6,New_Visitor,False,False
0,0.0,0,36.19,14,1171.95,0.023529412,0.076470588,10.06,0.72,May,2,2,2,1,Returning_Visitor,False,False
4,147.75,0,62.08,24,1711.43,0.012765957,0.02,3.66,0.07,Aug,3,2,1,3,Returning_Visitor,False,False
2,78.75,0,16.2,33,2472.52,0.02,0.016216216,2.01,0.05,May,3,2,1,5,Returning_Visitor,False,False
2,13.0,0,28.48,14,1196.67,0.14,0.12,0.0,0.0,Mar,2,2,1,1,Returning_Visitor,False,False
0,156.36,2,91.59,43,2163.132326,0.0,0.011780384,4.55,0.0,Oct,2,2,8,1,Returning_Visitor,False,False
1,53.96,0,97.0,53,444.38,0.01,0.016751935,2.12,0.1,May,1,1,3,4,Returning_Visitor,False,False
0,0.0,0,45.52,33,1119.56,0.02,0.05,0.0,0.01,Nov,2,2,1,2,Returning_Visitor,True,False
3,115.51,0,32.17,21,228.9,0.014814815,0.037037037,3.06,0.0,Mar,1,1,1,1,Returning_Visitor,False,False
1,26.2,0,23.5,13,245.1666667,0.05,0.0,2.44,0.02,Mar,2,2,1,1,New_Visitor,False,True
3,98.35,0,35.98,21,565.0,0.03,0.011111111,1.66,0.0,Mar,2,2,1,2,Returning_Visitor,False,False
0,29.44,0,0.0,10,0.0,0.2,0.2,1.55,0.0,Mar,1,2,3,11,Returning_Visitor,True,True
1,22.2,0,25.77,13,1257.9,0.03,0.020634921,4.14,0.0,Mar,2,2,1,2,Returning_Visitor,False,False
1,50.99,2,25.39,15,1675.4,0.16,0.17,1.43,0.02,Oct,2,2,2,4,Returning_Visitor,False,True
1,55.74,0,0.0,22,1808.14,0.051282051,0.11,2.14,0.0,Nov,1,1,1,2,Returning_Visitor,False,False
4,21.5,2,323.0,14,1514.34,0.01,0.001904762,15.11,0.11,May,3,2,3,2,New_Visitor,False,False
1,57.42,0,0.0,6,1603.96,0.0,0.08,1.57,0.0,Mar,2,2,2,4,Returning_Visitor,False,False
1,0.0,0,36.64,17,1062.09,0.025,0.084375,1.85,0.04,Aug,3,2,6,13,Returning_Visitor,False,False
0,95.72,0,0.0,14,1703.75,0.02,0.011428571,5.19,0.02,Mar,2,2,2,2,Returning_Visitor,True,True
0,60.99,0,40.53,13,800.09,0.0,0.015384615,0.0,0.0,Mar,1,1,1,1,Returning_Visitor,True,False
17,398.6,2,250.69,78,4716.572619,0.02,0.02,0.0,0.03,Oct,3,2,2,4,Returning_Visitor,False,False
1,63.84,0,0.0,11,622.0,0.01,0.0125,0.0,0.07,Mar,2,2,2,4,Returning_Visitor,False,False
0,0.0,0,44.15,21,1236.638095,0.0,0.03,5.05,0.0,Sep,2,2,1,2,Returning_Visitor,False,False
7,196.0,0,82.07,40,994.87,0.01,0.02,2.59,0.01,Mar,3,2,1,1,Returning_Visitor,True,False
12,121.94,0,0.0,13,3597.5,0.02,0.02,0.0,0.0,Aug,2,2,6,5,Returning_Visitor,False,False
1,0.0,0,0.0,15,1034.12,0.0,0.012903226,6.39,0.0,Nov,2,2,1,2,Returning_Visitor,False,False
4,85.0,0,0.0,25,599.0,0.01,0.02,0.0,0.07,May,2,2,1,4,Returning_Visitor,False,False
3,104.6545455,1,79.95,24,1147.54,0.01,0.022131145,9.52,0.0,Oct,2,2,6,1,Returning_Visitor,False,False
2,112.69,0,30.03,13,257.0,0.02,0.01,0.0,0.03,May,2,2,2,4,Returning_Visitor,False,False
0,173.33,1,118.37,64,2018.762066,0.01,0.027936058,7.04,0.01,Nov,3,2,1,2,Returning_Visitor,False,False
2,0.0,0,0.0,37,1756.9,0.005555556,0.02,0.0,0.05,Oct,2,2,2,2,Returning_Visitor,False,False
2,61.69,0,29.88,13,277.5,0.01,0.011111111,1.92,0.04,Oct,3,3,2,4,New_Visitor,False,False
1,106.8333333,1,96.0,13,373.4583333,0.13,0.16,1.71,0.03,Mar,2,2,2,3,Returning_Visitor,False,False
3,161.88,0,136.37,36,1746.35,0.01,0.023684211,6.95,0.0,Nov,2,2,1,2,Returning_Visitor,False,False
1,94.0,0,21.41,10,332.75,0.15,0.16,0.0,0.0,Mar,2,2,1,3,Returning_Visitor,False,False
1,88.83,0,0.0,26,532.0,0.030769231,0.044230769,3.89,0.0,Nov,2,2,1,1,Returning_Visitor,False,False
0,82.35,0,41.03,18,95.0,0.01,0.07,6.2,0.0,Nov,1,1,1,2,Returning_Visitor,False,False
11,361.4761905,1,68.0,42,625.0856893,0.011149826,0.02,5.27,0.06,Oct,2,2,2,2,Returning_Visitor,True,False
0,69.8,0,0.0,8,623.41,0.0,0.05,0.0,0.01,Aug,1,2,1,2,Returning_Visitor,False,False
1,55.09,0,24.26,13,1244.99,0.04,0.06,2.25,0.03,Feb,2,2,3,2,Returning_Visitor,False,False
3,144.38,0,52.98,22,1185.11,0.003333333,0.014166667,14.97,0.02,Feb,2,2,3,2,Returning_Visitor,False,True
1,46.11,0,20.99,22,968.71,0.01,0.021428571,0.0,0.01,Nov,1,2,1,8,Returning_Visitor,True,False
1,0.0,0,0.0,9,23.0,0.01,0.03,0.0,0.06,May,2,2,6,1,Returning_Visitor,False,False
0,32.77,0,0.0,3,0.0,0.2,0.2,1.54,0.0,Mar,3,2,4,3,Returning_Visitor,True,False
1,132.27,0,43.13,29,1032.38,0.0,0.03,4.01,0.0,May,2,2,1,1,Returning_Visitor,False,False
0,0.0,0,33.54,19,1450.83,0.022222222,0.06,0.0,0.03,Feb,2,2,1,1,Returning_Visitor,False,False
2,98.0,0,46.2,26,1153.49,0.01,0.006666667,2.4,0.04,Oct,2,2,1,2,New_Visitor,True,False
11,211.18,1,121.18,34,1869.72,0.007407407,0.024345679,10.73461716,0.0,Nov,1,1,9,2,Returning_Visitor,True,True
3,47.0,0,60.38,18,197.5,0.0,0.025,0.0,0.04,May,3,2,2,2,New_Visitor,False,False
1,41.375,0,43.86,14,495.41,0.05,0.00781583,1.5,0.8,May,3,2,1,3,Returning_Visitor,False,False
2,100.04,1,67.98,24,753.6373626,0.0,0.02,4.76,0.01,Nov,2,2,1,2,Returning_Visitor,False,True
4,52.33333333,0,57.56,30,1780.2,0.0,0.02,0.0,0.05,Oct,2,2,1,2,Returning_Visitor,False,False
2,88.68,0,32.86,25,708.44,0.007142857,0.02202381,0.0,0.0,Mar,1,1,3,10,Returning_Visitor,True,True
4,211.38,0,0.0,63,4518.297619,0.01,0.02,4.99,0.06,Oct,2,2,2,1,Returning_Visitor,False,True
2,8.0,0,76.71,34,1463.62,0.007692308,0.02,3.38,0.01,Mar,2,2,2,13,Returning_Visitor,False,False
1,53.28,0,33.01,13,296.3928571,0.03,0.07,1.7,0.01,Dec,3,2,2,3,Returning_Visitor,False,False
1,53.83,0,0.0,9,629.43,0.02,0.05,0.0,0.01,Aug,1,2,6,1,Returning_Visitor,False,False
2,96.32,0,0.0,28,898.5,0.09,0.11,0.0,0.0,Mar,1,2,2,1,Returning_Visitor,False,False
1,68.99,0,40.02,15,851.69,0.0,0.05,2.43,0.0,Jul,2,2,1,2,Returning_Visitor,True,False
3,17.2,0,48.53,22,0.0,0.0,0.05,6.81,0.02,Nov,2,2,1,2,New_Visitor,True,True
0,30.9,0,23.55,14,706.72,0.04,0.07,1.91,0.0,Mar,2,4,2,1,Returning_Visitor,False,False
1,15.0,0,0.0,10,664.91,0.02,0.017142857,1.77,0.6,May,2,10,3,3,Returning_Visitor,False,False
1,40.82,0,29.48,3,1364.49,0.066666667,0.18,0.0,0.04,Mar,2,2,3,3,Returning_Visitor,True,False
2,60.5,0,28.77,26,892.26,0.01,0.03,1.62,0.06,Mar,1,1,2,2,New_Visitor,True,False
0,39.39,0,0.0,2,501.87,0.17,0.14,1.91,1.0,Feb,3,2,3,2,Returning_Visitor,True,False
2,91.71,1,112.0,31,4214.779822,0.01,0.02,3.0,0.01,Nov,3,2,1,4,Returning_Visitor,False,False
0,76.85,0,0.0,17,812.69,0.01,0.03,2.49,0.0,Dec,2,2,7,1,Returning_Visitor,False,False
1,35.1,0,0.0,138,1488.1,0.01,0.01,0.0,0.0,Oct,2,2,3,2,Returning_Visitor,False,False
1,59.21,0,0.0,5,75.6,0.0,0.0,0.0,0.0,Mar,2,2,3,2,Returning_Visitor,False,False
0,59.79,0,47.06,26,1027.2,0.007692308,0.030128205,0.0,0.01,Mar,2,2,4,1,Returning_Visitor,False,False
1,63.55,0,24.03,5,1038.22,0.01,0.05,2.47,0.21,Oct,3,2,4,3,Returning_Visitor,False,False
3,134.46,0,0.0,66,1158.782857,0.01,0.01,2.55,0.03,Mar,2,2,2,2,Returning_Visitor,False,False
0,61.54,0,39.92,24,749.28,0.0,0.004347826,1.99,0.16,May,2,2,1,4,New_Visitor,False,True
2,80.66,1,40.66666667,12,851.6426534,0.0,0.08,3.077836066,0.0,Mar,2,2,2,2,Returning_Visitor,False,True
2,0.0,0,34.24,18,490.57,0.02,0.03,1.45,0.11,Oct,3,2,1,3,Returning_Visitor,True,False
6,153.5,0,82.49,27,1048.492063,0.01,0.02,0.0,0.0,Oct,2,6,1,1,Returning_Visitor,False,False
1,63.85,0,34.8,16,1090.7,0.02,0.05,3.24,0.01,Nov,2,2,1,2,Returning_Visitor,True,False
1,87.97,0,29.28,16,259.0,0.028571429,0.03,3.13,0.02,Feb,2,2,8,2,Returning_Visitor,False,False
1,46.06,0,0.0,9,1520.27,0.05,0.06,1.52,0.0,Mar,1,2,6,4,Returning_Visitor,False,False
0,33.53,0,0.0,11,0.0,0.19,0.2,0.0,0.06,Mar,2,4,1,3,Returning_Visitor,False,False
4,140.47,1,65.98,18,942.38,0.01,0.009090909,4.98,0.01,Mar,2,4,9,1,New_Visitor,True,False
1,70.11,0,44.63,36,881.15,0.03,0.12,2.47,0.01,Dec,2,2,2,2,Returning_Visitor,True,True
1,57.42,1,27.68,37,946.59,0.03,0.04,0.0,0.0,Oct,2,2,4,2,Returning_Visitor,False,False
2,94.76,0,87.93,47,1493.32,0.01,0.023877069,2.74,0.0,Nov,3,2,1,1,Returning_Visitor,False,False
4,109.0,0,139.7,35,3116.5,0.0,0.005208333,11.6,0.02,Dec,3,2,6,10,Returning_Visitor,False,True
6,184.32,0,0.0,33,163.22,0.01,0.018181818,0.0,0.01,Nov,2,2,1,2,Returning_Visitor,False,False
1,36.5,0,35.35,17,1002.18,0.004787234,0.03,0.0,0.01,Nov,2,2,1,2,Returning_Visitor,True,False
2,113.03,1,117.06,72,1669.58,0.001315789,0.02,5.34,0.01,Nov,1,2,4,2,Returning_Visitor,False,False
2,20.14285714,1,0.0,4,33.14285714,0.01,0.02,5.02,0.0,Dec,3,2,1,2,Returning_Visitor,False,False
3,264.0,0,94.94,27,769.9,0.018181818,0.03,4.09,0.0,Nov,2,10,9,1,Returning_Visitor,False,False
0,0.0,0,35.07,6,878.84,0.01,0.013333333,0.0,0.18,May,2,2,2,2,New_Visitor,False,False
1,52.62,0,19.77,11,879.34,0.04,0.06,3.14,0.04,Dec,2,2,7,1,Returning_Visitor,True,False
0,0.0,0,36.8,17,795.23,0.014285714,0.04,0.0,0.01,Nov,1,2,1,11,Returning_Visitor,False,False
0,29.22,0,22.46,7,466.47,0.2,0.2,2.31,0.02,Dec,1,1,1,1,Returning_Visitor,False,False
1,66.08,0,0.0,14,1316.74,0.07,0.07,2.29,0.02,Mar,2,2,1,1,Returning_Visitor,False,True
1,66.99,0,32.02,14,754.26,0.02,0.07,0.0,0.01,Jul,2,2,1,4,Returning_Visitor,False,False
10,514.09,2,1307.0,131,3629.98,0.001726619,0.04,0.761076259,0.02,Feb,2,2,1,2,Returning_Visitor,False,False
1,62.28,0,35.0,14,930.81,0.010978836,0.05,3.09,0.0,Nov,2,2,3,1,Returning_Visitor,False,True
2,0.0,0,27.64,15,1425.62,0.0,0.02,1.78,0.0,Mar,2,5,1,1,Returning_Visitor,False,False
3,99.41,0,78.09,70,1787.479365,0.004285714,0.019809524,0.0,0.11,Oct,2,2,1,3,Returning_Visitor,False,False
1,0.0,0,23.47,10,8.0,0.01,0.07,0.0,0.01,Nov,1,1,1,2,Returning_Visitor,False,False
1,64.09,0,0.0,14,144.0,0.025,0.045833333,0.0,0.01,Mar,2,1,7,1,Returning_Visitor,True,False
7,240.8,1,197.21,51,1277.08,0.01,0.00625,7.68,0.03,Mar,3,2,2,2,New_Visitor,True,False
0,45.96,0,19.22,11,1149.56,0.04,0.06,6.889766003,0.11,Oct,2,2,1,1,Returning_Visitor,False,False
2,80.76,0,44.31,37,1238.14,0.01,0.020512821,2.08,0.0,Sep,2,2,1,1,Returning_Visitor,False,False
0,0.0,0,37.38,64,2213.91,0.0,0.010416667,1.99,0.0,Mar,2,2,2,2,Returning_Visitor,True,False
2,0.0,0,41.75,34,2863.400427,0.01,0.01,0.0,0.03,Oct,2,2,1,2,Returning_Visitor,False,False
1,47.91,0,21.81,11,2050.395743,0.02,0.012789661,17.07978235,0.05,Oct,3,2,1,4,Returning_Visitor,False,True
1,43.27,0,0.0,39,1953.04,0.06,0.005,1.51,0.03,Mar,1,1,1,4,Returning_Visitor,False,False
3,76.16666667,0,52.7,17,1209.88,0.01,0.025757576,2.34,0.0,May,1,1,1,2,Returning_Visitor,True,False
5,123.65,0,0.0,23,1206.02,0.0,0.013793103,42.9845308,0.0,Oct,2,2,3,2,New_Visitor,False,False
5,340.9,1,269.8,99,1995.1,0.01,0.01,6.57,0.02,June,2,2,1,7,Returning_Visitor,False,True
1,53.23,0,31.73,15,795.39,0.05,0.05,0.0,0.4,May,2,2,1,4,Returning_Visitor,False,False
1,69.81,0,28.47,8,879.61,0.01,0.010884354,0.0,0.03,May,3,2,4,4,Returning_Visitor,False,False
1,62.61,0,0.0,13,995.08,0.03,0.001428571,0.0,0.03,Feb,2,2,2,2,Returning_Visitor,False,False
1,107.41,0,0.0,34,1399.77,0.02,0.000250438,3.78,0.01,Oct,2,2,1,4,Returning_Visitor,False,False
1,57.08,0,0.0,14,1376.09,0.11,0.11,1.38,0.0,Mar,1,1,1,1,Returning_Visitor,False,True
0,158.33,0,48.35,27,1606.45,0.01,0.01,18.51505467,0.0,Nov,1,1,1,2,New_Visitor,False,True
0,0.0,0,0.0,16,210.0,0.11,0.16,3.04,0.26,Feb,1,10,1,1,Returning_Visitor,False,False
1,73.98,0,12.0,18,5378.045851,0.01,0.01,1.58,0.2,May,2,2,1,3,Returning_Visitor,False,True
0,0.0,1,32.46,14,1158.29,0.038095238,0.05,0.0,0.6,May,2,2,3,7,Returning_Visitor,False,False
1,37.76,0,22.76,9,2569.07,0.1,0.1,1.43,0.04,Mar,3,2,1,1,Returning_Visitor,True,False
3,43.0,0,0.0,38,2018.07,0.01,0.02,6.23,0.05,May,2,6,1,1,Returning_Visitor,False,False
2,85.6,0,0.0,21,1748.34,0.0,0.02,0.0,0.03,Oct,2,2,1,2,Returning_Visitor,False,False
0,31.22,0,0.0,8,650.57,0.2,0.19,0.0,0.2,Mar,2,2,1,1,Returning_Visitor,False,False
8,184.47,9,241.94,59,1934.47,0.01,0.01,19.56746389,0.0,May,3,2,2,13,Returning_Visitor,False,True
1,0.0,0,34.86,1,511.24,0.2,0.2,0.0,0.0,Mar,1,2,1,1,Returning_Visitor,False,False
1,39.45,0,0.0,10,403.16,0.07,0.05,0.0,0.29,May,3,2,6,15,Returning_Visitor,False,False
1,88.8,0,42.92,13,642.89,0.02,0.04,8.01,0.0,Dec,2,2,1,2,Returning_Visitor,False,False
0,31.84,0,21.81,8,436.34,0.09,0.1,5.137714286,0.0,May,4,1,1,3,Returning_Visitor,False,True
0,46.23,0,0.0,9,0.0,0.04,0.08,0.0,0.01,Nov,2,2,1,2,Returning_Visitor,True,False
4,93.0,2,23.0,26,1282.12,0.02,0.03,2.35,0.0,Oct,3,2,1,11,Returning_Visitor,True,False
4,142.7,0,40.6,17,1855.74,0.0,0.033333333,2.62,0.02,Mar,2,2,1,2,New_Visitor,True,False
2,84.0,0,0.0,19,1059.0,0.04,0.05,3.13,0.01,Mar,2,2,2,1,Returning_Visitor,False,False
2,67.0,0,40.01,14,630.97,0.01,0.02,4.65,0.09,May,2,2,3,4,Returning_Visitor,False,False
0,33.79,0,20.97,7,228.5,0.06,0.07,1.52,0.0,Mar,3,2,1,1,Returning_Visitor,False,False
7,115.7272727,0,0.0,43,1762.16,0.030612245,0.04,4.49,0.03,Nov,2,2,2,1,Returning_Visitor,False,False
1,185.48,0,0.0,34,1567.52,0.0,0.04,4.8,0.0,Oct,2,2,2,2,New_Visitor,False,True
7,232.62,5,430.3333333,68,3118.35,0.013513514,0.02,5.1,0.0,Oct,2,2,1,2,Returning_Visitor,False,False
0,144.7,0,0.0,6,1254.94,0.01,0.016666667,124.9045858,0.0,Oct,2,4,9,20,New_Visitor,False,True
1,44.63,0,31.71,4,964.43,0.0,0.04,0.0,0.01,Mar,2,2,2,3,Returning_Visitor,False,False
3,105.31,0,0.0,20,310.25,0.0125,0.0125,0.0,0.0,Mar,2,2,3,2,Returning_Visitor,False,False
0,0.0,0,0.0,55,1258.02,0.049318182,0.02,2.27,0.0,May,2,2,1,1,Returning_Visitor,False,False
4,250.87,1,9.0,109,3731.138116,0.01,0.015244789,4.74,0.12,May,2,2,1,4,Returning_Visitor,False,False
0,99.91,1,0.0,17,885.36,0.0,0.07,4.49,0.0,Dec,2,2,1,2,Returning_Visitor,False,False
1,52.75,0,0.0,14,1474.34,0.08,0.08,2.23,0.0,Oct,2,2,1,2,New_Visitor,False,False
0,36.43,0,21.62,7,1130.07,0.02,0.097142857,0.0,0.03,Mar,2,2,1,1,Returning_Visitor,False,False
0,52.85,0,30.08,14,561.75,0.2,0.2,0.0,0.0,Nov,1,2,1,3,Returning_Visitor,False,False
2,113.58,0,0.0,24,1061.21,0.01,0.00125,2.41,0.02,Oct,1,1,7,2,Returning_Visitor,True,False
6,182.25,0,84.86,37,202.25,0.025,0.02,3.43,0.0,Mar,3,2,1,1,Returning_Visitor,False,False
3,71.0,0,27.11,15,1204.37,0.006451613,0.05,5.793026792,0.03,Mar,2,2,1,2,Returning_Visitor,False,True
5,213.33,0,79.01,27,3134.066667,0.0,0.02,7.69,0.01,Aug,2,2,1,1,Returning_Visitor,False,False
0,71.5,0,26.88,5,118.75,0.01,0.08,0.0,0.0,Dec,2,2,1,8,New_Visitor,False,False
1,109.07,0,51.31,13,701.23,0.0,0.03,11.58,0.0,Mar,2,2,9,2,New_Visitor,False,False
5,145.5,1,0.0,96,1170.82,0.01,0.01,10.13,0.0,Mar,2,2,9,2,Returning_Visitor,False,False
0,55.02,0,19.02,5,1698.65,0.02,0.08,1.87,0.06,Mar,1,1,2,3,Returning_Visitor,False,False
1,49.92,0,22.54,9,504.77,0.02,0.13,1.75,0.0,Mar,1,1,3,2,Returning_Visitor,False,False
0,43.27,0,21.85,1,0.0,0.08,0.08,1.94,0.02,Mar,1,1,4,3,Returning_Visitor,False,False
3,41.0,0,94.17,34,1714.93,0.014705882,0.01806184,9.62,0.52,May,1,1,2,4,Returning_Visitor,False,False
1,0.0,0,28.05,13,1002.2,0.02,0.04,3.16,0.01,Nov,2,2,1,2,Returning_Visitor,False,False
0,117.06,0,55.12,29,1131.208333,0.01,0.02,3.29,0.01,Nov,2,2,9,2,Returning_Visitor,False,True
1,55.03,0,0.0,15,5105.86,0.08,0.08,2.97,0.03,Oct,1,1,1,3,Returning_Visitor,False,False
3,279.0,1,69.5,41,1430.25,0.0,0.009929078,4.23,0.07,Oct,2,2,2,2,Returning_Visitor,False,True
1,0.0,0,26.34,3,58.0,0.06,0.1,1.96,0.02,Mar,2,2,1,1,Returning_Visitor,False,False
0,34.09,0,27.74,1,0.0,0.2,0.2,1.87,0.18,May,2,2,1,13,Returning_Visitor,False,False
0,55.48,0,0.0,9,457.4047799,0.01,0.026938057,0.0,0.09,May,2,2,2,1,Returning_Visitor,False,False
2,202.76,1,95.65,24,2874.083333,0.025,0.025357143,3.34,0.0,May,2,2,3,6,Returning_Visitor,False,False
2,76.09,0,26.06,16,1416.41,0.010526316,0.02,1.65,0.06,Oct,2,2,1,2,Returning_Visitor,False,False
2,66.68,0,0.0,8,1577.0,0.01,0.025,2.96,0.0,Mar,1,1,1,1,Returning_Visitor,False,False
10,263.16,6,211.81,128,3071.17,0.01,0.01644733,6.64,0.0,Oct,3,2,1,1,Returning_Visitor,False,False
1,0.0,0,22.94,8,612.34,0.04,0.07,0.0,0.06,May,2,2,1,1,Returning_Visitor,False,False
2,25.65,0,0.0,13,343.625,0.01,0.04,0.0,0.06,May,2,2,2,2,New_Visitor,False,False
5,122.14,0,0.0,20,4170.65,0.03,0.015,0.0,0.03,Oct,1,1,2,4,Returning_Visitor,True,False
1,0.0,0,0.0,19,1417.62,0.01,0.033333333,3.13,0.05,Oct,2,2,1,1,Returning_Visitor,False,True
1,0.0,0,0.0,8,619.39,0.1,0.14,0.0,0.0,Mar,2,2,3,1,Returning_Visitor,False,False
3,202.1333333,0,55.55,22,721.1833333,0.0,0.01,0.0,0.01,Sep,1,1,1,2,New_Visitor,False,False
4,62.5,0,0.0,101,1231.3,0.011214953,0.02,16.94046729,0.41,May,3,2,1,13,Returning_Visitor,False,False
0,53.86,0,0.0,11,692.19,0.02,0.04,4.76,0.0,Dec,2,2,1,2,Returning_Visitor,False,False
4,44.5,1,0.0,5,1249.68,0.0,0.016666667,2.52,0.2,May,2,2,6,4,Returning_Visitor,False,False
1,0.0,0,0.0,16,1080.41,0.031770833,0.08,0.0,0.02,Oct,1,1,3,3,Returning_Visitor,False,False
0,76.83,0,35.21,14,1098.47,0.0,0.015384615,0.0,0.06,May,2,2,3,4,Returning_Visitor,True,False
8,237.69,1,113.58,50,3007.6875,0.01,0.02,2.51,0.01,Dec,2,2,1,2,Returning_Visitor,False,False
1,0.0,0,40.17,18,780.94,0.05,0.08,0.0,0.0,Mar,3,2,1,13,Returning_Visitor,False,False
1,84.7,0,20.77,11,105.0,0.04,0.06,4.6,0.0,Mar,2,2,1,2,New_Visitor,True,False
1,73.81,0,29.95,9,782.72,0.004692308,0.03,3.88,0.28,May,2,2,1,2,Returning_Visitor,False,False
0,47.74,0,0.0,11,869.13,0.01,0.066666667,1.95,0.0,Mar,2,2,1,2,Returning_Visitor,True,False
1,0.0,0,37.46,28,1154.05,0.02,0.06,0.0,0.4,May,2,2,3,2,Returning_Visitor,False,False
0,86.88,0,0.0,23,5212.708333,0.01,0.025768619,8.505586651,0.06,Oct,2,2,7,2,Returning_Visitor,True,True
0,75.77,0,24.77,10,158.75,0.0,0.03,3.43,0.02,May,2,2,1,2,Returning_Visitor,False,False
1,54.44,0,19.8,10,1561.2,0.028571429,0.06,2.97,0.1,Mar,2,2,2,1,Returning_Visitor,False,False
3,0.0,0,37.94,39,1779.886905,0.01,0.028972694,2.13,0.03,Mar,1,1,3,2,Returning_Visitor,False,False
1,128.13,0,32.3,14,827.49,0.02,0.017391304,6.09,0.25,May,2,2,9,4,Returning_Visitor,False,False
0,48.12,0,0.0,12,145.0,0.066666667,0.11,0.0,0.8,May,3,2,2,13,Returning_Visitor,False,False
0,55.47,0,42.07,17,1087.22,0.01,0.015384615,98.13692308,0.0,May,2,2,6,1,Returning_Visitor,False,True
2,111.77,0,32.45,14,180.1666667,0.01,0.016666667,0.0,0.0,Mar,2,2,1,2,New_Visitor,False,False
0,0.0,0,0.0,13,0.0,0.2,0.2,1.68,0.0,Mar,1,1,1,3,Returning_Visitor,False,False
2,118.18,0,0.0,1,1304.62,0.06,0.07,3.15,0.0,Mar,2,2,2,2,Returning_Visitor,False,False
1,78.77,0,39.5,11,1140.1,0.0,0.03,5.42,0.01,Nov,2,2,1,2,Returning_Visitor,False,False
7,295.6666667,1,116.74,41,2207.833333,0.01,0.016921296,6.44,0.0,Sep,1,8,3,1,New_Visitor,True,False
2,96.92,0,0.0,28,2587.766667,0.0,0.007434641,21.47448516,0.01,Nov,4,2,1,2,Returning_Visitor,False,True
0,0.0,0,0.0,17,1143.96,0.058823529,0.07,0.0,0.0,May,2,2,3,1,Returning_Visitor,False,False
1,47.23,0,19.33,14,1534.87,0.05,0.06,1.84,0.04,Mar,2,2,2,3,Returning_Visitor,False,False
6,109.5,1,21.0,39,4643.755952,0.001687764,0.010776613,7.152750452,0.8,May,1,2,2,4,Returning_Visitor,True,False
4,138.16,2,196.0,27,438.5833333,0.01,0.01,2.79,0.11,May,2,5,1,2,Returning_Visitor,False,False
1,83.97,0,30.71,13,238.5,0.02,0.04,1.86,0.0,May,2,2,1,3,New_Visitor,False,False
0,65.25,0,0.0,4,1484.75,0.14,0.16,0.0,0.03,Mar,2,2,2,3,Returning_Visitor,False,False
4,186.98,2,85.68,71,2576.432121,0.01027027,0.045526366,0.0,0.0,Oct,1,1,7,1,Returning_Visitor,False,False
0,35.5,0,0.0,16,1923.71,0.09,0.09,1.67,1.0,Feb,2,6,1,1,Returning_Visitor,True,False
1,72.28,0,32.35,29,785.474359,0.01,0.001481481,1.65,0.04,Oct,2,2,2,2,Returning_Visitor,True,True
1,67.03,0,32.06,2,701.27,0.13,0.2,2.63,0.72,May,2,2,3,3,Returning_Visitor,False,False
1,69.42,0,30.61,11,718.38,0.027027027,0.05,3.77,0.23,June,3,2,6,13,Returning_Visitor,False,False
1,5.0,0,0.0,2,15.2,0.07,0.09,3.64,0.0,Mar,1,1,1,3,Returning_Visitor,True,False
1,83.52,0,0.0,16,2043.5,0.005555556,0.01,12.3578472,0.0,May,2,5,3,6,Returning_Visitor,False,True
2,91.34,0,0.0,70,2094.138889,0.02,0.05224537,1.85,0.04,Oct,2,2,3,1,Returning_Visitor,False,False
5,52.0,0,71.6,24,1123.05,0.01,0.016,4.28,0.05,Aug,2,2,1,4,New_Visitor,False,False
1,69.68,0,22.62,14,857.24,0.03,0.06,0.0,0.0,Oct,2,2,2,4,New_Visitor,True,False
0,34.62,0,0.0,11,889.06,0.05,0.11,0.0,0.0,Feb,2,4,2,1,Returning_Visitor,False,False
8,153.28,1,79.53,30,1435.82,0.0,0.02,5.798,0.0,Aug,2,2,3,5,New_Visitor,False,False
1,85.18,0,51.16,23,472.752381,0.028571429,0.05,3.82,0.01,Nov,2,2,2,1,Returning_Visitor,False,False
2,171.36,0,91.06,23,1045.87,0.01,0.005555556,7.24,0.01,Dec,2,2,1,2,New_Visitor,False,False
0,67.37,0,26.67,15,222.0,0.025,0.06,0.0,0.07,Mar,1,1,1,1,Returning_Visitor,False,False
1,54.46,0,25.33,15,377.0,0.0,0.04,0.0,0.2,May,2,2,6,4,Returning_Visitor,False,False
1,0.0,0,0.0,15,372.0833333,0.01,0.04,2.46,0.0,Nov,2,2,1,2,Returning_Visitor,True,False
3,169.94,0,55.33,20,2268.900677,0.01,0.02,0.0,0.01,Aug,2,2,1,4,Returning_Visitor,False,False
4,104.77,0,0.0,23,583.8333333,0.002631579,0.02,2.17,0.0,Oct,2,2,4,2,Returning_Visitor,False,False
1,75.4,0,21.83,11,1051.42,0.15,0.17,0.0,0.04,Mar,2,2,2,3,Returning_Visitor,False,False
1,48.63,0,0.0,8,58.5,0.07,0.09,0.0,0.0,Feb,2,6,2,1,Returning_Visitor,False,False
1,82.42,0,0.0,45,2674.339216,0.01,0.03,0.0,0.03,Mar,2,2,8,2,Returning_Visitor,False,False
2,99.54,1,42.4,20,1408.67,0.0,0.03,2.53,0.0,Oct,2,2,9,2,New_Visitor,False,False
1,44.58,0,0.0,1,1163.6,0.1,0.12,1.33,0.0,Mar,1,1,2,1,Returning_Visitor,False,False
1,51.6,0,0.0,19,1000.05,0.01,0.02,0.0,0.0,Aug,2,2,1,3,Returning_Visitor,False,False
4,64.6,1,28.7,30,597.6,0.019047619,0.018594104,3.68,0.22,Oct,3,2,3,5,New_Visitor,True,False
2,92.94,0,0.0,18,1200.53,0.04,0.06,4.33,0.0,Mar,2,2,9,4,New_Visitor,True,False
1,46.72,0,0.0,8,121.375,0.01,0.025,0.0,0.05,Mar,2,2,6,1,Returning_Visitor,False,False
3,165.11,0,0.0,43,1719.416667,0.004347826,0.026231884,3.89,0.0,May,1,1,3,4,Returning_Visitor,False,False
2,42.33,0,28.58,15,3601.66,0.03,0.02,0.0,0.04,Aug,2,2,9,5,New_Visitor,False,False
1,0.0,0,0.0,12,572.87,0.01,0.03,2.0,0.0,Nov,1,1,4,10,Returning_Visitor,True,False
3,153.25,0,70.11,12,402.7166667,0.01,0.01,2.94,0.09,May,2,2,5,4,New_Visitor,True,True
4,176.6,1,335.0,41,3583.166667,0.01,0.02,11.15734286,0.05,Oct,2,2,2,2,Returning_Visitor,True,False
4,153.07,0,0.0,22,714.9666667,0.01,0.02,0.0,0.03,Nov,1,1,2,2,New_Visitor,True,False
8,326.0,3,11.5,47,3539.944615,0.010209424,0.02,9.26,0.0,Aug,2,2,1,2,Returning_Visitor,False,False
0,0.0,0,26.25,11,1098.59,0.048148148,0.05,0.0,0.0,Oct,2,2,1,3,Returning_Visitor,False,False
2,92.66,0,48.16,21,1388.05,0.0,0.005932203,6.53,0.01,Nov,2,2,1,2,Returning_Visitor,True,True
3,144.01,0,73.84,34,1298.95,0.01,0.033333333,2.83,0.0,Oct,3,2,1,1,Returning_Visitor,False,False
0,72.64,0,44.84,5,1237.43,0.0,0.04,2.36,0.03,Feb,2,5,3,1,Returning_Visitor,False,False
6,311.1361111,0,0.0,54,2478.45,0.010087719,0.035614035,133.2813786,0.15,May,3,2,1,1,Returning_Visitor,False,False
1,104.85,0,50.6,30,2600.43,0.02,0.007142857,38.06520001,0.04,Aug,2,2,1,5,New_Visitor,False,True
1,140.5,1,74.55,26,1112.1,0.02037037,0.043333333,7.13,0.01,Nov,2,2,2,1,Returning_Visitor,False,False
1,39.61,0,26.08,8,768.61,0.01,0.029230769,0.0,0.0,May,2,2,4,3,Returning_Visitor,False,False
2,80.25,1,65.78,25,2618.681061,0.005797101,0.02,3.95,0.0,Oct,3,2,1,8,Returning_Visitor,False,True
2,99.89,0,37.51,15,1728.321429,0.01,0.016428571,0.0,0.07,May,1,1,6,4,Returning_Visitor,False,False
4,82.16666667,0,40.85,18,1012.77,0.02,0.02,2.16,0.2,May,2,2,1,2,Returning_Visitor,False,False
0,0.0,0,32.45,15,0.0,0.2,0.2,2.0,0.1,Mar,3,2,1,3,Returning_Visitor,False,False
6,132.85,2,86.39,1,7214.48,0.1,0.133333333,1.96,0.02,Nov,1,1,1,1,Returning_Visitor,False,False
1,51.07,0,19.51,10,1276.07,0.11,0.13,0.0,0.0,Mar,2,2,2,3,Returning_Visitor,False,False
1,63.13,0,25.92,15,917.97,0.0,0.00625,2.11,0.0,Mar,2,2,1,2,New_Visitor,False,True
2,133.5,0,0.0,4,454.3333333,0.01,0.025,0.0,0.04,Oct,2,2,9,3,New_Visitor,False,False
1,0.0,0,30.85,14,648.0678571,0.04,0.06,4.16,0.03,Mar,2,2,1,1,Returning_Visitor,False,False
3,119.5,1,97.61,28,673.625,0.01,0.02,0.0,0.0,Dec,3,2,1,1,Returning_Visitor,True,False
0,36.64,0,0.0,6,1039.77,0.01,0.05,2.14,0.23,May,2,2,1,3,Returning_Visitor,False,False
1,45.0,0,0.0,8,1439.7,0.07,0.07,2.32,0.05,Mar,3,2,6,3,Returning_Visitor,False,False
1,0.0,0,20.11,9,1109.32,0.11,0.12,0.0,0.0,Mar,2,2,1,1,Returning_Visitor,False,False
3,0.0,2,39.04,26,2860.76,0.01,0.02,3.39,0.0,Oct,1,1,1,2,New_Visitor,True,True
0,0.0,0,36.68,22,2021.4,0.01,0.030769231,0.0,0.05,Mar,3,2,1,1,Returning_Visitor,False,False
1,0.0,0,0.0,15,340.1,0.04,0.07,7.22,0.03,Aug,3,2,1,7,Returning_Visitor,False,False
4,146.17,0,57.81,28,4895.26,0.01,0.02,5.763678818,0.04,Oct,2,2,3,2,Returning_Visitor,False,False
1,0.0,0,24.51,12,1291.31,0.011463415,0.04,4.49,0.03,Mar,2,2,2,2,Returning_Visitor,True,True
1,80.65,0,0.0,14,831.0,0.05,0.06,3.85,0.0,Dec,2,2,1,2,Returning_Visitor,False,False
11,231.01,0,169.19,71,419.25,0.01,0.02,2.66,0.17,May,2,2,1,4,Returning_Visitor,False,False
3,53.25,1,77.0,24,2873.18,0.02,0.03,11.97910693,0.02,Oct,1,1,1,1,Returning_Visitor,True,True
3,148.78,0,45.57,28,1444.83,0.0,0.03,5.61,0.03,May,2,2,2,2,New_Visitor,True,False
0,0.0,0,18.54,22,996.3,0.04,0.06,0.0,0.0,Mar,2,2,1,1,Returning_Visitor,False,False
1,64.64,0,0.0,14,866.0,0.0,0.02,1.74,0.08,Oct,2,2,1,1,Returning_Visitor,False,False
2,151.6,0,0.0,27,214.8333333,0.01,0.022222222,0.0,0.0,Feb,2,2,1,1,Returning_Visitor,False,False
3,0.0,0,48.27,22,1212.14,0.01,0.003846154,119.8943327,0.0,May,2,2,6,1,Returning_Visitor,True,True
0,27.55,0,0.0,1,334.24,0.2,0.2,1.79,0.16,Feb,4,1,1,3,Returning_Visitor,True,False
1,0.0,0,0.0,12,51.0,0.0,0.1,1.49,0.03,Mar,2,2,3,2,Returning_Visitor,False,False
0,88.52,0,68.51,30,2787.678571,0.01,0.02,57.48364657,0.01,Nov,2,2,1,2,Returning_Visitor,False,False
1,47.95,0,0.0,9,977.16,0.17,0.18,1.91,0.01,Nov,2,2,1,2,Returning_Visitor,True,False
2,97.27,0,47.31,56,1903.86,0.01,0.02,1.94,0.02,Nov,2,2,4,2,Returning_Visitor,False,False
0,0.0,0,0.0,15,59.0,0.0,0.05,7.51,0.01,Dec,1,1,2,2,New_Visitor,False,False
1,53.56,0,0.0,16,1291.34,0.0,0.04,2.5,0.0,Nov,2,2,9,2,Returning_Visitor,False,True
1,0.0,0,44.48,17,985.16,0.02,0.06,0.0,0.0,Nov,3,2,4,3,Returning_Visitor,True,False
0,43.9,0,0.0,2,684.09,0.03,0.05,2.58,0.0,Mar,2,2,1,1,Returning_Visitor,False,False
2,16.0,0,30.42,15,399.0,0.01,0.03,0.0,0.0,Mar,1,1,7,8,New_Visitor,False,False
2,85.98,0,21.88,12,1179.09,0.0,0.004444444,9.253161679,0.04,Oct,2,2,1,2,New_Visitor,False,True
2,0.0,0,44.3,24,113.0,0.03,0.1,2.93,0.1,Oct,2,2,1,13,Returning_Visitor,False,False
1,0.0,0,0.0,9,603.32,0.05,0.06,2.93,0.12,May,2,2,1,3,Returning_Visitor,False,False
1,61.0125,0,19.35,51,1260.07,0.13,0.15,0.0,0.04,Mar,2,2,1,3,Returning_Visitor,False,False
2,153.85,0,0.0,17,504.6,0.01,0.05,0.0,0.0,Dec,2,2,1,2,Returning_Visitor,False,True
3,155.7,0,0.0,25,1883.88,0.01,0.02,2.76,0.03,Nov,1,1,1,4,New_Visitor,False,False
2,95.6,0,54.25,28,967.55,0.0,0.01,2.59,0.01,Jul,2,2,1,10,Returning_Visitor,False,False
1,57.66,0,0.0,31,1574.375,0.01,0.022580645,2.75,0.01,Dec,2,2,4,2,Returning_Visitor,False,False
1,58.73,0,0.0,16,0.0,0.2,0.2,0.0,0.0,Nov,2,2,2,1,Returning_Visitor,True,False
1,95.54,0,0.0,32,814.6071429,0.02,0.05,9.14,0.23,May,2,2,1,3,Returning_Visitor,False,True
1,65.9,0,0.0,11,1418.0,0.12,0.14,0.0,0.03,Mar,2,2,2,3,Returning_Visitor,False,False
2,134.13,0,0.0,16,341.0,0.01,0.007692308,4.74,0.01,Mar,2,2,9,2,New_Visitor,False,True
10,790.9,1,325.23,92,2900.0,0.003076923,0.02,5.43,0.0,May,2,2,1,2,New_Visitor,False,True
3,158.18,1,0.0,30,1237.7,0.0,0.002083333,0.0,0.01,Oct,2,2,6,2,Returning_Visitor,False,False
3,143.03,0,48.58,19,1489.590909,0.03,0.06,3.61,0.0,Oct,3,2,2,1,Returning_Visitor,False,False
1,68.22,0,28.45,12,34.0,0.0,0.066666667,1.85,0.07,May,2,2,1,3,Returning_Visitor,False,False
1,71.82,0,0.0,8,1236.2,0.02,0.028571429,0.0,0.0,Mar,2,2,1,4,Returning_Visitor,True,False
6,282.34,1,112.43,40,2055.36,0.01,0.02,3.15,0.06,May,2,2,1,2,Returning_Visitor,False,True
2,17.75,0,47.22,24,1254.67,0.031818182,0.06,3.44,0.0,Nov,1,1,9,2,Returning_Visitor,False,False
6,249.27,3,133.84,41,405.3333333,0.0,0.02,3.05,0.03,Aug,3,2,3,4,Returning_Visitor,False,False
1,51.96,0,0.0,14,713.77,0.071428571,0.08,2.02,0.0,May,3,2,4,3,Returning_Visitor,True,False
1,143.0,0,37.66,18,591.42,0.01,0.02,3.16,0.02,May,1,1,1,2,Returning_Visitor,True,False
5,52.46666667,1,34.8,20,1033.89,0.0,0.01,2.25,0.0,Oct,2,2,3,2,New_Visitor,False,False
1,47.45,0,29.36,13,0.0,0.2,0.2,2.05,0.01,Nov,2,2,1,3,Returning_Visitor,True,False
2,80.78,0,0.0,20,1255.06,0.011111111,0.022222222,0.0,0.2,May,3,2,1,13,Returning_Visitor,False,False
1,55.38,0,0.0,12,416.6666667,0.02,0.004545455,0.0,0.0,Mar,2,2,3,2,Returning_Visitor,True,False
3,53.5,0,0.0,15,879.35,0.01,0.016721311,4.92,0.03,May,3,2,1,4,Returning_Visitor,False,False
0,37.34,0,0.0,10,149.0,0.17,0.155555556,1.42,0.12,Feb,2,2,2,3,Returning_Visitor,False,False
4,54.8,0,0.0,22,2004.73,0.0,0.028571429,3.51,0.0,Oct,2,2,2,2,Returning_Visitor,True,False
1,159.52,0,0.0,81,1919.61,0.01,0.010230908,3.29,0.0,May,2,2,1,4,Returning_Visitor,False,False
1,5.384615385,0,0.0,25,999.9,0.01372549,0.02254902,19.1127451,0.39,May,2,2,6,4,Returning_Visitor,False,False
3,0.0,0,0.0,5,1960.2,0.0,0.033333333,2.46,0.0,Mar,2,2,2,4,Returning_Visitor,True,True
2,133.74,1,67.77,27,1719.71,0.003307888,0.012517824,3.83397413,0.01,Nov,2,2,2,2,Returning_Visitor,False,False
1,56.96,0,20.24,12,957.21,0.08,0.07,23.00459544,0.02,Oct,2,2,1,2,New_Visitor,False,True
1,37.85,0,0.0,12,1669.3,0.2,0.2,1.61,0.02,Mar,1,1,1,4,Returning_Visitor,False,False
3,91.4,2,125.0,27,1653.73,0.02,0.03,96.25511582,0.06,May,2,4,1,1,New_Visitor,False,True
0,0.0,1,55.0,19,1462.45,0.01,0.003225806,3.23,0.0,May,2,2,1,5,New_Visitor,False,True
1,63.15,0,0.0,10,497.84,0.02,0.05,1.99,0.0,Nov,1,2,8,2,Returning_Visitor,False,False
9,233.11,4,388.6666667,84,595.0095238,0.01,0.02,6.28,0.01,Mar,2,2,1,2,New_Visitor,False,False
0,46.99,0,23.48,12,1366.3,0.18,0.19,1.52,0.03,Mar,2,2,1,4,Returning_Visitor,False,False
4,149.26,0,250.6666667,47,2088.43,0.0,0.001086957,45.8293144,0.01,Mar,2,2,1,2,New_Visitor,False,True
1,71.9,0,22.2,10,676.27,0.0,0.01,0.0,0.0,Nov,1,1,1,2,New_Visitor,False,False
0,60.07,0,0.0,12,459.0833333,0.004545455,0.03,2.25,0.03,Mar,2,2,1,2,Returning_Visitor,False,False
2,0.0,0,30.32,16,1022.384615,0.014634146,0.03,2.09,0.01,Mar,1,1,3,10,Returning_Visitor,False,False
1,51.89,0,20.62,8,919.07,0.025,0.03,0.0,0.0,Mar,2,2,6,1,Returning_Visitor,False,False
1,32.0,0,28.35,12,471.5,0.02,0.066666667,0.0,0.0,May,2,2,1,3,Returning_Visitor,False,False
1,62.14,0,0.0,9,1583.57,0.01,0.018181818,2.16,0.02,Mar,2,2,1,1,Returning_Visitor,False,False
0,46.57,0,22.25,13,96.5,0.030769231,0.05,0.0,0.05,Feb,2,2,4,1,Returning_Visitor,False,False
2,47.33333333,0,38.98,4,34.83333333,0.02,0.04,3.28,0.0,May,3,2,2,15,Returning_Visitor,False,False
0,0.0,0,59.94,20,698.52,0.01,0.04,5.59,0.01,Mar,2,2,7,2,Returning_Visitor,False,False
4,129.86,0,70.61,66,2026.73,0.01,0.02229101,0.0,0.02,Mar,2,2,1,2,Returning_Visitor,False,False
6,365.1111111,4,132.94,59,5882.174206,0.0,0.02,2.57,0.01,Oct,2,2,3,2,Returning_Visitor,False,False
2,70.72,0,30.09,13,1012.59,0.01,0.011764706,0.0,0.02,Oct,2,4,1,2,Returning_Visitor,False,True
1,94.19,0,58.85,17,749.44,0.019242424,0.04,5.97,0.0,Dec,2,2,8,2,Returning_Visitor,False,False
0,0.0,0,0.0,47,1873.08,0.01,0.039979296,0.0,0.0,Mar,2,2,1,4,Returning_Visitor,True,False
2,83.6,0,0.0,21,936.16,0.01,0.01,3.99,0.02,Nov,1,1,4,4,New_Visitor,False,False
2,0.0,0,41.3,16,906.4,0.0,0.03,0.0,0.0,Mar,2,2,3,2,Returning_Visitor,True,False
1,73.68,0,29.29,0,0.0,0.02,0.1,2.17,0.11,Nov,2,2,6,1,Returning_Visitor,False,False
0,91.34,1,0.0,15,0.0,0.13,0.2,3.49,0.65,May,2,2,3,6,Returning_Visitor,False,False
2,58.46,0,36.19,10,723.67,0.006959671,0.009804129,1.34,0.13,Oct,1,1,3,3,Returning_Visitor,False,True
0,0.0,0,45.39,21,864.85,0.0,0.04,3.03,0.0,Mar,3,2,3,10,Returning_Visitor,False,False
1,51.19,0,27.91,36,513.4,0.004166667,0.07,16.09065,0.6,May,2,2,1,4,Returning_Visitor,False,False
2,28.2,1,69.38,7,1600.37,0.0,0.02,94.01683315,0.01,Nov,2,2,3,2,Returning_Visitor,False,True
1,33.26,0,18.85,11,48.0,0.01,0.066666667,0.0,0.0,Mar,1,1,1,1,Returning_Visitor,False,False
2,103.87,0,44.51,5,971.16,0.0,0.02,0.0,0.0,Oct,2,2,1,2,Returning_Visitor,False,False
1,31.71,0,24.18,10,1163.84,0.04,0.08,0.0,0.0,Oct,2,2,1,1,Returning_Visitor,False,False
1,36.97,0,20.92,11,238.55,0.07,0.09,0.0,0.0,Mar,3,2,1,3,Returning_Visitor,False,False
1,136.5,0,74.28,24,1610.48,0.01,0.02,39.96971545,0.01,Aug,1,1,1,2,Returning_Visitor,True,False
0,0.0,0,0.0,48,1619.16,0.0,0.020991254,3.42,0.02,Oct,2,2,1,1,Returning_Visitor,False,False
3,19.0,0,0.0,19,702.125,0.01,0.018333333,0.0,0.0,Mar,2,2,1,2,Returning_Visitor,False,False
0,41.91,0,0.0,14,1674.0,0.04,0.05,0.0,0.0,Mar,2,2,4,1,Returning_Visitor,False,False
2,0.0,0,0.0,14,1288.06,0.0,0.021428571,0.0,0.02,Oct,1,1,3,2,Returning_Visitor,False,False
7,407.19,4,225.7666667,124,9630.209524,0.01,0.03,52.9,0.29,Feb,8,13,9,5,Other,False,False
2,72.21,1,53.96,17,753.34,0.01,0.011574074,4.23,0.0,Dec,1,1,1,2,Returning_Visitor,False,False
4,96.6,0,106.98,15,1526.25,0.01,0.021052632,6.09,0.0,Oct,2,2,1,4,Returning_Visitor,False,True
0,89.38,0,0.0,23,1099.25,0.0,0.007407407,4.73,0.0,Nov,1,1,1,2,Returning_Visitor,False,False
9,250.61,0,140.51,57,2104.74,0.0,0.006917563,4.84,0.01,Oct,2,2,1,2,Returning_Visitor,False,False
1,54.23,0,0.0,18,974.53,0.2,0.2,0.0,0.01,Nov,2,2,1,1,Returning_Visitor,False,False
1,36.54,0,0.0,12,236.5,0.06,0.08,1.59,0.03,May,1,1,1,3,Returning_Visitor,True,False
1,69.68,0,0.0,12,688.77,0.0,0.02,2.88,0.0,Feb,2,6,7,2,Returning_Visitor,False,False
1,0.0,0,67.17,16,866.2,0.033333333,0.07,0.0,0.4,May,2,2,3,4,Returning_Visitor,False,False
1,0.0,0,34.47,5,22.0,0.1,0.12,1.55,0.08,May,3,2,1,13,Returning_Visitor,False,False
3,65.5,0,47.25,30,1384.32,0.014141414,0.039393939,3.6,0.01,Nov,2,2,1,2,Returning_Visitor,True,False
0,38.75,0,31.88,15,0.0,0.2,0.2,0.0,0.03,Oct,2,2,4,3,Returning_Visitor,False,False
2,189.36,0,62.16,21,1261.316667,0.01,0.009183673,0.0,0.0,Aug,2,2,1,4,Returning_Visitor,True,False
7,490.5,1,83.73,43,1625.12,0.01,0.01037037,4.5,0.02,Nov,2,2,3,1,New_Visitor,False,False
0,0.0,0,0.0,12,1036.12,0.083333333,0.08,1.96,0.05,Feb,2,2,5,1,Returning_Visitor,False,False
0,0.0,0,65.5,15,574.8333333,0.0,0.09,0.0,0.03,Mar,2,2,2,1,Returning_Visitor,False,False
0,0.0,0,0.0,22,13.0,0.066666667,0.07,9.16,0.08,Feb,2,2,3,1,Returning_Visitor,False,False
8,245.0833333,1,105.83,32,1405.37,0.005154639,0.022696032,4.75,0.07,May,3,2,1,13,Returning_Visitor,False,False
3,90.78,0,34.85,16,1492.4,0.011764706,0.043137255,2.54,0.0,Oct,2,2,1,2,Returning_Visitor,False,False
1,0.0,0,23.34,2,41.5,0.1,0.1,0.0,0.09,Mar,1,1,3,3,Returning_Visitor,True,False
3,97.33,0,38.41,19,819.1,0.02,0.025,2.28,0.09,Oct,4,1,1,11,Returning_Visitor,False,False
0,0.0,0,28.67,8,1137.0,0.16,0.15,0.0,0.8,May,4,1,1,1,Returning_Visitor,False,False
2,0.0,0,55.53,14,2425.0,0.01,0.01,5.64,0.0,Oct,2,2,1,2,Returning_Visitor,False,False
0,507.35,4,620.25,23,3601.42,0.02,0.02,3.95,0.01,Dec,1,2,1,2,Returning_Visitor,True,False
6,189.33,1,67.19,35,2055.23,0.0,0.015789474,3.52,0.02,Nov,1,1,3,2,Returning_Visitor,True,False
1,61.9,0,0.0,12,1151.136905,0.0,0.05,15.27655756,0.01,Dec,1,2,1,2,Returning_Visitor,False,True
1,55.26,0,0.0,13,566.23,0.04,0.06,0.0,0.0,Mar,2,2,3,10,Returning_Visitor,False,False
3,159.77,1,186.0,31,2905.943651,0.01,0.010215054,0.0,0.02,May,2,6,3,2,Returning_Visitor,False,False
3,92.09,0,42.86,20,1534.825143,0.01,0.03,7.180348301,0.01,Mar,1,1,2,10,Returning_Visitor,True,True
0,48.14,0,26.24,3,871.33,0.04,0.19,3.44,0.01,Dec,1,1,1,2,Returning_Visitor,False,False
1,0.0,0,23.38,12,1283.39,0.018181818,0.02,2.24,0.0,Feb,2,6,1,1,Returning_Visitor,False,False
1,53.66,0,36.14,4,667.64,0.03,0.17,0.0,0.01,Dec,2,5,3,8,Returning_Visitor,True,False
1,84.44,0,22.51,22,641.5166667,0.00952381,0.00952381,5.71,0.03,Feb,2,2,1,2,Returning_Visitor,False,False
1,51.79,0,25.63,11,3086.398654,0.05,0.05,1.78,0.4,May,2,2,1,4,Returning_Visitor,False,False
4,166.9318182,1,246.0,51,2111.98,0.004310345,0.017471264,4.91,0.6,May,2,2,2,4,Returning_Visitor,False,False
0,36.91,0,0.0,7,934.8704274,0.06,0.17,0.0,0.05,Mar,1,1,3,3,Returning_Visitor,False,False
6,189.88,0,96.32,9,208.8333333,0.01,0.02,70.31635146,0.0,Nov,2,2,2,2,Returning_Visitor,False,True
1,0.0,0,21.82,11,203.5,0.018181818,0.02,1.98,0.16,Mar,4,2,1,4,Returning_Visitor,False,False
6,142.16,0,65.05,22,1624.92,0.01,0.01,2.55,0.01,Jul,2,2,1,4,Returning_Visitor,False,False
1,0.0,0,28.08,15,77.5,0.1,0.14,1.96,0.02,Feb,2,2,4,11,Returning_Visitor,True,False
3,119.14,0,10.0,25,2877.5,0.007692308,0.02,3.39,0.01,Oct,2,2,3,2,Returning_Visitor,False,False
1,75.0,0,0.0,17,1469.86,0.011764706,0.030392157,4.74,0.03,Mar,2,2,1,2,Returning_Visitor,True,True
0,37.64,0,20.48,8,492.84,0.02,0.07,1.59,0.01,Dec,3,2,1,3,Returning_Visitor,False,False
1,79.26,0,25.97,14,602.25,0.01,0.02,3.66,0.0,Nov,2,2,1,2,Returning_Visitor,True,False
0,48.56,0,24.63,1,967.65,0.02,0.1,1.47,0.03,Oct,2,2,1,1,Returning_Visitor,False,False
2,113.38,0,33.53,18,585.76,0.01,0.03,0.0,0.0,May,2,2,2,4,New_Visitor,False,False
1,29.5,0,0.0,29,658.67,0.0,0.04,12.455,0.0,Mar,2,2,3,2,Returning_Visitor,False,True
4,89.07,0,0.0,21,362.6333333,0.01,0.02,1.6,0.09,May,2,2,1,3,Returning_Visitor,False,False
4,49.5,0,42.39,4,180.5,0.028571429,0.04,2.19,0.03,Mar,2,2,1,2,Returning_Visitor,False,False
3,230.3263889,1,84.35,86,2351.834722,0.01,0.020836197,0.335232374,0.0,Dec,2,2,1,2,Returning_Visitor,False,False
0,29.53,0,26.03,1,1094.87,0.2,0.2,2.33,0.05,Mar,1,2,1,4,Returning_Visitor,False,False
1,69.2,0,0.0,11,980.25,0.04,0.05,2.22,0.04,Mar,2,2,2,1,Returning_Visitor,False,False
3,125.1,0,51.55,31,2474.68,0.0,0.0,3.14,0.06,Nov,1,1,7,2,Returning_Visitor,False,True
2,120.0,1,107.78,24,1583.596154,0.0,0.028282828,39.63270309,0.02,Mar,2,2,2,2,Returning_Visitor,False,False
1,67.08,0,21.43,10,572.9761905,0.005405405,0.08,0.0,0.0,Mar,2,2,2,4,Returning_Visitor,False,False
0,29.1,0,0.0,9,0.0,0.2,0.2,0.0,0.06,Mar,1,1,1,3,Returning_Visitor,True,False
3,53.4,0,47.26,23,216.7,0.01,0.02,2.26,0.04,Oct,2,2,2,2,New_Visitor,False,False
1,99.57,0,91.27,518,2199.76,0.08,0.09,3.54,0.03,Mar,2,2,3,2,Returning_Visitor,False,False
0,66.93,0,23.77,18,811.85,0.01,0.047222222,2.24,0.0,Oct,2,2,1,2,Returning_Visitor,True,False
1,79.02,0,28.9,12,892.0833333,0.04,0.11,0.0,0.01,Dec,2,2,1,2,New_Visitor,False,False
1,62.46,0,31.68,14,845.9,0.01,0.06,5.17,0.0,Dec,3,2,9,2,Returning_Visitor,True,True
5,123.64,3,56.26,23,5639.22176,0.01,0.03,2.91,0.01,Dec,2,2,1,2,Returning_Visitor,False,False
3,56.4,1,0.0,72,2101.467925,0.006140351,0.01,2.94,0.0,Aug,1,1,3,2,Returning_Visitor,False,False
2,99.96,0,34.2,19,459.0,0.01,0.028571429,26.98,0.06,May,2,2,2,2,Returning_Visitor,False,True
1,86.76,1,55.44,3,957.39,0.12,0.133333333,0.0,0.0,Oct,2,10,3,4,Returning_Visitor,False,False
0,32.38,0,33.36,2,616.95,0.01,0.1,0.0,0.16,June,2,4,6,1,Returning_Visitor,False,False
3,105.5,0,0.0,32,1403.541667,0.01,0.00125,5.08,0.01,Oct,8,4,9,20,Other,False,False
2,49.17,1,42.89,20,797.73,0.01,0.06290128,1.59,0.0,Jul,3,2,1,3,Returning_Visitor,True,False
2,91.54,0,23.25,8,374.6,0.0,0.010526316,0.0,0.03,May,3,2,3,3,New_Visitor,False,False
0,48.61,0,0.0,20,1029.93,0.01,0.075,2.19,0.0,Mar,2,2,2,1,Returning_Visitor,False,False
1,59.63,0,0.0,10,564.24,0.05,0.08,2.91,0.0,Jul,2,2,7,1,Returning_Visitor,False,True
1,32.7,0,0.0,27,1302.77,0.08,0.09,2.36,0.0,Mar,1,2,2,3,Returning_Visitor,False,False
0,0.0,0,26.25,2,4573.25,0.09,0.09,3.34,0.02,Oct,1,1,1,3,Returning_Visitor,False,False
1,78.06,0,0.0,17,871.58,0.02,0.062962963,2.81,0.05,Oct,2,2,1,2,Returning_Visitor,False,False
0,0.0,0,18.11,1,0.0,0.06,0.08,0.0,0.05,Mar,1,2,1,1,Returning_Visitor,False,False
1,44.41,0,24.23,10,867.14,0.05,0.12,1.52,0.01,Dec,3,2,7,1,Returning_Visitor,False,False
3,113.7,0,0.0,6,181.2666667,0.018181818,0.03,1.95,0.0,Oct,1,1,7,3,Returning_Visitor,False,False
0,98.31,1,58.48,17,657.95,0.01,0.04,3.84,0.01,Dec,3,2,6,2,Returning_Visitor,False,False
2,93.0,0,28.49,5,85.5,0.02,0.03,0.0,0.01,Mar,2,4,3,2,New_Visitor,False,True
3,152.2,4,92.41,47,2212.46,0.02,0.03,0.0,0.02,Nov,2,2,1,2,Returning_Visitor,True,False
1,28.42,0,21.63,8,1162.42,0.13,0.15,0.0,0.05,May,2,2,1,3,Returning_Visitor,False,False
1,36.03,0,16.72,10,610.24,0.07,0.07,0.0,0.04,Oct,3,2,1,1,Returning_Visitor,False,False
4,164.46,1,92.92,32,1252.85,0.0,0.02,52.74177636,0.0,Dec,1,2,1,2,Returning_Visitor,False,True
3,202.99,1,200.67,54,3978.245833,0.01,0.02,0.0,0.01,Nov,2,2,6,1,Returning_Visitor,True,False
1,44.31,0,0.0,10,698.3,0.02,0.06,1.87,0.01,Nov,2,2,3,1,Returning_Visitor,True,False
1,48.22,0,0.0,5,276.0,0.04,0.07,7.74,0.0,May,3,2,2,1,Returning_Visitor,False,False
1,0.0,0,22.55,9,472.875,0.03,0.05,0.0,0.0,Mar,2,2,2,2,Returning_Visitor,False,False
0,0.0,0,0.0,18,473.75,0.03,0.05,0.0,0.05,May,3,2,1,3,Returning_Visitor,False,False
1,0.0,0,0.0,10,189.5,0.02,0.05,0.0,0.0,Mar,3,2,1,1,Returning_Visitor,False,False
1,52.22,0,118.1,14,184.1,0.04,0.07,1.79,0.04,May,2,2,3,4,Returning_Visitor,False,False
1,57.0,0,21.85,12,918.13,0.0,0.04,9.57,0.1,May,3,2,2,7,Returning_Visitor,False,False
0,76.87,0,65.49,26,1170.36,0.01,0.032948718,0.0,0.01,Nov,3,2,4,13,Returning_Visitor,False,False
2,94.33,0,35.54,5,1212.49,0.02,0.011111111,4.19,0.02,Mar,3,2,2,9,New_Visitor,False,False
2,114.25,0,0.0,38,9126.982468,0.01,0.02,1.74,0.06,Oct,2,2,1,2,Returning_Visitor,False,True
1,51.39,0,18.75,9,96.46666667,0.06,0.08,3.21,0.04,Mar,2,2,1,1,Returning_Visitor,False,False
1,0.0,0,43.38,17,988.19,0.2,0.2,2.7,0.17,Mar,1,1,1,1,Returning_Visitor,True,False
8,242.22,1,0.0,52,5721.800123,0.001142857,0.02,7.26,0.01,Oct,2,2,1,1,Returning_Visitor,False,False
0,30.34,0,30.08,10,0.0,0.2,0.2,0.0,0.6,Feb,2,1,1,3,Returning_Visitor,False,False
2,89.39,0,29.04,24,914.5060606,0.01,0.016666667,0.0,0.04,May,2,2,3,4,Returning_Visitor,False,False
2,165.18,0,87.89,26,969.21,0.01,0.025,11.48,0.0,Mar,2,2,9,2,New_Visitor,False,False
1,0.0,0,30.34,10,920.93,0.01,0.02,0.0,0.0,Nov,1,2,1,2,New_Visitor,True,False
0,0.0,0,39.79,16,730.29,0.2,0.2,2.65,0.0,Nov,3,2,1,1,Returning_Visitor,False,False
1,65.94,0,23.37,2,1177.81,0.02,0.1,3.47,0.14,May,2,2,1,6,Returning_Visitor,True,False
0,42.58,0,25.3,1,687.86,0.2,0.2,1.65,0.0,Nov,2,4,1,3,Returning_Visitor,False,False
0,79.77,0,62.27,23,1092.333333,0.01,0.02,3.46,0.01,Dec,2,2,6,2,Returning_Visitor,False,False
3,99.82,0,0.0,31,1840.666667,0.02,0.02,0.0,0.1,May,2,2,7,13,Returning_Visitor,False,False
1,0.0,0,0.0,11,562.22,0.04,0.06,0.0,0.05,May,2,2,2,3,Returning_Visitor,False,False
1,55.76,0,40.25,19,1274.19,0.01,0.085,1.61,0.0,Nov,1,2,1,2,Returning_Visitor,False,False
0,67.24,0,0.0,7,70.0,0.01,0.028571429,2.44,0.16,May,2,2,1,2,Returning_Visitor,False,False
3,152.82,0,41.29,16,1302.64,0.03,0.04,0.0,0.02,Mar,2,2,1,2,New_Visitor,True,False
2,95.87,2,102.0,31,624.5833333,0.02,0.02,2.7,0.07,Oct,3,2,6,13,Returning_Visitor,False,False
2,199.0,1,59.6,10,950.32,0.01,0.045454545,11.26,0.59,May,2,2,2,1,Returning_Visitor,False,False
2,44.84,0,37.47,26,1124.07,0.03,0.07,0.0,0.03,May,2,2,5,2,Returning_Visitor,False,False
3,0.0,0,0.0,4,1433.65,0.05,0.04,2.08,0.03,Nov,2,2,1,2,New_Visitor,False,False
12,56.84,0,49.42,38,1690.88,0.02,0.01,13.28070081,0.07,May,2,2,1,3,Returning_Visitor,False,False
0,0.0,0,0.0,11,772.18,0.2,0.2,0.0,0.04,Mar,2,2,1,1,Returning_Visitor,False,False
1,39.2,0,22.79,9,356.12,0.02,0.03,0.0,0.06,Mar,4,2,2,2,Returning_Visitor,False,False
1,52.78,0,0.0,12,1367.64,0.01,0.043589744,1.89,0.08,Oct,2,2,2,1,Returning_Visitor,False,False
2,82.18,0,48.84,20,139.0,0.0,0.066666667,2.43,0.01,Dec,2,2,1,2,Returning_Visitor,False,True
1,47.78,0,0.0,18,1014.49,0.03,0.06,1.92,0.01,Mar,2,2,1,1,Returning_Visitor,False,False
0,66.61,1,22.07,11,982.757619,0.15,0.17,1.63,0.0,Mar,2,2,2,3,Returning_Visitor,False,False
1,65.5,0,0.0,51,1544.855159,0.012244898,0.027755102,4.72,0.01,Nov,2,1,1,2,Returning_Visitor,True,False
4,119.73,1,119.76,46,4653.190245,0.01,0.025219763,5.69,0.01,Nov,2,2,1,3,Returning_Visitor,False,True
3,166.59,0,0.0,22,2021.747727,0.003076923,0.01,7.0,0.04,May,2,2,1,4,Returning_Visitor,False,False
1,0.0,0,0.0,12,338.75,0.0,0.02,1.85,0.04,Mar,2,4,1,2,Returning_Visitor,False,False
1,53.14,0,24.79,12,1145.416667,0.01,0.048484848,1.74,0.02,Mar,2,2,3,10,Returning_Visitor,True,False
1,74.92,0,35.39,17,1053.81,0.02,0.013333333,4.86,0.01,Nov,1,2,9,2,New_Visitor,True,True
2,83.0,0,0.0,21,817.72,0.0,0.02,3.53,0.04,May,2,2,7,4,Returning_Visitor,False,False
3,74.79,0,0.0,10,272.5,0.03,0.011111111,0.0,0.0,Mar,1,1,1,2,Returning_Visitor,True,False
2,0.0,0,65.45,28,527.8333333,0.02962963,0.02,2.01,0.0,May,3,2,2,13,Returning_Visitor,False,False
1,18.6,2,48.7,45,757.77,0.01,0.023262411,5.59,0.01,Jul,2,2,7,2,Returning_Visitor,True,False
2,94.52,0,45.59,25,694.98,0.01,0.01,2.15,0.02,May,2,2,4,4,Returning_Visitor,False,False
1,82.16,0,33.59,20,528.0,0.0,0.01,31.1904,0.04,May,2,2,1,4,New_Visitor,False,True
2,109.53,1,0.0,19,723.1,0.01,0.03,0.0,0.14,Oct,3,2,2,1,Returning_Visitor,False,True
0,66.0,0,0.0,3,242.0,0.066666667,0.05,0.0,0.29,May,3,2,2,3,Returning_Visitor,False,False
1,75.06,0,32.09,21,1361.43,0.0,0.02,2.66,0.01,Sep,2,2,1,2,Returning_Visitor,False,False
6,143.7,0,0.0,30,568.9683333,0.01,0.01,2.09,0.03,Oct,1,2,6,2,Returning_Visitor,True,True
3,101.5,0,25.34,29,826.85,0.007142857,0.029591837,5.02,0.0,Mar,2,2,2,2,Returning_Visitor,False,True
4,0.0,1,87.96,37,1285.79,0.05,0.079573935,2.25,0.6,May,2,2,3,11,Returning_Visitor,False,False
2,81.91,1,62.55,36,13.0,0.0,0.1,2.33,0.01,Mar,3,2,1,2,Returning_Visitor,False,False
3,133.8,1,85.28,39,1704.18,0.02,0.039562226,6.32,0.01,Nov,2,2,1,2,Returning_Visitor,True,False
9,174.21,1,143.5,52,8249.106771,0.01,0.02,2.907879344,0.01,Nov,2,2,1,2,Returning_Visitor,False,True
5,39.5,1,79.37,29,1196.82,0.01,0.020193811,0.0,0.04,Oct,2,2,3,2,Returning_Visitor,False,False
3,127.59,0,0.0,30,327.7733333,0.03,0.013095238,11.78466261,0.0,Oct,1,1,3,4,Returning_Visitor,True,True
3,138.5,6,259.88,84,2917.0,0.002083333,0.011458333,0.0,0.0,Dec,3,2,1,2,Returning_Visitor,False,False
1,0.0,0,31.1,12,670.35,0.01,0.02962963,0.0,0.0,Jul,2,2,7,1,Returning_Visitor,False,False
0,38.66,0,25.64,13,0.0,0.17,0.13,1.86,0.0,May,3,2,1,13,Returning_Visitor,False,False
3,70.0,0,44.5,27,985.58,0.01,0.002173913,3.38,0.01,May,1,1,1,2,New_Visitor,False,False
0,0.0,1,0.0,13,1082.42,0.01,0.015384615,0.0,0.01,Nov,2,2,1,2,Returning_Visitor,False,False
3,421.0,1,71.1,4,110.5,0.0,0.011111111,2.97,0.12,Oct,3,2,3,2,New_Visitor,False,False
2,105.0,0,45.33,21,1582.39,0.006766917,0.02,0.0,0.0,Oct,2,2,1,2,Returning_Visitor,False,False
6,423.77,8,305.62,97,1871.788041,0.002252252,0.010302067,2.904177177,0.03,May,2,2,4,2,Returning_Visitor,False,False
1,58.27,0,0.0,17,1045.41,0.0,0.02,0.0,0.0,Mar,4,1,1,4,Returning_Visitor,False,True
0,97.89,0,132.0,26,767.33,0.01,0.014285714,2.01,0.02,May,2,2,4,14,Returning_Visitor,True,False
0,57.81,0,0.0,6,106.0,0.03,0.05,1.88,0.0,Mar,3,2,3,1,Returning_Visitor,True,False
1,54.68,0,22.3,11,565.71,0.04,0.07,0.0,0.0,Mar,2,2,2,2,New_Visitor,False,False
0,0.0,0,0.0,2,773.54,0.02,0.04,1.83,0.07,Oct,2,2,6,1,Returning_Visitor,False,False
0,28.36,0,23.63,7,815.56,0.05,0.08,0.0,0.06,Feb,2,4,1,3,Returning_Visitor,False,False
1,39.34,0,0.0,13,911.45,0.01,0.043499683,2.28,0.0,May,2,2,8,13,Returning_Visitor,False,False
10,161.45,1,290.225,46,1760.03,0.01,0.02,13.20331045,0.01,Dec,1,2,1,2,Returning_Visitor,False,False
6,440.1041667,1,315.0,48,1964.6,0.01,0.022481685,4.63,0.01,Oct,1,1,1,2,Returning_Visitor,False,False
1,58.77,0,26.81,14,536.2666667,0.02,0.068170426,1.96,0.0,Mar,3,2,6,1,Returning_Visitor,False,False
4,83.12,0,58.8,30,1485.17,0.01,0.022713675,0.0,0.04,May,2,4,1,4,New_Visitor,False,False
1,30.36,0,21.8,9,1163.55,0.13,0.15,0.0,0.04,May,2,2,1,3,Returning_Visitor,False,False
1,37.7,0,0.0,11,924.48,0.2,0.2,0.0,0.03,Mar,3,2,1,8,Returning_Visitor,False,False
1,47.95,0,0.0,8,719.57,0.06,0.11,1.79,0.03,Mar,2,2,3,1,Returning_Visitor,False,False
8,541.54,5,480.125,64,1996.565909,0.013684211,0.027807876,0.0,0.02,May,2,2,3,1,Returning_Visitor,False,False
5,125.51,1,75.63,32,1000.31,0.01,0.01,81.334441,0.02,Oct,8,13,9,20,Returning_Visitor,False,True
0,0.0,0,19.85,16,1375.916667,0.039130435,0.06,1.81,0.0,May,2,2,8,13,Returning_Visitor,False,False
5,444.24,4,324.21,17,2348.64,0.01,0.008695652,0.0,0.0,Mar,1,1,1,2,Returning_Visitor,False,False
3,88.1,0,0.0,17,1720.422222,0.026984127,0.038231522,2.41,0.03,Mar,2,2,3,2,Returning_Visitor,True,False
1,95.51,1,72.37,2,1433.91,0.0,0.066666667,0.0,0.01,Nov,2,2,6,1,Returning_Visitor,False,False
0,59.3,0,29.17,14,1475.16,0.013333333,0.033333333,0.0,0.08,Oct,2,2,1,3,Returning_Visitor,False,False
7,672.0952381,1,86.0,23,1660.03,0.0,0.02,0.0,0.0,Oct,2,2,3,2,New_Visitor,False,False
0,60.8,0,31.62,13,1275.59,0.04,0.09,2.14,0.0,Mar,2,2,3,8,Returning_Visitor,False,False
0,52.76,0,0.0,19,1149.1,0.06,0.05,1.67,0.02,Mar,2,2,1,1,Returning_Visitor,False,False
2,190.52,1,77.22,36,1792.48,0.01,0.02,5.64,0.03,May,1,1,2,2,Returning_Visitor,False,False
1,156.2,0,46.17,3,1408.89,0.0,0.03,1.72,0.0,Oct,2,2,1,2,Returning_Visitor,False,True
0,142.71,0,36.24,17,1793.97,0.02,0.021959184,3.25,0.03,Mar,2,2,1,2,Returning_Visitor,True,False
1,57.37,0,40.42,18,1037.86,0.06,0.07,0.0,0.4,May,2,2,1,4,Returning_Visitor,False,False
1,50.95,0,36.53,2,0.0,0.19,0.2,0.0,0.0,Mar,1,2,1,3,Returning_Visitor,False,False
3,64.5,0,67.7,27,1198.62,0.01,0.030625,4.5,0.01,Nov,1,1,3,2,Returning_Visitor,False,False
4,119.28,1,231.875,73,1944.31,0.01,0.01,3.14,0.0,Nov,2,2,1,2,Returning_Visitor,False,False
9,301.0,0,216.28,66,3233.73,0.02,0.02,6.97,0.0,Nov,2,2,1,2,Returning_Visitor,False,False
8,229.71,0,238.05,65,2714.958333,0.01,0.02,18.16617631,0.0,Dec,2,2,1,2,Returning_Visitor,False,False
0,0.0,0,0.0,3,1121.59,0.01,0.1,0.0,0.2,Mar,3,2,1,1,Returning_Visitor,False,False
2,205.43,1,99.8,33,995.78,0.01,0.03,10.06,0.02,Jul,2,2,2,4,Returning_Visitor,False,False
1,71.21,0,0.0,18,691.5,0.0,0.02,2.79,0.01,May,2,4,4,1,Returning_Visitor,False,False
0,0.0,0,36.57,17,1056.85,0.0,0.04,4.44,0.0,Mar,2,2,3,1,Returning_Visitor,True,True
9,140.83,0,0.0,22,1483.94,0.01,0.02,1.79,0.03,May,2,2,7,1,Returning_Visitor,False,True
3,65.5,1,60.21,11,263.0,0.0,0.016666667,10.19,0.0,Mar,2,2,2,2,Returning_Visitor,True,True
0,50.88,0,24.93,12,47.0,0.03,0.09,0.0,0.0,Nov,2,2,3,1,Returning_Visitor,False,False
0,0.0,0,34.32,20,254.5,0.0,0.033333333,0.0,0.0,Nov,2,2,1,2,Returning_Visitor,False,True
1,34.42,0,26.38,13,0.0,0.2,0.2,0.0,0.04,Mar,4,1,1,3,Returning_Visitor,False,False
2,115.28,0,41.74,19,1102.91,0.011111111,0.031834215,6.74,0.0,Feb,2,2,4,2,Returning_Visitor,False,False
1,40.61,0,0.0,6,1305.75,0.0,0.04,0.0,0.0,Nov,2,2,3,1,Returning_Visitor,False,False
1,44.5,0,0.0,10,967.77,0.03,0.04,0.0,0.0,Oct,2,2,1,2,Returning_Visitor,True,False
1,82.94,0,0.0,25,1394.64,0.01,0.037575758,0.0,0.09,Oct,2,2,6,1,Returning_Visitor,False,False
0,0.0,0,0.0,1,0.0,0.2,0.2,1.28,0.03,Mar,3,2,2,1,Returning_Visitor,False,False
1,77.61,0,27.62,20,499.6666667,0.01,0.03,3.3,0.11,May,2,2,1,2,Returning_Visitor,False,False
0,0.0,0,37.17,13,1710.67,0.046153846,0.1,0.0,0.1,Mar,2,2,2,1,Returning_Visitor,False,False
4,85.48223443,1,164.11,227,2834.34,0.02,0.02,0.154821253,0.0,Nov,2,2,6,4,Returning_Visitor,False,False
3,16.33333333,0,0.0,23,897.39,0.008,0.02,9.15008,0.01,Mar,4,1,1,2,Returning_Visitor,True,True
1,69.1,0,43.93,21,991.28,0.1,0.125,3.21,0.07,May,2,10,3,4,Returning_Visitor,False,False
0,38.01,0,0.0,3,1248.92,0.09,0.1,1.83,0.02,Mar,2,2,2,1,Returning_Visitor,False,False
1,51.57,0,0.0,18,490.0666667,0.03,0.05,0.0,0.06,Mar,1,1,6,1,Returning_Visitor,False,False
4,168.1666667,1,0.0,70,1678.05,0.01,0.01,2.06,0.0,Nov,2,4,1,1,Returning_Visitor,False,False
1,52.89,0,0.0,10,1238.375,0.04,0.06,7.941531532,0.0,Mar,2,2,2,2,Returning_Visitor,False,False
5,146.97,0,0.0,34,1448.45,0.000865801,0.01,0.0,0.01,Nov,2,2,8,1,Returning_Visitor,False,False
2,60.93,0,306.3333333,18,483.8333333,0.04,0.04,1.52,0.02,Mar,2,2,1,2,Returning_Visitor,False,False
2,59.89,0,22.22,32,1403.53,0.0,0.05,1.48,0.02,Mar,2,2,2,2,Returning_Visitor,False,False
8,88.44,1,31.77,45,1510.12,0.007189542,0.02,1.72,0.02,Oct,2,2,3,2,Returning_Visitor,False,False
1,65.5,0,37.12,72,1486.16,0.01,0.02,0.0,0.02,Oct,2,2,4,2,Returning_Visitor,False,False
0,0.0,0,0.0,22,848.8407143,0.03,0.06,0.0,0.01,June,2,2,2,3,Returning_Visitor,False,False
2,82.53,0,38.14,17,1141.833333,0.0,0.006060606,10.63449802,0.0,Oct,2,2,1,1,Returning_Visitor,False,True
1,48.04,0,36.68,19,1918.98,0.025,0.094444444,0.0,0.0,Mar,2,2,1,2,Returning_Visitor,False,False
1,83.13,0,38.25,16,1027.29,0.066666667,0.133333333,3.28,0.0,June,2,2,1,1,Returning_Visitor,False,False
8,324.3,4,173.98,77,2758.49,0.0,0.02,0.0,0.01,Mar,2,2,1,2,Returning_Visitor,False,False
0,41.84,0,19.05,13,0.0,0.02,0.06,1.85,0.01,Nov,2,2,1,3,Returning_Visitor,False,False
4,142.51,2,56.83,11,145.6666667,0.01,0.01,2.04,0.0,Nov,1,1,1,2,Returning_Visitor,False,False
0,49.38,0,0.0,12,547.93,0.045454545,0.061818182,2.66,0.04,Mar,1,1,9,1,Returning_Visitor,False,False
1,63.95,0,0.0,12,839.53,0.01,0.02,11.77367361,0.13,Oct,2,2,3,1,Returning_Visitor,False,False
4,217.89,2,28.5,46,4729.065909,0.0,0.02,9.055465887,0.0,Oct,3,2,3,2,Returning_Visitor,False,True
2,112.13,0,0.0,46,1942.933333,0.01,0.013333333,3.36,0.03,May,2,2,1,4,Returning_Visitor,False,False
2,0.0,0,0.0,19,3893.41,0.05,0.05,2.24,0.02,Oct,1,1,1,2,New_Visitor,True,True
3,147.0,1,127.45,38,1447.46,0.0,0.02,5.41,0.02,Mar,3,2,1,1,Returning_Visitor,False,False
1,0.0,0,20.12,9,478.3,0.01,0.05,0.0,0.02,Sep,2,2,9,2,New_Visitor,False,False
2,0.0,0,62.51,24,854.3333333,0.0,0.02,3.02,0.01,Mar,4,1,1,1,Returning_Visitor,False,False
1,33.5,0,26.23,28,1421.25,0.1,0.08,2.61,0.0,Oct,2,2,1,1,Returning_Visitor,True,False
3,99.0,0,50.94,32,886.9583333,0.0,0.01,4.45,0.0,May,1,1,3,4,Returning_Visitor,False,False
2,60.61,0,45.54,17,794.52,0.02,0.053333333,0.0,0.01,Dec,2,2,2,4,Returning_Visitor,False,False
3,159.8958333,1,124.06,121,3648.5625,0.001927438,0.02,5.45,0.01,Nov,2,2,1,2,Returning_Visitor,False,False
10,354.47,2,244.46,82,1358.79,0.002325581,0.010385835,12.5,0.0,Dec,3,2,3,2,Returning_Visitor,False,False
3,80.22,0,66.0,22,1695.11,0.0,0.014736842,0.0,0.0,Oct,2,2,1,2,Returning_Visitor,True,False
2,64.66666667,0,0.0,16,886.3,0.01,0.003773585,8.39,0.01,Aug,2,2,4,2,Returning_Visitor,False,False
0,0.0,2,185.98,109,2587.31,0.01,0.02,0.0,0.02,Oct,2,2,2,2,Returning_Visitor,False,True
3,148.9,0,63.71,25,692.22,0.01,0.03,0.0,0.0,Oct,2,2,7,1,Returning_Visitor,False,False
1,53.45,0,27.44,26,556.9166667,0.02,0.06,3.84,0.01,Dec,2,2,1,2,Returning_Visitor,False,False
1,0.0,0,0.0,10,1428.41,0.0,0.04,1.83,0.04,Mar,1,1,1,4,Returning_Visitor,False,False
2,49.3,0,37.57,16,645.52,0.018181818,0.07,0.0,0.01,June,1,1,3,4,Returning_Visitor,False,False
4,203.28,4,214.78,63,1554.02,0.003636364,0.015186147,10.42,0.01,Oct,4,2,4,2,New_Visitor,False,False
2,156.0,0,0.0,60,2126.461941,0.05,0.017066636,2.19,0.0,Mar,1,2,2,2,Returning_Visitor,False,False
2,0.0,0,0.0,24,875.51,0.2,0.2,1.79,0.19,Feb,3,2,3,3,Returning_Visitor,False,False
1,46.0,1,33.4,17,1263.86,0.03,0.028052083,0.0,0.8,May,2,2,1,3,Returning_Visitor,False,False
0,0.0,1,58.47,27,519.58,0.02,0.05,0.0,0.0,May,2,2,4,14,Returning_Visitor,True,False
1,0.0,0,34.69,18,915.1,0.09,0.133333333,2.42,0.15,Mar,4,1,1,1,Returning_Visitor,True,False
2,49.18333333,0,82.79,44,807.43,0.01,0.01,53.22268667,0.4,May,2,2,2,4,Returning_Visitor,False,False
1,53.22,0,24.81,14,718.41,0.01,0.047058824,0.0,0.0,Mar,2,2,1,2,Returning_Visitor,False,False
5,276.9,4,590.0,110,2742.97,0.01,0.02942233,7.22,0.0,Nov,2,2,4,2,Returning_Visitor,True,True
5,415.55,1,0.0,115,4424.621667,0.01,0.01,13.29131586,0.05,Oct,2,4,2,1,Returning_Visitor,False,True
1,113.6666667,0,2.0,12,589.6666667,0.06,0.06,1.68,0.0,Mar,2,2,2,2,Returning_Visitor,True,False
5,878.7121212,1,256.5,86,2592.04,0.005442177,0.02,2.356437292,0.01,Nov,2,2,1,2,Returning_Visitor,False,False
1,104.71,0,29.45,13,8.0,0.01,0.04,3.5,0.0,Dec,1,1,1,2,New_Visitor,True,False
7,28.5,2,297.39,78,11232.65691,0.003164557,0.019252583,12.83,0.01,Nov,2,2,1,2,Returning_Visitor,False,False
1,69.18,0,31.37,13,354.5833333,0.014285714,0.05,2.51,0.01,Nov,2,2,9,1,Returning_Visitor,False,False
0,61.89,0,33.96,29,823.19,0.020689655,0.04,3.41,0.0,May,2,2,2,3,Returning_Visitor,False,False
1,58.84,0,32.5,14,0.0,0.2,0.2,2.78,0.01,Nov,3,2,1,1,Returning_Visitor,True,False
3,142.55,0,70.85,88,1629.38,0.01,0.005128205,3.39,0.0,Oct,2,5,1,2,Returning_Visitor,False,False
1,33.42,0,22.5,7,129.0,0.05,0.13,0.0,0.8,May,2,4,1,3,Returning_Visitor,False,False
1,63.14,1,8.0,11,1294.54,0.1,0.12,0.0,0.0,Mar,2,2,6,3,Returning_Visitor,False,False
0,104.23,0,32.65,15,928.67,0.0,0.007142857,0.0,0.05,May,2,2,4,4,Returning_Visitor,False,False
1,107.95,0,43.58,16,1452.52,0.01,0.026666667,52.70052142,0.03,Nov,2,2,2,2,Returning_Visitor,True,True
1,41.51,0,0.0,3,1871.44,0.02,0.066666667,1.66,0.05,Feb,2,4,1,1,Returning_Visitor,False,False
1,39.63,0,0.0,12,8.0,0.07,0.13,1.59,0.0,May,4,6,6,13,Returning_Visitor,False,False
1,0.0,0,0.0,9,754.88,0.05,0.04,1.7,0.02,Mar,2,2,3,2,Returning_Visitor,True,True
1,0.0,0,0.0,11,544.8,0.0,0.042424242,0.0,0.0,Mar,2,2,8,18,Returning_Visitor,False,False
1,51.54,0,20.41,12,1269.41,0.05,0.08,2.973214286,0.12,Oct,2,2,1,1,Returning_Visitor,False,False
1,75.41666667,1,105.0,21,752.5666667,0.01,0.022435897,7.072429969,0.01,Nov,1,1,4,2,Returning_Visitor,False,False
0,0.0,0,58.55,20,936.94,0.05,0.03,0.0,0.0,Nov,3,2,1,4,Returning_Visitor,True,False
0,0.0,0,0.0,13,530.51,0.2,0.2,1.9,0.04,Mar,2,2,4,3,Returning_Visitor,False,False
0,96.03,0,24.06,14,907.5,0.03,0.06,0.0,0.1,Mar,2,2,1,2,New_Visitor,False,False
0,28.64,0,0.0,6,106.0,0.04,0.06,2.03,0.0,May,3,2,1,3,Returning_Visitor,False,False
2,13.1,0,0.0,62,1030.24,0.0,0.020625,4.964521194,0.01,Sep,1,2,1,2,New_Visitor,False,False
2,82.02,0,28.53,15,1168.52,0.01,0.009387755,2.11,0.04,Oct,2,2,1,2,New_Visitor,False,False
2,65.83,0,25.01,2,3114.68,0.0,0.1,1.61,0.02,Mar,1,1,1,2,Returning_Visitor,False,False
9,151.16,0,54.91666667,31,1526.63,0.01,0.01,5.78,0.14,Oct,2,2,3,1,Returning_Visitor,False,True
1,0.0,0,0.0,6,1756.09,0.11,0.09,1.67,0.03,Mar,1,1,2,3,Returning_Visitor,True,False
5,408.4083333,2,125.52,54,2318.76,0.0,0.02,4.26,0.0,Oct,2,2,3,2,New_Visitor,True,True
0,74.32,0,38.97,25,120.0,0.04,0.08,0.0,0.05,Feb,2,4,9,2,Returning_Visitor,False,False
8,154.8333333,7,338.41,90,3460.39,0.02,0.010909616,14.73,0.0,Feb,3,2,1,2,Returning_Visitor,False,False
4,146.51,1,64.35,35,3211.344872,0.01,0.02,5.15,0.03,Mar,2,2,9,2,Returning_Visitor,False,True
2,107.08,0,30.76,23,1532.02,0.01,0.015306122,2.99,0.05,May,2,2,1,2,Returning_Visitor,False,True
1,50.51,0,35.14,8,321.5,0.075,0.125,0.0,0.09,Feb,1,4,3,3,Returning_Visitor,False,False
1,0.0,0,0.0,21,811.72,0.05,0.07,0.0,0.05,Mar,2,2,2,1,Returning_Visitor,False,False
1,51.98,0,0.0,15,1085.891081,0.025952381,0.06,1.94,0.0,Mar,2,2,1,1,Returning_Visitor,False,False
3,302.0833333,0,60.85,81,2063.14,0.0,0.002857143,16.43784656,0.01,Nov,1,1,1,2,New_Visitor,False,False
7,902.16,2,182.32,49,2319.62,0.0,0.019152047,7.81,0.0,Nov,2,5,1,5,Returning_Visitor,False,False
5,120.19,0,0.0,25,1867.04,0.006896552,0.02,1.66,0.03,Nov,1,1,3,1,Returning_Visitor,False,False
1,63.44,0,29.23,15,1479.083333,0.06,0.007142857,1.66,0.8,May,2,2,3,6,Returning_Visitor,False,False
0,45.09,0,0.0,15,887.7,0.02,0.014086022,4.03,0.01,Mar,2,2,3,2,Returning_Visitor,False,False
1,72.12,0,28.26,12,86.63333333,0.13,0.13,2.56,0.0,Mar,2,2,1,1,Returning_Visitor,False,True
1,66.44,0,26.15,5,151.0,0.02,0.04,0.0,0.29,May,1,1,1,2,Returning_Visitor,False,False
3,113.09,0,48.82,85,768.5,0.0,0.02,1.95,0.02,May,2,5,3,1,Returning_Visitor,False,False
1,9.0,0,25.7,11,871.97,0.0,0.02,6.33,0.08,May,2,2,2,4,Returning_Visitor,False,True
1,61.63,0,0.0,21,696.225,0.03,0.05,3.47,0.0,Dec,2,2,2,2,Returning_Visitor,False,False
3,76.39,0,69.77,17,2149.190195,0.02705314,0.02,0.0,0.0,Aug,1,1,1,3,Returning_Visitor,False,False
0,72.87,0,0.0,12,770.13,0.03,0.04,4.87,0.02,Feb,2,2,1,2,Returning_Visitor,True,False
3,121.62,0,0.0,46,2352.57,0.004347826,0.02,0.0,0.02,Oct,2,2,3,2,Returning_Visitor,False,False
4,175.77,1,89.43,47,2455.147619,0.01,0.01,0.0,0.01,Oct,2,2,1,2,Returning_Visitor,False,False
3,115.58,1,85.89,37,4436.376299,0.01,0.007150715,5.19,0.0,Nov,2,2,1,2,Returning_Visitor,False,True
2,0.0,0,0.0,26,41.0,0.01,0.033333333,5.56,0.0,Mar,2,2,1,1,Returning_Visitor,False,False
1,41.68,0,19.43,10,715.36,0.02,0.05,0.0,0.0,Mar,2,2,1,1,Returning_Visitor,False,False
1,34.82,0,31.11,14,2495.79,0.19,0.2,1.33,0.0,Feb,2,2,2,3,Returning_Visitor,False,False
2,174.5,1,0.0,26,714.5,0.014285714,0.028571429,4.71,0.12,May,2,2,2,6,Returning_Visitor,False,False
1,182.66,0,100.23,98,12449.9,0.01,0.031102504,3.72,0.01,June,2,2,1,5,Returning_Visitor,False,False
3,104.0,0,54.56,26,1018.83,0.0,0.02,0.0,0.0,Oct,2,2,2,2,New_Visitor,False,False
2,0.0,0,31.29,6,5950.63,0.0,0.07,2.22,0.05,Oct,1,1,1,4,Returning_Visitor,False,False
2,259.64,1,54.0,28,1047.96,0.018823529,0.022957516,9.509492485,0.0,Dec,3,2,1,2,Returning_Visitor,True,False
1,0.0,0,29.01,10,161.15,0.07,0.1,3.76,0.02,Aug,2,2,1,13,Returning_Visitor,False,False
15,199.67,1,128.04,73,2693.963452,0.0,0.02,5.43,0.0,Nov,2,2,4,2,Returning_Visitor,False,False
3,126.42,0,67.32,57,1424.4,0.005263158,0.02,13.55041394,0.01,May,2,4,4,2,Returning_Visitor,False,True
10,363.3333333,0,0.0,29,2012.900794,0.001538462,0.01,3.22,0.04,Nov,1,5,3,2,Returning_Visitor,True,False
0,49.17,0,0.0,27,1321.96,0.0,0.04,3.22,0.01,Mar,2,2,2,1,Returning_Visitor,False,False
0,110.42,0,32.81,18,504.0,0.0,0.05,0.0,0.0,May,1,1,3,4,Returning_Visitor,False,False
1,34.93333333,0,0.0,20,22.8,0.02,0.03,2.64,0.02,Oct,2,2,4,2,New_Visitor,False,False
1,0.0,0,0.0,20,843.99,0.06,0.06,3.92,0.11,May,2,2,2,3,Returning_Visitor,True,False
1,75.14,0,30.92,17,272.1666667,0.01,0.025,0.0,0.05,Feb,3,2,1,4,Returning_Visitor,False,False
3,149.09,0,39.41,21,1402.0,0.0125,0.02,3.92,0.02,Oct,2,2,1,2,Returning_Visitor,False,False
1,41.67,0,27.1,9,1153.98,0.02,0.05,0.0,0.22,May,2,2,1,3,Returning_Visitor,False,False
9,222.5,1,93.79,36,1267.155556,0.001481481,0.03,2.71,0.06,Oct,2,2,1,2,Returning_Visitor,False,True
5,114.75,1,0.0,8,1585.28,0.01,0.018181818,8.72,0.0,Mar,2,2,4,2,Returning_Visitor,False,False
6,48.83333333,1,370.875,47,1916.45,0.032142857,0.02,5.38,0.23,May,2,2,1,4,Returning_Visitor,False,False
1,183.33,0,81.82,36,1722.9,0.0,0.03,8.94,0.0,Oct,2,2,1,1,Returning_Visitor,False,False
0,0.0,0,24.63,19,950.0,0.01,0.011111111,5.82,0.12,May,1,1,1,2,Returning_Visitor,False,False
7,724.0,1,111.16,47,2782.38,0.0,0.008,3.55,0.03,Oct,2,2,3,7,New_Visitor,False,False
3,124.3,1,53.47,25,1166.03,0.0,0.04,2.58,0.01,Nov,2,2,9,4,Returning_Visitor,False,False
1,45.87,0,0.0,13,593.45,0.02,0.06,0.0,0.02,Mar,2,2,1,1,Returning_Visitor,False,False
1,0.0,0,63.5,12,924.69,0.0375,0.06,1.96,0.11,Oct,2,2,3,11,Returning_Visitor,False,True
0,37.71,0,24.89,12,937.32,0.031578947,0.07,0.0,0.28,Mar,2,2,1,3,Returning_Visitor,False,False
0,30.52,0,19.68,8,861.91,0.06,0.08,0.0,0.06,Feb,2,4,1,1,Returning_Visitor,False,False
1,0.0,0,22.03,9,1045.833333,0.04,0.06,0.0,0.2,Feb,2,2,1,2,Returning_Visitor,False,False
0,32.95,0,17.89,9,865.76,0.07,0.1,0.0,0.0,Mar,2,2,1,1,Returning_Visitor,False,False
3,117.0,0,62.31,5,1342.27,0.01,0.033333333,6.04,0.06,May,2,2,3,5,New_Visitor,False,False
0,42.68,0,22.47,4,42.0,0.05,0.09,2.34,0.07,Mar,2,10,3,1,Returning_Visitor,False,False
1,0.0,0,0.0,12,804.65,0.02,0.03,0.0,0.0,Mar,2,2,1,1,Returning_Visitor,False,False
4,165.77,1,81.57,41,2436.605534,0.0,0.035895135,27.31414742,0.04,May,2,2,1,2,Returning_Visitor,False,False
2,39.2,0,46.77,19,1155.21,0.02,0.0825,2.75,0.26,Oct,3,2,6,13,Returning_Visitor,False,False
8,326.61,5,81.4,25,2598.55,0.01,0.040444444,5.14,0.01,Aug,2,2,3,1,Returning_Visitor,False,False
1,0.0,0,23.01,11,292.9,0.05,0.09,0.0,0.09,Feb,1,2,3,1,Returning_Visitor,False,False
0,101.7,0,0.0,28,867.0,0.02,0.051851852,0.0,0.05,Mar,1,1,3,4,Returning_Visitor,False,False
4,313.0,1,0.0,24,744.09,0.01,0.048227559,7.45,0.0,Oct,4,2,6,4,Returning_Visitor,True,False
1,114.3333333,0,26.52,15,1247.357143,0.08,0.08,0.0,0.15,Mar,3,2,1,3,Returning_Visitor,False,False
3,114.76,0,0.0,28,72.9,0.0,0.028571429,2.63,0.08,May,2,2,9,5,Returning_Visitor,False,False
2,32.75,0,0.0,13,1769.79,0.02,0.024285714,3.51,0.0,Mar,2,2,2,2,Returning_Visitor,True,True
1,61.45,0,0.0,11,1118.73,0.04,0.08,3.83,0.0,May,2,2,1,3,Returning_Visitor,False,False
3,105.67,2,28.9,29,1506.27,0.05,0.022395833,0.0,0.02,Mar,2,2,1,2,Returning_Visitor,True,True
0,29.37,0,28.0,1,829.14,0.2,0.2,1.58,0.15,Feb,1,1,1,3,Returning_Visitor,False,False
9,666.0,1,266.24,74,2694.87,0.018918919,0.038918919,8.56,0.0,Oct,2,2,1,1,Returning_Visitor,False,False
4,118.24,0,0.0,69,1998.06,0.01,0.01,2.03,0.0,Nov,1,1,1,2,Returning_Visitor,False,True
3,60.3,0,0.0,3,1002.37,0.04,0.05,2.08,0.12,Mar,3,2,2,3,Returning_Visitor,False,False
2,11.5,0,43.21,21,1041.38,0.01,0.02,33.1128,0.09,Nov,2,2,1,2,Returning_Visitor,False,False
1,59.73,0,32.03,14,977.93,0.0,0.04,2.38,0.0,Oct,2,2,1,2,Returning_Visitor,True,False
10,127.46,0,132.0,24,2043.97,0.02,0.028987132,0.0,0.03,Mar,2,2,9,2,Returning_Visitor,False,False
0,0.0,0,0.0,9,456.76,0.03,0.08,1.56,0.06,Oct,2,2,7,1,Returning_Visitor,False,False
1,39.35,0,31.0,10,525.89,0.07,0.08,2.98,0.0,May,2,2,3,11,Returning_Visitor,False,False
2,0.0,0,61.37,24,1784.516667,0.0016,0.02,3.43,0.0,Nov,2,2,9,2,Returning_Visitor,False,False
1,80.21,0,28.37,17,688.19,0.0,0.02,6.87,0.03,Feb,3,2,6,2,Returning_Visitor,True,False
2,277.6666667,0,32.0,32,1200.18,0.01,0.017195767,3.42,0.0,Oct,3,2,8,1,Returning_Visitor,True,False
6,108.39,0,46.43,24,88.95,0.01,0.02,1.92,0.03,Mar,2,2,2,2,Returning_Visitor,False,False
7,299.35,1,126.72,59,2971.435101,0.01,0.012303523,4.54,0.01,Dec,2,2,1,2,Returning_Visitor,False,False
1,43.22,0,21.59,9,741.77,0.19,0.2,0.0,0.04,Mar,2,2,3,1,Returning_Visitor,True,False
2,87.0,0,37.38,17,873.64,0.01,0.02,3.02,0.0,Sep,3,2,1,4,Returning_Visitor,False,False
0,0.0,0,23.94,11,1504.92,0.01,0.04,1.67,0.05,Mar,2,2,2,1,Returning_Visitor,False,False
3,52.0,1,73.03,31,1595.52,0.011403509,0.025292398,4.52,0.0,Oct,2,2,1,2,Returning_Visitor,False,True
1,47.97,0,0.0,9,1245.87,0.12,0.12,0.0,0.03,Mar,2,2,1,3,Returning_Visitor,False,False
2,0.0,0,33.99,15,296.7666667,0.0,0.02,2.77,0.17,Oct,1,8,7,3,Returning_Visitor,False,False
0,0.0,1,0.0,17,113.25,0.01,0.080952381,3.9,0.01,Dec,2,2,4,1,Returning_Visitor,False,False
1,69.09,0,8.1,15,1180.366667,0.02,0.05,0.0,0.0,Mar,2,2,1,1,Returning_Visitor,False,False
5,311.63,4,155.375,128,4391.876232,0.01,0.01,7.08,0.0,Nov,1,2,1,2,Returning_Visitor,False,False
0,0.0,0,0.0,24,2176.67,0.002061856,0.010173465,6.42,0.03,Oct,1,1,1,4,Returning_Visitor,False,False
1,94.08,0,50.78,51,1213.7,0.01,0.036855346,2.28,0.03,Aug,2,4,1,2,Returning_Visitor,False,False
0,86.08,0,0.0,15,1694.41,0.0,0.044444444,1.79,0.03,Mar,2,2,1,2,Returning_Visitor,True,False
1,0.0,0,25.29,16,1012.33,0.004137931,0.011611098,0.0,0.05,Oct,2,2,3,2,Returning_Visitor,True,False
5,150.7,0,48.62,26,844.87,0.01,0.02,0.0,0.0,Oct,1,1,1,2,Returning_Visitor,False,False
2,183.53,0,0.0,86,3334.506667,0.025581395,0.03,0.0,0.0,Aug,2,2,9,2,Returning_Visitor,False,False
7,309.04,2,161.58,47,1829.41,0.01,0.01,2.98,0.0,Oct,2,2,6,2,Returning_Visitor,False,False
1,50.47,0,33.37,21,371.92,0.01,0.06,0.0,0.05,May,2,2,7,4,Returning_Visitor,False,False
9,296.92,1,923.9,149,7243.649316,0.02,0.018928571,4.17,0.01,Aug,2,2,8,1,Returning_Visitor,False,True
1,54.8,0,19.15,11,500.84,0.01,0.05,2.23,0.02,May,1,1,3,2,New_Visitor,False,False
1,0.0,0,0.0,11,370.28,0.05,0.06,1.43,0.0,Mar,3,2,2,10,Returning_Visitor,False,False
4,55.75,0,52.23,29,1542.49,0.01,0.02,2.85,0.08,May,2,2,1,2,Returning_Visitor,False,False
1,0.0,0,24.86,9,753.15,0.05,0.07,0.0,0.17,Feb,2,2,1,1,Returning_Visitor,False,False
1,44.89,0,21.29,11,1197.93254,0.17,0.19,1.45,0.03,Mar,2,2,2,1,Returning_Visitor,False,False
7,0.0,2,1830.5,96,5000.739116,0.003294118,0.03,0.0,0.01,Nov,1,2,9,2,Returning_Visitor,True,False
0,64.65,0,0.0,11,873.64,0.003070175,0.04,0.0,0.0,Mar,2,2,1,2,Returning_Visitor,False,False
2,86.28,0,33.93,37,1340.33,0.01,0.02,2.22,0.03,Oct,2,2,8,2,New_Visitor,True,False
0,0.0,0,0.0,17,798.4,0.02,0.03,2.43,0.02,Mar,2,2,1,1,Returning_Visitor,False,False
1,0.0,0,20.97,8,558.41,0.01,0.044444444,0.0,0.02,Mar,2,2,7,10,Returning_Visitor,False,False
15,285.27,1,197.88,343,3968.44,0.005315857,0.03,5.32,0.0,Nov,2,2,1,2,Returning_Visitor,False,False
2,94.7,0,34.13,23,811.59,0.0,0.02,3.13,0.01,Aug,2,2,3,2,Returning_Visitor,False,False
1,66.86,0,0.0,13,1278.61,0.0,0.05,2.38,0.03,Mar,3,2,2,11,Returning_Visitor,False,False
6,264.65,1,292.8,194,2057.6,0.01,0.02,2.12,0.03,Oct,2,2,3,2,Returning_Visitor,False,True
0,0.0,0,65.74,27,2101.733333,0.01,0.028070175,5.72,0.03,Feb,2,2,3,1,Returning_Visitor,False,False
7,259.53,2,256.64,66,4293.4,0.041176471,0.03,8.59,0.01,Nov,2,2,1,1,Returning_Visitor,False,False
2,102.96,0,83.32,5,1344.4,0.028571429,0.01,64.95645099,0.0,Oct,2,2,9,20,Returning_Visitor,False,True
4,0.0,0,242.8,43,2653.76,0.01,0.01,0.0,0.03,Nov,2,2,1,2,Returning_Visitor,False,False
0,128.33,0,0.0,28,691.252381,0.013953488,0.029457364,4.89,0.05,Sep,2,6,3,1,Returning_Visitor,False,False
0,75.32,0,30.53,14,1041.15,0.0,0.03,3.07,0.0,Mar,2,2,1,2,New_Visitor,False,True
6,168.86,1,19.0,23,2009.21,0.01,0.02,2.68,0.01,Dec,1,1,1,2,Returning_Visitor,True,True
3,125.25,1,131.44,146,2441.27,0.008108108,0.03,7.27,0.01,Nov,2,2,1,2,Returning_Visitor,True,True
4,184.26,0,63.78,61,1478.72,0.01,0.01,1.036090909,0.06,May,2,2,1,4,Returning_Visitor,False,False
1,84.52,0,57.96,21,1581.62,0.01,0.04,2.57,0.01,Nov,2,2,2,2,Returning_Visitor,False,False
0,0.0,0,28.65,15,1008.77,0.01,0.035897436,2.04,0.0,Mar,2,2,1,2,Returning_Visitor,False,False
0,45.54,0,0.0,1,0.0,0.13,0.13,1.6,0.0,Mar,2,2,4,1,Returning_Visitor,False,False
0,117.16,0,0.0,20,1768.657051,0.0,0.04,0.0,0.03,May,2,2,3,2,Returning_Visitor,False,False
1,0.0,0,0.0,18,588.5,0.12,0.16,0.0,0.03,Mar,2,2,2,3,Returning_Visitor,False,False
2,97.15,1,54.96,15,589.2510658,0.01,0.06,1.67,0.01,Jul,1,2,4,4,Returning_Visitor,False,False
1,51.0,0,22.71,12,698.8333333,0.16,0.18,1.53,0.04,Mar,2,2,2,4,Returning_Visitor,False,False
2,169.7916667,0,32.79,32,1547.625,0.04,0.05,1.55,0.0,Mar,2,2,3,1,Returning_Visitor,False,False
1,0.0,0,0.0,10,62.4,0.06,0.04,23.79060609,0.07,Oct,1,2,1,3,Returning_Visitor,False,True
3,60.29166667,0,0.0,27,108.5,0.01,0.048666667,4.71,0.05,Feb,2,2,2,1,Returning_Visitor,False,False
0,48.37,0,33.7,17,1552.78,0.07,0.09,2.03,0.6,May,2,2,2,3,Returning_Visitor,False,False
3,133.39,3,277.1333333,39,700.0466667,0.02,0.01712963,0.0,0.02,Nov,1,1,3,2,Returning_Visitor,True,False
5,175.59,2,79.56,31,60.5,0.01,0.048148148,0.0,0.11,Mar,2,5,3,8,Returning_Visitor,True,False
8,162.5,1,73.1,27,156.5,0.018181818,0.03,0.0,0.0,Oct,2,2,3,2,New_Visitor,False,False
2,55.575,0,34.83,4,42.575,0.0,0.03,0.0,0.0,Mar,2,2,1,8,New_Visitor,False,False
6,308.62,4,81.0,56,5091.890896,0.006521739,0.029863649,13.37,0.01,Feb,3,2,2,2,Returning_Visitor,True,True
1,0.0,0,0.0,12,1669.95,0.13,0.15,0.0,0.04,Mar,2,2,2,3,Returning_Visitor,False,False
1,90.55,0,36.93,17,764.1333333,0.0,0.03,3.82,0.02,June,2,2,1,4,Returning_Visitor,False,False
1,45.88,0,60.0,24,1312.08,0.02,0.033760684,5.689554113,0.03,Mar,2,2,1,2,Returning_Visitor,False,False
1,101.49,0,0.0,10,158.9733333,0.023076923,0.04,6.41,0.0,Dec,1,1,3,2,Returning_Visitor,False,True
0,0.0,0,0.0,11,523.64,0.02,0.05,0.0,0.21,Mar,3,2,2,1,Returning_Visitor,False,False
3,136.48,0,51.32,24,768.99,0.01,0.03,0.0,0.6,May,2,2,1,2,Returning_Visitor,False,False
2,115.5,0,24.05,10,392.5,0.01,0.01,42.83887416,0.0,Nov,1,1,1,2,New_Visitor,True,True
7,238.4666667,0,60.57,32,1662.98,0.0055,0.040415616,4.91,0.06,May,1,1,1,4,Returning_Visitor,True,False
1,0.0,0,0.0,13,1517.73,0.02,0.1,1.6,0.0,Mar,2,2,9,1,Returning_Visitor,False,False
1,29.56,0,24.83,2,638.22,0.05,0.07,1.47,0.03,Mar,1,1,1,3,Returning_Visitor,False,False
11,99.34,0,47.4,30,1557.55,0.01,0.01,6.1287875,0.13,May,2,2,5,1,Returning_Visitor,False,True
0,0.0,1,343.53,423,2257.87,0.006293706,0.06,0.25272174,0.0,May,2,2,7,1,Returning_Visitor,False,False
3,112.12,0,26.43,17,1683.43,0.01,0.016666667,3.59,0.04,Oct,2,2,1,2,Returning_Visitor,False,True
4,162.1,0,0.0,24,1715.01,0.0,0.013333333,3.85,0.0,Oct,2,2,9,2,New_Visitor,True,True
2,74.63,0,34.22,22,1150.1,0.0,0.02,1.73,0.01,Sep,2,2,1,5,Returning_Visitor,False,False
2,19.2,0,0.0,11,663.5,0.0,0.0,0.0,0.02,Oct,2,2,6,1,Returning_Visitor,False,False
4,263.7333333,1,125.05,39,6079.82,0.01,0.017,7.07,0.03,May,2,2,2,2,Returning_Visitor,False,False
5,0.0,1,146.96,46,2574.725974,0.003508772,0.016621682,11.47,0.0,Oct,2,2,5,2,Returning_Visitor,False,False
1,61.52,0,44.16,10,316.6,0.0,0.02,2.27,0.0,Nov,2,2,1,2,Returning_Visitor,False,False
1,0.0,0,24.22,14,1432.31,0.01,0.033333333,1.89,0.08,Oct,2,2,1,1,Returning_Visitor,False,False
0,0.0,0,324.5,33,1887.58,0.01,0.01,0.0,0.0,Nov,2,2,1,2,New_Visitor,True,False
1,60.87,0,0.0,16,1286.9,0.02,0.055555556,1.48,0.03,Mar,2,2,1,2,Returning_Visitor,False,False
1,39.97,0,0.0,13,953.81,0.03,0.04,1.79,0.05,May,2,2,8,1,Returning_Visitor,False,False
2,252.667619,0,30.54,67,1722.27,0.02,0.029967788,0.131837013,0.02,Mar,2,2,2,2,Returning_Visitor,False,True
7,604.5,6,259.52,50,1556.51,0.019393939,0.02,0.0,1.0,May,4,1,3,15,Returning_Visitor,False,False
2,130.1,0,64.57,23,1107.267857,0.058181818,0.069393939,39.038442,0.07,Oct,2,2,2,2,Returning_Visitor,False,False
0,0.0,0,32.58,14,568.65,0.02,0.05,3.88,0.0,Dec,2,1,1,2,New_Visitor,False,False
1,90.0,0,71.19,31,1071.43,0.025,0.07,0.0,0.4,May,3,2,6,4,Returning_Visitor,False,False
3,104.26,1,54.73,30,474.6666667,0.01,0.014285714,33.41,0.0,Nov,2,2,1,2,Returning_Visitor,False,True
1,0.0,0,31.34,16,1770.2,0.047619048,0.03,1.59,0.04,Mar,2,2,1,4,Returning_Visitor,False,False
0,34.01,0,27.01,11,165.0,0.042857143,0.1,1.97,0.15,Oct,2,2,1,3,Returning_Visitor,False,False
4,212.47,0,39.24,14,337.5333333,0.01,0.01,0.0,0.0,Aug,2,2,9,2,New_Visitor,False,False
1,57.44,0,0.0,7,17.0,0.07,0.09,0.0,0.19,May,1,1,2,3,Returning_Visitor,False,False
3,19.66666667,1,174.56,147,2820.7,0.01,0.01925038,0.0,0.01,Nov,2,2,1,2,Returning_Visitor,False,False
0,0.0,0,38.24,8,920.93,0.058333333,0.07,5.53,0.0,Feb,2,2,3,1,Returning_Visitor,False,False
1,67.72,0,0.0,10,0.0,0.2,0.2,0.0,0.18,May,2,2,1,3,Returning_Visitor,False,False
1,0.0,0,26.55,7,420.34,0.01,0.05,5.38,0.0,Dec,3,2,3,4,Returning_Visitor,False,False
1,44.85,0,22.98,26,1432.75,0.01,0.039506173,2.14,0.07,Mar,2,2,1,1,Returning_Visitor,False,True
2,26.0,1,0.0,38,1975.05,0.0125,0.02,7.58,0.02,May,2,2,1,1,Returning_Visitor,False,False
2,0.0,0,0.0,20,1289.93,0.018181818,0.053030303,2.49,0.09,Oct,2,2,3,1,Returning_Visitor,True,False
1,45.87,0,23.69,9,524.21,0.05,0.08,0.0,0.01,Dec,1,2,1,2,Returning_Visitor,False,False
11,109.08,0,0.0,36,4637.53842,0.0005,0.011495239,17.28402947,0.0,May,2,2,1,3,Returning_Visitor,False,False
4,92.0,0,73.21,32,755.0,0.0,0.02,0.0,0.04,Mar,3,2,1,4,Returning_Visitor,False,False
1,47.4,0,36.69,16,1209.92,0.0,0.033333333,2.85,0.01,Sep,2,2,1,2,Returning_Visitor,True,False
1,40.52,0,21.45,14,1244.79,0.033333333,0.06,1.79,0.0,May,3,2,1,3,Returning_Visitor,True,False
0,0.0,0,44.12,16,931.97,0.01,0.006666667,2.26,0.01,Dec,2,5,9,1,New_Visitor,True,True
1,0.0,0,27.1,12,17.0,0.05,0.08,0.0,0.02,Mar,2,2,1,1,Returning_Visitor,False,False
1,63.15,0,28.36,21,1957.64,0.1,0.1,1.83,0.03,Nov,2,2,1,2,Returning_Visitor,False,False
0,0.0,0,0.0,4,36.0,0.05,0.07,1.54,0.1,Mar,2,2,2,1,Returning_Visitor,False,False
7,263.7,0,333.77,222,4351.02,0.02,0.02,4.17,0.0,Nov,2,2,2,2,Returning_Visitor,False,False
1,85.11,0,19.36,9,471.4166667,0.02,0.05,5.2,0.01,Nov,3,2,1,4,New_Visitor,False,False
0,0.0,0,26.86,10,408.0,0.02,0.022222222,88.78460596,0.04,Nov,2,2,1,2,Returning_Visitor,False,True
1,43.52,0,0.0,8,1125.78,0.0,0.05,0.0,0.0,Mar,2,2,6,1,Returning_Visitor,False,False
1,0.0,0,26.41,1,665.58,0.03,0.05,0.0,0.0,May,1,2,4,1,Returning_Visitor,False,False
2,77.5,0,36.35,22,1141.5,0.025,0.04375,1.95,0.0,Mar,3,2,1,2,Returning_Visitor,True,False
3,106.32,0,0.0,27,2502.816667,0.01,0.02,5.33,0.01,Mar,2,2,1,1,Returning_Visitor,False,False
1,139.97,0,30.5,14,699.89,0.02,0.04,0.0,0.27,May,2,2,2,4,Returning_Visitor,False,False
0,81.87,0,33.76,18,1162.04,0.022222222,0.066666667,0.0,0.0,Feb,1,6,1,1,Returning_Visitor,False,False
0,40.25,0,0.0,1,0.0,0.2,0.2,2.07,0.01,Nov,4,1,1,3,Returning_Visitor,False,False
8,183.0,4,571.5,14,333.6,0.01,0.01,57.38,0.0,Mar,1,1,1,1,Returning_Visitor,False,True
1,45.8,0,32.94,18,900.08,0.01,0.021052632,2.49,0.01,Mar,2,2,3,2,Returning_Visitor,False,False
1,6.0,0,37.06,16,339.75,0.02,0.08,0.0,0.01,Nov,2,2,5,2,Returning_Visitor,False,False
1,93.07,0,31.5,17,1201.3,0.0375,0.04,2.38,0.0,Mar,3,2,1,1,Returning_Visitor,False,True
5,144.09,1,88.58,34,2961.483333,0.01,0.026666667,0.0,0.0,May,2,2,1,4,Returning_Visitor,False,False
1,44.59,0,21.47,13,1229.13,0.18,0.16,3.322666667,0.0,Mar,2,2,1,1,Returning_Visitor,False,False
5,108.75,2,81.0,46,2295.182143,0.01,0.014873664,21.02481633,0.01,Oct,2,2,4,2,Returning_Visitor,False,False
7,92.5,0,0.0,37,2191.99,0.0,0.02,53.988,0.08,Aug,2,2,1,2,Returning_Visitor,False,False
0,0.0,0,46.74,23,1118.59,0.01,0.025,0.0,0.01,Mar,2,2,1,1,Returning_Visitor,False,False
0,47.02,0,0.0,9,1177.52,0.07,0.08,0.0,0.04,Mar,2,2,1,1,Returning_Visitor,False,False
4,398.0666667,1,19.2,17,1331.79,0.059064327,0.03,0.0,0.08,Feb,3,2,3,1,Returning_Visitor,False,False
1,0.0,0,37.53,3,832.04,0.1,0.12,2.14,0.23,May,2,2,1,1,Returning_Visitor,False,False
1,45.25,0,0.0,10,1125.54,0.07,0.04,21.5952,0.05,May,2,2,1,3,Returning_Visitor,False,False
1,0.0,0,0.0,14,1099.6,0.01,0.043075335,2.03,0.02,Mar,2,2,1,1,Returning_Visitor,False,False
1,56.5,0,0.0,14,821.17,0.04,0.1,0.0,0.0,Nov,3,2,1,3,Returning_Visitor,False,False
1,0.0,0,0.0,9,765.36,0.033333333,0.05,2.07,0.1,Mar,2,2,2,1,Returning_Visitor,False,False
2,118.27,0,0.0,9,856.64,0.01,0.025,5.24,0.0,Oct,2,2,1,2,New_Visitor,False,False
2,70.28,0,29.42,15,0.0,0.03,0.06,2.31,0.05,Feb,2,2,1,1,Returning_Visitor,False,False
3,124.96,0,46.79,23,1274.190476,0.005714286,0.009285714,6.56,0.0,Oct,2,2,3,2,Returning_Visitor,False,False
3,161.57,1,63.69,24,2058.604545,0.008955224,0.009549977,7.91,0.01,Mar,3,2,3,10,Returning_Visitor,False,True
0,107.95,1,65.13,22,322.75,0.047619048,0.07,3.97,0.0,Nov,2,2,2,1,Returning_Visitor,False,False
1,45.88,0,0.0,3,1236.11,0.06,0.08,1.74,0.0,Mar,2,2,6,1,Returning_Visitor,False,False
0,70.63,0,0.0,17,212.0,0.01,0.03968254,0.0,0.13,Oct,3,2,2,1,Returning_Visitor,False,False
1,59.2,0,33.97,13,2076.966667,0.02,0.07,3.64,0.0,Dec,2,2,1,2,Returning_Visitor,False,False
1,45.98,0,26.68,8,177.4047619,0.03,0.04,0.0,0.22,May,2,2,2,4,Returning_Visitor,False,False
0,62.75,0,0.0,5,277.5,0.01,0.04,2.55,0.09,May,2,2,1,1,Returning_Visitor,False,True
1,28.0,0,21.95,14,1288.27,0.014285714,0.02,0.0,0.03,Mar,1,1,3,4,Returning_Visitor,False,False
1,0.0,0,19.52,8,530.0,0.09,0.12,2.06,0.03,Mar,2,2,1,1,Returning_Visitor,True,False
2,13.0,0,48.55,18,577.35,0.02,0.03,3.73,0.0,Mar,2,5,1,1,Returning_Visitor,True,False
0,65.93,0,23.05,12,853.58,0.08,0.06,3.64,0.07,Sep,2,2,1,2,Returning_Visitor,True,False
10,549.0,2,608.45,213,5047.95,0.02,0.02,2.568483894,0.0,Oct,2,2,1,2,Returning_Visitor,False,True
4,128.79,1,48.0,22,1044.95,0.01,0.01,0.0,0.08,May,2,2,1,4,Returning_Visitor,False,False
1,47.62,0,0.0,14,731.5,0.02,0.04,0.0,0.0,Oct,2,2,4,1,Returning_Visitor,False,True
1,3.0,0,23.86,12,693.38,0.06,0.07,0.0,0.0,Oct,3,2,1,3,Returning_Visitor,False,False
3,166.96,0,0.0,42,5389.883333,0.009565217,0.020786749,0.0,0.0,Nov,2,2,1,2,Returning_Visitor,True,False
2,79.82,0,29.94,16,1526.13,0.0,0.04,3.86,0.03,Feb,2,2,1,1,Returning_Visitor,False,False
3,275.3333333,1,102.47,19,719.8833333,0.01,0.018518519,4.38,0.0,Sep,2,2,5,5,Returning_Visitor,False,True
1,43.14,0,17.83,7,1385.5,0.08,0.08,1.8,0.04,Oct,2,2,1,3,Returning_Visitor,False,True
1,0.0,0,0.0,2,0.0,0.1,0.09,1.82,0.04,Mar,3,2,1,1,Returning_Visitor,False,False
1,89.77,0,63.0,16,670.15,0.001666667,0.02,0.0,0.01,Nov,2,2,1,10,Returning_Visitor,False,False
2,0.0,0,0.0,15,770.52,0.0,0.05,0.0,0.0,Mar,2,2,2,1,Returning_Visitor,False,False
0,58.32,0,0.0,13,646.75,0.02,0.05,0.0,0.06,Mar,2,2,3,2,Returning_Visitor,False,False
0,0.0,0,0.0,18,130.1666667,0.055555556,0.05,2.98,0.0,Dec,2,2,3,8,Returning_Visitor,False,False
2,101.87,0,61.43,61,1432.97,0.021311475,0.01,3.12,0.0,Feb,3,2,1,4,Returning_Visitor,False,False
1,0.0,0,0.0,17,777.95,0.03,0.133333333,0.0,0.03,Mar,1,2,1,1,Returning_Visitor,False,False
0,77.33,0,0.0,4,34.2,0.05,0.05,1.57,0.0,Mar,2,2,3,4,Returning_Visitor,False,False
0,84.38,1,0.0,13,675.56,0.01,0.07,0.0,0.0,Nov,4,1,6,8,Returning_Visitor,False,False
1,17.5,0,42.62,17,1121.18,0.01,0.002352941,51.60705882,0.05,May,2,2,4,2,Returning_Visitor,False,True
5,232.62,3,141.45,55,1381.75,0.006896552,0.034482759,0.0,0.03,Oct,2,2,1,2,Returning_Visitor,True,False
2,118.14,0,64.72,30,1288.733333,0.01,0.04,2.13,0.0,Oct,1,2,3,2,Returning_Visitor,False,False
0,35.32,0,0.0,3,1520.59,0.12,0.12,0.0,0.06,Mar,2,2,2,1,Returning_Visitor,False,False
0,0.0,0,20.55,9,1079.84,0.0,0.06,1.64,0.07,Feb,2,4,1,1,Returning_Visitor,False,False
10,706.5566667,0,251.12,53,2230.31,0.01,0.024948268,0.0,0.0,Mar,3,2,6,1,Returning_Visitor,False,False
1,63.21,0,0.0,13,165.1,0.02,0.05,2.25,0.0,Sep,1,2,1,2,Returning_Visitor,False,False
0,88.13,0,0.0,11,257.75,0.02,0.024242424,0.0,0.02,Mar,2,2,1,2,Returning_Visitor,False,False
1,0.0,0,24.98,11,886.16,0.06,0.06,0.0,0.09,May,2,2,2,4,Returning_Visitor,True,False
1,25.5,1,0.0,49,1109.02,0.01,0.012380952,5.83,0.0,Dec,2,2,1,2,Returning_Visitor,False,False
2,77.65,0,0.0,12,1216.726667,0.0,0.008602151,3.07,0.01,Mar,2,2,3,2,New_Visitor,False,True
3,110.86,1,0.0,29,1585.666667,0.026666667,0.058333333,3.71,0.07,Mar,2,2,2,1,Returning_Visitor,False,False
7,127.21,4,321.45,24,2313.59,0.01,0.02,6.482798269,0.03,Oct,2,4,4,1,Returning_Visitor,False,True
5,175.9166667,1,98.86,33,1443.96,0.013333333,0.046666667,0.0,0.0,Dec,2,2,1,2,Returning_Visitor,False,True
4,111.18,0,0.0,20,1711.42,0.0,0.03452381,4.26,0.0,Oct,2,2,2,2,Returning_Visitor,True,True
7,198.2585034,4,281.37,81,2237.757205,0.01,0.02,18.91,0.07,May,3,2,3,6,Returning_Visitor,False,False
4,237.8333333,0,92.76,66,1569.04,0.01,0.029549127,9.03,0.03,May,3,2,7,5,Returning_Visitor,True,False
1,72.99,0,38.65,33,562.6,0.01,0.03,20.85956757,0.01,Mar,2,2,3,10,Returning_Visitor,False,True
7,160.81,1,365.25,62,1923.36,0.01,0.03,0.0,0.01,Dec,3,2,3,3,Returning_Visitor,True,False
2,72.27,0,25.49,12,1228.53,0.0,0.02,0.0,0.0,Mar,2,2,2,1,Returning_Visitor,False,False
1,79.94,0,0.0,17,549.9166667,0.02,0.008163265,0.0,0.03,May,2,2,1,4,Returning_Visitor,False,False
1,62.06,0,58.34,24,1022.3,0.036363636,0.15,0.0,0.01,Nov,2,2,4,2,Returning_Visitor,False,False
1,89.96,0,0.0,18,1038.0,0.03,0.04,0.0,0.03,Oct,2,2,1,2,Returning_Visitor,False,False
1,43.43,0,0.0,9,979.6,0.09,0.11,1.56,0.0,Mar,1,1,1,3,Returning_Visitor,False,True
3,140.83,1,33.0,33,1606.95,0.03,0.05,4.85,0.03,Nov,3,2,3,8,New_Visitor,False,True
1,45.57,0,0.0,20,773.5,0.16,0.14,0.0,0.8,May,3,2,2,3,Returning_Visitor,False,False
1,0.0,0,22.74,13,96.0,0.02,0.04,2.05,0.0,Oct,2,2,9,2,New_Visitor,False,True
4,39.0,0,179.66,37,1338.75,0.012121212,0.03,38.37,0.09,Mar,8,8,3,5,New_Visitor,True,False
2,96.18,0,29.99,23,1223.0,0.03,0.05,0.0,0.04,Mar,1,1,9,3,Returning_Visitor,False,False
0,0.0,0,0.0,25,264.0833333,0.02,0.02,4.52,0.0,May,2,2,2,1,Returning_Visitor,False,False
1,87.41,1,55.75,16,667.39,0.0,0.02,7.76,0.02,Dec,1,1,4,2,Returning_Visitor,False,False
2,0.0,0,29.41,14,98.73333333,0.0,0.033333333,0.0,0.02,Mar,2,2,3,2,New_Visitor,False,False
6,83.4,0,102.3,21,970.6266667,0.008823529,0.02,0.0,0.01,Nov,2,2,9,2,New_Visitor,True,False
1,43.55,0,21.66,11,1193.2,0.04,0.11,1.75,0.07,Feb,2,2,1,1,Returning_Visitor,False,True
2,0.0,0,0.0,16,3214.34,0.04,0.05,2.78,0.0,Mar,1,1,1,1,New_Visitor,True,False
4,15.0,1,4.0,22,950.625,0.01,0.02,0.0,0.0,Oct,2,2,3,2,New_Visitor,True,False
7,137.73,0,94.39,37,1564.56,0.01,0.014285714,1.68,0.04,Oct,2,2,1,2,Returning_Visitor,False,False
9,348.88,4,808.5,122,3591.744196,0.019767442,0.015609868,11.29,0.0,Nov,2,2,1,2,Returning_Visitor,False,False
2,157.5,0,24.33,15,1186.62,0.04,0.05,0.0,0.03,Mar,2,2,1,1,New_Visitor,True,False
2,103.9333333,0,31.28,15,172.1333333,0.02,0.03,0.0,0.03,Mar,2,2,3,2,New_Visitor,False,True
2,68.6,0,39.85,14,597.56,0.0,0.033333333,0.0,0.0,Oct,1,1,1,4,New_Visitor,True,False
1,95.6,0,0.0,12,582.7333333,0.04,0.04,3.52,0.0,Feb,2,2,8,7,Returning_Visitor,False,False
1,108.18,0,29.03,14,121.5,0.01,0.008333333,4.53,0.07,May,2,2,3,2,New_Visitor,False,False
2,0.0,0,0.0,24,583.0,0.0,0.025,6.28,0.0,Jul,2,2,1,2,Returning_Visitor,False,False
5,73.5,0,46.14,26,463.7583333,0.0,0.02,2.76,0.01,Oct,3,2,3,2,New_Visitor,True,False
3,82.66666667,0,46.2,16,142.0,0.01,0.02,0.0,0.12,May,2,2,1,4,Returning_Visitor,False,False
4,423.1,1,0.0,16,982.6,0.02,0.02,4.12,0.06,Oct,2,2,3,2,Returning_Visitor,False,False
1,56.43,0,0.0,17,796.73,0.028571429,0.04,1.69,0.0,May,3,2,8,4,Returning_Visitor,True,False
3,79.8,0,27.62,14,2009.92,0.0,0.008231293,2.53,0.0,Mar,2,2,3,1,Returning_Visitor,True,False
1,0.0,0,50.56,20,1412.8,0.2,0.2,1.78,0.0,Oct,3,2,1,3,Returning_Visitor,True,False
1,0.0,0,0.0,16,0.0,0.06,0.08,2.91,0.14,May,3,2,1,13,Returning_Visitor,False,False
0,0.0,0,0.0,11,888.68,0.02,0.04,0.0,0.01,Nov,2,2,1,1,Returning_Visitor,False,False
0,0.0,0,0.0,39,905.6,0.12,0.16,0.0,0.04,Mar,2,2,2,3,Returning_Visitor,False,False
1,77.03,0,22.36,11,214.0533333,0.016666667,0.05,3.54,0.03,Oct,2,2,2,1,Returning_Visitor,False,False
1,19.0,0,0.0,13,1457.113095,0.023809524,0.04,0.0,0.0,Mar,2,1,2,2,Returning_Visitor,True,False
1,49.4,0,53.66,22,949.87,0.04,0.04,3.72,0.0,Jul,1,8,3,4,Returning_Visitor,True,False
0,59.51,0,22.11,3,2228.39,0.05,0.06,4.61,0.02,May,1,1,1,1,Returning_Visitor,True,False
1,67.11,0,31.87,28,447.0,0.01,0.033333333,2.87,0.01,Nov,2,2,4,10,Returning_Visitor,False,False
5,390.87,2,129.87,54,2251.116667,0.006818182,0.02,0.0,0.05,Oct,2,2,9,2,Returning_Visitor,False,False
0,0.0,0,30.77,2,823.7,0.02,0.04,0.0,0.01,Nov,2,2,1,2,Returning_Visitor,False,False
6,372.21,5,222.31,84,3580.47,0.010771277,0.02,4.59,0.0,Nov,2,2,1,1,Returning_Visitor,False,True
1,78.78,0,33.92,20,745.3333333,0.00952381,0.02,0.0,0.01,Mar,2,2,1,10,Returning_Visitor,False,False
1,64.0,0,29.24,15,570.92,0.01,0.03,0.0,0.14,May,2,2,2,2,New_Visitor,False,False
3,280.2666667,0,39.39,23,1882.04,0.03,0.03,2.34,0.03,Oct,2,2,1,2,Returning_Visitor,False,False
0,79.51,0,0.0,31,835.2380952,0.01,0.009811828,0.0,0.01,Dec,2,2,1,2,Returning_Visitor,False,False
1,38.25,0,27.02,14,883.06,0.2,0.2,1.62,0.05,Mar,3,2,1,3,Returning_Visitor,False,False
1,0.0,0,18.82,11,483.5833333,0.01,0.03,0.0,0.07,May,1,1,4,3,Returning_Visitor,False,False
0,65.7,0,0.0,11,994.72,0.018181818,0.036363636,0.0,0.01,Nov,3,2,1,2,Returning_Visitor,False,False
5,363.76,0,0.0,36,1596.99,0.01,0.042922078,3.229518182,1.0,May,2,2,3,2,Returning_Visitor,True,False
0,86.05,0,0.0,29,1413.36,0.133333333,0.15,1.74,0.32,May,2,2,1,5,Returning_Visitor,False,False
5,99.02,0,0.0,34,1403.34,0.002564103,0.015897436,3.04,0.0,Mar,2,2,1,2,Returning_Visitor,False,False
1,48.66,0,29.09,8,539.75,0.02,0.06,0.0,0.07,May,2,2,7,4,Returning_Visitor,False,False
1,53.15,0,0.0,13,816.79,0.13,0.18,0.0,0.03,Mar,2,2,2,1,Returning_Visitor,False,False
1,94.03,0,0.0,16,694.4549784,0.0,0.02,54.91911804,0.03,Nov,2,2,3,2,New_Visitor,False,True
0,0.0,0,0.0,22,114.6,0.028571429,0.06,0.0,0.0,Mar,3,2,2,1,Returning_Visitor,False,False
4,310.6333333,0,82.1,28,2277.81,0.027619048,0.03,7.14,0.0,Dec,2,2,1,1,Returning_Visitor,True,False
2,125.46,0,0.0,10,2380.2,0.006666667,0.04,8.44,0.0,Mar,2,2,2,2,Returning_Visitor,False,False
0,58.4,0,0.0,13,100.0,0.06,0.125,4.02,0.25,Mar,2,5,2,11,Returning_Visitor,False,False
8,298.79,1,150.51,44,6123.741494,0.007198364,0.019816374,9.02,0.01,Feb,2,2,7,2,Returning_Visitor,False,True
1,0.0,0,49.65,22,883.0,0.03,0.05,3.64,0.06,May,3,2,1,13,Returning_Visitor,False,False
4,314.33,3,72.5,61,2905.92,0.02,0.016468484,4.770910365,0.01,Nov,2,2,1,2,Returning_Visitor,True,False
0,69.03,0,30.04,13,530.44,0.2,0.2,2.21,0.23,May,2,2,1,3,Returning_Visitor,False,False
3,137.83,0,0.0,43,1922.94,0.0,0.02,3.62,0.0,Oct,2,2,3,2,Returning_Visitor,False,False
2,83.62,0,39.07,50,1009.430952,0.0,0.01,2.95,0.0,Nov,1,1,1,10,Returning_Visitor,False,True
1,49.2,0,27.56,14,984.9,0.04,0.027272727,1.86,0.8,May,2,2,2,4,Returning_Visitor,False,False
2,0.0,0,0.0,12,4404.92,0.066666667,0.03,0.0,0.0,May,2,2,1,13,Returning_Visitor,False,False
0,0.0,0,31.17,15,1439.71,0.0,0.05,5.67,0.0,Mar,2,2,1,1,Returning_Visitor,False,False
13,268.04,1,148.08,65,2354.75,0.0,0.02,2.98,0.03,Nov,2,2,9,2,New_Visitor,False,False
1,116.86,1,78.28,31,424.75,0.019047619,0.039292517,4.18,0.0,Nov,2,2,1,1,Returning_Visitor,False,True
2,76.05,0,42.39,16,1032.86,0.002857143,0.03,5.91,0.0,Dec,2,2,1,7,Returning_Visitor,False,False
0,0.0,0,0.0,14,578.0,0.01,0.066666667,1.88,0.01,Nov,2,2,1,2,Returning_Visitor,False,False
4,236.25,0,71.91,29,1955.783333,0.01,0.002439024,21.07980488,0.15,May,1,1,6,2,Returning_Visitor,False,True
1,48.03,0,32.56,11,817.71,0.02,0.09,3.04,0.0,May,2,2,6,3,Returning_Visitor,False,False
0,0.0,0,0.0,13,0.0,0.2,0.2,1.48,0.0,Mar,1,2,7,1,Returning_Visitor,False,False
0,40.82,0,0.0,12,385.12,0.2,0.2,0.0,0.03,Mar,2,2,3,1,Returning_Visitor,False,False
1,0.0,0,17.0,7,867.8333333,0.04,0.09,0.0,0.0,Mar,2,2,7,1,Returning_Visitor,False,False
2,0.0,0,0.0,12,75.5,0.01,0.05,0.0,0.03,Mar,2,2,3,8,New_Visitor,False,False
4,155.27,0,56.7,22,962.88,0.01,0.01,0.0,0.02,Oct,2,2,2,2,New_Visitor,False,False
0,39.05,0,0.0,12,939.18,0.035,0.067,5.33,0.34,Oct,1,1,2,1,Returning_Visitor,False,False
1,0.0,0,0.0,9,0.0,0.09,0.1,2.41,0.03,Mar,2,2,2,1,Returning_Visitor,False,False
2,23.0,0,0.0,16,1127.81,0.01,0.0125,0.0,0.0,Mar,3,2,1,2,New_Visitor,False,False
1,65.96,0,39.65,14,832.05,0.0,0.05,4.65,0.0,Dec,2,2,1,2,Returning_Visitor,False,False
1,0.0,0,20.64,11,1013.07,0.04,0.06,0.0,0.11,Oct,2,2,1,1,Returning_Visitor,False,False
0,141.28,1,0.0,62,2109.35,0.01,0.039726776,0.0,0.03,Oct,2,2,1,1,Returning_Visitor,False,False
1,50.02,0,42.93,35,1928.0,0.008333333,0.02,0.0,0.02,Mar,1,5,8,1,Returning_Visitor,False,False
1,86.5,0,31.98,5,1089.07,0.0,0.02,3.93,0.0,May,3,2,8,1,Returning_Visitor,False,False
1,56.7,0,27.86,23,537.31,0.0,0.03,0.0,0.12,May,2,2,1,4,Returning_Visitor,False,False
4,34.2,0,57.47,27,1025.65,0.023214286,0.02,3.63,0.01,Sep,3,2,1,2,Returning_Visitor,False,False
0,44.74,0,0.0,10,450.2,0.02,0.04,1.64,0.0,Mar,2,2,1,1,Returning_Visitor,False,False
1,34.02,0,24.34,10,1253.75,0.05,0.07,0.0,0.14,Oct,2,2,1,1,Returning_Visitor,False,False
1,59.35,0,0.0,20,839.5,0.01875,0.05,3.31,0.01,Mar,2,2,4,1,Returning_Visitor,False,False
8,357.03,4,343.0,85,3804.57,0.02,0.02,3.61,0.03,Nov,2,2,1,2,Returning_Visitor,False,True
5,66.83,0,0.0,26,1311.27,0.01,0.01,0.0,0.0,May,2,4,2,3,Returning_Visitor,False,False
1,33.39,0,0.0,28,587.9228571,0.04,0.03,10.57326688,0.05,Oct,1,1,1,3,Returning_Visitor,False,True
1,44.27,0,0.0,15,1074.12,0.06,0.07,1.79,0.03,Oct,1,1,4,3,Returning_Visitor,False,False
4,185.23,1,103.46,93,3856.82978,0.037525773,0.02,4.49,0.02,Oct,2,2,1,1,Returning_Visitor,False,False
2,48.66666667,4,155.3333333,53,2086.7,0.01,0.004166667,7.41,0.0,Nov,2,2,1,2,Returning_Visitor,False,True
2,82.63,0,35.99,35,944.15,0.01,0.02,2.11,0.0,Mar,2,2,3,2,Returning_Visitor,False,False
1,50.51,0,21.35,14,1010.375,0.02,0.058823529,1.91,0.04,Mar,2,2,1,1,Returning_Visitor,False,False
1,0.0,0,20.86,10,1528.59,0.0,0.05,2.22,0.04,Mar,2,2,2,1,Returning_Visitor,False,False
10,743.5824176,1,182.88,337,2998.28,0.02,0.03,4.84,0.01,Nov,2,2,1,4,Returning_Visitor,False,False
1,44.61,0,19.49,10,665.85,0.05,0.08,1.93,0.0,Oct,3,2,1,3,Returning_Visitor,False,False
1,57.11,0,0.0,11,1074.89,0.024,0.04,0.0,0.0,Mar,2,2,6,1,Returning_Visitor,False,False
22,280.8,3,138.02,205,3035.89,0.02,0.008801049,177.5288252,0.01,Nov,1,2,9,2,Returning_Visitor,True,False
0,54.11,0,42.89,2,1050.82,0.18,0.171428571,0.0,0.25,Dec,2,5,3,1,Returning_Visitor,False,False
3,125.43,0,0.0,24,1556.98,0.01,0.02,2.56,0.14,May,2,6,2,1,Returning_Visitor,False,False
1,68.53,0,38.3,16,1276.42,0.03,0.08,3.44,0.0,Nov,2,2,1,2,Returning_Visitor,False,False
0,26.4,0,0.0,1,0.0,0.2,0.2,2.57,0.0,Aug,2,4,1,4,Returning_Visitor,True,False
2,0.0,0,0.0,12,1337.93,0.0,0.018181818,0.0,0.0,May,3,2,1,3,Returning_Visitor,False,False
1,0.0,0,23.89,10,1480.49,0.1,0.07,0.0,0.04,May,2,2,1,3,Returning_Visitor,True,False
2,0.0,0,0.0,24,391.11,0.02,0.04,2.01,0.0,Mar,2,4,1,3,Returning_Visitor,False,False
2,76.7,0,0.0,1,1097.65,0.02,0.07,1.53,0.03,Oct,2,2,5,1,Returning_Visitor,False,False
0,0.0,0,18.67,8,984.32,0.08,0.1,0.0,0.0,Mar,2,2,1,1,Returning_Visitor,False,False
2,185.51,1,0.0,37,213.0157143,0.0,0.02,79.51302667,0.0,Oct,2,2,1,3,New_Visitor,False,True
13,234.5666667,0,230.02,87,3409.52,0.02,0.03,9.0,0.01,Jul,2,2,1,2,Returning_Visitor,False,False
4,139.09,0,0.0,21,1069.03,0.007142857,0.028571429,0.0,0.0,May,1,1,1,4,Returning_Visitor,False,False
1,0.0,0,35.09,10,813.01,0.02,0.05,0.0,0.4,May,2,2,1,11,Returning_Visitor,False,False
1,81.61,0,45.67,16,1312.88,0.02,0.03,3.29,0.0,May,2,2,1,11,Returning_Visitor,False,False
0,0.0,0,30.66,20,457.5833333,0.022222222,0.04,2.25,0.0,May,2,2,3,4,Returning_Visitor,True,False
2,32.33333333,0,95.67,62,1088.94,0.0,0.002222222,8.24,0.36,May,2,2,9,2,Returning_Visitor,False,True
0,77.89,0,36.33,15,19.0,0.01,0.1,2.25,1.0,May,1,1,3,2,Returning_Visitor,False,False
0,50.81,0,35.42,16,0.0,0.2,0.2,1.94,0.06,Dec,2,2,7,1,Returning_Visitor,False,False
4,68.5,1,0.0,152,1923.71,0.01,0.018756793,4.18,0.01,Mar,2,2,9,10,Returning_Visitor,False,False
4,170.55,1,43.41,21,832.47,0.01,0.019277493,6.36,0.01,Feb,2,2,1,2,Returning_Visitor,False,False
1,100.57,0,35.85,27,1475.72,0.022222222,0.03,0.0,0.1,May,2,2,6,1,Returning_Visitor,False,False
5,151.69,2,105.95,49,2205.85,0.01,0.01,4.39,0.01,Nov,3,2,1,1,Returning_Visitor,False,False
2,59.0,0,32.81,10,1559.92,0.02,0.018181818,4.11,0.0,Mar,2,2,1,2,New_Visitor,True,True
6,102.0,1,65.93,11,3261.1,0.0,0.02,2.28,0.03,Oct,1,1,3,4,New_Visitor,False,False
3,165.78,1,166.0,86,2275.77,0.008333333,0.02,4.81,0.02,May,3,2,2,2,Returning_Visitor,False,False
0,0.0,0,59.5,10,925.6666667,0.0,0.1,0.0,0.0,Mar,2,2,1,4,Returning_Visitor,False,False
6,196.39,1,142.57,84,4894.851299,0.01,0.02,0.0,0.01,Nov,2,2,1,2,Returning_Visitor,False,True
4,598.375,0,141.22,44,1672.49,0.001538462,0.015567766,3.333835543,0.01,Dec,2,2,1,2,New_Visitor,False,False
2,126.0,0,25.16,14,1269.07,0.08,0.07,2.36,0.0,Mar,2,2,1,1,Returning_Visitor,False,False
2,120.11,0,29.97,18,672.8794872,0.01,0.029027611,4.55,0.0,May,1,1,1,2,Returning_Visitor,False,False
6,97.67,0,73.49,29,536.0,0.01,0.01,0.0,0.0,May,2,2,1,4,Returning_Visitor,False,False
0,46.77,0,28.45,14,0.0,0.2,0.2,0.0,0.0,Dec,3,2,1,3,Returning_Visitor,False,False
12,246.252381,2,217.85,60,2778.9,0.007783883,0.02,0.0,0.0,Nov,3,2,1,1,Returning_Visitor,False,False
0,49.14,0,0.0,3,115.0,0.0,0.06,2.24,0.03,Mar,3,2,2,1,Returning_Visitor,False,False
3,91.74,0,0.0,12,209.0,0.0,0.02,0.0,0.1,Oct,2,5,6,1,Returning_Visitor,False,False
3,127.97,1,87.75,29,1278.04,0.01,0.01,2.38,0.06,Oct,1,2,5,2,Returning_Visitor,False,False
1,58.57,0,0.0,9,359.0,0.0,0.08,1.57,0.0,Mar,2,2,7,4,Returning_Visitor,False,False
2,104.93,0,39.4,19,290.8,0.0,0.010526316,2.44,0.01,Sep,2,2,1,5,New_Visitor,False,False
0,0.0,0,0.0,15,0.0,0.01,0.03,3.92,0.0,Nov,1,1,1,2,Returning_Visitor,True,False
1,58.03,0,21.57,3,1381.22,0.0,0.04,2.48,0.0,Mar,2,2,2,1,Returning_Visitor,False,False
5,47.33333333,0,0.0,23,1267.502814,0.01,0.021632395,3.31,0.01,Mar,2,2,1,10,Returning_Visitor,False,False
6,218.42,1,134.5,94,2497.27,0.01,0.025420875,7.15,0.0,Aug,2,2,8,1,Returning_Visitor,False,False
9,303.8666667,1,115.12,72,3752.66697,0.01,0.007280349,0.0,0.01,Nov,2,2,1,3,Returning_Visitor,False,False
1,48.04,0,0.0,19,639.64,0.03,0.07,2.41,0.01,Mar,2,2,6,1,Returning_Visitor,False,False
2,86.89,0,24.34,12,645.54,0.001937543,0.02,5.93,0.17,May,2,2,1,4,Returning_Visitor,False,False
1,85.93,0,39.74,7,416.5,0.044444444,0.06,0.0,0.15,Feb,3,2,2,4,Returning_Visitor,False,False
0,0.0,0,0.0,12,1247.36,0.0,0.03,23.235,0.0,Oct,1,1,2,4,Returning_Visitor,False,True
1,0.0,0,25.53,1,13.0,0.01,0.05,0.0,0.0,Oct,1,2,1,3,Returning_Visitor,False,False
3,11.0,1,10.0,74,3487.12471,0.002739726,0.02,7.31,0.01,Nov,2,2,4,2,Returning_Visitor,True,False
2,77.28,0,0.0,20,974.24,0.0,0.03,0.0,0.03,Oct,3,2,5,1,Returning_Visitor,False,False
2,0.0,0,0.0,7,150.0,0.02,0.085714286,2.33,0.09,Feb,2,2,2,1,Returning_Visitor,False,False
4,159.73,1,74.76,24,672.5142857,0.0,0.018181818,60.71287168,0.05,Oct,2,2,7,2,New_Visitor,False,True
2,31.0,0,53.55,22,1024.92,0.01,0.03,3.94,0.0,Nov,2,2,1,2,Returning_Visitor,False,True
2,144.6666667,0,28.37,18,123.6666667,0.033333333,0.013333333,1.89,0.05,Mar,2,2,1,4,Returning_Visitor,False,False
3,0.0,1,55.89,29,1866.107143,0.01,0.025,5.7,0.05,Oct,2,2,1,2,Returning_Visitor,True,False
1,42.72,0,0.0,9,1377.17,0.1,0.11,2.0,0.02,Mar,2,2,2,1,Returning_Visitor,False,False
1,124.0,0,0.0,13,495.0,0.01,0.02,2.64,0.03,Mar,2,4,2,1,Returning_Visitor,False,False
0,37.55,0,0.0,9,23.0,0.07,0.11,0.0,0.07,Mar,2,2,2,1,Returning_Visitor,False,False
0,0.0,0,29.45,4,161.25,0.06,0.08,0.0,0.02,Mar,1,1,1,1,New_Visitor,True,False
1,62.35,0,26.06,10,534.88,0.04,0.08,0.0,0.01,Dec,1,2,1,2,New_Visitor,False,False
4,138.19,0,196.96,56,2935.28,0.0,0.002185792,69.43043195,0.01,Mar,2,2,1,2,New_Visitor,False,True
0,41.88,0,0.0,2,939.2,0.19,0.2,0.0,0.09,Mar,2,2,2,3,Returning_Visitor,False,False
0,0.0,0,0.0,13,885.46,0.0,0.03,0.0,0.0,Dec,2,2,1,2,Returning_Visitor,False,False
2,118.37,0,0.0,16,287.3333333,0.0,0.013333333,2.76,0.02,Oct,2,2,3,6,New_Visitor,False,False
1,0.0,0,26.31,11,910.75,0.01,0.013333333,0.0,0.1,May,2,2,2,4,Returning_Visitor,False,False
4,209.0625,0,64.43,71,1685.85,0.01,0.03,2.66,0.01,Nov,2,2,1,2,Returning_Visitor,False,False
1,0.0,0,21.8,3,67.5,0.14,0.17,0.0,0.04,Mar,2,2,2,3,Returning_Visitor,False,False
1,132.04,0,376.0,42,2822.59,0.005504587,0.01,0.0,0.02,Oct,2,2,1,2,Returning_Visitor,False,False
1,125.59,0,82.29,7,1064.07,0.0,0.02,9.7,0.0,Mar,2,2,1,2,Returning_Visitor,False,False
4,203.9166667,4,114.75,118,3118.74,0.004098361,0.02,7.58,0.01,Nov,2,2,1,2,Returning_Visitor,False,True
20,1307.675,2,279.23,94,27009.85943,0.02,0.04,8.4031637,0.01,Oct,2,2,9,4,Returning_Visitor,False,True
2,0.0,0,0.0,51,1219.054286,0.0,0.012113703,3.11,0.05,Oct,2,2,2,2,Returning_Visitor,False,True
0,64.42,0,26.8,14,674.21,0.11,0.12,2.15,0.02,Dec,2,2,1,2,Returning_Visitor,True,False
4,117.88,0,61.46,30,1040.38,0.01,0.02,2.14,0.05,Oct,3,2,1,3,Returning_Visitor,False,False
1,68.21,0,45.6,6,678.74,0.01,0.044444444,0.0,0.01,Dec,2,2,7,2,Returning_Visitor,False,True
4,142.13,1,464.875,76,2341.05,0.002173913,0.02,1.72,0.02,Oct,3,2,1,3,Returning_Visitor,False,False
0,45.79,0,30.76,16,921.14,0.02,0.00625,0.0,0.0,Mar,2,4,1,2,Returning_Visitor,False,False
0,0.0,0,32.53,19,670.13,0.01,0.015789474,3.45,0.0,Mar,4,2,3,2,New_Visitor,False,False
1,0.0,0,21.0,8,498.5,0.0,0.07,2.07,0.03,Mar,2,2,2,3,Returning_Visitor,False,True
2,113.57,0,69.59,58,2498.029762,0.01,0.046264368,0.0,0.4,May,2,2,4,2,Returning_Visitor,False,False
0,48.25,0,20.0,10,1406.92,0.14,0.13,2.11,0.03,Mar,2,2,1,3,Returning_Visitor,False,False
0,66.66,0,0.0,18,87.0,0.0,0.033333333,5.69,0.0,Nov,3,2,1,1,Returning_Visitor,False,False
2,124.07,0,0.0,19,184.6,0.0,0.04,2.58,0.0,Mar,2,2,3,2,New_Visitor,False,False
2,4.0,0,10.0,13,1334.5,0.02,0.013240553,3.97,0.03,Mar,2,2,1,2,Returning_Visitor,False,False
0,53.18,0,27.0,5,267.17,0.02,0.07,0.0,0.6,May,8,5,3,2,Returning_Visitor,False,False
0,37.93,0,22.51,14,1290.29,0.12,0.1,1.41,0.04,Oct,2,2,1,1,Returning_Visitor,False,False
6,315.0,1,199.53,51,1523.95,0.0,0.01,0.0,0.0,Mar,3,2,1,2,New_Visitor,True,False
5,189.89,0,77.08,34,2833.814103,0.00021645,0.025137085,6.68,0.03,Mar,4,2,3,2,Returning_Visitor,False,False
0,56.0,0,0.0,2,145.5,0.0,0.05,2.76,0.01,Nov,2,2,9,2,Returning_Visitor,True,False
0,0.0,0,36.92,1,530.04,0.2,0.2,0.0,0.6,May,3,2,1,13,Returning_Visitor,False,False
4,165.42,0,0.0,24,252.0,0.02,0.03,2.85,0.01,Mar,2,2,3,2,New_Visitor,True,False
1,62.0,0,20.46,10,1341.261111,0.1,0.13,0.0,0.0,Mar,2,2,1,1,Returning_Visitor,False,False
3,127.78,1,68.93,3,845.1,0.01,0.04,36.14032284,0.0,Oct,2,2,1,4,Returning_Visitor,False,True
4,55.8,0,157.58,49,1825.67,0.01,0.02,6.47,0.0,Jul,2,2,1,2,New_Visitor,False,False
2,93.59,1,45.87,25,1418.25,0.01,0.00625,0.0,0.0,Oct,2,2,1,2,Returning_Visitor,False,False
2,54.5,0,29.5,11,631.6,0.01,0.03,2.72,0.0,Oct,2,2,1,2,New_Visitor,False,False
2,279.08,1,177.83,401,3512.44,0.006577408,0.022322606,4.05,0.01,May,2,2,2,2,Returning_Visitor,False,True
1,51.52,0,0.0,17,0.0,0.2,0.2,2.18,0.01,Nov,1,1,1,3,Returning_Visitor,False,False
2,85.47,0,0.0,22,2268.57,0.08,0.09,2.83,0.0,Nov,2,2,1,4,New_Visitor,False,False
1,62.9,0,38.22,13,798.69,0.016666667,0.030555556,0.0,0.01,Nov,2,2,3,1,Returning_Visitor,False,False
1,78.43,0,25.29,37,1584.770476,0.009302326,0.029296378,2.83,0.03,Mar,2,2,3,2,Returning_Visitor,False,False
5,145.93,1,0.0,76,2422.8,0.012987013,0.021101928,4.25,0.04,Oct,2,2,1,2,Returning_Visitor,False,False
5,156.48,0,76.75,27,2958.5,0.01,0.01,3.79,0.2,May,2,5,6,4,Returning_Visitor,False,False
0,58.33,0,0.0,5,1384.87,0.0,0.07,0.0,0.02,Mar,1,1,1,4,Returning_Visitor,False,False
0,38.72,0,0.0,9,316.25,0.0,0.04,0.0,0.0,Mar,3,2,1,3,Returning_Visitor,False,False
4,239.6,0,70.5,50,981.5083333,0.01,0.003636364,0.0,0.0,Oct,2,2,3,2,Returning_Visitor,True,False
8,279.2666667,0,0.0,53,2327.55,0.01,0.011403509,5.68,0.01,Jul,2,2,1,2,New_Visitor,True,False
0,0.0,0,44.0,16,866.51,0.01,0.01,43.252,0.05,May,2,2,1,2,Returning_Visitor,False,True
0,59.06,0,21.81,11,156.5333333,0.17,0.18,1.63,0.03,Mar,2,2,2,3,Returning_Visitor,False,False
2,129.5,0,0.0,33,982.0,0.0,0.02,0.0,0.06,May,2,2,3,4,Returning_Visitor,False,False
1,71.37,0,27.06,12,846.45,0.033333333,0.04,0.0,0.0,Mar,2,2,6,1,Returning_Visitor,False,False
1,137.52,0,0.0,162,1940.55,0.001242236,0.02,3.02,0.01,Nov,2,2,9,2,Returning_Visitor,False,True
1,42.0,0,0.0,15,3121.369048,0.002857143,0.04,1.85,0.02,Mar,2,2,2,4,Returning_Visitor,False,False
1,0.0,0,50.19,28,1969.05,0.04,0.09,2.16,0.01,Nov,2,2,1,2,Returning_Visitor,False,False
2,69.19,3,41.0,18,914.1666667,0.01,0.02,0.0,0.05,Oct,1,2,1,3,Returning_Visitor,False,False
13,100.95,0,102.8,26,1940.92,0.02,0.02,1.798669862,0.03,Mar,2,2,9,4,Returning_Visitor,False,False
3,37.0,1,0.0,30,1193.0,0.003076923,0.015384615,5.62,0.0,Oct,2,2,1,1,Returning_Visitor,False,True
1,50.08,0,18.6,6,1342.73,0.0,0.06,1.51,0.03,Mar,2,2,2,4,Returning_Visitor,False,False
1,0.0,0,0.0,8,1109.07,0.07,0.08,0.0,0.05,Mar,2,2,1,1,Returning_Visitor,False,False
0,48.86,0,0.0,8,1106.09,0.09,0.1,0.0,0.04,Mar,2,2,1,3,Returning_Visitor,False,False
3,3.0,0,0.0,28,1396.64,0.01,0.0125,3.15,0.0,Oct,2,2,1,2,Returning_Visitor,False,False
8,222.75,0,66.91,31,1749.842262,0.01,0.02,0.0,0.0,May,2,2,1,3,Returning_Visitor,True,False
2,103.8,1,35.5,35,1796.86,0.01,0.013333333,0.0,0.0,Oct,2,2,1,2,Returning_Visitor,False,False
2,0.0,0,45.05,20,1132.67,0.00625,0.05,0.0,0.0,Nov,1,1,1,1,Returning_Visitor,False,True
3,120.18,0,0.0,42,2868.03,0.02195122,0.02,4.01,0.0,Mar,1,1,1,4,Returning_Visitor,False,True
0,0.0,2,200.77,32,1096.61,0.01,0.01,7.15,0.0,Oct,2,2,7,2,Returning_Visitor,False,True
1,178.0,0,99.43,30,995.13,0.01,0.016666667,4.65,0.2,May,3,4,3,8,Returning_Visitor,False,False
0,148.47,0,0.0,27,696.875,0.010526316,0.035087719,0.0,0.0,Mar,3,2,2,1,Returning_Visitor,False,False
2,42.4,0,40.36,20,2095.819048,0.025,0.05,0.0,0.0,Oct,2,2,3,1,Returning_Visitor,False,False
0,155.25,0,59.88,5,1050.78,0.0,0.01,0.0,0.0,May,2,2,9,4,Returning_Visitor,False,False
2,0.0,0,25.38,13,1310.29,0.066666667,0.08,0.0,0.13,Oct,1,1,2,3,Returning_Visitor,False,False
6,934.5,2,92.0,18,937.7166667,0.01,0.01,5.88,0.0,Dec,1,2,1,2,New_Visitor,True,False
1,60.04,0,0.0,12,1321.84,0.04,0.05,1.68,0.03,Oct,1,1,1,1,Returning_Visitor,True,False
1,64.13,0,29.03,7,517.96,0.004166667,0.04,0.0,0.2,May,2,2,3,4,Returning_Visitor,False,False
8,142.48,3,454.92,24,1034.583333,0.01,0.015196078,23.07,0.3,May,2,4,3,3,Returning_Visitor,False,True
2,56.9,0,32.82,20,795.01,0.05,0.18,1.5,0.02,Oct,2,2,3,1,Returning_Visitor,False,True
1,86.13,0,66.48,28,830.0,0.013793103,0.044827586,0.0,0.27,May,2,2,3,2,Returning_Visitor,False,False
0,0.0,1,53.93,26,1167.39,0.0,0.03,2.93,0.01,Nov,2,1,2,1,Returning_Visitor,False,False
1,60.4,0,0.0,14,260.8666667,0.0,0.03,0.0,0.0,June,2,2,1,3,Returning_Visitor,False,False
12,360.68,6,264.52,67,2848.84,0.02,0.04,6.14,0.01,Feb,2,2,2,1,Returning_Visitor,False,False
1,33.79,0,21.89,1,1053.57,0.2,0.2,2.66,0.0,Mar,2,2,1,1,Returning_Visitor,False,False
4,102.5555556,1,71.15,133,3713.580105,0.01,0.015889736,28.03795985,0.01,Nov,1,2,1,6,Returning_Visitor,False,False
1,95.61,0,29.22,12,360.1816667,0.03,0.08,0.0,0.0,Nov,2,2,9,2,Returning_Visitor,True,False
2,0.0,0,0.0,20,918.9,0.02,0.04,4.09,0.05,Oct,2,2,1,2,Returning_Visitor,False,True
3,115.0,0,37.59,15,1048.57,0.003636364,0.008484848,3.39,0.06,May,1,1,2,4,Returning_Visitor,True,False
8,215.41,1,0.0,89,3466.98,0.02,0.02,3.31,0.02,Oct,1,1,3,2,Returning_Visitor,True,False
1,69.15,0,28.9,13,910.44,0.0,0.020833333,2.95,0.0,Aug,2,2,6,1,Returning_Visitor,False,False
0,63.38,0,0.0,20,1394.27,0.03,0.016666667,1.52,0.04,Oct,2,2,7,1,Returning_Visitor,False,False
3,118.77,0,41.6,22,1181.89,0.01,0.01426455,4.56,0.0,Oct,2,2,9,2,Returning_Visitor,False,False
5,570.2666667,0,190.73,11,1376.14,0.011111111,0.01,6.80128988,0.0,Oct,3,2,3,7,Returning_Visitor,False,False
0,0.0,0,24.16,3,1022.49,0.09,0.13,0.0,0.21,Mar,3,2,1,3,Returning_Visitor,True,False
0,38.72,0,33.65,1,0.0,0.2,0.2,0.0,0.0,May,2,2,2,1,Returning_Visitor,False,False
0,35.0,0,16.96,4,563.12,0.03,0.06,0.0,0.14,Feb,1,1,1,3,Returning_Visitor,False,False
2,318.2,0,0.0,7,414.8666667,0.0,0.02,0.0,0.0,Oct,1,1,3,2,New_Visitor,False,False
1,62.52,0,0.0,18,1102.92,0.1,0.111111111,1.7,0.01,Nov,1,2,1,1,Returning_Visitor,False,False
1,61.96,0,26.44,18,1133.85,0.0,0.018181818,20.60836364,0.0,Oct,2,2,1,2,Returning_Visitor,False,True
2,139.44,1,0.0,0,1285.97,0.0,0.01,0.0,0.01,Nov,3,2,9,4,New_Visitor,False,False
0,77.02,0,0.0,12,833.68,0.0,0.04,3.22,0.09,May,2,2,4,3,Returning_Visitor,False,False
3,83.72,0,25.04,44,995.58,0.14,0.13,17.21022568,0.03,Mar,2,2,1,1,Returning_Visitor,False,False
2,116.53,1,64.54,14,1094.04,0.01,0.01,116.3378652,0.02,Oct,2,4,9,20,Other,False,True
1,0.0,0,44.8,21,1289.31,0.2,0.2,2.08,0.12,Feb,3,2,1,13,Returning_Visitor,False,False
1,0.0,0,0.0,5,132.0,0.01,0.04,2.88,0.02,Mar,1,1,2,1,Returning_Visitor,True,False
3,162.12,0,0.0,22,930.12,0.0,0.02,0.0,0.08,May,3,2,2,8,Returning_Visitor,False,False
7,293.83,2,151.28,42,879.9166667,0.02195122,0.01,5.06,0.0,May,1,1,3,1,Returning_Visitor,False,False
1,45.5,0,0.0,10,333.25,0.01,0.018181818,1.92,0.04,Mar,2,2,1,2,Returning_Visitor,False,True
7,169.35,2,106.11,35,1612.983333,0.005882353,0.013697479,7.98,0.0,Nov,2,2,8,2,Returning_Visitor,False,False
2,16.6,0,0.0,11,581.9419883,0.01,0.02,68.32050059,0.04,Aug,2,2,1,2,New_Visitor,False,True
0,0.0,0,0.0,12,865.71,0.03,0.04,0.0,0.04,Feb,1,1,1,3,Returning_Visitor,False,False
3,112.125,1,224.0,114,2776.18,0.02,0.009848144,6.25,0.02,Nov,2,2,3,2,Returning_Visitor,True,True
11,378.68,2,175.13,59,2669.21,0.013333333,0.02,3.45,0.01,Nov,2,2,9,2,Returning_Visitor,True,False
1,3.0,0,41.18,18,976.26,0.01,0.020956372,2.33,0.01,Nov,2,2,1,2,Returning_Visitor,False,True
1,33.84,0,0.0,4,538.0,0.01,0.075,0.0,0.0,Nov,1,1,6,3,Returning_Visitor,False,False
2,183.53,1,79.47,20,2881.133333,0.01,0.02,80.68062856,0.03,May,2,2,4,2,New_Visitor,False,True
1,108.39,0,0.0,20,1893.619048,0.02,0.07,0.0,0.0,Oct,2,2,6,3,Returning_Visitor,False,False
1,6.0,0,21.2,11,1328.93,0.11,0.1,2.38,0.03,Mar,2,2,1,1,Returning_Visitor,False,False
4,316.8333333,1,140.64,41,3085.007143,0.008333333,0.02475118,6.51,0.17,May,3,2,1,13,Returning_Visitor,False,False
1,59.38,0,33.85,21,906.18,0.03,0.075238095,1.62,0.8,May,2,2,4,4,Returning_Visitor,False,False
0,0.0,0,0.0,68,2005.95,0.002898551,0.01,1.57,0.0,Mar,4,2,1,2,Returning_Visitor,False,False
1,87.4,0,34.8,19,1083.4,0.13,0.1,2.09,0.0,Mar,2,2,1,2,Returning_Visitor,False,False
7,287.99,1,406.0,60,1987.57,0.01,0.01,11.26,0.16,May,2,2,3,4,Returning_Visitor,False,False
0,0.0,0,0.0,15,1062.24,0.04,0.07,2.59,0.0,Mar,2,4,2,4,Returning_Visitor,False,False
1,0.0,0,0.0,20,2124.21,0.01,0.063333333,1.95,0.05,Oct,2,2,1,1,Returning_Visitor,False,False
1,0.0,0,0.0,2,879.02,0.03,0.05,1.8,0.12,Feb,1,1,1,3,Returning_Visitor,False,False
2,110.17,0,0.0,14,684.75,0.0,0.03,4.44,0.0,Feb,2,2,9,2,Returning_Visitor,False,False
0,78.22,0,0.0,6,197.0,0.0,0.04,0.0,0.0,Mar,2,2,1,1,Returning_Visitor,False,False
1,55.33,0,0.0,12,697.84,0.0,0.04,0.0,0.06,Oct,3,2,3,1,Returning_Visitor,False,False
1,0.0,0,21.16,10,21.0,0.1,0.12,2.81,0.0,Mar,2,2,2,1,Returning_Visitor,False,False
1,44.64,0,40.25,22,2186.08,0.2,0.18,0.0,0.2,Feb,3,2,1,13,Returning_Visitor,False,False
1,51.5,0,50.85,12,974.18,0.0,0.02,0.0,0.01,Dec,2,2,1,2,New_Visitor,False,False
1,40.35,0,21.32,9,917.99,0.06,0.09,8.58,0.07,Aug,2,4,1,3,Returning_Visitor,False,False
1,84.31,0,0.0,10,516.75,0.02,0.06,0.0,0.02,Dec,2,2,3,1,Returning_Visitor,False,False
0,60.31,0,0.0,17,505.3333333,0.03,0.06,1.61,0.4,May,2,2,1,4,Returning_Visitor,False,False
1,0.0,0,36.55,21,48.0,0.01,0.093333333,0.0,0.08,Oct,3,2,4,3,Returning_Visitor,False,False
2,0.0,0,29.27,17,963.0,0.0,0.015811966,0.0,0.0,Mar,2,2,1,2,Returning_Visitor,False,False
0,162.96,2,95.41,42,1690.49,0.01,0.01,6.2,0.0,May,1,1,6,1,Returning_Visitor,False,False
4,86.08333333,0,78.31,32,1767.97,0.01,0.011428571,2.12,0.0,May,2,2,1,5,New_Visitor,True,False
10,320.88,1,209.04,129,3184.48,0.02,0.022102102,0.0,0.4,May,2,2,1,4,Returning_Visitor,False,False
2,13.33333333,0,55.95,72,1602.35,0.01,0.03,3.34,0.01,Nov,2,2,1,2,Returning_Visitor,True,False
1,50.47,0,0.0,13,1663.79,0.17,0.18,1.51,0.03,Mar,2,2,2,4,Returning_Visitor,False,False
0,66.16,0,38.59,24,12.0,0.06,0.1,0.0,0.0,Aug,2,2,7,13,Returning_Visitor,False,False
1,25.0,0,34.08,14,1216.7,0.03625,0.047395833,2.75,0.0,May,2,2,1,1,Returning_Visitor,False,True
1,77.38,0,0.0,11,942.6879221,0.017142857,0.02,8.435206908,0.01,Sep,1,1,1,2,Returning_Visitor,False,False
0,47.3,0,25.14,23,1251.68,0.01,0.016333333,1.81,0.02,Mar,3,2,4,4,Returning_Visitor,False,False
1,40.63,0,0.0,14,0.0,0.2,0.2,4.04,0.51,May,3,2,1,13,Returning_Visitor,False,False
0,37.16,0,21.77,9,600.92,0.01,0.066666667,0.0,0.0,Mar,2,2,3,1,Returning_Visitor,True,False
0,74.27,0,23.52,11,220.3848485,0.03,0.08,4.83,0.0,May,2,4,1,1,Returning_Visitor,False,False
1,296.43,1,188.63,324,2768.41,0.02,0.010072239,10.26,0.02,May,2,2,9,2,Returning_Visitor,False,True
1,0.0,0,45.75,17,655.0416667,0.01,0.023928571,8.8,0.0,Dec,1,1,1,2,Returning_Visitor,True,False
0,0.0,0,0.0,15,811.24,0.022222222,0.044444444,0.0,0.0,Dec,2,2,1,2,Returning_Visitor,True,False
1,71.7,0,57.59,25,74.6,0.109090909,0.127272727,3.32,0.0,Oct,3,2,2,7,Returning_Visitor,False,False
1,53.11,0,21.33,11,140.0,0.16,0.18,0.0,0.03,Mar,2,2,2,3,Returning_Visitor,False,False
1,69.72,0,24.0,12,883.12,0.006451613,0.04,19.43795945,0.04,Oct,2,2,3,2,Returning_Visitor,False,False
2,101.06,0,0.0,8,2319.87,0.02,0.02,27.93478267,0.04,Nov,1,1,6,4,Returning_Visitor,True,True
1,0.0,0,18.37,19,401.9,0.01,0.092982456,1.82,0.06,Mar,1,1,1,3,Returning_Visitor,False,False
2,6.0,0,0.0,21,1177.506667,0.01,0.0375,0.0,0.02,Oct,2,2,1,2,Returning_Visitor,False,False
1,0.0,0,18.71,11,381.6666667,0.01,0.05,0.0,0.03,Oct,1,1,3,2,Returning_Visitor,False,False
1,63.25,0,36.56,19,1839.88,0.003013699,0.02,2.04,0.0,Oct,1,1,9,20,Returning_Visitor,True,True
2,116.28,0,32.22,13,815.16,0.01,0.011111111,0.0,0.01,Oct,2,2,1,2,New_Visitor,False,False
0,0.0,0,0.0,9,783.02,0.05,0.07,0.0,0.15,May,2,2,2,3,Returning_Visitor,False,False
1,0.0,0,26.59,16,1035.36,0.2,0.2,1.51,0.0,Oct,2,2,1,3,Returning_Visitor,False,False
2,124.12,0,42.5,24,1566.2,0.00952381,0.03,0.0,0.01,Feb,2,2,3,2,Returning_Visitor,False,False
3,97.41,1,87.0,20,485.8333333,0.01,0.02,3.35,0.0,May,1,1,1,2,Returning_Visitor,True,False
2,30.0,0,32.05,20,625.3,0.016666667,0.026388889,5.71,0.03,Feb,2,2,3,1,Returning_Visitor,False,False
3,196.15,1,75.83,28,1348.83,0.0,0.02,12.50786523,0.01,Nov,2,2,1,2,Returning_Visitor,False,False
1,50.97,0,21.16,10,170.4,0.05,0.07,2.17,0.0,Mar,2,2,3,2,Returning_Visitor,False,True
1,77.37,1,49.89,7,747.91,0.01,0.037037037,0.0,0.03,Aug,2,2,1,2,Returning_Visitor,False,False
5,296.51,2,196.24,256,13453.25103,0.02,0.003240964,6.18,0.0,Feb,2,2,3,2,Returning_Visitor,False,False
4,57.0,1,64.47,34,81.0,0.02,0.025,0.0,0.04,Oct,1,1,2,2,Returning_Visitor,False,False
9,319.8333333,1,18.0,10,2352.13,0.01,0.015384615,10.05,0.01,Dec,1,1,1,2,New_Visitor,False,False
0,0.0,0,0.0,10,192.75,0.01,0.028888889,30.53,0.0,Dec,3,2,3,1,Returning_Visitor,False,False
3,145.8,1,380.9571429,102,2372.59,0.01,0.019800052,11.43180835,0.0,Nov,2,2,1,2,Returning_Visitor,False,False
13,1922.0,0,356.51,108,3845.86,0.01,0.02,0.0,0.0,Nov,3,2,1,1,Returning_Visitor,False,False
0,59.34,0,26.68,14,878.7,0.01,0.044913928,1.94,0.0,Mar,2,2,1,2,Returning_Visitor,False,False
0,51.89,0,20.5,10,412.73,0.02,0.06,0.0,0.03,Oct,2,2,7,2,Returning_Visitor,False,False
1,42.99,0,22.84,14,396.0,0.01,0.02,0.0,0.0,Mar,2,2,1,2,Returning_Visitor,False,False
2,75.58,0,0.0,12,1521.88,0.007272727,0.025454545,1.97,0.06,Oct,2,2,1,3,Returning_Visitor,False,True
1,0.0,0,36.23,3,1375.46,0.01,0.05,0.0,0.4,May,2,2,6,1,Returning_Visitor,False,False
4,99.5,0,0.0,9,1568.13,0.0,0.02,2.18,0.03,Mar,3,2,2,1,Returning_Visitor,False,False
0,30.56,0,25.52,12,1638.02,0.2,0.2,0.0,0.13,Feb,1,1,3,3,Returning_Visitor,False,False
2,80.0,0,0.0,23,1073.07,0.012345679,0.028765432,2.61,0.05,Oct,3,2,3,2,Returning_Visitor,False,False
5,77.0,1,0.0,32,1450.61,0.00212766,0.020921986,3.48,0.05,Oct,2,2,3,2,Returning_Visitor,False,False
3,334.0,0,77.8,23,704.83,0.0,0.01,3.86,0.0,Aug,8,4,3,20,Other,False,True
0,0.0,1,84.67,26,0.0,0.2,0.2,8.67,0.0,Feb,8,13,9,5,Returning_Visitor,False,False
5,107.5,0,0.0,31,1287.13,0.01,0.01,0.0,0.01,Nov,2,2,9,3,Returning_Visitor,True,False
1,56.47,0,25.37,14,903.28,0.03,0.07,2.42,0.0,May,2,2,4,1,Returning_Visitor,False,False
2,94.78,0,0.0,13,562.25,0.01,0.015384615,34.97250838,0.02,Oct,1,1,1,2,New_Visitor,True,True
1,50.17,0,20.13,5,589.6,0.02,0.05,1.52,0.04,Oct,2,2,7,1,Returning_Visitor,False,False
6,219.52,4,110.77,41,2871.262932,0.001851852,0.008161036,11.80233651,0.0,Oct,1,1,3,2,Returning_Visitor,False,False
1,39.17,0,23.83,13,1834.27,0.2,0.19,1.52,0.03,Aug,3,2,1,13,Returning_Visitor,False,True
8,198.83,2,198.38,46,1679.666667,0.01,0.02,4.72,0.0,Nov,3,2,6,13,Returning_Visitor,False,False
2,76.87,0,0.0,28,1429.616667,0.01,0.00952381,0.0,0.0,Nov,1,1,1,2,Returning_Visitor,False,False
1,46.18,0,20.58,12,1238.44,0.07,0.07,2.45,0.02,Mar,2,2,1,2,New_Visitor,False,False
1,60.2,0,35.47,11,924.99,0.01,0.034615385,0.0,0.2,May,2,2,1,4,Returning_Visitor,False,False
1,50.17,0,21.11,10,1302.43,0.14,0.003703704,1.46,0.02,Mar,2,2,1,2,Returning_Visitor,False,True
1,58.78,0,37.28,17,630.87,0.01,0.01691358,2.59,0.01,Mar,1,1,2,1,Returning_Visitor,False,False
0,130.07,0,0.0,48,2828.67,0.004166667,0.009375,0.0,0.03,Oct,1,1,3,4,Returning_Visitor,False,False
1,62.34,0,65.0,10,728.68,0.02,0.04,2.442153455,0.01,Nov,2,2,1,2,Returning_Visitor,False,False
2,0.0,0,43.33,20,51.0,0.0,0.04,5.32,0.07,May,3,2,1,2,Returning_Visitor,False,False
0,0.0,0,0.0,15,1292.58,0.019354839,0.030322581,0.0,0.09,Mar,2,2,1,1,Returning_Visitor,False,False
1,218.5714286,0,20.57,10,1121.3,0.07,0.08,16.81772593,0.05,Mar,2,2,1,3,Returning_Visitor,False,True
1,50.68,0,21.91,13,257.0,0.01,0.078571429,1.52,0.0,Mar,2,1,3,2,Returning_Visitor,False,False
0,165.73,2,68.76,40,3278.79,0.015686275,0.03,4.55,0.0,Oct,1,1,9,4,Returning_Visitor,False,False
5,185.31,0,93.63,87,2270.61,0.007007576,0.032261103,7.66,0.03,Feb,2,6,1,1,Returning_Visitor,False,False
1,0.0,0,39.73,5,439.48,0.0,0.004419192,0.0,0.2,May,3,2,3,8,Returning_Visitor,False,False
0,35.94,0,0.0,1,667.66,0.2,0.2,2.11,0.03,Mar,3,2,1,3,Returning_Visitor,False,False
4,116.0,1,8.0,59,980.25,0.01,0.01,1.87,0.0,Oct,2,2,7,6,Returning_Visitor,False,False
1,0.0,0,20.06,8,658.22,0.04,0.08,5.091914289,0.06,Mar,2,2,3,1,Returning_Visitor,False,True
1,48.54,0,41.5,16,1105.52,0.02,0.036429937,1.99,0.07,Mar,1,1,2,11,Returning_Visitor,True,False
3,222.01,0,73.28,22,1330.94,0.01,0.016888889,0.0,0.18,May,3,2,1,1,Returning_Visitor,False,False
1,91.45,0,39.76,15,735.4392857,0.01,0.04,2.64,0.0,Oct,4,2,4,2,Returning_Visitor,False,False
1,44.93,0,0.0,9,761.75,0.07,0.18,1.43,0.03,Mar,2,2,3,1,Returning_Visitor,False,False
1,143.8,1,26.95,15,927.25,0.022222222,0.05,1.88,0.02,Mar,2,2,8,2,Returning_Visitor,False,False
1,65.35,0,26.01,10,234.6384615,0.02,0.06,0.0,0.0,Nov,2,2,3,1,Returning_Visitor,True,False
9,403.24,2,1043.928571,73,4082.31,0.02,0.03,6.07,0.01,Nov,3,2,2,4,Returning_Visitor,False,False
4,0.0,0,0.0,15,1507.75,0.0,0.01,4.79,0.0,Mar,2,2,2,2,Returning_Visitor,False,False
1,19.75,2,0.0,29,942.3958333,0.01,0.02,0.0,0.05,Feb,2,1,1,2,Returning_Visitor,False,False
11,505.02,2,340.07,191,3677.258176,0.009105691,0.02,0.0,0.03,Oct,2,2,1,1,Returning_Visitor,False,False
2,88.96,0,31.37,17,157.1,0.04,0.06,5.1,0.23,Feb,2,6,2,1,Returning_Visitor,False,True
2,90.35,0,0.0,7,1376.09,0.04,0.06,4.22,0.02,Mar,3,2,3,6,Returning_Visitor,True,False
2,112.22,0,54.76,89,1938.996646,0.01,0.02,0.0,0.03,Oct,2,2,1,2,Returning_Visitor,False,False
1,0.0,0,0.0,25,1512.39,0.0,0.08,1.56,0.03,Mar,2,2,2,4,Returning_Visitor,False,False
0,33.2,0,27.11,12,197.2,0.030769231,0.038461538,0.0,0.12,Mar,2,2,1,3,Returning_Visitor,False,False
1,94.77,1,0.0,23,845.2788889,0.01,0.011944444,1.533539275,0.0,Nov,2,2,7,1,Returning_Visitor,True,False
1,4.0,0,44.31,19,4651.033333,0.01,0.01,0.0,0.31,May,2,2,1,2,Returning_Visitor,False,False
4,263.33,3,265.62,91,2618.33,0.01,0.02,8.25,0.0,Mar,2,2,1,2,New_Visitor,False,False
0,66.09,0,21.47,10,262.97,0.08,0.07,0.0,0.0,Dec,4,1,1,2,Returning_Visitor,False,False
5,95.38,0,34.6,25,1455.43,0.01,0.02,0.0,0.03,Oct,2,2,1,2,Returning_Visitor,True,False
1,76.59,0,0.0,14,895.86,0.01,0.025,3.54,0.0,Nov,2,2,9,2,Returning_Visitor,False,False
1,100.4,0,44.86,20,1310.09,0.003703704,0.018312757,0.0,0.07,Oct,2,2,1,1,Returning_Visitor,False,False
2,58.88,0,20.14,9,1572.571429,0.13,0.015873016,1.57,0.03,Mar,2,2,1,1,Returning_Visitor,False,False
2,96.66,0,28.71,14,442.1666667,0.0,0.010526316,0.0,0.03,Oct,3,2,6,2,New_Visitor,False,False
9,247.15,1,788.0,111,3509.46,0.02,0.03,7.89,0.0,Oct,2,2,1,2,Returning_Visitor,False,False
7,603.8,2,102.75,69,5018.328289,0.01,0.005625881,12.25,0.0,Oct,3,2,6,3,Returning_Visitor,False,False
2,14.0,0,45.41,21,865.9,0.04,0.17,0.0,0.01,Nov,2,2,3,11,Returning_Visitor,False,False
5,212.43,2,82.68,36,1541.327451,0.01,0.023288614,7.74,0.05,May,2,2,1,4,Returning_Visitor,False,False
1,105.2,0,0.0,26,1118.67,0.0,0.002197802,2.73,0.0,Oct,2,2,8,1,Returning_Visitor,False,False
7,387.75,1,140.74,43,1788.61,0.000866739,0.012798697,9.2,0.02,Oct,2,2,3,1,Returning_Visitor,False,True
1,0.0,0,0.0,13,57.0,0.02,0.05,1.65,0.06,Feb,2,5,2,1,Returning_Visitor,True,False
3,279.5,0,52.3,14,313.5833333,0.01,0.02,0.0,0.02,Mar,2,2,1,2,Returning_Visitor,False,False
2,106.38,0,0.0,11,1052.97,0.0,0.004545455,0.0,0.0,May,2,2,2,4,Returning_Visitor,True,False
4,157.6,1,57.47,28,3166.65,0.013978495,0.02,108.9089884,0.03,Nov,1,1,3,4,New_Visitor,True,True
1,61.39,0,27.81,17,961.28,0.0,0.02,1.75,0.02,Oct,3,2,1,1,Returning_Visitor,False,False
1,32.26,0,0.0,12,1666.72,0.03,0.026587302,0.0,0.11,May,2,2,1,13,Returning_Visitor,False,False
4,125.08,0,82.54,42,1719.47,0.01,0.04,2.35,0.0,Oct,2,2,4,1,Returning_Visitor,False,False
12,279.4166667,0,0.0,42,1553.583333,0.009,0.04,2.3,0.02,Mar,2,2,9,4,Returning_Visitor,False,False
0,0.0,0,37.26,10,3291.0,0.02,0.058,2.07,0.03,Mar,2,2,1,2,Returning_Visitor,False,False
7,105.2,0,0.0,35,2169.12,0.0,0.027350427,2.17,0.0,Oct,2,2,3,2,Returning_Visitor,False,False
1,38.03,0,0.0,7,388.23,0.02,0.07,0.0,0.06,May,1,1,2,4,Returning_Visitor,False,False
4,140.8,4,175.15,61,2298.16,0.01,0.02,14.62413644,0.0,Nov,2,2,1,2,Returning_Visitor,True,False
3,109.23,0,33.06,19,1501.33,0.04,0.0,0.0,0.03,Mar,2,2,1,2,Returning_Visitor,False,False
2,0.0,0,30.9,17,1196.79,0.0,0.03,3.07,0.02,Oct,2,2,1,2,Returning_Visitor,False,True
0,29.96,0,0.0,10,158.5,0.01,0.05,0.0,0.03,Mar,2,2,3,3,Returning_Visitor,True,False
1,45.78,0,22.68,12,168.2,0.17,0.19,1.47,0.03,Mar,2,2,2,4,Returning_Visitor,False,True
4,105.98,0,41.37,23,479.8666667,0.0,0.018181818,2.0,0.02,Oct,2,2,1,2,Returning_Visitor,False,False
2,42.5,0,48.65,48,970.4192641,0.008571429,0.025088095,2.5,0.6,May,2,2,4,4,Returning_Visitor,False,True
0,0.0,1,426.2,42,1912.11,0.01,0.02,2.95,0.01,Jul,2,2,1,2,Returning_Visitor,False,True
3,230.75,1,92.0,245,2388.34,0.001587302,0.04,7.54,0.0,Feb,3,2,3,8,Returning_Visitor,False,True
2,0.0,0,31.08,18,1110.866667,0.0,0.02,57.03508179,0.02,Aug,2,2,4,2,Returning_Visitor,False,True
1,76.52,0,0.0,11,1239.97,0.0,0.04,0.0,0.03,May,2,2,2,4,Returning_Visitor,False,False
6,149.87,2,30.66666667,46,2724.57,0.013333333,0.052777778,0.0,0.02,Oct,2,2,1,2,Returning_Visitor,True,False
1,105.86,0,37.66,18,183.0,0.0,0.011111111,1.94,0.06,May,1,1,1,4,Returning_Visitor,False,False
2,62.03,0,42.25,12,693.42,0.008,0.02,1.73,0.0,May,1,1,1,6,Returning_Visitor,False,False
7,254.9,1,224.24,140,3323.55,0.01,0.016226074,0.0,0.01,Sep,2,2,3,2,Returning_Visitor,True,False
1,23.0,0,25.46,6,83.0,0.03,0.05,0.0,0.04,Mar,2,2,2,2,New_Visitor,True,False
2,92.41,0,53.86,19,1332.833333,0.03,0.04,4.29,0.01,Mar,2,2,3,2,Returning_Visitor,True,False
1,47.99,0,23.98,12,947.42,0.01,0.010985222,2.3,0.0,May,2,2,4,1,Returning_Visitor,False,False
7,167.81,2,96.73,43,967.625,0.0,0.01,4.33,0.01,Dec,2,2,8,2,Returning_Visitor,False,False
1,0.0,0,25.06,9,791.29,0.02,0.06,0.0,0.0,Nov,2,2,9,2,Returning_Visitor,True,False
2,96.37,0,47.55,23,3025.283333,0.0,0.02,1.79,0.04,Oct,2,2,1,2,Returning_Visitor,False,False
3,168.5,1,77.83,25,84.0,0.01,0.04,0.0,0.0,Dec,2,2,1,2,Returning_Visitor,False,False
2,36.0,0,0.0,13,142.0,0.02,0.03,4.71,0.0,Mar,2,2,1,1,Returning_Visitor,False,False
0,48.45,0,20.8,10,1074.21,0.18,0.18,0.0,0.0,Mar,2,2,1,1,Returning_Visitor,False,False
2,0.0,0,31.53,19,829.07,0.0,0.05,3.18,0.2,May,2,2,2,4,Returning_Visitor,False,True
3,94.13,1,70.0,34,1510.92,0.02,0.015625,2.82,0.0,Mar,2,2,1,1,Returning_Visitor,False,False
4,170.37,1,41.0,23,937.89,0.01,0.010526316,5.56,0.01,Mar,2,2,3,6,Returning_Visitor,False,False
5,447.52,4,273.93,88,3206.85,0.0,0.02,5.59,0.0,May,2,2,1,2,New_Visitor,False,False
0,110.26,0,0.0,37,1219.28,0.01,0.005315315,4.63,0.0,May,1,1,1,2,New_Visitor,True,True
5,116.08,0,0.0,61,1827.77,0.004761905,0.020740741,0.0,0.6,May,3,2,1,13,Returning_Visitor,False,False
2,100.71,0,42.49,23,1209.67,0.01,0.00952381,11.80891356,0.0,Nov,2,2,1,2,Returning_Visitor,False,True
1,54.56,0,0.0,20,1427.55,0.032098765,0.05617284,1.696968944,0.0,Mar,2,2,6,1,Returning_Visitor,False,False
1,42.46,0,18.72,9,62.0,0.05,0.07,0.0,0.0,Mar,3,2,4,3,Returning_Visitor,False,False
2,99.125,0,36.01,18,1360.54,0.03,0.04,1.95,0.05,May,2,2,1,3,Returning_Visitor,False,False
1,74.03,0,29.5,17,1054.3,0.02,0.1,1.84,0.07,Oct,2,2,2,1,Returning_Visitor,False,False
3,100.16,1,51.0,17,3008.124108,0.07,0.09,2.12,0.03,Mar,2,2,2,2,Returning_Visitor,False,False
1,65.33,0,0.0,15,898.0,0.015384615,0.03,1.7,0.05,Mar,2,2,1,2,Returning_Visitor,False,True
1,40.06,0,11.5,7,895.06,0.02,0.020659075,2.524993961,0.2,May,2,2,2,2,Returning_Visitor,False,False
1,99.52,0,0.0,27,939.29,0.01,0.039583333,8.07853125,0.15,May,2,2,4,1,Returning_Visitor,False,True
0,99.94,0,0.0,20,1000.34,0.005128205,0.029795821,2.64,0.05,Mar,3,2,1,2,Returning_Visitor,False,False
1,45.36,0,20.62,10,481.38,0.03,0.06,0.0,0.17,May,4,2,3,1,Returning_Visitor,False,False
1,97.8,0,0.0,9,1228.289524,0.02345679,0.03,1.75,0.07,Mar,1,1,3,4,Returning_Visitor,False,False
0,91.4,0,87.73,45,1694.24,0.0,0.02,4.35,0.01,Mar,2,2,1,1,Returning_Visitor,False,True
1,36.3,0,0.0,1,1080.49,0.06,0.07,0.0,0.05,Mar,2,2,4,1,Returning_Visitor,False,True
2,228.0,0,267.5,23,1592.5,0.03,0.04,0.0,0.02,Oct,2,2,1,2,Returning_Visitor,False,False
1,50.14,0,0.0,9,1192.24,0.12,0.13,0.0,0.0,Mar,2,2,2,3,Returning_Visitor,False,False
1,85.39,0,0.0,9,193.3666667,0.03,0.06,3.74,0.01,Nov,3,2,1,4,New_Visitor,True,False
0,49.25,0,24.73,11,1020.19,0.16,0.029239766,1.43,0.6,May,2,2,1,4,Returning_Visitor,False,False
1,0.0,0,0.0,9,974.35,0.02,0.07,0.0,0.0,Nov,1,1,1,2,Returning_Visitor,False,False
1,0.0,0,40.42,15,855.37,0.01,0.02814992,0.0,0.01,Dec,2,2,1,2,Returning_Visitor,False,False
1,54.15,0,23.69,29,1091.77,0.07,0.08,1.33,0.0,Mar,1,1,1,1,Returning_Visitor,False,False
13,419.66,1,516.0,132,2591.76,0.01,0.01,8.868449011,0.0,May,2,2,3,2,Returning_Visitor,False,False
2,190.75,1,88.79,36,1364.59,0.0,0.02,9.49,0.02,Dec,2,2,1,2,Returning_Visitor,False,False
0,129.86,1,0.0,22,653.94,0.066666667,0.09,0.0,0.0,Dec,2,2,6,3,Returning_Visitor,False,False
4,0.0,0,0.0,18,122.75,0.0,0.028571429,2.78,0.02,Mar,2,2,1,2,New_Visitor,True,False
0,36.57,0,0.0,11,684.3333333,0.018181818,0.063636364,0.0,0.2,Feb,2,4,1,1,Returning_Visitor,False,False
2,100.0,0,32.94,11,127.6666667,0.01,0.02,3.38,0.12,May,2,2,1,2,Returning_Visitor,False,False
1,0.0,0,0.0,10,1673.88,0.05,0.06,1.63,0.0,Mar,1,1,1,4,Returning_Visitor,True,False
1,0.0,0,25.94,7,578.2,0.0,0.033333333,58.488,0.06,Oct,2,5,3,6,Returning_Visitor,True,True
1,170.0,0,23.24,39,1177.291667,0.02,0.01965812,1.54,0.05,Mar,2,2,1,2,Returning_Visitor,False,False
5,161.35,0,75.33,34,1824.7,0.01,0.03015873,0.0,0.02,Oct,1,1,1,4,Returning_Visitor,False,False
6,254.11,3,97.37,54,2407.322811,0.003448276,0.02,3.66,0.03,May,3,2,1,4,Returning_Visitor,False,False
2,104.34,0,31.45,18,1062.96,0.01,0.01,0.0,0.01,May,2,1,1,2,New_Visitor,True,False
5,90.41,1,43.1,23,1096.6,0.01,0.01,9.139760775,0.02,May,2,2,1,2,Returning_Visitor,False,False
3,0.0,0,0.0,14,1694.16,0.014285714,0.028571429,0.0,0.0,Oct,2,2,3,2,Returning_Visitor,False,False
2,59.0,1,37.98,21,1449.0,0.01,0.022727273,3.4,0.0,May,1,1,2,4,Returning_Visitor,False,True
1,120.59,0,0.0,2,22.0,0.02,0.05,3.76,0.01,Dec,1,1,9,2,New_Visitor,True,False
0,0.0,0,67.09,29,631.775,0.01,0.05042517,3.61,0.01,Nov,2,2,1,2,Returning_Visitor,False,False
7,154.9333333,0,65.47,31,1224.5,0.01,0.02,5.316109207,0.01,Jul,2,2,1,4,Returning_Visitor,True,False
3,126.48,0,52.38,29,4048.583333,0.01,0.02,0.0,0.03,Mar,2,2,1,2,Returning_Visitor,False,False
2,61.5,0,30.67,11,1115.878205,0.0,0.02,7.26,0.13,May,2,2,1,8,New_Visitor,False,False
1,83.1,0,32.14,22,1537.08,0.008695652,0.04,2.32,0.0,Mar,1,1,3,4,Returning_Visitor,False,True
4,183.7083333,0,17.0,80,1143.371078,0.01,0.01,3.14,0.0,May,1,1,2,4,Returning_Visitor,True,False
2,114.07,1,0.0,28,1032.18,0.01,0.05,5.28,0.01,Mar,2,2,6,1,Returning_Visitor,False,False
2,115.14,0,0.0,21,2086.666667,0.01,0.019907407,0.0,0.0,Oct,2,2,7,2,Returning_Visitor,False,False
8,264.27,1,291.66,143,2262.48,0.002923977,0.02,0.0,0.02,Oct,2,2,7,4,Returning_Visitor,False,False
6,253.75,3,33.0,47,2191.4,0.023076923,0.02,0.0,0.2,May,2,2,2,2,Returning_Visitor,False,False
2,86.78,0,0.0,19,1210.1,0.01,0.04,3.45,0.01,Nov,1,1,4,10,Returning_Visitor,False,False
5,177.89,0,59.24,16,866.5,0.01,0.02,0.0,0.11,Oct,2,2,3,2,Returning_Visitor,False,False
1,57.72,0,27.97,30,2211.58,0.01,0.01,1.77,0.05,Oct,2,2,1,2,Returning_Visitor,False,True
2,46.3,0,44.96,18,48.4,0.02,0.03,1.96,0.0,Oct,1,1,3,3,Returning_Visitor,False,False
0,0.0,0,0.0,14,65.4,0.05,0.06,2.14,0.08,Oct,1,1,1,3,Returning_Visitor,False,False
0,0.0,0,0.0,6,1632.23,0.0,0.033333333,2.52,0.03,Mar,2,2,4,1,Returning_Visitor,False,False
0,41.75,0,32.74,1,0.0,0.2,0.2,0.0,0.0,Mar,1,1,1,1,Returning_Visitor,False,False
0,75.19,0,46.63,13,1258.89,0.01,0.04,2.44,0.0,Nov,2,2,9,2,Returning_Visitor,True,False
1,43.55,0,21.66,11,1193.2,0.04,0.11,1.75,0.07,Feb,2,2,1,1,Returning_Visitor,False,True
2,42.0,0,0.0,22,672.57,0.02,0.03,1.52,0.05,Oct,3,2,1,3,New_Visitor,True,False
0,0.0,0,41.19,16,1093.833333,0.004444444,0.018518519,13.23,0.02,Dec,2,2,2,1,Returning_Visitor,False,False
4,113.6,1,61.96,19,457.9,0.0,0.01,0.0,0.0,Nov,1,1,1,4,Returning_Visitor,False,False
1,55.66,0,0.0,8,672.55,0.02,0.06,0.0,0.01,Dec,2,2,1,2,Returning_Visitor,False,False
0,92.14,0,0.0,18,28.0,0.066666667,0.08,0.0,0.22,May,2,2,7,6,Returning_Visitor,False,False
3,221.25,2,125.68,21,1089.96,0.006896552,0.02183908,21.96,0.04,Dec,2,2,4,2,Returning_Visitor,False,False
4,117.5,0,0.0,20,946.21,0.01,0.03,0.0,0.6,May,3,2,1,13,Returning_Visitor,False,False
0,134.64,0,62.33333333,34,1122.272727,0.01,0.02,4.18,0.18,May,2,2,4,4,Returning_Visitor,False,False
4,114.76,0,37.4,18,1660.22,0.013793103,0.049396552,1.77,0.02,Mar,2,2,1,2,New_Visitor,True,False
2,131.84,1,20.0,17,816.9545455,0.028571429,0.04,7.5,0.01,May,2,2,8,1,Returning_Visitor,False,False
1,55.8,0,0.0,9,1308.89,0.04,0.06,4.21,0.01,Nov,3,2,1,3,Returning_Visitor,True,False
1,42.79,0,19.76,9,95.0,0.06,0.18,1.41,0.0,Mar,2,2,3,2,Returning_Visitor,False,False
0,113.1,0,0.0,14,1087.45,0.0,0.03,0.0,0.03,Feb,2,2,1,2,New_Visitor,False,False
1,61.0,0,0.0,31,1470.416667,0.03,0.04,5.23,0.0,May,2,2,3,4,Returning_Visitor,False,False
1,90.36,0,37.45,31,1075.759524,0.0,0.007758621,2.24,0.21,May,1,6,3,1,Returning_Visitor,False,False
4,85.96,0,36.94,16,571.2,0.02,0.03,1.87,0.0,Mar,2,2,3,10,Returning_Visitor,False,False
2,4.75,0,32.76,16,1231.136508,0.02,0.0110199,2.47,0.02,Mar,2,2,2,1,Returning_Visitor,False,False
2,88.0,1,0.0,23,1361.67,0.01,0.02,9.27,0.0,Mar,2,2,1,2,New_Visitor,True,False
2,114.08,0,33.8,12,1011.91,0.03,0.014285714,0.0,0.1,Mar,3,2,3,2,New_Visitor,False,False
0,43.68,0,45.16,9,902.66,0.133333333,0.140833333,3.29,0.0,Aug,1,1,1,3,Returning_Visitor,False,False
1,56.86,0,17.58,15,259.6666667,0.03,0.05,0.0,0.21,May,1,1,2,3,Returning_Visitor,True,False
1,47.03,0,23.12,8,692.88,0.04,0.05,5.57,0.38,May,2,2,2,4,Returning_Visitor,False,False
3,92.83333333,1,102.87,24,796.88,0.002666667,0.02,17.84230699,0.0,Mar,1,1,3,1,Returning_Visitor,False,True
0,43.67,0,34.74,0,613.87,0.2,0.2,0.0,0.0,May,2,2,1,1,Returning_Visitor,False,False
2,85.38,0,45.58,19,615.87,0.02,0.03,16.88069613,0.02,Mar,2,2,1,2,Returning_Visitor,False,True
2,91.53,0,0.0,14,914.39,0.007083333,0.02,3.27,0.05,Mar,1,1,2,8,Returning_Visitor,False,False
1,37.98,0,28.0,1,0.0,0.066666667,0.07,2.09,0.23,Feb,2,2,8,3,Returning_Visitor,False,False
1,61.25,0,32.99,5,534.72,0.02,0.04,0.0,0.01,Mar,2,2,6,6,Returning_Visitor,False,False
0,98.24,0,0.0,23,1420.18,0.01,0.037615417,4.72,0.02,May,2,2,1,2,Returning_Visitor,True,False
0,0.0,0,0.0,9,1708.77,0.07,0.06,0.0,0.05,Mar,1,1,1,3,Returning_Visitor,False,False
2,64.77,0,33.15,13,1362.38,0.01,0.018181818,31.98,0.0,Nov,2,2,1,3,New_Visitor,True,True
1,43.66,0,20.48,12,1009.62,0.033333333,0.04,0.0,0.03,Mar,2,2,8,1,Returning_Visitor,False,False
1,116.77,0,0.0,6,104.0,0.0,0.033333333,0.0,0.17,May,3,2,7,6,Returning_Visitor,False,False
1,146.0,1,74.15,7,221.4,0.01,0.02,9.07,0.01,Nov,1,1,4,2,Returning_Visitor,False,False
4,110.99,0,83.98,55,1494.44,0.01,0.025454545,2.57,0.0,Oct,2,2,6,1,Returning_Visitor,False,False
6,170.92,3,62.43,40,2211.95,0.01,0.010086083,3.52,0.0,Oct,2,2,9,2,New_Visitor,True,False
5,148.35,0,294.6,50,3015.61,0.0,0.026687598,0.0,0.02,Oct,2,2,1,2,Returning_Visitor,False,True
1,46.1,0,0.0,8,0.0,0.2,0.16,2.16,0.0,Feb,2,1,1,2,Returning_Visitor,True,False
1,0.0,0,32.03,18,1471.99,0.02,0.1,1.92,0.0,Oct,2,2,2,1,Returning_Visitor,False,False
1,65.64,0,0.0,10,128.5,0.06,0.08,0.0,0.02,Mar,2,2,2,1,Returning_Visitor,True,False
1,43.85,0,0.0,7,36.0,0.08,0.08,2.73,0.16,May,2,2,1,3,Returning_Visitor,False,False
2,108.97,0,0.0,13,1685.47,0.0,0.02,41.422095,0.01,Nov,1,1,9,2,New_Visitor,False,True
1,100.14,0,59.61,65,1140.791667,0.01,0.020707071,3.51,0.01,Mar,2,2,4,2,Returning_Visitor,False,True
1,54.18,0,0.0,9,0.0,0.2,0.2,0.0,0.13,June,3,2,4,7,Returning_Visitor,False,False
3,81.57,0,34.15,17,1052.255952,0.04,0.09,1.8,0.04,Mar,3,2,1,11,Returning_Visitor,True,False
2,91.88,0,32.93,51,507.5,0.01,0.01,12.01221257,0.01,Oct,2,2,1,2,Returning_Visitor,True,True
1,82.03,0,29.03,15,221.5,0.01,0.020512821,4.41,0.0,Mar,2,2,1,2,Returning_Visitor,False,False
1,83.66,0,0.0,24,1242.0,0.02173913,0.062318841,0.0,0.01,Nov,2,2,1,2,Returning_Visitor,False,False
1,0.0,0,25.05,15,880.58,0.11,0.12,1.69,0.8,May,1,2,2,4,Returning_Visitor,True,False
0,41.27,0,0.0,1,947.9,0.2,0.2,0.0,0.0,Mar,1,2,2,3,Returning_Visitor,False,False
2,30.0,0,46.79,21,597.6,0.01,0.0125,0.0,0.01,Mar,1,1,1,2,Returning_Visitor,True,False
2,119.61,1,0.0,25,1211.26,0.0,0.007407407,11.63,0.0,Nov,2,2,3,1,Returning_Visitor,True,False
12,444.3,1,258.66,85,3042.63,0.02,0.02,2.92,0.12,Oct,2,2,1,1,Returning_Visitor,False,False
1,51.9,0,35.32,25,1625.63,0.05862069,0.095402299,0.0,0.07,Oct,2,2,1,1,Returning_Visitor,False,False
1,45.63,0,26.29,12,967.09,0.01,0.05,1.59,0.01,Nov,1,2,1,6,New_Visitor,False,False
2,81.89,0,52.87,23,709.3333333,0.01,0.014761905,0.0,0.01,Nov,2,2,9,2,Returning_Visitor,False,False
1,35.51,0,21.15,9,1095.95,0.06,0.06,1.92,0.04,Feb,2,4,1,4,Returning_Visitor,False,True
0,45.01,0,0.0,9,0.0,0.02,0.05,1.65,0.0,Mar,2,2,4,1,Returning_Visitor,False,False
4,111.0,0,0.0,19,1208.69,0.01,0.02,36.65444444,0.0,May,2,2,1,4,Returning_Visitor,False,True
1,58.72,1,47.92,19,899.7,0.014814815,0.05,1.95,0.01,Dec,1,1,7,3,Returning_Visitor,False,False
1,33.82,0,0.0,15,872.8333333,0.01,0.026666667,0.0,0.02,Mar,2,1,2,3,Returning_Visitor,False,False
0,0.0,0,0.0,18,1015.85,0.01,0.02,0.0,0.11,Oct,2,2,4,11,Returning_Visitor,False,False
4,200.64,1,85.91,22,1485.25,0.01,0.008333333,107.94,0.15,May,2,2,2,4,Returning_Visitor,False,True
0,35.06,0,0.0,10,1149.04,0.08,0.08,1.61,0.05,Mar,2,2,2,1,Returning_Visitor,False,False
1,92.33,0,0.0,12,1361.7,0.002173913,0.03,0.0,0.04,Mar,2,2,1,2,Returning_Visitor,False,False
0,0.0,0,267.83,24,663.73,0.041666667,0.08,3.37,0.65,May,3,3,3,4,Returning_Visitor,True,False
3,54.5,0,0.0,27,1729.17,0.02,0.01146836,2.55,0.02,Nov,1,1,2,1,Returning_Visitor,False,False
1,45.0,0,25.96,25,1374.05,0.01,0.028,2.1,0.0,Mar,2,5,3,1,Returning_Visitor,False,False
5,311.25,4,428.547619,44,3891.214286,0.01,0.011184211,86.79082569,0.0,Dec,2,2,1,2,New_Visitor,False,False
0,0.0,0,68.05,30,928.32,0.0,0.03,0.0,0.0,Oct,2,4,9,2,Returning_Visitor,False,False
1,49.39,0,39.47,7,1211.57,0.0,0.03,0.0,0.07,Mar,2,2,2,11,Returning_Visitor,False,False
0,0.0,0,0.0,12,10.0,0.03,0.18,18.81,0.0,Dec,1,1,2,1,Returning_Visitor,False,False
2,100.0,1,12.0,13,1373.95,0.01,0.004545455,1.95,0.0,Mar,1,1,9,2,New_Visitor,True,False
1,46.63,0,0.0,13,810.27,0.06,0.125,1.75,0.8,May,2,2,4,13,Returning_Visitor,False,False
2,113.71,2,31.7,6,749.44,0.01,0.03,3.39,0.01,June,3,2,7,11,Returning_Visitor,False,False
4,63.4,0,0.0,18,1220.87,0.01,0.087060755,0.0,0.0,Aug,3,2,6,9,Returning_Visitor,False,False
1,0.0,0,20.63,9,646.02,0.03,0.08,1.81,0.09,May,2,2,7,3,Returning_Visitor,True,True
0,244.96,2,153.13,11,872.59,0.015384615,0.02,10.72,0.02,Feb,2,2,4,10,Returning_Visitor,False,False
1,43.45,0,0.0,10,1624.5,0.15,0.15,0.0,0.04,Mar,2,2,2,4,Returning_Visitor,True,False
1,22.9,0,58.95,145,1591.04,0.01,0.01,2.88,0.05,May,2,10,7,1,Returning_Visitor,True,True
0,0.0,0,26.73,1,0.0,0.04,0.06,2.79,0.14,May,2,2,2,3,Returning_Visitor,False,False
1,0.0,0,0.0,12,653.29,0.2,0.2,0.0,0.06,Mar,2,4,1,1,Returning_Visitor,False,False
4,137.91,0,435.45,49,3273.04,0.00867052,0.017328726,2.16,0.02,Nov,2,2,1,2,Returning_Visitor,False,True
2,78.01,0,0.0,24,1466.4,0.03,0.002666667,34.03997536,0.03,Nov,2,2,1,2,Returning_Visitor,False,True
14,295.2,1,56.9,45,1985.77,0.004545455,0.03,4.73,0.03,Oct,2,2,3,1,Returning_Visitor,False,False
0,34.58,0,26.89,3,10.0,0.02,0.06,0.0,0.02,Mar,2,2,7,1,Returning_Visitor,False,False
7,173.16,0,0.0,74,1540.290115,0.00617284,0.02,2.86,0.01,Aug,2,2,1,4,Returning_Visitor,False,False
1,45.37,0,0.0,14,2223.45,0.03,0.1,0.0,0.0,Mar,1,1,7,1,Returning_Visitor,False,False
4,176.07,1,139.5,52,3714.352664,0.01,0.013429932,8.42,0.0,Nov,2,2,1,2,Returning_Visitor,False,False
2,82.0,0,0.0,26,1560.15,0.02,0.041176471,1.9,0.0,Mar,2,2,2,2,Returning_Visitor,True,False
1,0.0,0,0.0,11,336.8833333,0.0,0.02,2.66,0.02,Sep,1,2,6,4,Returning_Visitor,False,True
0,0.0,0,27.27,13,721.55,0.2,0.2,0.0,0.0,Mar,2,2,1,3,Returning_Visitor,False,False
2,78.61,0,32.11,20,1199.616667,0.04,0.09,1.93,0.0,Mar,2,2,2,2,Returning_Visitor,True,True
0,0.0,0,32.09,8,248.9,0.01,0.02745098,3.53,0.23,May,1,1,1,2,Returning_Visitor,False,False
2,251.8142857,2,101.8,37,1838.22,0.01,0.01,4.683075961,0.0,Nov,1,1,1,2,New_Visitor,True,False
0,0.0,0,21.88,11,644.13,0.04,0.05,1.69,0.0,Oct,3,2,1,3,Returning_Visitor,False,False
2,89.0,0,37.27,3,1529.53,0.0,0.03,3.5,0.01,Mar,2,1,3,2,Returning_Visitor,True,False
3,110.38,0,33.17,16,240.3,0.01,0.01,2.98,0.0,Aug,2,2,1,6,Returning_Visitor,False,False
6,165.1,1,153.02,161,2462.4,0.01,0.01,15.988034,0.0,May,2,5,1,2,Returning_Visitor,False,True
0,49.8,0,28.65,13,1057.82,0.003846154,0.02,0.0,0.0,Mar,3,3,2,4,Returning_Visitor,False,False
0,0.0,0,49.56,19,43.2,0.0,0.05,0.0,0.08,May,3,2,1,3,Returning_Visitor,False,False
0,52.48,0,40.6,21,1044.76,0.02,0.15,2.02,0.0,Nov,2,2,2,3,Returning_Visitor,False,False
1,0.0,0,0.0,12,640.375,0.02,0.05,1.55,0.01,Dec,1,1,3,1,Returning_Visitor,False,False
1,63.65,0,0.0,2,512.68,0.04,0.09,2.57,0.09,May,2,2,3,4,Returning_Visitor,False,False
1,81.92,0,31.76,31,2372.333333,0.01,0.03,1.95,0.05,Oct,2,2,3,2,New_Visitor,False,False
1,57.88,0,0.0,15,1350.25,0.12,0.07,2.85,0.06,Feb,2,2,3,6,Returning_Visitor,False,False
1,53.29,0,33.28,10,198.75,0.0,0.02,2.95,0.0,Nov,2,2,9,20,Returning_Visitor,False,False
1,80.32,0,31.18,3,1016.78,0.0,0.066666667,2.43,0.0,May,2,2,1,4,Returning_Visitor,False,False
4,91.66,2,38.99,20,828.69,0.02,0.02,1.87,0.0,Oct,2,2,3,2,New_Visitor,False,False
1,0.0,0,0.0,19,1357.01,0.005547653,0.06,3.47,0.6,May,2,2,1,4,Returning_Visitor,False,False
3,46.45833333,0,79.43,82,2875.615909,0.01,0.01,3.06,0.0,Nov,2,2,9,1,Returning_Visitor,False,True
5,229.65,1,171.74,74,1780.75,0.002988954,0.043301833,10.04,0.0,Dec,2,2,1,8,Returning_Visitor,False,False
3,117.9,0,45.58,22,633.75,0.0,0.019047619,2.65,0.0,Oct,2,10,3,2,Returning_Visitor,True,True
1,0.0,0,20.91,25,566.8833333,0.07,0.07,1.32,0.05,Mar,2,2,2,1,Returning_Visitor,False,False
0,58.84,0,35.21,1,0.0,0.03,0.08,0.0,0.16,May,4,1,3,3,Returning_Visitor,False,False
1,50.81,0,30.7,16,994.98,0.2,0.2,2.32,0.0,Aug,3,2,1,13,Returning_Visitor,False,False
0,87.73,0,23.33,9,83.0,0.05,0.08,2.97,0.17,May,2,2,2,3,Returning_Visitor,False,False
5,53.0,0,0.0,20,1132.57,0.01,0.013931624,0.0,0.2,May,2,2,3,4,Returning_Visitor,False,False
1,43.09,0,0.0,9,979.72,0.1,0.08,0.0,0.0,Oct,2,2,3,6,Returning_Visitor,False,False
1,57.66,0,23.35,12,1499.08,0.0,0.05,1.56,0.0,Mar,2,2,2,2,Returning_Visitor,False,True
2,73.59,0,105.1333333,27,2616.51,0.02,0.045751634,0.0,0.1,May,2,2,1,13,Returning_Visitor,False,False
4,162.72,1,92.21,11,234.9924242,0.01,0.02,0.0,0.0,Mar,2,2,1,2,Returning_Visitor,False,False
3,132.77,0,81.2,41,1636.08,0.01,0.02,4.18,0.0,Nov,2,2,1,2,Returning_Visitor,False,False
2,87.48,0,0.0,18,915.1666667,0.021052632,0.05,5.32,0.04,Mar,2,2,1,1,Returning_Visitor,False,False
1,29.51,0,24.46,11,1727.83,0.2,0.2,0.0,0.0,Nov,1,1,3,3,Returning_Visitor,False,False
1,0.0,0,20.72,2,1393.76,0.0,0.09,0.0,0.04,Mar,2,2,1,4,Returning_Visitor,False,False
1,70.5,0,41.02,23,541.5357143,0.0,0.008333333,115.7819471,0.01,Nov,2,5,1,2,New_Visitor,True,True
1,19.0,1,20.86,11,66.83333333,0.04,0.1,5.29,0.01,Nov,1,2,3,8,New_Visitor,False,False
0,59.78,0,0.0,2,26.5,0.07,0.09,0.0,0.0,Mar,2,2,1,1,Returning_Visitor,False,False
1,49.47,0,26.4,11,701.5,0.02,0.05,0.0,0.07,Mar,2,2,2,1,Returning_Visitor,False,False
1,0.0,0,24.35,12,632.4,0.004761905,0.04,0.0,0.02,Oct,2,2,3,2,Returning_Visitor,False,False
0,0.0,0,0.0,53,2051.466667,0.01,0.01,0.0,0.0,Oct,2,2,1,2,Returning_Visitor,False,True
2,64.0,0,30.06,20,1630.67,0.0,0.03,2.34,0.04,Oct,2,2,1,2,Returning_Visitor,False,True
0,72.76,0,40.22,26,2478.0,0.01,0.057142857,2.14,0.0,Oct,2,2,1,11,Returning_Visitor,True,True
1,0.0,0,0.0,13,102.0,0.02,0.1,1.64,0.04,Mar,2,2,1,2,Returning_Visitor,False,False
1,65.77,0,27.35,14,3545.19127,0.04,0.06,1.62,0.6,May,2,2,4,4,Returning_Visitor,False,False
3,108.82,0,37.04,23,1138.59,0.01,0.02,1.83,0.0,Nov,2,5,1,2,New_Visitor,False,True
1,23.0,0,40.5,16,947.99,0.005128205,0.02008547,20.5924708,0.0,Nov,2,2,1,2,Returning_Visitor,False,True
4,240.34,0,0.0,29,1839.13,0.01468254,0.02,0.0,0.04,May,3,2,3,1,Returning_Visitor,False,False
0,42.53,0,0.0,4,1089.73,0.04,0.06,1.74,0.05,Oct,2,2,1,1,Returning_Visitor,False,False
9,175.9345238,1,118.37,229,2457.58,0.00373444,0.015020196,4.08,0.0,May,2,2,1,2,Returning_Visitor,False,True
2,50.93,0,23.7,15,1021.48,0.01,0.066666667,2.67,0.0,Mar,1,1,9,2,Returning_Visitor,False,False
2,119.01,0,31.22,17,1845.958333,0.02,0.017679325,4.71,0.04,Oct,2,2,1,2,Returning_Visitor,False,True
3,101.55,0,403.0,15,665.5666667,0.01,0.01,0.0,0.01,Oct,3,2,8,4,Returning_Visitor,False,False
6,208.3,1,165.52,87,1345.62,0.01,0.01,5.82,0.01,Dec,4,1,9,2,Returning_Visitor,False,False
1,73.52,1,56.62,7,98.5,0.071428571,0.09,0.0,0.0,Mar,1,1,6,1,Returning_Visitor,False,False
0,116.22,0,49.56,19,196.5,0.02,0.021052632,3.35,0.03,Oct,2,2,2,1,Returning_Visitor,True,False
1,42.25,0,0.0,11,785.81,0.2,0.2,2.69,0.36,May,2,2,1,15,Returning_Visitor,False,False
0,132.99,1,99.1,135,1947.84,0.019259259,0.037964727,0.0,0.01,Sep,2,2,1,2,Returning_Visitor,False,False
1,0.0,0,33.29,23,647.5,0.01,0.04,0.0,0.24,May,3,2,2,1,Returning_Visitor,False,False
1,40.46,0,18.25,5,1379.88,0.09,0.11,1.92,0.03,Mar,2,2,2,1,Returning_Visitor,False,False
3,138.52,1,168.74,49,1934.94,0.0,0.04,0.0,0.0,Mar,2,2,1,13,Returning_Visitor,False,False
0,0.0,0,43.09,20,1117.4,0.0,0.1,1.47,0.09,May,2,2,3,3,Returning_Visitor,True,False
3,53.5,0,0.0,19,1097.05,0.02,0.019605911,3.1,0.03,Mar,3,2,2,1,Returning_Visitor,False,False
0,117.38,1,78.86,24,1106.07,0.0,0.009090909,0.0,0.02,Dec,2,2,4,2,Returning_Visitor,False,False
2,123.49,0,0.0,22,380.8066667,0.01,0.013333333,6.96,0.0,Jul,1,2,1,2,New_Visitor,False,False
0,68.62,0,22.4,10,122.1666667,0.02,0.06,0.0,0.01,Nov,1,1,1,2,New_Visitor,True,False
2,54.82,0,161.0,10,1189.52,0.17,0.15,1.56,0.03,Mar,2,2,2,1,Returning_Visitor,False,True
0,60.38,0,0.0,10,0.0,0.15,0.17,0.0,0.0,Mar,2,2,2,3,Returning_Visitor,False,False
1,179.12,1,493.0,70,1572.486399,0.01,0.02,4.37,0.0,May,2,2,1,2,Returning_Visitor,False,False
0,38.48,0,28.64,8,674.2,0.2,0.2,0.0,0.06,Mar,2,2,1,1,Returning_Visitor,False,False
1,72.16,0,34.91,10,1092.32,0.0,0.06,0.0,0.01,Nov,2,2,1,2,Returning_Visitor,False,False
0,0.0,0,20.48,11,1197.8,0.11,0.01,1.67,0.03,Mar,2,2,1,3,Returning_Visitor,False,False
0,55.24,0,0.0,14,137.0,0.15,0.2,2.0,0.2,Feb,2,2,2,3,Returning_Visitor,False,False
4,72.0,0,93.91,40,2258.175,0.01,0.02,38.19067209,0.13,Oct,2,2,9,2,Returning_Visitor,False,False
1,72.32,0,50.86,2,442.5,0.01,0.02,4.0,0.01,Dec,4,2,4,2,Returning_Visitor,False,False
1,0.0,0,0.0,10,1081.73,0.028571429,0.03,2.49,0.17,Mar,3,3,2,4,Returning_Visitor,False,False
2,105.89,0,39.01,23,240.75,0.0,0.08,0.0,0.02,May,2,2,9,2,Returning_Visitor,False,False
3,113.34,1,0.0,15,1272.76,0.03,0.14,9.93,0.02,Nov,1,8,2,11,Returning_Visitor,False,False
1,45.48,0,0.0,13,644.125,0.06,0.1,2.02,0.02,Mar,2,2,2,1,Returning_Visitor,False,False
5,626.0,2,235.36,77,1702.91,0.0,0.02,41.92518987,0.0,May,1,1,1,2,Returning_Visitor,False,False
2,102.54,0,17.0,20,1066.566667,0.004255319,0.02,2.12,0.0,Mar,3,2,3,10,Returning_Visitor,False,True
4,149.26,0,42.35,9,224.25,0.01,0.015384615,0.0,0.03,Mar,2,2,3,2,Returning_Visitor,False,False
1,47.92,0,0.0,11,737.41,0.08,0.09,0.0,1.0,May,1,1,7,3,Returning_Visitor,True,False
1,37.5,0,17.39,7,332.14,0.03,0.1,0.0,0.0,Oct,1,1,3,8,Returning_Visitor,False,True
3,139.575,1,64.99,19,648.72,0.01,0.03,7.7,0.01,Dec,2,10,1,1,New_Visitor,False,True
1,24.2,0,25.14,8,1312.42,0.09,0.06,1.57,0.03,Mar,1,1,1,1,Returning_Visitor,False,False
1,104.14,0,0.0,3,786.05,0.0,0.04,0.0,0.0,Mar,3,2,6,4,New_Visitor,False,False
0,0.0,0,26.06,2,4.0,0.03,0.1,8.35,0.0,Aug,2,2,2,3,Returning_Visitor,False,False
1,50.16,0,0.0,6,894.77,0.01,0.075,3.79,0.45,May,3,2,6,7,Returning_Visitor,False,False
2,0.0,0,34.42,23,833.05,0.0,0.03,2.71,0.03,May,2,2,1,4,New_Visitor,False,True
1,57.59,0,28.55,4,512.87,0.02,0.06,0.0,0.01,Dec,2,2,1,2,Returning_Visitor,False,False
2,151.0,0,0.0,30,1547.233333,0.0,0.03,28.40448178,0.0,Mar,2,1,3,2,Returning_Visitor,False,True
1,55.5,0,19.79,3,624.81,0.08,0.09,3.84,0.13,May,2,2,1,3,Returning_Visitor,False,False
2,52.0,0,41.27,21,319.0,0.0,0.04,1.98,0.0,Mar,2,2,3,1,Returning_Visitor,False,False
0,0.0,0,37.14,80,1162.55,0.01,0.01,2.25,0.03,Mar,2,2,1,2,Returning_Visitor,False,False
2,0.0,0,29.86,15,847.05,0.0,0.066666667,1.95,0.04,Feb,2,2,3,1,Returning_Visitor,False,False
3,120.88,0,52.17,25,1535.49,0.0,0.04,3.62,0.0,Feb,1,8,3,6,Returning_Visitor,False,False
2,6.0,0,42.63,20,858.31,0.01,0.02,24.21760276,0.01,Jul,3,2,1,1,Returning_Visitor,False,False
2,0.0,0,0.0,15,768.96,0.01,0.03,0.0,0.01,Sep,2,2,1,2,Returning_Visitor,False,False
1,59.59,0,0.0,15,190.25,0.030769231,0.04,0.0,0.0,Feb,2,2,1,1,Returning_Visitor,False,False
7,381.5,1,22.2,154,3011.27,0.02,0.022587818,0.0,0.02,Mar,3,2,1,2,Returning_Visitor,False,False
1,60.61,0,0.0,13,830.37,0.06,0.06,0.0,0.19,May,3,2,4,3,Returning_Visitor,False,False
4,186.6666667,2,92.72,39,347.4,0.01,0.02,0.0,0.01,Oct,2,2,4,2,Returning_Visitor,False,True
1,114.25,1,37.05,10,1033.78,0.0,0.03,2.99,0.1,May,2,2,1,4,Returning_Visitor,True,True
1,49.6,0,0.0,9,940.85,0.02,0.02,2.48,0.0,May,2,2,2,1,Returning_Visitor,True,False
1,38.4,0,0.0,1,727.03,0.2,0.2,0.0,0.0,Mar,1,2,1,3,Returning_Visitor,False,False
1,83.55,0,28.98,15,605.8857143,0.0,0.03,0.0,0.02,May,1,1,1,2,Returning_Visitor,False,False
1,37.85,0,0.0,5,1029.19,0.01,0.04,0.0,0.0,Nov,1,2,1,2,Returning_Visitor,True,False
2,88.26,0,0.0,17,1272.916667,0.004878049,0.02,9.401136585,0.07,May,2,4,2,2,Returning_Visitor,False,False
1,65.5,0,0.0,10,783.75,0.05,0.1,1.51,0.02,Mar,2,2,3,2,Returning_Visitor,True,True
1,69.24,0,0.0,13,961.86,0.02,0.001666667,0.0,0.0,Dec,1,8,1,2,New_Visitor,True,False
1,0.0,0,0.0,14,970.36,0.08,0.07,2.26,0.0,May,2,1,1,2,Returning_Visitor,False,False
1,15.41666667,0,28.14,8,532.13,0.01,0.045238095,2.2,0.05,May,1,1,4,2,Returning_Visitor,False,False
1,70.02,0,22.61,13,339.25,0.03,0.06,4.59,0.06,Feb,2,2,2,1,Returning_Visitor,False,False
5,187.38,1,89.98,42,1610.783197,0.009090909,0.02,6.6,0.02,Dec,2,2,3,2,Returning_Visitor,False,False
8,129.53,0,80.78,59,1754.24,0.01,0.023522862,3.26,0.0,May,2,2,3,3,Returning_Visitor,False,True
0,60.78,0,35.38,2,22.0,0.0,0.1,0.0,0.0,Mar,1,3,3,1,Returning_Visitor,False,False
1,45.6,0,20.98,17,601.23,0.04,0.05,1.76,0.05,Mar,2,2,3,2,New_Visitor,False,False
1,0.0,0,0.0,4,1312.97,0.02,0.025,0.0,0.03,Mar,2,2,1,2,Returning_Visitor,True,False
7,165.9166667,2,118.13,42,1448.51,0.009614512,0.01,0.0,0.01,Nov,1,1,3,2,Returning_Visitor,False,False
1,0.0,0,27.95,16,1527.607143,0.038095238,0.07,2.07,0.16,Feb,2,2,2,3,Returning_Visitor,False,False
1,0.0,0,0.0,16,999.61,0.05,0.11,2.09,0.0,Feb,2,2,9,20,Returning_Visitor,False,False
1,48.06,0,27.73,42,729.05,0.02,0.004761905,17.69657143,0.03,May,2,2,3,4,Returning_Visitor,False,True
0,35.31,0,21.19,13,626.01,0.01,0.04,0.0,0.0,Mar,4,1,1,3,Returning_Visitor,False,False
1,0.0,0,38.03,7,1205.8,0.0,0.02,0.0,0.01,Nov,2,2,1,2,Returning_Visitor,False,False
2,62.35,1,0.0,20,1596.52,0.002898551,0.05,0.0,0.0,Mar,2,2,3,1,Returning_Visitor,False,False
13,541.27,2,584.0,123,2794.46,0.01,0.02,3.919126984,0.0,Feb,2,2,1,2,Returning_Visitor,False,False
2,112.27,0,42.17,17,846.08,0.02,0.04,0.0,0.0,Sep,1,2,1,2,Returning_Visitor,False,False
2,0.0,0,0.0,24,1441.85,0.12,0.2,1.61,0.04,Oct,2,2,9,4,New_Visitor,False,False
1,57.75,0,21.86,11,1607.55,0.0,0.07,1.5,0.0,Mar,2,2,2,4,Returning_Visitor,False,False
1,50.36,0,25.32,9,42.0,0.0,0.03,1.61,0.0,May,1,1,7,3,Returning_Visitor,False,False
0,239.95,3,82.5,9,1403.62,0.016666667,0.01,0.0,0.04,Dec,3,2,6,1,Returning_Visitor,False,False
2,52.0,0,52.05,18,1262.0,0.0,0.00952381,0.0,0.01,Mar,2,2,1,1,Returning_Visitor,False,False
2,112.04,0,35.62,14,56.33333333,0.01,0.0125,0.0,0.03,May,2,2,1,4,Returning_Visitor,False,False
2,17.2,0,0.0,18,1558.66,0.010526316,0.04,3.92,0.0,Mar,2,2,3,2,Returning_Visitor,False,False
1,0.0,0,35.76,17,1501.0,0.093333333,0.09,2.21,0.05,Feb,2,2,4,4,Returning_Visitor,False,False
0,76.2,0,41.89,7,882.49,0.0,0.028571429,0.0,0.0,Dec,2,2,1,2,Returning_Visitor,True,False
5,68.5,1,34.25,34,1885.32,0.01,0.013519938,5.6,0.07,Oct,3,2,1,2,Returning_Visitor,False,False
3,73.2,5,84.05,10,239.7,0.01,0.0025,0.0,0.0,Oct,2,2,5,2,Returning_Visitor,False,False
3,205.25,1,152.92,82,3214.020563,0.01,0.007723577,11.44,0.02,Mar,3,2,2,10,Returning_Visitor,False,True
4,163.05,0,80.97,27,1378.74,0.01,0.01,3.48,0.09,Oct,2,2,3,2,Returning_Visitor,False,False
4,189.56,1,90.97,58,1066.393635,0.01,0.02,8.05,0.01,June,2,2,3,4,Returning_Visitor,False,False
1,94.33,0,24.83,23,579.3,0.02,0.05,0.0,0.0,Sep,2,2,1,2,New_Visitor,False,False
1,175.39,0,65.87,27,1822.008117,0.01,0.007901699,0.0,0.0,May,2,2,2,4,Returning_Visitor,False,False
1,0.0,0,24.51,11,1195.17,0.01,0.053333333,0.0,0.0,Mar,2,2,2,2,Returning_Visitor,False,True
3,92.64,0,66.14,26,1062.56,0.01,0.023484848,2.36,0.0,May,2,4,3,4,Returning_Visitor,False,False
3,198.5,2,104.97,6,957.43,0.01,0.03,0.0,0.0,Mar,2,2,3,2,Returning_Visitor,False,False
1,48.25,0,41.07,11,929.55,0.07,0.07,0.0,0.19,May,2,2,3,6,Returning_Visitor,False,False
3,208.82,1,0.0,115,2547.717986,0.01,0.007207729,13.26221446,0.0,Nov,2,1,4,10,Returning_Visitor,False,True
1,0.0,0,31.0,3,664.89,0.04,0.07,0.0,0.01,Mar,2,2,6,1,Returning_Visitor,True,False
4,189.6666667,0,0.0,27,1212.33,0.01,0.005069124,0.0,0.01,Dec,2,2,1,1,New_Visitor,False,False
3,210.6,0,109.14,22,876.93,0.0,0.02,5.38,0.0,Oct,3,2,7,8,New_Visitor,True,False
1,0.0,0,0.0,19,283.5,0.09,0.010526316,1.87,0.02,Mar,2,2,2,3,Returning_Visitor,False,False
2,0.0,0,40.04,19,1162.07,0.0,0.03,3.25,0.01,Nov,1,1,1,4,Returning_Visitor,False,False
0,0.0,1,60.2,104,1624.73,0.008843537,0.023737786,4.47,0.04,Feb,2,2,1,2,Returning_Visitor,False,False
8,68.45,0,29.78,32,1403.828355,0.02,0.003153153,1.47,0.0,Oct,2,2,1,2,Returning_Visitor,False,True
1,63.83,0,22.57,9,905.2,0.1,0.12,2.776907268,0.15,May,2,2,1,4,Returning_Visitor,False,False
9,281.33,4,105.57,7,2026.52,0.01,0.012631579,0.0,0.0,June,2,5,9,2,Returning_Visitor,True,False
4,585.5,1,0.0,80,1800.41,0.01,0.01,26.41113767,0.01,Nov,2,2,1,2,Returning_Visitor,False,True
1,58.03,0,24.63,13,0.0,0.06,0.1,2.71,0.02,Mar,2,2,3,1,Returning_Visitor,False,False
3,34.0,3,125.38,35,374.4166667,0.01,0.02,0.0,0.0,Dec,2,2,1,2,Returning_Visitor,False,False
0,46.64,0,24.05,1,0.0,0.03,0.08,2.83,0.01,Dec,2,2,1,2,Returning_Visitor,False,False
0,47.13,0,0.0,11,267.5666667,0.05,0.07,7.68745056,0.03,May,2,2,1,3,New_Visitor,False,True
0,0.0,0,33.38,10,1106.95,0.02,0.04,2.27,0.06,Oct,2,2,4,1,Returning_Visitor,False,False
0,0.0,0,31.08,18,1077.16,0.04,0.07,3.63,0.0,Mar,2,2,2,1,New_Visitor,False,True
2,76.1,0,30.99,17,660.1666667,0.02,0.016666667,3.04,0.01,Mar,2,2,2,2,Returning_Visitor,False,False
8,237.46,1,83.2,38,2608.54,0.002272727,0.016576479,5.5,0.0,Oct,1,1,3,2,Returning_Visitor,True,False
1,0.0,0,38.01,12,532.75,0.01,0.046666667,2.94,0.0,Dec,2,2,3,2,Returning_Visitor,False,False
0,0.0,0,25.38,25,701.8833333,0.04,0.05,1.65,0.0,Mar,2,2,1,2,Returning_Visitor,False,False
2,80.1,0,0.0,15,799.0619048,0.0,0.04275,2.98,0.28,May,1,1,6,4,Returning_Visitor,False,False
1,63.72,0,0.0,13,421.5,0.12,0.11,3.67,0.18,Oct,3,2,1,1,Returning_Visitor,False,False
1,90.14,0,0.0,19,745.01,0.01,0.082807018,0.0,0.06,June,2,2,3,1,Returning_Visitor,False,False
1,0.0,0,0.0,28,2529.75,0.02,0.088271605,1.65,0.4,May,2,2,7,1,Returning_Visitor,False,False
2,54.0,0,28.05,13,46.0,0.02,0.04,3.02,0.01,Sep,2,2,1,2,New_Visitor,False,False
1,55.0,0,21.68,18,376.5,0.16,0.13,1.54,0.11,Mar,4,2,1,4,Returning_Visitor,False,False
3,93.78,0,26.4,17,1504.06,0.02,0.023297491,6.402612903,0.0,Oct,2,2,1,2,New_Visitor,True,False
3,188.96,1,105.29,15,1052.84,0.01,0.015686275,11.77,0.01,Dec,2,2,1,2,Returning_Visitor,False,False
0,49.29,0,0.0,14,939.27,0.0,0.008333333,1.51,0.04,Mar,3,2,1,2,Returning_Visitor,False,True
0,0.0,0,0.0,1,419.71,0.05,0.08,0.0,0.01,Jul,1,1,1,3,Returning_Visitor,False,False
1,49.85,0,0.0,35,1531.74,0.01,0.01,64.72238907,0.0,Nov,2,2,1,2,New_Visitor,True,True
1,0.0,0,0.0,10,103.0,0.02,0.05,0.0,0.17,May,2,2,1,3,Returning_Visitor,False,False
2,0.0,0,54.19,18,1669.559524,0.01,0.02,3.98,0.4,May,3,2,2,1,Returning_Visitor,False,False
3,112.83,1,78.75,33,1444.27,0.01,0.024237631,5.26,0.0,Nov,2,2,1,2,Returning_Visitor,False,False
0,0.0,0,42.19,23,1546.5,0.0,0.02,1.61,0.05,Mar,3,2,1,1,Returning_Visitor,False,False
2,116.14,0,56.22,51,1210.49,0.013684211,0.03,4.21,0.01,Sep,2,2,1,2,Returning_Visitor,False,False
1,28.5,0,23.63,11,500.5,0.07,0.06,0.0,0.0,Mar,4,2,2,1,Returning_Visitor,False,False
2,78.02,0,42.6,19,1542.791667,0.02,0.04,1.52,0.05,Oct,2,2,3,1,Returning_Visitor,False,False
0,0.0,0,0.0,4,1271.88,0.0,0.08,0.0,0.0,Mar,2,2,1,2,Returning_Visitor,False,False
1,41.06,0,26.87,11,64.0,0.05,0.06,0.0,0.02,Mar,2,2,1,1,Returning_Visitor,False,False
0,34.64,0,30.96,1,944.61,0.2,0.2,0.0,0.0,Dec,1,1,1,3,Returning_Visitor,False,False
2,23.0,1,36.31,23,1693.73,0.01,0.03,2.16,0.09,Oct,2,2,1,1,Returning_Visitor,False,False
1,99.96,0,33.71,12,922.39,0.08,0.08,0.0,0.0,May,2,2,6,3,Returning_Visitor,False,False
1,0.0,0,0.0,17,1250.06,0.02,0.04,0.0,0.08,Oct,2,2,1,1,Returning_Visitor,False,False
1,66.74,0,0.0,13,645.77,0.072222222,0.063095238,2.99,0.16,Feb,1,8,7,1,Returning_Visitor,False,False
2,120.94,0,52.88,29,438.8666667,0.0,0.020689655,0.0,0.04,Oct,4,2,2,2,Returning_Visitor,True,False
2,0.0,0,29.94,13,1261.82,0.014,0.042666667,2.51,0.12,May,2,2,2,2,Returning_Visitor,False,False
3,22.0,1,62.41,21,956.97,0.0,0.066666667,3.32,0.0,May,2,2,2,4,Returning_Visitor,False,False
0,0.0,0,30.91,14,1019.62,0.2,0.2,1.53,0.05,Mar,2,2,1,4,Returning_Visitor,False,False
2,79.83,0,34.88,17,1188.86,0.006153846,0.03,2.49,0.0,May,2,2,6,13,Returning_Visitor,False,False
2,45.5,1,66.45,13,1184.11,0.0,0.025,6.8,0.0,Nov,2,2,1,2,Returning_Visitor,False,False
0,33.44,0,20.44,9,673.89,0.04,0.13,0.0,0.0,Nov,2,3,1,4,Returning_Visitor,False,False
1,11.0,0,23.07,23,835.5833333,0.04,0.06,1.85,0.0,Oct,2,2,1,1,Returning_Visitor,False,False
1,15.0,0,0.0,13,1013.82,0.028571429,0.06,0.0,0.25,Oct,2,2,1,3,Returning_Visitor,False,False
1,80.05,0,61.4,25,694.0178571,0.01,0.02,2.65,0.01,Dec,2,2,1,2,Returning_Visitor,False,False
1,60.87,0,20.57,10,615.24,0.015384615,0.035897436,0.0,0.02,Dec,2,2,3,2,Returning_Visitor,False,False
2,122.0,0,53.36,19,177.25,0.0,0.02,6.79,0.01,Dec,2,2,2,2,Returning_Visitor,False,False
4,37.5,2,37.72,24,96.625,0.0,0.02,1.54,0.04,Oct,2,2,2,2,Returning_Visitor,False,False
0,0.0,0,49.61,5,1389.43,0.0,0.04,2.48,0.0,May,3,2,1,13,Returning_Visitor,False,False
1,33.1,0,28.17,13,40.4,0.01,0.066666667,2.09,0.0,June,2,2,1,4,Returning_Visitor,False,False
3,0.0,0,0.0,15,422.8333333,0.010526316,0.045614035,0.0,0.0,Mar,2,2,2,4,Returning_Visitor,True,False
1,0.0,0,28.25,12,1000.82,0.059090909,0.08,2.05,0.21,May,3,2,2,3,Returning_Visitor,False,False
0,0.0,0,0.0,11,640.45,0.06,0.07,0.0,0.0,Mar,3,2,4,3,Returning_Visitor,False,False
1,0.0,0,21.72,8,1482.75,0.05,0.06,1.56,0.05,Mar,2,2,1,1,Returning_Visitor,False,False
1,40.13,0,41.04,19,1084.55,0.02,0.1,6.21,0.0,Feb,2,6,2,1,Returning_Visitor,False,False
1,57.72,0,34.24,3,1514.63,0.03,0.066666667,1.43,0.04,Oct,2,2,1,1,Returning_Visitor,False,False
1,57.38,0,38.37,16,952.92,0.02,0.040162037,2.64,0.0,Nov,2,4,1,2,Returning_Visitor,True,False
1,0.0,0,40.73,15,755.33,0.01,0.1,2.02,0.0,Mar,2,4,6,3,Returning_Visitor,False,False
1,52.4,0,30.84,14,176.1,0.02,0.011764706,6.87,0.01,Aug,1,1,1,4,Returning_Visitor,False,False
3,280.06,1,168.2,39,268.4525974,0.01,0.02,0.0,0.0,Oct,2,2,1,2,New_Visitor,False,True
1,43.94,0,23.83,2,56.0,0.07,0.12,0.0,0.0,Mar,2,2,2,1,Returning_Visitor,False,False
1,59.6,0,0.0,24,1397.95,0.08,0.09,1.4,0.0,Mar,1,1,3,1,Returning_Visitor,False,False
3,123.0,0,0.0,8,1092.62,0.0,0.011111111,14.46,0.02,Mar,3,2,9,2,New_Visitor,False,False
0,51.66,0,0.0,19,896.56,0.02,0.128571429,1.77,0.0,Oct,3,2,4,3,Returning_Visitor,False,False
4,0.0,0,34.46,17,1485.28,0.04,0.01884058,0.0,0.03,Mar,2,2,1,2,Returning_Visitor,True,True
2,85.39,0,0.0,15,305.2083333,0.0,0.05,0.0,0.0,Oct,2,2,7,2,Returning_Visitor,False,False
0,0.0,1,0.0,15,808.44,0.01,0.015384615,11.34,0.0,Dec,2,2,9,2,New_Visitor,False,True
2,103.35,0,62.08,29,1454.96,0.01,0.03,55.89978908,0.0,Sep,1,1,1,2,New_Visitor,False,False
0,0.0,0,0.0,9,357.0,0.11,0.12,0.0,0.0,Mar,1,2,1,1,Returning_Visitor,True,False
3,185.27,1,64.5,91,1918.24,0.013285024,0.020476218,0.0,0.01,Nov,3,2,1,1,Returning_Visitor,True,True
4,128.125,4,187.75,55,1747.84,0.01,0.02,8.75,0.02,Oct,2,2,3,2,Returning_Visitor,False,False
2,67.57,0,23.02,11,1256.95,0.06,0.008333333,0.0,0.02,Mar,2,2,1,2,Returning_Visitor,False,False
3,155.48,1,101.64,57,1813.250382,0.003030303,0.011897547,30.60955642,0.01,Oct,2,2,1,2,Returning_Visitor,False,True
0,49.38,0,44.15,13,193.5,0.03,0.097619048,1.79,0.8,May,3,2,2,13,Returning_Visitor,False,False
0,0.0,0,29.3,13,1146.61,0.02,0.02575,0.0,0.4,May,2,2,1,11,Returning_Visitor,False,False
2,84.09,0,0.0,44,1161.87,0.01,0.01,2.27,0.02,Mar,2,2,3,2,Returning_Visitor,False,True
4,141.25,1,59.1,22,873.7,0.0,0.02,2.28,0.0,Oct,1,1,7,8,New_Visitor,False,True
1,0.0,0,28.16,11,635.01,0.04,0.06,1.93,0.01,Jul,2,2,9,4,Returning_Visitor,False,False
1,40.37,0,0.0,8,807.86,0.01,0.058333333,2.01,0.0,Mar,2,2,3,2,Returning_Visitor,False,False
1,39.84,0,25.08,4,4943.59,0.19,0.15,1.77,0.0,Nov,1,1,1,1,Returning_Visitor,False,False
2,120.31,1,0.0,22,2499.990079,0.01,0.02,8.71,0.01,Nov,2,2,8,4,New_Visitor,False,False
4,119.48,0,66.55,26,1734.53,0.002666667,0.010666667,2.32,0.0,Oct,2,2,2,1,Returning_Visitor,False,False
2,88.07,0,0.0,10,2581.18,0.07,0.11,2.11,0.0,Mar,2,2,3,1,Returning_Visitor,False,False
0,36.22,0,24.99,3,1256.92,0.05,0.06,1.54,0.07,Oct,2,2,2,1,Returning_Visitor,False,False
1,45.04,0,30.81,3,26.7,0.01,0.044444444,2.91,0.0,Oct,2,2,2,4,Returning_Visitor,False,False
0,48.53,0,27.03,4,81.0,0.02,0.05,1.61,0.4,May,2,2,1,4,Returning_Visitor,False,False
0,38.19,0,17.49,19,940.84,0.04,0.06,0.0,0.04,May,2,2,4,1,Returning_Visitor,False,False
3,128.06,0,57.3,30,944.84,0.01,0.02,2.15,0.04,Oct,2,2,3,2,New_Visitor,False,False
1,62.78,0,0.0,12,1041.733333,0.02,0.05,4.13,0.01,Nov,3,2,8,1,Returning_Visitor,True,False
3,91.8,0,32.99,20,1409.18,0.04,0.007539683,1.64,0.03,Mar,2,2,1,2,Returning_Visitor,False,False
2,0.0,0,58.34,27,1152.61,0.01,0.018918919,0.0,0.0,Mar,2,2,1,2,Returning_Visitor,False,False
8,210.36,1,110.62,107,1888.32,0.01,0.009316239,2.551140814,0.0,Oct,2,2,3,2,Returning_Visitor,False,False
1,0.0,0,22.64,8,859.51,0.0,0.05,3.17,0.1,May,2,2,2,2,Returning_Visitor,False,False
2,94.63,0,0.0,17,1157.44,0.03,0.04,2.427453927,0.03,Mar,2,2,1,2,Returning_Visitor,False,True
0,0.0,0,38.76,13,739.88,0.05625,0.05,0.0,0.06,June,2,2,1,1,Returning_Visitor,False,False
2,16.6,1,18.46666667,23,783.2085714,0.0,0.005714286,2.68,0.0,Nov,2,2,7,5,New_Visitor,False,True
0,0.0,0,85.35,31,2767.625,0.01,0.02,52.67778465,0.0,Oct,2,4,9,20,Other,False,True
2,32.0,0,36.68,13,998.64,0.007667474,0.05,2.483389831,0.2,May,2,2,1,3,Returning_Visitor,False,False
0,66.7,0,0.0,14,1501.87,0.01,0.051190476,2.02,0.06,Oct,2,2,1,1,Returning_Visitor,False,False
0,146.35,0,0.0,22,1315.78,0.01,0.0,33.83646892,0.02,Nov,2,2,1,2,New_Visitor,True,True
0,77.41,0,39.53,21,1198.75,0.01,0.04,0.0,0.02,Mar,2,2,3,2,Returning_Visitor,False,False
1,58.63,0,38.27,16,100.0,0.0,0.05,0.0,0.01,Mar,2,2,7,1,Returning_Visitor,False,False
0,0.0,0,26.82,6,694.11,0.01,0.03,2.6,0.0,Oct,2,2,1,2,Returning_Visitor,False,False
0,68.49,0,28.27,8,221.5,0.01,0.014285714,2.65,0.15,May,2,2,1,2,Returning_Visitor,False,False
0,0.0,0,23.95,13,475.025,0.05,0.07,3.45,0.02,Mar,2,2,1,1,New_Visitor,False,False
1,0.0,0,32.47,18,356.0,0.1,0.08,1.62,0.2,May,3,2,2,13,Returning_Visitor,False,False
2,122.25,0,74.48,45,1056.14,0.01,0.018657031,6.95,0.0,Nov,1,2,4,2,Returning_Visitor,False,False
1,15.0,0,33.3,29,951.46,0.024074074,0.04,0.0,0.09,May,2,2,6,3,Returning_Visitor,False,False
2,53.95,0,46.89,23,1390.166667,0.01,0.014545455,0.0,0.01,Mar,1,1,2,3,Returning_Visitor,True,False
1,55.26,0,0.0,11,624.44,0.01,0.04,0.0,0.01,Jul,2,2,6,4,Returning_Visitor,False,False
1,80.17,0,44.0,13,1089.75,0.04,0.07,0.0,0.07,Oct,2,2,1,2,New_Visitor,False,False
4,266.7,0,56.76,28,843.0166667,0.01,0.015151515,4.83,0.01,Sep,1,2,1,2,New_Visitor,False,False
0,0.0,0,23.2,11,549.6,0.02,0.04,1.75,0.07,May,2,2,1,4,Returning_Visitor,False,False
13,134.74,0,47.75,61,2127.01,0.02,0.01655198,17.49721917,0.01,Nov,2,2,1,4,New_Visitor,False,False
0,0.0,0,30.51,7,865.2777778,0.03,0.05,3.88,0.0,Mar,1,1,1,3,Returning_Visitor,False,False
2,76.75,0,0.0,17,1183.03,0.02,0.015262515,18.99269231,0.0,May,2,2,2,4,Returning_Visitor,False,False
2,464.0,0,0.0,19,925.37,0.02,0.01,0.0,0.0,Mar,2,2,3,10,Returning_Visitor,True,False
1,2.0,1,49.29,13,717.59,0.02,0.04,5.67,0.01,Dec,2,2,3,2,Returning_Visitor,False,True
1,87.26,0,37.15,52,1982.91,0.01,0.012515263,1.97,0.02,Nov,2,2,4,2,Returning_Visitor,False,False
1,97.05,0,0.0,13,693.68,0.01,0.03,5.04,0.0,Dec,2,2,1,2,New_Visitor,False,False
2,67.4,0,53.28,13,837.55,0.01,0.03,4.51,0.01,Oct,2,2,5,4,Returning_Visitor,True,False
3,144.17,1,94.61,48,2562.083333,0.004255319,0.005319149,4.66,0.0,May,2,2,1,4,Returning_Visitor,False,False
3,161.1,0,0.0,39,1361.780952,0.01,0.02,3.49,0.1,Oct,2,2,9,2,Returning_Visitor,False,False
1,75.1,0,21.8,13,776.06,0.0,0.04,18.78186098,0.0,Jul,2,2,1,1,Returning_Visitor,False,False
0,51.17,0,0.0,3,783.09,0.066666667,0.1,4.23,0.0,Dec,2,2,2,3,Returning_Visitor,False,False
5,0.0,0,143.73,72,2347.716667,0.01,0.01,0.0,0.8,May,3,2,1,13,Returning_Visitor,False,False
6,201.41,2,104.17,46,1714.59,0.01,0.014117647,3.9,0.0,May,4,2,2,4,Returning_Visitor,False,False
2,0.0,0,0.0,16,641.5,0.0,0.0375,7.17,0.21,May,1,1,7,4,Returning_Visitor,False,False
0,0.0,0,0.0,16,1302.42,0.05,0.083333333,2.0,0.17,Mar,2,2,2,1,Returning_Visitor,False,False
3,104.52,1,89.76,32,1548.04,0.02,0.019797366,27.26888014,0.01,Mar,2,2,6,1,Returning_Visitor,False,True
4,153.81,0,0.0,36,3960.646154,0.01,0.013663064,0.0,0.0,Oct,2,2,1,1,Returning_Visitor,False,False
1,35.25,0,0.0,11,898.58,0.01,0.033333333,2.03,0.01,Mar,2,2,1,1,Returning_Visitor,False,False
1,75.98,0,21.7,10,566.04,0.03,0.04,0.0,0.0,May,2,2,2,2,Returning_Visitor,False,False
11,94.51,0,38.62,80,1796.86,0.02,0.013743735,1.63,0.02,Oct,2,2,3,2,Returning_Visitor,True,False
0,107.77,0,29.12,12,978.51,0.013636364,0.05,0.0,0.13,May,2,2,2,2,Returning_Visitor,False,False
1,52.74,0,20.18,11,1210.06,0.05,0.08,8.04958574,0.12,Oct,2,2,1,1,Returning_Visitor,False,False
1,67.33,0,34.41,19,1006.64,0.02,0.007479289,41.55801982,0.05,Oct,3,2,1,4,Returning_Visitor,False,True
1,0.0,0,0.0,17,907.28,0.01,0.022222222,2.4,0.0,Oct,3,2,1,1,Returning_Visitor,False,False
2,82.14,0,34.3,5,1560.19,0.003174603,0.03,0.0,0.01,May,2,2,1,2,Returning_Visitor,False,False
2,24.5,1,97.82,21,989.69,0.004347826,0.015450311,0.0,0.01,Dec,2,2,7,8,Returning_Visitor,False,False
0,51.26,0,0.0,22,266.1666667,0.02,0.05,0.0,0.0,Nov,2,4,1,2,Returning_Visitor,False,False
1,0.0,0,0.0,6,24.0,0.05,0.06,3.99,0.19,May,1,1,6,3,Returning_Visitor,False,False
3,80.52,0,0.0,18,1646.366667,0.02,0.027777778,2.24,0.0,Mar,2,2,1,1,Returning_Visitor,False,False
1,62.93,0,41.03,10,701.9,0.007407407,0.03,2.71,0.05,Aug,2,2,1,6,Returning_Visitor,False,False
4,155.79,1,51.28,22,1240.15,0.0,0.008333333,9.67,0.02,Mar,2,2,2,2,Returning_Visitor,False,False
2,99.9,0,48.3,54,2802.367821,0.009289968,0.02,16.96885494,0.03,Oct,2,2,3,2,Returning_Visitor,False,False
2,96.77,0,0.0,20,1248.0,0.01,0.020512821,0.0,0.02,Mar,1,2,2,2,Returning_Visitor,False,False
1,0.0,0,0.0,15,949.65,0.03,0.05,2.81,0.0,Mar,3,2,4,1,Returning_Visitor,False,False
1,0.0,0,23.3,12,1719.15,0.16,0.17,1.54,0.04,Mar,2,2,2,4,Returning_Visitor,False,False
1,0.0,0,39.26,37,1065.25641,0.020767196,0.054225865,0.0,0.0,Dec,1,1,2,1,Returning_Visitor,True,False
3,143.57,0,0.0,4,1004.77,0.0,0.02,0.0,0.01,Jul,1,1,9,2,New_Visitor,True,False
1,38.46,0,22.33,13,821.58,0.04,0.07,1.84,0.0,May,2,2,6,2,Returning_Visitor,False,True
3,168.47,1,155.79,85,1251.34,0.01,0.01,0.0,0.6,May,2,2,2,2,Returning_Visitor,False,False
0,37.45,0,0.0,1,0.0,0.2,0.2,0.0,0.0,Dec,1,1,1,1,Returning_Visitor,False,False
3,140.5833333,2,67.41,53,1609.990079,0.01,0.02,7.209305119,0.05,Oct,2,2,5,1,Returning_Visitor,False,False
1,60.37,0,0.0,13,1618.71,0.006578947,0.023128655,0.0,0.0,Mar,2,2,2,1,Returning_Visitor,False,False
0,0.0,0,22.5,5,873.17,0.0,0.05,5.46,0.2,May,2,2,2,7,Returning_Visitor,False,False
2,0.0,0,38.78,20,1044.87,0.0,0.015384615,2.17,0.0,Mar,2,5,2,1,Returning_Visitor,False,True
3,151.0,1,0.0,42,1405.65,0.0,0.01,5.39,0.0,Mar,3,2,1,2,Returning_Visitor,False,False
5,230.22,2,151.68,44,2338.51,0.01,0.018915344,4.9,0.01,Oct,2,2,1,1,Returning_Visitor,False,False
1,0.0,0,32.99,14,942.09,0.0,0.022222222,6.78,0.04,Feb,2,2,7,1,Returning_Visitor,False,False
0,0.0,0,26.15,10,1208.58,0.03,0.05,1.94,0.1,Feb,2,6,1,1,Returning_Visitor,False,False
1,41.32,0,17.38,8,1332.49,0.05,0.06,2.74,0.03,Mar,2,2,1,1,Returning_Visitor,False,False
2,76.63,0,54.35,11,294.0,0.01,0.009090909,3.56,0.0,Dec,1,1,1,2,Returning_Visitor,False,False
1,13.0,0,20.45,10,1285.51,0.14,0.006666667,0.0,0.04,Mar,2,2,1,3,Returning_Visitor,False,False
2,125.63,0,0.0,15,1238.5,0.01,0.02,6.16,0.01,Mar,2,2,1,2,New_Visitor,False,False
1,57.98,0,39.93,9,652.5,0.01,0.03,0.0,0.0,Dec,2,2,1,2,Returning_Visitor,False,False
1,65.46,0,19.64,10,853.8,0.0,0.03,2.53,0.03,Mar,2,2,3,2,Returning_Visitor,False,True
3,173.76,1,0.0,70,1512.12,0.01,0.033766459,0.0,0.0,May,2,2,7,1,Returning_Visitor,False,False
1,61.48,0,0.0,40,1371.63,0.06,0.012539087,10.20777685,0.0,Mar,2,2,2,2,Returning_Visitor,False,False
1,53.5,1,0.0,28,1725.72,0.04,0.03,1.41,0.03,Mar,1,1,2,2,Returning_Visitor,False,False
2,88.03,0,32.45,8,136.1666667,0.0,0.008333333,1.86,1.0,Feb,2,2,9,2,Returning_Visitor,True,False
2,0.0,0,68.48,22,1322.56,0.0,0.066666667,0.0,0.01,Dec,2,2,2,2,Returning_Visitor,True,False
1,51.81,0,22.36,15,1570.62,0.06,0.06,2.14,0.02,Oct,2,2,9,2,New_Visitor,False,False
4,155.0,1,185.98,84,1274.84,0.01,0.02,16.56314545,0.0,May,2,2,7,2,Returning_Visitor,False,False
4,121.67,0,40.12,13,1157.43,0.01,0.02,2.8,0.0,Oct,1,1,3,2,Returning_Visitor,True,False
2,186.23,1,117.57,108,2759.98,0.005504587,0.02,0.0,0.01,May,2,2,1,2,Returning_Visitor,False,False
5,352.3666667,0,62.01,44,605.6166667,0.01,0.008888889,5.84,0.01,June,2,2,1,2,New_Visitor,True,True
6,423.5,1,102.41,56,1980.99,0.01,0.02,3.17,0.03,Nov,2,2,4,2,Returning_Visitor,False,False
4,92.09,0,48.73,30,1531.52,0.02,0.005263158,2.31,0.0,Oct,2,2,5,2,Returning_Visitor,False,False
2,107.4,0,66.15,6,920.28,0.02,0.060606061,1.64,0.4,May,2,2,3,1,Returning_Visitor,False,False
1,60.36,0,21.05,9,261.7,0.01,0.020512821,2.89,0.08,May,2,2,2,4,New_Visitor,False,False
0,75.97,0,43.9,22,231.75,0.0,0.04,2.73,0.01,Nov,1,1,2,1,Returning_Visitor,False,False
1,54.35,0,31.75,10,130.75,0.04,0.07,0.0,0.0,Feb,3,2,3,3,Returning_Visitor,False,False
1,83.51,0,40.02,20,394.8,0.0,0.027272727,0.0,0.0,Mar,2,2,1,2,Returning_Visitor,False,False
5,217.54,1,309.7333333,58,1280.149821,0.01,0.035377102,0.0,0.07,Oct,2,2,6,1,Returning_Visitor,True,False
1,0.0,0,30.72,9,1089.99,0.01,0.022222222,2.18,0.0,May,2,2,1,4,Returning_Visitor,False,False
8,302.32,1,118.29,41,1564.97,0.01,0.027557013,9.594846798,0.02,Mar,2,2,2,2,Returning_Visitor,False,True
3,94.42,0,44.86,39,908.3333333,0.01,0.02,2.46,0.0,Mar,2,2,3,2,Returning_Visitor,True,False
7,116.31,0,92.99,25,119.3333333,0.015384615,0.01,0.0,0.0,Mar,2,2,2,11,Returning_Visitor,True,False
6,158.97,0,489.6,40,1462.1,0.0,0.012318841,17.19073913,0.0,May,3,2,1,11,Returning_Visitor,False,False
2,90.6,0,0.0,16,843.33,0.0,0.015384615,0.0,0.0,Oct,2,2,3,2,New_Visitor,False,False
2,37.0,0,39.29,3,17.0,0.01,0.03,4.54,0.01,Mar,2,1,1,2,New_Visitor,True,False
4,0.0,0,71.16,41,5178.531731,0.003896104,0.01,0.0,0.05,Mar,2,2,1,2,Returning_Visitor,False,True
2,170.52,1,74.63,27,733.75,0.01,0.02,6.0,0.0,Oct,2,2,9,7,Returning_Visitor,False,False
0,103.33,0,31.4,13,658.01,0.011111111,0.03,0.0,0.0,June,2,2,1,2,Returning_Visitor,False,False
3,93.9,0,38.84,11,1489.21,0.0,0.015384615,2.88,0.0,Oct,2,2,1,2,Returning_Visitor,False,False
1,61.54,0,0.0,10,446.39,0.02,0.05,0.0,0.0,Dec,2,2,3,10,Returning_Visitor,False,False
5,287.2,1,87.84,32,1280.59,0.0,0.02,0.0,0.03,Oct,2,2,1,2,New_Visitor,False,False
7,0.0,1,166.15,88,2765.444444,0.01,0.01,0.0,0.02,May,2,4,3,1,Returning_Visitor,False,False
1,47.13,0,0.0,8,114.6,0.11,0.1,0.0,0.0,Mar,1,1,1,2,Returning_Visitor,True,False
5,192.9204545,1,107.6,38,1400.63,0.01,0.003030303,5.76,0.01,Dec,2,2,2,2,Returning_Visitor,False,True
1,0.0,0,0.0,12,1220.24,0.06,0.06,1.32,0.0,May,1,2,1,3,Returning_Visitor,False,False
1,58.25,0,21.78,13,155.9833333,0.15,0.18,0.0,0.04,Mar,2,2,2,3,Returning_Visitor,False,False
0,59.26,0,20.42,10,550.5,0.18,0.18,0.0,0.03,Mar,2,2,1,3,Returning_Visitor,False,False
2,46.02,0,57.2,19,1607.43,0.15,0.2,0.0,0.72,May,3,2,9,5,Returning_Visitor,False,False
1,0.0,0,55.73,4,352.0,0.1,0.15,0.0,0.8,May,3,2,2,13,Returning_Visitor,False,False
2,175.51,1,49.5,29,1209.68,0.008064516,0.02,8.18,0.0,Nov,3,2,4,2,Returning_Visitor,False,False
1,79.9,0,26.24,14,275.5,0.01,0.04,2.91,0.05,Oct,2,2,3,2,Returning_Visitor,False,False
0,29.47,0,0.0,8,683.8,0.2,0.2,1.44,0.1,Feb,2,2,1,3,Returning_Visitor,True,False
3,128.5,0,0.0,30,3815.166667,0.02,0.026200717,3.07,0.02,Mar,2,2,1,2,Returning_Visitor,True,False
7,200.5,0,134.61,51,2322.77,0.01,0.01,5.1,0.0,May,2,2,1,2,Returning_Visitor,False,False
1,74.5,0,20.62,11,1175.58,0.0,0.06,0.0,0.0,Mar,2,2,1,2,New_Visitor,False,False
0,0.0,0,29.91,15,948.78,0.02,0.03,13.6630847,0.0,Oct,2,2,1,1,Returning_Visitor,False,False
2,96.24,0,148.5,24,1530.194444,0.007407407,0.02,10.10222222,0.01,Mar,1,1,3,10,Returning_Visitor,False,False
6,380.4333333,0,110.46,34,1526.213333,0.01,0.014728682,4.42,0.06,Oct,2,6,1,1,New_Visitor,False,False
4,121.37,2,59.25,16,411.9375,0.01,0.00952381,3.39,0.01,Nov,3,2,1,4,New_Visitor,False,False
1,72.4,0,28.56,12,249.4095238,0.02,0.019230769,0.0,0.0,Oct,2,2,1,2,New_Visitor,True,False
0,89.87,0,32.74,19,722.7,0.01,0.02,2.45,0.04,Mar,2,2,9,2,New_Visitor,False,True
1,65.15,0,26.5,12,824.6666667,0.0,0.03,1.63,0.05,May,2,2,3,4,Returning_Visitor,False,False
1,66.58,0,25.45,24,465.7321429,0.02,0.015384615,2.44,0.02,Mar,2,2,1,2,Returning_Visitor,False,False
1,102.0,0,35.25,10,53.83333333,0.02,0.06,3.4,0.01,Dec,4,1,3,10,Returning_Visitor,True,False
1,46.15,0,22.41,10,1755.71,0.0,0.04,0.0,0.04,Mar,2,2,1,1,Returning_Visitor,False,False
1,40.2,0,20.97,9,186.7,0.0,0.04,0.0,0.04,May,2,2,3,3,New_Visitor,False,False
2,149.01,0,136.28,142,2933.12,0.02,0.03,3.18,0.0,Aug,2,2,4,13,Returning_Visitor,False,False
1,85.1,0,0.0,15,2676.0,0.01,0.05,4.09,0.51,May,1,6,6,5,Returning_Visitor,False,False
2,87.98,0,0.0,20,1146.5,0.006976744,0.03,2.4,0.02,Mar,2,2,1,2,Returning_Visitor,False,False
1,43.08,0,0.0,9,1886.36,0.15,0.16,1.51,0.03,Mar,2,2,2,3,Returning_Visitor,True,False
2,141.06,1,70.5,32,943.94,0.0,0.02,2.68,0.0,Mar,3,2,2,2,New_Visitor,True,True
0,131.74,1,0.0,30,1731.87,0.0,0.014285714,92.9394993,0.01,Nov,2,2,1,2,Returning_Visitor,True,True
0,29.84,0,0.0,8,446.9,0.19,0.2,0.0,0.0,Mar,2,1,6,2,Returning_Visitor,False,False
2,33.0,0,54.25,28,1442.86,0.02,0.02,2.63,0.0,Oct,2,2,1,2,Returning_Visitor,False,False
1,55.93,0,22.62,11,583.49,0.08,0.12,1.84,0.03,Mar,2,2,9,2,Returning_Visitor,False,False
1,113.55,0,19.89,10,1030.266667,0.02,0.05,0.0,0.11,Oct,2,2,1,2,New_Visitor,False,False
0,30.81,0,28.8,14,1186.26,0.06,0.08,1.55,0.04,Feb,1,1,1,3,Returning_Visitor,True,False
3,111.3,0,29.99,17,794.9928571,0.007407407,0.026419753,4.52,0.0,Oct,1,1,2,4,Returning_Visitor,False,False
1,62.36,0,24.89,9,826.14,0.02,0.03,3.41,0.0,May,2,2,2,2,Returning_Visitor,True,False
4,87.71,0,43.16,19,142.5,0.02,0.011111111,1.71,0.0,Nov,3,3,3,2,New_Visitor,True,False
0,59.27,0,0.0,14,883.9333333,0.01,0.014285714,0.0,0.0,May,2,2,1,4,Returning_Visitor,True,False
1,75.36,0,0.0,6,837.11,0.01,0.033333333,2.63,0.04,Oct,1,1,3,2,Returning_Visitor,False,False
0,0.0,0,95.32,121,3362.749679,0.01,0.042322417,2.37,0.0,May,1,1,1,3,Returning_Visitor,False,False
5,45.8,0,39.64,35,957.6666667,0.01,0.01,0.0,0.06,May,2,4,1,3,Returning_Visitor,False,False
2,84.61,0,39.59,3,20.0,0.04,0.078333333,0.0,0.8,May,2,2,1,2,Returning_Visitor,False,False
2,0.0,0,0.0,1,439.0,0.2,0.2,0.0,0.01,Dec,1,1,1,1,Returning_Visitor,False,False
1,103.875,0,26.56,14,740.03,0.0,0.04,1.48,0.03,Mar,2,2,3,2,Returning_Visitor,False,False
2,50.5,1,118.86,34,2147.375,0.0,0.02,5.22,0.0,Dec,2,2,1,2,Returning_Visitor,False,False
0,44.18,0,0.0,13,1064.31,0.0,0.1,0.0,0.03,Mar,2,2,4,1,Returning_Visitor,False,False
4,206.1,2,546.5,58,2304.5,0.02,0.005,2.4,0.01,Nov,3,2,3,2,Returning_Visitor,False,True
1,20.2,0,23.56,10,1794.36,0.0,0.04,1.44,0.05,Mar,2,2,1,1,Returning_Visitor,False,False
0,0.0,0,40.8,13,452.76,0.2,0.2,0.0,0.01,Dec,4,2,1,3,Returning_Visitor,False,False
1,41.05,0,27.89,13,1645.27,0.02,0.064912281,0.0,0.04,Mar,2,2,1,2,Returning_Visitor,False,True
0,47.5,0,25.94,2,2361.18,0.08,0.06,1.91,0.08,May,2,2,7,13,Returning_Visitor,False,False
0,44.16,0,47.08,17,403.0,0.1,0.15,2.11,0.08,Mar,2,2,2,3,Returning_Visitor,False,False
4,216.97,0,59.88,27,1362.66,0.01,0.02,8.63,0.08,May,2,2,1,2,New_Visitor,False,False
0,64.76,0,0.0,13,1246.708333,0.03030303,0.06,12.99,0.0,Dec,2,2,1,1,Returning_Visitor,False,False
3,63.0,1,204.25,30,888.45,0.01,0.01,2.62,0.0,Oct,2,2,7,2,Returning_Visitor,False,True
1,0.0,0,20.44,7,429.24,0.06,0.12,3.27121463,0.06,Mar,2,7,3,1,Returning_Visitor,False,False
2,0.0,0,37.18,17,851.73,0.0,0.05,0.0,0.01,Mar,2,2,2,1,Returning_Visitor,False,False
4,128.1666667,1,41.0,89,2253.15,0.01,0.01,0.936979167,0.03,Mar,3,2,2,2,Returning_Visitor,False,False
0,0.0,0,0.0,8,1156.24,0.14,0.09,0.0,0.02,Mar,1,1,1,3,Returning_Visitor,True,False
2,108.61,0,62.14,25,1248.74,0.01,0.02,4.48,0.0,Nov,2,2,1,2,Returning_Visitor,True,True
4,135.91,1,131.66,42,2719.734091,0.01,0.03,2.85,0.0,Nov,2,6,1,1,Returning_Visitor,False,False
1,0.0,0,0.0,25,1494.1,0.01,0.008,0.0,0.05,Mar,2,2,1,2,Returning_Visitor,False,False
4,240.34,2,129.01,37,1185.14,0.01,0.01,4.08,0.01,Nov,3,2,3,2,Returning_Visitor,False,False
0,44.51,0,21.08,11,0.0,0.04,0.06,1.77,0.0,Oct,2,2,4,1,Returning_Visitor,False,False
1,0.0,0,0.0,12,885.75,0.15,0.17,1.57,0.04,Mar,2,2,2,3,Returning_Visitor,False,False
1,0.0,0,23.47,16,1083.36,0.033333333,0.14,0.0,0.0,Mar,2,2,1,1,Returning_Visitor,False,False
0,0.0,0,21.17,15,629.5,0.02,0.04,2.2,0.0,Oct,2,2,1,1,Returning_Visitor,False,False
1,0.0,0,36.52,21,1761.57,0.1,0.108333333,1.66,0.03,Oct,2,2,1,2,Returning_Visitor,False,False
3,108.83,0,0.0,29,2351.05,0.01,0.01,0.0,0.12,Oct,2,2,1,1,Returning_Visitor,False,False
3,153.7,0,30.43,15,1256.02,0.02,0.008595388,4.33,0.04,May,2,2,1,4,Returning_Visitor,False,False
0,0.0,0,33.6,4,34.0,0.1,0.15,2.38,0.08,Oct,3,2,1,1,Returning_Visitor,False,False
0,0.0,0,0.0,14,1352.45,0.033333333,0.03,0.0,0.06,Mar,2,2,1,2,Returning_Visitor,False,False
3,0.0,0,31.21,15,1417.0,0.03,0.016666667,0.0,0.0,Mar,2,2,1,2,Returning_Visitor,False,False
1,77.13,0,0.0,27,2436.106169,0.01,0.01,12.02904527,0.06,Oct,2,2,1,2,Returning_Visitor,False,False
1,62.44,0,23.98,15,1394.06,0.01,0.0625,2.33,0.0,Oct,2,2,1,1,Returning_Visitor,False,False
2,48.35,0,32.46,17,1044.92,0.01,0.013675214,3.32,0.07,Oct,2,2,2,2,Returning_Visitor,False,False
1,47.63,0,0.0,26,338.2333333,0.01,0.078269231,3.93,0.18,May,2,2,3,2,Returning_Visitor,True,False
0,0.0,0,0.0,13,187.0,0.031818182,0.068181818,2.25,0.0,Mar,2,2,2,1,Returning_Visitor,False,False
2,20.2,0,35.36,16,357.4,0.0,0.03,2.4,0.06,Oct,2,2,2,2,New_Visitor,False,False
2,83.54,0,36.46,19,107.8,0.0,0.03,4.52,0.02,May,2,2,5,2,Returning_Visitor,False,False
2,107.68,0,0.0,21,2248.54,0.0,0.03,4.54,0.02,Oct,2,2,2,2,Returning_Visitor,False,False
1,43.69,0,17.26,12,1412.62,0.01,0.038888889,1.77,0.0,Oct,1,1,1,4,Returning_Visitor,True,False
1,35.75,0,0.0,22,1173.0,0.0,0.028571429,4.52,0.01,Nov,2,2,1,2,Returning_Visitor,False,False
0,0.0,0,22.16,1,735.16,0.04,0.08,1.8,0.08,Feb,1,6,1,1,Returning_Visitor,False,False
0,63.05,0,0.0,15,706.5,0.0,0.04,2.25,0.0,Feb,2,2,1,4,Returning_Visitor,False,False
1,0.0,0,19.84,7,459.49,0.04,0.14,1.55,0.04,Mar,1,1,3,2,Returning_Visitor,False,False
1,41.37,0,22.92,8,638.01,0.023794872,0.04,0.0,0.21,May,3,2,6,3,Returning_Visitor,False,False
1,132.5,0,0.0,23,199.2844444,0.0,0.04,0.0,0.01,Jul,1,1,3,3,New_Visitor,False,False
1,0.0,0,0.0,16,795.19,0.2,0.2,3.31,0.02,Dec,5,2,3,13,Returning_Visitor,False,False
4,91.0,2,39.0,37,1280.166667,0.01,0.004761905,4.74,0.0,Oct,3,4,4,2,New_Visitor,False,True
6,234.36,4,92.36,55,1825.31,0.0,0.01,3.73,0.0,May,2,2,9,20,Returning_Visitor,False,False
2,77.17,0,38.26,14,1365.24,0.02,0.02,2.15,0.03,Oct,2,10,3,2,Returning_Visitor,False,False
2,101.51,0,41.78,11,1488.93,0.0,0.04,0.0,0.07,Oct,2,2,9,2,Returning_Visitor,False,False
0,39.35,0,0.0,13,373.5,0.019047619,0.050793651,1.89,0.0,Mar,3,2,1,1,Returning_Visitor,False,False
1,0.0,0,54.08,2,1125.56,0.17,0.2,0.0,0.61,Feb,3,2,2,3,Returning_Visitor,True,False
1,46.68,0,17.55,10,675.93,0.02,0.03,1.86,0.0,Oct,2,2,1,2,Returning_Visitor,False,False
0,0.0,0,0.0,1,1020.63,0.2,0.2,2.61,0.02,Mar,2,2,1,3,Returning_Visitor,False,False
0,0.0,0,30.32,12,826.68,0.12,0.12,1.55,0.8,May,3,2,2,1,Returning_Visitor,False,False
1,0.0,0,20.87,12,1190.8,0.05,0.07,2.62,0.09,Oct,2,2,2,1,Returning_Visitor,False,False
5,126.17,0,35.58,17,1471.2,0.03,0.023333333,0.0,0.0,Oct,2,2,1,2,Returning_Visitor,True,False
5,822.6666667,1,225.3333333,37,1792.36,0.011764706,0.02745098,7.521155028,0.02,May,1,1,3,3,Returning_Visitor,False,False
0,31.61,0,20.02,21,406.8,0.16,0.14,1.48,0.04,May,2,2,1,3,Returning_Visitor,False,False
1,60.2,0,18.94,12,679.12,0.06,0.1,0.0,0.04,Mar,2,2,3,1,Returning_Visitor,False,False
1,61.59,0,0.0,7,1058.38,0.01,0.028571429,3.09,0.01,Nov,2,2,2,1,Returning_Visitor,True,False
0,33.08,0,0.0,17,1089.06,0.01,0.076470588,1.6,0.8,May,2,2,2,1,Returning_Visitor,False,False
1,5.0,0,0.0,6,800.2,0.02,0.03,2.56,0.03,May,2,2,1,2,New_Visitor,False,True
1,46.62,0,40.4,12,295.0,0.01,0.052941176,0.0,0.8,May,2,2,2,1,Returning_Visitor,False,False
3,145.44,0,0.0,33,1306.151974,0.01,0.012962963,0.0,0.01,Mar,2,2,4,2,Returning_Visitor,False,False
3,14.0,0,32.81,17,748.03,0.01,0.025,2.69,0.0,Mar,1,1,1,2,Returning_Visitor,False,False
1,59.91,0,0.0,8,1226.64,0.02,0.04,3.9,0.0,Nov,2,2,4,1,Returning_Visitor,False,False
0,0.0,0,20.79,9,113.0,0.05,0.07,0.0,0.15,May,2,2,2,3,Returning_Visitor,False,False
0,78.99,0,0.0,7,76.0,0.0,0.06,2.83,0.0,Oct,2,2,7,1,Returning_Visitor,False,False
0,0.0,0,5.0,66,1880.02,0.02,0.022177156,2.49,0.03,Mar,2,2,1,2,Returning_Visitor,False,False
0,0.0,0,0.0,31,1288.88,0.066666667,0.088888889,0.0,1.0,May,3,2,2,1,Returning_Visitor,False,False
1,0.0,0,0.0,1,19.0,0.02,0.07,2.07,0.0,Oct,1,1,3,3,Returning_Visitor,False,False
1,34.84,0,26.59,1,0.0,0.18,0.2,2.99,0.0,Feb,3,3,3,3,Returning_Visitor,True,False
0,0.0,0,36.24,15,873.51,0.03,0.07,0.0,0.13,May,3,2,1,13,Returning_Visitor,False,False
0,72.95,0,24.77,25,1340.46,0.008,0.05,0.0,0.0,Mar,2,2,2,2,Returning_Visitor,False,False
1,36.47,0,19.58,8,420.21,0.05,0.19,0.0,0.02,Sep,1,2,1,4,Returning_Visitor,False,False
2,87.78,0,29.39,14,987.22,0.04375,0.07,0.0,0.0,Mar,2,2,2,1,Returning_Visitor,False,False
12,206.75,1,0.0,96,3649.11,0.0,0.02,2.84,0.0,Mar,2,2,1,2,Returning_Visitor,False,False
3,32.5,2,63.36,80,2097.86,0.005714286,0.027420635,3.24,0.03,Oct,3,2,3,2,Returning_Visitor,False,False
0,67.86,0,30.5,24,1472.2,0.0,0.0125,0.0,0.02,Mar,2,2,1,2,Returning_Visitor,False,False
2,83.6,0,0.0,24,1582.7,0.01,0.03,5.85,0.0,Nov,2,2,1,2,Returning_Visitor,True,False
2,5.0,0,32.65,18,1688.058761,0.02,0.016494134,2.86,0.0,Mar,2,2,1,2,Returning_Visitor,False,False
0,70.2,0,52.41,41,3389.8,0.01,0.06,2.14,0.03,Sep,2,4,3,1,Returning_Visitor,False,False
0,0.0,0,28.37,2,1734.69,0.18,0.15,0.0,0.13,Mar,2,2,1,13,Returning_Visitor,False,False
3,127.24,0,71.08,47,902.77,0.022222222,0.02,0.0,0.01,Oct,2,2,8,1,Returning_Visitor,False,False
1,75.0,2,22.28,12,1603.7,0.04,0.03,1.83,0.03,Oct,2,2,1,4,Returning_Visitor,False,False
5,7.0,0,59.95,24,1006.33,0.0,0.0125,4.74,0.01,Mar,2,2,1,2,New_Visitor,False,False
1,45.41,0,20.91,10,859.35,0.1,0.09,0.0,0.0,Mar,2,1,1,2,Returning_Visitor,True,False
0,0.0,0,34.0,18,1301.07,0.0,0.03,2.01,0.02,Mar,2,4,3,2,Returning_Visitor,False,False
5,38.57777778,0,49.29,7,1276.19,0.0,0.02,2.4,0.01,Jul,2,2,1,2,Returning_Visitor,True,True
3,95.12,0,0.0,49,2252.03,0.01,0.01,2.45,0.1,Nov,2,2,1,1,Returning_Visitor,False,False
0,0.0,0,25.56,7,1122.74,0.0,0.057142857,1.8,0.0,Mar,2,2,1,2,Returning_Visitor,True,False
1,0.0,0,0.0,10,337.25,0.0,0.04,1.73,0.06,Mar,2,2,2,1,Returning_Visitor,False,False
2,0.0,0,0.0,16,1259.54,0.0,0.015625,2.51,0.0,Oct,2,2,4,2,Returning_Visitor,False,False
3,135.88,0,0.0,10,427.1666667,0.0,0.015384615,2.41,0.0,Mar,2,2,2,4,Returning_Visitor,True,False
2,53.5,0,61.84,30,1513.48,0.0,0.03,0.0,0.02,May,2,4,1,2,Returning_Visitor,False,False
1,19.0,0,27.21,12,336.5833333,0.0,0.05,0.0,0.04,Mar,2,2,1,1,Returning_Visitor,False,False
0,0.0,0,46.54,28,723.76,0.01,0.03,0.0,0.0,Jul,2,2,1,2,Returning_Visitor,False,False
1,45.34,0,56.0,18,2063.92,0.02,0.04,2.08,0.0,Nov,1,1,4,4,Returning_Visitor,True,False
1,21.0,0,0.0,13,385.0,0.0,0.06,1.63,0.03,Mar,2,2,3,2,Returning_Visitor,False,False
7,268.48,1,298.3333333,69,1788.370821,0.02,0.02,5.69,0.01,Nov,2,2,1,2,Returning_Visitor,False,True
1,0.0,0,0.0,12,1082.74,0.06,0.1,1.8,0.01,Nov,3,2,6,13,Returning_Visitor,False,False
11,279.6,1,99.95,48,2074.401905,0.0,0.016071429,7.248757745,0.01,Aug,2,2,3,4,Returning_Visitor,False,False
0,0.0,0,29.86,16,1226.97,0.02,0.03,3.63,0.02,Mar,2,2,1,2,New_Visitor,True,False
1,48.74,0,23.68,15,143.25,0.01,0.05,1.9,0.0,Oct,2,2,6,1,Returning_Visitor,False,False
1,49.95,0,0.0,20,783.6666667,0.02,0.07,1.59,0.0,Nov,2,2,1,3,New_Visitor,False,False
0,72.31,0,0.0,9,771.11,0.02,0.05,2.84,0.03,Aug,2,2,6,13,Returning_Visitor,False,True
0,52.82,0,0.0,14,164.0,0.01,0.1,1.96,0.0,May,2,2,1,1,Returning_Visitor,False,False
3,206.03,0,0.0,32,1714.5,0.01,0.024611656,2.169469761,0.0,Oct,2,2,1,2,Returning_Visitor,False,True
3,143.15,1,0.0,32,1346.630231,0.007126437,0.029719534,8.2,0.04,May,2,2,2,2,Returning_Visitor,False,False
0,0.0,0,0.0,16,979.75,0.0,0.03125,22.319125,0.02,May,1,1,4,4,Returning_Visitor,False,False
1,6.0,0,22.74,11,631.93,0.04,0.04,2.08,0.02,Mar,2,2,3,2,Returning_Visitor,False,False
1,0.0,0,0.0,14,530.5833333,0.01,0.021428571,2.22,0.0,Nov,2,2,1,3,Returning_Visitor,True,False
2,110.53,0,0.0,29,2059.3,0.0,0.027777778,3.39,0.01,Mar,5,2,1,1,Returning_Visitor,False,True
2,76.2,0,38.03,13,1680.65,0.0,0.034285714,2.85,0.01,Oct,2,2,1,20,Returning_Visitor,False,True
0,141.92,0,69.39,11,866.44,0.0,0.022222222,15.1,0.29,May,2,2,3,2,Returning_Visitor,False,False
5,167.11,1,106.17,56,6375.065753,0.02,0.03,2.03,0.02,Nov,2,2,1,4,Returning_Visitor,False,False
1,54.46,0,0.0,23,918.03,0.026086957,0.03,2.77,0.18,Mar,2,2,4,1,Returning_Visitor,False,False
1,0.0,0,24.88,2,30.0,0.0,0.1,1.56,0.05,Mar,2,2,1,1,Returning_Visitor,False,False
0,49.68,2,134.0,10,1072.81,0.09,0.1,1.39,0.2,May,2,2,2,4,Returning_Visitor,False,False
1,54.65,0,0.0,11,586.1892857,0.0,0.06,0.0,0.6,May,1,1,2,4,Returning_Visitor,False,False
4,174.0,0,63.49,26,1869.61,0.01,0.02,4.99,0.05,Oct,2,2,1,2,Returning_Visitor,False,False
0,0.0,0,22.64,4,849.22,0.06,0.08,2.95,0.18,May,2,2,2,3,Returning_Visitor,False,False
2,138.62,1,0.0,50,1245.3,0.01,0.02,7.53,0.01,Mar,2,2,7,2,Returning_Visitor,False,False
1,137.5666667,0,42.61,11,739.0666667,0.01,0.024666667,2.57,0.36,May,2,6,3,6,Returning_Visitor,False,True
4,155.43,2,121.03,17,318.0730159,0.01,0.035397453,5.2,0.0,May,3,2,8,1,Returning_Visitor,False,False
3,159.36,2,229.8,36,4249.12,0.013402778,0.01,3.43,0.01,Jul,2,2,9,2,Returning_Visitor,False,False
2,45.0,0,47.69,13,1332.63,0.02,0.007142857,0.0,0.01,Mar,1,1,1,3,New_Visitor,True,False
6,71.375,1,0.0,73,2335.633333,0.01,0.02,2.51591586,0.02,May,2,2,7,1,Returning_Visitor,False,True
1,57.64,0,21.45,8,489.15,0.02,0.05,3.17,0.02,Sep,2,2,1,3,New_Visitor,False,False
0,48.97,0,0.0,5,103.0,0.02,0.04,1.9,0.03,Oct,2,2,1,2,Returning_Visitor,False,False
1,41.81,0,0.0,9,430.5,0.02,0.05,0.0,0.0,Mar,2,2,3,2,New_Visitor,False,False
0,0.0,0,0.0,10,1019.7,0.01,0.022222222,2.64,0.01,Nov,2,2,1,2,Returning_Visitor,True,False
2,110.5,1,43.96,20,1237.83,0.0,0.028571429,3.73,0.02,Mar,2,2,3,2,New_Visitor,False,False
1,82.52,2,43.23,60,1032.78,0.006349206,0.01,22.92341151,0.0,Nov,1,1,1,2,Returning_Visitor,False,False
1,72.45,0,20.0,12,995.57,0.004210526,0.012385965,2.09,0.04,Oct,2,2,1,2,New_Visitor,False,False
0,54.28,0,21.95,12,203.0,0.15,0.16,0.0,0.0,Mar,2,2,2,1,Returning_Visitor,False,False
0,53.6,0,22.52,9,683.02,0.04,0.17,0.0,0.0,Nov,2,2,1,2,Returning_Visitor,False,False
0,0.0,0,25.97,12,844.45,0.06,0.09,0.0,0.0,Mar,2,2,1,1,Returning_Visitor,False,False
1,69.26,0,23.03,17,212.8333333,0.03,0.06,0.0,0.02,May,2,2,4,3,Returning_Visitor,False,False
9,223.88,1,109.75,40,1685.22,0.016326531,0.032653061,21.22386735,0.0,Mar,2,2,2,1,Returning_Visitor,False,False
1,133.1,1,7.0,24,561.0940141,0.01,0.03,8.97,0.0,Jul,2,2,1,2,Returning_Visitor,False,False
0,77.34,0,27.97,1,3753.76,0.0,0.07,0.0,0.0,Mar,1,1,1,4,Returning_Visitor,False,False
0,75.08,0,0.0,6,1313.26,0.011111111,0.04,3.51,0.0,Oct,2,2,3,6,Returning_Visitor,False,False
2,98.97,0,7.0,27,916.9222222,0.0,0.02,3.21,0.0,Nov,1,2,1,2,New_Visitor,False,True
1,0.0,0,22.38,11,155.0,0.15,0.17,1.53,0.0,Mar,2,2,2,3,Returning_Visitor,False,False
6,132.13,1,0.0,38,1624.63,0.0,0.01,23.6393946,0.01,Dec,4,2,1,2,Returning_Visitor,False,True
1,88.03,0,0.0,9,948.18,0.0,0.02,3.44,0.08,May,2,2,1,4,Returning_Visitor,False,True
1,16.25,0,22.53,13,456.525,0.02,0.03030303,1.76,0.03,Mar,2,2,4,2,Returning_Visitor,False,False
0,0.0,0,0.0,16,365.4,0.027586207,0.04,3.99,0.18,Mar,3,2,2,2,Returning_Visitor,False,False
2,122.64,0,34.75,17,913.68,0.01,0.00625,4.6,0.01,Oct,3,4,3,8,New_Visitor,False,False
0,111.24,1,65.42,18,391.5833333,0.0,0.06,4.58,0.01,Dec,2,2,9,2,Returning_Visitor,False,False
0,39.33,0,18.71,10,861.81,0.06,0.09,0.0,0.0,Oct,2,2,1,1,Returning_Visitor,False,False
3,33.0,1,0.0,21,386.4166667,0.01,0.02,6.86,0.03,Mar,2,2,2,2,New_Visitor,True,True
0,37.93,0,0.0,3,0.0,0.2,0.2,0.0,0.0,Dec,1,1,1,1,Returning_Visitor,False,False
1,0.0,0,0.0,6,97.83333333,0.02,0.04,8.57,0.01,Dec,2,2,3,1,Returning_Visitor,False,False
3,189.72,1,0.0,55,1699.327668,0.01,0.008461558,11.94,0.29,May,2,2,1,4,Returning_Visitor,False,False
1,0.0,0,0.0,11,1224.75,0.01,0.007142857,21.04864167,0.04,Oct,2,2,2,2,New_Visitor,False,True
1,43.11,0,38.68,10,1365.5,0.01,0.03,3.46,0.0,May,2,7,2,4,New_Visitor,True,False
2,58.64,0,33.49,12,2297.85,0.01,0.042647059,0.0,0.08,May,1,1,3,3,Returning_Visitor,True,False
1,87.36,0,48.98,37,937.36,0.01,0.012612613,3.66,0.0,May,2,5,7,2,Returning_Visitor,False,True
0,168.34,2,100.68,54,1871.97,0.1,0.125,2.65,0.01,Nov,1,2,1,1,Returning_Visitor,False,False
0,0.0,0,0.0,18,1069.65,0.0,0.05,2.11,0.07,Oct,2,2,2,1,Returning_Visitor,False,False
1,50.4,0,19.95,13,26.0,0.05,0.08,0.0,0.0,Oct,2,2,1,1,Returning_Visitor,False,False
2,117.63,0,45.01,25,1160.98,0.01,0.02,33.69233226,0.0,May,2,2,1,2,Returning_Visitor,False,True
0,71.35,0,23.88,11,1117.333333,0.12,0.14,1.78,0.0,Mar,2,2,2,1,Returning_Visitor,False,False
3,91.34,0,0.0,15,1080.16,0.0,0.02,49.388,0.07,May,2,2,1,4,Returning_Visitor,False,True
2,92.64,0,39.17,21,1200.354444,0.003225806,0.01,3.77,0.0,Mar,2,2,4,2,Returning_Visitor,False,False
1,67.28,1,28.59,16,1948.713745,0.01,0.03,14.69293103,0.03,Oct,2,2,3,2,Returning_Visitor,False,True
5,133.72,0,0.0,40,1270.64,0.01,0.01,1.93,0.01,Oct,2,2,3,2,Returning_Visitor,False,False
6,295.11,1,210.8,237,6817.942235,0.00167364,0.01380616,6.68,0.01,Aug,2,2,3,2,Returning_Visitor,False,True
0,62.42,0,0.0,3,1174.74,0.0,0.04,1.73,0.03,Mar,2,2,1,1,Returning_Visitor,False,False
1,62.82,0,22.45,43,1418.5,0.0,0.06,0.0,0.0,Mar,2,2,3,2,Returning_Visitor,True,False
4,59.2,0,58.27,5,787.86,0.01,0.02,2.8,0.04,Mar,3,2,3,2,Returning_Visitor,False,False
3,125.9,0,0.0,18,299.2666667,0.0,0.02,4.72,0.0,Sep,2,2,1,6,Returning_Visitor,False,False
3,159.75,0,33.44,18,938.57,0.0,0.001169591,7.13,0.03,May,2,2,4,4,Returning_Visitor,False,False
14,109.09,0,71.9,31,2156.04,0.03,0.02,1.92,0.06,May,2,2,1,3,Returning_Visitor,False,False
6,80.5,1,10.06666667,35,990.61,0.01,0.01,0.0,0.0,Jul,4,1,1,2,New_Visitor,True,False
2,120.55,0,76.52,31,4815.701606,0.003731343,0.011738458,2.23,0.0,Oct,2,2,1,2,Returning_Visitor,False,True
1,74.5,0,20.62,11,1175.58,0.0,0.06,0.0,0.0,Mar,2,2,1,2,New_Visitor,False,True
0,0.0,0,0.0,9,17.0,0.04,0.07,0.0,0.0,Mar,1,1,3,3,Returning_Visitor,False,False
2,0.0,1,82.67,27,1312.11,0.0,0.021959459,0.0,0.01,Nov,2,2,1,2,Returning_Visitor,False,False
2,114.87,0,83.5,17,1675.92,0.02,0.022973065,4.83,0.03,Mar,2,2,2,2,Returning_Visitor,True,True
2,5.0,1,70.5,30,3507.010877,0.005645161,0.013874153,5.1,0.0,Dec,4,2,4,2,Returning_Visitor,False,False
5,69.6,1,68.46,31,1378.27,0.004347826,0.02,6.0,0.0,Aug,2,1,1,2,Returning_Visitor,True,False
7,63.16,0,0.0,27,1696.74,0.02,0.03030303,1.69,0.0,Nov,1,2,1,3,Returning_Visitor,False,True
2,54.84,0,20.72,41,1470.73,0.04,0.04,0.0,0.0,Mar,1,1,1,2,Returning_Visitor,False,False
2,123.0,1,38.14,14,941.8,0.02,0.0045,0.0,0.05,May,2,2,3,2,New_Visitor,False,False
2,0.0,0,0.0,21,1425.583333,0.014814815,0.026984127,2.45,0.03,Mar,2,2,4,1,Returning_Visitor,False,False
1,0.0,0,23.03,11,1354.0,0.15,0.14,1.53,0.0,Mar,2,2,2,3,Returning_Visitor,False,True
1,55.69,0,0.0,11,1491.23,0.0,0.05,2.39,0.0,Mar,2,2,2,2,Returning_Visitor,False,False
1,50.21,1,18.4,9,1540.583333,0.0,0.08,10.84440741,0.03,Mar,2,2,2,4,Returning_Visitor,False,False
3,135.49,0,31.55,6,900.7,0.0,0.016666667,4.84,0.05,May,2,2,1,4,New_Visitor,True,False
0,61.89,0,22.38,12,771.5,0.03,0.06,2.23,0.0,Mar,1,1,1,3,Returning_Visitor,False,False
1,44.79,0,0.0,7,201.6666667,0.01,0.054545455,4.56,0.23,May,2,2,2,1,Returning_Visitor,False,False
1,53.79,0,22.1,20,1414.15,0.16,0.18,20.79115942,0.04,Mar,2,2,1,4,Returning_Visitor,False,False
1,60.48,0,84.25,15,875.94,0.01,0.020121639,3.67,0.0,Nov,2,2,7,1,Returning_Visitor,False,False
1,60.07,0,27.11,15,130.05,0.05,0.08,2.61,0.01,Nov,2,2,1,1,Returning_Visitor,False,False
2,190.5,0,29.83,16,1453.76,0.012903226,0.03,3.11,0.0,Mar,2,2,2,2,Returning_Visitor,False,False
8,279.28,1,125.61,17,1856.12,0.0,0.018571429,35.89140755,0.01,Aug,2,2,3,2,Returning_Visitor,False,True
0,28.54,0,19.78,1,0.0,0.2,0.2,1.35,0.0,Feb,4,1,1,3,Returning_Visitor,True,False
1,0.0,0,0.0,26,809.1666667,0.01,0.051578947,1.66,0.6,May,2,2,4,3,Returning_Visitor,False,False
1,96.0,0,27.16,14,2091.662821,0.03,0.08,1.46,0.0,Mar,3,2,3,3,Returning_Visitor,True,False
0,0.0,0,45.03,40,1350.97,0.01,0.04,0.0,0.01,Nov,2,2,9,1,Returning_Visitor,False,False
1,11.0,0,0.0,13,1007.12,0.01,0.06622807,0.0,0.0,Mar,3,2,2,4,Returning_Visitor,False,False
0,0.0,0,0.0,12,719.22,0.07,0.11,1.98,0.03,May,2,2,3,4,Returning_Visitor,False,False
1,78.4,0,23.09,10,6.0,0.01,0.05,2.89,0.0,Mar,2,2,9,2,New_Visitor,False,False
4,136.79,0,0.0,35,2423.75,0.02,0.03,23.61948148,0.0,Nov,1,1,6,2,Returning_Visitor,False,True
0,0.0,0,50.18,20,678.0,0.0,0.02,3.79,0.01,Dec,2,2,3,10,Returning_Visitor,False,False
5,94.74,0,0.0,3,1108.93,0.01,0.01,1.93,0.02,May,2,2,4,2,Returning_Visitor,False,False
1,15.5,0,0.0,15,941.55,0.01,0.05,0.0,0.01,May,2,2,3,4,Returning_Visitor,False,False
3,99.81,0,39.56,23,1493.41,0.01,0.02,2.08,0.0,Nov,2,5,1,2,Returning_Visitor,True,True
1,0.0,0,29.51,14,113.8,0.03,0.116666667,0.0,0.06,May,2,1,1,3,Returning_Visitor,False,True
1,46.76,0,0.0,18,951.46,0.04,0.07,2.71,0.01,Nov,2,2,1,2,Returning_Visitor,True,False
3,177.36,1,104.93,46,2774.14,0.02,0.03,0.0,0.05,May,3,2,4,5,Returning_Visitor,False,False
1,47.7,0,19.01,10,1336.01,0.08,0.08,0.0,0.0,Mar,2,2,1,1,Returning_Visitor,False,False
0,0.0,0,65.89,28,464.0,0.01,0.022222222,29.31555556,0.03,May,2,2,1,2,Returning_Visitor,False,True
2,9.0,0,30.65,18,1415.2,0.0,0.03,3.33,0.05,Oct,2,2,1,2,New_Visitor,False,True
1,15.0,0,4.0,49,1105.97,0.0,0.01,2.37,0.02,Feb,2,2,1,2,Returning_Visitor,False,False
1,0.0,0,0.0,14,480.9166667,0.017391304,0.032608696,7.3,0.0,Dec,2,2,1,2,Returning_Visitor,False,False
0,0.0,0,27.32,25,1475.71,0.02,0.012742857,3.03,0.03,Mar,2,2,1,1,Returning_Visitor,False,False
2,11.0,0,144.99,51,1345.43,0.010588235,0.02,3.74,0.01,Mar,3,2,1,3,Returning_Visitor,False,False
5,109.5,0,64.88,30,349.6969697,0.01,0.019047619,2.71,0.0,Oct,1,1,1,2,Returning_Visitor,False,False
1,77.37,0,51.64,19,1661.75,0.01,0.023529412,2.97,0.07,May,2,2,3,1,Returning_Visitor,False,False
0,87.47,0,0.0,44,441.7916667,0.004545455,0.018181818,0.0,0.0,Mar,3,2,1,3,Returning_Visitor,False,False
1,51.38,0,0.0,16,1231.12,0.05,0.075,2.44,0.0,Oct,3,2,2,3,Returning_Visitor,False,False
0,0.0,0,0.0,11,932.16,0.01,0.05625,0.0,0.0,Oct,1,1,2,1,Returning_Visitor,False,False
0,86.72,0,0.0,20,749.54,0.013333333,0.033333333,3.45,0.0,Dec,2,2,3,10,Returning_Visitor,False,False
1,0.0,0,42.27,12,454.07,0.2,0.2,0.0,0.8,Feb,2,2,2,3,Returning_Visitor,True,False
0,39.43,0,0.0,11,745.98,0.02,0.05,0.0,0.0,Mar,2,2,1,1,Returning_Visitor,False,False
0,0.0,0,0.0,10,949.64,0.03,0.03,1.7,0.02,Mar,2,1,3,2,Returning_Visitor,True,False
1,0.0,0,19.99,10,685.59,0.05,0.05,3.61,0.08,Sep,2,2,9,2,Returning_Visitor,True,False
3,115.55,0,0.0,35,4409.3,0.01,0.01,2.51,0.1,May,3,2,1,3,Returning_Visitor,False,True
1,69.37,0,24.34,12,907.52,0.02,0.013069803,3.6,0.01,June,2,2,1,4,Returning_Visitor,False,False
5,223.75,1,142.11,97,2731.96,0.002520046,0.013784185,6.58,0.0,Jul,2,2,1,2,Returning_Visitor,True,False
7,247.22,1,211.31,76,7009.095996,0.01,0.011083789,4.947766276,0.8,May,6,2,6,8,Returning_Visitor,False,False
1,58.51,0,0.0,10,513.3333333,0.1,0.11,2.4,0.0,Mar,2,2,6,1,Returning_Visitor,False,False
1,36.03,0,18.46,9,654.98,0.06,0.07,1.52,0.0,Mar,2,2,2,11,Returning_Visitor,True,True
2,90.55,0,27.26,15,472.4166667,0.08,0.1,0.0,0.03,Mar,2,2,1,1,Returning_Visitor,False,False
1,0.0,0,28.32,26,1346.91,0.03,0.05,3.34,0.09,Oct,2,2,1,1,Returning_Visitor,False,False
0,37.45,0,29.14,21,1150.93,0.041269841,0.058571429,0.0,0.29,May,2,2,1,3,Returning_Visitor,False,False
1,47.3,0,20.49,10,1309.15,0.14,0.11,2.19,0.02,Oct,2,2,1,2,Returning_Visitor,False,False
2,126.22,0,0.0,15,1612.99,0.014814815,0.05,0.0,0.02,Mar,2,2,2,4,Returning_Visitor,False,False
3,142.58,0,0.0,24,203.98,0.01,0.03,2.53,0.0,Mar,2,2,1,2,Returning_Visitor,True,False
3,47.4,0,0.0,21,961.52,0.030434783,0.04,14.47,0.01,Aug,3,2,2,15,Returning_Visitor,False,False
9,600.81,0,282.22,115,2923.25,0.020689655,0.037931034,10.42,0.01,Dec,1,2,1,1,Returning_Visitor,False,False
1,95.0,0,0.0,27,1746.01,0.04,0.010344828,0.0,0.03,Oct,1,2,1,3,Returning_Visitor,True,False
3,153.53,0,0.0,27,1048.97,0.01,0.02,2.48,0.0,Oct,3,2,6,5,Returning_Visitor,False,False
1,0.0,0,32.24,16,291.2,0.2,0.186666667,1.91,0.02,Dec,2,2,9,20,Returning_Visitor,False,False
10,268.1666667,1,147.44,148,1753.08,0.017088608,0.033122363,10.89,0.4,May,2,2,1,4,Returning_Visitor,False,False
3,0.0,2,110.8666667,13,3264.128466,0.01352657,0.01,4.62,0.0,Aug,1,1,1,2,Returning_Visitor,False,False
1,50.62,0,0.0,21,423.5,0.06,0.08,0.0,0.05,Mar,2,2,6,3,Returning_Visitor,False,False
1,48.29,0,44.27,21,16.0,0.033333333,0.07,0.0,0.02,Mar,2,2,2,1,Returning_Visitor,False,False
0,87.24,0,27.12,11,1047.59,0.0,0.033333333,0.0,0.12,May,2,2,2,1,Returning_Visitor,False,False
0,0.0,0,0.0,27,2300.891317,0.0,0.015730379,0.0,0.01,Mar,3,2,1,2,Returning_Visitor,False,False
0,0.0,0,21.82,11,382.25,0.01,0.063636364,1.58,0.03,Mar,2,2,9,2,Returning_Visitor,False,False
3,107.84,0,41.6,53,1717.07,0.02,0.012345679,2.77,0.03,May,1,8,3,1,Returning_Visitor,True,True
1,5.0,0,36.05,14,228.0,0.0,0.028571429,0.0,0.09,May,2,2,2,2,Returning_Visitor,False,False
1,42.84,0,0.0,14,677.84,0.04,0.07,0.0,0.07,Mar,2,2,3,1,Returning_Visitor,False,False
0,0.0,0,31.88,12,167.2222222,0.02,0.001666667,3.88,0.0,Mar,2,2,2,1,Returning_Visitor,True,False
1,33.5,0,0.0,18,1095.02,0.02,0.03,3.86,0.02,Feb,1,1,1,2,Returning_Visitor,True,True
2,58.0,1,77.31,50,952.4345238,0.0,0.011538462,2.179730769,0.02,Mar,4,2,2,11,Returning_Visitor,True,True
1,30.44,0,0.0,9,1018.57,0.06,0.09,0.0,0.0,Mar,2,2,2,1,Returning_Visitor,False,False
4,222.61,1,88.98,35,1182.93,0.01,0.035656214,0.0,0.05,Mar,2,2,1,2,Returning_Visitor,False,False
1,83.98,0,0.0,27,1229.166667,0.01,0.02,2.16,0.03,Oct,2,2,4,2,Returning_Visitor,False,False
3,49.5,0,29.5,18,1545.5,0.04,0.05,2.39,0.03,Mar,2,2,1,2,Returning_Visitor,False,True
1,110.86,0,30.52,12,981.43,0.01,0.025,11.68,0.37,May,2,2,2,1,Returning_Visitor,False,False
4,85.52916667,0,255.5,45,1533.25,0.01,0.02628108,2.0905,0.08,Oct,2,2,3,3,Returning_Visitor,False,False
2,82.22,0,48.38,5,966.84,0.0,0.04,3.51,0.0,Dec,3,2,1,2,Returning_Visitor,False,False
3,15.0,0,0.0,20,1138.25,0.01,0.01,0.0,0.03,Nov,1,1,1,4,Returning_Visitor,True,False
1,41.39,0,0.0,8,97.16666667,0.08,0.16,1.32,0.0,Mar,2,2,3,1,Returning_Visitor,False,False
4,106.27,0,63.19,29,1737.75,0.01,0.02,33.85339122,0.01,Nov,1,1,1,2,Returning_Visitor,True,True
1,49.59,1,20.81,11,1434.84,0.09,0.11,1.44,0.0,Mar,1,1,1,2,Returning_Visitor,False,False
0,0.0,0,0.0,7,460.79,0.2,0.2,0.0,0.05,Mar,2,2,1,2,Returning_Visitor,True,False
2,0.0,0,40.38,26,1670.22,0.1,0.024166667,1.66,1.0,May,3,2,4,4,Returning_Visitor,True,False
1,51.78,0,0.0,12,829.56,0.03,0.04,0.0,0.0,Oct,2,2,1,2,Returning_Visitor,False,False
1,60.7,0,0.0,13,1251.53,0.028571429,0.05,1.95,0.0,Mar,2,2,1,1,Returning_Visitor,False,False
1,112.5,0,0.0,14,2041.23355,0.07,0.08,1.85,0.02,Mar,2,2,2,1,Returning_Visitor,False,True
1,19.8,0,28.53,13,10.0,0.03,0.04,3.6,0.01,Sep,1,1,1,5,New_Visitor,False,True
2,67.2,0,45.26,46,1102.44,0.01,0.02,2.04,0.0,May,2,2,1,4,Returning_Visitor,False,True
2,156.48,1,84.79,5,185.8333333,0.01,0.01875,0.0,0.0,Mar,2,2,3,2,Returning_Visitor,False,False
1,190.0,0,24.96,14,1369.69,0.08,0.06,0.0,0.03,Mar,2,2,1,2,Returning_Visitor,True,False
2,65.4,0,0.0,55,1033.65,0.01,0.024404762,0.0,0.0,Mar,3,2,1,1,Returning_Visitor,False,False
0,88.66,0,108.8,20,1216.18,0.02,0.02,3.8,0.0,May,2,2,1,2,Returning_Visitor,False,True
2,165.4,1,104.56,27,2958.216667,0.007692308,0.02,7.868980948,0.01,Nov,2,2,6,2,Returning_Visitor,False,True
2,155.5,0,34.22,18,311.25,0.02,0.01,2.09,0.0,Mar,2,2,2,2,Returning_Visitor,True,False
2,5.0,0,0.0,21,258.6166667,0.01,0.009090909,4.08,0.03,May,2,2,4,2,Returning_Visitor,False,False
0,0.0,0,30.22,5,994.11,0.01,0.093333333,5.93,0.46,May,3,2,2,3,Returning_Visitor,False,False
1,0.0,0,24.62,16,891.6,0.02,0.0125,4.84,0.03,Feb,2,2,1,2,Returning_Visitor,True,False
2,22.91666667,0,0.0,22,221.25,0.014814815,0.04,0.0,0.0,Oct,2,2,1,2,Returning_Visitor,False,False
1,66.81,0,0.0,13,1046.82,0.0,0.03,3.09,0.0,Mar,2,2,1,2,Returning_Visitor,False,False
4,45.0,0,84.59,26,819.8333333,0.0,0.002898551,6.77,0.02,Mar,2,2,3,2,New_Visitor,True,False
2,124.37,0,37.84,20,1554.69,0.01,0.028421053,5.36,0.0,May,2,2,1,2,Returning_Visitor,False,False
1,10.0,0,0.0,19,1862.61,0.0,0.02,2.55,0.0,Mar,2,2,1,2,Returning_Visitor,True,True
1,42.2,0,26.12,14,175.6666667,0.04,0.07,0.0,0.02,Mar,2,2,1,1,Returning_Visitor,False,False
0,0.0,0,0.0,13,383.5,0.0,0.022222222,2.09,0.0,Oct,1,1,2,4,Returning_Visitor,True,False
1,43.03,0,20.49,12,396.1666667,0.11,0.1,0.0,0.03,Oct,2,2,8,1,Returning_Visitor,False,False
0,0.0,0,71.08,26,1671.63,0.0,0.05,3.79,0.0,Oct,2,2,1,2,Returning_Visitor,True,False
0,52.88,0,0.0,11,778.65,0.05,0.07,2.25,0.18,May,3,2,6,13,Returning_Visitor,False,False
1,37.91,0,0.0,9,801.14,0.04,0.11,2.25,0.01,Nov,1,1,1,2,Returning_Visitor,False,True
1,68.56,0,0.0,11,639.62,0.0,0.029834711,10.05608631,0.01,Dec,1,1,3,2,Returning_Visitor,True,False
1,54.27,0,30.08,18,588.22,0.17,0.19,1.63,0.02,June,2,2,4,1,Returning_Visitor,False,True
1,0.0,0,67.26,1,728.39,0.2,0.2,0.0,0.0,Sep,2,10,3,5,Returning_Visitor,True,False
1,0.0,0,31.19,13,615.72,0.2,0.2,0.0,0.1,Mar,2,4,1,1,Returning_Visitor,False,False
1,60.63,0,0.0,19,285.6166667,0.02,0.04,0.0,0.0,Dec,2,2,1,2,Returning_Visitor,False,False
1,0.0,1,59.6,16,617.83,0.02,0.015,0.0,0.0,Dec,2,2,9,2,Returning_Visitor,False,False
1,39.0,0,24.82,12,1326.93,0.01,0.0375,2.14,0.0,Mar,2,2,6,3,Returning_Visitor,False,False
15,168.429198,1,130.68,72,2806.829918,0.02,0.039029125,1.74,0.06,Feb,2,2,1,1,Returning_Visitor,False,False
4,260.18,1,0.0,4,1582.06,0.01,0.01,3.77,0.01,Oct,1,1,1,4,New_Visitor,True,False
3,143.27,0,0.0,42,1185.666667,0.01,0.004761905,6.65,0.0,Mar,2,2,1,1,Returning_Visitor,False,False
1,0.0,0,0.0,33,960.125,0.01,0.02,5.39,0.0,Oct,2,2,1,2,Returning_Visitor,True,False
0,0.0,0,22.55,11,936.9,0.012903226,0.03,1.96,0.07,Mar,2,2,1,1,Returning_Visitor,False,False
2,93.2,3,44.01,25,641.8,0.006451613,0.03,2.17,0.02,Oct,2,2,3,2,Returning_Visitor,False,False
0,29.42,0,22.64,2,0.0,0.2,0.2,1.42,0.08,Mar,2,2,3,3,Returning_Visitor,False,False
9,331.9833333,5,181.9,61,8217.678753,0.001904762,0.02,3.651726351,0.0,Oct,2,2,3,2,Returning_Visitor,True,True
1,0.0,0,0.0,17,332.1666667,0.01,0.007142857,0.0,0.01,Dec,2,2,1,2,Returning_Visitor,False,False
3,140.87,0,38.3,25,1738.82,0.005,0.04,9.71,0.02,May,2,2,9,2,Returning_Visitor,False,False
5,170.73,1,65.0,40,1362.15,0.01,0.01,12.48912129,0.01,Dec,1,2,1,2,Returning_Visitor,True,False
5,0.0,0,0.0,23,3714.37,0.00625,0.003125,0.0,0.0,Oct,1,1,7,4,Returning_Visitor,False,False
3,32.0,1,70.0,15,504.0833333,0.005714286,0.019047619,4.93,0.0,Mar,3,2,2,2,New_Visitor,True,False
4,85.45,0,36.26,24,197.0,0.0,0.02,1.8,0.0,Oct,2,2,1,2,Returning_Visitor,False,False
0,0.0,0,0.0,63,1779.163333,0.01,0.01,0.0,0.1,Oct,2,2,1,1,Returning_Visitor,False,False
2,31.0,0,48.79,19,783.36,0.01,0.083333333,0.0,0.0,Mar,2,2,3,1,Returning_Visitor,False,False
1,34.91666667,0,33.5,14,496.4821429,0.01,0.025120773,1.6,0.0,Mar,3,2,1,3,Returning_Visitor,False,False
0,123.03,0,0.0,20,499.5,0.01,0.04,3.9,0.03,Feb,2,4,3,2,New_Visitor,True,False
2,100.96,0,50.49,11,574.3333333,0.01,0.02,34.26077778,0.38,May,1,1,8,3,Returning_Visitor,False,True
1,50.42,0,24.27,12,722.0833333,0.011764706,0.03,1.69,0.09,Oct,2,2,1,1,Returning_Visitor,False,False
5,69.5,1,0.0,4,1144.36,0.0,0.03,4.71,0.03,May,2,2,3,4,New_Visitor,True,False
2,60.75,0,36.08,18,808.03,0.015384615,0.03,0.0,0.04,Mar,3,2,3,4,Returning_Visitor,False,False
4,144.11,1,0.0,81,2902.69,0.032304527,0.03,2.3,0.05,Oct,2,2,3,1,Returning_Visitor,False,False
0,0.0,0,21.93,1,0.0,0.2,0.2,1.56,0.04,Mar,2,2,2,3,Returning_Visitor,False,False
1,60.36,0,0.0,10,909.38,0.028571429,0.085714286,2.73,0.0,Mar,2,2,3,2,Returning_Visitor,False,False
7,216.56,1,171.31,202,10014.26935,0.01,0.021947073,7.21,0.01,Nov,2,2,1,2,Returning_Visitor,False,True
1,56.65,0,0.0,5,1213.64,0.06,0.07,0.0,0.0,Mar,2,2,2,1,Returning_Visitor,False,False
0,45.82,0,24.28,14,184.8333333,0.0,0.035714286,0.0,0.4,May,2,2,1,2,Returning_Visitor,False,False
1,35.46,0,21.15,12,1571.93,0.02,0.028205128,0.0,0.04,Mar,2,2,2,1,Returning_Visitor,False,False
4,131.4,0,68.12,59,3096.375,0.007526882,0.04,8.126193548,0.02,Oct,2,2,1,2,Returning_Visitor,False,True
1,0.0,0,22.36,8,193.3333333,0.15,0.17,1.32,0.05,Feb,2,2,1,3,Returning_Visitor,False,False
1,0.0,0,48.88,11,885.41,0.036363636,0.077272727,0.0,0.01,Nov,1,1,4,1,Returning_Visitor,False,False
2,34.4,0,65.16,44,777.02,0.01,0.02,1.97,0.6,May,2,4,3,6,Returning_Visitor,False,False
0,38.39,0,26.21,6,465.51,0.06,0.07,0.0,0.2,May,2,2,1,4,Returning_Visitor,False,False
9,160.4,1,81.59,83,2193.31,0.02,0.009090909,3.59,0.02,Oct,2,4,3,2,Returning_Visitor,False,True
5,108.92,0,51.67,29,1531.62,0.03,0.010139398,1.912422222,0.03,Oct,2,2,1,2,Returning_Visitor,False,False
10,299.27,2,0.0,82,2031.53,0.01,0.015957265,11.01940759,0.0,Dec,2,2,1,2,Returning_Visitor,False,False
1,42.09,0,0.0,9,1124.73,0.03,0.05,1.68,0.06,Oct,2,2,1,1,Returning_Visitor,False,True
3,97.83,0,0.0,19,2040.96,0.036781609,0.06,0.0,0.0,Mar,2,2,2,4,Returning_Visitor,False,False
8,377.5128205,2,265.0,60,2451.81,0.01,0.026580162,1.70506715,0.0,Mar,1,1,4,1,Returning_Visitor,False,True
0,0.0,0,0.0,14,559.0,0.2,0.2,0.0,0.3,Mar,2,4,1,1,Returning_Visitor,False,False
3,122.35,0,47.86,26,2744.541071,0.003370787,0.015636704,3.03,0.03,Oct,2,2,7,2,Returning_Visitor,True,False
0,0.0,0,62.91,26,925.07,0.01,0.013782051,2.04,0.01,Mar,1,1,8,3,Returning_Visitor,False,False
2,57.5,0,232.8,17,1086.94,0.006425703,0.024959839,1.4,0.04,Oct,4,1,1,3,Returning_Visitor,False,False
0,0.0,0,0.0,4,56.5,0.05,0.04,0.0,0.4,May,1,1,6,3,Returning_Visitor,False,False
7,88.0,3,1174.0,173,3320.76,0.009530632,0.03,15.84,0.01,Nov,3,2,1,2,Returning_Visitor,False,True
1,0.0,0,24.18,19,1065.9,0.03,0.04021164,1.64,1.0,Feb,3,2,1,2,Returning_Visitor,False,False
6,122.8,0,89.34,35,1343.53,0.01,0.02,5.67,0.06,Feb,2,2,5,2,Returning_Visitor,False,False
0,0.0,0,0.0,12,764.41,0.03,0.06,0.0,0.01,Nov,2,2,2,1,Returning_Visitor,True,False
1,38.04,0,15.59,6,443.75,0.07,0.12,2.94,0.05,Mar,1,8,3,3,Returning_Visitor,False,True
2,0.0,0,59.65,24,1361.58,0.0,0.2,2.54,0.0,Mar,1,2,1,1,Returning_Visitor,False,False
1,37.0,0,0.0,10,240.4166667,0.01,0.04,3.45,0.09,May,2,2,3,4,Returning_Visitor,True,False
0,0.0,0,26.55,13,857.73,0.04781874,0.07,0.0,0.05,Feb,2,2,3,1,Returning_Visitor,True,False
0,102.39,1,73.28,43,1825.557143,0.01,0.02,3.29,0.0,Nov,2,2,1,2,Returning_Visitor,False,False
1,66.2,0,0.0,21,2241.5,0.01,0.02,2.12,0.01,Mar,2,2,3,20,Returning_Visitor,False,False
2,24.5,0,0.0,18,353.1666667,0.01,0.031818182,2.44,0.0,Mar,2,5,2,1,Returning_Visitor,False,False
1,0.0,0,29.2,6,50.0,0.0,0.03,0.0,0.0,May,2,2,1,3,Returning_Visitor,False,False
3,72.57333333,0,49.34,22,1107.63,0.005,0.029166667,6.07,0.0,Dec,2,2,1,2,Returning_Visitor,False,True
7,356.675,1,0.0,43,1636.258333,0.01,0.01,0.0,0.02,May,2,2,4,4,Returning_Visitor,False,False
2,144.37,1,48.39,20,1017.96,0.0,0.02,5.54,0.01,Oct,2,2,1,2,Returning_Visitor,False,False
4,203.14,2,16.0,26,1689.75,0.01,0.02,59.33984611,0.0,Aug,2,2,3,2,New_Visitor,False,True
3,221.0,0,35.21,22,1753.583333,0.01,0.013131313,2.15,0.02,Nov,1,1,1,2,Returning_Visitor,True,False
1,86.66,0,57.08,23,619.5,0.008333333,0.0125,2.4,0.03,May,2,2,3,3,Returning_Visitor,False,False
6,169.28,0,105.28,122,1945.321429,0.018032787,0.033333333,0.0,0.02,Mar,2,2,3,2,Returning_Visitor,False,False
1,71.51,0,41.06,16,869.57,0.0,0.0375,0.0,0.01,Dec,2,2,1,2,Returning_Visitor,False,False
2,59.74,0,27.07,13,320.5,0.0,0.03,1.6,0.0,May,2,2,2,3,Returning_Visitor,False,False
0,0.0,0,31.66,16,355.5,0.02,0.014285714,4.68,0.0,Mar,2,2,1,2,New_Visitor,True,True
1,39.15,0,0.0,9,88.0,0.0,0.05,1.44,0.0,Oct,2,2,1,3,Returning_Visitor,True,False
1,54.56,0,37.33,16,1474.5,0.02,0.05,2.54,0.01,Dec,3,2,4,3,Returning_Visitor,False,True
0,58.47,0,35.76,14,657.62,0.02,0.06,2.68,0.05,Mar,2,4,1,1,Returning_Visitor,False,False
1,79.97,0,0.0,19,683.1653846,0.0,0.011111111,0.0,0.0,Mar,2,2,1,2,Returning_Visitor,False,False
2,0.0,0,43.31,18,1799.833333,0.02,0.06,1.92,0.6,May,2,4,3,6,Returning_Visitor,False,False
2,0.0,0,32.56,60,1005.85,0.01,0.01,2.46,0.02,Aug,2,2,1,2,Returning_Visitor,False,False
1,48.32,0,23.37,18,1555.82,0.17,0.19,1.5,0.03,Mar,2,2,1,4,Returning_Visitor,False,False
2,91.1,0,45.62,19,300.6666667,0.01,0.01,3.06,0.0,May,2,2,1,4,Returning_Visitor,False,False
1,0.0,0,32.94,15,364.6666667,0.065384615,0.086538462,1.73,0.05,Mar,2,2,1,1,Returning_Visitor,False,False
1,120.5,1,53.15,22,1083.26,0.009090909,0.036363636,3.87,0.01,Nov,2,2,1,2,Returning_Visitor,False,True
1,59.71,0,23.66,10,637.08,0.02,0.05,2.49,0.01,Jul,1,2,1,2,Returning_Visitor,False,False
1,0.0,0,0.0,15,708.5333333,0.01,0.04,4.7,0.01,Mar,2,1,3,1,Returning_Visitor,False,False
4,65.16666667,0,0.0,31,736.7833333,0.04,0.05,1.81,0.6,Aug,2,2,1,4,Returning_Visitor,False,False
1,58.14,0,22.46,17,319.0,0.0,0.04,2.12,0.02,Mar,2,2,3,2,New_Visitor,False,False
2,84.99,0,33.83,18,982.1,0.01,0.064705882,3.44,0.24,May,1,1,2,1,Returning_Visitor,False,False
1,0.0,0,0.0,1,557.27,0.2,0.2,1.87,0.08,Mar,2,2,1,3,Returning_Visitor,False,False
1,0.0,0,30.77,1,800.56,0.01,0.02,0.0,0.0,May,1,1,2,2,Returning_Visitor,False,False
0,41.63,0,0.0,9,609.39,0.08,0.08,0.0,0.04,Feb,1,1,1,2,Returning_Visitor,False,False
3,12.0,1,132.11,36,5.333333333,0.01,0.01,0.0,0.0,Mar,2,2,1,2,Returning_Visitor,False,False
1,33.85,0,25.94,8,182.5833333,0.02,0.03125,1.64,0.01,Mar,2,2,1,3,Returning_Visitor,False,False
1,0.0,0,5.0,11,1095.658333,0.01,0.02,3.16,0.01,Nov,1,1,1,10,Returning_Visitor,False,True
0,68.84,0,0.0,13,28.0,0.03,0.1,3.64,0.0,May,2,2,6,7,Returning_Visitor,False,False
4,52.25,0,0.0,20,28.0,0.0,0.025,5.15,0.02,Mar,2,2,3,2,New_Visitor,True,False
1,59.03,0,0.0,10,1402.57,0.0,0.04,2.45,0.03,Mar,2,2,1,1,Returning_Visitor,False,False
1,37.63,0,0.0,10,276.0,0.03,0.05,1.76,0.0,Oct,2,2,8,1,Returning_Visitor,False,False
0,54.72,0,0.0,1,754.8,0.04,0.07,0.0,0.15,May,2,2,6,3,Returning_Visitor,False,False
0,83.89,2,59.21,11,1407.64,0.01,0.030769231,0.0,0.0,Mar,3,2,1,1,Returning_Visitor,False,False
0,38.08,0,0.0,5,1106.21,0.02,0.12,0.0,0.03,Mar,2,2,1,1,Returning_Visitor,False,False
0,64.44,0,27.71,11,249.41,0.02,0.07,0.0,0.01,Nov,2,2,1,4,Returning_Visitor,False,False
0,0.0,0,45.98,25,1979.73,0.0,0.066666667,2.65,0.0,Oct,2,2,3,13,Returning_Visitor,False,False
2,26.0,0,35.06,18,1852.75,0.03,0.06,0.0,0.06,Mar,2,2,2,2,Returning_Visitor,True,False
1,53.16,0,25.83,14,1156.94,0.018181818,0.01,2.12,0.0,Mar,3,2,1,4,Returning_Visitor,False,False
0,0.0,0,21.07,3,15.2,0.05,0.08,4.84,0.02,Aug,1,2,3,3,Returning_Visitor,False,False
6,171.5,1,178.5,20,1138.27,0.01,0.01,2.7,0.01,Nov,2,2,9,2,Returning_Visitor,False,True
2,0.0,1,0.0,19,830.36,0.010526316,0.02,7.0,0.0,Jul,1,1,1,1,Returning_Visitor,False,False
0,0.0,0,28.1,13,864.4583333,0.02,0.01031746,4.7,0.0,Mar,3,2,2,2,New_Visitor,True,False
0,0.0,0,0.0,40,1445.840909,0.01,0.02,4.43,0.0,Mar,3,2,3,2,Returning_Visitor,True,False
2,0.0,0,42.03,19,1246.68,0.02,0.013947368,6.8,0.05,Oct,3,2,1,4,Returning_Visitor,False,True
5,95.325,0,0.0,15,1576.43,0.01,0.02,3.85,0.1,May,2,2,1,4,Returning_Visitor,False,True
1,37.51,0,20.01,9,140.0,0.022222222,0.06,2.33,0.02,Mar,2,2,2,1,Returning_Visitor,False,False
5,233.37,0,68.25,28,1722.5,0.01,0.02,7.66,0.06,May,2,2,2,4,Returning_Visitor,False,False
0,44.26,0,20.3,10,279.0,0.16,0.14,1.42,0.04,Mar,1,1,1,1,Returning_Visitor,False,False
1,58.41,0,38.5,18,9.0,0.15,0.133333333,3.48,0.04,Oct,2,2,2,1,Returning_Visitor,True,False
1,44.69,0,18.95,9,1015.72,0.03,0.05,1.58,0.05,Oct,2,2,1,1,Returning_Visitor,False,False
5,293.53,0,101.34,37,1899.4,0.0,0.022222222,6.52,0.03,May,2,2,1,4,Returning_Visitor,False,False
1,67.62,0,0.0,9,0.0,0.03,0.06,0.0,0.0,May,2,2,2,4,Returning_Visitor,False,False
2,138.33,0,47.17,38,842.4235931,0.0,0.011382114,52.28594057,0.0,Oct,2,2,3,2,Returning_Visitor,True,True
0,0.0,0,0.0,15,1078.35,0.086666667,0.07,2.59,0.0,May,2,2,1,3,Returning_Visitor,False,False
1,60.27,0,0.0,6,661.28,0.03,0.11,1.77,0.0,Mar,1,1,2,4,Returning_Visitor,False,False
1,81.84,0,0.0,14,1166.32,0.0,0.06,3.16,0.8,May,2,2,4,4,Returning_Visitor,False,False
3,107.1,0,52.88,65,3186.958333,0.011594203,0.019935588,3.6,0.0,Feb,2,2,1,2,Returning_Visitor,False,False
1,59.5,0,0.0,20,646.1666667,0.01,0.01,5.23,0.0,Dec,2,2,1,1,Returning_Visitor,False,False
12,911.84,12,886.25,119,7838.556598,0.00376506,0.02,39.53,0.0,Nov,3,2,6,2,Returning_Visitor,False,False
0,63.46,0,0.0,17,710.14,0.0,0.03,2.68,0.01,Mar,2,2,1,1,Returning_Visitor,True,False
1,53.18,0,54.03,2,1654.33,0.2,0.2,0.0,0.02,Feb,3,2,1,13,Returning_Visitor,False,False
3,13.0,1,37.97,25,855.28,0.01,0.02,1.77,0.05,Oct,2,2,3,2,Returning_Visitor,False,False
0,0.0,2,33.66,12,727.53,0.14,0.15,1.44,1.0,May,3,2,3,4,Returning_Visitor,False,False
1,90.54,0,0.0,17,495.1,0.0,0.01,0.0,0.0,Oct,2,4,9,4,New_Visitor,False,False
2,26.66666667,0,0.0,28,1807.89,0.007972028,0.043864469,2.46,0.0,Mar,2,2,1,2,Returning_Visitor,True,False
5,62.0,1,104.33,125,1935.335516,0.02,0.02,3.13,0.0,Oct,2,2,1,2,Returning_Visitor,False,False
1,44.76,0,20.19,11,281.9,0.04,0.05,1.62,0.0,Mar,1,1,3,6,Returning_Visitor,False,False
2,77.92,0,57.32,34,1384.85,0.01,0.020233586,4.0,0.01,Mar,3,2,1,1,Returning_Visitor,False,False
0,47.31,0,22.36,12,961.46,0.04,0.05,2.83,0.03,May,2,2,4,1,Returning_Visitor,False,False
2,90.08,0,38.15,6,1516.05,0.0,0.011111111,0.0,0.01,May,2,2,1,2,Returning_Visitor,False,False
1,45.0,0,21.86,10,18.2,0.15,0.2,2.11,0.02,Sep,2,2,1,3,Returning_Visitor,False,False
1,69.49,0,34.05,20,673.125,0.006451613,0.010056926,1.61,0.8,May,2,2,1,4,Returning_Visitor,False,True
5,184.89,1,76.75,32,1334.083333,0.0,0.02,0.0,0.0,Nov,2,2,1,2,Returning_Visitor,False,False
5,165.04,1,64.84,38,1261.92,0.010869565,0.03,3.32,0.0,Nov,2,4,3,2,Returning_Visitor,False,False
2,273.0,0,65.95,30,1317.32,0.01,0.02,0.0,0.27,May,1,1,1,2,Returning_Visitor,False,False
0,0.0,0,18.23,9,152.6,0.04,0.08,3.3,0.0,Mar,2,2,2,1,Returning_Visitor,False,False
3,125.33,0,31.89,16,891.45,0.01,0.01,86.388,0.08,Oct,2,2,1,2,New_Visitor,True,True
1,57.42,1,131.0,11,1872.53,0.0,0.09,1.51,0.03,Mar,2,2,2,4,Returning_Visitor,False,False
1,61.86,0,29.14,16,963.84,0.007692308,0.02,0.0,0.04,Mar,3,2,1,4,Returning_Visitor,False,False
1,0.0,0,0.0,14,1246.53,0.032,0.06,2.16,0.16,Mar,2,2,2,3,Returning_Visitor,False,False
3,32.75,1,11.0,30,2949.55,0.015909091,0.04,0.0,0.8,May,3,2,1,3,Returning_Visitor,False,False
1,65.87,0,21.38,10,683.11,0.03,0.03,1.91,0.01,Feb,2,2,1,2,Returning_Visitor,False,False
1,46.57,0,21.85,11,1316.21,0.17,0.17,1.41,0.0,Mar,2,2,1,1,Returning_Visitor,False,False
1,0.0,0,38.06,12,531.69,0.2,0.2,0.0,0.6,May,2,2,4,3,Returning_Visitor,False,False
2,83.13,0,23.48,9,1136.33,0.01,0.022222222,2.12,0.04,Oct,2,2,1,2,Returning_Visitor,False,True
5,604.73,0,0.0,28,1276.843158,0.01,0.006712329,8.0,0.0,Jul,2,2,1,6,New_Visitor,False,True
0,94.25,0,33.25,16,1065.59,0.0,0.04,0.0,0.0,May,1,1,1,2,Returning_Visitor,False,False
2,83.67,0,42.81,25,1005.02,0.01,0.01,48.7880688,0.05,Oct,2,2,3,2,New_Visitor,True,True
12,175.71,1,73.9,127,6065.016218,0.006716418,0.02,3.54,0.04,May,1,1,1,4,Returning_Visitor,False,True
13,934.13,9,985.4833333,183,2739.15,0.01,0.02,32.08,0.0,May,1,1,1,3,Returning_Visitor,False,False
