Administrative,Administrative_Duration,Informational,Informational_Duration,ProductRelated,ProductRelated_Duration,BounceRates,ExitRates,PageValues,SpecialDay,Month,OperatingSystems,Browser,Region,TrafficType,VisitorType,Weekend,Revenue
3,17.6,0,1.77,68,1205.36,0.01,0.03,1.01,0.0,Nov,2,2,1,3,Returning_Visitor,False,False
0,16.32,0,2.81,1,0.0,0.19,0.07,0.0,0.03,May,1,1,1,2,Returning_Visitor,False,False
0,26.72,0,1.61,52,900.92,0.01,0.04,1.0,0.6,May,1,2,1,1,Returning_Visitor,False,False
0,8.5,0,1.86,5,64.97,0.2,0.14,0.29,0.0,Mar,1,1,1,2,Returning_Visitor,True,False
13,388.3,2,8.48,59,6483.77,0.0,0.02,2.13,0.03,Nov,2,2,4,2,Returning_Visitor,False,False
0,3.54,0,2.0,1,0.0,0.2,0.13,0.28,0.03,May,2,2,1,3,Returning_Visitor,False,False
0,0.0,0,1.81,72,1970.0,0.02,0.04,2.39,0.0,June,2,2,3,2,Returning_Visitor,False,False
2,90.0,0,0.0,62,1154.13,0.0,0.02,5.96,0.0,Nov,2,2,1,5,New_Visitor,False,False
0,25.16,0,2.14,11,1256.8,0.01,0.02,2.28,0.03,Mar,2,2,7,2,New_Visitor,False,True
3,0.0,0,2.01,64,1230.76,0.01,0.03,0.55,0.0,May,1,2,6,1,Returning_Visitor,False,False
7,287.86,0,0.0,59,1135.5,0.01,0.01,0.0,0.03,Dec,2,2,1,1,Returning_Visitor,False,False
2,94.0,0,0.0,54,97.0,0.01,0.03,2.14,0.03,Mar,2,3,1,10,Returning_Visitor,False,False
3,124.54,0,1.4,33,647.62,0.02,0.01,0.4,0.0,Nov,2,2,1,2,Returning_Visitor,False,False
3,41.19,0,0.0,63,49.0,0.01,0.02,2.18,0.03,May,1,1,8,3,Returning_Visitor,False,False
3,18.89,0,0.0,1,487.0,0.01,0.02,0.0,0.0,Nov,2,1,1,10,Returning_Visitor,True,False
0,0.0,0,1.45,12,103.0,0.13,0.04,2.31,0.6,May,2,2,1,3,Returning_Visitor,False,False
0,24.48,0,1.61,75,1775.24,0.01,0.02,4.06,0.03,Nov,2,6,5,3,Returning_Visitor,True,False
3,55.19,0,0.0,51,1182.22,0.0,0.02,0.0,0.03,Dec,1,1,1,1,Returning_Visitor,False,False
0,28.82,0,0.9,49,872.29,0.03,0.02,3.55,0.0,Nov,2,2,3,3,Returning_Visitor,False,True
2,30.43,0,1.25,8,70.2,0.06,0.06,2.0,0.03,Mar,2,2,8,3,Returning_Visitor,False,False
0,30.58,0,1.38,54,1126.83,0.0,0.02,22.27,0.03,Nov,2,8,1,3,Returning_Visitor,True,True
2,81.6,0,0.0,65,2230.6,0.01,0.02,0.0,0.0,Nov,2,2,9,2,Returning_Visitor,False,False
3,27.61,0,0.0,60,1183.46,0.04,0.03,0.31,0.0,Nov,2,2,1,1,Returning_Visitor,False,False
3,16.5,1,3.46,39,1338.56,0.01,0.01,0.0,0.03,Dec,2,2,1,2,Returning_Visitor,False,False
4,6.2,0,1.86,59,1192.32,0.01,0.02,2.16,0.0,Nov,4,1,1,2,Returning_Visitor,True,False
11,14.13,0,8.66,59,1607.17,0.01,0.03,0.0,0.03,Nov,2,2,1,3,Returning_Visitor,False,True
3,28.0,0,1.33,63,1329.67,0.01,0.0,0.89,0.0,May,2,2,1,4,Returning_Visitor,False,True
3,29.89,0,1.71,69,0.0,0.0,0.02,0.0,0.03,May,1,1,8,3,Returning_Visitor,False,False
0,0.0,0,3.34,22,584.5,0.01,0.03,0.32,0.03,May,1,1,1,3,Returning_Visitor,False,False
0,6.08,0,1.54,19,0.0,0.18,0.07,0.52,0.03,Nov,2,2,1,3,Returning_Visitor,False,False
3,361.92,0,0.0,63,1124.88,0.02,0.02,0.0,0.0,Nov,2,2,9,2,Returning_Visitor,False,True
3,19.33,0,0.86,36,1317.85,0.01,0.01,2.91,0.03,Dec,2,2,1,2,Returning_Visitor,False,False
7,185.8,2,0.98,57,916.47,0.01,0.02,11.16,0.03,Jul,3,2,3,2,Returning_Visitor,False,False
0,8.16,0,1.71,78,66.76,0.01,0.04,0.0,0.0,Nov,2,2,1,2,New_Visitor,False,False
0,14.3,0,0.36,47,296.56,0.0,0.03,6.94,0.0,Mar,1,1,4,2,Returning_Visitor,True,True
2,0.0,0,1.46,65,1179.33,0.01,0.02,0.0,0.03,Dec,2,2,4,2,Returning_Visitor,False,False
6,121.41,2,1312.4,26,1138.86,0.0,0.02,9.28,0.03,Nov,2,7,1,2,Returning_Visitor,False,True
5,48.22,1,114.0,401,1342.04,0.0,0.02,3.55,0.03,Mar,2,2,1,2,Returning_Visitor,False,True
4,59.53,0,1.85,65,183.65,0.0,0.03,2.49,0.03,Sep,2,2,1,2,New_Visitor,False,False
0,25.2,0,0.81,14,320.27,0.01,0.04,13.17,0.03,Mar,2,2,1,3,Returning_Visitor,False,True
0,14.56,0,0.0,45,103.83,0.01,0.06,3.01,0.03,May,2,2,3,3,Returning_Visitor,False,False
1,19.58,0,1.13,56,1273.24,0.0,0.01,8.39,0.03,Nov,1,1,3,2,Returning_Visitor,False,True
3,50.07,0,1.45,21,1224.24,0.01,0.01,0.0,0.03,Nov,2,2,1,2,Returning_Visitor,False,False
1,0.0,0,0.0,56,1197.5,0.02,0.01,1.78,0.03,Nov,2,2,2,3,Returning_Visitor,False,False
6,37.49,0,1.3,73,1245.68,0.0,0.02,3.76,0.0,Oct,2,1,1,5,New_Visitor,False,True
0,11.18,0,0.0,79,195.8,0.11,0.07,0.63,0.0,Nov,3,2,3,2,Returning_Visitor,True,False
3,11.68,0,1.34,55,1064.72,0.03,0.04,0.07,0.03,Mar,2,2,1,1,Returning_Visitor,False,False
3,50.12,2,162.0,17,1245.05,0.01,0.02,2.63,0.03,Nov,2,2,3,2,New_Visitor,False,False
3,54.68,0,0.0,23,1417.33,0.0,0.02,0.57,0.03,Mar,2,2,1,3,Returning_Visitor,False,False
10,78.9,1,2.75,39,1735.82,0.01,0.01,112.44,0.0,Nov,2,2,7,2,Returning_Visitor,False,False
8,17.92,0,0.0,43,1110.58,0.01,0.01,13.37,0.03,Nov,2,2,3,3,Returning_Visitor,False,True
3,0.0,0,7.48,64,1278.01,0.01,0.02,4.18,0.0,Mar,1,2,6,2,Returning_Visitor,False,False
3,39.55,0,2.0,12,1211.86,0.01,0.01,2.09,0.0,May,4,5,1,2,Returning_Visitor,False,False
3,28.0,0,0.0,49,1377.36,0.0,0.04,0.0,0.03,Mar,2,2,7,1,Returning_Visitor,False,False
2,261.45,0,0.58,6,625.35,0.0,0.03,0.0,0.03,Mar,1,1,1,2,Returning_Visitor,False,False
2,29.0,0,1.14,25,1133.27,0.01,0.0,5.28,0.03,May,2,2,1,2,Returning_Visitor,False,False
10,164.07,0,1.31,37,1438.84,0.01,0.02,4.76,0.03,May,2,2,1,2,Returning_Visitor,False,False
0,0.0,0,0.94,7,343.25,0.01,0.03,49.36,0.03,Mar,2,2,1,7,Returning_Visitor,True,True
4,76.0,0,0.0,61,1033.67,0.01,0.02,5.51,0.03,Nov,4,1,1,2,Returning_Visitor,False,False
0,6.28,0,1.42,15,1234.15,0.0,0.02,1.08,0.03,Nov,2,2,1,3,Returning_Visitor,False,False
3,19.92,0,0.0,58,2034.26,0.01,0.04,0.0,0.03,Nov,2,2,1,1,Returning_Visitor,False,True
6,31.23,0,0.22,67,502.52,0.01,0.02,2.5,0.0,Nov,2,5,3,2,Returning_Visitor,False,False
0,20.14,0,0.91,18,210.5,0.02,0.02,0.0,0.03,Mar,2,2,1,1,Returning_Visitor,False,False
3,0.0,0,0.0,46,1212.17,0.01,0.02,0.0,0.03,May,3,2,1,2,Returning_Visitor,True,False
0,0.0,0,0.0,10,1317.02,0.06,0.03,0.0,0.03,Mar,3,2,1,3,Returning_Visitor,False,False
3,33.15,0,0.0,73,1434.91,0.0,0.03,0.95,0.0,Dec,1,1,1,2,Returning_Visitor,False,False
1,19.24,0,0.0,15,1178.31,0.01,0.01,43.03,0.03,Nov,2,1,1,3,New_Visitor,False,True
1,16.52,0,1.06,67,1100.93,0.05,0.07,1.55,0.03,Nov,2,2,1,3,Returning_Visitor,False,False
9,33.0,0,1.91,55,1799.14,0.01,0.02,0.0,0.03,May,2,2,3,3,Returning_Visitor,False,False
0,0.0,0,3.77,42,66.93,0.02,0.06,0.31,0.03,May,1,1,7,3,Returning_Visitor,False,False
3,965.5,0,4.38,62,1375.6,0.01,0.03,0.0,0.03,Mar,3,2,3,2,Returning_Visitor,True,False
0,16.16,0,0.0,26,1256.16,0.0,0.01,35.98,0.0,Nov,2,5,3,3,Returning_Visitor,False,True
2,32.46,0,2.01,70,2405.6,0.0,0.01,0.0,0.0,May,2,2,1,4,Returning_Visitor,False,False
5,22.19,0,1.6,54,1215.93,0.01,0.02,1.49,0.03,Nov,2,2,1,4,Returning_Visitor,False,False
0,1.71,0,0.27,55,2631.47,0.0,0.02,1.63,0.03,Nov,2,2,1,2,Returning_Visitor,False,False
6,344.62,2,1.75,146,1243.66,0.01,0.02,5.94,0.4,May,2,2,3,2,Returning_Visitor,False,False
0,12.44,0,0.0,8,1322.68,0.01,0.03,0.0,0.03,Mar,2,2,1,10,Returning_Visitor,False,False
2,13.7,0,1.39,13,1282.8,0.01,0.04,0.0,0.03,Nov,2,2,1,4,Returning_Visitor,False,False
0,0.0,0,0.0,48,476.0,0.01,0.09,4.93,0.38,Mar,2,4,1,1,Returning_Visitor,False,False
1,0.0,0,0.0,65,1397.77,0.01,0.02,0.0,0.03,Mar,2,4,1,2,Returning_Visitor,False,False
1,0.0,0,1.34,45,63.82,0.01,0.04,0.0,0.03,Nov,2,2,1,2,New_Visitor,False,False
2,0.0,0,0.85,52,93.4,0.01,0.04,2.06,0.03,Nov,2,2,1,10,Returning_Visitor,False,False
3,134.64,0,1.45,61,1207.48,0.0,0.01,0.37,0.0,May,2,2,3,4,Returning_Visitor,False,False
0,0.0,0,0.98,22,58.0,0.01,0.04,3.01,0.03,May,2,2,1,3,Returning_Visitor,False,False
0,17.85,0,0.0,16,1182.24,0.0,0.02,1.55,0.03,Nov,2,2,1,1,Returning_Visitor,False,False
3,318.2,0,0.0,55,1222.19,0.02,0.05,0.4,0.0,Mar,2,2,1,1,Returning_Visitor,False,False
0,10.87,0,2.77,17,1062.67,0.03,0.01,54.57,0.03,Sep,4,1,1,3,Returning_Visitor,False,True
0,21.03,0,0.0,43,68.01,0.2,0.14,0.19,0.03,Mar,2,2,1,1,Returning_Visitor,False,False
9,189.32,2,0.7,64,620.74,0.01,0.03,0.0,0.0,Nov,3,2,3,3,New_Visitor,False,False
5,173.26,0,0.0,49,1465.56,0.02,0.04,2.29,0.03,May,3,2,1,2,Returning_Visitor,False,True
1,19.2,0,0.87,22,1033.01,0.0,0.0,0.0,0.03,Nov,1,1,1,2,Returning_Visitor,False,False
4,364.33,2,1.9,103,1157.01,0.01,0.02,0.57,0.0,Nov,2,2,1,2,Returning_Visitor,False,False
3,24.98,1,71.15,55,696.4,0.02,0.0,1.69,0.03,Mar,2,2,1,4,Returning_Visitor,True,False
0,1.59,0,1.51,49,1145.27,0.01,0.02,0.3,0.0,May,2,2,7,4,Returning_Visitor,True,False
1,37.86,0,0.0,10,1177.05,0.01,0.03,0.52,0.03,Mar,3,2,2,3,Returning_Visitor,False,False
2,0.0,0,0.0,55,801.8,0.0,0.0,0.0,0.0,Mar,2,2,3,2,Returning_Visitor,False,False
0,0.0,0,0.0,24,727.5,0.01,0.01,0.63,0.0,Mar,2,2,3,1,Returning_Visitor,False,False
10,24.6,1,1.54,65,277.35,0.01,0.02,0.0,0.03,Nov,2,2,9,5,Returning_Visitor,False,False
1,7.72,0,6.0,41,1221.03,0.01,0.07,0.0,0.03,Nov,2,2,1,1,Returning_Visitor,False,False
3,32.09,1,1.19,45,2336.32,0.01,0.04,0.0,0.03,Nov,1,1,1,2,Returning_Visitor,False,False
0,9.53,0,0.0,4,81.34,0.0,0.08,0.0,0.0,May,2,1,3,3,Returning_Visitor,False,False
3,51.71,0,0.0,53,1141.28,0.01,0.01,24.46,0.0,Nov,2,2,1,2,Returning_Visitor,False,True
1,0.0,0,0.81,143,4977.85,0.01,0.01,0.0,0.0,Nov,2,2,1,1,Returning_Visitor,False,False
3,21.1,0,1.26,584,24844.16,0.01,0.01,1.9,0.0,Nov,2,2,3,2,Returning_Visitor,False,False
3,55.6,0,1.85,17,753.1,0.0,0.02,0.0,0.0,Nov,2,2,1,2,Returning_Visitor,False,False
3,118.8,1,8.98,62,2275.21,0.0,0.02,3.17,0.03,Mar,2,2,9,2,Returning_Visitor,False,False
0,0.0,0,0.81,1,0.0,0.19,0.15,0.15,0.0,Dec,2,2,1,3,Returning_Visitor,False,False
3,294.2,2,26.71,61,1276.43,0.02,0.03,1.99,0.03,Sep,3,2,6,2,Returning_Visitor,False,False
3,42.58,0,1.48,8,213.5,0.0,0.02,1.07,0.03,Mar,2,2,1,3,Returning_Visitor,True,False
0,13.19,0,0.0,15,1040.1,0.01,0.02,60.95,0.03,Dec,2,2,5,2,New_Visitor,False,True
3,20.23,0,0.0,35,222.23,0.01,0.02,0.0,0.0,Mar,2,2,3,3,Returning_Visitor,False,False
3,144.5,0,181.72,52,2826.79,0.01,0.02,6.46,0.03,Mar,3,2,3,13,Returning_Visitor,False,False
3,18.57,0,0.0,3,0.0,0.19,0.13,0.0,0.03,Mar,3,2,1,1,Returning_Visitor,False,False
9,44.3,0,0.0,63,399.69,0.0,0.02,0.0,0.03,Mar,1,1,7,2,Returning_Visitor,False,False
0,0.0,0,1.74,55,1172.89,0.01,0.03,0.79,0.03,Nov,2,2,3,1,Returning_Visitor,True,False
1,36.15,0,1.45,10,447.13,0.01,0.02,1.56,0.03,Mar,1,2,5,2,Returning_Visitor,True,True
2,91.18,1,1.47,17,711.57,0.0,0.01,1.38,0.03,Mar,2,2,1,2,Returning_Visitor,False,False
0,20.68,0,1.08,9,228.5,0.02,0.02,0.0,0.03,May,2,2,3,3,Returning_Visitor,False,False
0,16.89,0,0.0,1,63.4,0.19,0.2,0.31,0.0,May,1,1,1,2,Returning_Visitor,False,False
6,99.5,0,1.37,11,1304.73,0.01,0.01,1.05,0.03,May,2,2,8,2,Returning_Visitor,False,False
10,70.93,1,86.0,60,1270.23,0.04,0.02,0.88,0.03,Mar,3,2,1,2,Returning_Visitor,False,False
3,21.25,0,0.0,55,1171.07,0.01,0.03,13.02,0.0,Dec,2,2,7,1,Returning_Visitor,False,False
2,38.99,0,0.0,60,1485.5,0.03,0.02,2.95,0.8,May,2,4,1,3,Returning_Visitor,False,False
10,14.85,0,89.95,101,6038.24,0.02,0.02,1.8,0.0,Mar,2,4,3,2,Returning_Visitor,False,True
4,29.4,1,7.34,54,2910.63,0.01,0.01,25.05,0.03,Nov,3,2,1,2,Returning_Visitor,False,True
0,0.0,0,1.16,89,0.0,0.2,0.14,0.0,0.36,May,3,2,6,3,Returning_Visitor,False,False
2,74.0,0,0.0,60,5154.78,0.0,0.03,0.0,0.03,Dec,2,2,1,1,Returning_Visitor,False,False
2,0.0,1,1.03,54,1154.25,0.02,0.03,8.33,0.03,Mar,2,2,3,11,Returning_Visitor,False,True
2,334.25,0,92.17,2,70.75,0.01,0.02,2.91,0.0,Nov,1,1,1,3,Returning_Visitor,False,False
2,41.88,0,1.56,62,1152.63,0.01,0.02,21.48,0.0,Oct,1,8,1,2,Returning_Visitor,True,True
3,29.41,0,1.76,23,984.5,0.04,0.02,1.9,0.03,Nov,2,2,2,2,Returning_Visitor,False,False
2,248.67,0,1.0,63,1039.48,0.0,0.01,9.51,0.03,May,2,2,2,11,Returning_Visitor,False,True
9,357.35,0,1.86,55,45.0,0.0,0.02,2.92,0.0,May,2,5,1,2,Returning_Visitor,True,False
3,53.18,0,0.0,3,1081.56,0.0,0.02,1.48,0.03,Sep,2,7,3,3,Returning_Visitor,False,False
3,78.36,3,210.67,309,1174.26,0.01,0.03,6.15,0.03,Nov,2,2,1,2,Returning_Visitor,True,True
3,0.0,0,1.07,10,249.5,0.02,0.02,2.4,0.0,Dec,2,2,1,8,Returning_Visitor,False,False
3,38.64,0,0.0,54,1236.7,0.01,0.01,3.31,0.0,Oct,2,2,1,3,Returning_Visitor,False,False
3,0.0,0,0.0,49,1247.62,0.05,0.02,0.5,0.03,Mar,2,2,1,3,Returning_Visitor,False,False
3,0.0,0,0.0,22,1216.95,0.0,0.02,5.76,0.03,Jul,2,4,1,1,Returning_Visitor,False,False
3,42.04,0,1.28,61,1467.25,0.01,0.01,25.68,0.03,May,2,2,1,2,Returning_Visitor,False,False
2,0.0,0,1.39,28,1010.19,0.0,0.02,2.98,0.03,Nov,2,2,7,3,Returning_Visitor,False,False
2,5.6,0,0.0,14,0.0,0.2,0.2,0.88,0.03,Nov,2,2,2,2,Returning_Visitor,True,False
3,51.76,0,1.88,59,2235.0,0.0,0.03,9.13,0.03,May,2,2,1,2,Returning_Visitor,False,False
3,12.0,0,0.0,29,1241.58,0.01,0.01,7.37,0.03,Nov,2,2,1,2,Returning_Visitor,False,True
1,0.0,0,0.0,40,905.49,0.01,0.03,0.0,0.0,Mar,3,2,2,1,Returning_Visitor,False,False
0,9.61,0,0.0,15,1581.46,0.03,0.02,0.15,0.0,Mar,2,2,1,1,Returning_Visitor,False,False
3,24.5,0,0.63,27,1241.18,0.0,0.01,0.0,0.0,Mar,2,2,1,2,Returning_Visitor,False,False
0,57.59,0,1.38,7,169.99,0.01,0.03,21.27,0.0,Mar,2,2,7,2,New_Visitor,False,True
10,216.33,6,0.94,62,1267.37,0.01,0.01,2.81,0.0,Nov,2,2,1,3,Returning_Visitor,False,False
0,0.0,0,1.89,76,1402.54,0.07,0.13,0.0,0.0,Nov,2,2,1,13,Returning_Visitor,False,False
3,97.75,2,46.5,59,1201.86,0.01,0.02,0.93,0.0,Nov,2,2,1,2,Returning_Visitor,False,False
3,70.15,0,1.21,34,1205.44,0.0,0.02,6.78,0.03,Nov,1,1,1,2,Returning_Visitor,False,True
1,24.76,0,0.0,59,155.25,0.17,0.13,0.0,0.0,Nov,1,2,1,1,Returning_Visitor,False,False
1,28.67,0,0.0,148,3486.19,0.01,0.02,0.03,0.03,Nov,2,2,1,3,Returning_Visitor,False,False
0,6.75,0,0.93,16,71.52,0.0,0.07,1.02,0.03,May,2,5,1,3,Returning_Visitor,False,False
1,100.0,0,1.36,65,1271.15,0.0,0.03,2.76,0.0,Dec,3,2,8,2,Returning_Visitor,False,False
3,0.0,0,1.27,70,1187.79,0.03,0.03,6.53,0.03,Mar,2,2,1,2,Returning_Visitor,False,False
2,179.88,0,0.0,48,1217.08,0.03,0.03,0.48,0.0,Nov,3,2,1,2,Returning_Visitor,False,True
0,8.18,0,0.78,96,876.83,0.01,0.02,0.4,0.4,May,2,1,3,3,Returning_Visitor,False,False
1,0.0,0,0.0,6,117.0,0.01,0.02,0.48,0.0,May,3,2,4,3,Returning_Visitor,False,False
3,31.19,0,1.11,66,673.65,0.02,0.03,21.04,0.0,Nov,2,2,1,3,Returning_Visitor,False,True
2,0.0,5,3.63,60,1292.93,0.01,0.01,31.32,0.0,May,2,2,1,2,Returning_Visitor,False,True
6,228.21,2,0.98,429,1172.88,0.0,0.02,3.46,0.03,Sep,2,2,1,2,Returning_Visitor,False,False
2,136.4,0,0.0,65,1227.65,0.01,0.01,1.27,0.0,May,3,2,3,3,Returning_Visitor,False,False
0,0.0,0,0.9,1,0.0,0.01,0.2,1.99,0.03,May,2,2,1,2,Returning_Visitor,False,False
1,40.0,0,2.93,54,3830.0,0.02,0.03,2.12,0.0,Nov,1,2,1,8,New_Visitor,False,True
0,22.51,1,104.0,9,1004.03,0.01,0.1,7.22,1.0,Mar,3,2,1,4,Returning_Visitor,True,False
1,6.4,0,0.0,59,1334.21,0.01,0.07,0.0,0.03,Nov,2,2,1,2,Returning_Visitor,False,False
3,8.2,0,0.68,52,1245.67,0.01,0.01,47.46,0.0,Nov,2,2,1,2,Returning_Visitor,False,False
3,345.0,2,30.88,72,229.5,0.01,0.02,2.0,0.0,Mar,2,2,4,2,Returning_Visitor,False,False
2,14.31,1,6.52,62,1259.6,0.01,0.02,22.87,0.03,Mar,2,2,1,10,Returning_Visitor,False,False
2,6.93,2,11.26,15,1232.13,0.01,0.02,0.68,0.03,May,2,2,1,4,Returning_Visitor,False,False
0,22.45,0,1.93,14,151.2,0.0,0.03,0.54,0.05,May,1,1,1,3,Returning_Visitor,False,False
7,440.58,0,0.0,55,1189.19,0.01,0.03,14.74,0.03,Mar,2,2,1,2,Returning_Visitor,False,False
1,29.0,0,1.02,18,1189.17,0.01,0.02,0.0,0.4,May,2,2,1,2,Returning_Visitor,False,False
3,0.0,0,0.0,65,1097.12,0.01,0.02,4.23,0.0,Mar,2,5,1,3,Returning_Visitor,False,False
0,25.34,0,1.29,86,556.07,0.05,0.09,0.94,0.03,May,2,2,1,13,Returning_Visitor,False,False
2,45.0,0,4.69,22,1364.11,0.0,0.03,6.0,0.03,Mar,2,2,1,13,Returning_Visitor,True,False
0,0.0,0,1.51,15,0.0,0.2,0.2,1.79,0.6,May,2,2,1,3,Returning_Visitor,False,False
1,14.28,0,0.0,21,1189.91,0.02,0.05,1.29,0.0,Mar,2,4,3,1,Returning_Visitor,False,False
1,3.0,2,34.0,45,1021.52,0.01,0.02,3.17,0.0,Mar,2,2,3,2,New_Visitor,False,False
3,44.75,2,51.5,42,1992.43,0.01,0.03,0.0,0.0,Nov,2,2,3,2,Returning_Visitor,False,False
0,0.0,0,0.0,64,1261.53,0.0,0.05,0.0,0.03,Dec,2,2,3,2,Returning_Visitor,False,False
2,0.0,0,0.86,54,1202.99,0.01,0.03,0.89,0.03,Nov,2,2,1,1,Returning_Visitor,False,False
14,50.45,0,3.95,64,3410.7,0.01,0.0,4.64,0.03,Nov,3,2,1,3,Returning_Visitor,False,False
2,11.5,0,1.56,19,1083.55,0.01,0.03,1.35,0.03,Nov,2,2,1,3,Returning_Visitor,False,False
8,339.49,2,28.23,63,1121.31,0.01,0.02,8.67,0.03,Nov,2,2,3,1,Returning_Visitor,False,False
2,94.49,0,1.35,63,1349.2,0.01,0.03,0.88,0.03,May,4,2,3,1,Returning_Visitor,False,False
2,13.56,0,0.0,63,1320.23,0.01,0.04,5.43,1.0,May,3,3,1,2,Returning_Visitor,True,False
3,0.0,0,24.31,78,11208.36,0.01,0.02,0.0,0.03,Nov,2,2,1,2,Returning_Visitor,False,True
1,33.46,0,0.0,61,1373.42,0.0,0.01,0.96,0.03,May,2,2,1,6,Returning_Visitor,False,False
1,21.46,0,20.16,59,1401.18,0.05,0.02,0.0,0.03,Nov,3,2,1,2,New_Visitor,False,False
0,0.0,0,5.23,24,1259.54,0.0,0.03,3.61,0.0,May,2,6,1,2,Returning_Visitor,False,False
0,28.69,1,0.0,64,1286.23,0.0,0.04,1.63,0.03,Dec,2,2,1,6,Returning_Visitor,True,False
3,193.93,2,4.29,109,528.74,0.01,0.02,0.95,0.03,Nov,1,1,3,2,Returning_Visitor,False,True
0,8.49,0,1.41,55,778.63,0.01,0.05,1.4,0.03,May,2,2,3,2,Returning_Visitor,False,False
1,19.36,0,2.03,40,718.72,0.04,0.03,0.29,0.05,May,3,2,1,2,Returning_Visitor,True,False
0,0.0,0,1.95,63,1453.9,0.01,0.02,2.2,0.03,May,2,6,7,2,Returning_Visitor,False,False
3,738.0,0,0.0,28,664.33,0.0,0.02,1.17,0.0,May,2,2,3,2,Returning_Visitor,True,False
3,27.58,0,0.96,22,1239.99,0.01,0.02,0.0,0.03,Nov,2,2,1,2,Returning_Visitor,False,False
5,24.44,0,0.0,61,1244.16,0.01,0.06,0.0,1.0,May,2,2,1,3,Returning_Visitor,True,False
3,420.07,1,1.16,23,1251.6,0.01,0.02,0.0,0.03,Nov,1,2,3,2,Returning_Visitor,False,False
1,0.0,0,1.12,8,889.29,0.0,0.04,1.19,0.4,May,2,2,1,3,Returning_Visitor,False,False
3,2.03,0,0.95,63,1468.59,0.02,0.02,0.51,0.03,Nov,2,2,1,2,Returning_Visitor,False,True
3,99.8,0,1.32,55,1264.18,0.01,0.02,0.0,0.03,Nov,2,2,3,2,Returning_Visitor,False,True
0,0.0,0,0.0,51,1258.5,0.01,0.01,2.81,0.03,Nov,3,2,1,3,Returning_Visitor,False,True
10,209.96,0,26.2,59,3355.52,0.01,0.01,1.49,0.0,Nov,3,2,6,3,Returning_Visitor,False,False
2,37.2,0,1.36,33,1193.03,0.01,0.03,0.0,0.0,Nov,2,2,7,4,Returning_Visitor,False,False
1,23.0,0,1.58,15,1214.91,0.01,0.03,0.94,0.0,Nov,1,2,8,2,Returning_Visitor,False,False
13,21.51,0,0.0,49,3700.5,0.01,0.01,3.35,0.03,May,2,2,1,4,Returning_Visitor,False,False
2,67.38,0,0.0,9,1268.07,0.0,0.02,0.0,0.0,Nov,2,2,1,3,Returning_Visitor,False,False
3,127.5,1,4.54,57,1440.93,0.01,0.03,1.19,0.03,Dec,2,2,1,2,Returning_Visitor,False,False
0,0.0,0,1.48,17,336.0,0.01,0.03,2.56,0.03,May,2,2,1,4,Returning_Visitor,False,False
1,0.0,0,1.96,1,0.0,0.2,0.14,0.2,0.0,Mar,3,2,1,1,Returning_Visitor,False,False
3,27.57,1,1.23,97,2696.11,0.0,0.02,5.77,0.03,Nov,2,2,1,13,Returning_Visitor,False,True
3,0.0,0,1.07,3,170.67,0.03,0.03,0.0,0.03,Nov,3,2,1,3,Returning_Visitor,False,False
0,69.43,0,1.48,11,315.0,0.01,0.04,0.75,0.03,Dec,3,2,1,3,New_Visitor,False,False
0,27.65,0,0.0,28,1321.84,0.02,0.03,0.0,0.03,May,2,2,1,3,Returning_Visitor,False,False
3,0.0,0,1.85,56,1531.92,0.01,0.02,0.0,0.0,Nov,3,2,1,2,Returning_Visitor,True,False
3,17.7,2,183.8,85,1813.75,0.01,0.01,1.56,0.03,Nov,2,2,3,4,Returning_Visitor,False,False
3,0.0,0,1.53,19,1194.04,0.01,0.02,0.0,0.03,Nov,3,2,1,3,Returning_Visitor,True,False
3,173.54,0,0.98,60,1272.61,0.0,0.02,1.53,0.0,Mar,3,2,1,10,Returning_Visitor,True,False
3,104.2,0,3.83,19,1310.68,0.01,0.01,0.0,0.0,Aug,2,2,1,2,Returning_Visitor,False,False
1,32.42,0,1.42,62,65.5,0.01,0.03,0.31,0.03,Nov,1,1,1,1,Returning_Visitor,False,False
1,53.3,0,0.0,59,101.27,0.0,0.02,0.0,0.0,Sep,2,2,1,3,Returning_Visitor,False,False
0,0.0,0,2.02,6,1285.52,0.03,0.03,0.47,0.03,Nov,3,2,1,2,Returning_Visitor,False,False
3,55.02,0,1.42,58,1229.17,0.01,0.02,0.0,0.03,May,2,2,1,2,Returning_Visitor,False,False
0,4.19,0,1.19,10,67.21,0.2,0.12,0.0,0.03,Nov,2,2,1,3,Returning_Visitor,False,False
1,0.0,0,1.83,58,783.57,0.01,0.01,1.71,0.0,May,2,2,1,6,Returning_Visitor,False,True
5,226.09,0,49.97,55,692.87,0.0,0.03,0.0,0.03,Oct,1,1,4,2,Returning_Visitor,False,False
2,59.51,0,0.0,61,1305.9,0.0,0.02,0.89,0.0,Mar,1,1,6,3,Returning_Visitor,False,False
0,10.44,0,1.45,19,1253.47,0.0,0.02,64.25,0.03,Dec,2,2,1,2,Returning_Visitor,True,False
3,129.0,0,0.0,74,1329.07,0.01,0.02,6.91,0.0,Nov,2,2,9,1,Returning_Visitor,False,True
3,355.08,0,2.27,16,749.23,0.01,0.01,1.84,0.0,Nov,3,2,1,1,Returning_Visitor,False,False
1,33.54,0,0.0,15,1319.94,0.0,0.02,59.73,0.0,Dec,2,2,1,3,Returning_Visitor,False,True
10,396.96,1,168.83,280,1096.2,0.01,0.02,7.98,0.0,Nov,2,2,1,3,Returning_Visitor,False,False
3,52.91,0,1.87,12,1076.5,0.01,0.01,2.87,0.0,Nov,2,2,1,2,New_Visitor,False,False
3,13.75,0,1.51,65,145.0,0.11,0.08,0.0,0.0,June,2,2,1,3,Returning_Visitor,False,False
3,29.65,2,199.4,53,1179.88,0.01,0.03,1.44,0.0,Mar,2,2,3,13,Returning_Visitor,True,False
2,58.5,2,125.0,41,1206.19,0.0,0.0,0.0,0.03,Mar,2,2,1,2,New_Visitor,True,False
4,159.0,2,42.84,58,1219.69,0.01,0.02,0.55,0.0,Dec,2,2,1,2,Returning_Visitor,False,True
0,0.0,0,1.18,68,1384.5,0.01,0.02,1.78,0.03,Mar,2,2,3,2,Returning_Visitor,False,False
3,216.25,2,107.0,39,1391.62,0.02,0.02,2.13,0.0,Dec,2,2,1,2,Returning_Visitor,True,False
3,38.34,0,0.0,7,1299.12,0.0,0.0,33.17,0.03,Mar,2,1,6,2,Returning_Visitor,True,True
2,28.83,0,1.1,13,313.74,0.01,0.02,5.31,0.03,Mar,2,2,1,2,New_Visitor,False,False
0,0.0,0,0.0,5,38.0,0.01,0.02,1.89,0.03,May,2,5,1,3,Returning_Visitor,False,False
5,59.0,0,0.0,3,44.67,0.01,0.03,0.0,0.03,Nov,2,2,1,3,Returning_Visitor,True,False
0,0.0,0,0.0,34,135.0,0.14,0.1,0.24,0.0,Nov,1,1,1,2,Returning_Visitor,False,False
0,0.0,0,0.0,4,81.0,0.0,0.03,0.0,0.0,Mar,2,2,1,3,Returning_Visitor,False,False
0,20.87,0,0.28,8,1368.13,0.01,0.02,0.0,0.03,Mar,2,2,3,3,Returning_Visitor,False,False
1,156.14,0,2.19,18,1269.02,0.0,0.04,0.0,0.03,Mar,2,2,4,2,Returning_Visitor,False,False
3,26.44,0,0.0,4,70.9,0.04,0.03,2.73,0.0,Nov,3,2,1,3,Returning_Visitor,False,False
2,0.0,0,0.99,19,139.5,0.01,0.01,0.0,0.03,May,2,2,1,2,Returning_Visitor,False,False
2,2.78,0,1.75,57,1448.93,0.02,0.02,1.03,0.0,Dec,3,2,1,13,Returning_Visitor,False,False
6,162.2,2,112.0,68,2822.17,0.01,0.02,0.95,0.0,Dec,2,2,1,2,Returning_Visitor,False,False
3,36.5,0,21.16,54,1213.63,0.0,0.02,6.04,0.03,Dec,2,2,1,2,Returning_Visitor,False,False
7,204.39,0,0.87,61,776.41,0.02,0.02,0.0,0.0,Mar,3,2,1,3,Returning_Visitor,False,False
3,37.0,2,6.39,56,1113.0,0.01,0.03,0.0,0.03,Mar,3,2,1,2,Returning_Visitor,True,False
1,0.0,0,0.71,7,459.67,0.02,0.04,1.31,0.03,Nov,2,2,1,3,Returning_Visitor,False,False
3,15.34,0,0.0,60,2900.64,0.01,0.01,1.74,0.0,Mar,2,2,8,4,Returning_Visitor,False,False
4,104.51,2,6.34,81,2197.19,0.01,0.01,0.0,0.03,Nov,1,2,3,2,Returning_Visitor,False,False
5,141.0,0,0.0,51,1216.3,0.0,0.02,56.16,0.0,Mar,2,4,3,8,Returning_Visitor,False,True
3,17.63,0,1.3,4,55.9,0.0,0.02,0.0,0.03,Nov,2,2,8,2,Returning_Visitor,False,False
4,89.5,0,0.82,3,30.0,0.0,0.03,0.0,0.03,Nov,1,1,1,3,New_Visitor,True,False
0,7.71,1,861.0,37,1181.93,0.01,0.03,0.0,0.0,Nov,2,2,1,3,Returning_Visitor,False,False
4,348.2,2,44.5,20,1290.27,0.01,0.02,0.0,0.0,Mar,1,2,1,3,Returning_Visitor,False,False
3,64.92,0,0.0,59,1210.32,0.02,0.03,12.7,0.03,May,3,2,1,2,Returning_Visitor,False,False
0,0.0,0,0.91,27,1224.86,0.0,0.02,3.52,0.0,Mar,2,2,3,3,Returning_Visitor,False,False
3,72.14,1,226.0,54,1076.82,0.0,0.01,0.0,0.03,Mar,3,3,9,2,Returning_Visitor,True,False
1,20.47,0,0.88,77,239.51,0.1,0.15,0.0,0.0,Mar,2,2,6,4,Returning_Visitor,False,False
10,31.74,2,1.11,45,789.37,0.0,0.03,0.0,0.0,Nov,2,5,7,2,Returning_Visitor,False,False
3,84.87,0,7.74,65,1269.46,0.01,0.03,10.6,0.03,Nov,2,2,3,1,Returning_Visitor,False,False
2,26.03,0,1.64,61,1092.89,0.01,0.02,0.14,0.0,Nov,3,2,1,1,Returning_Visitor,False,False
4,40.5,1,57.1,70,1268.94,0.01,0.03,0.0,0.0,Nov,2,2,1,2,Returning_Visitor,False,False
1,20.21,0,1.3,47,232.5,0.01,0.05,0.56,0.03,Nov,4,2,1,2,Returning_Visitor,False,False
3,88.23,0,0.06,59,1208.33,0.0,0.02,15.64,0.0,Mar,2,2,6,1,Returning_Visitor,False,False
3,20.86,0,2.59,58,1217.61,0.01,0.01,1.03,0.03,Mar,2,2,1,3,Returning_Visitor,False,False
0,0.0,0,0.0,24,1198.39,0.04,0.06,0.0,0.03,Nov,2,2,1,2,Returning_Visitor,False,False
2,31.91,0,0.73,9,1198.84,0.02,0.02,1.38,0.03,Mar,2,2,1,2,Returning_Visitor,True,False
9,69.1,0,0.0,55,521.16,0.02,0.01,12.43,0.03,Sep,2,2,1,2,New_Visitor,False,False
2,11.85,0,0.98,54,1216.16,0.02,0.02,0.0,0.0,Nov,2,2,3,13,Returning_Visitor,False,False
3,125.63,1,1.84,53,13379.37,0.01,0.02,16.94,0.03,Mar,2,2,4,2,Returning_Visitor,False,False
0,17.48,0,0.0,74,0.0,0.05,0.2,0.0,0.03,Nov,2,2,1,2,Returning_Visitor,False,False
2,50.18,0,1.5,32,230.83,0.0,0.02,0.0,0.0,Mar,2,2,1,3,Returning_Visitor,False,False
2,0.0,0,1.64,47,1237.22,0.0,0.04,6.09,0.03,May,2,2,1,1,Returning_Visitor,False,False
0,9.76,0,1.56,82,1107.18,0.15,0.1,0.0,0.03,Mar,2,2,1,3,Returning_Visitor,False,False
0,10.72,0,1.46,32,2180.93,0.01,0.03,0.24,0.0,Mar,4,2,3,1,Returning_Visitor,False,False
3,15.2,0,43.4,13,94.2,0.02,0.03,3.75,0.03,Nov,2,2,3,1,Returning_Visitor,False,False
0,0.0,0,0.0,2,846.07,0.11,0.02,0.5,0.0,Mar,2,2,1,3,Returning_Visitor,False,False
0,23.42,0,1.27,5,179.74,0.05,0.1,0.89,0.0,Nov,3,2,3,3,Returning_Visitor,False,False
2,33.17,0,1.57,20,1131.87,0.01,0.02,14.13,0.0,Nov,2,2,1,2,Returning_Visitor,False,True
2,31.37,0,1.0,66,1340.63,0.01,0.04,0.48,0.03,Oct,4,1,1,4,New_Visitor,False,False
2,118.0,0,0.0,23,1178.91,0.01,0.01,9.99,0.03,Mar,3,2,1,2,Returning_Visitor,False,False
1,3.0,0,1.31,64,1502.71,0.01,0.02,0.0,0.0,May,2,2,1,3,New_Visitor,False,False
3,113.25,0,0.98,91,1091.89,0.01,0.03,3.95,0.03,Nov,2,2,8,2,Returning_Visitor,False,False
1,11.51,0,0.0,87,939.5,0.09,0.04,1.11,0.0,Nov,2,2,1,3,Returning_Visitor,False,False
2,20.73,0,0.6,26,2396.73,0.01,0.02,3.86,0.0,Sep,2,2,3,3,Returning_Visitor,False,False
2,80.0,0,0.0,32,1190.65,0.0,0.02,51.12,0.0,Mar,2,2,1,3,Returning_Visitor,False,False
0,0.0,0,0.0,1,1338.64,0.2,0.14,0.24,0.0,Dec,2,2,1,3,Returning_Visitor,False,False
2,75.0,0,1.64,14,1253.0,0.01,0.01,33.37,0.0,Mar,1,2,1,2,New_Visitor,False,True
2,31.5,0,1.43,12,1182.8,0.0,0.02,1.27,0.0,Nov,2,2,7,2,Returning_Visitor,False,False
1,0.0,0,0.73,55,1092.05,0.0,0.02,0.0,0.0,Mar,2,2,1,3,Returning_Visitor,False,False
2,43.0,0,0.17,11,1187.48,0.0,0.02,2.57,0.0,Mar,2,4,1,3,Returning_Visitor,False,False
3,5.0,2,11.18,81,1421.67,0.0,0.01,0.78,0.03,May,2,2,1,4,Returning_Visitor,False,False
10,281.86,5,1.25,62,874.31,0.01,0.01,1.37,0.0,Nov,2,2,1,3,Returning_Visitor,False,True
0,0.0,0,0.76,15,1197.08,0.01,0.03,2.59,0.0,Mar,2,2,1,3,Returning_Visitor,False,False
3,22.11,0,1.04,24,1256.31,0.0,0.02,5.82,0.03,May,2,2,1,4,Returning_Visitor,False,True
3,3.62,0,1.56,68,248.05,0.0,0.02,1.28,0.0,May,2,2,1,4,Returning_Visitor,False,False
1,0.0,0,0.0,65,1128.62,0.01,0.03,0.5,0.03,Mar,2,2,1,3,Returning_Visitor,False,False
1,0.0,0,2.25,61,2552.52,0.01,0.02,0.9,0.03,Nov,2,2,1,2,Returning_Visitor,False,False
0,0.0,0,0.0,65,70.89,0.2,0.11,0.76,0.03,Nov,2,2,1,3,Returning_Visitor,False,False
0,24.13,0,1.5,3,893.31,0.01,0.02,0.0,0.03,Mar,2,2,9,2,Returning_Visitor,False,False
0,27.93,0,1.71,2,0.0,0.0,0.13,0.01,0.0,Nov,1,1,1,1,Returning_Visitor,False,False
0,0.0,0,1.43,8,1287.77,0.08,0.08,0.0,0.03,Dec,3,2,1,3,Returning_Visitor,False,False
3,24.6,0,0.88,26,1177.87,0.01,0.03,12.13,0.03,Mar,2,2,3,3,Returning_Visitor,False,True
2,81.2,0,1.14,23,1272.32,0.0,0.04,2.31,0.03,Nov,1,1,3,2,New_Visitor,False,False
6,236.33,0,0.0,33,677.95,0.0,0.02,0.48,0.03,May,3,2,1,4,Returning_Visitor,False,False
2,21.92,0,1.17,15,303.1,0.03,0.06,0.73,0.03,Nov,1,2,1,2,Returning_Visitor,False,False
5,24.66,0,1.6,113,1203.34,0.01,0.02,0.0,0.03,Nov,2,2,1,2,Returning_Visitor,False,False
3,38.29,0,3.27,59,415.5,0.0,0.02,0.0,0.0,Nov,2,1,3,2,Returning_Visitor,True,False
3,354.44,1,12.0,28,1106.46,0.01,0.02,6.44,0.03,Nov,2,4,1,1,Returning_Visitor,False,False
6,320.43,0,17.73,56,1055.48,0.01,0.02,8.2,0.0,Nov,2,2,1,8,Returning_Visitor,False,False
2,15.52,0,0.83,66,1309.52,0.01,0.03,0.0,0.03,May,3,2,6,2,Returning_Visitor,False,False
2,19.75,0,0.97,28,354.0,0.0,0.02,0.0,0.0,May,2,2,1,2,New_Visitor,False,False
0,0.0,0,0.0,2,3.0,0.01,0.14,0.0,0.0,Dec,2,2,1,2,Returning_Visitor,False,False
1,1.62,0,2.11,27,1193.56,0.0,0.03,0.0,0.03,Dec,2,4,1,2,Returning_Visitor,False,False
0,0.0,0,1.44,61,361.0,0.0,0.02,5.52,0.03,Nov,2,2,3,3,Returning_Visitor,False,False
4,182.7,0,0.57,47,632.25,0.01,0.01,0.25,0.0,Oct,2,2,1,3,Returning_Visitor,False,False
2,70.36,0,1.39,66,1155.0,0.01,0.02,45.46,0.03,Nov,2,4,9,2,New_Visitor,False,True
4,48.37,0,221.0,67,1564.44,0.01,0.02,12.9,0.0,Mar,2,2,1,3,Returning_Visitor,False,False
1,11.41,0,0.0,13,135.88,0.03,0.08,1.35,0.03,Nov,1,2,1,1,Returning_Visitor,False,False
0,60.81,0,118.0,14,1043.91,0.01,0.06,0.93,0.0,Mar,3,2,1,2,Returning_Visitor,True,False
0,5.72,0,0.0,14,1178.78,0.01,0.02,2.38,0.03,Mar,1,1,1,2,Returning_Visitor,True,False
3,487.0,0,1.11,28,1264.52,0.01,0.01,0.0,0.0,Nov,1,1,3,2,Returning_Visitor,False,False
3,33.21,0,12.0,39,1101.33,0.01,0.04,15.0,0.0,May,2,2,3,3,Returning_Visitor,False,False
5,18.49,2,1.25,75,1056.31,0.02,0.04,5.5,0.03,Nov,2,2,3,2,Returning_Visitor,False,True
3,17.47,0,0.0,70,1382.38,0.02,0.02,15.79,0.0,Nov,2,2,1,10,Returning_Visitor,False,False
1,24.06,0,14.52,6,319.57,0.01,0.06,2.01,0.0,Mar,8,13,9,3,Other,False,False
1,31.46,0,1.34,15,1307.41,0.0,0.02,1.05,0.0,Mar,2,5,1,3,Returning_Visitor,False,False
0,21.72,0,0.68,62,6867.19,0.01,0.02,0.16,0.03,Nov,2,2,1,2,Returning_Visitor,False,False
2,0.0,0,0.0,1,1200.75,0.02,0.03,2.15,0.03,Mar,2,1,1,3,New_Visitor,False,True
3,21.46,0,1.54,2,22.0,0.01,0.02,0.0,0.03,May,2,2,1,4,Returning_Visitor,False,False
0,20.48,0,1.83,20,1208.65,0.0,0.03,18.25,0.03,Dec,2,2,1,2,Returning_Visitor,False,False
3,29.62,0,1.18,58,237.74,0.01,0.02,0.65,0.03,Mar,1,1,6,2,Returning_Visitor,False,False
1,11.89,2,52.17,60,4943.99,0.01,0.03,12.02,0.0,Aug,3,2,1,2,Returning_Visitor,False,False
1,21.79,0,0.0,75,1270.3,0.16,0.04,0.61,0.03,Mar,2,2,1,3,Returning_Visitor,False,False
1,45.94,0,0.0,46,1247.41,0.0,0.01,0.0,0.03,Nov,4,1,9,3,Returning_Visitor,False,False
3,74.9,0,1.58,69,73.5,0.05,0.03,4.74,0.03,Mar,3,2,1,2,Returning_Visitor,False,False
4,52.53,0,0.26,61,1226.51,0.0,0.04,0.0,0.0,Nov,2,2,3,2,New_Visitor,True,True
0,4.51,0,0.88,55,1478.07,0.01,0.03,0.2,0.03,Nov,2,2,1,2,Returning_Visitor,False,False
1,63.12,3,39.68,36,4477.8,0.01,0.0,0.0,0.03,Mar,3,2,4,2,Returning_Visitor,False,False
3,199.0,0,11.21,54,1171.53,0.01,0.02,3.74,0.0,Nov,2,2,9,2,New_Visitor,False,True
0,0.0,0,1.21,60,151.42,0.02,0.02,0.85,0.03,Dec,8,13,1,20,Returning_Visitor,False,False
0,0.0,0,1.93,9,415.83,0.01,0.01,1.35,0.03,Mar,3,2,9,3,Returning_Visitor,False,False
6,243.75,0,1.29,8,171.25,0.01,0.03,0.0,0.0,Dec,3,2,1,3,Returning_Visitor,False,False
7,49.73,0,1.76,37,1203.16,0.0,0.01,21.63,0.03,Oct,2,2,1,2,New_Visitor,False,False
2,15.0,0,2.42,54,1412.27,0.01,0.02,0.0,0.03,Dec,2,2,1,2,Returning_Visitor,False,False
3,19.5,0,0.0,19,467.95,0.02,0.04,0.0,0.03,Nov,2,2,1,3,Returning_Visitor,False,False
2,38.83,0,0.0,6,976.66,0.01,0.02,5.2,0.0,Mar,2,1,4,2,Returning_Visitor,False,False
10,24.75,0,4.89,75,1203.72,0.02,0.02,0.0,0.03,Nov,2,2,4,1,Returning_Visitor,False,False
0,25.94,3,44.0,52,1274.98,0.05,0.02,3.44,0.03,Sep,3,2,1,2,Returning_Visitor,False,False
1,16.18,0,0.0,17,1284.72,0.01,0.01,0.0,0.03,Dec,2,2,1,1,Returning_Visitor,False,True
3,13.1,0,1.52,111,1157.6,0.0,0.02,0.0,0.03,Nov,2,2,1,2,Returning_Visitor,False,False
0,0.0,0,109.0,57,1294.56,0.0,0.02,1.8,0.03,May,4,2,1,2,Returning_Visitor,True,True
0,0.0,0,0.96,24,607.97,0.0,0.0,13.25,0.0,Nov,2,1,1,2,New_Visitor,False,True
3,30.81,0,1.51,58,1283.16,0.0,0.01,1.42,0.03,May,2,2,1,2,Returning_Visitor,True,False
0,0.0,0,0.0,15,1511.67,0.05,0.04,0.64,0.0,Mar,2,2,1,1,Returning_Visitor,False,False
2,0.0,0,0.0,10,1176.79,0.01,0.01,17.54,0.03,Mar,2,4,1,8,Returning_Visitor,True,True
1,15.25,0,1.63,12,1192.87,0.0,0.02,2.06,0.0,Nov,2,2,1,3,Returning_Visitor,False,False
3,28.23,2,38.2,63,873.0,0.01,0.02,0.0,0.0,Sep,2,2,1,4,Returning_Visitor,False,False
7,405.26,2,40.91,66,661.63,0.01,0.01,1.83,0.03,May,1,1,4,3,Returning_Visitor,False,False
6,220.0,1,2.81,55,1198.33,0.01,0.02,21.86,0.03,Nov,2,2,3,2,Returning_Visitor,False,False
1,22.21,0,0.58,52,109.19,0.04,0.06,2.0,0.03,Dec,1,1,1,3,Returning_Visitor,False,False
9,191.6,0,1.51,42,1249.75,0.01,0.01,0.52,0.03,May,2,2,1,3,Returning_Visitor,False,False
3,35.21,0,0.0,7,244.25,0.03,0.03,3.07,0.03,Mar,2,2,1,3,Returning_Visitor,False,False
12,18.96,9,1.26,70,1057.26,0.01,0.02,0.75,0.03,Nov,2,2,1,3,Returning_Visitor,False,False
3,0.0,0,1.18,76,1335.71,0.05,0.17,0.0,0.03,May,1,2,3,6,Returning_Visitor,False,False
3,31.69,1,170.0,138,1330.44,0.0,0.02,18.84,0.0,Nov,2,2,1,3,Returning_Visitor,False,True
0,15.63,0,1.22,23,68.83,0.08,0.04,1.15,0.03,May,2,2,1,3,Returning_Visitor,False,False
0,2.85,0,0.0,27,1209.31,0.01,0.01,0.68,0.03,May,2,2,1,1,Returning_Visitor,False,False
3,17.2,0,1.01,70,1639.5,0.01,0.07,0.93,0.8,May,2,2,1,13,Returning_Visitor,False,False
1,0.0,0,0.0,10,97.04,0.2,0.14,0.44,0.03,Nov,2,2,1,1,Returning_Visitor,False,False
3,41.34,0,0.0,58,941.23,0.01,0.01,1.76,0.0,Nov,2,2,1,4,Returning_Visitor,False,False
3,0.0,0,1.32,83,72.5,0.01,0.05,0.0,0.0,Mar,2,2,8,10,Returning_Visitor,False,False
5,60.69,1,37.69,56,1157.18,0.01,0.02,7.91,0.03,Nov,1,1,6,3,Returning_Visitor,False,False
3,47.0,0,0.77,69,2426.01,0.01,0.02,0.0,0.0,Nov,3,2,1,3,Returning_Visitor,False,False
3,279.21,2,24.97,27,1311.6,0.01,0.02,4.95,0.03,Mar,2,2,9,2,Returning_Visitor,False,False
2,52.29,1,113.0,14,536.04,0.0,0.0,1.71,0.03,Nov,2,2,1,2,Returning_Visitor,False,False
2,21.0,0,2.37,58,326.58,0.02,0.03,0.6,0.0,Mar,2,2,4,3,Returning_Visitor,False,False
0,2.03,0,0.18,34,1241.83,0.0,0.01,0.0,0.03,Nov,2,2,1,2,Returning_Visitor,False,False
3,30.4,0,0.0,59,1246.4,0.01,0.02,2.75,0.03,Nov,2,1,4,10,Returning_Visitor,False,False
0,0.0,0,1.34,5,70.08,0.04,0.08,0.79,0.03,Mar,2,2,1,3,Returning_Visitor,False,False
0,0.0,0,0.0,8,211.33,0.01,0.08,0.0,0.0,May,2,2,3,2,Returning_Visitor,False,False
3,16.72,0,0.0,12,429.0,0.0,0.02,0.0,0.0,Nov,2,1,3,2,Returning_Visitor,False,False
1,9.06,0,0.0,54,867.53,0.0,0.03,0.0,0.03,Mar,2,1,3,3,Returning_Visitor,False,False
8,53.01,0,1.22,36,2670.87,0.0,0.02,20.24,0.0,May,2,2,7,2,Returning_Visitor,False,False
6,346.85,0,0.0,56,1315.94,0.01,0.02,0.0,0.03,Mar,3,2,1,2,Returning_Visitor,False,False
4,159.0,2,55.5,71,1135.46,0.01,0.02,0.0,0.03,Mar,1,2,4,3,Returning_Visitor,False,False
8,311.63,0,9.0,72,1390.87,0.0,0.01,1.91,0.03,May,2,2,1,4,Returning_Visitor,False,True
1,24.24,0,0.8,16,1134.94,0.01,0.03,0.5,0.03,Mar,2,2,1,3,Returning_Visitor,False,False
3,27.58,2,1.3,63,1206.09,0.01,0.02,6.89,0.03,Nov,3,2,1,2,Returning_Visitor,False,True
3,10.97,0,0.0,12,1378.68,0.07,0.11,0.28,0.03,Nov,2,2,1,1,Returning_Visitor,False,False
2,6.24,1,39.0,58,1483.26,0.01,0.02,2.6,0.0,Mar,2,2,4,6,New_Visitor,False,True
3,63.0,0,1.41,31,770.58,0.01,0.02,0.0,0.0,Dec,2,2,1,2,Returning_Visitor,False,False
3,0.0,0,1.34,50,1334.92,0.01,0.02,1.17,0.03,Mar,1,1,1,8,Returning_Visitor,False,False
3,0.0,0,1.75,35,206.6,0.01,0.02,0.0,0.0,Mar,2,2,1,4,New_Visitor,False,False
5,150.2,0,20.0,78,392.6,0.03,0.02,1.67,0.03,Mar,2,2,7,3,Returning_Visitor,False,False
2,52.34,3,74.35,64,1143.49,0.0,0.01,0.0,0.03,Mar,1,1,1,2,Returning_Visitor,False,False
0,0.0,0,1.12,44,123.0,0.01,0.03,3.15,0.0,Nov,3,2,1,11,Returning_Visitor,True,False
0,23.63,0,1.59,75,2532.96,0.0,0.03,2.11,0.03,Aug,1,6,1,1,Returning_Visitor,False,False
1,14.64,0,1.25,38,1116.83,0.0,0.01,7.04,0.03,Nov,3,2,3,2,New_Visitor,True,False
0,2.76,0,1.91,55,1256.19,0.01,0.02,2.02,0.0,Nov,2,2,1,2,Returning_Visitor,False,False
2,36.12,0,2.08,49,1283.87,0.01,0.04,0.0,0.0,May,1,2,7,1,Returning_Visitor,False,False
3,44.72,0,0.0,40,1281.71,0.0,0.02,2.71,0.0,Nov,1,1,3,2,Returning_Visitor,False,False
3,0.0,0,0.0,13,546.96,0.0,0.03,0.0,0.0,Mar,2,2,1,3,Returning_Visitor,False,False
0,0.0,1,584.0,66,1228.1,0.02,0.03,0.0,0.03,Nov,2,2,1,2,Returning_Visitor,False,False
17,19.58,24,2050.43,71,43171.23,0.02,0.02,1.98,0.03,Nov,2,2,1,14,Returning_Visitor,True,False
8,280.16,0,0.0,54,1063.95,0.01,0.02,58.96,0.03,Nov,2,2,1,2,Returning_Visitor,False,False
0,21.66,2,6.59,19,687.5,0.04,0.03,0.0,0.0,Mar,3,2,1,3,Returning_Visitor,True,False
2,22.9,0,0.0,4,446.61,0.15,0.14,1.69,0.03,May,2,2,1,13,Returning_Visitor,False,False
3,28.39,0,1.12,2,884.0,0.01,0.15,0.0,0.0,Nov,2,2,2,2,Returning_Visitor,False,False
0,0.0,0,0.0,65,1211.48,0.0,0.05,0.66,0.0,May,2,2,1,2,Returning_Visitor,False,False
3,51.32,0,60.3,93,2157.32,0.01,0.02,1.95,0.03,Sep,2,2,3,2,Returning_Visitor,False,False
0,0.0,0,0.0,30,484.67,0.01,0.02,1.7,0.0,May,2,4,7,1,Returning_Visitor,False,False
0,0.0,0,1.15,56,2612.0,0.01,0.02,0.0,0.0,Dec,8,1,1,3,Returning_Visitor,False,False
2,47.5,0,0.46,30,735.58,0.01,0.03,23.51,0.03,Nov,2,2,1,1,Returning_Visitor,False,False
0,20.96,0,0.0,62,279.78,0.02,0.1,0.45,0.03,May,3,2,1,3,Returning_Visitor,False,False
0,0.0,0,4.08,3,970.09,0.05,0.11,0.0,0.03,May,2,2,1,3,Returning_Visitor,False,False
1,24.29,0,0.0,14,639.0,0.0,0.02,1.31,0.03,Mar,2,2,9,2,Returning_Visitor,False,False
3,41.76,0,1.86,31,576.08,0.0,0.02,26.76,0.03,Nov,2,2,1,2,Returning_Visitor,False,True
0,1.65,0,0.0,14,1270.92,0.0,0.01,6.75,0.03,May,2,2,1,3,Returning_Visitor,False,False
1,5.0,0,3.31,93,1229.89,0.01,0.02,0.74,0.0,Nov,1,2,1,3,Returning_Visitor,True,False
0,7.18,0,0.27,12,459.0,0.01,0.02,0.0,0.0,Mar,2,2,3,3,Returning_Visitor,False,False
3,64.5,0,0.0,57,1226.97,0.0,0.01,5.15,0.0,Nov,2,2,1,2,Returning_Visitor,False,False
0,0.0,0,0.0,29,0.0,0.2,0.2,0.0,0.03,Mar,1,1,2,1,Returning_Visitor,False,False
2,55.96,0,1.63,12,375.0,0.0,0.02,27.95,0.03,Nov,2,2,3,2,Returning_Visitor,False,True
3,83.84,0,1.2,33,1346.8,0.0,0.01,55.94,0.03,Mar,2,2,4,2,Returning_Visitor,False,True
0,28.94,0,1.22,5,158.6,0.01,0.02,0.0,0.0,Jul,1,1,3,4,Returning_Visitor,False,False
9,181.82,0,1.68,66,126.92,0.01,0.02,3.32,0.03,Sep,1,2,7,2,Returning_Visitor,False,False
1,53.82,0,0.0,50,109.0,0.04,0.1,1.85,0.03,Mar,2,2,1,3,Returning_Visitor,False,False
4,54.22,0,0.0,70,1247.2,0.0,0.01,0.0,0.03,Nov,2,2,1,2,Returning_Visitor,False,False
1,14.92,0,0.0,49,1364.0,0.01,0.04,0.19,0.0,Nov,3,2,1,2,Returning_Visitor,False,False
2,40.46,0,0.0,80,350.24,0.08,0.08,0.0,0.03,Nov,3,2,1,6,Returning_Visitor,False,False
0,0.0,0,2.46,41,90.31,0.0,0.02,2.67,0.0,Dec,2,10,1,2,Returning_Visitor,False,False
3,185.0,0,1.63,14,186.17,0.02,0.04,0.0,0.03,Mar,3,2,3,3,Returning_Visitor,False,False
1,1.6,0,0.95,35,499.4,0.01,0.01,1.06,0.0,Mar,2,2,1,1,Returning_Visitor,True,False
10,252.81,4,73.21,65,2871.82,0.01,0.03,0.77,0.03,Nov,2,2,1,10,Returning_Visitor,False,True
3,53.71,0,0.0,63,1126.67,0.01,0.01,28.33,0.03,May,2,2,1,2,Returning_Visitor,False,False
2,0.0,0,1.69,13,208.83,0.01,0.02,0.38,0.4,May,2,2,1,2,Returning_Visitor,False,False
3,26.53,0,0.0,60,622.25,0.01,0.01,1.44,0.03,Nov,2,2,1,4,Returning_Visitor,False,False
0,0.0,1,2.42,1,0.0,0.19,0.15,7.99,0.0,Mar,8,2,9,20,Returning_Visitor,True,False
3,82.95,0,1.54,37,107.0,0.01,0.05,0.0,0.03,Nov,2,1,1,2,Returning_Visitor,False,False
1,1.69,0,0.0,60,833.23,0.0,0.02,2.67,0.0,Mar,2,2,3,2,Returning_Visitor,True,False
3,26.13,0,1.35,54,1737.02,0.01,0.03,1.44,0.0,June,2,2,1,3,Returning_Visitor,False,False
0,13.06,0,1.8,1,69.54,0.01,0.12,0.0,0.03,Nov,1,1,1,1,Other,False,False
3,228.75,0,4.1,49,1122.82,0.0,0.01,2.56,0.03,Nov,2,2,7,3,Returning_Visitor,False,True
7,54.55,0,0.0,71,1087.7,0.01,0.0,1.22,0.03,Oct,2,2,1,5,Returning_Visitor,False,False
1,28.85,0,0.0,26,1130.92,0.01,0.01,1.13,0.03,Nov,4,2,1,1,Returning_Visitor,False,True
0,9.54,0,1.29,22,68.32,0.19,0.2,0.23,0.03,Mar,2,2,3,2,Returning_Visitor,False,False
0,17.45,0,0.0,2,3.0,0.01,0.14,0.0,0.0,May,2,2,4,13,Returning_Visitor,False,False
0,0.0,0,0.96,4,325.41,0.01,0.03,1.51,0.0,May,2,2,1,3,Returning_Visitor,False,False
3,64.82,2,9.0,52,2277.56,0.0,0.03,2.81,0.0,Dec,2,2,1,2,Returning_Visitor,True,False
4,98.74,0,0.0,62,1249.91,0.0,0.02,0.0,0.03,Mar,2,2,1,2,New_Visitor,False,False
1,46.83,0,0.71,90,823.44,0.01,0.04,0.41,0.03,Mar,2,2,1,3,Returning_Visitor,False,False
3,0.0,0,1.17,55,1045.25,0.01,0.03,4.76,0.03,Aug,2,2,1,3,Returning_Visitor,False,False
1,0.0,0,0.83,60,1668.95,0.0,0.02,5.41,0.0,Nov,2,2,1,2,Returning_Visitor,False,True
1,24.0,0,0.0,16,819.33,0.0,0.02,7.4,0.03,May,2,2,7,2,New_Visitor,False,True
0,6.34,0,2.14,47,2059.7,0.01,0.03,0.0,0.0,Mar,2,2,3,2,Returning_Visitor,False,False
3,100.1,0,1.07,53,1160.34,0.01,0.03,1.03,0.03,May,2,2,1,1,Returning_Visitor,False,False
2,0.0,0,0.0,5,1196.68,0.01,0.03,0.0,0.0,Nov,2,2,1,6,Returning_Visitor,False,False
0,0.0,0,0.0,29,964.01,0.01,0.02,0.31,0.0,Nov,1,1,1,2,Returning_Visitor,False,False
1,22.43,0,0.79,62,1382.77,0.01,0.01,1.98,0.03,Nov,3,2,1,10,Returning_Visitor,False,False
3,191.36,3,94.0,58,1282.38,0.0,0.02,6.96,0.03,Nov,3,2,1,2,Returning_Visitor,False,False
2,122.73,0,2.2,35,1220.2,0.01,0.02,0.0,0.03,Mar,2,2,1,2,Returning_Visitor,False,False
0,0.0,0,1.76,15,984.0,0.01,0.02,0.0,0.03,Mar,2,5,3,6,Returning_Visitor,True,False
0,7.18,0,0.0,24,0.0,0.2,0.2,0.0,0.03,Nov,3,2,1,2,Returning_Visitor,False,False
1,21.46,0,0.0,2,63.43,0.2,0.04,0.46,0.0,Nov,3,2,1,2,Returning_Visitor,True,False
3,23.18,2,20.2,11,473.83,0.01,0.03,2.21,0.03,Mar,3,2,8,3,Returning_Visitor,False,False
0,0.0,0,0.7,17,436.0,0.01,0.02,0.0,0.03,Nov,2,2,1,2,Returning_Visitor,False,False
6,277.75,0,0.0,51,1318.16,0.01,0.01,1.92,0.03,Nov,3,2,1,3,Returning_Visitor,False,False
1,5.75,0,0.0,54,723.0,0.01,0.03,0.42,0.03,Mar,3,2,1,3,Returning_Visitor,False,False
3,187.17,2,72.0,55,901.37,0.01,0.01,1.21,0.03,May,3,2,3,2,New_Visitor,False,True
6,19.21,6,286.71,47,1228.66,0.0,0.01,45.58,0.03,Mar,2,2,1,3,New_Visitor,True,True
8,36.25,0,2.07,65,2008.9,0.0,0.02,17.43,0.03,Nov,2,2,1,3,Returning_Visitor,False,False
0,9.24,0,1.09,55,1238.73,0.01,0.01,0.0,0.03,Nov,3,2,1,2,Returning_Visitor,False,False
2,223.0,1,24.0,56,1149.38,0.01,0.02,0.0,0.0,Mar,2,2,1,2,New_Visitor,True,False
3,23.32,0,0.12,32,1236.67,0.01,0.0,0.0,0.03,Oct,2,2,1,2,Returning_Visitor,False,False
3,34.2,0,0.0,59,63.4,0.0,0.01,0.0,0.03,Aug,4,2,1,2,Returning_Visitor,False,False
3,357.74,3,9.0,67,1208.54,0.01,0.02,23.47,0.0,Mar,2,2,7,2,Returning_Visitor,False,False
4,51.03,0,0.0,17,478.83,0.0,0.01,1.34,0.0,Nov,1,2,1,2,Returning_Visitor,False,False
0,0.0,0,0.51,14,1309.53,0.01,0.03,0.0,0.03,Mar,2,2,1,3,Returning_Visitor,False,False
3,172.0,0,1.4,14,787.0,0.05,0.05,0.68,0.03,Nov,2,2,1,6,Returning_Visitor,False,False
2,99.94,0,2.8,66,382.83,0.0,0.03,0.0,0.03,Nov,2,2,8,2,Returning_Visitor,False,False
0,18.26,0,45.68,45,1290.68,0.01,0.2,0.0,0.0,May,1,1,2,2,Returning_Visitor,False,False
0,0.0,0,0.0,61,72.67,0.04,0.08,3.38,0.4,Mar,2,2,3,2,Returning_Visitor,False,False
0,27.81,0,0.0,64,1197.45,0.01,0.01,4.48,0.0,Mar,3,2,1,4,Returning_Visitor,False,False
5,29.37,0,1.05,36,3473.73,0.01,0.03,0.0,0.03,May,2,2,1,3,Returning_Visitor,False,False
0,36.23,0,0.0,56,3332.21,0.01,0.02,0.0,0.6,May,2,2,3,6,Returning_Visitor,False,False
2,7.44,0,1.02,21,1180.13,0.07,0.03,1.3,0.0,Nov,3,2,1,3,Returning_Visitor,False,True
2,0.0,0,0.0,3,1270.56,0.13,0.04,0.0,0.03,Nov,2,2,1,6,Returning_Visitor,False,False
2,10.79,0,1.14,18,1240.67,0.01,0.02,0.0,0.0,Mar,2,2,1,3,Returning_Visitor,False,False
2,119.0,0,0.0,62,1273.88,0.0,0.0,12.63,0.0,May,2,2,1,3,Returning_Visitor,False,True
2,21.0,0,1.35,32,278.14,0.0,0.02,10.47,0.0,Mar,2,2,1,2,New_Visitor,False,False
0,0.0,0,0.22,9,1335.59,0.0,0.02,0.75,0.0,Nov,2,2,1,1,Returning_Visitor,False,False
2,59.83,0,0.0,70,1172.36,0.0,0.01,11.28,0.03,Nov,2,2,3,3,Returning_Visitor,False,True
2,35.51,0,0.0,57,1835.5,0.0,0.03,0.0,0.03,Mar,2,4,9,6,Returning_Visitor,False,False
0,27.54,0,1.79,36,1317.16,0.03,0.08,0.0,0.03,May,2,2,1,2,Returning_Visitor,False,False
1,0.0,0,0.0,82,22.0,0.02,0.13,0.0,0.0,Nov,2,2,1,2,Returning_Visitor,False,False
0,8.17,0,0.94,70,793.33,0.01,0.05,1.84,0.0,Mar,2,2,1,1,Returning_Visitor,False,False
1,0.0,0,0.0,1,0.0,0.19,0.2,0.0,0.03,Nov,1,1,1,2,Returning_Visitor,False,False
3,4.8,0,1.72,66,855.86,0.01,0.03,0.84,0.0,Mar,2,2,3,1,Returning_Visitor,False,False
2,169.2,0,0.0,58,1210.79,0.05,0.03,1.44,0.03,Mar,3,2,3,2,Returning_Visitor,True,True
9,252.28,2,1.82,63,2453.18,0.01,0.02,3.87,0.0,Nov,2,2,3,2,Returning_Visitor,False,True
0,0.0,0,1.19,53,412.88,0.01,0.03,1.74,0.03,Nov,3,2,4,1,Returning_Visitor,True,False
1,54.42,0,0.0,54,2657.1,0.0,0.01,0.0,0.03,Dec,2,2,1,3,Returning_Visitor,False,False
0,34.72,0,0.0,9,210.0,0.03,0.02,0.0,0.03,Mar,2,2,3,3,Returning_Visitor,False,False
2,51.62,0,0.0,63,1218.95,0.01,0.02,0.0,0.03,Mar,2,2,4,2,Returning_Visitor,False,False
5,60.06,0,0.0,27,1297.99,0.01,0.02,18.87,0.03,Nov,2,2,2,3,Returning_Visitor,False,False
3,112.0,0,3.9,27,1218.15,0.01,0.02,4.16,0.03,Nov,1,1,1,2,Returning_Visitor,False,False
3,333.0,0,4.38,47,151.9,0.01,0.02,0.62,0.0,Mar,2,2,1,1,Returning_Visitor,False,False
6,57.25,0,0.83,60,1177.06,0.01,0.02,12.72,0.03,Nov,1,1,1,2,Returning_Visitor,False,True
3,0.0,0,0.0,2,1370.14,0.01,0.13,0.0,0.03,Nov,2,3,1,20,Returning_Visitor,False,False
0,2.02,0,0.73,30,946.6,0.01,0.03,0.38,0.03,Nov,2,2,1,2,Returning_Visitor,False,False
3,36.5,0,0.92,62,1258.38,0.0,0.02,0.0,0.03,Nov,1,1,1,1,Returning_Visitor,False,False
0,36.09,0,0.0,50,1320.43,0.02,0.03,2.92,0.0,May,2,4,1,2,Returning_Visitor,True,False
1,98.81,1,44.4,63,1275.6,0.01,0.02,0.77,0.03,Oct,2,2,1,2,Returning_Visitor,True,False
3,0.0,0,0.0,97,0.0,0.19,0.03,1.64,0.03,Feb,2,2,1,3,Returning_Visitor,False,False
0,0.0,0,0.0,57,1207.61,0.01,0.01,0.0,0.03,May,2,5,1,3,Returning_Visitor,False,False
2,21.63,0,0.0,18,164.5,0.01,0.01,0.0,0.4,May,2,2,1,3,Returning_Visitor,False,False
1,13.0,0,1.03,2,1296.1,0.0,0.05,0.0,0.03,Nov,3,2,3,2,Returning_Visitor,False,False
0,0.0,0,1.76,27,269.75,0.04,0.06,0.39,0.0,Mar,3,2,1,3,Returning_Visitor,True,False
3,23.49,0,1.27,67,1118.87,0.01,0.03,0.11,0.8,May,2,2,1,13,Returning_Visitor,False,False
4,32.19,3,62.4,55,2518.53,0.01,0.01,0.0,0.0,Mar,2,2,4,3,Returning_Visitor,False,False
1,30.48,0,0.88,63,120.0,0.02,0.02,0.7,0.0,May,1,1,1,4,Returning_Visitor,False,False
2,26.05,0,0.0,2,723.79,0.01,0.02,0.0,0.03,Dec,2,2,4,3,Returning_Visitor,False,False
0,46.23,0,0.0,22,1257.66,0.01,0.02,33.33,0.0,Mar,2,2,3,1,Returning_Visitor,False,False
3,45.5,0,7.64,70,1454.42,0.01,0.02,18.67,0.03,Nov,2,2,3,2,New_Visitor,True,True
6,153.27,1,8.07,25,1197.08,0.01,0.02,6.66,0.03,May,2,2,4,2,Returning_Visitor,False,False
3,195.5,0,2.1,67,1218.7,0.01,0.03,77.66,0.0,Nov,3,2,1,2,Returning_Visitor,False,False
3,297.32,0,17.0,27,1155.88,0.0,0.02,0.21,0.03,Nov,1,2,1,2,Returning_Visitor,False,False
0,0.0,0,0.0,63,1373.63,0.03,0.06,0.0,0.03,Nov,2,2,1,3,Returning_Visitor,False,False
13,16.38,0,352.5,41,1172.12,0.03,0.02,0.84,0.0,Dec,2,2,1,8,Returning_Visitor,False,True
2,0.0,0,0.0,20,23.0,0.0,0.1,0.55,0.05,May,2,2,1,2,Returning_Visitor,False,False
6,82.01,2,5.74,51,6117.81,0.01,0.02,2.51,0.0,Sep,2,2,1,2,Returning_Visitor,False,False
0,35.57,0,1.06,43,1304.58,0.01,0.02,0.0,0.03,Mar,2,3,1,11,Returning_Visitor,False,False
2,89.6,2,4.71,71,1249.98,0.0,0.03,0.94,0.0,Sep,2,2,1,2,Returning_Visitor,False,False
2,27.25,0,0.0,67,1177.8,0.01,0.02,0.0,0.03,Mar,2,2,1,8,New_Visitor,False,False
0,0.0,0,1.69,12,146.13,0.05,0.05,0.0,0.03,Jul,2,2,1,1,Returning_Visitor,False,False
3,34.51,0,1.57,70,791.0,0.01,0.03,19.35,0.0,May,2,2,1,1,Returning_Visitor,False,False
4,267.27,0,0.0,24,1138.01,0.02,0.03,14.34,0.03,Nov,2,2,2,2,Returning_Visitor,False,True
3,82.77,1,4.74,62,1323.82,0.01,0.02,1.27,0.0,Mar,2,2,1,2,Returning_Visitor,False,False
2,128.8,0,49.3,13,700.55,0.0,0.01,2.26,0.03,Jul,2,2,1,3,New_Visitor,False,False
3,29.7,0,0.0,29,451.7,0.0,0.02,0.0,0.0,Aug,2,2,1,4,Returning_Visitor,False,False
2,17.9,0,1.3,16,589.88,0.01,0.01,0.0,0.0,Mar,2,2,1,2,Returning_Visitor,True,False
5,62.51,0,1.26,14,1190.56,0.0,0.03,0.33,0.0,Dec,2,2,1,8,Returning_Visitor,True,False
1,3.0,0,3.25,71,1242.4,0.0,0.01,1.0,0.0,May,2,2,1,2,Other,True,False
0,7.11,0,0.47,6,1296.0,0.07,0.07,0.27,0.4,Mar,2,2,3,3,Returning_Visitor,False,False
1,15.67,0,1.26,56,1203.8,0.01,0.03,6.28,0.0,Nov,2,2,1,1,Returning_Visitor,True,False
3,0.0,0,0.0,65,1213.78,0.01,0.04,0.0,0.8,May,2,2,1,2,Returning_Visitor,False,False
12,356.12,0,4.48,44,1237.78,0.0,0.03,0.48,0.03,Dec,1,1,1,2,Returning_Visitor,False,False
0,19.34,0,0.0,57,198.13,0.01,0.05,2.34,0.03,Mar,1,1,1,2,Returning_Visitor,False,False
3,9.07,0,1.13,49,1550.92,0.02,0.04,13.82,0.03,Nov,2,2,3,1,Returning_Visitor,False,False
3,0.0,0,0.0,0,65.56,0.2,0.03,0.78,0.03,May,1,1,1,2,Returning_Visitor,False,False
2,29.7,0,0.0,80,179.8,0.01,0.03,0.0,0.03,Nov,3,2,1,3,New_Visitor,True,False
1,0.0,0,0.77,69,32.0,0.07,0.07,1.95,0.03,Nov,2,2,1,3,Returning_Visitor,False,False
0,0.0,0,1.19,65,184.69,0.02,0.2,0.84,0.85,Mar,3,2,7,2,Returning_Visitor,False,False
2,14.0,0,1.59,8,57.0,0.0,0.06,1.42,0.0,Mar,1,2,4,2,New_Visitor,False,False
3,35.37,0,1.38,15,369.05,0.01,0.02,0.0,0.0,Nov,3,2,1,2,Returning_Visitor,False,False
1,6.0,0,0.0,20,1236.46,0.02,0.03,2.34,0.0,Mar,2,2,1,3,Returning_Visitor,True,False
3,26.31,0,1.65,66,8437.1,0.0,0.01,1.17,0.0,Nov,2,4,1,3,Returning_Visitor,False,False
3,335.5,1,15.0,59,745.09,0.01,0.03,3.7,0.0,Nov,1,1,1,3,Returning_Visitor,False,False
1,23.2,0,0.0,69,44.8,0.0,0.05,5.26,0.0,Nov,2,2,1,4,Returning_Visitor,False,False
0,4.01,0,1.0,38,1204.07,0.01,0.02,1.62,0.03,Mar,3,5,1,3,Returning_Visitor,False,False
5,37.02,0,0.0,74,1181.14,0.0,0.02,0.74,0.03,Mar,2,5,1,3,New_Visitor,True,False
3,24.95,0,0.0,46,148.5,0.09,0.1,0.0,0.03,May,2,1,1,2,Returning_Visitor,False,False
4,100.6,0,5.0,78,2002.76,0.01,0.02,2.26,0.03,Nov,2,2,3,3,Returning_Visitor,False,False
0,1.61,0,0.0,55,1203.04,0.0,0.02,1.87,0.03,Nov,2,2,1,2,Returning_Visitor,False,False
3,103.9,1,47.62,199,3777.44,0.03,0.02,1.97,0.03,Aug,2,2,3,13,Returning_Visitor,False,False
1,6.52,0,1.15,23,1147.58,0.01,0.04,0.0,0.03,May,2,2,1,3,Returning_Visitor,False,False
0,0.0,0,1.0,7,1088.4,0.19,0.14,0.0,0.05,Dec,3,2,1,3,Returning_Visitor,False,False
0,0.0,0,0.0,16,591.25,0.01,0.02,4.76,0.03,Dec,2,2,6,3,Returning_Visitor,False,False
2,45.48,0,1.26,61,1270.18,0.0,0.01,0.47,0.03,May,3,1,6,2,Returning_Visitor,False,True
3,301.12,0,0.94,62,1157.45,0.01,0.01,12.55,0.03,May,2,1,4,2,Returning_Visitor,False,False
0,32.18,0,0.0,5,1350.82,0.05,0.02,0.0,0.03,Mar,2,8,1,11,Returning_Visitor,False,False
1,15.6,0,0.0,34,0.0,0.2,0.2,2.16,0.03,Mar,3,2,3,2,Returning_Visitor,True,False
3,130.5,2,61.15,43,2081.72,0.0,0.02,14.79,0.03,Nov,1,2,4,2,Returning_Visitor,False,False
2,39.9,0,0.89,10,1187.65,0.02,0.02,1.12,0.0,Mar,2,2,1,2,Returning_Visitor,True,False
2,44.96,0,0.0,76,1288.19,0.0,0.01,5.47,0.03,June,2,2,1,3,New_Visitor,False,False
3,211.25,0,1.65,58,1344.75,0.03,0.02,3.83,0.03,Nov,2,2,2,2,Returning_Visitor,False,False
3,51.01,0,0.0,60,54.38,0.0,0.01,0.0,0.0,Mar,2,2,1,3,New_Visitor,True,False
3,159.0,0,0.0,3,64.75,0.0,0.03,0.38,0.03,Nov,1,1,1,3,Returning_Visitor,False,False
3,82.6,0,0.92,34,1446.73,0.0,0.02,1.72,0.0,Nov,2,1,4,2,Returning_Visitor,True,False
2,37.41,0,0.97,60,2023.75,0.03,0.04,1.47,0.03,Nov,2,2,1,1,Returning_Visitor,False,False
2,11.6,0,1.67,52,1254.06,0.01,0.02,1.49,0.0,Oct,2,2,1,1,Returning_Visitor,False,False
0,0.0,0,1.87,1,132.53,0.19,0.14,0.0,0.0,Mar,2,2,1,1,Returning_Visitor,False,False
3,43.37,0,2.07,17,1062.96,0.0,0.02,0.75,0.03,Nov,2,2,1,3,Returning_Visitor,False,False
0,13.47,0,1.43,71,664.3,0.0,0.02,56.77,0.0,Mar,3,2,3,2,Returning_Visitor,False,True
3,44.0,0,0.0,90,6951.97,0.0,0.02,0.0,0.0,Mar,2,2,1,3,Returning_Visitor,False,False
3,36.33,0,1.96,57,1300.26,0.0,0.01,0.65,0.0,May,2,2,1,2,Returning_Visitor,False,False
3,18.12,0,0.0,8,281.38,0.01,0.04,1.26,0.03,Nov,2,2,1,3,Returning_Visitor,False,False
2,0.0,0,0.0,9,1137.06,0.01,0.03,6.39,0.0,Mar,1,2,4,2,Returning_Visitor,False,True
9,205.07,0,1.75,41,1199.23,0.01,0.02,0.0,0.03,Nov,2,2,7,1,Returning_Visitor,False,False
2,0.0,0,0.0,3,0.0,0.2,0.05,0.0,0.03,May,1,1,1,3,Returning_Visitor,True,False
6,192.85,0,2.94,186,6975.89,0.02,0.03,14.46,0.0,Nov,2,1,1,2,Returning_Visitor,False,True
0,12.81,0,1.06,27,882.42,0.05,0.12,0.57,0.03,May,2,2,1,3,Returning_Visitor,False,False
3,48.3,0,1.29,59,1223.83,0.0,0.02,6.1,0.03,Nov,4,2,1,2,Returning_Visitor,False,False
0,2.64,0,0.0,60,2886.84,0.01,0.03,1.73,0.03,Nov,2,2,1,2,Returning_Visitor,False,False
3,353.73,0,112.8,57,1189.46,0.01,0.01,2.1,0.03,Oct,2,5,1,2,Returning_Visitor,True,False
3,152.33,0,2.43,54,1224.26,0.01,0.0,0.24,0.0,May,2,2,4,3,Returning_Visitor,False,False
2,60.73,0,1.44,54,1169.68,0.0,0.01,0.0,0.03,Sep,2,2,3,4,Returning_Visitor,False,False
3,40.29,0,0.0,45,1660.0,0.03,0.04,0.0,0.03,Nov,2,5,1,1,Returning_Visitor,False,False
0,0.0,0,0.0,35,1243.81,0.0,0.02,0.51,0.03,Mar,2,3,3,2,Returning_Visitor,False,False
2,62.19,0,22.56,58,1329.94,0.03,0.04,4.35,0.03,Oct,2,1,1,2,Returning_Visitor,True,False
2,39.04,0,1.21,61,1280.58,0.01,0.08,1.39,0.0,May,2,2,1,3,Returning_Visitor,False,False
3,50.42,0,2.12,71,1206.72,0.01,0.02,5.1,0.03,Nov,2,2,1,2,Returning_Visitor,False,True
3,28.93,0,1.06,19,818.62,0.0,0.01,16.28,0.03,Nov,2,2,1,2,Returning_Visitor,True,True
3,78.5,1,5.02,57,999.13,0.0,0.01,20.63,0.03,May,2,2,1,2,Returning_Visitor,False,False
3,270.83,0,2.81,59,1252.29,0.01,0.02,8.34,0.03,Jul,2,2,1,2,Returning_Visitor,False,False
0,0.0,0,1.32,82,1203.27,0.01,0.15,0.0,0.03,Nov,1,1,9,3,Returning_Visitor,False,False
3,171.38,0,1.39,57,1318.06,0.05,0.03,2.57,0.03,Mar,3,2,8,13,Returning_Visitor,False,False
1,24.91,0,0.69,10,413.0,0.0,0.01,2.78,0.03,Mar,2,2,1,1,Returning_Visitor,False,False
10,364.39,3,10.45,63,1682.87,0.0,0.02,0.2,0.0,Mar,3,2,6,2,Returning_Visitor,False,True
0,0.0,0,0.0,13,63.98,0.2,0.2,0.79,0.03,Mar,1,1,1,3,Returning_Visitor,False,False
0,23.13,0,0.0,57,0.0,0.2,0.2,2.8,0.0,Nov,2,2,3,15,Returning_Visitor,False,False
0,35.51,0,1.46,63,63.36,0.12,0.16,0.0,0.6,Aug,2,4,2,3,Returning_Visitor,False,False
2,23.4,0,1.2,68,1195.32,0.03,0.05,5.01,0.03,Nov,2,2,1,1,Returning_Visitor,False,False
1,0.0,0,0.0,58,2021.32,0.01,0.03,0.3,0.03,Nov,2,2,1,2,Returning_Visitor,False,False
10,293.62,2,42.2,55,919.9,0.01,0.02,16.35,0.03,Nov,2,5,1,2,Returning_Visitor,True,False
3,81.08,0,6.46,52,1234.32,0.0,0.01,44.48,0.07,Nov,1,1,1,2,Returning_Visitor,False,True
0,2.8,0,33.39,22,850.53,0.02,0.03,0.27,0.03,Mar,3,2,3,1,Returning_Visitor,False,False
3,13.6,0,1.12,73,121.5,0.01,0.07,2.18,0.07,Nov,2,4,1,2,Returning_Visitor,False,False
0,16.86,0,0.0,44,1276.55,0.01,0.03,1.73,0.03,May,2,2,1,1,Returning_Visitor,False,False
2,0.0,0,0.0,19,1312.32,0.04,0.08,0.24,0.03,Nov,2,2,1,4,Returning_Visitor,False,False
1,0.0,0,0.0,46,1036.73,0.01,0.01,0.0,0.0,May,2,2,7,4,Returning_Visitor,True,False
3,4.3,0,1.53,67,1035.08,0.01,0.03,0.53,0.03,Nov,2,2,1,3,Returning_Visitor,False,False
2,42.53,0,1.88,24,1206.78,0.01,0.05,3.94,0.03,May,2,2,3,13,Returning_Visitor,False,False
0,49.09,1,9.0,34,1351.35,0.0,0.01,51.8,0.03,May,2,2,1,3,Returning_Visitor,True,True
0,14.7,0,1.39,42,1189.16,0.0,0.01,3.36,0.03,May,2,2,5,4,Returning_Visitor,False,False
3,107.0,0,0.0,27,1237.79,0.01,0.03,1.65,0.03,May,3,2,3,13,Returning_Visitor,False,False
3,0.0,0,1.64,69,15.0,0.0,0.02,0.0,0.8,Mar,2,4,1,3,Returning_Visitor,False,False
3,39.44,0,0.0,40,242.08,0.0,0.05,3.32,0.03,Nov,2,2,7,2,Returning_Visitor,False,False
3,209.99,0,1.63,46,1203.54,0.01,0.03,0.0,0.03,Mar,3,2,6,1,Returning_Visitor,False,False
1,8.22,0,0.0,38,1237.0,0.0,0.01,2.47,0.0,Mar,2,2,1,2,Returning_Visitor,False,False
3,29.0,0,1.04,45,1321.98,0.08,0.02,0.0,0.03,Dec,1,1,4,8,Returning_Visitor,False,False
1,0.0,0,1.18,56,49.5,0.05,0.08,0.0,0.03,Nov,3,2,1,1,Returning_Visitor,False,False
3,57.11,0,0.96,37,1148.47,0.01,0.02,0.0,0.03,Mar,2,2,3,1,Returning_Visitor,False,False
3,75.0,0,0.0,33,1159.5,0.0,0.04,3.28,0.03,Mar,2,2,1,3,Returning_Visitor,False,False
0,7.47,0,0.0,12,110.11,0.07,0.14,1.25,0.03,May,2,5,1,3,Returning_Visitor,False,False
3,20.31,0,0.0,68,1355.96,0.01,0.02,5.26,0.03,Nov,2,4,1,8,Returning_Visitor,False,False
5,102.97,0,71.0,60,1558.0,0.01,0.01,7.17,0.0,Mar,2,2,1,1,Returning_Visitor,False,False
10,651.88,3,3.82,59,1033.31,0.0,0.01,4.87,0.03,Nov,2,2,1,1,Returning_Visitor,False,False
3,0.0,0,0.0,50,1232.03,0.0,0.03,173.47,0.0,Nov,2,2,9,2,New_Visitor,False,True
3,63.32,4,1.65,76,9770.81,0.01,0.02,1.56,0.03,Nov,2,2,1,2,Returning_Visitor,False,False
3,221.15,1,0.0,53,1436.45,0.0,0.01,0.0,0.03,Mar,2,2,3,2,Returning_Visitor,False,False
3,683.0,0,0.0,70,1215.77,0.02,0.02,1.74,0.0,May,2,2,1,4,New_Visitor,False,True
3,53.52,0,1.2,31,1288.14,0.0,0.01,8.79,0.03,May,2,2,1,3,Returning_Visitor,False,True
1,24.68,0,0.0,18,1193.71,0.0,0.02,0.0,0.0,Mar,1,1,1,3,Returning_Visitor,False,False
0,3.3,0,1.7,73,346.83,0.04,0.06,1.91,0.03,May,2,2,1,2,Returning_Visitor,False,True
0,0.0,0,0.0,9,540.51,0.01,0.02,0.55,0.0,Mar,1,1,1,3,Returning_Visitor,False,False
3,59.72,3,54.99,65,2019.77,0.01,0.02,5.87,0.0,Nov,1,1,1,2,Returning_Visitor,False,False
9,281.38,2,1.86,57,1230.26,0.01,0.02,0.0,0.03,Nov,3,2,1,3,Returning_Visitor,False,False
0,0.0,0,0.0,60,1294.0,0.01,0.02,5.47,0.0,Oct,2,2,8,1,Returning_Visitor,True,True
0,12.92,0,0.0,58,11.5,0.01,0.04,2.77,0.03,Dec,3,2,1,2,Returning_Visitor,True,False
0,0.0,0,0.0,19,700.67,0.01,0.02,0.0,0.0,May,2,2,1,2,Returning_Visitor,True,False
9,290.86,2,1.81,66,1228.7,0.0,0.01,9.71,0.03,May,2,2,1,4,Returning_Visitor,False,False
3,33.83,0,1.0,7,1600.91,0.0,0.03,1.12,0.03,Mar,1,1,3,3,Returning_Visitor,False,False
0,0.0,0,0.0,5,127.19,0.04,0.12,0.0,0.03,May,1,2,1,3,Returning_Visitor,False,False
2,32.15,0,1.7,12,26.0,0.0,0.09,0.05,0.03,May,1,1,1,1,Returning_Visitor,False,False
0,6.5,0,0.0,19,1296.72,0.0,0.01,70.02,0.03,Nov,2,2,1,2,Returning_Visitor,False,True
4,351.19,0,28.2,50,2865.82,0.01,0.02,0.0,0.03,Mar,2,6,1,3,Returning_Visitor,False,False
4,54.4,0,0.0,65,2889.95,0.0,0.03,6.02,0.03,June,2,6,4,2,Returning_Visitor,False,False
3,28.66,0,0.98,5,84.21,0.0,0.02,0.0,0.03,Nov,3,2,1,2,Returning_Visitor,False,False
3,285.35,2,9.0,60,683.03,0.01,0.03,0.83,0.0,Mar,1,2,1,3,Returning_Visitor,False,True
2,29.28,5,27.58,61,1578.0,0.0,0.01,0.0,0.03,Mar,2,2,3,4,Returning_Visitor,False,False
2,31.36,0,0.79,24,976.0,0.02,0.03,0.0,0.03,Dec,1,2,1,1,Returning_Visitor,False,False
3,1.58,0,0.93,2,64.57,0.0,0.1,0.0,0.8,May,2,2,1,3,Returning_Visitor,False,False
3,13.23,1,0.0,23,1235.18,0.0,0.04,13.08,0.03,Nov,1,1,1,2,Returning_Visitor,False,False
0,0.0,0,1.2,65,39.5,0.09,0.02,3.3,0.03,Nov,2,2,1,3,Returning_Visitor,False,False
2,21.57,0,0.85,9,16.0,0.0,0.13,0.0,0.0,Nov,2,2,4,2,Returning_Visitor,False,False
1,9.22,0,1.35,1,64.29,0.12,0.13,0.0,0.0,Mar,1,2,9,2,Returning_Visitor,False,False
3,0.0,0,0.0,4,26.0,0.01,0.06,2.79,0.0,Nov,2,2,6,11,Returning_Visitor,True,False
3,51.46,0,0.0,20,1241.43,0.0,0.0,2.57,0.0,Nov,2,2,1,2,Returning_Visitor,False,False
3,39.49,0,0.0,56,843.1,0.0,0.01,5.0,0.03,Nov,2,2,1,3,New_Visitor,False,True
0,15.37,0,0.27,26,1188.93,0.02,0.02,1.72,0.0,Nov,1,1,1,2,Returning_Visitor,False,True
0,30.2,0,0.7,17,1324.47,0.0,0.02,128.47,0.03,Dec,2,2,1,2,Returning_Visitor,False,True
2,13.0,0,1.86,50,47.13,0.04,0.06,20.95,0.03,Nov,2,2,2,2,Returning_Visitor,False,False
0,5.29,0,1.24,47,1093.37,0.04,0.04,0.0,0.03,Mar,3,2,4,1,Returning_Visitor,False,False
0,24.76,0,1.87,15,1330.39,0.0,0.03,44.74,0.03,Nov,2,2,7,2,New_Visitor,False,True
0,33.13,0,1.19,60,70.52,0.0,0.03,0.0,0.03,Nov,1,1,1,1,Returning_Visitor,False,False
3,0.0,0,1.85,8,215.0,0.06,0.06,0.0,0.03,Nov,2,2,1,6,Returning_Visitor,False,False
2,0.0,0,21.0,52,190.71,0.01,0.02,0.0,0.0,Mar,2,2,1,13,Returning_Visitor,False,False
2,52.64,0,1.07,41,1043.12,0.01,0.04,0.12,0.0,May,3,2,3,3,Returning_Visitor,True,False
0,8.6,0,1.22,8,726.0,0.01,0.02,2.27,0.03,May,2,2,1,3,Returning_Visitor,False,False
1,0.0,0,1.0,51,1146.98,0.03,0.02,0.91,0.03,Nov,1,1,1,3,Returning_Visitor,False,False
1,24.21,0,0.0,11,276.0,0.0,0.02,1.32,0.0,Mar,2,2,1,1,Returning_Visitor,False,False
2,21.44,2,1.52,13,534.48,0.0,0.0,0.0,0.0,Mar,2,1,1,2,New_Visitor,False,False
1,32.49,1,3.35,65,2325.61,0.01,0.02,0.0,0.8,May,3,2,1,2,Returning_Visitor,False,False
0,0.0,0,1.32,1,64.73,0.12,0.2,0.0,0.03,Mar,1,1,1,2,Returning_Visitor,False,False
2,31.0,0,0.0,10,1203.05,0.01,0.02,3.32,0.03,Nov,1,1,1,2,Returning_Visitor,True,False
2,0.0,0,0.96,56,970.81,0.0,0.04,0.68,0.03,Mar,3,2,1,2,Returning_Visitor,True,False
1,24.38,0,1.27,68,342.0,0.01,0.02,0.0,0.03,Oct,2,2,1,2,Returning_Visitor,False,False
3,15.26,0,1.15,217,4153.28,0.01,0.01,0.0,0.0,May,2,2,1,2,Returning_Visitor,False,False
3,24.91,0,0.0,15,1184.94,0.01,0.02,4.59,0.03,Nov,2,2,1,2,Returning_Visitor,False,False
2,115.2,0,0.0,76,211.1,0.01,0.0,1.51,0.03,Jul,2,2,1,2,Returning_Visitor,True,False
0,26.05,0,27.27,4,15.0,0.05,0.15,1.33,0.6,May,2,2,1,3,Returning_Visitor,False,False
5,85.17,0,1.36,71,3715.78,0.01,0.01,2.79,0.03,Nov,2,4,1,3,Returning_Visitor,False,False
4,129.42,3,62.0,43,1770.62,0.0,0.03,0.0,0.03,Nov,1,2,6,3,Returning_Visitor,False,False
3,4.39,0,0.0,4,0.0,0.01,0.14,0.0,0.03,Mar,2,2,6,2,Returning_Visitor,True,False
2,47.67,0,1.21,31,72.33,0.01,0.01,0.91,0.0,Mar,2,1,1,3,New_Visitor,False,False
3,42.75,0,5.5,18,1030.0,0.0,0.03,2.3,0.03,Dec,2,2,7,1,Returning_Visitor,False,False
3,38.31,0,1.71,68,1630.97,0.01,0.02,3.32,1.0,May,6,5,1,2,Returning_Visitor,False,False
2,250.51,6,131.0,63,779.8,0.01,0.0,0.0,0.03,Dec,1,2,1,2,Returning_Visitor,False,False
3,1388.75,0,1.94,64,1198.2,0.01,0.01,0.67,0.03,Mar,1,1,1,2,Returning_Visitor,False,False
10,347.5,2,2.52,64,1201.73,0.02,0.02,1.72,1.0,Mar,2,1,1,2,Returning_Visitor,False,False
2,27.96,0,1.57,15,1192.73,0.01,0.05,4.31,0.03,Nov,2,2,1,3,Returning_Visitor,False,False
9,574.45,0,2.2,41,2688.86,0.0,0.01,8.58,0.03,May,3,2,1,2,Returning_Visitor,False,True
5,47.5,0,0.07,60,787.2,0.01,0.01,20.77,0.03,May,2,2,4,2,Returning_Visitor,False,False
2,6.0,0,0.0,15,1351.58,0.01,0.07,1.67,0.03,Mar,2,2,1,1,Returning_Visitor,False,True
1,0.0,0,0.0,56,1198.33,0.0,0.01,0.76,0.03,Mar,2,2,1,2,Returning_Visitor,False,True
3,41.68,1,10.62,15,1204.29,0.01,0.01,0.0,0.03,Mar,1,2,1,3,Returning_Visitor,False,False
0,22.11,0,0.0,32,1324.67,0.01,0.02,10.4,0.03,May,2,2,3,1,Returning_Visitor,False,False
0,16.83,0,0.0,27,0.0,0.17,0.15,0.0,0.03,Mar,3,2,3,2,Returning_Visitor,False,False
0,11.84,0,0.0,53,1242.5,0.01,0.05,0.0,0.03,Mar,2,2,1,6,Returning_Visitor,False,False
0,21.44,0,0.0,15,189.25,0.02,0.03,0.5,0.03,Mar,2,5,1,3,Returning_Visitor,False,False
2,61.5,0,1.39,60,949.75,0.0,0.01,51.76,0.0,Nov,2,2,1,2,Returning_Visitor,False,True
2,21.83,0,1.14,88,171.72,0.14,0.05,2.89,0.03,Nov,2,2,1,2,Returning_Visitor,False,False
3,49.5,1,11.87,67,1430.03,0.01,0.02,0.0,0.03,Nov,1,2,1,2,Returning_Visitor,False,True
0,0.0,0,2.08,10,134.41,0.05,0.13,2.06,0.03,Mar,3,2,1,13,Returning_Visitor,True,False
3,6.29,0,0.86,57,2628.0,0.01,0.01,0.6,0.03,May,2,2,1,2,Returning_Visitor,False,True
2,0.0,0,2.03,36,1003.46,0.0,0.02,3.3,0.0,Nov,3,2,1,3,New_Visitor,True,False
2,19.28,0,1.05,20,1263.9,0.0,0.05,1.44,0.0,Nov,2,2,1,2,Returning_Visitor,False,False
0,9.37,0,0.26,8,362.75,0.03,0.08,0.0,0.0,Nov,2,5,3,2,Returning_Visitor,False,False
2,30.23,0,0.0,14,1049.05,0.01,0.02,0.0,0.0,Mar,2,2,1,20,Returning_Visitor,False,False
3,0.0,1,4.86,55,1214.24,0.0,0.02,1.26,0.0,Dec,2,2,1,2,Returning_Visitor,False,False
2,53.74,0,0.0,22,1805.08,0.01,0.02,13.81,0.03,Sep,2,2,1,2,Returning_Visitor,False,True
1,0.0,0,1.56,128,2787.69,0.02,0.03,5.55,0.0,Jul,2,4,1,1,Returning_Visitor,False,False
3,0.0,0,1.69,68,1205.93,0.0,0.01,0.0,0.0,Oct,2,2,1,3,Returning_Visitor,False,False
3,1.81,0,1.46,13,293.73,0.02,0.02,2.25,0.03,Nov,2,2,3,2,Returning_Visitor,False,False
0,0.0,0,1.22,8,1325.05,0.03,0.02,0.0,0.0,Dec,2,2,1,2,Returning_Visitor,False,False
5,49.2,0,379.0,5,74.6,0.02,0.02,1.79,0.0,Mar,2,2,8,3,Returning_Visitor,False,False
3,10.23,0,0.0,20,1299.32,0.02,0.01,104.2,0.0,Sep,2,2,1,2,Returning_Visitor,False,True
3,50.31,0,2.61,64,1253.25,0.01,0.02,50.52,0.0,Mar,2,2,2,2,Returning_Visitor,False,True
0,6.79,0,2.94,1,72.51,0.19,0.14,0.44,0.6,May,2,2,1,1,Returning_Visitor,False,False
0,0.0,0,0.0,7,477.11,0.0,0.02,0.0,0.03,Mar,2,2,3,2,New_Visitor,False,False
3,27.0,2,1.26,6,129.2,0.01,0.02,2.54,0.03,May,2,2,4,2,Returning_Visitor,False,False
3,0.0,0,0.97,28,512.72,0.01,0.01,1.4,0.0,Nov,2,2,7,3,Returning_Visitor,False,True
1,0.0,0,1.03,13,11.0,0.01,0.1,0.61,0.0,Nov,2,2,1,3,Other,False,False
3,43.84,0,1.22,65,241.77,0.0,0.03,1.59,0.03,Nov,2,2,1,2,Returning_Visitor,False,False
3,9.0,1,26.5,24,952.28,0.01,0.02,1.36,0.03,Nov,2,2,1,2,Returning_Visitor,False,False
12,280.08,1,41.71,62,1152.55,0.01,0.03,10.33,0.03,Nov,1,1,1,2,Returning_Visitor,False,True
3,170.85,1,32.82,69,1328.63,0.02,0.02,4.25,0.03,Dec,1,1,1,2,Returning_Visitor,True,False
2,39.2,0,1.15,6,86.4,0.0,0.03,3.17,0.0,Nov,1,1,3,3,Returning_Visitor,False,False
2,698.5,0,0.0,60,1053.84,0.02,0.02,1.81,0.03,Nov,2,5,1,1,Returning_Visitor,True,False
3,153.5,0,2.06,20,1253.2,0.0,0.03,3.78,0.03,Nov,1,1,4,2,Returning_Visitor,False,False
2,54.86,0,0.0,56,570.52,0.01,0.02,4.16,0.0,Mar,2,2,7,3,Returning_Visitor,False,False
3,23.22,0,0.0,137,3004.63,0.01,0.01,2.19,0.03,Oct,2,2,9,2,Returning_Visitor,False,False
1,11.6,0,1.17,58,1188.32,0.0,0.02,1.75,0.03,Mar,2,4,1,2,Returning_Visitor,False,False
3,5.0,2,1.81,16,521.5,0.0,0.01,2.53,0.03,Nov,2,2,1,2,Returning_Visitor,False,False
0,3.32,0,0.96,43,436.54,0.03,0.04,1.27,0.03,May,2,2,1,2,Returning_Visitor,False,False
3,20.72,0,0.0,41,1142.17,0.01,0.05,0.0,0.0,Mar,2,2,8,11,Returning_Visitor,False,False
1,0.0,0,1.09,6,75.2,0.03,0.02,0.0,0.03,Mar,3,2,2,3,Returning_Visitor,False,False
2,0.0,0,0.0,6,1268.49,0.0,0.03,0.0,0.03,May,2,2,1,3,Returning_Visitor,False,False
3,48.76,0,1.32,27,1216.03,0.01,0.02,0.0,0.03,Nov,2,2,1,2,Returning_Visitor,False,False
4,48.35,0,0.0,32,1286.9,0.0,0.01,0.0,0.03,Feb,2,2,1,3,Returning_Visitor,False,False
3,41.33,0,1.34,64,3227.5,0.02,0.03,28.53,0.03,May,2,7,4,2,Returning_Visitor,False,True
3,0.0,0,0.81,21,1258.18,0.01,0.02,0.0,0.03,Nov,2,6,1,2,Returning_Visitor,False,False
0,10.73,0,0.18,17,1327.04,0.01,0.05,2.95,0.0,Mar,2,2,1,3,Returning_Visitor,False,False
3,55.56,0,0.0,59,486.56,0.01,0.03,11.84,0.0,Mar,2,1,3,3,Returning_Visitor,False,False
0,17.02,0,0.0,32,64.99,0.16,0.14,0.0,0.03,May,2,2,3,2,Returning_Visitor,False,False
3,60.0,0,0.0,19,1283.39,0.0,0.02,0.0,0.03,Mar,1,1,3,3,Returning_Visitor,False,False
0,0.0,0,1.0,81,1165.13,0.02,0.03,0.2,0.03,Nov,2,2,3,2,Returning_Visitor,False,False
2,24.2,0,0.0,3,52.4,0.0,0.02,0.0,0.0,Mar,2,2,3,3,New_Visitor,False,False
1,569.0,1,58.5,23,941.7,0.0,0.02,4.17,0.0,Mar,2,2,1,2,New_Visitor,False,True
2,24.0,0,1.09,63,1243.64,0.0,0.02,5.42,0.0,Nov,2,2,1,2,Returning_Visitor,False,True
2,53.0,0,0.0,15,417.0,0.01,0.02,61.17,0.03,May,2,1,1,3,Returning_Visitor,False,True
0,0.0,0,1.07,17,600.5,0.01,0.01,0.0,0.0,Mar,2,2,1,10,Returning_Visitor,False,False
3,0.0,0,0.36,63,1259.88,0.0,0.02,54.97,0.03,May,2,2,4,2,Returning_Visitor,False,True
0,1.95,0,0.0,67,1008.42,0.01,0.01,0.0,0.03,May,2,2,1,2,Returning_Visitor,False,False
0,18.87,0,1.57,5,177.99,0.01,0.04,0.31,0.03,Mar,1,1,1,1,Returning_Visitor,False,False
10,209.1,1,85.14,55,1558.62,0.0,0.01,0.89,0.0,Mar,3,2,4,3,Returning_Visitor,False,True
2,8.83,0,2.15,68,1208.58,0.0,0.02,0.0,0.03,Nov,2,2,1,1,Returning_Visitor,False,False
0,0.0,0,0.0,39,149.5,0.0,0.07,0.0,0.03,May,2,2,1,13,Returning_Visitor,False,False
0,24.97,0,2.13,72,909.11,0.01,0.03,1.0,0.0,Dec,1,2,1,10,Returning_Visitor,False,False
0,32.36,0,0.0,67,77.0,0.01,0.07,0.0,0.03,Mar,3,2,1,9,Returning_Visitor,True,False
0,0.0,0,4.06,2,93.01,0.19,0.11,0.04,0.03,May,1,1,1,1,Returning_Visitor,False,False
0,3.38,0,0.0,20,676.6,0.01,0.03,0.0,0.0,Sep,2,2,1,3,Returning_Visitor,False,False
3,401.15,3,4.46,38,1414.09,0.01,0.02,24.51,0.03,Sep,2,2,1,4,Returning_Visitor,False,False
1,22.29,0,1.34,27,1180.11,0.02,0.05,0.4,0.0,Nov,2,2,1,3,Returning_Visitor,False,False
3,22.68,5,3.51,39,1034.31,0.01,0.02,0.0,0.03,Nov,2,1,1,2,Returning_Visitor,False,False
7,722.21,9,1.89,47,1129.32,0.01,0.02,7.33,0.0,Nov,2,2,1,1,Returning_Visitor,False,False
2,228.08,0,0.0,49,2618.01,0.0,0.01,1.48,0.03,May,3,2,1,2,Returning_Visitor,False,False
0,32.85,0,0.0,85,60.0,0.05,0.01,0.0,0.82,Nov,2,1,1,2,Returning_Visitor,False,False
2,143.51,0,1.41,31,1359.96,0.0,0.0,61.2,0.0,Nov,2,2,1,2,Returning_Visitor,False,False
3,0.0,0,1.39,75,388.0,0.03,0.03,4.89,0.03,May,2,5,1,2,Returning_Visitor,False,False
3,282.0,0,0.0,14,1149.39,0.0,0.02,0.01,0.03,Mar,1,1,1,3,Returning_Visitor,False,False
3,96.54,1,10.81,55,1833.24,0.0,0.01,10.78,0.03,Mar,2,2,6,3,Returning_Visitor,True,True
4,62.27,0,63.48,11,503.27,0.04,0.02,0.89,0.03,Mar,3,2,1,2,Returning_Visitor,False,True
6,160.0,1,1.32,55,1158.77,0.0,0.01,24.1,0.0,Dec,3,2,1,2,Returning_Visitor,False,True
11,189.48,1,13.24,91,4864.15,0.01,0.0,0.0,0.0,Oct,2,2,1,2,Returning_Visitor,False,False
3,355.84,0,0.0,89,1155.8,0.03,0.04,0.56,0.03,May,3,2,6,11,Returning_Visitor,False,False
2,7.0,0,0.0,11,916.81,0.02,0.02,0.0,0.8,Mar,2,1,1,2,Returning_Visitor,False,False
5,51.76,1,137.5,64,1287.63,0.0,0.02,12.72,0.03,Nov,2,2,1,2,Returning_Visitor,False,True
2,1.79,0,0.0,56,1113.57,0.0,0.02,1.58,0.03,Nov,2,2,1,2,Returning_Visitor,False,False
0,0.0,0,0.0,1,73.6,0.2,0.2,0.0,0.03,Mar,2,2,4,2,Returning_Visitor,False,False
0,7.66,0,0.0,16,0.0,0.03,0.2,1.7,0.17,May,2,2,3,1,Returning_Visitor,False,False
0,0.0,0,0.0,54,331.0,0.01,0.03,0.0,0.03,Mar,2,2,1,1,Returning_Visitor,False,False
3,16.52,0,0.85,58,1127.57,0.01,0.02,0.0,0.03,Nov,2,2,1,3,Returning_Visitor,False,False
11,56.86,4,151.0,180,1156.23,0.01,0.02,0.0,0.0,May,2,2,3,3,Returning_Visitor,False,False
0,0.0,0,0.24,24,1268.0,0.01,0.01,0.96,0.0,Nov,2,1,1,2,Returning_Visitor,True,False
3,26.6,0,1.57,8,204.0,0.0,0.03,0.0,0.03,Mar,2,2,1,1,Returning_Visitor,False,False
3,0.0,0,1.41,52,654.88,0.01,0.03,0.0,0.03,Nov,2,2,1,2,Returning_Visitor,False,False
1,65.44,0,1.15,27,1180.44,0.02,0.02,2.05,0.03,Jul,2,2,1,1,Returning_Visitor,False,False
3,68.33,0,1.42,58,1230.91,0.0,0.01,0.55,0.03,Mar,1,1,3,1,Returning_Visitor,False,False
4,33.37,0,1.04,19,5043.6,0.0,0.0,7.3,0.0,Nov,2,2,1,2,Returning_Visitor,False,True
2,18.88,0,1.19,15,1148.0,0.01,0.05,0.0,0.03,Mar,2,2,1,3,Returning_Visitor,False,False
2,0.0,0,0.9,7,1159.26,0.03,0.02,0.0,0.03,Nov,2,2,1,3,Returning_Visitor,False,False
2,28.0,0,1.0,60,1815.63,0.01,0.0,0.0,0.03,Mar,2,2,1,4,Returning_Visitor,True,False
2,0.0,0,0.0,48,1224.27,0.01,0.1,1.95,0.0,May,2,2,3,2,New_Visitor,False,False
7,308.61,0,0.0,32,2092.5,0.01,0.03,16.27,0.03,Mar,2,2,1,1,Returning_Visitor,True,False
0,5.85,0,1.33,10,1249.86,0.01,0.03,56.35,0.03,Nov,2,2,1,2,New_Visitor,False,True
0,9.49,0,1.24,56,1238.29,0.03,0.05,6.35,0.03,Nov,2,2,3,2,Returning_Visitor,False,False
3,25.46,0,0.0,1,795.08,0.2,0.1,0.0,0.0,May,2,2,1,3,Returning_Visitor,False,False
0,0.0,0,0.0,67,783.69,0.03,0.02,0.0,0.03,Nov,2,2,3,3,Returning_Visitor,False,False
2,51.52,3,3.04,66,3881.79,0.0,0.03,1.51,0.03,Nov,2,2,1,2,Returning_Visitor,False,False
0,27.1,0,8.76,79,492.93,0.2,0.14,0.0,0.0,Nov,1,2,2,1,Returning_Visitor,False,False
0,35.59,0,1.22,18,1229.73,0.0,0.02,32.52,0.0,Nov,2,2,1,4,Returning_Visitor,True,True
3,65.5,0,38.5,54,3902.66,0.01,0.02,0.0,0.03,Nov,2,2,1,1,Returning_Visitor,False,False
0,0.0,0,0.0,28,1055.33,0.02,0.02,0.9,0.03,Nov,3,2,1,2,Returning_Visitor,False,False
3,37.19,0,2.06,55,1449.68,0.0,0.01,1.51,0.0,May,2,2,4,2,Returning_Visitor,False,False
2,9.04,0,0.45,58,1243.35,0.0,0.02,0.56,0.03,Nov,2,2,1,2,Returning_Visitor,False,True
3,45.36,0,0.36,9,143.0,0.01,0.01,0.0,0.03,Nov,1,2,1,2,Returning_Visitor,False,False
0,49.93,0,1.54,14,1150.99,0.01,0.02,0.0,0.03,Nov,3,2,1,11,Returning_Visitor,True,False
5,228.83,2,2.93,57,1505.33,0.0,0.02,0.0,0.03,May,1,2,4,2,Returning_Visitor,False,False
3,20.0,0,1.5,64,1244.84,0.0,0.03,0.34,0.0,Dec,2,2,7,1,Returning_Visitor,False,False
3,3.67,0,1.41,17,1307.4,0.0,0.0,59.71,0.03,Nov,2,2,9,2,Returning_Visitor,False,True
2,137.5,1,1.69,63,1844.65,0.02,0.01,0.46,0.0,Nov,2,2,1,3,Returning_Visitor,False,False
2,14.0,2,1.78,31,1156.45,0.0,0.02,0.3,0.03,May,1,1,1,5,Returning_Visitor,False,False
0,10.85,1,0.0,55,2710.38,0.01,0.02,0.0,0.0,Nov,2,2,3,2,Returning_Visitor,False,True
0,13.39,0,0.0,10,1033.56,0.01,0.02,0.0,0.0,Dec,2,2,3,2,Returning_Visitor,False,False
0,20.43,0,1.27,108,168.0,0.04,0.03,2.08,0.0,Nov,3,2,1,2,Returning_Visitor,False,False
5,241.19,0,1.67,59,2123.27,0.0,0.01,11.49,0.03,Nov,2,2,2,2,Returning_Visitor,True,False
1,0.0,0,0.0,81,155.47,0.1,0.13,0.23,0.03,May,3,2,1,3,Returning_Visitor,False,False
3,75.48,0,0.96,73,1205.4,0.0,0.0,3.2,0.0,Nov,4,1,1,2,Returning_Visitor,False,False
3,27.31,1,38.89,15,603.67,0.0,0.01,8.52,0.03,Mar,2,2,1,3,Returning_Visitor,False,True
2,92.68,0,1.16,25,673.03,0.0,0.01,3.67,0.03,Nov,2,1,1,2,New_Visitor,False,False
3,57.91,0,2.49,32,1382.17,0.0,0.03,47.59,0.0,Dec,1,2,1,8,Returning_Visitor,False,True
8,120.85,0,0.0,47,638.2,0.01,0.02,3.12,0.03,Nov,2,5,1,2,New_Visitor,False,True
3,0.0,0,1.5,4,1199.76,0.0,0.05,2.07,0.0,May,2,1,1,2,Returning_Visitor,False,False
2,81.6,0,1.04,60,1231.5,0.0,0.02,0.0,0.03,Mar,2,4,1,2,New_Visitor,True,True
1,65.73,0,1.3,33,1036.82,0.01,0.02,3.2,0.03,May,3,2,2,2,Returning_Visitor,False,False
2,22.08,0,1.21,64,1165.55,0.01,0.05,0.0,0.0,Nov,2,6,1,1,Returning_Visitor,False,False
3,37.0,0,0.84,63,1531.0,0.0,0.02,0.06,0.0,Nov,2,2,3,2,Returning_Visitor,True,False
3,16.36,0,0.0,48,1479.87,0.01,0.02,18.58,0.0,Nov,1,1,3,8,Returning_Visitor,False,False
2,19.0,0,0.0,64,1128.68,0.01,0.03,21.21,0.03,Nov,3,12,1,2,Returning_Visitor,False,True
3,31.76,0,0.0,62,1262.18,0.01,0.03,9.23,0.8,May,2,1,1,4,Returning_Visitor,False,True
1,24.68,1,0.0,45,1582.75,0.04,0.02,54.18,0.03,Nov,3,2,1,2,Returning_Visitor,False,False
0,0.0,0,0.0,20,134.0,0.0,0.02,0.0,0.03,May,2,2,1,2,Returning_Visitor,False,False
0,0.0,2,0.41,54,2122.66,0.03,0.01,9.29,0.0,Nov,2,2,1,10,Returning_Visitor,False,True
0,0.0,0,1.11,55,1225.89,0.01,0.01,0.74,0.03,May,2,2,1,1,Returning_Visitor,False,False
4,53.59,0,0.0,108,1272.86,0.01,0.02,0.0,0.03,Nov,3,2,1,2,Returning_Visitor,False,False
0,0.0,0,0.0,17,1569.86,0.05,0.03,0.0,0.0,Mar,2,2,1,1,Returning_Visitor,False,False
12,152.75,0,1.99,219,5312.11,0.0,0.02,4.7,0.0,Nov,2,2,1,1,Returning_Visitor,False,True
0,17.1,0,0.0,14,1326.97,0.01,0.02,57.79,0.0,Dec,2,2,1,2,Returning_Visitor,False,True
3,0.0,0,0.0,61,231.0,0.01,0.03,0.0,0.03,Mar,2,2,1,3,Returning_Visitor,False,False
3,81.37,0,1.17,35,35.17,0.0,0.02,0.0,0.03,Nov,2,2,3,3,New_Visitor,False,False
2,0.0,2,40.0,54,5739.37,0.0,0.03,0.0,0.0,Mar,2,2,1,2,Returning_Visitor,False,False
1,0.0,0,0.84,16,153.58,0.01,0.02,1.1,0.03,May,2,2,1,3,Returning_Visitor,False,False
0,42.13,0,1.19,67,1656.41,0.01,0.02,0.0,0.03,Nov,2,4,9,2,Returning_Visitor,False,False
2,20.77,0,1.1,54,1227.02,0.0,0.01,32.22,0.03,Nov,2,2,1,2,Returning_Visitor,False,True
3,32.34,1,1.64,14,1237.22,0.0,0.01,0.0,0.03,Nov,2,1,1,2,Returning_Visitor,False,False
3,58.07,0,0.0,65,125.21,0.0,0.01,2.24,0.03,Mar,3,2,1,3,Returning_Visitor,False,False
9,390.5,0,1.24,27,1285.58,0.0,0.01,54.26,0.03,Dec,3,2,1,2,Returning_Visitor,False,True
1,30.2,0,1.9,30,1269.49,0.03,0.03,0.81,0.03,Nov,2,1,1,2,Returning_Visitor,True,False
3,49.16,2,52.6,65,1348.32,0.01,0.02,2.81,0.0,Aug,3,2,1,2,Returning_Visitor,False,False
2,10.54,0,1.44,43,1277.35,0.0,0.02,1.59,0.03,Mar,2,2,1,3,Returning_Visitor,True,False
4,33.48,0,0.0,54,1182.23,0.01,0.03,10.7,0.03,Nov,2,5,3,2,Returning_Visitor,False,True
1,11.05,0,1.07,15,1014.62,0.01,0.02,0.0,0.03,Mar,2,2,7,3,Returning_Visitor,False,False
0,0.0,0,0.0,20,1102.65,0.01,0.0,3.3,0.03,May,2,2,1,4,Returning_Visitor,True,False
2,10.0,0,342.5,50,1169.63,0.01,0.03,0.0,0.03,Dec,2,2,3,1,Returning_Visitor,True,False
2,4.0,0,0.0,57,1239.86,0.02,0.02,8.02,0.03,Sep,2,2,1,2,Returning_Visitor,False,True
1,13.91,0,1.68,35,1200.06,0.04,0.02,0.0,0.03,Nov,2,2,3,13,Returning_Visitor,False,False
0,6.81,0,1.18,22,385.0,0.01,0.02,6.69,0.03,Dec,2,2,1,2,New_Visitor,False,False
2,1.75,0,0.0,60,3111.68,0.02,0.01,0.0,0.03,Nov,2,2,1,2,Returning_Visitor,False,False
1,0.0,0,1.45,63,806.12,0.01,0.02,0.0,0.03,Nov,1,1,1,2,Returning_Visitor,False,False
3,187.0,0,2.52,48,1211.24,0.0,0.02,15.49,0.0,Mar,2,2,3,2,Returning_Visitor,False,False
3,25.0,0,1.41,25,1237.22,0.02,0.06,0.0,0.03,Mar,2,2,1,6,Returning_Visitor,False,False
5,46.5,0,1.29,17,1131.27,0.01,0.02,0.0,0.03,Dec,2,2,1,2,Returning_Visitor,False,False
0,0.0,0,0.58,29,1275.71,0.0,0.02,3.07,0.03,May,2,2,1,2,Returning_Visitor,False,False
3,0.0,0,0.0,231,11246.13,0.0,0.01,0.0,0.0,Nov,2,2,1,2,Returning_Visitor,True,False
0,42.6,5,1.86,66,1085.58,0.01,0.02,59.11,0.0,Nov,2,6,1,3,Returning_Visitor,False,True
2,44.33,0,0.0,20,1188.3,0.01,0.01,43.13,0.03,Nov,2,2,1,2,Returning_Visitor,False,True
1,23.4,0,0.0,1,0.0,0.2,0.2,0.0,0.03,Jul,1,1,1,2,Returning_Visitor,False,False
0,2.38,0,0.0,26,1308.84,0.0,0.02,2.18,0.6,May,2,2,1,3,Returning_Visitor,True,False
1,16.28,2,62.0,11,3558.78,0.01,0.02,0.0,0.0,Mar,2,2,1,10,Returning_Visitor,False,False
3,31.38,0,0.0,52,1254.58,0.0,0.03,12.7,0.0,Nov,1,1,1,2,Returning_Visitor,False,False
0,5.86,0,0.0,54,1232.07,0.0,0.01,0.3,0.03,Nov,1,1,1,2,Returning_Visitor,False,False
4,98.6,0,0.0,64,63.6,0.01,0.03,3.95,0.0,Sep,1,1,4,2,Returning_Visitor,False,False
2,34.3,0,1.59,52,1212.25,0.01,0.05,0.0,0.03,Nov,2,2,1,1,Returning_Visitor,False,False
1,29.62,0,0.0,59,1339.22,0.02,0.03,11.19,0.0,Mar,2,1,1,2,Returning_Visitor,False,False
5,248.92,0,1.67,61,1123.42,0.0,0.02,7.96,0.0,Nov,2,2,2,2,Returning_Visitor,True,True
1,22.75,0,2.72,6,67.37,0.2,0.13,1.1,0.0,Mar,3,2,3,9,Returning_Visitor,True,False
4,70.94,0,0.0,66,1337.97,0.0,0.01,7.43,0.03,Nov,2,2,3,2,Returning_Visitor,True,True
3,94.6,0,1.86,69,1207.94,0.01,0.01,8.17,0.0,Oct,2,2,1,2,Returning_Visitor,False,False
1,5.5,3,169.2,50,1167.0,0.02,0.03,3.32,0.0,Jul,3,2,1,2,Returning_Visitor,True,False
10,298.67,2,1.09,51,1084.5,0.0,0.01,10.94,0.03,Nov,2,2,1,3,Returning_Visitor,False,False
0,0.0,0,0.0,1,79.99,0.18,0.14,0.14,0.0,Mar,1,1,1,1,Returning_Visitor,False,False
3,34.49,0,0.0,12,1324.42,0.0,0.02,1.02,0.03,May,2,8,1,2,Returning_Visitor,False,False
2,53.96,0,0.0,54,2546.86,0.01,0.03,0.0,0.03,Nov,3,2,1,3,Returning_Visitor,False,False
3,42.31,2,89.87,47,1247.98,0.01,0.02,0.0,0.03,Dec,1,1,1,2,Returning_Visitor,False,False
2,53.72,0,0.0,66,779.26,0.0,0.01,14.29,0.03,Nov,4,2,1,2,Returning_Visitor,False,False
3,15.84,0,1.24,48,1781.19,0.0,0.02,12.37,0.03,Nov,2,1,1,2,Returning_Visitor,True,False
1,16.47,0,1.57,66,1325.38,0.02,0.02,0.0,0.84,Mar,1,1,2,2,Returning_Visitor,False,False
3,15.0,0,0.0,15,1145.93,0.01,0.01,47.63,0.03,Nov,2,2,2,2,Returning_Visitor,False,True
2,197.25,0,0.0,62,3296.94,0.0,0.03,3.51,0.03,Nov,1,1,1,3,Returning_Visitor,True,False
3,68.04,1,70.51,58,1294.85,0.01,0.03,15.49,0.0,Nov,1,1,2,2,Returning_Visitor,False,True
1,5.09,0,1.43,1,0.0,0.19,0.06,0.17,0.0,Sep,2,2,1,3,Returning_Visitor,False,False
2,0.0,0,1.92,57,1319.03,0.03,0.03,1.59,0.0,Dec,2,2,1,20,Returning_Visitor,False,False
2,15.37,0,0.78,23,586.94,0.02,0.03,0.72,0.03,May,2,5,1,3,Returning_Visitor,False,False
1,0.0,0,0.91,75,1091.77,0.01,0.03,0.07,0.03,Mar,2,2,4,3,Returning_Visitor,False,False
8,357.71,2,45.5,30,1250.94,0.01,0.0,1.54,0.0,Mar,1,2,6,3,Returning_Visitor,False,True
3,120.29,0,0.0,63,867.33,0.01,0.01,12.7,0.0,Mar,1,1,1,2,Returning_Visitor,False,True
3,166.33,2,3.94,60,2085.97,0.01,0.02,0.0,0.0,Nov,2,2,4,2,Returning_Visitor,False,False
7,21.1,0,0.0,7,96.0,0.02,0.01,0.0,0.03,Mar,2,2,1,3,New_Visitor,False,False
0,0.0,0,1.5,27,263.27,0.0,0.04,0.0,0.03,Mar,2,2,1,3,Returning_Visitor,False,False
5,22.19,0,1.52,55,291.17,0.01,0.02,2.04,0.0,Nov,3,2,1,3,New_Visitor,True,False
3,25.03,0,1.44,21,604.5,0.01,0.02,2.13,0.03,May,2,2,1,13,Returning_Visitor,False,False
5,115.11,2,146.0,89,3639.74,0.0,0.02,5.16,0.03,Mar,2,2,7,3,Returning_Visitor,False,False
3,0.0,4,32.5,7,1245.09,0.01,0.01,0.77,0.0,Mar,2,2,1,2,Returning_Visitor,False,False
3,0.0,0,0.0,9,1271.13,0.01,0.01,60.72,0.03,Sep,2,2,1,2,New_Visitor,False,True
9,88.0,0,1.29,66,1986.55,0.01,0.02,34.07,0.03,Mar,1,1,1,2,Returning_Visitor,False,False
3,0.0,0,1.24,61,1178.55,0.03,0.04,0.0,0.09,Mar,3,2,1,1,Returning_Visitor,True,False
3,0.0,0,0.0,28,1302.79,0.01,0.02,1.78,0.03,Nov,2,2,1,20,Returning_Visitor,False,False
2,315.65,0,89.0,59,1252.77,0.01,0.03,1.05,0.8,May,1,1,4,3,Returning_Visitor,True,False
0,0.0,0,0.0,5,155.0,0.07,0.03,4.54,0.03,Nov,2,2,1,2,Returning_Visitor,False,False
3,23.53,0,1.88,55,1659.32,0.0,0.0,62.35,0.03,Nov,1,1,1,3,Returning_Visitor,False,True
2,73.19,0,22.2,53,1160.33,0.0,0.02,0.0,0.03,Mar,2,2,1,2,Returning_Visitor,True,False
3,76.33,0,1.35,7,1209.16,0.0,0.01,6.58,0.03,Nov,2,2,8,2,Returning_Visitor,False,False
0,0.0,0,0.0,61,1194.6,0.0,0.03,0.0,0.03,Mar,2,2,1,1,Returning_Visitor,False,False
2,115.5,0,3.68,29,226.0,0.0,0.01,0.0,0.03,Mar,3,2,1,3,Returning_Visitor,False,False
12,81.5,0,0.0,68,2202.58,0.01,0.02,0.0,0.03,May,2,2,1,1,Returning_Visitor,False,False
3,0.0,0,0.76,55,173.5,0.01,0.01,2.83,0.03,Dec,2,2,2,2,Returning_Visitor,False,False
9,64.09,1,21.0,54,1310.07,0.01,0.03,2.02,0.03,Mar,3,2,6,13,Returning_Visitor,False,False
7,89.95,0,1.16,37,552.04,0.01,0.02,1.91,0.03,Nov,1,1,4,2,Returning_Visitor,False,False
0,0.0,0,0.0,37,1274.08,0.07,0.09,0.0,0.03,Mar,3,2,1,3,Returning_Visitor,False,False
3,52.33,0,1.0,75,291.0,0.0,0.02,1.06,0.0,Mar,2,2,1,2,Returning_Visitor,False,False
1,3.79,0,1.76,11,1236.49,0.0,0.02,1.55,0.0,May,2,2,1,4,Returning_Visitor,False,False
0,0.0,0,0.55,36,1241.87,0.01,0.01,53.1,0.0,Nov,2,2,1,4,Returning_Visitor,False,True
8,121.39,0,2.11,44,1201.55,0.01,0.02,0.0,0.0,Dec,3,2,3,2,Returning_Visitor,False,False
2,32.88,0,0.0,96,0.0,0.2,0.13,1.04,0.0,Nov,2,7,1,3,Returning_Visitor,False,False
1,0.0,0,0.0,47,39.5,0.0,0.04,4.22,0.0,Nov,2,2,8,3,Returning_Visitor,False,False
1,18.15,0,2.02,53,1116.05,0.01,0.03,30.32,0.03,May,2,2,3,2,Returning_Visitor,False,False
0,0.0,0,0.6,27,1238.63,0.01,0.01,38.12,0.03,May,2,2,2,4,Returning_Visitor,False,True
3,32.94,0,1.37,69,3898.82,0.01,0.03,0.09,0.0,Nov,2,2,7,1,Returning_Visitor,False,False
0,9.73,0,0.71,17,1257.79,0.01,0.02,0.0,0.03,May,2,2,5,2,Returning_Visitor,False,False
4,42.0,2,39.28,57,1367.0,0.01,0.0,0.14,0.0,Mar,2,2,1,2,Returning_Visitor,False,False
10,24.73,2,23.87,56,3310.11,0.01,0.01,0.0,0.03,May,2,2,3,4,Returning_Visitor,False,False
3,55.29,0,8.53,80,1252.89,0.0,0.02,61.23,0.0,Mar,2,2,1,2,Returning_Visitor,False,True
2,104.88,0,0.0,56,1381.37,0.01,0.03,0.0,0.03,Mar,1,1,1,3,Returning_Visitor,False,False
0,40.82,0,0.0,3,32.5,0.07,0.13,3.7,0.03,Dec,2,2,9,3,Returning_Visitor,True,False
0,0.0,0,0.0,71,1307.24,0.03,0.02,1.77,0.03,June,2,2,9,3,Returning_Visitor,False,False
2,58.18,0,0.92,49,1167.3,0.01,0.01,0.0,0.03,Nov,2,2,1,2,New_Visitor,False,False
1,31.29,1,1.0,93,776.46,0.02,0.02,3.44,0.03,May,2,2,1,5,Returning_Visitor,True,False
3,78.3,2,120.0,59,581.44,0.0,0.01,58.37,0.03,Mar,2,2,3,2,Returning_Visitor,False,True
0,31.9,0,1.3,1,63.7,0.16,0.2,0.0,0.03,Mar,1,1,4,3,Returning_Visitor,False,False
2,30.5,0,18.0,15,1518.1,0.02,0.03,2.9,0.03,May,2,2,1,2,Returning_Visitor,False,True
1,23.0,0,0.94,30,558.61,0.01,0.03,0.0,0.03,May,2,10,1,1,Returning_Visitor,False,True
0,0.0,0,1.53,48,1230.74,0.01,0.08,3.32,0.03,Dec,1,2,4,6,Returning_Visitor,False,False
0,10.11,0,0.0,50,158.88,0.14,0.13,0.0,0.03,Nov,3,2,4,2,Returning_Visitor,False,False
2,28.02,0,0.83,65,1215.1,0.01,0.04,1.73,0.03,Dec,1,2,1,2,Returning_Visitor,False,False
2,0.0,0,0.0,61,1235.41,0.0,0.01,2.07,0.0,Nov,2,2,1,2,Returning_Visitor,False,False
0,20.79,0,1.68,63,1178.54,0.0,0.03,1.32,0.0,Nov,2,2,3,20,Returning_Visitor,False,False
2,58.67,0,0.0,17,275.7,0.04,0.05,0.0,0.6,Nov,3,2,8,2,Returning_Visitor,False,False
3,153.75,0,0.68,22,670.0,0.0,0.02,0.0,0.03,Mar,2,2,1,2,Returning_Visitor,False,False
3,613.67,0,0.0,55,942.79,0.02,0.05,11.46,0.03,Mar,2,2,8,3,Returning_Visitor,False,False
3,27.89,1,14.7,9,358.4,0.0,0.02,0.59,0.0,Oct,2,2,1,2,Returning_Visitor,True,False
3,0.0,0,0.0,17,1283.76,0.0,0.03,0.0,0.03,Nov,2,2,4,3,Returning_Visitor,False,False
0,7.74,0,1.45,12,1163.72,0.0,0.03,0.73,0.03,Mar,2,2,1,3,Returning_Visitor,False,False
1,14.38,0,1.14,60,527.38,0.01,0.04,0.87,0.03,Nov,2,2,1,1,Returning_Visitor,False,False
2,0.0,0,1.62,2,16.0,0.0,0.1,0.0,0.03,May,1,1,1,2,Returning_Visitor,False,False
0,3.21,0,1.06,81,1209.9,0.01,0.03,0.0,0.03,Mar,2,3,1,3,Returning_Visitor,False,False
3,0.0,0,0.81,20,304.33,0.01,0.02,0.19,0.03,May,1,2,1,2,Returning_Visitor,False,False
1,3.08,0,0.9,55,2026.2,0.0,0.03,5.07,0.03,Nov,2,2,3,1,Returning_Visitor,False,False
0,20.52,0,842.3,61,1911.71,0.01,0.02,8.02,0.03,Jul,2,2,1,2,Returning_Visitor,False,True
2,8.54,0,1.04,2,94.0,0.02,0.1,0.76,0.03,Nov,2,2,1,1,Returning_Visitor,False,False
3,22.61,0,0.0,25,1208.48,0.01,0.0,70.26,0.03,Nov,2,2,1,2,Returning_Visitor,False,False
2,30.5,0,0.0,47,1324.24,0.05,0.05,3.91,0.03,Mar,2,2,7,1,Returning_Visitor,False,False
1,65.97,1,26.5,51,1332.45,0.01,0.04,16.05,0.0,Nov,2,2,2,2,Returning_Visitor,False,False
1,0.0,0,1.21,50,1109.41,0.0,0.03,0.0,0.03,Mar,2,2,1,3,Returning_Visitor,True,False
3,48.99,0,0.0,7,25.2,0.01,0.03,1.93,0.0,Mar,2,2,1,20,Returning_Visitor,False,False
3,250.96,0,2.39,53,1243.08,0.0,0.02,0.43,0.0,May,2,2,1,13,Returning_Visitor,False,False
0,39.65,0,3.81,26,1237.97,0.07,0.09,0.56,0.04,May,1,2,1,1,Returning_Visitor,False,False
3,32.0,0,0.0,54,1032.72,0.0,0.02,21.23,0.0,May,2,2,1,2,Returning_Visitor,False,False
0,3.86,0,0.0,62,1207.0,0.01,0.03,0.0,0.03,May,2,3,3,2,Returning_Visitor,False,False
4,184.37,0,1.03,69,1232.51,0.0,0.02,2.59,0.03,Mar,3,2,1,5,Returning_Visitor,False,False
2,278.49,0,32.0,72,1188.28,0.01,0.03,14.8,0.03,Mar,1,2,1,8,Returning_Visitor,False,False
5,26.35,0,1.74,59,1220.71,0.0,0.01,0.0,0.03,May,2,2,5,4,Returning_Visitor,False,False
3,24.93,0,3.0,68,1346.93,0.04,0.02,0.0,0.03,Nov,2,2,1,2,Returning_Visitor,False,False
1,0.0,0,0.13,41,1061.72,0.01,0.02,0.0,0.03,May,2,5,1,3,Returning_Visitor,False,False
2,23.58,0,1.67,15,1278.03,0.0,0.01,1.38,0.03,Mar,2,2,1,3,Returning_Visitor,False,False
7,498.9,0,0.0,61,1225.66,0.02,0.01,2.11,0.03,Oct,2,5,4,3,Returning_Visitor,False,False
1,0.0,0,1.31,42,249.0,0.04,0.06,1.09,0.0,Nov,1,2,1,3,Returning_Visitor,False,False
2,32.38,0,2.32,15,444.75,0.01,0.01,39.14,0.03,Nov,2,2,1,2,New_Visitor,False,True
3,78.05,0,3.05,108,864.89,0.0,0.02,0.0,0.03,Nov,3,2,1,2,Returning_Visitor,False,False
2,38.85,0,0.7,7,49.87,0.09,0.15,0.76,0.03,Dec,2,2,9,2,Returning_Visitor,True,False
2,56.44,0,0.0,46,1438.2,0.0,0.01,0.59,0.0,Mar,2,2,1,3,Returning_Visitor,False,False
0,22.15,0,1.31,19,154.22,0.03,0.02,1.47,0.03,Feb,2,2,1,3,Returning_Visitor,False,False
3,63.07,1,4.74,57,2236.51,0.0,0.02,20.1,0.03,Nov,2,2,1,2,Returning_Visitor,False,True
2,23.91,0,1.09,61,0.0,0.02,0.2,1.22,0.0,Jul,3,2,1,13,Returning_Visitor,False,False
3,24.41,0,0.0,46,1188.64,0.0,0.02,5.36,0.03,Nov,2,2,1,2,Returning_Visitor,False,True
0,0.0,0,1.07,10,0.0,0.2,0.13,0.0,0.03,Mar,1,1,1,3,Returning_Visitor,False,False
2,150.6,0,0.0,86,1258.44,0.02,0.04,0.0,0.03,Nov,2,2,1,3,Returning_Visitor,False,False
3,18.44,0,1.14,58,911.58,0.01,0.01,0.51,0.0,Nov,3,2,1,2,Returning_Visitor,True,False
3,211.17,2,12.83,57,2813.62,0.01,0.02,0.39,0.0,Mar,2,2,3,2,Returning_Visitor,False,False
0,13.43,0,0.0,83,1392.99,0.2,0.2,0.0,0.03,Dec,2,2,1,3,Returning_Visitor,False,False
0,23.78,0,1.84,1,66.32,0.2,0.2,0.0,0.03,Mar,1,1,1,1,Returning_Visitor,False,False
3,32.52,0,0.66,51,1191.61,0.01,0.02,1.99,0.03,Nov,2,2,2,1,Returning_Visitor,False,False
1,0.0,0,1.18,2,139.0,0.05,0.1,0.75,0.03,May,2,2,1,2,Returning_Visitor,False,False
2,2.12,0,0.0,19,1350.74,0.01,0.01,4.32,0.0,May,2,2,1,2,Returning_Visitor,False,False
2,307.98,0,0.0,31,386.25,0.0,0.02,0.0,0.03,Oct,2,2,1,3,Returning_Visitor,False,False
1,26.82,0,0.0,8,208.0,0.01,0.03,0.0,0.03,Nov,2,2,1,1,Returning_Visitor,False,False
2,0.0,1,36.33,38,1663.68,0.02,0.02,0.99,0.03,Mar,2,2,1,1,Returning_Visitor,False,False
0,0.0,0,0.47,60,1165.0,0.0,0.05,0.0,0.03,Mar,2,2,3,10,Returning_Visitor,False,False
1,17.55,0,1.07,21,1290.12,0.01,0.01,0.0,0.8,May,3,2,1,2,Returning_Visitor,False,False
1,51.84,0,0.97,65,1238.87,0.01,0.03,33.09,0.03,Nov,2,2,3,2,Returning_Visitor,False,False
9,358.51,2,14.0,75,1228.96,0.01,0.03,4.14,0.03,Mar,1,1,1,2,Returning_Visitor,False,False
0,14.62,0,0.0,15,921.21,0.0,0.04,1.08,0.0,Sep,4,2,1,3,Returning_Visitor,False,False
3,5.31,0,0.0,15,1334.77,0.05,0.02,0.34,0.0,Nov,2,2,3,3,Returning_Visitor,False,False
0,22.57,0,0.0,3,0.0,0.2,0.2,0.0,0.69,May,2,2,1,3,Returning_Visitor,False,False
2,11.62,0,1.68,59,1921.1,0.01,0.03,5.29,0.03,Mar,2,2,3,2,Returning_Visitor,False,False
1,17.31,0,0.97,4,82.94,0.0,0.05,0.0,0.0,Nov,1,1,1,3,Returning_Visitor,False,False
3,41.2,0,1.61,63,1409.97,0.01,0.03,0.0,0.0,Aug,1,1,1,5,New_Visitor,False,False
1,7.63,0,0.0,27,1208.3,0.04,0.07,2.03,0.03,Mar,2,2,1,3,Returning_Visitor,False,False
0,14.33,0,1.58,20,2403.25,0.01,0.03,1.69,0.03,Mar,2,2,1,3,New_Visitor,False,False
2,74.28,0,3.99,23,1291.65,0.01,0.01,1.21,0.03,Mar,2,2,3,2,Returning_Visitor,False,False
0,0.0,0,1.38,26,273.25,0.05,0.08,0.0,0.0,Dec,3,2,5,1,Returning_Visitor,True,False
3,23.71,0,0.88,17,296.23,0.02,0.02,0.0,0.03,May,1,1,1,2,Returning_Visitor,True,False
1,0.0,0,0.0,61,2420.65,0.05,0.05,0.87,0.0,Nov,2,2,1,3,Returning_Visitor,False,False
2,36.36,0,116.0,57,1106.53,0.03,0.02,4.38,0.03,Nov,3,2,1,4,Returning_Visitor,False,False
1,162.0,0,75.5,53,158.5,0.0,0.02,3.13,0.03,Nov,2,2,1,2,Returning_Visitor,False,False
5,44.74,0,129.75,18,1173.75,0.0,0.02,2.7,0.03,Nov,2,2,1,4,Returning_Visitor,False,False
0,1.43,0,0.0,58,1206.07,0.01,0.03,3.37,0.03,May,2,4,1,2,Returning_Visitor,False,False
2,42.9,0,1.06,63,50.83,0.03,0.05,6.47,0.0,Nov,2,2,3,2,New_Visitor,False,False
3,19.0,0,0.0,61,3013.12,0.0,0.01,14.47,0.03,Nov,2,2,1,2,Returning_Visitor,False,True
0,0.0,0,2.4,48,0.0,0.2,0.15,0.26,0.03,Mar,2,2,1,1,Returning_Visitor,False,False
0,0.0,1,6.0,48,1039.78,0.01,0.02,5.38,0.03,Nov,2,4,1,2,Returning_Visitor,False,False
2,84.83,0,0.0,62,1897.69,0.01,0.03,4.34,0.0,Mar,1,2,1,3,Returning_Visitor,False,True
1,38.0,0,0.0,12,1393.65,0.03,0.02,0.0,0.03,Mar,3,2,4,2,Returning_Visitor,False,False
0,16.88,0,2.18,49,1130.58,0.0,0.02,0.0,0.03,Feb,1,1,3,3,Returning_Visitor,False,False
3,52.61,0,5.44,38,1212.78,0.01,0.01,17.35,0.03,Mar,3,2,1,2,Returning_Visitor,True,True
0,12.71,0,1.49,98,141.56,0.05,0.03,0.86,0.0,Feb,1,1,3,3,Returning_Visitor,False,False
1,7.91,0,1.71,37,1216.36,0.01,0.03,0.61,0.03,Nov,2,2,1,3,Returning_Visitor,True,False
18,47.56,0,0.0,64,1113.9,0.01,0.02,0.0,0.0,Nov,2,2,1,2,Returning_Visitor,False,False
1,0.0,0,1.13,66,1191.95,0.05,0.04,0.68,0.2,Nov,3,2,1,3,Returning_Visitor,False,False
4,183.25,1,21.0,20,1106.9,0.02,0.0,0.76,0.0,Mar,1,2,1,3,Returning_Visitor,False,False
3,20.49,5,74.21,55,4081.04,0.01,0.01,1.88,0.03,Nov,3,2,6,2,Returning_Visitor,False,False
1,68.0,0,0.13,15,870.67,0.01,0.02,0.0,0.03,Mar,2,4,1,2,Returning_Visitor,False,False
0,12.05,0,0.0,8,128.5,0.01,0.02,2.38,0.03,Mar,2,2,1,1,Returning_Visitor,False,False
3,24.35,0,0.0,1,833.73,0.01,0.2,3.75,0.03,Nov,1,1,3,8,Returning_Visitor,False,False
2,270.0,0,228.5,60,1164.33,0.0,0.02,32.5,0.0,Nov,2,2,1,2,Returning_Visitor,False,True
0,0.0,0,1.78,57,4115.23,0.01,0.02,0.0,0.0,May,2,2,1,2,Returning_Visitor,False,False
0,0.0,0,1.23,16,59.0,0.1,0.17,0.24,0.8,May,2,1,1,2,Returning_Visitor,False,False
4,175.87,0,1.6,67,5.0,0.0,0.03,0.0,0.03,Dec,2,2,3,2,Returning_Visitor,False,False
2,0.0,0,0.0,14,0.0,0.2,0.14,0.03,0.8,May,2,2,1,3,Returning_Visitor,False,False
2,8.68,0,0.63,57,5172.08,0.01,0.02,0.45,0.03,Nov,2,2,1,2,Returning_Visitor,False,False
1,19.39,0,0.93,54,905.83,0.03,0.02,0.68,0.03,Mar,2,2,1,2,Returning_Visitor,False,False
0,0.0,0,0.0,28,1246.04,0.0,0.01,0.0,0.03,Nov,2,2,3,2,Returning_Visitor,False,False
0,9.05,0,1.13,55,1302.72,0.02,0.05,0.0,0.0,Mar,2,2,1,3,Returning_Visitor,True,False
5,64.57,3,53.5,200,6671.29,0.01,0.01,0.0,0.0,Mar,2,2,5,2,Returning_Visitor,False,False
0,7.07,0,0.0,40,997.75,0.03,0.05,0.72,0.03,May,2,2,2,3,Returning_Visitor,False,False
3,16.67,0,0.0,70,1317.17,0.0,0.03,1.99,0.03,May,3,2,1,1,Returning_Visitor,False,False
3,0.0,0,1.26,75,0.0,0.01,0.2,0.81,0.0,Nov,3,2,1,8,New_Visitor,True,False
3,31.35,0,1.49,118,1230.12,0.01,0.03,2.57,0.03,Mar,2,2,1,20,Returning_Visitor,False,False
3,84.67,0,1.25,34,1333.17,0.0,0.01,8.75,0.0,Dec,2,2,1,2,New_Visitor,False,True
0,0.0,0,0.0,38,1215.17,0.01,0.02,0.96,0.03,Dec,3,2,1,1,Returning_Visitor,True,False
3,16.62,0,0.93,5,126.08,0.03,0.03,2.33,0.03,Nov,3,2,1,2,Returning_Visitor,False,False
3,55.9,0,0.81,65,521.92,0.01,0.01,2.65,0.03,Nov,1,2,1,2,Returning_Visitor,False,False
2,167.41,0,0.0,49,1080.04,0.0,0.03,0.91,0.0,Nov,1,1,3,2,New_Visitor,False,False
0,37.02,0,0.0,20,1144.45,0.01,0.02,23.86,0.03,Dec,2,2,1,2,Returning_Visitor,False,True
3,28.04,0,1.59,36,1302.35,0.01,0.01,0.0,0.0,May,2,10,1,2,Returning_Visitor,True,False
3,21.99,0,1.2,55,1241.48,0.01,0.01,5.79,0.03,Nov,2,1,1,2,Returning_Visitor,False,False
1,85.17,4,1.6,31,888.38,0.01,0.02,9.41,0.03,Nov,4,2,3,1,Returning_Visitor,False,False
2,20.24,0,0.7,50,157.0,0.01,0.05,1.61,0.03,May,1,1,6,3,Returning_Visitor,False,False
3,63.5,0,1.7,9,99.07,0.04,0.03,2.72,0.0,Oct,2,2,1,4,Returning_Visitor,False,False
3,7.0,0,1.39,20,454.92,0.01,0.03,0.0,0.0,Nov,2,2,1,3,Returning_Visitor,False,False
2,37.2,0,0.0,49,1072.82,0.01,0.01,0.0,0.0,Nov,2,4,1,2,Returning_Visitor,False,False
1,16.98,0,1.63,17,310.13,0.04,0.04,0.0,0.0,Nov,3,2,1,1,Returning_Visitor,True,False
2,0.0,0,0.0,60,222.26,0.01,0.02,2.64,0.0,May,2,2,1,2,Returning_Visitor,False,False
8,23.94,2,33.0,75,1214.92,0.01,0.02,1.29,0.03,May,2,2,4,6,Returning_Visitor,False,False
0,49.63,0,0.0,53,1624.32,0.01,0.03,0.48,0.03,Sep,3,2,4,3,Returning_Visitor,False,False
1,35.92,0,0.0,18,1201.71,0.02,0.01,2.9,0.03,Nov,2,2,1,3,Returning_Visitor,False,False
0,0.0,0,0.87,34,1234.84,0.03,0.04,2.17,0.0,May,2,2,1,3,Returning_Visitor,False,False
2,43.95,0,56.4,61,1391.2,0.01,0.03,3.57,0.0,Aug,2,2,1,2,Returning_Visitor,False,False
2,8.99,0,1.33,1,93.94,0.2,0.2,0.62,0.0,Nov,2,6,1,2,Returning_Visitor,False,False
1,14.3,0,2.73,1,0.0,0.19,0.14,0.23,0.0,Nov,1,1,1,3,Returning_Visitor,False,False
3,64.02,0,2.68,39,1235.69,0.01,0.02,15.41,0.03,Nov,3,2,1,2,Returning_Visitor,False,True
3,50.19,1,4.09,28,761.5,0.01,0.02,0.0,0.0,Nov,2,2,1,1,Returning_Visitor,False,False
3,50.89,0,25.2,22,1009.55,0.01,0.02,2.35,0.03,Jul,2,2,1,2,Returning_Visitor,False,False
3,45.59,0,6.43,61,2587.15,0.01,0.01,0.68,0.03,Nov,1,2,7,2,Returning_Visitor,False,False
3,39.78,0,0.0,10,320.75,0.0,0.02,0.0,0.0,Mar,2,2,1,2,New_Visitor,False,False
0,12.13,0,2.28,20,1302.02,0.01,0.03,0.13,0.03,May,3,2,1,1,Returning_Visitor,False,False
2,23.76,2,10.0,49,977.37,0.0,0.0,0.61,0.03,Nov,8,2,1,20,Other,False,True
10,23.99,1,10.0,79,1233.31,0.01,0.04,0.96,0.03,Dec,2,2,1,3,Returning_Visitor,False,False
0,0.0,0,2.21,61,217.0,0.01,0.03,0.49,0.8,May,2,1,1,3,Returning_Visitor,False,False
0,22.1,0,55.0,38,1178.85,0.01,0.03,0.0,0.03,May,2,2,2,4,Returning_Visitor,False,False
3,36.61,0,0.0,31,163.0,0.01,0.01,1.55,0.03,Mar,3,2,1,9,New_Visitor,False,False
2,13.88,0,0.57,31,143.58,0.01,0.06,3.6,0.03,Nov,2,2,3,1,Returning_Visitor,False,False
3,108.22,0,0.0,38,878.62,0.0,0.03,6.78,0.0,Mar,2,2,1,2,Returning_Visitor,False,True
3,317.38,1,16.83,75,3537.99,0.01,0.02,2.86,0.0,Mar,2,2,5,2,Returning_Visitor,False,False
1,0.0,0,1.71,58,1260.67,0.06,0.11,0.0,0.03,May,2,2,5,1,Returning_Visitor,False,False
2,14.88,3,2.85,68,1664.15,0.01,0.02,6.69,0.03,Nov,2,1,1,2,Returning_Visitor,False,True
3,200.5,0,1.08,55,1178.01,0.01,0.01,7.83,0.03,May,2,2,1,3,Returning_Visitor,False,True
2,88.26,0,0.68,18,2172.56,0.02,0.04,1.88,0.03,Mar,2,2,1,1,Returning_Visitor,False,False
3,17.93,0,1.29,6,216.0,0.0,0.03,0.0,0.03,Mar,2,2,7,10,Returning_Visitor,False,False
3,19.38,0,1.24,56,1194.99,0.01,0.02,1.17,0.03,Mar,2,4,1,3,Returning_Visitor,False,False
3,180.8,0,1.56,16,408.47,0.0,0.0,18.57,0.03,Aug,1,1,1,2,Returning_Visitor,False,False
1,18.0,2,13.0,64,1033.25,0.01,0.02,0.0,0.03,Mar,2,2,4,2,Returning_Visitor,False,False
0,0.0,0,0.93,74,1306.91,0.01,0.03,0.0,0.03,Mar,2,10,1,3,Returning_Visitor,False,False
1,53.13,3,8.05,78,1174.19,0.01,0.01,55.96,0.03,Mar,2,2,1,2,Returning_Visitor,False,True
0,0.0,0,1.5,46,1407.96,0.01,0.07,0.0,0.0,May,2,2,1,1,Returning_Visitor,False,False
3,98.8,0,0.0,58,1236.6,0.01,0.03,6.18,0.03,Jul,3,2,2,5,Returning_Visitor,True,False
3,49.3,4,134.46,59,1222.02,0.0,0.02,29.15,0.0,Nov,2,2,1,2,Returning_Visitor,False,False
0,10.71,0,4.35,18,1153.28,0.01,0.04,2.73,0.03,Mar,1,1,1,3,Returning_Visitor,False,False
3,62.0,0,0.0,13,392.93,0.02,0.02,0.0,0.0,May,1,2,3,2,Returning_Visitor,False,False
3,2.45,0,2.12,42,1129.67,0.0,0.03,0.47,0.03,Nov,2,1,1,2,Returning_Visitor,True,False
2,43.0,0,0.0,50,725.33,0.01,0.02,0.0,0.0,Nov,2,2,3,13,Returning_Visitor,False,False
5,129.5,0,0.49,13,1240.45,0.01,0.03,0.0,0.03,Mar,2,2,1,2,Returning_Visitor,False,False
3,344.84,0,1.7,51,1197.75,0.0,0.03,94.1,0.03,Oct,2,2,2,3,Returning_Visitor,False,True
5,109.83,1,8.93,58,932.28,0.01,0.03,64.46,0.0,Nov,1,1,4,2,Returning_Visitor,False,False
4,35.04,0,0.57,10,321.03,0.01,0.0,43.39,0.0,Aug,2,4,7,2,New_Visitor,False,False
0,4.0,0,1.52,1,63.87,0.19,0.15,0.17,0.04,Mar,1,2,3,4,Returning_Visitor,False,False
0,0.0,0,1.52,75,1165.97,0.01,0.03,0.0,0.0,Aug,2,2,4,2,Returning_Visitor,False,False
3,362.32,2,31.0,95,4817.92,0.01,0.02,0.45,0.03,Nov,1,1,5,2,Returning_Visitor,False,True
2,46.83,0,1.07,3,70.51,0.01,0.07,2.45,0.0,Mar,1,1,3,1,Returning_Visitor,False,False
8,352.72,3,3.3,5,1232.32,0.02,0.01,0.0,0.03,Nov,2,2,3,2,Returning_Visitor,False,False
0,20.86,0,0.0,59,383.0,0.03,0.03,1.22,0.03,Dec,1,1,1,3,Returning_Visitor,True,False
4,33.92,0,1.24,64,1257.33,0.01,0.04,48.66,0.03,Nov,2,2,1,3,Returning_Visitor,False,True
0,11.37,0,1.85,56,65.76,0.2,0.02,1.67,0.03,Feb,2,4,3,3,Returning_Visitor,False,False
0,19.2,0,0.0,4,135.5,0.01,0.07,0.0,0.0,Mar,2,2,3,1,Returning_Visitor,False,False
3,141.0,0,1.88,72,1264.6,0.01,0.01,60.54,0.03,Nov,2,2,7,4,Returning_Visitor,False,False
3,13.5,1,54.93,54,1759.28,0.02,0.02,1.14,0.03,Mar,2,2,7,4,Returning_Visitor,False,False
15,382.35,2,49.45,32,1234.32,0.01,0.01,0.63,0.03,Aug,3,2,1,2,Returning_Visitor,False,False
3,113.8,0,0.0,15,1045.6,0.01,0.03,1.61,0.03,Nov,2,2,1,3,Returning_Visitor,False,False
3,0.0,0,0.0,55,12.0,0.0,0.02,0.83,0.0,May,2,10,1,2,Returning_Visitor,False,False
1,70.5,0,0.62,28,1220.06,0.01,0.02,17.46,0.0,Nov,3,2,3,3,Returning_Visitor,False,False
6,251.91,0,235.75,21,1338.93,0.02,0.01,0.0,0.0,Dec,2,2,1,1,Returning_Visitor,False,False
0,19.0,0,1.83,92,268.5,0.03,0.1,1.42,0.03,May,2,2,1,13,Returning_Visitor,False,False
8,31.13,0,1.34,66,368.9,0.01,0.02,3.97,0.0,Mar,3,2,1,13,Returning_Visitor,True,False
6,174.75,0,16.82,33,1276.76,0.01,0.02,31.74,0.03,Mar,1,2,1,2,Returning_Visitor,False,True
0,0.0,0,27.0,50,1218.03,0.02,0.02,1.0,0.0,Dec,2,2,7,1,Returning_Visitor,False,False
4,26.11,1,0.0,61,1193.46,0.0,0.04,0.0,0.0,Nov,1,2,1,3,Returning_Visitor,True,False
3,30.1,0,0.8,67,5900.35,0.0,0.02,0.56,0.03,Nov,3,2,1,10,Returning_Visitor,False,False
0,0.0,0,1.32,62,488.41,0.01,0.03,0.0,0.0,Nov,1,8,1,3,Returning_Visitor,False,True
2,40.9,0,9.43,66,900.05,0.02,0.03,2.6,0.03,Nov,3,2,1,2,Returning_Visitor,True,False
7,58.39,0,0.0,66,1553.7,0.01,0.02,1.86,0.0,June,2,2,1,3,Returning_Visitor,False,False
3,118.52,1,62.63,45,1031.23,0.0,0.01,4.17,0.03,Mar,1,2,1,2,Returning_Visitor,False,False
2,36.33,1,29.5,58,1157.58,0.01,0.02,1.75,0.03,Mar,2,2,1,2,Returning_Visitor,False,False
3,46.55,0,0.0,79,207.6,0.0,0.03,3.95,0.03,Mar,2,2,9,2,New_Visitor,False,False
0,2.66,0,0.0,60,2606.78,0.01,0.03,4.24,0.0,Dec,2,2,3,2,Returning_Visitor,False,False
3,39.5,2,64.86,62,3909.62,0.0,0.02,0.85,0.0,Nov,2,2,3,2,Returning_Visitor,False,False
2,119.0,0,1.18,61,1204.97,0.0,0.02,1.39,0.03,Mar,2,2,1,10,Returning_Visitor,False,False
8,451.28,10,1.16,59,1083.99,0.01,0.01,1.52,0.03,May,2,2,1,3,Returning_Visitor,False,True
3,54.6,2,22.13,58,1100.79,0.01,0.02,0.67,0.03,Nov,2,2,1,1,Returning_Visitor,False,False
3,37.75,0,2.7,63,1214.34,0.01,0.02,2.74,0.03,Mar,3,2,4,6,Returning_Visitor,False,False
0,18.66,0,2.46,41,0.0,0.19,0.15,0.44,0.03,Mar,2,2,1,1,Returning_Visitor,False,False
3,38.0,0,20.0,60,2931.58,0.01,0.02,0.0,0.03,Nov,2,2,4,2,Returning_Visitor,True,False
0,0.0,0,1.16,37,316.13,0.01,0.05,0.0,0.03,Nov,2,2,3,2,Returning_Visitor,False,False
3,283.1,2,42.65,54,661.14,0.01,0.03,0.0,0.03,Mar,2,2,1,13,Returning_Visitor,False,True
9,254.08,0,1.46,69,2002.23,0.02,0.02,0.0,0.03,Nov,2,2,1,1,Returning_Visitor,False,False
1,0.0,0,1.35,49,1163.04,0.06,0.03,1.17,0.03,Dec,1,2,1,1,Returning_Visitor,False,False
1,0.0,0,0.0,17,927.17,0.01,0.01,0.9,0.03,Mar,1,1,2,3,Returning_Visitor,False,False
3,68.26,1,2.08,44,2279.22,0.0,0.01,4.3,0.03,May,3,2,7,4,Returning_Visitor,False,False
2,87.92,1,0.0,46,992.34,0.01,0.03,6.02,0.03,Dec,1,2,1,2,Returning_Visitor,False,False
6,160.2,2,21.2,68,1568.32,0.01,0.02,28.06,0.03,Nov,1,1,1,2,Returning_Visitor,False,False
4,317.63,2,256.5,70,3675.94,0.01,0.02,11.62,0.03,Nov,2,2,1,2,Returning_Visitor,True,True
0,17.39,0,1.27,27,1291.96,0.02,0.07,0.66,0.03,May,4,1,1,2,Returning_Visitor,False,False
2,13.75,0,1.31,23,1207.1,0.02,0.04,0.0,0.0,Nov,2,2,1,1,Returning_Visitor,False,False
3,51.16,1,14.0,13,1202.01,0.01,0.01,0.0,0.0,Mar,2,2,1,2,New_Visitor,True,False
1,27.18,0,1.53,19,1256.84,0.01,0.02,0.0,0.03,May,2,5,1,2,Returning_Visitor,False,False
1,9.54,0,0.0,25,1235.9,0.0,0.02,2.74,0.03,Nov,2,2,4,2,Returning_Visitor,False,False
3,218.4,0,0.0,27,897.78,0.02,0.02,6.78,0.03,Nov,2,2,1,3,Returning_Visitor,False,False
3,66.4,3,73.66,59,4031.56,0.01,0.01,0.0,0.0,Mar,2,2,3,2,Returning_Visitor,False,False
3,70.07,1,69.6,56,1293.36,0.0,0.02,7.38,0.0,Mar,2,2,1,2,Returning_Visitor,False,False
3,51.01,2,69.5,52,1333.62,0.01,0.02,0.0,0.03,Nov,2,2,1,2,Returning_Visitor,False,False
1,0.0,0,1.37,51,1238.32,0.01,0.02,0.0,0.0,Feb,2,4,3,4,Returning_Visitor,False,False
1,52.0,0,0.0,55,1265.75,0.0,0.03,4.2,0.03,May,2,2,8,1,Returning_Visitor,True,False
2,58.39,0,0.0,32,840.1,0.01,0.02,4.96,0.03,Aug,1,2,3,2,Returning_Visitor,False,False
0,22.9,0,0.0,83,273.58,0.19,0.2,0.0,0.03,May,2,2,2,3,Returning_Visitor,False,False
0,15.21,0,1.15,33,1266.06,0.02,0.02,0.0,0.0,Mar,2,2,1,3,Returning_Visitor,False,False
0,0.0,0,1.23,5,847.38,0.0,0.03,0.0,0.03,Mar,1,1,3,3,Returning_Visitor,False,False
3,5.0,0,0.12,56,1405.33,0.01,0.01,8.44,0.0,Nov,2,2,1,2,Returning_Visitor,False,True
3,8.0,0,1.03,55,643.88,0.01,0.02,0.0,0.03,Nov,2,4,1,2,Returning_Visitor,False,False
6,54.56,0,0.54,64,1246.87,0.0,0.01,13.91,0.03,May,2,2,1,2,Returning_Visitor,False,False
5,55.41,0,0.0,67,1326.97,0.01,0.02,56.09,0.03,Mar,2,7,1,2,Returning_Visitor,False,True
1,7.0,0,0.0,16,1229.02,0.0,0.01,5.92,0.03,Mar,2,2,1,3,Returning_Visitor,False,False
0,0.0,0,0.28,12,1304.13,0.01,0.05,0.72,0.0,Mar,2,2,1,1,Returning_Visitor,False,False
2,17.0,0,1.82,31,1258.39,0.01,0.09,0.0,0.03,Nov,2,2,1,2,Returning_Visitor,False,False
9,270.75,1,7.1,54,866.42,0.0,0.02,24.85,0.04,May,1,1,3,4,Returning_Visitor,False,False
3,33.0,0,0.59,25,1295.58,0.0,0.01,60.29,0.03,May,2,2,4,2,Returning_Visitor,False,True
2,59.43,0,1.44,9,1153.07,0.0,0.03,0.0,0.0,Dec,2,2,1,8,Returning_Visitor,True,False
24,876.23,6,625.5,66,1588.67,0.01,0.03,0.0,0.03,Mar,2,2,5,2,Returning_Visitor,False,False
1,0.0,0,2.66,67,336.8,0.07,0.08,1.1,0.0,May,1,1,1,1,Returning_Visitor,False,False
5,85.31,0,2.95,67,677.88,0.01,0.01,0.0,0.03,Mar,1,2,1,2,Returning_Visitor,False,False
8,19.44,4,1.49,64,385.75,0.0,0.02,0.0,0.0,May,2,2,1,4,Returning_Visitor,False,False
0,0.0,0,0.69,73,1105.24,0.01,0.06,1.15,0.03,Nov,2,4,1,2,Returning_Visitor,False,False
0,0.0,0,0.0,7,383.5,0.0,0.02,0.0,0.03,Mar,3,2,6,3,Returning_Visitor,False,False
0,0.0,0,0.0,81,449.33,0.1,0.06,0.0,0.0,Mar,3,3,3,2,Returning_Visitor,False,False
2,20.84,0,1.07,59,263.36,0.01,0.07,1.62,0.03,Nov,1,1,4,3,Returning_Visitor,False,False
0,2.58,0,1.78,12,20.0,0.0,0.07,2.8,0.03,Nov,2,4,3,2,Returning_Visitor,False,False
19,739.19,0,8.0,50,1027.99,0.01,0.02,3.81,0.03,Nov,2,2,1,1,Returning_Visitor,False,False
1,7.74,0,0.0,57,1298.22,0.01,0.01,15.09,0.0,Nov,2,2,3,2,Returning_Visitor,False,True
2,7.07,0,2.43,20,1086.83,0.03,0.03,0.22,0.84,May,3,2,1,3,Returning_Visitor,True,False
0,0.0,0,1.14,1,85.52,0.11,0.2,0.56,0.03,Nov,3,2,1,1,Returning_Visitor,False,False
2,34.74,2,119.0,62,1275.12,0.0,0.02,16.15,0.03,Mar,2,2,4,1,Returning_Visitor,False,False
2,44.01,0,1.42,68,392.4,0.0,0.04,0.74,0.0,May,2,1,3,1,Returning_Visitor,False,False
2,6.58,0,0.0,11,1196.29,0.0,0.02,2.57,0.03,May,2,2,1,2,Returning_Visitor,False,False
3,190.5,3,575.0,30,2375.08,0.02,0.01,34.79,0.04,Dec,2,2,3,2,Returning_Visitor,False,True
3,58.17,0,0.0,27,1058.89,0.01,0.02,1.87,0.03,May,2,2,1,13,Returning_Visitor,False,False
0,48.94,0,1.84,47,12634.62,0.01,0.02,3.98,0.0,May,2,2,1,3,Returning_Visitor,True,False
3,7.56,0,0.12,26,1409.32,0.01,0.04,0.6,0.03,May,2,5,6,3,Returning_Visitor,False,False
7,186.1,0,1.75,62,1149.97,0.01,0.03,20.92,0.0,May,2,2,1,1,Returning_Visitor,False,False
2,5.0,0,1.19,44,1187.68,0.03,0.03,0.0,0.0,May,3,2,1,13,Returning_Visitor,False,False
0,0.0,2,34.57,27,875.5,0.0,0.03,3.64,0.03,Nov,2,2,1,2,Returning_Visitor,False,False
7,157.39,0,2.28,46,1598.98,0.01,0.02,0.04,0.0,Nov,2,2,3,2,Returning_Visitor,False,False
1,8.56,0,0.0,57,0.0,0.01,0.05,0.0,0.05,May,2,2,6,3,Returning_Visitor,False,False
0,0.0,0,0.8,68,147.35,0.01,0.06,0.0,0.03,Mar,2,1,1,1,Returning_Visitor,True,False
3,145.48,0,2.79,88,1173.5,0.01,0.02,2.43,0.0,Mar,2,2,8,3,Returning_Visitor,False,False
3,144.83,0,1.98,69,1295.43,0.0,0.02,1.5,0.03,Oct,2,2,1,2,Returning_Visitor,False,False
3,64.11,0,1.77,62,1296.6,0.01,0.03,1.33,0.03,May,2,2,4,2,Returning_Visitor,False,True
3,59.5,1,64.33,55,1294.63,0.01,0.03,5.34,0.03,Nov,2,2,1,6,Returning_Visitor,False,True
0,12.38,0,0.0,14,335.42,0.0,0.02,0.53,0.0,Nov,1,1,1,2,Returning_Visitor,False,False
2,39.8,0,2.04,63,132.4,0.0,0.01,0.83,0.0,Mar,2,2,1,3,New_Visitor,False,True
5,310.0,0,62.79,16,416.4,0.02,0.01,0.85,0.03,Mar,1,2,1,2,Returning_Visitor,True,False
1,6.89,0,0.54,13,91.95,0.0,0.05,0.0,0.03,Mar,2,2,3,3,Returning_Visitor,False,False
2,60.9,0,135.0,27,517.39,0.02,0.01,4.36,0.03,May,2,2,1,4,Returning_Visitor,True,True
3,25.21,2,5.87,38,1160.67,0.01,0.03,1.64,0.03,Dec,2,4,1,3,Returning_Visitor,False,True
3,38.72,2,2.86,55,1315.47,0.0,0.02,2.34,0.0,May,2,2,3,4,New_Visitor,True,False
2,16.28,0,0.0,26,1636.02,0.01,0.02,0.0,0.03,Mar,2,2,1,1,Returning_Visitor,False,False
9,337.58,0,0.0,48,1269.03,0.01,0.02,0.0,0.0,Nov,2,2,1,3,Returning_Visitor,False,False
0,0.0,0,0.94,89,3469.25,0.0,0.01,0.0,0.03,Nov,4,2,1,1,Returning_Visitor,False,True
2,38.07,0,0.0,10,1231.55,0.01,0.02,1.61,0.03,Jul,2,2,6,2,Returning_Visitor,False,True
3,33.0,0,1.36,57,1412.5,0.02,0.06,0.32,0.22,May,2,2,1,13,Returning_Visitor,False,False
7,228.25,0,0.0,39,968.09,0.02,0.02,6.71,0.03,Nov,3,2,1,1,Returning_Visitor,False,False
0,9.36,0,1.13,21,1244.9,0.03,0.03,0.33,0.03,May,2,2,1,1,Returning_Visitor,False,False
13,1230.33,7,286.08,44,3147.25,0.02,0.03,1.6,0.0,Dec,1,2,1,2,Returning_Visitor,False,True
3,48.0,0,11.14,35,1698.0,0.01,0.02,53.02,0.0,Nov,4,1,1,2,Returning_Visitor,False,True
3,2.54,0,0.0,25,1040.75,0.0,0.02,1.33,0.0,Nov,4,1,1,2,Returning_Visitor,True,False
0,14.63,0,0.0,22,1261.51,0.01,0.02,0.0,0.0,Nov,2,2,1,2,Returning_Visitor,False,False
0,0.0,0,1.12,65,286.0,0.01,0.02,0.0,0.8,May,2,2,9,2,Returning_Visitor,False,False
0,56.61,0,0.0,3,241.8,0.01,0.14,0.61,0.03,May,3,2,1,15,Returning_Visitor,False,False
3,58.5,0,0.25,17,281.67,0.01,0.03,2.52,0.03,Mar,1,2,3,3,Returning_Visitor,False,False
1,31.42,0,0.83,11,1328.78,0.0,0.01,0.0,0.03,Mar,2,2,9,2,Returning_Visitor,False,False
4,66.35,0,1.07,5,893.14,0.01,0.02,0.0,0.03,Mar,2,2,4,2,New_Visitor,False,False
3,4.33,0,0.0,56,1130.53,0.03,0.02,0.0,0.03,Nov,1,1,1,3,Returning_Visitor,False,False
16,19.84,0,1.13,103,1108.27,0.01,0.02,7.22,0.0,Mar,3,2,1,3,Returning_Visitor,True,False
3,43.68,0,1.11,3,1046.3,0.0,0.02,1.12,0.03,Nov,3,2,1,10,Returning_Visitor,False,False
1,23.91,0,1.13,60,1232.47,0.01,0.02,0.0,0.03,May,2,2,1,1,Returning_Visitor,False,False
3,0.0,0,0.0,51,721.42,0.02,0.01,0.0,0.0,Nov,2,2,1,8,Returning_Visitor,True,False
3,39.96,0,22.51,58,782.08,0.0,0.01,23.03,0.03,May,2,2,1,2,New_Visitor,False,True
0,0.0,0,1.41,2,64.5,0.0,0.02,2.5,0.0,Nov,2,2,8,2,Returning_Visitor,False,False
2,137.0,0,1.5,71,1097.73,0.01,0.02,2.48,0.0,Oct,2,2,7,4,Returning_Visitor,False,True
1,41.32,0,0.98,24,1214.73,0.0,0.02,2.09,0.03,Dec,2,2,1,2,Returning_Visitor,False,False
2,86.08,0,0.0,65,1272.24,0.01,0.03,0.0,0.0,Mar,2,2,3,2,Returning_Visitor,True,False
0,6.3,0,0.28,8,1187.72,0.01,0.03,1.72,0.03,Mar,2,4,1,2,Returning_Visitor,False,False
7,1305.11,4,1.13,51,1161.48,0.01,0.02,12.76,0.0,Nov,1,2,3,20,Returning_Visitor,False,True
3,1751.05,3,1.74,59,1166.71,0.01,0.03,4.28,0.03,May,2,4,1,3,Returning_Visitor,False,False
1,6.57,0,1.71,86,196.37,0.01,0.07,0.0,0.04,Dec,1,1,1,2,Returning_Visitor,False,False
3,42.98,0,0.0,140,1155.28,0.0,0.04,2.93,0.0,Nov,2,2,1,13,Returning_Visitor,False,True
2,24.81,0,25.0,31,2725.0,0.01,0.03,1.09,0.03,Mar,2,6,1,3,Returning_Visitor,False,False
2,363.6,0,0.89,66,1377.65,0.01,0.02,8.42,0.0,Dec,3,2,1,2,Returning_Visitor,True,True
3,29.38,1,4.8,85,1602.24,0.0,0.02,0.0,0.03,Nov,3,2,1,3,Returning_Visitor,True,False
3,56.79,0,1.13,61,71.11,0.01,0.02,0.41,0.03,Mar,2,1,1,2,New_Visitor,True,False
3,100.36,0,1.41,41,1200.5,0.01,0.02,2.41,0.0,Oct,2,2,1,3,Returning_Visitor,False,False
2,161.2,0,1.75,7,1058.45,0.01,0.02,1.9,0.03,Oct,3,2,2,1,Returning_Visitor,False,False
2,0.0,0,1.03,17,1198.39,0.0,0.03,0.0,0.03,May,2,2,1,3,Returning_Visitor,False,False
3,192.5,0,0.0,54,1194.09,0.01,0.03,3.35,0.03,Mar,2,2,3,2,Returning_Visitor,False,False
0,41.88,0,1.63,55,4900.64,0.01,0.02,0.0,0.0,Sep,2,2,1,4,Returning_Visitor,False,False
1,14.88,0,0.0,1,116.21,0.19,0.2,0.44,0.03,Nov,2,2,1,1,Returning_Visitor,False,False
0,0.0,0,0.0,65,19.0,0.01,0.1,2.72,0.0,Mar,2,2,1,11,Returning_Visitor,True,False
3,350.22,1,26.5,63,1097.28,0.01,0.02,0.0,0.03,Nov,2,2,4,2,Returning_Visitor,False,False
0,14.77,0,1.38,9,0.0,0.19,0.2,0.21,0.0,Mar,3,2,1,2,Returning_Visitor,False,False
2,0.0,0,1.01,60,1304.08,0.02,0.03,0.1,0.0,Mar,3,2,1,2,Returning_Visitor,False,False
3,53.75,0,1.1,84,1358.1,0.01,0.03,0.0,0.0,Dec,3,2,1,2,Returning_Visitor,False,False
1,5.0,0,0.0,21,1342.5,0.01,0.02,3.7,0.03,Nov,3,2,2,2,Returning_Visitor,False,False
0,0.0,0,0.99,3,1196.45,0.0,0.07,0.0,0.03,Nov,2,4,3,2,Returning_Visitor,False,False
3,37.3,0,0.21,64,1197.67,0.01,0.01,12.13,0.03,Nov,2,2,2,5,New_Visitor,False,False
2,8.05,0,1.4,57,564.05,0.04,0.05,0.49,0.0,Mar,1,1,1,2,Returning_Visitor,True,False
3,91.0,3,5.16,69,3596.93,0.01,0.01,0.36,0.03,Nov,1,2,1,2,Returning_Visitor,False,False
2,15.34,0,1.91,54,937.81,0.01,0.04,0.0,0.0,Nov,2,2,1,1,Returning_Visitor,False,False
3,31.58,1,0.0,15,181.5,0.01,0.05,0.0,0.03,May,2,5,3,3,Returning_Visitor,False,False
0,7.48,0,1.51,50,1295.35,0.01,0.02,0.0,0.0,Mar,2,2,1,2,Returning_Visitor,False,False
2,13.49,2,57.42,31,1491.6,0.0,0.07,0.0,0.03,Nov,2,2,4,2,Returning_Visitor,False,False
0,12.84,0,1.83,56,582.5,0.0,0.03,2.83,0.03,May,2,4,1,2,Returning_Visitor,False,False
3,0.0,0,1.19,54,127.5,0.01,0.05,2.79,0.0,Nov,2,2,6,3,Returning_Visitor,False,False
0,0.0,0,1.31,11,800.83,0.01,0.0,0.0,0.0,Mar,2,2,1,3,Returning_Visitor,False,False
0,9.11,0,1.19,17,1208.46,0.0,0.03,0.0,0.04,May,2,2,1,1,Returning_Visitor,False,False
0,0.0,0,0.0,77,1035.55,0.0,0.02,0.64,0.03,Nov,2,2,1,2,Returning_Visitor,False,False
1,22.2,0,1.22,44,606.2,0.0,0.0,2.29,0.0,Nov,2,2,7,3,New_Visitor,False,False
3,28.2,0,1.79,2,660.49,0.07,0.01,2.84,0.0,Mar,2,8,2,2,Returning_Visitor,False,False
3,22.92,0,28.2,70,203.07,0.01,0.02,44.36,0.0,Mar,2,2,1,2,Returning_Visitor,False,True
2,28.68,0,1.07,19,342.17,0.0,0.02,15.16,0.03,May,2,2,1,2,Returning_Visitor,False,True
3,0.0,0,1.8,63,1999.83,0.01,0.02,0.0,0.03,Nov,2,2,7,4,Returning_Visitor,False,False
2,25.92,0,0.0,14,1242.87,0.01,0.02,50.41,0.03,Aug,2,2,8,2,Returning_Visitor,False,True
8,359.0,1,1.88,19,1180.11,0.01,0.01,0.0,0.0,Nov,2,2,1,1,Returning_Visitor,False,False
3,0.0,0,0.85,54,1054.83,0.0,0.02,1.53,0.03,May,2,2,1,3,Returning_Visitor,False,False
0,0.0,0,0.69,22,762.55,0.0,0.02,0.0,0.03,Mar,2,2,1,3,Returning_Visitor,True,False
3,61.27,0,0.0,42,1257.25,0.0,0.01,5.5,0.0,Sep,2,2,1,2,Returning_Visitor,False,False
0,30.36,0,0.0,11,1308.5,0.01,0.02,0.0,0.0,Mar,2,2,6,1,Returning_Visitor,False,False
3,32.61,0,1.08,33,1202.57,0.0,0.02,2.14,0.03,Nov,2,2,1,10,Returning_Visitor,False,False
3,33.86,0,7.71,52,1268.09,0.0,0.02,19.11,0.03,Mar,2,2,4,2,New_Visitor,False,False
1,0.0,0,0.37,12,1230.98,0.0,0.02,15.37,0.03,Mar,2,4,3,2,Returning_Visitor,False,False
1,28.0,0,136.17,62,957.84,0.01,0.02,0.0,0.03,Nov,2,2,8,4,Returning_Visitor,True,False
2,48.8,0,1.32,11,63.58,0.02,0.03,0.0,0.0,Mar,3,2,1,4,Returning_Visitor,True,False
3,144.1,0,1.42,10,1152.42,0.05,0.02,0.0,0.03,May,1,2,1,2,Returning_Visitor,False,False
0,18.86,0,1.51,2,19.0,0.0,0.14,0.0,0.03,Mar,2,2,1,1,Returning_Visitor,False,False
3,28.4,1,1.43,66,1192.66,0.0,0.02,0.0,0.03,May,2,2,2,13,Returning_Visitor,False,False
3,147.46,0,1.14,4,129.76,0.01,0.0,2.25,0.0,Aug,3,2,1,2,Returning_Visitor,False,False
3,16.2,0,3.03,4,1286.24,0.03,0.02,0.0,0.0,Sep,2,4,1,3,Returning_Visitor,False,True
3,70.08,1,1530.0,97,5525.44,0.0,0.03,3.66,0.03,Nov,2,2,1,2,Returning_Visitor,False,False
2,56.44,0,1.26,6,112.0,0.0,0.03,0.95,0.03,Nov,1,1,1,2,Returning_Visitor,False,False
0,3.31,0,0.35,61,1240.65,0.0,0.01,26.54,0.03,Nov,2,2,1,2,New_Visitor,False,False
3,334.17,2,34.0,53,4817.37,0.01,0.02,11.97,0.03,Mar,2,2,9,2,Returning_Visitor,False,False
0,15.0,0,1.39,59,1050.47,0.01,0.02,0.43,0.0,Mar,2,2,7,4,Returning_Visitor,False,False
3,24.5,0,0.0,63,1260.02,0.03,0.04,0.0,0.03,Mar,2,5,1,2,Returning_Visitor,False,False
1,25.43,0,1.02,52,107.17,0.01,0.03,0.0,0.03,Nov,2,2,1,2,New_Visitor,False,False
3,16.78,0,1.27,31,101.8,0.01,0.01,0.0,0.0,Nov,2,2,6,2,Returning_Visitor,False,False
2,27.85,0,0.98,8,1257.54,0.0,0.03,0.41,0.03,Mar,2,1,1,3,Returning_Visitor,True,False
0,0.0,0,0.0,54,3543.81,0.02,0.01,0.0,0.0,Mar,2,4,1,1,Returning_Visitor,True,False
1,20.23,0,1.51,48,493.44,0.01,0.07,0.59,0.03,May,2,2,1,3,Returning_Visitor,False,False
3,66.07,0,0.0,52,1426.86,0.0,0.01,26.18,0.0,Jul,2,2,1,2,New_Visitor,False,False
0,23.23,0,1.32,16,480.0,0.01,0.02,14.14,0.0,Nov,2,1,1,3,Returning_Visitor,False,True
0,8.31,0,0.0,11,1283.04,0.04,0.07,0.0,0.0,Nov,3,2,1,3,Returning_Visitor,False,False
0,0.0,0,0.0,26,1086.73,0.01,0.02,7.48,0.0,Mar,3,2,9,2,Returning_Visitor,True,False
2,122.88,0,1.05,44,546.67,0.01,0.01,9.33,0.0,Oct,2,2,1,2,Returning_Visitor,False,False
2,29.91,0,0.0,51,1286.53,0.01,0.02,6.8,0.03,Nov,1,1,1,2,Returning_Visitor,False,False
3,38.31,0,1.43,66,1068.96,0.0,0.02,12.52,0.0,Aug,2,1,1,1,Returning_Visitor,False,False
3,4.3,0,0.96,31,1367.31,0.0,0.04,0.0,0.03,Nov,2,2,1,3,Returning_Visitor,False,False
2,27.92,0,1.13,63,1108.37,0.0,0.0,12.98,0.0,Nov,2,2,1,2,Returning_Visitor,False,True
0,30.87,0,1.65,67,207.17,0.01,0.06,1.58,0.6,Mar,2,2,1,11,Returning_Visitor,False,False
0,3.95,0,0.0,75,88.5,0.03,0.08,0.0,0.03,Mar,3,2,1,3,Returning_Visitor,False,False
0,12.62,0,0.0,14,1192.73,0.01,0.01,0.0,0.03,May,1,2,1,2,Returning_Visitor,False,False
7,350.6,2,9.17,68,965.25,0.01,0.04,4.99,0.03,Nov,1,1,1,2,Returning_Visitor,False,False
6,201.0,0,1.69,62,1211.01,0.01,0.02,66.57,0.03,Mar,2,2,4,2,Returning_Visitor,False,False
3,93.5,0,1.21,63,1225.7,0.0,0.0,32.14,0.03,Nov,2,2,1,2,Returning_Visitor,False,False
2,1.76,0,0.0,62,1244.92,0.0,0.02,1.18,0.0,Nov,2,1,1,2,Returning_Visitor,False,False
3,56.07,0,0.79,50,626.6,0.0,0.02,0.8,0.03,Nov,2,2,1,3,Returning_Visitor,True,False
0,0.0,0,0.0,73,1203.67,0.01,0.03,0.0,0.0,May,2,4,1,1,Returning_Visitor,False,False
3,40.0,5,1.6,62,652.24,0.01,0.01,1.88,0.0,Nov,3,2,1,9,Returning_Visitor,True,True
4,49.55,0,0.0,58,1325.24,0.02,0.02,0.0,0.03,Nov,2,2,8,3,Returning_Visitor,False,False
2,16.93,0,0.0,39,98.33,0.03,0.03,0.0,0.03,May,1,1,1,3,Returning_Visitor,False,False
2,51.0,0,0.78,35,1475.27,0.01,0.02,14.9,0.0,May,2,2,2,2,Returning_Visitor,False,True
3,136.5,0,1.57,10,1274.49,0.02,0.02,3.6,0.03,Mar,3,3,3,3,New_Visitor,False,False
9,183.79,2,90.0,95,1023.09,0.0,0.03,5.93,0.03,Mar,3,2,2,2,Returning_Visitor,False,True
3,80.18,0,1.41,38,1160.96,0.01,0.02,0.21,0.03,Nov,1,1,1,2,Returning_Visitor,False,False
4,294.7,0,329.5,56,1170.8,0.0,0.01,2.35,0.0,Mar,2,2,4,3,Returning_Visitor,False,False
6,631.11,0,7.6,60,1040.31,0.02,0.02,35.52,0.03,Mar,2,2,5,6,Returning_Visitor,False,False
3,32.46,0,0.0,23,1294.95,0.0,0.01,0.0,0.03,Nov,2,2,1,2,Returning_Visitor,False,False
3,26.67,0,1.93,44,1141.02,0.01,0.03,0.22,0.03,Nov,1,1,3,2,Returning_Visitor,True,False
0,0.0,0,1.32,15,1096.9,0.0,0.02,0.0,0.03,Nov,2,2,1,2,Returning_Visitor,True,False
3,101.0,0,0.0,7,441.0,0.05,0.04,0.0,0.03,Mar,2,2,1,2,Returning_Visitor,False,False
1,159.2,0,1.51,21,526.5,0.01,0.02,2.22,0.03,Aug,2,2,1,2,Returning_Visitor,False,False
3,296.92,1,2.68,61,1381.38,0.02,0.02,12.05,0.0,Sep,1,1,1,2,Returning_Visitor,False,False
1,342.91,0,1.15,64,1306.92,0.0,0.02,1.58,0.0,Dec,3,2,1,2,Returning_Visitor,False,False
0,6.58,0,1.2,10,1269.53,0.01,0.04,0.97,0.03,Mar,2,2,1,1,Returning_Visitor,False,False
0,25.6,0,0.0,60,72.25,0.01,0.03,5.13,0.0,Dec,1,1,1,2,Returning_Visitor,False,False
2,49.7,0,1.73,18,1279.26,0.01,0.04,0.56,0.03,Nov,2,2,3,3,Returning_Visitor,False,False
3,115.4,0,1.28,51,1299.78,0.0,0.01,1.56,0.03,Mar,3,2,1,1,Returning_Visitor,True,False
3,58.42,0,0.87,28,1262.26,0.01,0.03,0.0,0.03,Mar,3,2,6,3,Returning_Visitor,False,False
3,15.26,2,1.48,18,1221.2,0.0,0.01,0.71,0.0,Nov,2,2,1,3,Returning_Visitor,False,False
2,53.17,0,0.0,50,263.6,0.02,0.0,0.0,0.03,Mar,3,2,1,3,Returning_Visitor,False,False
1,15.17,0,1.01,12,339.26,0.01,0.01,0.0,0.03,Nov,2,2,1,2,New_Visitor,True,False
3,0.0,0,321.0,49,1379.63,0.01,0.03,0.3,0.0,Mar,2,2,1,1,Returning_Visitor,False,False
1,4.0,0,0.0,34,1307.58,0.01,0.03,0.66,0.03,Nov,2,2,1,3,Returning_Visitor,False,False
2,0.0,0,0.17,1,0.0,0.2,0.02,2.04,0.2,Nov,2,2,1,3,Returning_Visitor,False,False
5,128.82,2,176.0,69,1944.01,0.0,0.02,0.0,0.03,Nov,2,2,1,2,Returning_Visitor,False,False
1,41.0,0,1.23,6,68.5,0.02,0.02,0.32,0.03,May,1,1,1,2,Returning_Visitor,False,False
5,41.73,0,1.59,57,1217.96,0.0,0.01,0.0,0.03,May,2,2,4,2,Returning_Visitor,False,False
2,17.21,0,0.0,38,83.24,0.0,0.1,3.1,0.03,Mar,2,2,1,1,Returning_Visitor,False,False
1,3.68,0,0.0,57,1199.93,0.0,0.04,0.36,0.03,Mar,2,2,1,1,Returning_Visitor,False,False
3,165.0,0,1.21,22,1212.24,0.0,0.02,0.0,0.03,May,2,2,1,2,Returning_Visitor,False,False
3,53.12,1,90.93,67,1238.0,0.0,0.01,6.63,0.03,Mar,2,2,4,3,New_Visitor,True,True
0,0.0,0,0.65,17,390.77,0.0,0.03,0.0,0.03,Mar,2,2,1,3,Returning_Visitor,True,False
0,0.0,0,38.25,51,2767.98,0.01,0.03,3.76,0.03,Dec,2,5,1,2,Returning_Visitor,False,False
6,46.28,0,0.0,58,2150.43,0.01,0.02,12.18,0.03,Nov,2,1,1,3,Returning_Visitor,False,False
3,20.92,0,0.0,55,1225.82,0.0,0.01,8.9,0.0,Nov,2,2,3,2,Returning_Visitor,False,False
2,29.45,1,9.02,54,639.24,0.01,0.01,0.55,0.2,May,3,2,1,2,Returning_Visitor,False,False
0,0.0,0,1.92,61,1062.44,0.01,0.02,0.0,0.0,Feb,2,2,3,3,Returning_Visitor,False,False
4,30.36,0,1.28,60,1283.54,0.02,0.03,0.0,0.0,Jul,2,2,1,3,Returning_Visitor,True,False
3,13.65,0,0.82,50,1227.58,0.04,0.05,1.07,0.03,Mar,2,5,1,1,Returning_Visitor,False,False
2,48.95,0,0.88,58,630.33,0.01,0.03,0.13,0.0,Nov,2,2,1,1,Returning_Visitor,False,False
4,54.09,0,0.75,31,1236.83,0.0,0.03,0.0,0.03,Mar,2,2,1,3,Returning_Visitor,True,False
4,100.28,2,39.89,57,1257.74,0.0,0.0,0.85,0.0,Dec,2,2,1,2,New_Visitor,True,False
2,31.87,0,0.0,7,242.75,0.01,0.05,0.0,0.03,Nov,3,2,1,2,Returning_Visitor,False,False
2,63.25,0,1.59,22,460.75,0.02,0.02,0.57,0.0,Nov,2,2,1,2,Returning_Visitor,False,False
1,0.0,0,1.04,17,1110.25,0.03,0.06,3.27,0.03,Nov,2,2,1,3,Returning_Visitor,True,False
5,33.83,0,1.48,53,1196.19,0.01,0.05,0.0,0.03,Mar,3,2,1,3,Returning_Visitor,True,False
3,94.6,0,0.0,1,4.0,0.01,0.02,1.32,0.0,Mar,2,2,1,2,Returning_Visitor,False,False
9,87.0,0,0.66,61,918.08,0.02,0.03,0.0,0.03,May,1,1,1,2,Returning_Visitor,False,False
1,30.81,0,0.3,15,1149.14,0.01,0.01,0.0,0.0,Mar,2,2,1,1,Returning_Visitor,False,False
3,69.6,0,0.0,52,1177.64,0.01,0.01,0.0,0.03,Mar,2,1,1,2,New_Visitor,False,False
3,0.0,0,0.0,57,1257.74,0.0,0.02,0.0,0.03,May,2,2,1,3,Returning_Visitor,False,False
3,0.0,0,1.36,4,236.8,0.01,0.05,1.48,0.0,Oct,2,2,1,1,Returning_Visitor,False,True
0,3.24,0,1.38,10,654.64,0.0,0.04,1.87,0.03,May,2,2,1,3,Returning_Visitor,False,False
0,0.0,0,1.83,74,90.62,0.2,0.2,0.0,0.03,May,2,2,1,3,Returning_Visitor,False,False
1,0.0,0,0.0,54,1206.93,0.01,0.02,1.39,0.0,Nov,2,2,1,2,Returning_Visitor,False,False
0,7.54,0,0.71,18,862.0,0.04,0.02,1.18,0.0,May,2,2,3,4,Returning_Visitor,False,False
0,0.0,0,0.96,28,1202.63,0.01,0.03,0.92,0.0,Nov,2,2,4,2,Returning_Visitor,False,False
2,4.06,0,0.61,20,1175.12,0.01,0.02,2.59,0.0,May,2,2,1,2,Returning_Visitor,False,False
2,18.99,0,1.2,75,70.44,0.2,0.2,0.0,0.0,Mar,2,2,3,2,Returning_Visitor,False,False
2,0.0,0,0.0,68,929.49,0.01,0.02,1.02,0.0,Mar,1,1,7,3,Returning_Visitor,False,False
3,0.0,0,0.0,55,1230.49,0.02,0.03,0.0,0.0,Nov,3,2,1,3,Returning_Visitor,False,False
3,51.36,0,0.82,47,1149.54,0.01,0.02,21.24,0.0,Nov,2,2,1,2,Returning_Visitor,False,False
0,2.6,0,128.07,41,4501.43,0.01,0.02,0.74,0.2,May,2,2,3,2,Returning_Visitor,False,False
3,20.66,0,0.0,57,1494.93,0.02,0.04,0.0,0.0,Mar,3,2,9,2,Returning_Visitor,False,False
1,6.78,0,26.2,3,25.2,0.01,0.04,3.34,0.0,Mar,2,2,1,2,Returning_Visitor,False,False
1,12.14,0,1.07,88,196.76,0.02,0.07,0.41,0.0,Mar,2,2,7,1,Returning_Visitor,False,False
0,0.0,0,1.54,4,973.18,0.02,0.02,0.0,0.03,May,3,2,3,2,Returning_Visitor,True,False
6,322.72,0,6.68,18,834.67,0.0,0.03,0.0,0.03,Mar,1,2,1,9,Returning_Visitor,False,False
2,40.82,0,1.2,62,1208.5,0.01,0.02,13.78,0.03,Mar,2,2,7,2,Returning_Visitor,False,True
1,23.17,0,1.6,1,77.42,0.19,0.14,0.93,0.03,Mar,3,2,1,3,Returning_Visitor,False,False
3,70.5,0,9.0,25,1152.76,0.01,0.04,1.78,0.0,Mar,2,2,9,3,Returning_Visitor,False,False
3,10.5,1,1.49,62,402.62,0.01,0.02,0.0,0.0,Nov,1,1,1,5,Returning_Visitor,False,False
0,0.0,0,0.0,4,125.32,0.01,0.02,4.89,0.03,Mar,2,2,3,3,Returning_Visitor,False,False
0,0.0,0,1.74,68,1204.56,0.03,0.05,2.23,0.03,Mar,2,2,1,13,Returning_Visitor,False,False
3,64.5,0,0.43,18,1224.02,0.0,0.01,0.0,0.03,Nov,2,2,1,2,Returning_Visitor,False,False
5,60.4,0,3.97,62,1210.57,0.0,0.0,1.07,0.0,Oct,2,2,2,2,New_Visitor,True,True
19,704.87,0,2.32,187,5678.24,0.0,0.01,1.54,0.03,Nov,2,2,1,2,Returning_Visitor,False,False
2,158.33,0,0.75,30,1268.59,0.01,0.01,1.9,0.03,Mar,2,2,1,3,Returning_Visitor,False,False
3,40.28,0,1.46,73,331.89,0.0,0.0,8.38,0.03,Aug,2,2,1,2,New_Visitor,True,False
5,103.14,0,1.07,51,1129.15,0.01,0.02,2.14,0.03,Aug,1,2,1,1,Returning_Visitor,False,False
0,0.0,0,1.25,21,1317.43,0.01,0.03,0.68,0.03,Mar,2,2,1,3,Returning_Visitor,False,False
2,0.0,0,0.71,13,1015.87,0.01,0.01,0.0,0.03,May,3,2,1,1,Returning_Visitor,False,False
3,127.2,0,2.84,79,2720.27,0.01,0.03,0.0,0.03,Nov,2,2,1,1,Returning_Visitor,False,False
3,0.0,0,1.14,15,855.0,0.0,0.03,0.0,0.03,Nov,2,2,1,3,Returning_Visitor,False,False
3,248.5,0,3.1,57,1220.04,0.01,0.01,0.53,0.03,Mar,3,2,4,3,New_Visitor,False,False
0,0.0,0,0.0,34,145.2,0.05,0.13,0.0,0.03,Mar,2,2,1,3,Returning_Visitor,False,False
0,2.92,2,66.52,188,5728.67,0.01,0.02,0.94,0.03,Mar,2,2,1,2,Returning_Visitor,False,False
3,163.43,0,0.0,49,1220.06,0.01,0.03,0.0,0.0,Nov,2,2,5,3,Returning_Visitor,False,False
10,19.6,0,0.0,32,1206.83,0.0,0.01,19.28,0.0,Nov,2,2,1,2,Returning_Visitor,False,True
3,315.33,2,51.11,42,3009.09,0.0,0.03,0.0,0.03,Nov,1,1,1,2,Returning_Visitor,False,False
2,32.56,0,1.61,61,1423.97,0.01,0.02,3.46,0.03,May,2,2,1,4,Returning_Visitor,False,False
0,0.0,0,1.54,6,97.22,0.01,0.03,0.26,0.03,Mar,1,2,1,2,Returning_Visitor,True,False
3,57.15,0,0.0,20,1171.33,0.0,0.02,1.36,0.03,May,3,2,2,2,Returning_Visitor,False,False
4,61.0,0,1.2,117,1569.87,0.0,0.01,46.72,0.0,Nov,2,2,1,2,Returning_Visitor,False,False
0,18.9,0,2.32,5,80.17,0.03,0.04,0.76,0.04,May,1,1,1,3,Returning_Visitor,False,False
2,0.0,0,1.17,65,1262.02,0.02,0.01,0.52,1.0,Mar,2,2,1,3,Returning_Visitor,False,False
0,0.0,0,13.5,38,1225.38,0.01,0.03,0.65,0.0,Nov,4,2,1,2,Returning_Visitor,False,False
1,351.9,2,28.0,60,1254.78,0.02,0.02,0.0,0.03,Mar,2,2,1,2,Returning_Visitor,False,False
0,0.0,1,68.5,56,927.0,0.01,0.03,2.04,0.0,Nov,2,2,1,2,Returning_Visitor,False,False
1,97.0,0,1.43,54,59.0,0.01,0.01,1.56,0.0,May,2,2,1,2,New_Visitor,False,False
3,40.8,0,12.0,5,96.0,0.01,0.04,0.0,0.03,Sep,2,2,7,4,Returning_Visitor,True,False
3,54.66,1,15.81,27,1251.9,0.0,0.02,20.28,0.0,Nov,2,2,1,8,New_Visitor,False,True
2,20.11,0,0.0,58,0.0,0.2,0.02,0.85,0.0,Nov,2,5,2,3,Returning_Visitor,False,False
3,56.66,0,1.91,83,1064.89,0.02,0.02,2.6,0.0,Nov,2,2,1,2,Returning_Visitor,False,False
10,215.24,2,1.09,41,3558.58,0.01,0.03,30.87,0.03,Sep,3,2,1,3,Returning_Visitor,True,True
0,3.01,0,0.53,53,1288.08,0.01,0.02,0.0,0.03,Mar,2,4,3,2,Returning_Visitor,False,False
0,0.0,0,0.0,16,1386.28,0.0,0.01,0.0,0.03,Mar,3,2,1,3,Returning_Visitor,True,False
0,0.0,0,0.73,57,1234.53,0.0,0.02,0.36,0.03,May,2,2,5,2,Returning_Visitor,False,False
2,0.0,3,2.16,52,393.3,0.0,0.02,3.93,0.0,Sep,2,2,1,4,Returning_Visitor,False,True
0,20.01,0,1.12,104,15.0,0.01,0.05,0.0,0.03,Nov,1,1,3,3,Returning_Visitor,False,False
1,65.06,0,60.5,64,1038.92,0.04,0.03,12.77,0.0,Mar,2,2,6,1,Returning_Visitor,False,True
3,0.0,0,1.78,58,216.0,0.03,0.03,0.07,0.04,May,2,2,1,2,Returning_Visitor,False,False
2,142.51,2,33.72,55,5494.85,0.01,0.02,0.0,0.03,Nov,2,2,3,2,Returning_Visitor,False,False
2,31.06,0,0.0,61,1738.25,0.01,0.03,0.0,0.0,May,2,2,1,1,Returning_Visitor,False,False
0,17.43,0,1.76,2,0.0,0.2,0.12,0.0,0.0,Nov,3,2,1,13,Returning_Visitor,False,False
5,111.94,0,1.24,86,1299.44,0.0,0.03,3.67,0.03,Nov,2,2,3,2,Returning_Visitor,False,False
3,33.26,1,4.09,22,1195.1,0.02,0.01,2.76,0.0,Mar,1,1,1,10,Returning_Visitor,False,True
2,32.71,0,0.0,57,1224.6,0.02,0.01,60.86,0.03,Aug,1,1,1,20,Returning_Visitor,False,True
3,40.71,1,0.0,54,1570.36,0.01,0.03,1.82,0.03,Nov,2,2,1,10,Returning_Visitor,False,True
3,18.19,0,0.99,33,1829.18,0.0,0.02,4.26,0.6,May,2,4,7,2,Returning_Visitor,False,True
0,5.46,2,39.93,66,1233.58,0.0,0.02,0.0,0.0,Mar,2,2,3,2,Returning_Visitor,True,False
5,75.65,4,12.39,94,3983.83,0.01,0.02,5.78,0.03,Nov,2,2,1,2,Returning_Visitor,False,False
0,3.64,0,1.21,74,116.5,0.01,0.03,3.68,0.0,Nov,2,2,1,2,New_Visitor,False,False
3,57.25,0,0.0,28,1118.4,0.01,0.03,4.33,0.03,Nov,2,2,1,2,Returning_Visitor,False,True
3,71.03,0,1.62,2,1278.48,0.01,0.04,0.0,0.03,Mar,2,2,1,2,New_Visitor,True,False
2,29.16,0,1.4,63,82.0,0.01,0.06,0.0,0.0,May,2,1,1,3,New_Visitor,False,False
0,0.0,2,66.85,141,4567.94,0.0,0.02,2.33,0.03,Mar,2,2,3,13,Returning_Visitor,False,False
3,46.85,0,29.2,58,303.25,0.0,0.02,0.0,0.0,Oct,2,1,3,2,New_Visitor,True,False
3,18.98,0,0.0,50,1000.53,0.0,0.03,9.44,0.03,Mar,2,5,1,3,Returning_Visitor,True,False
2,256.1,2,70.03,62,1209.91,0.01,0.01,1.81,0.03,Sep,1,1,1,2,New_Visitor,False,False
0,10.5,0,0.4,9,1247.11,0.01,0.02,0.98,0.0,Mar,2,2,1,3,Returning_Visitor,False,False
3,70.3,0,34.0,22,367.38,0.01,0.01,0.0,0.03,May,1,1,1,2,Returning_Visitor,True,False
3,43.42,0,1.02,40,466.5,0.0,0.02,0.0,0.0,May,1,8,1,3,New_Visitor,False,False
3,14.48,0,1.2,27,515.37,0.0,0.02,0.0,0.03,Sep,2,2,1,5,New_Visitor,False,False
0,0.0,0,1.9,68,262.92,0.01,0.06,1.82,0.03,Dec,1,6,1,2,Returning_Visitor,False,False
0,4.38,0,1.02,51,1224.06,0.01,0.03,0.45,0.03,Nov,2,2,1,2,Returning_Visitor,False,False
2,49.53,0,3.56,64,1218.26,0.0,0.02,0.0,0.03,Dec,2,2,1,2,Returning_Visitor,False,False
3,172.12,0,1.38,56,1329.81,0.0,0.03,12.35,0.0,Dec,1,1,1,2,Returning_Visitor,False,False
2,0.0,0,0.0,27,1150.82,0.0,0.02,1.23,0.03,May,2,2,1,1,Returning_Visitor,False,False
3,20.39,0,0.0,20,1095.1,0.01,0.06,2.71,0.03,Dec,2,2,1,2,Returning_Visitor,False,False
2,46.74,0,0.0,73,268.0,0.0,0.04,49.55,0.0,Nov,2,2,5,5,New_Visitor,False,False
0,0.0,0,0.0,15,1203.0,0.01,0.01,3.74,0.6,May,1,2,1,2,Returning_Visitor,False,False
1,10.07,0,0.0,75,1190.39,0.01,0.03,0.33,0.03,Nov,2,2,1,1,Returning_Visitor,False,False
1,20.0,0,1.06,69,1227.15,0.0,0.02,0.76,0.03,Nov,2,2,3,2,Returning_Visitor,False,False
1,13.27,0,2.28,3,1243.45,0.01,0.17,0.0,0.0,Feb,2,4,1,1,Returning_Visitor,False,False
3,30.25,0,0.0,29,543.96,0.01,0.03,3.11,0.0,Mar,2,2,1,2,Returning_Visitor,False,False
2,9.0,0,2.37,23,734.58,0.02,0.03,0.65,0.03,Mar,2,10,1,1,Returning_Visitor,False,False
2,19.17,0,0.0,17,989.47,0.01,0.02,3.4,0.03,May,2,2,1,2,Returning_Visitor,False,False
0,5.16,0,1.13,14,10.0,0.15,0.1,0.0,0.03,Mar,2,2,3,2,Returning_Visitor,False,False
1,0.0,0,1.4,13,1205.83,0.0,0.02,0.0,0.0,Nov,2,2,1,2,Returning_Visitor,False,False
3,24.01,0,0.86,82,162.5,0.0,0.03,0.0,0.0,Mar,2,2,1,3,Returning_Visitor,False,False
4,171.08,0,1.21,28,1238.4,0.01,0.01,52.11,0.03,Mar,2,2,1,2,Returning_Visitor,False,True
0,6.69,0,0.84,7,25.0,0.0,0.03,1.54,0.03,Mar,2,2,1,3,Returning_Visitor,False,False
3,39.55,0,2.01,55,1178.37,0.01,0.01,0.0,0.0,May,1,2,2,4,Returning_Visitor,False,False
3,42.3,0,0.86,18,1199.95,0.0,0.02,1.57,0.0,Nov,2,2,2,3,Returning_Visitor,False,False
3,23.0,0,0.0,30,1183.18,0.02,0.04,50.66,0.0,Mar,4,1,4,3,Returning_Visitor,False,False
3,17.16,0,1.37,24,612.21,0.01,0.02,2.25,0.03,Nov,2,2,3,10,Returning_Visitor,False,False
2,104.14,0,1.5,43,41.0,0.01,0.03,2.68,0.03,Dec,2,5,1,3,Returning_Visitor,False,False
3,15.8,3,14.71,32,1213.65,0.01,0.02,1.27,0.03,Aug,2,2,1,2,Returning_Visitor,False,True
0,33.53,0,1.63,21,1051.17,0.02,0.04,14.14,0.0,Mar,2,2,2,6,New_Visitor,False,True
6,15.16,3,2.9,63,1243.44,0.01,0.02,4.59,1.0,May,2,10,2,1,Returning_Visitor,False,False
1,16.98,0,1.82,69,1252.18,0.01,0.01,0.0,0.0,May,2,2,1,4,Returning_Visitor,False,False
4,292.3,0,0.0,117,1953.54,0.01,0.02,12.23,0.0,Aug,1,1,1,4,Returning_Visitor,False,False
0,0.0,0,0.0,66,1560.6,0.01,0.01,1.27,0.03,Mar,1,1,1,2,Returning_Visitor,False,False
0,7.19,0,0.0,17,1361.26,0.01,0.02,61.07,0.03,Mar,2,2,3,2,Returning_Visitor,False,True
0,31.94,0,0.84,10,1093.63,0.01,0.03,0.78,0.03,May,2,5,2,3,Returning_Visitor,False,False
2,380.8,0,2.28,46,2653.2,0.02,0.03,0.65,0.0,Aug,2,2,1,1,Returning_Visitor,False,False
5,46.44,0,2.03,74,1185.67,0.0,0.02,0.21,0.0,Mar,2,2,8,8,Returning_Visitor,False,False
0,0.0,0,1.74,17,833.75,0.0,0.04,0.0,0.03,Mar,2,2,1,3,Returning_Visitor,False,False
4,32.2,2,7.73,23,934.32,0.01,0.02,12.1,0.0,Nov,2,2,5,2,Returning_Visitor,False,False
3,51.36,0,0.0,18,1170.26,0.0,0.01,2.7,0.0,Nov,2,2,1,2,Returning_Visitor,False,False
1,9.0,5,6.81,57,466.5,0.01,0.01,0.0,0.03,May,2,2,1,4,Returning_Visitor,False,False
1,25.5,0,1.67,52,122.67,0.01,0.01,5.63,0.0,Nov,2,1,1,3,Returning_Visitor,False,False
0,0.0,0,0.3,54,1127.84,0.0,0.02,1.66,0.0,May,2,2,1,2,Returning_Visitor,False,False
2,0.0,0,6.54,70,474.33,0.0,0.02,1.93,0.03,Dec,1,1,3,2,Returning_Visitor,False,False
1,28.99,0,0.24,55,1156.0,0.01,0.01,1.83,0.03,Dec,2,2,1,2,Returning_Visitor,False,False
3,99.75,0,0.79,71,835.58,0.01,0.02,1.08,0.03,Nov,2,2,1,10,Returning_Visitor,False,True
1,32.56,0,1.14,45,1438.72,0.0,0.01,0.36,0.03,May,4,2,1,4,Returning_Visitor,False,False
11,342.74,0,0.0,78,4251.21,0.01,0.01,0.68,0.03,Nov,2,2,1,2,Returning_Visitor,False,True
2,671.0,0,0.0,15,1192.09,0.0,0.03,0.0,0.03,Dec,2,2,1,3,Returning_Visitor,False,False
1,216.6,0,0.0,35,937.87,0.01,0.03,2.97,0.0,Oct,3,2,1,1,Returning_Visitor,False,False
4,31.62,0,0.0,64,1975.88,0.01,0.02,14.4,0.03,Mar,2,2,1,3,Returning_Visitor,True,False
3,0.0,0,2.41,56,883.6,0.0,0.0,15.78,0.03,Nov,2,1,1,2,Returning_Visitor,True,True
0,8.1,0,1.31,3,185.8,0.14,0.14,0.0,0.03,Nov,2,2,1,1,Returning_Visitor,False,False
2,19.65,0,1.81,86,1158.92,0.07,0.09,0.83,0.03,May,2,2,1,1,Returning_Visitor,False,False
1,0.0,0,0.0,47,1339.02,0.06,0.05,0.11,0.0,Nov,3,2,1,3,Returning_Visitor,False,False
0,21.91,0,0.0,65,1262.53,0.01,0.03,1.02,0.0,Nov,1,2,9,2,Returning_Visitor,False,False
0,0.0,0,0.73,33,1190.03,0.01,0.03,0.0,0.03,Mar,2,2,4,3,Returning_Visitor,False,False
1,33.5,0,0.2,67,1702.92,0.0,0.01,29.17,0.03,Nov,2,2,1,2,New_Visitor,False,False
0,0.0,0,0.0,14,1282.17,0.0,0.02,0.0,0.03,May,2,2,6,2,Returning_Visitor,False,False
2,62.13,0,0.0,52,1137.23,0.0,0.02,1.58,0.0,Oct,2,4,1,3,Returning_Visitor,False,True
9,211.0,1,20.27,54,501.07,0.01,0.02,5.77,0.03,Aug,1,2,1,2,Returning_Visitor,True,True
3,54.16,2,33.75,56,929.08,0.01,0.02,23.16,0.0,Dec,1,2,1,3,Returning_Visitor,True,True
0,0.0,0,0.0,62,451.09,0.01,0.15,0.0,0.0,Mar,2,2,3,3,Returning_Visitor,False,False
3,0.0,0,3.67,51,4391.67,0.02,0.02,0.0,0.03,June,2,10,1,1,Returning_Visitor,False,False
2,60.0,0,11.86,57,1103.9,0.01,0.04,1.52,0.03,May,2,2,1,3,Returning_Visitor,False,False
2,25.0,0,0.0,53,1399.54,0.07,0.08,2.31,0.6,Mar,2,2,1,3,Returning_Visitor,False,False
0,0.0,0,0.0,21,1375.59,0.02,0.06,0.0,0.03,Mar,2,2,1,3,Returning_Visitor,False,False
8,19.48,1,10.23,95,2107.58,0.01,0.02,2.52,0.03,May,2,2,4,4,Returning_Visitor,False,False
0,21.7,0,0.0,7,1248.88,0.01,0.02,0.0,0.03,Nov,3,2,1,1,Returning_Visitor,True,False
2,49.86,0,0.87,4,128.08,0.01,0.03,1.17,0.03,Nov,2,2,1,5,Returning_Visitor,False,False
0,0.0,0,0.0,69,319.33,0.02,0.02,7.37,0.03,May,2,2,1,2,Returning_Visitor,False,True
0,32.63,1,0.99,66,1263.07,0.0,0.01,4.02,0.0,Mar,2,2,1,2,Returning_Visitor,False,False
3,32.15,1,72.5,57,1552.5,0.01,0.01,28.25,0.0,Mar,2,2,3,4,Returning_Visitor,False,False
3,351.59,0,0.0,15,614.64,0.02,0.03,0.07,0.03,Nov,1,1,1,2,Returning_Visitor,False,False
10,330.18,1,10.28,68,1715.07,0.01,0.03,2.32,0.03,Nov,2,2,5,2,Returning_Visitor,False,False
0,0.0,0,1.36,55,1176.13,0.01,0.05,0.0,0.03,Nov,2,2,1,2,Returning_Visitor,False,False
0,0.0,0,1.23,5,50.5,0.0,0.03,0.0,0.03,Mar,2,2,1,1,Returning_Visitor,False,False
1,52.68,3,59.5,43,553.17,0.01,0.01,1.42,0.03,Nov,2,2,1,3,Returning_Visitor,True,False
0,6.78,0,1.31,55,489.25,0.01,0.03,0.0,0.0,May,2,2,5,2,Returning_Visitor,False,False
8,24.94,0,0.0,7,1303.36,0.01,0.02,1.23,0.03,Sep,2,2,1,1,Returning_Visitor,False,False
2,106.0,0,0.0,64,1178.19,0.0,0.01,0.0,0.0,May,2,2,1,2,Returning_Visitor,False,False
0,5.96,0,0.91,51,202.19,0.14,0.08,0.44,0.03,May,2,2,1,3,Returning_Visitor,False,False
10,293.78,2,33.99,59,3283.17,0.01,0.01,0.0,0.03,Mar,2,2,3,2,Returning_Visitor,False,False
0,0.0,0,4.38,74,1281.61,0.01,0.02,1.79,0.0,Mar,2,2,3,2,Returning_Visitor,False,False
0,23.89,0,0.0,13,138.54,0.02,0.02,1.26,0.03,Mar,2,2,1,1,Returning_Visitor,False,False
2,27.87,0,0.0,48,1311.04,0.06,0.09,2.08,0.0,Nov,2,2,3,1,Returning_Visitor,False,True
3,0.0,0,1.44,42,1186.42,0.01,0.06,0.0,0.8,Nov,2,2,1,3,Returning_Visitor,False,False
2,10.75,0,0.7,14,90.33,0.19,0.09,0.58,0.6,May,3,2,1,13,Returning_Visitor,False,False
6,98.83,1,3.87,57,1644.86,0.01,0.03,1.36,0.0,May,2,2,1,1,Returning_Visitor,False,False
0,2.56,0,0.0,10,1267.56,0.01,0.01,0.0,0.03,May,2,2,1,1,Returning_Visitor,False,False
0,2.57,0,0.53,56,819.59,0.0,0.03,0.0,0.03,Nov,2,2,1,2,Returning_Visitor,False,False
3,0.0,1,1.73,2,503.91,0.01,0.07,0.64,0.4,May,2,2,8,1,Returning_Visitor,False,False
3,50.33,0,1.38,32,1206.29,0.0,0.02,0.0,0.03,May,3,2,1,3,Returning_Visitor,False,False
2,0.0,0,1.37,53,226.8,0.04,0.03,1.77,0.0,Nov,2,1,1,3,Returning_Visitor,False,True
2,0.0,0,0.0,14,1076.13,0.0,0.03,0.0,0.03,Dec,2,4,4,3,Returning_Visitor,False,False
1,27.0,0,1.61,77,74.46,0.0,0.02,0.0,0.03,Mar,3,2,1,3,New_Visitor,False,False
0,0.0,0,0.0,59,1268.84,0.01,0.01,61.18,0.03,Nov,2,2,1,2,Returning_Visitor,False,True
0,23.42,0,36.5,14,1208.02,0.01,0.02,17.96,0.0,Nov,2,5,1,2,Returning_Visitor,False,True
0,18.5,0,0.74,27,1136.62,0.02,0.02,2.08,0.0,Mar,1,2,7,2,Returning_Visitor,False,False
2,11.0,1,0.0,55,980.6,0.01,0.04,0.0,0.03,Nov,2,2,1,3,Returning_Visitor,False,False
4,168.91,2,16.75,59,2260.04,0.01,0.02,2.43,0.0,Nov,3,2,3,2,Returning_Visitor,False,False
4,33.75,0,1.17,2,84.54,0.01,0.03,1.97,0.03,Nov,2,2,1,2,New_Visitor,False,False
2,314.12,1,6.57,53,2525.31,0.01,0.01,52.98,0.03,Jul,2,2,9,4,Returning_Visitor,False,True
3,25.67,0,0.0,57,1308.5,0.01,0.01,0.0,0.0,Nov,1,1,1,1,Returning_Visitor,False,False
3,134.0,0,1.03,53,78.5,0.0,0.03,0.0,0.0,May,2,2,7,2,Returning_Visitor,False,False
3,33.48,0,1.77,2,469.03,0.02,0.2,0.35,0.0,Aug,1,1,3,1,Returning_Visitor,False,False
0,0.0,0,2.55,13,75.14,0.19,0.13,0.0,0.03,Mar,1,1,1,1,Returning_Visitor,False,False
3,30.33,0,0.0,44,1527.17,0.01,0.01,1.56,0.03,May,3,2,8,4,Returning_Visitor,False,False
3,226.95,0,1.8,56,1218.97,0.0,0.02,0.0,0.0,May,2,2,1,13,Returning_Visitor,False,False
3,254.66,0,1.78,62,1268.08,0.0,0.02,1.11,0.03,Nov,3,2,1,2,Returning_Visitor,False,False
1,11.06,0,86.0,56,1227.8,0.01,0.03,78.81,0.0,Nov,2,2,1,2,Returning_Visitor,False,True
9,232.21,1,1.61,16,401.95,0.01,0.01,0.0,0.03,May,1,2,1,3,Returning_Visitor,False,False
0,4.43,0,1.16,60,1304.72,0.01,0.06,2.17,0.03,Nov,2,2,1,10,Returning_Visitor,False,True
3,0.0,0,1.12,25,804.13,0.2,0.11,0.0,0.0,Nov,2,2,1,13,Returning_Visitor,False,False
3,264.03,2,57.32,60,1293.65,0.01,0.01,1.48,0.0,Nov,2,2,4,2,Returning_Visitor,False,False
1,22.09,0,1.33,18,1456.92,0.01,0.02,1.32,0.0,Nov,2,3,3,2,Returning_Visitor,False,False
3,29.24,0,0.0,124,270.9,0.01,0.02,2.28,0.0,Mar,2,1,7,3,New_Visitor,False,False
3,82.23,0,0.0,59,1123.53,0.01,0.02,14.96,1.0,May,2,2,1,2,Returning_Visitor,False,False
3,0.0,0,0.0,47,1223.63,0.0,0.03,0.0,0.8,Mar,3,2,1,4,Returning_Visitor,True,False
0,0.0,0,1.27,25,1189.53,0.0,0.02,1.25,0.03,Mar,2,2,3,3,Returning_Visitor,True,False
0,23.5,0,0.93,37,190.27,0.05,0.12,0.0,0.03,Nov,2,2,5,1,Returning_Visitor,False,False
3,108.7,0,1.09,13,1372.41,0.01,0.01,0.0,0.03,Mar,2,2,1,2,Returning_Visitor,False,False
3,0.0,0,1.23,76,340.2,0.01,0.05,0.75,0.0,May,2,1,3,2,Returning_Visitor,False,False
0,14.72,0,0.92,36,1106.45,0.02,0.02,0.64,0.03,Mar,2,2,8,1,Returning_Visitor,False,False
0,0.0,0,0.0,7,1034.77,0.0,0.03,2.5,0.0,Dec,1,2,6,3,Returning_Visitor,False,False
3,102.87,3,339.5,62,1218.89,0.01,0.01,1.39,0.0,Mar,2,10,1,2,Returning_Visitor,False,True
0,0.0,0,1.71,15,1221.45,0.01,0.02,0.0,0.03,Nov,2,2,3,1,Returning_Visitor,False,False
0,0.0,0,1.63,62,455.0,0.0,0.02,25.75,0.03,Dec,1,2,1,2,Returning_Visitor,False,True
0,11.52,0,0.99,50,68.25,0.01,0.05,0.0,0.03,May,2,10,1,3,Returning_Visitor,False,False
5,71.0,0,1.13,31,1286.5,0.01,0.03,1.49,0.03,May,3,2,6,13,Returning_Visitor,False,False
0,48.93,0,0.0,88,1201.64,0.02,0.02,3.14,0.03,Nov,3,2,3,2,New_Visitor,False,False
3,148.67,0,2.83,75,908.47,0.01,0.02,25.62,0.8,May,2,2,1,3,Returning_Visitor,False,False
2,51.33,0,2.4,50,90.19,0.01,0.02,0.0,0.03,Nov,3,2,1,3,New_Visitor,False,True
3,228.2,1,1.21,7,186.4,0.02,0.03,0.55,0.03,Nov,2,2,1,3,Returning_Visitor,False,False
0,0.0,0,2.06,28,67.36,0.08,0.04,0.0,0.0,May,2,1,1,3,Returning_Visitor,False,False
4,90.27,0,0.0,55,1266.81,0.01,0.01,17.59,0.03,Mar,2,2,9,3,Returning_Visitor,False,False
3,162.0,0,0.0,83,204.5,0.02,0.02,0.0,0.03,May,2,2,8,2,Returning_Visitor,False,False
5,265.04,1,0.87,61,1712.78,0.01,0.02,0.43,0.0,Nov,2,2,1,3,Returning_Visitor,False,False
1,412.0,0,1.2,54,2377.0,0.02,0.01,6.68,0.03,Mar,2,2,1,10,Returning_Visitor,False,False
2,29.31,0,0.57,85,77.17,0.2,0.2,0.0,0.03,Nov,2,2,1,3,Returning_Visitor,False,False
0,0.0,0,0.0,2,14.0,0.17,0.1,3.11,0.0,May,2,2,1,1,Returning_Visitor,False,False
0,10.68,0,0.0,14,1394.67,0.03,0.02,0.0,0.03,Nov,2,2,8,1,Returning_Visitor,False,False
0,24.66,0,0.0,52,1199.36,0.01,0.03,0.0,0.03,May,3,2,6,2,Returning_Visitor,True,False
16,116.29,0,0.32,56,1253.76,0.0,0.01,17.74,0.03,Nov,2,2,3,1,Returning_Visitor,False,True
3,43.16,0,1.75,20,1256.06,0.0,0.01,51.81,0.03,Dec,2,2,1,2,Returning_Visitor,False,True
2,20.61,0,0.0,42,1185.25,0.01,0.04,0.0,0.03,Mar,2,4,3,4,Returning_Visitor,False,False
3,0.0,0,1.29,42,0.0,0.01,0.03,0.98,0.03,Nov,2,1,1,2,Returning_Visitor,False,False
3,96.53,2,45.91,50,2935.31,0.01,0.02,0.6,0.0,Nov,2,2,4,2,Returning_Visitor,False,False
3,36.76,1,5.46,55,1527.58,0.01,0.02,8.93,0.0,May,2,2,1,2,Returning_Visitor,False,True
1,15.17,0,1.45,19,234.4,0.0,0.01,0.0,0.03,Nov,2,2,3,2,Returning_Visitor,False,False
1,75.17,0,0.0,52,1173.42,0.0,0.05,21.42,0.0,Nov,3,2,1,3,Returning_Visitor,False,True
2,38.5,0,15.0,50,1435.93,0.0,0.02,12.84,0.8,Nov,3,2,1,3,Returning_Visitor,False,False
2,78.35,0,3.03,17,1135.89,0.03,0.04,8.46,0.03,Nov,2,2,2,3,Returning_Visitor,False,False
6,167.0,0,0.0,71,1168.46,0.01,0.02,12.31,0.03,Nov,3,2,1,2,Returning_Visitor,False,True
1,65.11,0,0.0,40,2338.95,0.03,0.04,2.35,0.0,Nov,1,1,1,3,Returning_Visitor,False,True
2,0.0,0,1.2,7,649.5,0.01,0.06,0.0,0.0,Dec,1,2,1,2,New_Visitor,False,True
4,51.4,0,0.0,58,483.3,0.02,0.02,1.59,1.0,May,2,2,1,13,Returning_Visitor,False,False
2,25.27,0,0.0,64,152.36,0.01,0.13,0.07,0.6,May,3,2,1,3,Returning_Visitor,False,False
0,9.07,0,0.0,14,1288.33,0.01,0.05,0.0,0.0,Mar,1,2,1,2,Returning_Visitor,False,False
3,61.82,0,1.87,96,191.79,0.01,0.11,0.13,0.03,Nov,1,1,1,4,Returning_Visitor,False,False
5,22.86,0,0.95,93,146.75,0.01,0.05,0.36,0.03,Nov,2,2,1,15,Returning_Visitor,False,False
0,0.0,0,0.0,17,1343.14,0.0,0.02,1.49,0.03,Mar,1,1,1,3,Returning_Visitor,False,False
3,99.5,0,1.68,16,315.17,0.0,0.01,12.53,0.0,Mar,2,1,1,2,Returning_Visitor,False,True
0,23.09,0,0.0,61,1138.79,0.0,0.01,1.23,0.03,Aug,2,4,1,2,Returning_Visitor,False,False
3,0.0,0,0.0,16,773.88,0.02,0.02,0.1,0.03,Mar,3,2,1,3,Returning_Visitor,True,False
1,21.95,0,1.15,21,1243.82,0.0,0.02,46.01,0.03,Mar,2,2,1,2,Returning_Visitor,False,True
1,0.0,0,0.63,56,2633.87,0.0,0.01,1.81,0.0,Mar,2,2,1,3,Returning_Visitor,False,False
1,24.5,0,0.77,43,1160.96,0.0,0.03,1.64,0.03,Dec,2,2,1,1,Returning_Visitor,False,False
1,0.0,0,1.13,93,121.26,0.13,0.1,0.65,0.03,Feb,2,2,1,1,Returning_Visitor,False,False
3,56.4,0,0.0,61,1212.44,0.0,0.0,4.86,0.03,Aug,2,2,1,2,Returning_Visitor,False,False
3,9.77,0,0.78,33,1188.38,0.03,0.06,0.0,0.0,May,3,2,4,3,Returning_Visitor,False,False
6,58.93,0,85.0,28,402.81,0.01,0.03,2.38,0.0,Mar,3,2,1,2,Returning_Visitor,False,True
3,0.0,0,0.0,63,1220.54,0.03,0.05,0.61,0.03,Dec,3,2,4,2,Returning_Visitor,False,False
0,4.75,0,0.92,38,1040.97,0.01,0.02,1.43,0.0,Nov,2,2,2,1,Returning_Visitor,False,False
4,27.87,0,1.8,60,295.33,0.01,0.02,1.97,0.0,Jul,2,10,1,2,Returning_Visitor,True,True
3,35.73,0,1.33,7,1363.27,0.05,0.03,0.0,0.03,Nov,3,2,8,8,Returning_Visitor,False,False
1,34.69,0,0.0,64,0.0,0.0,0.1,0.0,0.03,Mar,2,2,1,13,Returning_Visitor,False,False
0,0.0,0,1.17,65,67.04,0.09,0.13,2.06,0.0,Mar,2,2,1,1,Returning_Visitor,False,False
0,0.0,0,1.04,67,1182.36,0.02,0.04,0.0,0.03,May,2,2,1,3,Returning_Visitor,False,False
3,1.89,0,0.94,55,1222.21,0.01,0.02,3.15,0.0,Dec,2,2,1,2,Returning_Visitor,False,False
0,61.1,0,0.0,29,1188.51,0.0,0.02,2.04,0.0,Dec,3,2,6,2,Returning_Visitor,False,False
0,10.78,0,1.5,55,1919.37,0.01,0.02,0.96,0.03,Sep,2,2,1,4,Returning_Visitor,False,False
0,0.0,0,0.0,56,876.57,0.01,0.02,0.0,0.8,Nov,2,2,1,3,Returning_Visitor,False,False
4,38.07,0,0.0,68,2593.74,0.01,0.01,27.86,0.03,May,2,2,4,2,Returning_Visitor,False,False
0,23.3,0,0.99,1,0.0,0.2,0.2,1.74,0.0,Dec,3,2,7,3,Returning_Visitor,False,False
1,83.72,0,1.95,50,1218.26,0.0,0.03,1.27,0.03,Nov,2,2,1,2,Returning_Visitor,False,False
3,227.6,0,1.33,53,1346.07,0.02,0.06,5.9,0.03,Mar,2,2,1,3,Returning_Visitor,False,False
0,0.0,0,1.24,83,13.0,0.13,0.14,0.0,0.03,Mar,2,2,1,3,Returning_Visitor,False,False
2,222.5,0,0.0,42,1233.6,0.02,0.06,2.07,0.03,Dec,2,2,6,3,Returning_Visitor,False,False
3,49.61,0,1.62,16,1254.0,0.04,0.03,1.32,0.03,Nov,3,2,7,2,Returning_Visitor,True,False
0,0.0,0,1.12,53,1280.04,0.01,0.07,0.89,0.03,Nov,2,2,2,1,Returning_Visitor,False,False
1,10.55,0,0.0,85,140.46,0.0,0.05,2.33,0.03,Nov,2,2,1,1,Returning_Visitor,False,False
0,0.0,0,0.0,1,0.0,0.2,0.2,1.93,0.03,Nov,1,2,3,4,Returning_Visitor,False,False
0,0.0,0,29.5,7,1181.67,0.01,0.02,0.0,0.0,Nov,3,2,8,3,Returning_Visitor,True,False
3,27.54,5,1037.15,57,21672.24,0.01,0.02,3.31,0.03,Nov,2,2,1,2,Returning_Visitor,False,True
7,26.08,0,0.0,96,4803.83,0.01,0.02,0.0,0.0,Nov,2,2,3,2,Returning_Visitor,True,False
3,56.48,0,0.99,61,1203.43,0.01,0.03,0.0,0.03,Oct,1,2,1,3,Returning_Visitor,False,False
3,30.86,0,236.0,28,1246.12,0.01,0.02,11.28,0.0,May,2,2,1,2,Returning_Visitor,False,False
3,47.0,0,1.27,66,970.8,0.01,0.03,37.65,0.03,Nov,2,2,2,2,Returning_Visitor,False,False
0,0.0,0,0.0,28,221.0,0.0,0.03,0.58,0.03,May,2,2,1,1,Returning_Visitor,False,False
8,289.0,0,1.34,62,5107.04,0.02,0.04,1.99,0.0,Mar,2,2,2,2,New_Visitor,False,False
9,51.49,0,0.0,61,1606.31,0.03,0.02,0.27,0.03,Nov,3,2,1,2,Returning_Visitor,True,False
3,37.1,0,27.66,53,1282.5,0.01,0.01,1.71,0.03,Mar,2,2,1,2,New_Visitor,False,False
1,0.0,0,0.86,90,161.0,0.0,0.06,2.29,0.0,Nov,2,2,1,1,Returning_Visitor,False,False
0,13.8,0,1.17,24,1185.09,0.02,0.03,0.0,0.0,Mar,2,2,4,3,Returning_Visitor,False,False
1,30.05,0,1.28,3,112.0,0.07,0.15,2.96,0.03,Mar,2,2,1,10,Returning_Visitor,False,False
2,70.12,1,4.3,76,1139.11,0.01,0.06,0.0,0.03,Nov,2,2,1,2,Returning_Visitor,False,False
2,0.0,0,1.06,18,1170.6,0.02,0.03,3.39,0.0,Nov,2,1,3,2,Returning_Visitor,False,False
7,26.67,0,2.49,83,1074.56,0.03,0.03,0.0,0.0,Mar,2,2,1,3,Returning_Visitor,False,True
2,20.56,0,1.76,63,272.33,0.01,0.04,0.9,0.03,May,2,2,1,3,Returning_Visitor,False,False
0,26.07,0,0.0,3,73.54,0.07,0.1,0.0,0.03,May,1,2,1,3,Returning_Visitor,False,False
0,1.76,0,2.42,62,2240.17,0.0,0.03,0.0,0.03,May,1,1,1,4,Returning_Visitor,False,False
3,523.92,2,21.0,25,439.52,0.0,0.02,1.97,0.03,Mar,2,2,1,2,Returning_Visitor,False,False
6,281.33,0,3.36,14,562.67,0.01,0.01,0.18,0.03,May,1,1,1,3,Returning_Visitor,False,False
4,120.9,0,0.0,46,1161.76,0.0,0.03,2.33,0.03,Mar,2,2,1,2,Returning_Visitor,False,False
7,355.91,2,3.26,61,3197.29,0.01,0.02,2.16,0.03,May,3,2,6,2,Returning_Visitor,True,False
14,16.85,0,1.36,33,1038.78,0.01,0.02,1.68,0.03,Sep,2,8,1,3,Returning_Visitor,False,False
2,0.0,0,1.52,1,78.54,0.19,0.14,0.26,0.0,Mar,1,1,3,15,Returning_Visitor,False,False
2,23.92,0,0.54,49,1119.17,0.01,0.03,7.58,0.03,Nov,2,2,1,3,Returning_Visitor,False,True
2,0.0,0,1.92,5,122.4,0.03,0.04,2.14,0.03,Jul,3,2,1,3,Returning_Visitor,False,False
0,0.0,0,0.0,33,1239.77,0.07,0.02,0.0,0.03,Mar,2,2,3,2,Returning_Visitor,False,False
6,202.4,0,10.69,81,2006.05,0.01,0.03,4.28,0.03,Nov,1,2,2,3,Returning_Visitor,False,False
11,30.36,0,2.45,25,1675.14,0.01,0.02,0.0,0.03,Nov,3,2,1,2,Returning_Visitor,False,False
3,36.0,0,0.0,45,1194.92,0.0,0.01,0.63,0.0,Mar,2,2,3,2,Returning_Visitor,False,False
0,3.1,0,0.92,49,2516.83,0.03,0.02,1.55,0.03,Mar,2,2,3,13,Returning_Visitor,False,False
1,9.37,0,1.2,27,1206.0,0.02,0.04,0.0,0.03,Nov,2,2,1,1,Returning_Visitor,False,False
0,0.0,0,0.0,8,1314.31,0.0,0.01,3.22,0.0,Mar,2,2,1,3,Returning_Visitor,False,False
2,238.4,0,0.0,62,132.23,0.02,0.01,0.69,0.0,May,2,2,1,18,Returning_Visitor,False,False
3,49.5,0,0.0,45,820.49,0.0,0.02,0.0,0.03,Mar,2,2,1,3,Returning_Visitor,False,False
3,38.12,0,1.45,35,897.67,0.01,0.03,2.84,0.03,May,3,2,1,3,Returning_Visitor,False,True
0,26.99,0,1.8,4,71.55,0.01,0.05,1.66,0.0,Dec,8,13,9,3,Other,False,False
0,17.89,0,1.23,16,1264.99,0.0,0.02,2.66,0.0,Mar,2,5,1,2,Returning_Visitor,False,False
2,25.0,0,0.17,17,1152.13,0.0,0.02,6.43,0.0,Mar,2,2,1,2,Returning_Visitor,False,False
0,14.3,0,0.0,12,1266.43,0.0,0.03,1.94,0.03,May,4,2,2,2,Returning_Visitor,False,False
1,0.0,0,1.94,67,55.0,0.01,0.09,1.17,0.03,May,2,2,1,3,Returning_Visitor,False,False
2,22.58,0,0.0,54,1711.33,0.0,0.01,2.25,0.03,Nov,2,2,1,1,Returning_Visitor,False,False
1,28.53,0,1.74,98,1038.86,0.09,0.04,0.5,0.03,Nov,3,2,1,3,Returning_Visitor,False,False
3,37.7,0,0.0,24,1455.89,0.04,0.06,0.0,0.03,Mar,3,2,2,1,Returning_Visitor,False,False
3,44.35,0,1.4,79,1276.45,0.0,0.04,1.97,0.03,Nov,2,2,1,3,Returning_Visitor,False,False
5,20.67,1,1.22,33,1887.69,0.01,0.01,11.69,0.03,May,3,2,1,2,Returning_Visitor,False,True
0,29.0,0,0.0,47,1652.49,0.02,0.01,12.19,0.03,Nov,1,2,3,8,Returning_Visitor,False,False
15,444.44,0,0.0,55,1222.75,0.02,0.02,0.0,0.03,Mar,3,2,1,13,Returning_Visitor,False,False
0,7.78,0,1.71,50,701.0,0.01,0.06,0.75,0.03,May,2,2,1,3,Returning_Visitor,False,False
3,48.5,0,1.3,5,90.74,0.0,0.02,2.36,0.03,Nov,3,2,5,3,Returning_Visitor,False,False
3,38.16,0,1.26,91,721.56,0.03,0.04,2.95,0.0,Nov,3,2,3,2,Returning_Visitor,False,False
3,45.52,0,395.0,12,809.89,0.0,0.01,2.58,0.03,Mar,2,2,1,2,New_Visitor,False,False
3,55.85,1,4.72,56,1218.17,0.01,0.02,6.53,0.03,May,2,2,1,2,Returning_Visitor,False,False
10,39.42,0,67.5,178,5715.14,0.0,0.01,1.25,0.03,Nov,3,2,1,2,Returning_Visitor,False,True
3,12.07,0,0.0,56,1400.82,0.0,0.01,0.0,0.03,Nov,2,2,1,2,Returning_Visitor,False,True
4,1946.0,0,1.03,55,1157.97,0.01,0.01,4.52,0.03,Dec,3,2,1,2,Returning_Visitor,False,False
3,27.99,0,0.0,24,1279.77,0.01,0.01,0.0,0.03,Mar,2,2,4,3,Returning_Visitor,False,False
2,58.61,0,0.91,79,17.0,0.0,0.07,0.05,0.03,Mar,2,2,1,2,Returning_Visitor,True,False
3,0.0,0,1.9,2,161.77,0.0,0.01,0.0,0.03,June,2,2,1,3,Returning_Visitor,False,False
2,24.87,0,0.0,61,3559.38,0.01,0.02,0.0,0.0,Nov,2,2,1,2,Returning_Visitor,False,False
0,6.86,0,1.25,68,1260.72,0.01,0.02,0.0,0.0,Nov,2,2,1,2,Returning_Visitor,False,False
2,0.0,0,1.67,27,1002.37,0.0,0.03,47.58,0.03,Oct,2,2,4,2,Returning_Visitor,True,True
3,32.83,1,50.88,59,1470.63,0.01,0.02,1.03,0.03,Nov,2,2,1,2,Returning_Visitor,True,False
1,11.26,0,1.73,15,143.75,0.08,0.09,0.0,0.03,May,2,2,1,13,Returning_Visitor,False,False
0,0.0,0,1.82,25,69.0,0.01,0.04,0.76,0.03,May,2,2,3,3,Returning_Visitor,False,False
0,0.0,0,0.1,24,754.3,0.01,0.01,0.54,0.0,Nov,2,2,1,2,Returning_Visitor,False,False
0,0.0,0,0.0,56,1231.62,0.0,0.01,1.37,0.0,May,2,2,1,2,Returning_Visitor,False,False
3,0.0,0,1.53,14,99.65,0.01,0.06,0.0,0.0,Dec,2,4,1,2,Returning_Visitor,False,False
3,29.73,0,0.0,60,0.0,0.01,0.2,0.0,0.0,Nov,1,1,3,2,Returning_Visitor,False,False
3,19.02,0,0.0,59,1209.93,0.05,0.04,0.74,0.03,Nov,2,2,1,1,Returning_Visitor,True,False
3,21.57,0,0.82,58,650.67,0.01,0.05,0.99,0.03,Nov,2,2,4,2,Returning_Visitor,False,False
5,76.41,2,37.66,59,2701.44,0.0,0.02,4.87,0.0,May,2,2,3,4,Returning_Visitor,False,False
0,10.68,0,0.0,8,1239.72,0.0,0.02,1.1,0.0,Mar,1,2,3,2,Returning_Visitor,False,False
1,5.0,0,2.29,58,1219.66,0.01,0.02,0.46,0.0,Nov,2,2,1,2,Returning_Visitor,False,False
0,19.95,0,3.0,2,138.87,0.19,0.2,0.0,0.03,May,1,1,1,1,Returning_Visitor,False,False
1,46.61,0,0.0,71,1873.59,0.0,0.01,59.28,0.03,Dec,4,2,1,2,Returning_Visitor,False,False
5,150.59,1,44.45,57,1062.81,0.0,0.02,2.34,0.03,Mar,2,2,4,2,Returning_Visitor,False,False
2,53.5,0,0.0,82,1234.39,0.01,0.03,1.75,0.03,Sep,2,2,1,3,Returning_Visitor,False,False
3,246.25,2,63.11,53,548.25,0.02,0.02,13.82,0.03,Nov,1,1,2,2,Returning_Visitor,True,False
5,31.98,0,0.0,63,7442.39,0.02,0.02,0.0,0.03,Mar,2,2,3,3,Returning_Visitor,False,False
2,21.67,0,2.82,1,66.7,0.2,0.2,0.61,0.03,Mar,3,2,3,2,Returning_Visitor,False,False
0,4.14,0,0.53,18,1277.46,0.01,0.02,1.74,0.03,May,2,2,1,3,Returning_Visitor,False,False
0,27.96,0,1.23,26,453.33,0.01,0.03,0.0,0.03,Nov,2,4,1,4,Returning_Visitor,False,False
0,0.0,0,2.19,1,0.0,0.18,0.09,0.56,0.0,May,2,2,3,2,Returning_Visitor,True,False
2,0.0,0,1.55,18,1104.08,0.08,0.04,0.0,0.03,Mar,2,2,1,4,Returning_Visitor,False,False
0,9.94,0,1.63,72,1376.33,0.01,0.07,1.06,0.03,Nov,1,2,1,1,Returning_Visitor,False,False
3,18.84,0,1.06,58,3528.69,0.02,0.03,0.14,0.0,Mar,2,2,1,3,Returning_Visitor,False,False
0,79.3,0,1.58,33,1346.74,0.01,0.03,6.65,0.0,Nov,2,8,2,11,Returning_Visitor,True,False
8,91.86,1,18.28,61,2443.19,0.01,0.02,2.68,0.03,Mar,2,2,9,2,Returning_Visitor,True,False
0,0.0,0,0.7,7,1346.46,0.03,0.06,0.0,0.03,Dec,5,2,1,3,Returning_Visitor,True,False
2,50.5,0,2.23,14,1295.43,0.0,0.01,100.78,0.03,Nov,2,2,1,2,Returning_Visitor,False,True
10,236.41,0,1.67,313,7428.18,0.02,0.04,1.54,0.03,Mar,2,2,1,2,Returning_Visitor,False,False
9,350.24,0,4.32,69,5757.68,0.01,0.02,0.01,0.03,Nov,2,2,1,2,Returning_Visitor,False,True
2,0.0,0,1.4,44,1193.14,0.05,0.02,0.42,0.03,Mar,3,2,1,13,Returning_Visitor,False,False
3,15.53,0,1.45,1,129.01,0.03,0.04,0.0,0.0,May,2,2,1,3,Returning_Visitor,False,False
1,28.09,0,0.0,14,1369.9,0.01,0.03,0.88,0.03,Mar,2,2,1,1,Returning_Visitor,True,False
0,19.84,0,0.71,71,1454.29,0.1,0.08,2.56,0.8,May,2,2,1,2,Returning_Visitor,False,False
2,0.0,0,0.0,64,0.0,0.01,0.05,0.0,0.8,Nov,2,2,1,3,Returning_Visitor,False,False
9,110.45,0,1.29,33,1279.52,0.01,0.02,0.0,0.03,Dec,2,2,1,2,Returning_Visitor,False,False
2,0.0,0,1.69,59,269.7,0.0,0.03,0.0,0.03,Dec,2,2,3,3,Returning_Visitor,False,False
3,51.43,0,1.2,71,14.35,0.0,0.05,3.29,0.03,Mar,3,2,6,3,New_Visitor,False,False
10,509.83,2,4.16,72,1438.85,0.01,0.03,9.77,0.03,Mar,1,1,3,2,Returning_Visitor,False,False
0,44.41,0,2.66,91,4157.63,0.01,0.03,0.39,0.03,May,2,2,1,13,Returning_Visitor,False,False
3,62.96,0,0.87,53,1225.86,0.01,0.02,12.63,0.0,Nov,1,1,1,2,Returning_Visitor,False,True
3,99.75,0,0.83,71,2520.06,0.01,0.02,1.4,0.03,Nov,2,2,1,3,Returning_Visitor,False,True
0,3.8,0,1.48,21,1314.16,0.01,0.01,1.96,0.03,Nov,3,2,3,3,Returning_Visitor,False,False
6,270.35,1,2.86,60,1201.78,0.0,0.02,11.45,0.03,Nov,1,1,1,2,Returning_Visitor,False,False
3,166.13,2,46.0,33,1101.54,0.01,0.02,0.0,0.03,Nov,2,2,1,2,Returning_Visitor,False,False
1,18.68,0,1.15,86,1322.97,0.01,0.04,0.19,0.0,Mar,3,2,1,3,Returning_Visitor,False,False
9,606.0,1,33.0,26,1049.61,0.01,0.01,6.66,0.03,Mar,1,2,3,2,Returning_Visitor,False,False
3,154.0,0,0.0,23,367.25,0.01,0.04,1.81,0.03,Mar,3,2,2,2,Returning_Visitor,False,False
0,14.09,0,1.04,15,383.46,0.01,0.02,0.73,0.0,Nov,2,2,1,2,Returning_Visitor,False,False
0,13.35,0,1.37,21,1195.81,0.06,0.14,0.48,0.03,Nov,1,1,1,1,Returning_Visitor,False,False
3,5.0,0,0.0,21,411.08,0.02,0.02,2.55,0.03,Nov,2,2,1,3,Returning_Visitor,False,False
2,0.0,0,0.0,53,1900.68,0.02,0.02,1.72,0.03,Nov,2,1,3,10,Returning_Visitor,True,True
8,316.64,1,12.38,81,1266.57,0.01,0.02,86.58,0.0,Nov,1,2,1,2,Returning_Visitor,False,False
2,0.0,0,1.43,58,3129.39,0.02,0.02,0.0,0.03,May,3,2,3,3,Returning_Visitor,False,False
2,57.28,0,0.0,72,1129.53,0.01,0.02,3.13,0.03,Mar,2,2,1,4,Returning_Visitor,False,False
0,22.06,0,1.98,5,1369.04,0.01,0.04,1.37,0.0,Nov,3,2,1,3,New_Visitor,True,False
3,0.0,0,0.0,21,1184.49,0.0,0.01,18.34,0.03,Mar,1,2,1,2,Returning_Visitor,False,True
2,26.75,3,49.5,66,2964.65,0.02,0.03,0.0,0.03,Mar,3,2,1,2,Returning_Visitor,False,False
0,0.0,0,0.44,32,1205.01,0.01,0.04,1.04,0.03,Nov,2,4,3,7,Returning_Visitor,False,False
0,19.22,0,1.39,98,25.0,0.07,0.13,1.15,0.03,Mar,3,2,1,2,Returning_Visitor,False,False
7,68.21,0,0.81,58,5320.97,0.01,0.01,0.0,0.03,Nov,2,2,1,2,Returning_Visitor,False,False
3,145.2,0,1.92,14,266.66,0.01,0.02,0.0,0.0,Mar,2,2,1,1,Returning_Visitor,False,False
2,119.57,0,0.0,25,1252.6,0.01,0.03,2.2,0.03,Nov,2,2,1,8,Returning_Visitor,False,False
3,322.07,0,27.56,37,1149.91,0.0,0.03,0.21,0.0,Nov,1,1,1,2,Returning_Visitor,True,False
3,17.9,0,1.28,14,1279.53,0.01,0.01,32.38,0.0,Mar,2,2,2,2,Returning_Visitor,False,True
3,85.0,0,0.0,3,1230.64,0.0,0.05,2.3,0.03,Mar,2,1,1,8,New_Visitor,False,False
3,79.33,0,1.04,76,501.75,0.01,0.02,11.93,0.03,Nov,2,4,4,2,Returning_Visitor,False,True
3,1.47,0,0.0,48,1238.95,0.01,0.01,0.0,0.03,Nov,2,1,1,2,Returning_Visitor,False,False
3,512.58,2,211.0,61,1238.77,0.01,0.02,8.55,0.03,Oct,1,1,3,1,Returning_Visitor,False,False
2,26.56,0,0.0,39,526.33,0.01,0.06,0.0,0.03,Nov,1,2,3,2,Returning_Visitor,False,False
1,13.33,0,1.16,30,176.5,0.17,0.02,2.18,0.03,May,2,2,1,3,Returning_Visitor,False,False
3,280.13,1,37.82,57,1140.8,0.0,0.02,0.84,0.0,Mar,2,2,3,2,Returning_Visitor,False,False
2,0.0,1,64.09,20,1321.66,0.03,0.02,1.36,0.03,May,2,2,1,13,Returning_Visitor,False,False
3,14.95,0,1.53,1,63.93,0.07,0.03,0.0,1.0,May,4,1,1,3,Returning_Visitor,False,False
1,0.0,0,0.0,70,623.2,0.02,0.03,4.45,0.03,Jul,2,2,1,2,Returning_Visitor,False,False
2,47.24,0,15.0,60,961.13,0.01,0.01,2.63,0.0,Nov,3,2,1,2,Returning_Visitor,False,False
0,0.0,0,0.0,4,80.62,0.0,0.04,2.1,0.0,Nov,2,2,1,1,Returning_Visitor,False,False
0,21.79,0,0.0,10,108.0,0.01,0.07,0.93,0.03,May,2,2,1,19,Returning_Visitor,False,False
0,0.0,0,0.0,24,409.3,0.01,0.02,0.32,0.03,Nov,3,2,1,3,Returning_Visitor,False,False
3,61.15,2,6.81,80,2050.18,0.0,0.01,15.08,0.03,Nov,2,2,1,2,Returning_Visitor,False,False
1,25.81,1,0.0,59,1219.89,0.02,0.03,1.68,0.0,Sep,3,2,3,4,Returning_Visitor,True,False
3,59.09,0,0.0,67,1209.24,0.01,0.01,19.82,0.03,Nov,2,2,4,2,Returning_Visitor,False,True
0,40.1,0,0.0,26,354.25,0.01,0.01,124.03,0.03,May,2,1,6,3,Returning_Visitor,False,True
3,52.23,0,0.0,32,1059.4,0.01,0.03,2.13,0.03,Nov,3,2,1,2,Returning_Visitor,True,True
3,41.71,0,0.81,69,229.04,0.01,0.03,1.4,0.03,Mar,1,2,9,2,Returning_Visitor,False,False
3,62.43,0,0.09,81,1743.37,0.01,0.05,0.47,0.0,Mar,2,3,2,1,Returning_Visitor,False,True
8,154.87,1,2.26,83,7972.32,0.0,0.01,3.04,0.03,Nov,2,2,1,2,Returning_Visitor,False,True
2,10.57,2,63.5,118,5250.89,0.0,0.02,0.0,0.03,Nov,2,2,1,2,Returning_Visitor,True,False
9,15.35,0,0.0,24,963.05,0.01,0.04,1.41,0.0,Mar,3,2,1,3,Returning_Visitor,True,False
1,15.09,7,3.74,25,938.73,0.0,0.02,1.13,0.0,Mar,2,4,1,3,Returning_Visitor,False,False
2,53.37,0,0.91,10,182.25,0.0,0.02,2.09,0.03,Mar,2,2,6,2,New_Visitor,False,False
1,27.8,0,1.81,26,933.33,0.01,0.02,3.06,0.0,May,2,2,1,13,Returning_Visitor,False,False
1,20.96,1,2.52,92,1102.43,0.01,0.02,0.84,0.0,Mar,1,1,3,2,Returning_Visitor,True,False
0,12.69,0,0.64,17,208.0,0.02,0.08,0.0,0.03,May,2,2,4,3,Returning_Visitor,False,False
5,36.89,0,1.27,18,1212.43,0.01,0.02,4.74,0.03,May,2,2,1,3,Returning_Visitor,False,False
7,250.33,0,1.79,80,3355.34,0.01,0.02,0.0,0.03,Nov,2,2,1,2,Returning_Visitor,True,False
1,0.0,0,1.59,1,64.65,0.01,0.2,0.86,0.03,Nov,2,2,1,1,Returning_Visitor,False,False
0,17.63,0,0.0,4,129.5,0.01,0.05,1.18,0.03,Dec,8,13,9,3,Other,False,False
3,49.95,0,0.0,68,585.65,0.0,0.01,0.0,0.03,Nov,2,2,1,2,New_Visitor,True,False
3,88.0,0,0.0,51,969.39,0.02,0.02,1.95,0.0,Mar,1,1,3,3,Returning_Visitor,False,False
3,23.71,0,2.25,62,1184.18,0.0,0.02,1.63,0.03,Nov,1,1,1,1,Returning_Visitor,True,False
0,20.68,0,1.49,15,1316.74,0.02,0.04,0.76,0.0,Mar,2,2,1,1,Returning_Visitor,False,False
3,61.14,0,3.29,37,592.84,0.01,0.04,0.85,0.0,Mar,2,2,1,3,Returning_Visitor,False,False
1,15.67,0,1.13,3,48.5,0.02,0.04,0.86,0.0,Nov,3,2,1,2,Returning_Visitor,False,False
4,295.4,1,107.23,28,1320.8,0.01,0.02,4.8,0.03,Jul,2,1,1,2,Returning_Visitor,False,True
5,3.64,1,62.61,54,6203.69,0.01,0.03,0.99,0.03,Mar,2,2,3,2,Returning_Visitor,False,False
2,0.0,0,1.92,26,1117.46,0.01,0.02,0.5,0.03,Nov,2,4,1,1,Returning_Visitor,False,False
0,11.14,0,1.0,15,418.33,0.0,0.02,28.13,0.0,Nov,2,4,9,5,Returning_Visitor,False,False
0,0.0,0,0.0,14,69.31,0.19,0.2,0.56,0.0,Mar,1,1,1,3,Returning_Visitor,False,False
3,193.0,1,10.27,66,1212.8,0.01,0.01,9.69,0.03,Mar,2,2,3,2,Returning_Visitor,True,False
0,14.58,0,1.32,18,1177.25,0.0,0.03,7.29,0.0,Nov,2,2,1,2,Returning_Visitor,True,True
4,120.0,0,64.0,54,1053.91,0.02,0.03,17.25,0.03,May,2,2,2,3,Returning_Visitor,False,True
5,74.25,2,84.0,64,1277.61,0.01,0.01,1.36,0.0,Mar,2,2,4,2,Returning_Visitor,False,False
1,0.0,0,0.75,2,0.0,0.14,0.08,3.48,0.0,May,2,2,1,6,Returning_Visitor,False,False
3,17.97,1,15.0,26,670.17,0.0,0.01,0.0,0.0,May,2,2,1,4,Returning_Visitor,False,False
1,25.5,0,1.12,60,1078.26,0.01,0.02,1.61,0.0,Nov,2,2,7,3,Returning_Visitor,False,False
3,43.14,0,0.0,57,1420.47,0.01,0.01,0.26,0.03,May,2,1,3,2,Returning_Visitor,False,False
2,33.61,0,0.0,24,1124.9,0.01,0.02,23.52,0.03,Nov,1,1,6,2,Returning_Visitor,True,True
3,35.9,0,0.0,63,1273.25,0.01,0.03,0.0,0.03,Feb,2,6,1,3,Returning_Visitor,False,False
0,10.22,0,1.6,20,806.5,0.01,0.03,0.0,0.6,May,2,2,1,3,Returning_Visitor,False,False
2,171.99,4,18.99,64,539.23,0.01,0.01,1.83,0.0,Jul,1,2,1,4,Returning_Visitor,False,True
2,0.0,0,1.16,15,184.38,0.0,0.01,0.23,0.03,Nov,2,2,1,2,Returning_Visitor,False,False
3,286.53,2,33.92,61,1320.45,0.01,0.03,27.66,0.0,Nov,2,2,7,2,Returning_Visitor,False,True
3,48.89,0,0.0,54,598.3,0.0,0.03,0.0,0.0,Mar,2,6,1,1,Returning_Visitor,False,False
7,375.28,0,0.0,52,1212.66,0.01,0.03,5.11,0.03,Mar,2,2,6,3,Returning_Visitor,True,False
2,62.5,0,0.0,49,548.33,0.0,0.03,0.0,0.03,Nov,2,2,1,3,Returning_Visitor,False,False
0,0.0,0,1.12,1,0.0,0.19,0.14,0.11,0.0,Nov,2,1,1,2,Returning_Visitor,False,False
3,52.47,0,0.6,19,1219.59,0.01,0.01,0.0,0.0,Nov,2,2,1,2,Returning_Visitor,False,False
2,25.68,1,10.56,63,763.03,0.0,0.01,0.0,0.03,Nov,2,2,1,2,Returning_Visitor,False,False
0,36.16,0,0.0,68,1239.56,0.0,0.03,0.0,0.0,May,1,1,1,4,Returning_Visitor,False,False
0,10.0,0,1.23,5,371.0,0.0,0.02,1.51,0.03,Mar,2,2,4,3,Returning_Visitor,False,False
0,50.01,0,0.0,21,84.27,0.04,0.02,0.93,0.4,Mar,2,2,6,3,Returning_Visitor,False,False
0,8.5,0,1.4,68,1190.93,0.01,0.02,0.0,0.0,Nov,1,1,3,2,Returning_Visitor,True,False
3,5.86,0,1.26,7,1236.82,0.01,0.02,0.42,0.8,May,2,2,1,2,Returning_Visitor,False,False
1,80.3,0,0.0,41,1217.01,0.0,0.01,26.23,0.03,May,2,2,1,2,Returning_Visitor,False,True
3,27.73,0,0.0,9,1227.56,0.01,0.02,55.9,0.03,Jul,2,2,1,4,Returning_Visitor,False,True
3,0.0,0,0.0,65,3864.43,0.01,0.02,12.55,0.03,Nov,2,2,2,3,Returning_Visitor,False,False
0,25.67,0,0.0,6,1366.0,0.01,0.03,0.27,0.03,May,1,1,1,2,Returning_Visitor,False,False
0,0.0,0,1.58,18,1279.55,0.0,0.02,0.0,0.0,Nov,3,2,3,3,Returning_Visitor,False,False
1,7.2,0,1.3,46,86.53,0.12,0.11,1.05,0.03,Mar,3,2,3,3,Returning_Visitor,True,False
4,59.81,0,0.0,58,1239.27,0.0,0.01,23.0,0.0,Nov,2,2,1,2,Returning_Visitor,False,True
1,18.2,0,0.0,55,1254.09,0.01,0.1,2.05,0.03,Nov,2,4,3,1,Returning_Visitor,False,False
3,40.42,0,47.5,64,1252.33,0.01,0.03,1.66,0.03,Dec,2,2,8,3,New_Visitor,False,False
3,236.83,0,0.0,34,1147.31,0.01,0.02,1.29,0.0,Mar,3,2,3,3,Returning_Visitor,True,True
0,2.16,0,0.0,60,1010.63,0.01,0.01,1.16,0.03,Nov,2,2,1,2,Returning_Visitor,False,False
3,26.21,0,0.0,60,1331.44,0.02,0.04,0.12,0.03,Mar,2,5,1,2,Returning_Visitor,False,False
3,1.42,0,0.0,53,1293.4,0.02,0.03,1.96,0.03,Mar,2,5,1,6,Returning_Visitor,False,False
1,0.0,0,1.88,29,188.0,0.05,0.09,0.27,0.03,May,1,1,1,3,Returning_Visitor,False,False
1,29.97,1,1.33,57,0.0,0.02,0.2,2.54,0.03,May,2,1,1,2,Returning_Visitor,False,False
3,37.97,2,9.07,44,2340.5,0.01,0.02,52.08,0.03,May,2,2,1,4,Returning_Visitor,False,False
3,24.52,0,0.0,37,1086.84,0.06,0.04,0.36,0.0,Nov,3,2,2,3,Returning_Visitor,False,False
3,9.5,0,0.0,92,1209.32,0.0,0.02,0.48,0.0,Mar,2,2,3,2,Returning_Visitor,False,False
3,19.83,0,104.8,53,5219.45,0.02,0.03,20.15,0.03,Nov,2,2,1,1,Returning_Visitor,False,True
3,69.81,0,1.85,6,1187.04,0.01,0.02,24.16,0.0,Nov,2,2,1,2,Returning_Visitor,False,False
3,54.38,0,0.0,82,1134.8,0.01,0.02,7.11,0.04,May,2,2,1,13,Returning_Visitor,False,False
3,0.0,0,2.08,62,1262.53,0.01,0.02,1.76,0.0,Oct,3,2,1,13,Returning_Visitor,False,False
2,89.98,0,0.54,96,1304.97,0.0,0.02,6.18,0.0,Nov,2,2,1,2,Returning_Visitor,False,False
7,118.5,0,1.98,56,1283.12,0.0,0.02,0.31,0.03,Mar,1,2,1,2,Returning_Visitor,False,False
0,2.89,0,0.0,59,1556.6,0.0,0.02,1.03,0.03,Nov,2,2,1,2,Returning_Visitor,False,False
0,0.0,0,2.56,37,236.0,0.06,0.09,1.07,0.03,May,2,2,1,1,Returning_Visitor,False,False
3,277.17,0,1.39,64,1448.33,0.01,0.0,0.0,0.0,Nov,2,4,1,2,Returning_Visitor,False,False
2,24.98,0,0.0,63,1646.2,0.03,0.02,2.92,0.03,June,2,2,1,2,Returning_Visitor,False,False
0,0.0,0,0.0,87,1197.7,0.01,0.01,38.0,0.0,Nov,2,2,1,3,New_Visitor,False,True
3,100.5,1,1.07,51,1164.81,0.01,0.0,0.0,0.0,Nov,8,13,1,3,Other,False,False
3,23.66,0,1.33,18,1043.21,0.01,0.05,0.92,0.8,May,2,2,1,13,Returning_Visitor,False,False
2,355.32,2,11.16,9,1148.87,0.01,0.04,0.76,0.0,Mar,1,1,1,3,Returning_Visitor,False,False
2,214.0,0,6.65,67,830.1,0.01,0.04,0.4,0.03,Nov,1,1,2,3,Returning_Visitor,False,False
3,34.25,0,0.49,55,3638.48,0.01,0.02,0.35,0.03,Nov,2,2,1,2,Returning_Visitor,False,False
0,17.24,0,1.14,15,1361.01,0.04,0.04,1.1,0.03,May,2,2,1,1,Returning_Visitor,False,False
2,0.0,0,14.57,55,1291.57,0.03,0.04,0.0,0.03,Mar,4,2,1,3,Returning_Visitor,True,False
4,175.0,0,0.96,20,1164.57,0.0,0.03,0.0,0.0,Mar,2,2,1,3,Returning_Visitor,False,False
1,16.03,0,0.18,27,1221.26,0.01,0.02,0.63,0.0,Mar,2,2,4,2,Returning_Visitor,False,False
3,0.0,0,0.0,2,64.15,0.05,0.02,0.0,0.8,May,3,2,1,2,Returning_Visitor,False,False
3,119.03,1,696.2,37,1082.68,0.02,0.02,12.51,0.03,Mar,2,2,1,2,Returning_Visitor,True,True
4,136.56,0,1.36,59,3224.82,0.0,0.02,9.6,0.03,Mar,2,2,2,3,Returning_Visitor,True,True
0,4.43,0,1.2,11,0.0,0.2,0.2,0.0,0.0,Nov,3,2,1,2,Returning_Visitor,True,False
2,52.86,0,0.0,42,3556.52,0.01,0.02,0.75,0.03,Dec,2,2,1,3,Returning_Visitor,False,False
2,14.16,0,0.0,50,1348.48,0.01,0.04,2.29,0.0,Nov,3,2,1,3,Returning_Visitor,False,False
11,341.27,0,258.62,197,1147.12,0.01,0.02,22.31,0.03,Nov,2,10,1,2,Returning_Visitor,False,True
2,39.09,0,0.98,46,168.29,0.02,0.02,1.21,0.16,May,2,2,1,2,Returning_Visitor,False,False
0,18.67,0,1.15,26,132.43,0.09,0.12,1.01,0.03,May,2,2,1,13,Returning_Visitor,False,False
0,0.0,0,0.85,20,1304.12,0.03,0.02,3.18,0.03,May,2,2,1,3,Returning_Visitor,True,False
1,5.5,6,15.05,25,1090.7,0.0,0.01,1.43,0.03,May,2,2,1,4,Returning_Visitor,False,False
4,785.22,0,0.0,8,1018.83,0.02,0.02,0.0,0.0,Mar,2,2,1,5,Returning_Visitor,False,False
0,14.76,0,2.09,15,729.0,0.01,0.03,0.0,0.03,June,2,2,1,3,Returning_Visitor,False,False
3,32.55,0,0.0,42,71.33,0.01,0.02,3.12,0.03,Mar,2,2,1,11,Returning_Visitor,False,False
3,93.9,0,1.03,19,323.37,0.01,0.02,1.3,0.03,Sep,2,2,1,2,Returning_Visitor,False,False
2,35.5,0,0.0,23,2767.2,0.0,0.01,0.0,0.0,Nov,2,2,7,3,New_Visitor,False,False
0,0.0,0,1.48,55,1306.67,0.02,0.02,88.39,0.0,Mar,3,2,1,20,Returning_Visitor,True,True
1,53.19,0,0.0,44,1211.08,0.01,0.0,2.35,0.03,May,2,2,1,4,Returning_Visitor,True,False
0,17.56,0,1.45,45,865.83,0.05,0.09,0.0,0.03,May,2,2,4,2,Returning_Visitor,False,False
2,0.0,0,1.54,7,1019.26,0.0,0.02,0.0,0.03,Nov,2,2,1,3,Returning_Visitor,False,False
2,67.17,0,0.0,91,1161.68,0.0,0.02,0.0,0.03,Mar,2,2,3,3,Returning_Visitor,False,False
0,0.0,0,1.69,82,1351.75,0.04,0.05,0.6,0.0,Nov,3,2,1,3,Returning_Visitor,False,False
2,0.0,0,0.91,15,236.27,0.0,0.03,1.97,0.0,Mar,2,2,1,1,Returning_Visitor,False,False
3,32.71,0,2.25,4,683.4,0.02,0.02,1.85,0.0,Nov,3,2,6,1,Returning_Visitor,False,False
1,0.0,0,0.0,62,3177.37,0.01,0.04,0.31,0.03,Mar,2,2,5,2,Returning_Visitor,False,False
0,0.0,0,1.2,4,63.34,0.01,0.07,1.84,0.0,May,2,2,1,3,Returning_Visitor,False,False
3,44.23,0,0.08,159,2184.48,0.01,0.01,16.51,0.0,Nov,2,2,1,3,Returning_Visitor,True,False
1,1.75,0,1.63,58,1223.75,0.01,0.03,0.0,0.03,Mar,2,2,3,3,Returning_Visitor,False,False
0,0.0,0,1.76,60,1232.21,0.01,0.01,1.28,0.03,May,2,2,1,4,Returning_Visitor,False,True
4,32.62,0,1.1,18,727.62,0.01,0.01,2.13,0.03,June,2,2,5,3,Returning_Visitor,False,False
4,21.54,0,0.0,55,1296.95,0.0,0.02,1.58,0.0,Nov,2,2,1,3,New_Visitor,False,False
1,14.21,0,0.0,70,403.37,0.01,0.05,0.0,0.0,Mar,3,2,1,3,Returning_Visitor,False,False
0,32.46,0,1.41,9,73.78,0.0,0.03,0.55,0.0,Mar,1,1,1,3,Returning_Visitor,False,False
3,17.72,0,1.63,29,1129.7,0.0,0.02,5.93,0.03,Nov,1,1,1,2,Returning_Visitor,False,True
1,4.93,0,0.0,50,1282.27,0.0,0.07,0.0,0.0,Nov,2,2,1,2,Returning_Visitor,False,True
3,52.36,3,69.41,22,1005.81,0.0,0.01,0.46,0.0,Mar,2,2,1,2,New_Visitor,True,False
0,2.6,0,1.4,31,1199.36,0.03,0.09,3.25,0.03,Mar,2,4,3,1,Returning_Visitor,False,False
3,29.37,0,1.75,62,1468.12,0.0,0.01,0.92,0.03,Mar,2,2,1,4,New_Visitor,False,True
2,27.77,0,0.0,1,0.0,0.01,0.14,0.1,0.03,Nov,3,2,1,13,Returning_Visitor,True,False
0,0.0,0,0.0,7,1233.73,0.0,0.06,1.23,0.03,Mar,2,2,1,3,Returning_Visitor,True,False
2,86.0,0,1.1,58,2450.69,0.03,0.02,0.0,0.03,Mar,1,2,1,3,Returning_Visitor,False,False
0,7.73,0,0.91,4,41.0,0.11,0.1,0.36,0.51,Mar,3,2,1,3,Returning_Visitor,False,False
0,7.91,0,0.13,10,1203.58,0.03,0.03,0.0,0.0,Dec,2,2,1,1,Returning_Visitor,True,False
9,15.97,1,39.54,70,1295.28,0.01,0.03,0.0,0.03,Nov,2,2,1,2,Returning_Visitor,False,True
12,184.42,0,19.09,64,1866.38,0.01,0.02,18.23,0.0,Nov,2,2,1,2,Returning_Visitor,False,False
9,262.89,0,0.0,57,1166.33,0.01,0.02,4.27,0.03,Nov,2,2,3,2,Returning_Visitor,False,False
0,19.21,0,0.0,21,1225.26,0.01,0.05,0.0,0.0,Nov,3,2,1,3,Returning_Visitor,True,False
0,0.0,0,0.91,17,1395.26,0.01,0.01,21.59,0.0,May,2,2,1,2,Returning_Visitor,True,False
0,8.44,0,0.0,10,180.16,0.0,0.02,3.35,0.0,May,2,2,1,2,Returning_Visitor,False,False
0,0.0,0,1.06,22,1294.76,0.01,0.01,0.0,0.0,May,2,2,2,4,Returning_Visitor,False,False
2,22.63,0,1.18,83,143.5,0.0,0.04,0.65,0.03,Nov,2,2,1,3,Returning_Visitor,False,False
3,48.73,0,0.0,66,1063.96,0.01,0.02,0.0,0.03,Mar,1,2,1,3,Returning_Visitor,False,False
0,0.0,0,0.0,8,1213.21,0.0,0.01,2.71,0.03,Feb,2,4,3,2,Returning_Visitor,False,False
0,3.77,0,0.0,21,1296.29,0.0,0.01,1.83,0.03,Mar,2,7,1,3,Returning_Visitor,True,False
3,50.0,0,0.0,14,1121.36,0.0,0.01,3.19,0.0,Nov,2,2,1,2,Returning_Visitor,False,False
0,6.82,0,1.17,49,1237.75,0.0,0.04,0.74,0.03,Nov,3,2,1,3,Returning_Visitor,False,True
3,24.82,0,0.0,62,1082.43,0.01,0.02,8.48,0.03,Aug,1,1,1,4,Returning_Visitor,True,False
0,0.0,0,1.8,28,1218.87,0.01,0.03,0.41,0.03,Nov,2,2,3,3,Returning_Visitor,False,False
3,31.71,0,1.23,54,1144.97,0.01,0.02,0.0,0.0,Dec,4,1,3,1,Returning_Visitor,False,False
0,23.43,0,0.0,59,1136.36,0.03,0.02,4.59,0.03,Mar,2,2,7,2,Returning_Visitor,False,False
3,60.5,0,1.17,40,1267.36,0.01,0.02,0.0,0.03,May,2,10,1,3,Returning_Visitor,False,False
4,52.5,0,0.0,61,463.5,0.0,0.03,2.64,0.03,Nov,3,2,1,11,New_Visitor,True,False
0,15.05,0,0.0,40,1203.5,0.01,0.02,0.0,0.03,May,3,3,1,3,Returning_Visitor,False,False
0,0.0,0,1.04,6,1439.48,0.01,0.01,2.1,0.03,Nov,3,2,3,10,Returning_Visitor,False,False
4,53.23,0,1.57,65,1144.37,0.01,0.04,0.83,0.03,Mar,2,2,1,3,Returning_Visitor,False,False
2,31.87,0,0.99,14,434.5,0.01,0.02,0.0,0.03,Mar,1,2,1,3,Returning_Visitor,False,False
1,37.5,0,1.02,5,64.31,0.03,0.07,1.54,0.0,Nov,1,1,1,3,New_Visitor,False,False
2,21.64,0,2.0,59,1232.07,0.0,0.01,1.47,0.03,May,3,2,4,3,Returning_Visitor,False,False
7,245.17,2,2.84,56,1230.95,0.0,0.0,22.0,0.0,May,2,2,1,2,Returning_Visitor,False,False
10,28.56,0,1.47,63,1223.28,0.01,0.02,1.0,0.0,Mar,2,2,1,6,New_Visitor,False,False
0,0.0,0,0.74,54,1206.07,0.01,0.02,3.14,0.03,Nov,2,2,1,2,Returning_Visitor,False,False
0,0.0,0,0.0,16,159.0,0.01,0.02,0.0,0.0,Mar,2,2,1,3,Returning_Visitor,True,False
3,32.09,0,1.96,8,1165.33,0.03,0.02,0.49,0.0,Nov,3,2,2,3,Returning_Visitor,False,False
3,15.03,1,18.0,19,1148.57,0.0,0.02,1.56,0.0,Nov,2,2,1,1,Returning_Visitor,True,False
7,193.84,0,298.0,78,2409.88,0.01,0.02,10.13,0.0,Dec,2,2,1,2,Returning_Visitor,False,False
3,0.0,0,1.27,62,363.5,0.01,0.02,0.06,0.03,May,2,2,1,1,Returning_Visitor,False,False
3,22.84,0,1.25,56,353.71,0.05,0.08,4.06,0.03,Jul,2,2,1,3,Returning_Visitor,False,False
2,307.61,1,3.24,58,2872.72,0.01,0.03,5.92,0.03,Aug,2,2,2,1,Returning_Visitor,False,False
2,3.48,0,2.79,16,1218.74,0.01,0.03,1.48,0.0,May,1,1,1,4,Returning_Visitor,False,False
0,4.59,0,0.92,57,804.04,0.01,0.0,1.28,0.03,Mar,3,2,1,3,Returning_Visitor,False,False
3,218.46,0,1.84,5,1297.94,0.0,0.05,0.73,0.03,Nov,1,1,1,2,New_Visitor,False,False
3,30.75,0,0.0,44,4760.78,0.01,0.02,0.0,0.0,Nov,3,2,8,2,Returning_Visitor,False,False
3,227.6,0,0.0,37,5284.82,0.0,0.02,1.22,0.03,Oct,2,2,1,4,Returning_Visitor,False,False
3,403.0,0,2.37,57,1616.55,0.0,0.0,0.0,0.03,Nov,1,1,1,2,Returning_Visitor,False,False
3,19.62,1,1.05,68,1916.9,0.02,0.02,11.19,0.03,May,2,2,1,3,Returning_Visitor,False,True
1,5.0,1,3.02,61,1352.35,0.0,0.01,0.75,0.0,Nov,2,2,3,6,Returning_Visitor,False,False
1,22.71,0,1.08,54,1167.65,0.01,0.04,2.14,0.04,June,3,2,1,3,Returning_Visitor,True,False
0,13.95,0,0.0,20,447.05,0.01,0.03,1.94,0.0,Mar,1,2,1,3,New_Visitor,False,True
3,91.67,2,25.19,65,1347.27,0.01,0.03,0.88,0.0,Mar,2,2,1,2,Returning_Visitor,False,False
3,50.22,2,56.0,36,1385.83,0.01,0.01,4.23,0.03,Mar,2,2,1,2,Returning_Visitor,False,True
0,24.82,0,0.61,14,686.52,0.02,0.02,0.0,0.0,May,2,2,1,3,Returning_Visitor,False,False
1,34.03,0,0.0,16,453.57,0.01,0.02,3.85,0.03,Mar,2,2,1,1,Returning_Visitor,False,False
2,16.29,0,0.0,38,1629.02,0.0,0.02,0.0,0.03,May,2,2,1,3,Returning_Visitor,True,False
0,0.0,0,1.3,6,1053.73,0.0,0.02,0.82,0.03,Nov,1,1,1,3,Returning_Visitor,False,False
0,11.2,0,0.0,19,1323.49,0.01,0.02,0.0,0.03,May,2,2,1,4,Returning_Visitor,False,False
3,43.41,0,386.0,36,1157.99,0.02,0.03,12.62,0.0,Nov,2,2,3,3,Returning_Visitor,False,True
1,10.53,0,0.0,15,1083.95,0.01,0.02,36.41,0.03,May,2,2,1,3,Returning_Visitor,False,True
4,67.5,0,1.5,72,1288.24,0.0,0.01,0.0,0.03,Nov,2,2,1,2,New_Visitor,False,False
2,23.91,0,0.0,5,68.4,0.01,0.02,2.93,0.03,June,2,2,1,4,Returning_Visitor,False,False
2,18.2,0,0.54,55,1158.93,0.01,0.01,27.3,0.0,Nov,2,2,1,2,Returning_Visitor,False,True
3,4.0,0,0.0,34,1147.29,0.01,0.04,0.0,0.03,Nov,1,2,3,4,Returning_Visitor,False,False
2,3398.75,0,1.2,31,1182.06,0.01,0.03,3.4,0.03,Dec,2,2,1,2,Returning_Visitor,False,False
3,0.0,0,1.97,49,99.0,0.07,0.02,2.24,0.03,May,1,1,2,2,Returning_Visitor,False,False
3,24.17,0,2.01,56,1306.34,0.01,0.01,0.0,0.03,May,2,2,1,4,Returning_Visitor,False,False
10,313.48,3,32.21,64,1037.63,0.0,0.02,5.91,0.03,Nov,2,2,3,1,Returning_Visitor,False,False
1,12.44,0,1.19,29,988.26,0.01,0.01,0.96,0.03,Nov,2,1,1,2,New_Visitor,False,False
0,0.0,0,0.57,40,1208.17,0.01,0.02,0.29,0.03,Nov,3,2,1,2,Returning_Visitor,False,False
3,41.5,1,2.59,33,1285.26,0.01,0.0,7.39,0.03,Mar,2,2,1,2,Returning_Visitor,False,False
3,48.05,0,0.0,24,1185.12,0.02,0.02,1.97,0.0,Nov,2,4,6,3,Returning_Visitor,False,False
2,48.4,0,0.0,59,1289.91,0.01,0.01,2.59,0.03,June,2,1,1,2,Returning_Visitor,False,False
2,0.0,0,1.57,37,1370.82,0.03,0.02,3.62,0.03,Mar,1,2,1,1,Returning_Visitor,False,False
2,0.0,0,1.06,81,0.0,0.11,0.2,0.0,0.4,May,3,2,1,13,Returning_Visitor,False,False
3,0.0,0,0.0,63,1553.27,0.0,0.02,2.26,0.03,Nov,2,4,1,2,Returning_Visitor,False,False
1,24.73,0,0.0,57,1205.12,0.01,0.04,1.99,0.03,Dec,2,2,1,3,New_Visitor,False,True
0,0.0,0,1.56,36,1299.39,0.01,0.03,0.0,0.03,Mar,2,1,1,4,Returning_Visitor,False,False
3,21.0,0,0.0,22,1175.56,0.0,0.02,39.07,0.03,Nov,2,2,1,3,Returning_Visitor,False,True
4,26.9,0,4.93,46,1086.03,0.02,0.01,4.02,0.03,Nov,3,2,1,4,Returning_Visitor,True,False
0,7.29,0,0.0,3,19.0,0.02,0.04,0.0,0.0,Nov,2,2,1,3,Returning_Visitor,False,False
3,57.09,0,0.0,19,538.2,0.0,0.01,1.58,0.0,Mar,2,2,3,6,Returning_Visitor,False,False
3,22.14,0,1.85,14,634.0,0.0,0.01,0.0,0.0,Nov,1,1,1,2,New_Visitor,True,False
1,14.22,2,1.93,52,1116.68,0.0,0.02,2.02,0.0,Nov,2,6,1,2,Returning_Visitor,False,False
0,0.0,0,0.0,12,1209.4,0.01,0.02,61.24,0.03,Mar,2,2,1,2,Returning_Visitor,False,True
2,70.5,0,1.06,20,855.67,0.0,0.02,9.05,0.03,Nov,2,2,9,2,Returning_Visitor,False,False
2,57.0,0,1.56,56,724.07,0.01,0.02,19.27,0.0,Nov,1,1,1,2,Returning_Visitor,False,True
3,61.41,0,1.02,17,1366.73,0.0,0.02,0.35,0.03,Mar,1,1,3,3,Returning_Visitor,False,False
0,0.0,0,0.0,5,1081.45,0.01,0.04,0.0,0.03,Mar,1,2,9,3,Returning_Visitor,False,False
0,21.71,0,0.0,54,1282.37,0.01,0.15,0.0,0.6,May,2,4,3,1,Returning_Visitor,False,False
2,57.55,0,0.74,61,571.35,0.01,0.01,27.51,0.0,Nov,2,2,1,5,New_Visitor,False,False
5,102.07,2,53.91,64,6223.87,0.01,0.01,3.15,0.03,Mar,2,2,3,2,Returning_Visitor,False,True
4,45.94,2,109.0,56,1160.62,0.01,0.02,1.39,0.03,Nov,2,2,1,2,Returning_Visitor,False,False
3,112.88,0,0.0,61,1454.69,0.01,0.04,1.45,0.0,Nov,2,2,1,2,Returning_Visitor,False,False
3,77.5,0,3.24,60,1185.69,0.01,0.01,0.0,0.03,Dec,2,2,1,6,Returning_Visitor,False,False
3,34.63,0,0.0,46,1185.9,0.02,0.03,0.44,0.03,Nov,2,2,1,2,Returning_Visitor,False,False
2,31.61,0,1.15,54,244.67,0.0,0.06,0.0,0.03,May,1,1,1,1,Returning_Visitor,False,False
1,0.0,0,1.36,16,1472.0,0.01,0.03,0.0,0.03,Mar,2,2,1,1,Returning_Visitor,False,False
2,55.66,0,1.29,21,463.36,0.01,0.02,61.25,0.0,Sep,2,2,1,2,Returning_Visitor,False,True
3,19.98,0,2.42,57,375.6,0.01,0.0,0.0,0.03,May,2,2,1,4,Returning_Visitor,False,False
2,34.95,0,0.0,82,1127.38,0.05,0.04,38.83,0.0,Dec,2,2,4,1,Returning_Visitor,False,True
3,324.49,3,292.68,64,1247.5,0.02,0.03,7.37,0.0,Mar,3,2,1,2,Returning_Visitor,False,True
0,7.3,0,0.0,41,1168.29,0.01,0.1,0.4,0.03,Mar,2,2,3,3,Returning_Visitor,False,False
2,22.83,0,1.12,55,690.39,0.01,0.02,5.77,0.03,May,2,2,4,3,Returning_Visitor,False,False
2,0.0,0,0.0,3,0.0,0.01,0.02,3.5,0.03,Nov,1,1,4,10,Returning_Visitor,True,False
0,0.0,0,1.68,25,47.25,0.01,0.02,3.14,0.03,Dec,2,5,1,1,Returning_Visitor,False,False
0,8.82,0,0.51,59,19.0,0.04,0.13,1.73,0.0,Nov,2,5,1,3,Returning_Visitor,False,False
3,16.0,0,0.0,56,5166.27,0.01,0.02,0.0,0.04,Mar,2,2,1,3,Returning_Visitor,True,False
7,161.25,1,4.84,32,1044.37,0.01,0.02,17.94,0.03,May,2,2,4,2,Returning_Visitor,False,True
3,30.91,0,0.0,26,187.92,0.02,0.03,0.0,0.03,Mar,1,2,3,3,Returning_Visitor,False,False
0,22.51,0,1.71,67,1185.05,0.05,0.02,0.4,0.03,June,3,2,2,2,Returning_Visitor,False,False
1,0.0,0,0.89,75,1261.58,0.14,0.06,0.0,0.0,Nov,2,2,1,3,Returning_Visitor,False,False
3,39.83,0,1.05,59,1212.87,0.02,0.06,0.0,0.03,Nov,2,2,1,1,Returning_Visitor,False,False
3,80.77,0,0.0,58,7.0,0.01,0.03,7.89,0.03,Nov,2,2,1,5,New_Visitor,False,True
2,0.0,0,3.08,3,81.85,0.07,0.08,2.31,0.03,May,2,2,4,3,Returning_Visitor,False,False
6,32.71,0,0.0,34,1287.21,0.0,0.01,9.96,0.03,Mar,2,2,5,2,New_Visitor,False,True
2,0.0,0,0.0,51,201.0,0.01,0.02,0.0,0.0,Mar,2,4,2,2,Returning_Visitor,False,False
3,316.8,0,1.0,60,1117.85,0.01,0.02,5.98,0.03,Nov,2,2,3,2,Returning_Visitor,False,False
1,23.81,0,1.83,55,1213.87,0.0,0.01,0.0,0.03,May,2,2,1,4,Returning_Visitor,False,False
0,0.0,0,0.0,20,1268.44,0.01,0.03,3.37,0.0,May,1,2,1,4,Returning_Visitor,False,False
3,46.61,0,0.0,16,1230.12,0.0,0.01,10.78,0.03,Mar,1,2,1,2,Returning_Visitor,False,False
5,276.11,0,2.06,65,1102.88,0.01,0.02,1.32,0.0,Mar,3,2,6,2,Returning_Visitor,False,False
0,13.15,0,2.12,30,1263.92,0.06,0.17,0.26,0.0,June,3,2,1,1,Returning_Visitor,False,False
3,12.58,0,1.44,3,77.29,0.01,0.05,2.26,0.03,Nov,2,1,2,2,New_Visitor,False,True
1,30.55,0,1.36,63,4293.83,0.01,0.03,6.0,0.03,Nov,2,2,1,2,New_Visitor,False,False
3,25.36,0,0.0,16,953.5,0.0,0.03,2.55,0.8,May,2,2,9,3,Returning_Visitor,False,True
5,51.56,0,3.13,43,1181.12,0.0,0.01,0.0,0.0,Nov,2,2,1,2,New_Visitor,False,False
3,37.55,0,0.0,59,539.0,0.01,0.01,49.23,0.0,May,2,2,1,4,Returning_Visitor,False,True
2,0.0,0,0.95,17,87.61,0.02,0.2,1.03,0.03,Nov,1,1,1,3,New_Visitor,False,False
10,344.49,5,4.12,67,1210.01,0.01,0.02,5.74,0.03,Mar,2,2,1,2,Returning_Visitor,False,False
10,83.49,2,16.0,68,1494.08,0.01,0.02,1.37,0.0,Mar,2,2,1,3,Returning_Visitor,False,False
9,527.0,2,2.82,66,1093.59,0.0,0.0,1.83,0.03,May,2,2,1,2,Returning_Visitor,False,False
3,40.06,0,0.0,35,1570.5,0.0,0.01,13.07,0.03,May,2,2,6,4,Returning_Visitor,False,True
1,4.73,0,0.71,51,887.91,0.01,0.02,1.05,0.03,Mar,2,2,1,3,Returning_Visitor,False,False
2,0.0,0,0.0,15,343.52,0.02,0.03,0.0,0.03,May,2,2,1,3,Returning_Visitor,False,False
10,27.67,2,27.15,15,675.83,0.02,0.0,0.0,0.0,Mar,2,2,1,3,Returning_Visitor,False,False
3,33.54,0,17.0,67,1514.6,0.02,0.03,11.89,0.03,May,2,2,1,3,Returning_Visitor,False,False
3,58.53,0,0.0,8,990.77,0.01,0.02,0.0,0.03,Mar,3,2,6,2,Returning_Visitor,True,False
3,34.74,0,1.25,9,394.5,0.01,0.03,2.68,0.0,Nov,2,2,1,2,New_Visitor,True,True
3,0.0,2,24.0,51,1235.68,0.01,0.02,1.84,0.0,May,2,2,1,2,Returning_Visitor,True,False
2,47.0,1,66.41,48,1187.23,0.01,0.02,1.56,0.0,Nov,2,2,1,2,Returning_Visitor,True,False
3,0.0,0,0.0,82,44.0,0.0,0.02,5.59,0.03,Nov,2,4,3,2,Returning_Visitor,False,False
3,54.5,4,1.66,14,971.05,0.0,0.02,0.78,0.03,May,2,2,3,2,Returning_Visitor,False,False
0,34.66,0,1.49,53,1275.27,0.02,0.02,2.7,0.8,Mar,2,2,8,2,Returning_Visitor,False,True
3,24.4,0,1.18,3,79.7,0.0,0.02,0.0,0.03,Oct,2,2,1,2,Returning_Visitor,False,False
2,0.0,0,0.0,34,748.57,0.04,0.04,1.29,0.0,Mar,2,2,1,1,Returning_Visitor,False,False
3,0.0,0,2.46,38,1232.07,0.02,0.05,0.73,0.03,May,2,6,1,6,Returning_Visitor,True,False
1,4.0,0,0.0,14,143.85,0.01,0.03,0.57,0.0,May,2,2,1,3,Returning_Visitor,False,False
3,52.7,0,0.42,53,34.2,0.0,0.02,2.92,0.03,May,2,2,1,2,Returning_Visitor,False,False
4,58.0,0,0.03,31,806.5,0.01,0.01,9.75,0.03,Nov,2,2,1,2,Returning_Visitor,False,True
2,82.14,0,0.16,47,191.1,0.02,0.02,4.43,0.03,Nov,2,4,1,3,Returning_Visitor,False,False
0,9.17,0,1.51,2,5.0,0.01,0.1,0.32,0.0,Nov,2,2,1,1,Returning_Visitor,False,False
3,35.3,0,0.0,3,98.2,0.01,0.02,0.0,0.0,Nov,3,2,3,3,Returning_Visitor,True,True
9,65.17,0,1.56,70,5969.57,0.01,0.01,16.14,0.0,Nov,2,2,1,3,New_Visitor,False,True
8,102.67,0,2.68,49,2500.24,0.01,0.03,0.0,0.0,Nov,2,2,7,4,Returning_Visitor,False,False
0,7.0,0,1.89,16,1290.4,0.01,0.01,1.8,0.03,Mar,2,2,3,3,Returning_Visitor,True,False
2,8.25,0,0.49,86,112.0,0.01,0.08,1.51,0.03,May,2,2,4,3,Returning_Visitor,False,False
1,21.78,0,1.55,1,0.0,0.01,0.07,6.59,0.03,Nov,2,2,1,5,New_Visitor,False,True
0,9.36,0,0.0,23,1295.94,0.01,0.04,1.76,0.08,May,1,1,1,4,Returning_Visitor,False,False
0,9.17,0,1.08,16,45.5,0.02,0.04,0.0,0.03,Mar,1,1,1,3,Returning_Visitor,True,False
2,7.26,0,0.0,21,68.89,0.0,0.07,0.27,0.03,Nov,1,2,3,2,Returning_Visitor,False,False
3,55.0,0,0.63,45,450.36,0.0,0.02,0.0,0.03,Mar,2,2,1,2,New_Visitor,False,True
9,179.45,0,277.63,37,1029.78,0.0,0.01,9.1,0.03,Nov,2,2,1,2,Returning_Visitor,True,False
1,22.74,0,56.0,9,1264.66,0.02,0.03,2.22,0.03,May,2,2,2,4,New_Visitor,False,False
9,140.5,0,1.8,56,1090.49,0.01,0.03,21.64,0.0,Mar,2,1,3,2,Returning_Visitor,False,False
3,15.95,0,1.2,14,1220.71,0.0,0.02,1.46,0.03,Nov,2,2,2,3,Returning_Visitor,False,False
3,142.35,1,15.72,55,1289.4,0.0,0.02,23.15,0.03,Oct,2,1,3,2,Returning_Visitor,False,True
3,24.33,0,3.32,67,1328.5,0.01,0.03,1.03,0.03,Nov,3,2,1,13,Returning_Visitor,False,False
1,43.0,0,2.4,58,1329.16,0.0,0.03,0.0,0.03,Mar,2,2,4,8,New_Visitor,False,False
1,47.83,0,1.32,5,1281.61,0.01,0.04,1.61,0.03,Mar,3,2,2,3,Returning_Visitor,True,False
2,0.0,0,0.0,1,69.35,0.01,0.14,3.94,0.0,Nov,2,2,7,2,Returning_Visitor,True,False
3,62.77,0,1.13,7,108.42,0.0,0.05,0.0,0.03,Nov,1,2,9,2,New_Visitor,False,False
3,30.85,0,2.0,37,1262.12,0.0,0.01,45.29,0.03,May,2,2,1,2,Returning_Visitor,False,False
3,49.96,0,1.57,25,384.16,0.01,0.01,0.0,0.0,May,2,2,4,3,Returning_Visitor,False,False
1,0.0,0,0.38,60,629.05,0.0,0.02,3.53,0.0,May,2,2,1,2,Returning_Visitor,True,False
0,0.0,0,1.99,61,1210.17,0.01,0.0,67.99,0.03,Oct,1,2,1,2,Returning_Visitor,False,True
0,0.0,0,1.26,6,1156.5,0.0,0.03,0.0,0.0,Nov,2,2,1,20,Returning_Visitor,False,False
0,0.0,0,1.46,17,0.0,0.19,0.14,2.32,0.03,May,2,2,1,3,Returning_Visitor,False,False
2,17.12,0,1.12,10,234.0,0.01,0.03,0.9,0.03,Mar,2,2,1,1,Returning_Visitor,False,False
3,24.47,0,1.46,92,890.25,0.04,0.12,0.0,0.03,May,3,2,1,13,Returning_Visitor,False,False
1,4.0,0,4.73,16,1152.02,0.01,0.01,0.0,0.03,Dec,2,2,1,2,Returning_Visitor,False,False
1,10.12,0,0.0,15,0.0,0.19,0.2,0.63,0.03,May,2,2,1,13,Returning_Visitor,False,False
1,34.5,0,1.65,10,1075.46,0.01,0.03,2.26,0.0,Dec,1,2,1,3,New_Visitor,True,False
1,0.0,0,0.0,3,65.51,0.2,0.1,6.68,0.03,Nov,3,2,3,1,Returning_Visitor,True,False
4,77.6,0,0.0,39,1071.61,0.01,0.03,1.67,0.0,Nov,1,2,4,3,Returning_Visitor,False,False
0,5.12,0,0.83,26,1275.45,0.01,0.02,1.46,0.03,May,2,2,1,3,Returning_Visitor,False,False
3,89.39,0,1.85,67,2421.06,0.0,0.02,0.9,0.03,Nov,2,2,3,2,Returning_Visitor,False,False
3,18.86,0,0.0,57,1802.25,0.02,0.01,0.0,0.03,May,2,2,1,4,Returning_Visitor,False,False
0,14.6,0,0.0,3,1297.06,0.01,0.07,0.65,0.03,June,2,2,1,4,Returning_Visitor,False,False
2,0.0,0,0.0,60,1146.37,0.0,0.01,50.69,0.0,Nov,4,1,1,2,Returning_Visitor,True,True
3,23.01,0,2.16,65,815.47,0.0,0.02,0.0,0.03,May,2,2,1,3,Returning_Visitor,False,False
3,50.23,0,0.0,5,185.68,0.01,0.01,0.23,0.03,Mar,2,2,1,4,Returning_Visitor,True,False
6,60.37,0,189.3,68,304.7,0.01,0.04,1.33,0.0,Nov,2,2,1,4,Returning_Visitor,False,True
10,39.52,0,0.0,40,4135.63,0.0,0.03,6.07,0.03,Nov,2,2,1,2,Returning_Visitor,False,False
3,54.4,0,2.26,27,1182.24,0.0,0.0,6.01,0.0,Nov,2,2,1,2,Returning_Visitor,False,False
11,494.53,0,0.0,65,1184.39,0.0,0.03,6.2,0.03,Nov,2,5,1,2,Returning_Visitor,False,True
3,57.42,3,71.67,46,1235.24,0.01,0.02,0.0,0.0,Nov,2,2,4,2,Returning_Visitor,False,False
0,0.0,0,1.87,58,1237.42,0.01,0.07,1.22,0.03,Mar,2,2,8,3,Returning_Visitor,False,False
3,129.27,2,383.75,69,1291.36,0.01,0.03,1.86,0.03,Nov,2,2,1,1,Returning_Visitor,True,False
3,113.88,0,21.2,66,1987.28,0.0,0.02,0.0,0.0,Nov,2,2,1,2,Returning_Visitor,False,True
3,96.58,5,1.56,50,1183.95,0.01,0.01,0.51,0.03,June,2,2,1,3,Returning_Visitor,False,False
3,4.64,0,0.0,68,1121.5,0.06,0.1,0.0,0.0,May,3,2,4,3,Returning_Visitor,False,False
4,210.5,0,0.0,55,2749.06,0.02,0.02,8.96,0.0,May,2,2,2,3,Returning_Visitor,False,False
3,471.5,0,331.75,7,1297.8,0.01,0.05,0.0,0.4,Mar,2,2,1,2,Returning_Visitor,False,False
3,10.82,0,0.89,5,641.18,0.01,0.08,1.28,1.0,May,2,2,1,2,Returning_Visitor,True,False
1,24.3,0,1.17,66,349.83,0.01,0.01,0.0,0.03,Mar,2,2,8,3,Returning_Visitor,False,False
3,24.66,0,1.13,10,1260.45,0.0,0.03,0.0,0.0,Mar,1,1,1,3,Returning_Visitor,False,False
2,22.14,0,1.18,45,955.94,0.01,0.02,0.0,0.0,Nov,3,2,1,8,Returning_Visitor,True,False
3,26.94,0,0.0,62,1683.93,0.08,0.11,1.41,0.03,Nov,2,2,1,20,Returning_Visitor,False,False
3,19.0,0,0.0,53,1262.76,0.01,0.02,3.09,0.03,May,2,2,1,2,Returning_Visitor,False,False
3,29.54,0,0.0,66,1172.0,0.02,0.04,0.16,0.0,May,3,2,2,2,Returning_Visitor,True,False
6,140.29,0,0.99,64,1221.71,0.01,0.01,1.19,0.0,Nov,2,2,1,1,Returning_Visitor,False,True
2,0.0,0,1.17,15,1286.87,0.07,0.07,0.0,0.03,Nov,3,2,1,3,Returning_Visitor,False,False
0,25.07,0,0.26,7,61.33,0.02,0.02,3.35,0.0,May,2,2,1,3,Returning_Visitor,True,False
1,72.6,0,1.79,60,1298.85,0.02,0.03,13.0,0.0,Nov,2,1,1,5,Returning_Visitor,False,False
3,92.1,0,1.41,57,1266.37,0.0,0.04,0.4,0.0,Nov,2,2,1,6,Returning_Visitor,False,False
1,0.0,0,0.0,70,1233.72,0.1,0.2,1.21,0.0,Feb,4,2,1,3,Returning_Visitor,False,False
0,6.0,0,2.09,42,1225.45,0.0,0.03,0.0,0.03,Mar,2,2,1,1,Returning_Visitor,False,False
7,164.93,0,66.88,62,1056.3,0.01,0.03,83.79,0.03,Mar,2,2,1,3,Returning_Visitor,True,False
10,720.5,2,19.06,85,1166.69,0.0,0.02,0.0,0.0,Nov,2,2,1,2,Returning_Visitor,False,False
0,0.0,0,1.17,3,64.1,0.01,0.13,0.0,0.03,Mar,2,2,1,1,Returning_Visitor,False,False
1,18.0,0,0.85,63,449.62,0.01,0.02,0.0,0.03,May,2,2,1,2,New_Visitor,False,False
1,37.13,0,0.72,4,26.0,0.05,0.1,0.0,0.03,Mar,2,2,1,3,Returning_Visitor,False,False
3,156.27,2,90.0,65,862.11,0.01,0.01,3.59,0.03,Mar,8,2,4,2,Returning_Visitor,False,False
0,16.01,0,0.0,30,0.0,0.19,0.2,1.12,0.03,May,2,2,1,2,Returning_Visitor,False,False
0,27.12,0,1.34,78,88.61,0.01,0.04,0.0,0.0,Nov,2,4,1,10,Returning_Visitor,False,False
3,18.71,0,1.33,50,1139.35,0.01,0.03,1.1,0.0,Dec,2,2,2,2,Returning_Visitor,False,False
3,24.24,0,1.42,73,200.25,0.01,0.03,2.23,0.0,Mar,2,2,7,1,Returning_Visitor,False,False
1,18.0,0,0.0,62,1226.01,0.01,0.01,13.64,0.0,Nov,2,2,1,2,Returning_Visitor,False,True
3,52.67,0,0.99,41,2303.18,0.01,0.02,0.0,0.03,Dec,2,2,1,2,Returning_Visitor,False,False
0,0.0,0,0.25,27,129.33,0.01,0.01,0.0,0.03,May,2,2,1,2,Returning_Visitor,False,False
3,54.5,0,1.31,74,1272.14,0.02,0.01,67.27,0.0,Mar,2,2,1,2,Returning_Visitor,False,True
2,1.44,0,1.76,56,21.0,0.0,0.03,0.78,0.03,May,2,2,1,3,New_Visitor,False,False
3,0.0,0,0.7,16,1173.03,0.0,0.03,0.91,0.0,Mar,2,2,1,3,Returning_Visitor,False,False
1,0.0,0,0.0,25,948.34,0.0,0.02,0.0,0.03,Nov,2,4,1,2,Returning_Visitor,False,False
2,29.02,0,0.0,21,1195.27,0.02,0.06,3.03,0.03,May,2,2,1,3,Returning_Visitor,False,False
3,43.62,1,10.61,109,3624.06,0.01,0.03,2.94,0.03,Nov,2,2,1,2,Returning_Visitor,False,True
3,51.55,1,34.0,55,1256.05,0.01,0.01,19.12,0.6,May,2,2,1,3,Returning_Visitor,False,True
2,17.78,0,1.37,38,1750.28,0.01,0.01,0.96,0.6,Nov,2,2,1,2,Returning_Visitor,False,False
2,143.25,0,1.33,54,1223.41,0.0,0.02,58.96,0.03,Nov,2,2,7,2,Returning_Visitor,False,True
2,0.0,0,2.15,61,1273.29,0.03,0.03,1.39,0.0,Nov,3,2,6,11,Returning_Visitor,False,True
0,14.76,0,1.89,1,74.81,0.17,0.2,0.22,0.0,Mar,1,1,1,1,Returning_Visitor,False,False
2,20.45,0,0.86,44,385.5,0.0,0.01,0.0,0.03,Nov,2,2,1,2,Returning_Visitor,False,False
3,41.54,0,1.6,52,592.25,0.0,0.02,218.86,0.03,Dec,2,1,1,2,New_Visitor,False,True
2,40.47,0,0.0,45,1304.69,0.05,0.03,2.41,0.0,Sep,2,4,3,1,Returning_Visitor,False,False
4,53.0,0,7.0,55,678.0,0.02,0.01,20.14,0.0,May,2,5,3,3,Returning_Visitor,False,True
3,850.0,0,3.57,17,1204.29,0.0,0.03,0.0,0.03,Oct,2,2,1,3,Returning_Visitor,False,False
1,16.0,2,4.75,55,4951.73,0.0,0.01,0.0,0.03,Dec,2,2,1,2,Returning_Visitor,False,False
0,0.0,0,0.36,83,1234.43,0.03,0.02,10.15,0.0,Mar,2,2,1,2,Returning_Visitor,False,False
0,2.77,3,16.0,35,1621.77,0.01,0.03,0.0,0.03,Mar,2,2,1,2,Returning_Visitor,False,False
0,0.0,0,0.0,38,1245.7,0.02,0.01,61.21,0.03,Mar,2,2,1,2,Returning_Visitor,True,True
3,63.5,0,1.37,7,1340.4,0.03,0.03,3.32,0.0,Nov,1,2,1,2,New_Visitor,False,False
5,79.33,3,242.06,17,1142.82,0.02,0.02,0.65,0.03,Mar,3,2,1,2,Returning_Visitor,False,False
3,59.25,0,1.24,3,77.71,0.01,0.03,0.0,0.0,Mar,2,2,3,8,Returning_Visitor,False,False
0,41.2,0,0.0,9,0.0,0.18,0.13,0.0,0.04,Mar,1,1,4,2,Returning_Visitor,False,False
3,25.96,0,1.09,15,183.1,0.01,0.03,0.0,0.03,Nov,1,2,1,2,New_Visitor,False,False
1,0.0,0,0.53,43,881.05,0.01,0.03,0.0,0.03,Mar,2,2,4,3,Returning_Visitor,False,False
3,69.31,0,1.33,56,1143.66,0.0,0.03,4.23,0.03,May,2,2,1,1,Returning_Visitor,True,False
3,17.52,0,1.99,18,1184.83,0.06,0.02,2.69,0.03,Nov,2,2,2,3,Returning_Visitor,True,False
0,0.0,0,1.56,5,1227.69,0.01,0.03,0.69,0.03,Mar,2,2,3,2,Returning_Visitor,True,False
0,20.64,0,0.0,62,1130.93,0.01,0.02,0.0,0.0,Nov,2,2,1,2,New_Visitor,False,False
1,31.73,0,0.0,0,0.0,0.01,0.07,1.02,0.03,Mar,2,1,1,3,Returning_Visitor,False,True
3,12.0,0,0.03,70,1214.19,0.01,0.01,11.66,0.0,Nov,2,2,1,2,Returning_Visitor,False,True
2,0.0,0,0.0,25,1242.13,0.0,0.03,0.0,0.03,Mar,1,1,1,2,Returning_Visitor,True,False
3,0.0,0,0.95,20,1165.51,0.01,0.05,1.57,0.03,Sep,2,2,1,3,Returning_Visitor,False,False
4,55.23,0,0.19,58,1822.87,0.01,0.02,3.89,0.03,Mar,2,2,1,1,Returning_Visitor,False,False
3,0.0,0,1.34,26,1171.74,0.02,0.02,1.05,0.03,Nov,2,2,3,3,Returning_Visitor,False,False
1,0.0,0,0.0,67,1221.09,0.07,0.02,0.0,0.03,Nov,2,2,9,6,Returning_Visitor,True,False
11,498.9,3,70.24,43,1158.08,0.01,0.02,4.76,0.03,Mar,1,1,4,2,Returning_Visitor,False,False
0,0.0,0,3.15,1,0.0,0.2,0.03,0.0,0.03,May,1,1,1,2,Returning_Visitor,False,False
3,81.0,0,0.0,93,4914.81,0.01,0.02,0.02,0.03,Nov,2,2,1,2,Returning_Visitor,False,True
3,80.57,0,0.0,45,61.4,0.0,0.03,0.0,0.03,Oct,2,2,4,4,Returning_Visitor,False,False
3,27.77,0,6.91,56,1207.95,0.0,0.02,1.94,0.0,Mar,2,2,3,2,New_Visitor,True,False
2,16.18,0,0.93,37,624.0,0.0,0.02,1.2,0.03,Mar,2,2,1,1,Returning_Visitor,False,False
3,0.0,0,0.14,24,580.2,0.0,0.01,14.6,0.0,Nov,2,2,1,3,Returning_Visitor,False,True
1,47.39,0,0.0,55,1162.29,0.0,0.03,0.0,0.03,Dec,2,2,1,2,New_Visitor,False,False
0,0.0,0,0.0,60,1256.33,0.04,0.07,2.35,0.03,Nov,2,2,1,3,Returning_Visitor,False,False
2,22.66,0,0.0,15,276.37,0.0,0.03,56.92,0.0,Mar,2,2,1,2,New_Visitor,False,False
3,0.0,0,0.0,15,549.0,0.08,0.02,0.45,0.0,Nov,2,2,1,3,Returning_Visitor,False,False
3,183.25,2,80.5,63,1270.42,0.0,0.02,0.6,0.0,Nov,1,2,1,2,Returning_Visitor,False,True
1,23.2,0,1.87,77,1310.02,0.02,0.03,59.45,0.03,Aug,2,2,6,5,Returning_Visitor,False,True
0,0.0,0,2.55,3,57.0,0.0,0.07,1.77,0.2,Nov,2,5,1,2,Returning_Visitor,False,False
10,19.97,1,812.0,113,1040.06,0.01,0.03,45.55,0.03,Nov,2,2,3,1,Returning_Visitor,False,False
2,0.0,0,0.0,1,0.0,0.2,0.02,0.73,0.0,Mar,2,2,1,2,Returning_Visitor,False,False
2,16.4,0,0.0,73,1376.21,0.0,0.05,0.0,0.0,Nov,2,2,1,20,Returning_Visitor,False,False
3,15.0,0,0.95,15,1171.07,0.0,0.03,0.84,0.03,Mar,2,2,1,3,Returning_Visitor,False,False
2,60.0,0,37.83,47,1270.48,0.01,0.02,40.73,0.03,Nov,1,2,1,2,Returning_Visitor,False,True
1,278.81,0,0.0,25,1128.84,0.0,0.01,81.2,0.0,Nov,3,2,7,13,Returning_Visitor,False,True
11,34.52,1,2.29,230,9050.46,0.0,0.02,1.26,0.03,May,2,2,1,2,Returning_Visitor,False,False
9,94.97,4,1.18,261,14150.55,0.01,0.03,2.1,0.03,Nov,2,2,1,2,Returning_Visitor,False,True
0,0.0,0,1.67,17,1559.6,0.0,0.03,0.85,0.0,Mar,2,2,1,1,Returning_Visitor,False,False
0,11.87,0,2.69,50,1245.74,0.0,0.03,11.75,0.03,May,2,2,3,2,Returning_Visitor,False,True
0,0.0,0,1.72,53,65.4,0.0,0.1,0.0,0.0,Mar,2,2,1,13,Returning_Visitor,False,False
0,0.0,0,1.15,39,1294.6,0.01,0.01,0.0,0.03,Nov,2,2,1,2,Returning_Visitor,False,False
3,117.59,0,108.0,58,1742.33,0.0,0.01,0.0,0.0,May,1,2,1,2,Returning_Visitor,True,False
2,45.95,0,0.27,35,1319.84,0.0,0.02,1.85,0.03,Mar,2,2,4,3,Returning_Visitor,False,False
2,2.01,0,0.59,14,257.9,0.01,0.02,0.0,0.03,May,1,1,1,2,Returning_Visitor,False,False
0,0.0,0,0.0,10,1170.74,0.02,0.02,1.55,0.0,Mar,3,2,1,10,Returning_Visitor,False,False
8,48.1,2,3.13,58,1324.35,0.01,0.02,0.39,0.03,Mar,2,2,1,2,Returning_Visitor,False,False
3,63.48,0,1.18,66,528.97,0.0,0.04,15.26,0.0,Nov,2,2,1,3,Returning_Visitor,False,False
3,54.44,0,3.03,56,1272.63,0.0,0.0,61.26,0.0,Oct,2,2,1,2,Returning_Visitor,False,False
2,353.5,0,3.35,77,583.08,0.01,0.01,0.95,0.03,Nov,1,1,1,2,Returning_Visitor,False,False
0,40.82,1,5.45,80,1299.2,0.01,0.02,0.0,0.03,Nov,2,2,3,2,Returning_Visitor,True,False
2,26.12,0,0.0,18,782.5,0.0,0.01,5.32,0.03,Nov,2,2,1,2,Returning_Visitor,False,False
0,0.0,0,1.16,10,443.5,0.01,0.01,38.21,0.03,Mar,2,5,3,3,Returning_Visitor,True,True
3,52.5,0,1.04,27,353.0,0.01,0.02,0.0,0.0,Mar,2,2,1,3,Returning_Visitor,False,False
0,0.0,0,0.0,52,0.0,0.0,0.2,1.77,0.8,Mar,3,2,1,2,Returning_Visitor,False,False
3,229.77,0,2.46,67,1195.47,0.0,0.02,1.98,0.03,Dec,2,2,2,1,Returning_Visitor,False,False
1,2.97,0,2.19,68,1195.67,0.01,0.03,1.0,0.0,Mar,2,2,1,3,Returning_Visitor,False,False
3,26.46,0,1.35,57,511.17,0.03,0.04,0.0,1.0,May,2,2,1,3,Returning_Visitor,True,False
3,53.4,0,1.22,92,1054.03,0.01,0.04,1.89,0.0,Oct,1,2,1,3,Returning_Visitor,False,False
0,0.0,1,57.33,46,5087.94,0.01,0.02,0.08,0.03,Nov,2,1,1,2,Returning_Visitor,False,False
3,62.67,0,2.25,58,1805.28,0.01,0.02,17.59,0.03,Dec,1,1,1,2,Returning_Visitor,False,False
2,19.78,3,2.31,172,7017.19,0.02,0.02,0.0,0.0,Nov,2,4,1,2,Returning_Visitor,False,False
3,193.4,0,0.0,3,364.7,0.02,0.02,0.0,0.03,Nov,2,2,4,4,Returning_Visitor,False,False
0,1.81,0,0.0,58,1199.55,0.0,0.02,0.0,0.03,Mar,3,2,2,3,Returning_Visitor,False,False
0,0.0,0,1.24,11,1286.6,0.0,0.01,0.0,0.03,Nov,2,2,1,2,Returning_Visitor,False,False
8,276.25,2,22.5,61,1131.45,0.01,0.01,1.08,0.03,Mar,3,2,9,2,Returning_Visitor,True,True
11,365.12,4,65.5,149,1040.28,0.01,0.02,1.17,0.03,Nov,1,1,3,2,Returning_Visitor,False,False
2,0.0,0,3.52,57,4875.61,0.01,0.03,0.07,0.0,Nov,2,2,1,2,Returning_Visitor,False,True
0,0.0,0,0.92,28,1181.19,0.0,0.02,3.06,0.03,May,2,2,1,3,Returning_Visitor,False,False
1,0.0,0,1.12,4,158.0,0.01,0.1,1.13,0.04,May,2,2,4,13,Returning_Visitor,False,False
2,0.0,0,1.3,65,3386.0,0.03,0.06,2.05,0.8,May,2,2,1,6,Returning_Visitor,False,False
0,0.0,0,1.07,37,0.0,0.2,0.11,0.49,0.03,May,2,2,1,3,Returning_Visitor,False,False
0,0.0,0,0.0,1,66.52,0.2,0.13,0.1,0.03,Mar,3,2,1,2,Returning_Visitor,False,False
3,120.0,0,2.23,14,293.0,0.0,0.03,0.0,0.0,Mar,1,2,1,3,Returning_Visitor,False,False
3,59.32,2,12.0,53,1460.3,0.0,0.02,12.13,0.0,Nov,3,2,1,3,Returning_Visitor,False,False
1,18.48,0,0.51,78,1792.04,0.01,0.02,1.31,0.03,Nov,2,2,1,2,Returning_Visitor,False,False
12,247.5,0,1.27,38,1224.17,0.01,0.01,1.65,0.03,Nov,2,2,1,5,Returning_Visitor,True,False
5,17.11,0,0.0,56,3327.54,0.01,0.01,0.07,0.03,Nov,2,2,3,1,Returning_Visitor,False,False
0,10.92,0,0.0,62,556.6,0.0,0.04,1.54,0.03,Mar,2,2,1,1,Returning_Visitor,False,False
2,24.53,0,0.0,39,212.83,0.01,0.03,1.48,0.03,Nov,3,2,1,11,Returning_Visitor,False,False
3,54.07,0,0.0,42,238.69,0.01,0.0,6.54,0.0,May,2,2,1,2,Returning_Visitor,False,False
7,297.6,0,0.0,66,1031.19,0.01,0.02,7.77,0.03,Nov,2,2,8,3,Returning_Visitor,False,False
4,73.94,0,1.37,65,298.69,0.0,0.0,0.77,0.03,May,2,2,1,2,New_Visitor,False,False
1,7.89,0,0.0,18,1211.57,0.01,0.02,1.04,0.03,Mar,1,1,1,2,Returning_Visitor,True,False
0,4.6,0,1.28,5,54.5,0.0,0.04,0.0,0.03,Dec,2,2,1,2,New_Visitor,False,False
2,244.54,2,2.77,57,1206.12,0.01,0.02,7.26,0.0,Mar,2,2,9,2,Returning_Visitor,False,False
3,126.5,0,1.19,4,138.8,0.01,0.02,0.0,0.03,Mar,1,1,1,3,Returning_Visitor,True,False
3,68.4,0,1.85,30,728.87,0.02,0.03,3.13,0.03,Oct,2,2,3,2,Returning_Visitor,False,False
9,304.27,5,7.11,84,1300.05,0.01,0.02,0.32,0.0,Nov,2,2,1,2,Returning_Visitor,False,False
3,113.0,0,0.0,13,935.0,0.01,0.01,0.77,0.6,May,1,2,1,3,Returning_Visitor,False,False
2,0.0,0,0.0,66,15.0,0.0,0.02,1.51,0.0,May,2,2,7,3,Returning_Visitor,False,False
3,67.4,2,16.2,77,281.1,0.0,0.02,15.82,0.03,Nov,2,2,1,20,Returning_Visitor,False,True
2,23.98,0,0.0,13,1520.61,0.01,0.06,1.4,0.03,Nov,2,2,1,1,Returning_Visitor,False,False
2,0.0,0,1.0,24,1229.82,0.0,0.01,0.0,0.03,May,2,2,7,2,Returning_Visitor,False,False
3,103.5,0,3.23,57,1160.17,0.01,0.01,0.0,0.03,Nov,1,1,1,4,Returning_Visitor,False,False
1,9.0,0,1.16,32,536.68,0.01,0.0,0.0,0.0,Mar,2,2,1,3,Returning_Visitor,False,False
2,14.23,0,0.0,12,1216.1,0.01,0.06,0.0,0.03,Dec,2,2,1,11,Returning_Visitor,False,False
5,80.35,0,1.39,17,1204.37,0.0,0.02,33.15,0.03,May,2,2,1,2,Returning_Visitor,False,True
3,54.56,1,14.63,67,1316.05,0.01,0.03,15.83,0.0,Nov,2,2,1,2,Returning_Visitor,False,False
6,8.75,2,120.0,204,9143.44,0.01,0.02,0.0,0.03,Mar,2,2,7,2,Returning_Visitor,False,False
3,12.0,0,0.0,0,0.0,0.01,0.02,3.34,0.0,Mar,2,2,6,3,Returning_Visitor,True,True
1,30.4,0,1.51,48,241.2,0.05,0.05,3.64,1.0,May,3,2,6,4,Returning_Visitor,False,False
0,4.4,0,0.0,20,313.02,0.0,0.03,0.0,0.03,Nov,3,2,1,2,Returning_Visitor,False,False
0,0.0,0,0.0,29,171.5,0.0,0.02,3.08,0.03,Mar,1,1,1,2,Returning_Visitor,False,False
1,18.87,0,1.01,20,64.26,0.2,0.2,0.0,0.4,Mar,1,1,3,3,Returning_Visitor,False,False
2,0.0,0,0.0,71,1222.89,0.01,0.02,49.56,0.03,Nov,2,2,1,6,Returning_Visitor,False,True
1,1.88,0,2.49,30,469.1,0.0,0.02,2.23,0.03,May,2,4,1,2,Returning_Visitor,False,False
6,213.5,0,1.5,45,303.5,0.01,0.01,2.28,0.03,Dec,8,13,9,3,Other,False,True
3,21.69,0,0.24,58,60.9,0.04,0.12,0.32,0.03,Aug,1,1,1,2,Returning_Visitor,False,False
5,65.02,0,10.15,67,2197.2,0.01,0.03,13.77,0.03,Nov,2,2,1,2,Returning_Visitor,False,False
3,19.35,2,1005.0,58,2751.34,0.01,0.03,8.64,0.0,May,2,2,4,4,Returning_Visitor,False,False
2,23.89,0,1.28,52,1145.76,0.0,0.02,34.99,0.03,Nov,3,2,1,11,Returning_Visitor,True,False
3,36.5,0,0.0,32,1235.98,0.0,0.02,4.61,0.03,Mar,2,2,3,3,Returning_Visitor,False,False
3,33.35,0,0.0,7,131.8,0.0,0.02,1.87,0.0,Oct,2,2,1,2,Returning_Visitor,False,True
0,0.0,0,2.35,66,1151.12,0.0,0.01,4.23,0.03,May,2,2,1,6,Returning_Visitor,False,False
8,357.53,1,5.54,81,5673.81,0.0,0.01,0.0,0.03,Nov,2,2,1,2,Returning_Visitor,False,False
0,39.15,0,0.0,49,965.47,0.0,0.01,0.67,0.0,May,1,2,1,11,Returning_Visitor,True,False
1,0.0,0,1.6,7,212.0,0.03,0.03,0.52,0.4,Nov,3,2,1,2,Returning_Visitor,False,False
1,46.74,0,1.5,8,1273.81,0.01,0.03,0.43,0.03,Nov,1,1,2,2,Returning_Visitor,True,True
6,600.42,0,0.0,56,1235.7,0.02,0.02,2.47,0.03,Mar,2,2,1,8,Returning_Visitor,False,True
2,0.0,0,2.01,2,811.45,0.01,0.02,0.0,0.0,Nov,2,2,8,2,Returning_Visitor,False,False
3,26.84,0,1.24,17,472.34,0.01,0.0,2.37,0.0,Oct,2,2,1,3,New_Visitor,False,False
3,50.95,0,1.4,38,1042.47,0.01,0.01,5.62,0.0,Mar,2,2,1,2,Returning_Visitor,False,False
0,0.0,0,0.79,21,1185.74,0.01,0.02,0.0,0.0,Dec,3,2,1,2,Returning_Visitor,True,False
3,34.61,0,0.0,61,349.08,0.01,0.02,0.0,0.03,Sep,2,2,1,1,Returning_Visitor,False,False
5,366.04,0,0.72,56,1702.37,0.0,0.02,8.93,0.0,Nov,2,2,2,1,Returning_Visitor,False,True
3,32.91,1,46.8,79,830.26,0.0,0.0,0.0,0.0,Nov,1,2,3,2,Returning_Visitor,False,False
0,4.42,0,1.21,2,1178.5,0.0,0.05,1.25,0.03,Nov,2,2,1,3,Returning_Visitor,False,False
2,45.4,0,1.72,4,1372.33,0.0,0.03,0.0,0.03,Sep,2,2,1,4,Returning_Visitor,False,False
0,0.0,0,3.69,55,1343.7,0.0,0.01,2.35,0.03,Dec,2,2,1,2,Returning_Visitor,False,False
1,2.33,0,1.62,62,2760.72,0.05,0.04,0.0,0.03,May,2,2,1,13,Returning_Visitor,False,False
2,0.0,0,0.45,7,117.0,0.0,0.02,0.0,0.03,May,2,2,6,2,Returning_Visitor,True,False
2,27.51,0,1.05,47,320.98,0.0,0.01,2.18,0.03,Nov,2,5,1,2,Returning_Visitor,False,False
0,16.49,0,1.55,13,1001.3,0.01,0.06,1.4,0.03,Nov,2,2,1,1,Returning_Visitor,False,False
3,6.0,0,1.35,58,2183.5,0.0,0.01,1.31,0.0,Mar,2,2,1,9,Returning_Visitor,True,False
2,19.75,1,437.5,58,1125.03,0.0,0.0,1.13,0.0,Nov,2,2,4,6,Returning_Visitor,False,False
4,54.0,0,1.34,56,24.25,0.01,0.04,0.0,0.03,Nov,2,2,1,2,New_Visitor,False,False
2,13.12,0,1.39,71,1216.95,0.01,0.02,0.23,0.0,Nov,1,2,8,1,Returning_Visitor,False,False
0,18.98,0,0.0,14,1259.66,0.0,0.02,1.48,0.03,Mar,2,2,1,9,Returning_Visitor,True,False
3,161.52,0,1.72,15,1189.23,0.0,0.03,0.36,0.03,Mar,2,2,1,2,Returning_Visitor,False,False
5,69.89,0,0.0,53,1296.21,0.01,0.03,0.0,0.69,May,2,1,1,3,Returning_Visitor,False,False
2,31.2,0,0.0,40,2077.17,0.01,0.01,3.82,0.03,Nov,2,2,8,2,Returning_Visitor,False,False
0,0.0,0,2.1,44,1062.39,0.04,0.02,0.92,0.0,Mar,1,1,1,1,Returning_Visitor,False,False
0,0.0,0,0.0,65,1109.52,0.01,0.04,0.0,0.03,Aug,4,2,3,2,Returning_Visitor,True,False
1,5.78,0,0.0,56,1135.0,0.02,0.02,0.0,0.03,Nov,4,1,1,2,Returning_Visitor,True,False
3,58.89,2,0.92,84,1181.56,0.02,0.03,3.06,0.03,Nov,1,1,1,3,Returning_Visitor,False,False
2,0.0,0,0.0,54,1199.62,0.0,0.02,0.0,0.03,Nov,2,2,1,2,Returning_Visitor,False,False
0,40.06,0,0.68,81,614.37,0.0,0.03,0.4,0.03,Mar,2,2,6,4,Returning_Visitor,False,False
3,40.89,0,0.99,60,1230.96,0.01,0.02,2.42,0.0,Nov,2,2,3,3,Returning_Visitor,False,False
1,28.0,0,1.18,15,1193.68,0.0,0.02,2.44,0.03,Nov,2,2,1,2,Returning_Visitor,False,False
0,23.48,0,0.0,27,1204.88,0.01,0.0,0.85,0.03,Mar,2,2,3,2,New_Visitor,False,False
2,269.3,3,39.0,73,3059.01,0.01,0.02,3.37,0.03,Nov,2,2,1,3,Returning_Visitor,True,True
3,1.52,0,0.79,62,1015.67,0.0,0.02,0.0,0.03,Mar,2,2,1,2,Returning_Visitor,True,False
3,37.41,1,1.97,70,567.25,0.0,0.03,2.46,0.03,Dec,2,5,1,3,Returning_Visitor,True,False
1,38.53,0,0.0,66,1382.93,0.01,0.04,0.0,0.03,Aug,2,2,1,3,Returning_Visitor,False,False
1,34.15,1,34.2,51,1252.2,0.02,0.02,0.0,0.03,Nov,2,4,9,3,Returning_Visitor,False,False
2,313.17,0,15.0,64,1195.35,0.01,0.02,1.94,0.0,Nov,1,2,1,4,Returning_Visitor,False,False
3,64.4,0,2.96,58,1282.65,0.0,0.02,45.83,0.0,Mar,2,2,1,2,Returning_Visitor,False,True
3,27.99,0,0.0,8,292.5,0.01,0.03,0.0,0.03,May,2,2,1,3,Returning_Visitor,False,False
7,121.11,0,1.73,7,132.88,0.01,0.04,0.0,0.0,Nov,1,1,1,3,Returning_Visitor,False,False
1,0.0,0,1.93,8,64.27,0.2,0.06,0.41,0.03,Nov,3,2,1,2,Returning_Visitor,True,False
2,1.42,0,0.0,22,356.8,0.01,0.02,3.55,0.03,Mar,2,2,1,2,Returning_Visitor,False,False
0,5.42,0,1.45,72,1383.1,0.01,0.02,0.0,0.03,Nov,3,2,1,3,Returning_Visitor,False,False
4,106.0,0,1.01,6,180.42,0.01,0.03,6.82,0.03,Nov,3,2,3,2,Returning_Visitor,False,False
2,5.95,0,0.55,11,1199.71,0.04,0.05,0.34,0.03,Nov,3,2,3,3,Returning_Visitor,False,False
4,319.27,1,27.01,34,1220.64,0.02,0.02,1.4,0.07,Mar,1,1,1,2,Returning_Visitor,True,False
0,20.75,0,0.0,59,920.55,0.05,0.04,0.0,0.03,Mar,3,2,1,1,Returning_Visitor,False,False
2,85.5,0,0.0,54,1212.54,0.0,0.02,4.94,0.03,Mar,2,2,1,3,Returning_Visitor,False,False
2,46.18,0,0.0,59,4569.9,0.0,0.02,0.24,0.03,Nov,2,2,1,4,Returning_Visitor,False,False
2,0.0,0,1.5,2,693.5,0.07,0.02,0.4,0.0,Nov,2,2,1,3,Returning_Visitor,True,False
1,25.93,0,2.6,29,1207.04,0.01,0.0,100.73,0.0,Oct,4,2,1,2,Returning_Visitor,False,True
0,18.63,0,1.5,61,26.5,0.01,0.05,0.0,0.0,Mar,2,2,9,2,Returning_Visitor,False,False
2,505.4,0,10.0,105,4434.28,0.01,0.02,4.36,0.0,Mar,2,2,1,3,Returning_Visitor,False,False
3,12.55,0,0.21,16,703.3,0.01,0.02,0.0,0.03,Mar,2,4,3,2,Returning_Visitor,False,False
0,6.83,0,1.66,21,1093.08,0.01,0.01,0.0,0.0,Nov,3,2,3,3,Returning_Visitor,False,False
2,25.6,0,0.77,69,792.63,0.01,0.03,23.66,0.03,Nov,3,2,3,4,Returning_Visitor,False,False
3,105.37,0,1.11,38,1165.78,0.0,0.02,9.09,0.0,Nov,4,1,1,2,Returning_Visitor,False,True
1,1.85,0,0.0,33,1135.26,0.01,0.02,0.0,0.03,Mar,2,2,7,3,Returning_Visitor,False,False
1,0.0,0,0.0,1,90.58,0.0,0.15,0.0,0.0,Mar,2,2,1,2,Returning_Visitor,False,False
3,4.47,2,0.0,8,1272.14,0.02,0.03,0.0,0.0,May,2,2,4,13,Returning_Visitor,True,False
3,37.42,0,0.44,23,1200.55,0.01,0.02,8.74,0.03,Nov,2,2,1,1,Returning_Visitor,False,False
1,0.0,1,51.5,31,1223.14,0.01,0.03,1.56,0.0,Nov,2,2,1,2,Returning_Visitor,False,False
8,122.04,0,0.92,51,1227.26,0.01,0.03,1.38,0.03,Nov,2,2,1,3,Returning_Visitor,False,False
1,40.5,0,0.0,7,170.0,0.01,0.02,1.77,0.03,Dec,2,4,1,3,Returning_Visitor,False,False
3,24.73,0,0.0,38,1206.68,0.01,0.01,0.0,0.0,Mar,2,2,4,1,Returning_Visitor,False,False
3,446.38,0,0.0,28,789.13,0.01,0.01,37.55,0.03,Nov,2,2,1,2,Returning_Visitor,False,False
3,22.0,1,3.82,59,1146.5,0.01,0.02,2.33,0.03,Nov,2,4,1,4,Returning_Visitor,False,True
3,75.0,0,2.51,54,1300.12,0.01,0.01,0.0,0.0,May,2,2,1,4,Returning_Visitor,False,False
4,13.4,0,0.0,85,2299.39,0.01,0.01,22.25,0.0,May,2,2,1,2,Returning_Visitor,False,False
3,5.37,0,1.34,72,72.0,0.0,0.05,0.0,0.03,Dec,3,2,1,2,Returning_Visitor,False,False
0,35.26,0,0.0,20,545.1,0.01,0.02,1.87,0.03,Jul,2,2,8,4,Returning_Visitor,False,False
1,36.85,0,0.0,1,0.0,0.01,0.2,0.0,0.03,Nov,2,2,7,13,Returning_Visitor,False,False
3,58.46,0,0.0,101,29.0,0.01,0.03,1.01,0.0,Mar,2,2,1,3,New_Visitor,False,False
2,21.75,0,0.0,68,63.52,0.03,0.03,2.16,0.03,Oct,2,2,1,20,Returning_Visitor,False,False
3,61.1,1,1.38,99,1646.49,0.01,0.02,4.88,0.03,Mar,2,2,1,1,Returning_Visitor,False,False
3,0.0,0,0.0,35,904.53,0.01,0.03,25.76,0.03,Nov,2,5,1,1,Returning_Visitor,False,False
6,340.35,0,1.28,54,1021.2,0.01,0.02,12.1,0.03,Nov,2,1,3,1,Returning_Visitor,False,False
1,0.0,0,2.32,72,252.5,0.0,0.02,0.0,0.0,May,2,2,1,2,Returning_Visitor,False,False
0,0.0,0,1.63,5,0.0,0.2,0.2,5.04,0.0,Dec,2,2,9,20,Returning_Visitor,False,False
1,18.39,1,1.62,46,1131.81,0.03,0.05,0.0,0.0,Mar,1,1,1,3,Returning_Visitor,False,False
0,0.0,0,0.0,57,980.83,0.01,0.02,4.94,0.8,Nov,2,2,1,11,Returning_Visitor,False,False
3,21.63,0,0.0,2,1306.79,0.19,0.09,0.0,0.03,Nov,2,2,1,1,Returning_Visitor,False,False
0,0.0,0,0.0,65,1253.52,0.0,0.01,81.03,0.03,Nov,2,2,1,2,New_Visitor,False,True
4,0.0,0,0.0,70,440.58,0.03,0.02,1.83,0.03,Dec,2,2,1,2,Returning_Visitor,True,False
0,0.0,0,2.16,71,258.0,0.16,0.17,3.04,0.03,May,2,2,1,13,Returning_Visitor,False,False
0,0.0,0,140.0,57,832.83,0.01,0.04,4.43,0.03,May,2,2,1,2,Returning_Visitor,False,False
2,44.54,0,2.53,87,724.44,0.01,0.15,0.78,0.03,Nov,3,2,1,13,Returning_Visitor,False,False
0,0.0,0,0.0,34,1020.17,0.01,0.03,0.0,0.03,May,2,2,1,4,Returning_Visitor,False,False
10,257.4,0,0.0,61,1678.04,0.01,0.02,3.74,0.03,Nov,2,2,1,2,Returning_Visitor,False,False
0,20.58,0,1.26,7,1721.67,0.01,0.04,0.93,0.03,Nov,2,2,1,3,Returning_Visitor,False,False
0,0.0,0,0.0,12,329.21,0.02,0.02,2.72,0.03,Mar,2,2,1,2,Returning_Visitor,False,False
4,69.01,3,172.0,57,4941.98,0.01,0.01,1.41,0.03,Mar,2,2,4,2,Returning_Visitor,False,False
2,0.0,0,0.0,27,1278.41,0.0,0.03,0.0,0.03,May,2,1,4,3,Returning_Visitor,False,False
2,136.0,0,0.0,63,2205.67,0.0,0.02,47.26,0.0,May,2,2,4,2,Returning_Visitor,False,True
3,26.46,0,3.22,10,371.6,0.01,0.02,0.08,0.0,Mar,1,1,7,3,Returning_Visitor,False,False
3,31.15,0,1.42,22,1042.41,0.06,0.06,0.37,0.0,May,2,2,1,3,Returning_Visitor,False,False
3,57.24,2,16.0,33,463.5,0.01,0.0,2.84,0.03,Nov,2,5,1,2,Returning_Visitor,False,False
1,13.67,0,1.24,23,1184.81,0.0,0.02,0.45,0.03,Nov,1,1,1,3,Returning_Visitor,False,False
1,19.39,0,1.23,2,67.0,0.0,0.1,0.0,0.0,Mar,1,1,1,1,Returning_Visitor,False,False
1,17.06,0,0.0,51,17.0,0.0,0.1,0.0,0.0,Dec,2,2,1,10,Returning_Visitor,False,False
3,666.2,0,173.54,49,1123.22,0.0,0.02,35.23,0.03,Oct,2,6,1,3,Returning_Visitor,False,False
3,44.57,3,118.0,150,4764.43,0.0,0.01,9.91,0.0,Nov,2,2,5,3,Returning_Visitor,False,False
0,59.46,0,6.43,11,1087.15,0.02,0.03,0.56,0.03,Mar,2,2,3,3,Returning_Visitor,False,False
0,0.0,0,1.22,41,58.5,0.0,0.07,2.47,0.03,Nov,3,2,1,2,Returning_Visitor,False,False
2,28.15,0,1.14,72,1396.37,0.03,0.05,15.95,0.82,Mar,2,1,3,2,Returning_Visitor,False,True
13,295.93,0,17.9,44,6759.31,0.02,0.03,1.48,0.0,Nov,2,2,1,3,Returning_Visitor,False,False
0,22.38,0,1.22,16,69.16,0.05,0.03,0.6,0.0,May,2,2,1,3,Returning_Visitor,False,False
2,39.74,0,1.29,5,1359.24,0.01,0.06,0.0,0.0,Mar,3,2,7,13,Returning_Visitor,False,False
2,25.37,0,1.53,17,1453.59,0.03,0.02,0.0,0.03,May,2,2,1,4,New_Visitor,False,False
0,20.64,0,2.51,47,1333.76,0.07,0.15,0.0,0.4,May,2,2,1,1,Returning_Visitor,False,False
3,14.31,0,1.18,21,1845.67,0.02,0.02,23.07,0.0,Mar,2,2,1,3,Returning_Visitor,False,False
3,35.31,0,1.64,17,300.67,0.01,0.01,2.44,0.03,May,2,2,1,9,New_Visitor,False,False
2,18.72,0,0.71,34,1233.95,0.02,0.03,0.75,0.03,Mar,2,2,3,1,Returning_Visitor,False,False
1,0.0,0,0.59,58,805.7,0.01,0.02,1.22,0.0,May,2,2,1,3,Returning_Visitor,False,False
1,0.0,0,0.0,56,1514.04,0.01,0.02,2.41,0.0,Dec,3,2,1,3,Returning_Visitor,False,False
0,0.0,0,1.55,57,1608.5,0.01,0.03,1.13,0.6,Mar,2,2,1,1,Returning_Visitor,False,False
1,6.0,0,0.0,14,1042.94,0.02,0.0,17.53,0.03,Mar,2,2,1,10,New_Visitor,False,True
0,0.0,0,1.04,10,411.92,0.02,0.04,0.0,0.0,Dec,3,2,1,3,Returning_Visitor,False,True
2,15.07,0,1.4,14,115.67,0.06,0.08,1.81,0.03,May,2,2,1,13,Returning_Visitor,False,False
3,28.18,0,0.0,8,1184.32,0.01,0.08,2.69,0.0,Nov,3,3,1,1,Returning_Visitor,True,False
4,27.52,1,2.09,69,2609.0,0.01,0.02,47.12,0.0,Nov,2,2,1,2,Returning_Visitor,True,True
11,102.17,2,20.0,25,1222.62,0.0,0.02,0.0,0.0,Dec,2,2,1,3,Returning_Visitor,False,False
16,932.8,0,1.11,67,956.96,0.01,0.01,9.22,0.0,Sep,2,2,1,1,Returning_Visitor,False,False
2,63.02,0,0.0,57,1123.25,0.0,0.02,30.05,0.0,Sep,2,2,3,2,Returning_Visitor,False,True
0,0.0,0,1.38,5,63.43,0.19,0.04,0.33,0.0,May,1,1,1,2,Returning_Visitor,False,False
2,4.81,2,67.98,55,5697.12,0.0,0.02,1.02,0.03,Mar,2,2,3,2,Returning_Visitor,False,False
3,13.31,0,1.46,16,1071.38,0.0,0.03,2.84,0.03,May,2,2,1,2,Returning_Visitor,False,False
1,44.56,0,1.26,17,1218.08,0.0,0.02,2.97,0.03,Nov,2,2,1,2,Returning_Visitor,False,True
0,0.0,0,0.0,34,606.79,0.01,0.03,1.48,0.03,May,1,1,1,3,Returning_Visitor,False,False
0,16.48,0,0.84,45,103.0,0.03,0.06,1.14,0.6,May,2,2,1,3,Returning_Visitor,False,False
2,76.6,7,89.53,87,1241.12,0.01,0.03,0.0,0.0,Sep,2,2,1,3,Returning_Visitor,False,False
1,5.0,0,0.0,96,115.17,0.07,0.08,0.0,0.0,Mar,2,1,1,2,Returning_Visitor,False,False
2,0.0,0,0.0,59,662.67,0.02,0.02,0.0,0.03,May,2,2,4,2,Returning_Visitor,False,False
3,17.54,0,1.4,60,1227.25,0.0,0.03,0.0,0.0,Dec,2,5,1,3,Returning_Visitor,False,False
1,13.26,0,0.0,16,1153.47,0.01,0.02,0.0,0.03,Mar,2,2,1,3,Returning_Visitor,False,False
2,50.4,0,0.0,60,497.8,0.01,0.02,0.0,0.0,Nov,3,6,1,2,Returning_Visitor,False,False
3,66.5,0,1.1,59,1141.18,0.01,0.03,12.88,0.03,Nov,4,2,1,2,Returning_Visitor,False,False
3,29.69,0,0.0,55,754.92,0.01,0.01,0.0,0.03,Nov,3,2,1,2,New_Visitor,True,False
3,37.69,0,1.0,94,1266.08,0.0,0.02,0.4,0.03,May,3,2,1,3,Returning_Visitor,False,False
3,47.4,0,0.06,49,1288.96,0.01,0.02,8.66,0.0,Jul,2,2,2,1,Returning_Visitor,False,False
5,176.49,1,46.74,55,4755.74,0.0,0.02,0.01,0.0,Nov,2,2,1,2,Returning_Visitor,False,True
8,456.9,1,2.22,57,1113.78,0.01,0.01,12.12,0.03,Oct,2,2,1,2,Returning_Visitor,False,True
1,0.0,0,0.41,58,344.17,0.01,0.01,38.49,0.03,Mar,1,2,3,2,Returning_Visitor,False,True
0,24.0,0,0.82,3,181.0,0.05,0.1,1.32,0.03,Mar,3,2,1,3,Returning_Visitor,False,False
1,0.0,0,0.0,22,1156.41,0.02,0.05,0.0,0.03,Jul,3,2,1,4,Returning_Visitor,False,False
0,31.16,0,2.23,24,1010.25,0.01,0.02,1.07,0.03,Dec,1,2,8,2,Returning_Visitor,False,True
3,69.0,0,34.42,10,1278.12,0.02,0.03,0.0,0.0,Dec,2,2,1,2,Returning_Visitor,False,False
1,46.5,0,2.27,22,1204.18,0.01,0.03,0.0,0.03,Nov,1,2,1,2,Returning_Visitor,False,False
0,0.0,0,0.93,26,79.33,0.02,0.11,2.36,0.03,Mar,2,2,1,1,Returning_Visitor,False,False
0,15.82,0,0.0,11,1347.15,0.0,0.02,0.54,0.0,Mar,1,1,6,3,Returning_Visitor,False,False
6,803.47,0,1.66,54,634.69,0.03,0.04,0.0,0.03,Nov,2,2,8,3,Returning_Visitor,False,False
3,214.05,0,0.0,33,1334.9,0.0,0.03,0.0,0.0,Mar,1,1,1,2,Returning_Visitor,False,False
1,0.0,0,0.88,8,1283.93,0.01,0.1,2.54,0.03,Mar,2,2,2,3,Returning_Visitor,False,False
6,9.24,0,1.03,19,1252.45,0.0,0.01,30.35,0.03,Nov,2,2,7,2,Returning_Visitor,False,False
3,22.64,0,0.0,38,1242.21,0.0,0.02,0.05,0.03,Nov,1,2,4,2,Returning_Visitor,False,False
3,7.89,0,0.98,20,1441.89,0.01,0.01,0.0,0.0,May,2,2,2,2,Returning_Visitor,False,False
3,19.16,0,0.0,62,1240.97,0.01,0.02,1.09,0.03,Mar,2,2,1,2,Returning_Visitor,False,True
3,57.82,0,1.58,78,1153.64,0.0,0.02,0.45,0.03,Nov,1,1,1,2,Returning_Visitor,False,False
3,9.45,0,1.22,4,69.0,0.0,0.05,0.0,0.0,Nov,2,1,1,2,Returning_Visitor,False,False
2,18.91,0,1.05,65,325.0,0.0,0.01,21.5,0.0,Dec,4,2,1,2,Returning_Visitor,True,True
1,0.0,0,0.0,45,1138.95,0.01,0.02,0.0,0.03,Mar,2,4,1,1,Returning_Visitor,False,False
5,347.25,2,0.65,219,1226.56,0.0,0.03,0.76,0.03,June,2,2,6,2,Returning_Visitor,False,False
5,36.87,0,0.0,70,1177.74,0.0,0.02,2.26,0.03,Nov,2,2,1,3,Returning_Visitor,False,False
3,0.0,0,1.58,54,1204.54,0.01,0.02,0.0,1.0,May,3,2,1,2,Returning_Visitor,False,False
1,9.65,0,0.0,15,1239.41,0.01,0.01,17.64,0.2,Nov,2,2,1,2,Returning_Visitor,False,False
3,120.67,0,9.84,8,1503.2,0.01,0.03,1.13,0.0,Mar,2,2,1,2,New_Visitor,False,False
2,34.5,0,1.16,17,1208.58,0.0,0.02,0.0,0.0,Nov,1,1,1,2,Returning_Visitor,False,False
5,300.52,3,65.57,165,884.09,0.01,0.04,3.51,0.0,Nov,1,1,1,2,Returning_Visitor,False,True
2,28.35,0,1.28,64,1364.96,0.01,0.05,0.14,0.03,May,2,2,1,3,Returning_Visitor,False,False
2,21.33,0,3.32,69,1497.26,0.0,0.01,0.86,0.0,May,2,2,1,2,New_Visitor,True,False
3,38.54,3,164.0,57,1235.58,0.0,0.01,30.09,0.0,Mar,2,2,1,2,Returning_Visitor,False,False
1,3.65,0,0.97,79,806.1,0.01,0.02,2.06,0.0,Nov,2,4,1,2,Returning_Visitor,False,False
3,15.38,0,0.0,15,1315.11,0.01,0.02,2.58,0.03,May,2,2,2,6,Returning_Visitor,False,True
2,24.86,0,0.95,9,1205.47,0.0,0.02,0.0,0.03,Nov,1,1,1,2,Returning_Visitor,False,False
10,198.37,0,1.53,534,18504.13,0.01,0.02,2.55,0.03,Nov,2,2,1,2,Returning_Visitor,False,True
3,63.6,0,1.46,27,1356.85,0.01,0.03,0.0,0.03,May,1,1,1,3,Returning_Visitor,False,False
3,44.23,0,0.0,57,596.03,0.01,0.01,3.87,0.03,Oct,2,2,1,2,Returning_Visitor,False,False
0,0.0,1,1220.0,65,1130.92,0.02,0.03,0.0,0.03,Mar,2,2,1,2,Returning_Visitor,False,False
2,8.17,0,0.48,11,1335.6,0.05,0.14,0.5,0.03,Jul,2,2,1,3,Returning_Visitor,False,False
2,28.0,2,65.58,68,1013.01,0.01,0.01,14.7,0.03,Nov,2,2,1,2,Returning_Visitor,False,True
2,13.33,0,1.91,54,1140.93,0.0,0.02,0.0,0.0,Nov,2,4,1,3,Returning_Visitor,False,False
3,228.22,0,2.11,55,905.12,0.01,0.02,0.0,0.0,May,3,2,6,1,Returning_Visitor,False,False
1,0.0,0,0.44,71,1102.48,0.01,0.02,13.13,0.0,Nov,2,2,1,2,Returning_Visitor,False,False
12,115.7,3,1.52,39,1133.19,0.01,0.04,1.19,0.0,Mar,1,2,1,3,Returning_Visitor,False,False
0,0.0,0,1.74,55,480.61,0.01,0.04,0.0,0.0,Mar,3,2,3,1,Returning_Visitor,False,False
3,10.0,0,1.19,64,1686.97,0.01,0.02,7.96,0.0,Mar,2,2,1,2,Returning_Visitor,False,False
11,468.37,2,37.08,58,1162.21,0.01,0.02,12.42,0.04,May,2,2,1,14,Returning_Visitor,True,True
3,90.7,0,65.4,69,1067.33,0.01,0.02,1.07,0.03,Nov,2,2,1,4,Returning_Visitor,True,False
0,5.67,0,1.52,56,914.52,0.0,0.04,1.03,0.0,Dec,2,4,1,2,Returning_Visitor,False,False
2,15.89,0,1.85,62,997.35,0.02,0.07,0.95,0.0,Mar,3,2,3,2,Returning_Visitor,True,False
3,34.0,0,1.43,7,179.0,0.01,0.03,53.13,0.0,Mar,2,4,1,8,New_Visitor,False,True
3,260.71,0,0.49,61,1209.14,0.0,0.01,20.22,0.03,Nov,2,2,4,2,Returning_Visitor,False,False
0,9.35,0,0.29,101,823.5,0.05,0.02,2.72,0.03,Nov,2,2,3,2,Returning_Visitor,False,False
0,19.73,0,0.0,8,1369.3,0.01,0.03,0.8,0.0,Mar,1,1,1,3,Returning_Visitor,False,False
3,257.31,0,0.75,42,1180.28,0.02,0.04,17.71,0.0,May,2,2,2,2,Returning_Visitor,False,False
1,239.7,1,66.89,73,1384.13,0.01,0.02,1.07,0.03,Mar,8,2,4,2,Returning_Visitor,False,False
2,21.51,0,0.97,7,82.2,0.06,0.03,5.8,0.0,Mar,3,2,1,4,Returning_Visitor,True,False
3,58.0,0,1.22,7,1294.37,0.0,0.02,2.59,0.03,Mar,2,2,1,2,Returning_Visitor,False,False
0,0.0,0,1.47,66,101.6,0.04,0.08,0.95,0.03,June,2,2,3,1,Returning_Visitor,False,False
3,59.15,0,1.19,43,1226.29,0.01,0.01,32.81,0.03,May,2,1,1,2,Returning_Visitor,False,True
0,0.0,0,1.29,62,68.04,0.2,0.15,0.0,0.6,May,2,2,7,3,Returning_Visitor,False,False
2,0.0,0,0.0,50,178.83,0.0,0.03,0.0,0.6,Mar,2,2,1,2,Returning_Visitor,False,False
3,50.32,3,10.64,72,1452.94,0.01,0.01,20.33,0.03,Nov,2,2,1,2,Returning_Visitor,False,True
3,26.59,0,0.92,21,1249.58,0.01,0.0,49.39,0.03,Mar,2,4,2,3,Returning_Visitor,False,True
3,18.01,2,50.5,54,1189.03,0.0,0.02,23.6,0.03,Nov,2,2,1,2,Returning_Visitor,False,False
3,15.88,0,0.0,37,527.82,0.03,0.03,1.04,0.03,Mar,2,2,1,10,Returning_Visitor,False,False
0,6.14,0,1.5,81,1259.3,0.01,0.04,0.0,0.03,May,3,2,1,3,Returning_Visitor,False,False
0,0.0,0,0.9,42,1340.31,0.01,0.01,0.0,0.03,Nov,1,1,1,3,Returning_Visitor,False,False
2,13.85,0,0.0,44,66.4,0.2,0.2,0.15,0.03,Mar,3,2,1,2,Returning_Visitor,False,False
3,351.54,0,20.0,31,1082.94,0.01,0.02,0.0,0.03,Nov,1,1,1,2,Returning_Visitor,True,False
0,21.2,0,1.37,67,1182.83,0.05,0.04,0.46,0.2,Mar,2,2,1,1,Returning_Visitor,False,False
2,0.0,0,0.0,4,0.0,0.01,0.2,0.35,0.03,Nov,2,2,6,2,Returning_Visitor,True,False
3,26.88,0,2.38,64,1155.03,0.0,0.0,0.92,0.03,May,2,2,2,4,Returning_Visitor,False,False
0,0.0,0,1.11,60,1142.09,0.0,0.02,0.0,0.03,Nov,1,1,1,2,Returning_Visitor,False,True
1,0.0,0,1.05,20,1194.75,0.01,0.03,0.0,0.0,May,2,2,1,3,Returning_Visitor,True,True
0,5.41,0,1.53,20,1325.13,0.02,0.02,0.17,0.0,Nov,3,2,1,1,Returning_Visitor,False,False
3,28.8,0,2195.3,21,1364.16,0.01,0.02,0.0,0.0,Mar,1,1,1,1,Returning_Visitor,False,False
2,64.75,0,0.96,44,1294.97,0.01,0.01,0.99,0.0,May,2,2,1,2,Returning_Visitor,False,False
3,54.34,0,2.51,78,1096.04,0.0,0.03,0.0,0.03,Aug,2,2,3,5,Returning_Visitor,False,False
10,26.34,0,0.0,52,1256.29,0.01,0.01,0.0,0.0,Oct,2,2,1,2,Returning_Visitor,False,False
1,0.0,0,3.82,58,4700.37,0.0,0.02,0.0,0.03,Nov,2,2,1,2,Returning_Visitor,False,True
0,4.78,0,0.47,21,1205.67,0.01,0.02,1.88,0.03,May,2,2,1,2,Returning_Visitor,True,False
4,58.47,0,1.97,56,739.58,0.01,0.01,0.0,0.03,May,1,1,1,3,New_Visitor,False,False
2,0.0,0,0.0,66,435.22,0.04,0.12,0.0,0.03,Nov,1,1,3,1,Returning_Visitor,False,False
0,13.41,0,0.0,20,333.0,0.02,0.04,3.72,0.03,Dec,2,2,1,1,Returning_Visitor,False,False
3,0.0,0,1.1,61,5878.94,0.01,0.02,0.0,0.03,Nov,3,2,1,2,Returning_Visitor,False,True
0,15.54,0,0.0,79,0.0,0.2,0.2,0.0,0.03,Mar,6,7,3,15,Returning_Visitor,False,False
3,50.93,0,1.53,28,1392.63,0.01,0.01,2.19,0.03,May,2,2,1,2,Returning_Visitor,False,False
3,45.85,1,52.0,12,699.25,0.01,0.03,1.4,0.03,Mar,1,2,1,3,Returning_Visitor,False,False
2,13.8,0,0.0,5,707.28,0.01,0.06,0.0,0.0,Dec,1,1,1,2,Returning_Visitor,True,False
3,29.99,0,1.34,58,1236.37,0.0,0.02,0.0,0.03,Nov,1,1,1,2,Returning_Visitor,False,False
4,44.75,0,1.52,87,404.5,0.01,0.03,1.07,0.0,Nov,2,2,1,2,Returning_Visitor,False,False
3,12.66,0,0.0,2,0.0,0.05,0.1,1.63,0.0,Sep,2,1,1,2,Returning_Visitor,False,False
2,363.35,0,1.89,40,978.09,0.0,0.02,4.77,0.03,Dec,3,2,1,2,Returning_Visitor,False,False
0,0.0,0,0.52,17,290.83,0.01,0.01,3.46,0.03,May,2,2,1,2,Returning_Visitor,False,False
2,306.0,0,0.96,20,964.5,0.0,0.03,0.04,0.0,Mar,2,2,1,3,Returning_Visitor,False,False
3,0.0,0,1.41,27,566.5,0.0,0.02,0.0,0.03,Mar,3,2,1,3,Returning_Visitor,False,False
2,19.06,0,0.0,7,1339.26,0.01,0.01,0.0,0.0,Mar,2,2,1,2,Returning_Visitor,False,False
0,40.31,0,0.0,20,197.38,0.01,0.02,2.55,0.0,Feb,2,2,3,1,Returning_Visitor,False,False
2,37.25,0,0.92,24,1205.94,0.0,0.04,0.0,0.0,Nov,1,1,6,3,Returning_Visitor,False,False
1,107.89,0,272.5,55,974.27,0.01,0.02,15.24,0.0,May,2,2,4,3,Returning_Visitor,False,True
3,310.09,0,0.0,16,654.5,0.01,0.02,0.11,0.03,May,1,1,1,3,Returning_Visitor,False,False
3,64.14,0,1.68,44,1211.17,0.0,0.02,0.0,0.03,Dec,1,2,1,2,Returning_Visitor,False,False
2,133.17,2,80.0,10,246.79,0.02,0.03,0.0,0.03,Mar,2,2,1,3,New_Visitor,False,False
0,13.92,0,1.11,25,1311.16,0.01,0.04,0.0,0.03,May,2,2,1,3,Returning_Visitor,False,False
0,31.77,0,0.81,73,1108.97,0.0,0.02,0.0,0.0,Nov,2,4,4,2,Returning_Visitor,False,False
0,15.17,0,0.0,55,1242.25,0.0,0.02,2.28,0.03,Dec,2,2,1,1,Returning_Visitor,False,False
4,103.0,0,1.59,70,1092.18,0.01,0.01,3.59,0.03,Jul,2,2,6,3,Returning_Visitor,False,False
3,77.75,0,0.0,16,941.92,0.0,0.0,0.0,0.0,Nov,2,2,1,2,Returning_Visitor,False,False
0,28.37,0,1.46,58,1273.85,0.03,0.04,0.0,0.03,May,3,2,2,3,Returning_Visitor,False,False
2,141.75,0,310.5,9,123.5,0.01,0.02,4.85,0.0,Mar,1,2,1,3,Returning_Visitor,False,False
2,20.62,0,1.65,84,257.83,0.05,0.05,0.21,0.0,May,2,2,1,2,Returning_Visitor,False,True
0,1.88,0,0.0,26,1192.55,0.01,0.02,0.0,0.0,Dec,2,2,1,2,Returning_Visitor,True,False
0,0.0,0,6.97,1,66.92,0.02,0.2,0.0,0.0,Nov,1,1,1,2,New_Visitor,False,False
1,28.2,0,2.55,7,70.47,0.05,0.03,0.0,0.03,Oct,2,2,1,2,Returning_Visitor,False,False
1,0.0,0,0.73,1,0.0,0.19,0.07,0.86,0.03,Mar,2,5,1,3,Returning_Visitor,False,False
3,227.0,0,0.0,96,945.09,0.0,0.02,0.0,0.03,Mar,1,1,3,3,Returning_Visitor,False,False
2,20.3,4,57.2,22,1087.99,0.01,0.02,1.6,0.0,Nov,3,2,3,2,Returning_Visitor,False,False
2,4.82,0,1.11,68,1160.73,0.03,0.06,0.0,0.0,May,3,2,1,13,Returning_Visitor,False,False
1,0.0,0,0.0,51,1262.93,0.05,0.01,1.79,0.0,Dec,2,2,1,8,Returning_Visitor,False,False
1,0.0,0,1.04,4,91.55,0.15,0.08,0.6,0.0,Nov,3,2,1,3,Returning_Visitor,False,False
3,48.13,0,0.0,11,131.3,0.0,0.02,7.8,0.0,Mar,2,2,1,3,Returning_Visitor,False,False
2,22.24,0,1.8,70,744.17,0.01,0.03,2.12,0.0,Dec,2,4,1,2,Returning_Visitor,False,False
3,37.1,0,1.25,61,1144.54,0.01,0.02,10.59,0.03,Nov,4,1,1,2,Returning_Visitor,True,True
2,298.55,0,1.38,28,1266.32,0.0,0.02,0.37,0.0,May,1,2,1,4,Returning_Visitor,False,False
7,243.28,0,1.03,58,1209.55,0.0,0.01,15.28,0.03,Nov,1,1,1,2,Returning_Visitor,False,True
3,6.0,0,0.0,28,1229.32,0.01,0.01,0.0,0.03,Dec,2,2,1,2,New_Visitor,False,False
3,129.0,0,0.0,49,866.7,0.01,0.03,1.89,0.0,Nov,2,2,6,3,Returning_Visitor,False,True
8,535.75,0,12.0,63,2178.67,0.01,0.03,12.1,0.03,Mar,2,2,2,3,Returning_Visitor,True,False
0,32.32,0,1.56,69,1750.37,0.01,0.03,0.0,0.04,Aug,2,2,1,6,Returning_Visitor,False,False
0,0.0,0,0.0,64,490.08,0.0,0.01,2.87,1.0,Nov,2,2,1,11,Returning_Visitor,False,True
0,25.45,0,0.0,19,1255.72,0.01,0.01,31.39,0.0,Mar,2,2,1,3,Returning_Visitor,False,True
0,0.0,0,0.0,73,2528.0,0.01,0.07,0.0,0.03,Nov,2,2,9,1,Returning_Visitor,False,False
3,13.0,0,0.85,23,1224.07,0.01,0.02,1.85,0.03,May,2,2,1,3,Returning_Visitor,False,False
6,146.42,0,1.95,66,2405.65,0.02,0.02,0.0,0.03,Dec,1,2,1,2,Returning_Visitor,False,True
7,308.01,1,7.98,43,1912.75,0.01,0.02,3.03,0.0,Nov,2,2,6,5,Returning_Visitor,False,False
3,31.5,0,1.07,6,1420.0,0.0,0.01,0.0,0.0,Oct,2,2,1,2,New_Visitor,False,False
3,54.58,0,0.0,75,1502.31,0.0,0.02,2.5,0.03,Nov,2,2,1,2,Returning_Visitor,False,False
2,51.8,0,0.0,55,1355.94,0.0,0.02,3.83,0.03,Nov,2,2,3,5,New_Visitor,False,False
2,35.0,0,1.81,20,979.08,0.0,0.01,60.05,0.03,Nov,2,2,3,2,Returning_Visitor,False,True
2,22.2,0,0.0,55,1243.88,0.02,0.02,2.6,0.03,Nov,2,2,1,10,Returning_Visitor,False,True
2,40.5,0,0.0,39,1242.65,0.0,0.01,0.0,0.0,May,2,2,1,3,Returning_Visitor,False,False
5,35.37,0,0.0,58,284.5,0.02,0.0,0.0,0.0,Mar,1,2,1,2,Returning_Visitor,False,False
3,11.33,0,2.12,56,1402.77,0.01,0.02,0.0,0.03,May,2,2,1,2,Returning_Visitor,False,False
0,0.0,0,1.65,1,0.0,0.19,0.14,0.17,0.03,Mar,2,2,1,1,Returning_Visitor,False,False
3,23.39,0,0.0,48,1491.67,0.01,0.01,0.61,0.03,Nov,2,2,3,3,Returning_Visitor,False,False
0,7.56,0,1.21,26,1206.65,0.03,0.03,0.0,0.11,Mar,3,2,1,2,Returning_Visitor,False,False
3,63.24,0,40.61,59,1241.6,0.01,0.02,6.45,0.03,Mar,2,2,1,2,Returning_Visitor,True,False
0,22.17,0,0.0,59,386.18,0.01,0.02,0.0,0.03,Nov,2,2,1,2,Returning_Visitor,False,False
0,27.65,0,1.97,1,136.62,0.05,0.2,0.13,0.03,Mar,1,1,8,1,Returning_Visitor,False,False
3,0.0,0,0.0,19,421.17,0.01,0.02,0.18,0.63,May,1,1,1,2,Returning_Visitor,False,False
3,17.0,0,0.64,62,1116.69,0.01,0.04,0.0,0.03,Dec,2,2,1,2,Returning_Visitor,False,False
11,1443.1,0,15.46,225,9595.65,0.01,0.01,9.24,0.0,Nov,2,2,1,2,Returning_Visitor,False,True
1,58.83,0,0.0,25,43.7,0.0,0.06,0.0,0.0,Nov,2,2,1,4,Returning_Visitor,False,False
2,157.5,0,433.5,9,599.5,0.01,0.02,2.05,0.0,Nov,1,2,1,2,New_Visitor,False,False
0,7.75,0,0.89,6,1275.92,0.0,0.02,0.0,0.0,Mar,2,2,1,2,Returning_Visitor,False,False
0,0.0,0,1.14,17,69.99,0.19,0.2,0.18,0.0,Mar,1,1,1,3,Returning_Visitor,False,False
3,56.83,1,2.71,62,1127.31,0.02,0.02,0.96,0.03,Mar,2,2,9,6,Returning_Visitor,False,False
1,5.56,0,0.83,7,798.27,0.05,0.03,0.0,0.03,May,2,2,1,3,Returning_Visitor,False,False
0,25.37,0,0.0,19,1222.24,0.0,0.01,25.27,0.03,Nov,2,2,1,2,New_Visitor,False,True
0,0.0,0,0.86,54,1304.67,0.02,0.05,0.0,0.6,Mar,3,2,1,3,Returning_Visitor,False,False
2,29.42,0,0.83,62,636.7,0.01,0.02,23.03,0.03,Mar,2,2,1,3,Returning_Visitor,False,False
0,7.78,0,0.0,8,321.0,0.01,0.04,1.91,0.03,Nov,2,2,3,3,Returning_Visitor,False,False
0,0.0,0,0.68,15,1208.71,0.01,0.02,59.33,0.03,Nov,2,2,1,2,Returning_Visitor,False,True
3,26.87,0,1.37,58,1115.77,0.05,0.02,1.39,0.03,May,2,2,8,1,Returning_Visitor,False,False
0,22.2,0,1.3,1,0.0,0.19,0.13,0.0,0.03,Nov,2,1,1,2,Returning_Visitor,False,False
3,44.98,0,0.98,4,1255.26,0.0,0.03,3.48,0.03,Nov,3,2,2,2,Returning_Visitor,False,False
3,203.0,0,1.91,50,2394.0,0.01,0.06,0.0,0.03,Mar,2,2,1,3,Returning_Visitor,False,False
1,61.79,0,0.0,15,2397.5,0.0,0.03,0.0,0.03,Mar,4,1,1,3,Returning_Visitor,False,False
3,40.06,0,1.07,57,1397.79,0.01,0.01,3.09,0.03,Jul,3,2,1,2,Returning_Visitor,True,False
0,12.97,0,0.0,5,882.52,0.0,0.05,1.73,0.0,May,2,2,6,3,Returning_Visitor,False,False
0,26.83,0,1.45,5,978.71,0.04,0.13,0.0,0.03,Mar,2,2,3,13,Returning_Visitor,False,False
2,52.85,0,1.13,69,2456.3,0.0,0.02,3.06,0.03,May,2,2,3,3,Returning_Visitor,False,False
0,28.56,0,1.0,16,376.35,0.01,0.02,1.07,0.0,Nov,2,2,1,3,Returning_Visitor,True,False
0,29.9,0,1.35,1,0.0,0.01,0.02,3.12,0.03,Dec,1,1,9,3,Other,False,False
15,305.24,3,2.06,112,794.21,0.0,0.03,2.02,0.0,Nov,4,1,3,2,Returning_Visitor,False,False
0,0.0,0,1.28,66,404.21,0.01,0.02,0.0,0.0,Nov,3,2,7,2,Returning_Visitor,False,False
0,0.0,0,0.0,21,80.0,0.01,0.06,0.0,0.03,May,2,2,4,3,Returning_Visitor,False,False
2,65.6,0,0.58,66,1114.15,0.01,0.03,18.25,0.0,Mar,2,2,9,2,Returning_Visitor,False,False
1,29.08,1,7.0,25,591.89,0.0,0.04,165.62,0.03,Mar,2,1,8,4,Returning_Visitor,False,True
0,0.0,0,0.0,40,1198.59,0.03,0.03,0.0,0.0,May,2,2,2,4,Returning_Visitor,False,False
2,12.81,0,0.94,40,66.93,0.01,0.04,0.0,0.03,May,4,2,4,3,Returning_Visitor,False,False
1,48.09,0,2.22,21,1042.94,0.01,0.0,20.52,0.0,Mar,2,2,1,2,New_Visitor,False,True
0,2.24,0,0.61,49,1165.43,0.0,0.02,0.0,0.03,Mar,2,1,1,3,Returning_Visitor,True,False
7,188.17,0,0.0,52,1089.64,0.02,0.03,2.57,0.0,Nov,2,5,6,3,Returning_Visitor,True,True
0,32.51,0,0.0,1,1253.99,0.2,0.2,0.0,0.0,Aug,2,5,1,2,Returning_Visitor,False,False
5,13.21,0,11.0,77,3494.07,0.02,0.03,7.51,0.0,Nov,2,2,1,2,Returning_Visitor,False,False
0,44.88,0,0.0,43,96.33,0.08,0.03,0.7,0.03,Dec,1,1,2,3,Returning_Visitor,False,False
3,48.0,0,0.48,52,1142.42,0.01,0.05,11.59,0.03,Nov,2,2,3,3,Returning_Visitor,False,False
2,25.0,0,1.5,20,1208.26,0.01,0.03,0.85,0.03,May,1,2,1,2,Returning_Visitor,False,False
0,22.92,0,0.28,5,63.98,0.04,0.11,0.55,0.0,May,2,2,6,3,Returning_Visitor,False,False
0,0.0,0,28.75,55,1224.62,0.01,0.03,0.0,0.03,Nov,2,2,1,2,Returning_Visitor,False,False
1,0.0,1,1.71,14,649.5,0.0,0.02,1.97,0.03,Nov,2,2,1,2,Returning_Visitor,False,False
0,21.4,0,0.15,44,0.0,0.01,0.11,0.26,0.03,Mar,2,2,5,3,Returning_Visitor,False,False
0,0.0,0,0.97,59,1062.34,0.01,0.05,2.02,0.0,Dec,1,1,1,2,Returning_Visitor,False,False
0,28.7,0,0.0,4,117.0,0.15,0.14,2.04,0.03,Mar,3,2,1,3,Returning_Visitor,False,False
0,2.72,0,1.51,3,1298.1,0.01,0.03,0.0,0.03,May,1,2,4,2,Returning_Visitor,False,False
6,15.71,3,2.98,69,1182.43,0.01,0.01,19.72,0.03,May,2,2,1,2,Returning_Visitor,False,True
3,21.11,3,1.93,37,1630.14,0.02,0.04,0.0,0.03,Nov,2,2,7,3,Returning_Visitor,False,True
4,24.19,0,0.0,8,1303.17,0.02,0.04,0.0,0.0,Nov,3,2,3,3,Returning_Visitor,False,True
2,187.69,5,495.5,122,2743.21,0.01,0.03,4.09,0.0,Nov,2,2,3,2,Returning_Visitor,False,True
4,49.86,0,0.0,71,1090.55,0.01,0.02,2.06,0.0,Mar,2,2,1,2,Returning_Visitor,False,True
1,3.0,0,1.0,56,577.17,0.0,0.02,0.0,0.03,Nov,1,1,1,2,Returning_Visitor,False,False
3,112.96,0,1.43,57,1265.04,0.01,0.02,0.0,0.03,Mar,2,2,1,2,Returning_Visitor,False,False
0,0.0,0,1.69,63,82.5,0.01,0.03,6.82,0.03,May,2,2,1,1,Returning_Visitor,False,False
0,13.05,0,1.46,73,1188.45,0.01,0.04,0.95,0.03,May,2,2,1,3,Returning_Visitor,False,False
2,31.47,0,1.06,77,86.0,0.0,0.05,0.0,0.03,Nov,2,1,1,9,Returning_Visitor,True,False
0,0.0,0,0.0,44,40.5,0.08,0.05,0.66,0.03,Nov,2,1,1,3,Returning_Visitor,False,False
3,0.0,0,0.0,55,1011.25,0.01,0.03,5.19,0.03,Dec,2,2,6,2,Returning_Visitor,False,False
3,13.0,0,0.29,7,79.5,0.01,0.02,2.01,0.03,Mar,2,2,1,8,New_Visitor,True,False
0,0.0,0,0.0,17,315.3,0.0,0.03,0.0,0.0,Nov,1,1,1,2,Returning_Visitor,False,False
3,40.41,0,1.21,59,1281.99,0.01,0.02,3.36,0.03,Oct,1,2,1,3,Returning_Visitor,False,False
3,54.78,1,15.9,54,1556.14,0.0,0.01,15.07,0.03,Mar,3,2,1,3,Returning_Visitor,False,True
2,0.0,0,0.0,4,67.84,0.0,0.05,0.0,0.03,May,1,1,7,3,Returning_Visitor,False,False
2,98.25,0,1.67,43,303.25,0.01,0.02,0.0,0.03,Mar,3,2,2,2,Returning_Visitor,False,False
12,25.29,14,622.4,54,3684.86,0.01,0.03,34.46,0.0,Mar,3,2,1,2,Returning_Visitor,False,False
9,184.0,1,1.32,56,1986.25,0.01,0.01,17.2,0.03,Nov,2,2,2,2,Returning_Visitor,False,False
0,0.0,0,1.35,63,1091.27,0.0,0.02,0.49,0.0,Nov,2,2,7,3,Returning_Visitor,False,False
10,217.93,2,1.13,318,13717.4,0.0,0.02,2.43,0.03,Nov,2,2,1,2,Returning_Visitor,False,True
1,311.92,0,0.0,52,633.4,0.0,0.02,0.0,0.0,Mar,2,2,1,3,Returning_Visitor,False,False
5,72.5,0,0.0,16,1266.57,0.01,0.02,3.94,0.03,Nov,2,4,1,2,Returning_Visitor,False,False
0,18.92,0,1.06,60,485.28,0.01,0.04,0.0,0.4,May,2,2,2,1,Returning_Visitor,False,False
0,0.0,0,0.0,14,1533.0,0.0,0.01,0.0,0.03,Mar,2,2,1,1,Returning_Visitor,False,False
2,0.0,0,1.35,60,985.0,0.05,0.02,0.23,0.03,June,3,2,4,13,Returning_Visitor,False,False
3,39.54,1,4.0,42,472.54,0.01,0.0,2.08,0.0,Nov,2,1,4,2,Returning_Visitor,False,False
2,7.71,0,1.27,63,1196.79,0.05,0.04,0.3,0.03,May,3,2,4,3,Returning_Visitor,False,False
3,30.84,0,1.64,18,1220.86,0.01,0.02,1.72,0.03,Nov,2,10,1,3,Returning_Visitor,False,False
2,11.08,0,3.71,15,2755.67,0.0,0.03,0.0,0.0,Mar,1,2,1,3,Returning_Visitor,False,False
2,52.33,0,0.0,33,1223.21,0.01,0.02,22.6,0.03,May,2,2,3,2,Returning_Visitor,False,False
9,57.96,0,0.0,32,498.2,0.02,0.01,27.61,0.03,Nov,2,2,1,2,Returning_Visitor,False,False
3,26.07,0,0.0,8,1994.43,0.01,0.02,4.14,0.03,Nov,1,1,3,8,Returning_Visitor,False,False
5,428.02,0,11.0,74,4702.92,0.01,0.01,1.75,0.03,June,2,2,1,3,Returning_Visitor,False,False
0,0.0,0,0.0,72,1281.62,0.01,0.06,3.35,0.03,Mar,2,2,6,3,Returning_Visitor,False,False
0,5.68,0,0.0,86,1025.61,0.01,0.02,0.0,0.03,Mar,2,5,1,3,Returning_Visitor,False,False
1,23.51,0,1.57,68,1274.93,0.0,0.02,6.62,0.0,Dec,4,1,1,2,Returning_Visitor,False,True
1,57.29,0,29.0,19,1220.68,0.02,0.02,1.56,0.03,May,2,2,1,2,Returning_Visitor,False,False
0,6.04,0,1.74,20,0.0,0.16,0.1,3.33,0.0,Dec,8,2,9,20,Other,False,False
0,0.0,0,1.7,37,1161.83,0.05,0.06,0.0,0.03,Nov,2,2,1,3,Returning_Visitor,False,False
3,53.36,0,0.0,68,333.9,0.0,0.01,21.76,0.03,Mar,2,2,1,3,New_Visitor,False,True
3,39.53,0,0.0,9,1447.77,0.12,0.02,0.98,0.2,May,3,2,2,13,Returning_Visitor,False,False
3,206.64,0,2.31,57,1278.06,0.01,0.03,0.0,0.0,Dec,3,2,1,2,Returning_Visitor,True,False
3,50.48,0,0.0,5,46.2,0.01,0.03,0.0,0.03,Jul,2,2,1,2,New_Visitor,False,False
0,0.0,0,0.0,5,1359.55,0.06,0.14,0.0,0.03,May,1,2,1,3,Returning_Visitor,False,False
1,0.0,0,0.0,4,1006.55,0.1,0.13,0.0,0.0,Mar,2,2,1,3,Returning_Visitor,False,False
0,0.0,0,0.0,58,0.0,0.01,0.2,1.42,0.03,Nov,1,1,3,11,Returning_Visitor,False,False
0,20.95,0,0.0,65,7.0,0.05,0.15,0.0,0.2,Mar,2,2,7,4,Returning_Visitor,False,False
2,24.56,0,0.0,16,1282.11,0.01,0.02,2.1,0.0,May,3,2,1,3,Returning_Visitor,False,False
2,73.5,0,0.0,59,1025.35,0.01,0.03,2.46,0.03,Dec,2,2,1,13,Returning_Visitor,False,False
1,31.57,6,1.35,6,1290.24,0.0,0.02,0.38,0.03,Mar,2,2,3,3,Returning_Visitor,False,False
3,0.0,0,1.26,60,1126.18,0.01,0.04,0.36,0.0,Nov,3,2,1,2,Returning_Visitor,True,False
0,2.52,0,0.0,55,1735.6,0.0,0.01,0.0,0.2,Mar,2,2,1,1,Returning_Visitor,False,False
6,78.72,0,0.0,25,437.22,0.01,0.04,2.68,0.0,Mar,2,2,1,3,Returning_Visitor,True,False
3,52.81,2,140.83,60,5478.53,0.01,0.02,0.58,0.0,Mar,2,2,1,4,Returning_Visitor,False,False
3,354.69,0,2.68,54,1213.87,0.0,0.01,4.85,0.0,Oct,3,2,1,2,Returning_Visitor,False,False
1,6.23,0,1.65,52,1218.1,0.0,0.03,2.11,0.0,Nov,2,2,3,1,Returning_Visitor,False,False
3,22.64,1,2.21,64,1176.4,0.01,0.03,2.19,0.0,May,2,2,4,13,Returning_Visitor,False,False
10,290.33,0,1.33,57,2818.09,0.01,0.02,11.31,0.03,Nov,2,1,1,2,Returning_Visitor,False,False
3,34.61,0,1.92,65,527.5,0.01,0.01,0.0,0.8,May,2,2,1,4,Returning_Visitor,False,False
8,36.76,0,2.24,24,2159.5,0.0,0.02,0.6,0.03,Sep,3,2,5,3,Returning_Visitor,False,False
3,30.17,0,1.73,21,884.33,0.0,0.02,2.18,0.0,May,1,2,1,2,Returning_Visitor,False,False
0,18.23,0,6.53,12,80.82,0.19,0.2,0.0,0.0,May,1,1,1,1,Returning_Visitor,False,False
1,8.3,0,0.0,52,1244.47,0.02,0.02,1.77,0.03,Nov,1,1,1,2,Returning_Visitor,False,False
5,613.5,0,1.0,59,1131.94,0.0,0.0,13.38,0.03,Nov,4,2,1,2,Returning_Visitor,False,True
0,0.0,0,1.2,22,1095.34,0.0,0.02,0.0,0.0,May,2,2,1,3,Returning_Visitor,True,False
2,16.12,0,0.0,24,724.77,0.03,0.04,0.39,0.0,Nov,3,2,1,3,Returning_Visitor,False,False
2,64.3,0,0.0,25,1119.0,0.01,0.03,13.69,0.03,Oct,2,2,1,3,Returning_Visitor,False,False
3,190.4,0,1.35,51,1246.95,0.01,0.03,0.67,0.0,Mar,2,2,8,4,Returning_Visitor,False,False
2,14.14,4,176.5,51,1162.04,0.01,0.03,0.55,0.03,Nov,3,2,1,2,Returning_Visitor,True,False
5,52.41,2,15.46,65,1063.14,0.01,0.0,59.12,0.0,Mar,1,2,1,4,Returning_Visitor,False,False
3,49.92,0,2.13,85,33.33,0.0,0.02,0.0,0.0,Nov,3,2,8,3,Returning_Visitor,False,True
1,6.0,0,0.32,56,1321.33,0.01,0.01,0.0,0.03,Nov,2,2,1,2,Returning_Visitor,False,False
2,23.97,0,1.19,8,1185.26,0.01,0.03,2.09,0.03,Dec,2,2,1,1,Returning_Visitor,False,False
2,0.0,0,0.0,2,63.65,0.01,0.07,0.0,0.6,May,1,1,5,2,Returning_Visitor,False,False
0,35.47,0,0.78,22,1173.86,0.06,0.05,1.53,0.03,Nov,2,2,1,2,Returning_Visitor,False,False
1,0.0,0,0.44,15,358.66,0.01,0.02,1.13,0.03,May,2,2,1,3,Returning_Visitor,False,False
0,4.37,0,0.16,17,1233.45,0.0,0.03,1.3,0.4,May,2,2,6,3,Returning_Visitor,False,False
0,3.09,0,1.36,78,1114.4,0.01,0.03,0.0,0.03,Nov,2,2,1,1,Returning_Visitor,False,True
3,155.6,0,0.0,63,1426.73,0.01,0.01,0.0,0.03,Nov,1,2,1,2,Returning_Visitor,False,False
2,0.0,0,0.62,20,1254.11,0.0,0.03,0.0,0.0,Mar,2,2,1,1,Returning_Visitor,False,False
3,3.34,0,1.83,59,1522.82,0.06,0.03,0.0,0.0,Mar,3,2,1,2,Returning_Visitor,True,False
0,5.89,0,1.34,77,288.42,0.01,0.07,0.0,0.03,Mar,1,1,4,2,Returning_Visitor,True,False
0,0.0,0,1.46,21,1212.64,0.01,0.02,0.5,0.0,Nov,2,2,1,2,Returning_Visitor,False,False
4,103.83,0,0.0,49,1188.47,0.01,0.02,3.66,0.0,May,2,6,1,3,Returning_Visitor,False,False
3,35.0,0,1.36,59,1289.41,0.01,0.01,0.0,0.03,May,2,2,1,2,Returning_Visitor,False,False
3,60.0,0,1.12,63,1335.02,0.0,0.03,0.0,0.03,Mar,2,2,1,3,Returning_Visitor,False,False
0,28.6,0,1.2,5,65.39,0.12,0.15,1.45,0.05,Mar,3,2,1,3,Returning_Visitor,False,False
2,10.75,0,0.0,27,1273.2,0.0,0.02,31.41,0.03,Mar,2,2,3,2,Returning_Visitor,False,True
3,28.25,0,1.88,30,1197.01,0.0,0.02,4.71,0.03,Nov,3,2,1,13,Returning_Visitor,False,False
0,1.71,0,0.15,50,3002.9,0.0,0.01,1.56,0.0,Nov,2,2,1,2,Returning_Visitor,False,False
6,78.51,2,63.4,110,1691.24,0.01,0.01,14.95,0.0,Aug,2,2,1,3,Returning_Visitor,True,False
1,27.73,0,1.35,11,78.83,0.03,0.05,0.0,0.03,May,2,2,1,3,Returning_Visitor,False,False
1,52.12,1,30.17,2,296.0,0.01,0.02,1.62,0.03,Dec,2,2,1,3,New_Visitor,True,False
0,0.0,0,0.78,8,257.4,0.01,0.02,1.25,0.0,Nov,2,2,1,1,Returning_Visitor,False,False
1,0.0,0,0.99,62,676.17,0.01,0.01,1.09,0.0,May,2,2,1,4,Returning_Visitor,True,True
0,0.0,0,0.0,2,525.63,0.1,0.12,0.73,0.03,Mar,2,2,1,3,Returning_Visitor,False,False
3,0.0,0,0.0,7,451.0,0.01,0.03,2.24,0.03,Mar,2,2,1,1,Returning_Visitor,False,True
3,41.65,0,1.0,57,1134.56,0.01,0.04,1.87,0.0,Mar,2,6,3,1,Returning_Visitor,False,False
5,23.98,0,1.17,62,1215.47,0.01,0.02,0.64,0.0,Sep,2,2,1,2,Returning_Visitor,False,False
2,12.85,0,0.0,56,1213.16,0.01,0.02,9.48,0.03,Mar,2,2,1,3,Returning_Visitor,False,False
3,47.62,0,0.0,28,859.33,0.01,0.01,14.9,0.03,Nov,4,1,6,2,Returning_Visitor,False,True
2,0.0,0,0.41,55,52.3,0.0,0.15,0.0,0.03,Mar,2,2,1,3,Returning_Visitor,False,False
3,74.53,0,0.0,55,369.17,0.0,0.01,0.37,0.0,Mar,3,2,1,1,Returning_Visitor,False,False
3,0.0,0,1.19,69,1399.62,0.01,0.02,3.41,0.03,May,2,2,2,2,Returning_Visitor,False,False
4,27.02,0,1.51,48,1264.67,0.01,0.04,0.87,0.06,May,3,2,1,13,Returning_Visitor,False,False
0,0.0,0,0.0,50,239.0,0.01,0.03,0.0,0.03,May,3,2,1,2,Returning_Visitor,False,False
1,26.75,6,657.83,140,974.82,0.02,0.02,1.74,0.0,Jul,2,2,1,3,Returning_Visitor,False,False
4,314.08,2,22.27,130,5332.33,0.01,0.02,0.0,0.03,Mar,2,2,1,2,Returning_Visitor,False,False
1,73.76,0,2.1,30,1240.65,0.01,0.02,3.52,0.0,Mar,2,2,6,2,Returning_Visitor,False,False
2,0.0,2,3.44,86,442.33,0.01,0.03,1.15,0.03,Nov,1,2,1,3,Returning_Visitor,False,False
0,0.0,0,52.5,18,1290.2,0.0,0.02,0.0,0.03,Mar,8,2,9,2,Returning_Visitor,False,False
3,726.0,0,1.1,47,1070.05,0.01,0.04,0.19,0.03,Mar,2,2,1,3,Returning_Visitor,False,False
0,0.0,0,1.57,74,1188.8,0.04,0.02,1.2,0.0,Nov,3,2,3,2,Returning_Visitor,False,False
3,314.11,0,1.28,45,651.87,0.01,0.01,0.0,0.0,May,2,2,2,2,Returning_Visitor,False,False
11,309.15,0,1.47,49,13265.36,0.02,0.02,0.85,0.0,Nov,2,2,1,2,Returning_Visitor,False,True
1,6.04,0,0.0,4,66.0,0.01,0.05,0.71,0.03,Nov,2,1,8,3,Returning_Visitor,False,False
0,0.0,0,0.0,93,1274.6,0.01,0.14,0.0,0.0,Mar,2,2,1,3,Returning_Visitor,True,False
17,320.12,0,8.28,67,8282.21,0.0,0.01,3.4,0.0,Nov,2,2,1,2,Returning_Visitor,True,False
3,28.2,0,2.56,58,0.0,0.01,0.02,18.66,0.03,Nov,2,1,1,5,New_Visitor,False,True
5,44.0,0,0.0,59,1627.76,0.01,0.04,0.82,0.03,Nov,2,2,3,2,Returning_Visitor,True,True
5,53.01,0,0.0,25,1194.5,0.01,0.01,12.05,0.03,May,2,2,1,2,New_Visitor,False,True
4,97.28,0,4.38,67,3148.17,0.02,0.03,3.32,0.4,May,2,2,8,2,Returning_Visitor,False,False
1,11.14,0,0.0,2,66.46,0.0,0.1,0.0,0.03,Nov,1,1,1,2,Returning_Visitor,False,False
3,0.0,0,0.74,63,165.0,0.0,0.02,0.87,1.0,May,2,2,1,2,Returning_Visitor,False,False
2,50.77,0,0.0,8,21.0,0.1,0.13,0.0,0.6,May,2,2,1,3,Returning_Visitor,False,False
2,58.27,0,2.55,24,1234.81,0.0,0.02,6.54,0.03,May,2,2,1,2,Returning_Visitor,False,False
1,61.72,0,0.0,61,1243.42,0.01,0.02,0.0,0.03,Mar,1,1,1,3,New_Visitor,True,False
3,362.22,0,51.15,74,1359.42,0.02,0.04,0.0,0.0,Dec,2,2,2,2,Returning_Visitor,False,False
3,123.4,0,1.35,58,1242.78,0.01,0.03,0.97,0.0,Mar,1,2,1,3,Returning_Visitor,False,False
3,0.0,0,0.0,22,1282.69,0.03,0.06,0.0,0.03,Nov,2,1,4,10,Returning_Visitor,True,False
0,17.6,0,0.0,16,1166.08,0.01,0.02,0.0,0.03,Mar,1,1,1,3,Returning_Visitor,False,False
1,10.54,0,0.0,37,87.71,0.04,0.06,0.39,0.03,Mar,2,2,1,3,Returning_Visitor,False,False
4,20.9,0,0.0,60,1340.5,0.01,0.03,60.48,0.03,Aug,2,2,3,2,Returning_Visitor,False,True
0,0.0,0,2.18,3,0.0,0.2,0.13,2.36,0.0,Nov,2,2,3,2,Returning_Visitor,True,False
3,0.0,0,0.0,50,1077.23,0.01,0.03,6.5,0.8,May,2,2,3,2,Returning_Visitor,False,False
1,0.0,0,1.07,4,40.0,0.01,0.05,0.45,0.05,Nov,1,1,3,3,Returning_Visitor,False,False
0,0.0,0,0.0,3,184.39,0.07,0.1,1.28,0.05,Mar,3,2,1,3,Returning_Visitor,False,False
2,4.96,0,0.0,15,1267.64,0.0,0.01,5.44,0.03,Nov,2,2,1,2,Returning_Visitor,False,True
1,0.0,0,0.86,86,1114.88,0.01,0.03,0.22,0.0,Nov,2,2,1,2,Returning_Visitor,False,False
2,26.31,0,0.0,14,1333.68,0.01,0.01,44.63,0.03,Sep,2,2,1,2,Returning_Visitor,False,True
0,0.0,0,0.0,1,0.0,0.02,0.14,0.11,0.0,Nov,3,2,1,2,Returning_Visitor,False,False
0,2.2,1,36.22,25,1226.74,0.01,0.03,0.0,0.03,Mar,2,2,1,2,Returning_Visitor,True,False
2,37.5,0,1.79,18,607.5,0.0,0.01,61.12,0.0,Nov,2,2,3,2,Returning_Visitor,False,True
3,0.0,0,0.97,55,1217.21,0.01,0.04,0.78,0.0,Nov,1,2,1,11,Returning_Visitor,True,False
1,0.0,2,56.24,72,850.39,0.0,0.01,0.0,0.03,Mar,1,1,1,2,Returning_Visitor,False,False
1,48.15,0,0.0,0,1401.01,0.05,0.02,0.47,0.03,Oct,2,1,1,2,Returning_Visitor,False,False
1,1.97,0,0.0,94,1361.81,0.0,0.02,0.0,0.03,Dec,2,2,1,2,Returning_Visitor,True,False
0,0.0,0,6.23,40,244.0,0.03,0.05,0.0,0.0,May,2,2,3,4,Returning_Visitor,False,False
7,276.37,0,2.23,67,5155.35,0.01,0.01,8.81,0.0,Nov,2,2,1,1,Returning_Visitor,False,False
7,145.0,1,69.88,55,5252.86,0.02,0.02,0.68,0.03,Mar,2,2,4,2,Returning_Visitor,False,True
0,8.49,0,0.77,26,1191.14,0.01,0.02,0.0,0.03,Nov,1,1,1,3,Returning_Visitor,False,False
11,267.17,0,1.96,39,881.44,0.0,0.01,15.03,0.0,Nov,2,2,1,1,New_Visitor,False,False
3,15.91,0,0.0,22,1671.38,0.02,0.03,5.8,0.0,Nov,2,2,3,3,Returning_Visitor,False,False
0,0.0,0,1.92,58,901.27,0.01,0.02,0.0,0.03,Mar,1,1,1,2,New_Visitor,True,False
21,157.89,2,84.8,170,5684.74,0.01,0.0,0.1,0.0,Mar,2,2,1,2,Returning_Visitor,False,False
3,75.81,0,1.16,39,1211.83,0.01,0.02,1.22,0.03,Mar,2,2,1,3,Returning_Visitor,False,False
3,66.33,0,1.59,15,1275.05,0.01,0.02,0.0,0.0,Mar,2,2,6,6,Returning_Visitor,False,False
2,40.42,0,0.05,55,1477.73,0.01,0.02,9.69,0.03,Nov,2,2,1,1,Returning_Visitor,False,False
2,0.0,0,0.0,19,1199.56,0.04,0.02,0.28,0.19,May,2,2,1,3,Returning_Visitor,True,False
10,184.93,0,4.52,59,5861.47,0.01,0.01,32.1,0.0,Nov,2,2,1,2,Returning_Visitor,False,True
3,59.1,0,0.0,55,1215.87,0.0,0.02,58.37,0.03,May,2,2,4,2,Returning_Visitor,False,True
1,0.0,0,1.5,83,837.05,0.01,0.05,0.0,0.4,Nov,2,2,8,3,Returning_Visitor,False,False
1,5.18,0,2.75,21,1225.75,0.01,0.02,1.64,0.0,May,2,2,1,2,Returning_Visitor,True,False
5,4.85,0,0.87,53,1404.58,0.02,0.02,0.0,0.12,Mar,2,1,1,2,Returning_Visitor,False,False
2,16.09,0,0.0,64,52.0,0.0,0.07,0.0,0.03,Mar,2,2,8,4,Returning_Visitor,False,False
3,26.23,0,0.0,34,1144.26,0.03,0.02,0.75,0.03,Dec,2,2,1,1,Returning_Visitor,False,True
0,0.0,0,0.0,65,245.0,0.1,0.01,3.58,0.03,Mar,2,4,1,1,Returning_Visitor,False,False
0,0.0,0,1.53,20,1017.5,0.0,0.02,0.99,0.03,Nov,2,2,1,1,Returning_Visitor,False,False
3,52.48,0,0.0,6,68.22,0.01,0.02,1.89,0.03,Nov,2,2,1,2,New_Visitor,True,False
5,175.1,0,0.0,26,1343.74,0.0,0.02,62.77,0.03,Mar,2,1,1,2,New_Visitor,False,True
2,15.56,0,1.7,49,1307.37,0.05,0.03,0.56,0.03,May,3,2,1,1,Returning_Visitor,False,False
2,29.07,0,1.4,19,1198.67,0.01,0.04,14.35,0.03,Nov,2,2,1,3,Returning_Visitor,False,False
0,0.0,0,0.0,25,588.72,0.0,0.01,0.0,0.03,Nov,3,2,4,2,Returning_Visitor,False,False
3,157.05,0,0.0,59,1166.84,0.0,0.01,0.0,0.0,Dec,3,2,1,3,Returning_Visitor,False,False
0,0.0,0,0.0,4,845.8,0.01,0.02,0.16,0.03,May,1,1,1,1,Returning_Visitor,True,False
2,12.59,2,341.6,92,4487.38,0.02,0.02,4.89,0.03,Nov,2,2,1,3,Returning_Visitor,True,False
1,0.0,0,1.28,68,1232.92,0.05,0.02,0.08,0.3,May,3,2,1,1,Returning_Visitor,False,False
3,54.76,0,0.0,4,51.3,0.01,0.03,2.2,0.0,Mar,2,2,1,2,New_Visitor,False,False
3,0.0,0,1.33,56,545.72,0.0,0.03,0.0,0.03,Mar,1,2,1,9,Returning_Visitor,True,False
3,21.11,0,0.0,19,1061.57,0.01,0.03,1.03,0.03,Nov,2,4,9,10,Returning_Visitor,False,False
0,13.31,0,1.04,32,1225.45,0.02,0.04,0.0,0.03,Nov,2,2,1,3,Returning_Visitor,False,False
2,11.0,0,0.7,66,1152.23,0.0,0.02,0.38,0.03,Nov,4,1,1,2,Returning_Visitor,False,False
1,329.36,0,1.46,52,1322.12,0.03,0.02,0.05,0.03,Sep,2,2,1,4,Returning_Visitor,False,False
1,20.84,0,1.33,67,674.32,0.05,0.1,1.82,0.03,Nov,2,2,7,1,Returning_Visitor,False,False
3,9.64,0,0.0,78,1199.52,0.01,0.03,1.61,0.03,Nov,1,1,1,1,Returning_Visitor,False,False
5,52.33,1,33.77,72,1167.24,0.01,0.02,2.57,0.8,May,2,2,1,3,Returning_Visitor,False,False
0,23.79,0,1.43,2,0.0,0.2,0.14,1.85,0.0,Nov,3,2,1,3,Returning_Visitor,False,False
10,771.93,2,8.98,39,1022.47,0.0,0.01,52.05,0.03,Nov,3,2,5,2,Returning_Visitor,False,True
3,0.0,0,3.99,10,1465.69,0.08,0.02,4.32,0.03,May,2,2,2,13,Returning_Visitor,False,False
0,0.0,0,0.33,28,1838.85,0.01,0.01,3.81,0.03,May,2,2,1,2,Returning_Visitor,False,False
3,44.72,1,6.0,65,2349.1,0.03,0.03,1.29,0.03,Nov,2,2,3,2,Returning_Visitor,False,False
0,27.4,0,1.13,59,1244.27,0.08,0.1,1.64,0.03,Dec,2,2,1,2,Returning_Visitor,False,False
3,59.51,0,1.51,59,1575.95,0.01,0.02,0.7,0.0,Mar,2,6,1,6,Returning_Visitor,False,False
0,15.67,0,1.24,21,452.8,0.0,0.02,5.69,0.0,Mar,1,2,1,2,Returning_Visitor,False,True
2,318.0,0,0.0,43,1335.18,0.03,0.01,0.88,0.03,May,3,2,1,11,Returning_Visitor,False,False
1,0.0,0,1.39,1,71.53,0.2,0.14,0.0,0.03,Nov,3,2,1,2,Returning_Visitor,False,False
0,29.74,0,1.4,10,1354.47,0.01,0.02,2.5,0.0,Nov,1,8,3,2,Returning_Visitor,False,False
3,19.84,0,1.55,36,943.62,0.05,0.02,0.42,0.03,Nov,3,2,1,13,Returning_Visitor,False,False
0,37.91,0,1.52,23,1088.52,0.01,0.03,22.92,0.03,Nov,2,2,1,1,Returning_Visitor,False,True
6,56.89,0,0.19,58,1296.92,0.01,0.03,12.88,0.03,Sep,2,2,1,2,Returning_Visitor,False,False
3,57.55,3,60.0,91,2345.59,0.0,0.01,51.27,0.0,Dec,2,2,1,2,Returning_Visitor,False,False
3,93.6,0,0.94,48,69.4,0.09,0.02,1.49,0.0,Mar,1,2,1,3,Returning_Visitor,False,False
0,27.94,0,0.0,19,1229.15,0.01,0.01,1.14,0.03,Mar,2,2,2,1,Returning_Visitor,False,False
9,198.43,7,636.75,113,1293.27,0.01,0.03,0.0,0.03,Nov,2,2,2,3,Returning_Visitor,False,True
2,340.94,1,145.6,59,2734.97,0.01,0.01,1.08,0.0,Mar,2,2,4,5,New_Visitor,False,True
10,739.12,0,1.65,63,1655.19,0.0,0.02,2.0,0.03,Mar,1,1,1,2,Returning_Visitor,False,False
1,4.06,0,1.0,70,1343.1,0.04,0.02,0.0,0.0,Nov,3,2,1,2,Returning_Visitor,True,False
3,0.0,0,1.37,7,1218.49,0.01,0.02,0.0,0.8,May,2,2,1,2,Returning_Visitor,False,False
2,75.6,2,1.49,10,1052.0,0.0,0.01,0.0,0.03,Nov,2,2,1,2,Returning_Visitor,False,False
3,57.47,0,0.0,68,122.22,0.0,0.04,2.96,0.03,Mar,2,2,9,2,New_Visitor,True,False
3,69.0,0,0.0,50,1095.16,0.01,0.02,28.05,0.03,Mar,2,4,1,8,New_Visitor,False,True
1,0.0,0,1.93,2,63.5,0.01,0.13,0.0,0.0,Nov,1,2,1,1,Returning_Visitor,False,False
3,26.15,0,25.99,22,1734.78,0.0,0.01,0.0,0.03,Mar,3,2,3,9,Returning_Visitor,False,False
2,58.05,0,1.04,48,1171.85,0.0,0.01,6.71,0.03,Nov,2,2,1,2,Returning_Visitor,False,True
4,74.97,0,1.32,58,5106.26,0.01,0.02,0.7,0.03,Nov,2,2,1,2,Returning_Visitor,False,False
0,0.0,0,1.25,9,0.0,0.2,0.02,5.52,0.8,May,2,2,4,13,Returning_Visitor,False,False
0,0.0,0,1.17,13,1310.29,0.02,0.02,0.02,0.0,May,3,2,3,3,Returning_Visitor,True,False
6,212.0,1,63.12,10,1188.42,0.02,0.0,0.0,0.03,May,1,2,1,3,Returning_Visitor,False,False
3,28.5,0,1.46,8,72.63,0.01,0.04,0.0,0.03,Nov,1,1,1,10,Returning_Visitor,False,False
2,32.0,0,1.14,80,1260.25,0.01,0.02,13.67,0.03,May,2,2,1,13,Returning_Visitor,False,True
3,67.26,1,1.93,61,243.75,0.0,0.03,3.06,0.03,Mar,2,2,4,2,Returning_Visitor,False,True
2,15.17,0,1.37,4,36.0,0.0,0.03,3.47,0.03,May,2,2,4,1,Returning_Visitor,False,False
0,7.96,0,0.64,39,1206.35,0.01,0.01,0.0,0.03,June,2,2,1,3,Returning_Visitor,False,False
3,89.67,0,0.81,50,2022.12,0.01,0.03,2.44,0.0,Sep,1,1,1,1,Returning_Visitor,False,False
3,71.67,2,2.76,75,1213.59,0.0,0.01,1.32,0.2,May,2,2,1,2,Returning_Visitor,False,False
3,21.2,2,141.0,7,1238.93,0.01,0.0,0.94,0.03,Aug,2,2,1,2,Returning_Visitor,False,False
0,0.0,0,0.0,28,393.0,0.01,0.03,1.32,0.0,May,2,2,7,3,Returning_Visitor,False,False
0,13.83,0,1.08,4,184.16,0.01,0.15,1.88,0.0,Nov,2,2,1,10,Returning_Visitor,False,False
1,30.2,0,1.04,80,1054.25,0.07,0.08,18.38,0.0,Nov,2,2,1,2,Returning_Visitor,False,False
3,27.2,0,0.0,91,1213.12,0.0,0.03,33.62,0.0,Sep,2,2,1,3,Returning_Visitor,False,False
2,7.43,0,1.24,55,1245.29,0.0,0.03,0.0,0.0,May,2,2,1,2,Returning_Visitor,False,False
2,27.57,0,0.0,47,1720.42,0.02,0.03,3.03,0.03,May,2,10,1,3,Returning_Visitor,False,False
1,29.36,0,0.0,5,1304.22,0.02,0.02,0.88,0.6,Nov,2,2,1,6,Returning_Visitor,False,False
4,53.2,0,0.0,51,1068.94,0.0,0.01,1.71,0.0,Mar,2,2,5,3,Returning_Visitor,False,False
2,41.73,6,1.07,65,733.29,0.02,0.03,0.0,0.0,Nov,2,2,7,3,Returning_Visitor,False,False
1,0.0,0,0.0,17,1176.03,0.01,0.05,0.0,0.03,Dec,3,2,1,3,Returning_Visitor,True,False
2,26.34,2,95.0,29,1245.03,0.01,0.04,25.04,0.03,Nov,2,2,1,3,Returning_Visitor,False,True
3,22.14,0,1.4,58,914.13,0.01,0.06,2.29,0.0,Dec,1,1,1,2,Returning_Visitor,False,False
1,25.0,0,0.0,62,1045.22,0.0,0.01,12.15,0.03,Nov,2,5,2,2,Returning_Visitor,False,True
1,26.57,0,0.83,20,606.0,0.0,0.02,0.0,0.0,Mar,2,2,6,3,Returning_Visitor,False,False
3,46.63,3,68.75,74,12460.67,0.01,0.03,1.77,0.0,Nov,2,2,1,2,Returning_Visitor,False,False
2,162.85,0,1.45,6,549.0,0.04,0.03,0.99,0.03,Nov,3,2,1,3,Returning_Visitor,False,False
3,0.0,0,1.72,35,990.92,0.01,0.05,0.0,0.8,May,2,10,2,2,Returning_Visitor,False,False
3,71.01,1,1.35,19,1348.39,0.04,0.02,10.97,0.03,Mar,1,1,1,3,Returning_Visitor,False,True
1,96.34,0,0.0,69,5692.21,0.01,0.02,0.56,0.03,May,4,1,1,2,Returning_Visitor,False,False
3,46.93,0,0.0,11,225.5,0.02,0.05,2.09,0.0,Mar,2,5,4,11,Returning_Visitor,False,False
3,10.54,0,0.0,74,2197.78,0.01,0.01,4.78,0.03,Nov,1,1,1,2,Returning_Visitor,False,True
3,296.75,0,0.0,61,1224.45,0.01,0.03,0.0,0.0,Dec,1,1,3,2,Returning_Visitor,False,False
2,22.67,0,1.73,63,1903.67,0.01,0.01,0.0,0.03,May,2,2,1,4,Returning_Visitor,False,False
3,46.4,0,1.65,13,118.27,0.0,0.03,0.47,0.0,Jul,2,2,1,4,Returning_Visitor,True,False
1,24.2,0,1.12,21,110.38,0.2,0.14,0.0,0.03,Nov,2,2,1,3,New_Visitor,False,False
1,0.0,0,1.26,67,126.5,0.01,0.04,0.46,0.03,Mar,2,2,3,2,Returning_Visitor,True,False
3,6.12,2,26.17,54,518.44,0.01,0.01,0.0,0.03,Nov,2,2,3,4,Returning_Visitor,False,False
2,30.59,0,0.8,56,1049.88,0.07,0.02,1.95,0.0,Nov,2,2,3,2,Returning_Visitor,False,False
2,4.0,5,161.5,55,946.05,0.01,0.02,18.88,0.0,Nov,1,2,1,2,Returning_Visitor,False,False
3,29.03,0,213.0,50,814.05,0.01,0.03,1.8,0.0,Dec,2,2,4,10,Returning_Visitor,False,False
0,0.0,0,1.45,17,275.17,0.02,0.03,0.68,0.0,Nov,3,2,1,2,Returning_Visitor,False,False
9,296.12,0,2.87,74,5728.48,0.01,0.01,0.28,0.03,Nov,2,2,1,2,Returning_Visitor,False,True
0,0.0,0,0.0,8,64.51,0.13,0.05,0.0,0.0,Mar,1,1,1,3,Returning_Visitor,True,False
3,48.93,0,0.0,68,1278.83,0.01,0.01,5.21,0.0,May,3,2,3,2,Returning_Visitor,True,True
0,48.46,0,0.0,6,34.33,0.01,0.03,3.03,0.03,May,2,2,2,3,Returning_Visitor,False,False
3,91.42,0,2.06,79,1236.42,0.01,0.02,2.21,0.03,Nov,1,2,1,2,Returning_Visitor,False,True
3,63.17,0,0.0,58,1226.67,0.01,0.03,8.07,0.03,May,2,2,3,3,Returning_Visitor,False,False
2,103.0,0,1.29,18,1158.51,0.01,0.06,0.0,0.03,May,2,2,1,3,Returning_Visitor,False,False
1,5.67,0,0.0,17,1205.98,0.07,0.01,0.0,0.03,Nov,2,2,3,3,Returning_Visitor,False,False
0,6.17,0,0.0,43,1217.82,0.0,0.02,0.76,0.0,Nov,3,2,3,2,Returning_Visitor,True,False
0,3.11,0,0.0,66,1473.32,0.0,0.05,2.3,0.03,Nov,3,2,1,10,Returning_Visitor,False,False
10,292.29,0,0.0,70,806.03,0.01,0.02,3.85,0.0,Nov,2,5,1,2,Returning_Visitor,True,False
1,28.72,0,0.0,90,397.8,0.0,0.02,5.28,0.03,Aug,2,1,1,2,Returning_Visitor,False,False
1,62.5,0,0.0,60,3222.76,0.01,0.02,0.0,0.03,Mar,2,2,1,4,Returning_Visitor,False,False
1,105.99,2,8.0,45,1202.78,0.01,0.02,0.0,0.03,Nov,3,2,1,3,Returning_Visitor,False,False
2,20.08,1,23.5,50,338.13,0.02,0.01,1.75,0.03,Nov,2,2,1,10,Returning_Visitor,False,False
6,93.5,1,79.2,50,1161.91,0.0,0.03,1.43,0.03,Mar,2,2,1,3,New_Visitor,False,False
2,15.54,0,3.51,58,1128.05,0.01,0.05,0.84,0.03,Mar,2,2,1,3,Returning_Visitor,False,False
3,94.9,0,0.0,59,1336.21,0.01,0.04,2.2,0.0,Mar,2,2,1,1,Returning_Visitor,False,False
2,53.83,0,1.18,60,1193.0,0.01,0.01,10.53,0.03,May,2,2,1,2,New_Visitor,False,True
0,0.0,0,1.6,14,99.62,0.03,0.04,0.0,0.03,Mar,2,2,1,4,Returning_Visitor,True,False
5,58.29,1,685.25,177,875.01,0.01,0.01,9.42,0.0,Nov,2,2,1,2,Returning_Visitor,False,False
3,38.91,1,3.27,46,1388.87,0.01,0.04,12.84,0.03,Nov,2,4,1,2,Returning_Visitor,False,False
1,0.0,0,0.85,5,105.0,0.05,0.07,2.13,0.03,May,2,2,1,13,Returning_Visitor,False,False
0,31.18,0,0.0,18,1295.96,0.0,0.01,1.89,0.03,Nov,3,2,1,11,Returning_Visitor,False,False
3,258.41,2,55.58,62,1195.85,0.01,0.02,0.0,0.0,Nov,1,1,1,2,Returning_Visitor,False,False
0,0.0,0,1.2,1,75.77,0.2,0.12,0.0,0.03,Mar,1,1,1,3,Returning_Visitor,False,False
2,12.02,0,0.46,39,1649.83,0.0,0.01,1.27,0.03,May,2,2,4,3,Returning_Visitor,False,False
0,11.08,0,0.0,15,1050.25,0.01,0.03,0.0,0.03,Mar,2,2,1,2,Returning_Visitor,True,False
10,251.87,0,0.57,60,1076.49,0.01,0.02,6.89,0.03,May,2,2,2,2,Returning_Visitor,False,False
2,38.4,0,1.29,20,917.35,0.01,0.01,23.83,0.0,Nov,2,2,1,2,Returning_Visitor,True,True
1,22.43,0,1.0,7,1239.33,0.0,0.02,1.25,0.4,May,4,2,1,2,Returning_Visitor,False,True
3,291.21,0,0.0,52,1949.65,0.01,0.01,0.0,0.0,Dec,1,1,1,1,Returning_Visitor,False,False
0,2.67,0,0.0,25,261.75,0.0,0.03,0.0,0.03,Mar,2,2,1,2,Returning_Visitor,False,False
0,3.53,0,0.0,5,108.0,0.0,0.03,1.41,0.0,Mar,2,2,1,3,Returning_Visitor,False,False
0,0.0,0,0.48,19,465.63,0.01,0.03,3.96,0.03,Nov,1,1,1,2,Returning_Visitor,True,False
0,1.86,0,2.65,49,1230.65,0.0,0.02,1.78,0.03,Dec,2,4,1,2,Returning_Visitor,False,True
3,276.75,0,1.21,12,1230.79,0.01,0.02,0.0,0.0,Nov,2,2,1,2,Returning_Visitor,False,False
2,90.5,2,3.41,47,1140.82,0.02,0.04,6.33,0.03,Mar,2,2,8,3,Returning_Visitor,False,False
1,0.0,0,1.1,45,801.05,0.0,0.02,0.0,0.03,Dec,2,2,1,2,Returning_Visitor,False,False
1,0.0,0,1.36,8,1183.85,0.0,0.02,0.24,0.0,Mar,2,4,1,1,Returning_Visitor,False,False
0,0.0,0,0.0,5,614.42,0.01,0.09,0.0,0.0,Mar,2,2,1,10,Returning_Visitor,False,False
2,20.19,0,0.0,60,1209.09,0.01,0.04,0.0,0.03,Nov,2,2,1,1,Returning_Visitor,False,False
3,286.85,0,0.0,6,1343.64,0.0,0.03,0.14,0.0,Nov,1,1,1,3,Returning_Visitor,False,False
2,51.34,0,0.0,66,1215.08,0.0,0.01,0.0,0.0,Nov,2,2,1,3,New_Visitor,True,False
3,172.28,0,1.7,68,448.2,0.01,0.02,49.87,0.03,Mar,8,13,9,4,Returning_Visitor,False,False
3,1261.92,0,985.42,30,1131.68,0.01,0.02,0.0,0.03,Mar,2,2,3,3,Returning_Visitor,False,False
0,17.45,0,0.0,56,971.06,0.01,0.05,0.0,0.0,Mar,2,2,1,10,Returning_Visitor,False,False
0,0.0,0,1.54,12,1254.42,0.03,0.04,0.0,0.03,Mar,2,2,1,1,Returning_Visitor,False,False
1,0.0,0,0.0,19,400.8,0.04,0.12,0.0,0.03,June,2,2,1,3,Returning_Visitor,False,False
3,73.03,0,3.18,75,1156.59,0.0,0.02,7.26,0.03,May,2,2,2,2,Returning_Visitor,False,False
2,23.87,0,0.0,10,264.25,0.02,0.02,1.87,0.0,Nov,2,2,1,2,Returning_Visitor,False,True
2,106.5,0,0.87,12,1143.93,0.01,0.03,0.69,0.03,Mar,2,2,1,2,Returning_Visitor,False,False
0,15.47,0,0.79,3,75.0,0.04,0.08,1.17,0.03,Dec,1,1,1,3,Returning_Visitor,False,False
3,16.68,0,0.0,54,1694.75,0.02,0.03,0.0,0.03,Nov,2,2,1,1,Returning_Visitor,False,False
1,15.4,2,0.95,15,1389.53,0.02,0.02,0.02,0.03,May,2,2,1,3,Returning_Visitor,False,False
0,13.42,0,0.0,1,0.0,0.2,0.2,0.57,0.03,Mar,2,2,1,1,Returning_Visitor,False,False
12,217.65,0,7.54,38,1639.07,0.02,0.03,5.29,0.0,Mar,3,2,6,2,Returning_Visitor,False,False
4,34.72,0,1.46,15,1128.55,0.02,0.03,0.85,0.03,Nov,3,2,1,2,Returning_Visitor,False,False
1,202.0,0,1.07,2,1265.92,0.01,0.07,6.08,0.03,Mar,2,2,1,6,New_Visitor,False,False
2,4.42,0,1.01,73,2759.63,0.03,0.04,1.0,0.0,Mar,3,2,1,2,Returning_Visitor,False,False
2,0.0,0,1.4,59,1142.9,0.01,0.03,2.76,0.03,Nov,2,2,1,3,Returning_Visitor,False,True
2,50.12,0,0.0,73,1215.93,0.02,0.06,0.0,0.03,Nov,1,1,1,1,Returning_Visitor,False,False
3,27.0,0,35.02,63,1264.37,0.0,0.05,2.55,0.03,Nov,2,2,1,2,New_Visitor,True,True
1,13.84,0,0.0,7,1358.62,0.05,0.14,0.9,0.03,Mar,2,2,3,3,Returning_Visitor,False,False
0,4.46,0,0.0,56,1306.14,0.01,0.0,0.0,0.03,May,2,2,1,4,Returning_Visitor,False,False
3,32.41,0,1.55,66,52.67,0.05,0.02,5.09,0.03,Nov,2,2,2,2,Returning_Visitor,False,False
3,3.34,2,26.5,54,6001.17,0.01,0.02,0.66,0.03,Mar,2,2,1,2,Returning_Visitor,False,True
9,183.3,2,34.0,45,2904.92,0.01,0.02,2.01,0.0,Dec,1,1,1,2,Returning_Visitor,True,False
3,34.75,0,0.0,29,1244.93,0.01,0.0,0.0,0.0,Mar,2,2,8,3,New_Visitor,False,False
3,78.0,0,1.17,69,1154.86,0.01,0.03,1.45,0.03,Nov,1,1,4,2,Returning_Visitor,True,False
3,194.42,2,20.0,70,1165.62,0.01,0.02,1.02,0.0,May,2,2,1,3,Returning_Visitor,False,False
0,27.61,0,0.99,57,3382.08,0.01,0.01,0.0,0.03,May,2,2,1,2,Returning_Visitor,False,False
3,26.7,0,0.0,6,1303.44,0.01,0.03,0.0,0.6,Nov,2,2,1,13,Returning_Visitor,False,False
9,42.73,0,0.0,23,716.95,0.02,0.02,0.05,0.03,May,1,2,1,2,Returning_Visitor,False,False
3,5.8,0,2.14,28,1286.24,0.02,0.02,111.51,0.0,Mar,2,1,1,2,Returning_Visitor,True,False
1,12.0,0,4.93,67,2004.5,0.03,0.02,6.85,0.03,Mar,2,2,6,3,Returning_Visitor,True,False
0,3.97,0,1.01,48,845.5,0.01,0.01,1.14,0.03,Mar,4,2,1,3,Returning_Visitor,True,False
2,6.4,0,1.8,86,0.0,0.2,0.12,1.2,0.83,Mar,3,3,4,3,Returning_Visitor,False,False
1,0.0,0,0.0,55,1211.25,0.01,0.02,0.0,0.03,Dec,2,2,1,2,Returning_Visitor,False,False
3,55.64,0,0.96,60,1421.57,0.0,0.0,14.39,0.03,May,4,2,3,3,Returning_Visitor,False,True
4,53.85,0,0.61,62,4402.25,0.01,0.01,246.76,0.03,Nov,2,2,1,2,Returning_Visitor,False,False
3,354.83,0,2.21,87,1029.62,0.01,0.01,0.67,0.0,Nov,1,1,3,2,Returning_Visitor,False,False
3,44.74,0,2.17,7,1310.79,0.03,0.08,2.35,0.05,May,1,1,1,1,Returning_Visitor,False,False
3,66.6,0,1.33,57,298.41,0.02,0.05,0.31,0.03,Nov,1,1,1,3,Returning_Visitor,False,False
5,21.44,0,0.0,58,1949.19,0.01,0.03,0.0,0.0,Nov,2,2,1,3,Returning_Visitor,True,False
3,18.0,0,0.0,2,1202.6,0.01,0.05,1.97,0.0,Mar,2,13,9,2,Other,False,False
2,9.17,2,24.0,63,5426.02,0.01,0.02,4.14,0.0,Mar,2,2,6,13,Returning_Visitor,False,False
2,22.35,0,0.0,18,1182.67,0.01,0.03,0.0,0.03,Mar,2,2,1,3,Returning_Visitor,False,False
0,8.9,0,0.0,11,64.79,0.01,0.02,2.49,0.2,Mar,1,1,3,3,Returning_Visitor,False,False
1,0.0,0,0.0,53,1159.71,0.02,0.06,1.25,0.0,Dec,3,2,2,3,Returning_Visitor,True,False
9,206.0,3,2.0,61,1150.64,0.01,0.02,3.46,0.0,Nov,2,2,1,1,Returning_Visitor,False,False
3,49.8,0,0.13,41,1234.27,0.01,0.02,5.85,0.03,Nov,2,2,1,2,Returning_Visitor,False,False
3,0.0,0,0.36,15,1188.19,0.02,0.02,1.16,0.0,Mar,2,2,2,2,Returning_Visitor,False,False
3,0.0,0,0.0,60,571.5,0.04,0.03,0.0,0.03,May,7,1,4,3,Returning_Visitor,False,False
3,61.25,0,0.0,14,1368.37,0.01,0.02,1.61,0.03,Mar,2,10,1,3,Returning_Visitor,False,False
3,47.52,0,0.26,57,845.83,0.01,0.01,19.01,0.03,Nov,2,2,1,3,Returning_Visitor,False,True
3,277.8,0,0.0,50,1216.81,0.01,0.0,10.94,0.0,Nov,2,2,2,3,New_Visitor,False,True
9,211.05,0,1.04,44,1153.44,0.01,0.02,29.61,0.03,Aug,2,2,1,3,Returning_Visitor,False,True
0,0.0,2,45.5,60,2586.28,0.01,0.03,0.24,0.03,Mar,1,2,1,2,Returning_Visitor,True,False
1,14.23,0,1.53,19,1210.15,0.01,0.07,1.1,0.03,May,2,2,1,1,Returning_Visitor,False,False
1,0.0,0,4.07,34,1199.67,0.02,0.03,0.29,0.03,Nov,2,2,1,2,Returning_Visitor,False,False
0,8.57,0,1.3,19,487.14,0.03,0.2,2.47,0.03,Dec,2,2,8,2,Returning_Visitor,False,False
0,0.0,0,0.0,65,1204.9,0.01,0.02,0.0,0.0,May,3,2,1,3,Returning_Visitor,False,False
0,0.0,0,1.9,8,1365.89,0.0,0.06,0.98,0.03,Mar,2,10,4,3,Returning_Visitor,False,False
3,39.01,0,1.67,22,1274.78,0.0,0.01,61.0,0.03,Nov,2,2,3,5,Returning_Visitor,False,True
3,0.0,0,1.38,24,671.09,0.01,0.03,0.0,0.0,Nov,2,1,3,2,Returning_Visitor,False,False
3,24.96,0,3.65,23,1222.04,0.01,0.02,2.28,0.03,Mar,3,2,6,2,Returning_Visitor,False,False
3,33.4,0,19.0,59,1251.68,0.01,0.03,11.76,0.0,Nov,2,2,1,10,Returning_Visitor,False,False
0,4.85,0,0.0,63,467.0,0.0,0.02,0.0,0.03,Feb,1,1,3,3,Returning_Visitor,False,False
3,26.25,0,1.81,35,573.0,0.0,0.01,2.98,0.03,May,2,2,1,4,Returning_Visitor,False,False
3,72.53,0,0.77,50,1223.61,0.0,0.01,13.61,0.0,Nov,2,2,1,2,Returning_Visitor,False,True
3,20.6,0,243.0,56,681.62,0.01,0.01,28.3,0.03,May,2,2,1,2,Returning_Visitor,False,True
1,33.09,0,1.54,37,1162.67,0.03,0.03,50.08,0.0,Mar,2,5,1,10,Returning_Visitor,False,True
4,222.19,2,55.49,63,612.82,0.02,0.02,2.44,0.03,Nov,3,2,1,2,Returning_Visitor,True,True
6,1013.89,1,3.03,44,1241.04,0.01,0.02,13.86,0.03,Sep,2,2,1,4,Returning_Visitor,True,False
0,26.14,0,1.74,12,87.79,0.2,0.2,1.27,0.03,Nov,3,2,1,3,Returning_Visitor,False,False
2,42.9,0,0.0,35,1795.93,0.02,0.01,2.35,0.0,Nov,2,2,1,3,Returning_Visitor,False,False
3,22.43,0,1.0,1,1312.45,0.19,0.05,0.0,0.0,Nov,2,2,1,1,Returning_Visitor,False,False
10,323.55,0,1.87,63,1208.94,0.01,0.02,0.0,0.03,May,2,2,1,4,Returning_Visitor,False,False
7,22.93,3,71.88,40,702.69,0.01,0.03,0.0,0.0,Dec,3,2,4,2,Returning_Visitor,False,False
0,0.0,0,1.68,17,1275.43,0.01,0.01,63.46,0.03,Nov,2,2,3,4,Returning_Visitor,False,True
3,31.0,0,13.42,65,1241.12,0.0,0.01,0.0,0.8,May,2,2,1,2,Returning_Visitor,False,False
2,50.06,0,0.0,42,279.33,0.02,0.03,0.0,0.03,Mar,2,2,1,2,New_Visitor,False,False
3,262.3,0,2.8,7,570.5,0.01,0.03,0.0,0.03,Nov,1,2,1,2,Returning_Visitor,True,False
5,108.41,6,14.43,26,2039.0,0.0,0.01,25.39,0.03,Nov,2,2,1,2,Returning_Visitor,False,True
0,18.1,0,0.0,6,42.0,0.01,0.06,0.0,0.03,Mar,2,2,1,1,Returning_Visitor,False,False
6,265.4,0,1.96,6,1150.75,0.0,0.03,0.0,0.03,Mar,1,1,1,3,Returning_Visitor,False,False
0,10.25,0,0.0,5,79.07,0.01,0.05,1.02,0.03,Nov,2,2,3,3,Returning_Visitor,False,False
1,0.0,0,0.53,51,0.0,0.2,0.11,0.03,0.03,Mar,2,4,1,2,Returning_Visitor,False,False
0,0.0,0,0.0,7,399.9,0.02,0.03,0.57,0.0,Mar,2,2,1,3,Returning_Visitor,False,False
3,21.96,0,1.0,17,1144.54,0.0,0.02,4.92,0.03,Mar,2,2,1,3,Returning_Visitor,False,False
0,12.49,0,0.0,52,139.85,0.04,0.1,1.09,0.0,Dec,3,2,3,2,Returning_Visitor,False,False
3,44.88,0,0.0,46,3366.54,0.0,0.02,0.0,0.03,Nov,2,2,1,2,Returning_Visitor,False,False
6,31.57,0,0.91,78,1036.57,0.0,0.03,0.0,0.03,Mar,2,2,1,8,Returning_Visitor,False,False
0,0.0,0,0.97,47,1475.37,0.01,0.02,2.47,0.0,May,1,1,4,1,Returning_Visitor,False,False
0,33.5,0,97.17,50,3466.79,0.02,0.02,3.59,0.0,May,3,2,1,2,Returning_Visitor,False,False
4,30.06,0,1.01,3,1109.08,0.0,0.01,0.0,0.03,Nov,3,2,1,5,Returning_Visitor,False,False
3,55.41,0,0.0,62,1237.19,0.0,0.01,8.99,0.03,Nov,2,2,1,1,Returning_Visitor,False,True
1,0.0,0,0.0,7,1097.47,0.0,0.02,0.0,0.0,Nov,2,2,2,1,Returning_Visitor,False,False
0,0.0,0,1.65,17,1275.17,0.02,0.04,0.52,0.03,Mar,2,2,1,1,Returning_Visitor,False,False
0,0.0,0,0.92,51,783.22,0.0,0.02,0.0,0.03,Dec,2,4,1,2,New_Visitor,False,False
0,9.68,0,0.93,70,1288.56,0.01,0.02,0.47,0.0,Mar,2,2,3,4,Returning_Visitor,False,False
3,35.0,0,2.2,47,1407.84,0.0,0.02,1.78,0.03,Nov,2,2,1,3,New_Visitor,False,False
0,10.11,0,0.61,8,705.9,0.05,0.03,0.0,0.03,Mar,2,2,1,3,Returning_Visitor,False,False
3,32.5,0,0.0,24,1270.17,0.01,0.02,1.43,0.03,Nov,2,2,1,6,Returning_Visitor,False,False
1,0.0,0,1.66,35,1169.7,0.01,0.02,0.28,0.03,Nov,1,1,1,3,Returning_Visitor,False,False
5,46.96,0,0.0,67,585.8,0.01,0.01,0.0,0.0,Nov,2,2,1,2,New_Visitor,True,False
2,30.92,0,0.92,5,589.95,0.01,0.02,0.0,0.03,Dec,8,13,1,20,Returning_Visitor,False,False
1,13.41,0,0.83,40,1279.64,0.01,0.01,0.0,0.03,Mar,3,7,3,3,Returning_Visitor,False,False
0,26.72,0,0.0,55,1163.01,0.0,0.01,0.0,0.0,May,3,2,1,4,Returning_Visitor,True,False
0,5.84,0,1.04,78,664.26,0.08,0.03,0.0,0.64,May,2,2,1,2,Returning_Visitor,False,False
4,48.0,0,1.05,53,11.0,0.01,0.01,0.0,0.03,Mar,2,2,1,7,New_Visitor,False,False
2,28.7,0,1.74,67,510.0,0.01,0.04,0.96,1.0,May,3,1,1,3,Returning_Visitor,True,False
2,75.05,0,1.46,66,1440.11,0.02,0.04,4.48,0.03,Nov,2,2,1,3,Returning_Visitor,False,False
0,30.16,0,0.0,44,1124.13,0.01,0.02,0.0,0.2,Nov,1,2,1,1,Returning_Visitor,False,False
2,21.61,0,1.21,6,32.2,0.09,0.03,0.0,0.03,June,2,1,1,3,Returning_Visitor,False,False
0,12.18,0,0.0,47,520.0,0.0,0.01,17.55,0.03,Nov,3,2,3,2,Returning_Visitor,False,True
0,0.0,0,1.51,23,406.0,0.05,0.06,0.0,0.2,May,2,2,1,13,Returning_Visitor,False,False
1,7.1,0,0.58,2,247.9,0.18,0.1,0.0,0.0,Dec,2,2,1,3,Returning_Visitor,False,False
0,0.0,0,0.99,19,232.57,0.0,0.02,4.34,0.03,Nov,2,2,1,2,Returning_Visitor,False,False
2,20.58,0,0.61,14,1250.6,0.0,0.02,0.0,0.0,Mar,2,2,1,1,Returning_Visitor,False,False
1,0.0,0,1.25,29,68.97,0.01,0.03,0.0,0.03,Mar,2,2,1,1,Returning_Visitor,False,False
3,84.51,0,34.0,17,1199.35,0.0,0.02,9.12,0.0,Mar,1,1,1,2,Returning_Visitor,False,False
3,0.0,0,1.35,26,1312.33,0.07,0.02,1.21,0.03,Nov,3,2,1,13,Returning_Visitor,False,False
3,197.0,1,25.0,56,998.53,0.01,0.03,19.93,0.0,Nov,4,2,2,2,New_Visitor,True,False
3,14.71,0,1.26,12,1139.67,0.01,0.01,58.64,0.03,Nov,2,2,8,6,Returning_Visitor,False,True
5,250.93,0,0.0,24,2174.38,0.0,0.01,27.08,0.03,Mar,2,2,3,1,Returning_Visitor,False,False
1,14.95,0,0.83,60,394.3,0.06,0.06,0.0,0.03,Mar,3,2,3,3,Returning_Visitor,False,False
2,88.75,0,1.54,65,1019.38,0.0,0.03,27.98,0.03,Nov,2,2,1,2,Returning_Visitor,False,False
0,0.0,0,1.02,6,1380.21,0.0,0.03,0.0,0.03,Mar,2,5,1,3,Returning_Visitor,False,False
2,23.06,0,0.0,31,86.21,0.0,0.1,0.0,0.03,Nov,2,2,3,4,Returning_Visitor,False,False
2,0.0,0,0.0,22,366.75,0.02,0.04,0.99,0.03,Nov,2,2,1,1,Returning_Visitor,False,False
0,0.0,0,0.0,11,1178.69,0.0,0.03,0.0,0.03,Nov,2,2,1,2,Returning_Visitor,False,False
1,19.67,0,0.0,14,1295.57,0.05,0.03,0.15,0.0,Mar,3,2,3,9,Returning_Visitor,False,False
1,3.28,0,1.45,96,1231.79,0.0,0.03,0.0,0.0,Nov,2,4,1,1,Returning_Visitor,False,False
0,36.24,0,0.0,17,377.5,0.01,0.06,0.0,0.0,May,3,2,2,2,Returning_Visitor,True,False
2,52.7,0,74.6,15,1293.05,0.0,0.03,0.0,0.0,Jul,1,2,9,3,New_Visitor,False,False
3,0.0,0,2.24,6,185.0,0.0,0.1,0.0,0.0,Mar,1,1,1,3,Returning_Visitor,False,False
3,15.72,0,2.34,57,569.12,0.0,0.04,0.0,0.03,May,2,2,1,4,Returning_Visitor,False,False
1,12.6,0,0.0,67,581.96,0.01,0.06,0.0,0.03,Oct,2,2,1,3,Returning_Visitor,False,False
3,21.84,1,26.7,65,1216.97,0.01,0.06,3.78,0.03,Sep,2,2,7,13,Returning_Visitor,False,False
0,33.3,0,1.2,2,618.85,0.01,0.02,0.14,0.03,Mar,2,2,9,2,Returning_Visitor,False,False
1,2.86,0,0.32,65,391.85,0.05,0.05,0.59,0.03,Nov,3,2,4,3,Returning_Visitor,True,False
2,194.29,0,0.99,23,1092.74,0.01,0.02,41.68,0.03,Dec,3,2,1,2,Returning_Visitor,True,False
6,107.37,0,0.0,39,151.3,0.01,0.02,0.0,0.0,Nov,2,2,1,3,Returning_Visitor,False,False
1,15.4,0,1.66,72,602.92,0.04,0.03,0.0,0.03,Nov,3,2,1,13,Returning_Visitor,False,False
0,0.0,0,0.1,40,1219.08,0.01,0.02,0.78,0.03,Mar,2,4,3,2,Returning_Visitor,False,False
0,6.83,0,0.7,6,118.93,0.01,0.06,0.0,0.03,May,2,2,1,3,Returning_Visitor,False,False
3,30.96,0,1.24,2,853.94,0.02,0.14,0.0,0.0,Dec,1,1,1,1,Returning_Visitor,False,False
3,51.26,0,1.18,22,1177.87,0.01,0.02,2.29,0.0,Nov,1,1,1,2,Returning_Visitor,True,False
0,23.37,0,0.85,63,2846.3,0.01,0.03,0.81,0.03,Jul,2,2,1,3,Returning_Visitor,False,False
3,27.4,0,2.01,70,51.2,0.01,0.0,0.0,0.0,Aug,2,2,1,3,New_Visitor,False,True
3,32.1,0,2.05,63,21.1,0.01,0.03,0.0,0.0,June,3,2,6,3,New_Visitor,False,False
3,29.5,0,0.97,67,1234.11,0.01,0.02,14.37,0.03,Nov,1,2,1,2,Returning_Visitor,False,True
2,11.64,0,1.87,43,219.0,0.01,0.07,3.9,0.03,May,2,2,1,1,Returning_Visitor,False,True
3,28.2,0,0.7,65,608.22,0.0,0.04,0.0,0.03,Nov,2,2,1,1,Returning_Visitor,False,False
2,220.35,0,0.89,68,986.57,0.01,0.02,10.58,0.0,Nov,3,2,1,8,Returning_Visitor,False,True
1,8.0,0,1.51,59,1348.33,0.02,0.02,24.29,0.03,Mar,1,1,1,2,Returning_Visitor,False,True
0,0.0,0,2.59,7,0.0,0.2,0.2,0.0,0.03,May,2,2,1,3,Returning_Visitor,False,False
3,223.28,1,55.0,56,2767.75,0.01,0.01,0.0,0.03,Mar,2,2,1,2,Returning_Visitor,False,False
3,43.07,0,0.0,52,1174.5,0.0,0.01,43.19,0.03,Aug,2,2,1,4,Returning_Visitor,False,True
0,0.0,0,0.97,43,1310.35,0.01,0.02,0.0,0.03,Mar,2,6,1,2,Returning_Visitor,False,False
0,25.26,0,1.89,59,1272.47,0.04,0.03,1.23,0.03,Nov,2,2,1,1,Returning_Visitor,False,False
0,55.67,0,1.45,7,1138.77,0.0,0.01,4.93,0.03,Mar,3,2,9,6,Returning_Visitor,True,False
0,0.0,0,0.0,68,464.67,0.0,0.03,0.0,0.6,Nov,3,2,1,3,Returning_Visitor,False,False
1,16.64,0,0.0,10,640.88,0.01,0.01,34.91,0.03,Nov,2,2,1,2,Returning_Visitor,False,True
3,0.0,0,0.67,16,392.14,0.01,0.02,0.48,0.0,Mar,2,2,1,3,Returning_Visitor,False,False
2,13.6,0,1.13,61,683.3,0.03,0.09,3.21,0.03,Nov,2,2,3,1,Returning_Visitor,False,False
3,0.0,0,1.61,6,278.1,0.01,0.03,0.31,0.03,Nov,1,1,3,5,Returning_Visitor,False,False
0,22.44,0,1.15,89,752.28,0.04,0.2,0.45,0.05,Nov,3,2,6,2,Returning_Visitor,False,False
1,2.57,0,0.87,32,1322.68,0.0,0.02,0.0,0.03,May,2,2,4,3,Returning_Visitor,False,False
5,19.74,0,1.36,58,794.71,0.05,0.06,1.28,0.03,Nov,2,2,1,1,Returning_Visitor,False,False
3,40.8,0,1.2,63,1229.42,0.0,0.02,21.25,0.03,Sep,1,1,1,2,Returning_Visitor,False,False
11,117.31,0,0.09,60,1728.25,0.01,0.02,22.43,0.03,Nov,2,2,1,2,Returning_Visitor,False,True
1,3.54,0,1.47,62,1201.41,0.01,0.11,0.0,0.03,May,2,6,1,2,Returning_Visitor,False,False
3,18.0,0,1.78,50,1345.36,0.2,0.2,7.92,0.0,Feb,2,2,1,3,Returning_Visitor,False,False
0,0.0,0,0.52,10,1155.73,0.09,0.2,0.0,0.0,Dec,2,2,1,20,Returning_Visitor,False,False
3,0.0,0,1.78,59,849.88,0.01,0.03,1.32,0.0,Nov,1,2,1,1,Returning_Visitor,False,False
2,5.0,0,1.7,15,1098.99,0.02,0.07,0.43,0.03,Nov,2,2,1,1,Returning_Visitor,False,False
3,35.47,0,0.34,46,590.07,0.0,0.03,0.0,0.03,Nov,2,6,7,2,Returning_Visitor,False,False
2,40.43,0,0.0,72,1310.88,0.01,0.02,23.88,0.0,May,2,2,1,13,Returning_Visitor,False,True
1,38.65,0,0.0,66,770.03,0.01,0.03,0.72,0.03,Mar,3,2,8,2,Returning_Visitor,False,False
0,0.0,0,1.66,42,1352.79,0.01,0.05,1.04,0.0,Nov,2,2,1,1,Returning_Visitor,False,False
0,0.0,0,0.0,19,1227.92,0.01,0.02,4.51,0.03,Mar,2,2,5,2,Returning_Visitor,False,False
1,0.0,0,0.31,9,1407.11,0.09,0.14,0.21,0.0,Mar,2,2,1,3,Returning_Visitor,False,False
2,20.66,0,1.1,16,1166.13,0.03,0.06,56.58,0.0,Nov,2,2,1,3,Returning_Visitor,False,True
2,51.0,0,1.61,23,1210.03,0.0,0.02,0.0,0.0,May,2,2,3,2,Returning_Visitor,False,False
3,59.58,1,2.05,60,1397.07,0.01,0.02,2.38,0.0,Mar,2,2,6,3,Returning_Visitor,False,False
0,5.82,0,0.17,51,1242.15,0.02,0.05,1.26,0.0,Jul,2,2,1,3,Returning_Visitor,False,False
2,0.0,0,1.01,3,1288.63,0.01,0.02,0.0,0.03,May,3,2,1,2,Returning_Visitor,True,False
1,107.41,0,1.28,48,1149.0,0.01,0.02,0.97,0.03,Mar,3,2,6,2,Returning_Visitor,False,False
2,1715.0,0,0.0,20,1390.18,0.02,0.0,0.0,0.0,Nov,1,1,1,8,New_Visitor,False,False
3,29.46,0,0.2,27,1385.0,0.01,0.06,2.29,0.03,May,2,5,4,2,Returning_Visitor,False,False
2,84.0,0,0.0,55,1232.9,0.01,0.03,0.0,0.03,Mar,3,2,3,3,Returning_Visitor,False,False
0,0.0,0,0.0,31,1088.57,0.01,0.02,0.0,0.03,Oct,2,2,3,2,Returning_Visitor,True,False
0,7.68,0,0.0,40,1313.41,0.0,0.04,0.0,0.0,Mar,2,2,1,1,Returning_Visitor,False,False
10,66.83,0,1.05,46,4155.75,0.0,0.01,4.98,0.03,Nov,2,2,1,3,Returning_Visitor,False,True
0,22.77,0,0.0,6,224.0,0.01,0.02,1.29,0.0,Nov,4,1,1,2,Returning_Visitor,False,False
1,82.6,0,0.0,25,243.47,0.02,0.02,0.0,0.03,Aug,2,2,2,3,New_Visitor,False,False
1,0.0,0,0.0,58,1510.38,0.01,0.03,0.96,0.0,Nov,2,4,1,1,Returning_Visitor,False,False
0,0.0,0,1.39,6,903.36,0.01,0.05,1.86,0.0,Dec,3,3,1,3,Returning_Visitor,False,False
3,3.14,0,0.48,62,1219.94,0.01,0.01,0.0,0.0,Nov,3,2,1,2,Returning_Visitor,False,False
8,130.7,0,1.3,74,87.5,0.01,0.02,0.0,0.03,Nov,2,2,1,3,New_Visitor,False,False
9,21.61,2,23.79,59,1240.06,0.02,0.03,1.38,0.0,Dec,2,2,1,3,Returning_Visitor,False,False
3,18.96,0,1.25,20,267.3,0.0,0.02,0.0,0.03,Nov,2,2,1,3,Returning_Visitor,False,False
0,0.0,0,0.0,15,1327.75,0.02,0.02,3.32,0.0,Dec,2,2,1,10,Returning_Visitor,False,False
1,0.0,0,1.06,36,1166.57,0.01,0.06,5.21,0.67,May,2,2,3,13,Returning_Visitor,False,False
1,89.75,2,16.0,36,1751.85,0.01,0.03,11.91,0.03,Nov,2,2,7,1,Returning_Visitor,False,False
6,124.2,0,1.01,5,256.23,0.02,0.02,7.96,0.03,Nov,2,2,2,3,New_Visitor,False,True
4,301.82,0,2.54,21,1175.85,0.01,0.04,0.07,0.03,May,1,1,1,3,Returning_Visitor,False,False
3,33.2,1,44.96,64,240.6,0.04,0.02,0.0,0.03,Jul,2,2,1,13,Returning_Visitor,False,False
3,199.75,0,0.62,49,331.4,0.0,0.02,0.11,0.03,Mar,3,2,1,3,Returning_Visitor,False,False
2,0.0,0,0.0,35,0.0,0.01,0.02,4.34,0.03,May,1,1,4,4,Returning_Visitor,True,False
2,10.91,0,0.0,69,653.28,0.01,0.03,0.0,0.03,May,2,4,7,2,Returning_Visitor,False,False
3,0.0,0,0.0,56,413.0,0.01,0.03,0.0,0.03,Sep,1,1,4,3,New_Visitor,False,False
0,25.71,0,0.67,9,279.03,0.02,0.04,0.0,0.0,May,2,2,1,3,Returning_Visitor,False,False
6,52.71,1,1.83,187,1061.51,0.0,0.01,12.24,0.03,May,2,2,2,2,Returning_Visitor,False,False
0,0.0,0,0.81,16,937.24,0.01,0.02,0.93,0.03,Nov,2,2,1,2,Returning_Visitor,False,False
3,47.83,0,0.0,59,1280.49,0.0,0.02,34.92,0.03,May,2,2,1,2,Returning_Visitor,False,False
4,80.0,1,2.22,80,11945.63,0.01,0.02,1.79,0.03,Nov,2,2,1,2,Returning_Visitor,False,True
3,359.92,0,0.0,61,1302.52,0.01,0.03,1.34,0.03,Mar,3,2,1,3,Returning_Visitor,False,True
2,5.58,0,1.29,57,3025.06,0.03,0.02,0.31,0.0,Nov,2,2,1,2,Returning_Visitor,False,False
3,34.76,0,1.04,7,381.5,0.0,0.03,0.16,0.0,Mar,2,1,3,2,Returning_Visitor,False,False
3,170.5,3,161.5,64,1127.63,0.0,0.03,2.26,0.0,Mar,2,2,1,2,Returning_Visitor,False,False
3,56.05,1,54.6,53,1235.65,0.01,0.02,60.81,0.03,Mar,2,2,3,2,Returning_Visitor,True,True
2,26.03,0,0.0,47,57.0,0.0,0.03,1.43,0.03,Mar,2,2,6,2,Returning_Visitor,False,False
10,298.58,0,2.16,90,4367.88,0.01,0.01,0.0,0.03,Nov,2,2,1,2,Returning_Visitor,False,False
3,39.3,0,0.21,53,2735.73,0.02,0.03,8.63,0.03,Mar,2,5,1,7,Returning_Visitor,False,True
3,8.32,0,2.9,69,673.64,0.01,0.03,0.41,0.03,Nov,1,2,1,3,Returning_Visitor,False,False
0,29.33,0,0.0,15,1135.69,0.0,0.02,2.38,0.0,Nov,1,8,1,2,Returning_Visitor,True,True
2,23.0,0,0.0,67,1165.73,0.01,0.01,11.88,0.03,Nov,2,2,1,3,Returning_Visitor,False,False
3,124.0,0,2.26,38,588.57,0.0,0.02,0.0,0.0,May,2,2,1,2,New_Visitor,False,False
1,4.0,0,0.0,4,67.25,0.01,0.03,0.0,0.0,Dec,2,2,2,2,Returning_Visitor,False,False
4,27.53,2,36.5,55,4716.88,0.01,0.02,0.0,0.03,Mar,2,2,4,2,Returning_Visitor,False,False
0,0.0,0,1.68,1,299.61,0.15,0.11,0.0,0.04,Dec,2,1,1,2,Returning_Visitor,False,False
0,0.0,0,1.45,8,1082.56,0.01,0.03,0.64,0.0,Nov,3,2,1,1,Returning_Visitor,False,False
0,13.64,0,1.18,34,67.06,0.19,0.16,0.0,0.03,Mar,1,1,1,3,Returning_Visitor,False,False
12,975.65,4,9.08,62,2822.62,0.01,0.02,0.0,0.03,Nov,2,2,5,2,Returning_Visitor,False,False
9,318.84,6,2.61,64,1260.95,0.01,0.01,0.0,0.03,Mar,2,2,1,4,Returning_Visitor,False,True
3,38.0,0,0.0,72,1130.41,0.0,0.04,0.0,0.03,Nov,2,2,1,2,New_Visitor,False,False
4,46.5,0,0.0,38,1429.88,0.0,0.02,3.6,0.03,Nov,2,2,1,2,Returning_Visitor,False,True
10,222.82,0,0.0,50,1032.75,0.0,0.02,16.98,0.03,Nov,2,2,1,3,Returning_Visitor,False,False
3,71.32,0,0.0,61,1669.99,0.01,0.03,1.41,0.0,Nov,1,1,1,2,Returning_Visitor,False,False
2,28.17,0,0.85,4,205.34,0.1,0.12,1.14,0.0,Mar,2,2,1,3,Returning_Visitor,False,False
11,366.37,0,1.56,64,1002.13,0.0,0.02,0.0,0.03,Sep,2,2,2,5,Returning_Visitor,False,False
1,23.59,0,1.23,25,1219.64,0.01,0.03,0.43,0.0,Nov,1,1,1,3,Returning_Visitor,False,False
3,34.0,0,0.0,49,2241.0,0.0,0.01,0.0,0.03,Mar,2,2,1,1,Returning_Visitor,False,False
0,9.47,0,0.95,6,72.0,0.01,0.15,0.37,0.8,May,2,2,1,3,Returning_Visitor,False,False
3,21.0,0,0.0,29,1095.82,0.0,0.03,4.56,0.03,Nov,2,2,1,2,Returning_Visitor,False,False
0,0.0,0,0.0,83,96.04,0.0,0.03,0.0,0.03,Mar,3,2,1,2,Returning_Visitor,True,False
7,175.48,2,3.17,44,2054.11,0.0,0.01,5.79,0.03,May,1,2,9,3,Returning_Visitor,False,False
2,19.06,0,1.68,71,1232.45,0.0,0.03,1.37,0.03,May,2,2,1,4,Returning_Visitor,False,False
3,18.14,0,0.0,51,1145.64,0.07,0.03,0.36,0.03,Nov,3,2,1,13,Returning_Visitor,False,False
2,0.0,0,0.0,62,1157.07,0.0,0.02,0.0,0.03,Nov,2,2,1,2,Returning_Visitor,False,False
3,0.0,0,1.25,65,1213.18,0.01,0.02,1.96,0.0,Nov,2,2,1,2,Returning_Visitor,False,False
2,0.0,0,0.0,57,1207.11,0.0,0.02,0.38,0.03,Nov,1,1,1,1,Returning_Visitor,False,False
0,17.77,0,0.0,16,1260.33,0.02,0.03,1.92,0.03,Mar,1,2,1,2,Returning_Visitor,False,True
3,32.08,0,1.56,28,1203.24,0.01,0.02,0.0,0.03,Oct,2,2,1,3,Returning_Visitor,False,False
4,1764.0,0,1.05,96,488.96,0.0,0.02,1.8,0.0,May,3,2,1,5,New_Visitor,False,False
0,0.0,0,0.0,16,1221.83,0.0,0.02,0.67,0.0,Mar,1,1,1,3,Returning_Visitor,False,False
1,0.0,0,1.51,35,1231.02,0.01,0.02,17.19,0.03,May,2,2,6,2,Returning_Visitor,False,True
8,353.7,3,1.3,44,867.88,0.01,0.02,2.37,0.03,Nov,1,1,6,3,Returning_Visitor,False,True
1,0.0,0,0.9,83,847.27,0.02,0.02,1.62,0.0,May,2,2,3,3,Returning_Visitor,False,False
3,358.58,1,20.05,50,6449.46,0.01,0.03,5.39,0.03,Mar,2,2,9,1,Returning_Visitor,False,True
3,53.3,0,0.0,65,1113.82,0.0,0.02,19.31,0.03,Mar,2,4,1,2,Returning_Visitor,False,True
3,0.0,0,0.0,8,1182.97,0.09,0.02,0.66,0.2,May,2,2,1,3,Returning_Visitor,False,False
2,24.85,0,2.34,109,1127.82,0.02,0.01,48.73,0.03,Oct,4,2,3,6,Returning_Visitor,False,True
3,83.5,2,125.5,57,1327.61,0.01,0.03,1.85,0.0,Dec,2,2,5,2,Returning_Visitor,False,False
3,19.86,1,26.0,41,1211.11,0.05,0.02,1.01,0.03,May,3,2,1,2,Returning_Visitor,True,False
3,39.0,0,1.1,6,1180.5,0.0,0.02,2.19,0.03,Nov,2,2,1,2,Returning_Visitor,False,False
2,50.09,0,3.79,22,1362.75,0.01,0.01,0.0,0.0,Nov,2,2,1,2,New_Visitor,True,False
10,821.08,1,2.06,56,1240.46,0.0,0.01,4.51,0.0,Nov,2,2,1,1,Returning_Visitor,False,False
0,0.0,0,0.0,3,1316.79,0.01,0.02,1.01,0.0,Nov,2,2,1,6,Returning_Visitor,False,False
0,17.83,0,2.4,53,0.0,0.2,0.2,0.0,0.03,Mar,2,2,1,1,Returning_Visitor,False,False
3,87.0,0,0.0,38,1326.25,0.01,0.02,7.15,0.0,May,2,2,1,4,Returning_Visitor,False,True
1,12.16,0,1.61,82,0.0,0.13,0.2,0.0,0.03,Feb,2,2,3,3,Returning_Visitor,False,False
3,121.64,1,45.89,65,1281.6,0.0,0.01,1.09,0.03,Nov,2,2,4,2,Returning_Visitor,False,False
2,24.84,4,758.5,72,1234.2,0.02,0.02,1.51,0.03,Dec,3,2,1,2,Returning_Visitor,True,False
0,0.0,0,0.0,68,295.83,0.01,0.2,0.0,0.03,May,2,4,9,2,Returning_Visitor,False,False
6,328.48,0,0.0,53,1196.25,0.01,0.02,0.35,0.03,Mar,2,2,1,13,Returning_Visitor,True,False
3,74.6,0,0.28,66,1139.7,0.0,0.04,1.47,0.0,Nov,2,2,1,4,Returning_Visitor,False,False
1,0.0,0,1.02,56,1309.09,0.0,0.07,0.0,0.0,Mar,2,2,1,2,Returning_Visitor,False,False
4,24.46,0,1.01,23,1228.88,0.0,0.01,14.31,0.03,Nov,2,2,1,2,Returning_Visitor,False,False
1,4.65,0,0.82,30,1056.57,0.0,0.02,0.0,0.0,Nov,2,2,1,2,Returning_Visitor,False,False
0,1.5,0,1.46,24,1171.72,0.02,0.02,0.0,0.03,Nov,2,10,1,1,Returning_Visitor,False,False
1,334.1,2,5.1,67,1050.01,0.01,0.03,1.48,0.03,Nov,1,1,3,2,Returning_Visitor,False,False
0,18.15,0,273.0,36,1178.4,0.0,0.02,0.7,0.0,Dec,2,2,1,3,New_Visitor,False,True
16,349.06,0,1.06,147,4123.96,0.0,0.01,0.53,0.0,Nov,2,2,1,2,Returning_Visitor,False,True
0,10.51,0,1.18,65,1074.55,0.01,0.02,2.24,0.0,Mar,2,2,7,3,Returning_Visitor,False,False
3,41.54,0,1.43,5,130.68,0.0,0.03,2.42,0.0,Oct,2,2,1,3,Returning_Visitor,False,False
3,17.02,0,0.0,1,0.0,0.2,0.02,4.75,0.8,Nov,2,1,1,2,Returning_Visitor,True,False
0,0.0,0,0.0,14,46.0,0.0,0.03,2.59,0.0,Mar,2,2,1,2,Returning_Visitor,False,False
3,13.64,0,0.0,54,1321.7,0.0,0.01,0.0,0.0,May,2,2,2,13,Returning_Visitor,False,False
1,0.0,0,1.41,1,0.0,0.05,0.2,2.89,0.03,Nov,2,2,1,4,Returning_Visitor,False,False
0,0.0,0,0.0,69,387.88,0.0,0.04,0.0,0.03,Nov,2,2,3,3,Returning_Visitor,False,False
2,10.33,0,0.82,53,129.25,0.03,0.05,0.0,0.03,Nov,2,1,1,2,Returning_Visitor,True,False
2,62.5,0,1.64,74,775.33,0.0,0.03,0.0,0.0,Nov,2,2,1,1,Returning_Visitor,False,True
1,0.0,0,1.03,7,38.0,0.01,0.05,3.31,0.0,Nov,2,2,1,1,Returning_Visitor,False,False
3,298.06,0,21.5,67,1302.96,0.03,0.04,0.0,0.04,Mar,2,2,2,2,Returning_Visitor,False,False
0,5.61,0,1.01,62,1197.62,0.03,0.03,0.0,0.03,May,3,2,1,3,Returning_Visitor,False,False
0,18.17,0,1.95,16,371.5,0.01,0.02,0.0,0.03,Nov,2,5,7,3,Returning_Visitor,False,False
1,30.55,0,0.0,9,1260.37,0.01,0.03,0.0,0.03,Mar,2,4,1,3,New_Visitor,True,False
1,0.0,0,1.39,2,19.0,0.01,0.1,1.58,0.03,May,2,2,1,2,Returning_Visitor,False,False
1,0.0,0,1.01,77,0.0,0.1,0.14,0.0,0.04,May,3,2,1,2,Returning_Visitor,False,False
1,0.0,0,0.0,24,663.0,0.05,0.07,3.64,0.0,Nov,2,2,1,2,Returning_Visitor,False,False
5,140.58,2,87.0,64,1918.9,0.01,0.03,1.95,0.0,Mar,2,2,3,2,Returning_Visitor,False,False
0,0.0,0,3.16,63,3272.0,0.01,0.02,0.0,0.03,May,2,6,1,6,Returning_Visitor,False,False
3,0.0,0,0.0,16,1143.3,0.01,0.02,0.0,0.03,May,2,2,1,2,Returning_Visitor,False,False
3,231.0,0,0.0,20,1259.77,0.01,0.03,0.02,0.03,May,1,1,1,3,Returning_Visitor,False,False
7,25.56,0,0.14,58,1051.12,0.0,0.01,13.94,0.03,Nov,2,2,3,3,Returning_Visitor,False,True
0,0.0,0,0.63,64,418.38,0.01,0.02,1.74,0.0,Dec,3,2,1,2,Returning_Visitor,True,True
3,12.38,2,270.6,20,1085.88,0.0,0.0,1.27,0.03,Nov,2,2,1,5,Returning_Visitor,False,True
0,0.0,0,1.59,24,1275.87,0.04,0.06,0.0,0.0,Nov,2,2,3,1,Returning_Visitor,False,False
3,25.56,0,0.0,16,341.37,0.0,0.02,0.34,0.03,Nov,1,2,1,3,Returning_Visitor,False,False
3,54.39,0,0.42,40,1254.36,0.01,0.01,14.69,0.03,Nov,2,2,1,2,Returning_Visitor,False,True
3,299.0,0,1.99,63,212.5,0.01,0.03,0.0,0.0,Mar,2,2,1,1,Returning_Visitor,False,False
3,77.0,3,10.29,64,1334.39,0.01,0.01,0.75,0.03,Mar,2,2,1,2,Returning_Visitor,False,False
0,21.38,0,0.0,69,1323.94,0.02,0.06,0.58,1.0,May,3,2,2,2,Returning_Visitor,False,False
3,6.2,1,1411.0,42,1160.51,0.01,0.03,0.34,0.03,Mar,2,2,1,2,Returning_Visitor,False,False
2,27.63,1,58.0,55,3424.58,0.0,0.01,1.38,0.0,Mar,2,2,4,3,Returning_Visitor,False,False
3,51.11,1,3.86,120,1250.88,0.01,0.02,14.24,0.0,Nov,2,2,1,2,Returning_Visitor,False,False
1,0.0,0,0.0,3,1170.22,0.05,0.13,0.0,0.0,Nov,2,2,3,3,Returning_Visitor,False,False
2,24.4,4,72.0,10,159.3,0.01,0.06,0.53,0.0,Nov,1,2,1,2,Returning_Visitor,False,False
3,91.65,0,0.0,66,1232.97,0.01,0.02,0.08,0.0,Nov,3,2,1,2,Returning_Visitor,False,False
3,0.0,0,1.91,48,1258.34,0.0,0.03,8.31,0.03,Aug,2,1,1,2,Returning_Visitor,False,False
2,598.87,0,0.0,60,1193.3,0.02,0.02,11.98,0.03,Nov,3,2,2,11,Returning_Visitor,False,False
0,20.02,0,1.46,3,822.97,0.01,0.04,0.0,0.03,Nov,2,2,3,1,Returning_Visitor,True,False
0,0.0,0,0.0,1,63.81,0.2,0.08,0.0,0.03,May,1,1,1,3,Returning_Visitor,False,False
0,0.0,0,1.12,16,77.37,0.2,0.2,0.0,0.03,Mar,1,8,1,3,Returning_Visitor,False,False
3,19.33,0,1.11,28,1277.81,0.01,0.01,2.8,0.0,Nov,2,2,8,3,Returning_Visitor,False,False
0,4.47,0,2.35,9,0.0,0.2,0.2,5.62,0.0,Mar,8,2,9,20,Returning_Visitor,True,False
4,170.0,0,0.21,54,1342.67,0.01,0.02,0.74,0.03,Mar,2,2,1,3,Returning_Visitor,False,True
0,0.0,0,0.46,71,66.64,0.2,0.12,0.09,0.03,Oct,2,4,1,2,Returning_Visitor,False,False
3,23.33,0,0.0,62,1321.63,0.01,0.01,5.85,0.03,Feb,2,2,7,1,Returning_Visitor,False,False
0,0.0,0,1.5,36,24.0,0.17,0.06,1.01,0.03,May,2,2,1,3,Returning_Visitor,False,False
3,52.2,0,1.04,63,1253.37,0.01,0.01,49.13,0.03,May,2,2,1,2,Returning_Visitor,False,False
2,21.85,0,0.0,14,446.83,0.01,0.01,4.07,0.03,Mar,1,1,1,4,New_Visitor,False,False
7,77.5,0,0.0,38,1269.69,0.01,0.01,1.24,0.0,Mar,2,2,1,1,Returning_Visitor,False,False
2,7.05,0,1.59,2,806.82,0.04,0.09,1.14,0.03,May,2,2,1,3,Returning_Visitor,False,False
1,22.0,0,0.0,9,691.99,0.03,0.03,1.5,0.0,Mar,3,2,1,2,Returning_Visitor,False,False
1,0.0,0,1.17,13,787.75,0.03,0.03,0.37,0.0,May,2,2,1,1,Returning_Visitor,False,False
4,56.67,0,1.21,21,797.3,0.0,0.03,0.0,0.0,May,1,1,3,2,Returning_Visitor,False,False
0,3.25,0,1.48,73,0.0,0.2,0.14,0.0,0.6,Nov,3,2,1,3,Returning_Visitor,False,False
2,32.0,0,0.91,16,230.1,0.0,0.01,0.0,0.0,May,2,2,2,2,Returning_Visitor,True,False
5,148.5,1,25.5,36,1080.2,0.0,0.03,12.47,0.03,Mar,1,1,1,2,Returning_Visitor,False,False
0,0.0,0,1.11,7,384.5,0.0,0.02,0.0,0.03,May,2,2,1,2,Returning_Visitor,False,False
0,0.0,0,0.0,8,1251.04,0.03,0.01,3.45,0.0,Nov,2,2,9,20,Returning_Visitor,False,False
5,29.0,0,0.0,4,64.95,0.0,0.03,0.0,0.03,Mar,4,2,1,3,New_Visitor,True,False
0,6.22,0,0.0,18,1363.44,0.05,0.02,0.0,0.03,Mar,2,2,1,1,Returning_Visitor,False,False
0,12.88,0,1.75,16,67.69,0.0,0.14,0.53,0.2,Mar,2,2,3,2,Returning_Visitor,False,False
1,21.25,0,0.0,60,3060.06,0.02,0.04,0.0,0.0,Nov,3,2,1,3,Returning_Visitor,False,False
1,60.7,0,0.0,57,1219.81,0.01,0.02,13.55,0.03,Mar,2,2,3,3,Returning_Visitor,False,False
3,25.19,0,0.0,56,517.5,0.03,0.02,0.0,0.03,Nov,1,1,2,4,Returning_Visitor,False,False
3,41.74,0,0.0,4,68.0,0.0,0.05,2.84,0.03,Nov,2,2,1,6,Returning_Visitor,False,False
3,21.19,0,0.69,25,1308.79,0.01,0.04,0.0,0.0,Mar,2,4,1,3,Returning_Visitor,False,False
0,1.68,0,0.0,16,1275.78,0.01,0.02,0.0,0.03,May,2,2,2,2,Returning_Visitor,False,False
3,88.26,0,2.25,152,5589.48,0.0,0.02,1.59,0.0,Nov,2,2,1,2,Returning_Visitor,False,False
5,350.02,0,3.46,55,3057.05,0.01,0.02,0.0,0.0,Dec,2,2,1,2,Returning_Visitor,False,False
3,100.33,0,0.0,60,1684.5,0.01,0.01,25.85,0.0,Nov,2,2,1,3,Returning_Visitor,False,False
3,26.23,0,1.75,68,293.5,0.0,0.02,0.0,0.4,May,2,2,1,5,Returning_Visitor,False,False
3,922.75,0,1.53,56,1519.06,0.01,0.02,0.0,0.03,Nov,2,2,1,2,Returning_Visitor,False,False
0,0.0,0,1.4,5,1255.11,0.0,0.03,1.01,0.03,Mar,2,2,1,3,Returning_Visitor,False,False
2,366.52,2,144.2,62,1200.3,0.01,0.02,5.59,0.0,Nov,2,5,1,1,Returning_Visitor,False,False
8,17.54,0,32.0,53,9694.26,0.0,0.03,11.2,0.0,Nov,2,2,1,1,Returning_Visitor,False,False
2,34.0,0,0.0,28,358.0,0.01,0.02,0.0,0.0,Mar,2,2,1,2,Returning_Visitor,False,False
1,15.53,0,0.0,40,1459.38,0.03,0.09,0.77,0.03,May,2,2,1,3,Returning_Visitor,False,False
3,267.0,0,1.64,8,1232.14,0.05,0.05,0.14,0.0,Nov,3,2,1,3,Returning_Visitor,False,False
0,6.04,0,0.39,12,1029.98,0.01,0.02,1.35,0.03,Mar,2,2,1,3,Returning_Visitor,False,False
3,47.4,0,0.0,70,1261.8,0.01,0.07,0.19,1.0,Nov,2,2,3,4,Returning_Visitor,False,False
7,20.24,1,1.53,55,1035.79,0.01,0.01,1.35,0.03,June,2,2,3,3,Returning_Visitor,False,False
0,1.75,0,1.38,53,71.6,0.2,0.14,0.76,1.0,Mar,3,2,7,2,Returning_Visitor,True,False
0,14.96,0,0.34,62,1231.09,0.01,0.04,0.93,0.0,Dec,2,2,6,2,Returning_Visitor,False,False
2,108.8,0,0.99,15,542.0,0.01,0.02,0.68,0.03,Mar,2,2,1,3,Returning_Visitor,False,False
2,0.0,0,0.0,32,1191.67,0.01,0.03,0.49,0.0,Nov,4,2,1,2,Returning_Visitor,False,False
2,58.4,0,1.38,5,1395.92,0.0,0.03,0.0,0.0,Mar,3,2,3,3,Returning_Visitor,False,True
3,41.65,0,1.27,10,714.29,0.01,0.01,6.6,0.0,Mar,2,2,1,2,New_Visitor,False,True
3,27.45,0,1.45,71,658.31,0.0,0.02,0.92,0.03,Nov,1,1,3,1,Returning_Visitor,False,False
3,22.98,0,1.47,30,1116.49,0.01,0.03,2.9,0.0,Nov,2,2,2,2,Returning_Visitor,False,False
3,41.5,0,1.57,65,1054.99,0.01,0.04,5.01,0.0,Nov,2,1,1,3,Returning_Visitor,False,False
3,52.6,0,1.08,64,1273.25,0.01,0.01,43.9,0.03,Nov,2,2,1,2,Returning_Visitor,False,True
2,145.88,0,1.4,63,1181.19,0.02,0.03,7.48,0.0,Jul,1,2,1,1,Returning_Visitor,False,False
2,24.01,0,0.93,20,298.5,0.0,0.02,0.78,0.03,Mar,2,4,3,1,Returning_Visitor,False,False
3,56.25,1,32.38,15,1401.08,0.01,0.02,1.21,0.03,Dec,2,2,1,2,Returning_Visitor,False,False
0,28.17,0,0.0,67,141.37,0.01,0.02,1.16,0.0,Mar,2,2,4,1,Returning_Visitor,False,False
4,91.22,0,1.82,60,804.35,0.01,0.02,0.0,0.03,Nov,2,2,1,1,New_Visitor,False,False
0,3.77,0,0.0,15,1241.86,0.02,0.02,2.12,0.0,Mar,2,2,1,11,Returning_Visitor,False,False
2,0.0,0,0.98,57,1011.31,0.01,0.03,0.6,0.03,May,3,2,4,2,Returning_Visitor,True,False
2,36.92,0,1.17,62,1854.26,0.01,0.03,2.85,0.0,Jul,2,2,1,1,Returning_Visitor,False,False
3,40.83,0,0.0,48,1448.74,0.19,0.14,0.51,0.0,May,3,2,2,3,Returning_Visitor,True,False
0,0.0,0,0.3,17,173.25,0.01,0.02,0.0,0.03,May,2,2,2,2,Returning_Visitor,False,False
1,30.22,0,0.0,43,1015.6,0.03,0.04,0.67,0.0,Mar,3,2,3,2,Returning_Visitor,False,False
0,0.0,0,0.41,38,1428.83,0.01,0.05,2.83,0.0,Nov,2,2,1,2,Returning_Visitor,False,False
3,49.02,0,0.0,27,1289.96,0.01,0.01,11.99,0.03,May,2,2,1,2,Returning_Visitor,False,False
2,96.6,0,1.78,65,1260.54,0.01,0.01,6.54,0.03,Nov,2,2,1,2,Returning_Visitor,False,False
1,56.37,0,1.58,61,1149.35,0.01,0.04,3.94,0.03,Mar,1,2,6,3,New_Visitor,True,False
0,6.6,0,0.0,39,107.33,0.03,0.1,0.77,0.0,Nov,2,2,4,2,Returning_Visitor,False,False
3,63.0,0,0.0,2,88.35,0.0,0.02,2.29,0.0,Oct,2,1,1,2,New_Visitor,False,False
0,6.76,0,1.25,75,44.0,0.0,0.03,5.2,0.03,May,2,2,1,1,Returning_Visitor,False,False
2,33.0,0,0.0,2,94.3,0.01,0.01,0.0,0.0,May,2,2,1,3,New_Visitor,False,False
2,32.84,0,0.09,59,1100.47,0.01,0.01,58.04,0.0,Nov,2,2,4,2,Returning_Visitor,False,True
0,20.02,0,0.0,5,1227.12,0.0,0.04,0.0,0.0,May,1,1,6,3,Returning_Visitor,False,False
3,40.35,0,0.99,13,665.83,0.01,0.06,0.0,0.03,Nov,2,2,1,3,Returning_Visitor,False,False
0,29.02,0,0.0,16,1102.79,0.05,0.13,1.51,0.03,May,2,2,1,3,Returning_Visitor,False,False
0,0.0,0,2.42,46,1220.1,0.01,0.02,0.36,0.03,May,2,10,9,2,Returning_Visitor,False,False
3,19.0,0,106.0,17,475.67,0.0,0.03,0.0,0.03,Nov,1,2,3,2,Returning_Visitor,False,False
2,0.0,0,0.0,54,445.58,0.01,0.02,1.99,0.03,Mar,2,4,1,1,Returning_Visitor,False,False
2,30.97,0,0.0,44,1387.76,0.05,0.09,1.17,0.03,May,3,2,1,13,Returning_Visitor,False,False
7,48.31,2,13.0,59,991.43,0.01,0.01,3.21,0.03,May,2,2,3,4,Returning_Visitor,False,False
1,4.8,0,0.0,1,0.0,0.17,0.09,0.86,0.0,Nov,1,2,1,3,Returning_Visitor,True,False
5,137.89,0,0.0,54,1131.06,0.0,0.01,1.78,0.03,Dec,2,2,4,2,Returning_Visitor,False,False
2,1.83,0,3.27,62,1152.83,0.03,0.03,0.12,1.0,May,3,2,1,2,Returning_Visitor,True,False
3,51.0,0,0.0,44,1208.69,0.01,0.01,38.81,0.03,May,2,2,1,2,Returning_Visitor,False,True
0,1.54,0,2.44,47,534.58,0.01,0.02,0.0,0.43,May,2,4,1,1,Returning_Visitor,True,False
3,60.0,2,9.13,23,1031.7,0.01,0.03,33.15,0.0,Mar,4,2,9,10,Returning_Visitor,True,True
3,41.33,0,0.0,10,1199.23,0.0,0.02,1.03,0.03,Mar,2,2,1,3,Returning_Visitor,False,False
0,43.25,0,0.0,77,1208.09,0.1,0.09,0.0,0.0,Mar,3,2,1,2,Returning_Visitor,False,False
4,56.5,2,52.2,65,1210.38,0.01,0.04,2.23,0.03,Nov,2,2,1,2,Returning_Visitor,True,False
0,0.0,0,1.58,1,0.0,0.2,0.2,0.63,0.03,Nov,1,1,1,2,New_Visitor,False,False
0,7.5,0,1.41,64,0.0,0.2,0.14,0.11,0.0,May,2,2,1,3,Returning_Visitor,False,False
3,130.3,2,5.0,74,1318.21,0.0,0.02,8.17,0.03,Aug,2,2,9,13,Returning_Visitor,False,False
22,474.48,0,1.61,65,1188.27,0.01,0.02,4.33,0.0,Nov,3,2,1,13,Returning_Visitor,False,True
3,5.0,0,0.0,32,271.0,0.02,0.0,0.0,0.03,Mar,1,1,1,2,New_Visitor,True,False
3,12.0,0,0.0,63,1187.54,0.0,0.01,0.78,0.0,May,2,2,7,1,Returning_Visitor,False,False
0,10.46,0,0.0,27,69.5,0.19,0.13,0.0,0.0,Nov,3,2,1,3,Returning_Visitor,False,False
1,56.49,0,0.0,32,1200.41,0.0,0.02,8.56,0.0,Dec,2,2,3,1,New_Visitor,False,True
3,19.72,1,1.68,65,1252.56,0.01,0.02,1.1,0.0,Nov,2,2,1,2,Returning_Visitor,True,False
1,9.0,0,0.0,59,1597.11,0.01,0.01,14.66,0.03,Nov,2,2,1,2,Returning_Visitor,False,True
3,100.94,1,3.73,35,1224.8,0.01,0.02,22.22,0.0,Nov,2,2,7,3,Returning_Visitor,False,True
1,55.33,0,0.0,63,1079.01,0.01,0.04,0.0,0.03,Nov,2,2,7,2,New_Visitor,False,False
0,4.57,0,1.39,22,70.82,0.2,0.2,0.28,0.0,Oct,2,2,1,3,Returning_Visitor,False,False
3,113.06,0,0.0,97,1331.2,0.01,0.03,11.98,0.03,Aug,1,1,1,4,Returning_Visitor,False,False
3,30.01,0,0.0,61,3287.0,0.01,0.02,0.0,0.0,Nov,2,2,3,3,Returning_Visitor,False,False
3,331.47,0,47.0,13,1176.34,0.01,0.02,0.0,0.0,Mar,1,1,1,3,Returning_Visitor,False,False
1,65.0,0,1.27,55,386.26,0.0,0.03,2.2,0.0,Nov,2,2,9,2,Returning_Visitor,False,False
3,54.33,0,0.0,22,169.5,0.01,0.03,0.24,0.0,Mar,2,1,1,4,New_Visitor,False,False
3,52.74,0,5.55,25,1277.28,0.01,0.01,2.42,0.0,Mar,2,2,1,2,New_Visitor,False,True
0,0.0,0,0.11,12,1235.93,0.0,0.03,0.63,0.03,Nov,1,1,6,3,Returning_Visitor,False,False
3,10.81,0,0.0,63,34.0,0.01,0.02,0.0,0.03,Mar,2,2,9,3,New_Visitor,False,False
0,14.74,0,0.0,49,1293.18,0.0,0.03,0.0,0.03,Dec,2,1,3,10,Returning_Visitor,False,False
3,143.0,2,29.0,58,1193.85,0.01,0.03,0.0,0.03,Mar,2,2,4,2,Returning_Visitor,False,False
2,166.0,0,55.0,10,1968.25,0.02,0.03,0.0,0.0,May,1,1,3,3,Returning_Visitor,True,False
0,20.0,0,0.0,4,74.88,0.03,0.12,0.0,0.07,Jul,2,2,6,1,Returning_Visitor,False,False
2,50.5,0,2.55,32,1299.51,0.01,0.02,0.57,0.03,Nov,2,2,1,2,Returning_Visitor,False,False
2,0.0,0,1.81,56,273.71,0.02,0.02,0.22,0.04,May,3,2,4,2,Returning_Visitor,False,True
2,8.44,0,0.0,19,79.56,0.01,0.14,0.0,0.0,May,2,10,5,3,Returning_Visitor,False,False
0,6.3,0,1.37,4,869.59,0.0,0.03,0.0,0.03,May,2,2,3,3,Returning_Visitor,False,False
6,132.02,3,79.7,54,1077.34,0.0,0.01,0.0,0.03,Nov,1,2,1,2,Returning_Visitor,False,False
3,3.87,0,0.87,26,1224.87,0.0,0.02,0.0,0.03,Nov,1,1,1,2,Returning_Visitor,True,False
0,10.88,0,2.35,10,82.02,0.19,0.2,0.27,0.03,Nov,2,2,1,1,Returning_Visitor,False,False
0,0.0,0,0.0,56,1121.09,0.01,0.03,0.0,0.0,Mar,2,6,1,2,Returning_Visitor,False,False
2,17.6,0,1.29,13,635.33,0.0,0.01,0.0,0.0,Mar,2,2,1,3,Returning_Visitor,False,False
0,0.0,0,0.0,48,987.1,0.2,0.05,0.23,0.0,Mar,2,2,6,3,Returning_Visitor,False,False
1,9.34,0,1.47,70,1195.47,0.02,0.04,0.0,0.2,May,2,2,1,3,Returning_Visitor,False,False
2,28.0,0,0.0,64,1359.58,0.01,0.02,0.0,0.03,Nov,2,2,1,2,New_Visitor,False,True
0,7.48,0,0.0,59,1217.19,0.0,0.02,0.0,0.03,Nov,2,2,1,1,Returning_Visitor,False,False
2,176.53,0,120.67,57,1361.12,0.02,0.03,2.28,0.6,Nov,3,2,1,2,Returning_Visitor,False,False
4,102.08,0,0.0,21,1336.64,0.0,0.03,0.0,0.0,Dec,1,1,1,2,Returning_Visitor,False,False
0,0.0,0,0.83,54,1161.09,0.0,0.02,5.0,0.0,Dec,3,2,1,1,Returning_Visitor,True,False
13,311.83,4,41.37,57,1243.83,0.0,0.02,4.12,0.03,Mar,1,2,4,2,Returning_Visitor,False,False
2,44.02,0,0.0,4,162.53,0.01,0.0,1.12,0.0,Aug,4,2,1,2,Returning_Visitor,False,True
0,9.46,0,0.0,10,1556.57,0.02,0.05,0.0,0.03,Mar,2,2,1,1,Returning_Visitor,False,False
0,21.21,0,0.0,3,0.0,0.01,0.15,0.0,0.0,Mar,2,2,4,3,Returning_Visitor,False,False
2,11.59,0,1.23,16,737.17,0.04,0.02,0.0,0.03,Nov,3,2,3,2,Returning_Visitor,False,False
0,17.92,0,0.0,7,780.19,0.05,0.07,0.96,0.03,Mar,2,2,1,3,Returning_Visitor,False,False
0,6.54,0,0.0,48,1449.75,0.19,0.15,0.11,0.03,Dec,2,2,1,13,Returning_Visitor,False,False
3,40.71,0,0.0,65,822.65,0.02,0.02,10.73,1.0,May,2,1,3,4,Returning_Visitor,True,False
0,6.29,0,1.15,27,1237.52,0.01,0.02,2.3,0.03,Mar,2,2,7,2,Returning_Visitor,False,False
0,15.84,0,1.75,62,109.0,0.0,0.02,0.0,0.03,Nov,1,1,1,1,Returning_Visitor,False,False
2,26.72,0,0.0,56,1580.17,0.02,0.02,0.0,0.8,Mar,2,2,1,2,Returning_Visitor,False,False
3,53.4,0,0.88,26,1205.21,0.01,0.02,0.0,0.03,Oct,2,2,3,3,Returning_Visitor,False,False
2,49.2,0,0.0,58,906.65,0.0,0.02,3.17,0.03,Jul,1,2,3,4,Returning_Visitor,False,False
0,4.48,0,0.88,18,636.5,0.01,0.02,0.0,0.03,Mar,2,2,1,2,Returning_Visitor,False,False
0,0.0,0,1.0,21,1148.5,0.01,0.02,0.0,0.03,May,2,2,1,3,Returning_Visitor,True,False
1,24.92,1,7.67,47,3561.14,0.01,0.03,0.72,0.0,Mar,2,2,1,13,Returning_Visitor,False,True
3,117.0,0,0.0,98,1098.27,0.02,0.03,0.0,0.03,Nov,2,5,9,3,Returning_Visitor,False,False
2,23.0,0,2.27,61,1190.6,0.01,0.02,0.24,0.03,Mar,2,2,1,8,New_Visitor,False,False
6,48.84,0,1.26,56,1310.57,0.01,0.01,1.31,0.03,May,3,2,4,2,Returning_Visitor,False,True
1,61.64,1,0.0,59,1048.24,0.01,0.01,1.15,0.03,Dec,3,2,1,2,Returning_Visitor,False,False
0,50.11,0,1.12,68,1228.48,0.01,0.03,3.31,0.03,Dec,1,2,7,2,New_Visitor,False,True
0,0.0,0,0.87,41,66.5,0.01,0.03,2.21,0.03,Dec,2,2,1,10,Returning_Visitor,False,False
0,1.63,0,0.0,55,1207.5,0.0,0.02,1.31,0.03,Nov,2,2,1,2,Returning_Visitor,False,False
3,34.1,0,1.57,62,1583.22,0.01,0.02,0.0,0.03,May,2,2,1,6,Returning_Visitor,False,False
2,9.5,0,0.0,18,1045.3,0.04,0.03,0.5,0.03,Nov,2,2,2,2,Returning_Visitor,False,False
0,12.01,0,1.27,21,1277.33,0.07,0.04,0.0,0.0,Nov,2,2,3,2,Returning_Visitor,False,False
1,4.0,0,0.0,60,877.67,0.01,0.01,0.0,0.0,Nov,2,2,1,2,New_Visitor,False,False
6,76.31,0,0.98,63,736.55,0.01,0.02,2.12,0.03,Mar,2,4,1,2,Returning_Visitor,False,False
0,23.27,0,0.97,64,128.33,0.0,0.06,0.0,0.03,May,4,1,3,3,Returning_Visitor,False,False
9,214.89,0,0.0,52,2682.0,0.0,0.02,4.2,0.03,Nov,2,1,1,2,Returning_Visitor,False,False
3,49.65,1,18.05,55,1286.09,0.0,0.02,12.6,0.03,May,2,2,1,4,Returning_Visitor,True,True
1,5.15,0,0.86,65,53.0,0.0,0.08,0.0,0.03,Mar,2,2,3,3,Returning_Visitor,False,False
5,44.17,0,1.02,16,467.92,0.02,0.02,1.65,0.03,Mar,2,2,4,2,Returning_Visitor,False,False
3,40.95,0,1.22,58,140.0,0.0,0.03,1.16,0.03,May,2,2,1,6,Returning_Visitor,False,False
0,2.48,0,0.0,59,1032.48,0.01,0.02,3.07,0.03,Nov,1,1,1,2,Returning_Visitor,True,False
0,12.0,0,5.26,10,0.0,0.19,0.2,0.07,0.03,May,1,1,1,2,Returning_Visitor,False,False
9,347.31,0,2.24,87,5654.59,0.0,0.02,0.73,0.0,Nov,2,2,1,2,Returning_Visitor,False,True
1,48.15,0,0.0,24,1231.85,0.06,0.09,1.36,0.03,May,3,2,1,1,Returning_Visitor,False,False
1,2.0,0,2.02,23,1206.7,0.02,0.02,0.0,0.03,Mar,3,2,2,2,Returning_Visitor,False,False
0,18.63,0,0.0,26,587.9,0.01,0.02,0.59,0.03,May,2,2,5,3,Returning_Visitor,False,False
0,3.91,0,1.32,60,1228.12,0.0,0.02,0.0,0.8,Nov,2,2,1,1,Returning_Visitor,False,False
0,20.75,3,1.9,66,1835.56,0.02,0.03,0.0,0.03,Mar,1,1,1,3,Returning_Visitor,False,False
0,0.0,0,1.55,1,0.0,0.2,0.2,0.14,0.6,Nov,3,2,3,2,Returning_Visitor,False,False
0,28.22,0,0.96,5,28.0,0.12,0.15,1.65,0.4,Mar,3,2,4,3,Returning_Visitor,False,False
7,103.49,0,0.0,20,1186.07,0.01,0.02,2.12,0.0,Dec,3,2,1,3,Returning_Visitor,True,False
2,0.0,0,2.16,36,210.0,0.01,0.04,0.75,0.03,May,2,2,1,2,Returning_Visitor,False,False
2,6.73,0,0.0,81,223.0,0.01,0.04,0.31,0.03,Mar,2,2,1,2,Returning_Visitor,False,False
3,40.0,0,0.0,19,1375.56,0.01,0.03,2.05,0.6,Nov,1,1,1,3,Returning_Visitor,False,True
0,6.1,0,0.39,7,261.5,0.01,0.01,0.0,0.0,June,2,2,4,3,Returning_Visitor,False,False
3,79.5,2,31.5,72,5536.43,0.0,0.03,0.28,0.0,Nov,2,2,3,2,Returning_Visitor,False,False
0,0.0,0,0.0,55,1094.09,0.0,0.02,2.36,0.03,Nov,2,1,1,2,Returning_Visitor,False,False
0,0.0,0,1.22,77,402.7,0.02,0.05,0.0,0.0,Nov,4,2,1,2,Returning_Visitor,False,False
5,297.45,3,58.3,56,1919.25,0.01,0.02,13.67,0.03,Mar,1,2,8,2,Returning_Visitor,True,False
2,0.0,0,3.68,5,1177.46,0.01,0.02,0.0,0.0,May,2,4,1,2,Returning_Visitor,False,False
1,8.67,0,1.57,16,0.0,0.19,0.14,0.47,0.03,Dec,2,2,2,2,Returning_Visitor,False,False
0,0.0,0,0.0,1,64.13,0.19,0.13,0.16,0.03,May,1,1,1,3,Returning_Visitor,False,False
1,0.0,0,0.79,11,458.5,0.0,0.02,0.0,0.03,Mar,1,1,1,4,Returning_Visitor,True,False
1,0.0,0,1.36,11,66.74,0.2,0.02,1.08,0.03,Nov,3,2,2,2,Returning_Visitor,True,False
0,36.18,0,0.0,47,1336.93,0.01,0.02,1.44,0.0,June,2,1,1,2,Returning_Visitor,False,False
11,250.25,0,1.15,169,1148.36,0.0,0.02,8.17,0.03,Nov,2,1,1,2,Returning_Visitor,False,False
0,10.67,0,1.34,2,79.24,0.0,0.1,0.07,0.03,Mar,1,2,1,1,Returning_Visitor,False,False
3,43.75,0,0.0,63,5208.65,0.0,0.02,1.23,0.03,Nov,2,2,1,6,Returning_Visitor,False,False
17,180.13,0,3.22,74,6512.01,0.01,0.01,0.0,0.03,Nov,2,2,1,2,Returning_Visitor,False,False
8,24.58,0,1.56,8,1209.26,0.01,0.03,0.33,0.03,May,1,1,5,2,Returning_Visitor,False,False
3,23.4,0,1.16,14,197.5,0.01,0.02,0.76,0.03,Mar,2,2,1,3,Returning_Visitor,False,False
6,49.14,0,1.7,19,1119.72,0.01,0.02,0.0,0.0,May,1,1,1,2,Returning_Visitor,False,False
4,163.38,0,0.87,46,1262.55,0.0,0.02,6.38,0.03,Nov,2,2,9,2,Returning_Visitor,False,False
6,312.92,0,1.1,60,1797.44,0.01,0.01,0.11,0.0,Nov,2,2,3,1,Returning_Visitor,False,False
1,14.9,0,0.87,15,465.5,0.01,0.06,3.78,0.03,Mar,2,2,1,3,Returning_Visitor,False,False
3,8.51,0,0.0,61,688.17,0.01,0.02,0.0,0.0,Nov,2,1,1,3,Returning_Visitor,False,False
1,0.0,0,1.79,63,494.42,0.05,0.12,1.29,0.03,May,2,2,1,13,Returning_Visitor,False,False
2,4.0,0,0.0,66,1212.54,0.03,0.03,0.42,0.4,Mar,3,2,6,2,Returning_Visitor,True,True
0,28.9,0,2.3,67,1089.21,0.0,0.02,0.46,0.03,Dec,4,2,1,2,Returning_Visitor,False,False
0,14.56,0,0.0,12,0.0,0.2,0.12,0.0,0.03,Mar,1,1,1,2,Returning_Visitor,False,False
3,29.69,0,0.0,4,117.0,0.01,0.02,3.14,0.0,Mar,2,2,6,2,New_Visitor,False,False
0,7.67,0,1.11,1,417.57,0.02,0.2,0.0,0.6,Feb,2,2,1,1,Returning_Visitor,False,False
2,46.5,0,1.27,67,1209.27,0.0,0.02,13.41,0.0,Mar,2,2,7,2,Returning_Visitor,False,False
4,132.44,0,0.84,40,1298.06,0.0,0.02,12.62,0.03,May,2,2,4,2,Returning_Visitor,False,False
2,39.38,0,0.34,49,1253.49,0.0,0.01,17.4,0.03,Mar,2,2,1,3,Returning_Visitor,False,False
0,0.0,0,0.0,46,1192.31,0.01,0.02,0.0,0.03,Mar,2,4,3,2,Returning_Visitor,False,False
0,6.11,0,0.92,6,775.11,0.02,0.02,0.0,0.03,Nov,2,4,3,6,Returning_Visitor,False,False
10,350.43,0,1.11,237,5820.02,0.01,0.01,0.16,0.0,Nov,2,2,1,2,Returning_Visitor,False,False
2,36.13,0,1.37,15,1241.35,0.0,0.02,0.0,0.8,Nov,2,1,1,3,Returning_Visitor,False,False
0,0.0,0,50.5,52,4379.86,0.01,0.02,0.0,0.03,Nov,2,2,1,2,Returning_Visitor,False,False
0,0.0,0,1.33,80,89.5,0.06,0.16,0.0,0.05,Nov,3,2,1,2,Returning_Visitor,False,False
2,46.7,0,1.26,64,1178.82,0.01,0.01,14.72,0.03,Mar,2,2,1,2,Returning_Visitor,False,True
0,0.0,0,0.53,55,1205.17,0.01,0.02,1.59,0.03,Nov,2,2,1,2,Returning_Visitor,False,False
2,18.85,0,0.86,56,789.96,0.0,0.03,0.0,0.0,Mar,2,2,7,1,Returning_Visitor,False,False
3,0.0,0,1.11,70,482.5,0.01,0.03,0.51,0.0,Nov,2,2,1,1,Returning_Visitor,False,False
1,27.77,0,1.38,73,1309.78,0.01,0.03,0.0,0.03,Nov,3,2,1,7,Returning_Visitor,False,False
0,0.0,0,0.0,2,91.81,0.14,0.03,0.35,0.0,Nov,2,2,3,2,Returning_Visitor,True,False
0,27.05,0,0.0,58,0.0,0.13,0.11,0.81,0.0,Jul,2,1,3,4,Returning_Visitor,False,False
0,0.0,0,2.01,39,1371.77,0.05,0.05,0.0,0.0,Mar,3,2,1,1,Returning_Visitor,False,False
3,0.0,0,0.71,20,355.0,0.01,0.02,0.0,0.03,Nov,2,2,1,2,Returning_Visitor,False,False
3,69.1,0,0.0,69,1243.87,0.01,0.02,0.0,0.03,Nov,2,2,3,2,Returning_Visitor,False,False
2,25.13,0,0.0,57,1605.88,0.03,0.02,54.1,0.03,Nov,2,2,1,20,Returning_Visitor,False,True
1,7.28,0,0.0,9,113.0,0.05,0.09,2.78,0.03,Mar,2,2,3,2,Returning_Visitor,False,False
1,11.0,0,1.04,19,1158.49,0.0,0.02,1.4,0.03,May,2,10,3,3,Returning_Visitor,False,False
0,0.0,0,1.26,14,244.75,0.01,0.02,0.0,0.0,Mar,2,2,1,3,Returning_Visitor,False,False
2,134.71,2,127.0,45,1280.25,0.01,0.03,4.3,0.0,Mar,2,2,1,2,Returning_Visitor,False,False
3,52.5,0,0.0,13,1208.61,0.0,0.01,4.3,0.03,Nov,2,2,1,2,Returning_Visitor,False,False
3,15.67,0,0.91,54,1031.48,0.01,0.03,1.85,0.03,Nov,2,2,1,8,Returning_Visitor,True,False
3,406.42,0,1.72,15,352.42,0.03,0.06,0.89,0.03,Nov,3,2,3,2,Returning_Visitor,False,False
1,0.0,0,0.0,4,136.04,0.0,0.04,0.0,0.03,Nov,1,1,1,3,Returning_Visitor,False,False
0,9.29,0,0.0,7,86.36,0.04,0.05,0.69,0.0,Aug,3,2,1,3,Returning_Visitor,False,False
3,30.0,0,0.0,59,518.0,0.0,0.02,0.0,0.03,Nov,2,2,1,3,Returning_Visitor,False,False
3,39.0,0,0.77,42,4.0,0.03,0.02,0.56,0.03,Mar,2,2,1,3,Returning_Visitor,False,False
5,75.66,0,0.0,42,35.93,0.0,0.02,0.0,0.0,Oct,2,5,1,2,Returning_Visitor,False,False
0,3.57,0,1.21,30,1224.01,0.01,0.01,0.0,0.03,Mar,2,2,3,3,Returning_Visitor,False,False
3,3.28,0,0.0,25,4741.61,0.0,0.01,1.5,0.03,Nov,2,4,1,1,Returning_Visitor,False,False
2,15.93,0,0.0,49,1131.86,0.01,0.02,0.77,0.03,June,2,2,4,2,Returning_Visitor,False,False
5,47.01,0,0.0,63,26.0,0.01,0.02,5.47,0.0,Nov,2,2,1,2,Returning_Visitor,False,True
0,1.6,0,0.92,97,136.0,0.01,0.15,2.6,0.8,May,2,2,7,3,Returning_Visitor,False,False
3,21.92,0,0.0,55,1054.92,0.0,0.01,1.17,0.0,Dec,2,2,4,3,Returning_Visitor,False,False
2,33.53,0,1.15,58,1049.31,0.03,0.02,3.24,0.0,Nov,2,2,1,2,Returning_Visitor,False,False
0,0.0,0,0.0,12,65.5,0.05,0.14,0.0,0.03,Mar,3,2,3,3,Returning_Visitor,False,False
10,198.4,1,4.73,63,607.98,0.01,0.02,16.4,0.03,May,2,2,4,2,Returning_Visitor,False,False
1,73.02,0,1.1,28,769.5,0.02,0.03,19.38,0.0,May,2,2,1,6,Returning_Visitor,False,False
0,33.59,0,1.2,38,109.9,0.05,0.04,0.49,0.03,Mar,3,2,1,1,Returning_Visitor,False,False
3,48.24,0,0.0,67,7190.55,0.01,0.01,39.29,0.03,Nov,2,2,1,2,Returning_Visitor,False,True
3,0.0,0,0.0,17,1269.95,0.02,0.02,2.16,0.0,Nov,2,2,1,20,Returning_Visitor,True,False
4,46.72,0,1.05,62,2032.4,0.01,0.02,0.32,0.03,Sep,3,2,4,3,Returning_Visitor,False,False
3,0.0,0,1.34,26,760.02,0.0,0.03,1.61,0.0,May,2,2,1,4,Returning_Visitor,False,False
6,96.86,0,1.4,43,672.55,0.0,0.02,27.53,0.03,Mar,2,2,1,2,Returning_Visitor,False,True
0,10.66,0,1.55,45,0.0,0.2,0.14,0.2,0.0,May,2,2,3,2,Returning_Visitor,False,False
0,5.93,0,1.67,24,90.92,0.18,0.1,0.0,0.0,Nov,3,2,1,3,Returning_Visitor,False,False
0,0.0,0,0.0,13,350.83,0.02,0.02,0.56,0.04,Nov,3,2,1,2,Returning_Visitor,False,False
3,47.0,0,0.0,60,1282.68,0.01,0.01,39.06,0.03,Nov,2,2,1,2,Returning_Visitor,False,False
12,25.4,0,1.98,64,1283.05,0.02,0.04,12.07,0.03,Mar,2,1,3,2,Returning_Visitor,False,False
2,0.0,0,0.0,78,849.57,0.01,0.03,0.08,0.0,Mar,2,2,4,2,Returning_Visitor,False,False
2,0.0,1,42.0,20,1153.07,0.01,0.0,33.48,0.03,Mar,2,4,1,2,Returning_Visitor,False,True
3,8.72,0,1.07,22,111.75,0.02,0.06,0.0,0.03,Mar,2,2,1,2,Returning_Visitor,False,False
3,42.54,0,1.59,86,1846.67,0.01,0.02,1.86,0.03,Aug,2,2,1,3,Returning_Visitor,False,False
5,57.33,3,66.46,59,6942.78,0.01,0.03,5.06,0.0,Dec,2,2,1,2,Returning_Visitor,False,False
3,20.1,0,24.76,81,1130.22,0.01,0.02,0.0,0.03,Oct,1,1,3,2,Returning_Visitor,True,False
0,0.0,0,1.22,16,481.83,0.01,0.02,59.43,0.0,Nov,2,2,1,2,New_Visitor,False,True
3,5.61,0,1.75,63,372.38,0.03,0.06,0.66,0.08,Sep,2,4,1,2,Returning_Visitor,False,False
3,21.15,0,1.19,60,3277.0,0.01,0.02,0.0,0.03,Mar,2,2,1,3,Returning_Visitor,False,False
3,397.83,0,1.62,61,1215.29,0.02,0.02,0.0,0.03,May,2,2,1,6,Returning_Visitor,False,False
3,26.25,0,0.0,99,5331.48,0.01,0.01,0.0,0.03,Nov,2,2,3,2,Returning_Visitor,False,False
1,20.0,0,0.0,14,1266.22,0.0,0.01,3.03,0.03,Mar,2,2,1,3,Returning_Visitor,False,False
3,63.33,0,0.0,43,1216.28,0.0,0.0,27.31,0.0,Nov,2,2,1,2,Returning_Visitor,False,True
7,50.14,0,0.0,22,2364.65,0.01,0.02,0.0,0.03,Oct,2,2,1,2,Returning_Visitor,False,False
5,54.01,0,0.0,50,102.2,0.0,0.03,2.2,0.03,Mar,2,2,6,2,Returning_Visitor,False,True
2,31.51,0,4.58,57,1194.86,0.01,0.02,0.0,0.03,Feb,3,2,4,3,Returning_Visitor,False,False
3,83.0,0,0.71,47,47.0,0.0,0.03,2.61,0.0,Mar,2,2,1,3,Returning_Visitor,False,False
0,0.0,0,1.75,20,1363.43,0.02,0.04,0.0,0.0,Mar,2,2,1,1,Returning_Visitor,False,False
3,55.57,0,1.18,79,1363.96,0.01,0.04,0.0,0.0,Mar,3,2,3,3,Returning_Visitor,False,False
2,31.89,0,0.0,56,1330.56,0.01,0.0,1.29,0.0,Mar,2,2,1,2,Returning_Visitor,False,False
1,18.0,4,5.93,71,1201.16,0.0,0.02,13.38,0.03,Mar,1,1,1,2,New_Visitor,True,True
3,36.5,0,0.0,80,2762.77,0.02,0.01,17.69,0.0,Nov,2,2,1,2,Returning_Visitor,False,True
2,67.19,0,1.52,96,2511.97,0.01,0.02,0.0,0.03,Mar,2,2,1,2,Returning_Visitor,False,False
3,391.68,0,0.0,54,443.75,0.01,0.03,0.0,0.0,Aug,2,2,1,3,Returning_Visitor,False,False
6,54.13,2,1.9,6,1392.92,0.0,0.02,0.0,0.03,Mar,1,1,1,2,Returning_Visitor,False,False
1,0.0,0,0.0,6,78.67,0.04,0.03,0.0,0.0,Mar,2,2,1,3,Returning_Visitor,False,False
2,25.8,0,0.86,10,1272.17,0.01,0.02,0.0,0.0,May,2,2,1,2,Returning_Visitor,False,False
0,15.33,0,0.0,29,1251.2,0.0,0.01,1.89,0.0,Nov,4,1,1,3,Returning_Visitor,False,False
0,0.0,0,0.0,8,75.01,0.19,0.09,0.0,0.03,May,1,1,1,3,Returning_Visitor,False,False
3,28.34,0,182.17,134,5889.73,0.02,0.02,1.49,0.03,Nov,2,2,1,3,Returning_Visitor,False,False
2,69.13,0,2.83,27,1185.22,0.0,0.03,0.0,0.03,Nov,1,1,1,2,Returning_Visitor,True,False
0,0.0,0,0.0,14,1749.0,0.05,0.1,0.35,0.03,Dec,2,2,1,2,Returning_Visitor,False,False
3,169.57,0,0.0,32,1853.54,0.0,0.02,0.0,0.0,May,2,2,1,3,Returning_Visitor,False,False
1,107.0,1,10.5,61,1225.2,0.0,0.02,0.0,0.0,May,2,2,1,3,New_Visitor,False,False
0,0.0,0,0.0,49,1119.96,0.01,0.02,0.0,0.03,Mar,2,4,7,2,Returning_Visitor,False,False
0,5.72,0,0.0,24,348.03,0.04,0.11,0.83,0.0,Nov,1,2,1,3,Returning_Visitor,False,False
3,63.2,0,0.0,67,2317.29,0.01,0.03,0.06,0.03,Nov,2,2,3,2,Returning_Visitor,False,False
3,24.12,0,1.14,55,1128.47,0.05,0.06,2.05,0.0,Mar,2,2,1,1,Returning_Visitor,False,False
1,20.58,0,1.19,2,0.0,0.2,0.2,0.29,0.03,Mar,1,1,9,3,Returning_Visitor,False,False
0,15.74,0,0.0,16,355.34,0.0,0.02,0.0,0.03,Nov,1,2,6,2,Returning_Visitor,False,False
24,468.1,0,1.36,189,1170.54,0.02,0.04,5.7,0.03,Nov,2,2,1,3,Returning_Visitor,False,False
2,18.86,0,0.86,13,2123.5,0.01,0.03,2.83,0.0,Nov,2,2,1,3,Returning_Visitor,False,True
2,11.19,0,2.06,50,105.5,0.01,0.03,4.76,0.0,Dec,2,2,2,2,Returning_Visitor,False,False
1,37.63,0,0.0,59,243.78,0.05,0.14,0.81,0.0,Aug,2,2,1,2,Returning_Visitor,False,False
7,51.71,2,280.5,149,1140.17,0.01,0.02,11.38,0.03,Mar,2,2,1,2,Returning_Visitor,False,True
4,99.5,0,1.25,66,891.05,0.01,0.01,0.0,0.03,May,1,1,6,4,Returning_Visitor,False,False
3,82.35,0,3.25,54,1214.93,0.01,0.02,42.2,0.0,Nov,2,2,1,2,Returning_Visitor,False,True
0,0.0,0,0.0,15,1134.46,0.0,0.0,30.31,0.03,Mar,2,4,1,2,Returning_Visitor,False,True
0,0.0,0,0.46,13,1275.26,0.01,0.03,1.96,0.03,Mar,2,2,4,3,Returning_Visitor,False,False
2,26.65,0,1.14,82,1219.86,0.0,0.02,1.05,0.03,May,3,2,1,4,Returning_Visitor,False,False
3,59.5,0,0.0,55,3363.18,0.01,0.01,0.0,0.03,Nov,2,2,1,2,Returning_Visitor,False,False
0,5.39,0,1.43,21,75.76,0.18,0.2,0.0,0.0,May,2,2,1,3,Returning_Visitor,False,False
1,6.12,0,0.0,67,941.84,0.07,0.06,0.0,0.04,May,2,2,4,13,Returning_Visitor,False,False
0,5.01,0,1.72,63,1170.33,0.01,0.02,3.11,0.03,Nov,2,4,1,2,New_Visitor,False,False
0,6.36,0,0.0,60,1625.58,0.01,0.01,0.0,0.03,Nov,2,2,1,4,Returning_Visitor,False,False
2,20.5,0,0.0,21,1212.94,0.01,0.01,3.78,0.03,Mar,2,2,1,3,Returning_Visitor,False,False
2,0.0,2,17.09,59,2763.01,0.01,0.02,0.0,0.0,Nov,2,2,3,13,Returning_Visitor,False,False
5,86.0,0,0.0,23,1172.23,0.01,0.03,2.23,0.0,Mar,1,1,1,2,Returning_Visitor,True,False
3,41.82,0,0.0,13,85.3,0.01,0.04,0.46,0.0,Nov,1,1,1,1,Returning_Visitor,False,False
0,0.0,0,1.03,77,442.99,0.0,0.03,0.0,0.0,Mar,2,2,1,3,Returning_Visitor,False,False
0,23.54,0,1.79,7,1803.67,0.01,0.08,1.67,0.0,Nov,2,5,1,2,Returning_Visitor,True,False
1,72.0,0,0.0,73,343.0,0.0,0.02,2.7,0.03,May,2,2,6,1,Returning_Visitor,False,False
0,18.55,0,2.13,17,0.0,0.18,0.14,0.34,0.0,Nov,3,2,3,1,Returning_Visitor,False,False
0,0.0,0,0.0,1,64.55,0.01,0.02,1.3,0.0,Mar,1,1,3,2,Returning_Visitor,True,False
2,0.0,0,1.01,63,1537.42,0.02,0.02,7.12,0.03,Mar,2,1,9,3,Returning_Visitor,False,True
0,0.0,0,0.81,68,325.3,0.01,0.05,2.64,0.03,Nov,2,4,1,2,New_Visitor,False,False
1,0.0,0,59.5,46,1113.65,0.01,0.03,0.0,0.0,Nov,2,2,2,8,New_Visitor,False,False
0,8.75,0,0.0,41,0.0,0.19,0.2,0.0,0.03,Nov,2,2,1,2,Returning_Visitor,False,False
0,14.23,0,0.0,1,72.17,0.2,0.14,0.19,0.03,Mar,2,2,1,1,Returning_Visitor,False,False
0,0.0,0,117.0,8,1195.41,0.01,0.04,0.0,0.03,Mar,2,2,1,2,Returning_Visitor,False,False
3,3.31,0,1.12,19,2351.33,0.0,0.03,0.57,0.03,Mar,2,2,1,3,Returning_Visitor,True,False
1,3.0,0,0.0,40,228.67,0.0,0.02,1.03,0.03,Mar,2,2,1,1,Returning_Visitor,False,False
0,18.3,0,0.0,4,214.0,0.0,0.02,3.3,0.03,Mar,2,2,7,3,Returning_Visitor,False,False
0,0.0,0,1.41,16,1317.62,0.0,0.01,2.62,0.03,Nov,2,5,3,3,Returning_Visitor,True,False
1,49.87,0,0.89,49,1315.36,0.0,0.01,0.0,0.03,May,3,2,1,3,Returning_Visitor,False,False
0,20.82,0,1.41,43,559.0,0.05,0.1,0.52,0.03,Nov,1,1,1,1,Returning_Visitor,False,False
10,262.0,0,0.88,22,1098.24,0.02,0.02,0.14,0.03,Mar,3,2,1,2,Returning_Visitor,False,False
3,60.25,0,1.55,8,1262.84,0.02,0.02,0.0,0.04,Mar,2,2,1,2,Returning_Visitor,False,False
3,55.25,0,28.52,63,1233.8,0.01,0.03,0.0,0.0,Nov,2,2,2,5,Returning_Visitor,True,False
1,0.0,0,0.79,16,145.95,0.2,0.15,0.0,0.0,Aug,2,2,1,3,Returning_Visitor,False,False
0,5.49,0,1.93,3,30.0,0.01,0.02,0.0,0.03,Dec,1,1,3,3,Returning_Visitor,False,False
0,33.43,0,1.01,7,1264.3,0.04,0.03,0.0,0.03,Dec,2,2,1,3,Returning_Visitor,True,False
3,0.0,2,53.92,48,1293.03,0.02,0.04,0.0,0.0,Dec,2,2,1,3,Returning_Visitor,False,False
3,43.87,0,1.15,57,131.98,0.0,0.01,0.86,0.03,Sep,2,2,1,9,New_Visitor,False,False
0,22.18,0,0.0,7,1272.96,0.03,0.04,0.0,0.0,Dec,3,2,9,2,Returning_Visitor,False,False
9,367.25,1,400.38,81,7980.36,0.01,0.01,4.24,0.03,Nov,2,2,1,2,Returning_Visitor,False,True
3,0.0,0,0.0,16,340.65,0.06,0.06,3.13,0.03,Mar,2,2,2,3,Returning_Visitor,True,False
3,44.62,1,63.5,28,2245.33,0.0,0.03,18.2,0.03,Nov,4,2,1,2,Returning_Visitor,False,True
1,0.0,0,0.0,50,80.0,0.07,0.03,1.07,0.0,Mar,3,2,1,2,Returning_Visitor,True,False
3,0.0,0,0.0,83,189.2,0.0,0.02,48.55,0.03,Sep,2,2,3,2,Returning_Visitor,False,True
3,100.65,0,0.69,49,543.31,0.01,0.02,1.47,0.03,Nov,1,1,4,2,Returning_Visitor,False,False
3,13.29,0,0.0,68,526.69,0.01,0.02,12.15,0.03,Aug,2,1,4,2,Returning_Visitor,False,False
0,0.0,0,0.0,33,315.1,0.1,0.15,3.07,0.03,Mar,2,2,1,3,Returning_Visitor,False,False
0,8.94,0,0.68,35,78.11,0.01,0.03,0.38,0.0,Dec,2,1,1,2,New_Visitor,True,True
3,31.63,0,0.0,85,1335.85,0.2,0.2,2.82,0.03,Mar,3,3,1,3,Returning_Visitor,False,False
0,34.42,0,1.34,20,780.5,0.0,0.02,10.91,0.0,Nov,2,2,1,3,Returning_Visitor,False,False
7,278.83,2,15.0,38,1038.89,0.01,0.03,1.19,0.03,May,2,5,1,3,Returning_Visitor,False,False
0,27.68,0,1.46,14,189.72,0.06,0.04,0.0,0.03,Dec,1,1,1,3,Returning_Visitor,False,False
3,0.0,0,1.41,51,171.5,0.02,0.02,0.0,0.03,Mar,2,2,1,1,Returning_Visitor,False,False
0,2.09,0,0.0,65,1232.89,0.0,0.01,2.63,0.03,May,2,2,1,4,Returning_Visitor,True,True
2,200.5,2,62.42,32,1295.38,0.02,0.02,0.0,0.0,Dec,1,2,1,3,Returning_Visitor,True,False
1,6.39,0,0.0,20,0.0,0.2,0.07,0.0,0.0,Mar,2,2,1,3,Returning_Visitor,False,False
0,29.3,0,0.0,103,3357.05,0.02,0.04,0.0,0.03,May,2,2,4,3,Returning_Visitor,False,False
9,19.79,0,1.75,49,407.5,0.02,0.02,0.35,0.03,Nov,3,2,3,8,Returning_Visitor,False,False
4,92.52,0,1.3,55,1216.32,0.0,0.03,0.0,0.03,Mar,2,2,1,2,Returning_Visitor,False,False
2,0.0,0,0.21,60,1396.21,0.03,0.05,0.0,0.03,Mar,2,2,9,3,Returning_Visitor,False,False
15,15.21,2,6.0,53,280.65,0.03,0.02,0.0,0.0,Oct,2,1,1,3,Returning_Visitor,False,False
1,3.0,0,1.19,19,1382.52,0.01,0.01,1.01,0.03,May,2,2,1,2,Returning_Visitor,True,False
2,21.12,0,0.0,83,4052.36,0.02,0.03,19.62,0.03,Sep,2,2,4,2,Returning_Visitor,False,True
0,0.0,0,0.0,66,95.5,0.1,0.01,1.34,0.03,May,2,2,1,3,Returning_Visitor,False,False
1,0.0,0,1.38,1,1003.72,0.2,0.13,0.66,0.0,Dec,2,2,2,3,Returning_Visitor,False,False
0,1.5,0,0.7,12,666.0,0.0,0.03,0.0,0.03,Mar,2,4,1,2,Returning_Visitor,False,False
3,0.0,0,0.0,69,1124.99,0.01,0.02,2.82,0.03,Nov,2,2,1,2,Returning_Visitor,False,False
3,24.0,0,2.63,55,147.0,0.03,0.03,2.95,0.0,May,2,6,1,2,Returning_Visitor,False,False
0,31.52,0,0.0,104,4877.26,0.01,0.02,0.65,0.0,May,2,2,1,6,Returning_Visitor,False,False
1,1.6,0,2.34,36,440.6,0.03,0.04,0.26,0.03,Sep,3,2,3,1,Returning_Visitor,True,False
2,0.0,0,0.0,57,581.68,0.02,0.03,0.0,0.03,Nov,2,4,1,6,Returning_Visitor,False,False
2,0.0,0,1.31,32,1426.8,0.04,0.05,0.0,0.0,Mar,4,2,1,2,Returning_Visitor,False,False
4,18.8,2,2.31,63,1211.07,0.01,0.06,0.0,0.03,Mar,2,2,1,13,Returning_Visitor,False,False
3,2.0,0,1.64,66,1190.57,0.0,0.02,2.41,0.03,Sep,3,2,3,2,Returning_Visitor,True,False
2,43.45,0,1.16,61,1278.1,0.01,0.02,0.0,0.0,Nov,1,1,1,2,Returning_Visitor,True,False
2,0.0,0,0.64,1,61.0,0.0,0.1,0.0,0.03,Mar,2,2,1,2,Returning_Visitor,False,False
2,41.13,0,4.35,16,797.46,0.01,0.02,9.71,0.03,Mar,2,2,1,3,Returning_Visitor,False,False
0,3.52,0,0.71,15,1279.09,0.0,0.01,8.42,0.03,Nov,2,2,3,3,Returning_Visitor,False,True
1,18.2,0,1.06,66,624.76,0.01,0.02,1.81,0.03,Dec,2,2,7,3,Returning_Visitor,False,False
0,0.0,0,1.19,15,1435.43,0.0,0.06,3.2,0.0,Nov,2,2,4,2,Returning_Visitor,False,False
2,13.43,0,0.0,72,1100.71,0.01,0.04,0.0,0.03,Nov,1,8,1,5,Returning_Visitor,False,False
7,131.08,2,3.05,159,1038.94,0.01,0.02,6.05,0.03,Nov,2,2,2,2,Returning_Visitor,False,False
1,15.26,0,0.52,56,1262.95,0.0,0.02,3.72,0.03,Mar,2,2,3,2,Returning_Visitor,False,False
14,29.49,0,2.18,258,11301.2,0.02,0.01,33.61,0.03,Nov,2,4,1,3,Returning_Visitor,False,True
0,34.09,0,0.0,7,58.0,0.02,0.06,3.01,0.0,May,2,2,1,3,Returning_Visitor,False,False
2,11.2,0,0.0,67,50.0,0.02,0.03,1.09,0.03,Mar,2,2,9,3,Returning_Visitor,True,True
1,25.29,0,1.21,68,1310.64,0.03,0.03,0.0,0.03,Nov,2,2,1,2,Returning_Visitor,True,False
2,43.4,0,0.95,59,432.02,0.0,0.03,0.0,0.0,Nov,1,1,1,2,New_Visitor,False,False
4,26.97,0,0.0,61,2171.17,0.0,0.02,0.0,0.4,May,2,2,1,2,Returning_Visitor,False,False
8,345.3,3,89.5,68,1070.36,0.01,0.02,12.31,0.03,Nov,2,2,3,1,Returning_Visitor,False,False
0,0.0,0,1.57,8,46.75,0.0,0.02,0.0,0.0,Dec,1,1,1,3,Returning_Visitor,False,False
2,14.62,0,1.54,9,312.0,0.01,0.04,0.0,0.0,Nov,2,2,3,2,Returning_Visitor,False,False
2,793.5,0,0.88,61,2440.47,0.01,0.02,2.37,0.0,Nov,2,2,9,2,Returning_Visitor,True,False
1,6.09,0,0.87,58,1218.49,0.01,0.03,0.0,0.2,Mar,2,2,1,3,Returning_Visitor,False,False
3,55.04,0,1.39,105,568.3,0.01,0.02,3.39,0.03,Mar,2,2,7,2,New_Visitor,False,False
2,23.15,0,0.0,16,402.69,0.01,0.01,0.0,0.03,Mar,2,4,1,1,Returning_Visitor,False,False
2,0.0,0,0.0,20,1303.28,0.02,0.04,1.25,0.03,Mar,2,2,1,1,Returning_Visitor,False,False
1,0.0,0,1.14,5,251.88,0.04,0.06,1.02,0.03,Mar,3,2,3,3,Returning_Visitor,False,False
0,26.37,0,1.41,64,21.0,0.0,0.07,3.81,0.0,Nov,2,4,2,2,New_Visitor,False,True
3,0.0,0,0.0,61,315.58,0.0,0.02,2.37,0.03,Jul,2,2,1,1,Returning_Visitor,True,False
3,96.0,0,1.95,45,1304.77,0.02,0.02,0.0,0.03,Dec,3,2,8,2,Returning_Visitor,False,False
2,30.64,0,0.62,79,1016.89,0.01,0.08,0.0,0.0,Mar,2,1,1,20,Returning_Visitor,True,False
1,0.0,0,1.83,27,378.5,0.0,0.04,1.23,0.03,Mar,2,2,1,1,Returning_Visitor,False,False
3,40.0,0,1.25,55,88.36,0.0,0.02,0.0,0.0,Mar,2,2,7,3,New_Visitor,True,False
1,14.87,0,1.39,76,1204.35,0.01,0.03,0.0,0.0,Nov,2,2,1,2,Returning_Visitor,False,False
3,59.79,0,2.76,59,880.8,0.0,0.02,16.92,0.0,Nov,2,1,1,2,Returning_Visitor,False,True
1,44.77,0,1.35,6,78.61,0.0,0.1,0.0,0.03,Mar,4,1,1,1,Returning_Visitor,False,False
0,27.01,0,1.67,15,166.0,0.01,0.03,0.0,0.0,Dec,8,13,9,20,Other,False,False
0,0.0,0,1.03,63,1212.88,0.02,0.02,4.02,0.0,Mar,2,2,3,3,Returning_Visitor,False,False
2,30.78,0,0.0,10,68.0,0.02,0.05,3.43,0.2,May,2,2,2,3,Returning_Visitor,False,False
0,24.43,0,1.72,26,66.13,0.01,0.1,2.88,0.03,Mar,2,2,9,10,Returning_Visitor,False,False
0,20.17,0,1.91,59,5485.02,0.01,0.02,0.0,0.0,Nov,2,4,1,2,Returning_Visitor,False,False
8,32.17,0,1.67,83,5232.34,0.01,0.04,1.08,0.03,May,2,2,1,2,Returning_Visitor,False,False
3,74.83,7,840.58,54,1087.12,0.0,0.02,2.4,0.03,Nov,2,2,1,1,Returning_Visitor,False,False
0,11.31,0,0.0,30,1234.73,0.0,0.02,3.2,0.0,May,1,2,1,4,Returning_Visitor,True,False
3,27.88,0,2.0,24,223.0,0.0,0.03,0.0,0.0,Mar,1,1,1,2,Returning_Visitor,False,False
2,0.0,0,0.0,62,358.02,0.05,0.1,2.97,0.03,May,2,2,9,2,Returning_Visitor,False,False
2,18.3,0,0.0,66,1241.17,0.02,0.04,0.0,0.0,Nov,3,2,2,2,Returning_Visitor,False,False
1,27.32,0,0.43,67,1111.04,0.01,0.02,2.66,0.03,Nov,2,2,9,1,Returning_Visitor,False,False
0,0.0,0,0.56,7,284.08,0.0,0.02,1.58,0.0,Mar,1,2,3,3,Returning_Visitor,False,False
1,15.1,0,0.0,6,0.0,0.2,0.15,3.19,0.03,Nov,2,2,1,1,Returning_Visitor,False,False
0,0.0,0,0.8,86,996.45,0.2,0.2,0.0,0.03,Mar,2,2,1,3,Returning_Visitor,False,False
2,36.14,0,6.91,24,1262.0,0.0,0.02,12.24,0.0,Mar,2,2,5,2,New_Visitor,False,True
8,128.22,0,1.99,18,1272.3,0.0,0.02,4.88,0.03,Nov,2,2,1,2,Returning_Visitor,False,False
11,1064.0,1,10.0,58,4825.26,0.01,0.02,1.46,0.03,May,2,2,1,2,Returning_Visitor,False,False
0,3.52,0,1.34,1,0.0,0.2,0.2,0.0,0.03,Mar,2,2,1,3,Returning_Visitor,False,False
0,18.61,0,1.08,89,85.87,0.17,0.2,1.14,0.03,Nov,2,8,3,2,Returning_Visitor,True,False
6,22.23,0,1.15,21,845.75,0.0,0.01,0.84,0.03,Mar,8,13,1,20,Returning_Visitor,False,False
2,389.5,0,2.3,8,1144.42,0.01,0.01,0.0,0.03,Nov,1,1,1,2,Returning_Visitor,False,False
2,29.98,0,0.0,255,1217.37,0.01,0.03,0.69,0.0,Nov,3,2,1,3,Returning_Visitor,False,False
0,0.0,0,1.34,25,70.0,0.15,0.17,0.0,0.03,Mar,1,1,1,3,Returning_Visitor,False,False
3,64.16,0,1.24,90,316.2,0.0,0.03,4.64,0.03,Sep,2,2,3,2,New_Visitor,False,False
2,0.0,0,0.0,26,1432.38,0.01,0.04,1.5,0.03,Nov,1,1,1,1,Returning_Visitor,False,False
0,30.46,0,1.69,61,3200.37,0.01,0.02,0.0,0.0,Mar,2,2,6,1,Returning_Visitor,False,False
2,34.79,0,0.73,27,1212.84,0.01,0.05,2.77,0.0,Nov,2,2,1,2,Returning_Visitor,False,False
4,53.12,0,0.0,62,1331.78,0.0,0.0,1.54,0.03,May,2,6,1,3,New_Visitor,False,False
0,16.45,0,1.38,29,42.2,0.0,0.03,0.96,0.0,Mar,2,2,3,3,Returning_Visitor,False,False
1,7.0,0,1.33,5,78.5,0.0,0.02,3.89,0.03,Dec,2,2,7,2,Returning_Visitor,False,False
2,65.16,0,1.39,66,1214.26,0.0,0.01,1.2,0.03,Nov,2,2,1,2,Returning_Visitor,False,False
3,67.05,0,1.07,28,425.1,0.01,0.01,0.0,0.03,Oct,3,2,3,2,New_Visitor,False,False
0,15.05,0,1.18,78,1023.46,0.0,0.04,1.24,0.03,Nov,1,1,9,2,Returning_Visitor,False,False
12,232.34,2,13.67,72,504.03,0.0,0.0,1.89,0.03,Mar,1,2,4,3,Returning_Visitor,False,False
2,359.17,0,2.45,5,1262.61,0.0,0.02,0.18,0.03,May,1,1,1,2,Returning_Visitor,False,False
3,257.75,0,0.0,71,97.5,0.0,0.02,0.0,0.0,Dec,3,2,4,8,Returning_Visitor,False,True
3,89.47,1,11.85,56,1141.06,0.01,0.0,2.64,0.03,Nov,4,2,6,2,Returning_Visitor,False,False
1,19.64,0,0.0,39,1231.87,0.01,0.03,0.32,0.03,Nov,2,2,1,2,Returning_Visitor,False,True
1,80.89,4,6.28,53,3800.66,0.01,0.01,0.0,0.0,Mar,1,2,1,2,Returning_Visitor,False,False
2,28.16,0,0.0,58,1343.81,0.01,0.06,0.35,0.03,May,3,2,6,3,Returning_Visitor,True,False
2,55.69,0,35.0,19,461.05,0.01,0.03,3.69,0.03,Mar,2,2,1,1,Returning_Visitor,False,False
1,33.66,0,1.86,15,312.18,0.0,0.01,0.64,0.03,Mar,2,1,6,3,Returning_Visitor,False,False
3,75.6,0,0.82,48,2074.93,0.01,0.02,1.06,0.03,Oct,2,2,1,2,Returning_Visitor,False,False
3,129.75,0,0.96,56,1295.57,0.01,0.01,18.95,0.0,Mar,2,2,3,8,Returning_Visitor,False,True
0,2.62,0,2.85,56,1207.87,0.01,0.03,2.86,0.0,Nov,2,2,1,2,Returning_Visitor,False,True
3,15.46,0,2.09,19,423.82,0.07,0.04,0.0,0.03,Mar,3,2,1,3,Returning_Visitor,False,False
2,8.5,0,1.92,55,848.21,0.0,0.03,4.36,0.03,May,2,1,1,2,Returning_Visitor,False,False
0,0.0,0,0.0,39,794.16,0.02,0.01,0.64,0.0,Nov,4,2,1,3,Returning_Visitor,False,False
2,12.25,0,0.0,36,1358.96,0.05,0.06,4.13,0.03,Mar,2,2,1,3,Returning_Visitor,False,False
5,14.29,0,0.0,66,811.38,0.03,0.02,0.0,0.0,Dec,1,2,1,10,Returning_Visitor,False,False
9,163.31,2,19.58,59,21857.05,0.0,0.02,11.44,0.03,Nov,2,2,1,2,Returning_Visitor,True,False
3,32.0,2,9.0,51,1760.6,0.01,0.02,1.37,0.0,Nov,2,2,1,2,Returning_Visitor,False,True
0,6.87,0,0.0,25,1259.21,0.05,0.14,0.85,0.03,Dec,2,2,3,2,Returning_Visitor,True,False
0,0.0,0,0.0,9,1258.29,0.01,0.03,1.15,0.0,Mar,4,1,1,3,Returning_Visitor,False,False
1,38.98,0,0.45,25,1282.95,0.0,0.01,1.36,0.0,May,2,2,6,3,Returning_Visitor,False,False
0,27.39,0,0.0,11,1377.98,0.07,0.09,2.73,0.03,May,1,2,1,1,Returning_Visitor,False,False
3,38.33,0,1.62,76,1186.67,0.01,0.04,12.76,1.0,Nov,2,2,1,2,Returning_Visitor,True,False
9,281.26,3,3.8,55,12292.46,0.0,0.03,6.01,0.03,Jul,2,2,3,3,Returning_Visitor,False,False
10,30.49,0,0.0,69,746.4,0.0,0.02,6.92,0.03,Nov,2,4,1,2,Returning_Visitor,False,False
3,19.33,0,0.0,5,1317.63,0.01,0.03,0.0,0.0,Mar,2,2,1,2,Returning_Visitor,False,False
3,55.5,0,2.14,60,1162.11,0.0,0.03,1.44,0.0,Nov,2,2,1,2,Returning_Visitor,True,False
7,163.41,0,0.6,58,3022.48,0.0,0.02,20.03,0.03,Mar,2,2,1,3,Returning_Visitor,False,False
0,28.17,0,0.0,22,2464.9,0.02,0.03,0.0,0.03,May,2,2,6,1,Returning_Visitor,False,False
3,28.15,0,1.09,33,638.92,0.01,0.06,0.0,0.03,Nov,2,2,1,3,Returning_Visitor,False,True
3,0.0,0,0.97,7,203.67,0.0,0.03,0.0,0.0,May,1,1,1,2,Returning_Visitor,False,False
2,18.26,0,1.1,65,76.75,0.01,0.03,0.0,0.0,Nov,1,1,8,3,Returning_Visitor,False,True
3,39.38,0,0.0,3,212.0,0.0,0.03,0.0,0.0,Nov,1,1,1,8,Returning_Visitor,False,False
3,49.83,0,1.17,12,1294.7,0.01,0.02,0.0,0.03,Jul,2,2,2,2,Returning_Visitor,False,False
0,0.0,0,0.64,17,1172.13,0.01,0.02,3.13,0.03,Nov,2,2,1,2,Returning_Visitor,False,False
1,39.0,0,0.87,15,1164.35,0.0,0.03,0.0,0.0,Nov,1,1,1,3,Returning_Visitor,False,False
3,36.2,0,1.67,49,166.71,0.0,0.01,0.0,0.0,Nov,2,2,6,5,New_Visitor,False,False
0,18.28,0,0.0,2,27.0,0.0,0.02,0.38,0.03,Nov,3,2,3,3,Returning_Visitor,False,False
0,17.63,0,0.0,8,123.0,0.0,0.02,39.02,0.0,May,2,2,1,2,Returning_Visitor,False,True
0,0.0,0,0.0,20,1985.0,0.03,0.06,0.0,0.03,Dec,2,2,1,1,Returning_Visitor,False,False
2,15.28,0,0.0,47,253.33,0.01,0.07,0.0,0.03,Nov,2,2,5,2,Returning_Visitor,False,False
7,328.52,0,1.53,56,1253.05,0.01,0.02,12.86,0.03,Nov,2,2,1,2,Returning_Visitor,False,False
10,60.66,2,5.64,54,3989.46,0.01,0.01,7.75,0.0,Mar,2,2,1,2,Returning_Visitor,False,True
3,105.46,0,1.0,52,2265.57,0.0,0.02,28.11,0.03,Nov,4,1,1,2,Returning_Visitor,False,True
0,0.0,0,0.0,55,1207.61,0.0,0.02,1.46,0.2,Nov,2,2,1,2,Returning_Visitor,False,False
0,0.0,0,1.11,62,1221.8,0.01,0.01,0.37,0.03,Nov,2,1,1,3,Returning_Visitor,True,False
4,24.58,0,0.0,18,343.83,0.02,0.03,38.34,0.0,Mar,2,13,9,20,Returning_Visitor,False,True
3,81.25,0,1.21,51,1500.42,0.01,0.02,56.77,0.03,Mar,2,4,1,2,Returning_Visitor,False,False
0,0.0,0,9.05,1,890.87,0.19,0.13,0.07,0.0,May,1,1,1,1,Returning_Visitor,False,False
0,7.49,0,0.76,73,1149.54,0.0,0.04,0.0,0.03,Mar,2,2,1,1,Returning_Visitor,False,False
0,14.65,0,0.0,58,480.25,0.01,0.02,0.91,0.03,Nov,2,2,7,1,Returning_Visitor,False,False
3,147.5,1,9.04,48,1198.56,0.0,0.02,41.61,0.03,Nov,3,2,4,13,Returning_Visitor,False,True
3,93.75,0,1.53,70,1115.25,0.01,0.02,0.0,0.03,Nov,1,2,1,3,Returning_Visitor,False,True
1,0.0,0,0.0,69,1198.66,0.01,0.02,3.92,0.03,Nov,2,2,7,2,Returning_Visitor,False,False
3,1.83,0,2.59,39,1233.05,0.01,0.02,4.31,0.0,Dec,2,5,1,2,Returning_Visitor,False,False
3,20.74,0,1.19,2,1389.1,0.0,0.03,0.0,0.03,Nov,3,2,8,2,Returning_Visitor,False,False
3,47.34,0,0.0,73,2260.86,0.01,0.02,1.41,0.0,Nov,2,2,7,4,Returning_Visitor,False,False
1,72.93,0,13.0,63,1706.12,0.01,0.03,12.05,0.03,Nov,2,2,2,2,Returning_Visitor,True,False
3,71.4,0,1.27,14,449.4,0.02,0.02,0.0,0.0,Aug,1,2,1,2,Returning_Visitor,False,False
3,21.83,0,1.13,8,1351.29,0.05,0.02,0.0,1.0,Nov,1,1,1,2,Returning_Visitor,False,False
1,121.43,1,273.5,100,1152.69,0.01,0.02,0.0,0.0,Nov,2,2,1,13,Returning_Visitor,True,False
2,40.28,0,1.07,3,17.0,0.07,0.13,0.0,0.0,Nov,2,2,1,3,Returning_Visitor,False,False
0,0.0,0,2.52,1,0.0,0.19,0.04,0.0,0.03,Mar,1,1,1,3,Returning_Visitor,False,False
2,276.87,0,0.0,50,548.88,0.0,0.01,1.32,0.0,May,3,2,1,2,Returning_Visitor,True,False
0,0.0,0,0.0,1,66.5,0.1,0.15,0.0,0.03,Nov,2,2,1,2,Returning_Visitor,False,False
0,3.58,0,0.34,8,1231.09,0.05,0.05,1.1,0.0,Dec,2,2,1,2,Returning_Visitor,False,False
0,11.05,0,1.83,5,0.0,0.07,0.03,0.0,0.03,Nov,4,2,1,3,Returning_Visitor,True,False
3,0.0,8,1.5,60,3981.89,0.0,0.01,0.75,0.4,Mar,2,2,1,3,Returning_Visitor,False,False
8,156.25,0,1.74,48,1481.11,0.0,0.01,0.0,0.03,Mar,3,2,4,2,Returning_Visitor,False,False
1,5.58,0,0.79,68,31.0,0.0,0.06,0.12,0.03,Mar,2,2,1,3,Returning_Visitor,False,False
2,51.27,0,0.0,91,3559.55,0.0,0.01,0.0,0.0,Dec,2,2,1,4,Returning_Visitor,False,False
3,39.53,0,1.07,31,1186.35,0.0,0.02,0.7,0.0,Nov,1,1,1,1,Returning_Visitor,False,False
2,35.2,0,1.37,50,872.55,0.0,0.01,1.11,0.03,Mar,2,2,6,3,Returning_Visitor,False,True
0,23.9,0,1.85,8,1110.05,0.01,0.03,0.0,0.0,Mar,2,2,3,2,Returning_Visitor,True,False
2,39.35,0,0.0,8,1249.29,0.03,0.03,1.49,0.03,May,1,2,1,2,Returning_Visitor,False,False
0,0.0,0,1.43,23,182.0,0.01,0.03,0.3,0.03,Mar,1,1,1,1,Returning_Visitor,False,False
3,27.25,0,2.6,62,31.5,0.05,0.02,2.79,0.0,Dec,2,2,2,2,Returning_Visitor,False,True
0,0.0,0,1.43,63,1166.06,0.03,0.02,43.1,0.0,Mar,2,2,1,3,Returning_Visitor,True,False
0,9.95,0,0.0,18,289.85,0.0,0.02,2.26,0.03,May,2,2,1,3,Returning_Visitor,False,True
2,49.97,0,1.55,70,1313.78,0.0,0.01,0.0,0.03,Jul,2,2,1,2,Returning_Visitor,True,False
3,20.54,0,0.59,51,1133.24,0.02,0.02,0.67,0.03,May,3,2,1,2,Returning_Visitor,True,False
0,0.0,0,1.29,10,1211.42,0.0,0.02,1.85,0.8,Nov,2,8,3,2,Returning_Visitor,False,False
2,0.0,0,0.0,74,657.5,0.0,0.02,1.03,0.03,May,2,2,1,13,Returning_Visitor,False,False
0,0.0,0,0.0,22,1062.91,0.01,0.03,1.73,1.0,Mar,3,2,1,2,Returning_Visitor,True,True
0,5.52,0,1.21,19,1651.93,0.01,0.02,0.0,0.03,May,2,2,1,1,Returning_Visitor,True,False
2,18.99,0,1.17,81,1280.98,0.05,0.05,0.28,0.0,May,2,2,3,4,Returning_Visitor,False,False
0,3.51,0,1.08,34,1295.09,0.01,0.01,2.25,0.03,May,2,2,1,2,Returning_Visitor,False,False
7,25.57,0,0.0,41,1164.2,0.0,0.01,27.08,0.03,Nov,2,2,1,3,Returning_Visitor,False,True
0,6.75,2,20.0,28,1239.52,0.0,0.03,0.0,0.03,Dec,2,2,1,3,New_Visitor,False,True
1,96.23,0,1.37,56,1223.24,0.01,0.01,0.0,0.0,May,1,1,1,2,Returning_Visitor,True,False
10,177.0,0,500.0,88,2663.82,0.01,0.02,4.09,0.6,May,2,2,1,4,Returning_Visitor,False,False
2,111.17,2,59.5,39,1261.13,0.01,0.03,0.0,0.0,Dec,2,2,1,2,Returning_Visitor,False,False
9,308.59,0,0.0,67,1096.87,0.01,0.02,0.59,0.03,Mar,3,2,1,3,Returning_Visitor,False,False
1,18.0,0,0.0,22,495.0,0.01,0.01,0.0,0.0,Nov,2,2,1,2,New_Visitor,False,False
1,54.5,0,0.0,26,1246.57,0.0,0.03,27.87,0.0,Nov,2,2,3,2,Returning_Visitor,False,False
1,38.94,0,1.01,1,361.15,0.2,0.13,1.62,0.03,Nov,2,2,1,8,New_Visitor,False,False
3,438.33,3,703.5,55,1139.63,0.0,0.02,5.13,0.03,Nov,2,2,1,10,Returning_Visitor,False,True
4,50.2,0,1.53,72,1303.63,0.0,0.01,20.89,0.0,Oct,2,2,4,2,Returning_Visitor,False,True
3,121.12,0,1.5,63,1156.23,0.0,0.02,4.43,0.03,Dec,2,2,1,2,Returning_Visitor,False,False
2,27.04,0,1.35,9,1261.47,0.0,0.0,18.03,0.0,Mar,2,4,1,2,Returning_Visitor,False,True
0,20.11,0,1.71,90,601.79,0.0,0.01,0.29,0.03,May,2,2,4,4,Returning_Visitor,False,False
2,0.0,0,0.0,47,469.98,0.01,0.06,2.07,0.03,Nov,2,2,1,2,Returning_Visitor,False,False
3,0.0,0,0.0,16,711.72,0.01,0.02,0.37,0.0,Nov,2,2,1,3,Returning_Visitor,False,False
3,99.13,0,1.43,54,1176.26,0.01,0.03,0.0,0.03,Nov,1,1,1,2,Returning_Visitor,False,False
2,27.4,0,0.88,21,1145.76,0.0,0.02,0.82,0.03,Nov,1,2,1,3,Returning_Visitor,False,False
3,26.11,0,0.1,20,701.0,0.0,0.02,0.0,0.0,Nov,2,2,1,2,Returning_Visitor,False,False
7,22.57,1,0.65,60,992.22,0.01,0.03,1.84,0.03,Aug,2,5,1,2,New_Visitor,True,False
2,39.53,0,1.02,35,1513.0,0.04,0.07,3.98,0.03,Nov,2,2,1,3,Returning_Visitor,False,False
3,53.5,0,3.01,67,559.38,0.01,0.01,0.0,0.03,May,2,2,1,4,Returning_Visitor,True,False
3,38.94,3,67.93,65,1185.27,0.02,0.04,1.45,0.03,Dec,2,2,7,3,Returning_Visitor,False,False
1,29.0,0,3.93,41,1154.27,0.0,0.01,2.09,0.03,Nov,2,2,1,2,Returning_Visitor,True,False
0,0.0,0,1.17,70,162.39,0.02,0.2,0.0,0.0,Dec,3,3,1,8,Returning_Visitor,False,False
3,106.0,0,1.08,42,1178.03,0.01,0.01,136.94,0.03,Mar,8,13,9,20,Other,False,True
3,50.26,0,1.08,7,115.67,0.01,0.04,1.88,0.0,Nov,2,2,1,10,Returning_Visitor,False,False
3,29.55,0,1.54,2,317.25,0.01,0.03,3.02,0.03,Mar,2,2,1,2,Returning_Visitor,False,False
3,80.6,0,0.0,76,1071.41,0.01,0.01,7.33,0.03,Mar,1,2,4,3,Returning_Visitor,False,False
0,1.62,0,0.42,24,950.02,0.01,0.02,5.47,0.03,Nov,2,2,1,2,Returning_Visitor,False,False
3,284.0,0,0.85,50,1254.24,0.0,0.02,0.0,0.0,Dec,3,2,1,2,Returning_Visitor,False,False
5,10.81,0,239.2,43,78.5,0.0,0.03,0.0,0.03,Sep,2,2,1,3,Returning_Visitor,False,False
2,196.6,0,1.48,55,1171.48,0.01,0.02,6.43,0.03,May,1,8,1,3,Returning_Visitor,True,False
0,0.0,0,1.93,30,360.47,0.01,0.04,3.12,0.0,Jul,1,1,1,3,Returning_Visitor,False,False
2,45.4,0,0.0,63,114.9,0.0,0.03,0.0,0.03,Nov,2,2,3,4,Returning_Visitor,False,False
0,5.2,0,1.1,47,1345.85,0.05,0.07,0.0,0.0,Mar,3,2,5,2,Returning_Visitor,False,False
0,36.52,0,0.0,16,1381.96,0.01,0.03,1.09,0.03,Mar,3,2,6,13,Returning_Visitor,False,False
1,7.56,0,0.0,61,1256.59,0.05,0.02,1.94,0.03,Nov,2,2,1,3,Returning_Visitor,False,False
9,366.82,2,62.5,63,1070.34,0.01,0.02,0.0,0.03,Nov,4,1,1,2,Returning_Visitor,False,False
3,16.04,0,1.27,60,1308.95,0.0,0.01,0.0,0.03,Mar,2,2,8,4,New_Visitor,True,False
0,11.53,0,1.41,35,1196.86,0.07,0.03,0.43,0.03,May,2,2,2,3,Returning_Visitor,False,False
1,0.0,0,1.32,1,1087.97,0.2,0.14,0.0,0.03,Dec,2,2,6,3,Returning_Visitor,False,False
0,3.89,0,1.98,67,435.9,0.12,0.13,1.99,1.0,Mar,3,1,4,3,Returning_Visitor,True,False
2,0.0,0,0.0,11,220.5,0.03,0.02,1.96,0.0,Mar,3,2,7,1,Returning_Visitor,True,False
2,386.0,0,0.0,72,1195.89,0.01,0.02,0.0,0.03,Nov,2,2,1,2,New_Visitor,False,False
0,0.0,0,1.06,40,1030.21,0.01,0.03,2.09,0.0,Nov,2,1,1,2,Returning_Visitor,True,False
2,17.0,0,1.58,42,260.2,0.02,0.02,1.36,0.03,Nov,2,2,3,2,Returning_Visitor,False,False
2,65.49,0,0.0,92,1117.11,0.01,0.04,23.74,0.0,Nov,2,2,3,2,Returning_Visitor,False,False
0,180.19,0,83.0,62,2162.66,0.01,0.02,0.0,0.0,Mar,3,2,1,2,Returning_Visitor,False,False
3,206.67,0,0.0,32,1304.69,0.02,0.09,1.94,0.03,Mar,2,2,1,2,Returning_Visitor,False,False
0,20.85,0,0.0,10,1222.49,0.01,0.01,0.74,0.8,May,3,2,1,2,Returning_Visitor,True,False
8,12.4,0,1.79,33,1343.26,0.01,0.03,0.0,0.0,Nov,2,2,3,3,Returning_Visitor,False,False
3,1.63,0,1.64,55,1214.62,0.01,0.01,4.42,0.03,May,2,2,2,4,New_Visitor,False,True
6,163.93,0,0.63,50,1266.15,0.01,0.0,12.29,0.0,May,3,2,6,3,Returning_Visitor,False,True
2,27.11,0,93.67,55,1311.38,0.0,0.02,3.53,0.03,May,3,3,1,2,Returning_Visitor,False,False
1,14.99,0,0.74,22,469.54,0.01,0.01,58.7,0.03,Oct,2,2,1,2,Returning_Visitor,False,True
3,0.0,0,0.0,6,1190.22,0.02,0.03,3.71,0.03,May,2,2,5,1,Returning_Visitor,False,False
0,7.91,0,1.7,15,1390.81,0.01,0.01,0.0,0.03,Mar,2,5,1,2,Returning_Visitor,True,False
3,34.52,0,1.92,31,1358.24,0.01,0.05,2.98,0.03,Mar,2,5,1,5,Returning_Visitor,False,False
1,0.0,2,5.26,7,162.62,0.01,0.02,1.36,0.03,Nov,2,2,1,2,Returning_Visitor,False,False
2,51.92,0,0.0,17,1225.5,0.0,0.02,3.08,0.03,Nov,2,2,1,2,Returning_Visitor,False,False
2,83.01,0,4.0,69,4516.5,0.01,0.02,1.03,0.03,Nov,2,2,1,2,Returning_Visitor,False,True
3,54.0,0,3.07,16,487.67,0.01,0.04,0.78,0.0,May,1,1,2,2,Returning_Visitor,True,False
3,44.15,2,245.8,61,1099.01,0.02,0.02,20.43,0.03,Nov,2,2,7,2,Returning_Visitor,False,True
7,459.5,0,1.39,57,1284.02,0.03,0.04,3.12,0.03,Jul,3,2,8,3,Returning_Visitor,False,False
1,25.61,5,218.65,36,4316.26,0.0,0.03,2.16,0.03,Jul,2,2,3,3,Returning_Visitor,False,False
3,18.92,0,431.33,72,12595.63,0.0,0.03,1.18,0.03,Nov,2,2,1,11,Returning_Visitor,False,True
6,306.89,2,39.28,149,4540.65,0.01,0.02,0.0,0.03,Nov,2,2,1,2,Returning_Visitor,False,False
0,17.66,0,1.84,73,626.0,0.01,0.03,0.34,0.05,May,2,1,1,3,Returning_Visitor,False,False
2,178.3,2,148.1,39,2237.77,0.01,0.01,26.41,0.03,Nov,1,1,3,2,Returning_Visitor,False,False
0,0.0,0,0.84,33,67.19,0.1,0.15,0.42,0.03,Mar,2,2,5,3,Returning_Visitor,False,False
4,33.68,0,2.12,30,4262.97,0.02,0.01,60.78,0.03,Mar,2,10,5,3,Returning_Visitor,False,True
0,3.15,0,0.59,13,272.01,0.01,0.01,42.37,0.03,Mar,2,2,1,2,Returning_Visitor,False,True
3,26.62,0,0.0,17,1258.35,0.02,0.04,0.0,0.03,Nov,2,2,1,1,Other,False,False
1,27.12,0,0.24,7,1590.36,0.01,0.02,3.77,0.03,May,2,2,1,2,Returning_Visitor,False,True
1,12.67,1,740.0,50,1128.4,0.0,0.02,7.91,0.03,Mar,2,2,3,2,Returning_Visitor,False,False
0,12.02,0,1.36,3,84.14,0.01,0.02,0.0,0.04,Mar,1,1,3,3,Returning_Visitor,False,False
6,101.17,0,0.0,55,1345.97,0.0,0.02,4.63,0.03,May,2,2,1,1,Returning_Visitor,True,False
2,40.97,0,1.31,16,1208.5,0.0,0.03,0.52,0.03,Mar,1,1,1,3,Returning_Visitor,False,False
1,12.61,0,0.0,4,0.0,0.04,0.02,1.66,0.03,May,2,2,1,3,Returning_Visitor,False,False
3,73.83,0,1.21,65,1205.59,0.01,0.02,15.29,0.03,May,2,2,1,7,Returning_Visitor,False,False
5,100.92,0,9.71,114,3488.07,0.01,0.02,12.09,0.03,Nov,2,2,1,2,Returning_Visitor,False,False
0,11.62,0,0.96,4,103.64,0.0,0.05,2.26,0.03,Nov,2,2,1,3,Returning_Visitor,False,False
14,315.06,0,2.71,74,1244.39,0.01,0.03,1.87,0.03,Sep,1,1,1,2,Returning_Visitor,True,False
0,0.0,0,0.0,15,289.64,0.05,0.09,1.08,0.03,May,2,2,1,13,Returning_Visitor,False,False
2,197.67,0,1.22,18,1296.01,0.01,0.06,2.35,0.03,Nov,3,2,3,2,Returning_Visitor,False,False
3,33.39,0,1.4,63,1101.5,0.02,0.06,0.63,0.0,May,1,1,1,3,Returning_Visitor,False,False
0,13.37,0,0.38,72,3208.21,0.01,0.01,0.48,0.03,Nov,2,2,1,2,Returning_Visitor,False,True
1,21.03,0,1.69,1,0.0,0.14,0.14,0.0,0.0,Nov,1,1,1,1,Returning_Visitor,False,False
2,33.5,0,2.0,59,1212.99,0.01,0.02,1.93,0.03,Dec,2,2,3,6,Returning_Visitor,False,False
0,26.37,0,2.31,65,1229.63,0.01,0.02,39.27,0.03,Mar,2,6,6,3,Returning_Visitor,False,True
2,21.93,0,0.0,18,191.0,0.0,0.03,1.63,0.03,Mar,1,1,1,2,Returning_Visitor,False,False
0,0.0,0,0.0,53,0.0,0.2,0.2,0.22,0.03,Mar,2,2,1,1,Returning_Visitor,False,False
4,27.56,0,0.0,18,1261.62,0.0,0.03,6.75,0.0,Nov,1,1,1,2,Returning_Visitor,False,True
11,356.44,0,991.25,56,3549.15,0.01,0.02,2.03,0.0,Nov,2,2,2,2,Returning_Visitor,True,True
2,25.31,0,0.0,10,1221.02,0.0,0.03,0.0,0.0,Mar,4,1,3,2,Returning_Visitor,False,False
9,262.12,1,3.88,62,2222.97,0.0,0.02,4.16,0.03,Nov,2,2,1,2,Returning_Visitor,False,False
2,175.12,0,0.0,57,1270.26,0.0,0.03,1.43,0.03,Nov,1,1,1,8,Returning_Visitor,False,False
0,0.0,0,0.65,22,1207.97,0.05,0.02,0.72,0.0,Nov,2,2,1,2,Returning_Visitor,False,False
5,57.24,0,1.36,63,979.35,0.0,0.03,3.54,0.03,Nov,2,4,1,1,Returning_Visitor,False,False
3,25.81,0,0.94,24,1197.89,0.01,0.05,0.56,0.03,May,3,2,1,13,Returning_Visitor,False,False
2,12.0,1,10.81,62,1451.85,0.02,0.03,0.0,0.03,Mar,2,2,1,2,Returning_Visitor,False,False
0,0.0,0,1.18,9,258.29,0.0,0.02,3.3,0.03,May,2,2,3,2,Returning_Visitor,False,False
0,3.54,0,0.91,59,0.0,0.12,0.2,0.0,0.0,May,2,2,1,13,Returning_Visitor,False,False
5,140.03,0,0.0,59,370.46,0.02,0.03,2.23,0.0,Dec,3,7,4,11,Returning_Visitor,False,False
3,7.0,0,1.55,66,1172.23,0.02,0.03,16.15,0.03,Nov,2,2,1,1,Returning_Visitor,False,False
2,15.54,0,1.33,69,885.0,0.04,0.02,43.61,0.0,Mar,2,2,1,3,Returning_Visitor,False,True
0,16.65,0,1.12,1,74.95,0.01,0.03,0.44,0.04,Dec,1,1,1,2,Returning_Visitor,True,False
0,14.21,0,0.0,57,1157.01,0.02,0.04,0.0,0.03,Nov,2,2,1,3,Returning_Visitor,False,False
3,26.33,0,1.01,4,1280.83,0.01,0.05,0.0,0.03,Nov,4,2,1,1,Returning_Visitor,False,False
0,4.02,0,0.0,68,1315.18,0.01,0.02,1.41,0.0,Nov,2,2,3,2,Returning_Visitor,False,True
5,106.8,0,0.0,49,1257.16,0.01,0.03,2.72,0.0,Oct,2,2,1,3,Returning_Visitor,False,False
3,28.87,0,1.22,15,344.35,0.01,0.02,2.74,0.0,Nov,3,2,1,3,Returning_Visitor,False,False
2,279.0,0,1.29,14,1303.2,0.0,0.01,0.0,0.03,Nov,2,4,1,2,Returning_Visitor,False,False
1,42.96,0,2.24,26,225.47,0.0,0.02,0.0,0.4,Feb,2,2,8,3,Returning_Visitor,False,False
2,66.74,1,2.34,174,5149.1,0.01,0.02,1.6,0.0,Nov,2,2,1,2,Returning_Visitor,False,False
0,0.0,0,0.96,65,1307.15,0.03,0.02,1.74,0.03,Nov,3,2,3,10,Returning_Visitor,False,False
6,167.11,2,5.98,57,1876.33,0.01,0.01,16.69,0.0,Nov,4,1,3,2,Returning_Visitor,False,False
3,95.0,0,0.0,14,449.5,0.01,0.02,1.11,0.0,Mar,2,2,1,1,Returning_Visitor,False,False
3,36.63,9,17.06,59,1289.54,0.01,0.02,7.24,0.03,Mar,3,2,1,2,Returning_Visitor,False,True
3,106.71,0,0.0,5,1218.12,0.01,0.02,1.26,0.03,Nov,8,1,1,3,New_Visitor,False,False
3,0.0,0,0.46,37,1136.96,0.01,0.02,0.45,0.0,Nov,2,2,4,2,Returning_Visitor,False,True
3,56.81,0,4.25,41,1105.28,0.01,0.04,0.0,0.03,Nov,2,2,1,3,Returning_Visitor,False,False
0,12.2,0,1.44,77,399.0,0.0,0.04,0.0,0.0,May,2,2,4,4,Returning_Visitor,False,False
0,0.0,0,0.04,23,984.9,0.01,0.02,22.3,0.03,Mar,2,2,6,2,Returning_Visitor,False,False
4,159.0,0,14.37,67,1241.68,0.01,0.01,0.51,0.03,Oct,1,1,1,2,Returning_Visitor,True,False
3,41.27,0,6.47,77,1228.17,0.01,0.03,43.99,0.03,Nov,4,2,1,2,Returning_Visitor,False,False
0,0.0,0,0.0,31,1577.19,0.01,0.02,1.31,0.0,Nov,1,1,1,2,Returning_Visitor,False,False
2,154.4,0,1.13,65,1333.94,0.02,0.02,0.0,0.0,Mar,2,2,1,3,Returning_Visitor,False,False
3,34.0,1,9.84,65,1948.73,0.0,0.03,0.0,0.03,Nov,2,2,1,2,Returning_Visitor,False,False
5,91.26,1,1.47,52,1420.55,0.02,0.03,12.04,0.04,May,1,2,1,2,Returning_Visitor,False,False
14,234.6,0,195.0,75,5610.69,0.01,0.02,1.18,0.03,Nov,2,2,1,3,Returning_Visitor,False,False
0,4.14,0,0.0,3,1236.19,0.01,0.07,0.0,0.0,Nov,2,2,1,3,Returning_Visitor,False,False
9,219.25,2,31.0,48,374.38,0.02,0.01,3.13,0.03,Mar,1,1,1,3,New_Visitor,True,False
2,334.5,0,2.78,17,939.08,0.01,0.02,18.22,0.0,Dec,2,2,1,6,Returning_Visitor,False,True
3,3.11,0,0.0,14,1325.06,0.05,0.02,1.68,0.0,Nov,3,2,4,13,Returning_Visitor,False,False
4,40.07,0,2.89,70,11257.11,0.0,0.02,1.87,0.03,Nov,2,5,1,2,Returning_Visitor,True,False
2,35.17,0,4.44,75,273.8,0.01,0.01,0.0,0.03,May,2,2,1,2,New_Visitor,True,False
4,206.25,0,1.23,16,1151.93,0.0,0.01,5.39,0.0,Sep,2,2,1,2,Returning_Visitor,True,True
0,19.54,0,0.0,7,162.25,0.05,0.09,1.8,0.0,Dec,2,2,1,3,Returning_Visitor,False,False
0,0.0,0,3.92,50,212.5,0.01,0.03,1.09,0.0,Nov,3,2,1,11,Returning_Visitor,False,False
10,462.0,1,57.0,63,1198.74,0.0,0.02,0.0,0.03,Mar,3,2,5,2,Returning_Visitor,False,False
0,22.88,0,1.5,52,1617.36,0.02,0.02,2.33,0.05,May,2,4,3,3,Returning_Visitor,False,False
2,30.33,0,0.0,64,1185.63,0.01,0.04,2.18,0.03,Nov,2,2,4,2,Returning_Visitor,False,False
3,128.5,0,0.0,16,1162.68,0.01,0.05,1.34,0.03,Nov,2,2,1,2,Returning_Visitor,False,False
1,47.17,0,3.0,57,935.99,0.01,0.01,7.73,0.03,May,2,2,6,4,Returning_Visitor,False,True
0,0.0,0,1.19,88,73.0,0.06,0.15,0.73,0.0,Mar,2,2,1,1,Returning_Visitor,False,False
3,0.0,0,2.67,40,1376.61,0.05,0.08,0.0,0.0,Sep,2,8,6,1,Returning_Visitor,False,False
0,4.16,0,0.43,65,1189.84,0.0,0.02,1.81,0.03,Mar,2,4,3,3,Returning_Visitor,False,False
5,140.6,0,1.59,63,1111.65,0.01,0.01,22.78,0.03,Oct,2,2,1,2,Returning_Visitor,False,True
2,698.13,1,9.0,83,4306.61,0.01,0.03,2.89,0.03,Mar,2,1,1,2,Returning_Visitor,True,True
5,154.66,0,0.97,62,1030.06,0.0,0.03,0.0,0.03,Mar,8,2,6,2,New_Visitor,False,False
2,0.0,0,1.17,19,1111.15,0.01,0.02,0.0,0.0,Nov,4,1,1,8,Returning_Visitor,False,False
2,59.43,0,1.13,24,515.58,0.01,0.0,0.0,0.03,May,3,2,2,2,Returning_Visitor,False,False
1,20.32,0,0.0,1,0.0,0.02,0.08,0.0,0.03,May,3,2,3,3,Returning_Visitor,False,False
0,8.04,0,1.14,75,966.41,0.07,0.06,0.71,0.0,May,2,2,1,3,Returning_Visitor,False,False
0,39.26,0,1.81,20,680.0,0.02,0.06,2.12,0.6,May,2,2,2,3,Returning_Visitor,False,False
3,26.63,0,0.81,3,21.0,0.01,0.05,1.49,0.0,Mar,3,2,1,8,Returning_Visitor,False,False
1,0.0,0,1.18,77,637.18,0.0,0.05,0.54,0.03,Nov,2,1,4,2,Returning_Visitor,False,False
2,46.4,0,1.71,66,349.0,0.02,0.02,4.02,0.0,Aug,2,2,1,3,New_Visitor,False,False
3,57.16,0,2.16,42,3503.02,0.01,0.03,21.76,0.0,May,2,2,1,2,Returning_Visitor,False,False
14,254.42,2,2.18,12,3833.81,0.01,0.0,0.22,0.03,June,2,2,1,3,Returning_Visitor,False,False
0,22.37,0,2.45,6,0.0,0.19,0.13,0.14,0.03,Mar,1,1,1,2,Returning_Visitor,False,False
0,10.61,0,1.44,46,1199.25,0.01,0.03,0.24,0.03,Mar,2,2,3,1,Returning_Visitor,False,False
0,14.56,0,0.72,15,789.67,0.0,0.01,39.46,0.03,Nov,2,2,1,2,Returning_Visitor,False,True
3,29.61,0,0.0,74,1181.95,0.01,0.02,11.0,0.0,Sep,2,4,3,2,Returning_Visitor,False,False
5,59.42,0,1.42,53,181.3,0.01,0.03,0.0,0.0,Nov,2,2,1,8,New_Visitor,False,False
2,6.23,0,0.67,18,413.19,0.0,0.03,0.64,0.03,May,2,2,1,1,Returning_Visitor,False,False
1,34.82,0,0.0,6,995.08,0.0,0.03,1.82,0.03,Jul,2,5,1,3,Returning_Visitor,False,True
2,83.84,0,3.02,19,1383.19,0.01,0.06,0.0,0.0,May,1,2,1,3,Returning_Visitor,False,False
3,44.3,0,2.62,16,468.85,0.01,0.01,64.29,0.0,Nov,1,2,1,2,Returning_Visitor,False,True
16,350.93,1,0.89,61,1116.0,0.02,0.02,1.06,0.03,Mar,3,2,3,2,Returning_Visitor,False,True
0,0.0,0,0.0,14,1272.96,0.01,0.01,0.0,0.0,Mar,1,1,1,3,Returning_Visitor,False,False
4,169.2,0,1.03,14,1230.36,0.01,0.01,34.75,0.03,Jul,2,2,1,2,Returning_Visitor,True,True
2,32.5,0,0.82,57,63.32,0.04,0.04,0.54,0.03,Nov,3,2,1,2,Returning_Visitor,False,False
0,5.19,0,1.07,48,1207.15,0.01,0.03,39.65,0.03,Nov,2,2,1,2,Returning_Visitor,False,True
0,13.62,0,1.4,53,661.45,0.01,0.01,0.54,0.0,Nov,2,2,4,2,Returning_Visitor,False,False
3,44.5,1,66.5,60,568.25,0.02,0.03,26.45,0.0,Nov,1,2,2,7,Returning_Visitor,False,False
2,0.0,0,0.0,38,1175.27,0.01,0.02,0.0,0.03,May,2,2,3,3,Returning_Visitor,False,False
0,0.0,0,0.0,69,0.0,0.2,0.2,0.0,0.03,Oct,2,4,1,3,Returning_Visitor,False,False
2,44.01,0,0.0,63,1230.13,0.01,0.03,0.0,0.03,Nov,3,2,6,11,New_Visitor,True,False
0,0.0,0,1.93,27,1330.34,0.01,0.01,0.9,0.0,Nov,4,2,1,3,New_Visitor,False,False
3,0.0,0,0.0,20,1207.59,0.05,0.02,0.5,0.4,Nov,2,2,2,4,Returning_Visitor,False,False
3,0.0,0,2.2,42,2058.25,0.02,0.02,0.91,0.2,Nov,2,10,7,1,Returning_Visitor,False,False
1,0.0,0,1.46,63,1283.07,0.01,0.02,61.14,0.03,Nov,2,2,1,2,New_Visitor,False,True
1,56.4,0,2.11,68,2163.57,0.01,0.03,13.3,0.0,June,2,2,1,3,Returning_Visitor,False,False
3,0.0,0,1.27,56,1159.9,0.01,0.03,1.2,0.03,Aug,2,2,3,2,Returning_Visitor,False,False
2,27.02,0,1.34,38,208.0,0.0,0.02,52.18,0.0,Dec,2,2,1,2,Returning_Visitor,False,True
3,57.94,1,1.74,15,1077.37,0.01,0.07,3.77,0.03,Mar,1,1,1,1,Returning_Visitor,False,False
0,23.72,0,0.0,31,1282.92,0.01,0.03,53.99,0.0,May,2,2,1,3,Returning_Visitor,True,True
1,14.0,0,1.41,63,1261.17,0.0,0.03,0.0,0.03,Nov,1,1,1,1,Returning_Visitor,False,False
0,2.61,0,2.66,108,1292.75,0.04,0.06,0.42,0.03,Mar,3,2,3,13,Returning_Visitor,False,False
3,23.0,0,0.95,51,1272.82,0.01,0.02,38.63,0.0,Jul,2,2,1,2,Returning_Visitor,False,False
3,42.0,2,12.88,70,1158.56,0.01,0.02,0.0,0.03,Mar,2,2,3,2,Returning_Visitor,False,False
3,14.5,0,0.0,65,1164.61,0.01,0.02,2.96,0.03,Nov,3,2,1,2,New_Visitor,True,False
2,0.0,0,0.0,6,83.0,0.05,0.13,0.0,0.03,Mar,2,2,1,3,Returning_Visitor,False,False
3,509.67,0,0.0,14,976.34,0.01,0.02,0.23,0.03,Nov,1,1,1,2,Returning_Visitor,False,True
3,26.08,0,1.31,58,203.0,0.01,0.1,0.0,0.03,May,2,2,1,3,Returning_Visitor,False,False
3,4.0,0,1.54,26,242.11,0.01,0.02,0.0,0.03,June,2,2,1,1,Returning_Visitor,False,False
1,25.32,0,1.78,60,1242.48,0.01,0.03,1.22,0.0,Mar,1,1,1,1,Returning_Visitor,False,False
0,17.22,0,2.1,76,75.06,0.2,0.2,0.0,0.03,Mar,2,2,1,1,Returning_Visitor,False,False
1,221.83,0,51.5,54,1244.75,0.02,0.02,0.0,0.0,Mar,2,2,8,2,Returning_Visitor,False,False
0,9.35,0,0.0,1,0.0,0.02,0.2,1.26,0.03,May,2,1,1,2,New_Visitor,False,False
1,5.36,0,1.4,16,1257.34,0.01,0.02,60.06,0.03,Mar,2,2,1,2,New_Visitor,False,True
0,0.0,3,60.16,76,1165.75,0.01,0.01,0.0,0.03,Nov,3,2,4,2,Returning_Visitor,False,True
0,0.0,0,0.0,6,671.67,0.0,0.03,4.2,0.03,May,2,4,3,2,Returning_Visitor,False,False
4,55.75,0,2.34,35,685.95,0.0,0.02,2.55,0.03,Nov,3,2,7,3,Returning_Visitor,True,True
3,150.5,0,0.0,28,549.08,0.0,0.01,9.6,0.0,May,1,1,1,2,Returning_Visitor,False,True
3,7.0,0,1.46,62,979.62,0.0,0.01,3.03,0.03,Mar,2,2,1,2,Returning_Visitor,True,False
3,39.14,0,4.91,50,1256.86,0.0,0.03,0.0,0.0,Mar,2,2,1,3,Returning_Visitor,False,False
9,88.6,0,1.38,66,2997.0,0.02,0.01,32.57,0.03,Mar,2,4,1,2,Returning_Visitor,False,True
2,18.64,0,1.2,29,1308.39,0.0,0.03,1.56,0.8,May,2,2,3,2,Returning_Visitor,False,False
0,16.01,0,1.08,54,897.38,0.01,0.04,0.53,0.8,May,2,2,1,2,Returning_Visitor,False,False
0,0.0,0,0.73,21,1176.17,0.01,0.02,0.0,0.03,Mar,2,2,3,3,Returning_Visitor,False,False
4,88.62,3,170.58,46,1188.55,0.0,0.01,1.67,0.0,Nov,2,2,1,2,Returning_Visitor,False,False
3,20.15,0,1.01,10,1155.97,0.0,0.04,0.0,0.03,May,2,2,5,4,Returning_Visitor,False,False
3,0.0,0,1.74,55,1232.69,0.01,0.02,4.15,0.0,May,1,1,3,1,Returning_Visitor,False,False
13,19.32,0,3.0,34,858.95,0.0,0.02,17.79,0.0,Nov,2,2,5,3,Returning_Visitor,False,False
2,0.0,0,0.58,58,810.5,0.0,0.02,3.34,0.0,Nov,2,1,1,3,Returning_Visitor,True,False
3,53.69,0,1.04,64,1225.19,0.01,0.03,111.26,0.0,Nov,2,2,1,2,Returning_Visitor,True,True
3,310.29,2,1.88,67,1070.89,0.01,0.03,0.87,0.0,May,3,2,2,2,Returning_Visitor,False,True
2,28.32,0,0.0,52,96.0,0.01,0.02,0.92,0.03,Nov,1,8,6,11,Returning_Visitor,False,False
3,51.83,2,54.0,15,1236.76,0.01,0.01,1.15,0.03,Mar,2,2,8,1,Returning_Visitor,False,False
3,357.25,0,1.63,52,1228.5,0.01,0.01,54.98,0.0,May,2,2,1,2,Returning_Visitor,False,True
2,16.56,0,0.0,17,1500.87,0.03,0.05,0.0,0.6,Mar,2,2,1,6,Returning_Visitor,False,False
6,53.59,2,27.3,24,1079.0,0.01,0.02,15.71,0.03,Nov,2,2,1,2,Returning_Visitor,False,True
1,6.66,0,1.29,78,65.69,0.03,0.18,0.0,0.0,Nov,3,2,1,13,Returning_Visitor,False,False
0,7.11,0,0.78,1,979.42,0.0,0.02,0.0,0.03,Nov,2,2,7,2,Returning_Visitor,False,False
0,11.15,0,1.37,27,944.89,0.01,0.03,0.0,0.05,Mar,2,2,3,1,Returning_Visitor,False,False
0,0.0,0,0.0,1,65.33,0.19,0.2,0.0,0.03,May,1,1,1,2,Returning_Visitor,False,False
3,18.2,0,1.28,0,877.6,0.0,0.02,1.59,0.03,Mar,2,4,1,5,Returning_Visitor,False,False
0,0.0,0,1.18,19,1138.2,0.0,0.02,0.0,0.0,Mar,2,2,1,3,Returning_Visitor,False,False
2,79.6,3,332.08,34,1011.02,0.02,0.03,14.25,0.03,Nov,2,2,7,1,Returning_Visitor,False,True
2,0.0,0,0.0,61,1031.89,0.02,0.02,1.13,0.03,Nov,3,2,1,2,Returning_Visitor,False,False
3,8.08,3,1.73,53,10.0,0.0,0.04,0.29,0.03,Nov,1,2,1,2,New_Visitor,False,True
3,82.0,0,14.68,17,1241.93,0.02,0.03,1.37,0.03,Jul,2,2,1,13,Returning_Visitor,False,False
2,16.69,0,1.62,87,1019.49,0.01,0.04,0.35,0.03,Nov,1,1,3,2,Returning_Visitor,False,False
2,9.0,0,0.0,5,1154.47,0.01,0.03,1.09,0.03,May,3,2,4,2,Returning_Visitor,True,False
3,37.65,0,0.91,63,1181.76,0.01,0.02,3.37,0.03,Nov,2,2,1,1,Returning_Visitor,False,True
1,38.31,0,0.0,93,76.21,0.04,0.04,0.53,0.03,Nov,1,1,3,1,Returning_Visitor,False,False
1,110.0,0,1188.5,230,9648.18,0.0,0.02,2.59,0.0,Nov,2,2,1,2,Returning_Visitor,False,False
0,0.0,0,0.85,11,1319.56,0.01,0.03,3.15,0.03,Nov,3,2,1,3,Returning_Visitor,False,False
4,28.0,2,61.73,63,5472.81,0.01,0.02,0.0,0.0,Nov,2,2,1,2,Returning_Visitor,False,False
3,251.75,0,1.19,62,50.0,0.01,0.05,1.88,0.03,Nov,3,2,3,2,Returning_Visitor,False,False
5,50.67,0,0.0,63,1126.6,0.01,0.03,0.0,1.0,Nov,2,2,3,2,Returning_Visitor,True,False
3,0.0,0,1.31,103,180.15,0.01,0.06,7.26,0.0,Nov,6,2,3,8,Returning_Visitor,False,False
3,0.0,0,1.56,55,6100.53,0.01,0.03,0.0,0.03,May,2,2,1,2,Returning_Visitor,False,False
0,0.0,0,0.0,89,1127.81,0.06,0.12,0.81,0.03,May,3,2,1,3,Returning_Visitor,False,False
3,13.72,1,1.3,85,65.0,0.0,0.04,1.24,0.6,Nov,2,2,1,3,Returning_Visitor,False,False
0,23.82,0,0.0,59,1234.56,0.01,0.03,2.56,0.0,Nov,2,4,4,2,Returning_Visitor,True,False
3,10.85,0,38.54,14,1366.23,0.02,0.02,18.72,0.0,Nov,2,2,3,2,Returning_Visitor,False,False
0,0.0,0,0.0,57,883.55,0.01,0.03,0.0,0.03,Nov,2,2,1,1,Returning_Visitor,False,False
0,32.53,0,2.2,8,64.23,0.2,0.13,0.0,0.0,Mar,1,1,1,2,Returning_Visitor,False,False
2,18.37,0,0.0,1,0.0,0.19,0.14,0.53,0.03,Mar,3,2,3,1,Returning_Visitor,False,False
0,2.34,0,1.15,56,1201.77,0.01,0.04,0.0,0.03,Nov,2,2,1,2,Returning_Visitor,False,False
5,26.39,0,0.0,55,1246.67,0.02,0.04,0.0,0.03,May,3,2,2,2,Returning_Visitor,True,False
0,11.61,0,1.24,15,133.76,0.01,0.03,0.0,0.03,Mar,1,1,1,3,Returning_Visitor,True,False
0,16.03,0,1.44,15,0.0,0.2,0.2,0.0,0.0,Mar,2,1,3,2,Returning_Visitor,False,False
3,29.34,4,2.69,13,1102.5,0.01,0.05,1.3,0.04,Nov,3,2,1,3,Returning_Visitor,True,False
2,63.0,0,0.0,45,43.75,0.02,0.02,0.0,0.0,Nov,1,2,3,2,Returning_Visitor,False,False
0,26.71,0,1.46,5,110.37,0.2,0.2,0.0,0.05,Dec,1,1,1,2,Returning_Visitor,False,False
9,76.54,0,1.21,6,64.21,0.0,0.02,0.0,0.0,Nov,3,2,1,10,Returning_Visitor,True,False
4,172.0,0,1.5,67,1192.41,0.01,0.02,5.04,0.03,May,2,2,2,2,Returning_Visitor,False,False
0,0.0,0,1.72,10,76.11,0.0,0.02,1.53,0.0,Dec,2,1,1,2,Returning_Visitor,False,False
2,20.21,0,1.02,79,1269.54,0.01,0.03,1.36,0.03,Dec,2,2,1,1,Returning_Visitor,False,False
3,19.92,0,0.69,17,1288.23,0.01,0.01,1.47,0.03,Mar,2,2,1,3,Returning_Visitor,False,False
3,103.6,0,1.02,46,1319.89,0.01,0.02,0.0,0.03,Nov,1,1,1,3,Returning_Visitor,False,False
8,339.11,0,14.55,58,643.43,0.0,0.02,0.0,0.03,Oct,2,1,9,2,Returning_Visitor,False,False
4,25.85,0,0.0,70,24.0,0.01,0.03,2.7,0.03,Nov,1,1,3,2,Returning_Visitor,False,False
1,0.0,0,0.57,9,1181.72,0.01,0.02,0.0,0.03,Mar,2,2,1,3,Returning_Visitor,False,False
2,54.5,0,0.0,3,1301.35,0.01,0.03,1.91,0.03,Nov,1,2,1,2,New_Visitor,False,False
3,0.0,2,0.0,64,4597.58,0.01,0.03,2.43,0.0,Dec,2,2,1,2,Returning_Visitor,False,False
2,17.53,0,1.04,5,947.64,0.01,0.04,1.63,0.03,Nov,2,2,1,3,Returning_Visitor,False,False
3,588.3,0,1.0,65,1192.88,0.01,0.02,0.0,0.03,Nov,2,2,1,2,Returning_Visitor,False,False
3,28.93,0,1.58,28,1233.29,0.01,0.02,0.0,0.03,May,2,2,1,6,Returning_Visitor,False,False
3,173.97,0,0.0,41,930.37,0.02,0.02,0.0,0.0,Nov,2,2,1,4,Returning_Visitor,False,False
2,0.0,0,1.35,2,74.0,0.19,0.14,0.4,0.03,Mar,3,2,1,3,Returning_Visitor,False,False
2,77.5,0,0.0,35,2518.27,0.01,0.01,0.0,0.03,Jul,2,2,1,2,New_Visitor,True,False
3,0.0,0,0.89,23,76.5,0.01,0.05,0.0,0.0,Nov,2,1,1,5,Returning_Visitor,False,False
2,133.73,0,0.9,40,1209.8,0.01,0.01,0.0,0.0,Mar,1,1,2,2,Returning_Visitor,False,False
3,27.63,0,1.37,26,1296.12,0.01,0.01,1.07,0.03,May,1,1,3,2,Returning_Visitor,False,False
1,13.6,0,1.21,49,1205.91,0.04,0.02,2.02,0.0,Oct,2,2,1,3,Returning_Visitor,True,False
0,13.94,0,0.93,62,1248.71,0.01,0.03,3.46,0.03,May,2,2,8,1,Returning_Visitor,False,False
2,8.11,0,0.0,66,1068.28,0.0,0.12,0.02,0.03,Nov,1,1,1,3,Returning_Visitor,False,False
3,53.27,0,2.11,59,1342.45,0.01,0.02,2.32,0.0,Nov,2,2,1,11,Returning_Visitor,False,True
1,21.42,0,0.0,2,63.42,0.13,0.2,0.0,0.03,Nov,3,2,1,2,Returning_Visitor,True,False
1,0.0,0,12.92,65,1176.22,0.02,0.04,0.0,0.0,Mar,3,2,2,2,Returning_Visitor,True,False
0,12.02,0,0.98,3,12.0,0.03,0.06,2.83,0.03,Nov,2,2,1,3,Returning_Visitor,False,False
1,0.0,0,0.0,2,24.5,0.02,0.02,5.14,0.0,Dec,2,2,2,2,Returning_Visitor,False,False
6,51.22,1,19.0,40,1209.82,0.0,0.01,0.0,0.03,Mar,2,2,1,2,New_Visitor,True,False
3,1.49,0,1.43,56,1197.0,0.0,0.02,1.35,0.0,Nov,2,2,1,2,Returning_Visitor,False,True
2,25.94,0,1.4,69,1405.37,0.05,0.06,0.0,0.03,Nov,3,2,1,1,Returning_Visitor,False,False
2,89.33,0,1.85,22,933.22,0.01,0.03,0.0,0.03,Mar,2,2,1,2,Returning_Visitor,False,False
3,47.2,0,0.0,2,12.0,0.0,0.02,6.82,0.03,Mar,2,2,4,2,New_Visitor,False,False
15,60.35,0,9.46,56,1342.14,0.01,0.01,0.86,0.03,Mar,2,2,3,3,New_Visitor,True,False
3,53.74,0,0.61,21,1203.74,0.0,0.02,32.18,0.03,Nov,2,2,1,2,Returning_Visitor,False,False
3,36.9,0,2.89,45,1346.97,0.0,0.02,0.83,0.03,Mar,2,2,1,3,Returning_Visitor,False,True
3,0.0,0,2.77,64,653.4,0.04,0.02,2.65,0.03,Mar,2,2,2,13,Returning_Visitor,False,False
1,8.0,2,64.1,57,4266.24,0.0,0.02,2.07,0.03,Nov,3,2,1,2,Returning_Visitor,False,False
3,111.09,0,1.27,68,2524.72,0.01,0.02,0.51,0.0,Mar,3,2,6,1,Returning_Visitor,False,False
2,12.75,0,1.18,78,550.76,0.2,0.2,0.0,0.0,Nov,2,2,3,13,Returning_Visitor,False,False
1,149.5,0,0.0,55,1562.33,0.04,0.02,5.29,0.2,May,2,2,1,2,Returning_Visitor,False,False
3,122.25,2,33.5,44,1205.71,0.01,0.01,2.95,0.0,Nov,1,2,1,2,Returning_Visitor,False,False
5,47.19,0,2.05,67,939.78,0.0,0.01,0.0,0.03,Nov,2,2,1,2,New_Visitor,True,True
0,21.14,0,1.81,3,1108.1,0.02,0.02,0.0,0.03,Mar,1,2,9,2,Returning_Visitor,False,False
0,0.0,0,0.0,11,1206.35,0.0,0.03,0.0,0.03,May,1,1,1,1,Returning_Visitor,False,False
3,279.0,0,0.76,0,0.0,0.0,0.02,1.69,0.0,Nov,3,2,1,5,Returning_Visitor,False,False
1,0.0,0,2.5,55,2406.92,0.01,0.02,0.51,0.03,Nov,2,2,1,2,Returning_Visitor,False,False
3,50.29,0,0.0,67,3346.97,0.02,0.01,7.8,0.03,Nov,2,6,1,3,Returning_Visitor,False,False
3,24.18,0,0.99,62,1215.56,0.0,0.01,2.04,0.03,Nov,2,2,1,2,Returning_Visitor,False,False
0,0.0,0,1.32,16,103.5,0.0,0.03,5.44,0.03,Dec,1,1,4,2,Returning_Visitor,False,False
7,24.28,0,2.02,65,1705.79,0.01,0.02,16.46,0.03,May,2,2,1,4,Returning_Visitor,False,False
3,10.65,0,0.0,86,1000.67,0.0,0.02,0.0,0.0,Nov,1,1,3,2,Returning_Visitor,True,False
3,77.83,0,0.98,26,1336.06,0.02,0.04,0.71,0.03,Nov,1,2,3,3,Returning_Visitor,False,False
4,34.28,2,1.88,67,2199.98,0.01,0.03,0.0,0.03,Nov,1,1,1,2,Returning_Visitor,False,False
2,18.83,0,0.0,26,1263.06,0.0,0.06,1.71,0.03,Aug,2,2,1,2,Returning_Visitor,False,False
0,21.04,0,0.0,95,1348.08,0.06,0.04,0.0,0.03,Mar,3,2,1,2,Returning_Visitor,False,False
2,15.96,0,1.12,22,319.35,0.01,0.03,0.69,0.0,Nov,3,2,1,3,Returning_Visitor,True,False
1,0.0,0,0.0,9,1169.29,0.0,0.03,3.16,0.03,Dec,1,1,1,2,Returning_Visitor,False,False
9,216.23,1,3.42,310,1201.34,0.01,0.01,0.29,0.03,Nov,2,2,1,2,Returning_Visitor,False,False
2,40.71,0,0.0,30,1206.23,0.04,0.06,3.22,0.0,May,2,2,6,13,Returning_Visitor,False,False
9,124.12,0,1.59,35,1251.74,0.01,0.03,2.8,0.03,Mar,2,2,1,2,Returning_Visitor,False,False
3,338.0,0,519.67,48,1336.77,0.02,0.04,19.24,0.03,May,3,2,2,2,Returning_Visitor,False,True
0,19.55,0,0.0,2,64.4,0.0,0.1,2.23,0.03,Nov,2,2,1,20,Returning_Visitor,False,False
3,7.94,0,2.32,64,1212.81,0.0,0.02,0.0,0.0,May,2,2,1,4,Returning_Visitor,False,False
1,19.53,0,0.0,2,69.98,0.0,0.1,0.02,0.03,Nov,2,2,3,2,Returning_Visitor,True,False
2,0.0,0,1.76,67,1299.18,0.01,0.01,0.0,0.03,May,2,7,1,4,Returning_Visitor,False,False
6,82.38,0,0.0,55,663.28,0.01,0.01,3.09,0.0,Nov,1,1,1,2,Returning_Visitor,False,False
3,276.51,1,38.0,52,1149.9,0.02,0.05,10.71,0.06,May,3,2,2,2,Returning_Visitor,True,False
3,26.89,1,0.0,59,1258.91,0.02,0.02,0.82,0.03,Mar,3,2,1,3,Returning_Visitor,False,False
0,16.82,0,1.25,55,1195.69,0.04,0.04,0.05,0.0,Mar,3,2,2,2,Returning_Visitor,False,False
3,35.52,0,1.88,73,305.43,0.0,0.02,0.72,0.03,May,2,2,3,11,Returning_Visitor,False,False
3,7.85,0,0.0,12,1074.5,0.01,0.03,0.48,0.0,Nov,2,2,1,2,Returning_Visitor,False,False
1,7.67,1,31.86,98,6212.78,0.01,0.03,0.0,0.0,Nov,3,2,1,2,Returning_Visitor,False,False
2,39.03,0,0.0,32,1427.68,0.0,0.02,3.71,0.03,Mar,2,4,3,3,Returning_Visitor,False,True
0,0.0,0,0.0,1,0.0,0.2,0.13,0.0,0.0,May,1,1,1,2,Returning_Visitor,False,False
0,13.71,0,1.53,45,1289.7,0.03,0.02,1.15,0.8,Mar,2,2,1,1,Returning_Visitor,False,False
3,82.93,0,0.76,20,1134.42,0.04,0.03,0.0,0.0,June,1,1,4,3,Returning_Visitor,False,False
2,46.73,0,0.0,15,42.0,0.04,0.14,0.0,0.03,May,2,2,1,13,Returning_Visitor,False,False
3,0.0,0,1.09,64,5996.02,0.01,0.02,0.07,0.03,May,2,2,8,4,Returning_Visitor,True,False
1,9.65,0,1.75,1,67.6,0.2,0.2,0.0,0.03,Mar,3,2,1,2,Returning_Visitor,False,False
0,17.54,0,1.18,63,69.87,0.01,0.03,0.17,0.03,Nov,1,1,1,3,Returning_Visitor,False,False
2,287.06,0,0.0,44,1218.18,0.01,0.02,3.32,0.0,Oct,2,2,1,3,Returning_Visitor,False,True
0,34.71,0,0.0,3,64.28,0.03,0.2,4.2,0.6,May,2,2,1,3,Returning_Visitor,False,False
2,31.93,0,1.82,67,198.52,0.0,0.03,1.51,0.03,Mar,1,1,1,1,Returning_Visitor,False,False
3,25.2,0,0.86,54,844.29,0.01,0.02,0.55,0.03,May,3,2,4,3,Returning_Visitor,False,False
1,10.5,3,264.75,195,1088.11,0.01,0.02,2.09,0.03,Dec,2,2,1,3,Returning_Visitor,False,False
0,86.92,0,0.0,53,1618.2,0.02,0.02,4.23,0.03,Oct,2,8,1,2,Returning_Visitor,True,False
0,2.84,1,30.13,61,1254.46,0.01,0.02,0.69,0.03,Mar,2,2,3,3,Returning_Visitor,False,False
3,35.45,0,1.31,10,1302.49,0.01,0.02,1.63,0.03,May,3,2,1,1,Returning_Visitor,False,False
15,370.27,12,0.67,46,1002.67,0.02,0.03,3.36,0.0,Mar,2,1,3,2,Returning_Visitor,False,True
4,63.9,4,3.52,56,1365.22,0.02,0.02,1.18,0.0,Mar,2,2,3,2,Returning_Visitor,False,False
11,100.43,0,1.12,44,1320.88,0.01,0.03,1.26,0.03,Nov,2,2,3,8,Returning_Visitor,True,False
2,16.1,0,1.58,13,1259.32,0.01,0.02,0.3,0.8,May,3,2,1,3,Returning_Visitor,False,False
2,36.0,0,0.09,42,168.85,0.0,0.01,4.46,0.03,Mar,2,2,1,2,New_Visitor,False,False
0,14.15,0,1.01,10,0.0,0.2,0.2,0.11,0.0,Nov,4,1,1,2,Returning_Visitor,False,False
3,15.0,0,1.53,36,1077.16,0.02,0.05,1.27,0.0,Nov,2,2,1,2,Returning_Visitor,True,False
3,0.0,0,0.99,54,1306.0,0.05,0.12,2.63,0.03,Nov,2,2,1,2,Returning_Visitor,False,False
0,3.06,0,0.0,17,1191.29,0.0,0.02,1.8,0.03,Mar,1,1,1,2,Returning_Visitor,False,False
2,0.0,0,0.7,15,467.23,0.06,0.02,0.56,0.0,May,2,2,3,3,Returning_Visitor,False,False
2,90.0,0,1.92,75,1091.23,0.01,0.03,10.08,0.03,Mar,3,2,3,8,Returning_Visitor,True,True
4,102.0,0,0.0,55,1221.09,0.0,0.02,60.46,0.03,Nov,1,1,3,4,Returning_Visitor,False,True
8,349.75,0,1.46,69,1164.26,0.01,0.01,1.26,0.03,May,2,2,2,13,Returning_Visitor,False,False
0,0.0,0,2.0,55,951.0,0.01,0.02,0.0,0.0,Mar,1,1,1,1,Returning_Visitor,False,False
0,16.67,0,1.14,5,225.75,0.05,0.05,0.43,0.03,Mar,3,2,5,2,Returning_Visitor,True,False
2,88.6,0,0.0,67,1312.08,0.01,0.01,0.0,0.03,Mar,1,2,1,3,Returning_Visitor,False,False
3,32.2,0,1.64,17,1197.76,0.0,0.02,1.38,0.0,Nov,2,2,8,3,Returning_Visitor,False,True
8,34.89,1,9.65,54,1603.33,0.01,0.03,0.26,0.4,May,2,2,5,4,Returning_Visitor,False,False
1,20.74,0,0.0,4,228.5,0.06,0.04,0.53,0.4,Nov,3,2,1,3,Returning_Visitor,False,False
0,0.0,0,0.0,49,115.92,0.02,0.02,0.68,0.03,Nov,1,1,1,3,Returning_Visitor,False,False
0,37.39,0,1.5,46,16.0,0.06,0.02,1.76,0.0,Dec,2,2,7,3,Returning_Visitor,False,False
6,50.08,0,1.54,29,1319.25,0.0,0.02,12.46,0.03,Nov,2,2,1,8,New_Visitor,False,True
1,19.54,0,0.91,17,1340.58,0.06,0.02,1.76,0.0,Nov,3,2,1,3,Returning_Visitor,False,True
1,3.0,1,2.67,66,1185.01,0.0,0.01,0.0,0.03,Nov,2,2,1,2,New_Visitor,False,False
2,15.0,2,639.98,108,6740.56,0.02,0.03,24.8,0.03,Nov,2,2,1,2,Returning_Visitor,False,True
0,43.6,0,0.0,6,1399.76,0.0,0.02,0.0,0.03,Mar,2,2,1,13,Returning_Visitor,False,False
2,20.0,0,0.97,45,1195.12,0.0,0.02,11.34,0.03,May,2,1,1,2,Returning_Visitor,False,False
6,352.69,1,306.1,41,2690.75,0.0,0.01,22.66,0.03,Nov,2,2,1,2,Returning_Visitor,False,False
2,15.86,0,0.97,72,1181.24,0.01,0.04,0.0,0.03,Nov,2,2,1,1,Returning_Visitor,False,False
0,0.0,0,2.43,1,0.0,0.2,0.02,4.28,0.03,May,2,6,2,2,Returning_Visitor,False,False
6,47.05,0,1.77,49,1252.62,0.01,0.02,4.38,0.4,May,2,2,4,2,Returning_Visitor,False,False
2,272.68,7,2.15,44,5703.76,0.0,0.03,8.92,0.03,Mar,2,2,1,3,Returning_Visitor,False,True
2,0.0,0,0.0,5,0.0,0.19,0.2,0.4,0.03,Mar,3,2,1,1,Returning_Visitor,False,False
2,0.0,0,1.15,7,360.75,0.01,0.02,0.96,0.03,Mar,1,1,1,2,New_Visitor,True,False
8,187.77,1,1.36,98,2138.48,0.01,0.01,28.75,0.03,May,2,2,3,2,Returning_Visitor,False,False
0,10.34,0,0.0,19,801.58,0.01,0.04,2.54,0.04,May,1,1,1,3,Returning_Visitor,True,False
0,2.69,0,1.19,23,1219.3,0.02,0.01,2.17,0.03,May,2,2,1,2,Returning_Visitor,True,False
0,3.56,0,1.3,30,1014.38,0.01,0.03,1.89,0.03,Dec,2,2,1,2,Returning_Visitor,True,False
0,23.9,0,0.0,19,1222.7,0.01,0.05,0.0,0.0,Mar,2,2,1,1,Returning_Visitor,False,False
1,21.89,0,1.15,18,2014.42,0.01,0.03,9.96,0.03,May,2,1,3,2,Returning_Visitor,False,False
0,15.66,0,0.0,10,0.0,0.2,0.14,0.0,0.07,Nov,3,2,1,2,Returning_Visitor,False,False
10,937.17,2,5.86,101,1156.91,0.01,0.02,2.53,0.03,Mar,1,2,5,2,Returning_Visitor,False,False
1,4.4,0,0.0,63,1227.02,0.01,0.01,11.56,0.03,Nov,2,2,1,2,New_Visitor,False,False
0,16.13,0,0.58,72,3313.46,0.01,0.02,0.44,0.0,Nov,2,2,1,2,Returning_Visitor,False,False
1,504.3,0,0.0,81,1187.56,0.05,0.06,0.0,0.03,Nov,3,2,3,2,Returning_Visitor,False,False
1,473.7,0,42.4,43,2101.69,0.01,0.02,4.08,0.0,Jul,3,2,8,1,Returning_Visitor,False,False
2,0.0,0,1.5,27,1747.7,0.01,0.03,1.73,0.03,May,2,4,1,1,Returning_Visitor,False,False
0,0.0,0,0.0,69,407.75,0.02,0.03,2.36,0.4,Feb,1,2,1,2,Returning_Visitor,False,False
3,39.53,0,0.0,40,1280.98,0.01,0.02,0.0,0.03,Nov,3,2,2,3,Returning_Visitor,True,False
0,7.23,0,1.1,74,1208.89,0.01,0.02,2.65,0.0,Nov,2,2,3,2,Returning_Visitor,False,False
0,0.0,0,0.88,9,108.0,0.0,0.04,3.49,0.0,Nov,2,2,1,2,Returning_Visitor,False,False
0,7.33,0,0.85,15,580.08,0.01,0.02,0.0,0.0,Nov,2,2,1,3,Returning_Visitor,False,False
2,58.5,0,0.04,28,968.67,0.01,0.02,14.03,0.03,Nov,2,5,1,2,Returning_Visitor,False,True
1,0.0,0,1.15,19,1203.66,0.0,0.03,0.0,0.03,Dec,2,2,1,3,Returning_Visitor,False,False
0,0.0,0,0.0,45,1209.61,0.04,0.02,2.09,0.0,Jul,3,2,1,3,Returning_Visitor,False,False
4,0.0,0,0.0,50,213.5,0.02,0.02,0.99,0.03,Nov,2,10,1,1,Returning_Visitor,False,False
0,38.26,0,1.09,64,155.9,0.02,0.02,1.03,0.0,May,2,2,1,20,Returning_Visitor,False,False
8,146.6,2,25.11,55,5545.93,0.01,0.02,1.84,0.0,Mar,2,2,5,2,Returning_Visitor,False,False
0,3.19,0,1.79,11,0.0,0.2,0.14,0.43,0.0,May,2,2,1,3,Returning_Visitor,False,False
3,163.0,0,0.0,52,1232.41,0.01,0.02,1.71,0.03,Oct,3,2,2,3,New_Visitor,True,False
2,0.0,0,0.0,63,67.85,0.2,0.1,0.0,0.03,Nov,2,1,4,2,Returning_Visitor,False,False
0,20.29,0,0.0,8,0.0,0.18,0.14,0.28,0.03,Nov,1,2,1,1,Returning_Visitor,False,False
0,2.99,0,0.0,33,1293.64,0.02,0.02,61.22,0.03,May,2,2,1,2,Returning_Visitor,False,True
0,0.0,0,1.33,8,642.0,0.0,0.03,109.12,0.03,Nov,2,2,3,2,New_Visitor,False,True
5,59.84,0,0.63,45,1055.56,0.01,0.02,20.28,0.03,May,2,2,2,2,Returning_Visitor,False,True
3,84.84,0,0.0,30,1184.08,0.01,0.03,0.0,0.0,Nov,3,2,2,3,Returning_Visitor,True,False
1,0.0,0,0.0,70,1030.97,0.04,0.05,1.25,0.03,Mar,2,2,1,3,Returning_Visitor,False,True
1,19.82,0,1.23,8,259.2,0.01,0.01,0.0,0.03,Sep,2,2,1,2,New_Visitor,False,False
3,54.79,0,0.0,133,3068.92,0.01,0.02,1.79,0.03,May,2,2,3,3,Returning_Visitor,False,False
0,0.0,0,0.63,9,1225.59,0.01,0.02,1.18,0.0,Mar,2,2,1,3,Returning_Visitor,False,False
1,95.25,2,19.0,80,1026.22,0.01,0.03,83.97,0.0,Mar,2,2,1,2,Returning_Visitor,False,True
1,0.0,0,0.83,55,1391.74,0.01,0.01,0.59,0.0,May,2,2,1,4,Returning_Visitor,False,False
2,149.5,0,1.28,6,958.26,0.01,0.01,2.75,0.0,Nov,2,1,1,2,Returning_Visitor,False,True
7,194.32,2,129.0,57,2103.48,0.0,0.03,1.26,0.03,Nov,2,2,1,3,Returning_Visitor,False,False
3,16.47,0,0.0,66,203.15,0.01,0.05,0.0,0.03,Mar,2,2,8,3,Returning_Visitor,False,False
9,726.37,0,0.0,48,1150.09,0.01,0.02,8.07,0.0,Nov,2,2,2,2,Returning_Visitor,False,True
3,54.4,2,14.02,55,2170.29,0.01,0.02,12.45,0.0,Mar,2,2,1,10,Returning_Visitor,False,True
2,18.95,0,1.13,12,1241.19,0.01,0.03,1.1,0.0,May,2,4,1,3,Returning_Visitor,False,False
2,26.28,0,1.1,4,54.0,0.01,0.05,0.0,0.15,Dec,1,1,2,2,Returning_Visitor,False,False
5,548.31,0,448.5,68,1738.3,0.0,0.02,0.0,0.03,Mar,2,2,1,4,Returning_Visitor,False,False
3,95.0,0,1.18,10,445.0,0.02,0.03,0.0,0.0,Mar,2,2,4,2,Returning_Visitor,False,False
1,31.1,1,16.0,45,1123.2,0.01,0.03,0.0,0.0,Nov,2,4,1,4,Returning_Visitor,False,False
3,61.3,0,0.0,23,864.01,0.0,0.03,13.52,0.03,Nov,2,4,9,2,Returning_Visitor,False,False
3,26.5,0,0.0,7,416.46,0.01,0.02,2.02,0.0,Nov,3,2,1,2,Returning_Visitor,False,True
2,23.92,0,40.0,53,992.88,0.01,0.08,0.0,0.03,Mar,2,6,1,2,Returning_Visitor,False,False
2,42.23,0,0.84,46,1262.37,0.0,0.02,14.84,0.0,Dec,2,2,1,2,Returning_Visitor,False,True
7,91.0,0,0.0,55,297.12,0.01,0.02,16.69,0.03,Mar,2,2,6,3,Returning_Visitor,False,False
2,54.62,0,0.0,2,185.54,0.0,0.0,3.12,0.03,Mar,2,2,1,3,New_Visitor,False,True
2,19.65,0,1.24,65,162.0,0.0,0.03,2.46,0.0,May,2,2,1,4,Returning_Visitor,False,False
0,0.0,0,0.0,69,1241.42,0.01,0.01,1.1,0.0,Nov,2,2,1,2,Returning_Visitor,False,False
0,22.99,0,0.0,10,267.25,0.01,0.01,0.0,0.0,Mar,2,4,7,2,New_Visitor,False,False
0,2.04,0,0.18,22,473.5,0.0,0.01,0.0,0.03,Nov,2,2,3,2,Returning_Visitor,False,False
0,12.73,0,0.23,15,1439.92,0.02,0.06,2.3,0.0,Nov,2,2,3,1,Returning_Visitor,False,False
3,27.51,0,0.0,37,600.4,0.02,0.02,0.0,0.03,Aug,2,2,1,2,Returning_Visitor,True,False
0,0.0,1,9.0,56,1108.46,0.0,0.03,0.0,0.03,Nov,2,2,1,2,Returning_Visitor,False,True
2,5.96,0,0.0,16,494.0,0.0,0.02,0.4,0.0,Mar,1,2,1,3,Returning_Visitor,False,False
8,343.07,2,53.4,62,1372.88,0.01,0.01,4.71,0.03,Mar,4,2,1,2,Returning_Visitor,False,False
2,28.82,0,0.0,103,1934.99,0.03,0.01,1.29,0.65,May,3,2,1,13,Returning_Visitor,False,False
3,42.99,0,1.72,30,3959.45,0.02,0.06,4.11,0.03,Nov,2,2,6,3,Returning_Visitor,False,False
2,13.81,0,3.64,1,0.0,0.19,0.1,0.67,0.03,Nov,3,2,3,1,Returning_Visitor,False,False
0,34.67,0,1.43,68,1198.61,0.04,0.02,0.47,0.85,Nov,4,2,4,2,Returning_Visitor,False,True
2,25.74,0,505.17,53,1220.36,0.01,0.03,0.0,0.0,Dec,2,2,1,2,Returning_Visitor,False,False
7,271.3,3,8.48,50,1358.87,0.01,0.03,10.07,0.0,Nov,1,2,2,2,Returning_Visitor,False,False
3,8.24,0,1.69,19,281.0,0.01,0.04,0.0,0.03,May,1,2,1,2,Returning_Visitor,False,False
9,286.93,0,1.4,119,7609.82,0.01,0.02,0.0,0.03,Mar,2,2,1,4,Returning_Visitor,False,False
0,13.43,0,2.18,8,1149.45,0.0,0.02,0.0,0.03,Dec,2,2,1,2,Returning_Visitor,False,False
3,29.15,0,0.0,31,1194.04,0.0,0.03,0.66,0.0,May,2,2,2,4,Returning_Visitor,False,False
1,46.4,0,1.76,63,1331.15,0.0,0.03,12.87,0.03,Aug,1,1,1,5,New_Visitor,False,True
4,122.5,0,1.16,66,1227.05,0.01,0.01,0.0,0.03,May,2,2,1,2,Returning_Visitor,False,False
7,189.35,3,3.64,22,1166.3,0.01,0.03,1.61,0.03,May,2,2,1,2,Returning_Visitor,False,False
0,0.0,0,1.65,6,0.0,0.19,0.13,0.0,0.0,Nov,1,2,1,1,Returning_Visitor,False,False
0,8.41,0,2.9,12,64.48,0.2,0.09,0.14,0.03,May,1,2,1,3,Returning_Visitor,False,False
3,54.77,3,67.01,54,1269.54,0.01,0.01,0.46,0.03,Mar,2,2,1,2,Returning_Visitor,False,False
0,2.26,0,0.13,51,1233.71,0.01,0.03,0.41,0.0,Mar,2,4,3,3,Returning_Visitor,False,False
0,0.0,0,1.68,62,1289.25,0.0,0.02,4.56,0.03,May,2,2,1,4,Returning_Visitor,False,True
2,0.0,0,1.86,7,205.5,0.03,0.01,3.54,0.03,Mar,2,2,3,13,Returning_Visitor,False,False
3,19.45,0,1.11,57,282.08,0.05,0.06,2.39,0.03,Nov,2,2,1,1,Returning_Visitor,False,False
3,89.0,0,0.82,11,417.75,0.01,0.03,0.91,0.03,Mar,2,2,1,3,Returning_Visitor,False,False
0,7.06,0,0.43,24,1146.45,0.01,0.03,5.06,0.03,Dec,3,2,1,2,Returning_Visitor,True,False
3,28.5,0,1.83,96,1305.19,0.01,0.01,0.0,0.03,Nov,1,2,1,2,Returning_Visitor,False,False
7,57.07,0,0.42,40,1591.89,0.01,0.01,17.09,0.03,Nov,2,2,3,1,Returning_Visitor,False,True
0,4.43,0,0.8,3,1005.9,0.01,0.07,1.25,0.0,Nov,2,2,1,1,Returning_Visitor,False,False
1,34.35,0,1.44,4,0.0,0.02,0.2,0.0,0.0,Nov,1,1,1,1,Returning_Visitor,False,False
3,18.83,0,0.0,9,242.75,0.01,0.06,9.26,0.03,Nov,2,2,7,2,Returning_Visitor,False,False
3,10.0,0,1.7,55,660.82,0.0,0.03,1.59,0.03,Nov,2,4,1,3,Returning_Visitor,False,False
6,348.35,1,9.57,63,1167.74,0.01,0.02,13.01,0.0,Nov,1,1,1,2,Returning_Visitor,False,True
1,19.81,0,0.0,14,685.0,0.0,0.02,0.56,0.0,Mar,2,2,1,1,Returning_Visitor,False,False
1,0.0,0,1.65,63,1232.59,0.0,0.01,113.32,0.0,Oct,2,2,1,2,Returning_Visitor,True,True
3,0.0,0,0.0,57,1227.65,0.01,0.03,0.0,0.4,May,2,2,2,1,Returning_Visitor,False,False
0,27.55,0,0.0,49,1212.47,0.0,0.02,2.76,0.03,Mar,2,1,4,1,Returning_Visitor,False,False
3,23.36,2,7.0,43,1353.7,0.0,0.01,0.0,0.0,Dec,2,13,9,3,Returning_Visitor,False,False
3,33.0,0,0.0,55,1499.01,0.05,0.08,0.0,0.0,Oct,2,2,6,2,Returning_Visitor,False,False
2,6.57,0,1.4,44,99.7,0.01,0.03,0.81,0.03,May,1,2,1,1,Returning_Visitor,False,False
0,8.78,0,0.0,7,773.38,0.05,0.02,0.18,0.03,Mar,2,2,1,1,Returning_Visitor,False,False
0,0.0,0,2.48,1,63.6,0.2,0.07,0.0,0.0,May,2,1,3,2,Returning_Visitor,False,False
3,29.47,0,1.32,19,118.0,0.01,0.08,1.79,0.0,Nov,2,2,2,2,Returning_Visitor,True,False
2,4.97,0,1.7,63,1039.35,0.03,0.02,0.0,0.0,Dec,2,2,1,2,Returning_Visitor,True,False
3,269.8,0,107.02,112,1217.19,0.01,0.01,13.3,0.2,May,2,2,4,2,Returning_Visitor,False,True
3,52.95,0,0.0,53,1400.44,0.0,0.01,0.29,0.03,Mar,2,2,1,1,Returning_Visitor,False,False
8,44.95,1,30.5,48,4643.28,0.0,0.02,10.12,0.03,Nov,2,2,1,2,Returning_Visitor,False,True
2,34.83,0,1.2,30,709.83,0.03,0.05,0.0,0.03,Mar,1,1,1,1,Returning_Visitor,False,False
0,21.26,0,1.14,13,117.5,0.08,0.12,1.11,0.03,May,2,2,1,3,Returning_Visitor,False,False
0,33.46,0,1.24,2,21.2,0.0,0.1,0.04,0.03,Mar,2,2,5,2,Returning_Visitor,False,False
0,34.45,0,0.62,69,1033.0,0.01,0.03,0.0,0.03,Mar,2,2,3,2,Returning_Visitor,False,False
1,2.69,0,0.78,17,1292.12,0.0,0.01,6.75,0.0,May,2,2,1,2,Returning_Visitor,False,False
3,24.75,1,1.21,49,2338.57,0.02,0.02,9.61,0.03,Nov,3,2,4,3,Returning_Visitor,False,True
2,17.0,0,0.0,23,1381.7,0.02,0.04,0.0,0.4,May,2,2,1,1,Returning_Visitor,False,False
3,55.21,0,1.27,88,1341.98,0.0,0.02,5.47,0.03,Oct,2,2,7,3,New_Visitor,False,False
1,14.0,0,5.27,54,1233.31,0.01,0.02,0.0,0.0,Nov,2,2,4,2,Returning_Visitor,False,False
1,0.0,0,0.0,83,927.72,0.01,0.02,0.32,0.03,Mar,2,2,3,4,Returning_Visitor,True,False
2,38.74,0,0.92,7,191.0,0.0,0.03,0.0,0.03,May,2,2,1,2,Returning_Visitor,False,False
0,3.0,0,0.0,77,1134.26,0.0,0.03,0.0,0.0,Nov,2,2,1,1,Returning_Visitor,False,False
3,65.27,0,1.91,66,304.52,0.01,0.01,0.09,0.0,Nov,1,2,1,2,Returning_Visitor,False,False
0,0.0,0,0.0,36,1116.47,0.01,0.03,2.14,0.03,Oct,3,2,1,1,Returning_Visitor,False,False
1,19.83,0,1.7,9,0.0,0.2,0.2,0.0,0.03,Mar,1,1,1,1,Returning_Visitor,False,False
2,0.0,0,0.0,73,1241.75,0.01,0.01,47.84,0.0,Nov,2,2,1,3,New_Visitor,False,True
2,275.91,1,606.75,66,1111.69,0.01,0.03,1.27,0.0,May,2,2,1,6,Returning_Visitor,False,False
3,83.8,0,0.0,20,1048.78,0.0,0.01,0.0,0.03,Mar,1,2,1,3,Returning_Visitor,False,False
2,14.84,0,1.07,17,421.0,0.01,0.01,5.49,0.03,Dec,2,2,1,2,Returning_Visitor,False,False
0,0.0,0,1.43,2,66.9,0.18,0.02,0.0,0.21,Nov,3,2,1,2,Returning_Visitor,True,False
0,32.07,0,0.0,12,680.5,0.0,0.02,61.12,0.03,Dec,2,2,1,2,Returning_Visitor,False,True
2,49.77,0,1.43,53,1258.8,0.01,0.02,4.94,0.03,Nov,2,2,1,2,Returning_Visitor,False,True
1,19.94,0,3.23,14,639.0,0.01,0.03,0.83,0.03,Mar,1,1,1,9,Returning_Visitor,False,True
0,0.0,0,0.0,42,1185.04,0.01,0.1,0.0,0.0,Nov,2,2,3,2,Returning_Visitor,False,False
0,0.0,0,0.0,73,1172.43,0.01,0.02,4.03,0.0,Mar,2,4,7,2,Returning_Visitor,False,False
1,42.75,0,0.0,31,2526.48,0.02,0.06,1.15,0.0,Nov,2,2,1,3,Returning_Visitor,False,False
5,48.56,0,0.0,71,308.7,0.01,0.02,0.0,0.0,Sep,2,4,2,2,New_Visitor,False,False
3,36.25,0,10.0,64,2109.92,0.01,0.03,0.76,0.03,Dec,2,2,3,2,Returning_Visitor,False,False
2,0.0,0,1.46,96,1540.3,0.06,0.02,0.0,0.03,Nov,2,2,3,2,Returning_Visitor,False,False
1,15.68,0,0.0,37,1052.33,0.0,0.06,4.8,0.0,Nov,2,2,3,2,Returning_Visitor,False,False
0,14.51,0,1.95,59,0.0,0.15,0.2,0.0,0.0,Mar,2,2,1,1,Returning_Visitor,False,False
1,8.1,0,0.0,103,96.55,0.02,0.02,3.31,0.0,Dec,2,2,1,2,Returning_Visitor,False,False
0,0.0,0,0.0,49,1303.34,0.0,0.02,1.11,0.03,May,3,2,1,2,Returning_Visitor,False,False
3,19.0,0,0.0,34,344.0,0.0,0.02,0.0,0.03,Mar,2,4,2,2,Returning_Visitor,False,False
0,0.0,0,0.0,55,815.83,0.01,0.02,1.2,0.03,Nov,2,4,1,2,Returning_Visitor,False,False
0,3.22,0,1.18,27,1208.31,0.01,0.01,0.53,0.03,Nov,3,2,4,3,Returning_Visitor,False,False
0,30.55,0,1.34,8,0.0,0.2,0.14,0.21,0.03,Nov,2,1,1,3,Returning_Visitor,False,False
1,2.98,0,0.96,14,1180.23,0.0,0.02,0.59,0.0,Nov,2,2,1,2,Returning_Visitor,True,True
4,35.5,0,0.84,63,9.5,0.0,0.01,1.84,0.03,Mar,2,2,1,2,New_Visitor,False,False
7,316.0,0,0.0,69,1155.38,0.01,0.03,2.61,0.03,Nov,2,5,1,1,Returning_Visitor,False,False
3,247.33,2,2.63,90,7221.0,0.01,0.0,2.37,0.0,Nov,2,2,1,8,Returning_Visitor,False,True
0,0.0,0,0.91,42,178.97,0.01,0.03,0.1,0.03,Mar,2,2,1,3,Returning_Visitor,False,False
0,0.0,0,1.25,57,74.5,0.06,0.03,2.49,0.03,Nov,2,2,1,3,Returning_Visitor,False,False
2,109.0,5,125.0,64,1189.26,0.0,0.01,0.0,0.0,May,2,2,1,3,Returning_Visitor,False,False
3,367.28,0,0.0,12,1106.31,0.01,0.02,0.0,0.03,Oct,3,2,1,13,Returning_Visitor,False,False
3,31.73,0,2.05,60,422.73,0.01,0.01,0.0,0.03,May,2,2,1,4,Returning_Visitor,False,False
0,3.94,0,0.0,22,1254.33,0.0,0.02,1.34,0.03,May,2,2,4,3,Returning_Visitor,False,False
1,19.89,0,1.18,58,243.0,0.01,0.05,0.45,0.03,Nov,1,2,6,3,Returning_Visitor,False,False
3,52.0,0,0.0,60,3451.75,0.01,0.01,0.04,0.03,Nov,3,2,1,2,Returning_Visitor,False,False
3,14.96,0,1.21,68,1095.77,0.01,0.03,0.29,0.03,Mar,2,2,7,3,Returning_Visitor,False,False
3,39.9,0,0.0,55,370.8,0.2,0.2,0.14,0.03,June,3,2,1,13,Returning_Visitor,False,False
2,7.28,0,0.0,6,1341.25,0.01,0.12,0.54,0.0,Nov,2,10,4,2,Returning_Visitor,False,False
2,1145.25,3,38.44,58,1189.75,0.0,0.02,1.46,0.0,Nov,3,2,1,2,Returning_Visitor,True,False
3,260.95,0,223.15,66,6606.73,0.01,0.02,4.08,0.03,Nov,4,2,1,1,Returning_Visitor,False,True
2,20.84,0,1.89,8,249.56,0.2,0.14,0.15,0.03,Nov,1,1,1,1,Returning_Visitor,False,False
0,15.52,0,0.0,58,1230.24,0.01,0.03,0.64,0.03,May,3,2,4,3,Returning_Visitor,False,False
3,19.66,0,0.0,37,192.17,0.01,0.02,1.54,0.0,Mar,2,2,1,3,Returning_Visitor,False,False
2,26.61,0,0.0,62,1209.16,0.01,0.01,0.0,0.0,May,2,2,8,3,Returning_Visitor,False,False
9,178.17,2,3.11,52,1171.23,0.01,0.02,12.13,0.03,May,2,2,4,6,Returning_Visitor,False,False
3,364.72,0,1.0,29,1251.15,0.01,0.02,0.41,0.0,May,3,2,1,13,Returning_Visitor,False,False
1,9.92,0,0.88,37,1212.8,0.01,0.02,0.53,0.03,Nov,2,2,1,2,Returning_Visitor,False,False
1,6.32,0,0.69,16,128.0,0.0,0.02,2.89,0.03,May,2,2,1,1,Returning_Visitor,False,False
1,173.47,0,1.95,3,1233.65,0.05,0.04,0.26,0.03,Mar,3,2,1,3,Returning_Visitor,False,False
3,25.65,0,1.46,48,315.25,0.01,0.01,2.48,0.0,May,2,2,1,5,New_Visitor,False,False
1,54.47,0,1.63,43,1245.45,0.01,0.02,4.74,0.03,Nov,3,2,1,3,New_Visitor,True,True
0,38.15,0,0.0,34,34.0,0.05,0.03,0.63,0.03,Mar,3,2,3,2,Returning_Visitor,False,False
2,53.84,0,1.0,55,0.0,0.01,0.1,0.0,0.03,Dec,2,2,3,8,Returning_Visitor,False,False
16,21.93,0,1.5,61,3593.13,0.01,0.03,0.0,0.0,May,1,2,1,2,Returning_Visitor,False,False
1,11.0,0,0.0,69,1255.14,0.01,0.02,7.88,0.0,Sep,1,8,3,1,Returning_Visitor,True,False
2,134.0,0,1.32,64,77.33,0.01,0.02,0.0,0.0,Mar,1,1,1,3,Returning_Visitor,False,False
2,19.74,0,0.0,61,302.24,0.01,0.07,0.56,0.03,Nov,2,2,1,1,Returning_Visitor,False,False
3,15.08,0,0.85,57,1217.48,0.01,0.02,0.45,0.03,May,2,2,1,3,Returning_Visitor,False,False
0,6.59,0,0.0,16,351.75,0.01,0.03,0.0,0.03,Nov,3,2,1,2,Returning_Visitor,False,False
2,21.03,0,0.0,22,0.0,0.2,0.2,0.37,0.03,Nov,2,10,3,2,Returning_Visitor,False,False
2,29.36,0,0.87,61,1163.49,0.01,0.04,0.3,0.03,Nov,2,2,1,1,Returning_Visitor,False,False
3,27.89,0,0.0,60,1294.99,0.01,0.0,1.35,0.0,Nov,3,2,1,2,New_Visitor,False,True
9,323.99,0,0.0,55,863.35,0.0,0.01,28.27,0.03,Nov,2,2,1,1,Returning_Visitor,False,True
0,0.0,0,0.0,54,1109.08,0.01,0.02,0.0,0.0,Dec,2,2,1,2,Returning_Visitor,False,False
0,0.0,0,1.66,58,4175.75,0.05,0.03,0.96,0.03,May,3,2,1,3,Returning_Visitor,True,False
1,17.07,0,3.76,76,66.1,0.01,0.12,0.04,0.0,Mar,2,2,1,6,Returning_Visitor,True,False
10,162.05,0,2.34,63,4306.5,0.02,0.01,0.0,0.03,Nov,1,2,1,3,Returning_Visitor,False,False
2,11.11,0,1.27,2,18.2,0.01,0.02,0.35,0.1,May,2,2,1,2,Returning_Visitor,False,True
3,57.99,0,45.33,111,876.34,0.0,0.03,0.28,0.03,Sep,2,2,8,3,Returning_Visitor,False,True
0,0.0,0,91.2,42,1302.22,0.04,0.02,3.35,0.0,Mar,2,2,1,20,Returning_Visitor,False,False
0,0.0,0,1.13,1,0.0,0.2,0.2,0.0,0.0,Nov,2,2,1,3,Returning_Visitor,False,False
9,156.04,0,0.0,23,558.0,0.01,0.03,1.15,0.03,June,2,5,1,3,Returning_Visitor,False,False
1,54.26,0,0.0,66,3944.39,0.01,0.02,3.3,0.03,Mar,2,2,1,3,Returning_Visitor,False,False
0,40.29,0,1.38,74,231.5,0.03,0.02,0.0,0.83,May,2,1,1,2,Returning_Visitor,False,False
3,26.96,0,0.0,39,1752.94,0.02,0.02,2.92,0.03,Nov,1,2,1,3,Returning_Visitor,False,False
1,76.0,0,2.21,20,1263.33,0.01,0.02,23.3,0.6,Nov,2,2,1,2,Returning_Visitor,False,True
0,0.0,0,0.64,58,1223.1,0.01,0.02,0.0,0.0,Dec,2,2,1,2,Returning_Visitor,True,False
6,175.0,0,0.0,6,262.0,0.0,0.04,0.0,0.03,Mar,1,1,1,2,Returning_Visitor,False,False
0,0.0,0,0.0,13,390.5,0.04,0.02,0.75,0.03,Mar,2,2,1,13,Returning_Visitor,False,False
0,4.4,0,0.23,60,1248.88,0.0,0.01,0.0,0.03,Nov,2,2,1,2,Returning_Visitor,False,False
2,0.0,0,0.0,57,1208.55,0.0,0.02,0.0,0.0,Aug,1,2,1,4,Returning_Visitor,False,False
1,31.35,0,1.19,58,1200.26,0.01,0.02,1.89,0.0,May,2,2,2,2,Returning_Visitor,False,False
1,174.0,0,0.8,9,605.24,0.01,0.07,0.0,0.0,Mar,2,1,3,2,Returning_Visitor,False,False
1,20.68,0,0.0,114,705.51,0.0,0.02,0.98,0.03,Nov,4,2,1,2,Returning_Visitor,False,True
1,0.0,0,0.0,20,1201.73,0.01,0.03,1.6,0.0,Nov,2,2,1,3,Returning_Visitor,False,False
3,0.0,0,0.0,18,1191.3,0.03,0.02,1.02,0.0,Nov,2,2,2,3,Returning_Visitor,True,False
2,355.29,0,0.0,6,639.72,0.01,0.03,5.42,0.0,Dec,1,1,1,2,New_Visitor,True,False
2,13.23,0,1.85,37,1265.81,0.01,0.02,0.0,0.03,Nov,1,2,4,2,Returning_Visitor,False,False
2,74.0,0,0.76,14,584.33,0.0,0.02,0.0,0.0,Nov,2,2,3,5,New_Visitor,False,False
3,308.22,4,63.96,58,2797.21,0.01,0.02,2.23,0.8,May,4,2,2,2,Returning_Visitor,False,False
0,66.49,0,0.0,7,126.0,0.06,0.06,0.0,0.0,Nov,2,5,2,3,Returning_Visitor,False,False
9,342.26,1,12.21,63,1059.12,0.0,0.02,0.82,0.0,Mar,3,2,6,2,Returning_Visitor,False,False
3,16.39,0,0.0,59,1957.5,0.03,0.02,1.47,0.0,Dec,1,1,1,10,Returning_Visitor,False,True
3,25.89,2,1.84,36,1335.77,0.01,0.03,11.11,0.03,Nov,2,2,1,2,Returning_Visitor,False,False
3,1.33,0,1.09,32,1212.27,0.01,0.01,0.0,0.03,May,2,2,1,2,Returning_Visitor,True,False
3,39.2,2,66.73,7,1065.84,0.0,0.01,4.07,0.03,Nov,3,2,4,2,New_Visitor,True,False
3,1.41,0,2.49,43,1209.79,0.0,0.03,0.0,0.03,May,2,4,1,2,Returning_Visitor,False,False
0,12.22,0,0.0,8,1222.45,0.0,0.03,1.84,0.03,Nov,2,2,1,2,Returning_Visitor,False,True
0,23.31,0,0.0,1,64.15,0.17,0.14,0.81,0.0,Nov,3,2,9,3,Returning_Visitor,False,False
0,14.49,0,1.55,59,226.0,0.0,0.03,0.66,0.03,Mar,2,2,1,1,Returning_Visitor,False,False
3,41.12,0,0.86,65,1214.03,0.01,0.01,3.01,0.0,Mar,2,2,1,2,New_Visitor,False,False
2,16.39,0,0.0,63,1110.67,0.01,0.04,1.15,0.0,Nov,2,1,9,2,Returning_Visitor,False,False
3,51.08,0,2.7,13,717.6,0.01,0.0,0.48,0.03,Mar,1,2,1,3,Returning_Visitor,False,False
3,24.19,0,1.09,48,472.5,0.0,0.02,15.17,0.03,Nov,2,1,1,1,Returning_Visitor,True,False
0,39.28,0,0.77,57,551.5,0.01,0.02,0.0,0.03,Nov,3,2,4,11,Returning_Visitor,True,False
1,27.64,0,0.0,5,116.67,0.01,0.03,0.0,0.0,Mar,3,2,1,3,Returning_Visitor,True,False
1,41.57,0,0.68,15,249.0,0.01,0.02,1.42,0.06,May,3,2,1,6,Returning_Visitor,True,False
3,50.79,0,0.0,35,1223.05,0.0,0.02,0.0,0.03,Nov,2,2,1,2,Returning_Visitor,False,False
3,235.43,4,92.3,86,1253.13,0.02,0.02,12.5,0.03,Nov,1,2,1,2,Returning_Visitor,False,False
2,18.49,0,1.1,18,314.83,0.0,0.02,0.0,0.03,May,2,2,1,2,Returning_Visitor,False,False
0,0.0,0,64.76,72,1268.9,0.04,0.04,0.27,0.0,Dec,3,2,1,2,Returning_Visitor,True,False
0,8.14,0,1.11,69,1237.44,0.01,0.03,1.42,0.0,Oct,2,2,3,3,Returning_Visitor,False,False
0,0.0,0,1.23,5,1277.95,0.0,0.03,0.0,0.03,Dec,1,1,1,2,Returning_Visitor,False,False
3,38.48,0,0.0,37,1193.75,0.01,0.02,2.68,0.03,Dec,2,2,4,6,Returning_Visitor,False,False
0,0.0,0,1.55,60,313.0,0.01,0.01,0.0,0.03,May,2,2,5,3,Returning_Visitor,False,False
2,26.49,2,407.5,14,1284.36,0.01,0.08,0.0,0.0,Nov,2,2,1,2,Returning_Visitor,False,False
1,0.0,0,0.79,64,1322.86,0.04,0.06,0.6,0.03,Mar,3,2,1,3,Returning_Visitor,False,False
2,0.0,0,1.24,2,40.0,0.0,0.14,0.0,0.0,Nov,2,2,1,2,Returning_Visitor,False,False
3,29.73,0,1.39,36,1167.08,0.0,0.03,0.0,0.03,May,2,2,1,1,Returning_Visitor,False,False
3,102.0,0,0.0,13,177.5,0.0,0.03,2.68,0.03,Mar,2,2,4,2,Returning_Visitor,False,False
0,31.69,0,0.0,15,507.83,0.01,0.01,0.0,0.03,May,2,2,1,4,Returning_Visitor,False,False
2,29.98,0,1.15,58,1286.99,0.0,0.03,0.88,0.03,Oct,4,1,3,1,Returning_Visitor,False,True
3,9.43,1,39.0,15,1396.92,0.0,0.02,3.18,0.03,Mar,2,2,1,2,Returning_Visitor,True,True
3,106.0,0,1.09,68,1163.97,0.02,0.02,2.66,0.03,Dec,3,13,9,3,Returning_Visitor,False,False
2,26.92,0,0.0,18,1350.1,0.05,0.14,0.0,0.03,Mar,2,2,1,1,Returning_Visitor,False,False
2,113.0,0,1.4,14,1190.52,0.01,0.03,1.27,0.0,Dec,2,2,1,2,Returning_Visitor,False,False
2,140.25,0,282.0,54,213.5,0.01,0.02,0.0,0.03,Nov,2,2,1,3,Returning_Visitor,False,True
9,43.31,0,1.5,40,550.71,0.0,0.01,0.61,0.03,May,2,2,1,2,Returning_Visitor,False,False
6,18.09,2,43.67,118,3712.81,0.01,0.01,0.99,0.03,Mar,2,10,1,4,Returning_Visitor,False,False
3,50.02,0,0.61,29,1151.11,0.01,0.03,2.79,0.03,Nov,2,2,1,2,Returning_Visitor,False,False
5,171.9,3,145.17,171,4554.69,0.0,0.02,1.0,0.03,Sep,2,2,3,3,Returning_Visitor,False,False
0,0.0,0,0.0,8,1314.75,0.01,0.04,2.79,0.03,Nov,2,3,1,2,New_Visitor,True,False
10,22.85,1,1.3,55,12983.79,0.0,0.01,2.83,0.0,Nov,2,2,1,8,New_Visitor,False,False
8,171.75,0,1.68,59,1265.45,0.0,0.01,0.0,0.0,Dec,2,2,1,2,New_Visitor,False,False
2,0.0,0,1.56,54,1238.63,0.0,0.02,33.5,0.0,Oct,2,2,3,2,Returning_Visitor,True,True
3,29.65,0,1.72,20,1292.79,0.0,0.02,60.09,0.03,Mar,2,2,3,6,Returning_Visitor,False,True
3,216.5,3,76.48,48,7700.5,0.0,0.01,8.46,0.0,Dec,2,2,3,2,Returning_Visitor,False,False
10,235.19,2,52.24,61,2512.52,0.0,0.02,0.63,0.0,Nov,3,2,1,2,Returning_Visitor,False,True
3,58.4,0,0.0,25,1217.82,0.0,0.03,4.37,0.0,Nov,2,2,2,3,Returning_Visitor,False,False
5,113.5,0,1.59,13,1130.88,0.01,0.01,0.0,0.0,Mar,2,8,1,2,Returning_Visitor,False,False
3,43.19,0,1.31,54,159.0,0.0,0.01,0.0,0.0,Nov,2,2,1,6,New_Visitor,False,False
0,0.0,0,0.0,20,106.72,0.19,0.2,0.36,0.03,Mar,2,2,1,1,Returning_Visitor,False,False
5,113.75,0,2.46,15,1292.23,0.01,0.03,0.53,0.03,Dec,1,1,1,2,Returning_Visitor,False,True
1,21.81,0,0.0,33,1411.99,0.0,0.01,0.5,0.0,May,3,2,1,2,Returning_Visitor,True,False
10,31.0,1,7.29,60,2570.79,0.0,0.01,0.0,0.0,Dec,2,2,1,2,New_Visitor,False,False
3,16.63,1,49.5,69,1464.0,0.0,0.03,32.95,0.03,May,2,2,4,4,Returning_Visitor,False,True
3,60.58,0,1.08,73,891.57,0.0,0.0,50.23,0.0,Nov,2,2,3,2,New_Visitor,False,True
2,0.0,0,0.0,1,19.2,0.0,0.1,0.0,0.03,Aug,1,1,1,1,Returning_Visitor,False,False
7,43.22,0,2.1,59,5396.26,0.01,0.01,7.51,0.0,Nov,2,1,1,2,Returning_Visitor,False,True
2,51.5,2,28.69,15,771.88,0.01,0.03,1.84,0.03,Dec,2,2,3,2,Returning_Visitor,False,False
0,6.45,0,0.62,58,1154.3,0.0,0.03,1.98,0.03,Mar,2,2,3,1,Returning_Visitor,False,False
3,54.03,0,0.0,14,1199.45,0.01,0.02,2.4,0.04,Mar,1,1,3,2,Returning_Visitor,False,False
2,27.58,1,14.0,63,1233.37,0.01,0.02,5.88,1.0,Mar,2,2,1,3,Returning_Visitor,True,False
3,20.26,0,0.0,60,2930.72,0.0,0.02,2.26,0.0,May,2,2,1,1,Returning_Visitor,True,True
0,0.0,0,0.0,57,1207.66,0.01,0.01,0.28,0.0,Nov,2,1,1,2,Returning_Visitor,False,False
3,66.72,0,0.04,47,638.83,0.0,0.01,12.28,0.03,Mar,2,4,2,2,Returning_Visitor,False,False
3,43.33,1,295.4,55,675.68,0.01,0.05,4.14,0.03,Mar,2,2,4,2,Returning_Visitor,False,False
3,42.13,0,0.0,40,1236.2,0.01,0.02,0.56,0.03,May,1,1,1,3,New_Visitor,False,False
2,31.4,0,0.84,5,27.2,0.01,0.02,0.0,0.0,Nov,2,2,1,4,Returning_Visitor,False,False
5,196.51,2,7.19,67,1625.32,0.01,0.02,52.68,0.0,Mar,2,2,1,2,Returning_Visitor,False,False
3,33.95,0,1.37,70,697.5,0.01,0.1,0.4,0.03,Dec,4,1,3,1,Returning_Visitor,False,False
7,533.59,4,333.5,85,5884.56,0.0,0.02,3.85,0.03,Mar,2,2,1,13,Returning_Visitor,False,False
0,26.06,0,1.21,18,619.07,0.01,0.04,0.0,0.03,Mar,4,2,9,3,Returning_Visitor,False,False
7,143.28,0,0.0,57,1269.08,0.02,0.04,2.72,0.0,Mar,2,2,1,3,Returning_Visitor,False,False
0,20.73,0,1.1,17,1228.19,0.0,0.02,5.15,0.03,Mar,2,2,1,8,Returning_Visitor,False,False
0,0.0,0,1.31,77,1090.67,0.01,0.03,0.0,0.03,Nov,1,2,1,2,New_Visitor,False,False
0,0.0,0,0.84,38,95.5,0.0,0.03,0.0,0.03,Mar,2,2,1,3,Returning_Visitor,True,False
2,25.93,0,1.67,73,1229.63,0.01,0.02,0.0,0.03,Nov,2,2,3,2,Returning_Visitor,False,False
3,157.23,0,0.0,63,188.5,0.02,0.02,2.16,0.03,May,3,2,5,4,New_Visitor,True,False
3,56.92,0,1.4,32,1246.62,0.01,0.02,1.57,0.03,Dec,2,2,3,2,Returning_Visitor,False,True
7,58.48,1,2.56,59,1154.73,0.0,0.02,4.49,0.03,Nov,2,2,1,2,Returning_Visitor,False,True
0,14.35,0,1.43,64,1208.45,0.03,0.02,39.48,0.0,Mar,2,2,1,3,Returning_Visitor,False,False
1,7.52,0,0.6,59,1289.57,0.0,0.07,0.0,0.03,Dec,3,2,1,2,Returning_Visitor,True,False
0,10.68,0,1.11,6,1200.54,0.07,0.02,0.0,0.03,Nov,2,2,3,3,Returning_Visitor,False,False
1,29.25,0,1.61,62,959.02,0.01,0.04,0.0,0.0,Mar,2,13,9,3,Other,False,False
1,28.08,0,0.0,28,1217.96,0.02,0.03,2.89,0.0,Jul,1,2,1,4,Returning_Visitor,False,False
1,23.88,0,1.79,12,131.5,0.01,0.02,0.41,0.03,May,3,2,1,3,Returning_Visitor,True,False
3,53.93,0,0.28,64,529.29,0.0,0.02,2.77,0.0,Nov,2,2,1,1,Returning_Visitor,False,False
1,28.4,0,1.24,51,1249.16,0.01,0.03,0.0,0.0,Mar,3,2,1,10,Returning_Visitor,False,False
4,397.26,0,26.97,48,1213.61,0.01,0.03,0.34,0.03,Oct,3,2,4,3,Returning_Visitor,False,False
0,2.05,0,0.17,56,1213.53,0.01,0.01,0.0,0.0,Nov,2,2,1,2,Returning_Visitor,False,False
0,1.56,0,1.7,55,872.59,0.0,0.02,0.0,0.0,May,2,2,1,2,New_Visitor,True,False
1,59.05,0,0.0,72,1277.88,0.0,0.03,1.59,0.03,Jul,1,1,4,3,New_Visitor,False,False
2,210.5,0,1.76,61,549.55,0.01,0.02,1.95,0.0,Mar,3,2,1,11,Returning_Visitor,True,False
0,24.43,0,1.33,17,1215.23,0.0,0.01,46.4,0.03,Nov,4,2,1,3,Returning_Visitor,False,False
1,13.86,0,0.0,23,328.9,0.02,0.02,0.0,0.03,June,2,2,3,3,Returning_Visitor,False,False
4,36.06,0,1.65,2,1330.01,0.01,0.02,4.22,0.03,Sep,2,10,1,3,New_Visitor,False,True
0,0.0,0,1.4,32,73.48,0.01,0.07,0.29,0.0,Nov,1,1,1,3,Returning_Visitor,False,False
0,41.76,0,1.5,58,1316.8,0.02,0.02,0.0,0.09,Nov,2,2,2,2,Returning_Visitor,False,False
2,14.34,0,0.0,55,1217.1,0.0,0.02,2.8,0.4,Nov,2,2,1,2,Returning_Visitor,False,True
0,0.0,0,399.33,46,1240.79,0.01,0.03,2.72,0.03,Mar,2,2,1,2,Returning_Visitor,False,False
9,148.02,0,1.18,58,1211.61,0.01,0.01,13.55,0.0,Mar,2,2,1,2,Returning_Visitor,False,False
0,0.0,0,1.96,4,1119.76,0.01,0.02,0.37,0.03,Nov,1,1,1,1,Returning_Visitor,False,False
3,23.2,0,0.0,24,1250.71,0.01,0.02,0.0,0.03,Nov,2,2,1,2,Returning_Visitor,False,False
2,13.84,0,2.28,39,980.33,0.01,0.03,0.19,0.03,Mar,1,2,7,2,Returning_Visitor,False,True
0,0.0,0,0.0,14,1262.78,0.02,0.02,57.59,0.6,May,2,1,1,2,Returning_Visitor,False,True
0,0.0,0,105.8,72,1161.54,0.01,0.03,9.55,0.03,Mar,2,2,4,3,Returning_Visitor,False,False
1,14.02,0,0.0,1,0.0,0.11,0.2,0.14,0.03,Nov,3,2,1,1,Returning_Visitor,False,False
2,139.0,0,1.62,65,1305.6,0.0,0.01,1.75,0.0,Mar,3,2,3,3,Returning_Visitor,False,False
2,36.0,0,0.0,23,1653.03,0.01,0.03,1.8,0.0,Dec,2,2,1,8,Returning_Visitor,False,True
3,0.0,0,0.0,68,1215.89,0.01,0.01,1.18,0.0,Nov,4,2,1,2,Returning_Visitor,False,True
2,0.0,0,0.0,49,964.99,0.0,0.02,0.0,0.0,May,1,8,1,2,Returning_Visitor,False,False
0,17.84,2,51.84,38,4717.17,0.01,0.02,0.68,0.0,Mar,2,2,3,2,Returning_Visitor,False,False
2,140.3,3,102.0,32,1005.02,0.01,0.03,0.0,0.03,Mar,3,2,1,2,Returning_Visitor,False,False
2,23.07,0,5.0,50,1209.45,0.01,0.02,0.0,0.03,Nov,3,2,1,2,Returning_Visitor,True,True
1,31.91,0,1.76,15,1143.36,0.01,0.01,58.45,0.03,Mar,3,2,1,6,Returning_Visitor,False,True
3,21.41,0,1.09,61,1213.81,0.03,0.02,0.0,0.0,Dec,2,2,1,2,Returning_Visitor,True,False
2,14.48,0,0.66,68,5198.0,0.0,0.02,0.0,0.03,Nov,2,2,1,2,Returning_Visitor,False,True
1,10.05,0,0.97,46,1292.42,0.0,0.02,0.93,0.03,Mar,2,2,1,3,Returning_Visitor,False,False
0,7.94,0,0.0,64,1128.52,0.01,0.04,0.0,0.03,Mar,2,2,2,3,Returning_Visitor,False,False
3,51.71,0,1.01,59,1204.08,0.05,0.03,0.84,0.03,Nov,2,2,1,2,Returning_Visitor,False,False
0,17.91,0,1.86,15,1448.11,0.0,0.01,4.19,0.03,Mar,1,1,1,3,Returning_Visitor,True,True
1,30.96,0,1.33,55,271.72,0.0,0.02,0.0,0.0,May,4,2,1,2,Returning_Visitor,True,False
0,28.23,0,0.0,24,1238.23,0.01,0.05,1.73,0.0,May,2,4,1,1,Returning_Visitor,True,False
1,6.73,0,0.0,22,1440.23,0.04,0.05,0.0,0.0,Nov,2,2,1,1,Returning_Visitor,False,False
1,0.0,0,0.75,52,517.04,0.01,0.01,1.93,0.03,Nov,4,2,1,3,New_Visitor,False,True
3,0.0,0,0.0,16,2007.0,0.02,0.03,0.0,0.03,May,2,2,1,2,Returning_Visitor,False,False
2,108.5,0,1.33,57,1285.99,0.0,0.02,0.0,0.8,May,2,2,3,13,Returning_Visitor,False,False
3,77.05,0,0.0,10,431.5,0.0,0.03,0.78,0.0,Dec,2,2,1,2,Returning_Visitor,False,False
1,6.0,0,1.03,46,634.67,0.0,0.02,0.0,0.0,May,2,4,1,2,Returning_Visitor,False,False
5,88.83,0,1.35,62,967.15,0.0,0.01,12.69,0.03,Nov,1,1,1,2,Returning_Visitor,False,False
2,23.89,0,0.0,6,82.0,0.03,0.18,3.84,0.03,Mar,2,2,1,3,Returning_Visitor,False,False
3,21.94,0,0.0,56,1203.0,0.01,0.06,0.0,0.03,Oct,1,2,1,3,Returning_Visitor,True,False
0,15.93,0,0.0,13,83.94,0.18,0.14,0.13,0.0,May,2,2,1,3,Returning_Visitor,False,False
0,19.52,0,0.0,5,53.4,0.12,0.14,0.84,0.0,Nov,3,2,3,2,Returning_Visitor,True,False
0,2.67,0,0.75,29,1163.67,0.0,0.02,0.0,0.03,Mar,2,2,3,3,Returning_Visitor,True,False
3,0.0,0,0.0,5,59.25,0.02,0.02,2.87,0.0,Nov,3,2,1,2,Returning_Visitor,False,False
3,39.2,1,6.7,44,864.1,0.01,0.0,0.0,0.03,May,3,2,1,2,New_Visitor,False,False
8,92.93,0,1.59,78,1324.02,0.01,0.01,0.0,0.03,Nov,2,2,6,3,Returning_Visitor,False,False
2,0.0,0,1.2,74,1125.63,0.01,0.02,2.28,0.03,May,3,2,1,13,Returning_Visitor,False,True
0,19.25,0,0.0,57,67.36,0.19,0.2,0.17,0.03,Mar,2,2,1,1,Returning_Visitor,False,False
1,10.59,0,0.0,74,564.48,0.01,0.01,0.68,0.03,May,2,2,1,2,New_Visitor,True,True
7,23.9,0,1.4,17,446.38,0.01,0.01,2.61,0.0,Nov,2,2,1,2,Returning_Visitor,False,False
1,14.31,0,0.0,21,1277.52,0.02,0.02,49.91,0.03,Nov,1,1,4,3,New_Visitor,False,True
0,7.35,0,1.67,64,1248.06,0.01,0.02,2.33,0.03,Nov,2,6,1,2,Returning_Visitor,False,False
1,24.97,0,1.29,70,137.0,0.01,0.05,0.59,0.03,Nov,1,1,1,1,Returning_Visitor,False,False
1,0.0,0,0.51,15,326.5,0.1,0.12,0.0,0.03,Mar,1,2,1,3,Returning_Visitor,False,False
1,0.0,0,0.0,5,74.0,0.03,0.14,0.99,0.03,May,2,2,1,3,Returning_Visitor,False,False
5,94.81,3,8.0,74,8591.59,0.0,0.02,4.59,0.03,Mar,2,2,1,2,Returning_Visitor,False,True
3,102.01,1,32.75,55,1897.83,0.01,0.03,0.0,0.03,Dec,1,1,1,2,Returning_Visitor,True,False
0,2.72,0,0.95,60,1279.17,0.0,0.03,1.37,0.0,Nov,3,2,1,3,Returning_Visitor,False,False
0,18.23,2,64.59,89,3787.3,0.02,0.02,2.41,0.0,May,2,2,3,6,Returning_Visitor,True,False
3,255.72,0,1.47,84,1196.32,0.0,0.02,3.78,0.0,May,2,2,1,2,Returning_Visitor,False,False
3,15.0,0,0.0,62,969.15,0.01,0.02,4.62,0.03,Nov,2,2,3,2,Returning_Visitor,False,False
2,0.0,0,6.0,9,195.17,0.02,0.07,0.81,0.03,Mar,4,2,3,2,Returning_Visitor,False,False
0,0.0,0,0.0,53,1251.74,0.01,0.03,24.57,0.03,Mar,2,4,9,1,Returning_Visitor,False,True
1,353.12,0,0.0,9,1150.19,0.01,0.02,0.0,0.0,Oct,2,5,1,3,Returning_Visitor,False,False
2,110.5,0,2.09,60,5380.69,0.01,0.02,4.89,0.0,Nov,2,2,3,2,Returning_Visitor,False,True
3,723.5,2,410.5,5,1188.12,0.0,0.02,1.83,0.03,Nov,2,5,2,3,Returning_Visitor,False,True
0,27.27,0,0.0,54,686.5,0.01,0.03,0.95,0.03,Dec,2,2,1,2,Returning_Visitor,False,False
0,25.58,0,14.0,53,1263.21,0.04,0.02,5.45,0.6,Mar,3,2,1,2,Returning_Visitor,False,False
1,0.0,0,1.94,4,0.0,0.2,0.05,1.16,0.03,Nov,2,2,1,2,Returning_Visitor,True,False
0,12.51,0,0.0,61,706.2,0.05,0.01,0.63,0.0,Mar,3,2,1,13,Returning_Visitor,False,False
3,38.71,0,4.0,2,204.34,0.01,0.03,0.0,0.0,Dec,2,1,8,3,New_Visitor,False,False
0,10.7,0,1.05,91,1094.6,0.13,0.06,0.0,0.03,Feb,2,1,3,3,Returning_Visitor,False,False
3,18.1,0,72.5,9,136.28,0.01,0.02,0.15,0.03,Mar,2,2,2,3,Returning_Visitor,False,False
2,10.31,0,0.0,37,1316.86,0.01,0.03,0.16,0.0,Mar,2,2,1,3,Returning_Visitor,False,False
0,0.0,0,1.75,61,1297.68,0.0,0.01,3.07,0.03,Jul,2,2,8,4,New_Visitor,False,False
3,0.0,0,0.0,17,1187.31,0.01,0.02,3.99,0.0,May,2,2,1,2,Returning_Visitor,False,False
3,62.5,0,2.79,43,1263.67,0.0,0.01,41.54,0.03,Nov,3,2,9,2,Returning_Visitor,False,False
10,352.32,0,2.83,173,6255.02,0.0,0.01,0.0,0.0,Nov,2,2,1,2,Returning_Visitor,False,False
1,241.0,0,0.0,62,1193.86,0.02,0.04,0.0,0.03,Mar,2,2,1,2,Returning_Visitor,False,False
7,424.17,0,1.66,60,862.37,0.0,0.02,5.07,0.03,May,2,4,4,4,Returning_Visitor,False,False
1,0.0,0,0.0,12,1463.81,0.01,0.02,0.0,0.03,Nov,1,1,6,3,Returning_Visitor,True,False
7,87.8,3,3.05,120,1259.45,0.01,0.02,33.41,0.03,Jul,2,2,1,3,Returning_Visitor,False,True
0,0.0,0,0.0,31,388.0,0.03,0.02,2.23,0.0,Feb,3,2,1,3,Returning_Visitor,True,False
1,0.0,0,0.72,2,63.66,0.01,0.13,0.18,0.22,May,2,2,4,13,Returning_Visitor,False,False
1,132.0,0,1.32,55,1247.54,0.0,0.01,2.32,0.03,May,2,2,1,2,Returning_Visitor,False,False
0,6.29,0,0.48,60,308.17,0.0,0.03,0.69,0.0,May,2,2,6,3,Returning_Visitor,False,False
0,16.47,0,1.41,35,1301.29,0.01,0.06,0.0,0.03,June,2,2,4,13,Returning_Visitor,False,False
3,15.0,1,17.0,17,490.0,0.0,0.02,15.66,0.03,Mar,2,2,4,10,Returning_Visitor,False,True
3,27.2,0,0.49,57,976.33,0.01,0.02,0.0,0.0,Nov,2,5,1,1,Returning_Visitor,False,False
0,25.49,0,0.84,14,347.17,0.0,0.02,0.0,0.03,Nov,2,2,1,2,Returning_Visitor,False,False
7,360.81,0,2.09,56,1198.27,0.01,0.03,7.73,0.0,Nov,2,2,6,6,Returning_Visitor,False,False
3,51.08,0,0.12,29,1245.27,0.01,0.01,37.51,0.0,Nov,2,2,1,2,Returning_Visitor,False,True
3,295.15,0,3.95,74,1111.55,0.0,0.01,0.0,0.0,Nov,1,2,3,2,Returning_Visitor,False,False
0,35.17,0,0.0,24,1139.9,0.01,0.0,1.55,0.03,May,3,2,1,2,Returning_Visitor,False,False
2,74.6,0,1.5,69,1136.86,0.03,0.03,0.0,0.03,June,2,2,8,3,Returning_Visitor,False,True
2,27.83,0,0.0,43,1423.91,0.03,0.04,0.73,0.0,Mar,2,2,1,1,Returning_Visitor,False,False
3,72.96,0,1.16,61,1321.11,0.03,0.05,0.0,0.03,Sep,3,2,6,1,Returning_Visitor,False,False
0,7.74,0,1.35,5,1289.0,0.06,0.02,0.0,0.03,Nov,3,2,1,3,Returning_Visitor,False,False
4,48.17,0,1.72,22,365.77,0.02,0.02,0.0,0.03,Mar,3,2,1,3,New_Visitor,False,False
3,0.0,0,0.0,38,1166.29,0.01,0.02,0.0,0.0,Mar,3,2,1,1,Returning_Visitor,True,False
0,0.0,0,1.61,56,1411.83,0.0,0.01,0.93,0.03,May,2,2,1,6,Returning_Visitor,False,False
0,41.22,0,1.07,9,324.5,0.01,0.02,0.69,0.03,Mar,2,2,1,1,Returning_Visitor,False,False
8,72.94,0,0.93,34,1208.34,0.01,0.01,10.93,0.03,Mar,2,2,1,2,Returning_Visitor,False,False
7,120.5,0,0.0,19,1085.77,0.01,0.03,0.67,0.03,Mar,2,2,1,3,Returning_Visitor,False,False
4,205.46,0,4.51,52,1129.14,0.01,0.04,0.98,0.0,Mar,3,2,2,1,Returning_Visitor,False,False
0,2.79,0,0.0,92,1169.42,0.01,0.03,0.31,0.03,Mar,2,2,1,3,Returning_Visitor,False,False
3,0.0,0,0.0,7,1318.91,0.01,0.02,3.46,1.0,Mar,3,2,2,4,Returning_Visitor,True,False
0,10.31,0,0.67,15,1201.87,0.01,0.03,60.86,0.03,Mar,2,2,1,4,Returning_Visitor,False,True
0,3.48,0,1.24,16,1220.37,0.01,0.0,0.0,0.0,Mar,1,2,1,4,Returning_Visitor,False,False
3,141.13,0,0.0,57,1199.23,0.01,0.03,0.43,0.03,Mar,3,2,3,3,Returning_Visitor,False,False
2,0.0,0,0.0,63,285.5,0.01,0.04,1.81,0.03,Mar,1,1,1,2,Returning_Visitor,False,True
3,0.0,0,0.0,4,1440.0,0.01,0.05,0.0,0.8,Nov,2,2,5,1,Returning_Visitor,False,False
2,68.25,0,1.57,32,1223.42,0.0,0.01,15.09,0.0,Mar,3,2,1,2,Returning_Visitor,False,True
3,76.0,0,1.12,59,1349.89,0.0,0.04,0.0,0.03,Nov,2,2,1,3,Returning_Visitor,False,False
3,25.92,0,190.42,132,1099.74,0.01,0.02,9.19,0.03,Dec,4,2,4,10,Returning_Visitor,False,False
0,0.0,0,0.0,54,1234.29,0.03,0.05,0.83,0.03,Mar,2,2,6,3,Returning_Visitor,False,False
0,17.95,0,1.04,90,180.11,0.0,0.02,1.81,0.2,Mar,2,2,1,1,Returning_Visitor,False,False
0,0.0,0,16.69,41,947.45,0.2,0.2,0.0,0.03,Sep,1,1,2,3,Returning_Visitor,False,False
3,17.01,0,0.0,67,1339.12,0.0,0.01,0.56,0.03,May,2,2,3,4,Returning_Visitor,True,False
3,67.5,0,4.5,7,393.5,0.01,0.03,0.0,0.03,Dec,2,2,1,2,New_Visitor,False,False
2,8.43,0,1.04,62,1226.34,0.05,0.05,0.0,0.0,Oct,2,1,3,2,Returning_Visitor,True,False
0,22.82,0,0.68,39,265.17,0.0,0.02,0.99,0.0,Mar,2,2,4,3,Returning_Visitor,False,False
6,301.2,0,0.0,44,1304.41,0.01,0.03,0.82,0.0,Sep,3,2,1,3,Returning_Visitor,False,False
2,0.0,0,0.0,58,1916.87,0.03,0.06,0.42,0.03,Dec,2,2,1,3,Returning_Visitor,False,False
0,11.82,0,0.0,16,1188.3,0.0,0.01,92.9,0.03,Oct,2,2,1,2,Returning_Visitor,False,True
3,89.56,0,0.68,98,111.0,0.01,0.01,1.63,0.03,Dec,3,2,1,3,Returning_Visitor,False,False
0,17.43,0,0.98,77,1267.25,0.02,0.03,4.96,0.04,Nov,2,2,1,11,Returning_Visitor,True,False
2,64.6,0,1.77,66,1211.83,0.0,0.01,34.14,0.0,Nov,2,2,1,2,Returning_Visitor,False,True
1,8.95,0,1.31,59,259.5,0.01,0.03,0.42,0.03,May,2,2,3,2,Returning_Visitor,False,False
4,122.0,0,1.51,61,1276.18,0.01,0.01,0.0,0.0,May,2,2,1,2,Returning_Visitor,False,False
0,0.0,0,0.99,3,0.0,0.2,0.2,0.0,0.0,Nov,1,8,1,1,Returning_Visitor,False,False
2,5.19,0,0.0,74,1208.91,0.02,0.03,3.53,0.0,Nov,2,2,1,1,Returning_Visitor,False,False
3,24.81,0,16.94,73,58.0,0.01,0.03,1.88,0.03,Mar,2,2,1,2,Returning_Visitor,False,False
2,0.0,0,0.0,16,1400.82,0.0,0.02,0.0,0.03,May,2,2,1,2,Returning_Visitor,False,False
10,366.23,2,3.3,51,1786.18,0.02,0.02,22.8,0.03,Sep,2,2,4,1,Returning_Visitor,False,False
1,9.0,0,0.0,34,716.96,0.01,0.06,0.0,0.03,Nov,1,2,1,3,Returning_Visitor,False,False
2,98.0,0,1.62,29,1095.56,0.0,0.01,39.59,0.0,Nov,2,2,1,1,Returning_Visitor,False,True
3,36.78,0,1.99,42,1244.54,0.0,0.03,32.91,0.0,Mar,2,2,1,2,Returning_Visitor,True,True
0,0.0,0,0.0,25,36.0,0.01,0.12,0.0,0.03,May,2,2,3,3,Returning_Visitor,False,False
12,305.17,0,1.97,45,4876.01,0.01,0.01,5.75,0.03,Nov,2,2,1,3,Returning_Visitor,False,False
3,19.85,0,1.29,57,494.55,0.01,0.01,3.61,0.03,May,2,2,1,5,New_Visitor,False,False
5,51.5,0,0.0,54,1247.04,0.0,0.03,2.11,0.03,Mar,2,2,1,3,Returning_Visitor,False,False
0,2.6,0,1.9,22,1327.67,0.01,0.03,0.0,0.03,Nov,2,2,1,2,Returning_Visitor,True,True
0,0.0,0,0.0,69,1304.91,0.01,0.0,2.3,0.0,Jul,1,1,1,2,Returning_Visitor,False,False
0,0.0,0,1.1,13,1269.45,0.02,0.02,0.0,0.03,May,2,4,1,3,Returning_Visitor,False,False
1,8.82,0,2.04,41,229.92,0.02,0.04,1.27,0.03,Nov,3,2,1,1,Returning_Visitor,True,False
3,33.7,0,0.0,37,1213.47,0.01,0.0,44.0,0.0,Nov,2,1,1,2,Returning_Visitor,False,True
3,78.6,0,0.8,58,1262.53,0.01,0.0,21.85,0.0,Sep,2,2,1,3,Returning_Visitor,False,False
3,26.04,0,0.0,10,211.83,0.02,0.04,0.0,0.0,Dec,2,2,1,13,Returning_Visitor,False,False
1,21.33,0,2.05,137,7012.27,0.02,0.01,0.06,0.0,Nov,1,1,1,1,Returning_Visitor,True,True
2,15.91,0,0.86,14,1261.05,0.0,0.03,0.76,0.03,Mar,2,4,1,1,Returning_Visitor,False,False
3,37.68,0,1.16,14,760.25,0.0,0.01,25.82,0.0,Mar,1,2,1,2,New_Visitor,False,True
0,7.47,0,1.74,72,3220.89,0.02,0.02,0.05,0.0,Nov,4,1,1,3,Returning_Visitor,False,False
3,70.67,1,101.0,65,1289.41,0.01,0.02,4.49,0.0,Nov,2,2,1,2,Returning_Visitor,False,False
0,0.0,0,0.0,15,1330.9,0.01,0.03,0.0,0.0,Nov,2,2,2,1,Returning_Visitor,False,False
3,3.02,0,0.0,55,348.67,0.04,0.05,1.29,0.03,Mar,2,2,1,1,Returning_Visitor,True,False
1,0.0,0,0.0,55,1009.38,0.01,0.03,1.27,0.03,Nov,2,2,1,2,Returning_Visitor,False,True
10,358.26,3,377.43,64,1260.74,0.0,0.01,9.13,0.0,Oct,2,2,1,2,Returning_Visitor,False,True
2,0.0,0,1.57,20,169.17,0.01,0.04,0.0,0.03,Oct,2,2,1,3,Returning_Visitor,False,False
5,18.45,0,0.0,56,441.22,0.02,0.02,2.53,0.03,Mar,2,2,1,3,Returning_Visitor,False,False
3,72.5,0,0.0,66,936.13,0.01,0.02,23.45,0.0,Nov,2,2,1,2,Returning_Visitor,False,True
0,0.0,0,1.63,62,242.5,0.02,0.02,0.78,0.0,Dec,8,13,1,20,Returning_Visitor,False,False
3,18.14,0,1.04,15,341.67,0.0,0.04,1.19,0.03,Nov,2,2,3,6,Returning_Visitor,False,False
0,37.43,0,4.19,56,1228.12,0.01,0.02,0.0,0.03,Jul,2,2,3,4,Returning_Visitor,False,False
0,0.0,0,0.0,63,3301.22,0.01,0.02,0.79,0.0,Mar,2,4,1,1,Returning_Visitor,True,False
9,25.4,3,177.8,56,4162.54,0.01,0.03,1.75,0.03,Mar,3,2,5,2,Returning_Visitor,False,False
5,285.88,4,116.8,53,1696.57,0.02,0.02,2.02,0.03,Mar,2,2,5,2,Returning_Visitor,False,False
0,2.96,0,0.0,19,1277.06,0.0,0.01,2.23,0.03,May,2,2,1,2,Returning_Visitor,False,False
1,0.0,0,0.05,7,1229.1,0.01,0.02,1.22,0.0,Mar,2,4,1,2,Returning_Visitor,False,False
0,0.0,0,2.06,32,898.83,0.07,0.1,0.19,0.0,May,3,2,1,1,Returning_Visitor,False,False
2,24.62,0,0.0,23,1002.43,0.0,0.02,0.0,0.03,May,2,2,1,4,Returning_Visitor,False,False
0,31.28,3,33.75,9,1364.52,0.03,0.02,0.66,0.0,May,3,2,1,3,Returning_Visitor,False,False
3,150.2,0,1.66,17,1000.47,0.03,0.03,0.0,0.03,Oct,3,2,1,3,Returning_Visitor,True,False
3,18.85,0,35.0,65,1372.97,0.0,0.03,41.65,0.0,Dec,2,2,1,3,Returning_Visitor,False,True
3,14.0,0,0.0,14,962.96,0.0,0.03,0.77,0.0,Nov,2,2,1,2,Returning_Visitor,False,False
4,61.17,2,23.83,56,139.0,0.0,0.01,0.29,0.0,Mar,3,2,4,2,Returning_Visitor,False,False
2,17.8,0,0.88,1,56.5,0.0,0.1,0.0,0.03,Mar,2,2,3,2,Returning_Visitor,False,False
3,48.79,0,0.0,36,2362.5,0.01,0.02,0.0,0.03,Nov,2,2,1,3,Returning_Visitor,False,False
1,51.4,0,0.0,8,1201.89,0.0,0.01,3.12,0.03,Nov,2,2,1,2,Returning_Visitor,False,False
3,17.87,0,0.62,53,1217.91,0.01,0.02,1.16,0.03,Mar,2,2,1,1,Returning_Visitor,False,False
3,27.2,0,1.62,21,1003.66,0.01,0.02,0.86,0.0,Oct,2,2,4,2,Returning_Visitor,False,False
0,25.45,1,90.0,9,103.67,0.01,0.02,0.0,0.03,Nov,3,2,1,2,Returning_Visitor,False,False
0,1.92,0,0.87,59,893.45,0.01,0.01,0.0,0.0,Nov,3,2,1,2,New_Visitor,False,False
3,27.29,0,0.0,46,920.4,0.01,0.01,1.17,0.0,Nov,1,1,1,5,Returning_Visitor,False,False
6,87.7,2,49.62,46,1101.81,0.0,0.04,0.0,0.03,Mar,2,5,1,3,New_Visitor,False,False
2,10.76,0,1.45,1,121.17,0.2,0.13,0.75,0.0,Mar,1,1,1,2,Returning_Visitor,True,False
3,46.5,0,1.21,41,1301.01,0.0,0.01,7.72,0.0,Jul,2,2,1,2,Returning_Visitor,False,False
0,9.79,0,0.0,102,3036.41,0.0,0.02,0.71,0.03,Nov,2,2,1,2,Returning_Visitor,False,False
3,29.51,0,1.37,40,249.67,0.01,0.02,0.77,0.0,Nov,2,2,1,3,Returning_Visitor,False,True
2,48.37,0,0.68,61,102.7,0.0,0.01,1.12,0.0,May,2,2,1,4,Returning_Visitor,False,True
0,34.23,0,1.9,53,1371.14,0.1,0.1,0.0,0.0,Mar,1,1,2,2,Returning_Visitor,False,False
3,21.36,0,1.46,56,623.03,0.0,0.01,36.08,0.03,May,2,2,1,4,Returning_Visitor,False,False
1,24.33,0,0.0,73,1031.87,0.0,0.05,7.25,0.03,Nov,4,1,1,2,Returning_Visitor,False,False
3,173.25,0,0.0,16,2041.08,0.04,0.06,0.0,0.0,Nov,3,2,1,2,Returning_Visitor,False,False
0,0.0,0,0.0,61,1277.44,0.02,0.04,0.0,0.6,May,2,2,1,3,Returning_Visitor,False,False
2,29.15,0,0.42,91,28.25,0.08,0.12,1.74,0.03,Nov,2,2,1,2,Returning_Visitor,False,False
1,0.0,0,0.69,16,1204.72,0.01,0.02,3.77,0.03,Nov,2,2,1,3,Returning_Visitor,False,False
0,18.02,0,1.79,10,0.0,0.2,0.14,0.11,0.23,May,2,1,3,2,Returning_Visitor,False,False
6,249.39,1,103.0,74,1142.49,0.0,0.03,2.54,0.03,Nov,2,2,1,3,Returning_Visitor,False,False
1,317.81,0,0.0,61,1235.21,0.02,0.04,0.0,0.03,Nov,2,2,2,1,Returning_Visitor,False,False
0,0.0,0,0.29,31,199.73,0.01,0.05,0.79,0.0,Mar,2,2,1,3,Returning_Visitor,False,False
0,4.27,0,0.87,56,1350.5,0.01,0.02,5.65,0.03,May,2,2,1,2,Returning_Visitor,False,False
3,107.0,0,0.0,86,1177.3,0.01,0.02,1.68,0.0,Mar,3,2,1,3,New_Visitor,False,False
0,1.94,0,2.18,37,1151.12,0.0,0.01,0.64,0.0,May,2,2,1,13,Returning_Visitor,False,False
3,357.64,0,1.62,70,9405.84,0.01,0.02,0.05,0.03,Mar,2,2,1,3,Returning_Visitor,False,True
1,13.03,0,1.9,55,1146.98,0.0,0.02,7.9,0.03,Nov,2,4,3,4,Returning_Visitor,False,True
2,12.05,0,0.52,34,887.0,0.02,0.1,0.0,0.0,Nov,2,5,1,1,Returning_Visitor,False,False
3,4.0,0,0.0,37,1118.07,0.01,0.03,2.67,0.8,May,3,2,1,2,Returning_Visitor,False,False
9,199.39,0,1.41,38,892.81,0.0,0.01,22.02,0.0,Nov,2,2,1,2,Returning_Visitor,False,True
1,0.0,0,0.0,52,1364.94,0.0,0.06,2.12,0.0,Nov,2,2,1,2,Returning_Visitor,False,False
0,0.0,0,1.2,96,66.13,0.0,0.1,0.88,0.03,Mar,1,1,3,3,Returning_Visitor,False,False
3,12.81,0,0.71,39,1233.33,0.0,0.02,0.98,0.0,Mar,2,2,1,2,Returning_Visitor,True,False
0,0.0,0,1.32,2,88.47,0.0,0.1,0.0,0.0,Mar,2,2,1,1,Returning_Visitor,False,False
3,49.91,0,1.08,46,1032.76,0.0,0.01,3.3,0.0,Nov,2,2,1,2,New_Visitor,False,False
3,32.47,6,6.12,62,1275.89,0.01,0.03,6.46,0.0,Nov,2,2,7,13,Returning_Visitor,False,False
4,207.5,0,7.03,59,56.5,0.01,0.02,1.53,0.0,Dec,2,2,1,2,New_Visitor,True,False
2,24.56,0,0.6,65,1133.28,0.01,0.02,14.61,0.03,Nov,2,4,1,2,Returning_Visitor,False,True
1,10.46,0,1.25,45,1330.83,0.0,0.03,0.0,0.0,Nov,3,2,4,3,Returning_Visitor,False,False
2,13.5,0,0.0,61,1348.17,0.01,0.0,22.82,0.0,Nov,2,2,1,2,Returning_Visitor,False,False
3,75.0,0,1.06,41,1197.76,0.0,0.01,0.0,0.0,Nov,3,2,1,2,Returning_Visitor,False,False
12,1028.83,0,2.14,132,5745.46,0.0,0.02,3.73,0.03,Nov,2,2,1,2,Returning_Visitor,False,True
4,109.76,0,6.39,146,1256.37,0.01,0.01,1.53,0.03,Oct,2,2,3,2,Returning_Visitor,True,False
3,57.3,0,1.07,89,327.52,0.0,0.03,8.73,0.0,Dec,2,2,7,2,New_Visitor,False,False
3,50.5,0,0.18,72,1178.17,0.0,0.03,6.01,0.0,Mar,2,2,3,3,Returning_Visitor,False,False
5,25.37,2,2.82,56,1236.4,0.01,0.02,13.91,0.0,Mar,2,2,1,20,Returning_Visitor,False,True
3,87.33,0,1.77,61,1175.86,0.01,0.02,1.29,0.03,Mar,2,4,6,3,Returning_Visitor,False,False
0,8.85,0,0.55,12,130.5,0.0,0.02,2.57,0.0,Mar,2,2,1,3,Returning_Visitor,False,False
1,34.01,0,1.13,20,679.57,0.0,0.01,2.39,0.0,Nov,2,2,1,2,Returning_Visitor,False,False
4,60.2,0,0.03,8,132.8,0.0,0.01,3.41,0.03,Mar,2,2,1,2,Returning_Visitor,False,False
5,16.0,0,1.19,20,1258.0,0.0,0.01,10.29,0.03,Dec,2,2,3,2,Returning_Visitor,False,True
3,70.3,0,1.47,29,1154.56,0.01,0.03,0.71,0.03,Nov,1,1,3,2,Returning_Visitor,False,True
0,0.0,0,3.29,54,1188.9,0.01,0.02,0.2,0.0,May,2,2,4,1,Returning_Visitor,False,False
3,17.16,0,1.68,30,1312.01,0.0,0.02,1.83,0.0,Oct,2,6,1,1,Returning_Visitor,False,False
3,40.33,0,0.0,23,1325.01,0.0,0.02,2.85,0.03,Nov,2,2,1,3,Returning_Visitor,False,False
3,20.2,0,0.0,22,1106.59,0.1,0.11,0.0,0.03,May,3,2,1,13,Returning_Visitor,False,False
3,32.04,0,889.5,30,1066.71,0.01,0.03,1.02,0.03,Dec,2,2,6,3,Returning_Visitor,False,False
0,0.0,2,594.13,40,1242.76,0.01,0.03,1.56,0.0,Sep,3,2,1,2,Returning_Visitor,False,True
0,12.88,0,1.23,4,67.75,0.04,0.1,0.0,0.03,Mar,2,2,1,3,Returning_Visitor,False,False
3,13.91,4,36.19,131,5619.38,0.02,0.02,0.48,0.03,Nov,3,2,1,2,Returning_Visitor,True,False
0,10.8,0,1.36,93,43.0,0.0,0.04,0.0,0.03,Mar,2,2,3,3,Returning_Visitor,False,False
3,51.65,0,1.6,60,1859.5,0.01,0.01,5.75,0.03,May,2,2,2,4,Returning_Visitor,False,False
0,11.48,0,0.31,10,1213.18,0.0,0.03,0.0,0.03,Nov,2,2,1,2,Returning_Visitor,False,False
0,0.0,0,1.08,62,574.0,0.02,0.03,0.0,0.08,Nov,2,2,1,2,Returning_Visitor,False,False
2,0.0,0,1.15,2,1050.41,0.06,0.1,0.0,0.0,Dec,2,2,4,3,Returning_Visitor,False,False
8,388.79,1,1.1,67,1464.42,0.02,0.03,0.0,0.03,Mar,1,1,1,3,Returning_Visitor,False,False
1,13.38,0,0.64,30,2483.06,0.01,0.01,0.8,0.03,May,2,2,1,2,Returning_Visitor,False,False
2,17.52,0,0.0,21,25.0,0.13,0.12,0.0,0.03,Nov,3,2,1,2,Returning_Visitor,False,False
10,159.5,0,1.63,34,1879.66,0.0,0.0,8.78,0.0,May,2,2,1,3,Returning_Visitor,False,False
3,23.49,0,0.0,66,1302.51,0.0,0.02,0.0,0.0,Jul,1,1,3,2,New_Visitor,False,False
2,22.77,0,1.13,50,865.58,0.0,0.02,3.81,0.03,Dec,2,1,1,2,New_Visitor,True,True
2,56.5,2,28.75,60,1753.08,0.01,0.01,35.64,0.0,Mar,4,1,1,2,Returning_Visitor,False,True
2,305.12,0,0.59,45,1322.28,0.02,0.02,11.98,0.03,Nov,3,2,1,2,Returning_Visitor,False,False
6,27.07,2,81.33,29,1715.69,0.01,0.02,1.89,0.03,Mar,2,2,1,3,Returning_Visitor,False,False
1,0.0,0,1.94,58,1458.98,0.01,0.04,0.96,0.03,Nov,2,2,1,10,Returning_Visitor,False,False
3,0.0,0,0.0,76,1952.5,0.01,0.02,1.64,0.0,Nov,2,1,1,2,Returning_Visitor,False,False
0,0.0,0,0.0,77,1056.84,0.01,0.05,2.15,0.03,Nov,2,5,3,1,Returning_Visitor,False,False
0,5.28,0,1.51,49,1131.44,0.01,0.02,1.23,0.03,Nov,2,2,1,8,Returning_Visitor,False,False
0,14.22,0,0.0,48,272.5,0.01,0.02,0.5,0.0,May,1,2,1,2,New_Visitor,False,False
2,17.69,0,0.74,10,302.0,0.01,0.02,2.15,0.03,Mar,2,6,1,3,Returning_Visitor,False,True
0,13.32,0,0.9,5,616.43,0.01,0.04,0.0,0.0,Nov,2,2,1,3,Returning_Visitor,False,False
1,3.7,0,0.0,48,1170.56,0.01,0.02,0.64,0.0,Nov,1,1,1,2,Returning_Visitor,False,False
6,38.41,0,1.07,17,806.65,0.01,0.01,0.0,0.0,May,2,10,3,3,Returning_Visitor,False,False
1,30.0,0,0.0,7,157.5,0.0,0.03,0.0,0.03,Mar,2,2,3,3,New_Visitor,False,False
0,1.39,0,1.45,1,0.0,0.01,0.02,3.14,0.0,May,2,2,8,3,Returning_Visitor,False,False
1,8.8,0,0.47,45,1456.27,0.0,0.01,16.66,0.0,Nov,2,2,1,2,Returning_Visitor,False,True
4,344.32,0,0.0,37,1242.94,0.01,0.02,2.8,0.0,Oct,2,2,1,3,Returning_Visitor,False,False
0,0.0,2,41.5,67,1248.83,0.01,0.02,0.0,0.03,Nov,2,2,1,2,Returning_Visitor,False,True
2,20.0,0,0.56,21,1233.35,0.01,0.02,37.77,0.03,May,2,2,1,13,Returning_Visitor,False,False
1,356.18,0,0.0,55,586.37,0.0,0.03,0.93,0.0,Dec,3,2,6,2,Returning_Visitor,False,True
2,0.0,0,0.0,2,66.51,0.2,0.06,3.13,0.09,May,2,2,3,6,Returning_Visitor,False,False
4,54.78,0,1.21,7,110.3,0.0,0.02,4.57,0.0,Sep,1,2,1,5,New_Visitor,False,False
0,0.0,0,1.11,55,813.8,0.02,0.03,0.0,0.6,May,2,2,1,2,Returning_Visitor,False,False
0,15.07,0,1.09,4,1326.26,0.02,0.03,0.31,0.0,May,2,2,1,3,Returning_Visitor,False,False
0,43.39,0,3.13,46,1366.85,0.04,0.14,0.69,0.03,May,3,2,1,1,Returning_Visitor,False,False
0,29.87,0,1.56,74,1348.45,0.01,0.02,0.97,0.0,Jul,1,2,1,4,Returning_Visitor,False,False
0,0.0,0,1.56,14,1211.87,0.02,0.01,2.22,0.03,Dec,2,2,1,1,Returning_Visitor,False,False
3,24.7,0,1.18,66,1197.94,0.01,0.01,16.87,0.03,Dec,2,2,1,11,New_Visitor,False,True
3,0.0,4,37.0,69,4112.39,0.02,0.03,4.83,0.03,Dec,3,2,3,2,Returning_Visitor,False,False
0,17.46,0,1.28,26,1198.88,0.01,0.03,0.09,0.0,Mar,2,2,6,2,Returning_Visitor,False,False
8,284.36,0,6.0,58,1158.08,0.01,0.02,1.95,0.03,Nov,2,2,3,2,Returning_Visitor,False,False
0,26.09,0,0.0,8,646.14,0.02,0.02,0.31,0.0,Nov,3,2,1,3,Returning_Visitor,True,False
0,0.0,0,0.0,10,958.99,0.01,0.05,1.56,0.03,Mar,2,2,1,3,Returning_Visitor,False,False
2,0.0,0,0.84,9,359.17,0.01,0.03,60.96,0.03,May,2,2,1,5,New_Visitor,False,True
2,0.0,0,1.27,20,1233.32,0.0,0.01,20.83,0.03,May,2,2,1,2,Returning_Visitor,True,True
0,0.0,0,1.04,65,1438.43,0.01,0.01,0.66,0.03,May,2,2,1,2,Returning_Visitor,False,False
3,64.93,0,1.78,83,107.4,0.0,0.03,0.0,0.0,Nov,1,1,1,3,Returning_Visitor,False,False
2,22.73,0,1.48,59,3178.58,0.03,0.04,6.67,0.0,Nov,2,2,1,1,Returning_Visitor,False,False
1,56.93,0,3.43,56,1245.32,0.01,0.01,11.85,0.0,Nov,2,2,1,2,Returning_Visitor,False,False
0,10.19,0,0.0,58,1279.1,0.01,0.01,1.16,0.03,May,2,2,1,4,Returning_Visitor,False,False
3,52.21,0,0.0,66,1415.39,0.02,0.01,9.83,0.03,Nov,2,2,1,2,Returning_Visitor,False,False
2,9.68,0,47.91,106,6617.79,0.01,0.03,1.63,0.03,Nov,3,2,1,1,Returning_Visitor,True,True
7,51.35,0,0.74,55,489.15,0.0,0.02,27.38,0.03,May,2,2,1,2,Returning_Visitor,True,True
1,27.23,0,1.59,64,1203.35,0.03,0.03,33.61,0.03,Nov,2,2,1,2,Returning_Visitor,False,False
3,59.78,1,146.0,69,2866.9,0.01,0.03,18.48,0.0,Nov,2,2,2,2,Returning_Visitor,True,False
3,456.23,2,13.0,89,1145.11,0.01,0.03,0.0,0.03,Dec,1,1,1,2,Returning_Visitor,True,False
0,0.0,1,2.18,69,1021.2,0.01,0.05,0.0,0.0,Nov,1,4,1,8,Returning_Visitor,False,False
3,97.5,0,0.0,47,1188.2,0.0,0.01,2.28,0.0,Dec,2,2,2,2,Returning_Visitor,False,False
3,43.67,0,0.0,57,1083.37,0.0,0.01,22.83,0.03,Nov,2,2,1,2,Returning_Visitor,False,False
2,68.0,0,1.52,70,1238.16,0.01,0.01,0.0,0.8,May,2,2,1,2,Returning_Visitor,False,False
3,27.81,0,0.0,1,1283.33,0.2,0.05,0.0,0.0,Nov,2,2,1,3,Returning_Visitor,False,False
3,106.86,0,0.0,60,250.17,0.01,0.02,1.01,0.03,Mar,2,2,1,11,Returning_Visitor,False,False
6,27.27,0,1.07,49,603.26,0.02,0.03,0.0,0.0,Nov,2,1,1,2,Returning_Visitor,False,False
0,0.0,0,0.0,56,1153.16,0.02,0.07,0.0,0.03,Mar,1,1,9,3,Returning_Visitor,False,False
3,22.28,0,1.97,68,1200.53,0.01,0.02,17.44,0.03,Dec,1,1,1,2,Returning_Visitor,False,False
0,0.0,0,0.0,1,283.13,0.18,0.2,0.0,0.03,Nov,2,2,1,1,Returning_Visitor,False,False
3,24.49,0,0.86,60,3644.75,0.0,0.02,6.83,0.03,May,2,2,1,2,Returning_Visitor,False,False
3,16.42,0,0.0,71,1225.61,0.01,0.02,4.77,0.0,Mar,2,2,1,8,Returning_Visitor,False,True
3,33.03,0,1.45,14,469.88,0.01,0.05,0.0,0.03,Mar,2,4,1,10,Returning_Visitor,False,False
3,25.82,0,0.54,22,1197.28,0.0,0.03,2.66,0.03,Mar,2,2,7,1,Returning_Visitor,False,False
9,325.33,3,44.74,39,1222.97,0.01,0.01,0.0,0.0,Mar,1,2,1,3,Returning_Visitor,False,False
3,197.5,0,1.45,15,1199.53,0.01,0.03,0.55,0.03,Dec,1,2,1,2,Returning_Visitor,False,False
3,25.09,0,194.4,62,1125.52,0.02,0.05,0.0,0.0,Mar,2,2,1,6,New_Visitor,False,False
3,102.6,0,0.0,55,871.83,0.01,0.03,3.31,0.03,Nov,1,1,1,2,Returning_Visitor,False,False
3,29.0,0,0.79,12,309.37,0.03,0.02,14.38,0.03,Sep,2,2,1,3,New_Visitor,False,True
3,25.8,0,0.0,137,3978.63,0.01,0.0,60.4,0.0,Nov,2,10,3,3,Returning_Visitor,False,False
2,12.0,0,0.0,57,1289.69,0.0,0.02,2.39,0.0,Mar,2,2,1,2,Returning_Visitor,False,False
1,86.6,0,0.76,14,1077.42,0.01,0.0,60.44,0.0,Mar,1,2,1,3,New_Visitor,False,True
0,17.67,0,1.17,2,0.0,0.2,0.14,0.0,0.14,Mar,1,1,1,2,Returning_Visitor,False,False
3,30.92,0,0.0,44,2664.45,0.01,0.01,97.86,0.03,Nov,2,2,1,3,Returning_Visitor,False,True
3,132.22,1,18.0,41,1382.2,0.02,0.03,0.0,0.03,Mar,2,2,1,2,Returning_Visitor,False,False
1,0.0,0,1.57,63,1118.19,0.01,0.01,30.55,0.0,Nov,2,2,1,4,New_Visitor,False,True
1,0.0,0,1.11,22,1080.93,0.0,0.03,0.0,0.03,Mar,2,2,1,3,Returning_Visitor,False,False
3,24.34,0,0.0,29,778.36,0.0,0.02,0.0,0.03,May,3,2,4,3,Returning_Visitor,True,False
1,22.0,0,1.53,72,1319.06,0.0,0.04,1.13,0.03,Mar,2,2,1,3,Returning_Visitor,False,False
2,138.5,0,0.0,27,1215.77,0.01,0.03,0.0,0.0,Mar,1,2,1,2,Returning_Visitor,False,False
3,0.0,0,1.33,56,872.64,0.01,0.01,0.07,0.03,May,2,2,1,2,Returning_Visitor,False,False
2,76.6,0,0.0,42,1162.1,0.0,0.02,0.0,0.03,Nov,2,1,1,3,Returning_Visitor,True,False
4,13.02,0,0.0,25,1210.44,0.01,0.01,18.18,0.03,Mar,1,2,1,2,Returning_Visitor,False,False
1,7.81,0,2.41,1,116.12,0.13,0.13,0.69,0.03,Dec,1,2,2,2,Returning_Visitor,False,False
0,28.7,0,0.0,58,1272.35,0.01,0.02,7.15,0.8,May,2,2,1,4,Returning_Visitor,False,False
2,54.33,0,0.0,17,1284.55,0.01,0.05,1.51,0.0,Nov,2,2,1,1,Returning_Visitor,False,False
1,56.1,0,2.58,8,1266.92,0.0,0.02,11.97,0.03,Dec,2,2,3,2,New_Visitor,False,False
0,0.0,0,0.92,46,1245.95,0.01,0.02,1.39,0.0,May,2,2,1,3,Returning_Visitor,False,False
3,29.66,0,0.0,33,241.0,0.01,0.03,2.83,0.03,Mar,2,2,1,1,Returning_Visitor,False,False
0,8.67,0,1.77,8,1291.6,0.01,0.03,58.79,0.03,Nov,2,2,9,2,New_Visitor,False,True
4,52.0,1,7.0,60,1244.49,0.01,0.02,18.21,0.03,Nov,2,2,3,2,Returning_Visitor,False,True
3,141.5,0,474.5,72,1431.33,0.01,0.02,6.08,0.03,May,2,2,1,4,Returning_Visitor,True,False
7,23.28,0,100.25,63,1573.23,0.0,0.0,1.8,0.03,Mar,2,2,6,3,Returning_Visitor,True,False
3,99.0,0,1.19,63,831.69,0.0,0.02,1.88,0.0,May,3,2,1,13,Returning_Visitor,False,False
2,0.0,0,0.0,30,1197.67,0.01,0.01,49.27,0.0,Nov,4,2,1,2,Returning_Visitor,False,True
2,149.0,0,1.4,62,1247.28,0.01,0.03,0.0,0.0,May,2,2,1,13,Returning_Visitor,False,False
0,24.23,0,0.0,52,77.0,0.01,0.07,0.0,0.0,Mar,2,2,1,1,Returning_Visitor,False,False
0,15.23,0,0.0,17,226.83,0.02,0.02,0.0,0.0,Mar,1,1,1,3,Returning_Visitor,True,False
2,24.01,0,459.0,17,1391.25,0.01,0.04,4.13,0.0,May,1,2,6,1,Returning_Visitor,False,False
2,24.63,0,0.41,21,1196.71,0.01,0.02,1.65,0.03,Mar,2,2,1,3,Returning_Visitor,False,False
1,42.74,0,0.0,70,1330.25,0.01,0.02,0.0,0.03,Nov,2,2,1,2,Returning_Visitor,False,False
8,20.27,0,0.13,56,1008.92,0.0,0.02,5.3,0.0,May,2,5,1,2,Returning_Visitor,False,False
2,20.09,4,2.72,31,1622.88,0.01,0.02,15.26,0.03,Nov,3,2,1,2,Returning_Visitor,False,False
2,56.96,0,1.49,58,1203.33,0.01,0.03,27.51,0.03,Sep,2,2,1,1,Returning_Visitor,True,False
2,27.01,0,0.0,12,1952.75,0.01,0.07,0.0,0.03,Mar,2,4,1,2,Returning_Visitor,False,False
4,360.75,0,0.0,66,1016.85,0.01,0.03,8.83,0.03,Nov,2,2,3,2,Returning_Visitor,False,False
3,146.9,0,1.43,67,6707.54,0.01,0.02,1.56,0.03,Nov,2,2,1,2,Returning_Visitor,False,False
1,22.97,0,1.53,12,343.0,0.02,0.03,0.0,0.03,Mar,3,2,1,3,Returning_Visitor,False,False
1,12.6,0,0.0,6,1162.44,0.0,0.01,15.89,0.03,Nov,2,2,3,2,Returning_Visitor,False,True
3,30.28,0,0.83,23,1294.31,0.01,0.02,3.27,0.03,Nov,1,1,1,2,Returning_Visitor,False,True
3,38.2,1,9.0,54,1162.27,0.01,0.0,86.12,0.03,Nov,2,2,9,2,Returning_Visitor,False,True
2,47.96,2,6.01,62,1584.85,0.01,0.02,5.38,0.03,May,2,2,9,2,Returning_Visitor,False,False
3,152.5,0,4.74,43,3065.95,0.0,0.01,3.31,0.03,Mar,2,2,1,2,Returning_Visitor,True,True
4,22.77,0,3.57,67,1300.37,0.01,0.01,1.9,0.0,Aug,2,2,1,2,Returning_Visitor,False,False
0,0.0,0,1.58,37,1244.21,0.06,0.02,0.54,0.0,Nov,3,2,1,3,Returning_Visitor,False,False
3,0.0,0,0.0,51,410.92,0.05,0.02,0.0,1.0,May,3,2,1,2,Returning_Visitor,True,False
0,0.0,0,2.89,63,417.33,0.01,0.02,0.86,0.03,May,2,2,1,13,Returning_Visitor,False,False
3,55.54,0,1.8,37,95.5,0.01,0.03,2.04,0.03,Nov,3,2,1,3,New_Visitor,True,False
0,38.95,0,0.81,1,86.22,0.0,0.03,0.0,0.0,Jul,1,1,1,3,Returning_Visitor,True,False
1,53.4,0,1.64,3,1063.73,0.01,0.01,2.69,0.03,Nov,2,2,1,2,Returning_Visitor,False,False
0,30.68,0,1.25,55,330.0,0.07,0.1,3.78,0.03,Mar,3,2,8,2,Returning_Visitor,False,False
1,41.5,0,0.16,56,1235.91,0.01,0.01,11.93,0.03,Nov,2,2,1,2,Returning_Visitor,False,False
0,14.12,0,0.0,1,65.26,0.18,0.14,0.15,0.03,Nov,1,1,1,1,Returning_Visitor,False,False
3,123.0,0,0.95,6,178.33,0.0,0.02,1.76,0.03,Mar,3,2,1,1,Returning_Visitor,False,False
4,117.2,0,1.11,50,1212.81,0.01,0.02,2.1,0.0,Mar,2,2,1,2,Returning_Visitor,False,True
8,109.08,2,2.07,59,2003.42,0.01,0.01,5.58,0.0,Mar,2,2,4,2,Returning_Visitor,False,True
7,329.9,0,1.56,54,11431.0,0.01,0.02,4.43,0.0,Nov,2,5,1,2,Returning_Visitor,True,True
3,61.15,0,0.0,9,1428.39,0.01,0.03,0.0,0.03,Nov,1,1,3,3,Returning_Visitor,True,False
3,24.72,0,1.03,64,946.39,0.01,0.02,10.37,0.03,Nov,2,1,3,2,Returning_Visitor,False,False
0,0.0,0,0.0,43,360.75,0.0,0.03,0.0,0.03,Mar,2,4,3,3,Returning_Visitor,False,False
5,20.65,0,1.68,27,1269.85,0.0,0.02,4.48,0.0,Nov,2,2,4,2,Returning_Visitor,False,False
1,171.2,0,0.0,51,1167.23,0.01,0.03,2.79,0.0,Oct,2,2,1,3,Returning_Visitor,True,False
3,80.82,0,0.0,15,1167.78,0.01,0.02,1.05,0.03,Mar,2,2,6,2,Returning_Visitor,False,False
0,0.0,0,0.0,28,1131.07,0.0,0.02,0.0,0.0,Mar,2,2,1,1,Returning_Visitor,True,False
0,0.0,0,1.62,59,1211.69,0.01,0.07,0.0,0.03,Nov,2,2,1,3,Returning_Visitor,False,False
3,110.5,0,79.45,10,1248.15,0.02,0.01,1.3,1.0,May,1,8,3,11,New_Visitor,False,False
3,3.59,0,2.72,7,354.5,0.02,0.02,0.0,0.03,Nov,2,2,1,8,Returning_Visitor,False,False
4,237.0,0,3.11,16,379.3,0.01,0.06,0.0,0.03,Mar,2,2,1,2,Returning_Visitor,False,False
2,27.45,0,0.0,68,86.75,0.0,0.05,0.0,0.0,May,3,2,6,2,Returning_Visitor,False,False
3,29.58,0,1.43,63,1238.11,0.01,0.02,1.63,0.0,Jul,3,2,4,3,Returning_Visitor,False,False
3,64.87,0,3.81,64,1761.25,0.01,0.03,0.51,0.03,Nov,2,2,1,2,Returning_Visitor,False,False
0,0.0,0,0.16,58,1211.17,0.0,0.01,0.0,0.03,Nov,2,2,4,2,Returning_Visitor,False,True
3,82.98,1,0.88,56,1193.89,0.0,0.01,8.36,0.03,Nov,3,2,1,11,Returning_Visitor,False,False
2,303.25,3,1.53,49,1210.29,0.01,0.03,58.36,0.0,Nov,2,2,4,2,Returning_Visitor,False,True
0,0.0,0,1.59,53,1216.13,0.05,0.02,0.0,0.03,Mar,2,2,1,13,Returning_Visitor,False,False
0,164.95,1,69.37,58,1272.49,0.0,0.01,14.41,0.0,Nov,8,2,9,3,Returning_Visitor,True,False
1,23.0,0,0.0,22,1268.13,0.0,0.02,0.0,0.03,Nov,2,2,1,2,New_Visitor,False,True
2,64.59,0,2.08,23,1139.48,0.01,0.02,24.08,0.0,Dec,1,1,2,2,Returning_Visitor,True,True
0,1.88,0,0.4,56,1216.81,0.0,0.03,6.3,0.0,Nov,2,2,1,2,Returning_Visitor,False,False
1,2.12,0,1.41,23,1175.11,0.05,0.04,0.0,0.03,May,2,2,4,13,Returning_Visitor,False,False
0,0.0,0,1.96,8,1056.55,0.02,0.2,0.93,0.03,May,2,2,1,2,Returning_Visitor,False,False
3,0.0,0,0.75,29,4279.97,0.01,0.02,0.0,0.03,Nov,2,2,1,2,Returning_Visitor,False,False
2,0.0,0,1.11,71,72.24,0.01,0.04,0.0,0.0,May,2,1,1,2,Returning_Visitor,False,False
3,0.0,0,0.0,17,1207.33,0.01,0.01,83.93,0.03,Sep,2,2,2,3,Returning_Visitor,True,True
3,100.92,0,0.0,9,168.02,0.0,0.02,2.56,0.0,Oct,3,2,1,1,Returning_Visitor,False,False
1,11.0,0,0.29,51,1363.36,0.01,0.01,1.12,0.0,Nov,2,2,4,2,Returning_Visitor,False,False
2,166.5,0,0.97,21,1244.46,0.03,0.02,0.89,0.03,Nov,3,2,4,3,Returning_Visitor,False,False
0,363.65,0,0.0,27,1131.29,0.0,0.02,0.0,0.03,Nov,3,2,1,11,Returning_Visitor,True,False
0,26.38,0,1.61,3,112.47,0.05,0.1,1.06,0.0,Nov,3,2,1,3,Returning_Visitor,False,False
2,58.79,0,1.15,49,1557.97,0.01,0.01,2.78,0.03,Mar,3,2,5,3,New_Visitor,False,False
3,26.19,0,0.0,11,71.35,0.01,0.0,0.0,0.0,Aug,2,2,1,2,Returning_Visitor,False,False
1,1.63,0,1.29,2,140.53,0.02,0.11,0.8,0.03,Nov,3,2,1,2,Returning_Visitor,False,False
5,229.81,0,1.68,54,1232.39,0.01,0.02,0.0,0.03,May,2,2,1,6,Returning_Visitor,False,False
2,22.25,0,0.0,43,535.35,0.01,0.02,0.77,0.0,Mar,2,2,3,10,Returning_Visitor,False,False
2,38.84,0,1.57,63,14.33,0.01,0.07,1.29,0.0,June,2,2,1,3,Returning_Visitor,True,True
1,23.12,0,0.0,103,73.75,0.05,0.02,2.54,0.0,Mar,2,2,3,2,Returning_Visitor,False,False
3,349.61,0,0.0,34,1463.8,0.01,0.02,0.83,0.0,Nov,1,1,1,2,Returning_Visitor,False,False
4,42.71,0,1.49,32,1248.31,0.01,0.01,58.11,0.03,May,2,2,1,2,Returning_Visitor,False,False
1,32.39,0,0.0,45,1132.79,0.0,0.02,1.58,0.0,May,2,2,1,4,Returning_Visitor,False,False
3,73.23,1,5.69,54,1186.87,0.01,0.02,0.32,0.0,Nov,2,2,1,4,Returning_Visitor,False,True
3,25.18,0,0.0,14,1212.58,0.0,0.02,0.0,0.0,Nov,2,2,1,3,Returning_Visitor,False,False
3,31.68,2,11.34,60,1127.43,0.01,0.03,10.33,0.0,Nov,1,1,1,2,Returning_Visitor,False,False
1,28.94,2,4.12,137,2668.73,0.02,0.02,0.99,0.0,Nov,2,2,1,2,Returning_Visitor,False,False
2,11.46,0,1.07,27,1134.27,0.0,0.03,0.65,0.03,Nov,2,2,1,1,Returning_Visitor,False,False
0,0.0,0,1.1,26,539.25,0.0,0.03,0.84,0.03,May,2,2,1,1,Returning_Visitor,True,False
0,0.0,0,1.52,43,1204.29,0.01,0.01,1.93,0.03,Mar,1,1,1,2,Returning_Visitor,False,False
4,24.89,0,191.9,57,1592.53,0.01,0.01,48.04,0.03,Oct,2,2,1,5,Returning_Visitor,False,False
0,20.55,0,0.0,1,0.0,0.2,0.2,2.59,0.0,Mar,2,2,8,2,Returning_Visitor,False,False
1,3.0,0,0.0,45,1206.89,0.0,0.01,3.63,0.03,May,2,2,1,4,Returning_Visitor,False,False
3,106.17,1,35.33,55,1606.83,0.01,0.03,1.39,0.0,Mar,3,2,4,2,Returning_Visitor,False,False
2,1.67,0,0.0,56,1209.19,0.01,0.02,2.78,0.03,Nov,2,2,1,2,Returning_Visitor,False,False
9,160.0,0,0.0,60,2724.67,0.01,0.01,1.73,0.03,Mar,2,2,1,2,Returning_Visitor,True,True
0,0.0,0,0.0,4,63.0,0.0,0.05,0.0,0.03,Feb,2,6,1,3,Returning_Visitor,False,False
2,7.01,0,2.2,16,1247.87,0.02,0.03,0.25,0.03,Nov,2,2,3,3,Returning_Visitor,False,False
2,0.0,0,1.46,37,565.38,0.02,0.03,0.0,0.0,Nov,2,2,1,1,Returning_Visitor,False,False
2,15.36,0,1.93,20,1214.46,0.02,0.03,68.2,0.03,Dec,2,2,1,10,Returning_Visitor,False,False
3,51.88,2,21.0,12,1247.5,0.02,0.05,0.0,0.0,Dec,2,2,1,2,Returning_Visitor,False,False
3,62.14,0,0.0,23,1046.92,0.0,0.03,18.52,0.03,May,2,2,1,1,Returning_Visitor,False,True
3,14.42,0,0.0,6,131.0,0.01,0.03,0.0,0.0,Nov,1,1,7,3,Returning_Visitor,False,False
6,202.25,0,0.0,175,1668.92,0.01,0.01,1.83,0.03,Nov,2,2,1,3,Returning_Visitor,False,True
3,29.21,1,58.24,54,1295.48,0.01,0.02,12.45,0.0,Nov,3,2,1,2,Returning_Visitor,True,False
2,25.56,0,1.13,46,60.0,0.02,0.05,1.22,0.03,Mar,3,2,3,1,Returning_Visitor,False,False
1,57.21,0,1.89,9,1104.58,0.01,0.04,2.13,0.03,Nov,1,1,4,7,Returning_Visitor,False,False
2,247.1,0,5.43,55,1101.05,0.01,0.03,0.0,0.03,Nov,1,2,1,1,Returning_Visitor,True,False
1,5.25,0,0.0,67,1690.78,0.01,0.02,1.67,0.03,Nov,2,1,3,2,Returning_Visitor,False,False
0,0.0,0,1.2,57,1227.7,0.01,0.02,61.19,0.03,Mar,2,2,1,2,Returning_Visitor,False,False
8,28.78,0,1.49,26,1855.47,0.01,0.02,0.0,0.05,May,2,1,4,2,Returning_Visitor,True,False
15,317.02,3,10.55,50,753.05,0.01,0.02,6.56,0.0,Nov,2,1,1,1,Returning_Visitor,False,True
2,214.6,0,1.38,58,1992.73,0.0,0.02,13.18,0.0,Mar,2,2,1,2,Returning_Visitor,False,False
1,22.22,0,0.34,69,5149.44,0.0,0.01,0.0,0.03,Nov,2,2,1,3,Returning_Visitor,False,False
3,43.64,0,0.74,74,274.25,0.01,0.02,0.0,0.03,May,2,2,1,1,Returning_Visitor,False,False
2,29.5,0,2.1,69,1653.4,0.01,0.03,68.25,0.03,Nov,3,2,1,2,Returning_Visitor,False,False
3,61.0,0,1.78,14,502.5,0.01,0.01,61.23,0.0,May,2,1,1,3,Returning_Visitor,False,True
3,53.57,0,0.0,63,1368.96,0.03,0.03,0.44,0.03,Nov,1,1,3,2,Returning_Visitor,False,False
3,150.13,0,0.0,73,1162.47,0.02,0.02,0.76,0.03,Aug,3,2,3,2,Returning_Visitor,False,False
0,15.56,0,0.73,52,1292.65,0.02,0.02,1.28,0.03,Mar,2,4,3,1,Returning_Visitor,False,False
0,23.5,0,0.0,15,1199.5,0.02,0.01,0.0,0.03,Mar,1,2,1,3,Returning_Visitor,False,False
5,98.39,0,0.0,16,1153.62,0.06,0.04,0.44,0.04,Mar,3,2,1,2,Returning_Visitor,False,False
1,15.22,1,0.87,28,1235.35,0.0,0.02,0.0,0.0,Mar,2,2,3,2,Returning_Visitor,False,False
2,19.0,0,1.16,4,806.56,0.0,0.02,2.74,0.0,Dec,2,1,1,2,Returning_Visitor,False,False
2,32.76,0,0.0,18,1126.79,0.0,0.02,56.32,0.03,Mar,2,2,1,2,Returning_Visitor,False,True
0,8.57,0,0.0,58,1259.55,0.09,0.06,0.0,0.03,May,1,1,1,3,Returning_Visitor,True,False
2,23.13,0,0.0,7,1093.0,0.05,0.11,0.0,0.0,Mar,2,2,3,1,Returning_Visitor,False,False
1,0.0,0,0.0,21,405.71,0.01,0.05,1.44,0.0,Mar,1,1,1,2,New_Visitor,False,False
3,82.5,0,0.0,42,1089.35,0.0,0.01,0.0,0.03,Mar,2,1,1,2,Returning_Visitor,False,False
1,3.07,0,0.55,13,151.0,0.01,0.02,1.44,0.03,May,2,2,1,2,Returning_Visitor,True,False
3,47.02,0,1.24,15,1298.65,0.0,0.01,1.14,0.03,Mar,2,4,1,2,Returning_Visitor,False,True
5,47.07,0,1.62,61,1195.31,0.0,0.02,23.53,0.03,Nov,2,2,1,2,Returning_Visitor,True,False
1,31.5,0,0.0,9,32.83,0.0,0.03,0.0,0.03,Mar,2,2,1,2,New_Visitor,True,False
5,96.99,0,0.0,44,548.87,0.01,0.02,0.0,0.03,Mar,3,2,1,3,Returning_Visitor,False,False
3,33.06,0,1.13,28,471.0,0.01,0.07,1.6,0.03,May,2,2,7,3,Returning_Visitor,False,False
0,7.8,0,0.0,16,1274.67,0.01,0.02,0.0,0.03,Mar,2,2,1,10,Returning_Visitor,False,False
0,8.32,0,1.01,48,1333.22,0.03,0.04,0.0,0.0,Mar,2,2,1,1,Returning_Visitor,True,True
1,11.88,0,0.0,29,1435.0,0.04,0.03,0.0,0.03,May,2,2,1,3,Returning_Visitor,False,False
1,0.0,0,0.92,87,1115.36,0.0,0.03,0.47,0.03,Mar,2,2,3,3,Returning_Visitor,False,False
9,96.19,0,35.2,69,1316.27,0.01,0.02,2.1,0.0,Mar,2,2,1,13,Returning_Visitor,False,False
1,43.5,0,1.26,6,183.88,0.01,0.02,0.0,0.03,Dec,2,2,1,3,New_Visitor,False,False
3,145.0,0,1.35,59,1051.98,0.01,0.04,4.63,0.0,Nov,2,2,1,2,Returning_Visitor,False,True
0,27.77,0,1.03,17,132.63,0.01,0.01,3.22,0.03,Mar,1,1,1,3,Returning_Visitor,False,False
0,0.0,0,1.46,58,1293.97,0.0,0.01,61.12,0.03,Nov,8,2,9,20,Returning_Visitor,False,True
3,56.01,0,2.61,54,5972.42,0.01,0.01,4.54,0.03,Nov,2,6,1,2,Returning_Visitor,False,True
0,23.91,0,0.0,33,1403.53,0.07,0.1,3.81,0.03,May,2,2,1,2,Returning_Visitor,False,False
0,0.0,0,3.09,5,215.0,0.05,0.02,0.0,0.06,Nov,3,2,3,2,Returning_Visitor,False,False
0,10.08,0,1.17,28,51.5,0.0,0.05,1.95,0.0,Nov,2,2,1,2,Returning_Visitor,False,False
0,11.8,0,6.46,77,925.9,0.05,0.03,0.05,0.81,Mar,3,2,2,2,Returning_Visitor,False,False
3,31.16,0,1.73,58,187.5,0.01,0.04,0.0,0.03,Mar,2,5,8,3,Returning_Visitor,False,False
2,22.1,0,1.29,4,1405.38,0.01,0.03,0.0,0.03,Mar,2,2,1,2,Returning_Visitor,False,False
3,137.54,0,2.12,13,574.5,0.01,0.01,0.0,0.03,June,3,3,8,3,New_Visitor,False,False
2,42.26,0,2.19,16,1226.0,0.0,0.02,143.48,0.03,Nov,2,2,3,2,Returning_Visitor,False,True
2,0.0,0,1.61,6,0.0,0.2,0.2,0.32,0.03,Jul,1,1,1,1,Returning_Visitor,False,False
3,65.01,0,0.42,53,1470.37,0.0,0.02,2.6,0.0,Oct,2,2,1,3,New_Visitor,False,False
2,36.43,0,1.05,6,317.76,0.01,0.04,1.53,0.0,Nov,3,2,1,3,Returning_Visitor,False,False
7,445.33,2,135.5,52,1074.61,0.01,0.02,3.8,0.03,Nov,3,2,6,1,Returning_Visitor,False,False
3,59.58,1,22.57,55,5074.67,0.01,0.02,2.27,0.03,May,2,2,5,3,Returning_Visitor,False,False
3,37.2,0,0.0,51,1309.04,0.01,0.03,2.01,0.03,Oct,2,2,1,3,Returning_Visitor,False,False
0,0.0,0,1.19,45,1190.38,0.01,0.01,0.0,0.0,Mar,2,2,1,3,Returning_Visitor,False,False
0,10.97,0,1.14,46,1218.28,0.01,0.04,0.52,0.03,Nov,2,2,1,2,Returning_Visitor,False,False
0,0.0,0,0.0,59,1054.54,0.0,0.02,0.08,0.03,Mar,2,2,3,2,Returning_Visitor,True,False
11,345.29,3,27.0,64,1009.08,0.0,0.02,0.57,0.03,Nov,1,2,1,3,Returning_Visitor,False,True
4,50.75,0,1.79,2,11.1,0.0,0.04,0.4,0.03,Nov,2,2,8,3,New_Visitor,False,False
0,0.0,0,12.26,1,71.01,0.2,0.14,0.13,0.03,May,1,1,1,3,Returning_Visitor,False,False
0,13.27,0,0.0,1,65.88,0.18,0.14,0.37,0.0,Nov,3,2,1,2,Returning_Visitor,False,False
1,8.0,0,0.0,68,1154.7,0.02,0.04,0.0,0.0,Nov,3,2,1,2,Returning_Visitor,True,False
0,18.85,0,0.39,16,360.0,0.01,0.02,0.0,0.0,Mar,2,2,1,1,Returning_Visitor,False,False
1,13.54,0,0.21,52,1074.92,0.03,0.03,0.77,0.03,Nov,2,4,3,3,Returning_Visitor,False,False
7,28.27,0,0.0,25,1400.96,0.0,0.02,1.68,0.0,Mar,2,4,1,1,Returning_Visitor,False,False
0,30.29,0,0.0,17,1210.27,0.01,0.03,1.67,0.0,May,3,2,2,3,Returning_Visitor,False,False
3,574.55,0,0.0,43,571.42,0.01,0.03,1.7,0.0,Oct,3,2,1,3,Returning_Visitor,False,False
0,0.0,0,0.0,43,452.12,0.08,0.04,0.35,0.03,Nov,2,2,1,6,Returning_Visitor,False,False
3,358.08,1,1.53,93,3422.52,0.02,0.03,1.9,0.03,Nov,2,2,2,3,Returning_Visitor,False,False
1,0.0,0,0.0,11,313.89,0.01,0.02,0.0,0.0,Nov,2,2,1,2,Returning_Visitor,False,False
1,6.16,0,0.0,68,1254.13,0.01,0.01,109.91,0.0,Mar,2,2,1,2,Returning_Visitor,False,True
3,0.0,0,0.0,9,1201.49,0.01,0.01,0.0,0.7,May,4,1,1,2,Returning_Visitor,False,False
0,11.03,0,0.0,57,234.5,0.01,0.04,0.48,0.03,Nov,1,1,3,2,Returning_Visitor,False,False
3,127.0,0,2.16,22,473.5,0.04,0.03,0.0,0.0,Mar,1,2,1,2,Returning_Visitor,False,False
3,12.45,0,0.0,14,486.15,0.01,0.02,4.86,0.0,Nov,2,2,1,1,Returning_Visitor,False,True
3,0.0,0,0.0,7,267.0,0.02,0.03,0.13,0.03,Mar,2,2,3,3,Returning_Visitor,False,False
0,12.55,0,1.42,25,1138.6,0.01,0.03,0.46,0.03,Mar,2,2,3,1,Returning_Visitor,False,False
6,101.15,0,1.06,19,1409.42,0.01,0.02,1.19,0.03,Mar,1,2,1,2,Returning_Visitor,False,False
0,30.22,0,0.53,51,181.0,0.0,0.02,4.16,1.0,Mar,2,1,3,2,Returning_Visitor,True,False
1,18.47,0,1.36,24,1195.38,0.05,0.06,1.41,0.03,Nov,2,2,1,3,Returning_Visitor,False,False
11,34.96,1,0.0,62,960.28,0.01,0.02,3.35,0.0,Mar,2,2,7,2,New_Visitor,True,False
1,10.35,0,1.52,38,1253.53,0.02,0.01,1.59,0.03,May,4,2,8,4,Returning_Visitor,False,False
3,156.9,0,4.43,57,1427.47,0.01,0.01,36.57,0.0,May,2,2,9,2,New_Visitor,False,True
3,66.8,0,16.39,60,2250.08,0.01,0.02,56.41,0.0,May,2,2,4,2,Returning_Visitor,False,True
0,0.0,0,0.56,83,1162.88,0.01,0.03,1.5,0.03,May,2,2,1,3,Returning_Visitor,False,False
3,90.0,2,70.58,57,1186.14,0.01,0.02,3.93,0.03,Mar,2,2,3,2,Returning_Visitor,False,False
1,233.51,0,0.0,26,1252.91,0.03,0.03,0.0,0.0,Nov,3,2,1,3,Returning_Visitor,False,False
1,34.95,0,1.73,3,1260.65,0.0,0.0,42.29,0.03,Oct,2,2,1,3,Returning_Visitor,False,True
0,12.68,0,1.8,19,224.0,0.01,0.02,0.73,0.03,Mar,2,2,1,1,Returning_Visitor,False,False
3,16.4,3,808.5,33,1055.22,0.02,0.04,1.2,0.03,May,2,2,1,4,Returning_Visitor,False,False
3,30.69,0,0.0,4,1072.66,0.03,0.05,5.12,0.03,May,2,2,1,2,Returning_Visitor,False,False
2,0.0,0,1.46,55,1225.76,0.08,0.02,0.0,0.0,Nov,3,2,2,2,Returning_Visitor,True,False
0,0.0,0,0.0,60,1107.92,0.01,0.02,226.68,0.0,Dec,8,2,9,20,Other,False,True
2,32.06,1,0.0,9,1266.48,0.01,0.02,0.0,0.03,Feb,2,1,1,3,Returning_Visitor,False,False
4,54.68,0,0.0,53,1440.3,0.01,0.02,19.14,0.0,Mar,2,2,7,3,Returning_Visitor,False,True
1,26.97,0,0.0,65,1221.19,0.0,0.01,0.0,0.03,Mar,2,2,1,3,New_Visitor,False,False
1,65.1,2,6.35,57,3380.69,0.0,0.02,1.01,0.0,Mar,2,2,3,2,Returning_Visitor,True,False
0,25.89,0,1.25,14,2530.5,0.01,0.05,1.19,0.03,Mar,2,2,1,3,Returning_Visitor,False,False
0,1.57,0,0.0,47,1199.66,0.0,0.01,0.0,0.0,Mar,2,4,1,2,Returning_Visitor,False,False
2,91.0,3,40.72,62,1244.83,0.01,0.03,0.0,0.0,Mar,2,2,1,2,Returning_Visitor,False,False
3,31.05,0,0.0,10,1304.32,0.01,0.03,1.62,0.03,May,2,4,1,2,Returning_Visitor,False,False
0,9.32,0,1.59,52,1317.47,0.01,0.05,0.0,0.0,Nov,2,2,2,1,Returning_Visitor,False,False
2,25.21,0,0.0,7,182.0,0.03,0.02,0.0,0.0,Mar,3,2,1,3,Returning_Visitor,True,False
1,24.71,0,1.5,14,363.32,0.01,0.02,0.17,0.03,Mar,1,1,1,3,Returning_Visitor,False,False
2,39.62,0,1.65,2,561.65,0.0,0.02,1.27,0.0,Nov,2,2,3,1,Returning_Visitor,False,False
4,182.0,0,1.61,15,1130.08,0.01,0.01,0.13,0.03,May,1,1,1,3,Returning_Visitor,False,False
5,48.48,0,1.38,52,1210.34,0.01,0.03,11.87,0.0,Nov,2,2,1,3,Returning_Visitor,False,True
3,6.0,0,0.66,111,3693.48,0.01,0.02,0.5,0.03,Nov,2,2,1,2,Returning_Visitor,False,False
1,52.82,0,1.34,57,658.08,0.0,0.06,1.6,0.03,Nov,3,2,1,10,Returning_Visitor,False,False
2,23.62,0,1.13,32,170.84,0.19,0.16,0.55,0.09,May,3,2,1,13,Returning_Visitor,False,False
3,15.0,0,1.23,29,1119.22,0.01,0.02,0.0,0.8,Nov,2,2,1,3,Returning_Visitor,False,False
2,20.67,0,1.27,62,1339.36,0.01,0.04,1.45,0.0,Dec,2,2,2,3,Returning_Visitor,False,False
2,7.73,0,0.63,17,1314.25,0.05,0.1,0.0,0.03,Mar,2,2,1,1,Returning_Visitor,False,False
7,152.8,0,0.0,25,1252.66,0.0,0.03,24.14,0.03,Mar,2,2,1,2,Returning_Visitor,False,False
2,8.23,0,0.0,125,3913.17,0.0,0.02,0.0,0.6,Nov,2,2,1,2,Returning_Visitor,False,False
3,46.23,0,0.0,24,1139.14,0.01,0.03,0.16,0.03,Nov,2,2,1,2,Returning_Visitor,False,False
3,64.5,0,0.0,36,1366.94,0.0,0.01,2.65,0.03,Mar,3,2,1,2,New_Visitor,False,False
2,92.6,0,0.0,30,1126.39,0.0,0.02,60.83,0.03,Mar,2,2,1,3,Returning_Visitor,False,True
3,64.92,0,1.58,33,1502.4,0.01,0.01,43.09,0.03,Aug,3,2,1,3,Returning_Visitor,False,False
5,318.97,0,1.53,67,950.42,0.0,0.01,4.48,0.03,Dec,2,2,2,2,Returning_Visitor,False,False
2,5.45,0,0.73,101,1201.71,0.0,0.03,0.0,0.03,Nov,2,2,1,1,Returning_Visitor,False,False
3,23.5,2,28.5,39,1269.51,0.03,0.03,0.8,0.03,Dec,2,2,1,2,Returning_Visitor,False,False
2,61.26,0,0.0,67,1345.37,0.01,0.02,0.0,0.03,Dec,2,2,3,2,New_Visitor,False,False
0,0.0,0,1.26,54,1272.34,0.01,0.02,0.0,0.8,May,2,2,1,1,Returning_Visitor,False,False
3,51.12,0,0.76,8,1272.86,0.0,0.01,3.0,0.0,Mar,2,2,1,2,Returning_Visitor,False,False
3,33.92,0,1.81,15,1129.53,0.0,0.01,0.0,0.03,Mar,3,2,1,2,New_Visitor,False,False
1,12.66,0,0.0,76,1322.79,0.01,0.09,0.41,0.03,May,3,2,1,3,Returning_Visitor,False,False
0,19.85,0,0.0,1,64.14,0.2,0.14,3.6,0.0,Mar,3,2,3,1,Returning_Visitor,True,False
1,0.0,0,1.32,25,1204.74,0.0,0.04,0.0,0.03,Nov,2,2,1,1,Returning_Visitor,False,False
3,82.97,0,0.0,58,1350.26,0.01,0.02,0.56,0.03,Mar,3,2,1,2,Returning_Visitor,False,False
3,4.0,0,2.11,54,947.42,0.01,0.05,0.0,0.0,Nov,2,2,1,3,Returning_Visitor,False,False
2,34.46,0,0.0,51,1192.22,0.01,0.02,2.48,0.0,Oct,2,2,3,1,Returning_Visitor,False,False
2,6.0,0,1.48,29,1177.49,0.01,0.03,0.0,0.0,Nov,2,2,7,1,Returning_Visitor,False,False
3,29.28,0,1.03,21,1269.53,0.01,0.02,0.0,0.03,Mar,2,4,1,3,Returning_Visitor,False,False
0,41.19,0,0.0,52,1312.75,0.02,0.02,2.2,0.03,Mar,1,1,1,1,Returning_Visitor,False,False
3,46.48,0,1.4,10,1049.13,0.01,0.03,5.16,0.03,Oct,2,2,3,20,Returning_Visitor,False,False
0,3.13,0,0.33,65,1164.43,0.0,0.02,1.56,0.03,Mar,2,2,3,2,Returning_Visitor,False,True
2,131.0,2,1.47,77,237.75,0.0,0.02,1.18,0.0,Dec,2,10,4,3,Returning_Visitor,False,False
7,306.95,0,0.0,55,1358.17,0.01,0.02,0.0,0.03,Nov,1,1,1,2,Returning_Visitor,False,False
3,0.0,0,0.0,17,1151.45,0.01,0.04,0.0,0.0,Mar,2,4,1,2,Returning_Visitor,False,False
9,92.0,1,2.41,75,3803.48,0.01,0.04,5.6,0.03,Nov,2,2,1,2,Returning_Visitor,False,False
3,303.55,7,243.28,169,6920.97,0.01,0.02,8.69,0.0,Mar,2,2,1,2,Returning_Visitor,False,False
0,0.0,0,0.0,12,129.0,0.0,0.03,0.0,0.03,May,1,2,3,2,Returning_Visitor,False,False
0,0.0,0,0.0,36,1160.29,0.0,0.03,0.0,0.0,Mar,2,4,1,1,Returning_Visitor,False,False
0,8.52,0,1.36,1,0.0,0.2,0.2,0.0,0.61,Mar,1,1,9,2,Returning_Visitor,False,False
8,34.61,0,0.0,66,857.74,0.0,0.01,0.0,0.0,Mar,2,2,1,4,Returning_Visitor,False,False
2,38.0,0,2.57,59,1230.6,0.01,0.03,113.98,0.0,May,2,2,1,2,Returning_Visitor,False,True
1,12.64,0,0.0,15,1212.61,0.01,0.02,2.12,0.0,May,2,4,7,2,Returning_Visitor,False,False
0,3.85,0,4.12,61,1139.18,0.01,0.05,11.27,0.0,Nov,2,2,1,2,Returning_Visitor,False,True
0,8.12,0,0.08,10,274.3,0.01,0.06,0.0,0.03,June,2,2,4,2,Returning_Visitor,False,False
0,15.3,0,0.73,73,7453.77,0.0,0.01,0.47,0.03,Nov,2,2,1,2,Returning_Visitor,False,False
0,0.0,0,1.35,1,110.42,0.19,0.14,0.2,0.0,Mar,2,2,1,1,Returning_Visitor,False,False
3,25.31,0,34.2,47,1230.19,0.02,0.12,5.33,0.03,Mar,3,2,1,13,Returning_Visitor,False,False
3,44.3,0,0.0,44,690.48,0.02,0.02,0.0,0.0,Mar,2,2,1,1,Returning_Visitor,False,False
0,17.34,0,0.95,36,1099.48,0.03,0.07,0.0,0.0,Nov,2,2,1,3,Returning_Visitor,True,False
3,72.75,0,2.43,63,968.69,0.01,0.01,106.25,0.0,Mar,1,1,1,2,Returning_Visitor,False,True
2,0.0,0,1.09,69,1175.96,0.0,0.02,0.3,0.03,Nov,1,1,1,3,Returning_Visitor,False,False
3,70.83,2,30.0,66,1280.55,0.01,0.01,17.36,0.03,Nov,2,2,1,2,Returning_Visitor,False,True
2,0.0,0,0.0,12,645.92,0.01,0.05,2.29,0.03,Mar,2,1,1,2,Returning_Visitor,False,False
6,41.5,0,0.64,8,129.76,0.02,0.07,1.58,0.03,May,1,1,1,3,Returning_Visitor,False,False
1,3.0,0,1.14,52,1223.55,0.04,0.04,2.9,0.03,Mar,3,2,1,1,Returning_Visitor,True,True
0,12.38,0,0.0,55,1254.21,0.0,0.01,0.95,0.0,Nov,2,1,1,3,Returning_Visitor,False,False
2,21.91,0,0.83,45,127.17,0.05,0.06,1.98,0.03,Nov,2,2,5,3,Returning_Visitor,False,False
9,86.21,0,2.52,19,1175.67,0.02,0.02,1.53,0.0,May,2,2,1,3,New_Visitor,False,False
3,21.55,0,0.78,13,1213.64,0.01,0.01,3.58,0.03,Jul,2,2,1,3,Returning_Visitor,False,False
1,0.0,0,1.47,57,981.17,0.02,0.03,0.18,0.03,May,2,2,1,13,Returning_Visitor,False,False
1,3.27,0,0.0,3,74.79,0.0,0.05,0.0,0.03,Nov,2,4,1,2,Returning_Visitor,False,False
1,20.27,0,1.09,83,72.04,0.01,0.03,1.1,0.6,May,2,1,4,2,Returning_Visitor,False,False
4,238.05,0,3.43,104,1240.68,0.0,0.01,2.63,0.0,Nov,1,2,1,3,Returning_Visitor,False,True
0,20.5,0,0.0,4,0.0,0.2,0.03,0.0,0.03,Mar,2,2,1,3,Returning_Visitor,False,False
0,0.0,0,1.33,32,1248.45,0.0,0.02,4.26,0.0,May,2,2,1,2,Returning_Visitor,False,False
2,53.07,0,0.0,25,488.72,0.02,0.04,0.92,0.03,Nov,2,2,1,1,Returning_Visitor,False,False
0,17.11,0,0.69,2,0.0,0.0,0.1,0.0,0.0,May,2,2,1,2,Returning_Visitor,True,False
3,13.4,0,0.0,61,164.18,0.04,0.05,0.0,0.03,Nov,1,2,3,2,Returning_Visitor,False,True
0,0.0,0,1.5,4,1205.37,0.0,0.05,0.72,0.2,May,2,2,1,3,Returning_Visitor,False,False
3,11.0,0,1.13,26,1258.31,0.01,0.02,0.0,0.0,May,3,2,1,3,Returning_Visitor,False,False
0,4.28,0,1.22,65,868.42,0.0,0.02,6.86,0.0,Nov,3,2,1,2,Returning_Visitor,True,True
1,98.5,0,0.91,64,888.28,0.01,0.03,2.63,0.0,Mar,2,2,1,2,Returning_Visitor,True,False
3,4.93,0,0.0,15,482.54,0.02,0.03,0.71,0.03,May,2,2,1,3,Returning_Visitor,True,False
3,29.37,0,1.7,15,1352.37,0.0,0.01,1.39,0.03,May,2,10,1,3,Returning_Visitor,False,False
3,317.75,0,0.0,67,1131.05,0.01,0.03,5.17,0.03,Mar,3,2,2,2,Returning_Visitor,False,True
0,18.0,0,1.52,98,1261.02,0.0,0.02,0.42,0.03,May,2,2,3,3,Returning_Visitor,False,False
3,302.5,0,1.29,15,1211.02,0.05,0.06,1.14,0.0,Dec,3,2,1,2,Returning_Visitor,False,False
4,24.89,2,37.5,25,788.27,0.01,0.02,12.76,0.0,Mar,2,2,3,3,Returning_Visitor,False,True
7,164.58,2,28.18,55,3427.67,0.01,0.02,4.97,0.03,Nov,2,2,4,10,Returning_Visitor,False,True
2,20.73,0,0.0,90,0.0,0.01,0.15,0.13,0.03,Nov,3,2,1,13,Returning_Visitor,False,False
4,218.58,0,0.81,37,1247.85,0.0,0.01,60.43,0.03,Dec,2,2,1,2,Returning_Visitor,False,True
2,27.6,0,0.0,61,353.9,0.02,0.04,4.83,0.03,Mar,2,2,7,1,Returning_Visitor,False,False
3,55.2,3,64.19,60,1124.04,0.01,0.02,1.3,0.0,Mar,2,2,1,2,Returning_Visitor,False,False
0,0.0,0,1.31,49,1431.64,0.01,0.07,0.51,0.03,Nov,2,2,1,1,Returning_Visitor,False,False
2,30.0,0,2.63,51,1208.26,0.02,0.02,7.48,0.0,Nov,2,6,3,3,Returning_Visitor,False,False
0,22.94,0,0.0,78,544.24,0.0,0.07,0.52,0.03,Nov,3,2,1,3,Returning_Visitor,True,False
1,35.4,0,0.0,55,1232.54,0.0,0.01,46.22,0.03,Nov,3,2,3,2,Returning_Visitor,False,True
2,0.0,0,0.0,62,1471.86,0.05,0.08,0.28,1.0,May,3,2,1,3,Returning_Visitor,True,False
0,13.42,0,1.03,33,1380.23,0.0,0.02,0.78,0.03,Mar,2,4,3,2,Returning_Visitor,True,False
0,7.03,0,1.03,1,0.0,0.05,0.08,0.0,0.0,Mar,1,1,1,2,Returning_Visitor,True,False
3,38.67,0,0.0,67,1184.5,0.02,0.02,0.0,0.6,May,4,2,1,1,Returning_Visitor,False,False
2,13.48,0,0.8,31,1115.34,0.01,0.02,9.31,0.03,Nov,2,2,1,2,Returning_Visitor,True,False
5,155.63,1,5.01,79,1122.58,0.01,0.01,11.23,0.0,Mar,1,1,1,2,Returning_Visitor,False,True
8,63.76,0,0.0,33,1109.88,0.01,0.03,1.07,0.0,Nov,2,1,1,1,Returning_Visitor,False,False
3,57.06,0,1.73,70,1103.29,0.0,0.03,0.0,0.0,Mar,2,2,1,8,New_Visitor,False,False
3,24.0,0,0.0,37,1057.97,0.01,0.02,0.0,0.0,Nov,1,1,1,2,Returning_Visitor,False,False
2,9.22,0,0.0,22,267.5,0.05,0.06,0.0,0.03,Mar,2,5,3,3,Returning_Visitor,False,False
3,31.07,0,3.35,49,572.06,0.0,0.01,1.86,0.03,Nov,2,2,1,6,Returning_Visitor,False,False
3,56.62,1,81.84,66,4891.97,0.01,0.0,0.05,0.03,Mar,2,2,3,2,Returning_Visitor,False,False
3,28.17,0,0.0,81,1342.75,0.02,0.02,0.0,0.0,Sep,2,1,1,3,Returning_Visitor,False,True
0,0.0,0,0.0,3,69.02,0.13,0.2,0.0,0.03,June,3,2,1,1,Returning_Visitor,False,False
1,32.28,0,0.4,90,95.28,0.2,0.14,0.02,0.03,Nov,2,2,1,2,Returning_Visitor,False,False
2,20.0,2,39.5,60,8613.26,0.01,0.03,0.0,0.0,Mar,1,1,1,2,Returning_Visitor,False,False
0,15.34,0,1.65,79,543.3,0.03,0.04,2.54,1.0,Nov,3,2,2,1,Returning_Visitor,False,False
3,67.12,0,1.0,12,544.83,0.0,0.04,53.17,0.03,Dec,2,2,1,2,Other,True,False
3,61.69,0,0.31,54,1209.81,0.01,0.02,16.19,0.0,May,2,2,7,1,Returning_Visitor,False,True
5,68.46,0,2.46,82,172.82,0.01,0.01,0.0,0.0,Dec,2,2,3,2,New_Visitor,False,False
3,98.56,2,3.96,22,759.75,0.01,0.02,9.1,0.03,Dec,1,1,1,2,Returning_Visitor,False,False
0,5.77,0,0.83,1,72.48,0.13,0.15,0.06,0.0,Nov,2,2,1,2,Returning_Visitor,False,False
2,27.36,1,802.5,61,2073.92,0.01,0.03,0.0,0.03,Nov,2,2,1,2,Returning_Visitor,True,False
0,1.97,0,0.0,62,1219.09,0.01,0.01,5.17,0.0,Nov,2,2,1,2,Returning_Visitor,False,True
3,12.08,0,0.0,36,1166.73,0.0,0.01,4.6,0.0,Nov,2,1,1,2,Returning_Visitor,True,True
3,39.49,0,1.11,34,365.75,0.0,0.01,0.49,0.03,May,3,2,1,2,Returning_Visitor,True,False
0,24.25,0,0.83,52,1284.96,0.01,0.05,0.36,1.0,May,3,2,1,2,Returning_Visitor,True,False
3,33.92,0,1.39,67,717.0,0.01,0.03,0.49,0.0,May,3,2,1,13,Returning_Visitor,False,False
3,34.15,0,0.0,51,2097.42,0.01,0.02,0.0,0.03,Jul,2,1,5,3,Returning_Visitor,False,False
5,210.74,2,64.09,68,1173.92,0.0,0.01,13.83,0.03,Nov,1,1,1,2,Returning_Visitor,False,False
4,254.53,3,92.7,61,1346.13,0.02,0.03,9.45,0.03,Mar,2,2,7,2,Returning_Visitor,False,False
3,70.02,0,1.39,15,446.38,0.01,0.01,0.0,0.03,Mar,8,13,1,2,Other,False,False
3,16.94,0,2.12,67,1279.33,0.01,0.02,1.25,0.8,May,2,2,1,3,Returning_Visitor,False,False
2,16.81,0,1.36,55,1265.61,0.0,0.01,0.0,0.03,May,2,2,1,2,Returning_Visitor,False,False
4,45.42,0,1.82,19,1277.33,0.0,0.01,30.53,0.0,Mar,2,2,1,2,Returning_Visitor,False,True
1,2.82,0,0.42,30,325.28,0.0,0.01,3.2,0.03,Nov,2,2,1,2,Returning_Visitor,True,True
7,42.13,2,2.16,63,5826.33,0.0,0.03,1.08,0.0,Nov,2,2,1,3,Returning_Visitor,True,False
6,24.24,0,0.0,55,1203.74,0.01,0.03,2.9,0.0,Aug,1,1,1,2,Returning_Visitor,False,False
1,0.0,0,2.27,2,64.95,0.19,0.2,0.13,0.03,May,1,1,1,3,Returning_Visitor,False,False
6,38.49,0,1.59,62,491.1,0.0,0.0,0.0,0.03,Mar,2,2,1,2,New_Visitor,True,False
3,129.02,0,1.27,56,1192.31,0.01,0.02,0.0,0.0,Nov,1,1,1,2,Returning_Visitor,False,False
0,0.0,2,13.86,21,961.63,0.01,0.04,4.35,0.03,May,2,2,7,6,Returning_Visitor,True,False
4,69.28,0,1.28,25,1022.89,0.01,0.03,0.0,0.0,Oct,1,2,1,3,Returning_Visitor,False,False
0,20.3,0,1.25,65,93.0,0.01,0.05,0.0,0.03,Nov,1,1,3,1,Returning_Visitor,False,False
3,3.29,0,0.0,20,1198.22,0.05,0.01,0.26,0.0,Aug,2,2,3,3,Returning_Visitor,False,False
3,56.39,0,0.0,18,579.33,0.02,0.02,1.53,0.0,Mar,1,1,1,3,New_Visitor,True,False
0,0.0,0,3.23,94,1273.13,0.0,0.01,2.15,0.03,Mar,2,2,1,3,Returning_Visitor,False,False
9,159.72,1,20.0,39,1204.81,0.01,0.03,14.65,0.0,Nov,1,1,1,2,Returning_Visitor,False,False
3,82.6,0,0.0,57,1245.44,0.0,0.01,0.42,0.03,Mar,2,2,1,1,New_Visitor,False,False
3,0.0,0,0.0,57,2827.43,0.01,0.01,22.73,0.03,May,2,2,2,2,Returning_Visitor,False,False
2,16.62,0,1.14,72,76.0,0.0,0.06,2.1,0.6,Nov,3,2,1,3,Returning_Visitor,False,False
6,58.94,2,3.65,59,5602.17,0.0,0.01,0.0,0.03,Nov,2,2,1,2,Returning_Visitor,False,False
15,360.11,3,1.31,49,1324.26,0.01,0.02,10.08,0.03,Sep,2,2,3,2,Returning_Visitor,False,False
4,13.58,2,40.8,57,1246.54,0.0,0.03,1.89,0.03,Aug,2,2,1,5,Returning_Visitor,False,True
0,0.0,0,0.0,50,63.86,0.2,0.2,0.5,0.03,May,2,2,1,3,Returning_Visitor,False,False
0,0.0,0,2.53,145,4108.81,0.01,0.03,0.0,0.03,Nov,2,2,4,2,Returning_Visitor,False,True
3,21.12,0,0.31,50,431.9,0.01,0.02,1.36,0.03,Jul,1,2,1,2,Returning_Visitor,False,False
1,8.36,0,0.8,74,1268.27,0.0,0.01,1.35,0.03,June,2,2,1,4,Returning_Visitor,False,False
3,52.97,0,0.0,6,1100.1,0.0,0.02,0.0,0.03,Nov,2,2,1,2,Returning_Visitor,False,False
3,39.4,0,0.25,40,1176.39,0.0,0.01,12.36,0.03,Mar,2,2,2,2,Returning_Visitor,False,True
2,5.79,0,0.0,48,1435.36,0.01,0.02,1.11,0.03,Sep,2,2,1,2,Returning_Visitor,False,False
0,40.98,1,2.41,47,1175.31,0.03,0.06,1.51,0.0,May,3,2,1,2,Returning_Visitor,True,True
2,24.43,0,1.46,107,939.59,0.0,0.03,0.0,0.03,Mar,2,2,7,3,Returning_Visitor,False,False
16,319.27,0,3.8,101,1109.32,0.01,0.02,12.01,0.03,Dec,3,2,1,2,Returning_Visitor,False,False
3,85.34,2,1.94,11,1141.98,0.01,0.04,0.58,0.0,Jul,2,5,1,2,Returning_Visitor,True,False
1,16.6,0,1.24,37,78.14,0.19,0.1,0.66,0.03,Mar,2,2,1,1,Returning_Visitor,False,False
1,0.0,0,1.9,2,1295.82,0.01,0.05,0.0,0.03,Nov,2,2,1,2,Returning_Visitor,False,False
0,16.43,0,1.73,22,1114.85,0.05,0.03,2.12,0.0,Dec,2,2,1,1,Returning_Visitor,False,False
0,0.0,0,0.97,40,255.0,0.01,0.07,0.0,0.03,Nov,2,5,1,2,Returning_Visitor,False,False
2,286.83,0,373.5,15,1380.58,0.05,0.02,1.36,0.03,May,3,2,1,2,Returning_Visitor,False,False
0,0.0,0,0.89,55,1236.58,0.0,0.02,4.63,0.03,Dec,2,2,3,3,Returning_Visitor,False,False
2,20.29,0,0.74,19,1270.01,0.01,0.03,52.51,0.03,Nov,2,2,1,2,Returning_Visitor,False,False
2,20.69,0,5.0,30,797.76,0.01,0.03,1.34,0.03,Oct,1,1,1,2,Returning_Visitor,False,False
2,42.17,0,0.58,49,1216.12,0.0,0.01,52.52,0.03,Mar,2,4,1,2,Returning_Visitor,False,False
3,44.0,0,0.0,18,1133.97,0.01,0.03,0.0,0.03,Nov,2,2,1,3,Returning_Visitor,False,False
1,2.88,0,2.19,59,1192.23,0.0,0.0,1.88,0.0,May,3,2,3,4,Returning_Visitor,False,False
3,26.75,0,0.0,13,1162.29,0.01,0.02,0.63,0.0,Mar,2,2,1,1,Returning_Visitor,False,False
2,52.85,0,1.71,58,1201.42,0.01,0.02,0.79,0.03,Nov,2,2,1,1,Returning_Visitor,False,False
3,13.88,0,1.02,13,99.0,0.0,0.05,0.0,0.03,May,1,2,1,2,Returning_Visitor,False,False
3,628.37,1,30.77,69,4044.47,0.01,0.02,1.8,0.03,Nov,1,1,1,2,Returning_Visitor,False,False
3,40.43,0,2.09,73,1317.65,0.03,0.03,0.58,0.03,May,3,2,1,1,Returning_Visitor,False,False
2,0.0,0,0.0,24,7.0,0.01,0.1,0.0,0.8,May,1,1,1,2,Returning_Visitor,False,False
4,73.3,0,0.0,75,1151.69,0.01,0.04,0.27,0.0,Nov,2,2,2,1,Returning_Visitor,False,True
3,57.0,0,0.0,68,3908.75,0.0,0.0,1.3,0.0,Nov,2,1,1,3,Returning_Visitor,False,False
3,68.07,0,0.0,36,1249.64,0.01,0.01,0.46,0.03,Nov,2,2,1,2,Returning_Visitor,False,False
0,2.94,1,13.3,25,1207.93,0.01,0.03,1.88,0.03,Nov,2,2,3,2,Returning_Visitor,False,False
0,25.52,0,1.17,55,1382.77,0.02,0.03,3.1,0.31,May,2,4,1,3,Returning_Visitor,False,False
2,0.0,0,1.26,64,44.0,0.01,0.08,2.27,0.2,Mar,2,2,5,6,Returning_Visitor,False,False
8,127.97,1,5.3,57,1983.23,0.0,0.01,1.36,0.0,June,3,2,1,3,Returning_Visitor,False,False
4,185.44,0,10.74,110,4096.71,0.0,0.01,2.01,0.03,Nov,2,2,6,3,Returning_Visitor,False,False
1,23.07,0,0.0,72,1198.32,0.01,0.02,0.42,0.0,Oct,1,1,3,2,Returning_Visitor,False,False
4,223.43,6,312.0,44,1307.78,0.01,0.02,12.68,0.03,Mar,2,2,1,2,Returning_Visitor,False,False
4,10.35,0,1.02,33,1221.05,0.01,0.03,1.43,0.03,Sep,3,2,3,3,Returning_Visitor,False,False
0,24.7,0,1.42,4,18.0,0.04,0.14,0.82,0.03,Mar,2,2,1,13,Returning_Visitor,False,False
1,90.0,0,1.27,6,677.0,0.0,0.04,0.0,0.0,Mar,8,13,9,3,Returning_Visitor,False,False
3,68.45,0,0.0,55,1127.85,0.01,0.02,26.45,0.03,Nov,1,1,1,2,Returning_Visitor,False,True
4,14.72,1,21.55,24,1187.22,0.01,0.0,0.23,0.03,May,2,2,1,4,Returning_Visitor,False,False
1,35.73,0,3.1,49,618.75,0.0,0.02,8.09,0.03,Mar,2,2,1,3,Returning_Visitor,False,False
3,232.62,2,8.0,69,1195.45,0.01,0.03,10.03,0.0,Nov,2,2,1,2,Returning_Visitor,False,False
0,0.0,0,1.11,31,1297.46,0.01,0.02,0.0,0.03,Nov,2,1,1,2,Returning_Visitor,True,False
2,14.5,0,0.63,14,307.67,0.0,0.02,0.89,0.0,Nov,2,2,9,3,Returning_Visitor,False,False
1,22.49,0,0.0,2,7.0,0.01,0.15,0.0,0.0,Aug,2,2,1,2,Returning_Visitor,False,False
0,0.0,0,0.86,1,417.48,0.03,0.15,0.26,0.03,Aug,2,4,1,2,Returning_Visitor,False,False
3,6.6,0,0.0,4,99.75,0.01,0.05,1.64,0.0,Nov,2,4,1,2,Returning_Visitor,False,True
0,0.0,0,1.36,17,1096.2,0.01,0.04,1.58,0.0,Mar,2,2,1,1,Returning_Visitor,False,False
0,0.0,0,1.29,13,723.63,0.2,0.2,0.0,0.8,May,3,2,1,3,Returning_Visitor,False,False
4,99.0,3,112.25,46,1060.77,0.0,0.03,0.0,0.03,Nov,1,1,1,10,Returning_Visitor,False,False
1,21.63,0,1.01,12,292.88,0.0,0.03,0.65,0.03,Nov,4,2,1,3,Returning_Visitor,False,False
1,74.0,0,0.0,54,1616.08,0.0,0.02,2.57,0.0,Nov,2,2,1,2,Returning_Visitor,False,False
2,9.05,0,0.92,15,489.71,0.02,0.01,0.0,0.03,Mar,1,1,1,2,New_Visitor,False,False
0,1.87,0,0.0,54,1241.2,0.0,0.01,0.0,0.03,Nov,2,2,1,2,Returning_Visitor,False,False
6,123.46,0,1.42,73,1260.12,0.02,0.01,7.54,0.03,Dec,2,2,2,2,Returning_Visitor,True,True
10,32.53,0,0.0,57,1074.34,0.01,0.03,24.8,0.0,Mar,2,5,5,2,New_Visitor,False,False
0,8.59,0,0.71,38,425.4,0.0,0.05,1.6,0.03,May,2,2,2,3,Returning_Visitor,False,False
4,106.86,3,5.19,61,1207.65,0.01,0.03,0.0,0.03,Mar,1,2,1,2,Returning_Visitor,False,False
7,249.0,1,0.99,47,1124.92,0.0,0.03,4.66,0.03,May,2,2,9,3,Returning_Visitor,False,True
0,22.09,0,1.3,18,66.99,0.17,0.12,0.0,0.0,Nov,2,1,1,1,Returning_Visitor,False,False
0,7.0,1,1.24,43,1264.61,0.01,0.0,3.94,0.0,Nov,2,2,1,10,Returning_Visitor,False,True
0,0.0,0,1.28,34,1070.1,0.02,0.02,2.87,0.0,Jul,2,2,1,2,Returning_Visitor,False,False
0,18.36,0,1.08,58,2385.67,0.0,0.04,0.0,0.0,Jul,2,2,1,1,Returning_Visitor,False,False
3,14.64,2,297.83,46,1200.06,0.01,0.02,1.56,0.03,Mar,2,2,3,3,Returning_Visitor,False,False
1,31.25,0,1.75,62,1470.21,0.0,0.01,1.99,0.0,Nov,3,2,3,2,Returning_Visitor,False,True
4,108.8,0,0.0,69,1205.03,0.02,0.02,2.26,0.03,June,2,2,1,2,New_Visitor,False,False
0,0.0,0,0.0,19,181.33,0.03,0.04,1.88,0.03,Mar,2,2,1,1,Returning_Visitor,False,False
3,62.78,0,1.42,15,890.27,0.01,0.02,0.0,0.0,Nov,1,1,1,2,New_Visitor,False,False
8,316.5,4,11.87,118,1297.05,0.02,0.01,0.11,0.0,Nov,1,2,1,2,Returning_Visitor,False,False
3,34.87,0,0.93,48,3726.33,0.02,0.0,1.39,0.03,Mar,2,2,1,9,Returning_Visitor,False,False
2,34.0,0,0.74,65,1202.58,0.01,0.03,1.64,0.03,May,2,2,1,1,Returning_Visitor,False,False
3,65.1,0,0.0,62,1249.95,0.01,0.03,0.9,0.03,Dec,1,1,6,2,Returning_Visitor,False,False
0,8.32,0,0.62,34,1184.07,0.01,0.05,13.96,0.0,Nov,2,2,1,3,Returning_Visitor,False,False
3,102.87,0,2.4,12,219.6,0.01,0.04,0.0,0.03,Oct,2,2,6,20,Returning_Visitor,False,False
3,98.15,0,0.7,51,1241.61,0.0,0.01,1.16,0.0,Mar,1,1,1,2,Returning_Visitor,False,False
3,349.76,3,119.38,62,1266.59,0.02,0.03,1.34,0.0,Nov,2,5,6,3,Returning_Visitor,False,True
0,25.81,0,0.95,2,1212.49,0.01,0.03,0.12,0.03,Mar,2,2,6,3,Returning_Visitor,False,False
0,0.0,0,1.01,51,148.5,0.0,0.01,2.23,0.03,Nov,1,1,1,1,Returning_Visitor,True,False
1,62.06,0,1.0,91,990.65,0.02,0.03,0.0,0.03,Mar,2,2,1,2,Returning_Visitor,False,False
0,20.56,0,1.56,20,1193.86,0.01,0.02,1.16,0.0,Nov,1,8,7,2,Returning_Visitor,False,False
2,30.0,0,4.0,56,1402.21,0.01,0.03,1.51,0.0,Oct,2,2,1,4,Returning_Visitor,False,False
3,41.91,0,0.0,35,1208.11,0.0,0.01,0.67,0.0,Dec,2,2,4,1,Returning_Visitor,False,False
1,46.83,2,49.0,60,1275.13,0.0,0.02,37.62,0.0,May,2,2,1,4,Returning_Visitor,False,True
3,33.5,0,1.36,23,1203.1,0.01,0.01,59.83,0.03,Nov,2,2,1,2,Returning_Visitor,False,True
0,5.0,0,1.13,8,63.84,0.11,0.12,0.25,0.63,Mar,2,1,1,2,Returning_Visitor,False,False
1,18.72,0,0.0,10,1268.83,0.01,0.03,0.0,0.0,Mar,2,2,1,3,Returning_Visitor,False,False
1,38.42,0,0.0,7,1315.61,0.0,0.03,0.0,0.0,Nov,2,2,1,2,Returning_Visitor,False,False
10,137.5,2,49.8,55,5724.59,0.0,0.02,1.35,0.0,Nov,2,2,3,2,Returning_Visitor,False,True
2,28.1,0,0.9,33,663.23,0.01,0.06,1.68,0.68,May,2,2,1,13,Returning_Visitor,False,False
0,19.9,0,0.0,57,1177.77,0.0,0.03,0.94,0.03,May,2,2,1,4,Returning_Visitor,False,False
2,44.52,0,0.0,54,1144.57,0.01,0.02,0.39,0.0,Nov,1,1,8,3,Returning_Visitor,False,True
0,4.41,0,0.89,63,1239.13,0.01,0.03,2.95,0.0,Dec,2,2,3,2,Returning_Visitor,False,False
0,25.8,0,0.81,80,396.15,0.02,0.02,0.0,0.8,Mar,2,2,1,13,Returning_Visitor,False,False
1,12.91,0,0.78,45,1242.62,0.02,0.12,0.0,0.0,Jul,2,2,3,3,Returning_Visitor,False,False
1,26.73,0,0.98,45,1229.37,0.02,0.03,0.0,0.03,Mar,2,2,2,2,Returning_Visitor,False,False
3,42.17,0,1.84,62,98.25,0.0,0.03,0.72,0.03,Nov,2,4,1,10,Returning_Visitor,False,False
5,68.8,0,0.0,33,1294.89,0.01,0.02,22.54,0.03,Nov,2,2,1,2,New_Visitor,False,False
3,92.68,1,0.0,61,2807.16,0.01,0.02,0.0,0.0,Nov,2,2,4,2,Returning_Visitor,False,True
3,33.89,0,1.31,40,1153.33,0.01,0.05,0.65,0.0,May,1,1,1,3,Returning_Visitor,False,False
1,0.0,0,0.0,6,69.73,0.2,0.2,0.42,0.03,May,1,1,1,2,Returning_Visitor,True,False
3,351.23,0,124.8,18,1190.11,0.01,0.02,0.0,0.03,May,2,5,6,2,Returning_Visitor,False,False
1,22.98,0,0.0,6,0.0,0.2,0.15,0.52,0.03,Nov,2,2,1,1,Returning_Visitor,False,False
2,18.41,0,0.0,1,202.96,0.08,0.14,0.83,0.03,Nov,2,2,1,1,Returning_Visitor,False,False
0,7.94,0,1.58,3,261.0,0.01,0.06,1.14,0.03,Nov,2,5,1,3,Returning_Visitor,False,False
0,9.24,0,0.8,1,63.63,0.2,0.2,0.0,0.12,Mar,3,2,4,3,Returning_Visitor,True,False
3,27.66,0,1.8,15,1207.53,0.02,0.07,12.15,0.0,May,2,2,4,3,Returning_Visitor,False,False
0,0.0,0,0.66,3,296.45,0.02,0.03,1.18,0.03,Mar,2,2,3,3,Returning_Visitor,False,False
3,72.03,1,0.0,59,1173.19,0.01,0.02,21.74,0.0,Nov,1,1,1,2,Returning_Visitor,True,False
3,40.46,0,1.27,15,1367.54,0.0,0.01,0.0,0.03,Dec,2,2,1,2,Returning_Visitor,False,False
6,33.0,0,0.0,34,1356.58,0.01,0.01,1.88,0.0,Nov,3,2,1,4,Returning_Visitor,True,False
2,52.83,0,2.22,46,1233.14,0.01,0.03,0.0,0.0,Nov,1,1,1,2,Returning_Visitor,True,False
0,12.95,0,1.2,3,0.0,0.2,0.15,0.0,0.25,Mar,3,2,1,3,Returning_Visitor,False,False
1,9.69,0,0.72,63,1171.17,0.01,0.03,0.0,0.03,Nov,2,2,4,2,Returning_Visitor,False,False
4,26.31,0,1.28,58,273.25,0.0,0.01,2.97,0.03,May,2,8,1,4,Returning_Visitor,False,False
6,25.6,0,0.0,15,1277.42,0.0,0.03,4.44,0.0,Mar,2,2,1,3,Returning_Visitor,False,False
3,281.46,0,2.97,57,839.42,0.0,0.02,13.19,0.03,Dec,1,1,1,2,Returning_Visitor,False,True
1,0.0,0,0.0,58,886.31,0.1,0.15,0.13,0.0,Mar,3,2,1,3,Returning_Visitor,False,False
0,1.74,0,0.44,47,1228.13,0.01,0.01,0.99,0.03,Mar,2,2,1,2,Returning_Visitor,False,False
2,11.0,3,123.33,34,1255.89,0.02,0.03,1.67,0.03,Nov,2,10,1,1,Returning_Visitor,False,False
9,483.33,0,3.28,58,5630.29,0.0,0.02,0.0,0.03,Nov,2,2,1,2,Returning_Visitor,False,False
3,205.25,0,0.0,190,938.34,0.0,0.01,8.42,0.0,Nov,2,2,1,3,Returning_Visitor,False,False
1,56.41,0,0.0,3,1283.91,0.01,0.04,2.97,0.03,Nov,1,2,4,3,New_Visitor,False,False
2,13.8,0,1.25,34,1348.84,0.01,0.07,0.29,0.0,Oct,1,2,8,3,Returning_Visitor,False,False
0,0.0,0,0.94,5,66.0,0.01,0.05,0.0,0.0,Mar,2,2,3,3,Returning_Visitor,False,False
0,34.24,0,0.0,24,1357.68,0.05,0.11,0.0,0.4,May,3,2,1,3,Returning_Visitor,False,False
1,0.0,0,0.0,16,1286.95,0.0,0.02,1.36,0.0,May,2,2,1,4,Returning_Visitor,True,False
1,13.61,0,1.22,79,106.75,0.03,0.04,1.41,0.03,Mar,3,2,3,2,Returning_Visitor,False,False
2,27.25,0,0.0,64,219.25,0.01,0.03,7.03,0.0,Mar,2,2,7,3,Returning_Visitor,False,True
3,40.85,0,0.0,73,9952.35,0.01,0.02,1.2,0.0,Nov,2,2,1,2,Returning_Visitor,False,True
0,0.0,0,0.92,14,279.55,0.0,0.02,0.8,0.0,Nov,2,2,1,3,Returning_Visitor,False,False
0,7.47,0,1.2,21,1211.76,0.0,0.02,2.6,0.03,May,2,2,1,4,Returning_Visitor,False,False
3,15.02,0,0.0,14,632.0,0.03,0.04,1.04,0.03,May,2,2,1,3,Returning_Visitor,False,False
3,0.0,0,0.0,20,1063.23,0.02,0.02,0.0,0.6,May,2,2,1,3,Returning_Visitor,False,False
0,0.0,0,0.0,2,1330.94,0.02,0.05,0.0,0.03,Nov,2,2,1,3,Returning_Visitor,False,False
3,36.41,0,1.88,51,145.0,0.01,0.03,0.0,0.0,Nov,2,2,8,8,New_Visitor,False,False
5,33.13,0,0.0,13,922.08,0.02,0.03,4.75,0.0,June,2,2,8,3,Returning_Visitor,False,False
0,0.0,0,1.4,49,1282.59,0.02,0.03,0.68,0.0,Mar,3,2,3,2,Returning_Visitor,True,False
3,12.98,0,0.0,19,1315.85,0.03,0.03,0.0,0.03,Mar,2,2,4,1,Returning_Visitor,False,False
8,279.96,3,4.73,64,1230.95,0.01,0.03,3.4,0.0,Nov,1,1,1,2,Returning_Visitor,False,False
1,17.99,0,1.2,63,509.93,0.15,0.1,0.32,0.04,Aug,1,1,3,2,Returning_Visitor,False,False
2,25.9,0,1.31,3,202.83,0.0,0.03,0.93,0.03,Nov,3,2,7,2,Returning_Visitor,False,False
3,11.02,0,0.0,57,1183.19,0.0,0.01,3.41,0.0,Nov,2,2,1,3,Returning_Visitor,True,False
2,95.3,0,1.04,57,1281.41,0.01,0.03,2.9,0.0,Nov,1,1,4,2,Returning_Visitor,False,False
3,121.57,2,13.3,41,1293.86,0.01,0.03,0.37,0.0,Mar,2,2,3,4,Returning_Visitor,False,False
3,118.0,0,1.93,32,1284.61,0.02,0.05,1.3,0.03,Sep,2,2,1,3,Returning_Visitor,False,False
0,26.55,0,0.0,15,329.0,0.02,0.02,2.16,0.03,Feb,2,2,3,1,Returning_Visitor,False,False
2,3.64,0,1.43,56,1262.49,0.0,0.01,1.09,0.03,Mar,2,2,1,4,Returning_Visitor,False,False
3,44.5,0,0.0,7,1296.19,0.0,0.02,1.88,0.0,Mar,2,2,1,3,New_Visitor,True,False
6,268.98,5,89.33,15,513.47,0.03,0.0,0.29,0.03,Mar,1,2,1,3,New_Visitor,False,False
2,0.0,0,0.7,17,1259.82,0.03,0.04,2.23,0.03,Dec,2,2,1,3,Returning_Visitor,False,False
0,18.43,0,0.0,39,1266.57,0.01,0.05,3.38,0.03,Mar,2,2,1,20,Returning_Visitor,False,False
5,57.33,0,0.0,65,1153.66,0.0,0.01,7.34,0.03,Dec,2,2,6,2,New_Visitor,False,False
1,0.0,0,0.0,15,272.33,0.02,0.02,0.42,0.03,May,1,1,1,2,Returning_Visitor,True,False
3,159.94,0,0.63,117,1083.75,0.01,0.01,0.0,0.0,Nov,1,1,3,2,Returning_Visitor,False,False
3,6.09,0,0.0,57,754.5,0.0,0.01,0.0,0.03,Mar,2,2,1,4,Returning_Visitor,True,False
10,174.37,0,0.9,57,1420.63,0.0,0.01,41.22,0.03,Nov,2,2,1,2,Returning_Visitor,False,True
5,125.66,2,13.25,63,1259.36,0.01,0.02,11.1,0.03,Nov,3,2,1,2,Returning_Visitor,False,False
3,28.74,0,0.0,55,1233.9,0.0,0.01,0.0,0.03,Mar,2,2,1,4,Returning_Visitor,False,False
1,3.42,0,1.37,24,1004.38,0.0,0.02,1.65,0.03,June,2,4,1,2,Returning_Visitor,False,False
0,0.0,0,0.29,8,1608.51,0.03,0.02,0.38,0.0,Mar,2,2,1,1,Returning_Visitor,False,False
1,20.11,0,2.1,7,0.0,0.19,0.2,0.0,0.03,May,1,1,1,3,Returning_Visitor,False,False
4,13.73,0,0.0,67,1274.52,0.0,0.02,15.85,0.0,Nov,2,2,9,2,Returning_Visitor,False,True
3,41.0,0,1.55,46,2749.67,0.0,0.01,0.0,0.0,Mar,2,2,1,2,Returning_Visitor,False,False
1,22.79,0,1.37,96,297.09,0.0,0.06,1.82,0.0,Nov,2,1,3,11,Returning_Visitor,False,False
0,11.32,0,1.38,35,1170.25,0.01,0.04,2.42,0.03,May,2,2,1,1,Returning_Visitor,False,False
7,364.49,2,81.71,44,1351.74,0.01,0.01,0.0,0.03,Mar,1,2,4,3,Returning_Visitor,False,False
3,56.86,0,0.0,59,293.84,0.01,0.02,2.83,0.03,Jul,2,2,1,2,New_Visitor,False,False
18,261.16,0,1.23,59,1194.75,0.01,0.02,7.17,0.0,Nov,3,2,1,2,Returning_Visitor,False,False
1,14.37,0,0.0,2,15.0,0.0,0.14,0.1,0.0,Nov,2,2,1,1,Returning_Visitor,False,False
15,591.66,0,0.88,72,5259.51,0.0,0.01,4.92,0.0,Nov,2,2,1,2,Returning_Visitor,False,False
3,7.67,0,1.29,17,599.58,0.0,0.02,0.0,0.0,Nov,2,2,1,3,Returning_Visitor,False,False
3,22.06,0,0.0,37,1059.31,0.01,0.01,1.67,0.03,Dec,2,2,6,3,Returning_Visitor,False,False
3,14.5,5,1007.5,45,672.88,0.0,0.03,3.91,0.03,Nov,2,2,3,2,Returning_Visitor,False,False
3,0.0,0,58.12,48,235.5,0.0,0.02,2.28,0.03,Nov,3,2,6,1,Returning_Visitor,False,False
3,43.93,0,0.0,59,9951.36,0.01,0.03,8.67,0.03,Nov,2,2,1,2,Returning_Visitor,False,True
0,0.0,0,0.0,20,213.8,0.01,0.06,0.83,0.0,Aug,2,2,1,2,Returning_Visitor,False,True
2,164.24,0,2.1,12,1146.58,0.01,0.02,0.0,0.03,May,1,2,1,2,Returning_Visitor,False,False
2,59.65,0,1.35,69,66.5,0.05,0.03,1.38,0.0,Mar,3,2,1,3,Returning_Visitor,False,False
3,43.2,0,1.68,70,137.0,0.0,0.03,0.72,0.03,June,2,2,1,3,New_Visitor,True,False
0,81.33,1,24.0,51,1547.5,0.0,0.01,0.0,0.03,Mar,3,2,1,1,Returning_Visitor,False,False
2,55.39,0,0.18,81,1275.33,0.01,0.01,26.03,0.03,Nov,2,2,1,2,Returning_Visitor,False,False
2,10.4,0,1.41,179,1738.47,0.0,0.01,0.0,0.03,Mar,2,2,1,4,Returning_Visitor,False,False
3,117.29,2,9.06,64,1251.21,0.0,0.02,12.14,0.03,Nov,2,2,1,2,Returning_Visitor,False,False
2,81.6,0,0.0,42,2017.52,0.0,0.02,8.95,0.03,Nov,2,2,1,3,Returning_Visitor,False,False
1,50.72,0,0.0,66,672.5,0.0,0.03,1.63,0.0,Mar,2,2,1,1,Returning_Visitor,False,False
5,57.7,0,0.36,57,1243.47,0.0,0.02,3.35,0.03,Feb,2,2,8,1,Returning_Visitor,False,False
0,38.26,0,1.65,16,280.5,0.0,0.02,0.18,0.0,May,1,2,1,3,Returning_Visitor,False,False
0,15.39,0,1.43,24,1178.63,0.02,0.02,3.96,0.03,Dec,2,2,7,2,Returning_Visitor,False,False
3,0.0,0,1.27,7,1280.82,0.03,0.06,0.0,0.6,May,2,2,4,13,Returning_Visitor,False,False
0,16.65,0,0.0,16,67.0,0.01,0.02,3.48,0.0,Mar,2,2,1,2,Returning_Visitor,False,False
3,68.04,0,0.0,12,1596.28,0.02,0.03,0.0,0.03,Oct,2,2,9,3,Returning_Visitor,False,False
0,9.3,0,1.36,6,0.0,0.2,0.2,0.05,0.4,Mar,3,2,3,6,Returning_Visitor,False,False
0,0.0,0,0.0,16,364.75,0.04,0.05,0.0,0.03,Mar,2,2,3,2,Returning_Visitor,False,False
0,9.6,0,0.86,3,89.8,0.04,0.05,1.32,0.6,May,2,2,1,3,Returning_Visitor,False,False
2,12.78,0,0.53,68,1238.68,0.0,0.02,16.24,0.03,Mar,2,2,3,2,Returning_Visitor,False,True
0,1.68,0,0.0,43,1009.12,0.0,0.02,0.15,0.03,Mar,2,4,3,2,Returning_Visitor,False,False
2,34.44,0,0.0,45,1377.69,0.0,0.02,15.33,0.03,Nov,2,4,1,2,Returning_Visitor,True,False
0,0.0,0,0.0,57,579.0,0.0,0.02,0.0,0.03,Dec,1,2,1,3,Returning_Visitor,False,False
0,0.0,2,13.0,54,4833.92,0.01,0.02,1.95,0.03,Mar,2,2,1,4,Returning_Visitor,False,False
3,19.47,0,1.43,76,699.1,0.02,0.03,0.0,0.0,Mar,3,2,1,3,Returning_Visitor,False,False
2,2407.42,0,434.3,486,1450.15,0.02,0.02,0.0,0.03,Nov,2,2,1,3,Returning_Visitor,False,False
0,6.19,0,0.0,1,923.18,0.2,0.15,0.0,0.03,Dec,2,2,1,2,Returning_Visitor,False,False
3,254.09,2,64.9,60,2568.68,0.01,0.07,4.0,0.03,Nov,2,2,2,1,Returning_Visitor,False,True
0,18.0,0,0.0,1,0.0,0.2,0.02,0.65,0.0,Mar,3,2,1,2,Returning_Visitor,True,False
1,281.49,2,10.0,18,445.0,0.01,0.01,4.39,0.03,Mar,2,1,4,2,Returning_Visitor,False,False
3,25.39,0,1.56,72,1133.61,0.01,0.04,0.06,0.03,Mar,2,2,1,2,Returning_Visitor,False,False
2,21.29,0,0.72,56,1226.49,0.01,0.03,0.0,0.0,Dec,2,2,1,2,Returning_Visitor,False,False
0,0.0,0,1.15,74,238.63,0.03,0.14,0.0,0.0,Mar,2,2,1,3,Returning_Visitor,False,False
2,28.56,0,0.97,218,8205.69,0.02,0.02,2.56,0.0,Mar,1,1,3,3,Returning_Visitor,False,True
2,11.93,0,2.08,20,1086.17,0.04,0.03,0.0,0.85,May,3,2,1,3,Returning_Visitor,True,False
0,26.97,0,1.08,51,148.17,0.02,0.05,2.34,0.4,May,2,2,1,20,Returning_Visitor,False,False
2,14.04,0,1.0,53,807.91,0.01,0.09,18.54,0.0,Aug,2,2,1,2,Returning_Visitor,False,False
3,23.69,0,25.0,52,1297.47,0.06,0.02,4.89,0.03,Mar,2,2,7,3,Returning_Visitor,False,False
2,41.23,0,0.98,64,1294.71,0.01,0.03,2.29,0.0,Oct,1,2,3,1,Returning_Visitor,False,True
3,35.58,0,1.26,15,2151.0,0.0,0.01,10.91,0.03,Nov,2,2,1,2,Returning_Visitor,False,True
3,16.41,0,2.17,20,1186.65,0.01,0.02,0.0,0.0,Mar,2,2,3,3,Returning_Visitor,False,False
3,66.4,0,0.0,61,641.48,0.0,0.02,2.23,0.0,Oct,2,2,1,3,New_Visitor,False,False
2,17.73,0,1.15,8,272.9,0.05,0.05,0.0,0.03,Oct,1,2,1,3,Returning_Visitor,False,False
3,0.0,0,0.0,9,1208.46,0.01,0.03,1.63,0.03,May,2,2,1,4,Returning_Visitor,True,True
3,79.19,1,0.81,61,1056.3,0.01,0.02,5.88,0.03,Nov,1,2,4,3,Returning_Visitor,False,False
2,81.49,0,2.94,64,112.8,0.01,0.02,0.47,0.0,Nov,2,2,1,3,New_Visitor,False,False
0,0.0,0,1.56,3,132.58,0.01,0.02,0.84,0.0,Aug,1,1,3,3,Returning_Visitor,True,False
0,6.55,0,1.25,6,179.61,0.0,0.05,1.26,0.0,Nov,2,2,3,3,Returning_Visitor,False,False
3,18.59,0,0.0,48,155.0,0.01,0.01,0.0,0.0,Nov,1,2,4,2,Returning_Visitor,False,False
4,147.67,2,21.49,69,1080.71,0.0,0.01,2.69,0.0,Mar,2,2,2,2,Returning_Visitor,False,False
3,45.18,1,2.33,26,1150.75,0.01,0.03,57.93,0.03,Nov,2,2,1,2,Returning_Visitor,False,False
0,0.0,0,0.0,1,0.0,0.19,0.08,0.0,0.03,May,1,1,1,2,Returning_Visitor,False,False
0,14.68,0,1.19,71,168.0,0.04,0.06,1.17,0.0,Nov,2,2,1,3,Returning_Visitor,False,False
1,51.5,0,1.29,64,1250.97,0.02,0.03,3.51,0.0,May,2,2,9,2,Returning_Visitor,False,False
0,23.02,0,1.87,56,248.42,0.01,0.02,1.59,0.03,May,2,2,2,2,Returning_Visitor,False,False
0,0.0,0,1.04,42,1766.83,0.05,0.06,0.0,0.03,Nov,2,2,1,2,Returning_Visitor,False,False
3,35.02,0,0.91,44,297.08,0.0,0.02,0.0,0.03,Nov,2,2,1,2,Returning_Visitor,True,False
3,59.5,0,1.17,85,47.2,0.01,0.05,0.0,0.03,Nov,1,1,1,3,New_Visitor,False,False
0,8.48,0,0.0,6,747.0,0.03,0.02,0.0,0.0,Nov,2,2,3,3,Returning_Visitor,False,False
3,50.61,2,44.5,61,1062.34,0.01,0.02,0.0,0.0,Mar,2,2,1,8,New_Visitor,False,False
0,0.0,0,0.0,25,954.08,0.03,0.03,3.17,0.03,Nov,3,2,1,2,Returning_Visitor,False,False
3,84.55,0,1.24,65,1120.52,0.0,0.04,18.28,0.03,Nov,2,2,1,2,Returning_Visitor,False,False
2,4.6,0,0.27,20,1243.44,0.0,0.06,2.12,0.0,Nov,2,2,1,2,Returning_Visitor,False,False
0,0.0,0,1.21,1,227.54,0.2,0.2,0.25,1.0,Mar,2,1,1,2,Returning_Visitor,True,False
6,31.83,0,0.0,33,1179.39,0.0,0.02,30.22,0.03,May,2,2,1,2,Returning_Visitor,False,True
2,7.0,0,0.79,52,1242.67,0.0,0.02,1.74,0.03,Oct,2,2,1,2,Returning_Visitor,False,False
0,17.08,0,1.12,20,1248.73,0.02,0.02,1.33,0.2,Mar,2,2,1,1,Returning_Visitor,False,False
3,0.0,0,416.0,20,1246.6,0.01,0.04,0.0,0.0,Nov,2,2,1,6,Returning_Visitor,False,False
0,17.43,0,1.46,58,1308.02,0.0,0.04,0.0,0.03,Mar,2,2,1,2,Returning_Visitor,False,False
3,89.83,1,49.16,58,1282.49,0.01,0.01,4.42,0.03,Mar,2,2,1,2,Returning_Visitor,False,False
3,25.2,0,1.52,58,1241.94,0.0,0.02,60.01,0.03,Nov,2,2,1,20,Returning_Visitor,False,True
1,2.05,0,0.0,48,1199.16,0.01,0.02,2.33,0.0,Nov,2,2,1,2,Returning_Visitor,False,False
1,21.24,0,1.53,14,112.99,0.08,0.2,0.76,0.0,May,2,2,3,15,Returning_Visitor,False,False
3,52.18,0,1.13,47,1223.29,0.0,0.0,3.8,0.03,Nov,2,2,1,2,New_Visitor,False,False
3,35.0,0,1.42,16,314.0,0.01,0.05,0.0,0.03,Nov,2,5,1,2,Returning_Visitor,False,False
0,18.19,0,1.97,6,67.39,0.2,0.2,0.0,0.03,Mar,1,1,1,1,Returning_Visitor,False,False
10,393.27,0,0.0,15,1174.65,0.01,0.02,4.55,0.0,June,2,2,1,1,Returning_Visitor,False,False
0,1.83,0,0.0,27,780.17,0.0,0.02,0.52,0.0,Mar,2,4,3,2,Returning_Visitor,False,False
0,16.38,0,0.78,70,3421.58,0.01,0.01,1.25,0.03,May,2,2,1,2,New_Visitor,False,False
6,53.28,4,31.85,59,1326.3,0.01,0.01,0.84,0.03,Nov,2,2,1,2,Returning_Visitor,False,False
0,2.81,0,0.0,57,2614.21,0.01,0.01,2.41,0.03,Nov,2,2,1,2,Returning_Visitor,True,False
3,7.63,0,1.01,23,1069.45,0.02,0.05,0.0,0.03,Nov,3,2,1,3,Returning_Visitor,False,False
3,51.5,1,101.0,24,1180.9,0.0,0.03,0.0,0.0,Mar,2,2,1,2,Returning_Visitor,False,False
3,29.34,0,1.86,10,1163.7,0.01,0.02,0.0,0.0,Nov,2,2,1,3,Returning_Visitor,True,False
0,0.0,0,0.0,68,1187.9,0.01,0.04,0.0,0.03,May,1,1,1,3,Returning_Visitor,True,False
0,13.71,0,1.41,59,803.58,0.01,0.03,0.0,0.03,Nov,3,2,3,3,Returning_Visitor,False,False
0,0.0,0,0.0,18,68.3,0.19,0.14,0.27,0.03,Mar,2,2,1,1,Returning_Visitor,False,False
1,170.83,0,39.0,4,45.33,0.0,0.02,1.86,0.03,Mar,3,2,1,2,Returning_Visitor,False,False
0,25.63,0,1.37,3,1165.29,0.02,0.02,2.1,0.03,Jul,1,1,1,1,Returning_Visitor,True,False
2,0.0,0,1.83,10,1250.75,0.01,0.02,1.03,0.0,Nov,1,2,6,8,Returning_Visitor,False,False
0,0.0,0,1.35,7,75.5,0.0,0.14,0.0,0.0,Mar,2,2,1,1,Returning_Visitor,False,False
1,20.9,0,1.27,10,1240.19,0.01,0.03,0.0,0.03,May,2,2,3,2,Returning_Visitor,False,False
6,132.0,0,3.0,60,3674.8,0.02,0.03,5.61,0.0,Nov,3,2,1,2,Returning_Visitor,False,False
3,23.76,0,1.29,38,894.53,0.01,0.05,0.71,0.03,Mar,3,2,1,3,Returning_Visitor,True,False
3,3.32,0,1.4,13,1241.7,0.02,0.04,0.25,0.2,Mar,2,2,1,3,Returning_Visitor,False,False
2,11.85,0,0.0,35,1315.56,0.02,0.02,1.1,0.03,Sep,2,2,1,1,Returning_Visitor,False,False
6,192.56,1,24.15,109,2926.43,0.01,0.03,13.31,0.0,Nov,4,1,1,2,Returning_Visitor,False,True
4,73.33,1,0.0,54,1239.84,0.01,0.03,0.0,0.03,Nov,2,2,3,13,Returning_Visitor,False,False
3,15.81,0,2.04,42,1221.38,0.01,0.01,0.15,0.0,May,2,2,1,4,Returning_Visitor,False,False
2,8.52,0,1.17,34,840.3,0.02,0.04,0.0,0.03,May,2,2,1,1,Returning_Visitor,False,False
1,46.16,0,0.0,9,1288.76,0.06,0.07,0.0,0.03,Nov,2,2,8,1,Returning_Visitor,False,False
1,0.0,0,2.1,56,1156.97,0.0,0.02,6.72,0.0,Mar,2,4,1,2,New_Visitor,False,True
4,130.09,1,9.06,107,4979.21,0.0,0.01,0.0,0.03,Nov,2,2,1,2,Returning_Visitor,False,True
5,314.68,0,0.0,59,4681.89,0.01,0.02,1.5,0.03,May,2,2,1,3,Returning_Visitor,False,False
3,38.38,0,1.75,13,1489.55,0.0,0.01,3.37,0.03,Nov,3,2,1,2,New_Visitor,False,False
3,0.0,0,100.0,17,1198.48,0.0,0.02,0.0,0.03,May,2,2,2,3,Returning_Visitor,False,False
5,123.5,2,59.15,37,5718.14,0.01,0.02,1.62,0.03,Mar,2,2,3,2,Returning_Visitor,False,False
1,0.0,0,0.0,14,862.79,0.01,0.02,0.73,0.03,Nov,1,2,1,3,Returning_Visitor,False,False
1,217.4,2,67.4,24,1272.85,0.01,0.01,0.0,0.03,Sep,2,4,1,5,Returning_Visitor,False,False
2,13.57,0,1.31,57,1237.11,0.01,0.03,0.79,0.03,Mar,2,2,1,3,Returning_Visitor,False,False
1,53.47,0,1.7,72,1172.51,0.0,0.02,17.25,0.0,Nov,2,2,1,2,Returning_Visitor,False,True
1,14.97,0,0.0,61,1313.09,0.01,0.01,79.0,0.6,May,2,2,4,2,Returning_Visitor,False,False
0,18.5,0,1.36,7,188.0,0.0,0.03,0.0,0.03,Mar,2,2,1,3,Returning_Visitor,False,False
1,0.0,0,1.03,12,1886.5,0.01,0.01,3.32,0.6,May,2,2,1,2,Returning_Visitor,False,False
3,25.32,0,1.59,64,1363.14,0.01,0.02,2.26,0.03,Nov,2,2,1,6,Returning_Visitor,False,False
3,61.4,0,0.0,62,1178.69,0.01,0.01,3.75,0.03,Mar,2,2,1,2,Returning_Visitor,False,False
1,53.57,0,1.64,67,587.75,0.01,0.03,0.38,0.03,Nov,1,1,1,3,Returning_Visitor,False,False
3,95.08,0,1.3,45,1354.32,0.0,0.01,69.71,0.03,Mar,8,13,9,20,Returning_Visitor,False,False
2,49.22,0,0.0,38,813.6,0.01,0.04,0.0,0.03,Nov,1,1,1,3,Returning_Visitor,False,False
12,103.59,1,0.0,129,983.43,0.0,0.02,1.04,0.03,Nov,2,4,1,2,Returning_Visitor,False,True
3,22.58,0,299.03,686,1456.35,0.01,0.02,0.45,0.03,Aug,2,2,1,1,Returning_Visitor,False,False
7,194.33,2,4.83,63,2632.19,0.0,0.01,12.65,0.03,Nov,4,1,4,2,Returning_Visitor,False,False
0,21.88,0,1.17,59,1212.07,0.02,0.05,0.0,0.03,May,2,1,1,2,Returning_Visitor,False,False
0,29.09,0,1.12,3,91.51,0.18,0.08,0.0,0.03,Mar,3,2,1,3,Returning_Visitor,False,True
7,39.33,0,1.56,28,888.0,0.01,0.01,13.25,0.03,May,2,1,1,3,Returning_Visitor,True,False
1,0.0,0,0.0,58,1066.34,0.01,0.02,0.39,0.03,Nov,2,2,3,1,Returning_Visitor,False,False
3,48.5,0,1.57,54,1678.73,0.01,0.01,0.0,0.0,May,2,2,1,6,Returning_Visitor,False,False
1,0.0,3,1.13,125,4406.98,0.02,0.04,1.0,0.03,Nov,1,2,1,3,Returning_Visitor,False,True
2,523.33,0,4.27,61,1134.07,0.02,0.03,1.81,0.03,Nov,2,2,2,1,Returning_Visitor,True,False
3,97.88,0,9.0,58,2293.6,0.03,0.01,2.36,0.03,May,2,2,1,4,Returning_Visitor,False,True
0,14.9,0,0.94,6,1243.14,0.0,0.03,1.36,0.03,Nov,2,2,2,2,Returning_Visitor,False,False
1,51.96,0,1.72,81,1352.09,0.01,0.03,0.85,0.0,Mar,2,2,1,2,Returning_Visitor,False,False
2,9.84,0,1.19,18,781.0,0.03,0.06,0.59,0.03,Mar,2,2,4,1,Returning_Visitor,False,False
1,19.17,1,322.4,26,126.93,0.02,0.02,4.52,0.0,Mar,2,2,1,2,Returning_Visitor,False,True
4,56.51,0,1.5,57,20.0,0.01,0.04,0.0,0.03,Nov,2,2,1,3,Returning_Visitor,False,False
2,27.78,0,0.0,4,664.89,0.06,0.03,0.0,0.03,Mar,3,2,1,3,Returning_Visitor,True,False
3,115.55,0,0.0,53,1187.1,0.03,0.02,0.72,0.03,Nov,1,1,1,2,New_Visitor,False,False
2,23.2,0,2.01,63,0.0,0.08,0.02,0.85,0.03,Aug,2,2,1,2,Returning_Visitor,False,False
10,106.01,0,1.46,65,1697.55,0.01,0.03,24.61,0.03,May,2,2,1,2,Returning_Visitor,False,False
2,20.02,0,1.27,16,502.92,0.04,0.02,0.0,0.03,Mar,1,2,2,2,Returning_Visitor,False,False
3,70.06,0,1.93,28,770.31,0.01,0.04,0.81,0.0,Nov,1,2,1,3,Returning_Visitor,False,False
2,57.54,0,1.26,4,63.28,0.01,0.06,0.45,0.03,May,1,1,1,4,Returning_Visitor,False,False
1,31.6,0,0.0,42,349.77,0.04,0.06,3.59,0.03,Dec,1,1,1,3,Returning_Visitor,False,False
6,51.44,0,1.56,66,1205.68,0.0,0.02,20.97,0.03,May,2,2,1,6,Returning_Visitor,False,True
1,27.65,0,1.02,26,1264.03,0.03,0.04,0.51,0.03,Nov,2,2,1,1,Returning_Visitor,False,False
1,42.5,0,4.36,67,2413.75,0.01,0.03,0.0,0.03,Dec,1,2,1,2,Returning_Visitor,False,False
3,0.0,1,1.59,14,660.53,0.01,0.02,0.0,0.03,Nov,1,2,1,2,Returning_Visitor,False,False
2,51.21,2,4.6,25,1598.23,0.0,0.01,0.0,0.0,Mar,2,2,1,2,Returning_Visitor,False,False
3,57.5,2,4.03,60,1091.53,0.02,0.02,0.44,0.03,Nov,3,2,1,2,Returning_Visitor,False,False
0,14.59,0,0.0,61,318.54,0.01,0.03,0.0,0.03,Mar,1,1,6,3,Returning_Visitor,False,False
0,10.22,0,1.69,23,1277.12,0.02,0.02,1.23,0.0,Mar,1,1,1,2,New_Visitor,True,False
3,30.24,0,0.62,34,777.21,0.01,0.01,0.0,0.03,Nov,2,2,1,1,Returning_Visitor,False,False
3,34.0,0,1.4,11,1185.57,0.01,0.02,0.0,0.03,May,1,1,1,2,Returning_Visitor,False,False
3,19.0,2,14.0,61,1176.91,0.0,0.02,2.56,0.03,Nov,2,2,1,2,Returning_Visitor,False,False
1,53.38,0,60.63,55,616.43,0.0,0.01,4.52,0.0,May,2,2,3,2,New_Visitor,False,False
1,20.0,0,0.0,41,987.58,0.01,0.01,60.11,0.03,Nov,2,2,5,3,Returning_Visitor,False,True
2,19.83,0,0.0,49,938.67,0.01,0.05,1.59,0.03,Nov,2,10,1,3,Returning_Visitor,False,False
0,0.0,0,1.58,76,1318.13,0.01,0.02,2.55,0.0,Dec,1,1,2,2,Returning_Visitor,False,False
2,169.5,2,105.0,57,1138.08,0.01,0.04,14.78,0.03,Nov,1,1,1,2,Returning_Visitor,False,True
4,53.0,0,1.82,60,2720.7,0.01,0.03,1.37,0.0,Mar,3,2,1,13,Returning_Visitor,True,False
1,20.01,0,1.99,58,341.36,0.01,0.06,11.28,0.03,Nov,2,2,1,1,Returning_Visitor,False,False
2,17.75,2,24.2,107,786.95,0.01,0.02,2.53,0.03,Nov,2,4,1,4,Returning_Visitor,False,False
1,0.0,0,0.45,37,1114.03,0.0,0.01,2.9,0.03,May,2,5,1,3,Returning_Visitor,False,False
2,208.0,0,50.0,30,1461.67,0.01,0.02,1.0,0.03,Mar,2,5,1,2,Returning_Visitor,False,False
0,28.47,0,0.0,4,1410.87,0.05,0.02,2.23,0.03,May,3,2,3,13,Returning_Visitor,False,False
0,0.0,0,1.85,7,0.0,0.19,0.2,0.21,0.03,Mar,1,1,4,2,Returning_Visitor,False,False
2,12.9,0,1.18,5,747.68,0.01,0.03,0.0,0.03,Nov,1,1,1,3,Returning_Visitor,False,False
3,28.64,0,1.44,66,1337.28,0.01,0.02,0.0,0.0,Nov,2,2,4,6,Returning_Visitor,False,False
2,0.0,0,0.0,52,1135.13,0.0,0.02,3.06,0.0,May,2,2,7,3,Returning_Visitor,False,False
4,52.43,0,0.65,14,1215.36,0.0,0.01,0.0,0.0,Nov,2,2,1,2,Returning_Visitor,False,True
1,8.19,0,0.73,59,2019.83,0.01,0.02,0.86,0.03,Nov,2,2,1,2,Returning_Visitor,False,False
0,20.41,0,0.8,42,49.0,0.01,0.1,0.03,0.03,Nov,2,4,5,2,Returning_Visitor,False,False
3,23.51,0,1.52,15,1320.47,0.01,0.02,0.0,0.0,Nov,2,2,8,3,Returning_Visitor,False,False
2,242.95,5,2.3,70,1176.5,0.0,0.02,1.56,0.0,Nov,1,1,3,2,Returning_Visitor,False,False
0,5.7,0,0.98,5,111.25,0.01,0.03,1.22,0.03,Mar,2,2,1,3,Returning_Visitor,False,False
3,133.5,4,1.21,78,443.93,0.01,0.02,0.0,0.0,Nov,2,1,1,6,Returning_Visitor,False,False
1,13.84,0,0.33,15,1085.14,0.0,0.03,0.0,0.03,Nov,1,2,2,2,Returning_Visitor,False,False
2,60.72,0,1.72,63,533.3,0.02,0.02,2.25,0.03,Sep,3,2,1,3,New_Visitor,False,False
0,35.46,0,0.0,4,80.85,0.01,0.07,0.0,0.6,May,2,2,6,3,Returning_Visitor,False,False
1,12.7,0,1.23,33,1985.93,0.01,0.03,1.41,0.03,Jul,2,2,1,2,Returning_Visitor,False,False
0,10.39,0,1.68,82,63.58,0.1,0.15,5.45,0.0,Mar,2,2,3,2,Returning_Visitor,True,False
10,1130.5,0,279.7,26,1289.42,0.01,0.02,20.3,0.03,Mar,2,2,4,2,Returning_Visitor,False,False
0,37.04,0,0.0,12,1077.0,0.01,0.05,2.6,0.03,May,2,2,2,2,Returning_Visitor,False,False
0,0.0,0,1.29,57,689.67,0.02,0.02,0.0,0.0,May,2,2,1,6,Returning_Visitor,True,False
0,0.0,0,0.0,57,1216.71,0.02,0.05,0.0,0.0,Nov,2,2,1,2,Returning_Visitor,False,False
3,23.05,0,0.0,58,1100.28,0.0,0.03,1.32,0.0,Nov,2,13,1,20,Other,False,False
1,4.85,0,1.4,87,72.96,0.16,0.2,0.0,0.6,May,3,2,1,13,Returning_Visitor,False,False
3,371.7,2,106.0,73,1204.21,0.0,0.03,43.72,0.03,Nov,1,1,1,2,Returning_Visitor,False,True
0,0.0,0,0.82,62,572.9,0.01,0.03,4.84,0.0,Dec,2,2,3,2,Returning_Visitor,False,False
3,16.6,0,869.0,34,771.59,0.01,0.03,0.0,0.0,Mar,2,4,1,2,Returning_Visitor,False,False
0,11.29,0,1.8,7,0.0,0.19,0.2,0.2,0.03,Nov,3,2,1,1,Returning_Visitor,False,False
3,12.0,0,1.27,2,101.28,0.2,0.2,0.54,0.03,Mar,1,1,1,3,Returning_Visitor,True,False
10,249.5,0,0.0,66,2506.33,0.01,0.04,2.13,0.0,Nov,2,2,6,6,Returning_Visitor,False,True
1,24.57,0,0.0,42,1048.66,0.0,0.03,13.76,0.03,Nov,2,1,1,2,New_Visitor,False,True
3,25.5,0,9.06,56,1076.04,0.0,0.02,1.9,0.03,Mar,3,2,2,1,Returning_Visitor,True,False
5,86.5,0,0.99,68,1211.78,0.01,0.03,1.59,0.03,Nov,2,2,1,4,Returning_Visitor,False,False
3,133.8,0,54.4,58,1380.57,0.01,0.02,0.0,0.03,Nov,1,1,3,2,New_Visitor,False,False
2,31.34,1,1.68,54,1344.29,0.02,0.03,0.0,0.03,Mar,2,2,1,3,Returning_Visitor,False,False
4,56.72,2,27.17,38,3323.07,0.01,0.01,0.0,0.0,Mar,2,2,3,2,Returning_Visitor,False,False
0,1.83,0,1.58,23,1287.3,0.01,0.03,0.0,0.03,Mar,1,1,3,2,Returning_Visitor,False,False
1,1.43,0,1.47,72,348.6,0.01,0.02,0.0,0.03,Nov,2,2,7,3,Returning_Visitor,False,True
0,0.0,0,0.0,3,1028.49,0.01,0.05,2.26,0.03,Nov,2,2,1,3,Returning_Visitor,False,False
1,7.71,0,1.11,45,143.0,0.16,0.14,0.0,0.03,May,2,2,1,13,Returning_Visitor,False,False
2,0.0,0,0.0,59,959.68,0.01,0.02,0.0,0.03,Mar,2,2,1,8,New_Visitor,False,False
3,54.72,0,0.18,7,31.5,0.02,0.02,0.0,0.03,Dec,2,2,1,2,Returning_Visitor,False,False
1,0.0,0,0.0,25,186.07,0.01,0.1,0.41,0.03,Nov,3,2,1,2,Returning_Visitor,False,False
3,190.42,0,0.0,58,3913.99,0.01,0.03,0.0,0.0,Mar,3,2,5,3,Returning_Visitor,False,False
2,13.16,0,1.38,59,527.21,0.01,0.03,0.0,0.03,Mar,2,4,1,6,Returning_Visitor,False,False
3,63.97,0,0.0,64,1982.52,0.0,0.01,0.0,0.0,Dec,2,2,1,1,Returning_Visitor,False,False
3,66.6,0,0.09,13,1215.12,0.0,0.02,0.0,0.0,Mar,2,2,6,2,Returning_Visitor,False,False
3,0.0,0,0.0,9,123.17,0.02,0.02,0.0,0.0,Nov,2,2,1,3,Returning_Visitor,False,False
2,20.47,0,0.0,86,1368.49,0.01,0.03,1.33,0.03,Mar,1,2,8,3,Returning_Visitor,False,False
3,50.48,4,94.88,44,1132.54,0.0,0.01,0.0,0.03,Nov,2,2,3,2,Returning_Visitor,False,False
0,0.0,0,1.03,9,637.13,0.19,0.09,0.4,0.67,Dec,3,2,1,3,Returning_Visitor,False,False
5,39.09,0,0.0,93,2248.91,0.01,0.03,5.24,0.03,May,1,1,1,4,Returning_Visitor,False,True
2,27.28,0,1.78,20,1295.03,0.0,0.01,60.19,0.03,Mar,2,2,3,2,Returning_Visitor,False,True
0,22.47,0,0.0,21,1175.49,0.0,0.01,14.13,0.03,Nov,2,2,1,3,Returning_Visitor,False,True
0,20.48,0,0.0,12,0.0,0.2,0.14,0.25,0.0,Nov,2,1,4,2,Returning_Visitor,False,False
5,827.2,2,5.4,71,3439.73,0.01,0.01,0.0,0.03,Nov,2,2,1,2,Returning_Visitor,False,False
1,87.25,4,56.21,65,1524.02,0.0,0.02,3.58,0.0,Nov,2,2,3,2,Returning_Visitor,False,False
3,33.35,0,0.6,15,728.18,0.02,0.07,1.67,0.03,Sep,2,2,1,1,Returning_Visitor,False,False
0,0.0,0,0.0,57,1496.28,0.05,0.15,1.5,0.03,May,2,2,1,4,Returning_Visitor,False,False
0,3.19,0,0.52,7,1321.97,0.01,0.03,0.0,0.03,Mar,2,2,1,2,Returning_Visitor,False,False
3,18.34,0,1.42,42,558.19,0.0,0.02,3.82,0.0,Nov,2,2,3,3,Returning_Visitor,False,False
2,18.68,0,0.0,14,244.17,0.01,0.03,1.25,0.03,Mar,2,2,3,2,Returning_Visitor,False,False
1,17.48,0,0.0,54,1169.93,0.02,0.04,3.91,0.03,Mar,3,2,6,1,Returning_Visitor,False,True
0,0.0,0,1.22,9,1195.42,0.01,0.05,0.12,0.03,May,2,2,1,3,Returning_Visitor,False,False
1,6.59,0,0.0,55,1180.08,0.02,0.04,0.0,0.03,May,2,2,7,3,Returning_Visitor,True,False
2,27.07,1,3.0,48,1677.67,0.01,0.03,0.0,0.0,June,2,2,1,1,Returning_Visitor,False,False
1,1.63,0,0.0,28,1217.8,0.01,0.02,0.0,0.03,Dec,2,2,1,2,Returning_Visitor,False,False
0,0.0,0,1.19,52,1178.49,0.01,0.05,0.0,0.0,Mar,2,2,3,3,Returning_Visitor,False,False
0,0.0,0,1.35,34,64.29,0.01,0.01,0.0,0.0,Mar,1,1,3,3,Returning_Visitor,False,False
0,27.18,0,0.0,18,1237.17,0.0,0.02,40.05,0.0,Mar,1,1,2,2,Returning_Visitor,False,True
3,22.48,0,0.0,54,5947.97,0.01,0.02,0.1,0.03,Nov,2,2,1,1,Returning_Visitor,False,True
4,94.87,0,0.78,60,1163.66,0.01,0.02,18.09,0.0,Mar,2,2,1,3,Returning_Visitor,False,True
3,35.72,0,4.91,75,1226.1,0.02,0.03,2.88,0.03,Nov,2,2,2,1,Returning_Visitor,False,True
3,97.5,0,0.93,36,155.33,0.0,0.02,0.0,0.03,Mar,1,2,1,2,New_Visitor,False,False
0,1.86,5,125.33,74,1100.49,0.01,0.04,0.0,0.03,Mar,2,2,1,2,Returning_Visitor,False,False
1,0.0,0,0.0,28,1238.67,0.01,0.03,0.44,0.03,Mar,3,2,6,1,Returning_Visitor,False,False
2,5.53,0,0.0,55,1475.25,0.01,0.02,2.24,0.0,Nov,3,2,1,2,Returning_Visitor,True,False
10,1040.25,0,1.66,88,5160.45,0.01,0.01,0.0,0.0,Nov,2,2,1,2,Returning_Visitor,False,False
3,74.68,0,1.24,60,1368.64,0.01,0.01,0.59,0.0,Nov,2,2,1,3,Returning_Visitor,False,False
1,12.0,0,0.0,63,1226.94,0.0,0.03,0.92,0.03,Oct,2,2,5,2,Returning_Visitor,False,False
10,20.72,0,1.35,63,1044.56,0.01,0.0,0.0,0.03,Mar,2,2,7,5,New_Visitor,False,False
2,11.0,0,1.11,41,684.16,0.0,0.02,1.3,0.03,May,2,2,1,2,Returning_Visitor,True,False
1,21.19,0,2.17,14,1257.8,0.0,0.01,21.99,0.03,Mar,2,2,9,6,Returning_Visitor,False,False
0,8.11,0,0.0,79,1180.09,0.0,0.08,0.0,0.03,May,2,2,1,3,Returning_Visitor,False,False
2,50.36,2,123.33,55,1207.21,0.05,0.02,0.62,0.0,Dec,3,2,1,2,Returning_Visitor,True,False
0,12.86,0,0.86,17,376.52,0.01,0.02,1.61,0.0,Nov,2,2,1,2,Returning_Visitor,False,False
0,15.57,0,0.0,24,1174.25,0.01,0.03,0.0,0.03,May,2,2,1,1,Returning_Visitor,False,False
3,86.1,0,3.91,60,1120.96,0.0,0.03,0.0,0.0,Mar,2,2,1,5,Returning_Visitor,False,False
0,0.0,0,0.0,9,180.3,0.03,0.14,0.02,0.03,Nov,1,1,1,1,Returning_Visitor,False,False
0,0.0,0,84.5,48,1587.99,0.0,0.03,0.0,0.03,Mar,2,2,1,2,New_Visitor,False,False
9,329.3,2,75.0,32,1290.62,0.01,0.02,0.66,0.04,Nov,1,2,9,3,Returning_Visitor,False,True
1,16.9,0,0.58,60,1096.75,0.0,0.02,0.75,0.0,May,2,2,6,2,Returning_Visitor,False,False
2,23.96,0,0.91,3,71.73,0.0,0.06,1.0,0.0,Mar,3,2,1,1,Returning_Visitor,False,False
0,0.0,0,0.0,66,1284.49,0.0,0.02,18.85,0.03,Nov,1,2,1,8,Returning_Visitor,False,True
3,15.09,0,0.0,66,1096.42,0.01,0.02,1.36,0.03,Nov,3,2,6,13,Returning_Visitor,False,False
3,11.88,4,166.0,60,3872.51,0.04,0.02,8.03,0.0,Mar,2,2,3,2,Returning_Visitor,False,False
0,0.0,0,0.0,54,0.0,0.19,0.15,0.21,0.03,Mar,2,2,1,1,Returning_Visitor,False,False
0,17.25,0,0.0,54,796.52,0.03,0.05,0.0,0.8,Mar,3,2,1,2,Returning_Visitor,False,False
2,11.0,0,0.0,19,1166.14,0.01,0.03,0.41,0.03,Mar,2,2,1,1,Returning_Visitor,False,False
3,134.5,0,0.0,46,1237.22,0.0,0.02,1.95,0.03,Dec,1,2,2,2,Returning_Visitor,False,False
4,240.02,4,28.08,57,1626.63,0.01,0.03,1.89,0.0,Mar,3,2,4,2,Returning_Visitor,False,False
3,43.4,1,3.03,61,2018.75,0.01,0.03,0.0,0.03,Mar,2,2,3,2,Returning_Visitor,False,False
2,40.22,3,2.18,56,5233.59,0.01,0.04,2.23,0.0,Mar,2,2,1,4,Returning_Visitor,False,False
4,35.06,0,0.0,15,876.47,0.01,0.02,6.34,0.0,Nov,1,2,1,2,Returning_Visitor,False,False
0,0.0,0,0.0,8,0.0,0.18,0.2,0.63,0.03,Mar,1,1,1,2,Returning_Visitor,False,False
2,24.46,2,1.3,51,1799.67,0.04,0.08,0.0,0.03,Dec,1,1,1,3,Returning_Visitor,False,False
3,201.47,2,51.85,24,1689.13,0.0,0.01,47.07,0.03,Mar,2,2,9,2,Returning_Visitor,False,False
2,0.0,1,518.25,60,2068.25,0.01,0.03,0.0,0.0,Nov,2,1,1,2,Returning_Visitor,False,False
1,21.75,1,6.21,59,7141.21,0.01,0.02,2.5,0.03,Nov,3,2,1,2,Returning_Visitor,False,False
0,0.0,0,1.38,8,92.0,0.01,0.04,1.07,0.03,Mar,1,1,3,3,Returning_Visitor,False,False
0,12.64,0,0.0,4,123.0,0.01,0.05,0.57,0.03,May,3,2,3,3,Returning_Visitor,False,False
5,50.0,0,0.68,234,1204.47,0.0,0.02,2.01,0.0,Nov,2,2,3,3,Returning_Visitor,False,True
3,34.18,0,0.0,54,1234.54,0.01,0.02,0.0,0.03,Aug,2,4,1,3,Returning_Visitor,False,False
0,13.93,0,0.93,4,70.5,0.05,0.14,0.0,0.03,Mar,2,2,1,3,Returning_Visitor,False,False
8,36.67,3,6.06,142,4777.81,0.01,0.02,0.0,0.0,Nov,3,2,1,2,Returning_Visitor,True,False
3,169.5,1,1.68,31,1170.75,0.01,0.02,1.79,0.03,Nov,1,1,3,1,Returning_Visitor,False,False
3,53.6,0,59.73,33,1137.04,0.01,0.02,0.26,0.03,Nov,3,2,1,1,Returning_Visitor,False,False
3,18.18,0,1.5,40,517.54,0.0,0.02,16.16,0.03,Nov,1,1,3,8,Returning_Visitor,False,True
1,31.72,0,1.37,6,163.37,0.01,0.06,1.73,0.0,May,2,2,1,3,New_Visitor,False,False
9,281.27,0,1.23,124,5399.04,0.0,0.02,3.46,0.03,Nov,2,2,1,2,Returning_Visitor,False,True
2,50.14,1,49.0,54,1249.38,0.0,0.01,0.45,0.0,Mar,2,2,1,2,New_Visitor,True,False
0,0.0,0,0.0,56,255.08,0.0,0.02,4.71,0.03,Mar,2,2,8,2,Returning_Visitor,False,False
0,0.0,0,1.81,45,1243.61,0.01,0.03,4.86,0.0,May,2,2,9,13,Returning_Visitor,False,False
3,10.46,0,2.01,9,1489.25,0.01,0.05,1.73,0.03,Nov,2,8,3,2,Returning_Visitor,False,False
3,50.5,0,1.47,71,1198.37,0.01,0.03,0.0,0.03,May,3,2,1,3,Returning_Visitor,False,False
0,0.0,0,1.71,6,0.0,0.15,0.2,0.2,0.0,Mar,1,1,1,2,Returning_Visitor,False,False
1,50.74,0,0.0,68,1205.41,0.0,0.02,25.84,0.0,Nov,2,4,1,2,Returning_Visitor,False,True
2,0.0,0,0.73,32,573.09,0.0,0.14,0.0,0.03,Dec,2,2,1,13,Returning_Visitor,False,False
3,36.09,0,0.0,58,1375.13,0.0,0.02,14.17,0.03,Nov,4,1,1,2,Returning_Visitor,False,True
1,7.0,0,0.0,56,1165.74,0.06,0.05,1.5,0.03,Nov,3,2,1,1,Returning_Visitor,True,False
3,49.33,5,4.51,54,972.28,0.01,0.01,1.87,0.0,May,3,2,1,2,Returning_Visitor,False,False
10,398.7,0,1.48,57,801.77,0.0,0.02,13.45,0.03,May,2,2,1,4,Returning_Visitor,False,False
3,183.0,1,1.26,78,557.33,0.02,0.01,16.1,0.0,May,2,2,2,2,Returning_Visitor,False,True
7,91.05,0,1.68,54,3224.15,0.0,0.02,9.87,0.03,May,2,2,1,2,Returning_Visitor,False,True
2,107.53,0,298.0,68,570.33,0.01,0.02,3.82,0.0,May,3,2,6,13,Returning_Visitor,False,False
0,11.38,0,1.39,96,146.0,0.15,0.14,0.35,0.17,Mar,2,2,7,3,Returning_Visitor,False,False
1,0.0,0,0.81,15,1234.71,0.01,0.01,31.31,0.03,Mar,2,2,1,3,Returning_Visitor,False,True
0,4.87,0,0.89,3,403.38,0.01,0.1,2.87,0.0,Aug,2,2,1,2,Returning_Visitor,False,False
3,118.92,0,1.42,64,1240.09,0.0,0.02,2.82,0.03,Mar,2,2,6,2,Returning_Visitor,False,False
0,19.76,0,2.48,53,249.0,0.01,0.07,2.2,0.0,Nov,2,4,1,3,Returning_Visitor,False,False
3,43.52,0,1.08,43,1223.17,0.01,0.02,71.39,0.03,Mar,2,2,1,3,Returning_Visitor,False,True
3,29.77,0,0.0,44,448.03,0.01,0.01,0.0,0.03,May,3,2,1,4,Returning_Visitor,True,False
0,0.0,0,0.0,26,28.0,0.05,0.02,6.66,0.0,Nov,2,2,3,3,Returning_Visitor,False,False
1,28.8,0,1.32,2,141.88,0.0,0.1,0.11,0.03,Mar,2,2,1,13,Returning_Visitor,False,False
3,84.0,0,1.22,30,1162.74,0.01,0.01,0.0,0.03,May,1,2,1,11,Returning_Visitor,True,False
3,86.25,0,1.27,58,1193.25,0.01,0.03,4.3,0.03,Nov,2,2,3,1,Returning_Visitor,False,True
9,185.99,2,21.61,179,1175.24,0.0,0.02,2.37,0.03,Nov,1,2,3,2,Returning_Visitor,False,False
4,29.85,0,1.39,53,1447.3,0.05,0.05,0.0,0.0,Sep,2,2,1,1,Returning_Visitor,False,False
1,12.74,0,0.91,42,1213.68,0.01,0.03,0.77,0.03,Nov,2,2,1,2,Returning_Visitor,False,False
11,285.55,8,1.03,57,1822.84,0.01,0.02,1.5,0.03,May,2,2,3,2,Returning_Visitor,False,False
3,5.96,0,1.11,22,1222.91,0.02,0.04,0.02,0.03,Mar,2,2,1,2,Returning_Visitor,False,False
0,1.65,0,0.94,55,1624.75,0.01,0.02,0.0,0.0,Dec,2,2,1,2,Returning_Visitor,False,False
0,0.0,0,23.0,53,1174.96,0.01,0.02,3.59,0.0,Nov,2,5,1,2,Returning_Visitor,False,False
0,0.0,0,0.0,60,1377.77,0.01,0.01,60.78,0.03,Mar,2,2,1,2,Returning_Visitor,False,True
0,8.49,0,0.0,57,2784.8,0.01,0.02,6.14,0.03,Nov,2,2,1,2,Returning_Visitor,False,False
3,31.36,0,1.17,69,1711.24,0.02,0.04,1.38,0.03,Nov,2,2,1,2,Returning_Visitor,False,False
2,49.01,0,1.17,35,999.0,0.01,0.01,2.85,0.03,May,2,2,1,4,New_Visitor,False,False
1,51.12,0,1.25,43,1223.48,0.01,0.01,0.4,0.0,Mar,2,2,1,1,Returning_Visitor,False,False
0,2.78,0,0.0,66,1140.78,0.01,0.02,1.86,0.03,Nov,2,2,7,2,Returning_Visitor,False,False
0,0.0,0,0.0,72,482.7,0.01,0.2,0.0,0.03,Nov,1,2,1,2,Returning_Visitor,False,False
8,268.2,2,3.76,49,1758.25,0.01,0.03,0.0,0.03,Nov,2,5,4,3,Returning_Visitor,False,True
0,24.44,0,0.0,59,514.0,0.0,0.07,1.72,0.03,Mar,2,2,3,2,Returning_Visitor,False,False
1,6.5,0,1.13,25,1267.56,0.0,0.01,3.09,0.03,Nov,2,5,1,2,New_Visitor,True,True
3,79.6,0,0.0,65,627.65,0.02,0.04,12.17,0.0,Sep,1,2,2,2,Returning_Visitor,False,False
1,0.0,0,2.23,73,351.5,0.05,0.14,3.05,0.0,Nov,1,2,1,20,Returning_Visitor,False,False
0,18.79,0,0.43,11,253.0,0.01,0.03,0.5,0.0,Mar,2,2,2,1,Returning_Visitor,False,False
4,84.5,0,1.55,48,1166.17,0.0,0.02,36.68,0.03,Mar,2,1,1,20,New_Visitor,False,True
2,47.72,0,0.0,51,268.0,0.0,0.02,60.25,0.0,Mar,2,2,1,2,Returning_Visitor,False,True
2,0.0,0,0.0,74,1195.88,0.01,0.02,0.0,0.0,Nov,2,2,1,2,Returning_Visitor,False,False
0,17.57,0,0.79,9,67.72,0.04,0.03,1.98,0.05,May,2,2,1,3,Returning_Visitor,False,False
1,8.61,0,0.0,12,64.98,0.2,0.14,0.0,0.05,Nov,3,2,1,2,Returning_Visitor,True,False
3,19.57,0,0.62,67,334.38,0.0,0.01,1.93,0.0,Mar,2,2,3,2,New_Visitor,False,False
4,22.53,0,1.07,7,169.5,0.01,0.02,1.55,0.03,Mar,2,2,1,3,Returning_Visitor,False,False
3,22.86,1,1.58,9,1306.88,0.01,0.02,37.52,0.03,May,2,2,3,3,Returning_Visitor,False,True
3,21.23,2,12.84,59,1222.25,0.01,0.01,1.46,0.03,May,2,2,1,4,Returning_Visitor,False,False
0,23.21,0,1.21,7,0.0,0.2,0.14,0.57,0.03,Nov,3,2,1,1,Returning_Visitor,False,False
4,177.0,0,0.08,57,620.03,0.01,0.02,0.0,0.03,Nov,2,5,1,1,Returning_Visitor,False,False
0,3.56,0,1.28,4,75.5,0.01,0.03,0.31,0.0,Mar,2,2,1,1,Returning_Visitor,True,False
1,0.0,0,1.32,88,1222.24,0.07,0.03,0.0,0.03,Mar,3,2,1,3,Returning_Visitor,False,False
1,0.0,0,0.95,11,78.24,0.2,0.13,0.18,0.0,Nov,2,2,1,3,Returning_Visitor,False,False
4,116.35,0,17.78,56,520.33,0.0,0.01,16.32,0.0,Mar,1,2,1,2,Returning_Visitor,True,False
3,18.6,0,1.26,85,2834.28,0.01,0.02,37.42,0.0,Nov,2,2,1,1,Returning_Visitor,True,False
1,31.0,1,6.18,59,759.67,0.01,0.05,0.33,0.0,May,2,2,1,2,Returning_Visitor,False,False
7,26.14,0,1.22,65,5632.8,0.0,0.01,4.96,0.0,Nov,2,2,1,2,Returning_Visitor,False,False
3,61.5,0,1.2,18,497.1,0.0,0.01,0.0,0.03,May,2,1,1,2,Returning_Visitor,False,False
8,674.0,0,0.0,18,1036.68,0.03,0.02,1.8,0.03,May,2,2,1,3,Returning_Visitor,False,True
3,18.59,0,1.55,2,225.74,0.0,0.1,0.0,0.03,May,2,2,1,3,Returning_Visitor,True,False
0,27.91,0,1.51,3,58.0,0.01,0.02,0.0,0.03,Mar,1,1,3,1,Returning_Visitor,False,False
3,29.72,0,1.08,36,1826.44,0.01,0.01,0.0,0.03,Nov,2,2,3,2,Returning_Visitor,True,False
3,57.73,1,2.24,77,1069.97,0.02,0.01,0.0,0.0,Dec,2,2,1,2,Returning_Visitor,False,False
4,0.0,0,0.0,11,577.75,0.02,0.04,1.08,0.03,Nov,2,2,1,3,Returning_Visitor,False,False
3,10.43,0,1.55,74,264.34,0.0,0.03,0.0,0.0,Mar,2,2,3,3,Returning_Visitor,False,False
2,34.0,0,0.0,46,627.31,0.01,0.03,0.0,0.0,Mar,2,2,1,8,Returning_Visitor,False,False
3,36.67,0,0.63,21,1224.33,0.0,0.02,0.0,0.0,Mar,2,2,1,2,Returning_Visitor,False,False
1,10.36,0,0.0,10,1272.27,0.01,0.03,1.87,0.4,May,2,2,4,2,Returning_Visitor,False,False
3,70.6,0,1.51,58,1166.93,0.0,0.02,11.27,0.03,Aug,1,1,1,2,Returning_Visitor,False,False
0,0.0,0,1.23,1,48.5,0.03,0.14,0.72,0.03,Nov,1,2,1,3,Returning_Visitor,False,False
0,19.13,0,1.58,70,1161.22,0.01,0.2,0.93,0.0,Aug,2,4,1,1,Returning_Visitor,False,False
3,77.88,0,0.94,43,1213.46,0.0,0.02,1.97,0.0,Nov,2,2,1,2,Returning_Visitor,False,False
2,26.45,0,0.0,4,1250.08,0.01,0.02,0.0,0.0,Oct,2,8,1,2,Returning_Visitor,False,False
2,0.0,0,0.0,65,1206.02,0.02,0.04,0.21,0.03,Mar,2,2,1,3,Returning_Visitor,False,False
2,11.13,1,0.0,76,1557.17,0.03,0.02,0.0,0.03,Nov,2,2,3,2,Returning_Visitor,False,False
0,5.87,0,1.02,1,0.0,0.09,0.2,0.24,0.0,Nov,2,2,1,3,Returning_Visitor,False,False
7,79.2,0,1.01,30,1170.98,0.01,0.02,14.87,0.0,Sep,2,2,1,2,Returning_Visitor,False,False
1,52.85,0,1.18,61,1138.16,0.01,0.04,0.0,0.03,Nov,2,2,1,1,Returning_Visitor,False,False
3,188.56,1,37.0,15,1242.54,0.01,0.02,0.0,0.0,May,1,1,1,3,Returning_Visitor,False,False
1,7.14,0,0.65,54,849.54,0.0,0.01,0.0,0.0,Nov,2,1,1,2,Returning_Visitor,False,False
3,22.1,0,1.4,11,1163.9,0.0,0.02,2.88,0.03,Nov,2,2,1,3,Returning_Visitor,False,True
1,2.0,0,0.0,55,1163.45,0.03,0.04,0.45,0.03,May,2,2,1,1,Returning_Visitor,False,False
0,21.12,0,0.0,16,1355.98,0.01,0.01,0.0,0.03,Nov,2,2,7,1,Returning_Visitor,False,True
3,62.73,0,0.0,68,866.02,0.0,0.03,1.64,0.03,Nov,2,2,1,2,Returning_Visitor,False,False
1,15.93,0,0.0,91,75.26,0.03,0.08,0.6,0.0,Mar,2,2,1,3,Returning_Visitor,False,False
3,24.16,0,0.0,20,1173.25,0.01,0.02,0.0,0.0,Mar,3,2,1,1,Returning_Visitor,False,False
0,0.0,0,1.68,54,1159.58,0.01,0.03,0.0,0.0,Nov,4,1,1,2,Returning_Visitor,True,False
3,19.85,0,0.0,24,1110.2,0.01,0.02,0.0,0.03,Nov,2,2,1,2,Returning_Visitor,False,False
0,11.51,0,1.67,6,0.0,0.2,0.2,0.0,0.2,Nov,3,2,3,6,Returning_Visitor,False,False
3,40.82,0,0.0,26,1197.46,0.01,0.02,3.51,0.03,Mar,2,2,1,2,Returning_Visitor,False,False
3,35.74,2,21.25,56,1438.1,0.0,0.03,1.77,0.03,Dec,3,2,1,2,Returning_Visitor,True,False
0,18.94,0,1.02,8,1324.8,0.01,0.03,0.0,0.03,Mar,2,2,3,10,Returning_Visitor,False,False
2,22.1,0,0.52,62,1121.21,0.01,0.0,2.55,0.0,Mar,1,1,1,2,Returning_Visitor,False,False
2,37.31,0,0.0,16,1158.3,0.01,0.01,2.06,0.03,Mar,2,1,1,2,New_Visitor,False,False
0,15.03,0,0.32,16,1311.63,0.0,0.01,1.54,0.0,Nov,2,1,4,3,Returning_Visitor,False,False
9,253.66,0,6.57,61,1271.38,0.01,0.01,1.82,0.0,Mar,4,2,1,2,Returning_Visitor,False,True
7,61.08,0,1.39,83,1221.4,0.0,0.02,0.54,0.03,Oct,2,2,1,2,Returning_Visitor,False,False
9,45.36,0,3.13,66,5883.04,0.0,0.01,0.0,0.03,May,2,1,1,2,Returning_Visitor,False,False
2,14.0,0,2.0,67,1354.73,0.01,0.01,0.0,0.03,May,2,2,1,6,Returning_Visitor,False,False
3,17.56,1,1.34,40,829.8,0.01,0.02,0.0,0.0,Nov,3,2,1,13,Returning_Visitor,False,False
8,204.5,2,37.0,52,1399.75,0.01,0.03,12.06,0.03,May,2,2,1,13,Returning_Visitor,False,False
3,41.0,0,0.0,63,1337.25,0.01,0.02,1.94,0.03,Nov,1,1,1,2,Returning_Visitor,False,False
9,236.8,0,0.0,240,1294.6,0.0,0.0,2.02,0.03,Oct,2,2,1,3,Returning_Visitor,False,True
3,29.09,0,62.75,24,1233.62,0.02,0.03,17.01,0.0,Mar,1,2,1,10,Returning_Visitor,False,False
1,2.85,0,0.0,57,1142.47,0.01,0.03,1.06,0.03,Nov,2,2,1,1,Returning_Visitor,False,True
3,34.54,0,1.21,2,36.5,0.0,0.03,1.14,0.03,Mar,3,2,1,1,Returning_Visitor,False,False
11,225.5,0,258.25,67,1101.89,0.01,0.02,0.0,0.03,Dec,3,2,1,3,Returning_Visitor,False,False
1,11.21,0,0.0,41,1322.62,0.01,0.03,13.86,0.03,Mar,2,2,3,3,Returning_Visitor,False,False
0,8.86,0,1.64,72,668.29,0.07,0.15,0.0,0.0,May,3,2,1,3,Returning_Visitor,False,False
1,5.0,0,0.0,58,3441.44,0.01,0.01,0.0,0.0,Nov,3,2,1,3,Returning_Visitor,False,False
4,75.6,0,0.0,94,808.22,0.01,0.02,1.2,0.6,May,3,2,9,3,Returning_Visitor,False,False
3,33.35,1,7.41,61,2895.13,0.0,0.01,16.96,0.03,Nov,1,2,1,2,Returning_Visitor,False,True
2,0.0,0,0.0,51,916.23,0.0,0.02,0.0,0.0,Jul,2,2,1,2,Returning_Visitor,False,False
6,55.3,0,0.79,15,538.97,0.0,0.02,1.37,0.0,Mar,2,2,1,3,Returning_Visitor,False,False
6,102.83,1,2.37,10,1254.11,0.01,0.01,0.0,0.03,Mar,1,2,1,2,Returning_Visitor,False,False
1,20.96,0,0.79,54,472.31,0.01,0.11,0.56,0.05,May,3,2,1,13,Returning_Visitor,True,False
2,25.44,0,0.11,63,1240.22,0.01,0.01,26.04,0.0,May,2,2,1,2,Returning_Visitor,False,False
2,17.94,0,0.97,59,1280.38,0.01,0.01,20.58,0.0,Nov,2,2,1,2,New_Visitor,False,False
0,0.0,0,1.56,77,190.34,0.0,0.05,0.0,0.03,Nov,3,2,1,3,Returning_Visitor,True,False
0,0.0,0,0.0,3,27.2,0.13,0.13,0.0,0.0,Mar,3,2,1,3,Returning_Visitor,False,False
0,0.0,0,0.0,19,234.0,0.01,0.03,0.87,0.0,Mar,2,2,1,2,Returning_Visitor,False,False
7,234.43,0,0.0,37,1209.73,0.01,0.02,1.99,0.0,Oct,2,2,8,2,Returning_Visitor,False,False
2,161.76,7,227.25,58,6254.42,0.03,0.04,1.64,0.03,May,2,2,1,2,Returning_Visitor,False,False
3,8.23,0,1.84,39,124.87,0.02,0.03,1.88,0.03,Aug,2,2,1,1,Returning_Visitor,False,True
0,0.0,0,0.0,4,82.0,0.01,0.05,1.17,0.03,Nov,2,2,1,1,Returning_Visitor,False,False
4,133.63,0,1.04,88,5602.85,0.0,0.02,0.0,0.0,Nov,2,2,1,2,Returning_Visitor,False,True
2,51.9,0,0.0,65,1080.24,0.02,0.03,0.72,0.0,Nov,2,2,5,2,Returning_Visitor,False,True
1,26.54,3,189.5,68,850.66,0.01,0.02,60.81,0.03,Mar,2,2,1,2,Returning_Visitor,False,True
1,0.0,0,0.0,8,428.5,0.0,0.02,1.04,0.03,May,2,2,1,2,Returning_Visitor,False,False
2,100.0,0,0.0,45,954.91,0.0,0.02,0.0,0.03,Nov,1,2,8,2,Returning_Visitor,False,False
2,11.65,0,0.0,14,1101.52,0.0,0.02,0.0,0.03,May,2,2,2,3,Returning_Visitor,False,False
3,218.8,0,1.43,5,71.4,0.0,0.02,4.98,0.0,Dec,2,2,1,3,New_Visitor,True,True
0,22.87,0,0.0,37,59.0,0.05,0.06,2.14,0.03,Mar,2,2,7,1,Returning_Visitor,False,False
2,7.09,0,0.0,43,2595.28,0.01,0.02,1.26,0.0,May,2,4,1,1,Returning_Visitor,False,False
3,107.04,3,58.39,55,5066.66,0.01,0.02,1.39,0.03,Mar,2,2,3,2,Returning_Visitor,False,False
12,358.22,0,3.15,61,3258.07,0.0,0.01,0.01,0.0,Nov,1,2,2,2,Returning_Visitor,True,False
2,6.0,0,1.08,77,243.22,0.0,0.02,0.0,0.0,May,2,1,3,4,Returning_Visitor,True,True
2,30.54,0,0.0,12,483.29,0.01,0.04,1.48,0.03,Dec,2,2,1,1,Returning_Visitor,False,False
1,0.0,0,0.76,13,123.0,0.0,0.02,2.9,0.03,Mar,2,2,1,3,Returning_Visitor,False,False
0,9.96,0,1.12,76,0.0,0.06,0.11,2.05,0.03,May,2,2,1,3,Returning_Visitor,False,False
2,12.13,0,0.0,14,1311.89,0.0,0.02,0.0,0.0,Mar,2,2,1,1,Returning_Visitor,False,False
0,0.0,0,1.17,6,166.0,0.0,0.03,6.39,0.03,Dec,2,2,1,2,Returning_Visitor,False,False
3,90.6,0,1.92,67,1215.26,0.05,0.02,0.0,0.0,Mar,3,2,1,3,Returning_Visitor,False,False
1,0.0,0,0.0,6,544.66,0.01,0.03,0.0,0.0,Nov,2,2,1,3,Returning_Visitor,False,False
2,39.07,2,1.61,23,1135.04,0.01,0.02,7.59,0.03,Oct,2,2,2,2,Returning_Visitor,False,False
0,0.0,0,0.0,32,540.33,0.01,0.04,1.05,0.0,Mar,2,2,1,10,Returning_Visitor,True,False
10,328.02,0,1.07,19,612.75,0.0,0.01,43.81,0.0,May,2,2,1,1,Returning_Visitor,False,True
13,160.56,3,3.29,52,1133.63,0.02,0.02,7.18,0.03,Nov,2,2,3,1,Returning_Visitor,False,False
0,42.84,0,0.0,11,0.0,0.2,0.12,0.0,0.03,Mar,1,1,1,3,Returning_Visitor,False,False
3,54.65,0,1.98,57,1523.72,0.0,0.03,8.3,0.0,Nov,2,2,1,2,Returning_Visitor,False,False
5,317.37,3,2.32,78,3173.21,0.01,0.01,5.87,0.03,June,1,1,3,2,Returning_Visitor,False,False
10,162.42,2,1.91,25,930.36,0.01,0.03,2.17,0.0,Mar,4,1,3,2,Returning_Visitor,False,False
0,6.23,0,1.69,62,805.83,0.01,0.02,2.16,0.03,Dec,2,1,3,2,Returning_Visitor,False,False
0,0.0,0,0.0,14,1205.53,0.01,0.0,0.0,0.03,Mar,2,2,5,2,Returning_Visitor,False,False
0,7.56,0,0.0,14,1195.96,0.01,0.02,0.23,0.0,Nov,2,2,1,1,Returning_Visitor,False,False
0,0.0,0,1.15,1,0.0,0.03,0.2,0.0,0.4,Nov,1,8,3,4,Returning_Visitor,False,False
3,0.0,3,14.22,87,1222.23,0.0,0.02,4.15,0.03,Dec,2,2,1,1,Returning_Visitor,False,False
2,0.0,0,0.0,87,87.5,0.01,0.05,1.98,0.03,May,2,2,4,3,Returning_Visitor,False,False
2,34.08,0,1.77,13,443.0,0.01,0.02,3.45,0.03,May,2,5,5,3,Returning_Visitor,True,True
3,281.92,1,1.08,83,2616.91,0.0,0.02,5.93,0.0,Nov,2,2,3,2,Returning_Visitor,True,True
2,0.0,0,0.77,28,1159.94,0.0,0.02,7.45,0.0,May,2,2,2,2,Returning_Visitor,False,False
0,0.0,0,1.07,1,73.64,0.06,0.14,0.0,0.03,Nov,2,2,1,3,Returning_Visitor,False,False
2,0.0,0,2.13,17,1199.38,0.02,0.04,0.0,0.0,Nov,3,2,4,3,Returning_Visitor,True,False
0,29.96,0,1.78,54,113.83,0.01,0.07,0.0,0.03,Nov,1,1,2,2,Returning_Visitor,True,False
3,62.59,0,0.0,54,1010.48,0.01,0.03,11.7,0.0,Sep,4,2,1,13,Returning_Visitor,False,True
0,59.56,0,1.67,62,926.67,0.02,0.05,0.0,1.0,May,2,2,1,2,Returning_Visitor,True,False
2,21.9,0,1.38,4,89.7,0.01,0.03,1.46,0.0,Nov,2,2,1,2,Returning_Visitor,False,False
3,23.72,0,0.0,52,4622.0,0.02,0.03,2.34,0.03,Nov,2,5,6,1,Returning_Visitor,False,False
1,17.25,0,0.0,10,0.0,0.2,0.14,0.22,0.03,Nov,2,1,1,2,Returning_Visitor,False,False
0,0.0,0,0.0,59,1205.67,0.05,0.06,2.0,0.03,Nov,2,2,1,3,Returning_Visitor,False,False
0,0.0,0,0.0,6,1200.62,0.02,0.14,0.0,0.8,Nov,3,2,1,1,Returning_Visitor,False,False
9,250.22,2,2.95,63,5076.38,0.0,0.01,53.69,0.0,Mar,3,2,1,2,Returning_Visitor,False,True
1,19.91,0,0.0,19,1225.95,0.01,0.05,0.15,0.42,Mar,3,2,1,3,Returning_Visitor,True,False
6,31.69,0,0.22,66,895.83,0.02,0.04,1.35,0.0,May,2,2,6,3,Returning_Visitor,False,False
3,26.0,1,6.0,103,1043.92,0.01,0.02,0.59,0.0,Nov,3,2,9,2,Returning_Visitor,True,False
3,42.0,0,0.77,55,1204.02,0.0,0.01,0.0,0.03,May,2,2,1,2,Returning_Visitor,False,False
2,19.56,0,0.0,1,0.0,0.2,0.13,0.0,0.03,Mar,3,2,1,1,Returning_Visitor,False,False
0,0.0,1,34.76,7,1184.3,0.0,0.03,0.06,1.0,Mar,1,2,1,2,Returning_Visitor,False,False
3,30.04,0,0.96,13,545.57,0.01,0.02,6.72,0.0,Mar,2,2,1,2,Returning_Visitor,True,True
1,0.0,0,0.8,4,7.0,0.1,0.15,4.21,0.0,Nov,2,5,1,1,Returning_Visitor,False,False
2,26.85,0,0.86,16,1375.92,0.01,0.05,2.26,0.03,Mar,2,2,1,1,Returning_Visitor,False,False
2,66.46,0,2.14,71,241.53,0.01,0.03,0.0,0.03,Nov,2,2,9,2,New_Visitor,True,False
0,0.0,0,1.4,33,2861.97,0.01,0.03,2.48,0.0,Nov,2,2,9,2,Returning_Visitor,False,False
0,0.0,0,1.04,28,1032.9,0.05,0.08,0.58,0.03,Dec,1,1,1,3,Returning_Visitor,False,False
0,2.02,0,1.3,57,1221.98,0.01,0.03,0.74,0.0,Nov,2,2,1,2,Returning_Visitor,False,False
3,14.86,0,0.0,55,1263.9,0.0,0.01,2.87,0.0,Mar,2,2,3,3,Returning_Visitor,False,False
0,3.83,0,0.57,44,1190.53,0.01,0.02,0.0,0.03,Mar,2,2,3,3,Returning_Visitor,False,False
0,0.0,0,1.13,34,1211.32,0.01,0.02,2.2,0.03,Nov,2,2,1,10,Returning_Visitor,False,False
2,16.14,0,1.77,56,1430.21,0.03,0.03,0.0,0.0,Nov,2,2,1,1,Returning_Visitor,False,False
3,112.0,0,1.64,62,1243.06,0.01,0.02,1.36,0.03,May,2,2,1,2,Returning_Visitor,False,False
3,47.0,0,0.0,71,1197.91,0.0,0.03,0.11,0.0,Nov,2,2,3,2,New_Visitor,True,True
3,58.0,0,8.0,31,657.26,0.0,0.01,0.0,0.03,Mar,2,2,1,2,New_Visitor,False,False
7,91.32,0,2.17,67,1267.45,0.0,0.04,17.93,0.03,Nov,2,4,1,4,Returning_Visitor,False,False
1,7.75,0,0.0,32,1225.4,0.01,0.02,0.0,0.03,Nov,2,2,4,2,Returning_Visitor,False,False
10,67.47,0,1.13,41,1182.11,0.0,0.02,4.47,0.0,Nov,2,2,3,2,Returning_Visitor,False,False
2,24.49,0,0.0,1,299.16,0.2,0.2,2.01,0.03,Nov,2,2,1,20,Returning_Visitor,False,False
0,6.75,0,0.0,17,1200.83,0.0,0.03,3.05,0.0,Mar,2,2,1,3,Returning_Visitor,False,False
3,74.0,0,0.0,8,1413.33,0.01,0.07,1.92,0.03,Nov,3,2,3,2,Returning_Visitor,False,False
0,0.0,0,1.26,9,116.33,0.01,0.02,1.87,0.0,Mar,2,2,1,1,Returning_Visitor,False,False
6,95.85,0,0.0,35,1269.3,0.01,0.02,2.23,0.0,Mar,4,2,4,2,Returning_Visitor,False,False
3,30.99,2,6.0,45,1017.58,0.02,0.02,1.12,0.03,Nov,3,2,1,2,Returning_Visitor,False,False
0,9.4,0,0.0,1,0.0,0.02,0.2,0.25,0.03,Mar,1,1,6,2,Returning_Visitor,True,False
0,0.0,0,0.92,63,1226.29,0.01,0.01,0.0,0.03,Nov,2,2,1,11,Returning_Visitor,False,False
1,55.96,0,0.9,56,1198.73,0.01,0.04,10.08,0.03,Nov,2,2,1,1,Returning_Visitor,False,False
2,90.51,1,0.0,48,2259.74,0.01,0.03,5.93,0.03,Nov,1,1,1,2,Returning_Visitor,False,True
2,23.2,0,0.0,26,655.54,0.0,0.04,0.91,0.0,Nov,2,2,1,1,Returning_Visitor,False,False
4,54.09,0,0.0,60,2544.05,0.01,0.02,62.41,0.0,Nov,2,2,2,2,Returning_Visitor,True,False
1,107.58,0,2.47,25,1223.78,0.01,0.02,4.01,0.03,Dec,1,1,1,2,Returning_Visitor,False,False
0,0.0,0,2.57,20,1265.85,0.01,0.03,0.36,0.03,Nov,2,2,8,3,Returning_Visitor,False,False
2,7.7,0,1.07,1,39.5,0.0,0.03,1.3,0.0,Nov,2,2,1,2,Returning_Visitor,False,False
0,0.0,0,0.0,65,1218.88,0.12,0.13,0.0,0.0,Mar,3,2,1,3,Returning_Visitor,False,False
3,19.36,0,0.0,1,1069.24,0.02,0.14,0.69,0.0,Nov,2,2,1,1,Returning_Visitor,False,False
3,278.2,0,0.0,29,1439.64,0.01,0.03,0.32,0.0,Nov,1,1,1,2,Returning_Visitor,False,False
3,48.32,0,1.5,49,1219.44,0.0,0.01,0.0,0.03,May,2,2,1,2,Returning_Visitor,False,True
1,74.65,0,0.96,21,1089.62,0.01,0.02,0.0,0.03,Nov,2,2,1,3,Returning_Visitor,False,False
2,52.0,0,0.0,61,1285.78,0.01,0.01,0.0,0.0,May,2,2,1,3,Returning_Visitor,False,False
5,130.42,0,1.93,65,1180.18,0.01,0.0,3.32,0.0,Oct,3,2,9,3,Returning_Visitor,True,False
3,67.87,0,12.0,16,1288.34,0.0,0.02,3.24,0.03,Nov,2,2,1,5,Returning_Visitor,False,False
0,0.0,0,0.33,12,1455.6,0.01,0.07,0.5,0.0,Nov,2,2,1,1,Returning_Visitor,True,False
2,0.0,0,0.88,56,99.0,0.18,0.02,0.0,0.87,May,3,2,1,13,Returning_Visitor,False,False
2,160.0,0,1.71,17,1093.19,0.01,0.02,0.13,0.03,Mar,3,2,2,3,Returning_Visitor,False,False
2,56.95,0,2.18,33,49.5,0.01,0.02,2.88,0.0,Mar,2,2,9,2,Other,False,False
3,41.14,0,14.23,14,462.0,0.0,0.01,23.13,0.03,Nov,2,2,1,2,Returning_Visitor,False,True
5,76.0,0,1.08,14,535.25,0.0,0.02,0.0,0.0,Nov,1,1,1,3,Returning_Visitor,True,False
0,0.0,0,1.04,83,0.0,0.17,0.03,1.12,0.03,Nov,2,2,8,3,Returning_Visitor,False,False
0,12.8,0,0.0,6,94.49,0.01,0.03,0.0,0.0,Mar,2,2,3,1,Returning_Visitor,False,False
2,0.0,0,0.28,7,779.22,0.0,0.03,0.0,0.03,May,2,2,2,2,Returning_Visitor,False,False
2,144.74,0,0.0,82,1263.05,0.01,0.03,0.49,0.0,Nov,1,1,1,1,Returning_Visitor,False,False
2,62.39,0,1.26,6,63.34,0.06,0.08,0.0,0.03,Aug,2,2,1,2,Returning_Visitor,False,False
3,0.0,0,1.29,62,1875.1,0.01,0.03,12.71,0.03,Mar,2,4,1,2,Returning_Visitor,False,False
0,3.76,0,0.74,7,1280.41,0.0,0.02,5.2,0.03,May,2,2,1,2,Returning_Visitor,False,False
2,43.76,0,0.0,17,1303.64,0.0,0.02,0.0,0.03,Nov,1,1,1,1,Returning_Visitor,False,False
3,0.0,0,1.68,54,1329.71,0.02,0.11,0.0,0.0,Dec,2,2,1,15,Returning_Visitor,False,False
15,315.2,2,119.5,147,1570.06,0.01,0.02,2.29,0.03,Mar,2,2,4,2,Returning_Visitor,False,True
3,54.97,0,1.48,30,1054.75,0.01,0.03,0.0,0.0,May,2,2,1,2,Returning_Visitor,True,False
3,0.0,0,0.77,11,1186.15,0.0,0.01,10.07,0.0,Nov,2,2,1,2,Returning_Visitor,False,False
5,53.7,0,6.71,50,144.39,0.01,0.02,1.2,0.03,Nov,2,2,1,2,New_Visitor,False,False
3,24.68,0,0.89,48,1132.79,0.01,0.03,0.0,0.0,Dec,4,1,3,1,Returning_Visitor,False,False
2,1.52,0,0.59,55,1205.68,0.01,0.02,2.86,0.03,Nov,2,2,1,2,Returning_Visitor,False,False
2,145.51,0,1.12,63,1528.67,0.01,0.02,7.99,0.03,Mar,2,2,9,2,Returning_Visitor,False,False
3,54.17,0,1.3,21,936.09,0.01,0.01,0.0,0.03,May,2,2,1,2,New_Visitor,False,False
1,64.2,1,54.88,64,733.25,0.01,0.02,2.33,0.03,Dec,1,2,1,2,Returning_Visitor,True,False
0,0.0,0,1.58,1,70.18,0.2,0.2,0.0,0.0,Mar,1,1,1,2,Returning_Visitor,True,False
1,0.0,0,1.14,68,22.0,0.0,0.1,0.88,0.03,Mar,1,2,1,1,Returning_Visitor,False,False
2,27.05,0,0.76,56,1336.55,0.01,0.03,0.0,0.03,Nov,1,2,1,6,Returning_Visitor,False,True
3,49.11,0,3.38,63,1214.74,0.01,0.02,0.0,0.03,Dec,2,2,1,2,Returning_Visitor,False,False
3,49.35,0,35.7,46,1260.98,0.01,0.02,0.0,0.03,Aug,2,2,8,1,Returning_Visitor,False,False
1,42.24,0,0.89,15,1308.17,0.0,0.02,0.81,0.03,Mar,4,1,1,3,Returning_Visitor,False,False
10,333.87,1,121.62,56,1406.92,0.02,0.03,20.75,0.03,Nov,2,2,1,1,Returning_Visitor,False,False
0,0.0,0,1.01,7,331.0,0.0,0.01,3.36,0.03,Nov,2,1,1,10,Returning_Visitor,False,False
0,13.77,0,1.25,39,67.0,0.02,0.05,0.0,0.03,May,2,2,1,3,Returning_Visitor,False,False
0,0.0,0,1.09,5,513.25,0.01,0.01,2.89,0.03,Nov,3,2,1,3,Returning_Visitor,False,False
7,127.14,6,4.52,82,1805.43,0.0,0.03,12.4,0.03,Dec,1,2,1,2,Returning_Visitor,False,False
3,21.79,0,0.0,63,1210.47,0.01,0.01,1.76,0.0,Mar,2,2,1,4,Returning_Visitor,False,False
3,107.4,0,1.64,29,869.13,0.01,0.02,0.48,0.03,Dec,1,2,1,1,Returning_Visitor,False,False
4,56.0,0,0.0,19,709.0,0.0,0.02,3.35,0.03,Mar,2,2,1,2,Returning_Visitor,False,False
0,33.22,0,0.94,6,1212.61,0.01,0.03,5.57,1.0,Mar,2,2,3,2,Returning_Visitor,True,False
0,0.0,0,0.0,57,1917.68,0.01,0.02,0.6,0.03,Nov,2,2,1,1,Returning_Visitor,False,False
0,6.09,0,1.12,31,1197.8,0.01,0.03,0.66,0.03,Nov,2,2,1,1,Returning_Visitor,False,False
17,754.11,2,4.37,67,1192.79,0.01,0.02,15.22,0.03,Mar,1,1,3,2,Returning_Visitor,False,True
0,0.0,0,1.38,16,1221.22,0.0,0.02,1.5,0.0,Nov,3,2,1,3,Returning_Visitor,False,False
2,112.38,0,1.53,63,1280.41,0.01,0.03,0.0,0.03,Nov,2,2,1,3,Returning_Visitor,False,False
1,15.84,0,0.0,12,202.0,0.02,0.04,0.0,0.03,May,2,2,1,3,Returning_Visitor,False,False
7,334.43,1,14.71,64,4263.98,0.0,0.01,1.06,0.0,Nov,1,2,1,2,Returning_Visitor,False,True
3,101.75,2,65.5,37,1300.2,0.01,0.03,2.78,0.03,Mar,3,2,3,2,Returning_Visitor,False,False
2,237.35,0,0.0,50,1143.83,0.01,0.03,0.0,0.0,Nov,2,2,4,1,Returning_Visitor,True,False
0,0.0,0,0.0,12,115.05,0.01,0.02,0.0,0.03,May,1,2,1,3,Returning_Visitor,True,False
2,115.0,0,1.05,65,1940.29,0.02,0.02,0.9,0.03,Nov,2,1,3,10,Returning_Visitor,False,False
2,7.64,0,1.87,89,20.2,0.01,0.03,3.18,0.0,Jul,2,2,1,1,Returning_Visitor,False,False
3,39.48,0,1.27,60,1263.23,0.0,0.01,0.0,0.03,Mar,2,2,1,1,New_Visitor,False,False
2,304.17,0,1.83,63,1190.87,0.0,0.02,7.56,0.0,Nov,1,1,2,2,Returning_Visitor,False,True
4,356.97,1,1.23,20,651.77,0.0,0.03,0.65,0.03,Nov,2,2,1,2,Returning_Visitor,False,True
2,56.01,0,0.0,5,121.7,0.01,0.02,0.91,0.0,Nov,2,2,7,2,Returning_Visitor,False,False
0,0.0,0,1.73,41,1261.06,0.01,0.02,0.0,0.03,May,2,5,1,3,Returning_Visitor,True,False
0,25.77,0,1.13,50,119.0,0.01,0.07,0.0,0.0,Nov,1,1,1,3,Returning_Visitor,False,False
1,0.0,0,1.22,5,97.03,0.12,0.2,2.21,0.0,Nov,2,2,1,1,Returning_Visitor,False,False
0,2.42,0,0.0,2,0.0,0.19,0.2,0.0,0.8,May,2,2,1,3,Returning_Visitor,False,False
3,61.54,0,4.67,25,1282.66,0.01,0.02,1.33,0.03,Jul,1,1,1,2,Returning_Visitor,True,False
1,0.0,0,0.0,65,444.1,0.01,0.02,0.0,0.03,Mar,2,2,4,2,Returning_Visitor,False,False
2,29.3,0,0.91,65,2264.33,0.01,0.01,2.04,0.0,Nov,2,2,1,3,Returning_Visitor,True,False
3,21.27,0,1.56,70,323.23,0.0,0.01,0.0,0.0,Dec,2,2,8,2,Returning_Visitor,False,False
0,12.15,0,0.56,17,1167.99,0.01,0.03,0.0,0.03,Mar,2,2,1,3,Returning_Visitor,False,False
3,168.2,0,1.05,55,2026.63,0.01,0.02,0.28,0.0,May,3,2,1,13,Returning_Visitor,False,True
3,62.54,0,0.0,20,1224.41,0.01,0.02,0.0,0.03,Dec,2,2,1,2,Returning_Visitor,False,False
3,79.1,0,1.64,36,1014.25,0.03,0.02,0.0,0.03,Sep,3,2,2,2,Returning_Visitor,False,False
2,9.26,0,0.06,44,1316.11,0.01,0.02,8.95,0.0,Mar,2,2,9,1,Returning_Visitor,False,False
2,88.0,2,10.0,23,1390.39,0.0,0.01,0.0,0.03,May,3,2,1,3,Returning_Visitor,False,False
2,60.34,5,0.96,67,1057.56,0.0,0.01,4.2,0.0,May,2,2,1,2,Returning_Visitor,False,True
3,0.0,0,0.0,46,3312.5,0.01,0.03,0.12,0.0,Mar,2,2,1,3,Returning_Visitor,False,False
0,0.0,0,1.25,12,1314.6,0.03,0.03,0.0,0.03,Mar,3,2,1,11,Returning_Visitor,False,False
1,19.0,0,0.0,54,4018.45,0.01,0.03,0.0,0.03,Nov,2,2,1,1,Returning_Visitor,True,False
3,0.0,0,0.0,11,108.55,0.01,0.07,0.0,0.0,Sep,2,1,1,3,Returning_Visitor,False,False
3,56.55,0,1.05,16,1295.5,0.0,0.01,0.0,0.03,May,2,2,1,2,Returning_Visitor,False,False
0,0.0,0,1.01,50,199.5,0.01,0.01,0.0,0.03,Mar,4,2,1,3,Returning_Visitor,False,False
3,54.37,1,2.67,62,1512.78,0.0,0.01,0.54,0.0,Mar,2,2,3,2,Returning_Visitor,False,False
0,14.87,1,3.5,68,1279.46,0.01,0.02,1.11,0.0,May,3,2,4,2,Returning_Visitor,False,False
2,0.0,0,0.0,7,101.0,0.03,0.06,0.0,0.03,Nov,2,5,1,3,Returning_Visitor,False,False
16,324.15,2,42.32,61,5946.28,0.01,0.03,7.24,0.0,Mar,2,2,4,2,Returning_Visitor,False,False
2,19.11,0,1.2,34,541.5,0.03,0.04,0.0,0.08,May,3,2,1,13,Returning_Visitor,False,False
2,12.83,0,1.03,5,1198.25,0.05,0.03,0.0,0.03,Nov,2,2,2,3,Returning_Visitor,True,False
3,0.0,0,222.0,66,1545.83,0.02,0.03,6.2,0.0,May,2,4,1,2,Returning_Visitor,False,False
0,0.0,0,0.0,84,69.24,0.0,0.03,0.0,0.0,Nov,4,1,3,3,Returning_Visitor,False,False
0,5.97,0,0.91,47,1162.14,0.01,0.02,1.16,0.0,Nov,2,2,7,2,Returning_Visitor,False,False
2,24.5,1,2.08,65,1305.26,0.01,0.01,0.0,0.0,Mar,2,2,1,2,Returning_Visitor,False,False
2,52.76,0,1.16,68,5517.91,0.0,0.01,0.46,0.0,Nov,2,2,1,2,Returning_Visitor,False,True
2,47.0,0,0.0,21,825.08,0.0,0.01,21.51,0.03,Mar,2,2,2,2,Returning_Visitor,False,True
2,0.0,0,1.67,20,926.63,0.0,0.03,0.8,0.03,Mar,2,2,1,1,Returning_Visitor,False,False
3,83.22,0,1.26,5,174.81,0.0,0.04,0.4,0.03,Nov,1,1,6,2,New_Visitor,False,False
4,280.18,0,1.01,72,1971.6,0.0,0.01,4.53,0.0,Nov,2,2,1,2,Returning_Visitor,False,True
0,0.0,0,0.0,9,1159.12,0.0,0.05,0.0,0.6,May,2,2,1,2,Returning_Visitor,False,False
3,68.29,0,0.0,61,741.06,0.01,0.03,16.09,0.0,Mar,2,2,4,10,Returning_Visitor,False,True
3,104.65,0,0.32,30,1268.24,0.0,0.01,1.68,0.03,May,2,5,1,2,Returning_Visitor,False,False
2,57.0,1,4.0,72,1120.43,0.01,0.03,0.0,0.2,Nov,2,2,1,3,Returning_Visitor,False,False
5,56.1,0,0.0,64,406.92,0.0,0.02,1.8,0.03,Mar,2,2,3,3,New_Visitor,True,False
3,63.83,0,0.87,14,837.38,0.01,0.02,0.0,0.0,Mar,2,4,1,8,New_Visitor,False,True
2,0.0,0,0.0,73,553.19,0.01,0.1,0.37,0.0,Nov,1,1,3,3,Returning_Visitor,False,False
2,1.45,0,0.0,43,907.51,0.0,0.02,0.0,0.03,Nov,2,1,1,2,New_Visitor,False,False
0,2.9,0,0.36,63,587.42,0.0,0.03,0.85,0.03,May,2,2,1,3,Returning_Visitor,False,False
4,63.57,0,4.62,34,1201.75,0.01,0.01,1.36,0.03,May,2,2,1,2,Returning_Visitor,False,False
2,47.0,0,0.0,17,411.62,0.0,0.03,1.42,0.03,Nov,2,2,1,3,Returning_Visitor,False,False
2,48.16,0,0.0,63,541.88,0.01,0.01,54.1,0.0,Nov,2,2,1,2,New_Visitor,False,True
2,0.0,0,0.0,52,427.75,0.0,0.01,2.8,0.03,Nov,4,2,1,2,Returning_Visitor,False,False
3,2.77,0,0.0,17,950.67,0.02,0.03,0.67,0.0,Mar,2,2,1,2,Returning_Visitor,False,False
5,14.62,0,24.55,56,717.22,0.01,0.01,0.0,0.03,May,3,2,5,4,Returning_Visitor,True,False
0,18.77,0,0.52,18,651.86,0.01,0.02,0.0,0.0,Mar,2,2,1,1,Returning_Visitor,False,False
0,0.0,0,0.0,77,274.0,0.05,0.08,0.0,0.0,May,2,2,1,3,Returning_Visitor,False,False
2,0.0,0,1.59,42,348.99,0.08,0.11,0.0,0.03,Mar,2,2,1,4,Returning_Visitor,False,False
3,20.75,0,1.83,22,868.68,0.0,0.02,61.24,0.03,Dec,2,2,1,2,Returning_Visitor,False,False
2,38.5,0,0.0,33,1430.66,0.0,0.02,0.0,0.0,Mar,1,2,1,1,Returning_Visitor,False,False
3,130.0,0,14.2,56,2472.24,0.01,0.06,1.36,0.0,Mar,1,2,1,3,Returning_Visitor,False,False
0,2.4,0,0.0,42,960.73,0.01,0.02,1.33,0.03,Mar,2,2,4,3,Returning_Visitor,True,False
4,173.15,0,0.0,50,1074.02,0.0,0.02,0.59,0.03,Nov,1,2,3,2,Returning_Visitor,False,False
1,14.42,0,0.34,7,126.57,0.01,0.02,2.73,0.03,May,2,2,1,3,Returning_Visitor,True,True
0,19.26,0,1.24,62,1445.43,0.01,0.04,3.2,0.03,Mar,2,2,1,11,Returning_Visitor,False,False
1,15.2,0,0.0,30,1146.33,0.01,0.02,2.85,0.03,Nov,2,2,1,2,Returning_Visitor,False,False
0,0.0,0,1.16,40,192.45,0.04,0.02,2.98,0.03,Oct,3,2,1,1,Returning_Visitor,False,True
3,318.72,2,1.47,56,1205.95,0.01,0.02,11.1,0.03,May,2,2,3,13,Returning_Visitor,False,True
0,20.85,0,0.0,4,25.0,0.05,0.1,1.22,0.0,May,2,2,1,3,Returning_Visitor,False,False
0,4.62,0,0.72,67,607.49,0.04,0.03,0.93,0.2,Mar,1,1,1,2,Returning_Visitor,False,False
0,1.44,1,64.12,66,1726.69,0.01,0.02,0.88,0.0,Mar,1,1,4,2,Returning_Visitor,True,False
2,19.45,0,0.0,59,3037.28,0.01,0.04,0.0,0.03,Mar,2,2,1,3,Returning_Visitor,False,False
1,6.52,0,0.0,16,1215.2,0.01,0.01,90.93,0.03,Nov,2,2,1,2,Returning_Visitor,False,True
2,4.85,0,0.0,60,11.0,0.01,0.02,2.06,0.03,Nov,2,4,1,2,Returning_Visitor,False,False
1,54.0,0,1.4,92,0.0,0.0,0.03,1.34,0.0,Mar,2,2,1,5,Returning_Visitor,False,False
0,2.97,1,9.37,87,3503.02,0.01,0.02,0.66,0.03,May,2,2,4,2,Returning_Visitor,False,False
2,17.15,0,1.43,12,1653.6,0.03,0.03,1.77,0.0,Nov,3,2,1,3,Returning_Visitor,True,False
0,0.0,0,2.31,37,1162.99,0.01,0.01,5.13,0.0,Mar,2,2,1,4,Returning_Visitor,False,True
3,46.51,0,2.75,101,4713.8,0.01,0.01,0.39,0.03,Mar,2,1,1,2,Returning_Visitor,False,True
3,21.0,0,0.97,16,657.17,0.0,0.03,0.0,0.0,Nov,2,2,1,2,Returning_Visitor,False,False
3,63.92,0,0.77,13,1220.31,0.01,0.02,1.31,0.03,Nov,2,2,1,5,Returning_Visitor,False,False
7,509.53,2,2.4,52,1166.41,0.0,0.02,16.66,0.0,Mar,2,2,2,1,Returning_Visitor,False,False
0,0.0,0,0.97,36,23.0,0.11,0.15,2.59,0.0,Mar,2,2,3,3,Returning_Visitor,False,False
3,992.71,0,588.41,28,1793.21,0.01,0.02,21.55,0.03,Nov,2,2,1,2,Returning_Visitor,False,True
3,118.18,3,10.74,58,5399.23,0.0,0.01,14.77,0.03,Nov,2,2,4,2,Returning_Visitor,False,True
3,241.86,3,228.0,154,4755.22,0.01,0.03,1.1,0.03,Mar,2,2,2,3,Returning_Visitor,False,False
0,20.02,0,0.0,63,0.0,0.17,0.2,0.0,0.03,Nov,3,2,1,2,Returning_Visitor,False,False
5,177.6,0,2.04,18,1240.48,0.01,0.03,0.47,0.03,Oct,4,1,1,2,Returning_Visitor,False,True
1,34.92,0,0.0,61,1318.26,0.01,0.02,10.78,0.0,Mar,2,2,6,6,Returning_Visitor,False,False
0,0.0,0,0.54,15,469.42,0.01,0.01,1.71,0.03,Mar,1,2,1,2,Returning_Visitor,False,False
0,7.42,0,1.2,23,67.96,0.2,0.2,1.76,0.0,May,2,2,1,3,Returning_Visitor,False,False
0,3.77,0,0.87,88,1170.35,0.0,0.04,0.0,0.03,Mar,1,1,9,3,Returning_Visitor,False,False
0,2.9,0,0.25,21,436.81,0.01,0.02,0.0,0.03,May,2,2,4,3,Returning_Visitor,False,False
3,148.4,2,515.0,46,1067.86,0.01,0.01,0.0,0.0,Mar,2,2,1,6,Returning_Visitor,False,False
2,61.0,0,0.0,19,1241.44,0.01,0.03,2.74,0.03,Feb,1,2,1,4,Returning_Visitor,True,True
0,10.43,0,1.45,59,599.92,0.0,0.01,2.12,0.03,Nov,2,1,1,2,Returning_Visitor,False,False
3,19.06,4,2.14,14,361.5,0.01,0.01,0.0,0.0,Mar,2,1,1,3,Returning_Visitor,False,False
6,72.91,0,9.37,61,1242.83,0.0,0.02,21.02,0.0,Nov,1,1,1,2,Returning_Visitor,False,False
0,0.0,0,0.93,39,863.79,0.05,0.09,0.43,0.03,Dec,2,2,1,3,Returning_Visitor,False,False
0,0.0,0,4.15,7,860.72,0.06,0.05,2.3,0.03,May,2,2,1,13,Returning_Visitor,False,False
2,8.0,0,101.0,51,205.98,0.03,0.02,0.91,0.0,Mar,2,4,3,2,Returning_Visitor,False,False
1,41.18,0,1.4,20,498.33,0.0,0.02,61.12,0.03,Mar,2,2,1,2,Returning_Visitor,False,True
0,0.0,0,2.71,15,1302.69,0.01,0.06,0.0,0.0,May,2,2,1,2,Returning_Visitor,False,False
0,34.69,0,0.0,63,1220.17,0.0,0.02,0.29,0.03,Dec,3,3,1,3,Returning_Visitor,False,False
0,17.01,0,0.0,67,3247.43,0.0,0.01,0.27,0.03,Nov,2,4,1,2,Returning_Visitor,False,False
3,0.0,0,0.0,66,1228.5,0.02,0.06,0.0,0.0,Aug,3,2,1,2,Returning_Visitor,False,False
8,34.3,0,0.0,74,1111.4,0.0,0.0,4.59,0.03,Nov,2,8,3,3,New_Visitor,False,False
2,32.68,0,1.15,9,1327.14,0.03,0.05,2.9,0.0,Mar,1,1,1,1,Returning_Visitor,False,False
0,0.0,0,0.81,6,24.0,0.01,0.17,2.95,0.8,May,2,2,7,3,Returning_Visitor,False,False
3,39.67,0,0.61,74,1151.42,0.0,0.02,4.62,0.03,Nov,4,2,3,3,Returning_Visitor,False,False
1,44.42,0,1.7,1,91.71,0.2,0.2,3.12,0.03,Mar,3,2,1,3,Returning_Visitor,True,False
0,4.73,0,0.0,22,95.59,0.03,0.03,0.0,0.03,May,2,2,1,13,Returning_Visitor,False,False
3,62.64,0,0.0,68,2891.74,0.01,0.02,0.66,0.03,Nov,3,2,1,2,Returning_Visitor,True,False
1,32.72,2,15.0,17,1265.55,0.01,0.02,0.0,0.03,Mar,2,2,1,2,Returning_Visitor,False,True
2,14.65,0,0.0,48,1353.44,0.04,0.07,0.0,0.0,Dec,3,2,9,2,Returning_Visitor,False,False
1,0.0,0,0.64,46,274.83,0.04,0.06,0.0,0.03,Mar,2,2,1,3,Returning_Visitor,False,False
0,0.0,0,0.0,4,730.74,0.0,0.05,2.02,0.03,Nov,2,2,1,3,Returning_Visitor,False,False
3,23.2,0,2.1,48,59.4,0.02,0.01,32.73,0.03,Mar,2,4,4,2,Returning_Visitor,False,False
10,319.85,0,0.0,57,3152.5,0.01,0.01,20.86,0.0,Nov,2,2,4,2,Returning_Visitor,False,True
0,4.71,0,1.41,13,0.0,0.2,0.2,1.54,0.0,May,2,2,1,3,Returning_Visitor,False,False
3,30.93,0,0.0,69,5793.52,0.01,0.01,0.51,0.03,Nov,2,2,1,2,New_Visitor,False,False
2,24.39,0,1.13,63,81.19,0.2,0.15,0.68,0.03,Mar,2,2,3,2,New_Visitor,False,False
0,22.05,0,0.95,3,114.11,0.01,0.03,0.0,0.6,Mar,2,2,1,1,Returning_Visitor,False,False
3,100.0,0,1.14,18,1001.0,0.0,0.01,0.77,0.03,May,2,2,1,3,Returning_Visitor,False,False
0,0.0,0,1.2,74,1275.04,0.01,0.01,41.13,0.03,Mar,2,2,1,2,Returning_Visitor,False,True
8,103.0,0,0.77,19,916.68,0.0,0.01,54.78,0.03,Nov,2,2,3,3,New_Visitor,False,True
2,64.02,2,7.07,25,596.08,0.0,0.01,13.72,0.03,Mar,2,2,3,2,Returning_Visitor,False,False
4,103.62,0,0.0,17,1212.66,0.0,0.03,1.46,0.03,Nov,2,2,3,2,Returning_Visitor,False,False
2,0.0,0,0.76,15,1134.66,0.0,0.02,0.0,0.03,May,2,2,1,2,Returning_Visitor,False,False
3,46.08,0,0.47,47,1480.03,0.01,0.03,6.24,0.03,May,2,2,1,2,Returning_Visitor,True,False
2,25.11,0,0.87,26,74.84,0.0,0.1,0.04,0.03,Mar,2,2,3,2,Returning_Visitor,False,False
0,0.0,0,0.0,60,1816.76,0.01,0.02,3.89,0.03,Mar,2,4,1,8,Returning_Visitor,False,False
0,14.99,0,1.53,86,416.17,0.04,0.06,0.0,0.03,Nov,1,1,1,1,Returning_Visitor,False,False
10,49.48,0,0.29,57,1253.35,0.0,0.01,25.53,0.0,Nov,2,2,1,3,Returning_Visitor,False,False
1,2.5,0,0.0,17,305.0,0.0,0.02,0.0,0.03,Mar,1,1,1,2,Returning_Visitor,False,False
4,60.17,0,0.0,46,139.25,0.01,0.03,0.0,0.03,Mar,2,2,1,2,Returning_Visitor,False,False
2,88.28,0,2.13,61,310.97,0.02,0.04,0.0,0.0,Oct,2,2,1,3,Returning_Visitor,False,False
2,120.98,1,134.0,37,1240.89,0.02,0.04,11.91,0.0,Dec,1,1,6,2,Returning_Visitor,False,False
6,18.54,1,2.94,54,879.75,0.0,0.02,22.21,0.0,Nov,2,2,1,1,Returning_Visitor,False,True
0,0.0,0,0.68,53,2310.0,0.05,0.06,2.13,0.03,Mar,2,2,1,3,Returning_Visitor,False,False
0,10.95,0,0.0,58,63.84,0.16,0.2,2.18,0.03,May,2,2,1,3,Returning_Visitor,False,False
2,8.64,0,0.0,2,148.23,0.0,0.05,0.0,0.0,Dec,1,1,2,2,Returning_Visitor,False,False
0,35.44,0,0.0,20,999.8,0.01,0.02,1.56,0.03,Sep,3,2,1,4,Returning_Visitor,False,False
0,48.95,2,25.54,20,328.42,0.01,0.02,1.1,0.03,Nov,2,2,1,3,Returning_Visitor,False,False
3,17.24,0,1.37,2,49.0,0.01,0.02,0.0,0.03,May,3,2,1,3,Returning_Visitor,False,False
5,194.48,2,20.01,101,1114.12,0.01,0.01,0.0,0.03,Mar,1,2,3,2,Returning_Visitor,False,False
0,19.01,0,0.0,51,1241.3,0.01,0.02,0.0,0.0,Mar,2,2,9,2,Returning_Visitor,False,False
4,39.67,0,1.67,14,770.5,0.0,0.0,0.0,0.0,Nov,2,2,7,3,Returning_Visitor,False,False
3,316.99,1,1.51,58,4994.85,0.03,0.04,0.0,0.03,Nov,2,2,9,1,Returning_Visitor,False,False
3,50.02,0,1.96,64,1179.68,0.01,0.03,1.28,0.03,Aug,2,2,1,1,Returning_Visitor,False,False
0,0.0,0,4.12,62,813.05,0.0,0.01,6.07,0.03,May,2,2,5,2,Returning_Visitor,False,False
0,0.0,1,1.63,52,1250.56,0.01,0.03,1.36,0.6,May,2,1,1,2,Returning_Visitor,False,False
2,31.25,0,0.75,3,428.5,0.0,0.01,0.0,0.03,Nov,1,2,3,8,Returning_Visitor,False,True
3,58.5,0,2.38,50,1099.38,0.0,0.03,0.0,0.03,Nov,2,2,7,3,Returning_Visitor,False,False
1,5.57,0,0.64,29,529.7,0.01,0.02,0.0,0.03,Mar,2,2,4,3,Returning_Visitor,False,False
9,145.77,8,16.14,139,6566.87,0.0,0.02,22.02,0.03,Nov,2,2,3,2,Returning_Visitor,False,False
1,2.37,0,0.0,58,1210.17,0.0,0.02,0.0,0.03,Nov,2,2,1,2,Returning_Visitor,True,False
3,0.0,0,0.0,15,1146.21,0.02,0.03,0.0,0.03,Nov,2,2,7,2,Returning_Visitor,False,False
1,0.0,0,0.0,65,1256.52,0.03,0.02,0.0,0.03,May,3,2,3,13,Returning_Visitor,False,False
2,25.26,0,0.0,66,1369.7,0.0,0.02,10.17,0.0,Nov,2,5,3,2,Returning_Visitor,False,False
6,257.5,0,0.89,62,2533.33,0.01,0.01,6.65,0.03,Nov,2,1,3,2,Returning_Visitor,False,True
3,39.35,0,1.75,64,60.6,0.0,0.03,4.55,0.0,Oct,2,2,6,6,Returning_Visitor,False,False
3,16.71,0,2.74,21,521.5,0.01,0.03,0.64,0.03,Mar,3,2,5,3,Returning_Visitor,True,False
2,0.0,0,0.0,37,1394.67,0.0,0.03,0.0,0.03,Mar,2,4,2,2,Returning_Visitor,False,False
0,0.0,0,0.74,3,738.0,0.0,0.02,2.48,0.03,Feb,2,4,3,3,Returning_Visitor,False,False
3,88.24,0,0.0,25,1149.45,0.01,0.04,1.8,0.03,Mar,2,2,1,1,Returning_Visitor,True,False
10,360.46,0,1.44,57,1837.01,0.0,0.01,16.6,0.03,Nov,2,2,1,1,Returning_Visitor,False,False
0,0.0,0,135.0,49,1238.18,0.02,0.04,2.01,0.03,Oct,2,2,6,2,Returning_Visitor,False,False
3,57.24,0,0.0,64,1840.37,0.01,0.02,46.78,0.03,Mar,2,1,2,2,Returning_Visitor,False,True
0,0.0,0,0.0,52,1203.59,0.0,0.02,1.24,0.03,Nov,3,2,2,3,Returning_Visitor,False,False
3,87.5,2,23.43,64,1471.77,0.01,0.02,0.0,0.0,Mar,2,2,1,2,Returning_Visitor,False,False
0,0.0,0,6.31,7,64.77,0.2,0.13,0.15,0.0,May,1,1,1,3,Returning_Visitor,False,False
0,20.44,0,1.88,56,118.0,0.01,0.02,0.0,0.03,May,1,1,8,3,Returning_Visitor,False,False
1,15.17,0,1.67,60,1380.83,0.01,0.02,4.39,0.03,May,2,6,4,2,Returning_Visitor,False,False
4,68.11,6,1022.25,104,1122.91,0.0,0.02,4.64,0.03,Nov,2,1,1,2,Returning_Visitor,False,True
1,23.96,0,0.0,15,1100.45,0.01,0.01,13.99,0.0,Nov,2,2,1,2,Returning_Visitor,False,True
12,504.25,3,1.0,243,1102.01,0.01,0.02,4.17,0.0,Jul,2,2,1,3,Returning_Visitor,False,True
7,27.1,0,0.0,22,250.04,0.0,0.02,3.15,0.03,Mar,2,2,1,2,Returning_Visitor,False,False
3,38.01,0,1.92,7,1246.37,0.05,0.07,0.33,0.15,May,3,2,1,3,Returning_Visitor,True,False
0,27.32,2,17.2,56,3596.61,0.01,0.02,1.08,0.0,Jul,2,2,1,3,Returning_Visitor,False,True
10,83.68,0,0.0,74,1303.69,0.0,0.04,15.03,0.03,Mar,2,2,1,2,Returning_Visitor,False,False
1,19.0,0,0.92,4,75.6,0.0,0.01,0.0,0.03,Mar,2,2,7,3,Returning_Visitor,False,False
3,53.54,0,0.0,31,917.87,0.0,0.01,4.44,0.0,May,2,2,9,3,Returning_Visitor,False,False
3,474.67,1,30.5,66,1172.36,0.0,0.03,2.35,0.03,Dec,2,6,1,2,Returning_Visitor,False,False
3,39.39,0,0.0,55,1001.68,0.0,0.03,23.07,0.03,Mar,2,4,8,2,Returning_Visitor,False,False
3,65.17,2,16.0,50,599.33,0.01,0.03,4.54,0.0,Nov,1,1,1,3,Returning_Visitor,True,True
3,34.21,0,0.0,20,401.5,0.0,0.03,1.03,0.03,Nov,2,2,1,3,Returning_Visitor,True,False
0,9.61,0,0.0,19,141.83,0.08,0.04,1.63,0.03,Mar,2,2,1,1,Returning_Visitor,False,False
1,0.0,0,1.48,63,1307.58,0.07,0.02,0.0,0.03,June,2,2,2,4,Returning_Visitor,False,False
5,25.35,0,2.08,55,3246.98,0.0,0.0,0.0,0.03,Nov,2,2,3,2,New_Visitor,False,False
3,21.33,0,235.0,71,1013.41,0.01,0.03,0.0,0.0,Mar,2,2,2,1,Returning_Visitor,True,False
1,0.0,0,1.13,67,48.4,0.01,0.07,10.76,0.0,Mar,2,2,1,1,Returning_Visitor,False,True
3,339.0,0,1.25,5,376.0,0.01,0.02,0.0,0.0,Dec,2,2,9,2,Returning_Visitor,False,False
4,29.18,0,2.0,30,1206.55,0.01,0.03,31.99,0.0,May,2,2,1,4,Returning_Visitor,False,True
0,0.0,0,0.0,32,0.0,0.15,0.13,0.0,0.0,Nov,2,1,4,1,Returning_Visitor,False,False
0,0.0,0,0.64,25,1274.15,0.01,0.01,0.0,0.0,May,2,2,4,1,Returning_Visitor,False,False
3,146.0,0,0.0,8,1109.3,0.01,0.02,0.65,0.03,Mar,2,2,1,3,Returning_Visitor,False,False
1,10.14,0,0.0,17,1306.8,0.01,0.03,0.6,0.03,May,2,2,1,3,Returning_Visitor,False,False
2,24.17,0,0.0,62,1189.26,0.01,0.03,0.78,0.0,Nov,2,2,1,2,Returning_Visitor,False,True
2,15.12,0,0.0,62,5093.3,0.0,0.02,0.13,0.03,Nov,2,2,1,2,Returning_Visitor,False,False
3,30.25,0,1.34,1,0.0,0.02,0.09,1.71,0.03,Dec,1,1,1,2,Returning_Visitor,False,False
0,16.54,0,0.0,14,945.01,0.01,0.02,0.0,0.03,Mar,2,2,3,3,Returning_Visitor,False,False
8,41.84,3,1.89,49,1020.89,0.02,0.03,0.35,0.0,June,2,2,3,2,Returning_Visitor,False,False
2,22.5,0,0.0,82,1112.81,0.0,0.0,2.37,0.0,Nov,2,2,3,1,Returning_Visitor,False,False
3,30.18,0,33.73,49,1229.72,0.0,0.03,0.0,0.03,May,2,2,1,2,Returning_Visitor,True,False
3,200.19,2,70.88,28,1244.87,0.01,0.04,0.0,0.0,Dec,1,1,2,3,Returning_Visitor,False,False
2,34.5,1,1.04,34,1377.53,0.01,0.02,0.39,0.0,Mar,2,2,1,3,Returning_Visitor,False,False
7,89.9,3,3.63,59,964.38,0.01,0.01,98.04,0.03,Nov,2,2,1,2,Returning_Visitor,False,False
3,68.33,0,0.0,65,1370.04,0.0,0.02,0.0,0.0,Nov,3,1,1,2,Returning_Visitor,True,False
1,25.42,0,1.29,57,1002.49,0.02,0.04,0.18,0.0,Mar,2,2,1,3,Returning_Visitor,False,False
0,22.26,0,0.98,14,116.83,0.04,0.09,4.31,0.03,May,2,2,1,3,Returning_Visitor,False,False
2,0.0,0,1.14,43,1220.83,0.2,0.11,0.85,0.0,Nov,1,2,1,1,Returning_Visitor,False,False
2,0.0,0,0.0,5,427.0,0.01,0.04,0.0,0.03,Mar,2,3,3,2,Returning_Visitor,False,False
1,28.69,0,0.46,59,2006.83,0.01,0.01,12.12,0.0,Nov,2,3,1,3,Returning_Visitor,False,False
3,28.24,0,0.64,60,1905.65,0.01,0.01,15.8,0.03,May,2,2,1,4,Returning_Visitor,False,False
0,0.0,0,1.13,77,142.75,0.01,0.04,2.83,0.03,Nov,2,1,1,3,Returning_Visitor,False,False
1,3.8,0,1.42,61,1240.98,0.01,0.01,2.44,0.0,May,2,2,1,2,Returning_Visitor,False,False
1,0.0,0,1.48,62,503.63,0.01,0.03,1.78,0.03,Mar,2,2,9,2,Returning_Visitor,False,False
3,76.6,0,1.16,28,488.91,0.01,0.01,21.61,0.03,Nov,2,2,1,2,Returning_Visitor,False,True
1,9.57,0,0.0,68,1320.83,0.1,0.02,0.0,0.03,Nov,3,2,1,4,Returning_Visitor,False,False
0,19.18,0,0.0,6,66.9,0.01,0.02,0.0,0.03,Nov,3,2,1,3,Returning_Visitor,False,False
2,0.0,0,0.3,7,1380.94,0.03,0.09,0.0,0.0,Nov,2,2,1,3,Returning_Visitor,False,False
3,77.1,0,0.42,86,41.7,0.01,0.03,0.0,0.03,Nov,2,2,1,6,Returning_Visitor,True,False
3,34.45,0,1.53,1,1252.21,0.1,0.2,7.3,0.03,Mar,2,2,2,5,New_Visitor,True,False
2,0.0,0,0.0,30,1170.42,0.01,0.06,0.0,0.03,Nov,2,6,1,2,Returning_Visitor,False,False
0,12.05,0,0.0,104,1367.32,0.01,0.06,0.0,0.03,Mar,2,2,3,2,Returning_Visitor,False,False
11,65.7,0,3.51,53,923.68,0.01,0.01,11.41,0.03,Mar,2,1,7,2,Returning_Visitor,False,False
3,36.72,0,0.0,72,63.89,0.0,0.07,3.69,0.03,May,2,2,1,4,Returning_Visitor,False,False
0,0.0,0,0.0,91,64.83,0.0,0.07,0.0,0.0,Nov,2,2,1,3,Returning_Visitor,False,False
1,43.35,0,0.0,61,705.12,0.0,0.02,6.65,0.0,Nov,2,1,1,2,Returning_Visitor,True,False
10,498.98,6,433.1,41,918.1,0.01,0.01,129.1,0.03,Mar,2,2,2,1,Returning_Visitor,False,False
4,134.9,0,1.06,73,10046.81,0.01,0.02,0.0,0.03,Nov,2,2,1,2,Returning_Visitor,False,True
3,49.4,0,0.0,11,285.6,0.0,0.03,8.94,0.03,Nov,2,2,7,2,Returning_Visitor,False,False
3,75.0,0,0.94,66,2058.3,0.01,0.01,51.22,0.0,Nov,1,1,1,2,Returning_Visitor,False,True
3,43.36,0,0.91,61,755.0,0.0,0.02,5.29,0.0,Nov,2,5,7,2,Returning_Visitor,False,False
2,21.03,0,0.0,2,65.04,0.01,0.1,0.8,0.0,Nov,2,2,2,2,Returning_Visitor,False,False
1,25.65,0,0.85,13,195.0,0.0,0.02,1.0,0.03,May,2,2,1,2,Returning_Visitor,False,False
9,367.0,0,1.28,68,1037.29,0.0,0.01,2.92,0.03,May,2,2,1,2,Returning_Visitor,True,True
3,79.66,0,0.0,71,1287.86,0.02,0.04,0.0,0.03,Nov,2,2,1,1,Returning_Visitor,False,False
0,0.0,0,2.31,3,39.5,0.0,0.02,0.21,0.03,Mar,1,1,9,2,Returning_Visitor,False,False
0,0.0,0,0.0,37,1163.09,0.0,0.02,0.0,0.0,Mar,2,2,1,8,Returning_Visitor,False,False
3,260.25,0,13.96,50,1694.33,0.02,0.04,15.11,0.0,Mar,2,2,1,3,Returning_Visitor,False,False
0,0.0,0,0.0,57,50.0,0.03,0.02,0.0,0.0,Mar,2,5,1,3,Returning_Visitor,False,False
1,17.96,0,0.0,14,464.03,0.01,0.03,0.0,0.03,Mar,2,2,1,3,Returning_Visitor,False,False
1,0.0,0,0.32,30,1661.83,0.05,0.07,4.57,0.0,Nov,2,2,1,2,Returning_Visitor,False,False
3,14.16,0,1.38,57,495.0,0.01,0.02,0.0,0.8,May,2,2,1,2,Returning_Visitor,False,False
0,0.0,0,0.29,64,353.71,0.0,0.03,0.0,0.03,Mar,2,2,3,3,Returning_Visitor,False,False
3,93.74,0,1.4,73,1307.93,0.01,0.03,1.79,0.0,Nov,1,1,4,2,Returning_Visitor,False,False
2,25.04,0,0.0,12,748.96,0.01,0.02,0.0,0.03,Dec,2,2,1,3,Returning_Visitor,False,False
0,0.0,0,0.35,11,1382.56,0.05,0.03,0.0,0.03,Dec,2,2,1,2,Returning_Visitor,False,False
1,341.6,0,0.0,3,1278.78,0.0,0.02,7.04,0.03,May,3,2,1,2,New_Visitor,False,False
0,10.62,0,0.53,15,175.92,0.01,0.03,2.23,0.0,Mar,2,2,1,3,Returning_Visitor,True,False
1,0.0,0,1.46,48,0.0,0.07,0.07,1.12,0.03,Nov,2,2,1,4,Returning_Visitor,False,False
0,16.25,0,1.36,20,0.0,0.18,0.13,0.14,0.03,May,2,2,1,3,Returning_Visitor,False,False
0,22.38,0,0.0,71,1195.42,0.01,0.03,0.0,0.47,May,1,1,1,1,Returning_Visitor,False,False
2,44.31,0,7.0,65,1270.43,0.03,0.02,4.84,0.0,Nov,2,2,1,1,Returning_Visitor,False,False
3,97.23,1,78.92,56,2892.8,0.0,0.01,48.45,0.0,Nov,3,2,5,2,Returning_Visitor,False,True
1,31.9,0,0.0,84,348.32,0.1,0.06,0.77,0.03,Nov,1,1,1,1,Returning_Visitor,False,False
0,0.0,0,1.8,35,0.0,0.2,0.2,0.59,0.03,Nov,3,2,1,2,Returning_Visitor,False,False
2,345.02,0,0.0,41,1187.28,0.01,0.02,86.31,0.0,Aug,2,2,3,2,Returning_Visitor,False,False
8,23.38,0,1.05,60,1675.53,0.0,0.02,7.12,0.03,Nov,3,2,3,11,Returning_Visitor,False,False
3,38.53,0,1.23,7,166.5,0.0,0.02,1.75,0.03,Nov,2,2,1,3,New_Visitor,False,False
0,19.13,0,0.0,87,147.47,0.05,0.03,1.07,0.0,Mar,2,2,1,3,Returning_Visitor,False,False
1,1.6,0,0.0,57,1233.87,0.01,0.02,1.53,0.03,Nov,2,2,1,2,Returning_Visitor,False,False
2,23.03,0,1.41,66,631.0,0.01,0.03,4.03,0.03,Nov,2,2,1,1,Returning_Visitor,False,False
3,46.54,0,1.59,71,1142.08,0.02,0.02,5.86,0.13,Nov,2,2,1,2,Returning_Visitor,False,True
0,3.4,0,1.38,33,1207.19,0.01,0.01,0.0,0.2,May,2,2,5,4,Returning_Visitor,False,False
1,0.0,0,2.17,16,984.86,0.05,0.13,0.67,0.0,May,2,2,1,3,Returning_Visitor,False,False
2,55.65,0,1.28,18,1318.72,0.0,0.01,0.0,0.03,Dec,3,2,1,2,New_Visitor,False,False
0,28.11,0,0.0,57,353.79,0.0,0.02,36.33,0.03,June,2,1,1,3,Returning_Visitor,False,True
3,38.04,0,1.59,8,886.57,0.0,0.03,0.0,0.0,Nov,2,1,4,2,Returning_Visitor,False,False
3,44.05,0,1.21,25,1017.97,0.01,0.02,0.18,0.0,Aug,3,2,4,2,Returning_Visitor,False,False
2,29.5,0,1.31,59,2946.6,0.01,0.01,4.67,0.03,May,2,1,6,2,Returning_Visitor,True,True
2,63.79,1,4.2,59,1302.25,0.02,0.04,12.01,0.03,Mar,2,2,1,2,Returning_Visitor,False,False
0,75.67,0,21.0,46,0.0,0.01,0.03,0.0,0.03,Mar,2,1,1,2,Returning_Visitor,False,False
0,31.1,0,1.52,3,60.0,0.0,0.02,1.92,0.0,Mar,2,2,7,2,Returning_Visitor,False,False
3,34.79,0,2.29,4,13.0,0.03,0.03,1.51,0.03,May,2,2,1,2,New_Visitor,False,False
4,41.26,0,1.35,41,1888.2,0.01,0.03,4.53,0.0,May,2,2,1,2,Returning_Visitor,False,False
3,16.6,0,1.29,3,125.0,0.01,0.03,0.82,0.8,May,2,2,1,3,Returning_Visitor,False,False
3,19.63,2,3.7,30,1248.49,0.0,0.01,15.08,0.0,Nov,2,2,1,2,Returning_Visitor,False,True
3,22.62,0,1.2,28,808.42,0.07,0.03,0.0,0.03,May,3,2,1,13,Returning_Visitor,False,False
0,14.18,0,0.0,78,1147.24,0.03,0.02,2.07,0.03,Mar,2,2,3,3,Returning_Visitor,False,False
1,26.38,0,1.99,61,129.58,0.03,0.09,0.0,0.03,June,3,2,1,3,Returning_Visitor,True,False
1,19.31,0,1.72,7,136.0,0.01,0.01,0.0,0.03,May,2,10,3,3,Returning_Visitor,False,False
1,0.0,0,0.0,42,1164.85,0.01,0.06,2.57,0.0,May,2,2,1,2,Returning_Visitor,False,False
8,2086.75,1,20.02,66,1230.49,0.01,0.03,4.77,0.03,Nov,2,2,4,2,Returning_Visitor,False,True
0,57.94,0,1.05,29,1229.79,0.0,0.01,2.83,0.03,Nov,2,2,1,2,New_Visitor,False,False
0,2.83,0,1.34,55,2154.93,0.01,0.02,0.0,0.03,Nov,2,2,1,2,Returning_Visitor,False,False
3,175.87,0,2.0,46,1201.41,0.01,0.03,0.0,0.6,May,1,1,3,2,Returning_Visitor,False,False
10,79.0,1,155.5,58,1743.07,0.01,0.03,0.0,0.03,Mar,2,2,6,2,Returning_Visitor,False,False
3,80.66,0,1.28,57,62.0,0.0,0.02,0.0,0.03,Mar,3,2,1,1,Returning_Visitor,False,False
12,314.18,3,61.5,69,1197.38,0.01,0.03,0.0,0.03,Mar,3,2,1,2,Returning_Visitor,False,False
3,37.16,0,0.0,30,1668.12,0.01,0.02,2.28,0.03,Dec,1,1,8,2,Returning_Visitor,False,False
3,20.88,0,0.99,42,281.75,0.01,0.03,0.0,0.0,Dec,1,2,3,2,Returning_Visitor,False,False
0,0.0,0,0.9,30,576.3,0.05,0.03,0.0,0.0,Nov,2,2,1,3,Returning_Visitor,True,False
7,20.56,1,0.0,17,1195.5,0.01,0.03,0.0,0.03,Mar,2,2,1,2,Returning_Visitor,False,False
3,57.34,0,1.86,25,1247.62,0.0,0.03,2.79,0.0,Mar,2,2,9,4,Returning_Visitor,False,True
0,2.79,0,0.79,20,668.92,0.01,0.03,3.16,0.03,May,2,2,1,3,Returning_Visitor,False,False
3,104.9,0,2.73,46,1898.92,0.0,0.01,0.0,0.0,Mar,3,2,1,2,Returning_Visitor,True,False
9,258.21,1,5.2,55,1287.06,0.0,0.02,2.8,0.03,Dec,1,2,2,3,Returning_Visitor,False,False
2,0.0,0,0.0,9,276.06,0.05,0.02,0.45,0.0,Nov,3,2,1,13,Returning_Visitor,True,False
1,0.0,0,0.0,18,224.5,0.01,0.06,0.12,0.0,May,3,2,1,2,Returning_Visitor,True,False
1,45.11,0,1.22,38,1182.38,0.01,0.03,0.87,0.03,Nov,3,2,1,11,Returning_Visitor,True,False
4,182.08,0,0.0,47,1220.75,0.0,0.01,1.29,0.03,Nov,2,2,1,3,Returning_Visitor,False,False
0,7.76,0,1.49,17,539.15,0.01,0.0,8.44,0.03,Nov,2,2,3,3,Returning_Visitor,False,False
0,0.0,0,0.0,50,144.38,0.06,0.02,0.85,0.03,Nov,2,2,1,3,Returning_Visitor,False,False
3,311.03,0,8.28,64,671.64,0.0,0.02,0.48,0.03,Dec,1,1,1,1,Returning_Visitor,False,False
1,0.0,0,0.0,52,1302.02,0.0,0.05,1.93,0.03,Mar,2,2,8,3,Returning_Visitor,False,False
4,42.52,0,0.0,61,1317.31,0.0,0.01,0.0,0.0,Dec,2,2,1,3,New_Visitor,False,False
0,0.0,0,0.0,6,1210.2,0.0,0.05,0.0,0.0,May,2,4,3,2,Returning_Visitor,False,False
1,11.76,0,1.06,3,114.93,0.03,0.04,0.0,0.0,Nov,2,2,1,3,Returning_Visitor,False,False
2,242.8,0,1.53,7,1182.98,0.01,0.02,2.81,0.03,Dec,2,2,1,2,Returning_Visitor,True,False
3,23.33,0,0.0,58,1424.96,0.06,0.01,0.21,0.03,Mar,3,2,2,13,Returning_Visitor,False,False
2,15.43,0,1.28,54,647.67,0.01,0.02,0.11,0.03,May,2,2,4,2,Returning_Visitor,False,False
1,43.5,2,8.38,93,3773.72,0.01,0.02,1.44,0.0,Nov,2,2,1,2,Returning_Visitor,False,True
2,17.64,0,0.84,64,1297.31,0.02,0.04,0.06,0.03,Nov,2,2,3,2,Returning_Visitor,False,False
2,16.82,0,1.22,66,967.24,0.01,0.04,1.04,1.0,May,3,2,1,4,Returning_Visitor,False,False
2,8.6,0,1.79,55,1229.92,0.01,0.02,2.94,0.03,May,2,2,4,2,Returning_Visitor,False,False
3,199.12,0,1.33,19,430.61,0.0,0.01,0.83,0.03,May,3,2,1,3,Returning_Visitor,False,False
1,9.29,0,1.24,60,1883.87,0.03,0.04,0.0,0.0,Mar,2,2,1,3,Returning_Visitor,False,False
0,32.07,0,1.83,62,1240.82,0.01,0.02,1.11,0.03,Mar,2,4,1,2,Returning_Visitor,False,False
0,25.14,0,0.0,11,1243.9,0.0,0.02,0.75,0.03,Nov,3,2,6,3,Returning_Visitor,False,False
7,84.67,1,2.03,98,1558.83,0.01,0.03,1.68,0.03,Nov,2,2,1,2,Returning_Visitor,False,False
7,257.56,2,70.25,80,1189.9,0.0,0.03,0.53,0.03,Mar,3,2,6,3,Returning_Visitor,False,False
0,0.0,0,0.0,5,514.18,0.05,0.09,0.0,0.03,May,2,2,3,3,Returning_Visitor,False,False
0,0.0,0,0.0,1,64.36,0.2,0.08,0.61,0.03,Mar,1,1,1,3,Returning_Visitor,False,False
0,16.4,0,0.0,4,151.5,0.0,0.05,0.1,0.03,Mar,3,2,1,1,Returning_Visitor,False,False
3,16.45,0,0.0,50,1203.72,0.03,0.02,1.6,0.0,Mar,2,2,1,4,Returning_Visitor,False,False
0,0.0,0,1.58,3,63.48,0.01,0.2,0.0,0.74,May,1,1,7,2,Returning_Visitor,False,False
0,0.0,0,0.61,29,468.17,0.0,0.01,1.41,0.03,May,2,2,1,2,Returning_Visitor,True,False
6,23.93,0,0.0,72,154.0,0.0,0.03,1.74,0.03,Mar,1,2,1,1,Returning_Visitor,False,False
1,0.0,0,1.16,12,1272.25,0.04,0.02,0.64,0.03,Nov,3,2,1,3,Returning_Visitor,True,False
0,31.45,1,3.93,62,1918.97,0.01,0.03,2.36,0.03,Aug,2,4,1,4,Returning_Visitor,False,False
0,0.0,0,1.67,2,58.4,0.0,0.1,2.89,0.0,Oct,2,4,1,2,Returning_Visitor,False,False
3,9.75,0,2.07,40,1194.48,0.0,0.03,0.91,0.03,Nov,2,2,1,3,Returning_Visitor,False,False
1,6.15,0,1.03,58,1178.64,0.0,0.02,0.57,0.04,May,2,2,1,1,Returning_Visitor,False,False
1,23.47,0,0.0,41,1170.35,0.04,0.09,0.31,0.0,Dec,2,2,3,1,Returning_Visitor,False,False
3,0.0,2,1494.5,109,3339.08,0.01,0.04,2.03,0.03,Nov,2,2,1,3,Returning_Visitor,True,False
3,81.5,0,36.87,18,2199.97,0.01,0.03,2.63,0.0,May,1,1,1,2,Returning_Visitor,True,False
1,26.2,2,13.0,61,1206.52,0.0,0.02,13.4,0.03,May,2,2,1,4,Returning_Visitor,False,False
1,23.0,1,53.93,78,2448.54,0.01,0.03,0.0,0.03,Dec,2,2,1,3,Returning_Visitor,False,False
3,61.54,0,0.59,65,970.99,0.0,0.02,2.26,0.0,Mar,2,2,4,2,New_Visitor,False,False
3,24.67,0,0.07,61,506.72,0.01,0.01,12.42,0.03,Nov,2,2,1,2,Returning_Visitor,False,False
2,56.33,0,0.0,60,1227.38,0.01,0.12,1.55,0.2,Mar,2,2,3,2,Returning_Visitor,False,False
2,0.0,0,0.82,10,1216.03,0.0,0.02,43.94,0.03,May,2,2,1,2,Returning_Visitor,False,True
0,22.8,0,0.0,8,340.7,0.0,0.01,2.7,0.03,Mar,2,2,1,1,Returning_Visitor,False,False
3,131.0,0,0.71,64,886.95,0.02,0.03,0.61,0.0,May,1,1,4,3,New_Visitor,True,False
0,0.0,0,2.03,55,1261.89,0.01,0.04,4.28,0.03,Feb,2,2,1,3,Returning_Visitor,False,False
2,28.49,0,0.0,54,1238.8,0.01,0.01,0.0,0.03,Jul,2,2,1,3,Returning_Visitor,False,False
1,0.0,0,1.95,27,436.0,0.01,0.03,68.2,0.0,Mar,1,2,2,2,New_Visitor,False,True
3,64.25,1,35.32,28,1252.19,0.01,0.0,1.53,0.0,Nov,2,2,1,3,New_Visitor,False,False
5,136.1,0,2.64,60,1352.06,0.0,0.01,15.66,0.0,Dec,2,2,6,2,Returning_Visitor,False,True
0,0.0,0,0.0,15,1253.0,0.01,0.02,0.0,0.0,Mar,2,2,1,10,Returning_Visitor,False,False
3,63.08,2,58.5,94,2807.15,0.01,0.03,3.38,0.0,Mar,2,2,7,2,New_Visitor,False,False
4,124.6,0,1.2,58,1216.07,0.01,0.02,0.0,0.03,Mar,3,3,1,1,New_Visitor,False,False
2,361.6,4,45.88,12,1198.29,0.06,0.02,0.0,0.03,Aug,2,2,1,3,Returning_Visitor,False,False
3,23.0,0,0.27,18,1194.86,0.01,0.01,0.0,0.03,Dec,2,2,1,2,Returning_Visitor,False,False
6,311.97,0,2.76,71,4212.14,0.01,0.01,0.55,0.03,Nov,1,2,1,2,Returning_Visitor,False,True
3,0.0,0,0.0,10,328.5,0.01,0.03,0.3,0.0,Nov,2,2,1,6,Returning_Visitor,False,False
0,0.0,0,0.91,46,1158.17,0.02,0.08,0.08,0.12,May,2,2,1,3,Returning_Visitor,True,False
2,147.75,0,1.27,68,1232.45,0.01,0.02,2.1,0.03,Mar,3,2,1,3,Returning_Visitor,False,False
2,37.15,2,16.2,33,1119.79,0.01,0.02,0.65,0.03,Nov,3,2,1,5,Returning_Visitor,False,False
2,13.0,0,1.48,49,1173.68,0.01,0.03,0.0,0.0,May,1,2,1,1,Returning_Visitor,False,False
0,1.51,2,8.91,56,2163.13,0.0,0.01,1.41,0.0,Mar,2,2,8,4,Returning_Visitor,False,False
1,156.9,2,97.0,53,1224.91,0.0,0.02,14.27,0.04,May,1,2,3,4,Returning_Visitor,False,False
0,0.0,0,1.77,33,1148.6,0.01,0.02,0.0,0.03,Nov,2,2,3,1,Returning_Visitor,True,False
2,32.7,0,1.75,58,228.9,0.01,0.04,2.86,0.0,Nov,2,1,1,1,Returning_Visitor,False,False
1,26.2,0,1.39,69,245.17,0.01,0.0,1.22,0.03,Mar,2,2,3,3,New_Visitor,False,True
3,54.53,0,1.79,59,565.0,0.01,0.01,38.86,0.0,Nov,2,2,1,2,Returning_Visitor,False,False
0,13.83,0,0.0,90,0.0,0.02,0.2,1.07,0.0,Nov,2,2,1,11,Returning_Visitor,False,True
1,22.2,0,0.28,73,1257.9,0.0,0.02,1.88,0.0,Mar,2,2,1,2,Returning_Visitor,False,False
7,200.41,2,64.9,58,1711.66,0.01,0.02,2.75,0.03,Mar,2,2,4,2,Returning_Visitor,False,True
2,18.88,0,0.0,41,1236.3,0.05,0.1,0.18,0.0,Nov,1,1,1,2,Returning_Visitor,False,False
3,21.5,2,323.0,14,1349.03,0.01,0.0,2.35,0.03,May,2,2,1,2,New_Visitor,False,False
1,10.72,0,0.0,6,328.05,0.0,0.03,0.41,0.0,Nov,2,2,1,3,Returning_Visitor,False,False
2,0.0,0,2.71,62,1539.68,0.03,0.08,1.3,0.03,May,3,2,6,13,Returning_Visitor,False,False
0,6.3,0,0.0,32,1449.65,0.01,0.01,7.29,0.03,May,2,2,1,2,Returning_Visitor,True,True
0,25.63,0,1.91,13,1173.17,0.0,0.02,0.0,0.0,Mar,1,1,1,3,Returning_Visitor,False,False
17,30.12,0,2.48,78,4716.57,0.01,0.02,0.0,0.03,Nov,3,2,1,2,Returning_Visitor,True,False
2,32.86,0,0.0,14,622.0,0.01,0.01,0.0,0.03,Mar,2,2,2,3,Returning_Visitor,False,False
0,0.0,0,1.26,54,1236.64,0.0,0.02,2.08,0.0,Dec,2,4,1,2,Returning_Visitor,False,False
7,196.0,2,2.04,66,1163.37,0.01,0.02,0.77,0.03,Mar,3,2,1,2,Returning_Visitor,False,False
12,13.56,0,0.0,13,894.25,0.02,0.02,0.0,0.0,Mar,2,2,1,5,New_Visitor,False,False
0,0.0,0,0.0,55,1236.15,0.0,0.01,0.94,0.0,Nov,2,2,1,2,Returning_Visitor,False,False
4,85.0,0,0.0,19,599.0,0.01,0.03,0.0,0.03,May,2,2,3,3,Returning_Visitor,False,False
3,104.65,1,2.08,66,1274.99,0.01,0.02,36.58,0.0,May,2,2,6,2,Returning_Visitor,False,False
2,15.54,0,0.95,17,257.0,0.01,0.01,0.0,0.03,May,2,2,1,2,Returning_Visitor,False,False
0,4.2,0,0.66,64,2018.76,0.02,0.03,0.69,0.03,Nov,3,2,1,2,Returning_Visitor,False,False
2,0.0,0,0.0,37,1116.27,0.01,0.02,0.0,0.03,Nov,2,2,3,2,Returning_Visitor,False,False
3,75.19,0,1.38,22,277.5,0.01,0.01,2.42,0.03,May,3,3,1,3,New_Visitor,False,False
3,106.83,1,96.0,67,373.46,0.0,0.02,1.51,0.03,Nov,2,2,1,2,Returning_Visitor,False,False
3,45.71,0,1.92,20,1129.0,0.0,0.02,1.6,0.0,Nov,2,2,1,3,Returning_Visitor,False,False
1,94.0,0,1.33,26,332.75,0.01,0.02,0.0,0.0,Mar,2,2,1,2,Returning_Visitor,False,False
3,24.02,0,0.0,26,532.0,0.03,0.04,2.08,0.0,Nov,2,2,1,1,Returning_Visitor,False,False
0,20.14,0,1.05,84,95.0,0.01,0.02,0.74,0.0,Nov,1,1,1,3,Returning_Visitor,False,False
11,361.48,0,68.0,51,625.09,0.01,0.02,11.44,0.03,Nov,2,2,2,3,Returning_Visitor,True,False
0,15.3,0,0.0,90,1155.37,0.0,0.04,0.0,0.03,Aug,2,4,3,2,Returning_Visitor,False,False
0,8.98,0,0.88,95,1216.46,0.01,0.02,2.17,0.03,Mar,2,2,3,3,Returning_Visitor,False,False
3,55.44,0,0.17,59,1328.77,0.0,0.01,33.43,0.03,Nov,2,2,3,3,Returning_Visitor,False,True
3,117.55,0,5.1,22,1273.19,0.02,0.02,0.0,0.03,Nov,3,2,1,8,Returning_Visitor,False,False
3,0.0,0,0.0,30,23.0,0.01,0.13,0.0,0.45,May,2,2,6,3,Returning_Visitor,False,False
0,34.59,0,0.0,3,0.0,0.2,0.2,2.02,0.0,Mar,3,2,4,3,Returning_Visitor,True,False
1,45.66,0,1.4,29,1141.56,0.0,0.02,1.29,0.0,May,2,1,1,1,Returning_Visitor,True,False
0,0.0,0,1.63,65,1170.7,0.02,0.03,0.0,0.6,Nov,2,2,1,2,Returning_Visitor,False,False
2,98.0,0,1.15,51,1302.26,0.0,0.01,5.46,0.03,Mar,2,2,1,2,Returning_Visitor,True,False
11,54.84,0,0.96,34,1008.61,0.01,0.02,10.73,0.0,Nov,2,1,1,2,Returning_Visitor,True,True
3,47.0,0,1.39,52,197.5,0.0,0.03,0.0,0.03,May,3,2,1,3,New_Visitor,False,False
2,41.38,0,1.68,80,1071.3,0.01,0.01,0.51,0.8,May,3,2,1,3,Returning_Visitor,False,False
3,19.77,0,0.73,61,753.64,0.0,0.01,48.89,0.03,Nov,2,2,1,2,Returning_Visitor,False,True
4,52.33,1,3.57,17,1230.29,0.0,0.01,0.0,0.03,Nov,2,2,1,2,Returning_Visitor,False,False
1,11.87,0,1.53,25,1060.14,0.01,0.02,0.0,0.0,Nov,1,1,1,10,Returning_Visitor,False,True
9,121.94,0,0.0,63,4518.3,0.01,0.04,7.73,0.03,Nov,2,2,2,1,Returning_Visitor,False,True
3,8.0,0,1.27,33,1211.55,0.01,0.02,1.7,0.03,Mar,2,2,1,13,Returning_Visitor,False,False
2,13.26,0,1.43,37,296.39,0.01,0.03,2.49,0.03,Dec,2,5,1,3,Returning_Visitor,False,False
2,35.08,0,0.0,16,1254.09,0.0,0.01,0.0,0.03,Aug,2,2,6,3,Returning_Visitor,False,False
2,64.03,0,0.0,28,898.5,0.01,0.01,0.0,0.0,Mar,2,2,1,3,Returning_Visitor,False,False
3,16.12,0,0.51,30,919.6,0.0,0.01,3.53,0.0,Jul,2,2,1,3,Returning_Visitor,False,False
3,17.2,0,1.77,58,0.0,0.0,0.05,1.4,0.03,May,2,2,1,2,New_Visitor,True,True
0,7.39,0,0.1,14,1237.23,0.01,0.01,0.56,0.0,Mar,2,4,1,3,Returning_Visitor,False,False
3,15.0,0,0.0,54,1140.65,0.01,0.02,1.5,0.6,May,2,10,1,3,Returning_Visitor,False,False
1,12.32,0,1.19,3,169.6,0.07,0.03,0.0,0.03,Mar,3,2,3,3,Returning_Visitor,True,False
2,60.5,0,4.65,26,1020.74,0.01,0.03,37.79,0.03,Nov,4,1,2,2,Returning_Visitor,True,False
2,34.09,0,0.0,2,1386.4,0.01,0.03,2.22,1.0,Feb,2,2,1,2,Returning_Visitor,True,False
2,9.22,2,112.0,56,4214.78,0.02,0.03,1.12,0.03,Nov,3,2,1,2,Returning_Visitor,False,False
0,22.65,0,0.0,57,1194.05,0.02,0.09,1.41,0.0,Dec,2,2,1,1,Returning_Visitor,False,False
3,35.1,0,0.0,138,4626.28,0.01,0.03,0.0,0.0,Nov,2,2,3,2,Returning_Visitor,False,False
2,1.89,0,0.0,5,75.6,0.0,0.0,0.0,0.0,Mar,2,2,3,3,Returning_Visitor,False,False
0,17.15,0,1.16,26,1204.58,0.01,0.03,0.0,0.03,Mar,2,2,1,1,Returning_Visitor,False,False
1,12.52,0,1.71,5,1156.82,0.06,0.05,0.81,0.03,Nov,3,2,1,3,Returning_Visitor,False,False
8,81.76,0,0.0,66,1158.78,0.01,0.03,0.61,0.03,Mar,2,2,1,2,Returning_Visitor,False,False
0,1.61,0,1.86,24,1398.33,0.0,0.0,2.3,0.03,May,2,2,1,4,New_Visitor,False,True
2,60.07,1,40.67,54,851.64,0.0,0.02,3.08,0.0,Mar,3,2,1,3,Returning_Visitor,False,True
3,0.0,0,1.14,59,1219.53,0.05,0.02,0.13,0.03,May,3,2,1,3,Returning_Visitor,False,False
6,153.5,0,1.54,62,1048.49,0.01,0.02,0.0,0.0,Mar,2,6,1,1,Returning_Visitor,False,False
3,4.14,0,1.49,16,1090.7,0.01,0.03,1.26,0.03,Nov,2,2,1,3,Returning_Visitor,False,False
3,30.67,0,1.06,61,259.0,0.03,0.01,6.59,0.03,May,2,2,8,2,Returning_Visitor,False,False
3,28.95,0,0.0,60,1229.06,0.02,0.01,0.58,0.0,May,1,2,1,5,Returning_Visitor,False,False
2,15.76,0,0.0,48,0.0,0.17,0.2,0.0,0.03,Mar,2,4,1,3,Returning_Visitor,False,False
4,40.27,0,1.57,18,1251.79,0.01,0.01,1.5,0.03,Mar,2,4,1,2,New_Visitor,False,False
3,17.44,0,2.01,36,1237.81,0.01,0.02,6.13,0.03,Dec,3,2,1,2,Returning_Visitor,True,True
3,93.34,1,20.47,37,1190.5,0.01,0.02,0.0,0.0,May,2,2,4,2,Returning_Visitor,False,False
3,19.3,0,1.1,47,1094.07,0.02,0.02,0.3,0.0,Nov,3,2,1,1,Returning_Visitor,True,False
2,109.0,0,1.48,63,3116.5,0.0,0.01,2.21,0.03,Dec,3,2,1,10,Returning_Visitor,False,True
6,184.32,0,0.0,18,163.22,0.02,0.02,0.0,0.03,Nov,1,2,1,2,Returning_Visitor,False,False
3,36.5,0,2.68,95,1176.03,0.0,0.04,0.0,0.03,Nov,2,1,1,2,Returning_Visitor,True,False
8,350.63,2,25.32,72,2288.7,0.0,0.01,8.25,0.03,Nov,2,2,4,2,Returning_Visitor,False,False
3,20.14,0,0.0,4,33.14,0.01,0.02,3.54,0.0,Dec,3,2,1,2,Returning_Visitor,False,False
3,264.0,0,1.42,14,769.9,0.02,0.02,0.75,0.0,Nov,2,10,1,1,Returning_Visitor,False,False
0,0.0,0,1.6,6,1264.73,0.01,0.01,0.0,0.03,May,2,2,1,2,New_Visitor,True,False
1,21.62,0,1.23,51,1200.24,0.04,0.02,0.9,0.03,Nov,2,2,7,2,Returning_Visitor,True,False
0,0.0,0,1.41,46,1204.84,0.01,0.03,0.0,0.03,Nov,2,2,1,11,Returning_Visitor,False,False
3,49.23,0,1.58,5,1180.11,0.2,0.2,0.06,0.03,Dec,1,1,1,1,Returning_Visitor,False,False
1,66.01,0,0.0,66,1305.86,0.01,0.02,41.35,0.03,Nov,2,2,1,2,Returning_Visitor,False,True
2,28.25,0,0.99,69,1168.91,0.04,0.04,0.0,0.03,Jul,2,4,1,1,Returning_Visitor,False,False
10,359.22,0,1307.0,131,5658.69,0.0,0.01,0.76,0.03,Nov,2,2,1,3,Returning_Visitor,False,False
3,39.11,0,8.93,88,935.14,0.01,0.03,0.27,0.0,Nov,1,2,3,2,Returning_Visitor,False,True
2,0.0,0,1.07,17,1253.77,0.0,0.02,2.92,0.0,Nov,2,5,1,3,Returning_Visitor,False,False
3,3.56,0,1.1,70,1787.48,0.0,0.02,0.0,0.03,Nov,2,2,1,3,Returning_Visitor,False,False
0,0.0,0,6.59,17,8.0,0.18,0.14,0.0,0.03,Nov,1,1,1,2,Returning_Visitor,False,False
2,38.21,0,0.0,54,144.0,0.03,0.05,0.0,0.03,Mar,3,2,7,1,Returning_Visitor,True,False
3,240.8,0,0.27,67,1163.41,0.02,0.01,12.05,0.03,Nov,3,2,2,2,Returning_Visitor,False,False
3,46.84,0,0.31,59,1261.17,0.01,0.01,6.89,0.03,Nov,2,2,1,2,Returning_Visitor,False,False
2,25.2,0,1.33,37,1210.71,0.0,0.02,0.09,0.0,Sep,2,2,1,1,Returning_Visitor,False,False
0,0.0,0,1.14,64,1192.96,0.0,0.01,0.09,0.0,May,2,1,1,4,Returning_Visitor,True,False
0,0.0,0,9.06,59,2863.4,0.01,0.01,0.0,0.03,Mar,2,2,1,2,Returning_Visitor,False,False
8,49.34,1,53.96,54,2050.4,0.0,0.01,17.08,0.03,Mar,3,2,1,3,Returning_Visitor,False,True
3,56.3,0,0.0,39,1236.89,0.01,0.0,3.9,0.03,Mar,1,2,3,3,Returning_Visitor,False,False
2,76.17,0,1.78,14,1289.75,0.03,0.03,2.7,0.0,May,1,1,1,2,Returning_Visitor,True,False
5,53.15,0,0.0,50,1222.15,0.0,0.01,42.98,0.0,Nov,2,2,3,2,Returning_Visitor,False,False
3,340.9,0,269.8,99,1181.88,0.01,0.02,6.16,0.03,June,2,2,1,7,Returning_Visitor,False,True
3,35.4,0,1.68,39,1199.19,0.01,0.01,0.0,0.4,May,2,2,1,3,Returning_Visitor,False,False
1,12.94,0,1.03,8,1260.35,0.01,0.01,0.0,0.03,May,3,2,4,3,Returning_Visitor,False,False
3,4.82,0,0.0,15,1376.42,0.01,0.0,0.0,0.03,May,2,2,2,2,Returning_Visitor,False,False
1,94.82,0,0.0,34,1150.26,0.01,0.0,0.61,0.03,Oct,2,2,1,2,Returning_Visitor,False,False
2,21.4,0,0.0,61,1190.82,0.01,0.01,60.79,0.0,Mar,1,2,1,2,Returning_Visitor,False,True
0,14.73,0,1.19,47,1606.45,0.01,0.01,18.52,0.0,Nov,2,1,1,2,New_Visitor,False,True
0,0.0,0,0.0,56,210.0,0.01,0.16,1.41,0.03,Nov,1,10,1,1,Returning_Visitor,False,False
2,25.13,1,12.0,59,5378.05,0.04,0.03,16.09,0.2,Nov,3,2,1,3,Returning_Visitor,False,True
0,0.0,1,1.5,51,1277.42,0.04,0.02,0.0,0.6,Oct,2,2,3,7,Returning_Visitor,False,False
3,6.77,0,0.99,21,1790.47,0.01,0.03,0.13,0.03,Nov,2,2,2,1,Returning_Visitor,True,False
2,43.0,0,0.0,38,1192.96,0.01,0.03,2.22,0.03,Nov,2,6,1,1,Returning_Visitor,False,False
1,14.18,0,0.0,21,1253.88,0.0,0.01,0.0,0.03,Mar,2,2,1,3,Returning_Visitor,False,False
0,15.39,0,0.0,34,81.53,0.2,0.14,0.0,0.03,Mar,2,2,1,1,Returning_Visitor,False,False
3,110.44,9,1.28,56,1192.57,0.01,0.02,19.57,0.0,Mar,2,2,2,13,Returning_Visitor,False,True
0,0.0,0,1.44,1,94.81,0.2,0.11,0.0,0.0,Mar,2,2,1,1,Returning_Visitor,False,False
1,56.7,0,0.0,10,1211.49,0.01,0.02,0.0,0.03,May,3,2,1,15,Returning_Visitor,False,False
0,24.34,0,1.39,15,1236.07,0.02,0.02,4.23,0.0,Dec,2,2,1,2,Returning_Visitor,False,False
0,28.93,0,1.21,63,1223.63,0.01,0.01,5.14,0.0,May,4,1,1,2,Returning_Visitor,False,True
0,11.01,0,0.0,6,0.0,0.06,0.14,0.0,0.03,Nov,3,2,1,3,Returning_Visitor,False,False
2,93.0,2,23.0,58,1103.65,0.01,0.03,2.43,0.0,Mar,2,2,1,11,Returning_Visitor,False,False
1,7.4,0,1.18,73,1228.27,0.0,0.03,0.21,0.03,May,2,2,1,3,Returning_Visitor,False,False
3,84.0,0,0.0,61,1059.0,0.01,0.03,1.34,0.03,Mar,2,2,1,3,Returning_Visitor,False,False
2,67.0,0,1.33,58,1212.26,0.0,0.02,0.74,0.03,May,2,2,3,3,Returning_Visitor,False,False
2,21.71,0,2.48,7,228.5,0.07,0.02,1.67,0.0,Mar,3,2,1,1,Returning_Visitor,False,False
7,115.73,0,0.0,43,1071.2,0.03,0.02,3.64,0.03,Mar,2,2,2,3,Returning_Visitor,False,False
1,59.43,0,0.0,49,1346.07,0.0,0.04,2.78,0.0,Oct,2,2,2,3,New_Visitor,False,True
7,13.42,5,430.33,68,1184.24,0.01,0.02,2.58,0.0,Mar,2,2,1,3,Returning_Visitor,False,False
0,30.93,0,0.0,6,1446.24,0.02,0.02,124.9,0.0,Mar,2,2,9,20,New_Visitor,False,True
2,97.22,0,1.19,4,1332.31,0.0,0.02,0.0,0.03,Mar,2,2,1,3,Returning_Visitor,True,False
2,40.63,0,0.0,67,310.25,0.01,0.01,0.0,0.0,Mar,3,2,3,3,New_Visitor,False,False
0,0.0,0,0.0,55,1209.46,0.05,0.06,1.78,0.0,May,3,2,1,2,Returning_Visitor,False,False
10,47.34,1,9.0,109,3731.14,0.01,0.02,12.72,0.03,May,2,2,4,4,Returning_Visitor,False,False
0,3.19,0,0.0,100,64.66,0.0,0.02,4.02,0.0,Dec,2,1,3,2,Returning_Visitor,False,False
3,57.59,0,0.0,25,1186.24,0.01,0.01,6.86,0.0,Nov,2,2,1,3,New_Visitor,False,False
0,9.61,0,1.63,7,766.35,0.05,0.1,0.0,0.03,Mar,2,2,1,3,Returning_Visitor,False,False
0,14.03,0,1.43,9,64.88,0.2,0.2,0.0,0.0,Nov,2,2,1,3,Returning_Visitor,False,False
2,22.79,0,0.0,53,1309.34,0.01,0.0,1.49,0.03,Mar,2,1,7,3,Returning_Visitor,False,False
6,35.95,0,1.7,33,202.25,0.03,0.02,0.73,0.0,Nov,3,2,1,1,Returning_Visitor,False,False
3,35.27,0,5.33,58,1278.23,0.01,0.01,5.79,0.03,Nov,2,2,3,2,Returning_Visitor,False,True
3,28.61,0,1.96,64,3134.07,0.0,0.03,11.21,0.03,Aug,2,2,1,1,Returning_Visitor,False,False
0,46.48,0,0.8,5,118.75,0.01,0.08,0.0,0.0,Dec,2,2,1,8,New_Visitor,False,False
3,68.42,0,1.19,46,1735.46,0.0,0.01,2.19,0.0,Mar,2,2,1,2,New_Visitor,False,False
5,145.5,0,0.0,96,1279.37,0.01,0.02,4.34,0.0,Mar,2,2,9,2,Returning_Visitor,False,False
0,13.95,0,1.46,5,283.19,0.03,0.08,0.71,0.03,Dec,1,1,1,3,Returning_Visitor,False,False
3,79.95,0,1.28,86,300.95,0.01,0.02,2.88,0.0,Nov,1,1,3,2,Returning_Visitor,False,False
0,19.0,0,1.57,1,0.0,0.18,0.06,0.34,0.03,May,1,1,4,3,Returning_Visitor,False,False
3,41.0,0,1.98,48,1161.64,0.01,0.02,12.24,0.03,May,1,1,1,2,Returning_Visitor,False,False
0,0.0,0,0.82,54,1218.6,0.01,0.02,1.11,0.03,Nov,2,2,1,2,Returning_Visitor,False,False
0,9.57,0,1.35,30,1131.21,0.01,0.01,8.03,0.03,Nov,3,2,1,2,Returning_Visitor,False,True
0,26.88,0,0.0,63,938.9,0.01,0.03,4.04,0.03,Mar,1,1,1,1,Returning_Visitor,False,False
2,279.0,0,69.5,41,1430.25,0.0,0.01,12.64,0.03,Dec,2,2,2,3,Returning_Visitor,False,True
2,0.0,0,1.0,3,58.0,0.01,0.04,0.29,0.03,Mar,2,2,8,3,Returning_Visitor,False,False
0,10.76,0,1.26,1,0.0,0.2,0.14,0.3,0.03,May,2,2,1,13,Returning_Visitor,False,False
0,13.32,0,0.0,54,457.4,0.02,0.03,0.0,0.03,May,2,2,1,1,Returning_Visitor,False,False
2,36.36,0,1.2,24,2874.08,0.03,0.03,4.1,0.0,Nov,2,2,3,6,Returning_Visitor,False,False
2,5.06,0,2.07,63,922.27,0.01,0.03,0.96,0.03,Mar,2,2,1,2,Returning_Visitor,False,False
0,9.0,0,0.0,8,1577.0,0.01,0.03,0.97,0.0,Mar,1,1,1,3,Returning_Visitor,False,False
10,37.88,6,0.92,58,958.87,0.02,0.02,6.7,0.0,Nov,3,2,1,3,Returning_Visitor,False,False
3,0.0,0,1.92,59,1284.25,0.05,0.03,0.0,0.03,May,3,2,1,1,Returning_Visitor,False,False
3,25.65,0,0.0,13,343.62,0.01,0.02,0.0,0.03,Mar,2,2,2,3,New_Visitor,False,False
2,55.31,0,0.0,20,1267.7,0.0,0.01,0.0,0.03,Mar,1,1,1,2,Returning_Visitor,True,False
2,0.0,0,0.0,49,1010.13,0.01,0.03,1.47,0.03,Mar,2,2,1,2,Returning_Visitor,False,True
1,0.0,0,0.0,32,1309.92,0.01,0.01,0.0,0.0,May,2,2,3,2,Returning_Visitor,False,False
2,202.13,0,1.19,61,721.18,0.0,0.02,0.0,0.03,Sep,1,1,1,2,Returning_Visitor,False,False
2,62.5,0,0.0,101,1049.68,0.01,0.02,16.94,0.03,May,2,2,1,13,Returning_Visitor,False,False
0,11.53,0,0.0,18,1146.62,0.01,0.02,2.67,0.0,Dec,2,2,1,2,Returning_Visitor,False,False
4,44.5,0,0.0,5,78.24,0.0,0.02,5.64,0.2,Mar,2,2,6,3,New_Visitor,False,False
3,0.0,0,0.0,56,1219.62,0.03,0.02,0.0,0.03,Oct,2,1,3,2,Returning_Visitor,False,False
0,3.06,0,0.99,14,1192.24,0.0,0.02,0.0,0.03,May,2,2,1,4,Returning_Visitor,True,False
8,100.49,2,20.51,54,3007.69,0.0,0.03,0.21,0.03,Dec,2,2,4,2,Returning_Visitor,False,False
1,0.0,0,1.47,67,1202.79,0.03,0.02,0.0,0.0,Mar,2,2,1,13,Returning_Visitor,False,False
3,54.87,0,1.19,27,105.0,0.01,0.02,4.64,0.0,Mar,2,2,1,2,New_Visitor,False,False
3,54.81,0,1.11,63,892.04,0.0,0.02,15.25,0.03,May,2,2,1,2,Returning_Visitor,False,False
0,7.54,0,0.0,48,1231.95,0.01,0.07,0.98,0.0,Dec,3,2,1,2,Returning_Visitor,True,False
1,0.0,1,6.01,28,1202.11,0.01,0.02,0.0,0.4,Nov,2,2,3,2,Returning_Visitor,False,False
0,39.8,0,0.0,59,5212.71,0.01,0.03,8.51,0.03,Mar,2,2,7,2,Returning_Visitor,True,True
0,21.72,0,0.11,10,158.75,0.0,0.02,4.59,0.03,May,2,2,1,2,Returning_Visitor,False,False
1,26.72,0,1.85,85,1561.2,0.03,0.02,1.65,0.03,Nov,3,2,1,2,Returning_Visitor,False,False
0,0.0,0,3.48,39,1779.89,0.01,0.03,0.76,0.03,Mar,1,1,1,3,Returning_Visitor,False,False
1,66.42,0,1.11,64,1216.2,0.01,0.02,23.23,0.03,May,2,2,9,2,Returning_Visitor,False,False
0,17.56,0,0.0,47,145.0,0.07,0.04,0.0,0.8,May,3,2,1,13,Returning_Visitor,False,False
0,13.95,0,1.97,16,1278.17,0.01,0.02,98.14,0.0,May,2,2,6,4,New_Visitor,False,True
3,58.57,0,1.09,16,180.17,0.01,0.02,0.0,0.0,Nov,1,2,1,2,Returning_Visitor,True,False
0,0.0,0,0.0,5,0.0,0.14,0.2,0.27,0.0,Mar,1,1,1,2,Returning_Visitor,False,False
2,42.49,0,0.0,1,139.36,0.01,0.06,2.74,0.0,Nov,2,2,1,2,Returning_Visitor,False,False
2,7.18,0,0.35,11,1193.72,0.0,0.02,1.04,0.03,Nov,1,2,1,3,Returning_Visitor,False,False
3,295.67,0,1.52,37,2207.83,0.01,0.02,3.19,0.0,May,2,8,1,3,Returning_Visitor,False,False
2,17.75,0,0.0,72,2587.77,0.0,0.01,21.47,0.03,Nov,4,2,1,2,Returning_Visitor,False,True
0,0.0,0,0.0,17,1217.37,0.06,0.02,0.0,0.0,Mar,2,2,3,3,Returning_Visitor,False,False
2,3.4,0,0.78,14,1191.56,0.01,0.03,1.74,0.03,Nov,2,2,1,3,Returning_Visitor,False,False
6,109.5,0,21.0,52,4643.76,0.0,0.01,7.15,0.8,Mar,2,2,2,3,Returning_Visitor,False,False
3,115.82,2,196.0,71,438.58,0.02,0.02,1.18,0.03,May,2,5,1,3,Returning_Visitor,False,False
1,79.84,0,1.36,59,238.5,0.0,0.02,0.5,0.0,May,2,2,3,3,New_Visitor,False,False
0,5.85,0,0.0,4,1157.74,0.04,0.04,0.0,0.03,Nov,2,2,3,2,Returning_Visitor,False,False
3,33.25,2,1.25,71,2576.43,0.01,0.05,0.0,0.0,Mar,1,1,1,1,Returning_Visitor,True,False
0,24.98,0,0.0,69,1326.8,0.01,0.02,8.44,1.0,Mar,2,6,1,3,Returning_Visitor,True,False
3,8.56,0,1.17,29,785.47,0.01,0.0,9.11,0.03,May,2,2,1,4,Returning_Visitor,True,True
0,5.21,0,1.7,2,69.56,0.16,0.2,0.23,0.03,May,2,2,1,13,Returning_Visitor,False,False
2,21.3,0,1.79,62,1421.23,0.03,0.02,0.85,0.03,June,3,2,1,13,Returning_Visitor,False,False
2,5.0,0,0.0,2,15.2,0.01,0.03,7.63,0.0,Sep,1,1,1,2,Returning_Visitor,False,False
3,26.37,0,0.0,68,2043.5,0.01,0.03,12.36,0.0,Nov,2,5,1,6,Returning_Visitor,False,True
2,51.73,0,0.0,70,2094.14,0.02,0.05,0.11,0.03,Nov,2,2,1,1,Returning_Visitor,False,False
5,52.0,0,2.69,50,1165.67,0.0,0.02,2.38,0.03,Nov,2,2,1,4,Returning_Visitor,False,False
3,48.66,0,3.92,17,1240.31,0.01,0.01,0.0,0.0,Mar,2,2,2,3,New_Visitor,False,False
0,25.35,0,0.0,61,1300.88,0.05,0.02,0.0,0.0,Nov,2,4,1,3,Returning_Visitor,False,False
8,31.08,1,12.94,73,1005.54,0.0,0.01,5.8,0.0,Nov,2,2,1,5,New_Visitor,False,False
3,53.73,0,1.88,57,472.75,0.03,0.01,1.59,0.03,Nov,2,2,2,2,Returning_Visitor,False,False
2,367.18,0,1.3,54,835.26,0.01,0.01,10.87,0.03,Dec,2,2,1,2,Returning_Visitor,False,False
0,40.47,0,1.83,62,222.0,0.03,0.02,0.0,0.03,Mar,1,1,1,1,Returning_Visitor,False,False
3,12.07,0,0.84,66,377.0,0.0,0.02,0.0,0.2,May,2,2,6,4,Returning_Visitor,False,False
1,0.0,0,0.0,15,372.08,0.02,0.02,1.82,0.0,Nov,2,2,1,2,Returning_Visitor,True,False
3,112.33,0,0.8,58,2268.9,0.01,0.03,0.0,0.03,Aug,2,2,1,1,Returning_Visitor,False,False
4,65.68,0,0.0,63,583.83,0.0,0.02,1.18,0.0,May,2,2,4,2,Returning_Visitor,False,False
3,75.4,0,2.2,16,1051.42,0.01,0.02,0.0,0.03,Mar,2,2,1,2,Returning_Visitor,False,False
2,19.55,0,0.0,65,58.5,0.01,0.06,0.0,0.0,Nov,2,6,1,2,Returning_Visitor,False,False
1,70.21,0,0.0,45,2674.34,0.0,0.03,0.0,0.03,Nov,1,2,8,2,Returning_Visitor,False,False
3,53.54,1,42.4,49,1232.81,0.0,0.01,1.64,0.0,Mar,2,2,1,2,New_Visitor,True,False
0,7.53,0,0.0,1,67.33,0.17,0.14,0.14,0.0,May,1,1,1,2,Returning_Visitor,False,False
3,14.16,0,0.0,19,1199.92,0.01,0.02,0.0,0.0,Aug,2,2,1,3,Returning_Visitor,False,False
4,64.6,0,28.7,64,597.6,0.02,0.02,5.25,0.03,May,3,2,1,5,Returning_Visitor,True,False
3,45.02,0,0.0,22,1437.16,0.01,0.02,1.67,0.0,Mar,2,2,9,2,New_Visitor,False,False
2,42.19,0,0.0,8,121.38,0.01,0.03,0.0,0.03,Mar,2,2,4,3,Returning_Visitor,False,False
5,246.23,0,0.0,43,1719.42,0.0,0.03,12.93,0.0,May,1,1,1,2,Returning_Visitor,False,False
3,58.94,0,1.26,64,1196.57,0.01,0.02,0.0,0.03,May,1,2,3,5,Returning_Visitor,False,False
2,0.0,0,0.0,84,177.35,0.01,0.02,1.84,0.0,Nov,1,1,1,10,Returning_Visitor,False,False
2,153.25,1,2.1,59,402.72,0.02,0.02,60.43,0.03,May,2,2,5,4,Returning_Visitor,True,True
2,153.63,0,335.0,77,3583.17,0.01,0.03,11.16,0.03,Nov,2,2,1,3,Returning_Visitor,True,False
4,210.85,0,0.0,57,714.97,0.0,0.03,0.0,0.03,Nov,1,1,1,3,Returning_Visitor,True,False
2,19.21,3,11.5,45,3539.94,0.01,0.02,3.03,0.0,Aug,2,2,1,2,Returning_Visitor,False,False
0,0.0,0,0.88,22,1179.59,0.05,0.15,0.0,0.0,Nov,1,2,1,3,Returning_Visitor,False,False
2,26.04,0,1.28,55,1249.67,0.0,0.01,3.93,0.03,Nov,2,2,1,2,Returning_Visitor,True,True
3,27.8,0,1.4,58,1179.48,0.03,0.03,2.14,0.0,Nov,3,2,1,2,Returning_Visitor,True,False
0,6.62,0,0.95,5,1115.96,0.0,0.04,0.65,0.03,Mar,2,5,3,3,Returning_Visitor,False,False
3,311.14,0,0.0,57,1296.4,0.01,0.04,133.28,0.03,Mar,3,2,1,2,Returning_Visitor,False,False
1,18.65,0,1.29,30,1260.41,0.01,0.01,38.07,0.03,Nov,2,2,1,5,Returning_Visitor,False,True
1,140.5,0,1.72,17,1203.74,0.02,0.04,3.51,0.03,Nov,2,2,2,2,Returning_Visitor,False,False
3,18.95,0,1.06,43,1312.71,0.05,0.03,0.0,0.0,May,3,2,4,3,Returning_Visitor,False,False
2,80.25,0,1.17,74,2618.68,0.01,0.02,1.25,0.0,Nov,3,2,1,8,Returning_Visitor,False,True
3,39.66,0,5.15,15,1728.32,0.0,0.02,0.0,0.03,Mar,1,1,6,3,Returning_Visitor,False,False
4,82.17,0,0.36,59,1027.16,0.01,0.03,12.27,0.2,May,2,2,1,2,Returning_Visitor,False,False
0,0.0,0,2.45,34,0.0,0.2,0.2,0.46,0.03,Nov,3,2,1,2,Returning_Visitor,False,False
3,33.12,2,1.27,1,245.72,0.19,0.13,0.45,0.03,Nov,1,1,1,2,Returning_Visitor,False,False
0,10.84,0,1.04,79,542.75,0.01,0.05,0.0,0.0,Mar,2,2,3,3,Returning_Visitor,False,False
1,53.04,0,2.86,15,1313.21,0.0,0.01,60.98,0.0,Nov,2,2,1,2,Returning_Visitor,False,True
2,133.5,0,0.0,4,454.33,0.01,0.03,0.0,0.03,Mar,3,2,1,3,New_Visitor,False,False
3,0.0,0,0.73,54,648.07,0.03,0.03,2.92,0.03,Nov,2,2,1,1,Returning_Visitor,False,False
3,119.5,0,0.91,73,673.62,0.01,0.02,0.0,0.0,Dec,3,2,1,2,Returning_Visitor,True,False
0,8.84,0,0.0,6,877.97,0.01,0.05,3.08,0.03,Mar,2,2,1,3,Returning_Visitor,False,False
3,45.0,0,0.0,8,63.92,0.01,0.03,3.86,0.03,Mar,2,2,1,2,Returning_Visitor,False,False
1,0.0,0,1.06,16,1121.16,0.01,0.02,0.0,0.0,Mar,2,2,1,3,Returning_Visitor,False,False
2,0.0,2,54.77,26,1177.17,0.01,0.03,0.23,0.0,Mar,2,1,1,2,Returning_Visitor,True,True
0,0.0,0,1.58,55,2021.4,0.01,0.03,0.0,0.03,May,3,2,1,2,Returning_Visitor,False,False
3,0.0,0,0.0,15,340.1,0.02,0.02,0.24,0.03,Aug,2,2,1,2,Returning_Visitor,False,False
4,25.25,0,3.65,60,4895.26,0.01,0.02,5.76,0.03,Nov,2,2,3,1,Returning_Visitor,False,False
3,0.0,0,6.98,56,1139.08,0.01,0.03,0.48,0.03,Nov,3,2,1,2,Returning_Visitor,True,True
1,65.84,0,0.0,49,831.0,0.01,0.03,1.3,0.0,Mar,2,2,1,2,Returning_Visitor,False,False
11,13.96,0,1.86,55,419.25,0.01,0.02,0.18,0.03,May,2,2,1,3,Returning_Visitor,False,False
3,53.25,1,77.0,39,1235.42,0.01,0.03,11.98,0.03,Nov,1,1,1,1,Returning_Visitor,True,True
3,43.43,0,1.64,47,437.97,0.0,0.02,2.18,0.03,Nov,2,2,2,2,New_Visitor,False,False
0,0.0,0,0.8,22,1202.87,0.02,0.04,0.0,0.0,Mar,2,2,1,1,Returning_Visitor,False,False
3,56.71,0,0.0,63,866.0,0.0,0.02,3.36,0.03,Mar,2,2,1,1,Returning_Visitor,False,False
2,38.18,0,0.0,31,214.83,0.01,0.02,0.0,0.0,Feb,2,2,1,3,Returning_Visitor,False,False
2,0.0,0,1.72,54,1182.5,0.01,0.0,119.89,0.0,May,2,2,6,4,Returning_Visitor,False,True
3,23.36,0,0.0,1,1271.52,0.2,0.03,1.81,0.03,Feb,4,2,1,3,Returning_Visitor,False,False
0,0.0,0,0.0,83,51.0,0.0,0.1,0.64,0.03,Nov,3,2,3,2,Returning_Visitor,False,False
0,26.94,0,1.76,59,2787.68,0.01,0.02,57.48,0.03,Nov,2,2,1,2,Returning_Visitor,False,False
1,4.02,0,0.0,16,1185.22,0.02,0.02,5.25,0.03,Nov,2,2,1,2,Returning_Visitor,False,False
2,51.94,0,0.59,56,1207.71,0.01,0.01,7.12,0.03,May,2,2,4,2,Returning_Visitor,False,False
0,0.0,0,0.0,17,59.0,0.0,0.02,2.86,0.03,Dec,2,1,3,2,Returning_Visitor,False,False
1,7.69,0,0.0,58,1233.18,0.0,0.01,57.29,0.0,Nov,2,2,1,2,Returning_Visitor,False,True
2,0.0,0,0.67,15,1124.11,0.05,0.02,0.0,0.0,Nov,3,2,4,3,Returning_Visitor,False,False
0,4.34,0,0.0,2,731.3,0.01,0.07,0.6,0.0,Mar,2,2,1,3,Returning_Visitor,False,False
2,16.0,0,1.71,53,399.0,0.01,0.03,0.0,0.0,Mar,1,2,1,8,Returning_Visitor,False,False
3,33.86,2,23.33,56,1257.13,0.0,0.0,9.25,0.03,May,2,2,1,2,New_Visitor,False,True
0,0.0,0,1.95,72,113.0,0.04,0.1,0.3,0.03,Mar,2,2,1,13,Returning_Visitor,False,False
1,0.0,0,0.0,9,91.32,0.01,0.02,0.98,0.03,May,2,2,1,3,Returning_Visitor,False,False
3,61.01,0,0.88,51,1993.96,0.01,0.01,0.0,0.03,Dec,2,2,1,2,Returning_Visitor,False,False
3,153.85,0,0.0,44,504.6,0.01,0.03,0.0,0.0,Dec,1,1,1,2,Returning_Visitor,False,True
3,155.7,0,0.0,19,1200.29,0.01,0.03,0.75,0.03,Nov,1,1,1,3,Returning_Visitor,False,False
3,24.87,0,1.37,28,1225.37,0.0,0.01,1.83,0.03,Nov,2,2,1,10,Returning_Visitor,False,False
1,51.97,0,0.0,31,1574.38,0.0,0.02,0.81,0.03,Dec,2,2,1,3,Returning_Visitor,False,False
1,26.14,0,0.0,79,0.0,0.2,0.2,0.0,0.0,Nov,2,2,1,2,Returning_Visitor,True,False
1,38.38,0,0.0,32,814.61,0.0,0.01,20.41,0.03,May,2,2,1,4,Returning_Visitor,False,True
3,36.11,0,0.0,51,1418.0,0.0,0.01,0.0,0.03,Mar,2,2,3,2,Returning_Visitor,False,False
3,25.5,0,0.0,64,341.0,0.02,0.01,55.14,0.03,Mar,2,2,9,3,New_Visitor,False,True
10,790.9,0,0.8,61,1209.86,0.0,0.02,7.61,0.0,Nov,2,2,1,2,Returning_Visitor,False,True
3,61.79,0,0.0,59,1275.64,0.0,0.0,0.0,0.03,Oct,2,2,6,2,New_Visitor,False,False
1,28.72,0,1.16,68,1489.59,0.02,0.02,0.21,0.0,Mar,3,2,2,2,Returning_Visitor,False,False
2,26.42,0,1.58,79,34.0,0.0,0.07,1.08,0.03,May,1,1,1,3,Returning_Visitor,False,False
1,29.21,0,0.0,8,1236.2,0.0,0.03,0.0,0.0,Mar,2,2,1,3,Returning_Visitor,False,False
6,320.71,1,0.99,58,1198.51,0.01,0.02,2.11,0.03,Nov,2,2,3,2,Returning_Visitor,False,True
2,17.75,0,1.56,60,1225.92,0.03,0.02,0.64,0.0,Nov,2,1,1,3,Returning_Visitor,False,False
3,15.33,3,2.3,66,405.33,0.0,0.02,2.61,0.03,May,2,2,1,4,Returning_Visitor,False,False
3,2.58,0,0.0,14,1194.47,0.07,0.01,0.89,0.0,Mar,3,2,4,3,Returning_Visitor,True,False
1,143.0,0,5.44,49,1328.76,0.01,0.02,1.51,0.03,Nov,1,1,1,2,Returning_Visitor,False,False
5,52.47,1,34.8,43,1333.08,0.0,0.02,0.38,0.0,Oct,2,2,3,2,Returning_Visitor,False,False
0,15.3,0,1.05,40,0.0,0.2,0.14,1.02,0.03,Nov,2,2,1,3,Returning_Visitor,False,False
2,32.54,0,0.0,20,1293.26,0.01,0.02,0.0,0.2,May,3,2,1,13,Returning_Visitor,False,False
3,121.09,0,0.0,53,416.67,0.01,0.0,0.0,0.0,Mar,2,2,1,2,New_Visitor,True,False
3,53.5,0,0.0,57,1095.29,0.0,0.02,1.24,0.03,May,2,2,1,4,Returning_Visitor,False,False
0,19.64,0,0.0,81,149.0,0.01,0.16,1.18,0.03,May,2,2,1,3,Returning_Visitor,False,False
4,54.8,0,0.0,46,182.8,0.0,0.03,1.52,0.0,Nov,1,2,3,2,Returning_Visitor,False,False
1,18.83,0,0.0,81,1213.98,0.01,0.01,0.37,0.0,May,2,2,1,4,Returning_Visitor,False,False
1,5.38,0,0.0,68,1154.58,0.01,0.02,19.11,0.03,May,2,2,6,4,Returning_Visitor,False,False
2,0.0,0,0.0,5,560.69,0.0,0.03,7.03,0.0,Mar,2,2,1,2,Returning_Visitor,False,True
3,91.38,0,0.28,63,1168.32,0.0,0.01,3.83,0.03,Nov,2,2,2,2,Returning_Visitor,False,False
2,30.2,0,0.74,34,1252.77,0.0,0.01,23.0,0.03,Nov,2,2,1,2,New_Visitor,False,True
0,14.85,0,0.0,7,63.86,0.2,0.1,0.1,0.03,May,1,1,1,3,Returning_Visitor,False,False
3,22.93,2,125.0,67,968.15,0.01,0.02,96.26,0.03,Nov,2,4,1,2,Returning_Visitor,False,True
0,0.0,0,55.0,59,1462.45,0.01,0.0,1.39,0.0,May,2,2,1,5,New_Visitor,False,True
3,46.43,0,0.0,58,1077.05,0.01,0.02,0.77,0.0,Nov,1,2,8,2,Returning_Visitor,False,False
9,14.58,4,388.67,47,595.01,0.02,0.02,1.62,0.03,Mar,2,2,1,2,Returning_Visitor,False,False
0,6.63,0,0.92,63,561.15,0.01,0.03,0.81,0.03,May,2,2,1,3,Returning_Visitor,False,False
3,61.28,0,250.67,55,1188.46,0.0,0.0,45.83,0.03,Mar,2,2,1,3,New_Visitor,False,True
1,25.26,0,1.5,79,625.02,0.0,0.06,0.0,0.0,Nov,1,2,1,2,New_Visitor,False,False
0,10.82,0,0.0,12,459.08,0.0,0.03,0.55,0.03,Mar,2,2,1,3,Returning_Visitor,False,False
3,0.0,0,1.3,58,1022.38,0.01,0.03,0.28,0.03,Nov,1,2,1,10,Returning_Visitor,False,False
1,22.82,0,0.54,8,79.68,0.03,0.06,0.0,0.0,May,2,2,1,3,Returning_Visitor,False,False
2,16.92,0,1.74,28,471.5,0.03,0.07,0.0,0.0,Nov,2,2,1,3,Returning_Visitor,False,False
3,59.2,0,0.0,9,248.84,0.0,0.02,9.52,0.03,Mar,2,2,1,2,Returning_Visitor,False,False
0,23.14,0,0.81,13,96.5,0.03,0.03,0.0,0.03,Mar,2,2,4,1,Returning_Visitor,False,False
3,47.33,0,1.38,4,34.83,0.07,0.02,1.92,0.0,May,3,2,2,2,Returning_Visitor,False,False
0,0.0,0,1.62,76,1188.81,0.01,0.02,1.6,0.03,Mar,2,2,7,2,Returning_Visitor,False,False
4,38.56,0,1.51,66,1167.45,0.01,0.02,0.0,0.03,Nov,3,2,1,2,Returning_Visitor,False,False
7,365.11,4,4.64,91,5882.17,0.0,0.02,3.74,0.03,Nov,2,2,1,2,Returning_Visitor,False,False
2,53.85,0,0.15,13,1142.99,0.01,0.01,0.0,0.03,Nov,2,4,1,2,Returning_Visitor,False,True
1,18.7,0,1.11,57,1303.62,0.02,0.02,8.8,0.0,Dec,2,2,8,2,Returning_Visitor,False,False
0,0.0,0,0.0,47,1262.14,0.01,0.04,0.0,0.0,Mar,1,2,4,3,Returning_Visitor,False,False
3,83.6,0,0.0,88,637.79,0.01,0.03,2.06,0.03,Mar,1,1,4,3,New_Visitor,False,False
0,0.0,0,1.09,16,1253.55,0.0,0.01,0.0,0.0,Mar,2,2,1,3,Returning_Visitor,True,False
0,7.19,0,0.9,0,0.0,0.04,0.1,2.61,0.03,Nov,2,2,1,2,Returning_Visitor,False,False
0,12.05,0,0.0,8,0.0,0.19,0.2,0.18,0.03,May,3,2,3,6,Returning_Visitor,False,False
7,46.54,0,1.72,29,1274.96,0.01,0.01,0.95,0.03,Nov,1,2,3,3,Returning_Visitor,False,True
0,0.0,0,1.15,69,1272.91,0.0,0.04,1.73,0.0,Mar,2,2,1,10,Returning_Visitor,False,False
3,56.69,0,0.3,36,513.4,0.0,0.02,16.09,0.6,Nov,2,2,1,2,Returning_Visitor,False,False
2,28.2,0,3.04,7,1353.43,0.0,0.01,94.02,0.03,Nov,2,2,3,2,Returning_Visitor,False,True
3,22.03,0,1.92,11,48.0,0.01,0.07,0.0,0.0,May,1,1,1,3,Returning_Visitor,False,False
2,20.45,0,0.86,5,114.4,0.0,0.03,0.0,0.0,Dec,2,2,1,2,Returning_Visitor,False,False
3,10.6,0,0.58,16,1224.94,0.0,0.02,0.0,0.0,Mar,2,2,1,1,Returning_Visitor,False,False
3,28.84,0,3.87,75,238.55,0.01,0.02,0.0,0.0,Nov,3,2,1,3,Returning_Visitor,False,False
1,136.5,0,1.39,55,1217.29,0.01,0.03,39.97,0.03,Aug,1,1,1,2,Returning_Visitor,True,False
0,0.0,0,0.0,48,1155.63,0.0,0.02,2.31,0.03,Nov,2,2,1,2,Returning_Visitor,False,False
2,19.0,0,0.0,21,702.12,0.01,0.02,0.0,0.0,Mar,1,1,1,2,Returning_Visitor,False,False
0,35.36,0,0.0,45,1674.0,0.01,0.02,0.0,0.0,Mar,2,2,4,1,Returning_Visitor,False,False
0,0.0,0,0.0,14,1179.17,0.0,0.02,0.0,0.03,Mar,1,1,1,3,Returning_Visitor,False,False
3,23.65,4,225.77,57,9630.21,0.01,0.03,1.79,0.03,Mar,8,13,9,5,Other,False,False
3,293.79,1,44.23,64,1135.9,0.02,0.01,0.88,0.0,Dec,1,1,1,2,Returning_Visitor,False,False
4,96.6,0,2.55,15,1133.07,0.02,0.02,61.19,0.0,Oct,2,2,1,4,Returning_Visitor,False,True
0,2.26,0,0.0,70,1075.49,0.0,0.01,0.11,0.0,Nov,1,1,1,2,Returning_Visitor,False,False
9,307.73,0,1.29,57,1218.47,0.0,0.01,17.92,0.03,Oct,2,2,1,2,Returning_Visitor,False,False
2,25.38,0,0.0,73,75.7,0.2,0.2,0.0,0.03,Nov,2,2,1,3,Returning_Visitor,False,False
0,22.31,0,0.0,15,236.5,0.0,0.02,0.98,0.03,Mar,1,1,1,3,Returning_Visitor,True,False
3,29.44,0,0.0,51,1080.96,0.0,0.02,1.27,0.0,Mar,2,6,7,2,Returning_Visitor,False,False
2,0.0,0,1.32,60,1275.08,0.03,0.05,0.0,0.4,May,2,2,1,4,Returning_Visitor,False,False
1,0.0,0,1.38,5,22.0,0.01,0.12,0.98,0.03,Nov,3,2,1,13,Returning_Visitor,False,False
3,65.5,1,1.8,30,1245.45,0.01,0.04,1.81,0.03,Nov,2,2,1,3,Returning_Visitor,False,False
0,13.49,0,1.44,7,0.0,0.2,0.2,0.0,0.03,Mar,2,2,4,2,Returning_Visitor,False,False
2,23.66,0,2.03,35,1261.32,0.01,0.01,0.0,0.0,Aug,2,2,1,3,Returning_Visitor,False,False
7,490.5,0,1.91,43,1042.37,0.01,0.01,1.28,0.03,Nov,2,2,1,1,New_Visitor,False,False
0,0.0,0,0.0,12,1462.84,0.08,0.02,3.92,0.03,May,2,2,5,13,Returning_Visitor,False,False
0,0.0,1,65.5,72,574.83,0.0,0.02,0.0,0.03,Mar,2,2,2,3,Returning_Visitor,False,False
0,0.0,0,0.0,10,13.0,0.07,0.13,0.48,0.05,Nov,2,2,3,3,Returning_Visitor,False,False
8,245.08,1,2.69,65,1273.74,0.01,0.02,2.75,0.03,May,2,2,3,13,Returning_Visitor,False,False
3,87.75,0,1.18,16,1130.39,0.01,0.04,1.17,0.0,Mar,2,2,1,3,Returning_Visitor,False,False
0,0.0,0,1.12,2,41.5,0.1,0.1,0.0,0.03,Mar,1,1,1,2,Returning_Visitor,True,False
9,26.6,0,1.13,47,1081.77,0.0,0.03,9.47,0.03,Nov,4,2,1,11,Returning_Visitor,False,False
0,0.0,0,1.62,66,1137.0,0.01,0.04,0.0,0.8,May,4,2,1,2,Returning_Visitor,False,False
2,0.0,0,1.26,14,2425.0,0.0,0.02,2.87,0.0,Mar,2,2,1,3,Returning_Visitor,False,False
0,6.88,4,620.25,23,908.29,0.01,0.03,1.92,0.03,Dec,1,2,1,2,Returning_Visitor,True,False
6,32.06,0,2.09,35,1202.62,0.0,0.02,4.19,0.03,Nov,1,1,1,2,Returning_Visitor,True,False
1,43.17,0,0.0,58,1151.14,0.0,0.02,15.28,0.03,Dec,2,2,1,2,Returning_Visitor,False,True
0,39.14,0,0.0,90,82.58,0.01,0.15,0.0,0.0,Mar,2,2,1,10,Returning_Visitor,False,False
3,325.81,0,186.0,31,2905.94,0.02,0.01,0.0,0.03,Nov,2,6,1,3,Returning_Visitor,False,False
3,24.34,0,1.31,50,1534.83,0.01,0.02,7.18,0.03,Nov,2,1,1,10,Returning_Visitor,False,True
0,11.48,0,1.52,3,65.02,0.01,0.02,1.57,0.03,Dec,1,1,1,3,Returning_Visitor,False,False
0,0.0,0,1.72,52,1224.75,0.02,0.03,2.09,0.0,Nov,2,6,1,2,Returning_Visitor,False,False
3,14.97,0,1.34,4,72.34,0.01,0.03,0.0,0.03,Dec,2,5,1,8,Returning_Visitor,False,False
3,19.03,0,0.29,22,641.52,0.01,0.01,42.79,0.03,Nov,2,2,1,2,Returning_Visitor,False,False
2,13.68,0,0.54,42,3086.4,0.0,0.02,0.96,0.4,Mar,2,2,3,2,Returning_Visitor,False,False
10,166.93,0,246.0,51,1301.52,0.0,0.02,14.61,0.6,Mar,2,2,4,3,Returning_Visitor,False,False
0,2.65,0,0.0,104,934.87,0.01,0.01,0.0,0.03,Nov,1,1,3,2,Returning_Visitor,False,False
6,13.95,0,1.16,9,208.83,0.01,0.02,70.32,0.0,Mar,2,2,1,2,Returning_Visitor,False,True
2,0.0,0,1.32,11,203.5,0.02,0.02,2.29,0.03,Nov,4,2,1,3,Returning_Visitor,False,False
6,74.17,0,1.04,22,1305.51,0.02,0.01,1.93,0.03,Jul,2,2,1,4,Returning_Visitor,False,False
3,0.0,0,1.4,68,77.5,0.1,0.03,1.7,0.03,Nov,3,2,4,11,Returning_Visitor,True,False
3,38.1,0,10.0,25,2877.5,0.01,0.05,0.91,0.03,Nov,2,2,1,2,Returning_Visitor,False,False
1,75.0,0,0.0,60,1188.68,0.01,0.03,2.12,0.03,Nov,2,2,1,3,Returning_Visitor,False,True
2,19.99,0,1.02,38,1204.31,0.05,0.02,1.3,0.03,Dec,3,2,1,3,Returning_Visitor,False,False
3,33.27,0,0.55,70,602.25,0.01,0.02,4.53,0.0,Nov,2,2,1,2,Returning_Visitor,True,False
0,5.06,0,1.39,1,108.86,0.03,0.1,1.02,0.03,May,2,2,1,2,Returning_Visitor,False,False
2,21.4,0,2.01,18,1254.53,0.01,0.02,0.0,0.0,Nov,2,2,2,4,New_Visitor,False,False
1,29.5,0,0.0,29,1205.52,0.0,0.03,12.45,0.0,Mar,2,2,3,2,Returning_Visitor,False,True
4,37.43,0,0.0,54,362.63,0.01,0.02,1.74,0.03,Mar,2,2,2,3,Returning_Visitor,False,False
4,49.5,0,1.11,4,180.5,0.03,0.03,3.13,0.03,Nov,3,2,1,3,Returning_Visitor,False,False
3,230.33,1,53.17,86,2351.83,0.01,0.02,0.34,0.0,Dec,2,2,1,2,Returning_Visitor,False,False
2,12.19,0,1.94,1,95.82,0.2,0.14,0.28,0.03,Nov,1,1,1,1,Returning_Visitor,False,False
1,11.0,0,0.0,33,980.25,0.01,0.02,0.43,0.03,Mar,2,2,1,3,Returning_Visitor,False,False
3,34.99,0,2.26,58,1263.89,0.0,0.0,55.79,0.03,May,2,1,1,2,Returning_Visitor,False,True
2,120.0,0,1.14,61,1583.6,0.0,0.03,39.63,0.03,Mar,2,2,1,2,Returning_Visitor,False,False
3,32.53,0,1.43,58,572.98,0.01,0.01,0.0,0.0,Mar,2,2,1,4,Returning_Visitor,False,False
3,22.18,0,0.0,57,0.0,0.2,0.2,0.0,0.03,Nov,1,1,1,3,Returning_Visitor,True,False
3,53.4,0,1.36,49,216.7,0.01,0.02,4.17,0.03,May,2,2,3,2,Returning_Visitor,False,False
5,200.23,0,3.6,518,1010.55,0.01,0.01,0.15,0.03,Nov,2,2,3,2,Returning_Visitor,False,False
0,30.03,0,0.91,46,1059.79,0.01,0.05,2.19,0.0,Nov,2,2,1,2,Returning_Visitor,True,False
3,56.29,0,2.71,12,892.08,0.01,0.03,0.0,0.03,Dec,1,2,1,2,New_Visitor,False,False
1,11.28,0,0.35,56,1205.45,0.01,0.06,0.63,0.0,Dec,3,2,9,2,Returning_Visitor,True,True
5,45.58,3,77.92,54,5639.22,0.01,0.01,1.14,0.03,Dec,2,2,3,2,Returning_Visitor,False,False
2,56.4,1,0.0,72,2101.47,0.01,0.03,2.01,0.0,Aug,1,2,1,3,Returning_Visitor,False,False
2,15.25,0,1.26,16,459.0,0.0,0.03,26.98,0.03,May,2,2,3,2,Returning_Visitor,False,True
1,16.16,0,1.26,3,88.73,0.02,0.13,0.0,0.0,Mar,2,2,1,4,Returning_Visitor,False,False
0,32.99,0,1.53,2,1356.78,0.01,0.1,0.0,0.03,June,2,4,6,2,Returning_Visitor,False,False
10,105.5,0,0.0,32,1403.54,0.01,0.0,44.14,0.03,Nov,8,13,1,20,Other,False,False
2,45.99,1,24.02,58,1608.44,0.03,0.06,1.88,0.0,Jul,3,2,1,3,Returning_Visitor,False,False
2,52.78,0,1.34,19,374.6,0.0,0.01,0.0,0.03,Mar,2,2,3,3,New_Visitor,False,False
0,40.94,0,0.0,58,1376.18,0.02,0.08,0.78,0.0,Mar,2,2,1,2,Returning_Visitor,False,False
3,320.12,0,0.0,37,1357.29,0.01,0.02,7.91,0.0,Jul,2,2,1,1,Returning_Visitor,False,True
2,32.7,0,0.0,27,1210.91,0.01,0.02,0.64,0.0,Oct,2,2,1,2,Returning_Visitor,False,False
0,0.0,0,1.16,2,64.73,0.01,0.04,0.66,0.03,Mar,1,1,4,2,Returning_Visitor,False,False
3,52.94,0,0.0,40,305.01,0.01,0.06,7.86,0.03,Mar,2,2,1,2,Returning_Visitor,False,False
0,0.0,0,1.64,1,0.0,0.1,0.14,0.0,0.03,Mar,1,2,1,1,Returning_Visitor,False,False
2,42.55,0,0.9,43,1147.24,0.0,0.02,1.02,0.03,Dec,2,2,1,1,Returning_Visitor,False,False
3,113.7,0,0.0,6,181.27,0.02,0.02,1.05,0.0,Mar,1,1,1,3,Returning_Visitor,False,False
0,18.69,0,4.79,54,1203.28,0.01,0.03,1.85,0.03,Dec,3,2,6,2,Returning_Visitor,False,False
2,38.44,0,1.83,5,85.5,0.01,0.03,0.0,0.03,Mar,2,4,1,2,New_Visitor,False,True
3,148.52,4,54.33,55,1230.5,0.01,0.03,0.0,0.03,Dec,2,2,1,2,Returning_Visitor,True,False
0,3.63,0,1.01,86,499.71,0.02,0.08,0.0,0.03,May,2,2,4,3,Returning_Visitor,False,False
2,21.93,0,1.13,53,1045.37,0.07,0.03,0.0,0.03,May,3,2,1,3,Returning_Visitor,True,False
3,75.38,0,1.63,52,1226.63,0.0,0.02,52.74,0.0,Dec,2,2,1,2,Returning_Visitor,False,True
2,1.72,0,2.96,54,3978.25,0.01,0.02,0.0,0.03,Nov,2,2,6,3,Returning_Visitor,True,False
3,67.98,0,0.0,57,1277.2,0.05,0.02,1.0,0.03,Nov,2,2,3,2,Returning_Visitor,False,False
3,41.31,0,0.0,5,276.0,0.01,0.02,1.01,0.0,May,3,2,1,1,Returning_Visitor,False,False
2,0.0,0,1.14,50,472.88,0.01,0.02,0.0,0.0,Nov,2,2,1,2,Returning_Visitor,False,False
3,0.0,0,0.0,18,473.75,0.05,0.03,0.0,0.03,May,3,2,4,3,Returning_Visitor,False,False
0,0.0,0,0.0,10,189.5,0.02,0.02,0.0,0.0,Mar,3,2,1,3,Returning_Visitor,False,False
3,30.04,0,118.1,65,184.1,0.01,0.02,0.56,0.03,Mar,2,2,1,4,Returning_Visitor,False,False
3,57.0,0,1.84,12,1233.34,0.0,0.02,0.67,0.03,May,2,2,1,2,Returning_Visitor,False,False
0,19.62,0,1.34,26,1204.8,0.01,0.03,0.0,0.03,Nov,3,2,1,13,Returning_Visitor,False,False
3,55.07,0,1.18,5,1216.22,0.01,0.01,6.37,0.03,Mar,3,2,1,9,New_Visitor,False,False
3,114.25,0,0.0,58,9126.98,0.01,0.02,3.6,0.03,Mar,2,2,1,2,Returning_Visitor,False,True
1,31.29,0,1.43,71,96.47,0.01,0.04,2.36,0.03,Mar,2,2,1,1,Returning_Visitor,False,False
0,0.0,0,1.41,5,65.14,0.11,0.2,0.4,0.03,Mar,1,1,1,2,Returning_Visitor,True,False
8,259.66,0,0.0,60,5721.8,0.0,0.01,6.13,0.03,Nov,2,2,1,1,Returning_Visitor,False,False
1,18.41,0,2.07,8,0.0,0.2,0.12,0.0,0.6,May,1,1,1,3,Returning_Visitor,False,False
9,41.62,2,6.67,24,914.51,0.01,0.02,0.0,0.03,May,3,2,1,3,Returning_Visitor,False,False
2,33.24,0,1.48,66,1194.39,0.01,0.03,0.93,0.0,Mar,2,2,1,2,New_Visitor,False,False
2,0.0,0,1.27,10,600.72,0.01,0.02,0.0,0.0,Nov,2,2,1,2,New_Visitor,False,False
0,0.0,0,1.07,22,69.22,0.07,0.2,0.22,0.0,Nov,3,2,1,2,Returning_Visitor,False,False
2,15.88,0,1.22,2,320.48,0.01,0.1,0.76,0.03,May,2,2,1,2,Returning_Visitor,True,False
0,2.09,0,1.3,1,724.76,0.01,0.2,0.68,0.0,Nov,2,4,1,2,Returning_Visitor,False,False
0,17.11,0,0.36,19,1092.33,0.02,0.03,1.78,0.03,Dec,2,2,1,1,Returning_Visitor,False,False
2,118.01,0,0.0,56,1840.67,0.02,0.03,0.0,0.03,Nov,2,2,1,13,Returning_Visitor,False,False
3,0.0,0,0.0,55,1034.25,0.03,0.04,0.0,0.06,May,3,2,2,2,Returning_Visitor,False,False
1,13.61,0,1.56,74,298.74,0.03,0.09,0.16,0.0,Nov,2,1,1,1,Returning_Visitor,False,False
0,16.98,0,0.0,17,70.0,0.01,0.03,3.41,0.03,May,2,2,1,2,Returning_Visitor,False,False
3,48.63,0,4.53,16,1174.42,0.01,0.02,0.0,0.03,Nov,2,2,1,1,New_Visitor,True,False
3,207.18,2,102.0,31,624.58,0.0,0.02,12.65,0.03,Nov,1,2,1,13,Returning_Visitor,False,False
2,199.0,0,1.68,10,1283.7,0.01,0.05,2.1,0.03,May,2,2,1,1,Returning_Visitor,False,False
1,46.46,1,2.78,59,1233.44,0.01,0.02,0.0,0.03,Mar,2,2,5,3,Returning_Visitor,False,False
1,0.0,0,0.0,4,63.58,0.05,0.02,1.55,0.03,Nov,3,2,1,2,New_Visitor,False,False
12,75.56,0,2.97,38,1226.13,0.01,0.03,13.28,0.03,Nov,2,1,3,3,Returning_Visitor,False,False
0,0.0,0,0.0,25,67.59,0.19,0.2,0.0,0.03,Mar,2,2,1,3,Returning_Visitor,False,False
3,39.2,0,1.61,70,1241.23,0.01,0.01,0.0,0.03,Nov,4,2,3,2,Returning_Visitor,False,False
2,17.85,0,0.0,29,1132.21,0.01,0.04,6.85,0.03,Nov,2,2,1,3,Returning_Visitor,False,False
2,7.45,0,1.35,27,139.0,0.0,0.07,4.12,0.04,Dec,2,2,1,2,Returning_Visitor,False,True
0,17.21,0,0.0,52,74.5,0.19,0.14,0.15,0.03,Mar,2,2,1,1,Returning_Visitor,False,False
0,56.39,1,10.5,31,982.76,0.01,0.02,0.36,0.0,Mar,2,2,7,2,Returning_Visitor,False,False
1,65.5,0,0.0,51,1544.86,0.01,0.03,1.93,0.03,Nov,2,2,1,3,Returning_Visitor,True,False
3,65.67,0,1.5,68,4653.19,0.01,0.03,1.73,0.03,Nov,2,2,1,3,Returning_Visitor,False,True
3,51.65,0,0.0,65,2021.75,0.0,0.01,3.67,0.03,Oct,2,2,1,4,Returning_Visitor,False,False
3,0.0,0,0.0,12,338.75,0.0,0.03,1.35,0.03,Mar,2,4,1,2,Returning_Visitor,False,False
3,32.21,0,1.26,12,1145.42,0.02,0.05,1.04,0.03,Mar,2,2,1,10,Returning_Visitor,True,False
2,19.8,0,1.04,17,1192.96,0.01,0.01,60.93,0.03,Nov,2,2,1,2,New_Visitor,False,True
2,83.0,0,0.0,51,165.69,0.0,0.02,1.3,0.03,May,1,2,7,3,Returning_Visitor,False,False
3,5.32,0,0.0,43,272.5,0.01,0.01,0.0,0.0,Mar,1,2,1,2,New_Visitor,False,False
2,0.0,0,2.06,28,527.83,0.03,0.02,2.32,0.0,Nov,2,2,2,13,Returning_Visitor,False,False
3,18.6,2,31.75,45,1346.77,0.01,0.02,3.19,0.03,Jul,5,1,7,2,Returning_Visitor,True,False
3,24.39,1,7.4,25,1214.17,0.01,0.01,2.07,0.03,May,2,2,4,4,Returning_Visitor,False,False
3,15.19,0,1.17,20,528.0,0.0,0.02,31.19,0.03,May,2,2,1,4,New_Visitor,False,True
3,2.44,1,0.0,58,969.53,0.06,0.02,0.0,0.03,Mar,3,2,2,3,Returning_Visitor,False,True
0,25.76,0,0.0,3,242.0,0.07,0.02,0.0,0.03,May,3,2,1,3,Returning_Visitor,False,False
2,42.32,0,0.94,21,1302.62,0.0,0.02,3.36,0.03,Sep,2,2,3,2,Returning_Visitor,False,False
6,90.68,0,0.0,66,568.97,0.02,0.03,2.58,0.03,Mar,1,2,6,3,Returning_Visitor,True,True
3,21.93,0,2.54,29,826.85,0.01,0.03,4.68,0.0,May,2,1,1,3,Returning_Visitor,False,True
1,0.0,0,1.2,37,1153.92,0.05,0.08,5.51,0.6,Mar,2,2,3,11,Returning_Visitor,False,False
2,18.19,1,1.59,68,13.0,0.0,0.1,2.57,0.03,Mar,3,2,1,2,Returning_Visitor,False,False
3,85.77,0,0.92,39,1162.33,0.01,0.04,2.55,0.03,Nov,2,2,1,2,Returning_Visitor,False,False
9,317.69,0,143.5,50,8249.11,0.02,0.02,2.91,0.03,Nov,2,2,1,3,Returning_Visitor,False,True
5,39.5,2,73.41,69,5644.36,0.01,0.02,0.0,0.03,Nov,2,2,3,2,Returning_Visitor,False,False
3,87.31,0,0.0,69,327.77,0.0,0.01,11.78,0.0,Nov,2,1,1,3,Returning_Visitor,False,True
3,138.5,6,1.4,50,1037.97,0.0,0.01,0.0,0.0,Dec,3,2,1,2,Returning_Visitor,False,False
3,0.0,0,2.18,60,1250.69,0.01,0.03,0.0,0.0,Jul,2,2,7,1,Returning_Visitor,False,False
0,5.88,0,1.37,31,0.0,0.02,0.15,0.1,0.0,Nov,3,2,1,13,Returning_Visitor,False,False
3,70.0,0,1.3,55,1298.28,0.0,0.0,1.38,0.03,Nov,2,1,1,2,Returning_Visitor,False,False
0,0.0,0,0.0,13,1179.2,0.01,0.02,0.0,0.03,Nov,2,2,1,2,Returning_Visitor,False,False
3,421.0,0,1.21,4,110.5,0.0,0.01,9.29,0.04,Mar,3,2,1,3,New_Visitor,False,False
2,105.0,0,1.34,59,1151.55,0.01,0.02,0.0,0.0,May,2,2,1,2,Returning_Visitor,False,False
2,9.43,8,0.91,97,1871.79,0.0,0.01,2.9,0.03,May,2,2,4,2,Returning_Visitor,False,False
1,6.42,0,0.0,106,665.89,0.0,0.05,0.0,0.0,Nov,4,2,1,2,Returning_Visitor,False,True
0,18.37,0,132.0,55,1049.52,0.02,0.01,1.65,0.03,Nov,2,2,4,14,Returning_Visitor,True,False
0,34.28,0,0.0,6,106.0,0.05,0.13,1.01,0.0,Mar,3,2,1,1,Returning_Visitor,True,False
3,214.1,2,9.81,58,1386.76,0.01,0.01,0.0,0.0,May,2,2,4,2,Returning_Visitor,False,False
0,0.0,0,0.0,2,109.7,0.03,0.14,0.18,0.03,Mar,2,2,6,2,Returning_Visitor,False,False
3,23.99,0,0.73,7,1052.43,0.06,0.03,0.0,0.03,May,2,4,1,3,Returning_Visitor,False,False
3,44.75,0,0.0,59,1331.68,0.01,0.04,1.96,0.0,May,2,2,8,13,Returning_Visitor,False,False
10,273.05,0,290.23,65,1236.8,0.01,0.02,13.2,0.03,Dec,2,2,1,2,Returning_Visitor,False,False
4,440.1,5,315.0,46,1331.85,0.01,0.02,12.34,0.03,Mar,1,1,1,2,Returning_Visitor,False,False
3,18.55,0,1.4,36,536.27,0.02,0.07,0.44,0.0,May,2,2,1,3,Returning_Visitor,False,False
4,25.78,0,1.58,70,1257.63,0.01,0.02,0.0,0.03,Mar,2,4,1,4,Returning_Visitor,False,False
2,16.1,0,1.07,76,1079.32,0.07,0.04,0.0,0.03,May,3,2,1,3,Returning_Visitor,False,False
0,12.22,0,0.0,21,100.02,0.2,0.14,0.0,0.03,Mar,2,2,1,1,Returning_Visitor,False,False
1,2.05,0,0.0,23,1240.05,0.01,0.01,4.6,0.03,May,2,2,3,2,Returning_Visitor,False,False
3,287.41,5,480.12,80,1996.57,0.01,0.03,0.0,0.03,Nov,2,2,3,1,Returning_Visitor,False,False
5,118.23,0,0.76,55,885.58,0.01,0.01,81.33,0.03,Mar,8,13,9,20,Returning_Visitor,False,True
0,0.0,0,1.46,58,1375.92,0.04,0.01,2.57,0.0,Mar,2,2,8,13,Returning_Visitor,False,False
5,28.49,4,8.16,17,1199.55,0.02,0.01,0.0,0.0,Mar,1,2,1,2,Returning_Visitor,False,False
3,72.28,0,0.0,61,1720.42,0.03,0.04,0.56,0.03,Oct,3,2,1,2,Returning_Visitor,True,False
1,8.11,0,1.43,2,315.06,0.0,0.07,0.0,0.03,Nov,2,2,6,2,Returning_Visitor,False,False
0,5.67,0,1.4,58,1228.28,0.01,0.03,0.0,0.03,Mar,2,2,1,3,Returning_Visitor,False,False
6,672.1,2,86.0,23,1134.97,0.0,0.01,0.0,0.0,Mar,1,1,1,3,Returning_Visitor,False,False
0,7.89,0,0.31,13,1265.59,0.01,0.02,1.57,0.0,Mar,2,4,1,8,Returning_Visitor,False,False
0,4.31,0,0.0,19,1181.29,0.01,0.02,2.93,0.03,Mar,2,2,1,2,Returning_Visitor,False,False
2,66.33,0,0.89,36,1211.67,0.0,0.02,22.24,0.03,Nov,2,1,2,2,Returning_Visitor,False,False
1,156.2,0,1.29,3,1239.93,0.0,0.02,60.99,0.0,Nov,2,2,1,3,Returning_Visitor,False,True
0,2.04,0,0.58,56,1198.09,0.01,0.02,1.9,0.03,Nov,2,2,1,2,Returning_Visitor,False,False
2,18.9,0,1.0,44,1410.12,0.01,0.01,0.0,0.4,May,2,2,4,3,Returning_Visitor,False,False
2,16.13,0,0.97,2,0.0,0.01,0.2,0.0,0.0,Nov,2,2,1,1,Returning_Visitor,False,False
3,64.5,0,1.43,26,1191.43,0.01,0.03,5.69,0.03,Nov,2,1,3,3,Returning_Visitor,False,False
2,120.39,0,231.88,73,870.13,0.01,0.02,17.06,0.0,Nov,2,2,1,2,Returning_Visitor,False,False
9,301.0,0,1.65,57,1186.01,0.01,0.03,0.45,0.0,Nov,2,2,1,1,Returning_Visitor,False,False
8,51.02,0,1.19,62,2714.96,0.01,0.02,18.17,0.0,Dec,2,2,1,2,Returning_Visitor,False,False
0,0.0,0,0.0,3,1110.21,0.01,0.1,0.0,0.2,Nov,3,2,1,3,Returning_Visitor,False,False
2,77.33,0,0.46,42,1397.11,0.01,0.02,18.39,0.03,Jul,2,2,2,2,Returning_Visitor,False,False
2,6.67,0,0.0,18,691.5,0.0,0.02,2.41,0.03,Nov,2,4,4,2,Returning_Visitor,False,False
0,0.0,0,0.63,54,1131.79,0.0,0.01,1.62,0.0,Mar,2,2,1,1,Returning_Visitor,True,True
9,281.65,0,0.0,22,1250.22,0.01,0.03,16.08,0.03,Nov,2,2,7,1,Returning_Visitor,False,True
3,65.5,0,1.42,11,263.0,0.0,0.02,39.97,0.0,Mar,2,2,1,2,Returning_Visitor,False,True
0,35.34,0,1.35,62,47.0,0.01,0.02,0.0,0.0,Nov,1,1,1,1,Returning_Visitor,False,False
0,0.0,0,1.9,52,254.5,0.0,0.03,0.0,0.0,Nov,2,2,1,3,Returning_Visitor,False,True
0,15.17,0,2.33,7,0.0,0.2,0.12,0.0,0.03,May,4,1,1,3,Returning_Visitor,False,False
3,19.27,1,15.31,69,1232.87,0.01,0.03,0.84,0.0,Nov,2,2,4,2,Returning_Visitor,False,False
1,16.04,0,0.0,6,1372.07,0.0,0.06,0.0,0.0,Nov,2,2,1,1,Returning_Visitor,False,False
2,12.96,0,0.0,49,1191.09,0.01,0.02,0.0,0.0,Nov,2,2,1,2,Returning_Visitor,True,False
3,20.55,0,0.0,25,1189.41,0.01,0.04,0.0,0.03,Mar,2,2,1,2,Returning_Visitor,False,False
3,0.0,0,0.0,1,0.0,0.2,0.13,0.19,0.03,Mar,3,2,1,1,Returning_Visitor,False,False
0,6.83,0,1.68,20,499.67,0.01,0.03,2.43,0.03,May,2,2,1,3,Returning_Visitor,False,False
0,0.0,0,1.21,13,1222.39,0.05,0.1,0.0,0.03,Mar,2,2,1,1,Returning_Visitor,False,False
2,85.48,0,1.21,227,1246.95,0.01,0.04,0.15,0.0,Mar,2,2,1,3,Returning_Visitor,False,False
3,16.33,0,0.0,23,1217.1,0.01,0.02,9.15,0.03,Mar,4,2,1,2,Returning_Visitor,False,True
3,11.34,0,1.69,57,1171.13,0.1,0.12,1.2,0.03,Nov,2,2,1,4,Returning_Visitor,False,False
0,26.49,0,0.0,3,474.46,0.19,0.13,0.2,0.04,May,1,2,1,3,Returning_Visitor,False,False
3,348.95,0,0.0,18,490.07,0.01,0.02,0.0,0.03,Mar,1,1,1,1,Returning_Visitor,False,False
2,168.17,0,0.0,70,1159.09,0.01,0.02,0.79,0.0,Nov,2,4,1,3,Returning_Visitor,False,False
2,26.57,0,0.0,62,1238.38,0.01,0.03,7.94,0.0,Nov,2,2,1,2,Returning_Visitor,False,False
5,44.28,0,0.0,93,1061.03,0.0,0.02,0.0,0.03,Nov,2,2,8,2,Returning_Visitor,False,False
2,13.77,3,306.33,18,483.83,0.01,0.02,0.88,0.03,Mar,2,2,1,1,Returning_Visitor,False,False
2,22.92,0,0.38,32,1215.95,0.0,0.01,0.91,0.03,May,2,2,1,4,Returning_Visitor,False,False
8,209.84,1,14.3,45,1313.93,0.01,0.02,8.8,0.03,Nov,4,2,4,2,Returning_Visitor,False,False
2,65.5,0,1.59,72,1130.88,0.0,0.01,0.0,0.03,May,2,2,4,3,Returning_Visitor,False,False
0,0.0,0,0.0,22,848.84,0.02,0.02,0.0,0.03,June,2,4,3,2,Returning_Visitor,False,False
3,25.67,0,1.48,51,1141.83,0.0,0.01,10.63,0.0,Nov,2,1,1,1,Returning_Visitor,False,True
0,23.95,0,1.02,69,767.52,0.03,0.09,0.0,0.0,Nov,2,2,1,3,Returning_Visitor,False,False
0,24.73,0,2.2,56,1239.97,0.07,0.13,0.6,0.0,June,2,2,1,1,Returning_Visitor,False,False
8,324.3,4,2.01,66,1303.16,0.0,0.01,0.0,0.03,Mar,2,2,1,2,Returning_Visitor,False,False
0,5.71,0,1.04,26,0.0,0.07,0.15,2.37,0.03,Nov,2,2,1,3,Returning_Visitor,False,False
3,18.81,2,3.78,11,145.67,0.01,0.02,0.59,0.0,Nov,1,2,1,2,Returning_Visitor,False,False
0,28.57,0,0.0,18,1555.91,0.05,0.06,1.57,0.03,Mar,1,1,9,1,Returning_Visitor,False,False
3,17.03,0,0.0,65,1091.36,0.02,0.03,11.77,0.03,Nov,2,2,3,1,Returning_Visitor,False,False
4,51.07,2,28.5,63,4729.07,0.0,0.03,9.06,0.0,Nov,2,2,1,2,Returning_Visitor,False,True
3,81.31,0,0.0,46,1942.93,0.01,0.01,5.06,0.03,May,2,1,1,2,Returning_Visitor,False,False
0,0.0,0,0.0,21,1236.91,0.02,0.01,59.82,0.03,Mar,1,1,1,2,Returning_Visitor,True,True
3,147.0,0,1.13,51,1186.52,0.0,0.02,1.96,0.03,Mar,3,2,1,1,Returning_Visitor,False,False
2,0.0,0,1.73,69,65.67,0.01,0.04,0.0,0.03,Sep,2,2,9,2,New_Visitor,False,False
1,0.0,0,0.55,24,854.33,0.0,0.01,10.39,0.03,Mar,4,2,1,3,Returning_Visitor,False,False
1,33.5,1,1.52,28,1421.25,0.01,0.03,2.16,0.0,Nov,2,2,1,1,Returning_Visitor,True,False
3,99.0,0,2.96,32,886.96,0.0,0.03,59.88,0.0,May,1,1,3,2,Returning_Visitor,False,False
2,313.22,1,24.45,34,1023.42,0.02,0.05,0.0,0.03,Dec,2,2,1,2,Returning_Visitor,False,False
9,159.9,0,1.84,121,3648.56,0.0,0.01,0.35,0.03,Nov,2,2,1,3,Returning_Visitor,False,False
10,332.88,2,49.3,82,992.48,0.0,0.01,1.11,0.0,Mar,3,2,3,2,Returning_Visitor,False,False
3,27.84,2,66.0,44,1049.3,0.0,0.01,0.0,0.0,Mar,2,2,1,3,Returning_Visitor,False,False
3,64.67,0,0.0,68,1333.14,0.01,0.0,28.01,0.03,Aug,2,2,4,2,New_Visitor,False,False
0,0.0,2,66.91,109,5731.05,0.01,0.02,0.0,0.03,Nov,2,2,1,2,Returning_Visitor,False,True
2,148.9,0,1.51,25,692.22,0.01,0.02,0.0,0.0,Oct,2,2,3,1,Returning_Visitor,False,False
1,10.68,0,1.52,26,556.92,0.02,0.02,1.51,0.03,Dec,3,2,1,2,Returning_Visitor,False,False
2,0.0,0,0.0,54,1096.64,0.0,0.02,0.54,0.03,Nov,1,1,1,2,Returning_Visitor,False,False
4,49.3,0,1.35,18,1568.69,0.02,0.03,0.0,0.03,June,1,1,3,3,Returning_Visitor,False,False
10,203.28,4,6.99,73,1244.84,0.0,0.02,4.24,0.03,Nov,4,2,4,2,Returning_Visitor,False,False
1,156.0,0,0.0,60,2126.46,0.01,0.02,0.33,0.0,Mar,3,2,2,2,Returning_Visitor,False,False
0,0.0,0,0.0,9,64.89,0.19,0.2,0.9,0.03,Mar,3,2,3,1,Returning_Visitor,True,False
2,46.0,1,1.96,68,1155.94,0.01,0.03,0.0,0.8,Mar,2,2,1,3,Returning_Visitor,False,False
0,0.0,0,1.35,55,1113.62,0.02,0.02,0.0,0.0,Nov,2,2,4,14,Returning_Visitor,True,False
1,0.0,0,1.97,20,64.73,0.19,0.13,1.36,0.03,Mar,4,1,1,2,Returning_Visitor,True,False
2,49.18,0,1.5,44,1130.76,0.01,0.03,53.22,0.4,May,2,2,2,2,Returning_Visitor,False,False
2,2.73,0,1.58,58,1185.69,0.01,0.05,0.0,0.0,Mar,2,2,1,2,Returning_Visitor,False,False
3,240.57,4,590.0,110,1093.24,0.01,0.03,1.69,0.0,Nov,2,2,4,3,Returning_Visitor,True,True
2,415.55,0,0.0,115,4424.62,0.02,0.02,13.29,0.03,Nov,2,4,1,1,Returning_Visitor,False,True
3,113.67,0,2.0,56,589.67,0.01,0.02,1.69,0.0,May,3,2,1,3,Returning_Visitor,True,False
10,878.71,2,256.5,86,3466.03,0.01,0.02,2.36,0.03,Mar,2,2,1,2,Returning_Visitor,False,False
0,9.21,0,1.56,87,8.0,0.01,0.02,1.94,0.0,Dec,2,1,1,2,New_Visitor,False,False
9,28.5,0,1.96,85,11232.66,0.0,0.02,4.72,0.03,Nov,2,2,1,2,Returning_Visitor,False,False
3,31.92,0,0.97,54,354.58,0.01,0.02,0.96,0.03,Nov,2,2,1,1,Returning_Visitor,False,False
0,31.84,0,0.78,29,1331.52,0.02,0.03,0.12,0.0,May,3,2,1,3,Returning_Visitor,False,False
0,22.7,0,1.05,10,0.0,0.19,0.2,0.34,0.03,Nov,2,2,1,1,Returning_Visitor,False,False
4,36.48,0,1.4,88,1366.46,0.0,0.01,11.36,0.0,Nov,2,5,1,2,Returning_Visitor,False,False
3,10.95,0,1.6,61,129.0,0.01,0.02,0.0,0.8,May,2,4,1,3,Returning_Visitor,False,False
3,105.76,1,8.0,61,2350.04,0.01,0.01,0.0,0.0,Nov,2,2,4,2,Returning_Visitor,False,False
0,21.59,0,1.2,45,1248.39,0.0,0.01,0.0,0.03,May,2,2,4,4,Returning_Visitor,True,False
1,31.79,0,0.99,16,1254.19,0.0,0.03,52.7,0.03,Mar,2,2,1,2,Returning_Visitor,False,True
3,10.07,0,0.0,3,115.15,0.0,0.07,2.69,0.03,Nov,2,4,1,2,Returning_Visitor,False,False
3,21.29,0,0.0,53,8.0,0.01,0.02,3.33,0.0,May,4,6,1,13,Returning_Visitor,False,False
0,0.0,0,0.0,26,1200.79,0.01,0.01,60.7,0.03,May,2,2,9,2,Returning_Visitor,False,True
2,0.0,0,0.0,11,1416.56,0.01,0.04,0.0,0.0,Mar,2,2,8,18,Returning_Visitor,False,False
3,54.05,0,0.57,59,1218.26,0.01,0.01,2.97,0.03,Nov,2,2,1,2,Returning_Visitor,False,False
1,75.42,0,105.0,21,752.57,0.01,0.02,7.07,0.03,Nov,1,2,4,2,Returning_Visitor,False,False
0,0.0,0,1.13,20,1164.58,0.05,0.02,0.0,0.0,Nov,3,2,3,2,Returning_Visitor,True,False
0,0.0,0,0.0,6,80.66,0.2,0.02,0.94,0.03,May,2,2,4,3,Returning_Visitor,False,False
0,3.11,0,0.47,63,907.5,0.01,0.02,0.0,0.03,Nov,2,2,1,2,New_Visitor,False,False
0,16.94,0,0.0,6,106.0,0.01,0.02,1.06,0.0,Nov,3,2,1,3,Returning_Visitor,False,False
3,13.1,0,0.0,62,979.9,0.0,0.02,4.96,0.03,Sep,2,2,1,2,Returning_Visitor,False,False
2,9.07,0,0.42,55,1510.71,0.01,0.01,1.41,0.03,Mar,2,2,1,2,Returning_Visitor,False,False
3,12.31,0,2.15,2,927.16,0.0,0.1,0.01,0.03,Nov,1,1,1,1,Returning_Visitor,False,False
9,29.53,0,54.92,63,1187.52,0.01,0.02,13.49,0.03,Nov,2,2,3,1,Returning_Visitor,False,True
0,0.0,0,0.0,6,1016.57,0.01,0.02,1.01,0.04,Mar,1,1,1,3,Returning_Visitor,True,False
3,408.41,2,61.35,54,1163.41,0.0,0.02,0.43,0.0,Dec,2,2,1,2,Returning_Visitor,True,True
0,54.66,0,1.7,58,120.0,0.01,0.03,0.0,0.03,Nov,2,4,9,2,Returning_Visitor,False,False
3,154.83,7,0.55,90,1247.16,0.01,0.01,0.57,0.0,Mar,3,2,1,2,Returning_Visitor,False,False
3,315.55,2,2.0,61,3211.34,0.01,0.01,23.63,0.03,Mar,2,2,9,2,Returning_Visitor,False,True
3,27.68,1,4.56,23,1218.54,0.01,0.02,21.93,0.03,May,2,2,1,2,Returning_Visitor,False,True
3,20.41,0,0.05,8,321.5,0.08,0.12,0.0,0.03,May,2,4,1,3,Returning_Visitor,False,False
1,0.0,0,0.0,21,1296.55,0.01,0.03,0.0,0.03,Nov,3,2,2,1,Returning_Visitor,True,False
2,26.11,0,0.0,80,1085.89,0.03,0.02,2.75,0.0,Nov,2,2,1,2,Returning_Visitor,False,False
8,302.08,0,2.36,81,1256.44,0.0,0.0,16.44,0.03,Nov,1,1,1,2,New_Visitor,False,False
3,902.16,2,1.38,63,901.09,0.0,0.02,1.22,0.0,Nov,2,5,1,5,Returning_Visitor,False,False
5,31.19,0,0.0,25,911.01,0.01,0.03,0.59,0.03,Nov,1,2,1,1,Returning_Visitor,False,False
1,30.97,0,1.83,63,1479.08,0.01,0.01,2.28,0.8,May,2,2,1,6,Returning_Visitor,False,False
0,2.24,0,0.0,57,1225.36,0.01,0.01,0.58,0.03,Mar,2,2,3,2,Returning_Visitor,False,False
2,37.89,0,0.79,12,86.63,0.01,0.02,3.61,0.0,Mar,2,2,1,2,Returning_Visitor,False,True
3,1.88,0,1.62,5,151.0,0.01,0.02,0.0,0.03,May,1,1,1,2,Returning_Visitor,False,False
3,30.53,0,0.07,85,768.5,0.0,0.02,19.14,0.03,May,2,5,1,3,Returning_Visitor,False,False
1,9.0,0,1.38,11,1174.65,0.0,0.02,61.0,0.03,May,2,2,1,2,Returning_Visitor,False,True
3,55.38,0,0.0,21,696.22,0.01,0.02,1.04,0.0,Nov,2,2,1,2,Returning_Visitor,False,False
3,34.87,0,0.88,68,2149.19,0.03,0.01,0.0,0.0,Aug,1,2,1,3,Returning_Visitor,False,False
0,12.14,0,0.0,52,1118.61,0.04,0.03,0.32,0.06,Nov,2,2,1,2,Returning_Visitor,True,False
0,1.7,0,0.0,46,1207.2,0.0,0.02,0.0,0.03,Nov,2,2,1,2,Returning_Visitor,False,False
3,23.67,0,1.44,47,2455.15,0.01,0.03,0.0,0.03,Nov,2,2,1,3,Returning_Visitor,False,False
3,53.59,2,24.36,61,4436.38,0.01,0.01,0.11,0.0,Nov,2,2,1,2,Returning_Visitor,False,True
3,0.0,0,0.0,76,41.0,0.01,0.03,0.46,0.0,Mar,2,2,1,3,Returning_Visitor,False,False
3,20.58,0,1.7,47,1353.91,0.01,0.01,0.0,0.0,Mar,2,2,1,2,Returning_Visitor,False,False
0,9.48,0,0.88,29,1115.85,0.18,0.2,0.9,0.0,Mar,2,2,1,3,Returning_Visitor,False,False
2,49.88,0,0.0,38,714.5,0.01,0.03,1.07,0.03,May,2,2,2,6,Returning_Visitor,False,False
1,16.57,0,1.08,98,12449.9,0.02,0.03,4.5,0.03,June,2,2,1,5,Returning_Visitor,False,False
3,104.0,1,12.03,69,1278.09,0.0,0.02,0.0,0.0,Mar,2,2,1,2,Returning_Visitor,True,False
0,0.0,0,0.64,6,163.94,0.0,0.02,0.52,0.03,Mar,1,1,1,2,Returning_Visitor,False,False
2,25.07,2,54.0,28,1193.36,0.02,0.02,9.51,0.0,Dec,3,2,1,2,Returning_Visitor,True,False
2,0.0,0,1.44,58,161.15,0.01,0.15,0.2,0.03,Aug,3,2,1,13,Returning_Visitor,False,False
15,44.99,2,18.63,73,2693.96,0.0,0.02,0.03,0.0,Mar,3,2,4,3,Returning_Visitor,False,False
3,60.28,0,0.36,57,1130.93,0.01,0.03,13.55,0.03,Nov,2,4,4,2,Returning_Visitor,False,True
10,363.33,0,0.0,53,2012.9,0.0,0.03,2.84,0.03,May,1,5,1,3,Returning_Visitor,False,False
0,1.97,0,0.0,27,1233.45,0.0,0.01,1.17,0.03,Mar,2,2,1,2,Returning_Visitor,False,False
0,12.93,0,1.0,44,504.0,0.0,0.02,0.0,0.0,May,2,1,3,1,Returning_Visitor,False,False
3,34.93,0,0.0,62,22.8,0.0,0.03,3.35,0.03,Mar,2,2,4,2,New_Visitor,False,False
2,0.0,0,0.0,20,1278.69,0.01,0.02,0.45,0.03,May,2,2,1,3,Returning_Visitor,True,False
1,16.09,0,0.75,16,272.17,0.01,0.03,0.0,0.03,May,3,2,1,3,Returning_Visitor,False,False
3,52.78,0,2.22,21,1162.75,0.01,0.02,3.43,0.03,Nov,2,2,1,2,Returning_Visitor,False,False
2,35.95,0,1.09,9,1283.88,0.01,0.05,0.0,0.03,Nov,2,2,1,3,Returning_Visitor,False,False
9,222.5,1,1.54,18,1267.16,0.0,0.01,1.56,0.03,Nov,2,2,1,1,Returning_Visitor,False,True
5,114.75,0,0.0,8,1283.79,0.02,0.02,0.96,0.0,Mar,2,2,4,2,Returning_Visitor,False,False
3,48.83,0,370.88,69,1308.36,0.03,0.01,4.92,0.03,May,2,2,1,2,Returning_Visitor,False,False
1,12.82,0,0.92,16,1214.75,0.0,0.02,1.22,0.0,Mar,2,2,1,1,Returning_Visitor,False,False
0,0.0,0,0.41,19,950.0,0.02,0.01,4.01,0.03,May,1,2,1,2,Returning_Visitor,False,False
2,724.0,0,2.0,65,1356.48,0.0,0.01,6.72,0.03,Mar,3,2,9,7,New_Visitor,False,False
4,52.49,0,1.24,29,1821.26,0.0,0.02,1.5,0.03,Nov,1,2,9,4,Returning_Visitor,False,False
3,20.25,0,0.0,49,1267.21,0.02,0.01,0.0,0.03,Mar,2,2,1,3,Returning_Visitor,False,False
3,0.0,0,63.5,55,1179.52,0.04,0.03,1.21,0.03,Mar,2,2,1,11,Returning_Visitor,False,True
0,21.68,0,1.06,23,1194.29,0.03,0.06,0.0,0.03,Nov,2,2,1,3,Returning_Visitor,False,False
0,7.28,0,1.17,58,1536.05,0.01,0.02,0.0,0.03,Mar,2,4,3,3,Returning_Visitor,False,False
0,0.0,0,3.82,72,1045.83,0.0,0.03,0.0,0.2,Feb,1,1,3,3,Returning_Visitor,False,False
0,6.38,0,0.91,18,1190.33,0.01,0.02,0.0,0.0,Mar,2,2,1,2,Returning_Visitor,True,False
3,117.0,0,2.11,5,1290.03,0.01,0.03,4.89,0.03,Mar,2,2,1,5,New_Visitor,False,False
0,5.19,0,1.63,4,42.0,0.01,0.05,1.93,0.03,Nov,2,10,1,3,Returning_Visitor,False,False
0,0.0,0,0.0,66,962.3,0.07,0.1,0.0,0.0,May,2,2,1,3,Returning_Visitor,False,False
3,46.21,0,1.14,66,2436.61,0.0,0.04,27.31,0.03,Nov,2,2,1,2,Returning_Visitor,False,False
3,39.2,0,2.01,19,73.53,0.05,0.08,0.67,0.03,Oct,3,2,1,13,Returning_Visitor,False,False
8,35.47,5,81.4,25,1070.15,0.01,0.04,0.58,0.03,Aug,2,2,3,2,Returning_Visitor,False,False
3,0.0,0,1.26,11,292.9,0.01,0.02,0.0,0.03,Feb,2,4,3,1,Returning_Visitor,False,False
0,14.41,0,0.0,35,867.0,0.02,0.05,0.0,0.03,Mar,2,1,1,3,Returning_Visitor,False,False
1,313.0,0,0.0,40,1552.51,0.01,0.05,1.71,0.0,Dec,4,2,1,4,Returning_Visitor,True,False
3,114.33,0,4.86,72,1247.36,0.01,0.02,0.0,0.03,Nov,3,2,3,3,Returning_Visitor,False,False
3,25.1,0,0.0,58,72.9,0.0,0.03,2.18,0.03,Nov,2,2,9,5,Returning_Visitor,False,False
3,32.75,0,0.0,46,1206.01,0.0,0.02,57.5,0.0,Mar,2,2,1,3,Returning_Visitor,False,True
2,38.46,0,0.0,55,1195.7,0.01,0.03,1.23,0.0,May,2,2,1,4,Returning_Visitor,False,False
4,62.56,2,61.22,29,3516.47,0.01,0.02,0.0,0.03,Mar,2,2,4,2,Returning_Visitor,False,True
3,28.72,0,1.26,1,1410.55,0.2,0.2,2.15,0.03,Feb,1,1,1,3,Returning_Visitor,False,False
9,666.0,0,1.11,53,1209.03,0.02,0.04,9.21,0.0,Mar,2,2,1,1,Returning_Visitor,False,False
3,23.76,0,0.0,69,1235.9,0.0,0.03,1.43,0.0,Nov,1,2,1,2,Returning_Visitor,False,True
3,33.22,0,0.0,3,1319.51,0.04,0.02,2.32,0.03,May,3,2,1,3,Returning_Visitor,False,False
2,11.5,0,1.68,58,1207.13,0.0,0.02,33.11,0.03,Nov,2,2,1,2,Returning_Visitor,False,False
3,103.59,0,1.99,59,1012.49,0.0,0.03,1.88,0.0,Oct,2,2,1,3,Returning_Visitor,False,False
10,109.98,2,132.0,24,1106.1,0.01,0.03,0.0,0.03,Mar,2,2,1,3,Returning_Visitor,False,False
0,0.0,0,0.0,57,217.65,0.01,0.03,6.29,0.03,Nov,2,2,7,3,Returning_Visitor,False,False
0,20.74,0,1.9,55,390.34,0.01,0.06,4.52,0.0,May,2,2,3,11,Returning_Visitor,False,False
1,0.0,0,0.86,70,1784.52,0.0,0.02,0.88,0.0,Nov,2,1,1,2,Returning_Visitor,False,False
2,21.07,0,3.37,17,1249.61,0.0,0.01,4.69,0.03,Feb,3,2,6,2,Returning_Visitor,True,False
2,277.67,0,32.0,32,918.91,0.03,0.02,0.64,0.0,Mar,3,2,8,2,Returning_Visitor,False,False
6,26.63,0,0.91,20,88.95,0.01,0.03,0.67,0.03,May,2,2,2,3,Returning_Visitor,False,False
7,357.75,0,1.57,56,2971.44,0.0,0.01,24.09,0.03,Dec,2,2,1,2,Returning_Visitor,False,False
0,5.28,0,0.59,73,219.64,0.05,0.2,0.0,0.03,Mar,2,2,3,3,Returning_Visitor,True,False
5,48.91,1,3.43,54,873.64,0.01,0.02,10.66,0.0,Sep,3,2,1,3,Returning_Visitor,False,False
0,0.0,0,1.44,59,986.31,0.01,0.04,0.33,0.03,Nov,2,2,1,1,Returning_Visitor,False,False
3,52.0,0,1.29,59,1224.12,0.01,0.03,27.32,0.0,Nov,2,2,1,2,Returning_Visitor,False,True
0,13.58,0,0.0,51,351.99,0.02,0.05,0.0,0.03,Mar,2,2,3,3,Returning_Visitor,False,False
2,0.0,0,1.54,79,296.77,0.0,0.02,0.99,0.03,Nov,1,8,7,3,Returning_Visitor,False,False
0,0.0,0,0.0,57,113.25,0.01,0.08,1.04,0.03,Dec,2,2,4,3,Returning_Visitor,False,False
2,10.17,0,8.1,44,1180.37,0.06,0.02,0.0,0.0,Nov,2,2,3,3,Returning_Visitor,False,False
4,260.76,4,155.38,128,4391.88,0.01,0.03,0.5,0.0,Nov,1,2,1,2,Returning_Visitor,False,False
0,0.0,0,0.0,66,1190.16,0.0,0.01,0.68,0.03,Nov,2,1,1,3,Returning_Visitor,False,False
3,23.06,0,1.74,51,1267.98,0.01,0.04,3.62,0.03,Aug,2,4,1,2,Returning_Visitor,False,False
0,10.17,0,0.0,65,927.91,0.0,0.04,1.85,0.03,Mar,2,2,1,3,Returning_Visitor,False,False
1,0.0,0,1.07,53,1289.24,0.0,0.01,0.0,0.03,May,2,2,3,2,New_Visitor,True,False
5,150.7,0,2.18,23,1118.5,0.01,0.03,0.0,0.0,Nov,1,2,1,2,Returning_Visitor,False,False
2,32.69,0,0.0,86,3334.51,0.03,0.03,0.0,0.0,Aug,2,2,1,2,Returning_Visitor,False,False
7,356.41,2,26.9,59,1265.05,0.01,0.02,2.15,0.0,Oct,4,2,6,2,Returning_Visitor,False,False
3,32.59,0,2.2,21,1209.69,0.01,0.02,0.0,0.03,Nov,2,2,7,4,Returning_Visitor,False,False
2,21.88,0,923.9,54,7243.65,0.02,0.02,8.99,0.03,Aug,2,2,8,3,Returning_Visitor,False,True
3,274.71,0,1.79,64,1223.04,0.0,0.02,11.44,0.03,Nov,1,1,3,2,Returning_Visitor,False,False
0,0.0,0,0.0,23,1283.37,0.01,0.02,0.9,0.0,Mar,3,2,1,10,Returning_Visitor,False,False
4,55.75,0,1.03,85,1402.47,0.0,0.02,2.51,0.03,Nov,2,2,1,2,Returning_Visitor,False,False
0,0.0,0,1.25,44,1277.94,0.01,0.02,0.0,0.03,Feb,2,2,1,1,Returning_Visitor,False,False
2,42.37,0,0.39,62,1197.93,0.02,0.03,2.41,0.03,Mar,2,2,1,1,Returning_Visitor,False,False
2,0.0,0,1830.5,49,5000.74,0.0,0.03,0.0,0.03,Nov,2,2,1,3,Returning_Visitor,True,False
0,4.74,0,0.0,46,1152.48,0.0,0.03,0.0,0.0,Nov,2,4,1,2,Returning_Visitor,False,False
3,65.74,1,13.53,37,1203.6,0.02,0.04,5.37,0.03,Mar,2,2,8,2,Returning_Visitor,True,False
0,0.0,0,0.0,15,1354.57,0.01,0.02,2.59,0.03,Mar,2,2,1,10,Returning_Visitor,False,False
3,0.0,0,1.35,8,773.39,0.01,0.04,0.0,0.03,Mar,2,2,1,10,Returning_Visitor,False,False
15,272.18,0,1.31,343,4018.19,0.01,0.02,0.27,0.0,Nov,2,2,1,3,Returning_Visitor,False,False
3,94.7,0,1.25,23,1190.18,0.0,0.03,7.81,0.03,Aug,3,2,3,2,Returning_Visitor,False,False
2,34.01,0,0.0,27,1192.53,0.0,0.02,1.22,0.03,Nov,3,2,1,11,Returning_Visitor,False,False
3,4.92,2,54.48,194,5659.5,0.0,0.02,5.53,0.03,Mar,2,2,3,2,Returning_Visitor,False,True
0,0.0,0,1.47,56,2101.73,0.01,0.03,0.03,0.03,May,2,2,3,1,Returning_Visitor,False,False
2,26.91,0,11.54,67,4293.4,0.04,0.03,0.75,0.03,Nov,2,2,1,1,Returning_Visitor,False,False
0,26.83,0,1.31,5,1027.3,0.03,0.02,64.96,0.0,Dec,2,2,9,20,Returning_Visitor,False,True
3,0.0,0,242.8,43,1243.55,0.01,0.03,0.0,0.03,Nov,2,2,1,2,Returning_Visitor,False,False
0,13.28,0,0.0,60,691.25,0.01,0.03,2.25,0.03,Nov,2,6,3,1,Returning_Visitor,False,False
0,4.52,0,1.27,30,1300.3,0.0,0.04,60.15,0.0,Mar,2,2,1,2,New_Visitor,False,True
6,87.98,2,19.0,23,1214.76,0.01,0.03,13.91,0.03,Dec,1,1,1,2,Returning_Visitor,True,True
3,125.25,0,136.69,146,5820.29,0.01,0.01,26.15,0.03,Nov,2,2,1,2,Returning_Visitor,True,True
3,21.1,1,1.45,61,1211.38,0.01,0.01,1.04,0.03,May,2,2,1,3,Returning_Visitor,False,False
2,19.43,0,1.12,61,1176.89,0.03,0.04,2.37,0.03,Nov,2,2,2,1,Returning_Visitor,False,False
0,0.0,0,1.24,14,1192.51,0.03,0.04,0.22,0.0,Nov,3,2,1,2,Returning_Visitor,True,False
0,8.44,0,0.0,1,0.0,0.13,0.14,0.33,0.0,Nov,2,2,4,3,Returning_Visitor,False,False
0,1.7,0,0.0,63,1768.66,0.0,0.02,0.0,0.03,Mar,2,4,3,2,Returning_Visitor,False,False
0,0.0,0,0.0,18,588.5,0.05,0.15,0.0,0.03,Dec,2,2,4,1,Returning_Visitor,False,False
4,330.67,2,17.37,74,589.25,0.0,0.01,1.47,0.03,Jul,1,1,4,4,Returning_Visitor,False,False
3,51.0,0,0.2,59,698.83,0.01,0.01,5.24,0.03,Mar,2,2,1,3,Returning_Visitor,False,False
10,169.79,1,0.81,32,1547.62,0.0,0.01,13.04,0.0,Nov,2,2,1,1,Returning_Visitor,False,False
2,0.0,0,0.0,95,62.4,0.02,0.02,23.79,0.03,Nov,2,2,3,3,Returning_Visitor,False,True
2,60.29,0,0.0,57,108.5,0.01,0.05,3.73,0.03,Mar,3,2,2,2,Returning_Visitor,False,False
0,2.58,0,0.94,16,1223.21,0.0,0.02,3.36,0.6,May,2,2,1,3,Returning_Visitor,False,False
3,22.27,3,277.13,48,700.05,0.01,0.02,0.0,0.03,Mar,2,1,1,3,Returning_Visitor,True,False
5,13.61,2,1.48,47,60.5,0.01,0.05,0.0,0.03,Dec,2,5,1,8,Returning_Visitor,False,False
8,162.5,0,1.15,37,156.5,0.02,0.03,0.0,0.0,Mar,2,1,1,2,New_Visitor,False,False
3,55.58,0,1.12,4,42.58,0.0,0.03,0.0,0.0,Mar,2,2,1,8,New_Visitor,False,False
3,21.5,4,81.0,64,5091.89,0.01,0.03,4.32,0.03,Nov,2,2,1,2,Returning_Visitor,True,True
1,0.0,0,0.0,63,1145.14,0.03,0.03,0.0,0.03,May,2,2,1,4,Returning_Visitor,False,False
1,24.35,0,1.33,65,764.13,0.0,0.01,1.17,0.03,June,2,2,1,4,Returning_Visitor,False,False
10,53.88,0,60.0,24,1232.1,0.0,0.03,5.69,0.03,Nov,2,2,1,3,Returning_Visitor,False,False
3,55.9,0,0.0,10,158.97,0.02,0.02,1.07,0.0,Nov,2,1,1,2,Returning_Visitor,True,True
0,0.0,0,0.0,18,1317.85,0.02,0.02,0.0,0.03,Nov,3,2,2,1,Returning_Visitor,False,False
3,14.73,0,0.96,71,794.49,0.01,0.05,0.0,0.6,May,2,2,1,2,Returning_Visitor,False,False
2,24.49,0,1.69,10,392.5,0.01,0.03,42.84,0.0,Mar,1,2,2,2,New_Visitor,False,True
7,238.47,2,2.1,67,1063.87,0.01,0.04,18.14,0.03,May,2,1,1,4,Returning_Visitor,True,False
1,0.0,0,0.0,19,1296.8,0.05,0.1,0.67,0.0,May,2,2,1,3,Returning_Visitor,False,False
0,46.63,0,1.25,2,79.85,0.19,0.13,0.41,0.03,Mar,1,1,1,3,Returning_Visitor,False,False
11,326.41,0,1.23,47,1264.55,0.01,0.02,6.13,0.03,May,2,2,5,3,Returning_Visitor,False,True
0,0.0,0,1.61,423,1141.4,0.01,0.02,0.25,0.0,May,2,2,7,3,Returning_Visitor,False,False
3,18.31,0,1.34,22,724.55,0.0,0.02,7.11,0.03,Nov,2,2,1,3,Returning_Visitor,False,True
4,23.28,0,0.0,60,1226.44,0.0,0.01,56.45,0.0,Nov,2,2,1,3,New_Visitor,False,True
3,43.54,0,1.24,54,1361.94,0.0,0.02,4.65,0.03,Sep,2,2,1,5,New_Visitor,False,False
3,19.2,0,0.0,11,663.5,0.0,0.0,0.0,0.03,Mar,2,2,6,3,Returning_Visitor,False,False
5,263.73,0,1.45,62,6079.82,0.01,0.02,1.89,0.03,Nov,2,2,1,2,Returning_Visitor,False,False
2,0.0,0,1.67,61,2574.73,0.0,0.02,27.41,0.0,May,2,2,5,2,Returning_Visitor,False,False
3,27.87,0,0.87,10,316.6,0.0,0.02,1.92,0.0,Nov,2,2,1,3,Returning_Visitor,False,False
1,0.0,0,1.39,90,1115.57,0.01,0.03,3.98,0.03,Nov,2,2,1,3,Returning_Visitor,False,False
0,0.0,0,324.5,54,1220.27,0.02,0.03,0.0,0.0,Nov,2,2,1,3,New_Visitor,False,False
1,6.43,0,0.0,24,1203.52,0.01,0.06,1.45,0.03,Mar,2,2,1,2,Returning_Visitor,False,False
3,30.35,0,0.0,55,847.31,0.01,0.06,0.89,0.03,Mar,2,2,8,3,Returning_Visitor,False,False
4,252.67,0,7.13,67,1220.46,0.03,0.03,0.13,0.03,Nov,2,2,1,3,Returning_Visitor,False,True
2,604.5,6,0.78,50,1409.94,0.02,0.02,0.0,1.0,May,2,1,3,15,Returning_Visitor,False,False
2,9.7,0,1.56,63,1107.27,0.06,0.07,39.04,0.03,Mar,2,2,1,2,Returning_Visitor,False,False
0,0.0,0,1.24,14,978.61,0.02,0.03,3.86,0.0,Dec,2,2,1,2,New_Visitor,False,False
1,90.0,0,0.87,31,1208.41,0.03,0.04,0.0,0.4,Mar,3,2,6,3,Returning_Visitor,False,False
2,14.68,1,6.91,39,474.67,0.01,0.01,33.41,0.0,Nov,2,2,1,2,Returning_Visitor,False,True
0,0.0,0,1.71,43,1257.02,0.05,0.14,0.74,0.03,Nov,2,2,1,3,Returning_Visitor,False,False
0,15.34,0,1.34,16,165.0,0.04,0.1,0.82,0.03,Mar,2,2,1,3,Returning_Visitor,False,False
4,58.79,0,1.28,14,337.53,0.01,0.04,0.0,0.0,Aug,2,2,1,2,New_Visitor,False,False
0,14.7,0,0.0,13,17.0,0.05,0.13,0.0,0.03,May,1,2,3,3,Returning_Visitor,False,False
3,19.67,0,7.94,147,1246.33,0.01,0.02,0.0,0.03,Nov,2,2,1,2,Returning_Visitor,False,False
0,0.0,0,1.74,8,1165.8,0.06,0.02,0.22,0.0,Nov,3,2,3,3,Returning_Visitor,False,False
1,9.24,0,0.0,55,0.0,0.2,0.14,0.0,0.04,May,3,2,1,3,Returning_Visitor,False,False
1,0.0,0,0.87,60,1292.95,0.06,0.03,0.85,0.0,Dec,3,2,3,2,Returning_Visitor,False,False
1,44.74,0,0.97,26,1198.12,0.02,0.04,7.02,0.03,Mar,2,2,1,3,Returning_Visitor,False,True
3,26.0,0,0.0,38,1092.73,0.01,0.04,2.3,0.03,Mar,2,2,1,3,Returning_Visitor,False,False
2,0.0,0,0.0,52,1240.95,0.02,0.05,1.58,0.03,Nov,2,2,3,3,Returning_Visitor,True,False
0,5.49,0,0.58,16,705.44,0.19,0.14,0.0,0.03,Dec,2,2,1,3,Returning_Visitor,False,False
11,33.45,0,0.0,74,4637.54,0.0,0.01,17.28,0.0,Nov,2,2,1,3,Returning_Visitor,False,False
4,92.0,2,54.26,46,755.0,0.0,0.02,0.0,0.03,Mar,3,2,1,3,New_Visitor,False,False
1,47.4,0,1.43,68,1352.95,0.0,0.03,4.15,0.03,Sep,2,2,1,3,New_Visitor,True,False
2,11.57,0,1.32,42,984.27,0.03,0.02,0.7,0.0,Nov,3,2,1,3,Returning_Visitor,True,False
0,0.0,0,1.15,15,1275.13,0.01,0.01,9.98,0.03,Dec,2,5,1,1,Returning_Visitor,True,True
0,0.0,0,1.86,9,17.0,0.02,0.03,0.0,0.03,Mar,1,1,1,1,Returning_Visitor,False,False
3,15.5,0,1.13,67,1181.9,0.01,0.03,4.57,0.03,Nov,2,2,1,3,Returning_Visitor,False,False
0,0.0,0,0.0,4,36.0,0.05,0.15,0.79,0.03,Mar,2,2,1,1,Returning_Visitor,False,False
3,47.68,0,1.45,222,3219.51,0.0,0.02,3.0,0.0,Nov,2,2,2,2,Returning_Visitor,False,False
0,13.21,0,1.46,33,471.42,0.01,0.01,4.1,0.03,Nov,3,2,3,3,New_Visitor,False,False
0,0.0,0,0.72,10,408.0,0.01,0.02,88.78,0.03,Mar,2,2,1,2,Returning_Visitor,False,True
3,301.7,0,0.0,56,1227.86,0.0,0.02,0.0,0.0,Oct,2,2,1,3,Returning_Visitor,False,False
1,0.0,0,2.33,1,1188.07,0.01,0.02,0.0,0.0,May,1,1,4,1,Returning_Visitor,False,False
3,77.5,0,1.23,94,69.35,0.03,0.04,3.2,0.0,Mar,3,2,1,2,Returning_Visitor,False,False
1,18.97,0,0.0,59,2502.82,0.01,0.01,3.25,0.03,Mar,4,2,1,3,Returning_Visitor,False,False
1,49.29,0,1.77,52,1236.75,0.05,0.02,0.0,0.03,May,3,2,2,2,Returning_Visitor,False,False
0,25.96,0,1.49,55,1260.71,0.02,0.07,0.0,0.0,Nov,2,6,1,3,Returning_Visitor,False,False
0,29.09,0,0.0,1,0.0,0.2,0.2,0.46,0.03,Nov,4,1,1,2,Returning_Visitor,False,False
8,183.0,4,571.5,14,333.6,0.02,0.01,0.81,0.0,Mar,1,1,1,3,Returning_Visitor,False,True
0,3.42,0,0.47,17,1248.9,0.01,0.02,2.15,0.03,Mar,2,2,3,3,Returning_Visitor,False,False
1,6.0,0,1.32,16,339.75,0.0,0.05,0.0,0.03,Nov,2,2,5,3,Returning_Visitor,False,False
1,8.94,0,1.33,100,1022.98,0.04,0.04,1.91,0.0,Nov,3,2,1,2,Returning_Visitor,False,True
3,33.53,0,2.7,54,2961.48,0.01,0.03,0.0,0.0,May,2,2,1,4,Returning_Visitor,False,False
3,10.85,1,49.89,49,1267.43,0.0,0.02,3.32,0.0,Nov,1,2,1,2,Returning_Visitor,False,False
5,15.1,2,81.0,46,2295.18,0.01,0.01,21.02,0.03,Mar,2,2,4,3,Returning_Visitor,False,False
7,92.5,0,0.0,67,1100.31,0.0,0.03,53.99,0.03,Mar,2,2,1,3,Returning_Visitor,False,False
0,0.0,0,0.67,14,1182.09,0.01,0.03,0.0,0.03,Mar,2,2,1,3,Returning_Visitor,False,False
0,13.35,0,0.0,40,1198.72,0.09,0.03,0.0,0.04,Mar,3,2,1,2,Returning_Visitor,False,False
3,398.07,1,19.2,17,1249.03,0.06,0.02,0.0,0.03,Nov,2,2,3,2,Returning_Visitor,False,False
3,0.0,0,1.62,3,1236.18,0.1,0.02,6.3,0.6,May,2,2,1,1,Returning_Visitor,False,False
2,96.81,0,0.0,72,1283.61,0.04,0.02,21.6,0.03,Mar,2,2,1,3,Returning_Visitor,False,False
0,0.0,0,0.0,18,1123.31,0.01,0.04,0.4,0.03,Mar,2,2,1,3,Returning_Visitor,False,False
1,15.42,0,0.0,51,837.37,0.04,0.03,0.0,0.0,Nov,3,2,3,2,Returning_Visitor,False,False
0,0.0,0,0.0,9,1530.28,0.03,0.02,0.02,0.03,Mar,2,2,1,1,Returning_Visitor,False,False
0,26.36,0,0.0,9,1258.65,0.01,0.03,1.65,0.0,Mar,2,2,1,2,New_Visitor,False,False
2,30.5,0,0.75,62,0.0,0.19,0.08,0.88,0.03,Feb,2,2,1,3,Returning_Visitor,False,False
3,53.94,0,1.27,57,1274.19,0.01,0.01,4.61,0.0,May,2,2,1,2,Returning_Visitor,False,False
2,15.85,1,6.69,54,2058.6,0.01,0.01,12.74,0.03,Nov,3,2,1,10,Returning_Visitor,False,True
0,21.92,0,1.83,37,322.75,0.05,0.02,7.42,0.0,Nov,2,2,2,2,Returning_Visitor,False,False
1,101.43,0,0.0,3,558.79,0.03,0.12,1.4,0.0,May,3,2,1,3,Returning_Visitor,False,False
0,34.57,0,0.0,18,212.0,0.04,0.04,0.0,0.03,Mar,3,2,3,3,Returning_Visitor,False,False
3,1.94,0,4.95,54,2076.97,0.01,0.02,3.53,0.0,Dec,2,2,1,2,Returning_Visitor,False,False
3,22.53,0,1.82,66,177.4,0.01,0.03,0.0,0.48,May,2,2,1,4,Returning_Visitor,False,False
0,19.37,0,0.0,5,277.5,0.0,0.04,1.61,0.03,Nov,2,2,1,3,Returning_Visitor,False,True
3,28.0,0,0.93,14,1228.01,0.01,0.02,0.0,0.03,Nov,1,1,3,3,Returning_Visitor,False,False
0,0.0,0,1.2,53,530.0,0.01,0.01,0.97,0.03,May,2,2,1,4,Returning_Visitor,True,False
1,13.0,0,1.12,14,1316.78,0.01,0.01,1.91,0.0,Mar,2,5,1,3,Returning_Visitor,False,False
0,6.4,0,1.32,16,1174.24,0.04,0.03,0.31,0.03,Nov,2,2,1,2,Returning_Visitor,False,False
10,549.0,0,608.45,213,1088.64,0.01,0.02,2.57,0.0,Oct,2,2,1,2,Returning_Visitor,False,True
4,15.39,2,48.0,54,1141.57,0.01,0.03,0.0,0.03,May,2,2,1,4,Returning_Visitor,False,False
3,28.06,0,0.0,14,731.5,0.01,0.02,0.0,0.0,Nov,2,2,4,2,Returning_Visitor,False,True
1,3.0,0,2.12,63,1447.31,0.01,0.02,0.0,0.0,Mar,3,2,4,3,Returning_Visitor,False,False
3,38.49,0,0.0,68,5389.88,0.01,0.02,0.0,0.0,Nov,3,2,1,3,Returning_Visitor,False,False
2,26.91,0,0.69,29,1230.51,0.0,0.02,2.74,0.03,May,2,2,1,3,Returning_Visitor,False,False
2,275.33,2,1.39,19,719.88,0.02,0.02,3.39,0.0,Sep,2,2,5,5,Returning_Visitor,False,True
3,49.62,0,1.17,35,1211.9,0.01,0.02,12.27,0.03,Nov,2,2,1,2,Returning_Visitor,False,True
0,0.0,0,0.0,2,0.0,0.19,0.14,0.33,0.03,May,1,1,1,1,Returning_Visitor,False,False
3,21.63,0,63.0,52,1313.66,0.0,0.02,0.0,0.03,Nov,3,2,1,10,Returning_Visitor,False,False
0,0.0,0,0.0,46,1356.04,0.0,0.03,0.0,0.0,Mar,2,2,1,10,Returning_Visitor,False,False
0,26.0,0,0.0,13,227.98,0.03,0.03,0.0,0.03,Mar,2,2,3,2,Returning_Visitor,False,False
0,0.0,0,0.0,52,130.17,0.06,0.02,3.47,0.0,Nov,2,2,3,8,Returning_Visitor,False,False
0,8.25,0,1.22,61,1193.04,0.02,0.04,0.05,0.0,Mar,3,2,1,2,Returning_Visitor,False,False
0,0.0,0,0.0,9,959.13,0.05,0.13,0.0,0.03,Mar,2,2,1,3,Returning_Visitor,False,False
0,31.65,0,0.0,4,34.2,0.05,0.03,2.72,0.0,Mar,2,2,1,2,Returning_Visitor,False,False
0,29.21,0,0.0,64,1091.24,0.02,0.02,0.0,0.0,Nov,4,2,6,8,Returning_Visitor,False,False
1,17.5,0,1.63,17,1220.91,0.01,0.0,51.61,0.03,May,2,2,4,2,Returning_Visitor,False,True
3,18.74,3,1.41,54,1381.75,0.01,0.03,0.0,0.03,Nov,2,2,1,3,Returning_Visitor,True,False
3,57.08,0,7.39,30,1288.73,0.01,0.01,44.14,0.0,Mar,1,2,3,2,Returning_Visitor,False,False
0,14.67,0,0.0,3,169.43,0.06,0.03,0.0,0.03,Mar,3,2,1,1,Returning_Visitor,False,False
0,0.0,0,0.3,52,1200.85,0.0,0.02,0.47,0.03,Mar,2,4,1,2,Returning_Visitor,False,False
10,706.56,0,1.22,53,869.07,0.01,0.02,0.0,0.0,Nov,3,2,1,1,Returning_Visitor,False,False
3,32.9,0,0.0,87,165.1,0.02,0.02,0.53,0.0,Sep,2,2,1,3,New_Visitor,True,False
0,24.41,0,0.0,11,257.75,0.01,0.02,0.0,0.03,Mar,2,2,1,2,Returning_Visitor,False,False
0,0.0,0,1.93,11,1173.91,0.01,0.02,0.0,0.83,May,3,2,1,2,Returning_Visitor,True,False
1,25.5,0,0.0,49,1223.05,0.01,0.01,0.38,0.0,Dec,2,2,1,3,New_Visitor,False,False
3,23.51,0,0.0,60,1216.73,0.0,0.01,33.78,0.03,Nov,2,2,1,2,Returning_Visitor,False,True
3,27.21,0,0.0,59,1585.67,0.03,0.06,3.44,0.03,Mar,2,2,1,1,Returning_Visitor,False,False
3,32.44,4,36.28,24,1130.67,0.01,0.03,6.48,0.03,Nov,2,4,4,1,Returning_Visitor,False,True
5,175.92,0,0.93,14,1199.11,0.01,0.05,0.0,0.0,Dec,2,2,1,2,Returning_Visitor,False,True
2,9.57,0,0.0,32,1169.98,0.0,0.03,0.4,0.0,Nov,3,2,1,2,Returning_Visitor,True,True
7,198.26,4,1.21,81,2237.76,0.01,0.02,3.1,0.03,Mar,3,2,3,6,Returning_Visitor,False,False
3,237.83,0,3.22,66,1255.04,0.03,0.03,1.44,0.03,May,2,2,7,3,Returning_Visitor,True,False
3,23.3,0,1.03,33,1278.04,0.01,0.02,20.86,0.03,Mar,2,2,1,10,Returning_Visitor,False,True
3,17.44,0,365.25,49,1171.13,0.01,0.02,0.0,0.03,Dec,2,2,1,3,Returning_Visitor,True,False
2,9.86,0,0.13,59,1184.15,0.0,0.02,0.0,0.0,May,2,2,1,1,Returning_Visitor,False,False
1,12.96,0,0.0,63,549.92,0.01,0.01,0.0,0.03,May,2,2,1,4,Returning_Visitor,False,False
2,8.6,0,1.0,22,1227.46,0.04,0.12,0.0,0.03,Nov,2,2,4,3,Returning_Visitor,False,False
3,25.28,0,0.0,77,1038.0,0.01,0.03,0.0,0.03,Nov,2,2,1,3,Returning_Visitor,False,False
3,47.9,0,0.0,65,1167.22,0.0,0.02,0.89,0.0,Nov,1,1,1,8,Returning_Visitor,False,True
3,49.93,0,33.0,73,1350.41,0.01,0.03,2.71,0.03,Nov,2,2,1,8,New_Visitor,False,True
1,25.21,0,0.0,20,1230.3,0.01,0.02,0.0,0.8,May,3,2,1,3,Returning_Visitor,False,False
0,0.0,0,1.37,63,96.0,0.01,0.02,2.51,0.0,Nov,2,4,1,2,New_Visitor,False,True
2,39.0,0,1.46,57,1159.34,0.01,0.02,1.15,0.03,Mar,3,8,3,2,Returning_Visitor,False,False
3,1.66,0,1.49,23,1223.0,0.0,0.02,0.0,0.03,Nov,2,1,1,2,Returning_Visitor,False,False
0,0.0,0,0.0,14,264.08,0.01,0.02,0.27,0.0,Mar,2,2,2,1,Returning_Visitor,False,False
1,18.47,0,6.03,79,1267.29,0.0,0.02,3.11,0.03,Dec,1,1,1,2,Returning_Visitor,False,False
2,0.0,0,1.03,50,98.73,0.0,0.03,0.0,0.03,Mar,3,2,1,2,Returning_Visitor,True,False
6,83.4,2,102.3,66,970.63,0.01,0.02,0.0,0.03,Nov,1,2,1,2,Returning_Visitor,False,False
1,2.88,0,1.29,61,1276.71,0.01,0.02,5.57,0.03,Mar,2,2,1,3,Returning_Visitor,False,True
0,0.0,0,0.0,5,68.89,0.02,0.13,0.19,0.0,Nov,1,1,1,1,New_Visitor,False,False
4,15.0,0,4.0,64,950.62,0.01,0.01,0.0,0.0,Nov,2,2,1,3,New_Visitor,False,False
7,147.84,0,0.56,59,1638.28,0.01,0.01,21.37,0.03,Nov,2,2,1,2,Returning_Visitor,False,False
5,254.65,4,808.5,66,3591.74,0.02,0.02,3.37,0.0,Nov,3,2,1,2,Returning_Visitor,False,False
3,157.5,0,1.72,15,85.05,0.01,0.03,0.0,0.03,Nov,1,2,1,3,New_Visitor,True,False
3,103.93,0,2.29,41,172.13,0.02,0.02,0.0,0.03,Nov,1,2,1,2,Returning_Visitor,False,True
2,68.6,0,1.71,14,973.33,0.0,0.03,0.0,0.0,Oct,1,2,1,4,New_Visitor,False,False
2,95.6,0,0.0,12,582.73,0.02,0.02,3.1,0.0,Mar,2,2,8,7,Returning_Visitor,False,False
1,19.77,0,1.33,68,121.5,0.01,0.01,1.13,0.03,May,2,2,3,5,New_Visitor,False,False
2,0.0,0,0.0,24,583.0,0.0,0.03,1.15,0.0,Jul,2,2,1,4,Returning_Visitor,False,False
5,73.5,0,1.21,26,463.76,0.0,0.01,1.16,0.03,Nov,2,2,1,2,New_Visitor,False,False
3,82.67,0,1.22,52,142.0,0.01,0.01,0.0,0.03,May,2,2,1,4,Returning_Visitor,False,False
3,423.1,0,0.0,16,982.6,0.0,0.02,1.59,0.03,May,2,2,1,3,Returning_Visitor,True,False
3,31.06,0,0.0,39,1113.48,0.03,0.05,2.91,0.0,Mar,3,2,8,4,Returning_Visitor,True,False
10,365.69,0,0.36,55,1246.91,0.0,0.01,10.61,0.0,Nov,2,8,1,1,Returning_Visitor,True,False
0,0.0,0,1.66,5,64.89,0.19,0.2,0.74,0.0,Nov,3,2,3,2,Returning_Visitor,True,False
2,0.0,0,0.0,55,0.0,0.19,0.1,0.87,0.03,May,2,2,1,13,Returning_Visitor,False,False
0,0.0,0,0.0,11,784.12,0.04,0.02,0.0,0.03,Nov,2,2,1,1,Returning_Visitor,False,False
0,0.0,0,0.0,39,905.6,0.01,0.02,0.0,0.03,Nov,3,2,1,2,Returning_Visitor,False,False
1,56.2,0,3.94,11,214.05,0.02,0.02,0.43,0.03,Oct,3,2,4,3,Returning_Visitor,True,False
3,19.0,0,0.0,63,1457.11,0.02,0.03,0.0,0.0,Nov,2,2,1,2,Returning_Visitor,True,False
1,49.4,0,1.71,66,1379.38,0.04,0.04,4.39,0.0,Jul,3,8,1,4,Returning_Visitor,False,False
0,12.73,0,1.35,3,67.13,0.01,0.02,0.22,0.03,Mar,1,1,1,3,Returning_Visitor,True,False
2,18.21,0,1.15,28,447.0,0.01,0.03,2.14,0.03,Nov,2,2,1,10,Returning_Visitor,False,False
5,390.87,2,73.22,58,2251.12,0.01,0.02,0.0,0.03,Nov,2,2,9,2,Returning_Visitor,False,False
0,0.0,0,1.65,2,1044.59,0.01,0.06,0.0,0.03,Nov,2,2,1,2,Returning_Visitor,False,False
6,257.32,5,1.55,84,987.59,0.01,0.02,4.34,0.0,Nov,2,2,1,1,Returning_Visitor,False,True
3,196.61,0,0.89,20,745.33,0.01,0.02,0.0,0.03,Mar,2,2,1,10,Returning_Visitor,False,False
1,64.0,0,0.8,15,1253.93,0.0,0.02,0.0,0.03,May,2,2,2,2,Returning_Visitor,False,False
10,280.27,0,1.23,30,1211.52,0.0,0.02,3.0,0.03,May,2,2,1,3,Returning_Visitor,False,False
0,6.5,0,0.0,31,835.24,0.01,0.01,0.0,0.03,Dec,2,2,1,3,Returning_Visitor,False,False
1,11.32,0,1.57,32,67.39,0.2,0.14,0.39,0.03,Mar,3,2,1,3,Returning_Visitor,False,False
3,0.0,0,1.01,55,483.58,0.01,0.06,0.0,0.03,Nov,1,2,4,3,Returning_Visitor,False,False
0,6.22,0,0.0,11,1052.53,0.02,0.04,0.0,0.67,Nov,3,2,1,2,Returning_Visitor,True,False
5,51.69,0,0.0,55,1167.21,0.01,0.04,3.23,1.0,Nov,2,2,1,2,Returning_Visitor,True,False
0,27.37,0,0.0,70,1314.14,0.13,0.15,1.2,0.03,May,2,2,1,5,Returning_Visitor,False,False
5,56.69,0,0.0,34,890.78,0.0,0.02,2.4,0.0,Nov,2,2,1,2,Returning_Visitor,False,False
0,2.48,0,1.19,8,1128.5,0.0,0.02,0.0,0.03,May,2,2,7,2,Returning_Visitor,False,False
3,50.17,0,0.0,14,1166.07,0.01,0.03,0.0,0.03,Mar,2,2,2,3,Returning_Visitor,False,False
3,10.65,0,0.0,16,694.45,0.0,0.02,54.92,0.03,Aug,2,2,1,2,New_Visitor,False,True
0,0.0,0,0.0,60,114.6,0.03,0.03,0.0,0.0,Mar,3,2,1,3,Returning_Visitor,False,False
2,310.63,0,2.54,28,1219.21,0.03,0.02,2.12,0.0,Nov,3,2,2,2,Returning_Visitor,True,False
2,14.49,0,0.0,10,1422.38,0.01,0.06,1.92,0.0,Nov,2,2,1,2,Returning_Visitor,False,False
0,27.5,0,0.0,49,100.0,0.03,0.12,1.88,0.03,Nov,2,5,1,11,Returning_Visitor,False,False
8,361.64,3,3.49,63,6123.74,0.01,0.02,1.67,0.03,Mar,2,2,7,2,Returning_Visitor,False,True
2,0.0,0,1.37,22,883.0,0.05,0.02,0.36,0.03,Nov,3,2,1,13,Returning_Visitor,False,False
4,18.64,3,72.5,58,4476.31,0.02,0.02,4.77,0.03,Nov,3,2,1,2,Returning_Visitor,True,False
0,12.83,0,12.0,9,64.61,0.2,0.12,0.1,0.03,May,1,2,1,2,Returning_Visitor,False,False
3,209.88,3,0.0,43,989.02,0.0,0.01,0.72,0.0,Nov,1,2,3,2,Returning_Visitor,False,False
3,1.77,0,1.56,50,1009.43,0.01,0.02,1.24,0.0,Nov,2,1,1,10,Returning_Visitor,False,True
3,1.91,0,0.86,42,1208.8,0.0,0.03,8.77,0.8,May,2,2,2,2,Returning_Visitor,False,False
3,0.0,0,0.0,12,510.67,0.07,0.02,0.0,0.0,Mar,3,2,1,13,Returning_Visitor,False,False
0,0.0,0,1.11,33,701.28,0.0,0.05,0.49,0.0,Mar,2,2,1,1,Returning_Visitor,False,False
13,21.31,0,0.66,62,1377.73,0.0,0.03,2.32,0.03,Mar,2,2,1,2,New_Visitor,False,False
1,18.86,0,0.86,68,424.75,0.02,0.04,3.01,0.0,Nov,2,2,3,2,Returning_Visitor,False,True
3,52.12,0,2.16,62,1246.1,0.0,0.02,51.51,0.0,Dec,2,2,1,7,Returning_Visitor,False,False
0,0.0,0,0.0,66,578.0,0.01,0.07,0.97,0.03,Nov,2,2,1,2,Returning_Visitor,False,False
2,236.25,0,1.07,62,1955.78,0.03,0.0,21.08,0.03,May,2,1,6,2,Returning_Visitor,False,True
1,3.43,0,0.64,18,1250.54,0.01,0.03,1.16,0.0,May,2,2,6,3,Returning_Visitor,False,False
0,0.0,0,0.0,97,0.0,0.01,0.2,6.37,0.0,Nov,2,2,7,1,Returning_Visitor,False,False
0,11.52,0,0.0,61,84.79,0.2,0.15,0.0,0.03,Mar,2,2,3,2,Returning_Visitor,False,False
1,0.0,0,1.34,26,867.83,0.01,0.02,0.0,0.0,May,2,2,7,2,Returning_Visitor,False,False
2,0.0,0,0.0,30,75.5,0.01,0.05,0.0,0.03,Nov,2,2,1,8,New_Visitor,False,False
4,62.58,0,1.03,103,1300.96,0.01,0.04,0.0,0.03,May,2,2,1,2,Returning_Visitor,False,False
0,30.25,0,0.0,48,1352.28,0.04,0.07,0.93,0.03,Oct,1,1,1,1,Returning_Visitor,False,False
0,0.0,0,0.0,8,0.0,0.19,0.13,0.21,0.03,Mar,1,1,1,1,Returning_Visitor,False,False
2,23.0,0,0.0,33,1178.83,0.01,0.01,0.0,0.0,Nov,2,2,1,2,Returning_Visitor,False,False
3,33.66,1,3.29,64,937.35,0.0,0.12,0.19,0.0,Dec,2,2,1,2,Returning_Visitor,False,False
1,0.0,0,1.24,55,983.23,0.01,0.05,0.0,0.03,Nov,2,2,1,3,Returning_Visitor,False,False
0,7.01,0,0.0,62,1219.04,0.0,0.04,0.0,0.03,Mar,2,2,1,2,Returning_Visitor,False,False
2,28.7,0,0.17,35,1928.0,0.01,0.02,0.0,0.03,Mar,2,5,8,1,Returning_Visitor,False,False
2,29.96,0,1.24,5,1196.73,0.0,0.02,1.34,0.0,Mar,3,2,8,1,Returning_Visitor,False,False
2,14.52,2,6.25,23,1224.04,0.0,0.01,0.0,0.03,May,2,2,1,4,Returning_Visitor,False,False
4,34.2,0,1.29,27,1017.49,0.02,0.02,4.21,0.03,Sep,3,2,1,3,Returning_Visitor,False,False
0,1.89,0,0.0,29,450.2,0.01,0.02,3.45,0.0,May,2,2,1,2,Returning_Visitor,False,False
1,6.7,0,0.45,20,1173.52,0.01,0.03,0.0,0.03,Mar,2,2,1,1,Returning_Visitor,False,False
1,33.53,0,0.0,56,839.5,0.02,0.03,6.33,0.03,Mar,2,2,4,2,Returning_Visitor,False,False
3,53.26,4,343.0,57,1974.61,0.01,0.02,0.79,0.03,May,2,2,1,2,Returning_Visitor,False,True
5,64.32,0,0.0,20,1327.01,0.01,0.03,0.0,0.0,May,2,4,2,3,Returning_Visitor,False,False
9,41.02,0,0.0,28,587.92,0.01,0.03,10.57,0.03,May,2,1,3,3,Returning_Visitor,False,True
2,24.68,0,0.0,71,690.63,0.01,0.06,0.64,0.03,Nov,1,1,4,2,Returning_Visitor,False,False
3,362.89,0,1.95,93,3856.83,0.04,0.06,2.2,0.03,Nov,2,2,1,1,Returning_Visitor,False,False
2,48.67,4,155.33,53,1111.76,0.01,0.0,60.93,0.0,Nov,2,2,1,2,Returning_Visitor,False,True
3,1.57,0,1.13,35,1191.01,0.0,0.02,24.06,0.0,May,2,4,1,2,Returning_Visitor,False,False
1,23.08,0,1.34,14,1010.38,0.01,0.06,1.22,0.03,Nov,2,2,1,3,Returning_Visitor,False,False
0,0.0,0,1.3,10,518.82,0.0,0.02,2.86,0.03,May,2,2,1,2,Returning_Visitor,False,False
10,743.58,1,5.0,337,4506.46,0.01,0.03,0.07,0.03,Nov,2,2,1,2,Returning_Visitor,False,False
1,5.94,0,1.44,72,363.51,0.18,0.07,0.4,0.0,Nov,3,2,1,3,Returning_Visitor,False,False
2,3.94,0,0.0,36,1218.71,0.02,0.02,0.0,0.0,May,2,2,1,2,Returning_Visitor,False,False
22,29.35,3,3.33,205,768.2,0.01,0.01,177.53,0.03,Nov,2,2,1,3,Returning_Visitor,True,False
0,13.08,0,0.44,2,220.24,0.01,0.17,0.0,0.03,Nov,2,5,1,2,Returning_Visitor,False,False
3,257.3,0,0.0,58,1215.02,0.02,0.02,2.97,0.03,Nov,2,6,2,2,Returning_Visitor,False,False
1,12.01,0,1.17,69,1182.34,0.01,0.04,0.31,0.0,Nov,2,2,1,1,Returning_Visitor,False,False
1,16.21,0,0.0,1,0.0,0.2,0.13,4.36,0.0,Aug,2,2,1,4,Returning_Visitor,False,False
3,0.0,0,0.0,31,1161.45,0.0,0.02,0.0,0.0,May,2,2,1,3,Returning_Visitor,False,False
2,0.0,0,0.79,70,1171.31,0.0,0.02,0.0,0.03,Nov,3,2,1,3,Returning_Visitor,True,False
3,0.0,0,0.0,48,1144.14,0.01,0.02,0.55,0.0,Mar,2,4,1,3,Returning_Visitor,False,False
0,15.97,0,0.0,1,110.4,0.06,0.14,0.11,0.03,Mar,2,2,5,2,Returning_Visitor,False,False
0,0.0,0,1.16,89,1310.53,0.08,0.02,0.0,0.0,Nov,2,2,1,3,Returning_Visitor,False,False
2,45.79,0,0.0,79,213.02,0.0,0.02,79.51,0.0,Oct,2,2,1,3,Returning_Visitor,False,True
13,234.57,0,0.95,62,1221.04,0.01,0.02,2.49,0.03,Jul,3,2,1,1,Returning_Visitor,False,False
3,21.3,0,0.0,67,1117.84,0.01,0.03,0.0,0.0,Nov,2,1,1,4,Returning_Visitor,False,False
0,0.0,0,1.04,34,1387.84,0.01,0.04,0.0,0.4,May,2,2,1,3,Returning_Visitor,False,False
1,30.0,0,0.96,16,976.61,0.01,0.03,1.89,0.0,Nov,2,2,1,11,Returning_Visitor,False,False
0,0.0,0,1.7,20,457.58,0.02,0.02,1.42,0.0,Mar,2,2,1,4,Returning_Visitor,True,False
3,32.33,2,27.25,62,1238.01,0.0,0.0,60.79,0.03,May,2,2,9,2,Returning_Visitor,False,True
0,12.45,0,1.54,54,19.0,0.02,0.1,10.84,1.0,Nov,1,2,3,2,Returning_Visitor,False,False
0,2.51,0,1.38,78,0.0,0.08,0.2,0.51,0.09,Nov,2,2,7,3,Returning_Visitor,False,False
2,68.5,0,0.0,152,1099.87,0.01,0.02,2.41,0.03,Nov,2,2,1,10,Returning_Visitor,False,False
3,3.74,0,5.89,56,1253.9,0.01,0.02,2.2,0.03,Nov,2,2,1,2,Returning_Visitor,False,False
3,16.55,0,0.79,27,1257.4,0.02,0.04,0.0,0.03,Nov,2,2,1,1,Returning_Visitor,False,False
3,23.06,2,105.95,26,1212.43,0.01,0.02,0.49,0.03,Nov,3,2,1,3,Returning_Visitor,False,False
3,59.0,0,2.04,10,1299.02,0.01,0.02,24.23,0.0,Nov,2,2,1,2,New_Visitor,True,True
6,102.0,0,1.5,11,1006.54,0.0,0.03,1.4,0.03,Nov,1,1,1,3,Returning_Visitor,False,False
8,178.43,2,166.0,86,1399.03,0.01,0.01,5.94,0.03,Mar,3,2,1,2,Returning_Visitor,False,False
0,0.0,2,59.5,60,925.67,0.0,0.01,0.0,0.0,Nov,3,2,4,2,Returning_Visitor,False,False
1,2.21,0,1.7,84,4894.85,0.01,0.02,0.0,0.03,Nov,2,2,1,1,Returning_Visitor,True,True
4,598.38,0,0.97,56,1086.4,0.0,0.02,3.33,0.03,Dec,2,2,1,2,Returning_Visitor,False,False
3,126.0,1,11.65,64,1907.4,0.01,0.02,1.24,0.0,May,2,2,1,13,Returning_Visitor,False,False
3,52.02,0,1.52,63,672.88,0.01,0.03,2.43,0.0,May,1,1,1,3,Returning_Visitor,False,False
6,37.28,0,2.0,61,536.0,0.01,0.01,0.0,0.0,May,2,2,1,4,Returning_Visitor,False,False
0,7.61,0,1.56,25,0.0,0.2,0.15,0.0,0.0,Nov,3,2,1,2,Returning_Visitor,False,False
12,246.25,2,56.46,66,1071.95,0.01,0.02,0.0,0.0,Nov,3,2,1,3,Returning_Visitor,False,False
0,9.99,0,0.0,3,115.0,0.0,0.06,1.11,0.03,May,2,2,1,13,Returning_Visitor,False,False
3,44.19,0,0.0,12,209.0,0.0,0.02,0.0,0.03,Nov,2,5,6,3,Returning_Visitor,False,False
6,354.85,1,63.97,29,1154.77,0.01,0.02,0.77,0.03,Nov,1,2,5,2,Returning_Visitor,False,False
3,20.78,0,0.0,66,359.0,0.0,0.02,0.23,0.0,May,2,2,3,2,Returning_Visitor,False,False
3,18.04,0,1.18,51,290.8,0.0,0.01,8.64,0.03,Sep,2,2,1,5,New_Visitor,False,False
0,0.0,0,0.0,10,0.0,0.03,0.14,0.36,0.0,Nov,1,1,1,2,Returning_Visitor,False,False
3,54.23,0,1.31,3,1038.97,0.0,0.03,1.5,0.0,Nov,2,2,1,3,Returning_Visitor,False,False
5,47.33,0,0.0,58,1267.5,0.01,0.02,2.6,0.03,Nov,2,2,1,10,Returning_Visitor,False,False
3,64.87,0,2.45,94,1160.74,0.01,0.03,5.6,0.0,Aug,2,2,8,1,Returning_Visitor,False,False
9,303.87,0,2.65,72,3752.67,0.01,0.01,0.0,0.03,Nov,2,2,1,3,Returning_Visitor,False,False
1,105.06,0,0.0,23,1013.92,0.0,0.01,0.43,0.03,Mar,3,2,6,3,Returning_Visitor,False,False
3,42.94,0,1.76,69,1336.92,0.0,0.01,0.43,0.03,May,2,2,1,4,Returning_Visitor,False,False
2,8.97,0,1.37,7,416.5,0.04,0.02,0.0,0.03,Nov,3,2,3,2,Returning_Visitor,False,False
0,0.0,0,0.0,43,1244.31,0.0,0.02,23.24,0.0,Mar,1,1,1,2,Returning_Visitor,False,True
3,0.0,0,1.31,1,13.0,0.01,0.05,0.0,0.0,May,2,2,1,3,Returning_Visitor,False,False
3,11.0,0,10.0,74,3487.12,0.0,0.03,2.28,0.03,Nov,2,2,4,2,Returning_Visitor,True,False
1,30.1,0,0.0,61,1345.82,0.0,0.02,0.0,0.03,Nov,3,2,5,3,Returning_Visitor,False,False
2,0.0,0,0.0,7,150.0,0.02,0.09,1.36,0.03,Nov,2,2,2,2,Returning_Visitor,False,False
1,20.08,3,4.34,75,672.51,0.0,0.02,60.71,0.03,Mar,2,2,7,2,Returning_Visitor,False,True
2,31.0,0,2.67,72,1346.71,0.01,0.02,36.62,0.0,Nov,2,2,1,2,Returning_Visitor,False,True
3,144.67,0,2.12,52,123.67,0.03,0.01,0.25,0.03,Mar,1,2,1,2,Returning_Visitor,False,False
3,0.0,1,8.42,66,1866.11,0.01,0.03,0.94,0.03,Nov,2,2,1,2,Returning_Visitor,True,False
2,22.39,0,0.0,66,648.35,0.01,0.06,0.72,0.03,Nov,2,2,3,1,Returning_Visitor,False,False
3,124.0,0,0.0,13,495.0,0.01,0.03,0.5,0.03,Mar,2,4,1,3,Returning_Visitor,False,False
0,18.57,0,0.0,8,23.0,0.05,0.15,0.0,0.03,Mar,2,2,1,3,Returning_Visitor,False,False
0,0.0,0,2.49,4,161.25,0.01,0.05,0.0,0.03,Nov,2,1,1,2,New_Visitor,False,False
3,54.11,0,1.26,114,898.64,0.01,0.02,0.0,0.03,Dec,2,2,1,2,New_Visitor,False,False
2,29.08,0,0.84,56,1203.31,0.0,0.0,69.43,0.03,Mar,2,2,1,2,Returning_Visitor,False,True
0,10.04,0,0.0,2,70.43,0.18,0.2,0.0,0.03,May,2,2,1,3,Returning_Visitor,False,False
0,0.0,0,0.0,56,1186.64,0.0,0.02,0.0,0.0,Dec,2,2,1,2,Returning_Visitor,False,False
2,46.38,0,0.0,67,287.33,0.0,0.01,7.04,0.03,Mar,2,2,1,6,New_Visitor,False,False
0,0.0,0,0.57,19,1310.98,0.01,0.01,0.0,0.03,May,2,2,1,3,Returning_Visitor,False,False
4,209.06,0,0.69,71,1084.83,0.01,0.03,0.92,0.03,Nov,2,2,1,2,Returning_Visitor,False,False
0,0.0,0,1.15,3,67.5,0.01,0.04,0.0,0.03,Mar,1,1,3,3,Returning_Visitor,False,False
1,32.57,0,376.0,57,1254.94,0.01,0.02,0.0,0.03,Mar,2,2,3,3,Returning_Visitor,False,False
1,11.79,0,1.37,7,1240.12,0.0,0.01,6.06,0.0,Mar,2,2,4,2,Returning_Visitor,False,False
8,203.92,4,114.75,118,2701.43,0.0,0.02,2.43,0.03,Nov,2,2,1,2,Returning_Visitor,False,True
20,1307.68,0,14.31,86,27009.86,0.0,0.01,8.4,0.03,Nov,2,2,1,2,Returning_Visitor,False,True
3,0.0,0,0.0,51,1219.05,0.0,0.01,13.67,0.03,Mar,2,2,2,1,Returning_Visitor,False,True
0,9.74,0,2.94,70,1486.6,0.01,0.02,25.11,0.03,Nov,2,2,3,2,Returning_Visitor,False,False
4,48.38,0,1.03,33,325.19,0.03,0.02,1.52,0.03,Mar,3,2,1,3,Returning_Visitor,False,False
3,29.76,0,1.14,6,605.55,0.01,0.04,0.0,0.03,Dec,2,2,1,2,Other,False,True
3,80.57,0,464.88,58,1238.9,0.0,0.02,2.37,0.03,May,3,2,1,3,Returning_Visitor,True,False
0,14.99,0,0.13,16,1262.63,0.01,0.01,0.0,0.0,Mar,2,4,1,3,Returning_Visitor,False,False
0,0.0,0,1.67,19,1137.53,0.02,0.02,1.58,0.0,Nov,4,2,1,2,Returning_Visitor,True,False
1,0.0,0,21.0,16,498.5,0.0,0.03,28.08,0.03,Mar,1,2,1,2,Returning_Visitor,False,True
2,4.12,0,1.47,58,2498.03,0.01,0.05,0.0,0.4,May,2,4,1,2,Returning_Visitor,False,False
0,2.07,0,1.21,64,1269.57,0.05,0.03,1.47,0.03,Mar,2,2,1,13,Returning_Visitor,False,False
0,3.59,0,0.0,61,87.0,0.0,0.03,0.94,0.0,Nov,3,2,1,2,Returning_Visitor,False,False
2,66.24,0,0.0,68,184.6,0.0,0.03,3.86,0.0,Mar,2,2,3,3,New_Visitor,False,False
3,4.0,1,10.0,63,5391.52,0.01,0.01,1.89,0.03,Nov,2,2,4,2,Returning_Visitor,False,False
2,119.55,0,27.0,50,1271.25,0.02,0.02,0.0,0.6,May,8,5,1,2,Returning_Visitor,False,False
0,7.56,0,0.71,37,1123.24,0.01,0.03,1.07,0.03,Mar,2,2,3,1,Returning_Visitor,False,False
3,315.0,0,1.1,14,1133.71,0.0,0.02,0.0,0.0,Mar,3,2,1,2,Returning_Visitor,False,False
5,22.86,0,1.6,62,2833.81,0.0,0.03,14.25,0.03,Nov,4,1,1,2,Returning_Visitor,False,False
0,11.92,0,0.0,2,145.5,0.0,0.03,0.29,0.03,Nov,2,1,1,2,New_Visitor,False,False
1,0.0,0,1.25,1,83.24,0.2,0.2,0.0,0.6,May,2,2,1,13,Returning_Visitor,False,False
4,36.42,0,0.0,35,252.0,0.01,0.01,5.74,0.03,Mar,2,2,1,3,New_Visitor,False,False
1,62.0,2,24.68,56,1341.26,0.01,0.01,0.0,0.0,Mar,3,2,4,2,Returning_Visitor,False,False
3,36.63,0,1.38,3,317.77,0.01,0.04,36.14,0.0,Oct,2,2,1,4,Returning_Visitor,False,True
4,55.8,0,1.22,55,1319.98,0.01,0.01,2.31,0.0,Jul,2,2,1,2,New_Visitor,False,False
3,22.63,1,2.45,14,1418.25,0.01,0.01,0.0,0.0,June,2,2,1,3,Returning_Visitor,False,False
3,54.5,2,29.5,30,1239.05,0.01,0.02,3.15,0.0,Nov,2,2,1,2,New_Visitor,False,False
2,66.53,1,2.46,401,4048.07,0.01,0.02,2.73,0.03,Nov,2,2,1,2,Returning_Visitor,False,True
3,28.39,0,0.0,92,0.0,0.2,0.2,2.83,0.03,Nov,2,1,1,3,Returning_Visitor,False,False
2,25.24,0,0.0,19,1148.54,0.01,0.01,15.65,0.0,Mar,2,2,1,2,New_Visitor,False,False
3,36.1,0,0.91,33,1212.77,0.02,0.03,0.0,0.03,Nov,2,2,3,1,Returning_Visitor,False,False
6,54.78,2,2.92,37,1584.77,0.01,0.03,19.62,0.03,Nov,2,2,1,2,Returning_Visitor,False,False
5,23.14,0,0.0,76,1192.44,0.01,0.02,0.56,0.03,Nov,2,2,1,1,Returning_Visitor,False,False
3,28.33,0,1.54,55,2958.5,0.0,0.03,14.05,0.03,May,2,5,1,2,Returning_Visitor,True,False
0,6.9,0,0.0,5,69.59,0.0,0.02,0.0,0.03,Mar,1,1,1,3,Returning_Visitor,True,False
0,13.51,0,0.0,41,316.25,0.0,0.01,0.0,0.0,May,3,2,3,2,Returning_Visitor,True,False
4,239.6,0,70.5,50,981.51,0.01,0.0,0.0,0.0,Oct,2,2,1,3,Returning_Visitor,True,False
8,279.27,0,0.0,50,1108.74,0.01,0.01,2.38,0.03,Jul,2,2,1,1,Returning_Visitor,False,False
0,0.0,0,44.0,63,1194.48,0.01,0.02,43.25,0.03,Nov,2,2,1,2,Returning_Visitor,False,True
0,4.6,0,0.55,58,156.53,0.01,0.06,0.89,0.03,Mar,2,2,1,3,Returning_Visitor,False,False
11,129.5,0,0.0,33,982.0,0.0,0.01,0.0,0.03,May,2,2,1,3,Returning_Visitor,False,False
0,4.28,0,0.38,16,1498.01,0.03,0.02,0.0,0.0,Mar,2,2,1,1,Returning_Visitor,False,False
1,62.06,0,0.0,162,1282.67,0.0,0.03,56.57,0.03,Nov,2,2,3,2,New_Visitor,False,True
3,42.0,0,0.0,64,3121.37,0.0,0.01,4.85,0.03,Nov,1,1,4,2,Returning_Visitor,False,False
0,0.0,0,4.76,60,1397.75,0.01,0.01,0.53,0.03,Nov,2,2,1,2,Returning_Visitor,False,False
9,51.82,3,41.0,18,914.17,0.02,0.01,0.0,0.03,Mar,1,2,1,3,Returning_Visitor,False,False
13,353.57,2,102.8,60,1158.58,0.01,0.02,1.8,0.03,Nov,1,1,4,2,Returning_Visitor,False,False
3,37.0,0,0.0,56,1193.0,0.0,0.02,4.75,0.0,Nov,2,2,1,1,Returning_Visitor,False,True
2,14.88,0,1.07,6,988.0,0.0,0.03,0.22,0.03,Nov,2,2,3,3,Returning_Visitor,False,False
1,0.0,0,0.0,48,1275.31,0.01,0.03,0.0,0.03,Nov,2,2,1,3,Returning_Visitor,False,False
0,37.14,0,0.0,38,70.28,0.03,0.03,0.0,0.03,Mar,2,2,1,4,Returning_Visitor,False,False
3,3.0,0,0.0,17,1283.55,0.02,0.01,1.62,0.0,May,2,2,1,2,Returning_Visitor,False,False
8,222.75,2,5.18,64,1749.84,0.02,0.02,0.0,0.0,Mar,2,1,1,3,Returning_Visitor,True,False
3,24.52,1,35.5,35,1214.41,0.01,0.01,0.0,0.0,Mar,2,2,1,2,Returning_Visitor,False,False
1,0.0,0,1.26,31,1231.27,0.01,0.02,0.0,0.0,Nov,2,1,1,3,Returning_Visitor,False,True
2,22.4,0,0.0,42,1437.97,0.02,0.03,0.82,0.0,Mar,2,1,1,2,Returning_Visitor,True,True
0,0.0,2,16.5,58,1193.77,0.01,0.03,0.66,0.0,Nov,2,2,7,2,Returning_Visitor,False,True
1,178.0,0,0.7,82,1372.78,0.0,0.02,1.31,0.2,Mar,3,2,3,2,Returning_Visitor,False,False
0,16.86,0,0.0,34,696.88,0.01,0.04,0.0,0.0,Mar,2,2,1,1,Returning_Visitor,False,False
3,42.4,0,1.63,67,2095.82,0.03,0.03,0.0,0.0,Nov,3,2,3,1,Returning_Visitor,False,False
0,32.78,0,1.39,5,1083.08,0.0,0.01,0.0,0.0,May,2,2,9,4,Returning_Visitor,False,False
0,0.0,0,0.94,73,76.56,0.07,0.09,0.0,0.03,Mar,1,1,1,1,Returning_Visitor,False,False
3,934.5,0,92.0,18,937.72,0.01,0.03,0.4,0.0,Dec,1,1,1,3,New_Visitor,False,False
1,73.43,0,0.0,52,1117.84,0.0,0.02,2.51,0.03,Nov,1,1,1,1,Returning_Visitor,False,False
0,3.58,0,0.94,28,1381.48,0.0,0.02,0.0,0.2,May,2,2,3,3,Returning_Visitor,False,False
8,308.73,3,0.84,24,1034.58,0.02,0.02,2.04,0.03,May,2,4,3,3,Returning_Visitor,False,True
2,34.76,0,2.06,25,992.89,0.01,0.03,9.54,0.03,Mar,2,2,3,2,Returning_Visitor,False,True
1,19.04,0,1.65,28,830.0,0.01,0.04,0.0,0.03,May,2,2,1,2,Returning_Visitor,False,False
0,0.0,0,2.03,56,1194.42,0.0,0.03,1.31,0.03,Nov,2,2,2,1,Returning_Visitor,False,False
0,21.33,0,0.0,14,260.87,0.0,0.02,0.0,0.0,June,2,2,1,3,Returning_Visitor,False,False
3,81.22,6,231.39,63,1766.41,0.0,0.02,7.04,0.03,Nov,2,2,1,1,Returning_Visitor,False,False
3,19.47,0,0.84,1,1232.28,0.2,0.13,0.57,0.0,Nov,2,2,1,1,Returning_Visitor,False,False
4,102.56,0,52.74,133,3713.58,0.02,0.02,28.04,0.03,Nov,2,2,1,6,Returning_Visitor,False,False
4,107.97,0,1.44,58,360.18,0.01,0.02,0.0,0.0,Nov,1,2,1,2,Returning_Visitor,False,False
0,0.0,0,0.0,54,1218.88,0.0,0.02,1.38,0.03,Nov,2,2,1,2,Returning_Visitor,False,True
3,115.0,0,1.64,61,1186.32,0.0,0.01,0.74,0.03,May,1,1,1,2,Returning_Visitor,True,False
8,264.0,0,0.0,89,4942.66,0.01,0.02,12.02,0.03,Nov,2,1,1,2,Returning_Visitor,True,False
3,32.82,0,0.04,45,1156.78,0.0,0.02,1.84,0.0,Aug,2,2,6,1,Returning_Visitor,False,False
0,33.59,0,0.0,15,1114.83,0.01,0.02,0.44,0.03,Mar,2,2,7,1,Returning_Visitor,False,False
2,34.1,0,0.3,54,1423.31,0.01,0.01,2.49,0.0,Mar,2,2,9,2,Returning_Visitor,False,False
9,570.27,0,1.85,11,1045.34,0.01,0.02,6.8,0.0,Oct,3,2,3,2,Returning_Visitor,False,False
0,0.0,0,2.1,3,338.83,0.05,0.03,0.0,0.03,Nov,3,2,3,3,Returning_Visitor,True,False
0,2.26,0,1.49,1,0.0,0.2,0.2,0.0,0.0,May,2,2,1,3,Returning_Visitor,False,False
0,25.39,0,1.88,4,1233.37,0.01,0.01,0.0,0.03,Feb,1,1,1,3,Returning_Visitor,False,False
3,318.2,0,0.0,7,414.87,0.0,0.02,0.0,0.0,Nov,1,1,1,2,Returning_Visitor,False,False
3,34.81,0,0.0,52,75.86,0.1,0.11,1.49,0.03,Nov,2,2,1,2,Returning_Visitor,False,False
2,19.99,0,3.32,16,1219.71,0.0,0.02,20.61,0.0,Nov,2,2,1,2,Returning_Visitor,False,True
2,53.56,0,0.0,0,970.08,0.0,0.02,0.0,0.03,Nov,3,2,9,2,New_Visitor,True,False
0,4.55,0,0.0,15,107.08,0.0,0.02,1.93,0.03,May,2,2,4,3,Returning_Visitor,False,False
3,46.25,0,1.62,44,1237.86,0.01,0.02,17.21,0.03,Nov,2,2,1,2,Returning_Visitor,False,False
0,10.9,0,1.68,14,1349.05,0.02,0.03,116.34,0.03,Nov,2,2,9,20,Other,False,True
1,0.0,0,0.88,22,138.95,0.2,0.11,0.27,0.03,May,2,2,1,13,Returning_Visitor,False,False
0,0.0,0,0.0,5,132.0,0.01,0.04,1.3,0.03,Mar,1,1,1,1,Returning_Visitor,True,False
3,95.69,0,0.0,22,1326.0,0.0,0.02,0.0,0.03,May,3,2,1,2,Returning_Visitor,False,False
3,366.88,2,10.67,54,879.92,0.02,0.02,12.06,0.0,May,1,2,1,2,Returning_Visitor,False,False
3,45.5,0,0.0,10,333.25,0.01,0.02,42.54,0.03,Mar,2,2,1,2,New_Visitor,False,True
7,169.35,2,9.04,62,1612.98,0.01,0.01,0.51,0.0,Nov,2,2,8,2,Returning_Visitor,False,False
3,16.6,0,0.0,68,581.94,0.01,0.04,68.32,0.03,Aug,2,2,1,2,New_Visitor,False,True
0,0.0,0,0.0,58,1762.15,0.01,0.02,0.0,0.03,Nov,1,1,1,2,Returning_Visitor,True,False
3,112.12,0,224.0,114,1188.19,0.01,0.01,55.71,0.03,Nov,2,2,1,3,Returning_Visitor,True,True
11,283.19,2,6.61,81,1483.95,0.01,0.02,0.29,0.03,Nov,2,2,1,2,Returning_Visitor,False,False
3,3.0,0,2.72,56,2143.29,0.01,0.02,1.28,0.03,Nov,2,2,1,2,Returning_Visitor,False,True
3,37.1,0,0.0,4,538.0,0.01,0.08,0.0,0.0,Mar,1,1,1,3,Returning_Visitor,False,False
2,55.48,0,1.55,67,2881.13,0.01,0.03,80.68,0.03,Nov,2,2,4,2,New_Visitor,False,True
1,61.46,0,0.0,63,1893.62,0.02,0.03,0.0,0.0,Oct,2,2,6,2,Returning_Visitor,False,False
1,6.0,0,2.1,59,1162.68,0.01,0.02,3.4,0.03,Aug,2,2,1,2,Returning_Visitor,False,False
4,316.83,0,1.12,58,3085.01,0.01,0.02,2.55,0.03,May,3,2,3,13,Returning_Visitor,False,False
2,6.36,0,1.06,21,1179.31,0.01,0.08,0.25,0.8,May,2,2,4,2,Returning_Visitor,False,False
0,0.0,0,0.0,68,1207.96,0.0,0.01,42.74,0.0,Nov,4,2,1,2,Returning_Visitor,False,False
1,33.64,0,0.63,56,1215.25,0.01,0.03,1.01,0.0,Nov,2,2,1,2,Returning_Visitor,False,False
5,225.76,0,406.0,60,1202.28,0.01,0.02,14.77,0.03,May,2,2,3,2,Returning_Visitor,False,False
0,0.0,0,0.0,49,912.64,0.01,0.02,3.16,0.0,Mar,2,4,2,2,Returning_Visitor,False,False
3,0.0,0,0.0,20,1301.04,0.01,0.06,2.14,0.03,Nov,2,2,1,3,Returning_Visitor,False,False
2,0.0,0,0.0,2,1294.93,0.19,0.1,0.85,0.03,Feb,1,1,1,3,Returning_Visitor,False,False
0,22.94,0,0.0,14,684.75,0.0,0.02,1.24,0.0,Mar,2,2,9,2,Returning_Visitor,False,False
0,23.39,0,0.0,6,197.0,0.0,0.02,0.0,0.0,Mar,2,2,1,2,Returning_Visitor,False,False
2,20.47,0,0.0,64,1311.96,0.0,0.01,0.0,0.03,Mar,3,2,3,3,Returning_Visitor,False,False
2,0.0,0,1.86,25,21.0,0.03,0.04,0.75,0.0,May,2,2,1,3,Returning_Visitor,False,False
2,25.47,0,1.27,36,125.85,0.2,0.1,0.0,0.2,May,3,2,1,13,Returning_Visitor,False,False
1,51.5,0,1.6,12,1330.63,0.0,0.03,0.0,0.03,Dec,2,2,1,2,New_Visitor,False,False
2,46.94,0,1.48,62,1204.95,0.02,0.03,2.52,0.03,Aug,2,4,1,3,Returning_Visitor,False,False
2,24.5,0,0.0,10,516.75,0.02,0.03,0.0,0.03,Dec,2,2,3,1,Returning_Visitor,False,False
0,10.63,0,0.0,55,505.33,0.03,0.02,0.31,0.4,May,2,2,1,3,Returning_Visitor,False,False
1,0.0,0,1.0,67,48.0,0.02,0.09,0.0,0.44,May,3,2,4,3,Returning_Visitor,True,False
2,0.0,0,1.27,57,963.0,0.0,0.02,0.0,0.0,May,2,4,1,1,Returning_Visitor,False,False
0,28.87,2,14.84,42,1231.19,0.01,0.02,2.56,0.0,Mar,1,1,6,2,Returning_Visitor,False,False
1,86.08,0,0.73,32,1234.44,0.01,0.01,5.85,0.0,May,2,2,1,5,New_Visitor,True,False
10,350.6,0,2.08,129,5816.23,0.01,0.02,0.0,0.4,Nov,2,2,1,2,Returning_Visitor,False,False
0,13.33,1,126.31,72,1602.35,0.01,0.03,1.61,0.03,Nov,2,2,3,2,Returning_Visitor,False,False
2,9.77,0,0.0,58,1233.21,0.0,0.02,4.75,0.03,Nov,2,2,1,1,Returning_Visitor,False,False
0,10.28,0,1.41,78,12.0,0.01,0.1,0.0,0.0,May,2,2,1,13,Returning_Visitor,False,False
2,25.0,0,1.27,14,1186.73,0.04,0.05,4.25,0.0,May,2,2,1,2,Returning_Visitor,False,True
1,52.37,0,0.0,58,942.69,0.02,0.02,8.44,0.03,Sep,1,2,1,2,Returning_Visitor,False,False
0,15.26,2,78.89,23,1168.88,0.01,0.02,0.49,0.03,Nov,3,2,4,2,Returning_Visitor,True,False
1,5.81,0,0.0,22,0.0,0.2,0.13,0.85,0.03,May,2,2,1,13,Returning_Visitor,False,False
2,23.43,0,1.63,10,854.5,0.01,0.07,0.0,0.0,Mar,2,2,3,1,Returning_Visitor,True,False
0,14.17,0,0.67,16,220.38,0.01,0.02,0.82,0.0,May,2,4,1,3,Returning_Visitor,False,False
1,69.9,0,0.36,324,1646.84,0.01,0.01,14.56,0.03,Nov,2,2,9,3,Returning_Visitor,False,True
0,0.0,0,2.77,69,655.04,0.01,0.02,4.44,0.0,Dec,1,1,1,2,Returning_Visitor,True,False
0,0.0,0,0.0,60,1153.49,0.02,0.04,0.0,0.0,Nov,2,2,1,2,Returning_Visitor,True,False
3,71.7,0,1.1,41,74.6,0.11,0.13,1.65,0.0,Nov,3,2,1,3,Returning_Visitor,False,False
0,7.04,0,1.22,37,140.0,0.16,0.11,0.0,0.03,Mar,2,2,1,3,Returning_Visitor,False,False
4,33.2,0,13.0,59,883.12,0.01,0.01,19.44,0.03,May,2,2,3,3,Returning_Visitor,False,False
0,15.74,0,0.0,8,1453.62,0.01,0.03,27.93,0.03,Nov,1,1,1,3,Returning_Visitor,False,True
1,0.0,0,1.48,19,401.9,0.05,0.09,0.48,0.03,Mar,1,1,1,1,Returning_Visitor,False,False
2,6.0,0,0.0,53,1177.51,0.01,0.04,0.0,0.03,Oct,2,2,1,1,Returning_Visitor,False,False
2,0.0,0,1.41,57,381.67,0.01,0.03,0.0,0.03,Mar,2,1,3,2,Returning_Visitor,True,False
4,78.19,0,2.65,67,1315.42,0.0,0.02,60.95,0.0,Oct,2,1,1,20,Returning_Visitor,False,True
3,91.44,0,1.45,35,1532.19,0.01,0.01,0.0,0.03,May,3,2,1,2,New_Visitor,False,False
0,0.0,0,0.0,44,990.35,0.0,0.02,0.0,0.06,May,2,2,1,2,Returning_Visitor,False,False
0,0.0,0,2.3,8,64.93,0.2,0.12,0.25,0.0,May,2,2,1,3,Returning_Visitor,False,False
4,42.82,0,0.71,62,1566.2,0.01,0.02,0.0,0.03,Mar,2,2,3,3,Returning_Visitor,False,False
3,42.37,1,87.0,40,485.83,0.01,0.03,2.59,0.0,Nov,1,1,1,2,Returning_Visitor,True,False
3,30.0,0,1.34,59,625.3,0.02,0.03,2.98,0.03,Nov,2,2,3,2,Returning_Visitor,False,False
9,196.15,0,1.16,58,1241.32,0.0,0.01,12.51,0.03,Nov,2,2,1,2,Returning_Visitor,False,False
2,15.78,0,1.13,66,170.4,0.01,0.03,21.43,0.0,May,2,2,1,2,Returning_Visitor,False,True
3,27.78,1,2.7,56,1221.71,0.01,0.04,0.0,0.03,Aug,2,2,1,2,Returning_Visitor,False,False
3,88.3,2,3.62,256,13453.25,0.01,0.0,0.03,0.0,Mar,2,2,1,2,Returning_Visitor,False,False
4,57.0,0,1.95,43,81.0,0.01,0.03,0.0,0.03,Mar,1,1,1,3,Returning_Visitor,False,False
9,319.83,1,18.0,10,1207.79,0.01,0.02,2.62,0.03,Dec,1,1,1,2,Returning_Visitor,False,False
0,0.0,0,0.0,16,192.75,0.04,0.03,2.13,0.0,Dec,2,2,3,1,Returning_Visitor,False,False
3,70.53,2,380.96,102,1057.07,0.01,0.02,11.43,0.0,Mar,2,2,1,2,Returning_Visitor,False,False
2,1922.0,0,1.2,47,1268.33,0.02,0.03,0.0,0.0,Nov,3,2,1,1,Returning_Visitor,False,False
0,3.31,0,32.97,63,1288.36,0.01,0.04,0.86,0.0,Mar,2,2,1,2,Returning_Visitor,False,False
0,16.2,0,1.81,79,395.04,0.02,0.06,0.0,0.03,Mar,2,2,7,2,Returning_Visitor,False,False
3,13.92,0,1.58,16,396.0,0.0,0.02,0.0,0.0,Nov,2,2,1,3,Returning_Visitor,False,False
2,1.72,0,0.0,55,1137.11,0.01,0.03,1.69,0.03,Nov,2,4,1,3,Returning_Visitor,False,True
0,0.0,0,1.4,3,1285.61,0.01,0.05,0.0,0.4,May,2,2,1,3,Returning_Visitor,False,False
4,99.5,0,0.0,9,1124.35,0.0,0.04,1.43,0.03,Dec,2,2,1,2,Returning_Visitor,False,False
1,19.95,0,1.06,20,64.29,0.2,0.2,0.0,0.03,Mar,1,1,3,3,Returning_Visitor,False,False
2,80.0,0,0.0,66,1281.98,0.01,0.03,0.55,0.03,Mar,3,2,3,2,Returning_Visitor,False,False
5,77.0,0,0.0,67,1254.78,0.0,0.02,0.07,0.03,Nov,2,2,3,2,Returning_Visitor,True,False
3,334.0,0,1.56,53,1332.86,0.0,0.01,61.04,0.0,Mar,8,2,9,20,Other,False,True
0,0.0,0,2.01,32,0.0,0.17,0.2,0.89,0.0,Mar,8,13,9,4,Returning_Visitor,False,False
5,107.5,0,0.0,67,1108.23,0.01,0.02,0.0,0.03,Nov,2,2,9,3,Returning_Visitor,False,False
1,4.15,0,0.53,37,1213.35,0.01,0.02,15.67,0.0,May,2,2,4,2,Returning_Visitor,True,False
0,16.67,0,0.0,13,562.25,0.01,0.02,34.97,0.03,Nov,1,1,1,2,Returning_Visitor,False,True
0,9.94,0,1.13,5,779.92,0.01,0.02,0.25,0.03,Mar,2,2,7,2,Returning_Visitor,False,False
6,213.5,4,3.1,47,2871.26,0.0,0.01,11.8,0.0,Nov,1,1,1,2,Returning_Visitor,False,False
1,16.78,0,1.64,63,1195.24,0.02,0.02,1.84,0.03,May,2,2,1,13,Returning_Visitor,False,True
3,26.68,2,6.13,46,1679.67,0.01,0.02,4.57,0.0,Nov,3,2,1,13,Returning_Visitor,False,False
3,156.99,0,0.0,17,1429.62,0.01,0.01,0.0,0.0,Nov,1,2,1,2,Returning_Visitor,False,False
3,63.89,0,1.03,61,529.73,0.01,0.01,2.58,0.03,Dec,2,2,1,2,New_Visitor,False,False
3,7.81,0,1.15,11,1280.62,0.01,0.03,0.0,0.2,Nov,2,2,1,4,Returning_Visitor,False,False
2,43.78,0,0.89,61,1666.57,0.0,0.0,2.47,0.03,May,2,2,1,4,Returning_Visitor,False,True
1,85.02,0,0.56,35,1317.01,0.01,0.02,1.78,0.03,Mar,1,1,2,2,Returning_Visitor,False,False
0,11.39,0,0.0,48,1114.29,0.0,0.01,0.0,0.03,Nov,2,1,1,2,Returning_Visitor,False,False
10,344.17,2,65.0,111,1980.92,0.0,0.03,2.44,0.03,Nov,2,2,1,2,Returning_Visitor,False,False
1,0.0,0,1.57,36,51.0,0.0,0.04,4.38,0.03,Mar,3,2,1,2,Returning_Visitor,False,False
0,0.0,0,0.0,63,1237.44,0.02,0.03,0.0,0.03,Nov,2,2,1,2,Returning_Visitor,False,False
8,218.57,0,1.11,55,1216.6,0.01,0.01,16.82,0.03,Nov,2,2,3,2,Returning_Visitor,False,True
1,11.57,0,0.48,13,257.0,0.05,0.08,1.35,0.0,May,1,2,1,2,Returning_Visitor,False,False
0,21.89,2,1.74,61,1264.2,0.02,0.02,1.13,0.0,Mar,2,1,1,3,Returning_Visitor,False,False
5,37.43,0,1.74,87,1232.8,0.01,0.03,3.18,0.03,Nov,2,6,1,1,Returning_Visitor,False,False
0,0.0,0,1.32,51,2747.22,0.0,0.0,0.0,0.2,May,3,2,3,3,Returning_Visitor,False,False
0,17.97,0,0.0,1,90.23,0.19,0.2,0.4,0.03,Mar,2,2,1,1,Returning_Visitor,False,False
4,116.0,0,8.0,59,1200.52,0.01,0.02,57.5,0.0,Mar,2,2,7,6,Returning_Visitor,False,False
3,0.0,0,1.7,56,1038.63,0.01,0.02,5.09,0.03,May,2,2,3,1,Returning_Visitor,False,True
1,77.43,1,41.5,51,1179.34,0.01,0.04,21.75,0.03,Nov,1,2,1,11,Returning_Visitor,False,False
3,38.69,0,1.14,57,1213.99,0.0,0.02,0.0,0.03,May,2,2,1,1,Returning_Visitor,False,False
2,29.47,0,0.88,60,735.44,0.01,0.02,0.83,0.0,Nov,4,2,4,2,Returning_Visitor,False,False
1,12.85,0,0.0,24,761.75,0.04,0.02,0.75,0.03,Nov,2,2,3,2,Returning_Visitor,False,False
3,143.8,1,3.86,17,1220.95,0.02,0.02,1.04,0.03,May,2,2,8,3,Returning_Visitor,False,False
3,36.68,0,1.59,10,234.64,0.05,0.02,0.0,0.0,Nov,3,2,3,2,Returning_Visitor,True,False
3,5.05,2,1043.93,73,3676.4,0.01,0.02,1.17,0.03,Nov,3,2,5,2,Returning_Visitor,False,False
0,0.0,0,0.0,15,1340.54,0.0,0.01,3.11,0.0,June,2,2,4,3,Returning_Visitor,False,False
1,19.75,2,0.0,29,942.4,0.01,0.02,0.0,0.03,Nov,2,2,1,2,Returning_Visitor,False,False
11,23.45,0,1.94,191,3677.26,0.01,0.02,0.0,0.03,Nov,2,2,1,1,Returning_Visitor,False,False
3,14.21,0,1.59,52,157.1,0.02,0.02,1.82,0.03,May,2,6,2,3,New_Visitor,False,True
1,53.99,0,0.0,7,1237.49,0.01,0.01,2.68,0.03,Mar,3,2,1,6,Returning_Visitor,True,False
3,53.52,0,1.6,89,1939.0,0.01,0.02,0.0,0.03,Nov,2,2,1,2,Returning_Visitor,False,False
0,0.0,0,0.0,25,1224.05,0.0,0.01,1.71,0.03,Nov,2,2,1,2,Returning_Visitor,False,False
0,30.93,0,1.5,54,197.2,0.03,0.04,0.0,0.03,Mar,2,2,1,3,Returning_Visitor,False,False
1,367.99,0,0.0,23,845.28,0.02,0.01,1.53,0.0,Nov,2,2,7,3,Returning_Visitor,True,False
1,4.0,0,1.61,58,4651.03,0.02,0.05,0.0,0.03,May,2,2,1,2,Returning_Visitor,False,False
4,53.19,3,76.9,61,1409.36,0.02,0.01,0.26,0.0,Mar,2,2,1,2,Returning_Visitor,False,False
0,24.51,0,1.21,24,1208.83,0.01,0.03,0.0,0.0,Nov,4,2,1,2,Returning_Visitor,False,False
5,10.55,1,34.6,25,1137.27,0.01,0.02,0.0,0.03,Aug,2,2,1,2,Returning_Visitor,False,False
2,13.17,0,0.0,24,1202.5,0.01,0.03,3.43,0.0,Nov,1,1,1,2,Returning_Visitor,False,False
1,53.16,0,1.97,66,1229.65,0.0,0.02,0.0,0.03,Nov,2,2,1,1,Returning_Visitor,False,False
2,63.9,0,2.37,16,1572.57,0.0,0.02,0.54,0.03,Mar,2,2,1,2,Returning_Visitor,False,False
3,56.74,0,1.63,59,442.17,0.0,0.01,0.0,0.03,Mar,2,2,6,2,New_Visitor,True,False
3,247.15,0,788.0,111,1233.45,0.01,0.02,20.46,0.0,Nov,2,2,4,2,Returning_Visitor,False,False
9,603.8,1,102.75,61,5018.33,0.02,0.01,3.28,0.0,Oct,3,2,6,3,Returning_Visitor,False,False
3,14.0,1,52.92,61,4740.21,0.01,0.02,0.0,0.03,Nov,2,2,3,11,Returning_Visitor,False,False
3,21.68,2,31.56,54,1541.33,0.01,0.02,0.49,0.03,May,2,2,1,4,Returning_Visitor,False,False
1,13.96,0,0.0,51,1103.92,0.0,0.0,3.89,0.0,Nov,2,2,8,3,Returning_Visitor,False,False
10,387.75,1,1.26,56,1258.46,0.0,0.01,17.33,0.03,Nov,2,2,3,1,Returning_Visitor,False,True
2,0.0,0,0.0,81,57.0,0.02,0.02,2.75,0.03,Nov,2,5,2,3,Returning_Visitor,False,False
4,279.5,0,2.58,14,313.58,0.02,0.01,0.0,0.03,May,1,1,1,2,Returning_Visitor,False,False
3,29.28,0,0.0,40,1289.99,0.0,0.0,0.0,0.0,May,2,2,1,3,Returning_Visitor,False,False
4,71.24,0,34.91,28,1311.12,0.01,0.03,108.91,0.03,Nov,1,1,1,2,Returning_Visitor,False,True
3,14.77,0,1.52,55,319.51,0.0,0.06,0.95,0.03,Nov,3,2,1,3,Returning_Visitor,False,False
3,102.09,0,0.0,61,1198.52,0.0,0.03,0.0,0.03,May,2,2,1,13,Returning_Visitor,False,False
4,61.81,0,0.39,62,218.58,0.01,0.04,2.72,0.0,Mar,2,2,4,2,Returning_Visitor,False,False
12,279.42,0,0.0,42,1553.58,0.01,0.02,16.24,0.03,Nov,2,1,1,2,Returning_Visitor,False,False
0,0.0,0,0.88,10,3291.0,0.03,0.06,0.28,0.03,May,2,2,1,3,Returning_Visitor,False,False
7,45.22,0,0.0,35,1178.24,0.0,0.03,33.51,0.0,May,2,2,1,2,Returning_Visitor,False,False
3,28.2,0,0.0,60,1205.87,0.01,0.03,0.0,0.03,May,1,1,1,4,Returning_Visitor,False,False
1,140.8,4,286.23,61,959.02,0.0,0.02,14.62,0.0,Nov,2,2,1,2,Returning_Visitor,True,False
3,20.12,0,0.9,19,1193.48,0.0,0.0,0.0,0.03,Mar,1,2,1,3,Returning_Visitor,False,False
0,0.0,0,0.26,72,1289.5,0.0,0.05,18.11,0.03,Nov,2,2,1,2,Returning_Visitor,False,True
0,10.84,0,0.0,20,158.5,0.01,0.05,0.0,0.03,Mar,2,2,1,3,Returning_Visitor,True,False
3,35.13,0,1.18,55,168.2,0.11,0.04,0.33,0.03,Nov,2,1,1,3,Returning_Visitor,False,True
4,49.11,0,4.2,18,479.87,0.0,0.02,4.78,0.03,Nov,2,2,1,2,Returning_Visitor,False,False
2,42.5,0,1.08,48,970.42,0.01,0.03,23.44,0.6,May,2,2,4,4,Returning_Visitor,False,True
0,0.0,0,426.2,19,1311.15,0.02,0.01,49.89,0.03,Jul,2,2,1,2,New_Visitor,False,True
3,38.94,0,92.0,245,2419.8,0.0,0.03,12.7,0.0,Mar,3,2,1,8,Returning_Visitor,False,True
3,0.0,0,1.73,18,1110.87,0.0,0.02,57.04,0.03,Aug,2,2,4,2,Returning_Visitor,False,True
2,22.76,0,0.0,65,1266.0,0.0,0.01,0.0,0.03,May,2,2,3,4,Returning_Visitor,False,False
1,14.0,2,30.67,20,1058.66,0.01,0.05,0.0,0.03,Nov,1,2,1,3,Returning_Visitor,False,False
1,35.64,0,0.94,49,183.0,0.0,0.01,3.4,0.03,May,1,1,1,4,Returning_Visitor,False,False
3,298.83,0,1.38,53,1227.69,0.01,0.01,0.84,0.0,May,1,2,1,6,Returning_Visitor,False,False
3,52.38,1,2.33,140,4425.81,0.01,0.02,0.0,0.08,Sep,2,1,3,4,Returning_Visitor,True,False
3,23.0,0,1.55,6,83.0,0.01,0.02,0.0,0.03,Mar,2,2,1,2,New_Visitor,False,False
2,10.06,0,0.76,14,1332.83,0.01,0.01,7.34,0.03,Mar,2,2,1,2,Returning_Visitor,True,False
3,66.41,0,1.67,58,1329.03,0.0,0.01,50.79,0.0,May,2,2,4,2,Returning_Visitor,False,False
7,34.39,2,5.04,60,967.62,0.0,0.02,1.08,0.03,Dec,2,2,8,2,Returning_Visitor,False,False
2,0.0,0,0.41,9,1076.25,0.02,0.03,0.0,0.0,Nov,2,2,1,2,Returning_Visitor,True,False
2,55.74,0,0.82,57,3025.28,0.0,0.02,25.83,0.03,May,2,2,1,2,Returning_Visitor,False,False
3,168.5,0,0.74,73,84.0,0.0,0.02,0.0,0.0,Dec,3,2,1,3,Returning_Visitor,False,False
2,36.0,0,0.0,13,142.0,0.02,0.03,2.3,0.0,Mar,2,2,1,3,Returning_Visitor,False,False
0,6.97,0,1.01,66,327.09,0.05,0.09,0.0,0.0,Nov,2,2,1,1,Returning_Visitor,False,False
3,0.0,0,0.67,19,1483.02,0.0,0.03,8.43,0.2,May,2,2,2,2,Returning_Visitor,False,True
3,20.23,1,70.0,61,1150.2,0.01,0.02,1.48,0.0,Mar,2,2,1,1,Returning_Visitor,False,False
4,29.98,0,41.0,62,1156.82,0.02,0.01,1.46,0.03,Mar,2,2,3,6,Returning_Visitor,False,False
5,43.81,4,13.24,70,1303.31,0.0,0.02,12.81,0.0,May,2,2,1,4,Returning_Visitor,False,False
0,1.41,0,0.0,37,1211.03,0.0,0.01,0.37,0.0,Nov,2,1,1,2,New_Visitor,False,True
5,357.29,0,0.0,61,1270.02,0.0,0.02,0.0,0.6,May,3,2,1,13,Returning_Visitor,False,False
3,24.21,0,0.08,52,1231.27,0.01,0.01,11.81,0.0,Nov,2,2,1,2,Returning_Visitor,False,True
3,29.7,0,0.0,57,1179.72,0.03,0.06,1.7,0.0,Nov,2,2,1,1,Returning_Visitor,False,False
0,28.22,0,1.4,7,62.0,0.17,0.14,0.0,0.0,Mar,3,2,3,1,Returning_Visitor,False,False
3,99.12,0,0.91,58,1224.48,0.01,0.02,1.41,0.03,Nov,1,1,1,3,Returning_Visitor,False,False
1,5.25,0,0.8,67,1054.3,0.06,0.1,2.1,0.03,Mar,2,2,3,3,Returning_Visitor,False,False
3,53.52,1,51.0,64,3008.12,0.0,0.01,19.26,0.03,Mar,2,2,1,3,Returning_Visitor,False,False
1,5.53,0,0.0,29,898.0,0.02,0.02,1.72,0.03,Nov,2,2,1,2,Returning_Visitor,False,True
3,36.25,0,11.5,65,4245.18,0.01,0.02,2.52,0.2,May,2,2,1,4,Returning_Visitor,False,False
3,57.14,0,0.0,27,1132.54,0.01,0.04,8.08,0.03,May,2,2,4,3,Returning_Visitor,False,True
0,5.4,0,0.0,59,1189.16,0.01,0.03,0.03,0.03,Mar,3,2,1,2,Returning_Visitor,False,False
0,12.73,0,1.31,47,163.08,0.05,0.07,0.0,0.03,Mar,4,2,3,2,Returning_Visitor,False,False
3,97.8,0,0.0,56,1228.29,0.02,0.02,27.43,0.03,Nov,1,2,3,3,Returning_Visitor,False,False
0,4.39,0,0.46,45,1269.48,0.0,0.02,58.9,0.03,Mar,2,2,1,2,Returning_Visitor,False,True
3,36.3,0,0.0,1,1015.22,0.04,0.02,0.0,0.03,Nov,2,2,1,2,Returning_Visitor,False,True
5,228.0,0,267.5,62,941.75,0.01,0.02,0.0,0.03,Mar,2,2,1,2,Returning_Visitor,False,False
1,6.56,0,0.0,77,1208.71,0.05,0.02,0.0,0.0,Nov,3,2,4,3,Returning_Visitor,False,False
3,30.7,0,0.0,29,193.37,0.02,0.02,1.52,0.03,Nov,3,2,1,2,New_Visitor,True,False
1,18.61,0,1.44,63,1200.55,0.01,0.03,0.78,0.6,Nov,2,2,1,1,Returning_Visitor,False,False
1,0.0,0,0.0,9,1344.21,0.01,0.03,0.0,0.0,Nov,2,1,1,3,Returning_Visitor,False,False
1,0.0,0,1.39,54,1270.1,0.0,0.03,0.0,0.03,Dec,2,2,1,2,Returning_Visitor,False,False
2,23.64,2,2.87,29,1249.37,0.01,0.01,0.75,0.0,Mar,1,1,1,2,Returning_Visitor,False,False
13,150.44,0,516.0,132,1154.6,0.01,0.02,8.87,0.0,May,2,2,3,2,Returning_Visitor,False,False
2,190.75,0,2.22,36,1094.15,0.0,0.01,3.15,0.03,Dec,2,2,1,2,Returning_Visitor,False,False
0,24.82,0,0.0,37,960.65,0.07,0.15,0.0,0.0,Dec,2,2,1,3,Returning_Visitor,False,False
1,0.0,0,0.0,21,122.75,0.0,0.03,2.11,0.03,Nov,2,2,1,2,Returning_Visitor,False,False
2,13.32,0,0.0,11,684.33,0.02,0.06,0.0,0.03,Feb,2,4,1,1,Returning_Visitor,False,False
3,100.0,0,0.98,66,127.67,0.01,0.01,0.73,0.03,May,2,2,1,2,New_Visitor,False,False
1,0.0,0,0.0,70,1255.78,0.01,0.01,1.2,0.0,Nov,1,1,1,2,Returning_Visitor,False,False
3,0.0,0,1.81,7,578.2,0.0,0.03,58.49,0.03,Mar,2,5,3,6,Returning_Visitor,True,True
3,170.0,2,28.53,39,1177.29,0.01,0.02,4.05,0.03,Mar,2,2,1,2,Returning_Visitor,False,False
5,161.35,0,1.25,30,1287.2,0.01,0.03,0.0,0.03,Nov,1,1,1,3,Returning_Visitor,False,False
6,22.56,3,73.37,54,2407.32,0.0,0.01,0.09,0.03,May,2,2,1,4,Returning_Visitor,False,False
2,11.71,0,2.2,65,1185.01,0.0,0.03,0.0,0.03,Nov,2,1,1,2,Returning_Visitor,True,False
5,47.02,1,67.95,48,1362.23,0.01,0.02,9.14,0.03,Nov,2,2,1,2,Returning_Visitor,False,False
0,0.0,0,0.0,14,1241.1,0.01,0.03,0.0,0.0,Mar,2,2,3,2,Returning_Visitor,True,False
2,59.0,1,3.06,21,1449.0,0.02,0.02,3.16,0.0,May,1,1,1,2,Returning_Visitor,False,True
2,30.25,0,0.0,2,22.0,0.01,0.03,2.51,0.03,Dec,1,2,1,2,New_Visitor,False,False
0,0.0,0,1.36,29,631.78,0.01,0.05,0.02,0.03,Nov,2,2,1,2,Returning_Visitor,False,False
7,154.93,0,1.85,31,885.97,0.01,0.02,5.32,0.03,Jul,2,2,1,3,Returning_Visitor,False,False
2,57.71,0,0.56,57,4048.58,0.01,0.02,0.0,0.03,Nov,2,2,1,2,Returning_Visitor,False,False
4,61.5,0,2.53,75,1115.88,0.0,0.02,0.84,0.03,May,2,2,1,2,New_Visitor,False,False
1,105.22,0,1.77,22,1201.69,0.01,0.02,12.08,0.0,May,2,1,3,2,Returning_Visitor,False,True
4,183.71,0,17.0,80,1143.37,0.01,0.02,4.83,0.0,May,1,1,1,2,Returning_Visitor,True,False
2,29.7,0,0.0,62,1039.72,0.01,0.05,1.6,0.03,Mar,2,2,1,3,New_Visitor,False,False
3,1.42,0,0.0,62,2086.67,0.01,0.02,0.0,0.0,Dec,2,2,7,3,Returning_Visitor,False,False
3,58.78,2,21.89,143,4894.08,0.0,0.02,0.0,0.03,Nov,2,2,7,3,Returning_Visitor,False,False
6,253.75,3,33.0,73,1267.27,0.02,0.02,0.0,0.2,Mar,2,2,2,3,Returning_Visitor,False,False
2,16.64,0,0.0,19,1210.1,0.01,0.01,3.67,0.03,Nov,2,1,1,10,Returning_Visitor,False,False
5,53.05,0,0.78,16,866.5,0.0,0.01,0.0,0.03,Nov,2,2,1,2,Returning_Visitor,False,False
1,3.17,0,0.86,30,1222.61,0.01,0.01,3.83,0.03,May,2,2,1,2,Returning_Visitor,False,True
2,46.3,0,1.62,51,48.4,0.01,0.02,1.47,0.0,Oct,2,1,1,3,Returning_Visitor,False,False
0,0.0,0,0.0,49,65.4,0.05,0.08,0.58,0.03,Nov,1,1,1,3,Returning_Visitor,False,False
0,0.0,0,0.0,6,1163.03,0.0,0.03,1.44,0.03,May,2,5,4,3,Returning_Visitor,False,False
0,47.19,0,1.64,1,0.0,0.2,0.2,0.0,0.0,Mar,1,1,1,3,Returning_Visitor,False,False
0,17.46,0,1.6,13,1062.92,0.02,0.02,2.18,0.0,Nov,3,2,1,2,Returning_Visitor,True,False
0,8.84,0,0.72,62,1124.92,0.01,0.02,0.81,0.03,May,2,2,1,3,Returning_Visitor,False,True
3,42.0,0,0.0,57,1096.69,0.0,0.03,0.48,0.03,May,3,2,4,3,Returning_Visitor,True,False
0,0.0,0,3.54,47,1093.83,0.0,0.02,1.74,0.03,Dec,2,2,2,1,Returning_Visitor,False,False
4,186.12,0,1.76,19,457.9,0.0,0.02,0.0,0.0,Nov,1,1,1,4,Returning_Visitor,False,False
3,55.89,0,0.0,8,306.79,0.0,0.03,0.0,0.03,Dec,2,2,3,2,New_Visitor,False,False
0,34.77,0,0.0,57,28.0,0.07,0.14,0.0,0.03,Mar,2,2,7,6,Returning_Visitor,False,False
3,200.51,2,67.7,21,1188.42,0.01,0.02,1.37,0.03,Dec,2,2,4,2,Returning_Visitor,False,False
3,117.5,0,0.0,47,1241.74,0.02,0.02,0.0,0.03,May,2,2,1,13,Returning_Visitor,False,False
0,40.38,2,62.33,34,1122.27,0.02,0.03,1.16,0.03,May,2,2,4,3,Returning_Visitor,False,False
2,26.96,0,1.02,56,655.42,0.01,0.05,3.38,0.03,Nov,2,2,1,3,Returning_Visitor,False,False
3,26.36,1,20.0,35,816.95,0.03,0.01,3.85,0.03,May,2,2,8,1,Returning_Visitor,False,False
3,36.25,0,0.0,66,1225.35,0.01,0.02,16.48,0.03,Nov,2,2,1,3,Returning_Visitor,True,False
0,13.31,0,1.49,91,95.0,0.01,0.05,0.62,0.0,Nov,2,2,3,3,Returning_Visitor,False,False
0,49.13,0,0.0,55,1218.71,0.0,0.02,0.0,0.03,Feb,2,2,1,3,New_Visitor,False,False
3,61.0,0,0.0,31,1470.42,0.01,0.01,0.38,0.0,May,2,2,1,2,Returning_Visitor,False,False
1,3.92,0,1.69,31,1075.76,0.0,0.01,1.17,0.03,May,2,6,1,2,Returning_Visitor,False,False
4,31.62,0,0.61,16,1246.07,0.01,0.01,31.46,0.0,Nov,2,2,1,10,Returning_Visitor,False,False
2,4.75,0,0.76,60,1231.14,0.01,0.01,0.2,0.03,Mar,2,2,1,1,Returning_Visitor,False,False
2,88.0,0,0.0,7,971.19,0.01,0.02,0.73,0.0,Mar,2,2,1,3,New_Visitor,False,False
3,37.48,0,1.16,12,1393.16,0.01,0.01,0.0,0.03,May,3,2,1,3,New_Visitor,False,False
3,26.46,0,0.98,52,1405.48,0.13,0.14,0.45,0.0,Aug,1,1,1,3,Returning_Visitor,True,False
1,25.45,0,0.67,15,259.67,0.03,0.02,0.0,0.03,May,1,1,3,2,Returning_Visitor,True,False
3,14.5,0,1.49,58,1239.36,0.01,0.02,0.73,0.03,May,3,2,2,4,Returning_Visitor,False,False
3,92.83,0,0.87,24,1007.22,0.0,0.03,17.84,0.0,Mar,1,1,1,2,Returning_Visitor,False,True
0,20.3,0,1.11,0,97.55,0.2,0.2,0.0,0.0,May,2,2,1,3,Returning_Visitor,False,False
2,24.49,1,54.29,76,1303.81,0.01,0.01,16.88,0.03,Mar,2,2,1,2,Returning_Visitor,False,True
1,41.69,0,0.0,66,1473.04,0.01,0.02,4.1,0.03,Nov,1,1,1,8,Returning_Visitor,False,False
3,13.39,0,28.0,1,0.0,0.07,0.01,3.42,0.03,Mar,2,2,8,3,Returning_Visitor,False,False
3,34.92,0,2.57,5,1373.94,0.01,0.02,0.0,0.03,Mar,2,2,1,6,Returning_Visitor,False,False
0,14.37,0,0.0,59,1114.14,0.01,0.04,0.8,0.03,Nov,3,2,1,2,Returning_Visitor,True,False
0,0.0,0,0.0,9,1285.98,0.01,0.02,0.0,0.03,Mar,1,1,1,3,Returning_Visitor,False,False
3,45.09,0,1.37,13,1265.99,0.01,0.02,31.98,0.0,May,2,2,1,3,Returning_Visitor,False,True
3,35.21,0,2.1,24,1204.05,0.03,0.02,0.0,0.03,Mar,2,2,8,1,Returning_Visitor,False,False
2,36.71,0,0.0,6,104.0,0.0,0.03,0.0,0.03,Mar,3,2,7,6,Returning_Visitor,False,False
1,146.0,0,1.66,7,221.4,0.01,0.03,0.57,0.03,Nov,1,1,4,2,Returning_Visitor,False,False
3,20.17,0,0.16,55,1214.94,0.02,0.03,5.61,0.0,May,2,2,6,1,Returning_Visitor,False,False
4,134.24,3,53.44,65,1226.13,0.01,0.01,1.94,0.0,Mar,1,2,1,2,New_Visitor,False,False
3,360.91,2,294.6,58,1187.0,0.0,0.03,0.0,0.03,Mar,2,2,1,2,Returning_Visitor,False,True
3,33.71,0,0.0,18,0.0,0.2,0.02,8.88,0.0,Feb,2,1,1,2,Returning_Visitor,True,False
2,0.0,0,0.81,10,85.17,0.11,0.1,0.88,0.0,Nov,2,2,1,1,Returning_Visitor,False,False
1,7.27,0,0.0,46,128.5,0.05,0.03,0.0,0.03,Nov,2,2,1,3,Returning_Visitor,True,False
2,32.96,0,0.0,9,36.0,0.05,0.1,1.99,0.03,May,2,2,1,3,Returning_Visitor,False,False
1,29.24,0,0.0,13,1227.75,0.0,0.03,41.42,0.03,Mar,1,2,1,2,New_Visitor,False,True
1,151.74,2,51.28,65,1140.79,0.01,0.02,18.18,0.03,Mar,2,2,4,2,Returning_Visitor,False,True
3,24.14,0,0.0,92,0.0,0.2,0.14,0.0,0.03,June,3,2,1,2,Returning_Visitor,False,False
3,97.91,0,1.21,62,1052.26,0.01,0.02,1.24,0.03,Mar,3,2,4,11,Returning_Visitor,False,False
3,21.27,0,1.15,51,507.5,0.0,0.01,12.01,0.03,Nov,2,2,1,2,Returning_Visitor,True,True
1,34.71,0,1.08,33,221.5,0.01,0.02,2.51,0.0,Nov,2,2,1,2,Returning_Visitor,False,False
1,13.64,0,0.0,24,1242.0,0.02,0.06,0.0,0.03,Nov,2,2,1,2,Returning_Visitor,False,False
3,0.0,0,6.65,15,1125.75,0.0,0.02,0.5,0.8,Mar,1,1,1,2,Returning_Visitor,True,False
0,13.34,0,0.0,1,63.49,0.2,0.1,0.0,0.0,May,1,1,1,2,Returning_Visitor,False,False
3,30.0,0,2.5,24,597.6,0.01,0.01,0.0,0.03,Mar,1,1,3,2,Returning_Visitor,False,False
1,6.6,0,0.0,60,1240.09,0.0,0.01,3.18,0.0,Nov,2,2,3,3,Returning_Visitor,False,False
12,149.29,0,1.17,54,5327.91,0.01,0.01,12.82,0.03,Nov,2,2,1,1,Returning_Visitor,False,False
0,18.3,0,1.77,62,1321.93,0.06,0.1,0.0,0.03,Nov,2,2,1,13,Returning_Visitor,False,False
3,49.87,0,1.07,66,78.82,0.0,0.05,1.58,0.03,Nov,2,2,1,6,Returning_Visitor,False,False
3,2.35,0,1.95,55,709.33,0.01,0.01,0.0,0.03,Nov,2,2,1,2,Returning_Visitor,False,False
1,35.68,0,0.54,24,1197.09,0.02,0.01,59.23,0.03,Mar,2,4,1,2,Returning_Visitor,False,True
0,12.37,0,0.0,40,0.0,0.19,0.14,0.8,0.0,Mar,2,2,1,1,Returning_Visitor,False,False
3,111.0,0,0.0,56,1199.36,0.02,0.01,36.65,0.0,May,2,2,1,2,Returning_Visitor,False,True
3,34.28,1,1.85,61,1152.13,0.01,0.02,0.4,0.03,Dec,1,2,1,3,Returning_Visitor,False,False
2,31.71,0,0.0,15,872.83,0.0,0.03,0.0,0.03,Mar,2,2,2,3,Returning_Visitor,False,False
0,0.0,0,0.0,18,1099.97,0.01,0.02,0.0,0.03,Dec,2,2,1,11,Returning_Visitor,False,False
4,26.66,0,1.1,22,1263.06,0.01,0.01,107.94,0.03,May,2,2,4,4,Returning_Visitor,False,True
0,5.75,0,0.0,57,609.26,0.01,0.06,1.18,0.03,Mar,2,2,3,3,Returning_Visitor,False,False
2,12.46,0,0.0,63,1210.65,0.0,0.04,0.0,0.03,Nov,2,2,1,2,Returning_Visitor,False,False
0,0.0,0,2.08,24,1328.93,0.04,0.02,2.65,0.03,May,3,3,3,4,Returning_Visitor,False,False
3,54.5,0,0.0,61,1197.51,0.01,0.01,4.24,0.03,Mar,4,1,2,1,Returning_Visitor,False,False
8,139.57,1,0.15,25,1310.22,0.0,0.03,7.99,0.0,Nov,2,5,1,3,Returning_Visitor,False,False
3,311.25,4,428.55,66,3891.21,0.01,0.01,86.79,0.0,Dec,2,2,1,2,Returning_Visitor,False,False
0,0.0,0,1.45,52,1199.92,0.0,0.02,0.0,0.0,Oct,2,4,9,2,Returning_Visitor,False,False
0,31.42,0,1.37,7,1214.77,0.0,0.03,0.0,0.03,Nov,3,2,1,11,Returning_Visitor,True,False
0,0.0,0,0.0,4,10.0,0.01,0.03,1.33,0.0,Dec,1,1,2,2,Returning_Visitor,False,False
2,100.0,1,12.0,60,1373.95,0.01,0.0,3.27,0.0,Nov,1,2,1,2,New_Visitor,False,False
2,23.4,0,0.0,49,1339.28,0.03,0.12,5.03,0.8,May,2,2,4,13,Returning_Visitor,False,False
3,36.03,2,31.7,6,747.24,0.01,0.02,2.96,0.03,June,2,2,7,11,New_Visitor,False,False
3,63.4,0,0.0,56,1056.05,0.01,0.09,0.0,0.0,Aug,3,2,6,2,Returning_Visitor,True,False
3,0.0,0,1.32,65,1164.83,0.01,0.02,3.58,0.03,Nov,2,2,7,3,Returning_Visitor,True,True
0,29.1,2,1.16,11,1267.42,0.02,0.02,0.98,0.03,Mar,2,2,4,10,Returning_Visitor,False,False
3,53.01,0,0.0,47,1230.61,0.0,0.03,0.0,0.03,Nov,2,2,1,3,Returning_Visitor,True,False
3,22.9,2,8.56,145,4389.25,0.01,0.02,1.55,0.03,Nov,2,10,7,3,Returning_Visitor,True,True
0,0.0,0,1.68,1,0.0,0.19,0.14,0.28,0.03,May,2,2,1,3,Returning_Visitor,False,False
2,0.0,0,0.0,47,66.83,0.2,0.05,0.0,0.03,Mar,2,4,1,2,Returning_Visitor,False,False
10,348.57,2,435.45,56,5811.14,0.01,0.02,14.95,0.03,Nov,2,2,1,2,Returning_Visitor,False,True
2,23.98,0,0.0,17,1209.25,0.01,0.0,34.04,0.03,Nov,2,2,1,2,Returning_Visitor,False,True
14,295.2,1,56.9,52,1317.84,0.0,0.02,2.43,0.03,Oct,2,2,3,1,Returning_Visitor,False,False
0,32.79,0,0.92,3,10.0,0.01,0.04,0.0,0.03,Mar,2,2,7,1,Returning_Visitor,False,False
7,26.19,0,0.0,74,1540.29,0.01,0.03,1.37,0.03,Aug,2,2,1,2,Returning_Visitor,False,False
2,31.81,0,0.0,15,857.85,0.01,0.1,0.0,0.0,Nov,1,1,3,1,Returning_Visitor,False,False
4,33.28,2,139.5,63,3714.35,0.01,0.01,0.57,0.0,Nov,2,2,1,2,Returning_Visitor,False,False
2,82.0,0,0.0,63,1139.84,0.01,0.04,12.08,0.0,May,2,2,2,3,Returning_Visitor,True,False
1,0.0,0,0.0,48,336.88,0.02,0.02,2.38,0.03,Sep,1,2,6,4,Returning_Visitor,False,True
0,0.0,0,1.37,7,65.01,0.2,0.2,0.0,0.0,May,2,2,1,3,Returning_Visitor,False,False
3,85.62,0,1.13,65,1199.62,0.01,0.02,6.8,0.0,Mar,2,2,2,1,Returning_Visitor,True,True
0,0.0,0,1.37,27,248.9,0.01,0.03,1.67,0.03,May,1,2,1,2,Returning_Visitor,False,False
3,251.81,2,101.8,37,1138.96,0.01,0.03,4.68,0.0,Mar,1,1,1,2,Returning_Visitor,True,False
0,0.0,0,1.44,22,1237.45,0.02,0.02,0.41,0.0,Mar,3,2,1,3,Returning_Visitor,True,False
0,17.46,0,1.22,3,1158.27,0.0,0.03,0.48,0.03,Nov,3,2,3,3,Returning_Visitor,True,False
3,29.17,0,1.76,61,240.3,0.01,0.02,3.69,0.0,Aug,2,2,1,6,Returning_Visitor,False,False
9,68.16,1,2.04,161,1555.87,0.0,0.02,15.99,0.0,Nov,2,5,1,2,Returning_Visitor,False,True
0,35.55,0,0.63,64,1147.39,0.0,0.02,0.0,0.0,Dec,3,3,1,3,Returning_Visitor,False,False
0,0.0,0,0.81,63,43.2,0.0,0.05,0.0,0.04,Nov,3,2,1,3,Returning_Visitor,False,False
0,17.23,0,1.52,14,1195.88,0.01,0.02,1.95,0.0,Nov,2,2,2,3,Returning_Visitor,False,False
3,0.0,0,0.0,12,640.38,0.02,0.02,2.33,0.03,Dec,1,2,1,1,Returning_Visitor,False,False
0,21.59,0,0.0,2,63.57,0.16,0.13,0.2,0.03,May,2,2,3,2,Returning_Visitor,False,False
1,126.55,3,21.12,31,2372.33,0.01,0.01,59.54,0.03,Mar,2,2,3,2,Returning_Visitor,False,False
2,226.98,0,0.0,61,1301.38,0.01,0.02,0.35,0.03,Nov,2,2,1,6,Returning_Visitor,False,False
3,12.29,0,2.24,10,198.75,0.0,0.02,1.21,0.0,Nov,2,2,1,20,Returning_Visitor,False,False
3,40.42,0,0.67,3,93.75,0.0,0.07,1.76,0.0,Nov,2,2,1,4,Returning_Visitor,False,False
3,265.06,2,70.68,65,1199.98,0.01,0.02,35.43,0.0,Mar,2,2,1,2,Returning_Visitor,False,False
0,0.0,0,0.0,65,1295.6,0.01,0.02,1.05,0.6,May,2,2,4,2,Returning_Visitor,False,False
2,46.46,0,0.96,82,2875.62,0.01,0.03,1.82,0.0,Nov,2,2,1,1,Returning_Visitor,False,True
2,31.19,0,1.14,74,1212.6,0.0,0.04,1.47,0.0,Dec,2,2,1,8,Returning_Visitor,False,False
3,42.75,0,1.78,49,633.75,0.0,0.02,11.57,0.0,Mar,2,10,1,2,Returning_Visitor,True,True
0,0.0,0,1.94,25,566.88,0.0,0.03,1.85,0.03,Nov,2,2,3,1,Returning_Visitor,True,False
0,6.66,0,2.09,1,0.0,0.19,0.14,0.0,0.04,May,4,2,3,2,Returning_Visitor,False,False
2,19.97,0,0.83,28,82.24,0.02,0.2,0.92,0.0,Aug,3,2,1,13,Returning_Visitor,False,False
0,2.19,0,1.39,7,83.0,0.15,0.09,0.49,0.03,May,2,2,1,3,Returning_Visitor,False,False
5,53.0,0,0.0,52,1036.54,0.02,0.01,0.0,0.2,Nov,1,1,3,3,Returning_Visitor,False,False
1,27.55,0,0.0,70,1468.64,0.01,0.06,0.0,0.0,Nov,2,2,1,6,Returning_Visitor,False,False
3,45.39,0,0.87,45,1307.65,0.0,0.01,2.24,0.0,May,2,2,1,3,Returning_Visitor,False,True
3,1.44,2,105.13,17,1048.94,0.01,0.05,0.0,0.03,May,2,2,1,13,Returning_Visitor,False,False
4,27.75,0,0.91,11,234.99,0.01,0.02,0.0,0.0,Mar,2,2,1,1,Returning_Visitor,False,False
0,2.01,0,0.35,41,1206.96,0.0,0.02,1.15,0.0,Nov,2,2,1,2,Returning_Visitor,False,False
2,37.81,0,0.0,69,915.17,0.02,0.02,8.2,0.03,Mar,2,2,4,1,Returning_Visitor,False,False
0,20.84,0,0.81,40,77.78,0.19,0.2,0.0,0.0,Nov,4,1,3,3,Returning_Visitor,False,False
1,0.0,0,1.38,2,97.7,0.0,0.14,0.0,0.03,Mar,2,2,1,9,Returning_Visitor,False,False
3,70.5,0,1.91,48,541.54,0.0,0.01,115.78,0.03,Nov,2,5,1,2,New_Visitor,True,True
2,19.0,1,15.82,11,66.83,0.02,0.02,0.91,0.03,Nov,2,2,1,8,New_Visitor,False,False
0,25.71,0,0.0,2,26.5,0.02,0.02,0.0,0.0,Nov,2,2,1,3,Returning_Visitor,True,False
3,26.7,0,1.22,54,701.5,0.05,0.05,0.0,0.03,Mar,2,2,1,1,Returning_Visitor,False,False
3,0.0,0,1.21,17,970.19,0.0,0.03,0.0,0.03,Nov,1,2,3,2,Returning_Visitor,False,False
0,0.0,0,0.0,53,2051.47,0.01,0.02,0.0,0.0,Nov,2,2,1,2,Returning_Visitor,False,True
3,64.0,0,0.25,66,1238.83,0.0,0.01,27.81,0.03,Nov,2,2,1,2,Returning_Visitor,False,True
0,22.72,0,1.11,30,2478.0,0.01,0.06,2.55,0.0,Nov,2,2,1,11,Returning_Visitor,True,True
1,0.0,0,0.0,32,102.0,0.01,0.1,0.57,0.03,Nov,2,2,1,3,Returning_Visitor,False,False
3,53.01,2,52.39,54,3545.19,0.02,0.03,0.46,0.6,May,2,2,4,2,Returning_Visitor,False,False
3,14.88,0,0.99,54,1165.6,0.01,0.02,2.61,0.0,Mar,2,5,1,3,New_Visitor,False,True
3,23.0,0,1.29,61,1120.67,0.01,0.02,20.59,0.0,Nov,1,1,1,2,Returning_Visitor,False,True
4,362.32,0,0.0,58,1839.13,0.01,0.03,0.0,0.03,Mar,3,2,3,3,Returning_Visitor,False,False
0,19.7,0,0.0,4,1221.77,0.02,0.03,1.24,0.03,Mar,2,2,3,1,Returning_Visitor,False,False
9,175.93,1,13.89,229,1168.24,0.0,0.02,1.92,0.0,Nov,2,2,1,2,Returning_Visitor,False,True
2,21.42,0,1.44,63,1276.73,0.01,0.07,2.99,0.0,Dec,2,1,9,2,Returning_Visitor,False,False
3,22.37,0,1.56,18,1845.96,0.0,0.02,2.78,0.03,May,2,2,1,2,Returning_Visitor,True,True
3,52.7,0,403.0,15,665.57,0.02,0.02,0.0,0.03,Nov,3,2,8,2,Returning_Visitor,False,False
2,137.68,0,1.31,87,1336.14,0.0,0.02,14.58,0.03,Dec,4,2,1,2,Returning_Visitor,False,False
1,21.23,0,1.65,7,98.5,0.07,0.03,0.0,0.0,Mar,1,1,6,1,Returning_Visitor,False,False
0,26.16,0,1.63,19,196.5,0.02,0.02,0.64,0.03,May,2,2,1,1,Returning_Visitor,True,False
0,7.69,0,0.0,7,65.78,0.2,0.2,0.17,0.03,May,2,2,1,3,Returning_Visitor,False,False
0,11.42,0,0.9,135,1245.12,0.02,0.04,0.0,0.12,Sep,2,2,1,3,Returning_Visitor,False,False
0,0.0,0,1.23,23,647.5,0.02,0.04,0.0,0.03,May,3,2,1,1,Returning_Visitor,False,False
0,11.46,0,1.13,5,100.4,0.02,0.03,0.68,0.03,Mar,2,2,3,3,Returning_Visitor,False,False
3,62.64,0,1.24,43,1270.6,0.0,0.04,0.0,0.0,Mar,2,2,1,13,Returning_Visitor,False,False
0,0.0,0,1.22,90,74.9,0.0,0.1,0.58,0.03,Nov,2,2,3,3,Returning_Visitor,True,False
3,53.5,0,0.0,63,1097.05,0.0,0.02,19.05,0.03,May,2,2,1,3,Returning_Visitor,False,False
0,7.49,0,0.83,15,1240.09,0.0,0.01,0.0,0.03,Dec,2,2,1,2,Returning_Visitor,False,False
3,62.29,0,0.0,22,380.81,0.01,0.01,1.91,0.0,Jul,1,2,1,2,Returning_Visitor,False,False
0,30.84,0,1.49,10,122.17,0.01,0.03,0.0,0.03,Nov,1,1,1,3,New_Visitor,True,False
2,75.5,2,161.0,56,4861.84,0.01,0.01,0.82,0.03,Mar,2,2,3,2,Returning_Visitor,False,True
0,13.95,0,0.0,19,0.0,0.19,0.13,0.0,0.0,Nov,2,2,1,3,Returning_Visitor,False,False
1,29.99,1,493.0,58,1572.49,0.01,0.02,2.63,0.0,Nov,2,2,1,2,Returning_Visitor,False,False
0,16.09,0,1.21,11,71.6,0.2,0.2,0.0,0.03,Nov,2,2,1,1,Returning_Visitor,False,False
2,29.38,0,1.42,10,1207.98,0.0,0.03,0.0,0.03,Nov,1,2,1,1,Returning_Visitor,False,False
0,0.0,0,1.43,11,1197.8,0.01,0.01,2.54,0.03,Mar,2,2,1,3,Returning_Visitor,False,False
0,33.63,0,0.0,102,137.0,0.15,0.14,0.21,0.2,May,2,2,2,3,Returning_Visitor,False,False
4,72.0,0,1.67,61,2258.18,0.01,0.02,38.19,0.03,Nov,2,2,9,2,Returning_Visitor,False,False
2,35.05,0,1.52,2,442.5,0.01,0.03,0.22,0.03,Dec,4,2,4,2,Returning_Visitor,False,False
2,0.0,0,0.0,39,1163.97,0.03,0.02,1.12,0.03,Nov,3,3,3,3,Returning_Visitor,False,False
3,61.11,2,1.97,19,240.75,0.0,0.02,0.0,0.03,Nov,2,2,9,3,Returning_Visitor,False,False
2,365.89,0,0.0,15,1227.06,0.02,0.02,6.62,0.03,Nov,2,8,2,11,Returning_Visitor,False,False
1,19.36,0,0.0,15,644.12,0.01,0.02,0.61,0.03,Mar,2,2,1,3,Returning_Visitor,False,False
5,626.0,2,16.03,77,1271.45,0.0,0.02,41.93,0.0,May,1,1,1,2,Returning_Visitor,False,False
2,10.96,2,17.0,55,1066.57,0.0,0.03,19.17,0.0,Mar,3,2,4,10,Returning_Visitor,False,True
4,57.3,0,1.28,9,224.25,0.0,0.02,0.0,0.03,Mar,1,2,3,2,Returning_Visitor,False,False
3,28.17,0,0.0,50,818.91,0.02,0.02,0.0,1.0,Mar,2,1,7,2,Returning_Visitor,False,False
6,37.5,0,2.16,49,1230.94,0.02,0.02,0.0,0.0,Mar,1,1,3,8,Returning_Visitor,False,True
3,139.57,1,1.78,60,1064.48,0.01,0.03,0.78,0.03,Dec,2,10,1,3,New_Visitor,False,True
3,24.2,0,1.37,8,1165.79,0.01,0.03,1.82,0.03,Nov,1,2,1,2,Returning_Visitor,False,False
1,38.45,0,0.0,3,1341.5,0.0,0.04,0.0,0.0,Mar,3,2,6,3,New_Visitor,False,False
0,0.0,0,1.61,2,4.0,0.02,0.1,1.37,0.0,Aug,2,2,1,1,Returning_Visitor,False,False
3,20.43,0,0.0,6,1318.19,0.05,0.08,0.37,0.03,May,3,2,1,3,Returning_Visitor,False,False
2,0.0,0,1.66,23,1130.66,0.0,0.01,50.19,0.03,May,2,2,1,4,New_Visitor,False,True
3,11.9,0,1.46,4,355.78,0.01,0.03,0.0,0.03,Dec,2,2,1,3,Returning_Visitor,False,False
3,151.0,0,0.0,30,1547.23,0.0,0.01,28.4,0.0,May,2,2,1,2,Returning_Visitor,False,True
0,96.34,0,1.64,3,353.15,0.09,0.09,0.76,0.03,May,3,2,1,3,Returning_Visitor,False,False
3,52.0,0,0.55,69,319.0,0.0,0.02,2.34,0.0,Mar,2,2,1,1,Returning_Visitor,False,False
0,0.0,0,1.35,80,1199.36,0.02,0.03,0.07,0.04,Mar,2,2,1,2,Returning_Visitor,False,False
1,0.0,0,1.43,59,1180.03,0.0,0.07,0.93,0.03,Feb,2,2,3,1,Returning_Visitor,False,False
2,2.98,0,1.38,45,1350.7,0.0,0.04,4.34,0.0,Mar,1,8,1,6,Returning_Visitor,False,False
3,6.0,0,1.99,60,1168.39,0.01,0.02,24.22,0.03,Jul,2,2,1,1,Returning_Visitor,False,False
3,0.0,0,0.0,24,1253.77,0.01,0.02,0.0,0.03,Sep,2,2,1,3,Returning_Visitor,False,False
1,24.08,0,0.0,39,190.25,0.03,0.03,0.0,0.0,Mar,2,2,1,3,Returning_Visitor,False,False
8,381.5,1,22.2,154,4927.96,0.01,0.02,0.0,0.03,Nov,3,2,1,2,Returning_Visitor,False,False
1,21.77,0,0.0,57,1342.45,0.05,0.03,0.0,0.03,Mar,3,2,1,3,Returning_Visitor,False,False
3,186.67,2,2.66,59,347.4,0.01,0.03,0.0,0.03,Mar,2,2,4,3,Returning_Visitor,False,True
10,114.25,1,1.67,60,1187.35,0.0,0.03,2.27,0.03,May,2,2,1,4,Returning_Visitor,True,True
1,1.7,0,0.0,55,1163.03,0.0,0.02,1.9,0.0,May,2,2,1,1,Returning_Visitor,True,False
2,14.25,0,0.0,1,76.22,0.2,0.2,0.0,0.0,Mar,2,2,3,2,Returning_Visitor,False,False
3,43.25,0,0.96,34,605.89,0.0,0.02,0.0,0.03,Nov,2,1,3,2,Returning_Visitor,False,False
3,11.33,0,0.0,5,410.55,0.01,0.04,0.0,0.0,Nov,2,2,1,3,Returning_Visitor,False,False
3,67.13,0,0.0,66,1272.92,0.0,0.02,9.4,0.03,Mar,2,4,2,2,Returning_Visitor,False,False
2,65.5,0,0.0,57,783.75,0.01,0.03,12.64,0.03,May,2,2,3,2,Returning_Visitor,True,True
2,43.03,0,0.0,45,1205.93,0.01,0.0,0.0,0.0,Dec,2,8,1,3,New_Visitor,False,False
3,0.0,0,0.0,5,1220.59,0.08,0.07,7.71,0.0,May,2,2,1,2,Returning_Visitor,False,False
2,15.42,0,50.19,8,1368.19,0.01,0.05,2.25,0.03,May,1,2,4,2,Returning_Visitor,False,False
0,25.46,0,1.26,32,339.25,0.01,0.02,2.73,0.03,Nov,2,2,2,2,Returning_Visitor,False,False
5,119.57,2,69.55,42,1610.78,0.01,0.03,4.08,0.03,Dec,2,2,3,2,Returning_Visitor,False,False
8,19.61,0,0.75,59,1171.14,0.01,0.02,5.56,0.0,Mar,2,2,3,3,Returning_Visitor,False,True
0,14.77,0,1.69,2,22.0,0.0,0.1,0.0,0.0,Mar,2,2,3,1,Returning_Visitor,False,False
2,30.44,0,0.97,17,1171.6,0.03,0.02,1.06,0.04,May,2,2,1,2,Returning_Visitor,False,False
1,0.0,0,0.0,4,1124.94,0.02,0.03,0.0,0.03,Nov,3,2,1,2,Returning_Visitor,False,False
7,165.92,2,37.5,42,928.85,0.01,0.02,0.0,0.03,Nov,1,1,3,2,Returning_Visitor,False,False
3,0.0,0,2.7,41,1527.61,0.04,0.02,0.52,0.03,Mar,2,2,1,3,Returning_Visitor,True,False
2,0.0,0,0.0,70,1184.98,0.01,0.03,1.19,0.0,Nov,2,2,1,20,Returning_Visitor,False,False
3,96.88,1,51.98,42,1923.28,0.01,0.0,17.7,0.03,May,2,2,1,4,Returning_Visitor,False,True
0,25.82,0,2.24,92,1264.39,0.01,0.04,0.0,0.0,Nov,4,1,1,1,Returning_Visitor,False,False
2,0.0,0,1.23,7,1112.56,0.0,0.03,0.0,0.03,Nov,2,2,1,3,Returning_Visitor,False,False
3,34.61,1,0.0,51,1341.67,0.0,0.02,0.0,0.0,Mar,2,2,1,1,Returning_Visitor,False,False
1,34.48,0,584.0,54,1180.21,0.01,0.02,3.92,0.0,Mar,2,2,1,2,Returning_Visitor,False,False
3,112.27,0,2.97,32,1191.53,0.01,0.03,0.0,0.0,Sep,2,2,1,3,Returning_Visitor,False,False
1,0.0,0,0.0,89,87.52,0.01,0.2,0.54,0.03,Nov,2,2,1,2,New_Visitor,False,False
2,34.73,0,0.85,53,1177.03,0.0,0.02,0.63,0.0,Nov,2,2,3,11,Returning_Visitor,False,False
3,20.76,0,1.86,48,42.0,0.0,0.05,0.72,0.0,Mar,1,1,7,3,Returning_Visitor,False,False
0,17.6,3,82.5,9,1059.47,0.02,0.02,0.0,0.03,Dec,3,2,6,2,Returning_Visitor,False,False
2,52.0,2,79.61,18,1262.0,0.0,0.01,0.0,0.03,Mar,2,2,1,2,Returning_Visitor,False,False
2,4.22,0,1.33,44,56.33,0.01,0.01,0.0,0.03,May,2,2,1,4,New_Visitor,False,False
0,17.2,0,0.0,18,1188.0,0.01,0.02,1.02,0.0,Feb,2,4,3,3,Returning_Visitor,False,False
3,0.0,0,0.97,60,1501.0,0.09,0.02,1.16,0.03,Mar,3,2,4,4,Returning_Visitor,False,False
0,30.56,0,1.51,7,1224.62,0.0,0.03,0.0,0.0,Dec,2,2,1,2,Returning_Visitor,True,False
5,68.5,1,34.25,61,2268.91,0.01,0.01,1.83,0.03,Nov,3,2,1,2,Returning_Visitor,False,False
3,73.2,5,3.12,10,239.7,0.01,0.0,0.0,0.0,Mar,2,2,5,2,Returning_Visitor,False,False
2,12.56,1,6.0,82,3214.02,0.01,0.01,2.91,0.03,Mar,2,2,2,10,Returning_Visitor,False,True
4,32.45,2,27.72,27,5378.63,0.01,0.02,0.68,0.03,Mar,2,2,3,2,Returning_Visitor,False,False
3,65.19,0,2.36,58,1066.39,0.01,0.02,1.13,0.03,June,2,2,3,2,Returning_Visitor,False,False
3,56.99,0,1.41,23,579.3,0.01,0.01,0.0,0.0,Sep,2,2,1,2,New_Visitor,False,False
1,23.64,0,1.87,55,1822.01,0.01,0.01,0.0,0.0,May,2,2,1,4,Returning_Visitor,False,False
1,0.0,0,1.34,34,1202.2,0.05,0.05,0.0,0.0,Nov,2,2,1,3,Returning_Visitor,False,True
2,43.1,0,1.88,26,760.01,0.01,0.02,1.97,0.0,Nov,2,4,3,4,Returning_Visitor,False,False
10,198.5,2,3.39,6,1078.74,0.01,0.02,0.0,0.0,Mar,2,2,1,2,Returning_Visitor,False,False
2,10.83,0,1.4,57,1019.17,0.03,0.02,0.0,0.03,May,2,2,1,6,Returning_Visitor,False,False
3,7.46,0,0.0,115,2547.72,0.02,0.01,13.26,0.0,Nov,2,2,4,10,Returning_Visitor,False,True
2,0.0,0,31.0,3,1153.61,0.04,0.02,0.0,0.03,Mar,3,2,6,2,Returning_Visitor,True,False
4,189.67,0,0.0,27,884.51,0.01,0.01,0.0,0.03,Dec,2,2,1,3,New_Visitor,False,False
2,210.6,0,1.26,91,1190.81,0.0,0.02,5.72,0.0,Mar,3,2,7,3,New_Visitor,True,False
1,0.0,0,0.0,19,283.5,0.02,0.01,2.77,0.03,May,2,2,1,2,Returning_Visitor,False,False
1,0.0,0,1.26,19,1245.17,0.0,0.02,2.37,0.03,Nov,2,1,1,4,Returning_Visitor,False,False
0,0.0,1,64.68,104,5735.87,0.01,0.02,1.27,0.03,Nov,2,2,1,2,Returning_Visitor,False,False
8,27.65,0,0.94,32,1403.83,0.01,0.0,56.65,0.0,Nov,2,2,3,2,Returning_Visitor,False,True
3,155.48,0,2.86,61,1219.43,0.01,0.01,2.78,0.03,May,2,2,1,2,Returning_Visitor,False,False
9,28.11,4,1.54,7,1235.89,0.01,0.01,0.0,0.0,June,2,5,1,2,Returning_Visitor,True,False
3,585.5,0,0.0,80,1075.01,0.02,0.02,26.41,0.03,Nov,3,2,2,2,Returning_Visitor,False,True
0,15.44,0,1.14,69,0.0,0.18,0.14,0.21,0.03,Nov,2,2,3,3,Returning_Visitor,False,False
3,34.0,3,10.17,57,374.42,0.02,0.03,0.0,0.0,Dec,2,2,1,2,Returning_Visitor,False,False
0,14.47,0,11.54,1,0.0,0.03,0.07,4.38,0.03,Dec,2,1,1,2,Returning_Visitor,False,False
0,15.57,0,0.0,33,267.57,0.01,0.01,7.69,0.03,Nov,2,2,1,3,New_Visitor,False,True
0,0.0,0,1.6,10,1327.95,0.02,0.04,0.93,0.03,Mar,2,2,4,1,Returning_Visitor,False,False
0,0.0,0,1.54,44,968.01,0.01,0.02,60.11,0.0,Mar,2,2,2,2,New_Visitor,False,True
2,18.44,0,0.58,14,660.17,0.01,0.02,0.94,0.03,Mar,2,2,1,3,Returning_Visitor,False,False
8,28.22,0,1.72,38,1205.24,0.0,0.02,13.28,0.0,Nov,2,1,1,2,Returning_Visitor,False,False
3,0.0,0,1.21,51,532.75,0.05,0.05,2.27,0.0,Dec,2,1,3,2,Returning_Visitor,False,False
0,0.0,0,1.07,25,701.88,0.01,0.02,0.96,0.0,May,2,2,1,2,Returning_Visitor,False,False
0,20.69,0,0.0,19,799.06,0.0,0.04,0.76,0.03,Mar,1,1,6,4,Returning_Visitor,False,False
1,9.35,0,0.0,14,421.5,0.06,0.03,0.79,0.03,Mar,3,2,2,3,Returning_Visitor,False,False
0,8.19,0,0.0,19,1233.18,0.06,0.08,0.0,0.03,June,2,2,3,1,Returning_Visitor,False,False
2,0.0,0,0.0,28,2529.75,0.01,0.09,3.37,0.4,Mar,2,2,1,1,Returning_Visitor,False,False
3,54.0,0,1.79,68,46.0,0.01,0.02,3.01,0.03,Sep,2,2,1,3,New_Visitor,False,False
2,55.0,0,1.71,18,376.5,0.02,0.03,1.71,0.03,May,4,2,1,1,Returning_Visitor,False,False
2,34.31,1,2.37,61,1261.3,0.01,0.02,6.4,0.0,Nov,2,2,1,2,Returning_Visitor,True,False
3,55.04,1,20.08,15,1189.42,0.01,0.02,0.89,0.03,Dec,2,2,1,2,Returning_Visitor,False,False
0,6.01,0,0.0,52,1311.29,0.0,0.01,12.08,0.03,May,3,2,9,2,Returning_Visitor,False,True
0,0.0,0,0.0,1,68.36,0.19,0.14,0.0,0.03,Jul,1,2,1,2,Returning_Visitor,False,False
2,51.03,0,0.0,35,1272.98,0.0,0.01,64.72,0.0,Nov,2,2,1,2,Returning_Visitor,False,True
2,0.0,0,0.0,10,103.0,0.01,0.04,0.0,0.03,May,2,2,1,3,Returning_Visitor,False,False
1,0.0,0,1.32,64,1669.56,0.05,0.06,0.26,0.03,May,3,2,1,1,Returning_Visitor,False,False
3,58.0,2,9.9,71,1314.58,0.01,0.02,1.08,0.0,Nov,3,2,1,2,Returning_Visitor,False,False
0,0.0,0,1.86,59,1546.5,0.0,0.01,1.05,0.03,Mar,3,2,1,1,Returning_Visitor,True,False
2,263.59,1,8.44,51,1298.39,0.01,0.03,7.24,0.03,Nov,1,1,1,2,Returning_Visitor,False,False
3,28.5,0,2.13,70,500.5,0.01,0.03,0.0,0.0,Nov,4,2,1,1,Returning_Visitor,False,False
1,18.38,0,1.54,19,1542.79,0.01,0.06,1.19,0.03,Nov,2,2,3,1,Returning_Visitor,False,False
0,0.0,0,0.0,4,1216.23,0.0,0.06,0.0,0.0,Nov,2,2,1,2,Returning_Visitor,False,False
0,7.74,0,0.46,14,64.0,0.01,0.02,0.0,0.03,Mar,2,2,1,3,Returning_Visitor,False,False
1,21.54,0,1.03,1,178.96,0.05,0.2,0.0,0.0,Dec,1,1,1,2,Returning_Visitor,False,False
2,23.0,1,1.98,56,1693.73,0.01,0.06,0.56,0.03,Nov,2,2,1,1,Returning_Visitor,False,False
1,6.88,0,3.38,65,1290.73,0.08,0.12,0.0,0.0,May,3,2,1,3,Returning_Visitor,False,False
2,0.0,0,0.0,70,1270.9,0.01,0.05,0.0,0.03,May,2,2,1,3,Returning_Visitor,False,False
3,29.4,0,0.0,57,1388.06,0.07,0.06,1.4,0.03,Nov,2,8,7,1,Returning_Visitor,False,False
2,23.26,0,1.49,29,438.87,0.0,0.02,0.0,0.03,Nov,4,2,1,2,Returning_Visitor,True,False
2,0.0,0,1.34,61,922.47,0.01,0.04,0.06,0.03,May,2,2,4,3,Returning_Visitor,False,False
3,22.0,0,1.03,67,1359.13,0.0,0.07,0.7,0.0,Nov,2,2,1,4,Returning_Visitor,False,False
0,0.0,0,1.08,8,65.94,0.2,0.05,0.7,0.03,May,2,2,1,2,Returning_Visitor,False,False
3,29.74,0,2.12,62,1354.16,0.01,0.03,1.31,0.0,May,2,2,6,13,Returning_Visitor,False,False
3,45.5,0,1.59,13,1209.21,0.0,0.03,2.51,0.0,Nov,2,2,1,2,New_Visitor,False,False
2,10.12,0,1.03,15,1260.21,0.01,0.04,0.0,0.0,Nov,2,3,1,3,Returning_Visitor,False,False
1,11.0,0,1.44,23,835.58,0.0,0.02,2.75,0.0,Nov,2,2,1,2,Returning_Visitor,False,False
3,15.0,0,0.0,14,1311.88,0.03,0.02,0.0,0.03,Mar,2,2,1,3,Returning_Visitor,False,False
2,1.77,0,1.06,56,694.02,0.01,0.02,5.05,0.03,Dec,2,2,1,2,Returning_Visitor,False,False
3,13.59,0,0.7,18,1254.85,0.02,0.04,0.0,0.03,Mar,3,2,3,2,Returning_Visitor,False,False
2,122.0,0,1.17,61,177.25,0.0,0.03,3.42,0.03,Dec,2,2,1,3,Returning_Visitor,False,False
4,37.5,2,8.13,62,96.62,0.0,0.02,1.52,0.03,Nov,2,2,3,2,Returning_Visitor,False,False
0,0.0,0,0.8,5,979.72,0.0,0.12,1.41,0.0,May,3,2,1,13,Returning_Visitor,False,False
3,45.06,0,1.16,23,40.4,0.01,0.07,1.8,0.0,June,2,2,1,4,Returning_Visitor,False,False
2,0.0,0,0.0,16,422.83,0.01,0.05,0.0,0.0,Mar,2,2,1,3,Returning_Visitor,False,False
1,0.0,0,1.43,22,1196.42,0.06,0.02,3.96,0.03,Mar,2,2,1,3,Returning_Visitor,True,False
0,0.0,0,0.0,66,1313.96,0.06,0.03,0.0,0.0,Nov,3,2,1,3,Returning_Visitor,False,False
2,0.0,0,1.14,75,89.68,0.01,0.03,0.7,0.03,Nov,2,2,1,1,Returning_Visitor,False,False
2,17.04,0,1.97,59,1300.28,0.01,0.1,2.57,0.0,Feb,2,6,1,2,Returning_Visitor,False,False
0,14.21,0,0.97,3,400.91,0.01,0.07,0.72,0.03,Nov,2,2,1,1,Returning_Visitor,False,False
2,19.97,0,0.71,53,1194.1,0.01,0.04,1.6,0.0,Nov,2,4,3,2,Returning_Visitor,True,False
0,0.0,0,2.3,57,1319.52,0.01,0.1,0.18,0.0,Mar,2,4,6,3,Returning_Visitor,False,False
1,52.4,0,2.42,48,176.1,0.01,0.01,12.32,0.03,Aug,2,1,1,3,Returning_Visitor,False,False
3,13.74,0,1.57,58,268.45,0.0,0.02,0.0,0.0,Oct,2,2,1,2,Returning_Visitor,False,True
2,18.76,0,0.9,2,56.0,0.0,0.14,0.0,0.0,Mar,2,2,1,1,Returning_Visitor,False,False
1,27.27,0,0.0,24,1093.68,0.0,0.03,3.74,0.0,Aug,1,1,1,2,Returning_Visitor,True,False
3,123.0,0,0.0,8,1336.44,0.0,0.01,2.66,0.03,Mar,3,2,1,2,New_Visitor,False,False
0,8.07,0,0.0,28,64.07,0.15,0.13,0.04,0.0,Nov,3,2,4,2,Returning_Visitor,False,False
0,0.0,0,1.02,57,4969.31,0.01,0.02,0.0,0.03,Nov,2,2,1,2,Returning_Visitor,False,True
2,45.45,0,0.0,15,305.21,0.0,0.02,0.0,0.0,Mar,2,2,7,2,Returning_Visitor,False,False
0,0.0,0,0.0,15,1269.78,0.01,0.02,60.05,0.0,Dec,2,2,9,2,Returning_Visitor,False,True
2,34.32,0,1.76,53,1270.54,0.01,0.02,55.9,0.0,Sep,2,1,1,3,New_Visitor,False,False
0,0.0,0,0.0,21,357.0,0.03,0.02,0.0,0.0,Mar,2,2,1,1,Returning_Visitor,True,False
3,9.08,1,64.5,91,1299.56,0.01,0.02,0.0,0.03,Nov,2,2,1,2,Returning_Visitor,True,True
4,128.12,4,73.58,62,989.21,0.01,0.03,1.52,0.03,Mar,2,2,3,2,Returning_Visitor,False,False
3,51.07,0,1.46,37,1246.15,0.01,0.01,0.0,0.03,May,2,2,1,2,Returning_Visitor,False,False
9,89.5,3,2.02,57,1813.25,0.0,0.01,30.61,0.03,Nov,2,2,1,2,Returning_Visitor,False,True
0,40.56,0,1.48,83,193.5,0.02,0.1,2.08,0.8,May,2,2,1,13,Returning_Visitor,False,False
0,0.0,0,0.93,54,1191.89,0.01,0.03,0.0,0.4,Nov,2,2,1,11,Returning_Visitor,False,False
10,88.79,0,0.0,44,994.38,0.01,0.03,51.58,0.03,Mar,2,2,1,2,Returning_Visitor,False,True
4,29.53,0,1.19,54,1337.13,0.0,0.02,1.77,0.0,Nov,2,1,7,8,Returning_Visitor,False,True
1,0.0,0,2.13,66,1161.66,0.01,0.02,1.08,0.03,Jul,2,2,7,4,Returning_Visitor,False,False
2,21.1,0,0.0,22,1357.11,0.01,0.06,3.17,0.0,Nov,2,2,1,2,Returning_Visitor,False,False
3,47.68,0,1.52,4,1221.15,0.01,0.15,0.05,0.0,Nov,1,1,1,1,Returning_Visitor,False,False
8,46.45,0,0.0,69,2499.99,0.01,0.01,0.25,0.03,Nov,2,2,8,2,New_Visitor,False,False
4,18.83,0,1.34,56,1239.55,0.0,0.01,2.46,0.0,Nov,2,2,1,1,Returning_Visitor,False,False
2,21.66,0,0.0,10,1295.97,0.05,0.11,0.56,0.0,Mar,2,2,1,1,Returning_Visitor,False,False
0,13.06,0,0.79,3,68.27,0.01,0.05,0.83,0.03,Mar,2,2,1,1,Returning_Visitor,False,False
3,42.22,0,0.74,3,26.7,0.01,0.04,2.08,0.0,Oct,2,2,1,4,Returning_Visitor,False,False
2,8.52,0,1.25,4,81.0,0.01,0.05,1.79,0.4,Nov,2,2,1,2,Returning_Visitor,False,False
0,16.82,0,0.18,19,300.27,0.02,0.05,0.0,0.03,Mar,2,2,4,3,Returning_Visitor,False,False
0,3.19,0,0.69,30,1223.06,0.01,0.02,20.57,0.03,May,2,2,1,2,Returning_Visitor,False,False
1,15.29,0,0.0,16,1041.73,0.03,0.02,1.15,0.03,Nov,3,2,8,1,Returning_Visitor,False,False
3,11.46,0,0.49,20,1486.41,0.01,0.01,33.25,0.03,Nov,2,2,1,2,Returning_Visitor,False,False
0,0.0,0,1.34,62,1271.09,0.01,0.02,0.0,0.0,Mar,2,2,1,2,Returning_Visitor,False,False
8,26.98,0,1.04,107,1343.52,0.01,0.01,2.55,0.0,Nov,2,2,3,3,Returning_Visitor,False,False
1,0.0,0,0.19,8,1265.1,0.0,0.05,2.48,0.03,May,2,2,1,3,Returning_Visitor,False,False
2,61.49,0,0.0,58,1210.12,0.01,0.02,2.43,0.03,Nov,2,2,1,2,Returning_Visitor,False,True
0,0.0,0,0.68,16,1448.02,0.06,0.02,0.0,0.03,June,2,2,1,1,Returning_Visitor,False,False
2,16.6,1,18.47,61,783.21,0.0,0.01,3.43,0.0,Mar,2,2,1,5,New_Visitor,False,True
0,0.0,0,1.71,31,2767.62,0.01,0.02,52.68,0.0,Nov,2,2,9,20,Other,False,True
2,32.0,1,4.35,62,1255.93,0.01,0.02,2.48,0.2,May,2,2,1,2,Returning_Visitor,False,False
0,17.24,0,0.0,14,1365.2,0.01,0.05,2.0,0.03,May,2,2,1,3,Returning_Visitor,False,False
0,23.98,0,0.0,31,1300.39,0.01,0.0,33.84,0.03,Nov,2,2,1,2,New_Visitor,False,True
0,13.8,0,0.81,21,1198.75,0.01,0.02,0.0,0.03,Mar,2,2,1,2,Returning_Visitor,False,False
2,24.09,0,1.8,69,100.0,0.0,0.04,0.0,0.03,Mar,1,2,7,1,Returning_Visitor,False,False
0,0.0,0,0.83,6,80.25,0.01,0.02,4.66,0.0,Dec,2,2,1,2,Returning_Visitor,False,False
0,31.56,0,0.78,49,221.5,0.01,0.01,1.7,0.03,May,2,2,1,2,Returning_Visitor,False,False
0,0.0,0,1.03,57,475.02,0.01,0.01,0.53,0.03,Nov,2,2,1,3,New_Visitor,False,False
2,0.0,0,1.61,18,356.0,0.05,0.02,2.41,0.03,May,3,2,1,13,Returning_Visitor,False,False
3,122.25,0,1.53,45,1198.9,0.01,0.02,1.19,0.0,Nov,2,2,4,2,Returning_Visitor,False,False
3,15.0,0,0.94,29,1127.48,0.02,0.04,0.0,0.03,May,2,2,6,2,Returning_Visitor,False,False
0,10.82,0,1.43,14,1390.17,0.01,0.01,0.0,0.03,Mar,1,2,1,3,Returning_Visitor,True,False
3,39.83,0,0.0,68,1373.92,0.02,0.02,0.0,0.03,Jul,2,2,6,4,Returning_Visitor,False,False
2,11.95,2,44.0,65,1089.75,0.02,0.02,0.0,0.03,Mar,2,2,1,2,New_Visitor,False,False
3,266.7,0,1.22,14,843.02,0.02,0.02,25.49,0.03,Sep,2,2,1,2,Returning_Visitor,False,False
0,0.0,0,1.26,28,285.93,0.04,0.03,0.77,0.03,May,2,2,1,4,Returning_Visitor,False,False
13,168.15,2,47.75,61,1099.83,0.01,0.02,17.5,0.03,Nov,1,1,1,2,New_Visitor,False,False
0,0.0,0,2.21,7,865.28,0.0,0.03,0.88,0.0,Mar,2,1,1,3,Returning_Visitor,False,False
3,76.75,0,0.0,57,1219.25,0.01,0.02,18.99,0.0,May,2,2,1,2,Returning_Visitor,False,False
3,464.0,0,0.0,19,1204.29,0.02,0.03,0.0,0.0,Nov,2,2,1,10,Returning_Visitor,False,False
1,2.0,1,14.17,54,1293.5,0.01,0.02,1.54,0.03,Dec,2,2,1,2,Returning_Visitor,False,True
3,17.81,0,1.31,52,1288.07,0.01,0.01,0.82,0.03,May,2,2,4,3,Returning_Visitor,False,False
1,31.04,0,0.0,62,1250.97,0.01,0.01,4.29,0.0,Dec,2,2,1,2,New_Visitor,False,False
3,67.4,0,2.67,13,440.08,0.02,0.02,0.57,0.03,Oct,2,2,5,2,Returning_Visitor,True,False
3,26.86,0,2.23,48,2562.08,0.0,0.01,1.15,0.0,May,2,2,1,4,Returning_Visitor,False,False
0,57.26,0,0.0,65,1361.78,0.01,0.01,12.79,0.03,May,2,2,9,2,Returning_Visitor,False,False
2,39.02,1,21.8,59,1229.57,0.0,0.02,18.78,0.0,Jul,2,2,1,1,Returning_Visitor,False,False
0,28.9,0,0.0,3,1341.57,0.07,0.1,0.5,0.0,Dec,2,2,1,3,Returning_Visitor,False,False
2,0.0,0,0.79,72,2347.72,0.05,0.02,0.0,0.8,May,3,2,1,13,Returning_Visitor,False,False
5,164.82,2,9.26,44,1220.19,0.01,0.01,0.85,0.0,May,4,1,4,3,Returning_Visitor,False,False
2,0.0,0,0.0,16,641.5,0.0,0.04,0.6,0.03,May,2,1,7,3,Returning_Visitor,False,False
0,0.0,0,0.0,44,1202.1,0.05,0.08,1.42,0.03,May,2,2,1,3,Returning_Visitor,False,False
4,71.99,0,0.1,57,1212.12,0.0,0.02,27.27,0.03,Mar,2,2,1,1,Returning_Visitor,False,True
4,19.29,0,0.0,59,3960.65,0.01,0.01,0.0,0.0,Nov,2,2,3,1,Returning_Visitor,False,False
0,18.43,0,0.0,84,1201.51,0.01,0.03,0.14,0.03,Mar,2,2,1,3,Returning_Visitor,False,False
3,38.01,0,1.35,10,1263.89,0.01,0.01,0.0,0.0,May,2,2,1,2,Returning_Visitor,False,False
11,95.07,1,7.13,80,3061.71,0.0,0.01,9.64,0.03,Mar,3,2,4,2,Returning_Visitor,True,False
0,6.06,0,0.99,56,1168.48,0.01,0.03,0.0,0.04,May,2,2,1,2,Returning_Visitor,False,False
4,6.31,0,0.17,57,1213.91,0.0,0.01,8.05,0.03,Nov,2,2,3,2,Returning_Visitor,False,False
7,100.29,1,2.25,58,1323.92,0.0,0.01,41.56,0.03,Nov,3,2,1,2,Returning_Visitor,False,True
2,0.0,0,0.0,53,1160.23,0.01,0.02,1.55,0.0,Oct,3,2,1,3,Returning_Visitor,False,False
3,26.12,0,1.31,5,1281.61,0.0,0.02,0.0,0.03,Mar,2,2,1,3,Returning_Visitor,False,False
3,24.5,0,1.23,55,664.15,0.0,0.02,0.0,0.03,Dec,2,2,7,8,New_Visitor,False,False
0,2.78,0,0.0,22,266.17,0.01,0.02,0.0,0.0,Nov,2,4,1,2,Returning_Visitor,False,False
2,0.0,0,0.0,55,24.0,0.02,0.02,0.49,0.03,May,1,1,1,3,Returning_Visitor,False,False
3,50.49,0,0.0,16,1646.37,0.01,0.03,0.1,0.0,Mar,1,2,1,1,Returning_Visitor,False,False
3,26.93,0,1.37,71,701.9,0.01,0.02,0.17,0.03,Aug,2,2,1,6,Returning_Visitor,False,False
3,361.12,0,0.48,66,1193.73,0.0,0.01,11.77,0.03,Nov,2,2,2,2,Returning_Visitor,False,False
3,32.99,2,48.3,54,2802.37,0.01,0.01,16.97,0.03,Nov,2,2,1,3,Returning_Visitor,False,False
2,16.61,0,0.0,29,1248.0,0.01,0.02,0.0,0.03,Nov,1,2,1,2,Returning_Visitor,False,False
2,0.0,0,0.0,61,1230.6,0.03,0.05,0.47,0.0,Nov,3,2,4,1,Returning_Visitor,False,False
0,0.0,0,0.6,34,974.95,0.01,0.05,0.36,0.03,May,2,2,1,1,Returning_Visitor,False,False
3,0.0,0,1.27,37,1065.26,0.02,0.05,0.0,0.0,Dec,1,2,1,2,Returning_Visitor,True,False
3,52.75,0,0.0,4,237.74,0.0,0.02,0.0,0.03,Jul,2,2,1,3,New_Visitor,False,False
3,65.28,0,1.21,53,88.09,0.01,0.02,0.57,0.0,Nov,2,2,6,2,Returning_Visitor,False,True
3,58.88,1,5.46,85,1136.81,0.01,0.03,0.0,0.6,May,2,2,2,2,Returning_Visitor,False,False
2,23.9,0,0.0,1,0.0,0.09,0.2,0.0,0.0,Dec,1,1,1,2,Returning_Visitor,False,False
3,140.58,2,7.94,53,1609.99,0.01,0.02,7.21,0.03,Nov,2,2,5,2,Returning_Visitor,False,False
1,60.12,0,0.0,49,1216.85,0.01,0.02,0.0,0.0,Mar,2,2,1,1,Returning_Visitor,False,False
0,0.0,0,1.01,5,143.42,0.0,0.03,1.49,0.03,May,2,2,1,3,Returning_Visitor,False,False
3,0.0,0,1.08,55,1226.96,0.0,0.02,3.29,0.0,May,2,5,2,2,Returning_Visitor,False,True
3,151.0,0,0.0,59,1243.83,0.0,0.02,0.85,0.0,Mar,3,2,1,3,Returning_Visitor,False,False
8,363.51,2,9.99,61,1239.81,0.03,0.02,2.85,0.03,Nov,2,2,1,1,Returning_Visitor,False,False
0,0.0,0,0.97,61,1149.07,0.0,0.02,0.68,0.03,May,2,2,7,3,Returning_Visitor,False,False
0,0.0,0,2.29,53,1291.76,0.02,0.02,2.29,0.03,Nov,2,6,1,1,Returning_Visitor,False,False
2,20.12,0,1.23,22,1193.92,0.04,0.04,1.15,0.03,Nov,3,2,1,3,Returning_Visitor,False,False
2,21.98,0,1.41,11,294.0,0.01,0.01,0.93,0.0,Dec,2,1,1,2,New_Visitor,True,False
1,13.0,0,0.54,28,1238.8,0.01,0.01,0.0,0.03,May,2,2,1,3,Returning_Visitor,False,False
2,34.39,0,0.0,65,1238.5,0.01,0.02,1.44,0.03,Mar,2,2,1,2,New_Visitor,False,False
0,37.5,0,0.34,9,652.5,0.01,0.03,0.0,0.0,Dec,2,2,1,3,Returning_Visitor,False,False
0,6.79,0,0.18,60,1261.35,0.0,0.01,2.27,0.03,Mar,2,2,3,3,Returning_Visitor,False,True
4,28.92,0,0.0,70,1253.01,0.01,0.03,0.0,0.0,Mar,2,2,7,1,Returning_Visitor,False,False
3,61.48,0,0.0,40,1237.73,0.02,0.01,10.21,0.0,Nov,2,2,1,2,Returning_Visitor,False,False
1,95.13,1,0.0,28,1031.01,0.01,0.03,1.03,0.03,Nov,1,2,3,2,Returning_Visitor,False,False
2,24.3,0,1.19,8,136.17,0.0,0.01,0.52,1.0,Nov,2,2,1,2,Returning_Visitor,True,False
0,0.0,0,0.55,61,334.63,0.0,0.07,0.0,0.03,Dec,3,2,1,2,Returning_Visitor,True,False
3,57.39,0,1.33,33,1258.43,0.01,0.01,3.62,0.03,Mar,2,2,1,3,New_Visitor,False,False
2,155.0,0,0.52,84,1209.64,0.01,0.03,16.56,0.0,Mar,2,2,7,3,Returning_Visitor,False,False
4,68.92,0,0.95,13,1144.93,0.01,0.02,0.89,0.0,Nov,2,1,1,2,Returning_Visitor,True,False
2,52.08,0,0.99,108,1152.36,0.01,0.03,0.0,0.03,Nov,2,2,1,3,Returning_Visitor,False,False
3,352.37,0,1.21,24,605.62,0.01,0.01,0.31,0.03,June,2,2,1,3,Returning_Visitor,False,True
3,423.5,2,10.35,21,1219.9,0.01,0.06,1.57,0.03,Dec,2,2,4,3,Returning_Visitor,False,False
3,34.46,0,3.11,58,1287.47,0.01,0.01,1.1,0.0,Mar,2,2,5,3,Returning_Visitor,False,False
2,13.94,0,1.24,6,216.66,0.02,0.06,3.43,0.4,May,1,1,3,1,Returning_Visitor,False,False
2,59.2,0,1.49,9,261.7,0.01,0.02,1.56,0.03,May,3,2,1,3,New_Visitor,False,False
0,42.77,0,0.85,55,231.75,0.0,0.02,0.39,0.03,Nov,1,1,2,1,Returning_Visitor,False,False
2,22.62,0,1.54,10,130.75,0.04,0.03,0.0,0.0,Mar,3,2,1,3,Returning_Visitor,False,False
1,19.53,0,1.49,43,394.8,0.0,0.03,0.0,0.0,May,2,2,1,2,Returning_Visitor,False,False
2,2.76,0,309.73,58,1280.15,0.01,0.04,0.0,0.03,Mar,2,2,1,1,Returning_Visitor,True,False
0,0.0,0,0.97,9,1220.31,0.01,0.02,3.13,0.0,May,2,2,1,4,Returning_Visitor,True,False
8,342.55,2,2.64,77,1453.11,0.0,0.03,9.59,0.03,Nov,2,2,1,2,Returning_Visitor,False,True
3,42.47,0,1.02,39,908.33,0.01,0.01,61.06,0.0,May,2,2,1,2,Returning_Visitor,False,False
7,26.85,0,1.15,45,119.33,0.02,0.02,0.0,0.0,Mar,2,2,1,11,Returning_Visitor,True,False
6,16.6,0,489.6,40,1130.39,0.0,0.01,17.19,0.0,May,3,2,1,11,Returning_Visitor,False,False
2,90.6,0,0.0,70,1353.51,0.0,0.02,0.0,0.0,Nov,2,2,3,2,New_Visitor,False,False
2,37.0,0,1.3,3,17.0,0.01,0.02,0.89,0.03,Mar,3,2,1,3,New_Visitor,True,False
2,0.0,0,0.6,61,5178.53,0.0,0.02,0.0,0.03,Nov,2,2,1,1,Returning_Visitor,False,True
2,55.61,1,2.26,60,1203.33,0.02,0.02,2.22,0.0,Oct,2,2,1,7,Returning_Visitor,False,False
0,14.81,2,49.7,70,1303.39,0.01,0.02,0.0,0.0,June,2,2,1,2,Returning_Visitor,False,False
3,21.93,0,0.79,11,1181.05,0.0,0.02,1.13,0.0,Nov,2,2,1,3,Returning_Visitor,False,False
2,29.08,0,0.0,31,1345.08,0.02,0.02,0.0,0.0,Dec,2,2,1,10,Returning_Visitor,False,False
3,287.2,0,1.59,31,1208.33,0.0,0.02,0.0,0.03,Nov,2,2,1,2,Returning_Visitor,True,False
0,0.0,0,0.4,88,2765.44,0.01,0.02,0.0,0.03,May,2,4,1,2,Returning_Visitor,False,False
3,64.19,0,0.0,8,114.6,0.01,0.02,0.0,0.0,Mar,1,2,1,3,New_Visitor,True,False
3,192.92,0,1.93,55,1250.53,0.01,0.0,41.43,0.03,Dec,2,2,1,2,Returning_Visitor,False,True
3,0.0,0,0.0,16,706.72,0.05,0.02,0.54,0.0,Mar,2,2,1,3,Returning_Visitor,False,False
3,55.92,0,1.07,13,155.98,0.07,0.03,0.0,0.03,Mar,2,2,1,3,New_Visitor,False,False
0,6.17,0,0.79,57,550.5,0.01,0.03,0.0,0.03,Mar,2,2,1,1,Returning_Visitor,False,False
3,24.78,0,1.23,33,377.51,0.06,0.2,0.0,0.03,May,1,2,1,5,Returning_Visitor,False,False
2,0.0,0,1.77,4,352.0,0.1,0.15,0.0,0.03,May,2,2,1,13,Returning_Visitor,False,False
2,29.22,2,49.5,58,1342.74,0.01,0.02,2.63,0.0,Nov,3,2,4,2,Returning_Visitor,False,False
1,4.94,0,1.72,27,275.5,0.01,0.02,2.03,0.03,Nov,2,2,3,2,Returning_Visitor,False,False
2,19.0,0,0.0,66,1275.26,0.2,0.2,0.9,0.03,Nov,2,2,1,3,Returning_Visitor,False,False
1,56.16,0,0.0,30,3815.17,0.01,0.03,0.09,0.03,Mar,2,2,1,2,Returning_Visitor,False,False
7,200.5,0,1.69,63,978.85,0.01,0.01,12.03,0.0,May,2,2,1,1,Returning_Visitor,False,False
3,47.38,0,4.85,43,1334.88,0.0,0.01,0.0,0.0,May,2,2,1,2,New_Visitor,False,False
0,0.0,0,0.22,56,1199.3,0.01,0.03,13.66,0.0,Mar,2,2,1,1,Returning_Visitor,False,False
2,33.78,1,148.5,24,1530.19,0.01,0.03,10.1,0.03,Mar,1,2,1,10,Returning_Visitor,False,False
10,380.43,0,1.08,64,1526.21,0.01,0.01,4.17,0.03,May,2,6,1,2,Returning_Visitor,False,False
4,54.88,2,1.62,16,411.94,0.01,0.01,2.18,0.03,Nov,3,2,1,3,New_Visitor,False,False
1,28.47,0,1.85,12,249.41,0.0,0.02,0.0,0.0,Mar,2,2,1,2,Returning_Visitor,True,False
0,19.68,0,1.16,19,722.7,0.01,0.02,19.01,0.03,Nov,2,2,1,2,New_Visitor,False,True
3,25.25,0,2.1,56,824.67,0.0,0.01,1.18,0.03,May,2,2,1,4,Returning_Visitor,False,False
3,52.88,0,2.38,24,465.73,0.01,0.02,1.01,0.03,Nov,2,2,1,2,Returning_Visitor,False,False
3,60.93,0,1.37,10,53.83,0.04,0.03,2.53,0.03,Dec,4,2,1,10,Returning_Visitor,True,False
3,18.13,0,1.57,34,1283.94,0.0,0.03,0.0,0.03,Nov,2,2,8,1,Returning_Visitor,False,False
3,40.2,0,1.14,61,186.7,0.0,0.03,0.0,0.03,Mar,2,2,3,3,New_Visitor,False,False
2,57.54,0,2.33,142,1721.59,0.01,0.02,1.45,0.0,May,2,2,4,13,Returning_Visitor,False,False
2,7.83,0,0.0,64,2676.0,0.01,0.03,1.3,0.03,May,2,6,1,1,Returning_Visitor,False,False
1,1.95,0,0.0,55,1146.5,0.01,0.04,0.12,0.03,Mar,2,2,1,3,Returning_Visitor,False,False
2,8.64,0,0.0,9,1286.14,0.01,0.02,1.78,0.03,May,3,2,1,3,Returning_Visitor,True,False
2,54.07,0,2.06,34,1252.0,0.0,0.01,3.19,0.0,Mar,3,2,1,2,Returning_Visitor,True,True
0,20.59,0,0.0,18,984.14,0.0,0.01,92.94,0.03,Nov,2,2,1,3,Returning_Visitor,False,True
2,9.23,0,0.0,7,64.48,0.02,0.2,0.0,0.0,Mar,2,2,6,2,Returning_Visitor,False,False
2,33.0,0,3.28,22,1203.47,0.0,0.02,2.74,0.0,Mar,2,2,1,3,Returning_Visitor,False,False
4,30.82,0,2.2,45,2128.91,0.0,0.01,1.7,0.03,Nov,2,2,1,2,Returning_Visitor,True,False
8,38.71,0,0.72,62,1030.27,0.01,0.01,0.0,0.03,Mar,2,2,1,2,New_Visitor,False,False
0,19.26,0,2.21,71,1251.49,0.01,0.02,0.93,0.03,Feb,1,1,1,3,Returning_Visitor,False,False
3,24.07,0,2.21,57,794.99,0.01,0.03,39.0,0.0,Nov,1,1,1,2,Returning_Visitor,False,False
2,6.21,0,0.95,27,1206.66,0.02,0.02,0.34,0.0,May,2,2,1,2,Returning_Visitor,True,False
4,22.04,0,1.45,47,142.5,0.02,0.01,1.69,0.0,May,8,3,1,3,Returning_Visitor,False,False
0,27.05,0,0.0,15,883.93,0.01,0.01,0.0,0.0,Mar,1,1,1,4,Returning_Visitor,True,False
3,11.44,0,0.0,6,1061.54,0.01,0.03,0.75,0.03,Nov,1,1,3,2,Returning_Visitor,False,False
0,0.0,1,9.61,121,3362.75,0.04,0.04,6.75,0.0,Mar,1,2,1,3,Returning_Visitor,False,False
5,19.08,0,1.41,60,957.67,0.01,0.03,0.0,0.03,Nov,2,4,1,3,Returning_Visitor,False,False
2,16.02,0,1.17,3,20.0,0.01,0.08,0.0,0.8,Mar,2,1,1,2,Returning_Visitor,False,False
2,0.0,0,0.0,1,768.45,0.18,0.2,0.0,0.03,Dec,1,1,1,2,Returning_Visitor,False,False
3,103.88,0,2.03,57,1161.34,0.0,0.02,33.65,0.03,Nov,2,1,3,2,Returning_Visitor,False,False
2,50.5,0,1.48,60,2147.38,0.0,0.03,2.63,0.0,Dec,2,2,1,2,New_Visitor,False,False
0,28.93,0,0.0,63,1179.58,0.0,0.1,0.0,0.03,Nov,2,2,4,2,Returning_Visitor,False,False
4,29.22,2,546.5,55,2304.5,0.01,0.0,12.23,0.03,Mar,2,2,1,2,Returning_Visitor,False,True
0,20.2,0,0.96,80,341.91,0.0,0.05,0.94,0.03,Nov,2,2,1,1,Returning_Visitor,False,False
0,0.0,0,0.97,7,1197.25,0.2,0.2,0.0,0.03,Dec,2,2,1,3,Returning_Visitor,False,False
0,15.28,0,0.63,13,1247.48,0.04,0.06,0.0,0.03,May,2,2,1,3,Returning_Visitor,False,True
0,6.72,0,0.83,2,74.34,0.01,0.14,0.25,0.03,May,2,2,1,13,Returning_Visitor,False,False
2,20.69,0,1.43,62,403.0,0.1,0.15,2.01,0.03,Mar,2,2,1,3,Returning_Visitor,False,False
4,54.41,0,1.35,63,1280.24,0.01,0.01,1.98,0.03,May,2,2,1,2,New_Visitor,False,False
0,10.87,0,0.0,59,1246.71,0.03,0.02,2.46,0.0,Dec,2,2,1,2,Returning_Visitor,False,False
3,63.0,2,204.25,46,1289.09,0.01,0.02,3.42,0.0,Mar,2,2,7,2,Returning_Visitor,False,True
3,0.0,0,1.45,37,1252.59,0.0,0.03,3.27,0.03,Mar,2,7,3,2,Returning_Visitor,False,False
1,0.0,0,0.8,71,1274.57,0.0,0.02,0.0,0.03,Mar,2,2,1,3,Returning_Visitor,False,False
1,128.17,1,41.0,89,1129.28,0.01,0.02,0.94,0.03,Mar,3,2,1,3,Returning_Visitor,False,False
0,0.0,0,0.0,8,1175.1,0.02,0.02,0.0,0.03,Nov,3,2,1,3,Returning_Visitor,True,False
2,35.73,0,1.31,17,1190.04,0.01,0.1,1.09,0.0,Nov,2,2,1,3,Returning_Visitor,False,True
1,11.86,0,1.44,61,2719.73,0.01,0.03,0.54,0.0,Nov,2,2,1,1,Returning_Visitor,False,False
1,0.0,0,0.0,25,1241.97,0.01,0.01,0.0,0.03,Mar,2,2,1,3,Returning_Visitor,False,False
4,37.45,2,0.92,65,1178.87,0.01,0.02,1.4,0.03,Nov,3,2,3,2,Returning_Visitor,False,False
0,5.27,0,0.86,38,0.0,0.02,0.14,0.34,0.0,May,2,2,4,13,Returning_Visitor,False,False
0,0.0,0,0.0,17,885.75,0.02,0.01,3.31,0.03,May,2,2,1,2,Returning_Visitor,True,False
1,0.0,0,1.23,16,1226.67,0.03,0.05,0.0,0.0,Nov,3,2,1,3,Returning_Visitor,False,False
0,0.0,0,1.14,61,629.5,0.02,0.01,1.14,0.0,May,2,2,1,2,Returning_Visitor,False,False
0,0.0,0,1.23,51,345.85,0.1,0.11,1.08,0.03,May,2,2,1,3,Returning_Visitor,False,False
9,251.63,0,0.0,58,2351.05,0.01,0.01,0.0,0.03,Nov,2,2,1,1,Returning_Visitor,False,False
2,9.43,0,0.98,64,1294.91,0.01,0.01,12.85,0.03,May,2,2,1,2,Returning_Visitor,False,False
0,0.0,0,0.86,4,34.0,0.1,0.15,0.83,0.03,Mar,3,2,1,3,Returning_Visitor,True,False
0,0.0,0,0.0,9,562.99,0.03,0.02,0.0,0.03,Mar,2,2,1,3,Returning_Visitor,False,False
2,0.0,0,0.83,21,1182.64,0.0,0.02,0.0,0.0,Nov,2,2,1,3,Returning_Visitor,False,False
3,52.55,0,0.0,55,2436.11,0.01,0.03,12.03,0.03,Mar,2,2,1,1,Returning_Visitor,False,False
1,23.6,0,0.27,18,1214.86,0.01,0.06,2.19,0.0,Nov,2,2,1,1,Returning_Visitor,False,False
3,48.35,0,3.56,65,1310.62,0.01,0.01,1.68,0.03,Nov,2,2,2,2,New_Visitor,False,False
3,26.32,0,0.0,26,338.23,0.01,0.08,3.46,0.03,May,2,2,1,2,Returning_Visitor,True,False
0,0.0,0,0.0,17,187.0,0.03,0.07,1.01,0.0,Mar,2,2,1,1,Returning_Visitor,False,False
2,20.2,0,0.99,16,357.4,0.0,0.02,2.9,0.03,Nov,2,2,2,2,New_Visitor,False,False
3,15.6,0,0.96,3,107.8,0.0,0.06,0.01,0.03,Nov,2,2,5,2,Returning_Visitor,False,False
2,2.93,0,0.0,55,1273.3,0.0,0.01,1.85,0.03,Nov,2,2,1,2,Returning_Visitor,False,False
2,3.81,0,5.04,19,1189.29,0.01,0.04,2.05,0.0,Mar,1,1,1,2,Returning_Visitor,True,False
1,35.75,0,0.0,66,1173.0,0.0,0.03,59.28,0.03,Nov,2,4,9,2,Returning_Visitor,False,False
0,0.0,0,1.67,1,1094.08,0.02,0.07,0.82,0.03,Nov,2,6,1,2,Returning_Visitor,False,False
0,30.16,0,0.0,57,706.5,0.0,0.01,2.78,0.0,Feb,2,2,1,4,Returning_Visitor,False,False
3,0.0,0,1.15,75,353.32,0.01,0.04,1.17,0.03,Nov,1,2,3,1,Returning_Visitor,False,False
2,26.05,0,2.16,63,1330.08,0.02,0.04,0.0,0.03,May,3,2,6,3,Returning_Visitor,False,False
1,30.98,0,0.0,78,199.28,0.0,0.02,0.0,0.03,Jul,1,1,1,2,New_Visitor,False,False
3,0.0,0,0.0,63,1427.26,0.2,0.2,0.6,0.03,Dec,2,2,3,13,Returning_Visitor,False,False
4,91.0,2,39.0,74,1280.17,0.01,0.0,61.07,0.0,Nov,2,4,4,3,New_Visitor,False,True
9,357.72,4,63.61,60,1024.26,0.0,0.02,18.58,0.0,May,1,1,3,20,Returning_Visitor,False,False
1,11.3,0,1.36,14,1355.61,0.01,0.02,0.9,0.03,May,2,10,1,3,Returning_Visitor,False,False
2,33.6,0,0.09,11,1283.76,0.0,0.02,0.0,0.03,Nov,2,2,9,2,Returning_Visitor,False,False
0,13.47,0,0.0,54,373.5,0.02,0.05,0.08,0.0,Nov,3,2,1,2,Returning_Visitor,False,False
1,0.0,0,1.82,2,63.93,0.19,0.2,0.0,0.05,Nov,3,2,3,2,Returning_Visitor,True,False
3,54.34,0,1.37,37,1178.99,0.01,0.02,3.62,0.0,Nov,2,2,1,2,Returning_Visitor,False,False
0,0.0,0,0.0,1,203.29,0.2,0.14,0.45,0.03,Nov,2,2,1,1,Returning_Visitor,False,False
2,0.0,0,1.71,83,1197.41,0.01,0.02,0.25,0.8,Nov,2,2,1,1,Returning_Visitor,False,False
0,0.0,0,0.17,64,1175.95,0.01,0.03,0.59,0.03,Mar,2,4,3,2,Returning_Visitor,False,False
2,16.92,0,1.27,34,1203.59,0.0,0.02,0.0,0.0,Nov,2,2,1,3,Returning_Visitor,True,False
9,822.67,3,225.33,52,1083.76,0.01,0.03,7.52,0.03,Mar,1,1,3,2,Returning_Visitor,False,False
2,9.94,0,0.88,21,406.8,0.0,0.02,0.84,0.03,Mar,2,2,1,3,Returning_Visitor,False,False
2,60.2,0,0.24,12,914.76,0.0,0.03,0.0,0.03,Mar,2,2,3,2,Returning_Visitor,False,False
1,11.15,0,0.0,7,1120.6,0.0,0.03,0.42,0.03,Nov,2,2,2,1,Returning_Visitor,False,False
0,26.36,0,0.0,17,1327.62,0.02,0.08,2.18,0.8,May,2,2,1,3,Returning_Visitor,False,False
3,5.0,0,0.0,6,1168.36,0.01,0.03,1.41,0.03,Mar,2,2,1,2,New_Visitor,False,True
2,42.73,0,1.42,69,295.0,0.01,0.05,0.0,0.8,May,2,2,2,2,Returning_Visitor,False,False
3,31.72,0,0.0,53,1306.15,0.01,0.01,0.0,0.03,Mar,2,2,4,3,Returning_Visitor,False,False
1,14.0,0,0.25,22,1161.0,0.01,0.03,1.65,0.0,Nov,1,1,1,2,Returning_Visitor,False,False
2,32.32,0,0.0,8,1369.2,0.01,0.03,1.95,0.0,Nov,2,2,4,2,Returning_Visitor,False,False
0,0.0,0,0.65,9,113.0,0.02,0.03,0.0,0.03,May,2,2,1,3,Returning_Visitor,False,False
0,21.53,0,0.0,7,76.0,0.0,0.02,4.32,0.0,Mar,2,2,7,3,Returning_Visitor,False,False
0,0.0,0,5.0,66,1204.87,0.01,0.02,2.81,0.03,May,2,2,1,2,Returning_Visitor,False,False
0,0.0,0,0.0,72,1228.6,0.07,0.09,0.0,1.0,May,3,2,1,1,Returning_Visitor,True,False
2,0.0,0,0.0,1,19.0,0.01,0.06,1.7,0.0,Nov,1,1,3,1,Returning_Visitor,False,False
2,27.75,0,1.59,1,0.0,0.01,0.2,5.72,0.0,Feb,2,3,3,2,Returning_Visitor,True,False
0,0.0,0,1.33,15,777.43,0.05,0.02,0.0,0.03,May,2,2,1,13,Returning_Visitor,False,False
0,8.92,0,1.43,25,1167.22,0.01,0.03,0.0,0.0,Mar,2,2,1,3,Returning_Visitor,False,False
2,24.39,0,2.79,63,1336.76,0.02,0.02,0.0,0.03,Sep,2,2,1,4,Returning_Visitor,False,False
0,13.54,0,1.16,16,1427.61,0.04,0.03,0.0,0.0,Mar,2,2,1,1,Returning_Visitor,False,False
12,33.32,0,0.0,24,935.96,0.0,0.04,3.83,0.0,Nov,2,2,1,3,Returning_Visitor,False,False
3,32.5,2,7.34,80,1239.78,0.01,0.03,12.66,0.03,Nov,2,2,1,2,Returning_Visitor,False,False
0,1.98,0,0.7,24,1255.77,0.0,0.01,0.0,0.03,Mar,2,2,1,3,Returning_Visitor,False,False
1,83.6,0,0.0,59,1582.7,0.01,0.03,3.44,0.0,Nov,2,2,3,2,Returning_Visitor,False,False
3,5.0,0,0.68,55,1688.06,0.01,0.02,1.81,0.0,Nov,2,2,1,2,Returning_Visitor,False,False
0,37.88,0,2.35,41,3389.8,0.02,0.02,10.62,0.03,Sep,2,4,3,1,Returning_Visitor,False,False
0,0.0,0,0.89,2,64.46,0.12,0.14,0.0,0.03,May,2,2,1,13,Returning_Visitor,False,False
2,31.33,0,1.44,47,902.77,0.02,0.03,0.0,0.03,Nov,2,2,8,1,Returning_Visitor,False,False
3,75.0,2,67.74,65,5565.34,0.01,0.03,0.4,0.03,Mar,2,2,3,2,Returning_Visitor,False,False
1,7.0,0,1.01,61,1235.78,0.0,0.01,0.79,0.03,Mar,3,2,3,3,Returning_Visitor,False,False
3,66.57,0,2.12,45,1873.13,0.01,0.01,0.0,0.0,Nov,2,2,1,2,Returning_Visitor,True,False
0,0.0,0,34.0,18,1293.39,0.0,0.03,3.11,0.03,Nov,2,4,1,2,Returning_Visitor,False,False
5,38.58,0,1.03,7,1213.38,0.0,0.02,2.83,0.03,Jul,1,2,1,2,Returning_Visitor,False,True
3,51.5,0,0.0,49,1164.7,0.01,0.03,20.63,0.03,Mar,2,2,9,1,Returning_Visitor,False,False
0,0.0,0,0.35,7,1347.98,0.0,0.06,1.59,0.0,Mar,2,2,1,3,Returning_Visitor,False,False
0,0.0,0,0.0,56,337.25,0.0,0.02,4.23,0.03,Mar,2,2,3,2,Returning_Visitor,False,False
1,0.0,0,0.0,16,1190.67,0.0,0.02,0.85,0.0,Nov,2,2,4,2,Returning_Visitor,False,False
3,74.66,0,0.0,10,427.17,0.0,0.02,0.49,0.0,Mar,1,2,1,3,Returning_Visitor,False,False
2,53.5,0,0.79,38,1131.62,0.0,0.02,0.0,0.03,Dec,2,4,1,3,Returning_Visitor,False,False
1,19.0,0,1.06,58,336.58,0.0,0.02,0.0,0.03,Mar,2,2,1,1,Returning_Visitor,False,False
0,0.0,0,4.56,28,1200.38,0.03,0.03,0.0,0.0,Jul,3,2,1,3,Returning_Visitor,False,False
3,180.69,0,56.0,32,1199.46,0.01,0.03,26.86,0.0,Mar,1,1,4,2,Returning_Visitor,True,False
2,21.0,0,0.0,14,385.0,0.0,0.03,1.89,0.03,Nov,2,2,3,2,Returning_Visitor,False,False
2,31.24,2,298.33,38,1788.37,0.01,0.02,4.45,0.03,Nov,2,2,1,2,Returning_Visitor,False,True
3,0.0,0,0.0,58,1207.74,0.06,0.03,0.55,0.03,Nov,3,2,1,13,Returning_Visitor,False,False
11,89.36,0,0.61,48,2074.4,0.0,0.02,7.25,0.03,Aug,2,2,3,2,Returning_Visitor,False,False
0,0.0,0,0.69,16,1145.23,0.01,0.01,11.29,0.03,Mar,2,2,1,2,New_Visitor,False,False
2,13.84,0,0.33,17,143.25,0.01,0.05,2.49,0.0,Nov,2,2,1,1,Returning_Visitor,False,False
3,13.48,0,0.0,57,783.67,0.02,0.02,1.51,0.0,Nov,2,2,1,3,Returning_Visitor,False,False
0,46.96,0,0.0,70,1195.75,0.02,0.02,2.2,0.03,Aug,2,2,1,13,Returning_Visitor,False,True
0,14.22,0,0.0,28,164.0,0.08,0.1,1.77,0.0,May,2,2,1,3,Returning_Visitor,False,False
4,206.03,0,0.0,43,1197.63,0.01,0.02,2.17,0.0,Nov,2,2,1,3,Returning_Visitor,False,True
0,6.22,0,0.0,56,1346.63,0.01,0.03,2.85,0.03,Nov,2,2,1,1,Returning_Visitor,False,False
0,0.0,0,0.0,16,1515.24,0.0,0.03,22.32,0.03,Nov,1,1,4,4,Returning_Visitor,False,False
2,6.0,0,1.27,17,1131.52,0.01,0.03,0.39,0.03,May,2,2,1,2,Returning_Visitor,False,False
3,0.0,0,0.0,18,530.58,0.01,0.02,1.58,0.0,Nov,2,2,1,3,Returning_Visitor,False,False
3,42.48,0,0.0,66,2059.3,0.0,0.03,2.87,0.03,Nov,5,2,1,1,Returning_Visitor,False,True
1,3.34,0,1.93,13,1187.58,0.0,0.03,5.74,0.03,Nov,2,2,1,20,Returning_Visitor,False,True
0,15.85,0,0.51,11,782.39,0.0,0.02,1.68,0.03,May,2,2,3,3,Returning_Visitor,False,False
4,135.9,0,1.4,69,6375.07,0.01,0.02,0.03,0.03,Nov,2,2,1,2,Returning_Visitor,False,False
3,27.2,0,0.0,23,1263.91,0.03,0.06,3.12,0.03,Mar,2,2,1,2,Returning_Visitor,False,False
1,0.0,0,1.2,2,30.0,0.0,0.1,0.13,0.03,Mar,2,2,1,1,Returning_Visitor,False,False
2,82.09,2,134.0,47,1099.37,0.01,0.02,1.62,0.2,Nov,2,2,1,2,Returning_Visitor,False,False
3,27.83,0,0.0,18,586.19,0.0,0.01,0.0,0.6,Nov,1,2,1,2,Returning_Visitor,False,False
3,174.0,0,1.26,60,1393.02,0.01,0.03,0.26,0.03,Nov,3,2,1,2,Returning_Visitor,False,False
0,0.0,0,3.34,4,127.64,0.05,0.09,1.78,0.03,May,2,2,3,3,Returning_Visitor,False,False
2,59.72,0,0.0,50,1245.3,0.02,0.02,18.18,0.03,Mar,2,2,7,3,Returning_Visitor,False,False
2,137.57,0,1.12,69,739.07,0.01,0.02,1.32,0.03,May,2,6,1,6,Returning_Visitor,False,True
2,41.69,2,10.17,17,318.07,0.02,0.04,1.76,0.0,Mar,3,2,8,2,Returning_Visitor,False,False
2,17.78,2,229.8,49,4249.12,0.01,0.02,1.3,0.03,Jul,2,2,1,3,Returning_Visitor,False,False
3,45.0,0,1.71,13,1261.59,0.01,0.01,0.0,0.03,Mar,2,1,1,3,New_Visitor,False,False
6,71.38,0,0.0,73,2335.63,0.01,0.03,2.52,0.03,Mar,2,2,7,3,Returning_Visitor,False,True
2,52.92,0,1.64,60,1686.53,0.01,0.02,1.49,0.03,Sep,2,2,1,3,New_Visitor,False,False
0,10.17,0,0.0,5,103.0,0.01,0.03,1.95,0.03,Mar,2,2,1,2,Returning_Visitor,False,False
3,31.05,0,0.0,9,430.5,0.01,0.02,0.0,0.0,Mar,2,2,1,2,Returning_Visitor,False,False
0,0.0,0,0.0,10,1086.4,0.01,0.02,4.39,0.03,Nov,1,1,1,2,Returning_Visitor,False,False
2,110.5,1,116.68,57,1251.34,0.0,0.03,3.23,0.03,Nov,2,2,1,2,Returning_Visitor,False,False
3,278.72,2,41.92,60,962.51,0.01,0.02,22.92,0.0,Nov,1,1,1,2,Returning_Visitor,False,False
3,54.4,3,20.0,73,1163.13,0.0,0.01,33.04,0.03,Mar,2,2,1,2,Returning_Visitor,False,False
0,27.27,0,1.04,61,203.0,0.01,0.03,0.0,0.0,Mar,3,2,2,2,Returning_Visitor,False,False
0,1.73,0,0.18,55,1207.62,0.01,0.02,0.0,0.0,Nov,2,2,1,2,Returning_Visitor,False,False
0,0.0,0,1.09,13,76.3,0.18,0.15,0.0,0.0,Mar,2,2,1,2,Returning_Visitor,False,False
3,17.82,0,1.44,17,212.83,0.01,0.03,0.0,0.07,May,2,2,4,1,Returning_Visitor,False,False
9,29.06,0,109.75,57,1273.26,0.02,0.03,21.22,0.0,Mar,2,2,1,1,Returning_Visitor,False,False
1,22.51,1,7.0,67,561.09,0.03,0.02,0.36,0.0,Jul,3,2,3,3,Returning_Visitor,False,False
0,18.65,0,1.4,1,64.25,0.0,0.03,0.0,0.0,Nov,2,1,3,3,Returning_Visitor,False,False
0,30.53,0,0.0,6,1285.5,0.01,0.03,2.62,0.0,Nov,2,2,1,6,Returning_Visitor,False,False
2,27.26,0,7.0,27,916.92,0.0,0.02,1.9,0.0,Nov,2,2,1,8,New_Visitor,True,True
1,0.0,0,1.95,81,155.0,0.05,0.11,0.23,0.0,Nov,3,2,1,3,Returning_Visitor,False,False
6,21.38,0,0.0,51,1339.5,0.0,0.03,23.64,0.03,Dec,4,2,1,2,Returning_Visitor,False,True
2,34.05,0,0.0,17,1374.51,0.0,0.02,54.74,0.03,May,2,2,1,3,Returning_Visitor,False,True
2,16.25,0,1.28,75,456.52,0.01,0.03,1.42,0.03,Mar,2,2,4,3,Returning_Visitor,False,False
0,0.0,0,0.0,59,365.4,0.03,0.04,0.1,0.03,May,3,2,1,2,Returning_Visitor,False,False
3,36.64,0,1.42,17,1231.47,0.01,0.01,4.47,0.03,Oct,3,2,3,3,New_Visitor,False,False
0,13.74,0,1.27,18,391.58,0.0,0.02,24.9,0.03,Dec,2,2,1,2,New_Visitor,False,False
0,2.48,0,1.0,63,1375.27,0.01,0.03,0.0,0.0,Nov,2,2,1,2,Returning_Visitor,False,False
3,33.0,0,0.0,27,386.42,0.01,0.01,6.47,0.03,Nov,2,2,1,2,New_Visitor,False,True
1,25.59,0,0.0,3,0.0,0.01,0.2,0.0,0.0,Dec,1,1,1,2,Returning_Visitor,False,False
1,0.0,0,0.0,6,97.83,0.05,0.04,2.91,0.03,Dec,2,2,3,2,Returning_Visitor,True,False
3,32.79,0,0.0,55,1699.33,0.01,0.01,14.42,0.03,May,2,2,1,4,Returning_Visitor,False,False
3,0.0,0,0.0,63,1224.75,0.01,0.01,21.05,0.03,Nov,2,2,2,2,New_Visitor,False,True
3,38.48,0,1.38,66,1365.5,0.01,0.03,3.29,0.0,May,2,7,1,4,Returning_Visitor,True,False
3,313.19,0,1.36,12,1267.67,0.01,0.04,0.0,0.03,Mar,1,1,1,3,Returning_Visitor,True,False
1,89.24,3,5.24,37,1227.28,0.01,0.01,60.7,0.0,Nov,2,5,7,2,Returning_Visitor,False,True
0,25.58,2,1.35,49,1350.08,0.1,0.12,1.07,0.03,Nov,2,2,1,3,Returning_Visitor,False,False
0,0.0,0,0.0,67,1246.49,0.0,0.02,2.23,0.03,Nov,2,2,2,1,Returning_Visitor,False,False
2,3.81,0,0.94,29,26.0,0.01,0.03,0.0,0.0,Nov,2,2,1,2,New_Visitor,False,False
2,37.15,0,1.83,59,1069.15,0.0,0.02,33.69,0.0,Nov,2,2,1,2,Returning_Visitor,False,True
0,3.62,0,0.49,61,1117.33,0.01,0.02,0.74,0.0,Mar,2,2,3,3,Returning_Visitor,False,False
3,31.41,0,0.0,17,1305.06,0.0,0.02,49.39,0.03,May,2,2,1,4,Returning_Visitor,False,True
2,17.35,0,0.34,60,1200.35,0.0,0.03,1.38,0.0,Nov,2,2,4,1,Returning_Visitor,False,False
2,104.51,1,5.63,56,1948.71,0.01,0.02,14.69,0.03,Nov,2,2,3,2,Returning_Visitor,False,True
5,17.83,2,0.0,40,1219.7,0.01,0.01,0.72,0.03,Oct,2,2,3,2,Returning_Visitor,False,False
3,39.75,0,0.9,237,6817.94,0.0,0.01,44.03,0.03,Nov,2,2,1,2,Returning_Visitor,False,True
0,3.46,0,0.0,3,68.66,0.0,0.03,2.76,0.03,Mar,2,2,1,2,Returning_Visitor,False,False
1,29.07,0,1.44,43,1418.5,0.0,0.02,0.0,0.0,Nov,2,2,1,2,Returning_Visitor,True,False
4,59.2,0,1.55,5,1273.72,0.01,0.02,1.29,0.03,Nov,3,2,1,2,Returning_Visitor,False,False
3,41.22,0,0.0,66,299.27,0.0,0.03,0.69,0.0,Sep,2,2,1,6,Returning_Visitor,False,False
2,21.87,0,1.46,60,1297.6,0.0,0.0,1.06,0.03,May,2,2,4,3,Returning_Visitor,False,False
14,27.8,0,1.34,62,1248.19,0.01,0.02,2.13,0.03,Nov,2,2,1,3,Returning_Visitor,False,False
6,80.5,1,10.07,46,1331.48,0.01,0.02,0.0,0.0,Jul,4,2,1,2,Returning_Visitor,False,False
2,52.88,0,1.32,65,4815.7,0.0,0.01,0.44,0.0,Nov,2,2,1,2,Returning_Visitor,False,True
3,35.33,0,3.57,26,641.27,0.0,0.01,0.0,0.0,Mar,2,2,1,2,New_Visitor,False,True
0,0.0,0,0.0,5,17.0,0.01,0.02,0.0,0.0,Mar,1,1,3,3,Returning_Visitor,False,False
0,0.0,0,0.63,54,1181.46,0.0,0.02,0.0,0.03,Nov,2,2,1,2,Returning_Visitor,False,False
8,14.41,2,83.5,54,4890.8,0.0,0.02,0.07,0.03,Nov,3,2,1,2,Returning_Visitor,True,True
2,5.0,1,70.5,61,3507.01,0.01,0.01,2.51,0.0,Nov,4,2,4,2,Returning_Visitor,False,False
3,69.6,0,4.2,116,1212.99,0.0,0.02,46.8,0.0,Aug,2,2,1,2,Returning_Visitor,False,False
7,33.23,0,0.0,27,1278.92,0.02,0.03,0.31,0.0,Oct,2,2,1,3,Returning_Visitor,False,True
3,63.07,0,1.33,41,1127.22,0.01,0.04,0.0,0.0,Oct,1,1,3,3,Returning_Visitor,False,False
3,123.0,1,2.39,71,1263.81,0.01,0.0,0.0,0.03,May,2,2,1,2,New_Visitor,False,False
2,0.0,0,0.0,53,1425.58,0.01,0.03,19.17,0.03,Nov,2,4,4,1,Returning_Visitor,False,False
0,0.0,0,0.57,20,1029.21,0.01,0.02,1.15,0.0,May,2,2,1,2,Returning_Visitor,False,True
3,59.58,0,0.0,17,1184.43,0.0,0.03,0.79,0.0,Nov,2,2,1,2,Returning_Visitor,False,False
3,60.89,1,53.6,56,1540.58,0.0,0.02,10.84,0.03,Nov,2,2,1,2,Returning_Visitor,False,False
3,18.88,0,1.11,6,1224.93,0.0,0.02,0.38,0.03,May,2,2,1,4,Returning_Visitor,False,False
0,23.77,0,2.19,64,771.5,0.0,0.03,0.71,0.0,Nov,1,1,1,1,Returning_Visitor,False,False
2,31.55,0,0.0,14,201.67,0.02,0.05,2.11,0.03,May,2,2,1,1,Returning_Visitor,False,False
2,23.41,0,0.84,20,1252.46,0.01,0.01,20.79,0.03,Nov,2,2,1,2,Returning_Visitor,False,False
2,120.95,0,84.25,60,1048.65,0.02,0.02,3.07,0.0,Nov,2,2,7,3,Returning_Visitor,False,False
2,47.2,0,1.73,15,130.05,0.01,0.02,0.93,0.03,Nov,1,1,1,1,Returning_Visitor,False,False
6,190.5,0,0.78,56,1238.68,0.01,0.02,9.77,0.0,Nov,3,2,3,2,Returning_Visitor,False,False
8,279.28,0,1.0,17,1211.74,0.0,0.02,35.89,0.03,Aug,2,2,3,2,Returning_Visitor,False,True
0,24.91,0,1.17,1,0.0,0.2,0.14,0.16,0.0,Mar,4,1,1,3,Returning_Visitor,False,False
3,0.0,0,0.0,48,809.17,0.05,0.05,2.35,0.6,Nov,2,2,4,3,Returning_Visitor,False,False
2,96.0,0,2.41,67,2091.66,0.01,0.03,1.13,0.0,Nov,3,2,3,2,Returning_Visitor,True,False
0,0.0,0,1.42,40,1185.33,0.01,0.02,0.0,0.03,Nov,2,2,1,1,Returning_Visitor,False,False
1,11.0,0,0.0,57,1271.01,0.05,0.07,0.0,0.0,Mar,3,2,1,3,Returning_Visitor,False,False
0,0.0,0,0.0,18,1231.5,0.01,0.03,1.56,0.03,May,1,2,1,4,Returning_Visitor,False,False
3,25.38,0,1.31,63,6.0,0.01,0.05,5.96,0.0,Mar,2,2,9,2,New_Visitor,False,False
4,38.95,0,0.0,53,2423.75,0.0,0.02,23.62,0.0,May,2,1,3,2,Returning_Visitor,False,True
0,0.0,0,0.8,20,678.0,0.0,0.03,2.95,0.03,Nov,2,2,3,10,Returning_Visitor,False,False
5,33.78,0,0.0,3,65.07,0.01,0.06,1.06,0.03,May,2,1,4,2,Returning_Visitor,False,False
3,15.5,0,0.0,15,982.28,0.01,0.06,0.0,0.23,May,1,2,3,2,Returning_Visitor,False,False
3,35.74,0,1.55,84,850.24,0.01,0.02,1.89,0.0,Oct,2,5,1,2,Returning_Visitor,True,True
2,0.0,0,1.18,62,113.8,0.06,0.12,0.0,0.03,Nov,2,2,1,3,Returning_Visitor,False,True
3,18.09,0,0.0,18,1149.89,0.0,0.02,2.37,0.03,Nov,2,2,1,3,Returning_Visitor,False,False
3,23.09,0,1.54,62,1241.54,0.01,0.03,0.0,0.03,Mar,3,2,4,5,Returning_Visitor,False,False
1,37.58,0,1.61,27,1125.48,0.05,0.13,0.0,0.0,Nov,3,2,1,3,Returning_Visitor,False,False
0,0.0,0,0.43,19,464.0,0.01,0.02,29.32,0.03,Mar,2,2,1,2,Returning_Visitor,False,True
2,9.0,0,1.8,19,1208.44,0.0,0.03,54.56,0.03,Mar,2,2,1,2,New_Visitor,False,True
2,15.0,2,4.0,49,1219.8,0.0,0.02,0.32,0.03,Nov,2,1,1,2,Returning_Visitor,False,False
2,0.0,0,0.0,49,480.92,0.02,0.03,5.78,0.0,Dec,2,2,1,2,Returning_Visitor,False,False
0,0.0,0,1.63,25,1226.29,0.01,0.01,1.09,0.03,Mar,2,2,1,3,Returning_Visitor,False,False
2,11.0,0,0.93,51,1287.86,0.01,0.02,1.35,0.03,Mar,3,2,4,3,Returning_Visitor,False,False
3,109.5,0,4.59,20,349.7,0.02,0.02,0.8,0.0,Mar,1,2,1,2,Returning_Visitor,False,False
3,61.88,0,1.65,19,1661.75,0.01,0.02,1.69,0.03,May,2,2,3,1,Returning_Visitor,False,False
0,36.25,0,0.0,44,441.79,0.0,0.02,0.0,0.0,Mar,2,2,1,3,Returning_Visitor,False,False
1,2.53,0,0.0,23,1254.41,0.05,0.08,0.36,0.0,Mar,3,2,1,3,Returning_Visitor,False,False
0,0.0,0,0.0,57,1303.59,0.05,0.06,0.0,0.0,Dec,1,1,2,1,Returning_Visitor,False,False
0,2.07,0,0.0,57,1361.76,0.01,0.03,3.62,0.0,Nov,2,2,3,10,Returning_Visitor,False,False
2,0.0,0,1.56,62,1247.08,0.2,0.2,0.0,0.8,Feb,2,2,2,2,Returning_Visitor,True,False
0,9.4,0,0.0,45,566.24,0.02,0.12,0.0,0.0,Mar,2,2,1,3,Returning_Visitor,False,False
0,0.0,0,0.0,23,1207.38,0.01,0.02,1.7,0.03,May,2,2,1,2,Returning_Visitor,True,False
3,0.0,0,1.07,10,66.72,0.02,0.03,0.1,0.03,May,1,2,1,2,Returning_Visitor,False,False
10,34.31,0,0.0,69,4409.3,0.01,0.02,0.69,0.03,Nov,3,2,1,3,Returning_Visitor,False,True
5,79.32,2,2.57,41,1236.86,0.01,0.01,0.49,0.03,June,2,2,1,3,Returning_Visitor,False,False
3,60.8,1,32.79,97,1186.35,0.0,0.01,1.56,0.0,Jul,2,2,1,3,Returning_Visitor,True,False
8,47.15,0,3.36,62,7009.1,0.01,0.01,4.95,0.8,May,6,1,1,2,Returning_Visitor,False,False
0,3.46,0,0.0,17,513.33,0.01,0.02,1.99,0.0,Nov,2,2,1,2,Returning_Visitor,False,False
0,17.14,0,0.77,64,1081.19,0.02,0.03,31.85,0.0,Nov,2,2,1,11,Returning_Visitor,True,True
2,66.86,0,1.0,71,472.42,0.01,0.03,0.0,0.03,Nov,1,2,1,1,Returning_Visitor,False,False
2,0.0,0,1.22,26,1246.09,0.01,0.02,0.34,0.03,May,2,2,1,2,Returning_Visitor,False,False
0,21.82,0,1.11,21,1327.91,0.04,0.06,0.0,0.03,Nov,2,2,1,3,Returning_Visitor,False,False
2,27.47,0,3.24,67,265.65,0.05,0.06,0.85,0.03,Nov,1,1,4,2,Returning_Visitor,False,False
3,35.39,0,0.0,39,1071.57,0.01,0.05,0.0,0.03,Nov,2,2,3,2,Returning_Visitor,False,False
3,64.98,0,0.0,30,203.98,0.01,0.02,1.69,0.0,May,2,2,1,2,Returning_Visitor,False,False
3,47.4,0,0.0,21,961.52,0.03,0.05,0.61,0.03,Aug,3,2,1,2,Returning_Visitor,False,False
9,28.44,0,1.47,64,2923.25,0.02,0.04,2.27,0.04,Dec,1,2,1,2,Returning_Visitor,False,False
2,95.0,0,0.0,27,1214.98,0.02,0.01,0.0,0.03,Mar,2,2,1,3,Returning_Visitor,True,False
3,296.52,0,0.0,55,1199.38,0.01,0.03,1.36,0.0,Mar,3,2,6,3,Returning_Visitor,False,False
2,0.0,0,2.28,73,291.2,0.05,0.19,1.44,0.03,Nov,2,2,1,20,Returning_Visitor,False,False
10,268.17,0,1.51,148,1318.97,0.02,0.03,1.57,0.4,Mar,2,2,1,4,Returning_Visitor,False,False
1,0.0,2,110.87,48,3264.13,0.01,0.02,1.21,0.0,Aug,1,1,1,2,Returning_Visitor,False,False
3,52.82,0,0.0,21,423.5,0.01,0.01,0.0,0.03,Nov,2,2,1,2,Returning_Visitor,False,False
2,19.11,0,0.75,68,16.0,0.03,0.13,0.0,0.03,Mar,2,2,3,3,Returning_Visitor,False,False
0,21.14,0,1.49,61,1318.09,0.0,0.03,0.0,0.03,May,2,2,1,3,Returning_Visitor,False,False
0,0.0,0,0.0,55,2300.89,0.0,0.02,0.0,0.03,Nov,2,2,1,2,Returning_Visitor,False,False
0,0.0,0,0.33,11,382.25,0.01,0.06,2.07,0.03,Dec,2,2,1,2,Returning_Visitor,False,False
3,209.02,0,1.83,53,1323.54,0.0,0.01,14.7,0.03,Nov,2,8,1,3,Returning_Visitor,True,True
1,5.0,0,1.36,26,228.0,0.0,0.03,0.0,0.03,May,1,1,3,2,Returning_Visitor,False,False
1,27.89,0,0.0,14,1213.91,0.0,0.02,0.0,0.03,Mar,2,2,3,1,Returning_Visitor,False,False
0,0.0,0,0.91,12,167.22,0.01,0.0,2.55,0.0,Mar,2,2,1,3,Returning_Visitor,True,False
1,33.5,0,0.0,186,1021.33,0.01,0.04,1.07,0.03,Nov,1,1,1,2,Returning_Visitor,False,True
2,58.0,0,1.75,50,952.43,0.01,0.01,2.18,0.03,Nov,4,2,2,11,Returning_Visitor,True,True
0,12.35,0,0.0,68,97.91,0.16,0.14,0.0,0.0,Mar,2,2,1,1,Returning_Visitor,False,False
5,33.15,0,0.67,35,1284.57,0.01,0.04,0.0,0.03,Mar,2,2,1,2,Returning_Visitor,False,False
1,22.53,0,0.0,60,1229.17,0.01,0.02,1.11,0.03,Nov,2,2,4,2,Returning_Visitor,False,False
3,49.5,2,29.5,56,1545.5,0.0,0.01,6.87,0.03,Nov,2,2,1,3,Returning_Visitor,True,True
1,1.53,0,0.25,15,626.26,0.0,0.03,0.66,0.03,May,2,2,2,2,Returning_Visitor,False,False
2,85.53,1,255.5,45,1074.9,0.01,0.03,2.09,0.03,Mar,2,2,3,3,Returning_Visitor,False,False
1,14.04,0,1.22,5,100.49,0.0,0.04,3.54,0.0,Dec,3,2,1,2,Returning_Visitor,False,False
3,15.0,0,0.0,53,1138.25,0.01,0.03,0.0,0.03,Mar,1,1,1,3,Returning_Visitor,False,False
0,9.88,0,0.0,14,97.17,0.01,0.04,1.5,0.0,Mar,1,1,3,3,Returning_Visitor,False,False
3,71.63,0,2.81,63,1237.57,0.0,0.01,33.85,0.03,Nov,1,1,1,2,Returning_Visitor,False,True
3,55.89,1,62.7,11,1268.05,0.01,0.01,0.3,0.0,Mar,1,2,1,2,Returning_Visitor,False,False
0,0.0,0,0.0,14,157.23,0.2,0.06,0.0,0.03,Dec,2,2,1,2,Returning_Visitor,True,False
1,0.0,0,4.0,26,1090.24,0.01,0.02,3.11,1.0,May,3,2,4,2,Returning_Visitor,True,False
2,30.68,0,0.0,12,1061.89,0.0,0.02,0.0,0.0,Nov,2,2,1,2,Returning_Visitor,False,False
3,85.28,0,0.0,63,1311.34,0.03,0.03,0.39,0.0,May,3,2,1,1,Returning_Visitor,False,False
3,112.5,0,0.0,59,2041.23,0.01,0.01,12.98,0.03,Nov,2,2,1,2,Returning_Visitor,False,True
2,19.8,0,0.91,36,10.0,0.01,0.03,3.0,0.03,Sep,2,1,1,5,New_Visitor,False,True
3,67.2,0,2.45,46,1203.65,0.01,0.01,3.16,0.0,May,2,2,1,4,Returning_Visitor,False,True
2,18.36,0,1.27,5,185.83,0.02,0.02,0.0,0.0,Mar,2,2,1,2,Returning_Visitor,False,False
4,190.0,1,10.24,62,1352.38,0.0,0.02,0.0,0.03,Nov,2,2,4,2,Returning_Visitor,True,False
1,65.4,0,0.0,55,1033.65,0.01,0.02,0.0,0.0,Oct,3,2,1,2,Returning_Visitor,False,False
0,5.41,0,108.8,49,1278.39,0.01,0.02,51.39,0.0,Mar,2,2,1,2,Returning_Visitor,False,True
3,78.65,0,2.62,27,2958.22,0.01,0.03,7.87,0.03,Nov,2,2,6,2,Returning_Visitor,False,True
3,155.5,0,1.46,55,311.25,0.01,0.01,3.51,0.0,Mar,2,2,1,3,Returning_Visitor,False,False
0,5.0,0,0.0,19,258.62,0.01,0.01,3.32,0.03,June,2,2,4,3,Returning_Visitor,False,False
0,0.0,0,0.95,5,832.79,0.03,0.09,1.24,0.03,May,3,2,1,13,Returning_Visitor,False,False
0,0.0,0,0.28,16,1232.83,0.01,0.01,2.7,0.03,May,2,2,1,2,Returning_Visitor,False,False
3,22.92,0,0.0,22,221.25,0.01,0.03,0.0,0.0,Mar,2,2,1,2,Returning_Visitor,False,False
2,44.74,0,0.0,20,1194.69,0.0,0.02,2.27,0.0,Mar,2,4,1,2,Returning_Visitor,False,False
4,45.0,0,1.77,48,819.83,0.0,0.0,1.74,0.03,Mar,2,2,1,2,New_Visitor,False,False
1,1.68,0,0.82,20,1202.57,0.0,0.03,3.65,0.0,May,2,2,1,3,Returning_Visitor,False,False
1,10.0,0,0.0,17,1081.91,0.0,0.02,1.99,0.0,Mar,1,2,1,2,Returning_Visitor,True,True
1,14.46,0,0.92,14,175.67,0.01,0.02,0.0,0.03,Mar,2,2,1,3,Returning_Visitor,False,False
0,0.0,0,0.0,14,383.5,0.0,0.02,1.87,0.0,Nov,1,1,1,2,Returning_Visitor,False,False
3,41.06,0,3.17,17,396.17,0.02,0.02,0.0,0.03,Nov,3,2,8,3,Returning_Visitor,False,False
0,0.0,0,1.26,58,1203.8,0.0,0.05,1.65,0.0,Oct,2,4,1,2,Returning_Visitor,True,False
0,25.21,0,0.0,63,1368.85,0.01,0.12,0.93,0.3,May,3,2,6,13,Returning_Visitor,False,False
1,76.37,0,0.0,34,1072.4,0.0,0.02,19.5,0.03,Nov,1,1,1,2,Returning_Visitor,False,True
3,44.73,0,0.0,63,1215.15,0.01,0.03,10.06,0.03,Dec,2,1,3,2,Returning_Visitor,True,False
3,83.81,0,0.9,64,808.03,0.01,0.04,3.83,0.03,Mar,2,2,4,2,Returning_Visitor,False,True
1,0.0,0,1.49,1,156.86,0.2,0.2,0.0,0.0,Nov,2,10,3,2,Returning_Visitor,True,False
0,0.0,0,1.27,71,73.47,0.2,0.15,0.0,0.03,Mar,2,2,1,3,Returning_Visitor,False,False
3,31.82,0,0.0,19,285.62,0.01,0.03,0.0,0.0,Mar,2,2,1,2,Returning_Visitor,False,False
0,0.0,0,1.32,23,1206.68,0.01,0.01,0.0,0.0,Dec,2,2,1,2,Returning_Visitor,True,False
3,39.0,0,1.24,48,1275.89,0.01,0.04,0.55,0.0,Mar,2,2,1,3,Returning_Visitor,False,False
15,168.43,0,24.04,60,2806.83,0.01,0.04,0.88,0.03,Oct,2,2,1,3,Returning_Visitor,False,False
4,56.94,0,0.0,4,578.05,0.01,0.03,2.81,0.03,Oct,2,1,1,2,New_Visitor,False,False
3,11.57,0,0.0,42,1185.67,0.01,0.0,0.28,0.0,Mar,2,2,1,3,Returning_Visitor,False,False
1,0.0,0,0.0,33,960.12,0.01,0.02,3.41,0.0,Nov,2,2,1,2,Returning_Visitor,True,False
0,0.0,0,0.34,56,1221.2,0.01,0.01,42.09,0.03,Mar,2,2,7,2,Returning_Visitor,False,False
9,55.13,3,3.33,25,641.8,0.01,0.01,6.07,0.03,Oct,2,2,1,2,Returning_Visitor,False,False
0,15.19,0,2.1,2,0.0,0.19,0.2,1.97,0.03,Nov,3,2,1,3,Returning_Visitor,False,False
1,331.98,5,279.93,55,8217.68,0.0,0.01,3.65,0.0,Nov,2,2,1,2,Returning_Visitor,True,True
0,0.0,0,0.0,24,332.17,0.01,0.01,0.0,0.03,Dec,2,2,1,2,Returning_Visitor,False,False
3,361.38,2,38.3,59,5359.75,0.0,0.02,7.38,0.03,Mar,2,2,9,2,Returning_Visitor,False,False
5,67.6,1,65.0,40,1353.21,0.01,0.03,12.49,0.03,Dec,1,1,1,2,Returning_Visitor,True,False
1,0.0,0,0.0,60,1214.53,0.01,0.0,0.0,0.0,Nov,2,1,1,2,Returning_Visitor,False,False
3,32.0,1,70.0,57,504.08,0.01,0.02,3.93,0.0,Nov,2,2,1,2,Returning_Visitor,False,False
4,30.1,0,1.37,62,197.0,0.0,0.02,1.13,0.0,Mar,2,2,1,3,New_Visitor,False,False
0,0.0,0,0.0,63,1779.16,0.02,0.02,0.0,0.03,Nov,2,2,1,1,Returning_Visitor,False,False
2,31.0,0,2.41,57,1390.89,0.05,0.08,0.0,0.0,Mar,3,2,1,3,Returning_Visitor,False,False
3,34.92,0,33.5,30,496.48,0.02,0.03,2.62,0.0,May,3,2,1,2,Returning_Visitor,True,False
0,43.04,0,0.0,18,499.5,0.01,0.03,2.03,0.03,Mar,2,4,1,3,New_Visitor,False,False
2,23.38,0,1.99,11,574.33,0.01,0.02,34.26,0.03,May,2,1,8,3,Returning_Visitor,False,True
0,13.15,0,1.04,52,722.08,0.01,0.03,1.67,0.03,May,2,2,1,1,Returning_Visitor,False,False
5,69.5,0,0.0,4,558.31,0.0,0.02,0.33,0.03,Nov,2,2,3,4,Returning_Visitor,True,False
3,60.75,0,1.41,27,1267.97,0.02,0.03,0.0,0.03,Mar,3,2,3,2,Returning_Visitor,False,False
3,42.21,0,0.0,81,1422.58,0.03,0.06,0.21,0.03,Nov,3,2,1,1,Returning_Visitor,False,False
0,0.0,0,1.45,1,0.0,0.2,0.13,0.36,0.03,May,2,2,1,3,Returning_Visitor,False,False
3,23.78,0,0.0,17,1303.86,0.03,0.09,0.94,0.0,Nov,2,2,1,2,Returning_Visitor,False,False
10,331.41,1,4.72,202,10014.27,0.0,0.02,1.57,0.03,Nov,2,2,1,2,Returning_Visitor,False,True
1,8.2,0,0.0,5,1068.5,0.03,0.04,0.0,0.0,Nov,2,2,3,3,Returning_Visitor,False,False
0,37.15,0,1.09,14,184.83,0.0,0.04,0.0,0.4,May,2,2,1,2,Returning_Visitor,False,False
2,33.08,0,1.73,12,1242.06,0.01,0.03,0.0,0.03,Mar,2,2,1,1,Returning_Visitor,False,False
4,15.64,0,0.99,59,3096.38,0.01,0.01,8.13,0.03,Nov,2,2,1,2,Returning_Visitor,False,True
0,0.0,0,1.28,47,193.33,0.03,0.04,0.16,0.03,May,2,2,1,3,Returning_Visitor,False,False
1,0.0,0,0.77,11,1442.02,0.04,0.08,0.0,0.03,Nov,1,1,4,3,Returning_Visitor,False,False
3,34.4,0,1.94,44,1184.32,0.01,0.03,2.41,0.6,May,2,2,1,6,Returning_Visitor,False,False
0,11.74,0,1.15,87,279.81,0.01,0.01,0.0,0.2,May,2,2,1,4,Returning_Visitor,False,False
9,84.17,0,10.76,83,1095.18,0.01,0.01,6.0,0.03,Nov,2,4,1,2,Returning_Visitor,False,True
5,51.88,0,0.62,58,1275.87,0.0,0.01,1.91,0.03,Nov,2,2,1,2,Returning_Visitor,False,False
10,105.78,0,0.0,82,1074.98,0.01,0.02,11.02,0.0,Dec,2,2,1,2,Returning_Visitor,False,False
2,26.04,0,0.0,61,1868.78,0.01,0.02,1.2,0.03,Nov,2,2,1,2,Returning_Visitor,False,True
3,24.09,0,0.0,62,1210.15,0.04,0.05,0.0,0.0,Nov,2,2,1,3,Returning_Visitor,False,False
8,377.51,2,265.0,60,1079.43,0.01,0.03,1.71,0.0,Mar,2,1,4,2,Returning_Visitor,False,True
0,0.0,0,0.0,52,212.95,0.2,0.2,0.0,0.03,Oct,2,4,1,2,Returning_Visitor,False,False
3,33.18,0,1.4,56,2744.54,0.0,0.02,1.72,0.03,Dec,3,2,1,3,Returning_Visitor,True,False
0,0.0,0,36.08,26,1162.89,0.02,0.01,2.7,0.03,Mar,1,1,8,3,Returning_Visitor,False,False
9,35.49,0,232.8,62,2999.17,0.01,0.02,1.27,0.03,Nov,4,2,1,3,Returning_Visitor,False,False
1,0.0,0,0.0,4,56.5,0.05,0.11,0.0,0.4,May,1,1,1,3,Returning_Visitor,False,False
2,88.0,0,1174.0,173,1155.65,0.01,0.03,4.62,0.03,Nov,3,2,1,2,Returning_Visitor,False,True
2,0.0,0,4.77,19,1065.9,0.04,0.04,0.17,1.0,Mar,3,2,1,3,Returning_Visitor,True,False
6,122.8,0,0.24,24,1212.8,0.01,0.03,1.49,0.03,Mar,2,13,5,2,Returning_Visitor,False,False
0,0.0,0,0.0,15,1182.77,0.01,0.02,0.0,0.03,Nov,2,2,2,3,Returning_Visitor,False,False
3,21.47,0,1.32,22,443.75,0.01,0.02,1.44,0.03,Nov,1,8,1,2,Returning_Visitor,False,True
0,0.0,0,1.23,14,78.55,0.0,0.2,0.06,0.0,Mar,2,2,1,1,Returning_Visitor,False,False
1,37.0,0,0.0,10,240.42,0.01,0.03,2.04,0.03,May,2,2,3,3,New_Visitor,True,False
0,0.0,0,2.3,64,1259.05,0.05,0.02,0.0,0.03,May,3,2,3,2,Returning_Visitor,True,False
0,2.92,2,5.11,43,1825.56,0.01,0.02,1.84,0.0,Nov,2,2,1,2,Returning_Visitor,False,False
2,21.7,0,0.0,69,2241.5,0.01,0.02,1.83,0.03,Nov,2,2,1,20,Returning_Visitor,False,False
1,24.5,0,0.0,60,353.17,0.01,0.03,1.25,0.0,Mar,2,5,1,3,Returning_Visitor,False,False
1,0.0,0,1.55,6,50.0,0.0,0.02,0.0,0.0,May,2,2,3,3,Returning_Visitor,False,False
3,72.57,1,1.66,63,1127.64,0.0,0.03,16.43,0.0,Sep,2,2,1,2,Returning_Visitor,False,True
7,356.67,0,0.0,38,1636.26,0.01,0.03,0.0,0.03,Oct,2,2,4,4,Returning_Visitor,False,False
0,10.74,0,1.14,77,1240.6,0.0,0.02,2.22,0.03,Nov,2,2,1,2,Returning_Visitor,False,False
4,41.38,2,16.0,26,1188.49,0.02,0.03,59.34,0.0,Mar,2,2,1,2,Returning_Visitor,False,True
5,221.0,0,2.13,59,1753.58,0.01,0.01,0.76,0.03,Mar,1,1,1,2,Returning_Visitor,False,False
3,19.86,0,1.41,23,619.5,0.01,0.01,4.98,0.03,May,2,2,3,3,Returning_Visitor,False,False
1,11.67,0,1.29,122,1945.32,0.02,0.03,0.0,0.03,Mar,2,2,1,2,Returning_Visitor,False,False
3,52.57,1,2.52,60,1210.59,0.0,0.04,0.0,0.03,Dec,2,2,1,3,Returning_Visitor,False,False
1,30.71,0,0.85,17,320.5,0.0,0.03,2.04,0.0,Nov,2,2,2,3,Returning_Visitor,False,False
0,0.0,0,0.55,16,355.5,0.02,0.01,36.33,0.0,Mar,2,2,1,2,New_Visitor,False,True
0,9.6,0,0.0,89,88.0,0.0,0.05,1.57,0.0,Nov,2,2,1,3,Returning_Visitor,False,False
1,25.92,0,0.9,29,1474.5,0.01,0.03,60.79,0.03,Dec,2,2,4,3,Returning_Visitor,False,True
0,37.06,0,1.5,32,1360.54,0.02,0.02,2.3,0.03,Mar,2,4,3,1,Returning_Visitor,False,False
3,28.02,0,0.0,56,683.17,0.0,0.01,0.0,0.0,Mar,2,2,1,2,Returning_Visitor,False,False
3,0.0,0,2.04,65,1799.83,0.01,0.02,1.06,0.6,Nov,2,4,1,6,Returning_Visitor,False,False
3,0.0,0,1.64,60,1258.5,0.01,0.02,9.41,0.03,Aug,2,2,1,2,Returning_Visitor,False,False
0,16.75,0,0.86,18,1129.8,0.01,0.03,0.9,0.03,May,2,2,1,3,Returning_Visitor,False,False
2,20.47,0,2.23,85,300.67,0.0,0.02,2.29,0.0,May,2,2,1,4,Returning_Visitor,False,False
2,0.0,0,2.8,136,364.67,0.07,0.09,1.42,0.03,May,2,2,1,13,Returning_Visitor,False,False
3,120.5,1,28.79,22,1004.0,0.01,0.04,26.72,0.03,Nov,2,2,1,2,Returning_Visitor,False,True
3,4.4,0,0.59,40,1203.77,0.01,0.01,1.93,0.03,Jul,1,2,1,4,Returning_Visitor,False,False
3,0.0,0,0.0,15,708.53,0.01,0.04,13.54,0.03,Mar,2,2,3,2,Returning_Visitor,False,False
4,65.17,0,0.0,31,736.78,0.01,0.02,17.83,0.6,May,2,2,3,3,Returning_Visitor,False,False
1,28.86,0,1.03,17,319.0,0.0,0.02,1.05,0.03,Nov,2,2,1,2,Returning_Visitor,False,False
3,53.47,0,1.95,18,1179.52,0.01,0.06,1.7,0.03,May,1,1,1,3,Returning_Visitor,False,False
1,0.0,0,0.0,1,640.91,0.19,0.2,0.9,0.03,Nov,2,2,1,1,Returning_Visitor,False,False
2,0.0,0,1.19,1,68.75,0.19,0.02,0.0,0.0,May,2,1,1,2,Returning_Visitor,False,False
0,4.61,0,0.0,72,140.79,0.11,0.02,0.0,0.03,Nov,1,1,1,3,Returning_Visitor,False,False
3,12.0,0,1.29,42,5.33,0.01,0.03,0.0,0.0,Mar,2,2,1,3,Returning_Visitor,False,False
2,39.64,0,1.64,8,182.58,0.02,0.03,2.23,0.03,Mar,2,2,1,3,Returning_Visitor,False,False
3,0.0,0,5.0,59,1095.66,0.01,0.02,1.06,0.03,Nov,1,1,1,10,New_Visitor,False,True
0,5.06,0,0.0,91,28.0,0.01,0.1,1.23,0.0,May,2,2,1,3,Returning_Visitor,False,False
3,52.25,0,0.0,64,28.0,0.0,0.03,4.3,0.03,Mar,2,2,1,3,New_Visitor,False,False
0,17.16,0,0.0,75,1182.55,0.0,0.06,1.73,0.03,Nov,2,2,1,3,Returning_Visitor,False,False
3,19.46,0,0.0,73,276.0,0.02,0.02,6.27,0.0,Mar,2,2,8,3,Returning_Visitor,False,False
0,7.06,0,0.0,1,83.17,0.18,0.14,0.0,0.03,May,2,2,1,3,Returning_Visitor,False,False
0,21.19,2,1.42,11,319.61,0.04,0.03,0.0,0.0,Mar,3,2,1,3,Returning_Visitor,False,False
0,17.32,0,0.0,5,82.11,0.05,0.12,0.0,0.03,Mar,2,2,1,3,Returning_Visitor,False,False
0,15.34,0,1.37,15,249.41,0.01,0.02,0.0,0.03,Nov,2,2,1,4,Returning_Visitor,False,False
0,0.0,0,1.31,59,1270.89,0.0,0.07,0.91,0.0,Mar,2,2,1,13,Returning_Visitor,False,False
2,26.0,0,1.27,32,1852.75,0.01,0.03,0.0,0.03,Mar,2,2,2,2,Returning_Visitor,False,False
0,13.13,0,0.95,37,1238.81,0.02,0.04,0.03,0.0,Mar,3,2,1,3,Returning_Visitor,False,False
0,0.0,0,1.68,3,15.2,0.02,0.07,2.85,0.03,Aug,2,2,1,2,Returning_Visitor,False,False
6,171.5,1,178.5,61,1093.38,0.01,0.02,4.55,0.03,Nov,2,2,1,2,Returning_Visitor,False,True
2,0.0,0,0.0,19,1159.51,0.01,0.02,2.4,0.0,Jul,1,1,1,2,Returning_Visitor,False,False
0,0.0,0,1.79,60,864.46,0.01,0.01,2.32,0.0,Nov,3,2,1,3,New_Visitor,False,False
0,0.0,0,0.0,40,1445.84,0.01,0.03,0.48,0.0,May,3,2,1,3,Returning_Visitor,True,False
0,0.0,0,1.42,38,1272.54,0.01,0.01,0.95,0.03,Nov,3,2,3,3,Returning_Visitor,False,True
5,95.32,0,0.0,15,1101.28,0.01,0.02,1.54,0.03,May,2,2,1,2,Returning_Visitor,False,True
0,19.23,0,1.35,9,140.0,0.02,0.02,1.1,0.03,Mar,2,2,1,1,Returning_Visitor,False,False
3,42.8,0,1.8,55,1722.5,0.0,0.01,1.09,0.03,May,2,2,4,4,Returning_Visitor,False,False
0,2.45,0,0.59,16,279.0,0.0,0.02,0.69,0.03,Mar,1,1,1,2,Returning_Visitor,True,False
1,11.2,0,1.35,57,9.0,0.19,0.13,0.85,0.03,Nov,3,2,1,3,Returning_Visitor,True,False
2,18.71,0,1.0,25,1004.81,0.0,0.03,3.62,0.03,Nov,2,2,1,3,Returning_Visitor,False,False
5,23.99,0,1.72,20,1223.02,0.0,0.02,18.87,0.03,May,2,2,1,2,Returning_Visitor,False,False
0,18.89,0,0.0,67,0.0,0.19,0.11,0.0,0.0,May,2,2,2,3,Returning_Visitor,False,False
3,31.11,0,2.22,38,842.42,0.0,0.01,52.29,0.0,Oct,2,2,1,2,Returning_Visitor,False,True
0,0.0,0,0.0,76,1306.34,0.09,0.08,0.33,0.0,May,1,2,1,1,Returning_Visitor,False,False
1,45.64,0,0.0,6,1173.99,0.01,0.03,0.39,0.0,Nov,1,1,2,3,Returning_Visitor,False,False
2,15.4,0,0.0,45,1070.92,0.0,0.02,0.09,0.8,May,3,2,1,2,Returning_Visitor,True,False
3,286.04,1,2.05,65,3186.96,0.01,0.02,6.47,0.0,Nov,1,1,1,2,Returning_Visitor,False,False
1,59.5,0,0.0,20,646.17,0.01,0.02,2.18,0.0,Dec,2,2,1,2,Returning_Visitor,False,False
2,21.12,12,886.25,55,7838.56,0.0,0.03,2.37,0.0,Nov,3,2,6,2,Returning_Visitor,False,False
0,29.63,0,0.0,69,83.43,0.0,0.06,0.12,0.03,Mar,3,2,1,3,Returning_Visitor,True,False
0,3.68,0,1.08,2,92.29,0.2,0.14,0.0,0.03,May,2,2,1,13,Returning_Visitor,False,False
3,13.0,1,5.17,69,1327.37,0.01,0.01,2.22,0.03,Nov,2,2,3,4,Returning_Visitor,False,False
0,0.0,2,6.32,51,1421.8,0.03,0.02,0.06,1.0,May,3,2,1,2,Returning_Visitor,True,False
2,24.32,0,0.0,17,495.1,0.0,0.01,0.0,0.03,Oct,2,4,1,3,New_Visitor,False,False
2,26.67,0,0.0,49,1202.45,0.01,0.04,1.09,0.0,Nov,2,2,1,2,Returning_Visitor,True,False
5,62.0,0,0.27,125,1935.34,0.01,0.01,32.09,0.0,Nov,2,2,3,2,Returning_Visitor,False,False
3,15.4,0,1.08,11,281.9,0.01,0.02,0.66,0.0,Nov,1,2,1,6,Returning_Visitor,False,False
3,27.55,0,0.54,34,1210.57,0.01,0.02,0.93,0.03,Mar,3,2,1,1,Returning_Visitor,False,False
0,8.1,0,0.22,48,587.57,0.02,0.06,1.1,0.03,Mar,2,2,4,1,Returning_Visitor,False,False
2,13.12,0,1.23,6,1222.95,0.0,0.01,0.0,0.03,May,2,2,1,4,Returning_Visitor,False,False
3,30.12,0,1.35,78,18.2,0.15,0.11,1.56,0.04,Sep,3,2,1,13,Returning_Visitor,False,False
1,44.47,0,1.99,68,673.12,0.01,0.01,13.19,0.8,May,2,2,1,4,Returning_Visitor,False,True
5,57.72,0,0.63,68,1334.08,0.0,0.01,0.0,0.0,Nov,2,2,1,2,Returning_Visitor,False,False
5,22.99,0,1.19,38,1086.04,0.01,0.03,1.69,0.0,Nov,2,4,3,2,Returning_Visitor,False,False
2,273.0,0,1.92,32,1173.14,0.01,0.02,0.0,0.03,May,1,1,1,3,Returning_Visitor,False,False
0,0.0,0,1.15,9,152.6,0.02,0.02,1.39,0.0,Mar,2,2,1,3,Returning_Visitor,False,False
0,10.51,0,1.3,28,1238.41,0.01,0.02,86.39,0.03,Mar,2,2,1,2,Returning_Visitor,True,True
8,341.38,1,131.0,63,1224.69,0.0,0.02,9.57,0.03,Nov,1,1,4,2,Returning_Visitor,False,False
3,146.85,0,0.94,60,1225.13,0.01,0.02,0.0,0.03,Mar,3,2,1,3,Returning_Visitor,False,False
0,0.0,0,0.0,47,1269.5,0.03,0.02,1.34,0.03,Nov,2,2,3,13,Returning_Visitor,False,False
2,32.75,1,11.0,58,2949.55,0.02,0.02,0.0,0.8,Mar,3,2,1,2,Returning_Visitor,False,False
3,1.79,0,1.04,55,1227.36,0.01,0.02,3.67,0.03,Nov,2,2,1,2,Returning_Visitor,False,False
2,66.99,0,3.84,71,1087.23,0.02,0.02,2.23,0.0,May,2,2,1,2,Returning_Visitor,False,False
0,0.0,0,1.21,14,65.81,0.2,0.14,0.0,0.6,May,2,2,4,3,Returning_Visitor,False,False
3,28.81,0,1.47,9,1229.11,0.0,0.02,57.0,0.03,May,2,2,1,2,Returning_Visitor,False,True
1,604.73,0,0.0,58,1276.84,0.01,0.01,4.45,0.0,Jul,2,2,1,6,New_Visitor,False,True
0,21.36,0,1.46,43,1071.03,0.0,0.03,0.0,0.0,Nov,2,1,1,2,Returning_Visitor,False,False
4,18.44,0,0.38,61,1285.51,0.01,0.01,48.79,0.03,Nov,2,2,3,2,Returning_Visitor,False,True
12,146.21,0,70.75,127,6065.02,0.01,0.04,1.6,0.03,Nov,2,1,1,4,Returning_Visitor,False,True
13,11.26,9,985.48,48,1045.82,0.02,0.02,2.93,0.0,Mar,1,2,1,3,Returning_Visitor,False,False
