Administrative,Administrative_Duration,Informational,Informational_Duration,ProductRelated,ProductRelated_Duration,BounceRates,ExitRates,PageValues,SpecialDay,Month,OperatingSystems,Browser,Region,TrafficType,VisitorType,Weekend,Revenue
4,84.25,0,0.5,54,2191.33,0.0,0.02,5.38,0.0,Nov,2,4,1,2,New_Visitor,False,False
1,24.04,0,0.0,6,0.0,0.08,0.12,0.0,0.0,Nov,1,1,4,1,Returning_Visitor,False,False
0,0.0,0,0.0,19,836.58,0.0,0.02,0.0,0.6,May,1,1,1,1,Returning_Visitor,False,False
0,0.0,0,0.0,6,239.67,0.0,0.02,0.0,0.76,May,2,4,1,4,New_Visitor,False,False
13,388.3,3,417.0,67,2701.96,0.0,0.02,5.38,0.31,May,2,2,4,2,Returning_Visitor,True,False
0,0.0,0,0.0,6,239.67,0.0,0.02,5.38,0.76,May,2,5,3,4,New_Visitor,False,False
1,24.04,0,0.0,54,1970.0,0.01,0.04,0.0,0.01,June,4,1,3,4,New_Visitor,False,False
4,90.0,1,50.54,4,126.0,0.0,0.01,0.0,0.0,Nov,1,1,4,5,New_Visitor,False,False
0,0.0,0,0.0,6,239.67,0.0,0.02,0.82,0.0,Mar,2,4,3,2,New_Visitor,False,True
1,24.04,0,0.0,6,239.67,0.0,0.02,5.38,0.0,Nov,2,4,6,1,Returning_Visitor,False,False
3,51.5,0,0.5,59,2191.33,0.0,0.0,0.0,0.0,Nov,2,4,3,2,Returning_Visitor,False,False
4,94.0,1,50.54,6,97.0,0.0,0.02,1.38,0.0,Mar,2,4,1,2,Returning_Visitor,False,False
2,58.0,0,0.5,6,239.67,0.0,0.02,0.82,0.31,June,1,1,1,2,Returning_Visitor,True,False
4,125.0,0,0.0,7,239.67,0.02,0.06,0.82,0.01,June,1,1,1,3,Returning_Visitor,False,False
1,24.04,0,0.0,6,239.67,0.0,0.1,0.0,0.0,May,1,1,1,4,Returning_Visitor,True,False
0,0.0,0,0.5,12,103.0,0.13,0.17,0.82,0.6,June,2,2,3,1,Returning_Visitor,False,False
0,0.0,0,0.0,75,2938.01,0.0,0.02,0.82,0.0,Mar,2,5,3,2,New_Visitor,False,False
0,2.64,0,0.5,77,2938.01,0.0,0.02,1.96,0.0,Dec,1,1,3,1,Returning_Visitor,False,False
0,2.64,0,0.0,6,239.67,0.03,0.06,0.82,0.01,June,2,2,1,4,Returning_Visitor,True,True
1,24.04,0,0.0,6,239.67,0.02,0.06,1.38,0.0,Mar,2,2,3,1,Returning_Visitor,False,False
0,0.0,0,0.0,6,239.67,0.0,0.02,22.27,0.76,May,1,1,1,4,New_Visitor,False,True
2,81.6,0,0.5,54,2230.6,0.0,0.02,0.82,0.31,June,2,2,1,1,Returning_Visitor,False,False
1,108.0,0,0.5,6,239.67,0.02,0.03,5.38,0.76,May,3,2,1,3,Returning_Visitor,False,False
1,24.04,0,0.5,23,805.79,0.0,0.01,5.38,0.0,Nov,2,2,4,1,Returning_Visitor,False,False
4,144.08,1,50.54,58,2570.43,0.0,0.02,0.82,0.0,Mar,3,2,1,2,Returning_Visitor,True,False
6,225.22,2,106.8,68,1607.17,0.0,0.02,0.0,0.0,Sep,2,2,1,3,Returning_Visitor,False,True
2,57.25,0,0.5,6,239.67,0.0,0.02,80.04,0.0,Nov,2,2,1,4,Returning_Visitor,True,True
2,5.0,3,272.2,0,239.67,0.04,0.09,5.38,0.76,May,1,1,8,4,New_Visitor,False,False
0,0.0,0,0.5,6,239.67,0.0,0.02,0.82,0.29,June,4,1,1,4,Returning_Visitor,False,False
6,202.0,0,0.0,6,239.67,0.2,0.2,1.96,0.0,Dec,1,1,1,13,Returning_Visitor,False,False
6,268.42,1,50.54,54,2191.33,0.0,0.02,0.0,0.01,May,1,1,1,4,Returning_Visitor,True,True
1,24.04,0,0.0,36,947.88,0.0,0.02,0.0,0.0,Nov,3,2,1,1,Returning_Visitor,True,False
7,202.0,0,0.5,27,836.58,0.0,0.02,11.16,0.76,May,3,2,1,4,New_Visitor,False,False
0,2.64,0,0.5,6,0.0,0.2,0.2,5.38,0.0,Nov,1,5,3,2,New_Visitor,False,False
6,202.0,0,0.5,4,239.67,0.01,0.03,5.38,0.31,May,1,1,1,10,Returning_Visitor,True,True
1,24.04,0,0.5,6,66.0,0.0,0.02,0.82,0.0,Mar,1,1,8,2,Returning_Visitor,True,False
9,202.0,1,50.54,23,743.48,0.0,0.02,0.82,0.0,Mar,2,4,3,2,Returning_Visitor,True,True
5,41.7,6,1251.45,352,14568.16,0.0,0.02,3.55,0.0,Sep,1,11,3,11,Returning_Visitor,True,True
2,59.53,0,0.5,6,183.65,0.0,0.02,1.96,0.0,Sep,1,1,8,2,Returning_Visitor,True,False
1,24.04,0,0.5,6,239.67,0.01,0.04,65.87,0.29,May,2,2,1,20,Returning_Visitor,False,True
1,24.04,0,0.5,6,239.67,0.02,0.06,0.0,0.0,Nov,2,10,3,2,New_Visitor,False,False
1,24.04,0,0.5,28,1155.81,0.0,0.02,0.82,0.01,June,2,4,3,4,New_Visitor,False,True
2,57.25,0,0.0,21,836.58,0.0,0.0,0.82,0.76,June,2,5,3,2,New_Visitor,False,False
1,24.04,0,0.5,45,1351.12,0.0,0.01,0.82,0.76,June,1,1,8,2,New_Visitor,False,False
1,24.04,0,0.5,6,239.67,0.0,0.02,0.0,0.31,May,1,1,4,5,Returning_Visitor,False,True
0,2.64,0,0.0,6,239.67,0.0,0.02,5.38,0.0,Nov,1,1,8,2,Returning_Visitor,False,False
5,154.08,1,50.54,13,1183.05,0.0,0.02,5.38,0.76,May,1,1,1,4,New_Visitor,False,False
2,40.0,2,116.22,17,836.58,0.02,0.06,32.65,0.0,Nov,2,7,3,2,New_Visitor,False,False
1,24.04,0,0.5,11,243.67,0.0,0.02,1.38,0.0,Mar,1,1,1,3,Returning_Visitor,False,False
10,953.07,1,50.54,29,1110.97,0.0,0.02,112.44,0.76,Sep,1,5,3,12,New_Visitor,False,False
1,24.04,0,0.0,29,1110.58,0.0,0.02,16.36,0.0,Nov,2,2,1,2,Returning_Visitor,True,True
0,0.0,0,0.0,6,239.67,0.01,0.02,0.82,0.31,June,1,1,1,2,Returning_Visitor,False,False
1,24.04,0,0.5,6,239.67,0.0,0.01,0.0,0.0,May,2,5,3,3,Returning_Visitor,False,False
0,2.64,0,0.0,6,239.67,0.0,0.02,0.82,0.31,June,3,2,1,1,Returning_Visitor,False,False
4,125.5,1,50.54,54,2191.33,0.0,0.02,1.38,0.0,Mar,1,1,1,2,New_Visitor,False,False
2,29.0,0,0.0,25,381.36,0.0,0.0,5.38,0.8,May,1,1,1,2,New_Visitor,False,False
1,24.04,0,0.0,41,1553.52,0.0,0.01,0.0,0.0,May,2,2,3,3,Returning_Visitor,False,False
0,2.64,0,0.5,8,343.25,0.01,0.03,5.38,0.0,Nov,2,2,2,7,Returning_Visitor,False,True
1,24.04,0,0.0,6,239.67,0.0,0.02,1.38,0.0,Mar,2,4,3,2,New_Visitor,False,False
0,0.0,0,0.0,6,239.67,0.0,0.02,5.38,0.29,May,4,1,6,3,Returning_Visitor,False,False
3,555.5,0,0.0,54,2191.33,0.01,0.02,5.38,0.0,Nov,2,2,1,1,Returning_Visitor,False,True
1,24.04,0,0.0,6,239.67,0.01,0.02,0.0,0.0,Nov,2,2,1,2,New_Visitor,True,False
1,24.04,0,0.5,13,595.6,0.0,0.02,0.82,0.0,Mar,2,2,1,1,Returning_Visitor,False,False
0,2.64,0,0.0,14,595.6,0.0,0.09,0.0,1.0,May,1,1,1,6,Returning_Visitor,False,False
0,0.0,0,0.5,41,1656.67,0.06,0.09,0.0,0.0,Mar,3,2,1,1,Returning_Visitor,True,False
0,0.0,0,0.0,6,239.67,0.0,0.02,1.96,0.0,Dec,1,1,1,2,Returning_Visitor,False,False
1,9.0,0,0.5,23,688.18,0.0,0.02,0.82,0.0,Mar,1,1,1,2,New_Visitor,True,True
1,24.04,0,0.0,19,568.48,0.05,0.09,0.0,0.4,May,3,2,1,1,Returning_Visitor,True,False
9,150.0,0,0.0,128,4884.54,0.0,0.02,0.0,0.01,May,2,2,3,3,Returning_Visitor,False,False
0,2.64,0,0.5,6,0.0,0.2,0.2,5.38,0.76,May,1,1,7,3,Returning_Visitor,False,False
9,965.5,0,0.5,30,1895.13,0.01,0.02,0.0,0.0,May,1,1,3,4,Returning_Visitor,False,False
1,24.04,0,0.5,26,553.5,0.0,0.02,35.98,0.76,May,2,5,3,3,Returning_Visitor,True,True
2,26.18,6,590.11,87,3195.76,0.0,0.02,5.38,0.01,May,3,2,3,4,Returning_Visitor,True,False
1,24.04,0,0.0,6,253.6,0.0,0.02,0.0,0.0,May,2,2,3,3,Returning_Visitor,False,False
0,0.0,0,0.0,66,2631.47,0.0,0.02,0.0,0.0,Nov,2,5,3,2,New_Visitor,False,False
6,200.22,2,126.0,54,2191.33,0.0,0.02,5.94,0.4,May,2,2,1,1,Returning_Visitor,False,False
0,0.0,0,0.0,8,239.67,0.0,0.02,0.0,0.0,Mar,2,2,1,10,Returning_Visitor,False,False
6,208.4,3,295.55,54,2191.33,0.01,0.03,0.0,0.29,May,1,1,8,4,Returning_Visitor,False,False
1,24.04,0,0.5,5,239.67,0.01,0.09,0.0,0.31,May,2,4,1,1,Returning_Visitor,False,False
0,2.64,0,0.0,65,2701.96,0.01,0.02,0.0,0.01,May,2,5,3,3,Returning_Visitor,False,False
1,24.04,0,0.5,6,239.67,0.0,0.02,0.0,0.31,May,2,2,4,2,New_Visitor,True,False
1,24.04,0,0.5,6,0.0,0.2,0.2,0.82,0.01,June,2,5,3,3,Returning_Visitor,False,False
1,24.04,0,0.5,26,836.58,0.0,0.02,0.0,0.29,May,2,2,1,4,Returning_Visitor,False,False
0,2.64,0,0.0,5,58.0,0.01,0.04,0.0,0.76,May,2,5,3,3,Returning_Visitor,False,False
0,0.0,0,0.5,6,239.67,0.0,0.02,0.82,0.0,Mar,2,10,3,1,Returning_Visitor,False,False
1,24.04,0,0.0,6,117.0,0.05,0.09,0.82,0.0,Mar,2,10,3,1,Returning_Visitor,False,False
0,0.0,0,0.0,16,1062.67,0.0,0.01,1.96,0.0,Sep,4,1,1,4,New_Visitor,False,True
1,24.04,0,0.5,1,239.67,0.04,0.09,5.38,0.0,Nov,1,1,1,1,Returning_Visitor,False,False
6,201.85,1,50.54,43,1458.94,0.0,0.02,5.38,0.0,Aug,3,2,3,4,New_Visitor,False,False
6,173.26,0,0.0,49,1457.7,0.0,0.02,20.67,0.31,May,1,1,1,1,Returning_Visitor,False,True
1,19.2,0,0.5,19,443.83,0.0,0.0,0.82,0.76,June,1,1,1,2,New_Visitor,False,False
9,364.33,2,116.22,54,2191.33,0.0,0.02,5.05,0.0,Nov,2,2,1,1,Returning_Visitor,False,False
1,24.04,1,41.0,23,696.4,0.0,0.02,5.38,0.0,May,3,2,2,4,New_Visitor,True,False
1,24.04,0,0.5,12,442.89,0.0,0.02,0.82,0.01,June,2,2,1,4,Returning_Visitor,True,False
0,0.0,0,0.5,10,239.67,0.0,0.02,0.0,0.0,Mar,3,2,2,1,Returning_Visitor,False,False
0,0.0,0,0.5,23,801.8,0.0,0.0,0.82,0.0,Mar,2,2,3,1,Returning_Visitor,False,False
1,24.04,0,0.0,24,727.5,0.0,0.02,1.38,0.0,Mar,2,5,3,1,Returning_Visitor,False,False
1,24.04,0,0.5,29,277.35,0.0,0.02,1.96,0.76,Sep,2,2,3,4,Returning_Visitor,True,False
8,57.06,1,50.54,6,176.82,0.0,0.02,0.0,0.0,Mar,1,1,8,1,Returning_Visitor,False,False
2,48.5,2,123.55,54,2336.32,0.02,0.04,0.0,0.0,Nov,1,1,1,2,Returning_Visitor,True,False
1,24.04,0,0.5,6,239.67,0.03,0.08,5.38,0.0,May,1,1,3,4,New_Visitor,False,False
1,24.04,0,0.0,19,557.69,0.0,0.02,0.82,0.31,June,2,10,3,2,Returning_Visitor,False,True
0,2.64,0,0.5,6,239.67,0.0,0.02,29.87,0.31,May,7,4,3,1,Returning_Visitor,False,False
27,446.23,2,126.5,584,35117.05,0.0,0.02,4.51,0.0,Nov,2,4,1,2,New_Visitor,False,False
1,24.04,0,0.5,10,239.67,0.0,0.02,0.0,0.76,May,2,2,3,4,Returning_Visitor,True,False
1,24.04,0,0.5,6,239.67,0.0,0.02,5.38,0.0,Oct,1,1,9,2,New_Visitor,False,False
0,0.0,0,0.0,1,0.0,0.2,0.2,0.0,0.31,May,2,5,3,13,Returning_Visitor,False,False
1,24.04,0,0.5,6,239.67,0.0,0.02,1.96,0.0,Sep,2,10,3,4,Returning_Visitor,True,False
0,0.0,0,0.5,8,239.67,0.0,0.02,0.0,0.0,Nov,2,4,1,2,New_Visitor,False,False
1,24.04,0,0.5,28,1040.1,0.0,0.02,5.38,0.76,May,2,4,5,4,New_Visitor,False,True
1,24.04,0,0.5,6,222.23,0.01,0.03,5.38,0.76,May,2,5,3,4,Returning_Visitor,True,False
6,202.0,0,0.5,52,2826.79,0.01,0.03,5.38,0.76,May,3,2,3,3,Returning_Visitor,False,False
1,24.04,0,0.5,1,0.0,0.13,0.17,0.0,0.76,May,8,4,3,4,Returning_Visitor,True,False
1,24.04,0,0.5,6,239.67,0.0,0.02,0.82,0.0,Mar,1,1,1,2,New_Visitor,False,False
0,2.64,0,0.5,6,239.67,0.01,0.03,0.0,0.76,May,2,4,3,4,New_Visitor,True,False
0,2.64,0,0.5,6,239.67,0.0,0.02,5.38,0.0,Oct,2,2,1,2,New_Visitor,False,True
2,135.0,1,2.0,6,239.67,0.0,0.01,0.82,0.0,Mar,1,1,8,2,New_Visitor,False,False
0,2.64,0,0.0,6,228.5,0.01,0.04,0.82,0.01,June,3,2,1,3,Returning_Visitor,False,False
1,24.04,5,778.04,1,0.0,0.2,0.2,65.87,0.76,May,1,1,3,3,Returning_Visitor,True,False
1,24.04,0,0.0,11,239.67,0.0,0.01,0.0,0.31,May,1,1,1,2,Returning_Visitor,True,False
10,517.5,1,86.0,54,2191.33,0.04,0.09,1.68,0.8,June,3,4,5,1,Returning_Visitor,False,False
1,24.04,0,0.0,29,1171.07,0.01,0.02,5.38,0.31,May,2,2,7,1,Returning_Visitor,False,False
1,24.04,0,0.0,6,239.67,0.0,0.02,0.0,0.8,May,2,4,1,3,Returning_Visitor,False,False
10,497.63,1,50.54,142,6038.24,0.0,0.02,5.38,0.0,Nov,2,2,3,2,Returning_Visitor,False,True
1,24.04,2,8.5,62,2466.22,0.0,0.02,25.05,0.31,May,1,1,1,2,Returning_Visitor,False,True
1,24.04,0,0.0,3,0.0,0.2,0.2,0.0,0.31,May,3,2,1,13,Returning_Visitor,False,False
4,74.0,0,0.0,6,239.67,0.0,0.02,0.82,0.0,Mar,2,5,3,1,Returning_Visitor,False,False
0,0.0,0,0.5,6,239.67,0.0,0.02,22.63,0.29,May,1,1,1,11,Returning_Visitor,False,True
9,334.25,5,797.42,2,70.75,0.0,0.01,0.82,0.31,June,1,1,1,10,Returning_Visitor,True,False
9,1047.34,0,0.0,6,239.67,0.0,0.02,21.48,0.0,Oct,1,11,3,20,Returning_Visitor,False,True
0,2.64,0,0.5,28,984.5,0.0,0.02,5.38,0.0,Nov,2,2,2,2,New_Visitor,False,False
4,144.08,3,382.33,54,2191.33,0.0,0.01,9.51,0.76,May,1,1,1,4,New_Visitor,False,True
9,202.0,0,0.5,54,2191.33,0.0,0.02,5.38,0.0,Nov,3,5,3,5,New_Visitor,False,False
2,37.2,0,0.0,3,239.67,0.0,0.02,0.0,0.01,Sep,3,7,7,4,New_Visitor,True,False
4,78.36,3,210.67,329,12158.2,0.0,0.02,0.0,0.0,Nov,2,2,1,2,New_Visitor,False,True
0,2.64,0,0.0,6,239.67,0.0,0.02,1.96,0.0,Dec,2,2,1,2,Returning_Visitor,True,False
0,0.0,0,0.5,6,239.67,0.0,0.01,5.38,0.0,Nov,2,2,3,2,Returning_Visitor,False,False
0,2.64,1,50.54,6,239.67,0.0,0.02,0.82,0.29,June,3,2,1,3,Returning_Visitor,False,False
0,0.0,0,0.5,6,239.67,0.0,0.02,0.82,0.0,Jul,2,4,1,2,New_Visitor,False,False
2,29.0,1,13.5,28,1005.85,0.0,0.01,5.38,0.0,Nov,1,1,1,2,New_Visitor,False,False
0,0.0,0,0.0,28,1155.81,0.0,0.02,5.38,0.0,Nov,2,2,3,2,Returning_Visitor,True,False
1,24.04,0,0.5,1,0.0,0.2,0.2,29.87,0.76,May,1,7,3,11,Returning_Visitor,True,False
0,0.0,0,0.5,6,239.67,0.01,0.03,0.82,0.76,June,2,2,1,2,New_Visitor,True,False
1,24.04,0,0.0,29,919.9,0.0,0.02,0.82,0.01,June,2,2,1,4,Returning_Visitor,True,True
1,24.04,0,0.5,40,1250.68,0.01,0.04,0.82,0.01,June,2,4,3,4,New_Visitor,False,False
0,2.64,0,0.5,6,239.67,0.03,0.06,5.38,0.76,May,2,2,7,3,Returning_Visitor,False,False
1,24.5,0,0.5,27,836.58,0.0,0.02,5.38,0.0,Nov,2,4,2,2,Returning_Visitor,False,False
1,24.04,0,0.0,7,239.67,0.01,0.03,0.82,0.0,Jul,2,4,7,1,Returning_Visitor,False,True
6,202.0,3,251.67,16,757.39,0.01,0.04,5.38,0.0,Nov,2,7,3,1,Returning_Visitor,False,False
1,24.04,0,0.5,6,60.4,0.0,0.02,0.82,0.0,Mar,2,2,2,1,Returning_Visitor,False,False
3,97.75,2,46.5,12,442.89,0.01,0.03,0.82,0.29,June,2,2,3,3,Returning_Visitor,False,False
6,158.5,2,15.0,54,2191.33,0.0,0.02,0.82,0.31,June,1,1,1,2,Returning_Visitor,True,True
0,0.0,0,0.5,5,239.67,0.0,0.02,5.38,0.0,Nov,1,1,1,2,Returning_Visitor,False,False
4,134.61,0,0.0,87,3486.19,0.01,0.02,0.0,0.0,Nov,3,2,1,1,Returning_Visitor,False,False
0,0.0,0,0.5,3,45.0,0.0,0.02,5.38,0.0,May,2,10,3,3,Returning_Visitor,False,False
1,100.0,0,0.0,9,246.17,0.0,0.02,0.0,0.0,Dec,2,2,3,9,Returning_Visitor,True,False
0,0.0,0,0.0,23,709.75,0.0,0.02,0.82,0.31,June,2,2,8,2,Returning_Visitor,True,False
6,179.88,2,116.22,54,2191.33,0.0,0.02,3.32,0.31,Sep,3,2,1,1,Returning_Visitor,False,True
0,0.0,0,0.5,6,239.67,0.01,0.03,5.38,0.31,May,2,4,6,1,Returning_Visitor,False,False
1,24.04,0,0.0,6,239.67,0.04,0.09,5.38,0.29,May,2,10,3,3,Returning_Visitor,False,False
2,57.25,0,0.5,6,239.67,0.0,0.01,0.82,0.0,Mar,3,2,1,1,Returning_Visitor,True,True
6,202.0,3,161.5,54,2191.33,0.0,0.02,0.82,0.31,June,1,1,8,2,Returning_Visitor,False,True
1,24.04,0,0.5,6,239.67,0.0,0.02,1.96,0.31,Sep,2,2,1,1,Returning_Visitor,False,False
2,57.25,0,0.5,6,239.67,0.0,0.01,5.38,0.0,Nov,3,2,4,2,Returning_Visitor,True,False
0,0.0,0,0.5,6,239.67,0.0,0.02,1.38,0.0,Mar,1,1,1,2,Returning_Visitor,False,False
4,134.61,0,0.0,87,3830.0,0.0,0.02,0.0,0.29,May,1,1,1,8,New_Visitor,False,True
1,24.04,0,0.5,9,244.67,0.0,0.02,0.0,0.29,May,1,1,1,4,Returning_Visitor,True,False
0,0.0,0,0.5,6,239.67,0.03,0.07,5.38,0.0,Nov,2,10,3,3,Returning_Visitor,False,False
0,0.0,0,0.5,6,239.67,0.0,0.01,4.72,0.0,Oct,1,1,1,2,Returning_Visitor,True,False
5,154.08,0,0.5,6,229.5,0.03,0.06,0.0,0.76,May,3,2,1,4,New_Visitor,False,False
9,110.41,2,51.0,87,3120.21,0.0,0.02,7.89,0.01,May,2,2,1,4,Returning_Visitor,False,False
6,202.0,0,0.5,15,506.0,0.03,0.06,0.82,0.6,June,2,4,3,2,New_Visitor,False,False
1,24.04,1,50.54,5,151.2,0.02,0.05,38.6,0.31,May,7,4,3,1,Returning_Visitor,False,False
1,24.04,0,0.0,48,1777.7,0.0,0.02,0.82,0.0,Mar,3,2,1,1,Returning_Visitor,True,False
1,29.0,0,0.5,20,836.58,0.0,0.02,5.38,0.31,May,3,2,1,2,Returning_Visitor,False,False
0,0.0,0,0.5,47,1351.12,0.0,0.02,5.38,0.0,Nov,1,1,1,2,Returning_Visitor,False,False
0,2.64,0,0.5,17,287.5,0.07,0.12,0.0,0.31,May,3,2,4,13,Returning_Visitor,False,False
2,45.0,0,0.5,22,1662.73,0.01,0.03,6.0,1.0,May,1,1,4,13,Returning_Visitor,True,False
0,2.64,0,0.0,2,239.67,0.04,0.09,5.38,0.6,May,2,2,4,3,Returning_Visitor,False,False
0,2.64,0,0.5,21,836.58,0.0,0.02,0.82,0.0,Jul,2,4,3,1,Returning_Visitor,False,False
1,24.04,0,0.5,6,239.67,0.01,0.02,0.82,0.76,June,1,1,8,2,New_Visitor,False,False
5,154.08,2,51.5,54,2191.33,0.02,0.03,5.38,0.0,Nov,2,2,3,2,Returning_Visitor,False,False
0,0.0,0,0.5,4,239.67,0.0,0.02,0.82,0.0,Mar,2,2,1,2,Returning_Visitor,True,False
0,0.0,0,0.0,6,239.67,0.01,0.02,1.96,0.0,Dec,1,1,1,1,Returning_Visitor,False,False
10,564.9,3,522.17,54,2191.33,0.0,0.02,0.82,0.31,June,3,2,1,2,Returning_Visitor,False,False
1,24.04,0,0.5,19,887.8,0.0,0.02,0.0,0.0,Nov,3,2,1,3,Returning_Visitor,False,False
8,202.0,2,70.6,142,5245.28,0.0,0.02,0.0,0.76,May,1,1,1,3,Returning_Visitor,False,False
1,24.04,0,0.0,41,1575.22,0.01,0.03,0.0,0.0,Nov,4,2,3,6,Returning_Visitor,False,False
1,24.04,0,0.5,6,239.67,0.01,0.04,5.38,0.31,May,2,10,3,2,Returning_Visitor,False,False
0,0.0,4,122.5,6,239.67,0.0,0.02,5.38,0.0,Nov,1,1,1,2,Returning_Visitor,False,True
0,2.64,0,0.5,142,5044.76,0.0,0.01,0.0,0.31,May,1,1,1,6,Returning_Visitor,False,False
5,154.08,0,0.5,55,2191.33,0.0,0.0,5.38,0.0,Nov,2,4,1,2,New_Visitor,False,False
0,0.0,0,0.5,24,308.86,0.0,0.03,0.82,0.01,June,2,5,3,4,New_Visitor,False,False
0,0.0,0,0.0,6,239.67,0.0,0.02,1.96,0.0,Dec,2,2,1,6,Returning_Visitor,False,False
0,2.64,0,0.5,8,197.9,0.04,0.06,0.82,0.29,June,2,10,3,4,Returning_Visitor,False,True
2,57.25,0,0.5,6,239.67,0.02,0.05,5.38,0.8,May,2,13,3,12,Returning_Visitor,False,False
1,24.04,0,0.5,6,201.33,0.0,0.02,0.82,0.0,Mar,2,10,3,2,New_Visitor,False,False
1,24.04,0,0.5,70,2701.96,0.0,0.02,0.0,0.76,May,2,4,3,4,New_Visitor,False,False
1,24.04,0,0.5,23,664.33,0.0,0.02,0.0,0.31,May,2,2,1,2,Returning_Visitor,True,False
2,27.58,0,0.5,22,420.2,0.0,0.02,5.38,0.76,May,2,4,3,4,New_Visitor,False,False
1,24.04,0,0.5,6,239.67,0.04,0.09,5.38,0.31,May,3,2,3,1,Returning_Visitor,False,False
6,202.0,3,135.22,54,2191.33,0.03,0.08,0.0,0.0,Nov,1,1,1,2,Returning_Visitor,False,False
1,24.04,0,0.0,6,254.0,0.0,0.04,5.38,0.76,May,2,2,3,3,Returning_Visitor,False,False
0,2.64,0,0.5,73,3324.6,0.0,0.02,0.0,0.01,May,3,2,1,3,Returning_Visitor,True,True
7,202.0,1,50.54,54,2191.33,0.0,0.02,5.38,0.0,Nov,2,2,3,2,New_Visitor,False,True
0,0.0,0,0.5,6,260.3,0.0,0.02,16.32,0.29,May,1,5,7,11,Returning_Visitor,False,True
11,446.23,1,50.54,109,3195.76,0.0,0.02,0.82,0.0,Mar,3,2,1,2,New_Visitor,False,False
1,24.04,0,0.0,33,357.89,0.0,0.02,0.82,0.29,June,3,2,4,4,Returning_Visitor,True,False
2,23.0,0,0.0,15,656.25,0.0,0.02,0.0,0.0,Nov,1,1,1,2,Returning_Visitor,True,False
8,313.03,0,0.0,135,4884.54,0.0,0.02,0.82,0.0,Mar,2,4,1,4,Returning_Visitor,False,False
2,33.2,0,0.0,6,239.67,0.0,0.02,5.38,0.76,May,2,2,1,4,New_Visitor,False,False
1,24.04,1,46.5,6,239.67,0.0,0.02,1.96,0.0,Dec,2,5,3,2,New_Visitor,False,False
0,0.0,0,0.0,6,239.67,0.0,0.02,0.82,0.8,June,1,1,1,4,Returning_Visitor,False,False
0,0.0,0,0.5,6,239.67,0.0,0.02,0.82,0.0,Mar,2,2,3,1,Returning_Visitor,False,False
4,134.61,0,0.5,97,2696.11,0.0,0.02,5.77,0.01,May,3,2,1,3,Returning_Visitor,True,True
1,24.04,0,0.5,6,239.67,0.03,0.06,0.0,0.76,May,2,4,1,4,New_Visitor,False,False
1,24.04,0,0.5,6,239.67,0.0,0.04,0.0,0.0,Dec,3,2,1,2,New_Visitor,False,False
0,2.64,0,0.0,13,595.6,0.02,0.05,5.38,0.8,May,1,1,4,3,Returning_Visitor,False,False
0,0.0,0,0.5,56,2191.33,0.0,0.02,0.0,0.0,Nov,1,1,1,2,Returning_Visitor,True,False
3,129.24,1,50.54,54,2191.33,0.0,0.02,0.86,0.01,Feb,2,5,3,4,New_Visitor,False,False
0,0.0,0,0.5,19,444.25,0.03,0.06,0.0,0.76,May,2,2,3,4,Returning_Visitor,False,False
1,24.04,1,50.54,50,1859.38,0.0,0.02,1.96,0.0,Dec,3,2,8,1,Returning_Visitor,False,False
4,104.2,0,0.0,54,2191.33,0.0,0.02,0.82,0.0,Mar,1,1,1,2,New_Visitor,False,False
1,24.04,0,0.0,6,239.67,0.0,0.02,0.0,0.76,May,1,1,1,3,Returning_Visitor,False,False
2,54.4,0,0.0,1,239.67,0.0,0.01,5.38,0.31,May,1,1,1,2,Returning_Visitor,False,False
0,2.64,0,0.5,6,239.67,0.03,0.07,5.38,0.31,May,2,2,1,1,Returning_Visitor,False,False
0,2.64,1,50.54,23,710.5,0.03,0.08,0.0,0.8,May,2,13,6,13,Returning_Visitor,False,False
0,0.0,0,0.5,6,0.0,0.08,0.12,0.82,0.0,June,2,2,1,4,New_Visitor,False,False
0,2.64,0,0.5,34,783.57,0.0,0.02,5.38,0.76,May,2,2,1,4,Returning_Visitor,False,True
5,154.08,0,0.5,54,2191.33,0.0,0.02,0.82,0.29,June,1,1,1,4,Returning_Visitor,False,False
5,154.08,1,50.54,29,1074.68,0.0,0.02,19.23,0.76,May,1,1,6,11,Returning_Visitor,False,False
2,57.25,0,0.0,50,1907.14,0.0,0.02,64.25,0.0,Oct,2,5,3,19,Returning_Visitor,True,False
3,129.0,1,50.54,74,2378.26,0.0,0.02,5.38,0.0,Nov,2,2,9,1,Returning_Visitor,False,True
9,754.53,0,0.5,23,749.23,0.0,0.01,0.82,0.01,June,3,2,3,3,Returning_Visitor,False,False
1,24.04,0,0.5,9,700.0,0.0,0.02,1.96,0.0,Dec,1,1,1,2,Returning_Visitor,True,True
6,202.0,3,168.83,54,2191.33,0.0,0.02,7.98,0.0,Nov,2,2,1,2,Returning_Visitor,True,False
1,24.04,0,0.0,29,1076.5,0.0,0.02,0.0,0.0,Nov,2,2,1,2,New_Visitor,False,False
0,0.0,0,0.5,6,239.67,0.07,0.13,0.0,0.01,June,2,4,1,4,New_Visitor,False,False
4,133.47,2,116.22,54,2191.33,0.01,0.02,0.0,0.31,May,1,1,1,13,Returning_Visitor,True,False
2,58.5,0,0.5,6,239.67,0.0,0.02,0.82,0.0,Mar,2,5,3,2,New_Visitor,False,False
6,159.0,2,116.22,54,2191.33,0.0,0.02,4.75,0.0,Dec,2,12,1,19,Returning_Visitor,False,True
6,202.0,1,50.54,41,1384.5,0.01,0.04,29.87,0.31,May,1,5,3,13,Returning_Visitor,False,False
6,202.0,2,107.0,39,1250.68,0.0,0.02,1.96,0.0,Dec,2,2,7,9,Returning_Visitor,False,False
1,24.04,0,0.0,7,562.3,0.0,0.02,36.66,0.76,May,1,1,6,4,New_Visitor,True,True
4,117.0,1,50.54,54,2191.33,0.0,0.02,1.38,0.0,Mar,1,1,8,2,New_Visitor,True,False
0,0.0,0,0.0,6,239.67,0.0,0.02,0.82,0.6,June,2,2,1,2,Returning_Visitor,True,False
1,24.04,0,0.0,3,44.67,0.0,0.02,0.0,0.0,Nov,2,2,6,2,Returning_Visitor,True,False
1,24.04,0,0.0,6,135.0,0.0,0.02,0.0,0.0,Mar,1,1,8,2,Returning_Visitor,True,False
0,0.0,0,0.5,6,81.0,0.0,0.02,0.0,0.76,May,1,1,1,3,Returning_Visitor,False,False
0,0.0,0,0.0,6,186.5,0.0,0.02,1.38,0.0,Mar,3,2,1,1,Returning_Visitor,True,False
1,156.14,0,0.0,6,239.67,0.01,0.05,0.82,0.0,Mar,3,2,1,1,Returning_Visitor,False,False
4,72.0,0,0.0,6,46.5,0.03,0.06,5.38,0.0,Nov,3,2,1,2,New_Visitor,False,False
0,2.64,0,0.0,6,239.67,0.0,0.02,5.38,0.31,May,3,2,3,2,Returning_Visitor,False,False
1,17.0,0,0.5,30,1155.81,0.04,0.07,5.38,0.0,Nov,2,4,1,2,New_Visitor,False,False
6,214.67,2,112.0,76,2822.17,0.0,0.02,0.0,0.0,Nov,2,2,1,1,Returning_Visitor,False,False
1,24.04,0,0.5,6,239.67,0.01,0.03,0.82,0.0,Mar,2,5,3,2,New_Visitor,False,False
10,1692.13,4,509.42,54,2191.33,0.02,0.04,61.53,0.01,May,1,1,6,17,Returning_Visitor,False,False
3,37.0,2,9.0,54,2191.33,0.01,0.03,5.38,0.0,May,2,4,3,4,New_Visitor,False,False
0,2.64,0,0.5,6,239.67,0.0,0.02,5.38,0.0,Nov,2,5,3,2,New_Visitor,False,False
1,22.33,1,0.0,105,2900.64,0.0,0.02,5.38,0.76,May,2,5,3,4,New_Visitor,False,False
6,202.0,1,23.0,56,2581.36,0.0,0.02,0.82,0.0,Mar,3,2,1,2,Returning_Visitor,True,False
1,24.04,0,0.0,41,1371.63,0.0,0.02,0.82,0.0,June,3,4,1,4,New_Visitor,False,True
3,129.24,3,272.2,6,55.9,0.0,0.01,0.0,0.0,Nov,3,2,8,2,New_Visitor,False,False
1,24.04,0,0.5,6,239.67,0.0,0.02,0.0,0.31,May,1,1,1,2,Returning_Visitor,False,False
6,202.0,5,861.0,12,442.89,0.0,0.02,0.0,0.0,Nov,1,1,3,2,Returning_Visitor,False,False
6,202.0,2,116.22,20,836.58,0.0,0.02,1.38,0.0,Mar,1,5,3,9,Returning_Visitor,False,False
4,78.4,0,0.5,35,1155.81,0.0,0.02,26.55,0.76,May,2,2,1,4,New_Visitor,True,False
1,24.04,1,50.54,24,852.0,0.0,0.01,5.38,0.0,Nov,2,2,3,2,New_Visitor,False,False
0,0.0,0,0.5,23,797.17,0.0,0.01,0.0,0.0,May,2,4,6,4,Returning_Visitor,True,False
0,2.64,0,0.5,6,56.0,0.1,0.15,0.0,0.76,May,2,2,1,3,Returning_Visitor,False,False
6,182.51,2,204.4,23,789.37,0.0,0.02,61.53,0.76,May,3,4,7,20,New_Visitor,False,False
1,24.04,1,50.54,41,1446.52,0.02,0.03,5.38,0.29,Aug,1,1,4,4,Returning_Visitor,True,False
1,14.0,0,0.5,54,2130.45,0.02,0.04,0.82,0.0,Mar,2,2,3,1,Returning_Visitor,False,False
1,24.04,1,50.54,6,239.67,0.0,0.02,5.38,0.76,May,3,2,1,4,New_Visitor,False,False
0,2.64,0,0.5,6,239.67,0.0,0.02,5.38,0.0,Nov,3,2,1,1,Returning_Visitor,True,False
1,24.04,0,0.5,32,1589.62,0.0,0.02,15.64,0.0,Nov,2,5,3,1,Returning_Visitor,False,False
5,154.08,3,285.0,231,8701.85,0.0,0.02,5.38,0.31,May,2,2,1,2,Returning_Visitor,False,False
0,0.0,0,0.0,24,836.58,0.0,0.02,0.0,0.0,Nov,2,10,3,2,Returning_Visitor,True,False
2,57.25,0,0.5,9,239.67,0.02,0.05,5.38,0.31,May,1,1,1,1,Returning_Visitor,False,False
1,24.04,0,0.5,14,368.6,0.0,0.01,1.96,0.0,Sep,2,2,1,4,New_Visitor,False,False
0,0.0,0,0.0,24,855.25,0.0,0.02,5.38,0.76,May,2,4,3,3,Returning_Visitor,False,False
6,202.0,2,75.0,329,13379.37,0.0,0.02,8.06,0.01,May,2,2,4,3,Returning_Visitor,False,False
0,0.0,0,0.5,2,239.67,0.2,0.2,5.38,0.0,Nov,3,13,1,13,Returning_Visitor,False,False
8,121.03,0,0.0,54,2191.33,0.0,0.04,0.0,0.01,May,2,2,1,4,Returning_Visitor,True,False
1,24.04,0,0.5,6,167.5,0.0,0.02,5.38,0.76,May,3,2,1,3,Returning_Visitor,False,False
0,0.0,0,0.5,8,351.4,0.04,0.1,0.0,0.29,May,2,5,7,3,Returning_Visitor,False,False
6,202.0,0,0.5,54,2180.93,0.0,0.02,1.96,0.0,Dec,4,2,3,2,New_Visitor,False,False
1,24.04,1,43.4,6,239.67,0.01,0.05,21.58,0.0,Jul,2,2,3,1,Returning_Visitor,False,False
1,24.04,0,0.0,6,28.2,0.0,0.02,0.82,0.01,June,2,2,3,4,Returning_Visitor,True,False
0,2.64,0,0.0,6,239.67,0.0,0.02,0.82,0.01,June,2,4,3,3,Returning_Visitor,False,False
1,11.0,0,0.5,20,1166.33,0.0,0.02,5.38,0.0,Nov,2,2,2,10,Returning_Visitor,False,True
1,24.04,0,0.0,6,239.67,0.0,0.02,0.0,0.0,Oct,4,1,1,2,New_Visitor,False,False
4,118.0,0,0.0,54,2191.33,0.0,0.02,0.82,0.0,Mar,3,2,1,2,Returning_Visitor,False,False
1,3.0,0,0.0,6,239.67,0.0,0.02,0.0,0.0,May,4,2,1,4,New_Visitor,False,False
4,113.25,0,0.0,91,1746.11,0.0,0.02,5.38,0.0,Nov,2,5,3,8,Returning_Visitor,False,False
0,0.0,0,0.5,6,20.2,0.15,0.19,0.0,0.0,Oct,2,2,1,20,Returning_Visitor,False,False
0,0.0,0,0.5,6,239.67,0.0,0.02,0.0,0.76,May,2,2,1,4,New_Visitor,False,False
4,80.0,0,0.0,32,1155.81,0.0,0.02,51.12,0.76,May,2,2,1,11,Returning_Visitor,False,False
0,0.0,0,0.5,1,239.67,0.04,0.09,5.38,0.29,May,1,1,1,3,Returning_Visitor,False,False
4,75.0,0,0.0,14,595.6,0.0,0.01,5.38,0.0,Nov,1,1,1,2,New_Visitor,False,True
2,57.25,0,0.0,14,402.5,0.0,0.02,0.0,0.0,Nov,1,1,1,1,Returning_Visitor,False,False
6,202.0,0,0.5,6,5.0,0.0,0.02,5.38,0.31,May,2,2,1,13,Returning_Visitor,True,False
1,24.04,0,0.5,6,239.67,0.0,0.02,0.0,0.0,Mar,2,4,1,1,Returning_Visitor,False,False
1,5.0,2,25.0,6,239.67,0.0,0.02,5.38,0.76,May,2,2,1,4,Returning_Visitor,True,False
10,498.53,5,600.12,61,2267.33,0.0,0.01,48.61,0.0,Nov,2,2,1,2,New_Visitor,False,True
1,24.04,0,0.0,15,1733.67,0.0,0.02,5.38,0.76,May,2,2,7,3,Returning_Visitor,False,False
1,24.04,0,0.0,24,836.58,0.0,0.02,5.38,0.0,Oct,2,2,1,2,New_Visitor,False,True
1,24.04,0,0.5,6,239.67,0.0,0.02,1.96,0.29,Sep,2,2,3,4,Returning_Visitor,False,False
0,2.64,0,0.0,5,239.67,0.0,0.02,0.0,0.0,Nov,3,2,1,6,Returning_Visitor,False,False
0,2.64,0,0.5,6,239.67,0.0,0.02,0.0,0.0,Nov,2,4,3,2,New_Visitor,False,False
0,0.0,0,0.5,1,239.67,0.04,0.09,0.0,0.0,May,1,8,3,20,New_Visitor,False,False
1,24.04,0,0.5,3,239.67,0.0,0.02,5.38,0.0,Nov,2,2,9,3,Returning_Visitor,False,False
0,2.64,0,0.0,6,0.0,0.11,0.15,0.82,0.01,June,1,1,1,3,Returning_Visitor,False,False
0,2.64,0,0.5,34,1231.79,0.0,0.02,0.0,0.0,Nov,3,2,1,2,New_Visitor,False,False
2,24.6,0,0.5,6,239.67,0.0,0.02,0.82,0.01,June,2,4,3,4,New_Visitor,False,True
1,24.04,0,0.5,6,269.9,0.0,0.02,5.38,0.31,May,1,1,3,2,Returning_Visitor,False,False
6,224.0,0,0.5,54,2191.33,0.0,0.02,5.38,0.01,May,3,2,3,3,Returning_Visitor,False,False
1,24.04,0,0.0,6,239.67,0.0,0.01,0.82,0.0,Mar,1,1,1,2,Returning_Visitor,False,False
5,154.08,0,0.0,54,2191.33,0.0,0.02,0.0,0.29,May,1,1,2,11,Returning_Visitor,False,False
10,396.5,0,0.0,54,2191.33,0.0,0.02,0.0,0.0,Dec,1,1,1,8,New_Visitor,False,False
9,322.83,1,50.54,54,2191.33,0.01,0.02,0.0,0.0,Dec,2,5,3,1,Returning_Visitor,False,False
1,24.04,2,116.22,6,239.67,0.01,0.02,5.38,0.76,May,2,4,1,4,New_Visitor,False,False
0,0.0,1,50.54,19,460.45,0.0,0.02,29.87,0.31,May,1,5,3,13,Returning_Visitor,False,False
0,2.64,0,0.0,12,442.89,0.0,0.02,0.0,0.31,May,1,1,1,2,Returning_Visitor,False,False
0,2.64,0,0.5,6,239.67,0.04,0.1,1.96,0.0,Dec,2,5,3,2,Returning_Visitor,False,False
1,10.0,0,0.0,6,239.67,0.0,0.02,0.82,0.0,Mar,2,2,1,2,Returning_Visitor,True,False
1,24.04,0,0.0,6,239.67,0.0,0.02,1.96,0.0,Dec,2,5,3,2,New_Visitor,False,False
15,182.7,1,50.54,23,632.25,0.0,0.02,0.0,0.0,May,4,2,1,3,Returning_Visitor,False,False
0,0.0,0,0.0,19,524.0,0.0,0.02,0.82,0.0,Mar,2,10,3,2,New_Visitor,False,True
12,426.35,3,221.0,67,1564.44,0.0,0.02,0.82,0.0,Mar,1,1,8,3,Returning_Visitor,False,False
1,24.04,0,0.5,6,135.88,0.03,0.08,0.0,0.0,Nov,1,1,1,1,Returning_Visitor,False,False
1,24.04,1,50.54,6,224.39,0.05,0.06,0.0,0.0,Nov,2,2,1,2,New_Visitor,False,False
0,0.0,0,0.5,14,1324.13,0.0,0.02,0.0,0.0,Nov,2,10,3,2,New_Visitor,False,False
9,487.0,1,50.54,28,839.52,0.0,0.02,0.0,0.0,Dec,1,1,3,2,Returning_Visitor,True,False
1,24.04,2,12.0,39,1250.68,0.0,0.02,5.38,0.01,May,2,4,3,4,New_Visitor,False,False
1,24.04,2,9.0,6,239.67,0.0,0.02,32.02,0.76,May,2,5,3,3,Returning_Visitor,False,True
10,490.33,0,0.0,62,2038.77,0.01,0.03,5.38,0.31,May,1,1,1,10,Returning_Visitor,False,False
0,2.64,0,0.0,6,109.25,0.0,0.02,65.87,0.76,May,8,13,9,20,Returning_Visitor,False,False
1,24.04,0,0.5,13,595.6,0.0,0.02,0.0,0.29,May,2,5,7,3,Returning_Visitor,False,False
0,0.0,0,0.0,6,239.67,0.0,0.02,5.38,0.0,Nov,3,2,3,1,Returning_Visitor,False,False
0,0.0,0,0.0,1,15.6,0.04,0.09,29.87,0.0,Nov,2,13,6,9,Returning_Visitor,False,True
2,26.0,0,0.5,2,22.0,0.0,0.02,0.0,0.8,May,2,2,1,4,Returning_Visitor,False,False
1,24.04,0,0.0,6,239.67,0.0,0.02,0.0,0.0,Dec,2,10,3,1,Returning_Visitor,False,False
1,24.04,0,0.5,6,239.67,0.0,0.02,0.0,0.29,May,2,4,1,8,Returning_Visitor,False,False
1,11.89,0,0.5,87,3510.88,0.0,0.02,12.02,0.0,Nov,3,2,1,1,Returning_Visitor,False,False
1,24.04,0,0.5,1,0.0,0.2,0.2,0.0,0.0,Nov,2,5,3,2,New_Visitor,False,False
2,33.0,0,0.5,6,239.67,0.0,0.01,0.0,0.0,May,4,5,3,3,Returning_Visitor,False,False
3,79.75,0,0.5,54,2191.33,0.04,0.08,0.0,0.01,May,3,2,1,4,New_Visitor,False,False
2,49.2,0,0.0,6,239.67,0.0,0.02,5.38,0.0,Nov,2,5,3,2,Returning_Visitor,False,True
0,0.0,0,0.5,45,1351.12,0.02,0.04,5.38,0.0,Nov,2,2,1,1,Returning_Visitor,False,False
6,202.0,3,196.0,54,2191.33,0.0,0.02,0.0,0.0,Nov,2,2,3,4,Returning_Visitor,False,False
3,199.0,0,0.5,41,1425.57,0.0,0.02,0.0,0.0,Nov,2,2,3,2,Returning_Visitor,False,True
0,0.0,0,0.5,6,151.42,0.0,0.01,0.0,0.0,Dec,8,13,9,16,Returning_Visitor,False,False
1,24.04,0,0.5,6,239.67,0.0,0.02,5.38,0.76,May,2,4,9,3,Returning_Visitor,False,False
6,182.51,0,0.0,54,2191.33,0.04,0.09,5.38,0.0,Nov,1,1,3,2,New_Visitor,False,False
2,56.3,0,0.0,8,315.4,0.0,0.01,5.38,0.0,Oct,2,10,3,2,New_Visitor,False,False
2,57.25,0,0.5,44,1351.12,0.0,0.02,0.82,0.31,June,1,1,1,2,Returning_Visitor,False,False
2,57.25,0,0.5,21,467.95,0.05,0.09,5.38,0.76,May,2,4,1,4,Returning_Visitor,False,False
2,57.25,0,0.5,6,239.67,0.0,0.02,1.38,0.0,Mar,1,1,1,2,New_Visitor,True,False
1,24.04,0,0.5,6,239.67,0.0,0.02,5.38,0.76,May,2,2,4,3,Returning_Visitor,False,False
1,24.04,2,44.0,6,239.67,0.03,0.07,0.82,0.76,June,3,2,1,2,Returning_Visitor,True,False
0,0.0,0,0.5,8,315.08,0.0,0.02,0.0,0.0,Dec,3,2,3,1,Returning_Visitor,False,True
1,13.1,0,0.5,104,4208.75,0.0,0.02,0.0,0.31,May,2,2,1,1,Returning_Visitor,False,False
1,24.04,0,0.5,6,239.67,0.0,0.01,5.38,0.0,Nov,2,2,1,2,New_Visitor,True,True
1,24.04,0,0.5,6,239.67,0.0,0.02,19.47,0.0,Nov,4,1,1,2,New_Visitor,True,True
1,12.5,0,0.0,6,239.67,0.0,0.0,65.87,0.76,May,2,2,1,20,New_Visitor,False,False
0,2.64,0,0.5,7,314.5,0.0,0.02,0.0,0.0,Mar,2,4,3,2,Returning_Visitor,False,False
0,2.64,0,0.0,8,316.5,0.0,0.02,1.38,0.0,Mar,2,10,3,2,New_Visitor,False,True
1,17.6,0,0.5,6,239.67,0.0,0.02,0.0,0.29,May,2,2,3,3,Returning_Visitor,False,False
0,0.0,2,38.2,6,239.67,0.01,0.04,0.82,0.29,June,1,1,4,4,Returning_Visitor,True,False
10,405.26,1,88.0,54,2191.33,0.01,0.01,5.38,0.0,Nov,1,1,4,2,New_Visitor,True,False
6,202.0,2,116.22,54,2191.33,0.0,0.02,0.82,0.31,June,2,2,1,1,Returning_Visitor,False,False
1,24.04,0,0.5,6,239.67,0.0,0.02,1.96,0.0,Dec,2,10,3,3,Returning_Visitor,False,False
9,417.25,1,50.54,28,922.21,0.0,0.02,5.38,0.29,May,1,1,1,3,Returning_Visitor,True,False
1,24.04,0,0.0,7,244.25,0.01,0.03,1.96,0.0,Dec,1,5,3,9,Returning_Visitor,False,False
6,176.96,3,266.88,351,8650.05,0.01,0.03,1.98,0.0,Dec,2,7,3,3,Returning_Visitor,False,False
1,24.04,0,0.5,6,239.67,0.1,0.12,5.38,0.0,May,2,4,3,4,Returning_Visitor,False,False
6,204.1,1,50.54,138,4884.54,0.0,0.02,18.22,0.76,May,2,2,3,11,Returning_Visitor,True,True
0,2.64,0,0.0,6,48.0,0.12,0.16,0.0,0.76,May,1,1,1,3,Returning_Visitor,False,False
0,2.64,0,0.0,27,836.58,0.0,0.01,5.38,0.0,May,2,2,9,1,Returning_Visitor,False,False
0,0.0,0,0.0,15,595.6,0.02,0.06,5.38,0.31,May,1,1,1,13,Returning_Visitor,False,False
1,24.04,0,0.5,6,239.67,0.2,0.2,0.82,0.0,Mar,1,5,3,1,Returning_Visitor,False,False
1,24.04,0,0.5,6,178.59,0.0,0.01,0.82,0.76,June,3,2,8,1,Returning_Visitor,False,False
1,24.04,1,50.54,4,239.67,0.0,0.05,1.96,0.0,Dec,1,1,8,2,Returning_Visitor,False,False
1,24.04,0,0.0,41,1352.98,0.01,0.02,7.91,0.0,Nov,1,1,1,2,New_Visitor,False,False
3,65.4,0,0.5,54,2426.01,0.0,0.02,0.82,0.01,June,2,4,3,4,Returning_Visitor,True,False
6,245.93,2,116.22,34,1333.8,0.01,0.04,4.95,0.76,Sep,2,2,3,11,Returning_Visitor,False,False
2,57.25,2,113.0,14,536.04,0.0,0.0,0.82,0.0,Mar,2,2,4,2,New_Visitor,True,False
1,21.0,0,0.5,6,239.67,0.03,0.07,1.38,0.0,Mar,3,2,3,1,Returning_Visitor,False,False
0,0.0,0,0.5,34,1021.75,0.0,0.02,0.82,0.01,June,3,2,1,3,Returning_Visitor,True,False
6,202.0,0,0.0,9,357.75,0.0,0.02,0.0,0.0,Nov,1,1,4,10,Returning_Visitor,True,False
0,2.64,0,0.5,5,239.67,0.0,0.02,5.38,0.31,May,2,2,1,1,Returning_Visitor,False,False
0,0.0,0,0.5,6,211.33,0.0,0.02,5.38,0.0,Nov,2,2,3,2,Returning_Visitor,False,False
0,2.64,0,0.5,14,429.0,0.0,0.02,0.0,0.0,Nov,1,1,1,8,Returning_Visitor,False,False
0,2.64,0,0.5,6,239.67,0.01,0.03,0.82,0.29,June,1,1,4,3,Returning_Visitor,False,False
8,202.0,0,0.5,36,2670.87,0.0,0.02,14.0,0.76,May,2,2,7,4,Returning_Visitor,True,False
1,24.04,0,0.0,54,1946.94,0.01,0.02,0.0,0.01,May,3,2,3,4,Returning_Visitor,False,False
3,159.0,1,50.54,54,2191.33,0.0,0.01,0.0,0.31,May,3,2,4,14,Returning_Visitor,False,False
8,202.0,1,50.54,54,2191.33,0.0,0.02,63.39,0.01,May,2,5,3,4,New_Visitor,False,True
0,0.0,0,0.5,16,757.39,0.0,0.02,0.0,0.0,Mar,2,2,1,3,Returning_Visitor,False,False
6,175.47,1,7.0,82,2378.38,0.0,0.02,13.98,0.0,Nov,1,1,1,13,Returning_Visitor,False,True
1,24.04,0,0.5,12,442.89,0.07,0.12,0.0,0.0,May,3,2,1,3,Returning_Visitor,False,False
2,57.25,0,0.5,95,3195.76,0.0,0.02,5.38,0.76,May,2,2,1,3,Returning_Visitor,False,True
1,24.04,0,0.5,31,770.58,0.0,0.02,0.0,0.76,May,2,4,3,4,New_Visitor,False,False
0,0.0,0,0.5,5,270.58,0.04,0.07,0.0,0.0,Dec,1,1,5,8,Returning_Visitor,True,False
0,2.64,0,0.0,6,239.67,0.0,0.01,0.0,0.0,Jul,2,4,3,2,New_Visitor,False,False
6,150.2,1,50.54,22,836.58,0.0,0.02,0.0,0.0,Oct,3,2,3,1,Returning_Visitor,False,False
2,55.0,2,17.25,6,239.67,0.0,0.01,4.75,0.0,Dec,1,8,1,16,New_Visitor,False,False
0,2.64,0,0.5,6,239.67,0.0,0.02,0.0,0.0,Nov,3,2,1,1,Returning_Visitor,True,False
0,2.64,0,0.5,75,2532.96,0.0,0.03,0.0,0.01,May,3,6,3,3,Returning_Visitor,False,False
0,2.64,0,0.5,6,239.67,0.0,0.02,29.46,0.76,May,3,2,1,4,New_Visitor,False,False
0,0.0,0,0.5,6,239.67,0.0,0.02,0.0,0.0,Nov,2,2,1,2,Returning_Visitor,True,False
0,2.64,0,0.5,6,169.0,0.01,0.04,0.82,0.0,Mar,1,1,1,1,Returning_Visitor,False,False
1,24.04,0,0.5,28,952.97,0.0,0.02,0.0,0.0,Mar,2,10,3,2,Returning_Visitor,False,False
0,0.0,0,0.5,6,239.67,0.0,0.02,0.0,0.76,May,2,4,1,4,New_Visitor,False,False
0,0.0,6,584.0,6,239.67,0.0,0.02,5.38,0.0,Nov,2,2,1,2,New_Visitor,False,False
13,1241.44,7,2050.43,705,43171.23,0.0,0.02,61.53,0.0,May,1,5,7,1,Returning_Visitor,True,False
8,202.0,1,50.54,28,1063.95,0.0,0.02,1.38,0.0,Mar,2,4,3,2,Returning_Visitor,True,False
0,0.0,2,14.0,6,239.67,0.0,0.02,1.38,0.0,Mar,2,2,1,10,Returning_Visitor,False,False
0,0.0,0,0.5,6,2.33,0.08,0.12,5.38,0.0,May,2,10,3,4,New_Visitor,False,False
1,24.04,0,0.0,6,11.0,0.0,0.02,0.0,0.0,Dec,2,2,2,2,New_Visitor,False,False
0,2.64,0,0.0,25,1838.5,0.02,0.05,65.87,0.31,May,1,1,1,19,Returning_Visitor,False,False
6,202.0,6,60.3,142,5142.86,0.0,0.02,5.38,0.01,May,2,2,3,4,New_Visitor,False,False
0,2.64,0,0.0,6,239.67,0.0,0.02,5.38,0.76,May,2,4,7,3,Returning_Visitor,False,False
9,1047.34,0,0.0,7,239.67,0.0,0.02,0.0,0.29,May,2,12,9,20,Returning_Visitor,False,False
2,57.25,0,0.5,30,1155.81,0.01,0.02,1.96,0.0,Dec,2,2,3,1,Returning_Visitor,False,False
0,2.64,0,0.0,6,239.67,0.0,0.02,0.0,0.0,Nov,3,2,6,1,Returning_Visitor,False,False
0,0.0,0,0.0,3,239.67,0.0,0.02,0.0,0.29,May,1,1,1,3,Returning_Visitor,False,False
7,202.0,0,0.5,7,239.67,0.0,0.02,0.0,0.0,Dec,1,5,3,9,Returning_Visitor,False,False
3,129.24,0,0.5,54,2191.33,0.0,0.02,30.65,0.0,Mar,2,2,1,2,New_Visitor,False,True
0,0.0,0,0.5,14,595.6,0.0,0.01,0.82,0.31,June,2,2,1,13,Returning_Visitor,False,False
1,5.0,1,50.54,6,239.67,0.0,0.02,0.82,0.76,June,1,1,8,2,New_Visitor,False,False
0,0.0,0,0.0,6,239.67,0.0,0.02,0.82,0.01,June,2,4,3,4,New_Visitor,False,False
2,64.5,0,0.0,54,2120.63,0.0,0.02,5.38,0.0,Nov,2,5,3,2,Returning_Visitor,False,False
1,24.04,0,0.0,1,0.0,0.2,0.2,0.82,0.31,June,1,1,1,1,Returning_Visitor,False,False
2,37.5,0,0.5,6,239.67,0.0,0.02,43.99,0.31,May,2,2,3,2,Returning_Visitor,False,True
1,24.04,0,0.0,23,831.11,0.0,0.01,1.96,0.0,Dec,2,2,4,2,Returning_Visitor,True,True
0,0.0,0,0.5,5,158.6,0.0,0.02,0.0,0.76,May,1,1,4,3,Returning_Visitor,False,False
6,181.82,1,50.54,54,2191.33,0.0,0.02,5.38,0.0,Nov,1,1,7,1,Returning_Visitor,False,False
1,17.0,0,0.0,10,109.0,0.04,0.05,5.38,0.31,May,2,2,3,1,Returning_Visitor,False,False
3,45.83,0,0.5,70,2701.96,0.0,0.02,0.82,0.31,June,2,5,3,2,Returning_Visitor,False,False
6,202.0,0,0.5,6,239.67,0.01,0.04,0.0,0.0,Nov,1,1,1,13,Returning_Visitor,False,False
0,2.64,0,0.5,6,239.67,0.01,0.08,0.82,0.01,June,2,4,3,4,New_Visitor,False,False
0,0.0,0,0.0,6,239.67,0.03,0.07,5.38,0.0,May,2,10,2,4,New_Visitor,False,False
8,202.0,1,50.54,14,595.6,0.02,0.04,0.0,0.29,May,2,4,3,4,Returning_Visitor,False,False
0,0.0,0,0.5,35,499.4,0.01,0.04,0.0,0.76,May,2,2,3,4,Returning_Visitor,True,False
12,252.81,4,258.72,109,4597.12,0.0,0.02,0.82,0.01,June,1,1,1,4,Returning_Visitor,True,True
1,24.04,0,0.5,35,1126.67,0.0,0.02,0.82,0.0,Jul,1,1,7,9,Returning_Visitor,False,False
0,0.0,0,0.5,13,595.6,0.04,0.09,0.82,0.29,June,2,5,3,4,Returning_Visitor,False,False
1,24.04,0,0.5,22,622.25,0.0,0.02,0.0,0.2,May,2,10,3,4,New_Visitor,False,False
10,1125.29,5,914.45,1,239.67,0.2,0.2,61.53,0.01,May,8,13,9,17,Other,False,False
7,202.0,0,0.0,6,107.0,0.01,0.03,0.0,0.76,May,1,1,1,4,New_Visitor,True,False
1,24.04,0,0.5,13,595.6,0.0,0.01,0.82,0.76,June,2,2,8,2,Returning_Visitor,True,False
1,24.04,0,0.5,30,1737.02,0.03,0.05,1.44,0.0,June,2,2,4,3,Returning_Visitor,False,False
0,0.0,0,0.5,1,0.0,0.2,0.2,29.87,0.0,Nov,2,1,3,1,Returning_Visitor,False,False
12,453.53,6,121.58,355,12166.69,0.0,0.02,5.38,0.0,Nov,2,2,7,2,Returning_Visitor,True,True
1,24.04,0,0.5,70,2701.96,0.0,0.02,5.38,0.0,Oct,1,1,4,1,Returning_Visitor,False,False
2,39.2,0,0.5,6,239.67,0.0,0.02,2.48,0.0,Mar,2,2,3,1,Returning_Visitor,False,True
1,24.04,0,0.0,6,0.0,0.2,0.2,5.38,0.31,May,2,2,3,6,Returning_Visitor,False,False
1,24.04,0,0.5,6,3.0,0.0,0.02,5.38,0.76,May,2,5,3,3,Returning_Visitor,False,False
0,0.0,0,0.5,6,66.0,0.0,0.02,0.0,0.0,Nov,2,2,1,2,New_Visitor,False,False
6,233.25,2,9.0,54,2191.33,0.0,0.02,0.0,0.01,May,2,5,3,4,New_Visitor,False,False
4,130.0,1,50.54,54,2191.33,0.0,0.02,0.0,0.31,May,2,2,1,2,Returning_Visitor,True,False
0,2.64,0,0.0,6,239.67,0.0,0.04,0.82,0.01,June,2,2,1,4,Returning_Visitor,True,False
1,24.04,0,0.0,6,17.2,0.05,0.09,0.0,0.76,May,2,5,3,3,Returning_Visitor,False,False
0,0.0,0,0.5,6,239.67,0.0,0.02,12.19,0.0,Dec,1,1,8,2,Returning_Visitor,True,True
4,95.33,0,0.0,54,2191.33,0.0,0.02,1.96,0.0,Dec,1,1,1,2,Returning_Visitor,True,True
11,1665.81,5,663.92,47,2059.7,0.01,0.03,61.53,0.01,May,3,2,3,20,New_Visitor,False,False
11,100.1,0,0.5,54,2191.33,0.01,0.03,0.82,0.2,June,2,2,3,1,Returning_Visitor,False,False
0,0.0,0,0.0,5,249.0,0.0,0.04,5.38,0.0,Nov,2,2,1,6,Returning_Visitor,False,False
0,2.64,0,0.0,29,1102.85,0.01,0.04,0.0,0.0,May,1,1,1,4,Returning_Visitor,True,False
1,24.04,0,0.5,6,158.25,0.0,0.02,0.82,0.31,June,2,2,3,10,Returning_Visitor,True,False
9,446.24,3,94.0,24,866.71,0.01,0.02,0.82,0.0,Mar,3,2,1,2,New_Visitor,False,False
1,24.04,0,0.5,35,1155.81,0.01,0.01,5.38,0.0,Nov,2,2,6,1,Returning_Visitor,False,False
1,24.04,0,0.5,28,984.0,0.0,0.02,0.0,0.31,May,2,5,3,6,Returning_Visitor,True,False
0,0.0,0,0.5,6,239.67,0.2,0.2,0.0,0.76,May,1,1,1,3,Returning_Visitor,False,False
0,2.64,0,0.0,6,239.67,0.2,0.2,5.38,0.76,May,3,2,1,4,New_Visitor,True,False
0,0.0,2,134.22,6,239.67,0.0,0.02,0.82,0.0,June,1,1,8,3,Returning_Visitor,False,False
0,0.0,0,0.0,9,239.67,0.0,0.02,0.0,0.31,May,2,2,8,2,Returning_Visitor,True,False
4,144.08,1,50.54,54,2191.33,0.0,0.01,0.0,0.76,May,3,2,3,3,Returning_Visitor,False,False
1,24.04,0,0.0,6,239.67,0.0,0.02,1.96,0.0,Dec,3,2,2,13,Returning_Visitor,False,False
7,202.0,2,116.22,54,2191.33,0.0,0.01,22.46,0.01,May,3,2,3,4,New_Visitor,False,True
12,426.35,6,609.0,83,2989.49,0.0,0.02,0.82,0.29,June,1,1,8,8,Returning_Visitor,True,True
8,108.38,1,50.54,65,2701.96,0.0,0.02,17.43,0.0,Dec,2,4,3,2,New_Visitor,False,False
0,0.0,0,0.0,28,1155.81,0.0,0.01,0.82,0.0,Mar,3,2,1,1,Returning_Visitor,False,False
1,24.04,1,50.54,41,1460.57,0.0,0.01,0.0,0.0,Nov,2,2,4,2,New_Visitor,True,False
1,24.04,0,0.0,6,239.67,0.0,0.0,0.0,0.0,Nov,3,2,4,2,New_Visitor,True,False
1,24.04,0,0.5,6,239.67,0.01,0.03,5.38,0.76,May,4,1,2,4,New_Visitor,False,False
6,202.0,3,127.89,54,2191.33,0.01,0.03,0.82,0.0,Mar,1,1,1,2,New_Visitor,False,False
4,73.33,0,0.5,54,2191.33,0.0,0.02,5.38,0.0,Nov,2,4,3,2,New_Visitor,False,False
0,2.64,0,0.0,10,239.67,0.01,0.03,0.0,0.0,Mar,2,2,1,1,Returning_Visitor,False,False
6,172.0,0,0.0,11,787.0,0.03,0.06,0.82,0.0,Mar,2,5,3,2,New_Visitor,False,False
1,24.04,0,0.5,6,239.67,0.0,0.01,5.38,0.0,Aug,3,2,1,4,New_Visitor,False,False
1,24.04,0,0.5,6,239.67,0.2,0.2,5.38,0.0,Nov,1,1,2,1,Returning_Visitor,False,False
1,24.04,0,0.5,6,239.67,0.04,0.08,0.0,0.4,May,2,2,3,4,Returning_Visitor,False,False
1,24.04,0,0.5,6,239.67,0.0,0.01,5.38,0.76,May,2,2,3,3,Returning_Visitor,True,False
5,154.08,0,0.5,36,1155.81,0.02,0.04,5.38,0.0,May,2,2,3,3,Returning_Visitor,False,False
0,2.64,0,0.0,77,3332.21,0.0,0.02,5.38,0.31,May,2,5,3,6,Returning_Visitor,False,False
1,7.0,0,0.5,21,803.0,0.03,0.05,7.01,0.0,Nov,3,2,1,3,Returning_Visitor,False,True
0,0.0,0,0.5,3,239.67,0.0,0.02,0.0,0.76,May,2,2,1,4,New_Visitor,False,False
6,202.0,2,116.22,18,836.58,0.0,0.02,0.82,0.01,June,3,2,3,3,Returning_Visitor,False,False
1,24.04,0,0.0,31,1155.81,0.0,0.02,12.63,0.76,May,2,4,1,4,New_Visitor,False,True
2,57.25,0,0.5,8,278.14,0.0,0.02,77.46,0.0,Nov,2,5,3,19,Returning_Visitor,True,False
1,24.04,0,0.0,9,89.0,0.0,0.02,5.38,0.0,Nov,2,2,9,2,Returning_Visitor,False,False
4,134.61,0,0.5,54,2509.25,0.0,0.02,11.28,0.76,May,2,4,3,3,Returning_Visitor,False,True
1,24.04,0,0.5,50,1835.5,0.01,0.03,0.82,0.01,June,2,2,1,3,Returning_Visitor,False,False
1,24.04,0,0.0,6,239.67,0.03,0.08,5.38,0.76,May,1,1,4,3,Returning_Visitor,False,False
1,24.04,0,0.5,6,22.0,0.0,0.02,0.0,0.0,Nov,2,2,3,2,Returning_Visitor,False,False
0,0.0,0,0.5,6,239.67,0.0,0.07,0.82,0.31,June,1,1,1,1,Returning_Visitor,False,False
0,2.64,0,0.5,1,0.0,0.2,0.2,5.38,0.0,Nov,1,1,6,2,Returning_Visitor,True,False
4,130.5,1,50.54,142,5526.08,0.0,0.02,5.38,0.0,Nov,2,2,1,1,Returning_Visitor,False,False
6,169.2,0,0.5,41,1433.16,0.0,0.02,0.0,0.0,Aug,2,10,3,4,New_Visitor,True,True
1,24.04,2,67.5,6,239.67,0.0,0.02,4.29,0.31,Sep,2,5,3,2,Returning_Visitor,False,True
0,2.64,0,0.5,14,412.88,0.0,0.02,1.96,0.0,Dec,1,1,4,9,Returning_Visitor,False,False
2,68.75,0,0.5,6,239.67,0.0,0.01,0.0,0.0,Dec,2,2,3,1,Returning_Visitor,False,False
1,24.04,0,0.5,9,239.67,0.0,0.02,0.82,0.01,June,1,1,1,4,Returning_Visitor,True,False
1,24.04,0,0.5,6,239.67,0.0,0.02,0.0,0.0,May,2,4,4,4,Returning_Visitor,True,False
1,24.04,0,0.5,27,1051.55,0.0,0.02,9.13,0.0,Nov,2,2,1,2,New_Visitor,False,False
1,24.04,0,0.0,23,601.09,0.0,0.02,0.0,0.76,May,2,4,3,4,New_Visitor,False,False
1,24.04,2,116.22,6,151.9,0.0,0.02,0.0,0.0,Nov,2,2,1,1,Returning_Visitor,False,False
1,24.04,0,0.5,6,239.67,0.0,0.02,0.82,0.0,Mar,1,1,1,1,Returning_Visitor,False,True
1,24.04,0,0.5,2,53.5,0.0,0.02,0.0,0.0,Oct,3,2,5,20,Returning_Visitor,True,False
0,2.64,0,0.5,6,239.67,0.01,0.03,5.38,0.0,Nov,2,2,1,2,Returning_Visitor,False,False
3,129.24,0,0.0,17,836.58,0.0,0.02,29.87,0.31,May,7,4,3,1,Returning_Visitor,False,False
0,0.0,0,0.0,13,473.0,0.02,0.04,0.0,0.29,May,2,4,2,3,Returning_Visitor,True,False
1,24.04,0,0.5,37,1155.81,0.01,0.02,5.38,0.01,May,3,10,3,3,Returning_Visitor,False,False
0,0.0,0,0.0,6,239.67,0.2,0.2,0.0,0.0,Feb,2,2,2,4,Returning_Visitor,False,False
0,2.64,0,0.0,36,1155.81,0.01,0.01,0.0,0.0,Nov,2,4,1,2,New_Visitor,False,False
1,24.04,0,0.5,7,239.67,0.0,0.01,0.0,0.29,May,2,2,1,4,Returning_Visitor,False,False
1,24.04,0,0.0,6,239.67,0.0,0.02,5.38,0.76,May,3,2,3,4,New_Visitor,False,False
1,24.04,0,0.5,6,239.67,0.0,0.02,1.96,0.0,Dec,3,2,5,1,Returning_Visitor,False,False
0,0.0,0,0.5,25,612.58,0.0,0.02,5.38,0.8,May,3,2,1,4,Returning_Visitor,True,False
1,24.04,0,0.5,6,239.67,0.0,0.02,1.96,0.76,Sep,2,5,3,4,New_Visitor,False,False
1,24.04,0,0.0,6,239.67,0.03,0.07,0.0,0.29,May,1,1,1,4,Returning_Visitor,False,False
0,2.64,0,0.5,2,135.5,0.0,0.02,0.0,0.0,Dec,1,1,4,3,Returning_Visitor,False,False
1,24.04,0,0.5,17,504.0,0.0,0.02,33.33,0.0,Mar,2,2,3,1,Returning_Visitor,False,False
2,45.5,0,0.0,19,535.0,0.0,0.02,5.38,0.0,Nov,2,5,3,11,Returning_Visitor,True,True
6,182.51,3,394.0,23,599.1,0.0,0.02,0.82,0.76,June,1,5,3,1,Returning_Visitor,True,False
4,144.08,0,0.0,31,1155.81,0.02,0.04,0.82,0.01,June,2,2,3,11,Returning_Visitor,False,False
6,191.83,1,50.54,54,2191.33,0.0,0.02,0.0,0.0,Dec,1,1,8,2,New_Visitor,False,False
0,2.64,0,0.0,6,239.67,0.0,0.02,0.0,0.76,May,2,2,1,4,New_Visitor,False,False
8,297.75,3,127.89,54,2191.33,0.0,0.02,72.44,0.0,Oct,2,2,1,16,New_Visitor,False,True
0,2.64,0,0.5,6,239.67,0.0,0.02,0.82,0.01,June,1,1,1,4,Returning_Visitor,True,False
6,82.01,1,50.54,142,6117.81,0.0,0.02,0.82,0.01,June,3,2,1,3,Returning_Visitor,True,False
6,202.0,0,0.5,14,437.83,0.0,0.02,0.0,0.0,Nov,2,10,3,11,Returning_Visitor,False,False
6,202.0,2,123.55,54,2191.33,0.0,0.02,0.0,0.31,Sep,1,1,8,2,Returning_Visitor,False,False
4,95.5,1,50.54,54,2191.33,0.0,0.0,0.0,0.29,May,1,1,4,8,New_Visitor,True,False
0,0.0,0,0.5,12,442.89,0.03,0.07,0.82,0.0,Mar,2,10,3,2,New_Visitor,False,False
1,24.04,0,0.0,23,791.0,0.0,0.02,5.38,0.76,May,1,1,6,4,Returning_Visitor,True,False
1,24.04,0,0.5,41,1589.58,0.0,0.01,0.82,0.0,Mar,2,2,3,10,Returning_Visitor,False,True
6,202.0,1,47.0,329,15025.23,0.0,0.01,1.27,0.0,Mar,1,1,8,2,New_Visitor,False,False
6,202.0,2,123.55,54,2191.33,0.0,0.02,0.82,0.0,Jul,2,2,6,2,Returning_Visitor,True,False
1,24.04,0,0.0,6,239.67,0.0,0.02,0.0,0.76,May,2,2,1,4,New_Visitor,False,False
1,24.04,0,0.0,16,757.39,0.0,0.02,1.96,0.0,Dec,2,2,1,2,Returning_Visitor,True,False
1,24.04,0,0.5,6,239.67,0.0,0.02,5.38,0.29,May,2,7,3,8,Returning_Visitor,False,False
1,24.04,3,302.0,6,239.67,0.0,0.01,0.0,0.0,Dec,2,2,4,19,Other,False,False
6,202.0,0,0.5,6,239.67,0.08,0.12,5.38,0.4,May,2,2,1,2,Returning_Visitor,False,False
1,24.04,0,0.5,30,1155.81,0.01,0.04,1.38,0.0,Mar,2,10,3,1,Returning_Visitor,True,False
0,0.0,0,0.5,65,2701.96,0.0,0.02,0.0,0.8,May,2,5,4,2,Returning_Visitor,True,False
9,356.12,0,0.0,44,2187.34,0.01,0.03,0.82,0.31,June,1,1,8,1,Returning_Visitor,False,False
0,2.64,0,0.5,9,239.67,0.0,0.05,0.0,0.0,May,1,1,9,3,Returning_Visitor,False,False
2,57.25,0,0.5,6,239.67,0.0,0.02,0.0,0.0,Nov,2,4,3,1,Returning_Visitor,False,False
2,0.0,0,0.5,0,239.67,0.04,0.09,5.38,0.76,May,2,2,1,4,Returning_Visitor,True,False
0,0.0,0,0.0,6,179.8,0.0,0.02,5.38,0.0,Nov,3,3,1,2,New_Visitor,True,False
1,24.04,0,0.5,6,32.0,0.0,0.02,0.82,0.0,Mar,1,1,1,3,Returning_Visitor,False,False
0,2.64,0,0.0,6,0.0,0.2,0.2,0.82,0.31,June,3,2,7,13,Returning_Visitor,False,False
1,24.04,0,0.5,8,239.67,0.0,0.02,0.82,0.29,June,1,2,1,8,Returning_Visitor,False,False
4,107.75,0,0.0,14,369.05,0.01,0.03,0.0,0.31,May,2,2,3,1,Returning_Visitor,False,False
1,6.0,0,0.5,20,739.83,0.0,0.02,0.82,0.76,June,2,4,3,2,New_Visitor,True,False
1,24.04,0,0.5,6,239.67,0.0,0.01,0.0,0.31,May,1,1,1,2,New_Visitor,False,False
6,202.0,1,15.0,6,239.67,0.0,0.02,0.82,0.0,Mar,1,5,3,15,Returning_Visitor,False,False
1,24.04,0,0.0,4,239.67,0.0,0.02,0.82,0.0,June,2,10,3,4,Returning_Visitor,False,False
1,24.04,0,0.5,8,239.67,0.0,0.01,5.38,0.31,May,1,1,1,1,Returning_Visitor,False,False
5,154.08,0,0.0,54,2191.33,0.0,0.02,0.0,0.0,Aug,3,5,5,4,Returning_Visitor,True,False
6,202.0,0,0.5,6,148.5,0.04,0.1,0.82,0.4,June,1,1,1,10,Returning_Visitor,False,False
4,100.6,2,116.22,93,3195.76,0.01,0.03,1.96,0.0,Sep,2,2,3,3,Returning_Visitor,False,False
0,0.0,0,0.5,24,849.83,0.0,0.02,5.38,0.0,Nov,1,1,1,3,Returning_Visitor,False,False
4,103.9,2,15.1,199,7959.91,0.03,0.06,0.0,0.01,May,2,2,3,3,Returning_Visitor,False,False
0,2.64,0,0.5,24,887.83,0.01,0.02,5.38,0.29,May,2,4,3,3,Returning_Visitor,False,False
0,0.0,0,0.0,3,239.67,0.2,0.2,0.0,0.76,May,2,4,3,4,New_Visitor,False,False
6,202.0,0,0.5,19,591.25,0.0,0.02,0.0,0.0,Dec,1,1,6,13,Returning_Visitor,False,False
9,202.0,1,50.54,54,2191.33,0.0,0.01,30.67,0.01,May,1,1,6,3,Returning_Visitor,False,True
0,2.64,0,0.0,6,239.67,0.0,0.02,5.38,0.76,May,1,1,3,4,Returning_Visitor,False,False
6,202.0,0,0.5,5,239.67,0.0,0.02,5.38,0.29,May,1,8,1,11,Returning_Visitor,False,False
0,0.0,0,0.0,1,0.0,0.2,0.2,0.82,0.01,June,8,4,3,4,Returning_Visitor,True,False
4,144.08,1,50.54,43,2265.53,0.0,0.02,14.79,0.31,May,2,2,3,2,Returning_Visitor,True,False
2,210.0,0,0.0,6,239.67,0.0,0.02,0.0,0.31,May,2,2,3,2,Returning_Visitor,False,False
1,24.04,0,0.5,19,521.87,0.0,0.01,0.82,0.31,June,2,2,8,2,New_Visitor,True,False
1,24.04,0,0.0,34,1344.75,0.03,0.06,0.0,0.01,May,3,2,1,3,Returning_Visitor,True,False
1,24.04,0,0.5,5,239.67,0.0,0.02,1.38,0.0,Mar,2,2,6,2,New_Visitor,True,False
1,24.04,0,0.0,3,64.75,0.0,0.01,1.38,0.0,Mar,1,1,1,2,Returning_Visitor,True,False
12,497.5,6,623.41,142,5142.86,0.0,0.0,5.38,0.0,Oct,4,1,4,1,Returning_Visitor,False,False
1,24.04,0,0.5,6,239.67,0.0,0.02,0.0,0.29,May,2,4,3,3,Returning_Visitor,False,False
1,24.04,0,0.5,19,510.38,0.0,0.02,0.0,0.76,May,2,5,3,4,New_Visitor,False,False
0,0.0,0,0.0,6,239.67,0.0,0.02,1.38,0.0,Mar,2,2,3,1,Returning_Visitor,False,False
6,272.03,0,0.0,54,2191.33,0.0,0.02,5.38,0.0,Nov,3,2,1,2,Returning_Visitor,False,False
1,24.04,0,0.5,3,294.7,0.0,0.02,5.38,0.0,Nov,1,1,1,2,Returning_Visitor,True,True
1,24.04,0,0.5,6,239.67,0.0,0.02,0.82,0.76,June,4,5,3,1,Returning_Visitor,False,False
5,36.33,3,53.0,14,406.0,0.0,0.02,5.38,0.0,Nov,2,4,1,2,New_Visitor,False,False
1,24.04,0,0.5,6,239.67,0.0,0.02,5.38,0.76,May,2,2,1,4,New_Visitor,False,False
0,2.64,0,0.0,6,154.8,0.0,0.02,0.82,0.31,June,1,1,1,2,Returning_Visitor,True,True
6,234.43,0,0.0,19,590.58,0.0,0.02,0.0,0.0,Nov,1,5,3,9,Returning_Visitor,True,False
0,0.0,0,0.0,1,239.67,0.2,0.2,5.38,0.29,May,1,1,1,3,Returning_Visitor,False,False
4,134.61,0,0.0,186,6880.8,0.0,0.02,0.82,0.0,Mar,1,1,1,2,Returning_Visitor,True,True
0,2.64,0,0.0,6,239.67,0.08,0.12,0.0,0.76,May,2,4,3,4,New_Visitor,False,False
6,265.04,0,0.0,54,2191.33,0.0,0.02,5.38,0.0,Nov,1,2,1,2,New_Visitor,False,False
0,2.64,0,0.0,59,2191.33,0.0,0.02,0.0,0.0,Nov,2,5,3,2,Returning_Visitor,False,False
3,80.6,2,112.8,10,239.67,0.0,0.02,0.82,0.76,June,2,2,1,2,Returning_Visitor,True,False
8,202.0,0,0.0,25,481.17,0.0,0.0,0.0,0.0,Nov,2,2,1,3,Returning_Visitor,False,False
2,60.73,0,0.0,27,836.58,0.0,0.01,1.96,0.0,Sep,2,2,1,4,New_Visitor,False,False
1,24.04,0,0.0,41,1660.0,0.0,0.02,0.0,0.0,Nov,2,10,3,2,Returning_Visitor,True,False
1,24.04,0,0.5,6,239.67,0.0,0.02,1.38,0.0,Mar,2,3,8,2,Returning_Visitor,False,False
1,24.04,0,0.5,6,239.67,0.01,0.04,5.38,0.0,Nov,2,12,4,9,Returning_Visitor,False,False
1,24.04,0,0.5,27,836.58,0.04,0.09,0.82,0.0,Jul,2,2,7,1,Returning_Visitor,False,False
3,129.24,0,0.0,12,442.89,0.0,0.02,0.82,0.0,Mar,2,2,8,2,Returning_Visitor,True,True
0,2.64,0,0.5,23,751.33,0.0,0.02,0.82,0.0,Mar,2,5,1,2,Returning_Visitor,False,True
5,154.08,1,50.54,48,1266.12,0.0,0.02,29.01,0.0,Nov,2,2,3,8,Returning_Visitor,False,False
7,285.2,1,50.54,23,836.58,0.0,0.02,0.82,0.76,June,2,4,1,1,Returning_Visitor,False,False
1,24.04,0,0.0,6,239.67,0.0,0.02,0.0,0.0,Nov,1,1,9,3,Returning_Visitor,False,False
6,202.0,0,0.5,29,1343.95,0.04,0.03,0.0,0.0,Nov,1,1,1,13,Returning_Visitor,True,False
1,24.04,0,0.0,10,413.0,0.0,0.01,1.38,0.0,Mar,1,1,1,2,Returning_Visitor,False,False
10,596.19,3,135.22,47,1682.87,0.0,0.02,1.38,0.0,Mar,1,1,6,10,Returning_Visitor,True,True
0,0.0,0,0.5,6,239.67,0.0,0.02,1.38,0.0,Mar,2,4,3,2,New_Visitor,False,False
0,0.0,0,0.0,0,0.0,0.2,0.2,5.38,0.0,Nov,6,7,3,2,Returning_Visitor,True,False
0,2.64,0,0.5,6,239.67,0.0,0.02,0.0,0.29,May,2,4,2,3,Returning_Visitor,False,False
6,233.5,0,0.0,54,2191.33,0.0,0.02,5.38,0.0,Nov,1,5,3,2,Returning_Visitor,True,False
1,24.04,0,0.0,6,239.67,0.0,0.02,0.0,0.0,Nov,2,10,3,2,Returning_Visitor,False,False
11,473.4,1,50.54,50,1831.94,0.0,0.02,5.38,0.76,May,2,12,3,12,Returning_Visitor,False,False
1,24.04,0,0.5,6,239.67,0.0,0.01,44.48,0.0,May,1,1,1,4,New_Visitor,False,True
0,0.0,2,76.5,22,850.53,0.0,0.02,0.82,0.31,June,2,10,3,1,Returning_Visitor,False,False
1,24.04,0,0.5,6,239.67,0.02,0.07,0.0,0.0,Nov,2,4,8,2,Returning_Visitor,True,False
0,0.0,0,0.5,6,141.67,0.0,0.02,0.82,0.0,Mar,2,10,3,2,New_Visitor,True,False
0,0.0,0,0.0,6,142.5,0.04,0.09,5.38,0.76,May,2,2,3,3,Returning_Visitor,False,False
0,0.0,0,0.0,14,655.17,0.0,0.02,5.38,0.29,May,2,4,7,4,Returning_Visitor,True,False
0,2.64,0,0.5,33,1155.81,0.01,0.03,5.38,0.0,Nov,2,10,1,2,New_Visitor,False,False
6,202.0,0,0.5,24,836.58,0.01,0.02,29.87,0.31,May,2,1,3,13,Returning_Visitor,False,False
0,0.0,1,9.0,6,239.67,0.0,0.0,1.38,0.0,Mar,2,4,1,2,New_Visitor,False,True
0,0.0,0,0.5,20,419.0,0.0,0.02,5.38,0.76,May,2,2,1,4,Returning_Visitor,True,False
1,24.04,0,0.0,6,239.67,0.02,0.05,5.38,0.4,May,3,2,3,1,Returning_Visitor,False,False
0,0.0,0,0.0,6,239.67,0.0,0.02,70.8,0.8,May,1,5,3,11,Returning_Visitor,False,False
1,24.04,0,0.0,6,242.08,0.0,0.02,0.82,0.0,Mar,2,10,3,2,Returning_Visitor,True,False
4,115.12,0,0.5,54,2191.33,0.0,0.02,5.38,0.0,Nov,2,2,6,1,Returning_Visitor,False,False
0,2.64,0,0.5,6,239.67,0.0,0.02,0.0,0.76,May,2,4,1,4,Returning_Visitor,False,False
1,24.04,0,0.5,2,11.0,0.03,0.08,1.96,0.0,Dec,1,1,1,8,Returning_Visitor,False,False
0,0.0,0,0.0,4,49.5,0.05,0.09,0.82,0.31,June,1,1,1,1,Returning_Visitor,False,False
1,24.04,0,0.5,6,239.67,0.0,0.02,0.0,0.0,May,3,2,3,3,Returning_Visitor,False,False
6,182.51,1,50.54,33,1930.33,0.0,0.02,5.38,0.29,May,2,2,4,11,Returning_Visitor,False,False
0,0.0,0,0.5,5,239.67,0.07,0.12,0.0,0.76,May,2,4,3,3,Returning_Visitor,False,False
5,154.08,0,0.0,54,2191.33,0.0,0.02,0.0,0.0,Nov,1,1,1,2,New_Visitor,False,False
6,182.51,2,71.0,54,2191.33,0.01,0.02,1.38,0.0,Mar,2,5,3,2,New_Visitor,False,False
12,426.35,3,20.0,54,2191.33,0.0,0.02,0.82,0.0,Mar,2,2,1,1,Returning_Visitor,False,False
0,0.0,0,0.5,6,239.67,0.0,0.0,5.38,0.0,May,2,2,1,4,New_Visitor,False,True
6,202.0,4,258.72,244,9770.81,0.0,0.02,5.38,0.0,Nov,2,2,1,2,Returning_Visitor,True,False
6,188.0,1,50.54,54,2191.33,0.0,0.01,0.82,0.76,June,1,1,8,2,New_Visitor,False,False
2,57.25,0,0.5,6,239.67,0.0,0.01,5.38,0.0,May,3,2,1,4,New_Visitor,False,True
14,578.5,2,123.55,54,2191.33,0.0,0.01,5.38,0.29,May,2,2,3,4,Returning_Visitor,False,True
1,24.04,0,0.0,6,239.67,0.0,0.02,0.0,0.0,Nov,1,1,4,3,Returning_Visitor,False,False
1,24.04,0,0.0,22,836.58,0.04,0.09,12.56,0.0,Nov,2,2,7,2,Returning_Visitor,True,True
0,2.64,0,0.5,6,239.67,0.0,0.02,0.0,0.76,May,1,1,1,4,Returning_Visitor,True,False
3,129.24,1,50.54,65,2019.77,0.0,0.02,3.28,0.31,Sep,1,1,1,2,Returning_Visitor,True,False
10,1692.13,4,509.42,54,2191.33,0.01,0.03,61.53,0.01,May,2,4,1,17,Returning_Visitor,False,False
1,24.04,0,0.0,6,239.67,0.01,0.03,8.29,0.76,May,2,2,8,4,New_Visitor,False,True
0,2.64,0,0.5,6,11.5,0.0,0.02,0.0,0.0,Dec,1,1,1,2,New_Visitor,True,False
0,2.64,0,0.5,23,700.67,0.0,0.02,0.0,0.76,May,2,2,3,3,Returning_Visitor,False,False
24,290.86,7,529.7,104,4339.53,0.0,0.02,5.38,0.29,May,2,13,3,4,Returning_Visitor,False,False
0,0.0,0,0.5,7,203.25,0.0,0.02,5.38,0.29,May,1,1,3,3,Returning_Visitor,False,False
0,2.64,0,0.5,5,70.0,0.08,0.12,5.38,0.76,May,1,1,1,3,Returning_Visitor,False,False
1,24.04,0,0.5,6,26.0,0.0,0.02,5.38,0.0,Nov,4,1,1,1,Returning_Visitor,False,False
1,24.04,0,0.5,21,836.58,0.0,0.01,70.02,0.31,May,2,2,3,2,Returning_Visitor,False,True
13,426.35,1,50.54,76,2865.82,0.01,0.02,5.38,0.76,May,1,1,1,4,New_Visitor,False,False
1,24.04,0,0.5,6,239.67,0.0,0.01,0.82,0.0,June,1,1,1,4,New_Visitor,False,False
1,24.04,0,0.0,6,168.9,0.0,0.01,1.96,0.0,Dec,3,2,1,1,Returning_Visitor,False,False
1,24.04,3,9.0,23,683.03,0.01,0.02,0.0,0.0,Nov,1,1,1,2,New_Visitor,False,True
1,24.04,0,0.5,6,239.67,0.0,0.01,5.38,0.8,May,2,2,7,4,Returning_Visitor,False,False
1,24.04,0,0.5,28,976.0,0.0,0.02,0.82,0.0,Mar,2,10,3,2,New_Visitor,False,False
1,24.04,0,0.0,2,239.67,0.0,0.1,1.38,0.76,Feb,2,2,2,4,New_Visitor,False,False
1,24.04,0,0.5,6,268.75,0.01,0.04,13.43,0.76,May,1,1,1,3,Returning_Visitor,False,False
0,0.0,0,0.5,6,239.67,0.0,0.02,1.38,0.0,Feb,2,2,1,4,New_Visitor,False,False
0,2.64,0,0.5,6,239.67,0.0,0.02,5.38,0.0,May,2,2,4,4,Returning_Visitor,True,False
0,0.0,0,0.0,1,239.67,0.04,0.09,0.0,0.29,May,1,11,3,20,Returning_Visitor,False,False
0,0.0,0,0.5,4,26.0,0.0,0.02,5.38,0.0,Nov,2,5,3,11,Returning_Visitor,False,False
3,32.0,0,0.5,54,2191.33,0.0,0.02,1.38,0.0,Mar,2,2,1,1,Returning_Visitor,True,False
1,24.04,0,0.5,57,2191.33,0.0,0.02,5.38,0.0,Nov,1,1,1,8,Returning_Visitor,False,True
0,2.64,0,0.0,14,242.08,0.0,0.02,0.0,0.0,Nov,1,1,1,2,Returning_Visitor,False,True
0,2.64,0,0.5,7,284.5,0.0,0.03,128.47,0.0,Oct,1,1,3,19,Returning_Visitor,False,True
1,13.0,0,0.5,6,47.13,0.0,0.02,20.95,0.0,Nov,1,2,2,2,New_Visitor,False,False
0,0.0,0,0.5,6,239.67,0.02,0.04,0.0,0.31,May,3,2,1,1,Returning_Visitor,False,False
2,74.4,0,0.5,42,1351.12,0.0,0.02,5.38,0.0,Oct,2,2,7,2,New_Visitor,True,True
0,0.0,0,0.5,2,54.0,0.0,0.02,70.8,0.76,May,1,1,5,4,Returning_Visitor,True,False
0,2.64,0,0.5,6,239.67,0.06,0.11,0.0,0.76,May,2,5,3,4,New_Visitor,False,False
0,0.0,2,21.0,17,836.58,0.02,0.05,0.82,0.0,Mar,3,2,1,2,Returning_Visitor,True,False
2,108.0,0,0.5,8,316.5,0.03,0.06,5.38,0.0,May,2,10,3,4,New_Visitor,False,False
0,0.0,0,0.5,23,726.0,0.08,0.12,0.0,0.6,May,2,12,1,19,Returning_Visitor,False,False
1,24.04,0,0.0,6,239.67,0.01,0.03,5.38,0.29,May,1,1,1,3,Returning_Visitor,False,False
1,24.04,0,0.0,6,239.67,0.0,0.02,0.0,0.76,May,2,5,3,4,New_Visitor,False,False
2,29.87,0,0.5,19,534.48,0.0,0.0,0.0,0.31,May,1,1,2,2,New_Visitor,False,False
6,202.0,1,2.0,43,2325.61,0.0,0.02,5.38,0.8,May,3,2,1,3,Returning_Visitor,False,False
1,24.04,0,0.5,1,239.67,0.2,0.2,5.38,0.76,May,1,1,6,3,Returning_Visitor,False,False
2,31.0,0,0.0,8,347.0,0.0,0.02,5.38,0.76,May,1,1,1,4,Returning_Visitor,True,False
1,24.04,0,0.5,6,239.67,0.0,0.04,1.96,0.0,Dec,2,2,1,2,New_Visitor,True,False
1,24.04,0,0.0,8,342.0,0.01,0.05,5.38,0.0,Oct,2,5,3,1,Returning_Visitor,False,False
4,766.83,0,0.5,217,9007.88,0.0,0.02,0.82,0.0,Mar,2,5,3,6,Returning_Visitor,False,False
1,24.04,0,0.0,23,817.5,0.0,0.02,5.38,0.0,Nov,3,2,1,1,Returning_Visitor,True,False
4,115.2,0,0.0,7,239.67,0.0,0.0,0.0,0.31,May,2,5,3,2,New_Visitor,True,False
0,0.0,0,0.5,6,239.67,0.0,0.02,5.38,0.76,May,2,4,3,3,Returning_Visitor,False,False
4,85.17,1,50.54,87,3715.78,0.0,0.01,0.0,0.0,Nov,2,4,4,1,Returning_Visitor,False,False
6,202.0,3,135.22,43,1351.12,0.0,0.02,5.38,0.0,Nov,2,2,6,2,Returning_Visitor,False,False
0,0.0,0,0.0,6,239.67,0.0,0.02,0.82,0.01,June,2,4,3,4,New_Visitor,False,False
2,57.25,0,0.0,6,239.67,0.0,0.02,0.0,0.0,Mar,1,1,8,2,New_Visitor,False,False
0,0.0,0,0.0,21,1030.0,0.0,0.02,0.0,0.0,Dec,2,2,7,1,Returning_Visitor,False,False
4,144.08,1,50.54,52,1701.27,0.0,0.02,0.0,0.76,May,2,12,3,12,Returning_Visitor,False,False
1,24.04,0,0.5,6,239.67,0.0,0.0,0.0,0.0,Nov,1,1,6,1,Returning_Visitor,False,False
1,24.04,0,0.5,41,1373.75,0.0,0.02,0.0,0.0,Mar,1,1,1,8,Returning_Visitor,False,False
10,154.79,2,7.0,54,2191.33,0.02,0.06,1.46,1.0,May,1,1,1,2,Returning_Visitor,True,False
1,7.0,0,0.0,19,533.11,0.01,0.05,5.38,0.0,Nov,2,2,1,3,Returning_Visitor,False,False
10,574.45,1,50.54,73,2688.86,0.0,0.02,36.96,0.76,Sep,3,2,1,4,Returning_Visitor,True,True
1,24.04,0,0.0,40,1250.68,0.0,0.01,5.38,0.01,May,3,2,4,3,Returning_Visitor,False,False
1,24.04,0,0.5,6,239.67,0.0,0.02,0.82,0.31,June,2,10,3,1,Returning_Visitor,False,True
1,24.04,0,0.0,35,1155.81,0.0,0.02,3.71,0.29,Aug,2,4,3,4,Returning_Visitor,False,True
1,24.04,0,0.0,6,239.67,0.0,0.02,0.0,0.76,May,1,1,1,4,New_Visitor,False,False
0,2.64,0,0.0,32,1324.67,0.06,0.09,0.82,1.0,June,2,2,1,2,New_Visitor,False,False
1,24.04,0,0.5,3,239.67,0.17,0.18,5.38,0.76,May,2,2,3,3,Returning_Visitor,False,False
0,2.64,0,0.5,6,239.67,0.01,0.04,5.38,0.31,May,2,10,3,6,Returning_Visitor,False,False
0,0.0,0,0.5,6,189.25,0.0,0.02,5.38,0.31,May,2,5,1,1,Returning_Visitor,False,False
2,61.5,0,0.5,6,239.67,0.0,0.01,5.38,0.0,Nov,1,1,8,2,New_Visitor,False,True
0,0.0,0,0.5,6,239.67,0.03,0.06,5.38,0.31,May,1,1,1,2,Returning_Visitor,False,False
1,24.04,0,0.0,6,239.67,0.0,0.02,0.82,0.0,Mar,1,1,1,2,New_Visitor,False,True
0,0.0,0,0.5,10,239.67,0.11,0.15,0.0,0.76,May,2,4,3,3,Returning_Visitor,False,False
1,24.04,0,0.0,6,239.67,0.0,0.02,1.96,0.0,Dec,1,1,1,2,New_Visitor,False,True
1,24.04,0,0.0,15,595.6,0.01,0.03,0.0,0.0,Nov,2,2,1,8,New_Visitor,True,False
0,0.0,0,0.0,14,443.0,0.03,0.05,5.38,0.76,May,2,4,1,4,New_Visitor,False,False
0,0.0,0,0.5,12,362.75,0.0,0.02,5.38,0.0,Nov,2,5,3,8,Returning_Visitor,False,False
1,24.04,0,0.0,28,1049.05,0.0,0.02,65.87,0.0,Nov,3,2,1,20,Returning_Visitor,False,False
1,24.04,0,0.5,6,239.67,0.0,0.02,0.0,0.76,May,2,5,3,4,New_Visitor,False,False
1,24.04,0,0.0,22,1805.08,0.0,0.01,0.82,0.31,June,2,2,1,2,Returning_Visitor,True,True
0,0.0,0,0.5,6,239.67,0.0,0.01,5.38,0.0,Nov,2,4,4,2,Returning_Visitor,True,False
0,0.0,0,0.5,6,239.67,0.0,0.02,0.82,0.0,Mar,2,2,1,1,Returning_Visitor,False,False
4,144.08,0,0.5,54,2191.33,0.02,0.05,0.0,0.76,May,2,2,1,3,Returning_Visitor,False,False
0,2.64,0,0.5,6,239.67,0.01,0.04,0.0,0.0,Dec,2,2,1,2,Returning_Visitor,True,False
5,154.08,1,50.54,54,2191.33,0.0,0.02,8.33,0.76,Sep,2,2,1,4,New_Visitor,False,False
1,24.04,0,0.5,6,239.67,0.0,0.02,104.2,0.76,Sep,2,2,1,12,Returning_Visitor,False,True
3,129.24,0,0.0,14,398.98,0.0,0.02,5.38,0.0,Nov,2,2,1,2,New_Visitor,True,True
0,0.0,0,0.5,1,0.0,0.2,0.2,0.0,0.6,May,2,5,3,1,Returning_Visitor,False,False
1,24.04,0,0.0,6,239.67,0.0,0.02,0.82,0.01,June,2,5,3,4,New_Visitor,False,False
2,57.25,2,6.0,6,239.67,0.03,0.08,0.0,0.0,Nov,2,2,4,1,Returning_Visitor,False,False
0,2.64,0,0.5,28,1155.81,0.01,0.01,1.4,0.01,June,2,4,3,4,Returning_Visitor,True,True
0,2.64,0,0.0,6,239.67,0.0,0.02,29.87,0.31,May,2,2,3,10,Other,True,False
2,35.5,0,0.5,6,239.67,0.0,0.02,5.38,0.76,May,3,2,1,4,Returning_Visitor,True,False
1,9.0,1,50.54,6,239.67,0.0,0.02,0.0,0.0,Nov,2,5,3,2,Returning_Visitor,False,False
1,24.04,1,50.54,6,239.67,0.0,0.02,0.82,0.29,June,2,5,1,8,Returning_Visitor,False,True
4,190.0,0,0.0,54,2191.33,0.02,0.04,0.0,0.01,May,1,1,1,4,Returning_Visitor,True,False
2,57.25,0,0.5,6,239.67,0.0,0.02,5.38,0.0,Nov,2,4,3,2,New_Visitor,False,False
1,24.04,0,0.0,41,1053.84,0.0,0.01,5.38,0.0,Nov,1,1,8,2,New_Visitor,False,False
1,24.04,0,0.0,6,239.67,0.0,0.02,5.38,0.0,Nov,2,2,4,2,Returning_Visitor,True,False
4,82.0,0,0.5,54,2191.33,0.0,0.02,5.38,0.29,May,2,2,7,8,Returning_Visitor,False,False
3,129.24,0,0.5,87,3004.63,0.0,0.02,5.38,0.01,May,2,4,9,4,New_Visitor,False,False
0,0.0,0,0.0,4,145.2,0.0,0.02,5.38,0.0,Nov,2,4,7,2,Returning_Visitor,True,False
1,5.0,2,33.3,16,521.5,0.0,0.02,0.82,0.0,Jul,3,2,1,1,Returning_Visitor,True,False
1,24.04,0,0.5,9,58.0,0.16,0.18,0.82,0.29,June,1,1,1,3,Returning_Visitor,False,False
0,0.0,0,0.0,6,50.0,0.0,0.02,0.82,0.29,June,2,2,3,11,Returning_Visitor,False,False
1,24.04,0,0.5,6,75.2,0.01,0.05,0.0,0.76,May,1,1,1,3,Returning_Visitor,False,False
0,0.0,0,0.5,6,56.0,0.01,0.03,70.8,0.8,May,1,1,1,12,Returning_Visitor,False,False
1,24.04,0,0.5,23,787.54,0.0,0.02,65.87,0.29,May,3,2,1,20,Returning_Visitor,False,False
4,144.08,1,50.54,32,1155.81,0.0,0.01,0.0,0.0,Nov,2,2,1,3,Returning_Visitor,False,False
1,24.04,0,0.0,44,1351.12,0.0,0.02,0.82,0.6,June,1,1,1,1,Returning_Visitor,False,True
1,24.04,0,0.0,21,836.58,0.0,0.03,0.82,0.01,June,2,5,3,3,Returning_Visitor,False,False
0,0.0,0,0.0,8,267.0,0.0,0.02,1.38,0.0,Mar,2,2,3,1,Returning_Visitor,False,False
1,24.04,0,0.0,6,239.67,0.01,0.03,0.82,0.01,June,2,2,1,4,Returning_Visitor,True,False
1,24.04,0,0.5,1,0.0,0.11,0.15,65.87,0.76,May,3,2,3,20,New_Visitor,False,False
3,129.24,1,50.54,19,494.5,0.0,0.02,5.38,0.0,Nov,1,1,3,9,Returning_Visitor,True,False
9,946.1,0,0.0,4,157.2,0.04,0.09,0.0,0.0,Oct,1,8,3,19,Returning_Visitor,False,False
1,24.04,0,0.5,6,239.67,0.01,0.04,0.82,0.0,Mar,2,5,3,2,New_Visitor,False,False
2,569.0,1,50.54,28,941.7,0.0,0.02,9.33,0.76,May,2,5,3,4,New_Visitor,False,True
2,57.25,0,0.0,6,239.67,0.0,0.02,5.38,0.0,Nov,3,2,1,1,Returning_Visitor,False,True
1,24.04,0,0.5,6,239.67,0.0,0.02,72.79,0.4,May,1,1,3,3,Returning_Visitor,False,True
0,2.64,0,0.0,17,836.58,0.0,0.01,0.0,0.76,May,2,2,3,3,Returning_Visitor,False,False
0,0.0,0,0.5,73,2715.0,0.0,0.02,5.38,0.0,Nov,3,4,4,2,New_Visitor,True,True
0,0.0,0,0.0,6,239.67,0.0,0.02,5.38,0.76,May,2,2,1,4,New_Visitor,False,False
0,2.64,0,0.5,6,239.67,0.01,0.04,0.0,0.0,Mar,2,2,1,2,Returning_Visitor,True,False
9,515.61,3,85.14,41,1558.62,0.0,0.02,12.13,0.29,Aug,2,2,4,4,Returning_Visitor,True,True
0,0.0,0,0.5,6,239.67,0.0,0.02,5.38,0.76,May,2,4,2,4,New_Visitor,True,False
0,0.0,0,0.0,6,239.67,0.03,0.07,0.82,0.4,June,2,2,1,13,Returning_Visitor,False,False
0,0.0,0,0.5,8,289.56,0.0,0.02,0.0,0.0,Dec,1,8,3,19,Returning_Visitor,False,False
0,2.64,0,0.5,6,239.67,0.03,0.07,0.82,0.01,June,2,4,3,4,Returning_Visitor,True,False
6,202.0,0,0.5,2,239.67,0.05,0.09,5.38,0.6,May,1,1,1,3,Returning_Visitor,False,False
1,24.04,0,0.5,6,239.67,0.01,0.03,0.0,0.0,Nov,2,4,1,2,New_Visitor,False,False
1,24.04,0,0.5,41,1570.68,0.01,0.02,4.75,0.0,Sep,8,13,9,17,Other,False,False
0,0.0,0,0.0,11,555.62,0.02,0.05,0.0,0.0,Nov,3,2,3,1,Returning_Visitor,False,False
6,202.0,3,248.75,39,1250.68,0.01,0.04,1.96,0.0,Dec,1,1,1,2,Returning_Visitor,False,False
7,722.21,3,272.2,238,10143.82,0.0,0.02,0.82,0.0,Mar,2,2,1,2,Returning_Visitor,True,False
2,57.25,0,0.0,6,239.67,0.0,0.02,0.0,0.0,Nov,1,1,1,2,New_Visitor,True,False
0,0.0,0,0.5,6,60.0,0.0,0.02,70.8,1.0,May,1,1,1,12,Returning_Visitor,True,False
6,143.51,1,50.54,54,2191.33,0.0,0.02,32.89,0.0,Dec,1,1,1,2,Returning_Visitor,False,False
0,2.64,1,50.54,8,388.0,0.02,0.03,5.38,0.31,May,1,1,1,2,New_Visitor,True,False
5,282.0,0,0.0,54,2191.33,0.0,0.02,1.38,0.0,Mar,1,1,1,2,Returning_Visitor,False,False
3,129.24,0,0.5,55,2191.33,0.0,0.02,18.62,0.31,May,2,2,6,2,Returning_Visitor,True,True
1,58.4,0,0.5,19,503.27,0.01,0.04,24.72,0.0,Oct,2,2,1,2,Returning_Visitor,False,True
1,24.04,0,0.5,55,2191.33,0.0,0.02,0.82,0.0,Mar,1,1,1,2,Returning_Visitor,True,True
4,134.61,0,0.5,91,4864.15,0.0,0.02,5.38,0.01,May,1,1,1,4,New_Visitor,False,False
0,2.64,0,0.5,41,1638.89,0.01,0.04,0.0,0.01,May,2,5,3,3,Returning_Visitor,False,False
2,7.0,0,0.5,6,239.67,0.0,0.02,0.82,0.01,June,2,4,3,4,New_Visitor,False,False
6,202.0,3,137.5,118,3894.95,0.0,0.02,5.38,0.31,May,2,2,1,1,Returning_Visitor,False,True
1,24.04,0,0.0,6,239.67,0.0,0.02,5.38,0.0,Nov,1,1,1,1,Returning_Visitor,False,False
0,0.0,0,0.5,1,239.67,0.2,0.2,1.38,0.0,Mar,2,2,1,1,Returning_Visitor,False,False
0,0.0,0,0.0,6,0.0,0.2,0.2,5.38,0.76,May,2,2,3,3,Returning_Visitor,False,False
0,0.0,0,0.5,4,331.0,0.0,0.02,0.0,0.0,May,3,2,1,4,Returning_Visitor,True,False
1,24.04,0,0.0,29,1127.57,0.01,0.02,5.38,0.0,Nov,2,2,3,3,Returning_Visitor,False,False
4,134.61,0,0.5,137,4773.34,0.0,0.01,5.38,0.76,May,2,2,3,3,Returning_Visitor,False,False
0,2.64,0,0.0,24,836.58,0.0,0.02,0.82,0.31,June,4,1,1,2,Returning_Visitor,True,False
9,494.17,1,50.54,6,204.0,0.0,0.02,0.0,0.0,Mar,1,1,8,2,New_Visitor,False,False
1,24.04,0,0.5,6,239.67,0.03,0.04,0.82,0.01,June,2,4,3,4,New_Visitor,False,False
0,0.0,0,0.5,6,239.67,0.0,0.02,0.0,0.31,May,1,1,3,1,Returning_Visitor,False,False
0,2.64,0,0.5,6,239.67,0.0,0.05,1.38,0.0,Mar,1,1,1,1,Returning_Visitor,False,False
1,24.04,0,0.5,6,239.67,0.0,0.02,0.82,0.0,Mar,2,2,1,2,New_Visitor,True,True
1,24.04,0,0.0,29,1148.0,0.0,0.02,1.38,0.0,Mar,3,2,1,1,Returning_Visitor,True,False
0,0.0,0,0.0,6,239.67,0.03,0.06,5.38,0.0,Nov,2,2,6,1,Returning_Visitor,False,False
1,18.0,0,0.0,30,1155.81,0.0,0.02,0.0,0.76,May,1,1,3,4,New_Visitor,True,False
0,2.64,0,0.5,6,239.67,0.0,0.02,0.0,0.0,May,2,10,3,4,New_Visitor,False,False
6,266.88,0,0.0,32,1155.81,0.01,0.04,1.96,0.0,Dec,2,2,7,9,Returning_Visitor,False,False
0,0.0,0,0.5,10,428.67,0.0,0.02,5.38,0.76,May,3,4,5,4,New_Visitor,True,True
0,0.0,0,0.5,4,239.67,0.0,0.05,5.38,0.8,May,2,5,3,4,Returning_Visitor,True,False
1,24.04,0,0.0,6,0.0,0.08,0.12,0.0,0.76,May,2,2,1,4,Returning_Visitor,False,False
0,2.64,0,0.5,48,783.69,0.01,0.04,0.82,0.01,June,2,4,3,4,Returning_Visitor,True,False
2,20.0,3,402.0,87,3881.79,0.0,0.02,5.38,0.0,Nov,1,1,1,2,New_Visitor,False,False
0,0.0,0,0.5,6,239.67,0.2,0.2,0.82,0.0,Mar,3,2,1,1,Returning_Visitor,True,False
0,2.64,0,0.5,18,836.58,0.0,0.02,0.82,0.0,Mar,2,2,1,4,Returning_Visitor,True,True
2,65.5,1,38.5,6,239.67,0.01,0.02,5.38,0.0,Nov,3,2,3,1,Returning_Visitor,False,False
1,24.04,0,0.5,28,1055.33,0.01,0.04,0.0,0.0,Nov,2,2,4,13,Returning_Visitor,False,False
4,515.6,0,0.5,41,1449.68,0.0,0.02,0.82,0.0,Mar,2,5,3,2,Returning_Visitor,False,False
0,0.0,0,0.5,32,1212.0,0.0,0.02,5.38,0.0,Nov,2,4,6,1,Returning_Visitor,False,True
6,156.5,0,0.0,54,2191.33,0.0,0.02,0.0,0.0,Nov,1,1,1,2,Returning_Visitor,False,False
0,0.0,0,0.5,6,267.25,0.0,0.02,5.38,0.76,May,3,2,1,4,New_Visitor,True,False
1,24.04,1,61.0,66,2701.96,0.0,0.01,0.0,0.0,May,2,10,3,3,Returning_Visitor,True,False
2,57.25,1,50.54,6,239.67,0.0,0.02,5.38,0.31,May,3,2,8,1,Returning_Visitor,False,False
1,24.04,0,0.5,6,239.67,0.0,0.0,109.18,0.0,Mar,2,2,9,2,New_Visitor,False,True
1,24.04,2,59.4,53,1844.65,0.02,0.05,0.82,0.0,June,2,2,1,3,Returning_Visitor,False,False
2,57.25,2,10.0,23,713.33,0.0,0.01,5.38,0.0,May,1,1,1,5,New_Visitor,False,False
1,24.04,1,0.0,6,239.67,0.0,0.02,0.0,0.0,May,3,2,3,3,Returning_Visitor,False,True
1,24.04,0,0.0,6,242.58,0.0,0.02,0.82,0.01,June,1,1,1,4,New_Visitor,False,False
0,0.0,0,0.5,6,168.0,0.04,0.08,5.38,0.31,May,3,2,1,2,Returning_Visitor,False,False
4,134.61,0,0.0,374,11839.86,0.0,0.02,6.42,0.0,Nov,2,4,2,2,Returning_Visitor,True,False
1,24.04,0,0.5,6,239.67,0.12,0.17,0.0,0.76,May,3,2,1,3,Returning_Visitor,False,False
4,73.5,0,0.5,54,2208.79,0.0,0.0,3.2,0.0,May,1,1,1,2,Returning_Visitor,True,False
1,8.0,0,0.5,14,603.67,0.0,0.01,0.82,0.76,June,2,5,1,2,New_Visitor,False,True
9,202.0,0,0.5,25,836.58,0.0,0.02,0.82,0.76,June,2,4,3,2,New_Visitor,False,False
2,57.5,0,0.5,19,534.26,0.0,0.02,0.82,0.29,June,1,1,1,8,Returning_Visitor,False,True
4,108.83,1,50.54,21,836.58,0.01,0.02,5.38,0.0,Nov,2,5,3,1,Returning_Visitor,True,True
1,24.04,0,0.5,6,96.33,0.0,0.02,5.38,0.76,May,1,1,1,4,New_Visitor,True,False
2,37.0,0,0.0,34,1231.5,0.0,0.02,0.0,0.0,Nov,2,5,3,2,New_Visitor,False,True
7,202.0,5,1073.0,33,1155.81,0.0,0.02,25.1,0.31,May,3,2,1,2,Returning_Visitor,True,False
0,0.0,0,0.5,17,684.92,0.01,0.05,1.38,0.0,Mar,2,2,1,2,Returning_Visitor,True,False
2,37.0,0,0.5,6,239.67,0.0,0.01,5.38,0.0,Nov,2,4,3,2,New_Visitor,True,False
0,2.64,0,0.0,19,475.67,0.0,0.01,0.82,0.76,June,2,4,3,2,New_Visitor,False,False
2,57.25,0,0.0,29,1183.65,0.0,0.02,1.96,0.0,Dec,2,12,3,2,Returning_Visitor,False,True
0,0.0,0,0.0,8,239.67,0.0,0.02,0.82,0.8,June,1,1,1,1,Returning_Visitor,False,True
1,24.04,1,0.0,6,239.67,0.04,0.05,54.18,0.4,May,3,2,1,20,New_Visitor,False,False
0,0.0,0,0.0,8,134.0,0.0,0.02,0.82,0.0,Mar,2,10,3,2,New_Visitor,False,False
6,202.0,1,0.0,51,2122.66,0.0,0.02,9.29,0.0,Mar,2,2,1,2,Returning_Visitor,False,True
0,0.0,0,0.0,38,1633.83,0.0,0.01,0.0,0.31,May,1,1,1,1,Returning_Visitor,False,False
4,134.61,0,0.5,115,4656.33,0.0,0.02,5.38,0.0,Nov,2,2,1,2,New_Visitor,False,False
0,2.64,0,0.5,6,239.67,0.05,0.06,0.0,0.0,Nov,2,2,3,1,Returning_Visitor,False,False
4,134.61,0,0.0,219,9007.88,0.0,0.02,5.38,0.0,Nov,2,2,1,1,Returning_Visitor,False,True
0,0.0,0,0.5,6,239.67,0.0,0.02,1.96,0.0,Dec,2,2,3,6,Returning_Visitor,False,True
0,2.64,0,0.5,6,239.67,0.01,0.04,0.82,0.0,Mar,2,10,3,2,Returning_Visitor,True,False
1,24.04,0,0.0,7,239.67,0.0,0.02,5.38,0.76,May,2,2,8,4,Returning_Visitor,False,False
0,0.0,2,40.0,142,5617.09,0.0,0.02,5.38,0.0,Nov,2,2,4,1,Returning_Visitor,False,False
0,0.0,0,0.0,13,153.58,0.0,0.02,5.38,0.31,May,2,5,3,13,Returning_Visitor,False,False
1,24.04,0,0.5,41,1656.41,0.0,0.0,0.0,0.0,May,2,4,9,4,New_Visitor,False,False
4,137.92,0,0.0,92,3163.14,0.0,0.02,0.82,0.0,Mar,2,2,1,1,Returning_Visitor,False,True
0,0.0,0,0.5,14,491.38,0.0,0.01,0.0,0.0,Nov,1,1,1,2,Returning_Visitor,False,False
1,24.04,0,0.5,6,239.67,0.0,0.01,0.82,0.29,June,1,1,4,3,New_Visitor,False,False
10,390.5,0,0.0,54,2191.33,0.0,0.02,0.82,0.31,June,1,1,8,2,Returning_Visitor,True,True
1,30.2,0,0.5,6,239.67,0.0,0.02,0.0,0.0,Oct,1,1,1,2,Returning_Visitor,True,False
2,55.4,2,96.8,26,600.57,0.0,0.02,0.82,0.76,June,1,1,8,2,New_Visitor,False,False
0,2.64,0,0.0,41,1650.42,0.0,0.02,0.82,0.29,June,2,10,3,3,Returning_Visitor,False,False
4,144.08,0,0.5,54,2191.33,0.01,0.04,5.38,0.0,Nov,2,5,3,2,New_Visitor,False,True
1,24.04,0,0.0,23,640.67,0.0,0.02,0.82,0.0,Mar,2,10,3,2,Returning_Visitor,True,False
1,24.04,0,0.0,6,239.67,0.0,0.02,0.0,0.0,Nov,2,2,4,4,Returning_Visitor,True,False
1,24.04,1,50.54,55,2191.33,0.01,0.03,5.38,0.0,Nov,2,4,3,2,New_Visitor,False,False
1,24.04,0,0.5,6,239.67,0.01,0.04,0.82,0.0,Mar,2,10,3,2,Returning_Visitor,True,True
1,24.04,0,0.5,18,836.58,0.0,0.02,5.38,0.31,May,2,2,3,13,Returning_Visitor,False,False
0,2.64,0,0.0,10,385.0,0.0,0.02,0.0,0.0,Dec,2,2,3,2,New_Visitor,True,False
4,134.61,0,0.5,87,3111.68,0.0,0.01,0.0,0.01,May,2,2,1,4,Returning_Visitor,True,False
1,24.04,0,0.5,6,239.67,0.01,0.04,5.38,0.0,Nov,1,1,4,1,Returning_Visitor,False,False
6,202.0,2,123.55,54,2191.33,0.0,0.02,1.38,0.0,Mar,2,5,3,2,Returning_Visitor,False,False
1,24.04,0,0.0,25,243.17,0.02,0.06,5.38,0.76,May,2,4,3,3,Returning_Visitor,False,False
2,46.5,0,0.5,17,836.58,0.0,0.02,1.96,0.0,Dec,3,2,2,13,Returning_Visitor,False,False
0,0.0,0,0.5,8,309.8,0.0,0.02,0.0,0.2,May,2,4,6,4,Returning_Visitor,True,False
0,0.0,0,0.5,6,239.67,0.0,0.02,0.0,0.0,Nov,2,5,3,2,Returning_Visitor,False,False
0,0.0,0,0.5,6,239.67,0.0,0.02,5.38,0.0,Nov,1,1,4,2,Returning_Visitor,False,True
2,44.33,0,0.5,6,239.67,0.0,0.02,5.38,0.31,May,1,1,1,2,Returning_Visitor,False,True
1,24.04,0,0.0,6,0.0,0.2,0.2,0.82,0.31,June,1,5,1,2,Returning_Visitor,False,False
0,0.0,0,0.5,6,239.67,0.0,0.02,0.82,0.01,June,3,2,1,4,New_Visitor,False,False
6,202.0,3,62.0,11,239.67,0.0,0.01,0.82,0.76,June,2,2,3,9,Returning_Visitor,False,False
1,24.04,0,0.5,50,1786.11,0.0,0.02,5.38,0.0,Nov,2,10,3,2,Returning_Visitor,False,False
0,2.64,0,0.5,6,239.67,0.0,0.02,0.82,0.01,June,1,1,1,4,Returning_Visitor,True,False
4,223.12,5,604.03,54,2191.33,0.09,0.09,4.75,0.0,Sep,1,8,3,17,Returning_Visitor,True,False
1,24.04,0,0.0,23,722.13,0.02,0.04,0.0,0.76,May,1,1,8,4,Returning_Visitor,False,False
1,24.04,0,0.0,6,239.67,0.02,0.05,11.19,0.0,May,1,1,1,4,New_Visitor,False,False
6,248.92,0,0.5,54,2191.33,0.0,0.03,7.96,0.0,Nov,1,1,1,2,Returning_Visitor,True,True
0,0.0,0,0.0,6,239.67,0.2,0.2,0.0,0.0,Mar,2,2,3,9,Returning_Visitor,True,False
9,202.0,0,0.0,54,2178.85,0.0,0.02,5.38,0.0,Nov,1,5,3,9,Returning_Visitor,True,True
2,57.25,0,0.5,54,2222.42,0.0,0.02,0.82,0.01,June,1,1,1,4,New_Visitor,False,False
1,5.5,3,169.2,6,239.67,0.0,0.02,50.18,0.31,May,3,2,1,2,Returning_Visitor,True,False
9,202.0,0,0.0,27,1084.5,0.0,0.01,22.96,0.0,Nov,2,5,7,8,New_Visitor,True,False
0,2.64,0,0.5,1,0.0,0.2,0.2,0.82,0.0,Mar,1,1,1,1,Returning_Visitor,False,False
1,24.04,0,0.5,6,239.67,0.0,0.02,5.38,0.29,May,1,1,3,3,Returning_Visitor,True,False
2,57.25,0,0.5,103,3195.76,0.0,0.02,0.0,0.01,May,2,2,3,3,Returning_Visitor,False,False
0,2.64,3,129.12,29,1117.64,0.0,0.02,0.82,0.31,June,1,1,1,2,Returning_Visitor,False,False
1,11.0,0,0.5,59,779.26,0.0,0.01,0.0,0.0,Nov,1,1,4,4,Returning_Visitor,True,False
3,129.24,1,50.54,50,1781.19,0.0,0.02,0.82,0.76,June,1,1,8,2,New_Visitor,False,False
0,0.0,0,0.5,6,239.67,0.0,0.02,0.82,0.31,June,1,1,1,2,Returning_Visitor,True,False
1,24.04,0,0.5,6,239.67,0.0,0.02,59.61,0.31,May,2,2,2,2,Returning_Visitor,False,True
4,134.61,0,0.0,87,3296.94,0.0,0.01,5.38,0.0,Nov,1,1,1,3,Returning_Visitor,False,False
4,70.25,3,139.5,87,3022.37,0.0,0.02,5.38,0.0,Nov,1,1,2,2,New_Visitor,False,True
1,24.04,0,0.5,1,239.67,0.2,0.2,1.96,0.0,Sep,8,4,1,3,Returning_Visitor,False,False
0,0.0,0,0.5,8,278.75,0.03,0.06,0.0,0.76,May,3,2,1,4,New_Visitor,False,False
0,0.0,0,0.0,6,239.67,0.2,0.2,0.0,0.0,May,2,5,3,6,Returning_Visitor,False,False
0,2.64,0,0.5,19,194.75,0.01,0.02,0.0,0.0,Dec,3,2,4,1,Returning_Visitor,False,False
1,24.04,0,0.5,6,239.67,0.0,0.02,21.96,0.76,May,1,1,1,3,Returning_Visitor,False,True
1,24.04,0,0.5,24,867.33,0.0,0.02,59.99,0.0,May,1,1,1,20,New_Visitor,False,True
3,46.5,2,418.5,54,2191.33,0.0,0.01,5.38,0.0,Nov,1,1,1,2,Returning_Visitor,True,False
1,24.04,0,0.0,6,239.67,0.0,0.02,0.0,0.29,May,1,1,1,4,New_Visitor,False,False
1,24.04,0,0.5,27,263.27,0.01,0.04,5.38,0.76,May,2,4,1,3,Returning_Visitor,False,False
1,24.04,0,0.5,15,291.17,0.0,0.02,0.0,0.0,Dec,4,1,1,2,New_Visitor,False,False
1,24.04,0,0.0,6,239.67,0.0,0.02,5.38,0.0,Nov,1,1,1,2,New_Visitor,False,False
5,115.11,1,50.54,89,3195.76,0.0,0.02,5.38,0.8,May,2,2,7,3,Returning_Visitor,False,False
0,0.0,0,0.5,7,67.0,0.0,0.02,0.0,0.29,May,2,2,1,8,Returning_Visitor,False,False
1,24.04,0,0.0,9,239.67,0.0,0.01,5.38,0.0,Nov,2,4,5,1,Returning_Visitor,False,True
6,202.0,5,719.0,54,2191.33,0.01,0.02,25.83,0.0,Nov,1,1,1,2,New_Visitor,False,False
0,0.0,0,0.5,53,952.16,0.0,0.02,0.0,0.0,Nov,2,10,3,2,Returning_Visitor,True,False
1,24.04,0,0.0,17,836.58,0.01,0.04,0.82,0.01,June,2,2,3,4,Returning_Visitor,True,False
2,89.75,2,89.0,54,2104.31,0.0,0.02,8.98,0.01,May,4,1,4,3,Returning_Visitor,False,False
0,0.0,0,0.5,5,239.67,0.02,0.05,0.0,0.0,Mar,2,4,1,2,Returning_Visitor,False,False
1,24.04,0,0.0,41,1659.32,0.0,0.02,62.35,0.0,Mar,4,8,1,16,New_Visitor,False,True
2,119.8,2,22.2,6,239.67,0.0,0.01,0.0,0.0,Nov,1,1,1,5,Returning_Visitor,True,False
6,182.51,3,272.2,54,2191.33,0.0,0.02,1.38,0.0,Mar,2,2,8,2,Returning_Visitor,False,False
1,24.04,0,0.0,29,1183.5,0.01,0.03,0.0,0.0,Nov,2,10,3,2,New_Visitor,False,False
1,24.04,0,0.5,13,226.0,0.0,0.02,1.38,0.0,Mar,2,2,3,2,Returning_Visitor,True,False
12,532.21,0,0.0,54,2191.33,0.01,0.02,1.38,0.0,Mar,1,1,8,1,Returning_Visitor,False,False
0,0.0,0,0.5,6,239.67,0.0,0.02,0.0,0.76,May,2,4,2,4,Returning_Visitor,False,False
9,202.0,1,50.54,54,1933.9,0.0,0.02,0.0,0.76,May,2,2,1,4,Returning_Visitor,True,False
1,24.04,0,0.5,6,239.67,0.0,0.02,0.0,0.0,Aug,1,1,1,3,Returning_Visitor,False,False
0,0.0,0,0.5,9,388.0,0.0,0.02,5.38,0.0,Nov,3,2,2,1,Returning_Visitor,False,False
3,52.33,0,0.0,2,239.67,0.0,0.02,5.38,0.0,May,2,2,7,3,Returning_Visitor,False,False
0,0.0,0,0.5,11,239.67,0.0,0.02,5.38,0.76,May,2,2,1,4,Returning_Visitor,False,False
0,0.0,0,0.5,36,1155.81,0.0,0.01,53.1,0.0,Nov,1,5,3,2,Returning_Visitor,True,True
8,202.0,1,50.54,34,1254.11,0.01,0.02,5.38,0.31,May,2,2,3,1,Returning_Visitor,False,False
0,0.0,0,0.5,3,239.67,0.0,0.02,0.82,0.0,Mar,2,10,3,2,New_Visitor,False,False
0,2.64,0,0.5,6,239.67,0.0,0.02,0.82,0.31,June,2,2,3,1,Returning_Visitor,False,False
1,24.04,0,0.5,3,239.67,0.0,0.02,0.82,0.76,June,2,4,3,2,New_Visitor,True,False
1,24.04,0,0.0,6,239.67,0.0,0.02,0.82,0.01,June,1,1,1,4,Returning_Visitor,True,True
3,212.6,0,0.0,87,3898.82,0.0,0.02,0.0,0.0,Sep,2,2,1,1,Returning_Visitor,False,False
0,0.0,0,0.0,10,262.5,0.0,0.02,5.38,0.31,May,1,1,1,2,Returning_Visitor,False,False
1,24.04,2,28.5,34,1155.81,0.0,0.02,5.38,0.31,May,2,2,3,2,Returning_Visitor,False,False
6,202.0,0,0.5,116,3195.76,0.01,0.04,5.38,0.4,May,1,1,8,4,New_Visitor,False,False
4,72.5,0,0.5,6,239.67,0.0,0.02,5.38,0.0,Nov,3,2,1,1,Returning_Visitor,True,True
7,202.0,0,0.5,24,431.5,0.01,0.02,1.96,0.0,Dec,1,1,1,3,Returning_Visitor,False,False
0,2.64,0,0.0,6,239.67,0.08,0.13,0.82,0.0,Mar,1,1,1,3,Returning_Visitor,True,False
0,2.64,0,0.0,38,643.9,0.03,0.06,0.82,0.0,Mar,2,10,3,1,Returning_Visitor,False,False
2,57.25,0,0.5,6,84.1,0.0,0.01,0.82,0.76,June,1,1,1,2,New_Visitor,False,False
0,2.64,0,0.5,93,4324.74,0.0,0.02,0.82,1.0,June,2,2,3,5,Returning_Visitor,True,False
4,78.3,0,0.5,6,239.67,0.0,0.02,5.38,0.6,May,2,2,3,2,Returning_Visitor,False,True
6,202.0,0,0.5,6,0.0,0.2,0.2,5.38,0.0,Nov,1,1,4,10,Returning_Visitor,True,False
2,57.25,2,18.0,41,1518.1,0.0,0.03,0.82,0.76,June,2,5,3,2,New_Visitor,False,True
1,24.04,0,0.5,6,239.67,0.01,0.05,1.96,0.0,Sep,2,2,2,1,Returning_Visitor,False,True
0,2.64,0,0.5,6,151.0,0.0,0.02,5.38,0.0,Nov,1,1,4,1,Returning_Visitor,False,False
1,24.04,0,0.0,1,0.0,0.08,0.12,5.38,0.0,Nov,3,2,4,1,Returning_Visitor,False,False
1,24.04,0,0.0,15,595.6,0.01,0.04,0.0,0.0,May,4,1,1,4,Returning_Visitor,False,False
0,2.64,0,0.5,6,239.67,0.0,0.02,0.0,0.0,Nov,2,5,3,2,New_Visitor,False,False
0,0.0,0,0.0,19,561.5,0.0,0.02,1.96,0.0,Dec,2,2,1,2,Returning_Visitor,True,False
1,24.04,0,0.5,17,275.7,0.04,0.06,0.0,0.31,May,2,2,8,2,Returning_Visitor,True,False
4,144.08,0,0.0,54,2191.33,0.0,0.02,0.82,0.0,Mar,2,2,1,2,New_Visitor,False,False
9,613.67,0,0.5,28,957.0,0.04,0.1,5.38,0.31,May,3,5,3,10,Returning_Visitor,False,False
3,129.24,1,50.54,54,2191.33,0.0,0.02,0.0,0.01,May,2,4,3,4,New_Visitor,False,False
0,0.0,0,0.0,52,1926.13,0.01,0.03,0.82,0.0,Mar,3,2,1,1,Returning_Visitor,True,False
0,2.64,0,0.0,12,442.89,0.01,0.03,5.38,0.0,Nov,2,2,4,1,Returning_Visitor,False,False
3,51.0,1,50.54,14,595.6,0.0,0.02,0.0,0.76,May,1,1,1,4,Returning_Visitor,True,False
6,202.0,0,0.0,6,239.67,0.0,0.02,0.0,0.8,May,2,13,1,12,Returning_Visitor,False,False
1,24.04,0,0.5,6,136.5,0.0,0.02,0.0,0.0,Nov,1,1,8,2,Returning_Visitor,True,False
0,2.64,0,0.5,6,239.67,0.0,0.02,0.0,0.76,May,2,4,1,4,New_Visitor,False,False
1,17.0,0,0.0,6,239.67,0.0,0.02,5.38,0.76,May,2,4,3,4,Returning_Visitor,False,False
0,0.0,0,0.5,6,239.67,0.0,0.02,0.82,0.0,Jul,2,10,3,2,Returning_Visitor,True,True
0,0.0,0,0.0,6,239.67,0.04,0.1,5.38,0.0,Nov,2,4,1,8,Returning_Visitor,False,False
1,24.04,0,0.0,25,830.94,0.0,0.02,5.38,0.0,Nov,2,2,1,2,Returning_Visitor,True,False
0,2.64,0,0.5,15,595.6,0.03,0.05,5.38,0.76,May,1,8,1,11,Returning_Visitor,False,False
1,32.3,2,26.5,29,1068.36,0.0,0.02,5.38,0.0,Nov,2,10,2,2,New_Visitor,False,False
1,24.04,0,0.5,9,239.67,0.01,0.03,5.38,0.0,Nov,2,2,6,1,Returning_Visitor,False,False
9,1122.26,0,0.5,3,25.2,0.0,0.0,61.53,0.0,Oct,2,4,1,20,New_Visitor,False,False
4,101.7,0,0.5,54,2191.33,0.0,0.02,5.38,0.01,Aug,2,2,1,4,Returning_Visitor,True,False
0,0.0,0,0.5,6,239.67,0.07,0.12,5.38,0.0,May,1,1,4,3,Returning_Visitor,False,False
1,24.04,0,0.0,6,209.0,0.0,0.02,0.0,0.0,May,2,10,3,4,New_Visitor,False,False
1,24.04,0,0.5,29,1207.0,0.01,0.05,0.0,0.0,Nov,2,3,3,1,Returning_Visitor,False,False
6,184.37,2,116.22,3,239.67,0.0,0.02,5.38,0.76,May,3,2,1,3,Returning_Visitor,False,False
6,228.03,1,32.0,54,2191.33,0.01,0.02,0.0,0.01,May,2,4,3,4,New_Visitor,False,False
5,154.08,0,0.0,54,2191.33,0.0,0.01,5.38,0.0,May,2,2,5,3,Returning_Visitor,False,False
1,24.04,0,0.5,24,836.58,0.04,0.06,0.0,0.0,Mar,2,2,1,2,New_Visitor,False,False
0,2.64,0,0.0,6,239.67,0.01,0.04,0.82,0.6,June,2,10,3,3,Returning_Visitor,False,False
1,24.04,0,0.0,6,239.67,0.0,0.02,0.82,0.0,Mar,1,1,1,8,Returning_Visitor,False,False
10,498.9,0,0.0,87,3111.36,0.0,0.02,5.27,0.01,May,1,1,8,3,Returning_Visitor,False,False
1,24.04,0,0.0,10,249.0,0.0,0.02,0.0,0.29,May,1,1,8,3,Returning_Visitor,False,False
1,24.04,1,50.54,19,444.75,0.0,0.02,5.38,0.0,Nov,2,2,1,2,New_Visitor,False,True
2,33.6,0,0.5,4,239.67,0.0,0.01,0.82,0.0,Mar,2,2,1,2,New_Visitor,True,False
0,2.64,0,0.0,7,49.87,0.0,0.02,0.82,0.01,June,2,4,3,4,New_Visitor,False,False
2,57.25,0,0.0,6,239.67,0.0,0.02,5.38,0.0,Nov,2,2,1,2,New_Visitor,False,False
0,0.0,0,0.5,6,154.22,0.0,0.02,0.0,0.29,May,1,1,1,3,Returning_Visitor,False,False
0,0.0,1,50.54,357,11839.86,0.0,0.02,0.82,0.0,Mar,1,1,8,2,Returning_Visitor,True,True
0,2.64,0,0.0,6,0.0,0.2,0.2,0.82,0.0,Mar,3,2,3,1,Returning_Visitor,False,False
2,96.0,0,0.0,34,1260.52,0.0,0.0,5.38,0.0,Nov,2,10,3,2,Returning_Visitor,True,True
0,0.0,0,0.5,6,239.67,0.2,0.2,0.0,0.29,May,1,1,1,3,Returning_Visitor,False,False
6,150.6,0,0.0,54,2554.56,0.01,0.04,0.82,0.31,June,2,5,3,1,Returning_Visitor,False,False
1,24.04,0,0.0,6,239.67,0.0,0.02,0.82,0.01,June,3,2,1,4,Returning_Visitor,True,False
1,24.04,0,0.0,6,239.67,0.0,0.02,0.82,0.0,Mar,2,2,1,1,Returning_Visitor,False,False
1,24.04,0,0.5,6,0.0,0.2,0.2,0.0,0.0,Dec,1,1,7,9,Returning_Visitor,False,False
1,24.04,0,0.5,6,239.67,0.2,0.2,0.0,0.76,May,2,4,4,3,Returning_Visitor,False,False
3,129.24,1,50.54,54,2191.33,0.01,0.02,5.38,0.01,Aug,3,2,1,4,Returning_Visitor,True,False
0,2.64,0,0.5,2,139.0,0.0,0.02,5.38,0.8,May,2,2,1,4,Returning_Visitor,True,False
0,0.0,0,0.5,19,485.08,0.0,0.01,5.38,0.76,May,2,2,3,3,Returning_Visitor,False,False
1,24.04,0,0.5,14,386.25,0.0,0.02,5.38,0.76,May,3,2,6,4,Returning_Visitor,True,False
1,19.0,0,0.5,6,239.67,0.04,0.1,5.38,0.0,Nov,2,4,1,1,Returning_Visitor,False,False
0,2.64,1,50.54,38,1250.68,0.01,0.02,0.82,0.76,June,2,2,3,1,Returning_Visitor,False,False
0,2.64,0,0.0,6,239.67,0.01,0.05,5.38,0.31,May,2,4,7,1,Returning_Visitor,False,False
0,0.0,0,0.0,21,1146.33,0.0,0.01,1.38,0.76,Feb,3,2,1,3,Returning_Visitor,False,False
1,24.04,0,0.5,35,1155.81,0.0,0.02,1.96,0.0,Dec,2,2,3,10,Returning_Visitor,False,False
1,24.04,2,14.0,6,239.67,0.0,0.02,5.38,0.0,Nov,1,1,1,2,New_Visitor,False,False
6,202.0,0,0.0,73,2653.5,0.0,0.02,5.38,0.01,May,4,1,7,3,Returning_Visitor,False,False
0,0.0,0,0.5,15,595.6,0.0,0.02,0.0,0.0,Nov,3,2,3,11,Returning_Visitor,False,False
0,0.0,0,0.0,3,239.67,0.2,0.2,0.82,0.01,June,2,4,3,4,New_Visitor,False,False
6,182.51,0,0.0,41,1250.68,0.0,0.02,5.38,0.0,Nov,2,4,3,1,Returning_Visitor,False,False
0,2.64,0,0.5,6,214.33,0.0,0.02,5.38,0.0,Nov,1,1,4,3,Returning_Visitor,False,False
2,41.2,0,0.0,28,942.8,0.01,0.03,5.38,0.31,Aug,1,1,4,5,New_Visitor,False,False
1,2.0,0,0.5,6,239.67,0.04,0.07,5.38,0.29,May,1,1,1,4,Returning_Visitor,False,False
0,0.0,0,0.5,20,2403.25,0.01,0.03,0.82,0.0,Mar,2,10,3,2,New_Visitor,False,False
2,70.6,0,0.5,54,2244.42,0.0,0.02,0.0,0.0,Aug,2,2,3,4,New_Visitor,False,False
1,24.04,0,0.5,9,239.67,0.07,0.12,0.0,0.0,Dec,3,3,1,1,Returning_Visitor,False,False
1,24.04,0,0.5,8,296.23,0.01,0.03,0.0,0.0,Nov,1,1,1,2,New_Visitor,True,False
1,24.04,0,0.5,6,239.67,0.01,0.04,5.38,0.76,May,4,1,9,3,Returning_Visitor,False,False
5,154.08,2,116.0,26,836.58,0.0,0.02,10.17,0.2,May,1,1,4,4,Returning_Visitor,True,False
6,202.0,3,127.89,54,2191.33,0.0,0.02,5.38,0.0,Nov,3,4,1,2,New_Visitor,False,False
2,44.74,3,129.75,14,390.46,0.0,0.02,65.87,0.76,May,1,1,1,17,Returning_Visitor,False,False
0,0.0,0,0.0,6,239.67,0.01,0.03,0.82,0.01,June,2,4,1,4,New_Visitor,False,False
0,0.0,0,0.5,6,50.83,0.03,0.05,0.0,0.31,May,1,1,1,2,New_Visitor,False,False
3,19.0,1,50.54,120,4137.11,0.0,0.01,5.38,0.0,Nov,2,5,3,2,Returning_Visitor,False,True
1,24.04,0,0.5,2,239.67,0.2,0.2,0.82,0.01,June,2,5,3,3,Returning_Visitor,False,False
0,0.0,1,50.54,23,720.15,0.01,0.02,5.38,0.0,Nov,2,2,7,2,Returning_Visitor,True,False
1,24.04,0,0.0,57,2191.33,0.0,0.02,5.38,0.0,Nov,2,2,3,2,Returning_Visitor,False,True
1,38.0,0,0.5,12,121.0,0.03,0.06,0.82,0.0,Mar,3,2,1,2,New_Visitor,False,False
0,2.64,0,0.5,6,169.0,0.0,0.02,0.0,0.4,May,1,1,3,4,New_Visitor,False,False
13,454.43,8,623.41,142,5349.56,0.0,0.0,17.35,0.01,May,2,2,1,4,Returning_Visitor,True,True
0,2.64,0,0.5,6,0.0,0.2,0.2,0.0,0.76,May,1,1,1,3,Returning_Visitor,False,False
0,0.0,0,0.5,28,1155.81,0.0,0.02,0.0,0.29,May,2,2,3,3,Returning_Visitor,True,False
18,167.0,1,50.54,37,1113.9,0.02,0.04,5.38,0.0,Nov,2,2,1,2,Returning_Visitor,True,False
0,0.0,0,0.5,6,1566.5,0.05,0.09,0.0,0.29,Feb,1,1,1,3,Returning_Visitor,False,False
4,144.08,1,50.54,20,651.4,0.0,0.0,0.0,0.0,Mar,1,1,1,1,Returning_Visitor,False,False
4,134.61,0,0.5,61,4081.04,0.0,0.02,0.0,0.0,Nov,1,1,1,2,Returning_Visitor,True,False
1,24.04,0,0.0,6,239.67,0.0,0.02,0.0,0.76,May,1,1,1,3,Returning_Visitor,False,False
0,2.64,0,0.5,8,128.5,0.0,0.02,0.82,0.0,Mar,1,1,1,1,Returning_Visitor,False,False
0,0.0,0,0.5,6,0.0,0.2,0.2,70.8,0.0,Nov,1,5,3,9,Returning_Visitor,True,False
6,202.0,3,135.22,54,2191.33,0.0,0.02,0.82,0.31,June,1,1,8,2,Returning_Visitor,True,True
0,0.0,0,0.5,57,2191.33,0.0,0.02,0.82,0.01,June,2,2,1,4,New_Visitor,False,False
0,0.0,0,0.5,6,239.67,0.13,0.18,5.38,0.31,May,2,2,3,1,Returning_Visitor,False,False
1,24.04,0,0.5,6,239.67,0.01,0.04,0.0,0.0,Nov,1,1,8,2,Returning_Visitor,True,False
0,0.0,0,0.0,6,239.67,0.15,0.2,0.82,0.8,June,7,7,3,1,Returning_Visitor,False,False
1,19.0,0,0.5,100,3195.76,0.0,0.02,5.38,0.31,May,1,1,1,2,Returning_Visitor,False,False
5,154.08,0,0.0,54,2191.33,0.01,0.02,5.38,0.0,Nov,2,2,4,1,Returning_Visitor,False,False
0,0.0,0,0.5,6,239.67,0.0,0.01,0.0,0.4,May,1,1,1,2,Returning_Visitor,False,False
0,0.0,0,0.0,6,75.0,0.03,0.07,0.0,0.0,Nov,2,5,7,3,Returning_Visitor,False,False
5,154.08,2,53.5,200,6671.29,0.0,0.01,5.38,0.0,Nov,2,2,1,2,Returning_Visitor,False,False
0,2.64,0,0.0,1,239.67,0.2,0.2,0.0,0.76,May,2,1,3,11,Returning_Visitor,False,False
2,57.25,0,0.5,8,343.37,0.01,0.04,1.38,0.0,Mar,3,2,1,1,Returning_Visitor,False,False
0,0.0,0,0.0,6,239.67,0.0,0.02,0.0,0.76,May,3,2,1,4,New_Visitor,False,False
0,2.0,0,0.5,118,3894.95,0.01,0.04,0.0,0.4,May,1,1,1,1,Returning_Visitor,False,False
2,30.5,0,0.0,34,1333.17,0.0,0.01,5.38,0.31,May,2,5,3,2,New_Visitor,False,True
6,202.0,0,0.5,10,379.08,0.0,0.02,1.96,0.0,Dec,3,12,1,1,Returning_Visitor,False,False
0,0.0,0,0.0,5,126.08,0.04,0.05,5.38,0.0,Nov,1,1,1,13,Returning_Visitor,False,False
1,24.04,0,0.5,19,836.58,0.01,0.03,5.38,0.0,Nov,2,12,6,9,Returning_Visitor,False,False
11,167.41,0,0.5,54,2191.33,0.0,0.01,0.82,0.0,Mar,1,1,1,2,Returning_Visitor,False,False
0,2.64,0,0.0,20,836.58,0.0,0.02,0.82,0.0,Mar,1,1,1,1,Returning_Visitor,False,True
1,24.04,0,0.5,6,239.67,0.0,0.02,0.82,0.0,Jul,3,10,3,9,Returning_Visitor,True,False
4,109.8,1,50.54,54,1988.93,0.0,0.01,5.79,0.31,May,1,1,4,2,New_Visitor,True,False
1,24.04,0,0.5,6,239.67,0.01,0.03,0.0,0.0,Oct,1,1,1,2,New_Visitor,False,False
0,0.0,0,0.5,6,239.67,0.0,0.05,5.38,0.29,May,1,1,6,3,Returning_Visitor,False,False
1,24.04,0,0.0,6,99.07,0.04,0.06,0.82,0.01,June,1,1,1,4,New_Visitor,False,False
1,24.04,0,0.5,6,239.67,0.0,0.02,0.0,0.76,May,2,2,1,4,Returning_Visitor,False,False
1,24.04,0,0.0,8,295.03,0.0,0.02,0.82,0.01,June,3,4,1,3,Returning_Visitor,True,False
0,0.0,0,0.5,2,239.67,0.0,0.02,0.0,0.0,Jul,3,2,1,1,Returning_Visitor,False,False
0,2.64,0,0.0,6,222.26,0.0,0.02,0.0,0.0,Sep,2,2,8,2,Returning_Visitor,True,False
6,202.0,2,116.22,79,2938.01,0.0,0.02,5.38,0.0,Nov,2,4,1,2,New_Visitor,False,False
0,0.0,0,0.0,53,2191.33,0.01,0.04,1.96,0.0,Sep,3,2,3,3,Returning_Visitor,False,False
1,24.04,0,0.5,39,1250.68,0.0,0.01,0.0,0.0,Nov,4,5,3,3,Returning_Visitor,False,False
0,2.64,0,0.0,6,239.67,0.02,0.04,5.69,0.31,May,2,2,1,2,Returning_Visitor,False,False
1,24.04,0,0.5,6,239.67,0.01,0.03,0.82,0.29,June,2,2,4,3,Returning_Visitor,False,False
9,1021.02,0,0.0,6,239.67,0.2,0.2,0.0,0.0,May,8,13,9,20,Returning_Visitor,False,False
0,0.0,0,0.5,6,239.67,0.2,0.2,0.82,0.01,June,2,4,3,3,Returning_Visitor,False,False
2,68.33,0,0.5,6,239.67,0.01,0.03,14.94,0.0,Nov,3,2,1,2,New_Visitor,False,True
0,0.0,1,37.2,23,761.5,0.01,0.03,0.82,0.0,Jul,2,5,1,1,Returning_Visitor,False,False
6,182.51,1,50.54,18,836.58,0.0,0.02,0.82,0.0,Mar,1,1,8,2,New_Visitor,False,False
8,202.0,1,50.54,66,2587.15,0.01,0.02,0.82,0.76,June,1,1,1,2,New_Visitor,False,False
1,24.04,0,0.5,8,320.75,0.0,0.02,5.38,0.0,Nov,2,2,6,1,Returning_Visitor,False,False
1,24.04,0,0.5,20,836.58,0.02,0.04,0.0,0.0,Nov,3,2,3,1,Returning_Visitor,False,False
2,57.25,2,116.22,6,239.67,0.0,0.02,8.67,0.0,May,8,13,9,20,Other,False,True
11,532.21,1,50.54,54,2191.33,0.0,0.02,1.96,0.0,Dec,1,1,8,2,Returning_Visitor,True,False
9,1047.34,0,0.0,6,239.67,0.01,0.02,61.53,0.8,May,1,5,3,17,Returning_Visitor,True,False
0,2.64,2,55.0,38,1250.68,0.0,0.02,5.38,0.29,May,1,1,1,4,Returning_Visitor,False,False
1,24.04,0,0.5,8,163.0,0.0,0.01,5.38,0.0,Nov,1,1,1,2,Returning_Visitor,False,False
1,24.04,0,0.5,6,239.67,0.01,0.05,0.0,0.0,Nov,2,10,3,2,New_Visitor,False,False
6,182.51,0,0.5,33,1155.81,0.0,0.02,0.82,0.0,Mar,2,2,1,1,Returning_Visitor,False,True
2,57.25,0,0.5,87,3537.99,0.01,0.03,5.77,0.0,Mar,2,10,3,2,New_Visitor,False,False
0,2.64,0,0.5,7,239.67,0.06,0.09,0.0,0.76,May,2,4,3,4,New_Visitor,False,False
1,24.04,0,0.5,68,1664.15,0.0,0.02,6.69,0.01,May,2,1,1,4,Returning_Visitor,True,True
6,200.5,0,0.5,49,837.42,0.0,0.02,5.38,0.76,May,2,5,3,4,New_Visitor,False,True
1,24.04,0,0.0,34,1331.0,0.02,0.05,5.38,0.01,May,2,4,3,4,Returning_Visitor,False,False
0,0.0,0,0.5,6,216.0,0.0,0.02,0.82,0.01,June,2,2,1,4,Returning_Visitor,True,False
1,24.04,0,0.0,6,239.67,0.0,0.02,0.0,0.76,May,2,4,1,3,Returning_Visitor,False,False
1,24.04,0,0.5,14,408.47,0.0,0.02,0.0,0.0,Nov,2,10,3,1,Returning_Visitor,False,False
1,24.04,2,13.0,20,836.58,0.02,0.04,5.38,0.0,Nov,2,4,3,2,Returning_Visitor,False,False
1,24.04,0,0.5,22,325.75,0.0,0.02,1.38,0.0,Mar,2,10,3,2,New_Visitor,False,False
6,202.0,3,261.65,244,9666.86,0.0,0.01,5.38,0.0,Nov,3,4,3,1,Returning_Visitor,False,True
0,0.0,0,0.0,6,239.67,0.04,0.1,0.0,0.76,May,2,5,3,4,New_Visitor,False,False
1,24.04,0,0.5,6,69.4,0.0,0.02,0.0,0.0,Jul,2,10,3,2,New_Visitor,False,False
3,49.4,4,321.4,91,3195.76,0.01,0.05,65.87,0.0,May,8,13,9,20,Returning_Visitor,False,False
1,24.04,0,0.5,6,239.67,0.0,0.02,0.0,0.0,Nov,1,1,1,2,New_Visitor,False,False
2,62.0,0,0.5,13,595.6,0.01,0.02,0.0,0.76,May,3,2,1,4,New_Visitor,False,False
1,24.04,0,0.5,6,239.67,0.0,0.02,0.0,0.0,Oct,3,4,1,1,Returning_Visitor,False,False
1,24.04,0,0.5,23,725.33,0.0,0.02,0.0,0.76,May,1,1,1,3,Returning_Visitor,False,False
1,24.04,0,0.5,13,1507.33,0.01,0.03,1.38,0.0,Mar,2,2,3,1,Returning_Visitor,False,False
1,24.04,0,0.0,17,836.58,0.0,0.03,94.1,0.0,Nov,1,5,3,4,Returning_Visitor,False,True
1,24.04,1,37.0,24,836.58,0.0,0.01,5.38,0.76,May,2,4,4,4,Returning_Visitor,True,False
1,24.04,0,0.0,10,267.9,0.0,0.02,5.38,0.01,Aug,2,4,3,4,New_Visitor,False,False
0,0.0,0,0.5,1,239.67,0.2,0.2,5.38,0.2,May,1,1,3,4,Returning_Visitor,False,False
1,24.04,0,0.5,29,1178.5,0.0,0.02,0.82,0.01,June,2,2,1,4,New_Visitor,False,False
10,561.5,2,31.0,95,3195.76,0.01,0.03,0.82,0.76,June,2,4,3,2,Returning_Visitor,True,True
0,0.0,0,0.5,6,44.5,0.0,0.02,0.82,0.0,Mar,2,10,3,2,Returning_Visitor,True,False
1,24.04,0,0.5,5,236.17,0.0,0.01,5.38,0.31,May,2,5,3,2,Returning_Visitor,False,False
0,0.0,0,0.5,14,383.0,0.03,0.05,5.38,0.76,May,1,1,1,4,New_Visitor,True,False
4,126.08,2,43.33,41,1395.45,0.0,0.02,5.38,0.01,May,3,2,1,3,Returning_Visitor,False,True
1,24.04,0,0.5,6,239.67,0.2,0.2,0.0,0.76,Feb,2,4,3,3,Returning_Visitor,False,False
1,24.04,0,0.5,4,135.5,0.0,0.02,5.38,0.76,May,2,2,3,3,Returning_Visitor,False,False
4,141.0,0,0.0,23,606.67,0.01,0.03,36.67,0.01,Aug,1,1,3,17,Returning_Visitor,True,False
1,13.5,2,28.0,6,239.67,0.0,0.02,0.0,0.31,May,2,2,1,2,Returning_Visitor,False,False
1,24.04,0,0.5,45,1718.39,0.0,0.02,0.0,0.01,May,2,4,3,4,Returning_Visitor,True,False
3,113.8,0,0.5,8,336.14,0.0,0.02,5.38,0.29,May,2,4,9,3,New_Visitor,False,False
0,0.0,0,0.0,6,239.67,0.0,0.1,0.0,0.0,Jul,2,4,3,2,New_Visitor,False,False
1,24.04,0,0.5,6,239.67,0.0,0.02,17.46,0.0,Nov,3,2,3,1,Returning_Visitor,False,False
6,182.51,3,235.75,21,836.58,0.0,0.01,0.82,0.76,June,3,2,3,1,Returning_Visitor,False,False
1,24.04,0,0.0,9,268.5,0.06,0.09,0.0,0.8,May,3,2,1,3,Returning_Visitor,False,False
8,202.0,0,0.5,54,2191.33,0.0,0.02,0.82,0.76,June,2,4,3,2,New_Visitor,True,False
6,182.51,3,123.0,33,1155.81,0.0,0.02,31.74,0.0,Nov,2,1,3,2,Returning_Visitor,False,True
1,24.04,3,27.0,32,1218.03,0.0,0.02,1.96,0.0,Dec,2,2,7,2,Returning_Visitor,True,False
4,214.0,1,50.54,5,239.67,0.0,0.02,0.0,0.0,May,1,1,1,4,New_Visitor,True,False
1,24.04,0,0.5,6,239.67,0.0,0.02,5.38,0.0,Nov,2,2,3,10,Returning_Visitor,False,False
1,24.04,0,0.5,29,1155.81,0.01,0.04,5.38,0.0,Nov,1,1,8,2,New_Visitor,False,True
1,24.04,0,0.5,9,437.4,0.0,0.02,5.38,0.0,Nov,3,2,1,5,Returning_Visitor,False,False
4,76.15,0,0.5,6,239.67,0.01,0.02,5.38,0.31,May,2,2,2,13,Returning_Visitor,False,False
4,138.0,2,136.0,54,2191.33,0.0,0.02,0.82,0.31,June,1,1,1,2,Returning_Visitor,True,False
1,24.04,2,29.5,6,239.67,0.0,0.02,5.38,0.0,Nov,2,2,7,2,Returning_Visitor,False,False
4,60.4,0,0.0,54,2191.33,0.0,0.02,0.82,0.29,June,2,2,3,3,Returning_Visitor,False,False
1,24.04,0,0.5,6,239.67,0.0,0.02,5.38,0.31,May,2,2,3,2,Returning_Visitor,False,False
1,24.04,0,0.5,77,2938.01,0.0,0.02,9.85,0.31,May,2,10,3,2,Returning_Visitor,False,False
1,24.04,0,0.0,8,297.67,0.0,0.01,0.0,0.76,May,1,1,1,3,Returning_Visitor,False,False
12,426.35,10,961.45,142,5142.86,0.0,0.02,2.33,0.0,Nov,2,2,1,2,New_Visitor,False,True
4,134.61,2,22.13,54,2191.33,0.01,0.02,0.82,0.01,June,1,1,8,3,Returning_Visitor,False,False
1,24.04,0,0.5,24,894.58,0.0,0.02,0.0,0.76,May,2,4,4,3,Returning_Visitor,False,False
1,24.04,0,0.5,6,239.67,0.0,0.02,0.82,0.01,June,2,4,3,4,New_Visitor,False,False
1,24.04,0,0.5,6,239.67,0.0,0.02,5.38,0.76,May,1,1,1,3,Returning_Visitor,False,False
0,2.64,1,50.54,8,239.67,0.0,0.02,29.87,0.31,May,2,4,3,13,Returning_Visitor,False,False
0,2.64,2,199.0,6,239.67,0.0,0.02,5.38,0.0,Nov,2,2,1,2,Returning_Visitor,True,True
9,186.5,3,138.75,54,2002.23,0.0,0.02,0.0,0.0,Nov,2,2,1,1,Returning_Visitor,False,False
1,24.04,0,0.0,6,239.67,0.03,0.08,0.82,0.0,Mar,2,5,3,1,Returning_Visitor,False,False
1,24.04,0,0.5,28,927.17,0.0,0.01,0.0,0.0,Nov,1,1,4,3,Returning_Visitor,False,False
1,24.04,0,0.0,6,239.67,0.0,0.01,7.02,0.76,May,1,1,1,3,Returning_Visitor,False,False
7,202.0,0,0.0,46,1621.03,0.0,0.02,0.82,0.0,Mar,1,5,3,9,Returning_Visitor,True,False
4,144.08,2,21.2,41,1568.32,0.01,0.04,28.06,0.0,Oct,1,1,3,2,New_Visitor,False,False
8,317.63,2,256.5,81,2938.01,0.0,0.02,5.38,0.0,Nov,2,4,1,2,New_Visitor,True,True
1,24.04,0,0.0,27,836.58,0.02,0.05,0.0,0.0,May,4,1,8,4,New_Visitor,False,False
1,24.04,0,0.0,14,441.0,0.0,0.02,0.0,0.0,May,2,2,3,3,Returning_Visitor,False,False
1,24.04,1,50.54,6,239.67,0.0,0.01,1.96,0.0,Dec,1,1,8,2,New_Visitor,True,False
1,7.5,0,0.0,6,216.17,0.04,0.09,0.0,0.29,May,2,2,1,3,Returning_Visitor,False,False
0,0.0,0,0.5,6,239.67,0.0,0.02,0.0,0.8,May,2,13,4,11,Returning_Visitor,False,False
1,24.04,0,0.5,26,897.78,0.01,0.02,48.93,0.76,May,2,2,1,17,Returning_Visitor,False,False
6,202.0,3,127.89,138,4031.56,0.0,0.02,5.38,0.0,Nov,2,2,1,2,Returning_Visitor,True,False
4,91.2,1,50.54,54,2191.33,0.0,0.02,9.23,0.0,Nov,2,2,1,2,Returning_Visitor,True,False
3,22.0,1,50.54,54,2191.33,0.0,0.02,0.0,0.0,Nov,1,1,1,2,Returning_Visitor,False,False
0,2.64,0,0.0,6,239.67,0.0,0.02,1.38,0.0,Feb,2,10,3,4,New_Visitor,False,False
2,57.25,1,50.54,34,1265.75,0.0,0.02,4.2,0.31,Sep,2,2,8,1,Returning_Visitor,False,False
2,34.2,0,0.0,28,929.91,0.01,0.03,0.82,0.01,June,2,4,3,3,Returning_Visitor,False,False
0,0.0,0,0.5,6,239.67,0.2,0.2,5.38,0.29,May,2,5,3,3,Returning_Visitor,False,False
0,0.0,0,0.0,9,355.5,0.01,0.04,5.38,0.0,Nov,2,10,3,1,Returning_Visitor,False,False
0,0.0,0,0.0,5,239.67,0.0,0.02,0.0,0.0,Nov,1,1,1,2,New_Visitor,True,False
1,24.04,0,0.0,6,239.67,0.0,0.01,8.44,0.0,Nov,2,2,1,1,Returning_Visitor,False,True
1,24.04,0,0.0,6,239.67,0.0,0.02,5.38,0.31,May,2,4,1,2,Returning_Visitor,False,False
6,79.1,1,50.54,25,434.67,0.0,0.02,5.38,0.31,May,2,2,1,2,New_Visitor,True,False
5,154.08,0,0.0,54,2191.33,0.0,0.02,35.1,0.76,May,2,5,1,4,New_Visitor,False,True
1,24.04,0,0.0,14,595.6,0.0,0.01,0.0,0.0,Mar,3,2,1,1,Returning_Visitor,True,False
0,2.64,0,0.5,29,1178.67,0.02,0.05,0.0,0.29,May,1,1,4,3,Returning_Visitor,False,False
2,57.25,2,116.22,6,239.67,0.0,0.02,5.38,0.76,May,3,2,1,3,Returning_Visitor,False,False
3,119.0,1,50.54,54,2191.33,0.0,0.01,15.4,0.0,Nov,3,4,7,1,Returning_Visitor,False,False
1,24.04,0,0.0,25,1720.0,0.0,0.02,60.29,0.76,May,2,5,3,17,Returning_Visitor,True,True
4,82.0,0,0.5,54,2191.33,0.01,0.04,0.82,0.01,June,2,2,3,4,Returning_Visitor,True,False
24,426.35,5,587.41,54,2191.33,0.0,0.01,0.0,0.0,Nov,1,1,1,1,Returning_Visitor,False,False
1,24.04,0,0.0,6,195.25,0.02,0.05,0.0,0.0,Nov,1,1,8,2,New_Visitor,False,False
5,154.08,1,50.54,54,2191.33,0.0,0.02,0.0,0.0,Dec,1,1,8,2,Returning_Visitor,True,False
8,202.0,1,50.54,54,2191.33,0.0,0.02,0.0,0.76,May,2,2,3,11,Returning_Visitor,False,False
0,0.0,0,0.0,4,157.5,0.0,0.02,5.38,0.0,Nov,1,1,8,2,Returning_Visitor,True,False
1,24.04,0,0.0,6,239.67,0.0,0.02,0.82,0.29,June,3,2,4,3,Returning_Visitor,False,False
0,0.0,0,0.5,6,239.67,0.1,0.12,0.82,0.01,June,2,3,1,4,Returning_Visitor,True,False
1,24.04,0,0.0,6,239.67,0.0,0.02,1.96,0.0,Dec,1,1,4,3,Returning_Visitor,False,False
0,0.0,0,0.5,3,20.0,0.0,0.02,0.0,0.0,Dec,2,4,3,2,Returning_Visitor,False,False
19,453.53,1,50.54,54,2191.33,0.0,0.02,5.38,0.0,Nov,2,5,3,1,Returning_Visitor,False,False
6,202.0,0,0.5,25,952.68,0.0,0.02,23.58,0.0,Nov,2,13,3,11,Returning_Visitor,False,True
1,24.04,0,0.5,20,836.58,0.0,0.02,0.82,0.0,Mar,3,2,1,2,New_Visitor,True,False
0,2.64,0,0.5,6,239.67,0.0,0.02,5.38,0.0,Nov,3,2,1,1,Returning_Visitor,False,False
4,89.0,3,127.89,104,4270.14,0.0,0.02,1.38,0.0,Mar,2,4,3,1,Returning_Visitor,False,False
1,24.04,0,0.0,6,239.67,0.0,0.02,0.0,0.0,May,1,1,3,4,New_Visitor,False,False
0,2.64,0,0.5,6,239.67,0.0,0.02,5.38,0.0,Nov,3,4,1,1,Returning_Visitor,False,False
4,190.5,5,575.0,54,2375.08,0.0,0.01,5.38,0.31,May,2,2,3,2,New_Visitor,False,True
1,24.04,0,0.5,6,239.67,0.0,0.02,1.87,0.0,June,2,2,3,3,Returning_Visitor,False,False
0,0.0,0,0.5,6,239.67,0.0,0.02,3.98,0.0,Oct,2,10,3,2,Returning_Visitor,True,False
0,0.0,0,0.0,26,836.58,0.01,0.04,0.0,0.0,Nov,2,5,6,2,Returning_Visitor,True,False
7,202.0,1,50.54,32,1155.81,0.01,0.02,0.82,0.01,June,1,1,1,3,Returning_Visitor,False,False
1,24.04,0,0.5,6,239.67,0.0,0.02,0.0,0.29,May,2,4,6,3,Returning_Visitor,False,False
6,202.0,2,66.0,27,836.58,0.0,0.02,0.82,0.0,Mar,2,2,7,9,Returning_Visitor,False,False
6,157.39,3,127.89,46,1624.94,0.0,0.02,5.38,0.01,May,2,2,3,4,Returning_Visitor,False,False
0,2.64,0,0.5,6,239.67,0.2,0.2,5.38,0.31,May,2,5,3,13,Returning_Visitor,False,False
1,24.04,0,0.0,2,239.67,0.0,0.02,0.0,0.0,Mar,1,1,1,2,Returning_Visitor,True,False
10,513.94,0,0.5,88,3195.76,0.0,0.02,5.38,0.31,May,1,1,1,10,Returning_Visitor,True,False
6,144.83,0,0.5,23,836.58,0.0,0.02,5.38,0.0,Nov,2,2,1,2,New_Visitor,False,False
1,0.0,0,0.5,16,1296.6,0.0,0.02,13.28,0.0,Nov,1,1,4,2,Returning_Visitor,False,True
3,59.5,1,50.54,142,5604.98,0.0,0.02,5.34,0.0,Nov,2,5,3,6,Returning_Visitor,False,True
0,2.64,0,0.5,21,836.58,0.0,0.02,0.0,0.31,May,1,1,1,10,Returning_Visitor,False,False
2,39.8,0,0.0,6,239.67,0.0,0.02,0.82,0.01,June,1,1,1,4,New_Visitor,False,True
8,310.0,2,73.0,16,416.4,0.0,0.01,0.82,0.76,June,1,1,1,2,Returning_Visitor,True,False
1,24.04,0,0.5,6,239.67,0.0,0.05,0.0,0.31,May,1,1,3,1,Returning_Visitor,False,False
6,230.25,1,50.54,54,2191.33,0.0,0.01,30.27,0.0,May,1,1,4,12,New_Visitor,True,True
6,166.33,1,50.54,38,1250.68,0.0,0.01,0.82,0.76,June,3,4,1,2,New_Visitor,False,True
13,504.79,1,10.0,64,2701.96,0.0,0.01,3.0,0.29,Sep,2,5,3,4,Returning_Visitor,False,False
2,44.0,0,0.5,6,239.67,0.01,0.02,0.0,0.76,May,3,6,1,3,Returning_Visitor,False,False
14,528.41,0,0.5,54,2191.33,0.0,0.02,0.0,0.0,Oct,2,5,3,2,New_Visitor,False,False
4,134.61,0,0.0,89,3480.81,0.0,0.01,0.0,0.0,Nov,1,1,8,2,New_Visitor,False,True
3,33.2,1,50.54,54,2191.33,0.01,0.03,32.7,0.01,May,2,2,1,3,Returning_Visitor,False,True
2,16.0,0,0.5,41,1412.5,0.01,0.02,0.0,0.31,May,2,2,3,13,Returning_Visitor,False,False
7,202.0,0,0.0,28,968.09,0.02,0.02,0.82,0.31,June,1,1,1,1,Returning_Visitor,False,False
6,202.0,2,103.17,54,2191.33,0.02,0.04,5.38,0.0,Nov,1,1,1,2,New_Visitor,False,False
13,532.21,1,50.54,87,3147.25,0.0,0.02,1.6,0.0,Dec,1,1,8,2,Returning_Visitor,True,True
1,24.04,0,0.5,35,1155.81,0.0,0.01,65.87,0.0,Nov,2,4,1,1,New_Visitor,True,True
1,14.5,0,0.5,6,239.67,0.0,0.02,0.82,0.0,Mar,1,1,1,2,Returning_Visitor,True,False
0,2.64,0,0.5,6,239.67,0.0,0.02,0.0,0.0,Nov,1,1,8,2,Returning_Visitor,True,False
0,0.0,0,0.0,18,836.58,0.01,0.04,0.0,0.8,May,2,2,9,3,Returning_Visitor,False,False
1,24.04,0,0.5,6,44.0,0.07,0.12,0.0,0.76,May,2,4,1,4,New_Visitor,False,False
3,129.24,0,0.5,17,281.67,0.01,0.02,0.0,0.29,May,1,1,4,4,Returning_Visitor,True,False
1,24.04,0,0.5,6,239.67,0.0,0.01,0.0,0.29,May,1,1,4,4,Returning_Visitor,True,False
4,120.7,0,0.5,5,74.4,0.0,0.02,0.0,0.0,Oct,2,2,1,2,New_Visitor,False,False
1,24.04,0,0.0,23,821.28,0.0,0.02,5.38,0.0,Nov,1,1,1,3,Returning_Visitor,False,False
16,426.35,1,50.54,54,2091.04,0.0,0.02,7.22,0.31,May,1,1,1,2,Returning_Visitor,True,False
0,2.64,0,0.5,6,116.75,0.0,0.02,0.0,0.0,Nov,1,1,1,2,Returning_Visitor,False,False
1,24.04,0,0.5,6,239.67,0.0,0.01,1.38,0.0,Mar,3,2,1,1,Returning_Visitor,False,False
1,24.04,0,0.5,23,721.42,0.0,0.01,5.38,0.0,Nov,3,5,3,1,Returning_Visitor,True,False
1,24.04,1,35.0,23,782.08,0.0,0.02,5.38,0.0,May,3,4,4,4,New_Visitor,True,True
0,0.0,0,0.5,6,64.5,0.01,0.05,0.82,0.01,June,3,2,1,4,New_Visitor,False,False
4,137.0,1,50.54,54,2191.33,0.01,0.03,5.38,0.29,May,2,2,7,4,Returning_Visitor,False,True
1,24.04,0,0.5,6,239.67,0.0,0.01,0.82,0.31,June,1,1,1,2,New_Visitor,False,False
5,86.08,0,0.5,11,396.5,0.0,0.02,0.0,0.29,May,3,2,3,8,Returning_Visitor,False,False
0,2.64,0,0.5,8,183.0,0.0,0.02,0.82,0.31,June,2,4,1,1,Returning_Visitor,False,False
10,1337.06,4,282.07,54,2191.33,0.01,0.02,12.76,0.0,Oct,1,1,1,20,Returning_Visitor,False,True
1,24.04,0,0.5,41,1552.55,0.01,0.07,4.28,0.0,Oct,2,2,2,2,New_Visitor,False,False
3,54.5,2,7.0,54,2191.33,0.0,0.02,0.0,0.0,Nov,1,1,1,8,Returning_Visitor,False,False
10,517.5,0,0.0,140,4884.54,0.0,0.01,5.38,0.31,May,2,2,3,13,Returning_Visitor,False,True
1,24.04,1,50.54,31,1155.81,0.01,0.04,5.38,0.31,May,2,2,2,5,Returning_Visitor,True,False
13,552.09,0,0.0,22,1525.0,0.0,0.02,1.96,0.0,Dec,3,2,8,2,New_Visitor,True,True
1,24.04,0,0.5,85,3195.76,0.0,0.02,0.0,0.01,May,3,2,1,3,Returning_Visitor,False,False
1,24.04,0,0.0,6,75.6,0.0,0.02,0.82,0.01,June,1,1,1,4,New_Visitor,False,False
7,155.0,1,50.54,20,252.98,0.0,0.02,0.0,0.0,Oct,2,4,1,2,New_Visitor,False,False
6,161.2,1,50.54,54,2191.33,0.04,0.09,5.38,0.0,Oct,2,10,3,1,Returning_Visitor,False,False
0,0.0,0,0.5,17,806.67,0.0,0.02,0.0,0.0,Mar,1,1,1,3,Returning_Visitor,False,False
1,24.04,0,0.5,6,239.67,0.0,0.01,0.82,0.76,June,2,2,1,1,Returning_Visitor,True,False
0,0.0,0,0.0,266,9836.07,0.01,0.02,5.38,0.31,May,2,2,1,13,Returning_Visitor,False,False
1,24.04,0,0.0,6,0.0,0.13,0.17,0.0,0.76,May,2,2,3,3,Returning_Visitor,False,False
1,24.04,0,0.0,6,19.0,0.0,0.02,0.82,0.0,Mar,2,2,3,11,Returning_Visitor,True,False
1,24.04,0,0.5,6,239.67,0.0,0.02,5.38,0.0,Nov,2,10,3,2,New_Visitor,False,False
1,24.04,0,0.0,1,0.0,0.2,0.2,0.0,0.76,May,2,1,3,11,Returning_Visitor,False,False
0,2.64,0,0.5,8,317.5,0.01,0.03,0.82,0.01,June,2,4,3,4,New_Visitor,False,False
1,24.04,0,0.5,41,1250.68,0.0,0.02,0.0,0.01,May,3,2,1,4,New_Visitor,False,False
1,24.04,0,0.5,21,1342.5,0.01,0.02,0.0,0.0,May,2,10,3,3,Returning_Visitor,False,False
0,0.0,0,0.5,6,239.67,0.0,0.02,0.0,0.76,May,2,5,3,3,Returning_Visitor,False,False
3,129.24,0,0.0,26,836.58,0.0,0.01,5.38,0.0,Nov,2,10,7,5,Returning_Visitor,False,False
0,2.64,0,0.5,6,239.67,0.04,0.1,5.38,0.0,May,1,1,4,4,Returning_Visitor,True,False
4,91.0,3,135.22,54,2191.33,0.0,0.02,5.38,0.29,May,1,1,1,4,Returning_Visitor,False,False
3,129.24,1,50.54,38,1250.68,0.0,0.02,0.0,0.01,May,1,1,1,4,Returning_Visitor,True,False
1,24.04,0,0.0,6,181.5,0.0,0.02,0.0,0.0,Nov,1,1,4,3,Returning_Visitor,False,False
0,0.0,0,0.5,13,595.6,0.0,0.02,0.0,0.0,May,2,2,3,3,Returning_Visitor,False,False
1,24.04,2,116.22,8,178.75,0.03,0.07,5.38,0.29,May,1,1,1,3,Returning_Visitor,False,False
0,2.64,0,0.5,6,239.67,0.0,0.02,0.82,0.0,Mar,2,4,1,2,New_Visitor,False,False
0,0.0,0,0.0,6,239.67,0.0,0.02,5.38,0.0,Nov,1,1,4,3,Returning_Visitor,False,False
1,24.04,0,0.5,11,239.67,0.0,0.0,1.38,0.29,Feb,3,2,1,3,Returning_Visitor,False,False
0,0.0,0,0.0,17,836.58,0.0,0.02,5.38,0.76,May,3,2,1,3,Returning_Visitor,False,False
0,0.0,0,0.0,6,239.67,0.01,0.03,0.82,0.01,June,4,1,1,4,New_Visitor,False,False
1,24.04,0,0.0,23,606.2,0.0,0.02,5.38,0.0,Nov,2,2,7,3,Returning_Visitor,False,False
1,24.04,0,0.5,2,239.67,0.07,0.13,0.0,0.0,June,1,1,4,3,New_Visitor,False,False
3,129.24,2,28.2,54,2191.33,0.0,0.02,5.38,0.01,May,2,2,1,3,Returning_Visitor,False,True
1,24.04,0,0.5,6,239.67,0.0,0.02,0.82,0.01,June,3,2,1,3,Returning_Visitor,True,True
0,0.0,0,0.5,6,239.67,0.02,0.04,5.38,0.76,May,2,2,7,4,Returning_Visitor,True,False
0,0.0,0,0.5,6,239.67,0.0,0.02,50.41,0.01,Aug,2,5,3,11,Returning_Visitor,True,True
1,24.04,2,16.0,19,497.67,0.0,0.02,0.82,0.31,June,2,4,1,1,Returning_Visitor,False,False
0,0.0,0,0.0,5,197.0,0.0,0.02,0.0,0.0,May,1,1,4,3,Returning_Visitor,False,False
1,24.04,0,0.0,6,239.67,0.0,0.02,0.0,0.76,May,2,2,3,4,Returning_Visitor,True,False
1,24.04,0,0.5,7,239.67,0.0,0.01,0.82,0.0,Mar,2,10,3,2,New_Visitor,False,False
0,0.0,0,0.0,11,239.67,0.0,0.02,1.38,0.0,Mar,2,2,6,2,Returning_Visitor,True,False
1,76.75,0,0.5,6,239.67,0.0,0.02,0.0,0.0,Nov,1,1,3,10,Returning_Visitor,True,False
1,24.04,0,0.5,20,836.58,0.0,0.02,5.38,0.0,Nov,1,1,4,2,New_Visitor,True,False
1,24.04,0,0.0,12,442.89,0.0,0.02,0.82,0.0,Mar,2,10,3,2,New_Visitor,False,False
1,24.04,3,136.17,13,595.6,0.01,0.04,0.0,0.76,May,1,5,3,11,Returning_Visitor,True,False
1,24.04,0,0.0,11,239.67,0.02,0.05,0.0,0.76,May,3,2,1,4,Returning_Visitor,True,False
1,24.04,0,0.5,6,177.58,0.0,0.02,0.0,0.0,Nov,4,2,7,2,Returning_Visitor,True,False
0,0.0,0,0.5,6,239.67,0.0,0.02,0.0,0.31,May,1,1,1,1,Returning_Visitor,False,False
4,144.08,3,308.0,54,2191.33,0.0,0.02,61.53,0.0,May,2,10,3,1,Returning_Visitor,True,False
1,24.04,0,0.0,6,239.67,0.0,0.0,5.38,0.0,Aug,3,2,8,4,New_Visitor,False,False
1,24.04,0,0.5,6,239.67,0.02,0.06,0.0,0.76,May,2,4,1,4,Returning_Visitor,False,True
3,34.0,1,1530.0,97,3989.49,0.0,0.02,0.82,0.0,Mar,2,2,1,2,Returning_Visitor,True,False
1,24.04,0,0.0,6,112.0,0.0,0.03,1.38,0.0,Mar,1,1,8,2,Returning_Visitor,True,False
0,0.0,0,0.0,35,2352.17,0.0,0.01,65.87,0.76,May,8,4,6,4,New_Visitor,False,False
6,202.0,2,34.0,137,4817.37,0.0,0.02,5.38,0.0,Nov,2,2,1,1,Returning_Visitor,False,False
0,2.64,0,0.5,16,195.5,0.0,0.02,0.82,0.0,Mar,1,1,1,4,Returning_Visitor,False,False
1,17.0,0,0.0,6,239.67,0.01,0.04,1.38,0.0,Mar,2,10,3,1,Returning_Visitor,False,False
0,0.0,0,0.5,8,239.67,0.0,0.02,0.0,0.0,Nov,1,1,1,2,New_Visitor,False,False
1,24.04,0,0.5,4,239.67,0.0,0.01,0.0,0.31,May,2,2,1,2,Returning_Visitor,True,False
0,0.0,0,0.0,6,239.67,0.0,0.02,0.82,0.76,June,2,4,3,2,New_Visitor,True,False
0,0.0,0,0.5,56,2191.33,0.0,0.02,5.38,0.0,Nov,2,5,3,1,Returning_Visitor,False,False
0,0.0,0,0.5,15,595.6,0.04,0.09,5.38,0.0,May,2,2,1,4,New_Visitor,False,False
3,52.9,0,0.5,54,2191.33,0.0,0.01,5.38,0.0,Nov,1,1,1,2,Returning_Visitor,False,False
1,24.04,0,0.5,6,239.67,0.0,0.02,5.38,0.76,May,2,4,2,4,New_Visitor,True,True
0,0.0,0,0.5,6,239.67,0.04,0.07,5.38,0.0,Nov,2,10,3,2,New_Visitor,False,False
0,0.0,0,0.5,6,239.67,0.02,0.04,5.38,0.0,Nov,3,2,1,2,New_Visitor,False,False
2,73.75,0,0.0,20,836.58,0.0,0.02,5.38,0.31,May,2,2,1,2,Returning_Visitor,False,False
3,96.5,1,50.54,54,2191.33,0.0,0.02,0.0,0.01,May,1,1,1,4,New_Visitor,False,False
3,129.24,1,50.54,54,2191.33,0.0,0.02,5.38,0.0,Aug,4,1,1,1,Returning_Visitor,False,False
0,2.64,0,0.5,6,251.0,0.04,0.1,5.38,0.76,May,2,2,4,3,Returning_Visitor,False,False
3,129.24,1,50.54,63,1108.37,0.0,0.0,7.83,0.01,May,2,10,3,4,Returning_Visitor,True,True
1,24.04,0,0.5,6,239.67,0.04,0.08,5.38,0.76,May,2,4,3,3,Returning_Visitor,False,False
0,0.0,0,0.0,6,239.67,0.01,0.03,5.38,0.0,Nov,2,2,1,3,Returning_Visitor,True,False
0,0.0,0,0.5,14,595.6,0.0,0.01,5.38,0.31,May,1,1,1,2,Returning_Visitor,False,False
9,350.6,1,50.54,68,2701.96,0.0,0.02,5.38,0.31,May,1,1,1,2,Returning_Visitor,False,False
1,24.04,0,0.5,6,239.67,0.0,0.02,66.57,0.76,May,2,2,3,17,Returning_Visitor,False,False
7,93.5,1,50.54,101,3195.76,0.0,0.02,5.38,0.31,May,1,1,1,1,Returning_Visitor,False,False
1,24.04,0,0.5,19,576.83,0.0,0.02,0.0,0.0,May,4,1,1,3,Returning_Visitor,False,False
1,24.04,0,0.5,23,626.6,0.0,0.02,0.82,0.0,Mar,3,2,3,1,Returning_Visitor,False,False
0,0.0,0,0.5,29,1209.76,0.0,0.02,0.0,0.76,May,2,4,3,4,New_Visitor,False,False
2,40.0,0,0.5,29,1088.83,0.0,0.02,11.48,0.31,May,3,5,3,9,Returning_Visitor,True,True
0,0.0,0,0.0,22,573.75,0.0,0.02,0.0,0.0,Nov,3,2,8,2,Returning_Visitor,False,False
1,24.04,0,0.5,7,239.67,0.0,0.02,5.38,0.29,May,1,1,1,3,Returning_Visitor,False,False
2,51.0,2,116.22,6,239.67,0.0,0.02,5.38,0.76,May,2,4,2,4,Returning_Visitor,False,True
3,129.24,1,50.54,14,412.08,0.0,0.02,1.96,0.0,Dec,3,2,3,2,Returning_Visitor,False,False
1,24.04,0,0.5,6,239.67,0.0,0.02,5.38,0.0,Nov,3,2,1,1,Returning_Visitor,False,True
2,57.25,0,0.0,8,239.67,0.0,0.02,0.0,0.0,Oct,1,1,1,2,New_Visitor,False,False
6,202.0,3,329.5,76,2816.78,0.0,0.01,0.82,0.0,Mar,2,2,1,1,Returning_Visitor,False,False
9,631.11,1,50.54,28,1155.81,0.01,0.03,5.38,0.0,Nov,2,5,3,2,New_Visitor,False,False
2,97.0,0,0.5,23,836.58,0.0,0.01,0.0,0.0,Nov,1,1,1,2,Returning_Visitor,False,False
2,26.67,0,0.0,6,239.67,0.02,0.04,0.82,0.31,June,1,1,1,10,Returning_Visitor,True,False
0,0.0,0,0.5,19,535.25,0.0,0.02,5.38,0.0,Nov,3,2,1,1,Returning_Visitor,True,False
1,24.04,0,0.5,6,239.67,0.02,0.04,5.38,0.76,May,1,1,1,3,Returning_Visitor,False,False
6,159.2,0,0.0,21,526.5,0.0,0.01,5.38,0.31,May,1,1,1,1,Returning_Visitor,True,False
4,134.61,4,23.0,54,2191.33,0.0,0.02,5.38,0.01,May,1,1,1,4,Returning_Visitor,False,False
1,19.6,0,0.0,6,239.67,0.04,0.09,5.38,0.0,Nov,2,5,1,2,Returning_Visitor,False,False
0,0.0,0,0.0,10,239.67,0.01,0.04,1.38,0.0,Mar,2,5,3,6,Returning_Visitor,False,False
1,24.04,0,0.0,7,239.67,0.11,0.14,0.82,0.29,June,1,1,1,3,Returning_Visitor,False,False
1,67.4,0,0.5,8,297.5,0.0,0.02,5.38,0.0,Oct,3,2,1,1,Returning_Visitor,True,False
1,24.04,0,0.5,29,1155.81,0.0,0.02,0.82,0.0,Jul,3,2,1,1,Returning_Visitor,False,False
0,0.0,0,0.5,11,490.83,0.0,0.02,5.38,0.76,May,2,2,6,3,Returning_Visitor,False,False
0,0.0,2,150.03,18,836.58,0.0,0.02,0.0,0.76,May,2,2,1,4,Returning_Visitor,False,False
3,53.17,0,0.5,54,2191.33,0.0,0.02,0.0,0.31,May,1,1,1,9,Returning_Visitor,False,False
6,1489.04,0,0.0,24,879.8,0.0,0.02,61.53,0.0,Nov,2,2,1,1,Returning_Visitor,True,False
0,0.0,0,0.5,6,239.67,0.0,0.02,0.0,0.0,Nov,1,1,1,1,Returning_Visitor,False,False
1,24.04,0,0.0,6,161.17,0.02,0.06,5.38,0.31,May,2,5,7,5,Returning_Visitor,False,False
1,24.04,0,0.0,1,0.0,0.2,0.2,0.0,0.2,May,2,4,1,3,Returning_Visitor,False,False
6,242.12,1,50.54,10,239.67,0.0,0.02,5.38,0.0,Nov,2,2,7,9,Returning_Visitor,False,False
1,41.0,0,0.0,6,239.67,0.0,0.02,0.0,0.76,May,1,1,1,3,Returning_Visitor,False,False
1,24.04,0,0.5,29,1142.67,0.0,0.01,5.38,0.76,May,2,2,1,3,Returning_Visitor,False,False
1,24.04,0,0.0,6,1.0,0.11,0.15,0.82,0.31,June,2,2,2,1,Returning_Visitor,False,False
1,4.0,0,0.0,62,2466.22,0.0,0.02,5.38,0.31,May,1,1,1,1,Returning_Visitor,False,False
4,144.08,0,0.0,22,836.58,0.0,0.02,0.82,0.01,June,2,2,1,4,New_Visitor,False,False
2,56.0,0,0.5,6,239.67,0.0,0.01,19.34,0.0,Nov,2,2,4,1,Returning_Visitor,False,True
0,0.0,0,0.0,6,239.67,0.0,0.02,5.38,0.0,Nov,2,10,3,2,New_Visitor,False,False
1,24.04,2,38.25,51,1535.64,0.01,0.03,0.82,0.76,June,2,5,3,1,Returning_Visitor,False,False
8,202.0,0,0.5,79,2150.43,0.01,0.02,5.38,0.0,Nov,1,1,1,2,New_Visitor,False,False
5,154.08,0,0.0,76,2831.56,0.0,0.02,8.9,0.76,May,2,2,3,12,Returning_Visitor,False,False
4,89.0,1,0.0,54,2191.33,0.01,0.03,0.0,0.31,May,3,2,1,2,Returning_Visitor,False,False
0,2.64,0,0.0,2,239.67,0.0,0.1,5.38,0.76,May,2,4,3,4,Returning_Visitor,False,False
4,117.32,3,272.2,230,10143.82,0.02,0.04,0.82,0.0,Jul,3,2,1,1,Returning_Visitor,True,False
0,0.0,0,0.5,15,595.6,0.0,0.02,0.0,0.0,Nov,2,4,1,2,New_Visitor,False,False
1,24.04,0,0.0,29,630.33,0.0,0.02,5.38,0.31,May,2,4,6,1,Returning_Visitor,False,False
4,144.08,0,0.5,31,1155.81,0.0,0.02,1.38,0.0,Mar,2,5,7,3,Returning_Visitor,False,False
1,24.04,0,0.5,23,675.38,0.0,0.02,1.96,0.0,Dec,1,1,1,6,Returning_Visitor,True,False
1,24.04,0,0.5,7,239.67,0.0,0.02,0.0,0.0,Nov,2,4,3,2,Returning_Visitor,False,False
2,63.25,0,0.0,7,239.67,0.02,0.04,1.96,0.0,Dec,3,2,3,2,Returning_Visitor,False,False
1,24.04,0,0.5,6,239.67,0.03,0.06,5.38,0.0,Nov,2,10,3,2,New_Visitor,True,False
5,154.08,0,0.0,54,2191.33,0.0,0.01,0.0,0.0,Aug,2,10,3,4,New_Visitor,False,False
3,94.6,0,0.5,1,239.67,0.01,0.05,0.0,0.0,Jul,1,1,1,2,New_Visitor,False,False
1,24.04,0,0.5,20,918.08,0.01,0.02,0.82,0.01,June,1,1,1,4,New_Visitor,False,False
1,24.04,0,0.5,6,239.67,0.01,0.03,5.38,0.76,May,2,4,9,3,Returning_Visitor,False,False
3,69.6,0,0.0,9,199.13,0.0,0.02,0.0,0.0,Jul,1,1,1,2,New_Visitor,False,False
0,2.64,0,0.5,11,272.0,0.0,0.02,0.0,0.29,May,1,1,4,4,Returning_Visitor,True,False
0,0.0,0,0.5,6,236.8,0.01,0.05,36.26,0.0,Oct,2,2,3,1,Returning_Visitor,False,True
0,0.0,0,0.5,6,239.67,0.0,0.02,0.0,0.76,May,2,2,3,3,Returning_Visitor,False,False
0,0.0,0,0.0,6,0.0,0.12,0.15,95.23,0.31,May,2,3,3,19,Returning_Visitor,False,False
0,2.64,0,0.5,55,1933.42,0.0,0.02,5.38,0.0,Nov,1,1,1,2,Returning_Visitor,False,False
0,0.0,0,0.5,18,836.58,0.04,0.09,0.82,0.01,June,2,5,3,3,Returning_Visitor,False,False
0,0.0,0,0.5,28,1231.23,0.0,0.02,1.38,0.76,Feb,2,4,4,3,Returning_Visitor,False,False
0,2.64,0,0.5,23,751.5,0.0,0.02,5.38,0.31,May,2,2,3,13,Returning_Visitor,False,False
0,2.64,0,0.5,4,0.0,0.12,0.15,0.82,0.31,June,1,1,1,1,Returning_Visitor,False,False
1,24.04,0,0.5,19,836.58,0.0,0.02,0.82,0.0,Mar,1,1,1,2,New_Visitor,False,False
0,0.0,0,0.5,42,922.3,0.0,0.02,0.0,0.31,May,1,1,8,2,Returning_Visitor,False,False
2,79.0,0,0.5,47,1366.06,0.01,0.03,21.24,0.01,May,2,10,3,4,New_Visitor,False,False
0,0.0,0,0.5,109,4501.43,0.0,0.02,0.82,0.01,June,4,1,1,3,Returning_Visitor,False,False
0,2.64,0,0.0,6,270.21,0.01,0.04,5.38,0.0,Nov,3,2,9,1,Returning_Visitor,False,False
1,24.04,1,50.54,6,25.2,0.0,0.02,5.38,0.0,Nov,6,12,1,2,Returning_Visitor,False,False
0,0.0,0,0.0,6,239.67,0.0,0.02,0.82,0.01,June,3,2,1,3,Returning_Visitor,False,False
1,24.04,0,0.5,6,124.0,0.0,0.02,0.0,0.76,May,3,2,1,4,Returning_Visitor,True,False
1,24.04,0,0.5,23,834.67,0.0,0.02,5.38,0.76,May,1,1,1,4,New_Visitor,True,False
1,24.04,0,0.0,6,239.67,0.0,0.02,0.82,0.01,June,2,4,3,4,Returning_Visitor,True,True
1,24.04,0,0.5,6,0.0,0.2,0.2,0.0,0.0,Nov,3,2,1,3,Returning_Visitor,False,False
6,70.5,2,116.22,76,2852.0,0.0,0.02,0.0,0.01,May,2,5,3,3,Returning_Visitor,False,False
1,24.04,0,0.5,10,402.62,0.0,0.02,5.38,0.0,Nov,1,1,4,5,Returning_Visitor,False,False
1,24.04,0,0.5,4,50.0,0.0,0.02,0.82,0.29,June,1,1,4,4,Returning_Visitor,True,False
0,0.0,0,0.0,34,1271.33,0.01,0.05,29.87,0.4,May,1,5,3,13,Returning_Visitor,False,False
2,64.5,0,0.5,17,836.58,0.0,0.02,0.0,0.31,May,2,2,1,2,Returning_Visitor,False,False
1,24.04,0,0.5,23,689.65,0.0,0.0,34.49,0.0,Oct,2,2,1,2,New_Visitor,True,True
19,704.87,2,123.55,187,9487.64,0.0,0.02,5.38,0.31,May,1,1,1,2,Returning_Visitor,False,False
1,24.04,1,50.54,9,239.67,0.0,0.01,5.38,0.0,Nov,2,2,1,10,Returning_Visitor,False,False
1,24.04,0,0.5,8,331.89,0.0,0.0,0.82,0.76,June,2,2,1,2,Returning_Visitor,True,False
1,24.04,0,0.5,19,447.17,0.0,0.02,0.82,0.31,June,2,10,3,1,Returning_Visitor,False,False
0,2.64,0,0.5,2,239.67,0.0,0.02,0.0,0.76,May,2,2,1,4,Returning_Visitor,True,False
0,0.0,0,0.0,6,239.67,0.0,0.01,5.38,0.31,May,2,2,3,1,Returning_Visitor,False,False
1,24.04,0,0.5,6,239.67,0.01,0.02,0.82,0.0,Mar,1,1,1,1,Returning_Visitor,False,False
0,2.64,0,0.0,6,239.67,0.0,0.02,5.38,0.76,May,1,1,1,4,New_Visitor,False,False
5,248.5,1,50.54,19,456.67,0.0,0.02,1.38,0.0,Mar,1,5,3,9,Returning_Visitor,False,False
1,24.04,0,0.0,6,80.0,0.07,0.13,1.38,0.76,Feb,3,2,1,4,Returning_Visitor,False,False
0,0.0,2,89.0,142,5728.67,0.0,0.02,5.38,0.01,May,2,4,1,4,Returning_Visitor,False,False
1,24.04,0,0.5,73,1077.51,0.0,0.02,0.0,0.0,Nov,1,1,5,9,Returning_Visitor,False,False
8,202.0,1,50.54,54,2191.33,0.0,0.02,29.87,0.0,Nov,2,2,1,2,Returning_Visitor,False,True
3,315.33,1,50.54,54,2191.33,0.0,0.03,0.0,0.0,Nov,1,1,1,2,New_Visitor,False,False
1,24.04,0,0.5,41,1423.97,0.0,0.02,5.38,0.8,May,2,2,7,3,Returning_Visitor,False,False
0,2.64,0,0.5,6,97.33,0.0,0.02,0.0,0.31,May,1,1,1,2,Returning_Visitor,True,False
4,91.75,0,0.0,29,1171.33,0.0,0.02,0.0,0.76,May,2,4,3,4,New_Visitor,False,False
1,24.04,0,0.5,41,1569.87,0.0,0.01,5.38,0.0,May,2,4,1,4,New_Visitor,False,False
0,2.64,0,0.0,6,74.5,0.0,0.02,0.0,0.6,May,1,1,1,4,New_Visitor,False,False
0,0.0,0,0.5,6,239.67,0.0,0.02,0.0,0.76,May,2,2,7,3,Returning_Visitor,False,False
1,24.04,0,0.5,6,239.67,0.0,0.02,0.0,0.0,Dec,8,13,9,16,Returning_Visitor,False,False
1,5.5,0,0.5,28,929.33,0.0,0.02,0.0,0.31,May,2,2,6,2,Returning_Visitor,True,False
0,2.64,0,0.5,25,836.58,0.01,0.03,0.0,0.0,Nov,2,2,3,2,Returning_Visitor,True,False
1,97.0,0,0.5,6,59.0,0.0,0.01,0.82,0.76,June,2,4,3,2,New_Visitor,False,False
3,40.8,2,12.0,5,96.0,0.03,0.06,0.0,0.76,Sep,2,4,7,4,Returning_Visitor,True,False
1,24.04,2,13.0,27,1433.92,0.0,0.02,0.82,0.0,June,3,4,1,4,New_Visitor,False,True
0,0.0,0,0.5,1,239.67,0.2,0.2,0.0,0.0,Mar,2,5,3,1,Returning_Visitor,False,False
1,24.04,0,0.5,19,458.25,0.0,0.02,0.0,0.29,May,1,1,1,3,Returning_Visitor,False,False
6,215.24,2,123.55,54,2191.33,0.0,0.02,5.38,0.0,Nov,3,2,1,2,Returning_Visitor,False,True
1,24.04,0,0.0,23,694.52,0.0,0.02,0.82,0.01,June,2,4,1,4,Returning_Visitor,True,False
0,2.64,0,0.5,9,478.0,0.0,0.01,5.38,0.0,Nov,2,2,2,2,New_Visitor,True,False
0,0.0,0,0.5,37,1155.81,0.0,0.02,0.0,0.0,Dec,1,1,1,3,Returning_Visitor,False,False
6,202.0,3,201.9,14,393.3,0.0,0.01,3.93,0.31,Sep,1,1,1,1,Returning_Visitor,False,True
1,24.04,0,0.0,6,239.67,0.0,0.1,0.0,0.0,Dec,1,1,1,2,New_Visitor,False,False
0,0.0,0,0.5,46,1351.12,0.01,0.04,0.82,0.0,Mar,2,2,1,2,New_Visitor,False,True
0,2.64,0,0.0,15,595.6,0.02,0.07,0.0,1.0,May,2,5,3,4,New_Visitor,True,False
2,131.5,2,123.55,96,3195.76,0.0,0.02,0.0,0.31,May,3,2,1,2,Returning_Visitor,False,False
3,45.5,0,0.0,54,2191.33,0.0,0.02,0.0,0.0,Nov,2,5,7,3,Returning_Visitor,False,False
0,0.0,0,0.0,6,0.0,0.2,0.2,5.38,0.0,Nov,2,2,3,1,Returning_Visitor,False,False
5,135.5,0,0.5,54,2106.89,0.0,0.02,0.0,0.31,May,2,2,1,2,Returning_Visitor,False,False
7,187.83,1,50.54,54,2191.33,0.0,0.02,1.38,0.0,Mar,1,5,3,9,Returning_Visitor,False,True
1,24.04,0,0.5,19,447.2,0.0,0.02,0.82,0.01,June,2,4,3,4,Returning_Visitor,True,True
6,202.0,0,0.0,50,1535.64,0.0,0.02,1.82,0.0,Nov,3,5,3,10,Returning_Visitor,False,True
8,319.0,1,21.5,54,2191.33,0.0,0.02,16.07,0.31,May,2,5,3,2,Returning_Visitor,False,True
0,2.64,2,132.03,6,169.97,0.0,0.02,5.38,0.76,May,2,2,3,4,Returning_Visitor,True,False
1,24.04,0,0.5,6,239.67,0.0,0.02,0.82,0.01,June,2,4,3,4,New_Visitor,False,False
0,0.0,0,0.0,6,239.67,0.01,0.05,0.82,0.76,June,2,4,3,2,New_Visitor,False,False
6,152.6,1,50.54,54,2191.33,0.01,0.04,0.82,0.0,Jul,2,2,1,1,Returning_Visitor,False,True
3,22.2,3,261.65,2,836.2,0.0,0.02,0.0,0.0,Nov,2,5,3,2,New_Visitor,False,False
1,24.04,0,0.0,6,239.67,0.03,0.06,0.82,0.29,June,1,1,4,3,Returning_Visitor,False,False
0,0.0,0,0.5,109,4567.94,0.0,0.02,0.82,0.0,Mar,2,10,3,2,New_Visitor,False,False
2,57.25,0,0.5,6,239.67,0.0,0.02,0.0,0.76,May,1,1,1,3,Returning_Visitor,False,False
4,144.08,0,0.5,54,2191.33,0.01,0.04,5.38,0.29,May,2,4,3,3,Returning_Visitor,True,False
6,256.1,1,50.54,4,239.67,0.0,0.01,0.0,0.76,May,1,1,6,3,Returning_Visitor,False,False
1,24.04,0,0.0,6,244.5,0.0,0.01,5.38,0.0,Nov,2,2,1,10,Returning_Visitor,False,False
1,10.0,2,116.22,6,239.67,0.0,0.02,5.38,0.76,May,2,4,4,3,Returning_Visitor,False,False
0,2.64,0,0.5,6,239.67,0.0,0.02,65.87,0.0,May,1,8,1,17,Returning_Visitor,True,False
0,0.0,0,0.5,14,431.2,0.0,0.02,0.0,0.76,May,2,4,3,3,Returning_Visitor,False,False
0,2.64,0,0.0,6,262.92,0.0,0.02,1.96,0.0,Dec,2,6,1,1,Returning_Visitor,False,False
1,24.04,0,0.5,51,1535.64,0.01,0.03,0.0,0.0,Nov,2,5,3,2,Returning_Visitor,False,False
1,24.04,0,0.5,8,556.0,0.0,0.02,0.82,0.31,June,2,5,3,2,New_Visitor,False,False
10,470.45,0,0.5,73,2767.37,0.0,0.0,5.38,0.01,May,1,1,8,4,Returning_Visitor,True,False
0,2.64,0,0.0,24,857.18,0.0,0.02,5.38,0.0,Nov,2,10,3,2,Returning_Visitor,True,False
1,24.04,0,0.5,6,239.67,0.02,0.06,0.0,0.0,Dec,2,5,3,2,Returning_Visitor,False,False
2,57.25,0,0.5,3,268.0,0.0,0.04,5.38,0.0,Nov,1,1,5,9,Returning_Visitor,False,False
6,202.0,0,0.0,20,1006.67,0.0,0.02,0.82,0.6,June,1,1,8,2,Returning_Visitor,True,False
0,0.0,0,0.5,29,1192.32,0.0,0.02,0.0,0.0,May,2,2,1,4,Returning_Visitor,False,False
1,20.0,0,0.5,283,10143.82,0.0,0.02,5.38,0.0,Nov,2,2,7,3,Returning_Visitor,False,False
0,0.0,0,0.0,3,239.67,0.13,0.17,1.38,0.0,Feb,2,2,1,1,Returning_Visitor,False,False
1,24.04,2,116.22,20,836.58,0.01,0.03,0.0,0.0,Dec,2,2,1,1,Returning_Visitor,False,False
1,24.04,0,0.5,6,239.67,0.0,0.02,5.38,0.76,May,2,2,1,4,Returning_Visitor,False,False
0,0.0,0,0.5,6,239.67,0.01,0.04,0.0,0.76,May,2,2,1,4,Returning_Visitor,False,False
1,24.04,0,0.5,6,10.0,0.0,0.02,1.38,0.0,Mar,3,2,1,2,New_Visitor,False,False
0,2.64,0,0.0,23,598.5,0.0,0.02,5.38,0.0,Nov,1,1,7,2,New_Visitor,False,False
1,24.04,0,0.5,6,239.67,0.0,0.02,0.0,0.76,May,2,5,3,4,New_Visitor,False,False
6,182.51,0,0.5,28,1155.81,0.0,0.01,0.82,0.76,June,2,4,3,2,New_Visitor,False,True
0,2.64,0,0.5,6,25.0,0.0,0.02,5.38,0.76,May,2,2,1,4,New_Visitor,False,False
9,149.93,2,123.55,54,2191.33,0.0,0.02,0.0,0.0,May,1,1,2,4,Returning_Visitor,False,False
0,0.0,0,0.5,15,595.6,0.01,0.04,0.82,0.29,June,2,5,7,3,Returning_Visitor,False,False
3,129.24,0,0.5,54,2191.33,0.0,0.01,1.38,0.0,Mar,4,1,1,1,Returning_Visitor,False,False
0,0.0,0,0.5,23,612.21,0.01,0.03,0.82,0.01,June,2,4,3,3,Returning_Visitor,False,False
0,2.64,0,0.0,6,239.67,0.0,0.02,5.38,0.0,Nov,2,2,1,1,Returning_Visitor,False,False
6,202.0,2,97.8,32,1213.65,0.01,0.02,0.82,0.0,Mar,1,1,8,2,Returning_Visitor,False,True
0,2.64,0,0.5,6,239.67,0.0,0.01,65.87,0.76,May,1,8,2,20,New_Visitor,True,True
10,389.75,1,50.54,65,2701.96,0.01,0.03,13.66,1.0,May,2,4,2,1,Returning_Visitor,False,False
1,24.04,2,15.0,19,836.58,0.0,0.02,0.82,0.0,Mar,2,4,3,2,New_Visitor,False,False
1,24.04,0,0.5,6,239.67,0.0,0.01,5.38,0.0,Aug,2,10,3,4,Returning_Visitor,True,False
1,24.04,0,0.0,59,1560.6,0.01,0.01,0.82,0.01,June,2,4,3,4,Returning_Visitor,True,False
0,2.64,0,0.5,17,836.58,0.0,0.02,5.38,0.0,Nov,2,4,5,6,New_Visitor,True,True
0,0.0,0,0.5,6,22.5,0.04,0.11,0.82,0.4,June,1,1,1,4,Returning_Visitor,False,False
4,134.61,0,0.0,73,2653.2,0.0,0.02,0.0,0.31,May,2,2,3,1,Returning_Visitor,False,False
1,24.04,1,50.54,6,110.33,0.0,0.02,5.38,0.76,May,1,1,8,4,New_Visitor,True,False
0,0.0,0,0.5,6,239.67,0.01,0.04,1.96,0.0,Dec,2,5,3,1,Returning_Visitor,True,False
4,144.08,2,116.22,28,934.32,0.0,0.02,5.38,0.0,Aug,2,2,1,4,New_Visitor,False,False
3,129.24,0,0.5,54,2191.33,0.0,0.01,0.0,0.31,May,2,2,4,2,Returning_Visitor,True,False
1,9.0,5,587.41,54,2191.33,0.0,0.01,0.82,0.0,Mar,2,2,1,2,Returning_Visitor,True,False
2,25.5,0,0.5,12,442.89,0.0,0.02,0.0,0.0,Nov,2,10,3,2,New_Visitor,False,False
1,24.04,0,0.5,29,1065.45,0.0,0.02,0.82,0.0,Mar,2,5,1,2,Returning_Visitor,False,False
1,24.04,0,0.5,6,239.67,0.0,0.01,1.96,0.0,Dec,1,1,3,2,New_Visitor,False,False
4,134.61,0,0.5,39,2555.99,0.0,0.02,0.0,0.0,May,3,2,1,3,Returning_Visitor,True,False
4,99.75,1,50.54,54,2191.33,0.0,0.02,47.45,0.01,May,8,13,9,20,Returning_Visitor,False,True
0,0.0,0,0.5,6,239.67,0.0,0.02,0.0,0.76,May,2,4,3,4,Returning_Visitor,False,False
4,134.61,0,0.0,118,3894.95,0.0,0.01,0.82,0.0,Mar,2,2,1,2,New_Visitor,False,True
2,57.25,0,0.5,15,595.6,0.01,0.04,0.0,0.0,Nov,1,1,4,1,Returning_Visitor,False,False
2,216.6,0,0.0,36,1155.81,0.04,0.07,5.38,0.0,Oct,3,2,6,1,Returning_Visitor,True,False
15,419.18,0,0.0,244,10278.9,0.01,0.04,5.38,0.0,Oct,2,2,1,3,Returning_Visitor,False,False
0,0.0,0,0.5,6,239.67,0.0,0.0,5.38,0.0,Nov,2,2,4,2,Returning_Visitor,True,True
0,0.0,0,0.0,6,0.0,0.2,0.2,0.0,0.31,May,2,2,3,1,Returning_Visitor,False,False
0,2.64,0,0.5,6,239.67,0.04,0.1,0.0,0.0,Nov,2,2,1,1,Returning_Visitor,False,False
0,2.64,0,0.5,17,836.58,0.02,0.05,5.38,0.0,May,3,2,3,3,Returning_Visitor,False,False
0,2.64,0,0.5,6,239.67,0.02,0.06,5.38,0.0,Nov,2,4,9,2,Returning_Visitor,False,False
1,24.04,0,0.0,6,239.67,0.0,0.02,0.82,0.31,June,2,2,8,2,Returning_Visitor,True,False
1,24.04,0,0.5,37,1155.81,0.0,0.02,5.38,0.0,Nov,2,4,3,2,New_Visitor,False,False
0,2.64,0,0.0,6,158.5,0.0,0.03,0.82,0.01,June,2,2,1,4,Returning_Visitor,True,False
1,24.04,0,0.5,79,2938.01,0.0,0.02,5.38,0.0,Oct,2,5,3,1,Returning_Visitor,False,True
6,211.0,2,52.4,54,2191.33,0.0,0.02,0.0,0.0,Aug,2,4,3,4,New_Visitor,False,True
4,144.08,2,33.75,28,929.08,0.0,0.02,34.29,0.76,May,3,2,4,4,New_Visitor,True,True
0,0.0,0,0.5,1,0.0,0.2,0.2,5.38,0.29,May,2,2,3,3,Returning_Visitor,False,False
0,2.64,0,0.0,109,4391.67,0.0,0.02,0.82,0.0,June,1,1,1,1,Returning_Visitor,False,False
1,24.04,0,0.5,6,239.67,0.01,0.04,0.82,0.01,June,3,2,1,4,New_Visitor,False,False
2,57.25,0,0.5,6,40.0,0.07,0.12,0.82,0.6,June,2,4,3,2,New_Visitor,False,False
0,0.0,0,0.5,21,836.58,0.02,0.06,0.82,0.0,Mar,1,1,1,1,Returning_Visitor,True,False
1,24.04,0,0.5,6,239.67,0.0,0.0,0.82,0.76,June,2,5,1,2,New_Visitor,False,False
1,24.04,0,0.5,7,239.67,0.11,0.15,0.0,0.31,May,1,1,1,1,Returning_Visitor,False,False
2,12.1,0,0.5,6,38.3,0.03,0.07,0.82,0.01,June,1,2,1,4,Returning_Visitor,True,False
1,24.04,0,0.5,25,836.58,0.02,0.04,5.38,0.31,May,2,2,5,1,Returning_Visitor,False,True
6,202.0,0,0.5,141,5142.86,0.0,0.02,1.96,0.0,Dec,1,5,3,9,Returning_Visitor,False,False
1,24.04,2,72.5,6,239.67,0.0,0.02,28.25,0.29,May,2,2,4,4,Returning_Visitor,True,False
2,57.25,0,0.0,6,239.67,0.0,0.03,0.82,0.0,Mar,1,1,1,2,Returning_Visitor,True,False
6,202.0,3,291.2,68,4100.26,0.01,0.02,18.43,0.29,May,1,1,3,3,Returning_Visitor,False,False
0,0.0,0,0.0,19,586.38,0.02,0.05,0.0,0.76,May,2,4,1,3,Returning_Visitor,False,False
1,24.04,0,0.5,6,239.67,0.0,0.04,1.38,0.0,Mar,2,2,1,1,Returning_Visitor,False,False
1,24.04,0,0.5,19,553.17,0.0,0.02,0.0,0.0,May,2,5,3,4,New_Visitor,False,False
0,2.64,0,0.0,23,836.58,0.0,0.02,5.38,0.0,May,3,4,5,3,Returning_Visitor,False,False
1,24.04,0,0.0,6,239.67,0.03,0.02,0.0,0.31,Sep,2,5,3,1,Returning_Visitor,False,False
3,129.24,0,0.5,19,836.58,0.0,0.02,5.38,0.76,May,3,2,1,3,Returning_Visitor,False,False
0,0.0,0,0.5,6,239.67,0.2,0.2,5.38,0.76,May,2,4,1,4,New_Visitor,False,False
6,202.0,0,0.5,87,3283.17,0.0,0.01,0.82,0.0,Mar,3,2,1,2,New_Visitor,False,False
0,0.0,0,0.0,6,70.83,0.0,0.02,1.38,0.0,Mar,3,2,1,1,Returning_Visitor,True,False
0,0.0,0,0.5,6,138.54,0.02,0.03,0.0,0.0,Dec,1,1,1,2,New_Visitor,False,False
0,0.0,0,0.5,17,601.03,0.04,0.09,18.87,0.01,Aug,3,2,3,3,Returning_Visitor,False,True
0,0.0,0,0.0,6,239.67,0.03,0.06,0.0,0.8,May,1,11,3,17,Returning_Visitor,True,False
0,0.0,0,0.0,14,101.0,0.0,0.02,0.0,0.76,May,3,2,1,4,New_Visitor,False,False
6,182.51,1,50.54,54,2191.33,0.0,0.02,5.38,0.0,May,2,4,3,4,New_Visitor,False,False
1,24.04,0,0.5,10,239.67,0.0,0.02,5.38,0.31,May,2,2,4,1,Returning_Visitor,False,False
0,0.0,0,0.5,29,819.59,0.0,0.02,0.0,0.76,May,3,2,1,4,New_Visitor,False,False
0,0.0,1,85.0,6,239.67,0.03,0.07,0.82,0.4,June,1,1,8,1,Returning_Visitor,False,False
3,62.0,1,50.54,13,2038.0,0.0,0.02,0.82,0.0,Mar,1,1,8,2,New_Visitor,False,False
0,2.64,0,0.5,4,226.8,0.03,0.06,5.38,0.0,Nov,1,1,6,2,Returning_Visitor,True,True
1,24.04,0,0.5,6,124.75,0.0,0.02,0.82,0.76,June,4,5,1,5,Returning_Visitor,True,False
2,27.0,0,0.5,6,239.67,0.0,0.02,5.38,0.76,May,1,1,1,4,New_Visitor,False,False
1,24.04,0,0.0,29,1144.97,0.01,0.02,77.04,0.0,Dec,7,4,7,2,New_Visitor,False,True
0,0.0,1,50.54,6,239.67,0.0,0.02,5.38,0.0,Nov,2,5,1,1,Returning_Visitor,False,True
0,0.0,0,0.0,12,442.89,0.02,0.02,0.0,0.0,Dec,1,1,1,2,Returning_Visitor,True,False
1,11.0,1,50.54,6,91.75,0.0,0.02,0.82,0.0,Mar,1,1,8,3,Returning_Visitor,False,False
10,168.91,2,18.4,24,853.85,0.0,0.02,0.82,0.0,Mar,1,1,8,2,New_Visitor,True,False
4,152.0,3,261.65,2,239.67,0.0,0.02,0.0,0.0,Dec,1,1,2,2,New_Visitor,False,False
3,319.4,1,251.8,54,2191.33,0.0,0.01,0.82,0.76,June,2,2,1,1,Returning_Visitor,False,True
0,0.0,0,0.0,6,239.67,0.0,0.01,0.82,0.01,June,1,1,1,4,New_Visitor,False,False
3,129.24,0,0.5,5,239.67,0.0,0.02,5.38,0.0,Nov,2,2,7,2,Returning_Visitor,True,False
0,0.0,0,0.0,6,239.67,0.2,0.2,5.38,0.31,Aug,1,1,1,1,Returning_Visitor,False,False
0,0.0,0,0.5,1,239.67,0.2,0.2,1.38,0.0,Mar,1,1,1,1,Returning_Visitor,False,False
1,24.04,0,0.5,44,1351.12,0.01,0.03,0.0,0.0,May,1,1,8,4,New_Visitor,False,False
3,226.95,1,50.54,57,2191.33,0.0,0.02,0.0,0.31,May,2,5,3,13,Returning_Visitor,False,False
6,259.18,0,0.0,54,2191.33,0.0,0.02,0.0,0.31,May,3,2,3,2,Returning_Visitor,False,False
1,16.0,1,50.54,6,239.67,0.01,0.03,78.81,0.31,May,7,10,3,2,Returning_Visitor,False,True
1,24.04,2,10.0,16,401.95,0.0,0.01,0.0,0.29,May,1,1,4,3,Returning_Visitor,False,False
0,0.0,0,0.5,39,1262.65,0.0,0.01,0.0,0.0,May,3,2,2,4,Returning_Visitor,False,True
1,24.04,0,0.5,1,239.67,0.2,0.2,0.82,0.01,June,3,2,1,3,Returning_Visitor,False,False
1,24.04,0,0.5,34,1293.65,0.0,0.02,5.38,0.01,Aug,2,4,3,4,New_Visitor,False,False
0,0.0,0,0.5,18,1456.92,0.01,0.03,1.96,0.0,Dec,3,2,1,2,Returning_Visitor,False,False
1,54.4,0,0.0,6,239.67,0.0,0.01,0.0,0.76,May,1,1,7,4,New_Visitor,True,False
1,24.04,0,0.5,6,239.67,0.0,0.01,65.87,0.29,May,7,10,3,20,Returning_Visitor,False,False
0,0.0,0,0.5,10,482.5,0.03,0.06,65.87,1.0,May,1,11,3,20,New_Visitor,False,False
0,0.0,0,0.5,6,239.67,0.0,0.02,0.0,0.76,May,1,1,1,3,Returning_Visitor,False,False
0,2.64,0,0.5,3,0.0,0.2,0.2,0.82,0.0,Mar,2,2,1,2,New_Visitor,False,False
4,145.0,0,0.0,54,2191.33,0.0,0.01,1.38,0.0,Mar,2,4,1,2,New_Visitor,False,False
0,0.0,0,0.0,1,239.67,0.03,0.08,65.87,0.76,May,1,5,3,17,Returning_Visitor,True,False
0,0.0,0,0.0,2,92.0,0.0,0.02,5.38,0.31,May,1,1,8,1,Returning_Visitor,False,False
0,0.0,1,0.0,6,239.67,0.0,0.02,0.0,0.0,May,1,1,1,4,New_Visitor,False,False
9,258.65,3,127.89,54,2191.33,0.0,0.02,77.65,0.0,Dec,2,10,7,1,Returning_Visitor,True,True
0,0.0,0,0.5,11,239.67,0.0,0.02,5.38,0.0,Nov,2,4,3,2,New_Visitor,False,False
1,24.04,0,0.0,10,455.0,0.0,0.02,25.75,0.0,Nov,1,1,8,2,Returning_Visitor,True,True
1,24.04,0,0.5,4,239.67,0.0,0.05,5.38,0.76,May,2,2,2,4,New_Visitor,False,False
6,168.0,1,50.54,31,1155.81,0.01,0.02,0.82,0.76,June,1,1,8,2,New_Visitor,False,False
0,0.0,0,0.5,3,61.5,0.0,0.02,0.82,0.0,Mar,1,1,1,8,Returning_Visitor,False,False
6,202.0,0,0.0,23,908.47,0.02,0.05,5.38,0.31,May,3,5,3,13,Returning_Visitor,False,False
4,81.6,0,0.0,6,27.2,0.0,0.04,0.82,0.01,June,3,2,1,4,New_Visitor,False,True
9,202.0,1,0.0,54,2191.33,0.01,0.03,5.38,0.0,Nov,3,4,3,1,Returning_Visitor,False,False
0,0.0,0,0.0,2,239.67,0.0,0.02,5.38,0.0,Nov,2,4,1,2,New_Visitor,False,False
6,179.28,0,0.5,54,2191.33,0.0,0.02,17.54,0.01,May,2,4,6,4,Returning_Visitor,True,False
2,57.25,0,0.5,6,204.5,0.0,0.02,5.38,0.76,May,1,1,1,3,Returning_Visitor,False,False
5,265.04,1,0.0,54,2191.33,0.01,0.04,5.38,0.0,Aug,3,2,3,3,Returning_Visitor,True,False
1,412.0,0,0.5,54,2191.33,0.0,0.01,0.0,0.0,Mar,3,2,3,1,Returning_Visitor,False,False
0,0.0,0,0.5,3,239.67,0.0,0.02,5.38,0.0,Nov,2,5,3,13,Returning_Visitor,False,False
1,24.04,0,0.0,6,14.0,0.0,0.02,0.82,0.0,Mar,1,1,1,2,Returning_Visitor,True,False
0,2.64,0,0.5,14,419.38,0.0,0.02,0.82,0.0,Mar,2,5,3,1,Returning_Visitor,False,False
0,0.0,0,0.5,68,3357.34,0.0,0.02,0.0,0.01,May,2,4,3,4,New_Visitor,False,False
1,24.04,0,0.5,32,908.01,0.0,0.02,4.37,0.0,Oct,2,10,3,2,New_Visitor,False,True
4,157.0,1,50.54,20,836.58,0.0,0.01,5.38,0.0,Nov,2,2,1,1,Returning_Visitor,False,True
2,38.0,0,0.0,6,239.67,0.01,0.04,0.0,0.0,Nov,2,10,3,4,Returning_Visitor,False,False
0,0.0,0,0.0,6,239.67,0.0,0.02,5.38,0.0,Nov,1,1,9,2,New_Visitor,False,False
0,2.64,2,6.0,6,239.67,0.0,0.02,0.0,0.31,May,1,1,1,10,Returning_Visitor,False,False
1,24.04,0,0.5,41,1527.58,0.0,0.02,5.38,0.29,May,2,2,9,3,Returning_Visitor,False,True
2,52.5,0,0.5,12,234.4,0.0,0.01,0.0,0.0,Oct,1,1,1,2,New_Visitor,False,False
1,75.17,0,0.5,6,239.67,0.0,0.02,21.42,0.0,Nov,3,2,1,11,Returning_Visitor,False,True
2,57.25,2,116.22,50,1535.64,0.0,0.01,5.38,0.8,May,1,1,4,3,Returning_Visitor,False,False
2,57.25,0,0.5,17,1770.8,0.03,0.06,5.38,0.76,May,2,4,2,4,Returning_Visitor,False,False
6,167.0,0,0.5,41,1445.46,0.0,0.01,0.82,0.01,June,3,2,1,4,New_Visitor,False,True
1,46.5,0,0.0,6,239.67,0.02,0.03,9.47,0.0,Nov,2,10,3,1,Returning_Visitor,False,True
1,24.04,0,0.5,6,239.67,0.0,0.02,0.0,0.31,May,2,5,3,2,Returning_Visitor,False,True
4,223.12,0,0.5,54,2191.33,0.02,0.04,5.47,1.0,Sep,8,13,9,20,Returning_Visitor,True,False
0,2.64,0,0.0,6,239.67,0.12,0.15,0.0,0.6,May,3,2,1,3,Returning_Visitor,False,False
0,0.0,0,0.5,14,595.6,0.02,0.04,1.38,0.0,Feb,2,10,3,2,Returning_Visitor,False,False
1,24.04,0,0.5,19,500.79,0.0,0.02,5.38,0.0,Nov,1,1,1,2,New_Visitor,False,False
5,154.08,1,50.54,6,146.75,0.0,0.02,0.82,0.76,June,1,5,3,1,Returning_Visitor,False,False
1,24.04,0,0.0,6,239.67,0.01,0.04,0.82,0.0,Mar,1,1,8,2,New_Visitor,False,False
4,144.08,0,0.5,54,2191.33,0.0,0.02,0.82,0.29,June,1,1,4,3,Returning_Visitor,False,True
0,0.0,0,0.5,6,239.67,0.0,0.01,5.38,0.0,Aug,2,4,1,4,New_Visitor,False,False
0,2.64,0,0.5,6,239.67,0.04,0.1,5.38,0.76,May,2,4,1,4,New_Visitor,True,False
1,24.04,0,0.5,19,574.72,0.0,0.02,6.28,0.0,Mar,2,5,1,2,Returning_Visitor,False,True
1,24.04,0,0.5,6,239.67,0.0,0.02,0.0,0.0,Mar,2,10,3,2,Returning_Visitor,True,False
6,202.83,2,116.22,23,613.9,0.0,0.02,3.73,0.31,Sep,2,5,3,2,New_Visitor,False,False
0,0.0,0,0.5,6,239.67,0.04,0.1,0.0,0.76,Feb,2,2,1,3,Returning_Visitor,False,False
4,134.61,0,0.5,87,3166.33,0.0,0.0,0.82,0.31,June,1,1,8,1,Returning_Visitor,True,False
1,24.04,0,0.0,17,831.39,0.03,0.06,5.38,0.0,May,3,2,1,3,Returning_Visitor,False,False
6,182.51,1,85.0,54,2191.33,0.0,0.02,5.38,0.76,May,1,1,2,4,New_Visitor,False,True
0,0.0,0,0.5,87,3564.59,0.0,0.02,5.38,0.0,Nov,2,2,4,2,Returning_Visitor,False,False
1,24.04,0,0.5,38,1250.68,0.0,0.02,0.82,0.01,June,2,2,1,4,New_Visitor,False,False
1,24.04,0,0.0,6,239.67,0.0,0.02,0.82,0.0,Mar,2,10,3,2,New_Visitor,True,True
4,144.08,0,0.5,7,239.67,0.01,0.03,0.0,0.76,May,3,2,1,4,New_Visitor,False,False
1,24.04,0,0.5,6,239.67,0.0,0.02,0.0,0.0,Nov,2,5,3,2,New_Visitor,False,False
0,2.64,0,0.5,6,5.0,0.0,0.02,0.82,0.0,Mar,1,1,1,1,Returning_Visitor,False,False
1,24.04,2,26.0,23,817.42,0.01,0.04,5.38,0.0,Nov,2,4,6,1,Returning_Visitor,False,False
0,0.0,0,0.0,6,239.67,0.0,0.02,4.75,0.0,Dec,1,8,1,19,Returning_Visitor,True,False
0,0.0,0,0.5,29,738.89,0.0,0.0,1.96,0.0,Dec,2,2,3,1,Returning_Visitor,True,False
0,0.0,0,0.0,41,1476.02,0.0,0.02,1.96,0.0,Sep,2,2,8,2,Returning_Visitor,False,False
0,0.0,0,0.5,19,583.17,0.01,0.03,0.0,0.29,May,1,1,4,3,Returning_Visitor,False,False
4,16.67,0,0.0,54,2191.33,0.0,0.02,5.38,0.0,Nov,2,2,4,8,Returning_Visitor,False,False
1,24.04,0,0.0,6,239.67,0.0,0.02,0.82,0.01,June,2,4,3,4,New_Visitor,False,False
4,134.61,0,0.5,54,2330.73,0.01,0.03,5.38,0.0,Nov,1,1,8,2,New_Visitor,False,False
1,227.6,0,0.0,6,239.67,0.02,0.02,5.38,0.0,Nov,1,1,1,3,Returning_Visitor,False,False
0,2.64,0,0.0,6,239.67,0.13,0.17,5.38,0.0,Nov,1,1,1,3,Returning_Visitor,False,False
2,57.25,0,0.5,6,239.67,0.04,0.06,0.0,0.0,Dec,2,10,3,2,Returning_Visitor,False,False
3,129.24,0,0.0,34,1254.0,0.0,0.02,5.38,0.0,Nov,2,2,7,2,New_Visitor,True,False
1,24.04,0,0.5,6,239.67,0.03,0.07,0.0,0.31,May,2,2,1,1,Returning_Visitor,False,False
0,0.0,0,0.0,6,55.0,0.01,0.05,1.38,0.0,Mar,2,2,1,1,Returning_Visitor,False,False
0,0.0,0,0.5,1,239.67,0.2,0.2,0.0,0.0,May,1,8,1,17,Returning_Visitor,True,False
0,2.64,2,29.5,7,239.67,0.0,0.02,5.38,0.31,May,3,2,8,1,Returning_Visitor,False,False
11,631.42,5,1037.15,54,2191.33,0.0,0.02,5.38,0.01,May,2,2,1,4,Returning_Visitor,True,True
3,56.5,0,0.5,137,4803.83,0.01,0.04,0.82,0.31,June,2,2,8,2,Returning_Visitor,True,False
2,67.6,0,0.5,8,183.8,0.0,0.02,5.38,0.0,Nov,1,1,1,2,New_Visitor,False,False
7,147.79,1,50.54,28,1246.12,0.0,0.02,11.28,0.76,May,2,2,1,4,Returning_Visitor,False,False
1,24.04,0,0.0,6,239.67,0.0,0.02,0.0,0.0,May,2,4,1,4,Returning_Visitor,True,False
0,2.64,0,0.5,15,595.6,0.01,0.04,0.0,0.31,May,2,4,1,1,Returning_Visitor,False,False
8,202.0,0,0.0,142,5107.03,0.0,0.02,8.3,0.0,Aug,2,5,3,1,Returning_Visitor,False,False
1,24.04,1,50.54,6,239.67,0.01,0.04,5.38,0.0,Nov,1,1,8,2,Returning_Visitor,False,False
1,24.04,0,0.0,6,239.67,0.0,0.01,0.0,0.76,May,2,6,2,4,New_Visitor,False,False
0,0.0,0,0.0,6,161.0,0.0,0.02,0.82,0.01,June,2,5,3,4,New_Visitor,False,False
2,20.0,0,0.5,6,242.0,0.02,0.04,0.0,0.0,Nov,2,2,3,11,Returning_Visitor,False,False
0,0.0,0,0.5,6,112.0,0.0,0.02,5.38,0.31,May,2,5,3,10,Returning_Visitor,False,False
0,0.0,0,0.5,2,239.67,0.01,0.03,0.82,0.0,Mar,1,1,1,1,Returning_Visitor,False,False
1,24.04,0,0.5,10,239.67,0.0,0.02,0.82,0.31,June,1,1,1,2,Returning_Visitor,True,False
12,480.95,7,623.41,142,5142.86,0.0,0.02,0.0,0.0,Jul,2,2,1,4,Returning_Visitor,False,True
1,18.0,0,0.0,8,272.33,0.0,0.02,0.0,0.6,May,2,2,3,3,Returning_Visitor,False,False
1,24.04,0,0.5,3,239.67,0.0,0.02,5.38,0.6,May,1,1,3,4,Returning_Visitor,False,False
1,36.0,0,0.0,34,1155.81,0.01,0.04,0.82,0.6,June,1,1,1,4,Returning_Visitor,False,False
1,24.04,2,21.0,14,439.52,0.0,0.02,1.38,0.0,Mar,1,1,8,2,Returning_Visitor,False,False
6,182.51,2,108.0,14,562.67,0.0,0.02,0.0,0.6,May,1,1,1,3,Returning_Visitor,False,False
1,24.04,0,0.5,19,534.0,0.0,0.02,0.0,0.0,Nov,2,2,1,2,Returning_Visitor,True,False
6,202.0,0,0.5,124,3197.29,0.01,0.02,7.06,0.01,May,3,2,1,4,Returning_Visitor,True,False
1,24.04,0,0.5,33,1155.81,0.0,0.02,0.0,0.29,May,2,10,3,3,Returning_Visitor,False,False
0,2.64,0,0.0,1,0.0,0.2,0.2,0.0,0.0,May,1,1,1,15,Returning_Visitor,False,False
6,182.51,1,50.54,21,585.39,0.0,0.01,5.38,0.31,May,2,5,3,1,New_Visitor,False,True
1,24.04,2,5.0,5,122.4,0.03,0.04,0.82,0.29,June,2,2,4,4,Returning_Visitor,True,False
0,0.0,0,0.0,3,8.0,0.0,0.02,0.0,0.0,Mar,2,10,3,2,Returning_Visitor,True,False
6,182.51,1,0.0,54,2191.33,0.01,0.02,5.38,0.0,Nov,1,1,4,2,Returning_Visitor,True,False
1,24.04,0,0.5,6,239.67,0.0,0.02,5.38,0.76,May,2,4,3,4,Returning_Visitor,False,False
1,24.04,0,0.5,36,1155.81,0.0,0.0,0.0,0.0,Nov,2,2,3,10,New_Visitor,False,False
0,2.64,0,0.5,59,2191.33,0.0,0.02,7.73,0.4,May,2,2,3,1,Returning_Visitor,False,False
0,0.0,0,0.0,29,1206.0,0.0,0.02,0.82,0.0,Mar,2,5,3,1,Returning_Visitor,False,False
0,0.0,0,0.5,6,239.67,0.0,0.02,5.38,0.29,May,1,1,4,3,Returning_Visitor,True,False
3,129.24,1,50.54,6,132.23,0.0,0.01,0.0,0.29,May,3,2,1,18,Returning_Visitor,False,False
1,24.04,0,0.0,6,239.67,0.0,0.02,0.0,0.0,Dec,1,1,1,2,New_Visitor,False,False
0,2.64,0,0.0,26,897.67,0.0,0.02,5.38,0.0,May,3,2,1,4,New_Visitor,False,True
9,1047.34,0,0.5,6,95.0,0.0,0.02,61.53,0.0,May,8,13,9,17,Other,False,False
0,0.0,0,0.5,8,239.67,0.0,0.02,1.96,0.0,Dec,2,4,3,2,New_Visitor,False,False
2,57.25,0,0.5,7,239.67,0.0,0.02,0.82,0.01,June,2,2,3,3,Returning_Visitor,False,False
0,0.0,0,0.5,12,1287.0,0.0,0.02,5.38,0.4,May,3,2,2,1,Returning_Visitor,False,False
0,2.64,0,0.5,6,239.67,0.0,0.02,5.38,0.76,May,2,2,1,4,New_Visitor,False,False
1,24.04,0,0.5,25,836.58,0.0,0.02,0.82,0.0,Mar,3,2,3,1,Returning_Visitor,False,False
1,24.04,0,0.0,6,239.67,0.0,0.01,0.0,0.31,May,3,2,4,2,New_Visitor,True,False
4,97.5,1,50.54,23,758.14,0.04,0.09,0.0,0.0,Mar,3,2,1,1,Returning_Visitor,True,False
1,24.04,0,0.5,6,239.67,0.0,0.02,0.82,0.0,Mar,4,5,1,5,Returning_Visitor,True,False
5,210.78,1,50.54,33,1155.81,0.0,0.02,5.38,0.76,May,3,2,3,4,New_Visitor,False,True
0,2.64,0,0.5,70,2701.96,0.0,0.01,0.0,0.29,May,2,2,1,8,Returning_Visitor,False,False
6,202.0,0,0.0,23,641.69,0.0,0.02,0.0,0.0,Nov,3,5,3,13,Returning_Visitor,False,False
0,0.0,0,0.0,6,239.67,0.0,0.06,5.38,0.29,May,1,1,1,4,Returning_Visitor,False,False
2,48.5,0,0.5,14,396.17,0.0,0.01,5.38,0.0,Nov,3,2,5,1,Returning_Visitor,False,False
1,24.04,0,0.5,6,239.67,0.0,0.02,1.96,0.0,Dec,3,2,3,2,Returning_Visitor,False,False
3,129.24,1,50.54,8,343.58,0.0,0.02,0.82,0.0,Mar,2,5,3,2,Returning_Visitor,False,False
1,24.04,1,21.0,6,239.67,0.0,0.02,5.38,0.0,May,1,1,1,4,Returning_Visitor,True,False
10,514.08,2,67.5,178,5142.86,0.0,0.02,0.0,0.29,May,3,2,1,8,Returning_Visitor,False,True
1,12.07,0,0.0,6,239.67,0.0,0.02,1.96,0.0,Sep,1,1,1,4,New_Visitor,False,True
4,144.08,0,0.5,23,731.0,0.0,0.02,5.38,0.0,Nov,1,1,4,2,New_Visitor,True,False
6,159.33,1,50.54,54,2191.33,0.0,0.02,5.38,0.0,May,2,2,4,4,New_Visitor,True,False
0,2.64,0,0.5,6,17.0,0.0,0.02,0.0,0.31,May,4,1,1,10,Returning_Visitor,True,False
0,0.0,0,0.5,6,35.2,0.0,0.02,0.82,0.29,June,2,5,3,3,Returning_Visitor,False,False
0,2.64,0,0.5,72,2701.96,0.0,0.02,5.38,0.0,Nov,2,5,3,2,Returning_Visitor,False,False
1,24.04,0,0.0,6,5.0,0.04,0.1,0.0,0.0,Nov,2,5,3,2,Returning_Visitor,False,False
0,0.0,0,0.0,6,239.67,0.0,0.01,47.58,0.0,Oct,2,10,3,10,Returning_Visitor,True,True
1,24.04,0,0.5,6,239.67,0.0,0.02,0.82,0.76,June,2,4,3,2,New_Visitor,True,False
6,202.0,0,0.0,15,143.75,0.08,0.12,5.38,0.31,May,3,5,3,13,Returning_Visitor,False,False
1,24.04,0,0.5,6,239.67,0.0,0.05,0.0,0.76,May,2,2,3,3,Returning_Visitor,False,False
1,24.04,0,0.5,24,754.3,0.0,0.02,0.0,0.0,Nov,2,10,3,2,New_Visitor,False,False
1,24.04,0,0.5,14,401.17,0.0,0.01,0.0,0.76,May,1,1,1,3,Returning_Visitor,False,False
0,2.64,0,0.5,6,239.67,0.0,0.02,65.87,0.0,May,4,1,7,3,Other,False,False
1,0.0,0,0.5,6,0.0,0.2,0.2,0.82,0.01,June,2,4,3,4,New_Visitor,False,False
1,24.04,0,0.5,13,595.6,0.05,0.05,0.82,0.01,June,3,2,1,3,Returning_Visitor,True,False
2,57.25,0,0.0,22,650.67,0.03,0.06,0.0,0.31,May,2,2,3,1,Returning_Visitor,False,False
6,202.0,2,123.55,64,2121.3,0.0,0.02,4.87,0.29,May,3,3,3,4,Returning_Visitor,True,False
1,24.04,0,0.0,8,239.67,0.0,0.02,1.38,0.0,Mar,4,1,1,2,Returning_Visitor,True,False
1,24.04,0,0.5,6,239.67,0.0,0.02,5.38,0.0,Nov,3,2,1,1,Returning_Visitor,True,False
1,24.04,0,0.5,6,239.67,0.2,0.2,5.38,0.0,Nov,1,1,1,1,Returning_Visitor,False,False
1,24.04,0,0.0,6,239.67,0.0,0.01,5.38,0.76,May,2,4,3,3,Returning_Visitor,False,False
0,2.64,1,0.0,28,1062.81,0.0,0.02,0.0,0.0,Nov,2,4,3,2,New_Visitor,False,False
3,53.5,0,0.0,87,3801.68,0.0,0.02,0.91,0.01,Feb,2,4,3,4,Returning_Visitor,True,False
5,246.25,1,9.0,54,2191.33,0.0,0.02,0.82,0.0,Mar,1,1,1,2,Returning_Visitor,True,False
4,106.9,1,50.54,54,2191.33,0.0,0.02,5.38,0.01,Aug,2,4,3,4,Returning_Visitor,False,False
0,2.64,0,0.5,1,239.67,0.2,0.2,0.0,0.76,May,3,13,3,3,Returning_Visitor,False,False
1,24.04,0,0.5,6,239.67,0.0,0.02,5.38,0.76,May,2,2,6,4,Returning_Visitor,True,False
0,2.64,0,0.0,26,453.33,0.02,0.04,65.87,0.8,May,1,5,3,20,New_Visitor,False,False
1,24.04,0,0.0,6,239.67,0.0,0.02,0.0,0.0,Nov,2,2,1,2,Returning_Visitor,True,False
0,0.0,0,0.5,6,239.67,0.01,0.04,0.0,0.0,Nov,2,10,3,4,Returning_Visitor,False,False
1,24.04,0,0.5,6,239.67,0.0,0.02,0.0,0.0,Mar,1,1,1,2,Returning_Visitor,False,False
2,57.25,0,0.5,6,239.67,0.0,0.02,0.0,0.01,June,2,2,1,4,Returning_Visitor,False,False
6,202.0,0,0.5,6,239.67,0.0,0.02,0.0,0.29,May,1,8,2,11,Returning_Visitor,False,False
9,125.27,2,123.55,54,2191.33,0.0,0.02,0.82,0.31,June,2,5,3,2,Returning_Visitor,False,False
0,2.64,0,0.5,6,239.67,0.03,0.09,0.82,0.01,June,2,4,3,4,Returning_Visitor,True,False
1,24.04,0,0.5,6,239.67,0.0,0.01,5.38,0.31,May,2,4,3,2,Returning_Visitor,False,True
10,517.5,3,118.0,313,7428.18,0.0,0.02,6.98,0.76,May,2,2,3,12,Returning_Visitor,False,False
6,263.36,1,50.54,54,2191.33,0.01,0.04,5.38,0.0,Nov,3,4,3,1,Returning_Visitor,False,True
0,2.64,0,0.5,21,597.33,0.08,0.12,0.0,0.31,May,1,1,1,13,Returning_Visitor,False,False
0,0.0,0,0.5,6,239.67,0.2,0.2,0.82,0.0,June,3,3,1,3,Returning_Visitor,False,False
1,24.04,0,0.5,19,448.5,0.0,0.02,5.38,0.31,May,2,6,3,1,Returning_Visitor,True,False
1,24.04,0,0.5,2,239.67,0.04,0.09,0.0,0.31,May,2,2,1,2,Returning_Visitor,True,False
6,202.0,0,0.5,6,0.0,0.2,0.2,5.38,0.8,May,3,2,1,3,Returning_Visitor,False,False
6,218.83,0,0.0,28,916.46,0.0,0.02,5.38,0.31,May,1,1,1,2,Returning_Visitor,False,False
0,0.0,0,0.5,6,239.67,0.0,0.03,1.96,0.0,Dec,3,2,3,2,New_Visitor,False,False
1,24.04,0,0.5,6,239.67,0.0,0.02,0.0,0.76,May,1,1,1,4,New_Visitor,False,False
9,202.0,1,50.54,41,1438.85,0.0,0.02,0.82,0.0,Mar,1,1,1,2,Returning_Visitor,True,False
1,24.04,0,0.0,6,239.67,0.01,0.03,5.38,0.76,May,2,2,1,4,New_Visitor,False,False
1,24.04,0,0.5,37,839.21,0.0,0.02,5.38,0.0,Nov,2,10,3,2,New_Visitor,False,True
4,99.75,0,0.5,89,3195.76,0.0,0.02,5.38,0.0,Nov,2,2,1,2,New_Visitor,False,True
0,0.0,0,0.0,14,183.67,0.0,0.0,0.0,0.0,Mar,3,2,4,3,Returning_Visitor,False,False
1,24.04,0,0.0,48,1351.12,0.0,0.01,0.82,0.0,Mar,1,1,1,3,Returning_Visitor,False,False
6,202.0,2,116.22,54,2191.33,0.0,0.02,0.0,0.0,May,2,6,3,3,Returning_Visitor,False,False
1,24.04,0,0.0,6,239.67,0.0,0.02,0.82,0.01,June,2,2,3,3,Returning_Visitor,False,False
1,24.04,2,33.0,26,836.58,0.0,0.02,0.0,0.76,May,1,1,1,4,Returning_Visitor,True,False
6,154.0,0,0.0,18,836.58,0.0,0.02,1.38,0.0,Mar,2,10,3,2,Returning_Visitor,True,False
0,0.0,0,0.0,15,383.46,0.0,0.03,1.96,0.0,Dec,2,2,2,2,New_Visitor,False,False
0,0.0,0,0.0,6,253.1,0.0,0.02,0.82,0.0,Mar,2,10,3,1,Returning_Visitor,False,False
1,5.0,0,0.5,6,239.67,0.0,0.02,5.38,0.76,May,3,2,7,4,Returning_Visitor,True,False
0,2.64,0,0.5,6,239.67,0.0,0.02,29.87,0.31,May,2,2,3,10,Returning_Visitor,True,True
10,498.53,2,111.0,122,4137.11,0.0,0.02,86.58,0.29,May,1,1,4,3,Returning_Visitor,False,False
0,0.0,0,0.5,6,239.67,0.02,0.04,5.38,0.0,May,2,2,3,3,Returning_Visitor,False,False
1,24.04,0,0.5,6,239.67,0.0,0.04,5.38,0.0,Nov,1,1,1,2,New_Visitor,False,False
0,0.0,0,0.0,5,239.67,0.0,0.02,5.38,0.0,Nov,3,2,7,2,Returning_Visitor,True,False
1,24.04,0,0.5,27,836.58,0.0,0.01,11.99,0.0,Nov,1,1,1,2,Returning_Visitor,False,True
2,26.75,0,0.5,62,2466.22,0.01,0.04,0.0,0.0,Dec,2,4,1,2,New_Visitor,False,False
0,0.0,0,0.5,32,1155.81,0.0,0.01,5.38,0.0,Nov,1,1,8,2,New_Visitor,False,False
0,0.0,0,0.0,6,25.0,0.08,0.13,0.82,0.01,June,2,4,3,3,Returning_Visitor,False,False
4,73.9,0,0.5,58,3441.81,0.0,0.01,0.0,0.0,Nov,2,2,1,2,Returning_Visitor,True,False
4,145.2,1,50.54,54,2191.33,0.0,0.02,0.0,0.0,Sep,3,2,1,1,Returning_Visitor,False,False
1,24.04,0,0.5,6,239.67,0.0,0.02,0.82,0.01,June,1,1,1,4,New_Visitor,False,False
1,24.04,0,0.5,37,1155.81,0.0,0.02,0.0,0.01,May,2,4,1,4,New_Visitor,True,False
0,2.64,0,0.5,10,338.5,0.0,0.02,5.38,0.31,May,2,5,3,1,Returning_Visitor,False,True
1,24.04,0,0.5,3,43.5,0.0,0.02,0.0,0.0,Dec,1,1,1,8,Returning_Visitor,False,False
1,19.0,0,0.5,11,239.67,0.0,0.02,5.38,0.76,May,2,2,4,3,Returning_Visitor,False,True
1,24.04,0,0.0,48,1351.12,0.0,0.01,5.38,0.01,May,1,1,1,4,Returning_Visitor,False,False
1,24.04,0,0.5,61,2466.22,0.0,0.02,0.82,0.01,June,1,1,1,3,Returning_Visitor,False,False
3,219.0,1,50.54,12,526.33,0.0,0.02,5.38,0.0,Nov,1,1,3,2,Returning_Visitor,False,False
1,24.04,0,0.5,6,176.5,0.04,0.09,5.38,0.76,May,2,4,1,3,Returning_Visitor,False,False
1,24.04,2,42.4,6,239.67,0.0,0.02,5.38,0.31,May,2,4,6,2,Returning_Visitor,False,False
0,0.0,0,0.5,14,402.33,0.03,0.06,0.0,0.76,May,1,1,1,3,Returning_Visitor,False,False
0,2.64,0,0.5,6,239.67,0.2,0.2,5.38,0.29,May,2,10,3,3,Returning_Visitor,True,False
0,0.0,0,0.0,23,623.2,0.0,0.02,0.0,0.0,Jul,2,2,4,1,Returning_Visitor,True,False
4,129.62,1,50.54,25,389.41,0.01,0.02,0.0,0.76,May,2,2,3,4,Returning_Visitor,True,False
1,24.04,0,0.0,6,239.67,0.01,0.05,5.38,0.31,May,2,2,2,1,Returning_Visitor,False,False
1,24.04,0,0.5,6,239.67,0.0,0.02,65.87,0.31,May,1,5,3,19,Returning_Visitor,False,False
6,202.0,0,0.5,6,239.67,0.0,0.02,0.0,0.6,May,3,2,1,3,Returning_Visitor,False,False
6,202.0,3,106.8,104,4240.04,0.0,0.01,0.82,0.0,Mar,3,2,1,1,Returning_Visitor,False,False
1,24.04,0,0.5,6,239.67,0.01,0.03,0.0,0.0,Nov,2,2,1,4,Returning_Visitor,True,False
4,144.08,0,0.0,44,1351.12,0.0,0.01,5.38,0.0,Oct,2,2,4,1,Returning_Visitor,False,True
0,0.0,0,0.0,14,354.25,0.0,0.02,5.38,0.76,May,1,1,6,3,Returning_Visitor,False,True
4,144.08,0,0.0,32,1155.81,0.01,0.02,5.38,0.31,May,3,2,1,2,Returning_Visitor,True,True
1,24.04,0,0.5,8,239.67,0.0,0.02,0.82,0.76,June,1,1,1,2,New_Visitor,True,False
2,57.25,0,0.0,6,239.67,0.0,0.02,5.38,0.0,Nov,3,3,2,2,New_Visitor,False,True
1,24.04,1,50.54,6,239.67,0.0,0.01,21.83,0.31,May,2,2,1,2,Returning_Visitor,True,True
1,3.0,2,63.5,142,5250.89,0.0,0.02,0.0,0.76,May,2,2,1,4,New_Visitor,True,False
3,273.66,0,0.0,24,836.58,0.0,0.02,0.82,0.01,June,3,2,3,3,Returning_Visitor,False,False
10,596.19,3,141.0,54,2191.33,0.0,0.02,0.0,0.0,Mar,2,4,1,10,Returning_Visitor,True,False
2,56.25,0,0.0,6,239.67,0.0,0.02,0.82,0.0,Mar,3,2,1,2,New_Visitor,False,False
1,7.0,0,0.5,6,239.67,0.01,0.03,1.85,0.0,May,2,5,3,3,Returning_Visitor,False,False
2,2.0,3,272.2,0,239.67,0.04,0.09,0.0,0.0,May,2,2,3,14,New_Visitor,True,False
1,24.04,0,0.0,12,208.0,0.05,0.08,0.82,0.0,Mar,2,2,1,1,Returning_Visitor,False,False
1,24.04,1,8.0,6,239.67,0.0,0.02,38.41,0.29,May,1,1,1,3,Returning_Visitor,False,False
7,250.33,1,50.54,6,180.33,0.0,0.02,0.0,0.31,May,1,1,1,2,Returning_Visitor,True,False
0,2.64,0,0.0,6,0.0,0.2,0.2,0.0,0.0,Nov,2,5,1,1,Returning_Visitor,True,False
0,2.64,0,0.0,6,239.67,0.0,0.05,0.0,0.0,Oct,7,13,9,20,Other,False,False
1,24.04,0,0.5,23,836.58,0.0,0.02,1.96,0.0,Dec,1,1,1,2,New_Visitor,False,False
4,88.0,0,0.0,54,2191.33,0.02,0.05,0.0,0.01,May,1,1,1,4,Returning_Visitor,True,False
0,0.0,0,0.0,5,239.67,0.0,0.02,0.82,0.01,June,2,4,3,4,New_Visitor,False,False
0,2.64,0,0.0,15,212.8,0.02,0.04,1.38,0.0,Mar,2,10,3,1,Returning_Visitor,False,False
1,24.04,0,0.0,37,592.84,0.0,0.02,0.0,0.29,May,2,2,1,11,Returning_Visitor,False,False
1,24.04,0,0.0,6,239.67,0.0,0.02,5.38,0.0,Nov,4,1,1,2,Returning_Visitor,False,False
1,24.04,1,6.0,6,239.67,0.0,0.02,0.82,0.0,Mar,2,4,3,2,New_Visitor,True,True
4,134.61,2,17.75,142,6203.69,0.01,0.02,0.0,0.31,May,1,1,1,2,Returning_Visitor,False,False
0,0.0,0,0.0,21,987.9,0.01,0.02,0.0,0.76,May,2,4,2,4,Returning_Visitor,False,False
0,0.0,0,0.0,6,239.67,0.0,0.0,0.0,0.31,May,1,1,1,5,Returning_Visitor,False,False
1,24.04,0,0.5,1,0.0,0.2,0.2,0.0,0.0,Nov,1,8,1,19,Returning_Visitor,True,False
1,24.04,0,0.5,54,2049.46,0.0,0.02,29.46,0.31,May,3,2,3,1,Returning_Visitor,False,False
0,0.0,0,0.0,8,332.0,0.0,0.02,5.38,0.0,Nov,1,1,4,2,New_Visitor,True,True
4,120.0,1,50.54,50,1859.08,0.0,0.02,0.82,0.01,June,1,1,1,3,Returning_Visitor,False,True
4,74.25,2,84.0,37,1155.81,0.0,0.01,5.38,0.0,Nov,2,2,4,1,Returning_Visitor,False,False
1,24.04,0,0.0,2,0.0,0.2,0.2,5.38,0.76,May,2,2,1,4,Returning_Visitor,True,False
1,24.04,1,50.54,6,239.67,0.0,0.02,5.38,0.76,May,2,2,3,3,Returning_Visitor,False,False
1,24.04,0,0.5,22,836.58,0.02,0.04,0.0,0.0,Nov,2,10,3,1,Returning_Visitor,False,False
2,57.25,0,0.0,6,239.67,0.0,0.02,0.0,0.76,May,2,4,3,3,Returning_Visitor,False,False
6,202.0,0,0.0,24,1737.0,0.01,0.02,23.52,0.0,Nov,1,1,6,10,Returning_Visitor,True,True
6,202.0,0,0.5,6,239.67,0.0,0.02,0.0,0.4,Feb,1,1,6,3,Returning_Visitor,False,False
0,2.64,0,0.5,20,806.5,0.01,0.04,5.38,0.29,May,1,1,1,3,Returning_Visitor,False,False
4,116.96,1,50.54,19,539.23,0.02,0.01,0.82,0.0,Jul,1,1,1,4,Returning_Visitor,False,True
1,24.04,0,0.5,6,239.67,0.0,0.01,0.0,0.0,Nov,2,4,9,2,Returning_Visitor,False,False
14,1337.06,2,250.14,54,2191.33,0.0,0.01,61.53,0.01,May,1,1,7,17,Returning_Visitor,False,True
1,24.04,0,0.5,6,239.67,0.0,0.02,0.0,0.76,May,2,2,3,4,Returning_Visitor,False,False
14,446.23,1,50.54,156,5142.86,0.0,0.02,2.99,1.0,June,3,2,6,2,Returning_Visitor,True,False
1,24.04,0,0.0,17,836.58,0.01,0.03,5.38,0.76,May,2,2,1,4,New_Visitor,False,False
1,24.04,0,0.0,6,239.67,0.2,0.2,0.82,0.01,June,2,4,3,4,New_Visitor,False,False
1,24.04,0,0.0,6,239.67,0.0,0.01,5.38,0.0,Nov,2,2,1,2,New_Visitor,False,False
2,46.3,0,0.5,2,9.0,0.0,0.02,1.96,0.31,Sep,2,2,1,2,New_Visitor,False,False
1,24.04,0,0.0,29,743.17,0.0,0.02,0.82,0.0,Mar,2,10,3,2,New_Visitor,False,False
1,24.04,0,0.5,6,239.67,0.0,0.02,0.0,0.0,Nov,2,2,4,10,Returning_Visitor,True,False
1,24.04,0,0.0,5,70.0,0.03,0.08,0.82,0.01,June,2,4,3,3,Returning_Visitor,False,False
0,0.0,0,0.5,30,1254.3,0.01,0.02,0.0,0.0,Nov,1,1,3,2,Returning_Visitor,True,False
1,24.04,0,0.5,6,239.67,0.0,0.02,0.82,0.01,June,2,4,3,3,Returning_Visitor,False,False
1,24.04,0,0.5,12,442.89,0.01,0.04,26.23,0.29,May,2,5,3,4,Returning_Visitor,False,True
0,0.0,0,0.5,9,239.67,0.0,0.02,0.82,0.0,Jul,2,5,3,2,New_Visitor,False,True
1,24.04,0,0.5,65,2701.96,0.0,0.02,0.82,0.01,June,2,4,1,4,New_Visitor,False,False
0,2.64,0,0.0,6,239.67,0.0,0.03,0.0,0.0,May,1,1,2,2,Returning_Visitor,False,False
1,24.04,0,0.0,13,595.6,0.0,0.02,0.0,0.76,May,2,4,3,4,New_Visitor,False,False
0,0.0,0,0.0,6,239.67,0.0,0.02,0.0,0.0,Oct,1,1,1,2,Returning_Visitor,True,False
1,24.04,0,0.5,6,239.67,0.0,0.02,5.38,0.0,Nov,2,2,3,2,Returning_Visitor,True,True
1,24.04,0,0.0,6,239.67,0.0,0.02,4.75,0.0,Dec,1,8,1,19,Returning_Visitor,True,False
9,202.0,1,50.54,54,2191.33,0.0,0.02,1.96,0.0,Dec,2,5,3,2,Returning_Visitor,True,False
8,202.0,0,0.5,20,836.58,0.0,0.02,61.53,0.76,May,2,13,3,1,Returning_Visitor,False,True
0,0.0,0,0.5,28,1010.63,0.0,0.02,0.82,0.31,June,2,5,3,2,Returning_Visitor,False,False
4,134.61,0,0.0,28,2743.22,0.01,0.04,0.82,0.0,Mar,2,10,3,2,Returning_Visitor,True,False
0,0.0,0,0.5,22,836.58,0.0,0.02,0.82,0.01,June,2,2,1,4,Returning_Visitor,True,False
1,24.04,0,0.5,6,188.0,0.0,0.02,4.75,0.0,Dec,8,13,9,16,Returning_Visitor,False,False
1,0.0,1,50.54,6,239.67,0.2,0.2,0.0,0.31,May,1,1,1,2,Returning_Visitor,True,False
6,178.5,2,314.0,19,836.58,0.0,0.02,5.38,0.29,May,1,1,1,4,Returning_Visitor,False,False
2,57.25,0,0.0,54,2281.58,0.03,0.06,0.0,0.01,May,2,4,3,4,New_Visitor,False,False
1,24.04,0,0.0,6,239.67,0.0,0.02,0.0,0.0,Nov,2,2,7,1,Returning_Visitor,False,False
1,24.04,0,0.5,31,1155.81,0.01,0.04,0.82,0.31,June,1,1,1,1,Returning_Visitor,False,True
1,24.04,0,0.5,6,812.35,0.0,0.02,5.38,0.01,Aug,3,2,1,4,Returning_Visitor,True,False
2,57.5,0,0.0,27,836.58,0.0,0.02,7.11,0.31,May,2,2,3,13,Returning_Visitor,False,False
1,24.04,0,0.5,6,239.67,0.01,0.03,0.0,0.0,Oct,3,2,2,1,Returning_Visitor,False,False
10,521.72,1,50.54,54,2191.33,0.0,0.02,6.18,0.0,Oct,1,1,1,2,Returning_Visitor,False,False
4,118.5,1,50.54,28,1155.81,0.0,0.02,0.82,0.0,Mar,2,4,3,2,Returning_Visitor,False,False
0,0.0,0,0.5,53,2191.33,0.01,0.03,0.0,0.31,May,1,1,1,6,Returning_Visitor,False,False
0,0.0,0,0.5,7,239.67,0.06,0.09,5.38,0.76,May,2,2,3,4,Returning_Visitor,False,False
6,202.0,5,900.5,24,836.58,0.0,0.02,0.82,0.31,June,1,1,8,2,New_Visitor,True,False
0,2.64,0,0.5,6,239.67,0.0,0.02,0.0,0.01,June,2,4,1,4,Returning_Visitor,False,False
1,24.04,0,0.5,29,1197.7,0.0,0.02,38.0,0.0,Nov,2,2,1,2,New_Visitor,False,True
6,261.56,0,0.0,8,332.58,0.0,0.0,0.0,0.76,May,2,13,9,17,Returning_Visitor,False,False
1,24.04,0,0.5,18,836.58,0.01,0.04,5.38,0.76,May,1,1,8,4,New_Visitor,False,False
4,134.61,2,12.5,54,2191.33,0.01,0.04,5.38,0.0,Oct,2,4,3,2,New_Visitor,False,False
1,24.04,0,0.5,23,830.1,0.0,0.02,0.0,0.31,May,2,4,2,2,Returning_Visitor,False,False
10,541.12,0,0.0,87,3227.48,0.0,0.02,5.38,0.0,Nov,3,2,3,13,Returning_Visitor,False,False
0,0.0,0,0.0,11,216.0,0.0,0.02,5.38,0.0,May,2,5,3,3,Returning_Visitor,False,False
0,0.0,2,59.5,43,760.88,0.02,0.04,0.0,0.76,May,4,2,1,4,New_Visitor,True,False
1,24.04,0,0.5,6,239.67,0.0,0.01,0.0,0.0,May,1,1,1,4,Returning_Visitor,True,False
1,24.04,0,0.5,27,836.58,0.01,0.03,0.0,0.0,Nov,2,5,1,2,New_Visitor,False,False
0,0.0,0,0.5,2,239.67,0.05,0.07,1.38,0.76,Feb,2,3,1,4,New_Visitor,False,False
3,129.24,1,50.54,37,1305.53,0.02,0.04,5.38,0.01,Aug,1,1,1,4,New_Visitor,True,True
4,136.56,1,50.54,59,2191.33,0.0,0.02,8.57,0.0,Mar,2,4,2,2,Returning_Visitor,False,True
0,0.0,0,0.0,1,239.67,0.04,0.09,0.0,0.0,May,2,2,1,4,New_Visitor,True,False
10,655.18,0,0.0,42,3556.52,0.0,0.01,26.98,0.0,Dec,2,5,3,1,Returning_Visitor,True,False
1,24.04,0,0.0,6,192.08,0.0,0.02,0.0,0.76,May,1,1,1,3,Returning_Visitor,False,False
10,470.45,3,127.89,197,7926.66,0.0,0.02,3.36,0.0,Nov,1,1,1,2,New_Visitor,False,True
0,2.64,0,0.5,6,239.67,0.03,0.07,5.38,0.76,May,2,2,2,4,New_Visitor,False,False
1,24.04,0,0.5,6,92.5,0.08,0.12,0.0,0.76,May,3,2,1,3,Returning_Visitor,False,False
0,0.0,0,0.5,20,836.58,0.0,0.02,5.38,0.31,May,2,5,3,13,Returning_Visitor,False,False
6,202.0,6,387.5,25,836.58,0.0,0.02,0.0,0.29,May,3,2,1,4,Returning_Visitor,False,False
4,785.22,0,0.5,8,450.8,0.0,0.02,29.87,0.76,May,2,2,3,3,Returning_Visitor,False,False
0,0.0,0,0.0,6,239.67,0.01,0.04,5.38,0.76,May,2,2,1,3,Returning_Visitor,False,False
2,36.0,0,0.5,9,239.67,0.0,0.02,0.82,0.0,Mar,2,2,3,1,Returning_Visitor,False,False
1,24.04,0,0.5,8,323.37,0.02,0.03,0.82,0.0,Mar,2,2,1,2,New_Visitor,True,False
1,24.04,0,0.5,6,239.67,0.0,0.02,0.0,0.0,Nov,2,2,7,1,Returning_Visitor,False,False
1,24.04,0,0.0,6,239.67,0.02,0.02,88.39,0.0,Oct,2,13,1,10,Returning_Visitor,False,True
1,24.04,0,0.0,23,797.33,0.0,0.0,5.38,0.0,May,3,2,1,4,Returning_Visitor,True,False
0,2.64,0,0.5,6,239.67,0.03,0.09,5.38,0.6,May,2,2,3,3,Returning_Visitor,False,False
1,24.04,0,0.0,7,305.5,0.01,0.03,0.0,0.29,May,2,2,1,3,Returning_Visitor,False,False
3,67.17,0,0.5,54,2495.62,0.0,0.02,5.38,0.31,May,2,2,3,2,Returning_Visitor,False,False
1,24.04,1,50.54,5,298.0,0.0,0.02,5.38,0.29,May,2,2,8,3,Returning_Visitor,False,False
1,24.04,0,0.5,6,239.67,0.0,0.02,0.0,0.0,Mar,2,2,1,2,New_Visitor,False,False
1,24.04,0,0.0,4,239.67,0.06,0.04,5.38,0.31,Aug,2,2,1,1,Returning_Visitor,False,False
0,0.0,0,0.5,48,1351.12,0.0,0.02,0.82,0.31,June,2,5,3,1,Returning_Visitor,False,False
1,24.04,0,0.5,6,118.0,0.0,0.02,0.82,0.01,June,2,4,3,4,New_Visitor,False,False
3,129.24,0,0.0,159,2184.48,0.0,0.02,0.0,0.29,May,2,5,3,4,Returning_Visitor,True,False
0,0.0,0,0.5,6,239.67,0.01,0.03,5.38,0.6,May,2,10,3,3,Returning_Visitor,False,False
1,24.04,0,0.5,21,836.58,0.0,0.02,0.82,0.0,Mar,1,1,4,4,Returning_Visitor,True,True
4,144.08,1,50.54,54,2191.33,0.0,0.01,0.82,0.0,Mar,2,5,3,2,New_Visitor,True,False
4,144.08,0,0.0,54,2191.33,0.0,0.02,5.38,0.76,May,3,4,7,4,New_Visitor,True,False
0,0.0,0,0.5,6,239.67,0.0,0.02,0.0,0.0,Mar,3,3,1,2,Returning_Visitor,False,False
1,24.04,0,0.5,6,239.67,0.0,0.02,1.38,0.0,Mar,1,1,1,1,Returning_Visitor,False,False
1,24.04,0,0.0,29,1155.81,0.01,0.03,0.82,0.0,Mar,2,10,3,2,New_Visitor,False,True
1,24.04,0,0.5,6,239.67,0.0,0.02,0.0,0.0,Nov,2,2,3,1,Returning_Visitor,False,True
6,202.0,3,419.0,22,836.58,0.0,0.02,1.38,0.0,Mar,1,1,1,2,New_Visitor,False,False
1,24.04,0,0.5,31,1383.17,0.0,0.02,0.0,0.76,May,2,4,3,3,Returning_Visitor,False,False
4,91.0,3,338.0,19,451.0,0.0,0.01,5.38,0.31,May,2,2,1,10,New_Visitor,False,True
0,2.64,0,0.5,6,0.0,0.2,0.2,5.38,0.0,Nov,1,1,1,13,Returning_Visitor,False,False
1,24.04,0,0.5,6,239.67,0.0,0.02,0.82,0.0,Mar,2,2,1,2,Returning_Visitor,True,False
4,144.08,0,0.0,46,2450.69,0.01,0.05,1.38,0.0,Mar,1,1,4,3,Returning_Visitor,False,False
0,0.0,0,0.0,4,41.0,0.0,0.02,0.0,0.0,Nov,3,2,2,1,Returning_Visitor,False,False
1,24.04,0,0.0,6,239.67,0.03,0.05,0.0,0.31,May,2,10,3,1,Returning_Visitor,False,False
10,470.45,2,55.5,54,2191.33,0.01,0.04,0.0,0.01,May,1,1,1,3,Returning_Visitor,False,True
6,202.0,1,50.54,142,6137.14,0.01,0.03,18.23,0.31,June,1,1,8,2,Returning_Visitor,True,False
1,24.04,0,0.5,34,817.43,0.0,0.02,0.0,0.01,May,2,4,3,4,Returning_Visitor,True,False
0,2.64,0,0.5,21,836.58,0.03,0.05,0.0,0.76,May,2,4,1,4,Returning_Visitor,True,False
1,24.04,0,0.0,6,239.67,0.0,0.01,0.82,0.76,June,1,1,8,2,New_Visitor,False,False
0,0.0,0,0.0,10,239.67,0.0,0.02,5.38,0.0,May,2,4,1,4,New_Visitor,False,False
0,0.0,0,0.0,39,609.5,0.0,0.02,1.38,0.0,Mar,2,5,3,2,Returning_Visitor,True,False
1,24.04,0,0.5,6,143.5,0.0,0.02,0.82,0.0,Mar,2,10,3,2,New_Visitor,False,False
1,24.04,0,0.0,4,239.67,0.0,0.05,0.82,0.0,Mar,1,1,1,2,New_Visitor,False,False
1,24.04,0,0.5,8,426.67,0.0,0.02,0.0,0.76,May,2,4,1,3,Returning_Visitor,False,False
2,38.0,0,0.5,6,239.67,0.0,0.02,1.38,0.0,Mar,2,7,3,2,Returning_Visitor,True,False
1,24.04,0,0.5,13,796.0,0.0,0.01,1.38,0.0,Mar,1,1,5,2,Returning_Visitor,True,False
1,24.04,0,0.5,6,239.67,0.01,0.03,65.87,0.0,Nov,2,2,1,20,Returning_Visitor,False,True
6,182.51,0,0.0,54,2191.33,0.0,0.01,0.82,0.0,Mar,1,1,8,2,New_Visitor,False,False
1,24.04,0,0.5,6,239.67,0.01,0.04,5.38,0.0,Nov,3,2,5,1,Returning_Visitor,False,False
1,24.04,0,0.0,6,239.67,0.0,0.02,0.0,0.0,Dec,1,1,1,1,Returning_Visitor,False,False
0,0.0,0,0.5,5,239.67,0.01,0.03,0.82,0.31,June,2,5,3,6,Returning_Visitor,False,False
1,24.04,0,0.0,19,587.69,0.0,0.02,5.38,0.29,May,2,10,3,3,Returning_Visitor,False,False
2,52.5,0,0.5,6,239.67,0.0,0.02,0.0,0.0,Nov,3,5,7,11,Returning_Visitor,False,False
1,24.04,0,0.0,3,239.67,0.08,0.13,0.82,0.01,June,2,3,1,3,Returning_Visitor,False,False
0,2.64,0,0.5,6,239.67,0.0,0.01,0.82,0.76,June,2,5,1,2,New_Visitor,False,False
4,144.08,1,50.54,14,595.6,0.0,0.02,5.38,0.76,May,2,2,1,11,Returning_Visitor,False,False
1,24.04,0,0.5,21,434.5,0.0,0.02,0.82,0.0,Mar,2,4,3,1,Returning_Visitor,False,False
2,37.5,0,0.5,5,65.5,0.03,0.06,0.0,0.0,Nov,1,1,4,3,New_Visitor,False,False
1,24.04,0,0.5,28,1529.3,0.0,0.02,0.82,0.0,Mar,3,2,1,2,Returning_Visitor,False,False
1,24.04,0,0.5,6,239.67,0.0,0.02,0.82,0.0,Mar,2,2,1,2,Returning_Visitor,True,False
10,208.51,1,50.54,17,836.58,0.0,0.02,0.82,0.76,June,2,2,3,9,Returning_Visitor,True,False
1,24.04,0,0.5,13,1600.0,0.0,0.02,0.82,0.01,June,2,4,3,4,New_Visitor,False,False
0,0.0,0,0.5,6,159.0,0.0,0.02,0.0,0.0,Mar,2,2,1,2,New_Visitor,False,False
0,2.64,0,0.5,8,239.67,0.02,0.04,0.0,0.0,Nov,3,2,1,2,New_Visitor,False,False
1,24.04,1,18.0,8,298.0,0.0,0.02,19.67,0.0,Mar,3,2,1,1,Returning_Visitor,True,False
10,490.33,3,298.0,54,2409.88,0.0,0.02,10.13,0.01,May,3,2,1,3,Returning_Visitor,False,False
0,2.64,0,0.5,6,239.67,0.0,0.02,0.82,0.01,June,2,2,1,4,Returning_Visitor,True,False
0,0.0,0,0.0,8,64.6,0.0,0.02,0.82,0.01,June,3,2,2,3,Returning_Visitor,False,False
6,182.51,1,50.54,120,4137.11,0.0,0.02,5.92,0.01,May,2,2,1,4,Returning_Visitor,True,False
1,24.04,0,0.0,6,239.67,0.01,0.03,0.82,0.0,Mar,1,1,1,2,New_Visitor,True,False
0,2.64,0,0.0,23,804.04,0.0,0.02,0.82,0.0,June,3,2,1,3,Returning_Visitor,False,False
0,0.0,0,0.5,6,239.67,0.0,0.02,5.38,0.0,Nov,2,4,3,2,New_Visitor,False,False
10,513.94,0,0.5,150,4760.78,0.0,0.02,0.0,0.0,Nov,1,1,1,13,Returning_Visitor,False,False
1,24.04,0,0.0,115,3195.76,0.0,0.0,0.0,0.0,Oct,1,1,4,4,New_Visitor,False,False
10,403.0,0,0.0,54,2191.33,0.0,0.02,5.38,0.0,Nov,1,1,8,2,New_Visitor,False,False
1,5.0,3,292.0,35,1916.9,0.0,0.02,11.19,0.2,May,2,10,3,3,Returning_Visitor,False,True
1,5.0,0,0.5,65,2498.83,0.0,0.01,1.96,0.0,Dec,3,2,1,2,Returning_Visitor,True,False
1,5.5,0,0.0,54,1955.17,0.02,0.04,0.82,0.31,June,3,2,3,13,Returning_Visitor,True,False
0,0.0,0,0.0,6,239.67,0.01,0.03,0.82,0.0,Mar,1,2,8,2,Returning_Visitor,True,True
3,91.67,2,12.0,29,1155.81,0.0,0.02,1.96,0.0,Dec,2,5,3,1,Returning_Visitor,False,False
0,2.64,0,0.5,17,836.58,0.0,0.02,1.38,0.0,Mar,2,4,1,2,Returning_Visitor,False,True
0,2.64,0,0.5,6,239.67,0.01,0.03,0.82,0.0,Mar,2,2,3,1,Returning_Visitor,False,False
0,0.0,0,0.5,10,239.67,0.0,0.02,0.0,0.76,May,1,1,1,3,Returning_Visitor,False,False
1,24.04,0,0.5,8,239.67,0.0,0.02,0.0,0.76,May,1,1,1,3,Returning_Visitor,False,False
0,0.0,0,0.0,6,203.0,0.0,0.02,5.38,0.76,May,4,1,2,4,New_Visitor,False,False
0,2.64,0,0.0,23,725.9,0.0,0.02,0.0,0.0,Nov,2,10,3,2,New_Visitor,False,False
6,202.0,3,386.0,36,1155.81,0.0,0.01,0.82,0.76,June,2,2,1,2,New_Visitor,False,True
1,24.04,0,0.5,6,239.67,0.0,0.02,1.38,0.0,Mar,2,2,1,1,Returning_Visitor,True,True
4,67.5,0,0.5,27,834.67,0.0,0.02,0.0,0.0,Nov,3,2,1,1,Returning_Visitor,True,False
0,2.64,0,0.0,6,239.67,0.0,0.02,0.0,0.01,June,2,4,3,4,New_Visitor,False,False
1,24.04,0,0.5,23,725.2,0.01,0.02,0.82,0.01,June,2,4,3,4,New_Visitor,False,True
1,24.04,0,0.5,6,239.67,0.01,0.04,0.0,0.76,May,1,1,1,4,Returning_Visitor,True,False
5,154.08,6,1661.28,536,63973.52,0.01,0.03,5.38,0.0,Nov,1,1,1,2,Returning_Visitor,False,False
0,0.0,0,0.0,6,239.67,0.07,0.08,0.82,0.31,June,2,2,1,2,Returning_Visitor,False,False
1,24.04,0,0.5,56,2191.33,0.0,0.02,0.0,0.4,May,2,2,1,4,New_Visitor,False,False
10,576.31,3,211.0,153,5142.86,0.0,0.01,5.91,0.0,Dec,2,2,1,1,Returning_Visitor,False,False
1,24.04,0,0.5,28,988.26,0.0,0.02,1.96,0.0,Dec,1,1,8,2,Returning_Visitor,True,False
0,2.64,0,0.0,40,1250.68,0.0,0.02,5.38,0.76,May,2,4,3,4,New_Visitor,False,False
2,42.0,0,0.0,34,1266.5,0.0,0.02,5.38,0.31,May,2,4,6,1,Returning_Visitor,False,False
5,75.5,1,50.54,24,836.58,0.0,0.02,0.0,0.0,Nov,2,2,6,1,Returning_Visitor,False,False
2,48.4,0,0.0,6,37.2,0.0,0.02,0.0,0.76,May,1,1,1,3,Returning_Visitor,False,False
1,24.04,0,0.0,6,239.67,0.01,0.04,1.38,0.0,Mar,1,2,9,1,Returning_Visitor,False,False
1,24.04,0,0.5,6,0.0,0.2,0.2,0.0,0.4,May,3,2,4,13,Returning_Visitor,False,False
1,24.04,0,0.5,76,2938.01,0.0,0.02,0.0,0.01,May,2,4,3,4,Returning_Visitor,True,False
9,1047.34,0,0.0,6,239.67,0.0,0.02,61.53,0.0,May,8,13,9,17,Other,False,True
1,24.04,0,0.5,36,851.33,0.01,0.03,0.0,0.2,May,4,1,1,4,New_Visitor,False,False
1,21.0,0,0.0,6,239.67,0.0,0.02,5.38,0.0,Nov,2,5,7,3,Returning_Visitor,False,True
8,338.0,0,0.0,9,239.67,0.0,0.02,1.96,0.76,Sep,3,2,2,4,New_Visitor,True,False
0,0.0,0,0.0,6,19.0,0.03,0.07,0.0,0.0,Jul,1,1,1,3,Returning_Visitor,False,False
10,236.9,0,0.0,19,538.2,0.0,0.01,5.38,0.0,Nov,1,1,8,2,New_Visitor,False,False
6,240.07,1,50.54,23,634.0,0.0,0.01,29.87,0.0,Nov,2,13,8,15,Returning_Visitor,False,False
1,15.2,2,116.22,6,239.67,0.0,0.0,0.0,0.0,Nov,2,2,1,1,Returning_Visitor,False,False
0,0.0,0,0.5,6,239.67,0.0,0.02,5.38,0.31,May,2,2,1,2,Returning_Visitor,False,True
4,70.5,0,0.5,6,239.67,0.0,0.01,0.82,0.76,June,1,1,1,2,New_Visitor,False,False
2,57.25,0,0.5,28,1155.81,0.0,0.02,0.82,0.0,Mar,1,1,1,2,Returning_Visitor,True,True
3,129.24,1,50.54,54,2191.33,0.0,0.02,0.0,0.0,Nov,2,2,3,1,Returning_Visitor,False,False
1,24.04,0,0.5,6,239.67,0.0,0.02,0.82,0.29,June,1,1,1,3,Returning_Visitor,False,False
0,0.0,0,0.5,6,259.0,0.1,0.12,5.38,0.6,May,2,4,3,1,Returning_Visitor,False,False
4,70.6,0,0.5,26,571.35,0.0,0.02,0.82,0.31,June,2,5,7,5,Returning_Visitor,False,False
5,154.08,1,50.54,142,6223.87,0.0,0.01,0.82,0.31,June,2,5,3,2,New_Visitor,False,True
6,208.25,2,109.0,54,2191.33,0.0,0.02,0.0,0.01,May,2,4,3,4,New_Visitor,False,False
4,144.08,0,0.0,6,134.68,0.01,0.04,0.0,0.0,Nov,1,1,1,2,Returning_Visitor,False,False
3,77.5,0,0.0,28,1000.8,0.0,0.02,5.38,0.31,May,1,1,1,6,Returning_Visitor,False,False
2,57.25,0,0.5,6,239.67,0.01,0.05,5.38,0.31,May,2,2,3,2,Returning_Visitor,False,False
1,24.04,0,0.5,10,239.67,0.0,0.02,0.0,0.76,May,1,1,1,4,New_Visitor,False,False
0,0.0,0,0.0,41,1472.0,0.01,0.04,5.38,0.0,May,2,6,3,3,Returning_Visitor,False,False
1,24.04,0,0.5,16,463.36,0.0,0.02,46.34,0.0,May,3,2,3,3,Returning_Visitor,False,True
1,24.04,0,0.5,6,239.67,0.0,0.02,5.38,0.76,May,2,5,3,3,Returning_Visitor,False,False
0,2.64,0,0.5,6,239.67,0.05,0.09,38.83,0.31,May,1,1,4,1,Returning_Visitor,False,True
4,134.61,0,0.5,66,3025.52,0.0,0.02,1.38,0.0,Mar,1,1,1,6,Returning_Visitor,False,True
0,0.0,0,0.5,6,239.67,0.04,0.1,0.0,0.29,May,2,4,1,3,Returning_Visitor,False,False
0,2.64,0,0.0,1,239.67,0.04,0.09,5.38,0.0,May,2,2,4,3,Returning_Visitor,False,False
1,24.04,0,0.5,3,239.67,0.2,0.2,0.0,0.76,May,2,4,4,3,Returning_Visitor,False,False
0,0.0,0,0.5,6,239.67,0.0,0.02,0.0,0.76,May,2,5,3,3,Returning_Visitor,True,False
1,24.04,0,0.5,3,239.67,0.07,0.13,5.38,0.0,Nov,2,2,1,2,Returning_Visitor,True,False
1,24.04,0,0.0,29,1155.81,0.01,0.03,0.0,0.76,May,3,2,6,4,Returning_Visitor,True,False
7,202.0,0,0.0,28,1038.8,0.0,0.02,59.97,0.2,May,1,1,8,2,Returning_Visitor,True,True
1,24.04,0,0.5,14,595.6,0.0,0.02,0.0,0.0,Dec,2,10,3,3,Returning_Visitor,False,False
0,0.0,0,0.0,50,1838.15,0.05,0.06,0.0,0.0,May,3,2,1,4,New_Visitor,False,False
0,2.64,0,0.0,6,239.67,0.2,0.2,5.38,0.29,May,2,2,1,3,Returning_Visitor,False,False
5,154.08,1,50.54,34,2348.81,0.02,0.06,0.0,0.76,May,1,1,3,4,New_Visitor,False,False
1,24.04,0,0.0,1,239.67,0.01,0.04,0.0,0.0,Nov,2,12,1,1,New_Visitor,False,True
0,0.0,0,0.5,6,239.67,0.08,0.13,5.38,0.76,May,2,5,3,4,New_Visitor,False,False
8,333.54,0,0.0,12,442.89,0.0,0.02,19.63,0.76,May,2,2,5,4,New_Visitor,False,True
0,2.64,0,0.5,6,201.0,0.0,0.06,0.0,0.76,May,1,1,1,3,Returning_Visitor,False,False
8,316.8,0,0.5,54,2191.33,0.0,0.02,5.98,0.76,May,2,4,3,4,New_Visitor,False,False
1,24.04,0,0.5,6,239.67,0.0,0.02,0.0,0.29,May,2,2,4,4,Returning_Visitor,True,False
1,24.04,0,0.0,20,836.58,0.01,0.04,0.82,0.0,Mar,1,1,1,2,Returning_Visitor,True,False
1,24.04,0,0.0,6,239.67,0.0,0.01,10.78,0.0,Mar,1,1,1,3,Returning_Visitor,False,False
10,399.2,1,50.54,42,1351.12,0.0,0.02,0.82,0.31,June,2,2,3,13,Returning_Visitor,False,False
0,0.0,0,0.5,8,239.67,0.13,0.18,0.0,0.76,May,2,4,3,3,Returning_Visitor,False,False
1,24.04,0,0.5,3,239.67,0.0,0.02,0.0,0.29,May,1,1,2,8,Returning_Visitor,False,True
0,0.0,0,0.5,48,4293.83,0.01,0.03,0.0,0.0,Nov,2,5,3,2,Returning_Visitor,False,False
1,24.04,0,0.5,6,239.67,0.0,0.01,0.82,0.29,June,1,1,4,4,New_Visitor,True,True
1,24.04,0,0.0,6,231.18,0.0,0.02,0.82,0.31,June,2,2,8,2,Returning_Visitor,True,False
1,24.04,0,0.5,35,1155.81,0.01,0.02,5.38,0.0,Nov,2,4,3,2,New_Visitor,False,True
0,2.64,0,0.0,6,239.67,0.2,0.2,1.96,0.0,Dec,1,1,1,2,New_Visitor,False,False
13,532.21,3,285.0,182,5513.28,0.0,0.02,1.96,0.0,Dec,3,2,1,2,Returning_Visitor,False,False
8,171.75,2,16.0,54,2191.33,0.0,0.03,5.38,0.0,Nov,2,2,1,1,Returning_Visitor,False,False
10,1200.21,3,533.44,26,836.58,0.0,0.0,0.0,0.76,May,2,13,1,4,New_Visitor,False,False
1,24.04,0,0.5,35,1570.5,0.0,0.02,5.38,0.0,May,3,2,1,3,Returning_Visitor,True,True
1,24.04,0,0.5,0,0.0,0.18,0.18,0.82,0.0,Mar,2,2,1,1,Returning_Visitor,False,False
1,24.04,0,0.0,14,343.52,0.0,0.02,5.38,0.31,May,1,1,8,1,Returning_Visitor,True,False
6,251.0,2,116.22,54,2191.33,0.0,0.02,5.38,0.31,May,2,10,3,1,Returning_Visitor,False,False
9,454.0,1,50.54,29,1514.6,0.02,0.05,5.38,0.0,Nov,3,2,1,6,Returning_Visitor,False,False
1,24.04,0,0.0,6,239.67,0.0,0.01,0.0,0.0,Dec,2,4,4,2,Returning_Visitor,True,False
1,24.04,0,0.5,6,239.67,0.0,0.02,5.38,0.0,May,2,2,1,2,Returning_Visitor,True,True
0,0.0,2,24.0,15,595.6,0.0,0.02,0.0,0.76,May,2,12,4,11,Returning_Visitor,True,False
1,24.04,0,0.5,6,239.67,0.0,0.02,0.0,0.0,Nov,1,1,8,2,Returning_Visitor,True,False
1,24.04,0,0.5,6,239.67,0.01,0.05,0.82,0.01,June,2,5,3,4,New_Visitor,False,False
6,202.0,4,472.0,54,2191.33,0.0,0.02,0.82,0.31,June,1,1,8,2,Returning_Visitor,True,False
0,2.64,1,50.54,12,442.89,0.02,0.04,34.49,0.29,May,3,2,4,4,Returning_Visitor,True,True
1,24.04,0,0.5,3,239.67,0.0,0.02,0.0,0.76,May,1,1,1,3,Returning_Visitor,False,False
0,0.0,0,0.0,23,748.57,0.0,0.02,0.82,0.0,Mar,2,2,1,2,New_Visitor,False,False
1,24.04,0,0.5,6,239.67,0.0,0.02,0.0,1.0,May,2,6,3,4,New_Visitor,False,False
1,4.0,0,0.0,6,143.85,0.0,0.03,0.0,0.0,May,3,2,1,3,Returning_Visitor,True,False
0,0.0,0,0.5,2,34.2,0.0,0.02,0.82,0.01,June,2,5,3,3,Returning_Visitor,False,False
4,58.0,0,0.0,54,2191.33,0.0,0.01,5.38,0.0,Nov,1,1,1,2,New_Visitor,False,True
4,82.14,1,50.54,12,442.89,0.0,0.01,5.38,0.0,Nov,3,4,9,1,Returning_Visitor,False,False
1,24.04,0,0.5,6,5.0,0.0,0.02,0.0,0.31,May,1,1,1,5,Returning_Visitor,False,False
2,57.25,0,0.5,6,239.67,0.03,0.06,0.82,0.0,Jul,3,2,1,1,Returning_Visitor,False,True
1,24.04,0,0.0,6,239.67,0.0,0.01,10.69,0.76,May,1,1,1,4,New_Visitor,False,True
8,202.0,0,0.0,54,2191.33,0.0,0.02,0.82,0.01,June,2,4,3,4,New_Visitor,False,False
1,24.04,0,0.0,11,239.67,0.0,0.01,0.82,0.0,Mar,3,2,1,2,New_Visitor,False,False
0,2.64,0,0.0,6,112.0,0.0,0.02,0.0,0.6,May,2,4,3,4,New_Visitor,False,False
1,24.04,0,0.0,6,239.67,0.03,0.07,0.0,0.0,Sep,1,1,4,5,Returning_Visitor,False,True
0,0.0,0,0.5,16,838.17,0.01,0.03,0.0,0.29,May,2,10,3,4,Returning_Visitor,False,False
1,24.04,0,0.0,6,239.67,0.06,0.11,0.0,0.0,Mar,1,1,4,3,Returning_Visitor,False,False
0,0.0,0,0.0,3,22.5,0.03,0.07,0.82,0.31,June,1,2,1,2,Returning_Visitor,True,False
2,55.0,0,0.5,2,13.0,0.0,0.02,0.82,0.31,June,1,1,1,2,Returning_Visitor,True,True
6,179.45,3,277.63,23,829.19,0.0,0.02,9.1,0.31,May,2,4,3,2,Returning_Visitor,True,False
0,0.0,2,56.0,14,379.0,0.01,0.03,5.38,0.29,May,1,1,4,4,Returning_Visitor,True,False
9,202.0,0,0.0,54,2191.33,0.0,0.02,0.0,0.0,Mar,1,1,1,2,Returning_Visitor,True,False
4,81.6,0,0.5,9,239.67,0.0,0.02,0.0,0.76,May,2,2,2,4,New_Visitor,False,False
1,24.04,0,0.5,6,239.67,0.0,0.02,5.38,0.0,Oct,2,4,3,5,New_Visitor,False,True
9,369.38,1,50.54,19,1328.5,0.0,0.02,5.38,0.0,Nov,3,2,1,1,Returning_Visitor,False,False
1,24.04,0,0.5,41,1505.17,0.0,0.01,5.38,0.01,May,2,4,4,3,Returning_Visitor,False,False
1,8.0,0,0.0,5,143.5,0.0,0.02,1.38,0.0,Mar,2,10,3,2,New_Visitor,False,False
0,0.0,0,0.0,6,0.0,0.11,0.15,0.0,0.0,Dec,2,3,3,9,Returning_Visitor,False,False
1,24.04,0,0.5,6,239.67,0.0,0.02,0.0,0.0,Nov,1,5,9,2,New_Visitor,False,False
4,72.5,0,0.5,54,2354.98,0.0,0.02,5.38,0.01,May,3,2,1,4,Returning_Visitor,False,False
1,24.04,0,0.5,25,384.16,0.0,0.01,5.38,0.0,Nov,2,2,4,1,Returning_Visitor,False,False
0,0.0,0,0.0,2,239.67,0.0,0.02,0.0,0.0,Jul,2,5,3,2,New_Visitor,False,False
0,2.64,0,0.0,4,123.3,0.0,0.02,0.82,0.01,June,1,1,1,3,Returning_Visitor,False,True
0,2.64,0,0.5,6,239.67,0.01,0.03,0.0,0.0,Nov,2,10,3,2,New_Visitor,False,False
1,24.04,0,0.5,1,239.67,0.2,0.2,0.82,0.01,June,2,2,1,3,Returning_Visitor,False,False
1,24.04,0,0.0,6,239.67,0.0,0.02,0.0,0.76,May,2,4,3,4,New_Visitor,False,False
1,24.04,0,0.0,6,239.67,0.04,0.09,0.0,0.76,May,2,4,2,4,Returning_Visitor,False,False
1,24.04,1,50.54,6,239.67,0.0,0.02,5.38,0.76,May,2,4,7,3,Returning_Visitor,False,False
6,202.0,0,0.5,6,0.0,0.2,0.2,5.38,0.0,Nov,2,2,1,13,Returning_Visitor,True,False
2,34.5,1,50.54,6,239.67,0.0,0.0,1.96,0.0,Dec,1,1,8,2,New_Visitor,True,False
0,2.64,0,0.0,1,0.0,0.2,0.2,29.87,0.0,Nov,6,7,3,1,Returning_Visitor,False,False
4,77.6,0,0.0,6,239.67,0.0,0.02,0.78,0.29,Feb,1,1,1,3,Returning_Visitor,False,False
0,0.0,0,0.5,6,239.67,0.0,0.02,0.0,0.2,May,2,2,2,3,Returning_Visitor,False,False
7,119.0,0,0.5,54,2421.06,0.0,0.02,5.38,0.0,May,2,2,3,2,Returning_Visitor,False,False
8,202.0,0,0.5,27,836.58,0.0,0.01,1.38,0.0,Mar,1,1,1,2,Returning_Visitor,True,False
0,0.0,0,0.5,6,255.0,0.0,0.02,0.0,0.0,June,2,5,3,4,Returning_Visitor,False,False
0,2.64,0,0.0,50,2617.23,0.0,0.02,53.23,0.31,May,4,1,8,2,Returning_Visitor,True,True
2,248.0,1,50.54,44,1351.12,0.0,0.02,0.82,0.76,June,1,1,8,2,New_Visitor,False,False
1,24.04,0,0.5,6,91.0,0.0,0.02,5.38,0.29,May,2,2,6,18,Returning_Visitor,True,False
6,182.51,3,189.3,12,442.89,0.01,0.04,5.38,0.29,May,2,2,1,4,Returning_Visitor,False,True
1,24.04,0,0.5,6,221.21,0.0,0.02,1.96,0.0,Dec,1,1,4,2,New_Visitor,False,False
1,24.04,6,590.11,24,838.15,0.0,0.0,0.0,0.31,May,2,5,3,2,New_Visitor,False,False
10,494.53,1,50.54,54,2191.33,0.0,0.02,5.38,0.0,Nov,1,1,1,3,Returning_Visitor,False,True
3,57.42,3,55.0,54,2191.33,0.0,0.02,0.82,0.31,June,2,2,1,2,Returning_Visitor,False,False
0,0.0,1,50.54,6,239.67,0.0,0.02,5.38,0.0,Nov,1,1,8,3,Returning_Visitor,False,False
6,202.0,3,383.75,54,2191.33,0.01,0.02,0.0,0.0,Nov,2,2,1,1,Returning_Visitor,False,False
1,24.04,1,21.2,6,239.67,0.0,0.02,0.0,0.31,June,2,2,5,2,New_Visitor,True,True
6,202.0,2,88.9,19,577.6,0.01,0.04,5.38,0.0,Nov,1,1,3,2,New_Visitor,False,False
0,0.0,0,0.5,29,1121.5,0.04,0.1,0.82,0.0,Mar,3,2,1,1,Returning_Visitor,True,False
1,24.04,0,0.0,6,239.67,0.0,0.02,5.38,0.76,May,2,2,3,3,Returning_Visitor,False,False
1,24.04,0,0.5,6,239.67,0.05,0.09,0.0,0.76,May,2,4,1,4,New_Visitor,False,False
0,0.0,0,0.5,6,239.67,0.0,0.08,0.0,1.0,May,2,2,1,1,Returning_Visitor,True,False
1,24.04,0,0.0,6,239.67,0.0,0.01,1.96,0.0,Dec,3,2,1,8,New_Visitor,False,False
2,47.5,0,0.5,6,239.67,0.01,0.03,0.0,0.29,May,2,10,3,3,Returning_Visitor,False,False
2,21.25,0,0.5,33,968.64,0.02,0.04,5.38,0.0,Nov,2,2,1,10,Returning_Visitor,False,False
0,0.0,0,0.5,24,849.75,0.08,0.12,0.0,0.76,May,2,2,3,4,Returning_Visitor,False,False
1,19.0,0,0.0,54,2544.17,0.01,0.02,5.38,0.31,May,2,2,3,2,Returning_Visitor,False,False
1,24.04,0,0.5,6,239.67,0.02,0.04,0.0,0.0,Dec,1,1,8,2,Returning_Visitor,True,False
1,24.04,0,0.0,6,239.67,0.01,0.04,5.38,0.76,May,2,5,3,4,Returning_Visitor,True,True
0,2.64,0,0.0,15,595.6,0.0,0.02,5.38,0.8,May,3,2,1,4,Returning_Visitor,True,False
0,0.0,0,0.5,7,61.33,0.0,0.02,5.38,0.76,May,1,2,1,4,Returning_Visitor,True,False
1,24.04,0,0.5,34,1256.82,0.0,0.02,0.0,0.0,Nov,1,1,1,2,New_Visitor,False,False
2,57.25,0,0.0,69,2183.01,0.0,0.02,5.38,0.0,Nov,2,2,5,6,Returning_Visitor,True,False
0,2.64,0,0.5,1,239.67,0.2,0.2,0.82,0.01,June,1,1,1,3,Returning_Visitor,False,False
2,57.25,0,0.5,42,1351.12,0.0,0.03,0.0,0.0,Mar,2,2,6,1,Returning_Visitor,False,False
6,164.92,5,66.88,54,2191.33,0.0,0.02,0.82,0.76,June,3,2,1,1,Returning_Visitor,False,False
10,720.5,3,272.2,220,9007.88,0.0,0.02,5.38,0.0,Nov,1,1,1,1,Returning_Visitor,False,False
1,24.04,0,0.0,3,239.67,0.0,0.02,1.38,0.0,Mar,1,1,1,2,New_Visitor,True,False
1,18.0,0,0.5,6,239.67,0.0,0.02,0.82,0.31,June,2,2,8,2,Returning_Visitor,True,False
0,2.64,0,0.5,6,239.67,0.05,0.09,5.38,0.76,May,2,2,1,4,New_Visitor,False,False
1,24.04,4,248.18,23,776.02,0.0,0.02,1.38,0.0,Mar,3,2,4,1,Returning_Visitor,False,False
0,0.0,0,0.5,6,239.67,0.2,0.2,5.38,0.6,May,1,5,3,3,Returning_Visitor,False,False
6,202.0,0,0.0,1,239.67,0.04,0.09,5.38,0.31,May,1,1,1,10,Returning_Visitor,True,False
1,20.0,2,115.0,41,1404.46,0.01,0.04,0.82,0.0,Mar,3,2,1,2,New_Visitor,True,False
6,152.7,1,50.54,6,200.25,0.02,0.03,0.0,0.76,May,2,2,1,4,Returning_Visitor,True,False
1,24.04,0,0.5,6,239.67,0.0,0.02,13.64,0.0,Nov,3,10,3,2,New_Visitor,False,True
4,129.24,0,0.0,54,2303.18,0.0,0.02,0.0,0.01,May,2,2,1,4,New_Visitor,True,False
0,0.0,0,0.5,6,239.67,0.0,0.02,0.0,0.31,May,2,6,3,1,Returning_Visitor,False,False
1,24.04,0,0.5,6,239.67,0.0,0.02,67.27,0.76,May,1,7,3,11,Returning_Visitor,False,True
0,0.0,0,0.5,6,239.67,0.0,0.1,5.38,0.76,May,3,2,1,4,New_Visitor,False,False
1,24.04,0,0.0,16,1011.0,0.0,0.02,0.0,0.0,Mar,2,2,1,10,Returning_Visitor,False,False
0,0.0,0,0.5,28,948.34,0.0,0.01,0.82,0.76,June,2,5,1,2,New_Visitor,False,False
0,0.0,0,0.5,41,1492.17,0.02,0.06,5.38,0.0,Nov,2,2,3,2,Returning_Visitor,False,False
3,43.62,1,50.54,109,3195.76,0.01,0.04,11.33,0.0,Nov,1,2,1,2,Returning_Visitor,False,True
1,90.0,0,0.5,6,239.67,0.0,0.02,0.82,0.29,June,2,5,3,4,Returning_Visitor,False,True
0,2.64,0,0.5,38,1250.68,0.0,0.01,5.38,0.29,May,1,1,1,3,Returning_Visitor,False,False
2,57.25,0,0.5,38,1250.68,0.0,0.01,5.38,0.0,Nov,2,4,7,2,Returning_Visitor,False,True
0,0.0,0,0.5,8,348.43,0.03,0.06,0.0,0.0,Nov,2,10,3,1,Returning_Visitor,False,True
0,0.0,0,0.5,6,239.67,0.2,0.2,0.0,0.31,May,2,4,3,1,Returning_Visitor,False,False
0,2.64,0,0.5,6,239.67,0.0,0.02,0.82,0.01,June,2,2,3,3,Returning_Visitor,False,False
1,24.04,0,0.5,12,592.25,0.0,0.02,218.86,0.0,Dec,1,5,7,3,New_Visitor,False,True
0,0.0,0,0.5,21,836.58,0.0,0.02,0.82,0.0,Mar,2,5,3,1,Returning_Visitor,False,False
1,24.04,0,0.5,23,678.0,0.0,0.02,20.14,0.76,May,2,5,3,3,Returning_Visitor,False,True
9,850.0,0,0.0,20,836.58,0.0,0.02,0.0,0.01,May,8,13,9,17,Other,False,False
1,24.04,0,0.5,87,3586.83,0.0,0.02,0.0,0.31,May,1,1,1,2,Returning_Visitor,True,False
1,24.04,0,0.5,41,1543.42,0.03,0.06,1.96,0.0,Sep,2,2,4,3,Returning_Visitor,False,False
1,24.04,2,16.0,35,1621.77,0.01,0.04,5.38,0.0,Nov,2,2,1,2,Returning_Visitor,False,False
1,24.04,0,0.5,6,239.67,0.0,0.01,5.38,0.31,May,2,5,3,2,New_Visitor,False,True
1,24.04,0,0.5,7,58.9,0.0,0.02,0.0,0.0,Nov,1,1,2,2,New_Visitor,False,False
1,24.04,0,0.5,17,1142.82,0.01,0.02,0.82,0.01,June,2,4,3,4,New_Visitor,False,False
1,14.0,0,0.0,6,239.67,0.0,0.02,0.0,0.0,Dec,2,2,3,8,Other,False,False
1,24.04,0,0.0,6,0.0,0.13,0.17,29.87,0.31,May,2,1,3,1,Returning_Visitor,False,False
3,84.0,1,50.54,15,595.6,0.0,0.02,0.0,0.76,May,2,4,3,4,New_Visitor,False,False
6,202.0,0,0.5,6,55.0,0.0,0.02,0.82,0.6,June,1,1,1,2,New_Visitor,False,False
5,154.08,2,116.22,33,1155.81,0.0,0.02,5.38,0.76,May,2,2,2,4,Returning_Visitor,False,False
1,5.0,0,0.5,3,32.0,0.03,0.07,0.0,1.0,May,1,1,2,12,Returning_Visitor,True,False
0,2.64,0,0.5,5,239.67,0.01,0.04,0.0,0.0,Mar,1,1,8,2,New_Visitor,False,False
0,2.64,0,0.0,29,1130.93,0.0,0.02,1.96,0.0,Dec,2,2,1,2,Returning_Visitor,True,False
1,24.04,0,0.5,6,0.0,0.08,0.12,5.38,0.0,Nov,1,1,1,3,Returning_Visitor,False,True
1,24.04,0,0.0,24,851.89,0.0,0.01,0.82,0.31,June,2,2,1,2,Returning_Visitor,True,True
0,0.0,0,0.0,7,16.0,0.01,0.03,0.82,0.0,Mar,2,4,1,2,New_Visitor,True,False
0,0.0,1,50.54,20,836.58,0.02,0.05,1.96,0.31,Sep,1,1,1,1,Returning_Visitor,False,False
1,24.04,0,0.5,6,239.67,0.0,0.02,11.35,0.0,Nov,2,10,3,2,New_Visitor,False,False
0,0.0,0,0.5,6,239.67,0.01,0.04,0.0,0.31,May,2,2,3,13,Returning_Visitor,False,False
1,24.04,0,0.0,23,795.0,0.07,0.12,5.38,0.31,May,3,2,9,6,Returning_Visitor,True,False
11,498.9,3,127.89,43,1090.06,0.0,0.01,4.76,0.0,Dec,1,1,1,2,Returning_Visitor,True,False
1,24.04,0,0.5,6,239.67,0.2,0.2,0.82,0.29,June,1,1,1,3,Returning_Visitor,False,False
4,81.0,0,0.0,54,2191.33,0.0,0.02,5.38,0.31,May,2,2,3,1,Returning_Visitor,False,True
2,46.4,0,0.0,5,61.4,0.0,0.02,5.38,0.0,Oct,2,5,3,2,New_Visitor,False,False
0,0.0,0,0.5,6,239.67,0.0,0.02,5.38,0.0,Nov,2,10,3,2,New_Visitor,False,False
1,24.04,0,0.0,23,624.0,0.0,0.02,0.0,0.76,May,2,2,1,4,New_Visitor,False,False
0,2.64,0,0.5,24,836.58,0.0,0.02,0.82,0.0,Mar,1,1,1,1,Returning_Visitor,False,True
0,0.0,0,0.0,15,595.6,0.0,0.03,0.82,0.01,June,2,5,3,4,New_Visitor,False,False
0,0.0,0,0.5,23,282.5,0.0,0.02,5.38,0.6,May,2,2,1,3,Returning_Visitor,False,False
1,24.04,0,0.5,6,239.67,0.0,0.0,5.38,0.31,May,2,4,1,2,New_Visitor,False,False
1,24.04,0,0.5,19,549.0,0.08,0.12,5.38,0.76,May,2,2,1,4,New_Visitor,False,False
6,182.51,1,50.54,50,1883.44,0.0,0.02,1.96,0.31,Sep,3,12,3,6,Returning_Visitor,False,True
1,23.2,0,0.5,6,239.67,0.0,0.02,5.38,0.76,May,2,2,6,4,Returning_Visitor,True,True
0,0.0,0,0.0,6,57.0,0.0,0.02,0.0,0.76,May,2,5,3,3,Returning_Visitor,False,False
4,80.07,0,0.5,54,2191.33,0.01,0.02,45.55,0.01,Aug,2,2,3,3,Returning_Visitor,False,False
0,2.64,0,0.5,1,239.67,0.04,0.09,5.38,0.0,Nov,2,2,1,2,Returning_Visitor,False,False
0,0.0,0,0.5,5,239.67,0.02,0.05,65.87,0.0,Oct,2,2,1,20,Returning_Visitor,False,False
1,15.0,0,0.0,6,50.5,0.0,0.02,0.0,0.0,Mar,2,5,3,1,Returning_Visitor,False,False
4,60.0,3,127.89,54,2191.33,0.0,0.01,40.73,0.76,May,1,1,1,4,New_Visitor,False,True
10,549.31,0,0.5,54,2408.82,0.0,0.02,81.2,0.0,Nov,2,1,7,8,Returning_Visitor,True,True
11,524.67,3,272.2,54,2191.33,0.0,0.02,2.66,0.31,Sep,3,2,3,1,Returning_Visitor,False,False
12,426.35,7,693.0,261,10143.82,0.0,0.02,0.95,0.31,Feb,1,1,1,2,Returning_Visitor,False,True
1,24.04,0,0.0,6,239.67,0.0,0.03,0.0,0.0,Mar,2,2,1,1,Returning_Visitor,False,False
0,0.0,0,0.0,50,1149.43,0.01,0.03,5.38,0.76,May,1,1,1,3,Returning_Visitor,False,True
0,0.0,0,0.0,2,65.4,0.0,0.02,0.82,0.01,June,2,2,1,4,Returning_Visitor,True,False
0,2.64,0,0.5,39,1294.6,0.0,0.01,5.38,0.0,Nov,2,4,1,2,New_Visitor,True,False
4,102.0,1,50.54,54,2191.33,0.0,0.02,0.0,0.0,May,1,1,1,2,Returning_Visitor,False,False
2,26.0,1,50.54,55,2191.33,0.0,0.02,0.0,0.0,Nov,2,5,1,1,Returning_Visitor,False,False
0,2.64,0,0.5,9,257.9,0.0,0.02,0.82,0.01,June,1,1,1,4,New_Visitor,True,False
1,24.04,0,0.5,10,239.67,0.0,0.02,5.38,0.76,May,1,1,1,4,New_Visitor,False,False
9,1692.13,2,1467.0,26,721.0,0.0,0.02,0.0,0.0,Mar,2,5,3,19,Returning_Visitor,True,False
3,129.24,0,0.0,25,836.58,0.01,0.04,3.3,0.01,Aug,2,2,2,4,New_Visitor,False,False
6,202.0,3,92.33,31,1155.81,0.0,0.02,5.38,0.0,Oct,3,2,1,5,Returning_Visitor,False,False
8,353.5,0,0.0,19,583.08,0.0,0.02,0.0,0.0,Nov,1,1,1,2,New_Visitor,False,False
1,24.04,2,11.0,54,2191.33,0.0,0.02,1.96,0.0,Sep,1,1,1,2,Returning_Visitor,True,False
0,0.0,0,0.5,6,239.67,0.0,0.02,0.0,0.0,Dec,1,1,8,2,Returning_Visitor,True,False
1,24.04,0,0.0,19,443.5,0.0,0.02,0.82,0.29,June,2,10,3,4,Returning_Visitor,False,True
3,129.24,0,0.5,12,442.89,0.0,0.02,0.0,0.76,May,2,4,3,3,Returning_Visitor,False,False
0,2.64,0,0.5,2,239.67,0.0,0.2,0.82,0.8,June,2,2,1,1,Returning_Visitor,False,False
9,1239.34,3,162.67,6,214.83,0.0,0.02,4.75,0.31,Sep,1,8,1,19,Returning_Visitor,False,False
1,24.04,0,0.0,6,239.67,0.01,0.04,0.0,0.0,Sep,2,10,3,3,Returning_Visitor,False,False
0,0.0,0,0.0,37,1155.81,0.02,0.04,0.0,1.0,May,2,2,1,4,Returning_Visitor,False,False
2,53.4,0,0.5,3,239.67,0.01,0.04,5.38,0.0,Oct,1,1,4,2,Returning_Visitor,True,False
0,2.64,1,0.0,98,4053.09,0.01,0.04,0.0,0.31,May,1,1,1,2,Returning_Visitor,False,False
4,144.08,0,0.0,82,2938.01,0.0,0.02,0.0,0.01,May,3,4,2,3,Returning_Visitor,False,False
6,634.5,3,312.75,54,2191.33,0.0,0.02,0.0,0.0,Nov,2,12,1,2,New_Visitor,False,False
1,24.04,0,0.0,14,364.7,0.0,0.03,0.82,0.29,June,1,1,1,4,Returning_Visitor,False,False
0,0.0,0,0.5,6,34.0,0.0,0.02,5.38,0.4,May,3,2,2,1,Returning_Visitor,False,False
0,0.0,0,0.0,8,303.5,0.0,0.01,0.82,0.0,Mar,3,2,1,1,Returning_Visitor,False,False
6,189.22,2,22.5,98,4033.47,0.0,0.01,5.38,0.31,May,3,5,3,13,Returning_Visitor,True,True
11,426.35,2,65.5,54,2191.33,0.01,0.04,0.82,0.0,Mar,1,1,8,2,Returning_Visitor,True,False
1,24.04,0,0.5,6,239.67,0.02,0.04,0.82,0.31,June,2,10,3,1,Returning_Visitor,False,True
1,24.04,0,0.5,6,239.67,0.0,0.02,0.82,0.0,Jul,1,1,7,1,Returning_Visitor,False,False
6,202.0,0,0.5,6,158.0,0.0,0.02,0.0,0.31,May,2,2,4,13,Returning_Visitor,False,False
0,0.0,0,0.5,60,2191.33,0.03,0.06,0.82,0.31,June,1,1,8,6,Returning_Visitor,False,False
6,202.0,0,0.0,6,239.67,0.0,0.02,5.38,0.0,May,2,5,3,13,Returning_Visitor,False,False
0,0.0,0,0.0,6,239.67,0.0,0.02,0.82,0.31,June,1,1,8,2,Returning_Visitor,True,False
1,24.04,0,0.0,8,293.0,0.0,0.01,0.0,0.76,May,1,2,1,4,New_Visitor,False,False
4,134.61,2,12.0,54,2191.33,0.0,0.02,5.38,0.0,Nov,3,2,9,6,Returning_Visitor,False,False
1,24.04,0,0.5,39,1250.68,0.0,0.02,5.38,0.31,May,2,4,1,2,Returning_Visitor,False,False
6,255.52,0,0.0,38,1250.68,0.0,0.01,0.0,0.0,May,3,2,3,3,Returning_Visitor,False,False
1,24.04,0,0.0,56,2191.33,0.01,0.02,0.82,0.0,Mar,3,2,1,1,Returning_Visitor,True,False
1,24.04,0,0.5,32,1155.81,0.0,0.02,0.0,0.76,May,2,2,3,3,Returning_Visitor,False,False
9,202.0,1,50.54,6,212.83,0.0,0.02,5.38,0.0,May,1,1,1,11,Returning_Visitor,False,False
2,57.25,0,0.5,6,239.67,0.0,0.02,5.38,0.0,May,2,4,1,2,Returning_Visitor,True,False
8,297.6,1,50.54,87,3572.24,0.01,0.02,7.77,0.31,May,1,1,1,2,Returning_Visitor,False,False
1,24.04,0,0.5,8,298.69,0.0,0.02,0.82,0.01,June,2,4,3,4,New_Visitor,False,False
0,0.0,0,0.0,18,628.83,0.0,0.02,0.82,0.01,June,1,1,1,4,Returning_Visitor,True,False
0,2.64,0,0.5,6,54.5,0.0,0.02,1.96,0.0,Dec,1,1,1,2,Returning_Visitor,True,False
1,24.04,2,17.0,6,239.67,0.0,0.02,0.0,0.76,May,2,2,1,4,Returning_Visitor,True,False
4,144.08,1,50.54,54,2191.33,0.0,0.02,0.0,0.0,Nov,1,1,1,4,Returning_Visitor,True,False
2,68.4,2,6.0,23,728.87,0.0,0.02,65.87,0.0,Oct,7,4,3,20,Returning_Visitor,False,False
9,335.17,3,219.0,107,3195.76,0.01,0.02,0.0,0.0,Nov,1,1,1,1,Returning_Visitor,False,False
1,24.04,0,0.5,13,935.0,0.01,0.03,0.0,0.6,May,1,1,1,2,Returning_Visitor,False,False
1,24.04,0,0.5,6,239.67,0.0,0.02,0.0,0.76,May,2,6,3,3,Returning_Visitor,True,False
3,185.88,1,50.54,8,239.67,0.0,0.04,65.87,0.29,May,3,2,1,20,Returning_Visitor,False,True
0,0.0,0,0.5,6,129.5,0.02,0.05,0.0,0.0,Nov,2,5,3,1,Returning_Visitor,False,False
1,24.04,0,0.5,6,222.5,0.0,0.02,0.82,0.31,June,2,2,3,2,Returning_Visitor,False,False
1,24.04,0,0.5,28,1155.81,0.0,0.02,5.38,0.0,May,2,10,3,3,Returning_Visitor,False,False
1,24.04,0,0.5,6,239.67,0.0,0.02,1.38,0.0,Mar,2,2,1,3,Returning_Visitor,False,False
0,0.0,0,0.5,6,239.67,0.0,0.02,1.96,0.0,Dec,3,2,1,2,Returning_Visitor,False,False
1,24.04,0,0.5,6,239.67,0.0,0.02,0.82,0.0,Mar,2,10,3,2,New_Visitor,False,True
3,54.64,2,75.0,67,2701.96,0.0,0.02,0.82,0.76,June,2,2,3,2,Returning_Visitor,True,False
10,1239.34,3,120.0,204,9143.44,0.0,0.02,61.53,0.01,May,2,10,3,20,Returning_Visitor,True,False
1,24.04,0,0.5,0,239.67,0.0,0.02,0.0,0.76,May,1,7,7,11,Returning_Visitor,False,True
6,202.0,0,0.5,12,442.89,0.0,0.02,0.0,1.0,May,2,7,3,4,Returning_Visitor,True,False
0,0.0,0,0.5,14,313.02,0.0,0.02,0.0,0.0,May,3,2,3,3,Returning_Visitor,False,False
0,0.0,0,0.5,6,239.67,0.0,0.02,0.82,0.01,June,1,1,1,4,New_Visitor,False,False
0,2.64,0,0.5,2,239.67,0.0,0.02,0.0,0.29,May,2,4,3,3,Returning_Visitor,False,False
0,2.64,0,0.0,44,1351.12,0.0,0.0,5.38,0.0,Nov,2,2,1,2,Returning_Visitor,True,True
0,0.0,0,0.0,6,239.67,0.0,0.02,0.82,0.0,Mar,1,1,4,4,Returning_Visitor,True,False
9,1047.34,0,0.5,11,239.67,0.0,0.02,4.75,0.0,Dec,8,13,9,19,Other,False,True
0,0.0,0,0.0,6,239.67,0.04,0.09,0.0,0.01,Aug,1,1,1,4,Returning_Visitor,False,False
5,154.08,0,0.5,54,2191.33,0.02,0.03,13.77,0.76,May,1,1,1,4,New_Visitor,False,False
4,138.0,2,116.22,54,2450.44,0.0,0.01,5.38,0.01,May,3,4,4,3,Returning_Visitor,False,False
10,518.4,3,130.52,54,2191.33,0.0,0.02,29.87,0.0,Nov,2,13,1,11,Returning_Visitor,False,False
1,24.04,0,0.0,32,770.38,0.0,0.02,0.82,0.31,June,2,5,1,2,Returning_Visitor,False,False
3,98.6,0,0.5,6,131.8,0.0,0.02,0.82,0.31,June,2,2,1,2,Returning_Visitor,False,True
0,2.64,0,0.0,29,1151.12,0.0,0.02,7.53,0.0,May,2,2,1,4,New_Visitor,False,False
1,24.04,0,0.5,81,2938.01,0.0,0.02,5.38,0.0,Nov,2,2,1,2,New_Visitor,False,False
0,2.64,0,0.0,6,239.67,0.0,0.02,5.38,0.0,Nov,2,10,3,2,New_Visitor,True,False
1,24.04,0,0.5,6,212.0,0.03,0.03,0.82,0.4,June,2,3,1,1,Returning_Visitor,False,False
8,202.0,0,0.5,54,2191.33,0.0,0.02,0.0,0.0,Nov,1,1,1,2,New_Visitor,True,True
4,144.08,1,50.54,54,2191.33,0.0,0.02,0.12,0.0,Nov,2,2,1,8,Returning_Visitor,False,True
0,0.0,0,0.0,2,9.0,0.0,0.07,5.38,0.0,Nov,1,1,1,1,Returning_Visitor,False,False
1,24.04,0,0.0,6,265.5,0.0,0.02,5.38,0.0,Oct,2,2,3,2,Returning_Visitor,False,False
2,50.95,1,50.54,38,1250.68,0.01,0.01,1.96,0.0,Sep,3,2,8,3,Returning_Visitor,False,False
1,24.04,0,0.5,6,239.67,0.0,0.02,0.82,0.0,Mar,3,2,1,1,Returning_Visitor,True,False
3,96.8,0,0.0,29,2041.63,0.01,0.05,1.96,0.0,Sep,2,2,3,4,Returning_Visitor,False,False
4,71.67,1,4.0,59,1702.37,0.0,0.02,0.82,0.76,June,2,5,3,2,New_Visitor,False,True
1,11.0,0,0.5,79,2938.01,0.0,0.02,0.0,0.01,May,1,1,3,3,Returning_Visitor,False,False
1,24.04,0,0.5,6,239.67,0.0,0.02,0.82,0.01,June,2,4,3,4,New_Visitor,False,False
1,24.04,0,0.5,19,487.6,0.0,0.02,0.0,0.76,May,2,2,1,3,Returning_Visitor,False,False
0,2.64,0,0.5,6,123.75,0.0,0.02,0.0,0.31,May,1,1,1,6,Returning_Visitor,False,False
1,24.04,0,0.0,6,239.67,0.0,0.02,0.0,0.0,Mar,2,10,3,2,New_Visitor,False,False
1,24.04,0,0.0,6,239.67,0.0,0.02,0.0,0.76,May,2,2,6,4,Returning_Visitor,True,False
1,24.04,0,0.5,21,836.58,0.0,0.02,5.38,0.31,May,2,2,1,2,Returning_Visitor,False,False
0,2.64,0,0.5,28,1001.3,0.02,0.06,0.0,0.76,May,2,2,1,4,New_Visitor,False,False
2,57.25,0,0.0,54,2183.5,0.0,0.02,5.38,0.01,May,2,2,7,4,Returning_Visitor,True,False
4,105.5,1,50.54,55,1984.02,0.0,0.02,0.0,0.01,May,3,2,1,4,New_Visitor,False,False
4,144.08,0,0.5,2,239.67,0.0,0.02,1.96,0.0,Dec,2,4,1,2,New_Visitor,False,False
1,24.04,0,0.5,37,1155.81,0.03,0.05,4.76,0.0,Oct,1,1,1,2,Returning_Visitor,True,False
6,192.5,0,0.0,54,2191.33,0.0,0.02,1.38,0.0,Mar,1,1,3,9,Returning_Visitor,True,False
6,161.52,0,0.0,14,595.6,0.0,0.02,0.0,0.76,May,3,2,8,4,New_Visitor,False,False
1,24.04,0,0.5,6,239.67,0.04,0.06,5.38,0.76,May,1,1,1,4,Returning_Visitor,False,False
1,24.04,0,0.0,6,239.67,0.0,0.02,0.82,0.01,June,1,1,1,4,Returning_Visitor,True,False
0,2.64,0,0.0,10,239.67,0.04,0.09,1.38,0.0,Feb,2,10,3,1,Returning_Visitor,False,False
0,2.64,0,0.5,76,2805.04,0.0,0.02,0.0,0.01,May,2,4,3,4,Returning_Visitor,True,False
0,0.0,0,0.5,6,239.67,0.0,0.02,0.82,0.0,Mar,2,10,3,2,New_Visitor,False,False
4,134.61,0,0.5,54,2359.52,0.01,0.03,3.48,0.01,Aug,1,1,1,4,Returning_Visitor,True,False
1,24.04,0,0.5,41,1385.67,0.0,0.02,0.0,0.0,Nov,1,1,1,1,Returning_Visitor,False,False
0,2.64,0,0.5,6,239.67,0.0,0.02,0.0,0.0,Nov,2,4,3,2,New_Visitor,False,False
4,76.25,0,0.0,22,836.58,0.0,0.02,0.82,0.01,June,2,4,3,4,New_Visitor,False,False
1,24.04,0,0.0,19,836.58,0.0,0.02,0.82,0.01,June,2,2,1,4,New_Visitor,False,False
0,0.0,0,0.5,27,867.78,0.0,0.02,0.0,0.0,Nov,2,4,3,2,New_Visitor,False,False
1,24.04,2,39.0,73,2701.96,0.0,0.02,0.82,0.76,June,2,5,3,2,New_Visitor,False,True
4,81.54,0,0.5,23,808.04,0.0,0.04,1.96,0.0,Dec,2,10,3,8,Returning_Visitor,True,False
2,57.25,0,0.5,6,239.67,0.0,0.02,0.82,0.0,Mar,2,10,3,2,Returning_Visitor,False,False
1,21.2,0,0.0,53,2191.33,0.01,0.04,0.82,0.0,Mar,2,2,1,2,Returning_Visitor,True,False
0,0.0,0,0.5,6,239.67,0.0,0.02,5.38,0.0,Oct,1,1,9,3,Returning_Visitor,False,False
4,134.61,2,15.0,54,2191.33,0.0,0.02,0.0,0.01,May,2,4,5,4,Returning_Visitor,True,False
3,64.4,0,0.0,5,47.3,0.0,0.02,1.96,0.29,Sep,2,2,1,3,Returning_Visitor,False,True
3,129.24,1,50.54,8,239.67,0.01,0.03,0.0,0.29,May,2,10,3,3,Returning_Visitor,False,False
1,24.04,0,0.0,6,239.67,0.0,0.02,0.0,0.76,May,1,1,1,4,New_Visitor,False,False
0,0.0,0,0.5,6,0.0,0.08,0.12,0.82,0.0,Mar,3,2,4,3,Returning_Visitor,False,False
1,24.04,0,0.0,6,239.67,0.0,0.02,5.38,0.76,May,2,4,2,4,Returning_Visitor,False,False
1,24.04,0,0.5,6,239.67,0.0,0.02,5.38,0.76,May,3,2,5,4,Returning_Visitor,True,False
4,144.08,1,50.54,6,239.67,0.0,0.02,0.0,0.76,May,3,6,3,4,New_Visitor,False,False
0,0.0,0,0.5,11,239.67,0.03,0.06,0.82,0.01,June,2,4,3,3,Returning_Visitor,False,False
4,144.8,1,50.54,34,1155.81,0.01,0.03,0.82,0.0,Jul,1,1,3,2,New_Visitor,False,False
0,2.64,0,0.5,6,239.67,0.0,0.02,1.96,0.0,Dec,3,2,3,1,Returning_Visitor,False,False
1,24.04,0,0.0,50,1741.48,0.0,0.02,27.13,0.01,May,2,10,3,3,Returning_Visitor,False,False
4,144.08,0,0.0,136,4884.54,0.0,0.01,5.38,0.8,May,2,2,4,4,Returning_Visitor,True,False
0,0.0,0,0.5,6,239.67,0.0,0.02,1.96,0.0,Dec,4,5,3,1,Returning_Visitor,True,False
0,2.64,0,0.5,29,1155.81,0.0,0.02,100.73,0.0,Nov,4,1,5,2,Returning_Visitor,True,True
0,0.0,0,0.5,6,26.5,0.0,0.02,0.0,0.0,Mar,2,4,9,2,New_Visitor,True,False
18,505.4,1,10.0,105,3195.76,0.0,0.02,0.82,0.31,June,2,2,3,1,Returning_Visitor,False,False
1,24.04,0,0.5,16,703.3,0.0,0.02,0.82,0.01,June,2,5,3,4,New_Visitor,False,False
0,2.64,0,0.5,6,239.67,0.01,0.04,0.0,0.0,Nov,2,2,3,1,Returning_Visitor,False,False
2,25.6,0,0.5,6,239.67,0.0,0.02,0.82,0.0,Jul,3,2,1,2,Returning_Visitor,True,False
1,24.04,0,0.5,54,2193.15,0.0,0.02,0.82,0.31,June,1,1,8,2,Returning_Visitor,True,True
0,2.64,0,0.0,12,442.89,0.0,0.02,1.96,0.0,Dec,2,2,7,9,Returning_Visitor,False,False
0,0.0,0,0.5,1,0.0,0.13,0.17,0.82,0.01,June,2,2,1,3,Returning_Visitor,False,False
0,0.0,0,0.0,6,65.0,0.02,0.06,0.82,0.0,Mar,2,10,3,1,Returning_Visitor,False,False
1,24.04,0,0.5,52,1919.55,0.0,0.02,4.28,0.01,Aug,2,5,3,4,New_Visitor,False,False
1,24.04,1,50.54,23,618.75,0.0,0.02,5.38,0.0,Nov,2,5,3,2,New_Visitor,False,False
8,202.0,0,0.5,14,338.79,0.0,0.02,1.96,0.0,Dec,1,1,4,3,Returning_Visitor,False,False
1,24.04,0,0.5,7,170.0,0.0,0.02,1.96,0.0,Dec,2,2,1,2,Returning_Visitor,False,False
1,24.04,0,0.5,38,667.17,0.0,0.01,5.38,0.76,May,2,2,4,4,Returning_Visitor,True,False
6,182.51,1,50.54,28,789.13,0.0,0.02,5.38,0.76,May,1,1,1,12,Returning_Visitor,False,False
1,24.04,2,37.4,6,239.67,0.02,0.02,72.52,0.76,May,1,1,3,11,Returning_Visitor,True,True
5,154.08,0,0.5,31,1155.81,0.0,0.01,0.0,0.31,May,2,2,3,6,Returning_Visitor,False,False
4,129.24,0,0.5,54,2299.39,0.0,0.01,0.82,0.01,June,2,2,1,4,New_Visitor,False,False
1,24.04,0,0.0,6,239.67,0.0,0.02,0.82,0.0,Mar,1,1,1,2,Returning_Visitor,True,False
0,0.0,1,50.54,19,545.1,0.0,0.02,0.0,0.0,Nov,1,1,8,4,Returning_Visitor,False,False
1,24.04,0,0.5,6,239.67,0.2,0.2,0.82,0.0,Mar,2,10,3,2,New_Visitor,False,False
3,78.0,0,0.5,54,2191.33,0.03,0.06,1.38,0.0,Mar,2,2,7,2,Returning_Visitor,True,False
2,57.25,0,0.0,6,84.25,0.0,0.02,0.82,0.01,June,2,2,3,3,Returning_Visitor,False,False
1,10.0,0,0.5,142,6266.21,0.0,0.02,5.38,0.31,May,2,5,3,1,Returning_Visitor,False,False
1,24.04,0,0.5,20,809.0,0.01,0.03,25.76,0.31,May,2,5,3,1,Returning_Visitor,False,False
6,239.16,1,50.54,28,1021.2,0.01,0.02,82.43,0.0,Dec,2,1,3,1,Returning_Visitor,True,False
1,24.04,0,0.5,6,252.5,0.0,0.02,5.38,0.0,May,2,2,1,3,Returning_Visitor,False,False
0,2.64,0,0.5,6,0.0,0.2,0.2,0.0,0.0,Dec,8,4,9,20,Returning_Visitor,False,False
0,0.0,2,60.0,43,1351.12,0.0,0.02,0.82,0.01,June,1,1,8,3,Returning_Visitor,False,False
9,1665.81,3,533.44,28,980.83,0.01,0.02,61.53,0.8,May,2,3,3,20,New_Visitor,False,False
0,0.0,0,0.5,6,239.67,0.2,0.2,1.96,0.0,Dec,2,4,3,2,New_Visitor,False,False
0,2.64,0,0.5,6,239.67,0.0,0.02,5.38,0.0,Nov,2,4,1,2,New_Visitor,False,True
0,0.0,0,0.5,23,440.58,0.01,0.04,1.96,0.0,Dec,2,10,3,2,Returning_Visitor,True,False
1,24.04,0,0.0,6,258.0,0.0,0.02,5.38,0.6,May,3,2,1,3,Returning_Visitor,False,False
1,24.04,0,0.5,23,832.83,0.0,0.02,0.82,0.01,June,2,4,3,4,New_Visitor,False,False
4,89.62,1,50.54,54,2191.33,0.0,0.02,0.82,0.01,June,1,1,1,3,Returning_Visitor,False,False
6,202.0,0,0.0,6,239.67,0.01,0.03,5.38,0.4,May,2,2,3,4,Returning_Visitor,False,False
1,24.04,0,0.5,6,239.67,0.0,0.02,5.38,0.31,May,1,1,4,2,New_Visitor,True,False
0,0.0,0,0.5,45,1721.67,0.01,0.04,0.0,0.0,Nov,2,10,3,2,New_Visitor,False,False
1,24.04,0,0.5,8,329.21,0.0,0.02,0.0,0.0,Nov,3,2,1,2,Returning_Visitor,True,False
4,144.08,3,172.0,64,2701.96,0.0,0.02,0.0,0.31,May,2,2,1,2,Returning_Visitor,True,False
0,2.64,0,0.5,6,239.67,0.0,0.01,5.38,0.76,May,1,1,6,3,Returning_Visitor,False,False
1,24.04,0,0.5,6,239.67,0.0,0.02,47.26,0.76,May,2,2,4,3,Returning_Visitor,False,True
1,24.04,0,0.5,14,370.5,0.0,0.02,0.0,0.0,Mar,1,1,1,2,New_Visitor,False,False
1,24.04,0,0.0,6,239.67,0.03,0.06,5.38,0.0,May,3,2,1,3,Returning_Visitor,False,False
2,37.0,1,16.0,18,836.58,0.0,0.02,5.38,0.0,May,2,2,1,6,Returning_Visitor,False,False
0,2.64,0,0.5,14,421.25,0.0,0.01,5.38,0.0,Nov,1,1,1,1,Returning_Visitor,False,False
0,0.0,0,0.5,6,239.67,0.0,0.1,0.0,0.76,May,1,1,4,3,Returning_Visitor,False,False
0,0.0,0,0.5,2,17.0,0.04,0.1,5.38,0.0,Nov,2,2,1,2,New_Visitor,False,False
3,129.24,3,173.54,54,2191.33,0.0,0.02,35.23,0.01,May,2,6,3,4,Returning_Visitor,True,False
4,144.08,1,50.54,150,4764.43,0.0,0.02,0.82,0.76,June,2,2,3,9,Returning_Visitor,True,False
0,0.0,0,0.0,6,239.67,0.0,0.02,5.38,0.76,May,1,1,1,3,Returning_Visitor,False,False
0,2.64,0,0.5,4,58.5,0.0,0.02,5.38,0.31,May,2,2,8,13,Returning_Visitor,False,False
1,24.04,0,0.5,26,1122.58,0.03,0.06,15.95,0.76,May,1,1,1,3,Returning_Visitor,False,True
8,295.93,2,17.9,150,6759.31,0.01,0.03,5.38,0.0,Nov,2,2,1,2,New_Visitor,False,False
0,2.64,0,0.5,6,157.9,0.0,0.02,5.38,0.0,May,2,4,1,4,New_Visitor,False,False
0,2.64,0,0.5,6,94.8,0.03,0.06,0.0,0.0,Nov,3,2,3,13,Returning_Visitor,False,False
1,27.0,0,0.5,6,239.67,0.0,0.0,5.38,0.76,May,2,5,3,3,Returning_Visitor,True,False
0,0.0,0,0.5,6,15.0,0.07,0.13,5.38,0.76,May,2,2,3,3,Returning_Visitor,False,False
2,57.25,0,0.5,21,836.58,0.0,0.02,23.07,0.31,May,2,5,3,5,Returning_Visitor,False,False
1,24.04,0,0.0,6,239.67,0.0,0.01,0.0,0.0,May,1,1,1,4,New_Visitor,False,False
0,2.64,0,0.0,6,239.67,0.03,0.08,0.0,0.0,Nov,2,10,3,1,Returning_Visitor,False,False
0,2.64,0,0.5,6,0.0,0.2,0.2,0.0,0.31,May,1,1,1,13,Returning_Visitor,False,False
0,0.0,0,0.5,41,1514.04,0.02,0.04,0.82,0.01,June,3,2,1,3,Returning_Visitor,False,False
1,24.04,0,0.5,6,239.67,0.01,0.03,0.0,0.31,May,2,2,5,1,Returning_Visitor,False,False
1,24.04,0,0.5,14,1183.0,0.0,0.02,5.38,0.76,May,1,1,6,3,Returning_Visitor,False,True
0,2.64,0,0.0,6,239.67,0.0,0.02,0.0,0.0,Dec,3,2,1,2,Returning_Visitor,False,True
1,24.04,0,0.0,6,239.67,0.06,0.08,0.82,0.0,Mar,2,10,3,2,New_Visitor,False,False
1,24.04,0,0.5,8,239.67,0.03,0.08,5.38,0.31,May,1,1,1,1,Returning_Visitor,False,False
4,103.6,1,27.2,54,2191.33,0.0,0.0,61.53,0.01,May,8,13,9,20,Returning_Visitor,False,True
4,102.17,1,50.54,25,836.58,0.0,0.04,0.0,0.0,Nov,2,4,3,2,New_Visitor,False,False
16,473.4,1,50.54,54,2191.33,0.01,0.02,0.82,0.76,June,2,2,3,9,Returning_Visitor,True,False
1,24.04,0,0.0,29,1123.25,0.0,0.02,30.05,0.0,Nov,1,1,3,2,New_Visitor,False,True
0,0.0,0,0.5,6,239.67,0.0,0.02,0.82,0.0,Mar,1,1,4,4,Returning_Visitor,True,False
6,202.0,2,174.0,105,3195.76,0.0,0.02,0.0,0.0,Nov,2,5,3,2,Returning_Visitor,False,False
0,2.64,0,0.5,6,239.67,0.0,0.02,5.38,0.0,May,2,2,1,3,Returning_Visitor,False,False
1,24.04,0,0.5,19,545.08,0.0,0.02,9.84,0.0,Nov,2,2,1,2,New_Visitor,False,True
0,2.64,0,0.5,6,239.67,0.01,0.04,0.82,0.29,June,1,1,4,3,Returning_Visitor,False,False
1,24.04,0,0.5,6,239.67,0.0,0.05,5.38,0.6,May,2,10,3,3,Returning_Visitor,False,False
4,144.08,1,50.54,98,4131.16,0.0,0.02,0.82,0.0,Mar,1,1,1,3,Returning_Visitor,False,False
1,5.0,0,0.5,5,239.67,0.0,0.02,0.0,0.0,May,1,1,1,4,New_Visitor,False,False
0,0.0,0,0.5,23,662.67,0.01,0.04,0.0,0.31,May,2,2,4,2,Returning_Visitor,True,False
1,24.04,0,0.5,41,1250.68,0.0,0.02,0.0,0.0,Nov,2,5,1,3,Returning_Visitor,True,False
1,24.04,0,0.5,21,263.0,0.01,0.03,5.38,0.76,May,2,6,3,4,New_Visitor,False,False
2,50.4,0,0.5,6,239.67,0.0,0.02,1.96,0.0,Sep,2,10,3,3,Returning_Visitor,False,False
1,24.04,0,0.0,29,1141.18,0.01,0.04,0.82,0.01,June,2,4,3,4,Returning_Visitor,True,False
1,24.04,0,0.5,18,836.58,0.0,0.02,5.38,0.76,May,3,2,1,4,New_Visitor,False,False
1,24.04,0,0.0,94,3195.76,0.0,0.0,0.0,0.76,May,2,2,3,3,Returning_Visitor,True,False
1,24.04,0,0.0,104,3195.76,0.0,0.02,0.82,0.0,Mar,2,2,1,2,Returning_Visitor,True,False
15,473.4,1,50.54,87,3879.83,0.0,0.02,0.82,0.31,June,2,2,3,10,Returning_Visitor,True,True
8,202.0,1,50.54,54,2191.33,0.0,0.02,12.12,0.0,Oct,2,2,2,2,New_Visitor,False,True
0,2.64,0,0.5,8,344.17,0.0,0.01,5.38,0.0,Oct,2,10,3,2,Returning_Visitor,True,True
0,2.64,0,0.0,6,239.67,0.0,0.02,5.38,0.0,Nov,2,4,3,2,Returning_Visitor,False,False
0,0.0,0,0.5,22,836.58,0.01,0.05,0.82,0.0,Jul,2,4,3,4,Returning_Visitor,True,False
0,2.64,0,0.0,24,836.58,0.0,0.02,0.82,0.01,June,2,4,3,4,New_Visitor,False,True
1,24.04,1,50.54,6,239.67,0.01,0.02,0.0,0.76,May,2,4,3,3,Returning_Visitor,False,False
1,24.04,0,0.0,6,239.67,0.0,0.02,5.38,0.0,Nov,2,4,2,2,New_Visitor,False,False
0,0.0,0,0.5,2,4.0,0.0,0.1,1.38,0.0,Mar,2,2,1,2,New_Visitor,False,False
0,0.0,0,0.5,11,239.67,0.0,0.02,0.0,0.0,Nov,2,10,3,2,Returning_Visitor,True,False
1,24.04,0,0.5,23,634.69,0.0,0.02,5.38,0.0,Nov,3,2,3,13,Returning_Visitor,False,False
6,214.05,0,0.5,33,1155.81,0.0,0.02,0.82,0.0,Mar,1,1,1,2,Returning_Visitor,True,False
0,0.0,0,0.5,8,136.75,0.0,0.02,0.0,0.0,Mar,2,10,3,2,New_Visitor,False,False
6,95.92,1,50.54,19,671.55,0.0,0.02,28.13,0.76,May,2,2,7,4,Returning_Visitor,True,False
0,2.64,0,0.0,6,239.67,0.0,0.02,0.82,0.0,Mar,2,10,3,2,New_Visitor,False,False
8,202.0,1,50.54,11,252.89,0.0,0.01,0.0,0.0,Nov,1,1,4,4,Returning_Visitor,True,False
1,24.04,0,0.0,30,1155.81,0.0,0.02,1.96,0.0,Dec,2,10,3,2,Returning_Visitor,True,True
6,205.0,1,50.54,6,221.78,0.0,0.02,0.0,0.0,Nov,1,1,1,2,Returning_Visitor,False,False
1,24.04,0,0.0,6,239.67,0.01,0.05,5.38,0.76,May,1,1,1,4,New_Visitor,False,False
1,24.04,0,0.5,6,239.67,0.0,0.02,19.1,0.31,May,1,1,3,1,Returning_Visitor,False,True
0,2.64,0,0.5,45,2347.33,0.0,0.02,0.82,0.0,Mar,2,10,3,1,Returning_Visitor,False,False
4,144.08,1,50.54,150,6747.41,0.0,0.02,0.82,0.31,June,2,2,1,1,Returning_Visitor,False,False
5,154.08,0,0.5,123,3886.82,0.0,0.02,0.82,0.29,June,2,2,1,4,Returning_Visitor,False,False
0,0.0,0,0.5,6,239.67,0.0,0.02,0.0,0.31,May,2,2,3,6,Returning_Visitor,False,False
1,3.5,0,0.0,6,239.67,0.0,0.01,5.38,0.31,May,2,4,2,2,Returning_Visitor,False,False
1,24.04,0,0.5,8,239.67,0.0,0.02,0.82,0.31,June,2,5,3,2,New_Visitor,False,False
1,24.04,0,0.5,19,491.83,0.0,0.02,0.0,0.31,May,1,1,3,2,Returning_Visitor,False,False
4,134.75,2,16.0,54,2191.33,0.01,0.03,5.38,0.0,Nov,1,1,1,2,Returning_Visitor,True,True
1,24.04,0,0.0,6,148.0,0.04,0.1,5.38,0.6,May,1,1,1,3,Returning_Visitor,False,False
2,57.25,0,0.5,6,45.33,0.0,0.02,0.0,0.29,May,1,1,4,4,Returning_Visitor,True,False
10,511.5,4,164.0,54,2191.33,0.0,0.02,30.09,0.0,May,1,1,7,4,Returning_Visitor,True,False
1,24.04,0,0.0,6,85.75,0.0,0.05,0.0,0.0,Nov,1,1,1,1,Returning_Visitor,False,False
5,154.08,0,0.0,54,2191.33,0.0,0.02,5.38,0.6,May,1,5,3,11,Returning_Visitor,True,True
0,0.0,0,0.5,9,214.75,0.0,0.02,0.82,0.0,Mar,1,1,1,2,New_Visitor,False,False
12,1262.54,0,0.0,534,38265.37,0.0,0.02,61.53,0.01,May,2,2,3,20,New_Visitor,True,True
4,144.08,1,50.54,54,2191.33,0.0,0.02,0.0,0.01,May,1,1,1,4,Returning_Visitor,True,False
1,24.04,0,0.0,35,1155.81,0.0,0.01,0.82,0.0,Mar,1,1,8,2,New_Visitor,False,False
0,0.0,4,1220.0,6,239.67,0.01,0.03,0.0,0.76,May,2,2,3,11,Returning_Visitor,True,False
1,24.04,0,0.5,11,239.67,0.0,0.02,0.0,0.0,Jul,3,2,1,1,Returning_Visitor,False,False
2,28.0,0,0.5,6,239.67,0.01,0.02,39.72,0.0,Nov,2,2,1,2,Returning_Visitor,False,True
4,134.61,0,0.5,87,3371.05,0.0,0.02,5.38,0.29,May,2,2,1,3,Returning_Visitor,False,False
3,129.24,0,0.0,35,1155.81,0.0,0.02,0.82,0.0,Mar,3,2,1,1,Returning_Visitor,False,False
1,0.0,0,0.5,30,1155.81,0.0,0.02,5.38,0.0,Nov,2,5,3,2,New_Visitor,False,False
12,426.35,3,272.2,54,2191.33,0.01,0.04,3.33,0.0,Dec,1,1,1,1,Returning_Visitor,False,False
1,24.04,0,0.0,19,480.61,0.0,0.02,1.96,0.0,Dec,3,2,1,2,New_Visitor,False,False
1,10.0,0,0.5,45,1686.97,0.0,0.02,7.96,0.0,Nov,2,2,7,1,Returning_Visitor,False,False
9,202.0,1,50.54,54,2191.33,0.0,0.02,42.42,0.0,Nov,1,1,3,14,Returning_Visitor,False,True
3,129.24,1,50.54,13,1036.53,0.04,0.06,19.75,0.0,Nov,3,2,4,4,Returning_Visitor,True,False
0,2.64,0,0.5,6,239.67,0.0,0.02,5.38,0.0,Nov,2,2,9,6,Returning_Visitor,False,False
0,0.0,0,0.0,6,239.67,0.0,0.02,1.38,0.0,Mar,3,2,6,2,Returning_Visitor,True,False
1,24.04,0,0.5,6,179.0,0.01,0.03,53.13,0.0,Mar,2,5,3,8,Returning_Visitor,False,True
8,522.25,0,0.5,53,2191.33,0.0,0.02,14.17,0.31,May,1,1,1,2,Returning_Visitor,False,False
1,24.04,0,0.0,6,239.67,0.03,0.07,1.96,0.0,Dec,2,2,3,2,New_Visitor,False,False
1,24.04,0,0.5,6,239.67,0.03,0.08,0.0,0.0,Mar,1,1,1,3,Returning_Visitor,True,False
6,202.0,5,554.11,54,2191.33,0.01,0.05,0.82,0.76,June,3,2,3,1,Returning_Visitor,False,False
1,24.04,0,0.5,54,1470.97,0.0,0.02,5.38,0.01,May,2,4,4,4,Returning_Visitor,True,False
1,24.04,0,0.0,6,82.2,0.0,0.02,0.82,0.0,Mar,2,2,3,4,Returning_Visitor,False,False
1,24.04,0,0.5,6,101.8,0.0,0.02,0.0,0.31,May,3,2,8,2,New_Visitor,False,False
0,0.0,0,0.5,6,239.67,0.0,0.02,0.82,0.31,June,2,5,3,1,Returning_Visitor,False,False
4,98.0,1,50.54,34,1243.5,0.0,0.01,5.38,0.01,May,1,1,2,4,New_Visitor,False,True
0,0.0,0,0.5,2,239.67,0.04,0.09,0.0,0.6,May,2,10,3,3,Returning_Visitor,False,False
0,0.0,0,0.5,13,178.83,0.0,0.02,0.82,0.31,June,2,2,1,2,Returning_Visitor,True,False
3,66.5,3,135.22,54,2191.33,0.0,0.01,0.82,0.0,Mar,1,1,8,2,Returning_Visitor,False,True
1,24.04,0,0.0,6,239.67,0.0,0.02,5.38,0.29,May,2,4,2,3,Returning_Visitor,False,True
6,202.0,2,116.22,30,1155.81,0.0,0.02,23.6,0.76,May,2,2,3,4,Returning_Visitor,True,False
0,2.64,0,0.0,10,239.67,0.02,0.05,5.38,0.0,Nov,1,1,1,10,Returning_Visitor,False,False
0,0.0,0,0.0,6,239.67,0.0,0.02,0.0,0.31,May,3,5,3,13,Returning_Visitor,False,False
0,0.0,0,0.0,42,1351.12,0.0,0.02,0.0,0.01,May,2,4,3,4,New_Visitor,False,False
0,2.64,0,0.5,1,239.67,0.04,0.09,5.38,0.76,May,3,2,3,4,Returning_Visitor,False,False
2,57.25,0,0.5,31,1155.81,0.0,0.02,0.0,0.76,May,1,1,3,3,Returning_Visitor,False,False
0,2.64,0,0.5,6,239.67,0.0,0.02,0.0,0.2,May,1,1,4,4,Returning_Visitor,True,False
0,2.64,0,0.0,6,239.67,0.2,0.2,0.82,0.0,Mar,2,10,3,2,New_Visitor,True,False
1,24.04,0,0.5,6,239.67,0.0,0.02,0.82,0.0,Mar,4,1,1,1,Returning_Visitor,False,False
1,24.04,0,0.5,6,239.67,0.0,0.02,5.38,0.0,Nov,1,1,1,2,New_Visitor,True,True
0,0.0,0,0.5,20,836.58,0.0,0.02,0.82,0.0,Mar,3,2,3,1,Returning_Visitor,False,True
0,2.64,0,0.5,21,836.58,0.0,0.02,0.82,0.01,June,3,2,1,3,Returning_Visitor,False,False
6,202.0,5,2195.3,14,378.4,0.01,0.03,0.82,0.0,Jul,1,1,1,2,New_Visitor,False,False
2,57.25,0,0.5,6,239.67,0.0,0.02,5.38,0.31,May,2,2,1,10,Returning_Visitor,False,False
1,24.04,0,0.0,18,340.92,0.0,0.02,0.82,0.01,June,2,5,3,4,New_Visitor,False,False
11,504.79,1,50.54,34,1256.29,0.0,0.01,5.38,0.0,Oct,2,10,3,3,Returning_Visitor,False,False
1,0.0,0,0.5,144,5142.86,0.0,0.02,5.38,0.0,Nov,2,10,3,2,Returning_Visitor,False,True
0,2.64,0,0.5,21,836.58,0.0,0.02,0.82,0.0,Mar,2,10,3,2,New_Visitor,True,False
1,24.04,0,0.5,23,739.58,0.0,0.01,5.38,0.76,May,1,1,1,4,New_Visitor,False,False
1,24.04,0,0.5,5,239.67,0.0,0.02,0.0,0.76,May,1,1,1,4,Returning_Visitor,True,False
1,24.04,0,0.0,6,239.67,0.01,0.04,1.96,0.0,Dec,2,2,3,1,Returning_Visitor,False,False
0,0.0,0,0.5,159,5142.86,0.0,0.02,0.0,0.0,Nov,3,2,1,1,Returning_Visitor,False,True
0,2.64,0,0.0,1,0.0,0.08,0.12,0.0,0.0,Nov,6,7,3,15,Returning_Visitor,False,False
1,24.04,0,0.5,28,160.0,0.0,0.01,0.0,0.31,May,1,1,8,2,Returning_Visitor,True,False
0,0.0,0,0.5,23,699.25,0.02,0.05,0.82,0.01,June,1,1,1,4,New_Visitor,False,False
5,154.08,0,0.0,5,29.5,0.04,0.09,0.0,0.0,Nov,1,1,1,1,Returning_Visitor,False,False
1,24.04,0,0.5,6,239.67,0.0,0.02,5.38,0.76,May,2,4,4,3,Returning_Visitor,False,False
1,24.04,0,0.0,14,404.5,0.0,0.02,5.38,0.31,May,2,2,1,2,Returning_Visitor,False,False
2,57.25,0,0.5,6,0.0,0.05,0.09,0.82,0.01,June,2,4,3,4,New_Visitor,False,False
6,167.01,0,0.0,28,978.09,0.0,0.02,0.0,0.76,May,2,2,2,12,Returning_Visitor,False,False
0,2.64,0,0.0,8,290.83,0.0,0.01,0.0,0.76,May,2,2,8,4,New_Visitor,False,False
2,306.0,0,0.0,14,964.5,0.0,0.02,5.38,0.0,Nov,2,2,4,1,Returning_Visitor,False,False
1,24.04,1,50.54,6,239.67,0.0,0.02,0.0,0.76,May,2,4,1,4,Returning_Visitor,False,False
0,0.0,0,0.5,23,753.0,0.0,0.01,0.82,0.31,June,2,5,3,2,Returning_Visitor,False,False
0,0.0,0,0.5,6,197.38,0.02,0.05,1.38,0.76,Feb,2,6,3,3,Returning_Visitor,False,False
9,452.5,1,50.54,23,762.24,0.0,0.02,0.82,0.31,June,1,1,8,2,New_Visitor,True,False
1,24.04,2,116.22,30,1155.81,0.01,0.02,11.48,0.0,Nov,2,4,3,2,New_Visitor,False,True
3,176.0,0,0.0,21,654.5,0.01,0.03,0.0,0.2,May,1,1,2,4,New_Visitor,False,False
1,24.04,0,0.5,6,239.67,0.0,0.02,5.38,0.76,May,1,1,1,4,New_Visitor,False,False
4,133.17,2,80.0,10,246.79,0.0,0.02,0.82,0.0,Mar,1,1,8,2,New_Visitor,False,False
1,24.04,0,0.5,25,836.58,0.01,0.04,0.0,0.76,May,2,4,5,3,Returning_Visitor,False,False
0,2.64,0,0.5,6,239.67,0.0,0.02,0.0,0.0,Nov,2,2,1,1,Returning_Visitor,False,False
0,2.64,0,0.5,39,1020.01,0.01,0.02,5.38,0.31,May,3,2,7,1,Returning_Visitor,True,False
4,103.0,0,0.0,54,2191.33,0.0,0.01,5.38,0.0,Nov,2,2,6,1,Returning_Visitor,False,False
1,24.04,0,0.5,28,941.92,0.0,0.0,0.0,0.0,Nov,2,5,1,2,New_Visitor,False,False
0,0.0,0,0.0,6,149.6,0.02,0.05,0.82,0.01,June,2,2,3,3,Returning_Visitor,False,False
9,202.0,3,310.5,6,123.5,0.0,0.02,1.96,0.0,Dec,2,12,1,2,New_Visitor,False,False
6,202.0,0,0.5,54,2493.99,0.0,0.02,1.96,0.0,Dec,2,5,3,2,New_Visitor,False,True
1,24.04,1,50.54,6,239.67,0.0,0.02,4.75,0.0,Dec,1,8,1,19,Returning_Visitor,True,False
0,2.64,0,0.0,6,239.67,0.0,0.02,0.0,0.0,Nov,1,1,4,3,Returning_Visitor,False,False
2,28.2,2,37.3,7,70.47,0.06,0.09,5.38,0.76,May,2,2,1,4,New_Visitor,False,False
0,0.0,0,0.0,6,239.67,0.2,0.2,5.38,0.76,May,2,5,1,4,Returning_Visitor,False,False
6,227.0,1,50.54,54,2191.33,0.0,0.01,0.0,0.0,Mar,1,1,8,2,New_Visitor,True,False
0,0.0,0,0.5,22,836.58,0.0,0.02,0.82,0.0,Mar,1,1,8,2,Returning_Visitor,True,False
1,24.04,0,0.5,47,1351.12,0.02,0.06,0.82,0.31,June,2,2,3,13,Returning_Visitor,False,False
0,0.0,0,0.5,6,239.67,0.05,0.05,0.82,0.29,June,1,1,1,8,Returning_Visitor,False,False
0,0.0,0,0.5,4,239.67,0.0,0.02,0.0,0.0,Jul,2,2,1,2,New_Visitor,False,False
2,35.0,0,0.5,6,131.3,0.0,0.02,0.0,0.0,Mar,1,1,1,2,New_Visitor,False,False
9,202.0,0,0.5,23,744.17,0.0,0.02,1.96,0.0,Dec,2,2,1,2,Returning_Visitor,True,False
1,24.04,0,0.5,34,1335.74,0.0,0.0,20.16,0.0,May,2,4,1,4,New_Visitor,False,True
1,24.04,0,0.5,6,239.67,0.0,0.02,0.82,0.0,Mar,2,10,3,4,Returning_Visitor,False,False
9,258.65,1,50.54,54,2191.33,0.0,0.02,75.28,0.0,Nov,1,1,1,2,Returning_Visitor,True,True
1,6.0,0,0.5,6,239.67,0.0,0.02,65.87,0.01,May,8,13,9,17,Other,False,False
2,57.25,0,0.5,31,1155.81,0.01,0.04,5.38,0.31,May,3,2,6,1,Returning_Visitor,False,True
2,57.25,2,12.0,22,836.58,0.01,0.04,0.82,0.01,June,1,1,8,3,Returning_Visitor,False,False
0,2.64,0,0.5,77,2938.01,0.01,0.03,5.38,0.01,Aug,1,1,1,4,New_Visitor,False,False
0,0.0,0,0.0,19,490.08,0.0,0.02,5.38,1.0,May,1,8,1,11,New_Visitor,False,True
0,2.64,0,0.5,13,595.6,0.0,0.02,0.82,0.01,June,1,1,1,3,Returning_Visitor,False,True
0,2.64,0,0.0,6,239.67,0.0,0.07,1.38,0.0,Mar,2,2,9,1,Returning_Visitor,False,False
1,24.04,0,0.5,23,855.17,0.01,0.03,5.38,0.29,May,2,5,1,3,Returning_Visitor,False,False
1,24.04,0,0.5,6,239.67,0.01,0.03,1.96,0.0,Dec,1,1,1,2,Returning_Visitor,False,True
7,202.0,1,50.54,54,2191.33,0.01,0.02,0.82,0.0,Mar,2,2,7,5,Returning_Visitor,False,False
1,63.4,0,0.5,6,239.67,0.0,0.01,5.38,0.0,Nov,2,2,3,1,Returning_Visitor,False,False
4,134.61,0,0.5,102,4021.17,0.0,0.02,0.0,0.0,Nov,2,2,1,2,Returning_Visitor,True,False
1,24.04,0,0.0,70,2701.96,0.0,0.0,5.38,0.0,Nov,3,4,3,2,New_Visitor,True,False
1,24.04,0,0.0,6,239.67,0.0,0.01,60.05,0.76,May,2,2,1,20,New_Visitor,False,True
0,0.0,0,0.5,6,239.67,0.0,0.02,5.38,0.0,Nov,3,2,1,10,Returning_Visitor,True,True
7,202.0,0,0.5,23,743.01,0.0,0.01,0.0,0.76,May,2,2,1,4,New_Visitor,True,False
1,24.04,0,0.0,8,284.5,0.0,0.02,1.38,0.0,Mar,1,1,1,2,New_Visitor,True,False
1,24.04,0,0.0,15,595.6,0.0,0.02,0.0,0.76,May,1,1,1,4,New_Visitor,False,False
1,24.04,0,0.5,6,239.67,0.0,0.02,0.82,0.0,Mar,2,10,3,1,Returning_Visitor,False,False
1,11.0,0,0.5,14,101.25,0.0,0.02,5.38,0.8,May,2,2,3,2,Returning_Visitor,False,False
0,0.0,0,0.5,19,586.85,0.0,0.02,1.96,0.0,Dec,2,10,3,2,Returning_Visitor,True,False
7,202.0,3,23.0,54,2524.5,0.0,0.02,0.82,0.0,Mar,2,2,3,2,Returning_Visitor,True,False
0,2.64,0,0.5,14,386.18,0.0,0.02,5.38,0.0,Nov,1,1,1,4,Returning_Visitor,False,False
0,0.0,0,0.0,6,239.67,0.0,0.02,0.0,0.0,Mar,2,10,3,2,New_Visitor,False,False
1,24.04,0,0.5,13,595.6,0.01,0.03,5.38,0.76,May,2,4,3,4,New_Visitor,False,False
1,24.04,0,0.0,41,1493.35,0.01,0.04,5.38,0.01,May,2,4,1,4,Returning_Visitor,False,False
11,473.4,5,672.45,266,9595.65,0.0,0.02,9.24,0.76,May,2,2,3,11,Returning_Visitor,False,True
1,24.04,0,0.5,6,239.67,0.0,0.02,0.82,0.31,June,2,2,1,2,Returning_Visitor,True,False
6,157.5,3,433.5,54,2191.33,0.0,0.02,5.38,0.0,Nov,1,1,1,2,Returning_Visitor,False,False
1,24.04,0,0.5,6,239.67,0.0,0.02,0.0,0.31,May,2,2,1,2,Returning_Visitor,False,False
0,2.64,0,0.5,6,239.67,0.2,0.2,0.82,0.01,June,2,4,3,4,New_Visitor,False,False
1,26.0,1,50.54,12,442.89,0.01,0.04,0.0,0.0,Nov,2,2,9,2,Returning_Visitor,False,False
5,154.08,0,0.5,54,2191.33,0.0,0.02,0.0,0.0,Nov,1,1,2,13,Returning_Visitor,False,False
0,0.0,0,0.5,6,239.67,0.0,0.0,65.87,0.76,May,2,5,1,20,New_Visitor,False,True
0,0.0,0,0.0,48,1351.12,0.02,0.05,5.38,0.01,May,3,2,1,3,Returning_Visitor,False,False
1,24.04,0,0.0,47,636.7,0.0,0.02,0.0,0.31,Aug,2,4,1,2,Returning_Visitor,False,False
0,0.0,0,0.5,6,239.67,0.0,0.05,5.38,0.76,May,2,2,1,4,New_Visitor,False,False
1,24.04,0,0.5,8,281.74,0.0,0.0,5.38,0.0,Nov,2,4,1,2,New_Visitor,True,True
6,202.0,0,0.0,6,239.67,0.02,0.04,0.0,0.6,May,1,1,8,4,New_Visitor,False,False
0,2.64,0,0.5,6,0.0,0.2,0.2,0.0,0.0,Nov,2,4,5,1,Returning_Visitor,False,False
1,24.04,0,0.0,6,163.5,0.0,0.02,5.38,0.0,Nov,3,6,2,2,Returning_Visitor,False,False
3,129.24,1,50.54,28,1155.81,0.03,0.06,0.82,0.0,Mar,2,2,3,1,Returning_Visitor,False,False
4,134.61,0,0.0,54,2397.5,0.0,0.02,0.0,0.29,May,1,1,4,3,Returning_Visitor,False,False
8,202.0,1,50.54,29,1135.88,0.0,0.01,0.0,0.76,May,1,1,4,4,Returning_Visitor,True,False
0,0.0,0,0.0,8,273.5,0.0,0.02,0.0,0.76,May,2,2,1,3,Returning_Visitor,False,False
1,24.04,0,0.0,6,239.67,0.0,0.08,0.0,0.76,May,2,4,3,3,Returning_Visitor,False,False
6,182.51,1,50.54,69,2456.3,0.0,0.02,0.0,0.01,May,2,2,3,4,Returning_Visitor,False,False
1,24.04,0,0.0,6,140.17,0.0,0.02,0.82,0.01,June,2,2,1,4,Returning_Visitor,True,False
0,2.64,0,0.0,6,239.67,0.0,0.02,95.23,0.76,May,8,13,9,17,Other,False,False
10,1629.33,3,214.5,112,3195.76,0.0,0.02,0.0,0.01,May,4,1,3,20,New_Visitor,False,False
1,24.04,0,0.5,14,423.18,0.01,0.04,5.38,0.0,Nov,3,2,7,1,Returning_Visitor,False,False
1,24.04,0,0.0,6,80.0,0.03,0.06,0.0,0.29,May,2,2,3,3,Returning_Visitor,False,False
3,35.5,0,0.5,87,3296.65,0.0,0.02,18.25,0.76,May,4,1,9,3,Returning_Visitor,False,False
1,24.04,2,7.0,25,836.58,0.0,0.02,165.62,0.76,May,1,8,3,17,Returning_Visitor,True,True
1,24.04,0,0.5,6,239.67,0.16,0.19,0.0,0.76,May,2,4,2,4,New_Visitor,False,False
1,24.04,0,0.0,2,17.0,0.04,0.1,0.82,0.4,June,4,1,1,3,Returning_Visitor,False,False
4,78.0,0,0.5,6,239.67,0.0,0.02,24.75,0.31,May,1,1,1,2,Returning_Visitor,False,True
0,2.64,0,0.5,3,103.0,0.0,0.02,0.0,0.0,Mar,1,1,1,2,New_Visitor,False,False
1,24.04,0,0.0,52,1701.27,0.0,0.02,5.38,0.01,May,3,5,3,3,Returning_Visitor,False,True
0,2.64,0,0.5,1,239.67,0.2,0.2,5.38,0.31,Aug,6,7,3,1,Returning_Visitor,False,False
1,24.04,2,11.0,6,239.67,0.01,0.03,5.38,0.0,Nov,2,2,3,1,Returning_Visitor,False,False
0,0.0,0,0.0,6,239.67,0.08,0.12,0.0,0.0,Dec,1,11,7,1,Returning_Visitor,False,False
3,48.0,0,0.5,54,2376.86,0.02,0.04,0.82,0.0,Mar,2,2,1,2,Returning_Visitor,True,False
2,57.25,0,0.5,20,733.5,0.01,0.04,0.82,0.0,Mar,2,2,8,2,Returning_Visitor,True,False
0,0.0,0,0.5,5,239.67,0.04,0.09,0.0,0.0,May,2,2,6,6,Returning_Visitor,True,False
1,24.04,0,0.5,82,2938.01,0.01,0.02,5.38,0.0,Nov,2,2,1,1,Returning_Visitor,True,False
0,2.64,1,50.54,10,649.5,0.0,0.02,5.38,0.76,May,2,2,1,4,New_Visitor,False,False
1,24.04,0,0.5,1,0.0,0.2,0.2,0.0,0.0,Mar,2,2,1,2,New_Visitor,False,False
0,2.64,0,0.5,28,947.39,0.0,0.02,1.96,0.0,Dec,1,1,1,10,Returning_Visitor,False,False
1,24.04,0,0.0,6,239.67,0.12,0.18,0.0,0.76,May,3,2,3,3,Returning_Visitor,False,False
1,24.04,0,0.5,6,258.5,0.0,0.02,5.38,0.76,May,1,1,4,3,Returning_Visitor,True,False
1,24.04,0,0.5,29,1182.43,0.0,0.02,19.72,0.76,May,1,1,8,4,Returning_Visitor,True,True
9,202.0,3,144.5,54,2191.33,0.01,0.04,0.82,0.0,Mar,3,2,4,3,Returning_Visitor,False,True
1,24.04,0,0.5,6,239.67,0.02,0.04,0.82,0.31,June,1,1,1,2,Returning_Visitor,False,True
6,187.69,1,50.54,122,4137.11,0.0,0.02,0.82,0.01,June,1,1,1,3,Returning_Visitor,False,True
4,144.08,0,0.0,94,3195.76,0.0,0.02,5.38,0.01,May,2,2,1,3,Returning_Visitor,False,True
1,24.04,0,0.0,6,239.67,0.0,0.02,0.0,0.31,May,1,1,1,1,Returning_Visitor,False,False
4,112.96,1,50.54,54,2191.33,0.03,0.06,5.38,0.01,May,2,4,1,4,New_Visitor,False,False
0,0.0,0,0.5,6,239.67,0.0,0.02,4.75,0.0,Dec,2,12,1,16,New_Visitor,False,False
0,0.0,0,0.5,6,239.67,0.12,0.17,5.38,0.76,May,1,1,1,4,Returning_Visitor,True,False
0,0.0,0,0.5,6,86.0,0.0,0.05,0.82,0.0,Mar,1,1,1,9,Returning_Visitor,True,False
1,24.04,0,0.0,6,40.5,0.0,0.02,0.0,0.0,May,1,1,1,3,Returning_Visitor,False,False
0,2.64,0,0.5,33,1155.81,0.0,0.01,0.82,0.0,Mar,2,5,3,2,New_Visitor,False,False
1,24.04,0,0.5,7,79.5,0.0,0.02,5.38,0.76,May,2,2,1,4,New_Visitor,True,False
1,24.04,0,0.5,17,836.58,0.0,0.02,0.0,0.76,May,2,4,2,4,New_Visitor,False,False
3,70.6,3,272.2,54,2191.33,0.1,0.12,0.82,0.29,June,1,1,4,3,Returning_Visitor,False,False
2,49.75,0,0.0,6,239.67,0.0,0.02,0.82,0.01,June,3,2,1,3,Returning_Visitor,False,True
1,24.04,0,0.0,4,46.0,0.0,0.02,0.0,0.76,May,1,1,7,3,Returning_Visitor,False,False
2,57.25,0,0.0,10,303.25,0.0,0.02,0.82,0.0,Mar,2,10,3,2,New_Visitor,True,False
12,430.16,14,622.4,87,3684.86,0.0,0.02,5.38,0.0,Nov,2,2,1,2,Returning_Visitor,False,False
1,24.04,0,0.5,68,2701.96,0.0,0.02,5.38,0.76,May,2,4,3,3,Returning_Visitor,False,False
0,0.0,0,0.5,49,3414.88,0.01,0.04,0.82,0.01,June,2,2,1,4,Returning_Visitor,True,False
12,572.58,7,1196.27,355,13717.4,0.0,0.02,5.38,0.0,Nov,2,5,3,2,New_Visitor,False,True
1,24.04,0,0.5,40,1250.68,0.0,0.02,5.38,0.01,May,2,4,1,3,Returning_Visitor,False,False
5,72.5,1,50.54,16,757.39,0.0,0.02,5.38,0.76,May,2,4,1,3,Returning_Visitor,True,False
0,0.0,0,0.5,24,485.28,0.0,0.02,0.82,0.01,June,2,2,1,4,Returning_Visitor,True,False
0,0.0,0,0.0,6,239.67,0.0,0.02,0.82,0.01,June,2,5,3,3,Returning_Visitor,False,False
6,202.0,0,0.5,28,985.0,0.0,0.02,0.82,0.0,June,1,1,6,13,Returning_Visitor,False,False
1,24.04,1,4.0,19,836.58,0.0,0.02,0.82,0.76,June,2,4,3,1,Returning_Visitor,False,False
0,2.64,0,0.5,20,836.58,0.02,0.05,5.38,0.0,Nov,3,2,4,1,Returning_Visitor,False,False
0,0.0,0,0.5,18,836.58,0.01,0.02,5.38,0.0,Nov,2,10,7,2,Returning_Visitor,True,False
9,1223.0,4,282.07,21,836.58,0.0,0.02,0.82,0.31,June,2,2,3,2,Returning_Visitor,True,False
1,24.04,0,0.5,33,601.97,0.0,0.02,5.38,0.0,Nov,2,4,7,1,Returning_Visitor,False,False
9,202.0,0,0.5,54,2191.33,0.0,0.02,5.38,0.0,May,3,2,1,4,Returning_Visitor,False,False
0,0.0,0,0.5,6,239.67,0.0,0.02,0.82,0.0,Mar,1,1,1,8,Returning_Visitor,False,False
13,454.43,2,11.0,244,10338.67,0.0,0.02,22.98,0.0,Nov,2,2,1,4,Returning_Visitor,False,False
1,24.04,0,0.0,21,836.58,0.0,0.02,0.82,0.0,Mar,2,2,1,10,Returning_Visitor,True,False
6,202.0,0,0.0,6,239.67,0.0,0.02,5.38,0.6,May,2,4,3,3,Returning_Visitor,False,False
0,2.64,0,0.5,41,1607.19,0.0,0.02,1.96,0.0,Dec,1,1,1,2,New_Visitor,False,True
1,16.0,2,29.0,29,1083.69,0.0,0.02,0.82,0.31,June,1,1,8,2,Returning_Visitor,True,False
0,2.64,0,0.5,6,239.67,0.0,0.02,0.0,0.0,Oct,2,12,9,20,Returning_Visitor,False,False
0,2.64,0,0.0,6,239.67,0.03,0.06,5.38,0.76,May,2,4,4,3,Returning_Visitor,False,False
1,4.0,0,0.5,6,239.67,0.0,0.01,5.38,0.31,May,2,2,3,6,Returning_Visitor,False,True
0,2.64,0,0.5,14,389.0,0.12,0.15,5.38,0.76,May,2,4,2,3,Returning_Visitor,False,False
8,304.58,0,0.5,33,1155.81,0.0,0.02,0.0,0.0,Oct,2,10,3,3,Returning_Visitor,True,False
1,24.04,0,0.0,5,46.2,0.0,0.02,0.82,0.01,June,2,4,3,4,New_Visitor,False,False
0,0.0,0,0.0,6,239.67,0.0,0.02,0.0,0.29,May,1,1,1,4,Returning_Visitor,False,False
0,0.0,0,0.0,6,239.67,0.0,0.02,5.38,0.0,Nov,2,4,1,2,Returning_Visitor,False,False
0,0.0,0,0.0,6,0.0,0.2,0.2,0.0,0.76,May,2,10,3,4,New_Visitor,True,False
1,24.04,0,0.5,6,239.67,0.0,0.02,0.82,0.2,June,2,5,3,4,Returning_Visitor,False,False
1,24.04,0,0.0,6,239.67,0.0,0.02,29.87,0.31,May,2,2,1,13,Returning_Visitor,False,False
4,73.5,1,50.54,59,2191.33,0.01,0.04,5.38,0.01,May,2,2,1,3,Returning_Visitor,False,False
6,185.0,1,50.54,54,2191.33,0.0,0.02,0.0,0.29,May,3,2,3,3,Returning_Visitor,False,False
1,24.04,0,0.5,6,239.67,0.2,0.2,1.96,0.0,Dec,1,8,1,1,Returning_Visitor,False,False
0,0.0,0,0.5,6,239.67,0.0,0.01,0.0,0.2,May,2,2,3,4,New_Visitor,False,False
1,24.04,0,0.0,25,437.22,0.03,0.06,1.38,0.0,Mar,2,10,3,2,New_Visitor,True,False
6,202.0,1,50.54,142,5478.53,0.01,0.04,5.38,0.0,May,3,2,3,3,Returning_Visitor,False,False
6,271.2,1,50.54,6,144.6,0.0,0.01,0.82,0.01,June,3,2,1,4,Returning_Visitor,False,False
0,2.64,0,0.5,52,1218.1,0.0,0.02,0.0,0.76,Sep,2,2,3,4,New_Visitor,False,False
7,312.8,1,50.54,155,5142.86,0.0,0.02,0.0,0.31,May,1,1,1,13,Returning_Visitor,False,False
10,494.06,0,0.5,60,2191.33,0.0,0.02,2.05,0.0,Mar,1,1,1,2,New_Visitor,False,False
0,0.0,0,0.0,6,239.67,0.0,0.0,65.87,0.76,May,2,5,3,20,New_Visitor,False,False
8,202.0,0,0.0,24,2159.5,0.0,0.02,1.96,0.31,Sep,2,2,8,2,Returning_Visitor,True,False
1,24.04,0,0.0,6,239.67,0.0,0.02,5.38,0.0,May,2,2,5,3,Returning_Visitor,False,False
1,24.04,0,0.5,6,239.67,0.0,0.02,0.0,0.0,Mar,2,10,3,1,Returning_Visitor,False,False
0,0.0,0,0.5,6,146.5,0.0,0.02,0.0,0.76,May,1,1,1,4,New_Visitor,False,False
5,613.5,0,0.0,54,2191.33,0.0,0.02,61.53,0.0,Nov,2,3,9,19,Returning_Visitor,False,True
0,2.64,0,0.0,15,595.6,0.0,0.02,5.38,0.76,May,2,2,1,4,Returning_Visitor,True,False
0,0.0,0,0.5,6,239.67,0.03,0.06,0.0,0.0,Nov,3,2,1,3,Returning_Visitor,True,False
1,24.04,0,0.5,6,239.67,0.01,0.04,5.38,0.76,May,2,2,3,3,Returning_Visitor,False,False
2,190.4,1,274.0,39,1250.68,0.01,0.04,5.38,0.29,May,2,2,8,4,Returning_Visitor,False,False
10,1079.18,3,272.2,54,2191.33,0.01,0.02,0.55,0.01,Feb,3,2,1,20,New_Visitor,True,False
5,130.33,1,50.54,54,2191.33,0.0,0.0,59.12,0.29,May,1,1,1,4,New_Visitor,False,False
1,24.04,0,0.0,6,33.33,0.0,0.02,5.38,0.0,Nov,1,1,8,2,New_Visitor,False,True
1,24.04,0,0.5,44,2011.31,0.0,0.02,0.0,0.0,Nov,2,10,3,2,New_Visitor,False,False
1,24.04,0,0.5,14,372.25,0.02,0.05,5.38,0.76,May,1,1,1,4,New_Visitor,False,False
0,0.0,0,0.5,6,17.0,0.0,0.02,5.38,0.31,May,1,1,5,2,Returning_Visitor,False,False
0,2.64,1,50.54,6,239.67,0.0,0.02,29.87,0.0,Nov,6,4,3,1,Returning_Visitor,False,False
1,24.04,0,0.5,6,239.67,0.0,0.04,5.38,0.0,Nov,2,2,4,2,Returning_Visitor,True,False
0,0.0,0,0.0,6,239.67,0.0,0.02,0.0,0.29,May,2,2,7,3,Returning_Visitor,False,False
0,0.0,0,0.5,21,499.75,0.01,0.03,0.82,0.0,Mar,2,2,1,2,Returning_Visitor,True,True
6,155.6,0,0.0,12,442.89,0.0,0.01,5.38,0.0,Aug,2,2,1,4,New_Visitor,False,False
2,57.25,0,0.5,20,2271.0,0.0,0.02,0.0,0.0,Mar,2,5,3,1,Returning_Visitor,False,False
1,24.04,1,50.54,6,239.67,0.0,0.02,0.0,0.0,Nov,3,2,2,2,New_Visitor,False,False
1,24.04,0,0.0,13,595.6,0.03,0.06,0.82,0.0,Mar,1,1,1,4,Returning_Visitor,True,False
0,0.0,0,0.5,6,239.67,0.0,0.02,0.82,0.0,Mar,1,1,1,2,New_Visitor,False,False
1,24.04,0,0.0,11,1200.2,0.0,0.02,18.41,0.0,Nov,2,5,3,1,Returning_Visitor,True,False
1,24.04,0,0.5,7,239.67,0.0,0.02,5.38,0.0,Nov,2,2,3,2,Returning_Visitor,True,False
6,60.0,0,0.0,54,2191.33,0.0,0.03,5.38,0.0,May,1,1,1,4,New_Visitor,False,False
0,2.64,0,0.5,6,25.0,0.12,0.16,0.0,0.6,May,3,2,1,4,New_Visitor,False,False
4,134.61,0,0.5,54,2514.25,0.0,0.02,0.82,0.01,June,2,5,3,4,New_Visitor,False,True
1,24.04,0,0.5,50,1862.33,0.01,0.03,0.0,0.01,May,2,2,3,4,Returning_Visitor,True,False
0,0.0,0,0.5,87,3002.9,0.0,0.01,5.38,0.0,Nov,1,1,1,2,Returning_Visitor,True,False
1,24.04,1,50.54,45,1691.24,0.0,0.02,5.38,0.0,Aug,2,2,1,4,Returning_Visitor,True,False
1,24.04,0,0.0,6,118.67,0.0,0.02,5.38,0.0,May,2,5,7,3,Returning_Visitor,False,False
2,30.5,3,285.0,54,2191.33,0.03,0.06,0.0,0.01,May,2,5,3,4,New_Visitor,True,False
0,0.0,0,0.5,8,257.4,0.0,0.03,0.0,0.76,May,2,2,3,3,Returning_Visitor,False,False
1,24.04,0,0.0,23,676.17,0.0,0.02,2.71,0.0,Mar,2,2,6,4,Returning_Visitor,True,True
1,24.04,0,0.5,2,19.0,0.0,0.02,1.38,0.0,Mar,2,5,3,1,Returning_Visitor,False,False
0,0.0,0,0.0,19,451.0,0.0,0.03,49.82,0.0,Mar,2,5,3,1,Returning_Visitor,False,True
1,24.04,0,0.0,6,239.67,0.0,0.02,5.38,0.0,Nov,2,6,3,1,Returning_Visitor,False,False
5,368.4,0,0.0,19,481.97,0.01,0.04,0.82,0.0,Mar,1,1,8,2,Returning_Visitor,True,False
1,24.04,0,0.0,6,239.67,0.01,0.04,0.0,0.0,May,3,2,3,3,Returning_Visitor,False,False
1,24.04,0,0.0,6,239.67,0.0,0.01,17.51,0.0,Nov,4,1,1,2,Returning_Visitor,True,True
0,2.64,0,0.5,6,239.67,0.04,0.1,0.0,0.76,May,2,2,1,4,New_Visitor,False,False
3,129.24,1,50.54,54,2191.33,0.0,0.02,29.87,0.31,May,6,4,3,1,Returning_Visitor,False,False
0,0.0,0,0.5,122,4668.05,0.0,0.02,0.82,0.01,June,2,4,3,3,Returning_Visitor,False,False
4,144.08,0,0.5,6,267.8,0.02,0.06,5.38,0.31,May,3,2,3,13,Returning_Visitor,False,False
1,24.04,0,0.0,6,239.0,0.0,0.02,5.38,0.0,Nov,3,2,1,3,Returning_Visitor,False,False
6,202.0,6,657.83,140,4884.54,0.0,0.02,0.82,0.0,Jul,2,2,4,9,Returning_Visitor,False,False
4,314.08,2,116.22,130,4884.54,0.0,0.01,0.82,0.76,June,2,5,3,2,New_Visitor,False,False
1,5.0,0,0.5,6,239.67,0.0,0.02,5.38,0.0,Nov,2,4,6,2,Returning_Visitor,False,False
6,202.0,0,0.5,6,239.67,0.0,0.03,0.0,0.8,Feb,1,5,3,4,Returning_Visitor,True,False
0,0.0,2,150.03,6,239.67,0.0,0.02,65.87,0.0,May,8,13,9,17,Other,False,False
1,24.04,0,0.0,6,239.67,0.0,0.02,5.38,0.0,Nov,2,2,9,2,Returning_Visitor,False,False
0,0.0,0,0.0,6,239.67,0.05,0.06,0.0,0.0,Nov,2,4,2,2,Returning_Visitor,False,False
4,122.0,0,0.0,23,651.87,0.0,0.01,5.38,0.0,Nov,3,2,4,11,New_Visitor,False,False
11,202.43,5,1767.67,355,13265.36,0.01,0.02,1.11,0.0,Nov,2,5,3,2,Returning_Visitor,False,True
0,0.0,0,0.0,4,239.67,0.0,0.02,5.38,0.0,Nov,1,1,8,2,Returning_Visitor,False,False
1,24.04,0,0.0,6,0.0,0.2,0.2,0.0,0.0,Nov,2,12,5,9,Returning_Visitor,False,False
10,490.33,0,0.5,292,10575.77,0.0,0.02,5.38,0.0,Nov,3,2,1,1,Returning_Visitor,False,False
1,24.04,0,0.5,6,0.0,0.08,0.12,0.82,0.0,Mar,1,1,1,2,New_Visitor,False,True
5,44.0,0,0.5,131,4884.54,0.0,0.02,0.82,0.31,Feb,2,4,3,2,Returning_Visitor,False,True
5,154.08,0,0.0,25,836.58,0.0,0.01,11.52,0.31,May,2,5,3,2,Returning_Visitor,False,True
1,9.0,2,82.0,6,239.67,0.02,0.05,3.32,0.4,May,3,2,8,13,Returning_Visitor,False,False
0,0.0,0,0.0,2,239.67,0.0,0.02,5.38,0.31,May,1,1,3,2,Returning_Visitor,False,False
1,24.04,0,0.5,9,239.67,0.0,0.02,5.38,0.29,May,2,10,3,4,Returning_Visitor,True,False
6,202.0,0,0.5,6,21.0,0.11,0.15,0.0,0.6,May,1,1,1,3,Returning_Visitor,False,False
4,132.4,0,0.0,11,296.3,0.0,0.02,5.38,0.76,May,2,4,3,3,Returning_Visitor,False,False
1,6.0,0,0.5,6,239.67,0.0,0.02,1.96,0.31,Sep,1,1,1,5,Returning_Visitor,True,False
0,0.0,0,0.0,27,836.58,0.02,0.04,0.0,0.0,Dec,2,10,3,2,Returning_Visitor,False,False
1,24.04,0,0.5,38,1250.68,0.02,0.03,0.0,0.29,May,1,1,1,3,Returning_Visitor,False,False
0,0.0,0,0.0,6,239.67,0.0,0.02,0.0,0.31,May,1,1,4,10,Returning_Visitor,True,False
0,0.0,0,0.0,16,757.39,0.0,0.02,0.0,0.0,Mar,2,4,1,2,New_Visitor,False,False
0,0.0,0,0.5,7,87.71,0.04,0.09,0.0,0.29,May,2,2,3,3,Returning_Visitor,False,False
4,391.3,1,50.54,24,836.58,0.0,0.02,61.92,0.31,Aug,2,5,3,2,Returning_Visitor,False,True
0,0.0,0,0.0,6,239.67,0.0,0.02,0.0,0.76,May,3,2,1,4,New_Visitor,False,False
1,24.04,0,0.5,6,239.67,0.01,0.03,5.38,0.8,May,2,2,3,3,Returning_Visitor,False,False
1,24.04,0,0.0,6,40.0,0.0,0.02,0.0,0.29,May,2,10,3,3,Returning_Visitor,False,False
0,2.64,0,0.0,3,239.67,0.1,0.1,5.38,0.31,May,3,2,6,6,Returning_Visitor,False,False
0,0.0,0,0.5,6,239.67,0.0,0.02,1.96,0.0,Dec,1,1,1,2,New_Visitor,False,True
0,0.0,0,0.5,6,239.67,0.0,0.04,5.38,0.76,May,2,2,1,4,New_Visitor,False,False
4,82.6,1,50.54,8,352.0,0.0,0.01,27.19,0.76,May,3,2,1,4,New_Visitor,False,True
0,0.0,0,0.5,1,239.67,0.2,0.2,0.0,0.31,May,1,1,1,13,Returning_Visitor,False,False
0,0.0,1,15.0,34,1235.65,0.02,0.05,5.38,0.76,May,1,1,1,4,Returning_Visitor,False,False
1,24.04,0,0.5,18,607.5,0.0,0.02,361.76,0.0,Nov,2,2,1,9,Returning_Visitor,True,True
0,0.0,0,0.0,23,706.05,0.01,0.04,0.82,0.0,Mar,1,1,4,11,Returning_Visitor,False,False
0,2.64,2,139.36,6,239.67,0.0,0.02,1.96,0.0,Dec,2,4,3,2,Returning_Visitor,True,False
1,21.2,0,0.5,0,239.67,0.05,0.1,0.0,0.0,Oct,1,1,1,2,New_Visitor,False,False
3,63.5,0,0.0,94,3195.76,0.0,0.02,0.0,0.0,Nov,2,2,1,10,Returning_Visitor,False,False
1,24.04,0,0.5,14,595.6,0.01,0.05,0.0,0.29,May,2,4,4,4,Returning_Visitor,True,False
7,202.0,0,0.0,142,5155.35,0.0,0.02,8.81,0.0,Nov,2,10,3,1,Returning_Visitor,False,False
6,202.0,1,37.5,130,4884.54,0.0,0.02,5.38,0.0,Nov,1,1,1,2,Returning_Visitor,False,True
1,24.04,0,0.0,7,280.5,0.0,0.02,1.38,0.0,Feb,1,1,1,4,Returning_Visitor,True,False
1,24.04,0,0.0,6,239.67,0.0,0.01,1.38,0.0,Mar,2,4,3,2,New_Visitor,False,False
4,144.08,1,50.54,54,2191.33,0.02,0.04,5.38,0.0,Nov,2,2,3,8,Returning_Visitor,False,False
0,0.0,0,0.5,23,836.58,0.0,0.02,0.82,0.0,Mar,1,1,1,2,New_Visitor,False,False
4,134.61,0,0.5,170,3888.28,0.0,0.02,5.38,0.0,Nov,2,2,8,2,Returning_Visitor,True,False
1,24.04,0,0.5,6,239.67,0.01,0.04,0.0,0.76,May,2,2,3,4,Returning_Visitor,True,False
1,24.04,0,0.5,15,595.6,0.0,0.02,0.0,0.31,May,2,2,6,6,Returning_Visitor,True,False
2,57.25,0,0.5,41,1477.73,0.0,0.02,9.69,0.01,May,2,2,1,4,Returning_Visitor,True,False
0,0.0,0,0.0,10,239.67,0.15,0.2,0.0,0.8,May,1,1,2,4,New_Visitor,False,False
7,202.0,3,295.55,70,3993.14,0.0,0.02,32.1,0.31,May,3,2,1,2,Returning_Visitor,True,True
1,24.04,0,0.0,6,239.67,0.0,0.02,30.01,0.0,Nov,2,2,3,1,Returning_Visitor,False,True
0,2.64,0,0.5,2,239.67,0.01,0.05,0.0,0.4,May,3,2,1,1,Returning_Visitor,False,False
1,24.04,0,0.5,21,2179.67,0.0,0.02,5.38,0.31,May,2,5,3,2,Returning_Visitor,False,False
1,24.04,1,0.0,6,239.67,0.0,0.02,0.82,0.0,Mar,2,4,3,2,Returning_Visitor,True,False
1,24.04,0,0.0,6,239.67,0.03,0.07,1.38,0.0,Mar,2,5,3,3,Returning_Visitor,False,False
4,115.38,0,0.0,19,473.5,0.0,0.02,0.82,0.31,June,2,2,3,1,Returning_Visitor,False,True
1,24.04,0,0.5,8,239.67,0.0,0.02,0.82,0.0,Mar,2,2,1,2,Returning_Visitor,True,False
1,24.04,0,0.5,28,1017.5,0.0,0.02,0.0,0.0,Nov,2,10,3,2,Returning_Visitor,True,False
2,25.0,0,0.0,6,65.0,0.0,0.02,1.38,0.0,Mar,2,4,1,2,New_Visitor,False,False
5,175.1,0,0.0,26,836.58,0.0,0.0,5.38,0.76,May,1,1,1,4,New_Visitor,False,True
2,57.25,0,0.5,6,239.67,0.06,0.11,0.0,0.76,May,2,4,6,3,Returning_Visitor,False,False
1,24.04,0,0.0,6,239.67,0.01,0.04,13.13,0.0,Nov,2,2,1,2,New_Visitor,False,False
0,2.64,0,0.0,6,239.67,0.0,0.01,5.38,0.76,May,3,2,1,3,Returning_Visitor,False,False
6,202.0,0,0.0,41,1250.68,0.0,0.02,5.38,0.29,May,1,1,3,11,Returning_Visitor,False,False
1,24.04,0,0.5,6,239.67,0.2,0.2,5.38,0.31,May,1,1,4,1,Returning_Visitor,True,False
4,21.1,3,341.6,54,2191.33,0.01,0.05,5.38,0.0,Nov,3,2,1,1,Returning_Visitor,False,False
0,0.0,0,0.5,7,88.0,0.06,0.11,0.0,0.76,May,2,4,3,3,Returning_Visitor,False,False
3,67.4,0,0.0,4,239.67,0.0,0.02,0.0,0.31,May,1,1,1,2,New_Visitor,True,False
0,0.0,0,0.5,6,239.67,0.01,0.03,0.0,0.31,May,1,1,1,9,Returning_Visitor,False,False
1,24.04,0,0.0,14,371.23,0.01,0.03,1.38,0.0,Mar,2,4,8,10,Returning_Visitor,True,False
0,0.0,0,0.5,32,1155.81,0.0,0.02,0.0,0.0,Nov,2,2,1,1,Returning_Visitor,False,False
1,11.0,0,0.0,26,651.07,0.0,0.02,0.82,0.29,June,1,1,4,3,Returning_Visitor,False,False
1,24.04,0,0.5,7,239.67,0.0,0.02,0.0,0.76,May,1,2,1,3,Returning_Visitor,False,False
1,24.04,0,0.5,2,239.67,0.0,0.1,0.82,0.31,June,2,5,3,1,Returning_Visitor,True,False
0,2.64,0,0.5,6,239.67,0.0,0.02,0.82,0.01,June,2,4,3,4,Returning_Visitor,True,False
2,76.0,2,79.0,54,2072.67,0.01,0.02,8.1,0.01,May,3,4,7,3,Returning_Visitor,False,False
0,2.64,0,0.5,6,239.67,0.0,0.02,0.0,0.76,May,2,4,9,3,Returning_Visitor,False,False
11,446.23,3,214.17,54,2191.33,0.0,0.02,0.82,0.0,Mar,3,2,1,2,New_Visitor,False,True
0,2.64,0,0.5,6,72.5,0.04,0.11,0.0,0.76,May,1,1,1,3,Returning_Visitor,False,False
0,0.0,0,0.5,6,239.67,0.0,0.02,1.96,0.0,Dec,1,5,3,2,New_Visitor,False,False
0,2.64,1,6.0,54,2349.1,0.0,0.02,0.0,0.29,May,2,4,2,3,Returning_Visitor,False,False
1,24.04,0,0.5,4,562.0,0.0,0.02,0.0,0.0,Dec,1,11,7,1,Returning_Visitor,False,False
4,144.08,1,50.54,54,2191.33,0.0,0.02,5.38,0.31,May,2,6,1,6,Returning_Visitor,False,False
0,0.0,0,0.0,6,239.67,0.0,0.02,0.82,0.01,June,2,4,3,4,New_Visitor,False,True
1,24.04,0,0.5,36,1837.97,0.01,0.04,0.82,0.4,June,2,2,3,1,Returning_Visitor,False,False
0,2.64,0,0.0,1,239.67,0.2,0.2,5.38,0.76,May,3,2,1,4,New_Visitor,False,False
0,2.64,0,0.0,10,357.56,0.0,0.02,1.96,0.0,Dec,1,8,3,10,New_Visitor,False,False
6,178.0,1,50.54,36,943.62,0.03,0.06,0.0,0.31,May,1,1,1,13,Returning_Visitor,False,False
0,2.64,0,0.5,6,239.67,0.0,0.02,5.38,0.29,May,1,1,7,3,Returning_Visitor,False,True
1,24.04,0,0.5,40,1296.92,0.0,0.02,1.34,0.31,Sep,2,2,7,1,Returning_Visitor,False,False
2,57.25,3,60.0,6,239.67,0.0,0.02,51.27,0.76,May,2,5,3,3,Returning_Visitor,True,False
4,93.6,0,0.0,8,239.67,0.09,0.12,0.0,0.76,Sep,2,2,1,3,Returning_Visitor,False,False
1,24.04,0,0.5,19,347.0,0.0,0.02,5.38,0.0,Nov,2,2,2,1,Returning_Visitor,False,False
9,202.0,7,636.75,142,5142.86,0.0,0.02,0.0,0.0,Nov,2,4,3,2,Returning_Visitor,True,True
8,202.0,3,145.6,54,2191.33,0.0,0.01,27.6,0.01,May,2,2,4,3,Returning_Visitor,False,True
9,202.0,0,0.0,19,1655.19,0.0,0.02,1.96,0.0,Dec,1,1,7,2,Returning_Visitor,False,False
6,182.51,1,50.54,54,2191.33,0.04,0.06,0.0,0.76,May,3,2,1,3,Returning_Visitor,False,False
0,0.0,0,0.5,6,239.67,0.02,0.06,65.87,0.8,May,1,1,3,20,New_Visitor,False,False
2,75.6,0,0.5,10,239.67,0.0,0.02,5.38,0.01,Aug,2,2,4,3,Returning_Visitor,False,False
3,129.24,0,0.0,12,442.89,0.0,0.02,1.96,0.0,Dec,1,1,1,2,New_Visitor,True,False
1,69.0,0,0.0,8,239.67,0.0,0.02,28.05,0.0,Mar,2,2,1,2,New_Visitor,False,True
0,0.0,0,0.0,6,239.67,0.0,0.02,0.0,0.76,May,2,4,1,4,Returning_Visitor,True,False
4,144.08,2,88.0,54,2191.33,0.0,0.01,0.82,0.31,June,2,2,3,9,Returning_Visitor,True,False
3,129.24,1,50.54,54,2191.33,0.0,0.01,0.82,0.76,June,1,1,8,2,New_Visitor,False,True
4,134.61,0,0.0,142,5106.26,0.0,0.02,5.38,0.0,Nov,2,2,3,2,Returning_Visitor,False,False
1,24.04,0,0.0,6,0.0,0.2,0.2,0.0,0.76,May,2,4,3,3,Returning_Visitor,False,False
6,202.0,0,0.0,13,1461.42,0.01,0.05,5.38,0.29,May,3,2,3,11,Returning_Visitor,True,False
6,182.51,1,50.54,10,239.67,0.0,0.02,0.82,0.31,June,2,4,3,2,Returning_Visitor,False,False
1,24.04,0,0.0,6,239.67,0.02,0.04,1.96,0.0,Dec,1,1,3,2,Returning_Visitor,False,False
2,57.25,0,0.0,41,1407.5,0.0,0.02,15.51,0.76,May,1,1,1,3,Returning_Visitor,False,True
2,28.73,0,0.5,12,442.89,0.0,0.02,0.82,0.31,June,2,4,3,2,Returning_Visitor,True,True
1,24.04,0,0.5,6,239.67,0.0,0.02,0.0,0.76,May,2,2,4,3,Returning_Visitor,False,False
1,24.04,0,0.0,6,239.67,0.0,0.02,0.82,0.0,June,2,10,3,4,New_Visitor,False,False
1,24.04,0,0.0,6,239.67,0.0,0.02,11.55,0.0,Nov,2,4,3,1,Returning_Visitor,False,False
8,202.0,0,0.0,54,2191.33,0.0,0.02,5.38,0.2,May,2,2,1,5,Returning_Visitor,False,False
1,21.2,0,0.5,7,307.87,0.0,0.02,0.0,0.01,Aug,2,4,3,4,New_Visitor,False,False
0,0.0,0,0.0,10,239.67,0.02,0.05,0.82,0.01,June,2,5,3,3,Returning_Visitor,False,False
0,0.0,0,0.0,6,54.5,0.1,0.15,0.0,0.0,Nov,2,4,1,2,New_Visitor,False,False
1,30.2,0,0.5,6,239.67,0.04,0.08,5.38,0.29,May,2,4,1,3,Returning_Visitor,False,False
1,27.2,0,0.0,6,239.67,0.0,0.02,5.38,0.0,Nov,2,4,2,2,Returning_Visitor,False,False
0,0.0,0,0.0,4,239.67,0.0,0.02,5.38,0.76,May,1,1,2,4,Returning_Visitor,False,False
2,57.25,0,0.5,36,1720.42,0.0,0.02,5.38,0.2,May,2,10,3,3,Returning_Visitor,False,False
1,24.04,0,0.5,6,239.67,0.04,0.06,0.82,0.6,June,2,2,3,6,Returning_Visitor,False,False
1,24.04,0,0.0,19,496.97,0.0,0.01,0.0,0.0,Nov,2,5,3,2,New_Visitor,False,False
0,2.64,5,521.98,6,239.67,0.02,0.03,0.82,0.0,Mar,1,1,8,2,Returning_Visitor,True,False
1,24.04,0,0.5,18,836.58,0.0,0.02,1.96,0.0,Dec,2,2,3,1,Returning_Visitor,True,False
2,12.62,0,0.5,29,1155.81,0.01,0.04,5.38,0.0,Nov,2,2,3,1,Returning_Visitor,False,True
1,24.04,0,0.0,6,239.67,0.0,0.02,0.0,0.0,Nov,1,1,4,2,Returning_Visitor,True,False
1,24.04,0,0.0,56,2191.33,0.0,0.02,5.38,0.29,May,2,5,3,3,Returning_Visitor,False,True
1,24.04,0,0.0,20,606.0,0.0,0.01,0.0,0.0,Nov,2,2,6,1,Returning_Visitor,False,False
10,470.45,3,261.65,227,12460.67,0.0,0.02,0.0,0.76,May,1,1,1,3,Returning_Visitor,False,False
1,24.04,0,0.0,6,549.0,0.0,0.02,0.0,0.0,Nov,3,2,1,4,Returning_Visitor,False,False
0,0.0,0,0.0,35,1155.81,0.0,0.02,5.38,0.29,May,2,4,2,4,Returning_Visitor,False,False
1,24.04,1,0.0,19,381.6,0.04,0.06,5.38,0.0,Nov,1,1,4,1,Returning_Visitor,False,True
4,101.8,0,0.0,91,5692.21,0.01,0.03,0.0,0.0,Nov,2,10,3,1,Returning_Visitor,False,False
0,0.0,0,0.0,6,239.67,0.02,0.05,0.0,0.76,May,2,4,3,4,New_Visitor,False,False
2,57.25,0,0.0,54,2197.78,0.01,0.04,0.0,0.76,May,1,1,8,4,New_Visitor,False,True
4,296.75,0,0.0,54,2191.33,0.0,0.02,1.96,0.0,Dec,1,5,3,1,Returning_Visitor,False,False
1,7.5,0,0.5,63,1903.67,0.0,0.02,0.0,0.76,May,2,4,2,4,New_Visitor,False,False
1,24.04,0,0.0,6,118.27,0.0,0.02,0.82,0.0,Jul,1,1,1,4,Returning_Visitor,False,False
0,0.0,0,0.5,6,239.67,0.0,0.02,5.38,0.0,Nov,3,2,1,1,Returning_Visitor,True,False
1,24.04,0,0.0,6,239.67,0.02,0.04,0.0,0.31,May,2,4,3,2,Returning_Visitor,False,False
6,202.0,2,115.8,32,1155.81,0.0,0.01,0.0,0.01,Aug,1,1,1,4,New_Visitor,False,False
1,24.04,0,0.5,3,36.0,0.07,0.1,0.0,0.31,May,2,5,3,2,Returning_Visitor,False,False
1,4.0,0,0.5,87,3757.08,0.0,0.02,18.88,0.0,Nov,2,10,3,2,Returning_Visitor,False,False
4,141.04,1,50.54,50,1535.64,0.0,0.03,0.82,0.01,June,1,1,1,3,Returning_Visitor,False,False
0,0.0,0,0.5,9,275.17,0.0,0.02,0.0,0.76,May,3,2,1,3,Returning_Visitor,False,False
9,202.0,1,50.54,54,2191.33,0.0,0.02,17.79,0.0,Nov,2,2,1,10,Returning_Visitor,False,True
0,0.0,0,0.0,1,239.67,0.2,0.2,0.0,0.0,Mar,1,1,1,2,Returning_Visitor,True,False
1,24.04,0,0.5,23,769.0,0.0,0.02,5.38,0.31,May,3,2,3,2,New_Visitor,False,True
0,2.64,0,0.0,6,239.67,0.01,0.05,5.38,0.76,May,2,4,2,4,Returning_Visitor,False,False
3,129.24,2,123.55,54,2191.33,0.0,0.02,2.21,0.0,Nov,1,1,1,2,Returning_Visitor,False,True
7,202.0,1,50.54,105,3195.76,0.0,0.01,0.82,0.76,June,2,2,1,2,New_Visitor,False,False
5,103.0,0,0.0,16,399.0,0.02,0.06,0.0,0.31,May,2,5,1,19,Returning_Visitor,False,False
1,24.04,0,0.0,18,836.58,0.0,0.02,0.82,0.29,June,2,2,3,3,Returning_Visitor,False,False
0,0.0,0,0.5,16,1558.25,0.0,0.01,0.0,0.76,May,1,1,3,4,New_Visitor,True,False
0,2.64,0,0.0,6,178.25,0.0,0.02,5.38,0.76,May,3,2,1,3,Returning_Visitor,False,False
7,275.08,0,0.5,70,2701.96,0.0,0.0,61.53,0.0,Oct,1,5,3,19,Returning_Visitor,True,False
1,24.04,0,0.5,14,397.8,0.0,0.02,5.38,0.29,May,2,2,1,4,Returning_Visitor,False,False
6,62.5,3,272.2,87,3222.76,0.01,0.04,0.0,0.6,May,3,2,1,4,New_Visitor,False,False
6,202.0,2,116.22,83,2968.9,0.0,0.02,5.38,0.31,May,3,2,6,1,Returning_Visitor,False,False
6,202.0,0,0.5,6,239.67,0.0,0.02,0.0,0.31,May,1,1,3,10,Returning_Visitor,True,False
1,24.04,0,0.5,6,239.67,0.0,0.02,0.0,0.29,May,2,5,7,3,Returning_Visitor,False,False
0,0.0,0,0.0,6,239.67,0.01,0.04,0.82,0.0,Mar,2,10,3,2,New_Visitor,False,False
4,87.25,0,0.5,37,1336.21,0.01,0.04,5.38,0.01,May,2,2,1,4,New_Visitor,False,False
1,24.04,0,0.5,29,1193.0,0.0,0.02,0.82,0.0,Mar,3,2,1,2,New_Visitor,False,True
1,24.04,0,0.5,6,79.0,0.02,0.04,0.0,0.0,May,2,4,2,4,Returning_Visitor,True,False
5,58.29,6,685.25,54,2191.33,0.0,0.01,9.42,0.01,May,6,3,1,4,Returning_Visitor,False,False
3,129.24,2,39.0,46,1388.87,0.01,0.03,0.82,0.0,Mar,2,4,1,2,Returning_Visitor,True,False
0,2.64,0,0.5,6,105.0,0.03,0.06,0.0,0.0,May,2,10,3,4,New_Visitor,False,False
1,24.04,0,0.5,6,239.67,0.0,0.02,0.0,0.0,Nov,3,2,1,1,Returning_Visitor,False,False
2,39.5,0,0.0,28,986.93,0.04,0.09,5.38,0.0,Nov,2,4,3,2,Returning_Visitor,False,False
1,24.04,0,0.5,1,239.67,0.2,0.2,1.38,0.0,Mar,1,1,3,2,Returning_Visitor,False,False
0,2.64,0,0.0,54,2017.17,0.0,0.01,0.82,0.8,June,2,2,1,2,New_Visitor,False,False
1,24.04,0,0.0,21,1050.25,0.01,0.03,5.38,0.0,Nov,2,12,6,9,Returning_Visitor,True,False
1,24.04,0,0.5,54,1993.92,0.0,0.01,13.09,0.31,May,2,10,3,1,Returning_Visitor,False,False
4,144.08,1,50.54,28,917.35,0.0,0.01,1.38,0.0,Mar,1,1,8,2,Returning_Visitor,True,True
0,0.0,0,0.5,6,239.67,0.0,0.02,14.98,0.4,May,4,1,1,4,New_Visitor,False,True
6,163.33,0,0.5,96,3195.76,0.0,0.01,1.96,0.0,Dec,1,1,1,2,New_Visitor,False,False
0,2.64,0,0.0,6,261.75,0.0,0.02,5.38,0.0,Nov,2,6,1,1,Returning_Visitor,False,False
0,0.0,0,0.0,6,108.0,0.0,0.02,0.82,0.01,June,3,2,1,3,Returning_Visitor,True,False
0,0.0,0,0.5,6,239.67,0.01,0.03,0.0,0.0,Nov,1,1,1,2,Returning_Visitor,False,False
0,0.0,0,0.5,64,2701.96,0.0,0.02,0.0,0.01,May,3,4,1,3,Returning_Visitor,True,True
6,182.51,1,50.54,54,2191.33,0.0,0.01,0.82,0.31,June,1,1,8,2,New_Visitor,True,False
4,90.5,2,116.22,47,2986.92,0.02,0.05,0.82,0.76,June,2,2,8,2,New_Visitor,False,False
1,24.04,0,0.5,23,801.05,0.0,0.02,0.0,0.31,May,1,1,1,2,Returning_Visitor,False,False
0,0.0,0,0.5,14,436.0,0.0,0.02,0.82,0.0,Mar,1,1,1,1,Returning_Visitor,True,False
0,2.64,0,0.0,6,239.67,0.0,0.02,0.82,0.01,June,3,2,1,4,Returning_Visitor,True,False
1,9.0,0,0.0,95,3195.76,0.01,0.02,4.75,0.0,Dec,2,12,1,16,New_Visitor,False,False
0,0.0,0,0.5,6,239.67,0.0,0.01,0.0,0.29,May,1,1,1,3,Returning_Visitor,True,False
2,27.0,0,0.5,23,836.58,0.0,0.02,1.38,0.0,Mar,2,4,2,2,Returning_Visitor,False,False
10,1590.89,5,938.07,1,239.67,0.04,0.09,20.13,0.0,Dec,8,13,9,16,Other,False,False
1,24.04,0,0.5,30,1155.81,0.0,0.02,5.38,0.6,May,2,2,3,3,Returning_Visitor,False,False
0,2.64,0,0.5,2,239.67,0.0,0.02,0.0,0.76,May,2,4,3,4,New_Visitor,False,False
0,0.0,0,0.0,28,976.2,0.0,0.02,5.38,0.76,May,2,4,7,4,Returning_Visitor,True,False
0,2.64,0,0.0,8,400.8,0.05,0.09,0.0,0.76,May,1,1,1,3,Returning_Visitor,False,False
5,73.5,1,55.0,54,2191.33,0.0,0.02,5.38,0.76,May,2,4,1,3,Returning_Visitor,False,False
2,57.25,0,0.5,6,239.67,0.0,0.02,0.82,0.76,June,2,4,3,2,New_Visitor,True,True
1,24.04,0,0.5,6,239.67,0.0,0.02,0.0,0.76,May,2,4,3,4,New_Visitor,False,False
1,24.04,0,0.5,6,239.67,0.07,0.13,0.0,0.0,Dec,2,2,1,20,Returning_Visitor,False,False
6,185.0,1,50.54,45,1694.75,0.01,0.03,0.82,0.0,Mar,2,2,1,1,Returning_Visitor,False,False
1,24.04,2,116.22,6,178.0,0.01,0.04,0.82,0.0,Mar,2,5,3,2,New_Visitor,False,False
1,24.04,0,0.5,1,239.67,0.2,0.2,0.0,0.31,May,2,5,3,1,Returning_Visitor,False,False
6,217.65,1,50.54,41,1639.07,0.01,0.03,0.82,0.76,June,2,2,3,9,Returning_Visitor,True,False
4,102.2,0,0.5,10,226.4,0.03,0.08,5.38,0.0,Oct,3,2,1,1,Returning_Visitor,True,False
1,24.04,0,0.0,6,8.0,0.0,0.07,1.38,0.0,Mar,1,1,1,2,New_Visitor,False,False
1,24.04,0,0.5,32,1155.81,0.0,0.02,5.38,0.0,May,3,2,3,3,Returning_Visitor,False,False
0,0.0,0,0.5,6,239.67,0.0,0.02,5.38,0.76,May,2,2,5,4,Returning_Visitor,True,True
0,0.0,0,0.0,6,239.67,0.07,0.12,5.38,0.0,Nov,2,10,3,1,Returning_Visitor,False,False
3,27.0,0,0.0,2,16.0,0.0,0.02,0.82,0.0,Mar,2,4,2,2,New_Visitor,False,True
0,0.0,0,0.0,7,17.0,0.0,0.02,5.38,0.0,May,2,4,3,3,Returning_Visitor,False,False
0,2.64,0,0.5,6,239.67,0.0,0.0,4.75,0.0,Sep,8,13,9,20,Returning_Visitor,True,False
0,0.0,0,0.0,6,239.67,0.01,0.05,0.0,0.31,May,3,5,3,13,Returning_Visitor,False,False
0,2.64,2,26.5,142,6001.17,0.0,0.02,5.38,0.31,May,2,2,1,2,Returning_Visitor,False,True
6,202.0,2,34.0,45,1351.12,0.0,0.02,0.0,0.0,May,1,1,1,4,New_Visitor,False,False
1,24.04,0,0.5,23,765.39,0.0,0.0,256.79,0.0,Nov,2,2,8,16,New_Visitor,False,False
1,78.0,0,0.5,6,225.17,0.0,0.02,5.38,0.0,Nov,1,1,1,2,Returning_Visitor,True,False
6,194.42,2,123.55,41,1569.17,0.0,0.02,0.82,0.31,June,1,1,8,6,Returning_Visitor,False,False
0,2.64,0,0.5,6,239.67,0.0,0.02,0.82,0.01,June,2,4,3,4,New_Visitor,False,False
1,24.04,0,0.0,6,91.0,0.01,0.03,0.82,0.6,June,2,2,1,2,New_Visitor,False,False
1,24.04,0,0.5,19,716.95,0.0,0.02,5.38,0.76,May,2,4,3,4,New_Visitor,False,False
1,24.04,0,0.0,50,1830.58,0.02,0.04,111.51,0.0,Dec,1,1,6,2,Returning_Visitor,True,False
1,12.0,0,0.5,54,2004.5,0.03,0.06,0.0,0.01,May,3,4,6,3,Returning_Visitor,False,False
1,24.04,0,0.0,6,239.67,0.0,0.02,0.0,0.29,May,1,1,1,11,Returning_Visitor,True,False
1,24.04,0,0.5,6,239.67,0.0,0.02,5.38,0.0,May,3,3,1,3,Returning_Visitor,False,False
0,0.0,0,0.0,42,1351.12,0.0,0.02,1.96,0.0,Dec,2,2,3,9,Returning_Visitor,False,False
0,0.0,0,0.5,69,2734.82,0.0,0.0,49.39,0.0,May,1,1,3,2,New_Visitor,False,True
10,1021.02,1,50.54,62,4402.25,0.0,0.02,246.76,0.0,Oct,4,8,8,16,New_Visitor,False,False
6,193.75,0,0.0,54,2191.33,0.0,0.02,0.0,0.0,Nov,3,2,3,9,Returning_Visitor,False,False
0,2.64,0,0.0,7,239.67,0.03,0.07,0.0,0.76,May,1,1,1,3,Returning_Visitor,False,False
1,24.04,0,0.5,8,274.58,0.0,0.02,5.38,0.0,Nov,1,1,1,2,Returning_Visitor,False,False
1,24.04,0,0.5,6,239.67,0.0,0.02,0.0,0.76,May,1,1,1,3,Returning_Visitor,False,False
3,18.0,0,0.0,6,8.0,0.01,0.05,95.23,0.0,Oct,2,13,1,20,Returning_Visitor,False,False
2,57.25,2,116.22,6,239.67,0.01,0.03,0.0,0.0,May,2,5,3,3,Returning_Visitor,False,False
0,2.64,0,0.5,5,239.67,0.0,0.02,0.0,0.0,Dec,1,2,1,2,Returning_Visitor,True,False
1,24.04,0,0.0,6,239.67,0.0,0.02,0.0,0.76,May,1,1,1,3,Returning_Visitor,False,False
0,0.0,0,0.5,19,496.0,0.02,0.04,1.96,0.0,Dec,2,12,3,2,New_Visitor,False,False
6,206.0,3,132.0,54,2191.33,0.0,0.01,0.0,0.31,May,2,2,1,1,Returning_Visitor,False,False
2,49.8,0,0.0,41,1250.68,0.0,0.02,0.82,0.31,June,2,10,3,1,Returning_Visitor,False,False
1,24.04,0,0.5,6,239.67,0.0,0.02,1.38,0.0,Mar,2,2,1,1,Returning_Visitor,False,False
6,202.0,0,0.0,19,571.5,0.0,0.02,0.0,0.4,May,1,5,3,9,Returning_Visitor,True,False
1,18.2,0,0.5,17,225.68,0.0,0.0,0.0,0.0,May,2,10,3,3,Returning_Visitor,False,False
1,24.04,0,0.5,44,845.83,0.0,0.01,19.3,0.01,May,2,2,3,3,Returning_Visitor,False,True
7,277.8,0,0.0,25,836.58,0.0,0.0,5.38,0.0,May,2,10,3,4,New_Visitor,True,True
4,134.61,0,0.5,87,3275.11,0.0,0.01,29.61,0.29,May,4,1,1,3,Returning_Visitor,False,True
1,24.04,0,0.5,6,239.67,0.01,0.02,0.0,0.0,Nov,1,2,1,2,Returning_Visitor,False,False
1,24.04,0,0.5,19,836.58,0.03,0.07,0.0,0.76,May,2,4,3,3,Returning_Visitor,False,False
1,24.04,0,0.5,6,239.67,0.01,0.04,0.0,0.4,May,2,2,2,4,New_Visitor,False,False
0,2.64,0,0.0,6,239.67,0.0,0.02,0.82,0.0,Mar,2,10,3,2,New_Visitor,False,False
1,24.04,0,0.5,8,352.08,0.01,0.02,0.0,0.76,May,2,2,3,4,Returning_Visitor,False,False
0,2.64,0,0.0,8,239.67,0.0,0.06,1.38,0.0,Mar,2,10,4,2,Returning_Visitor,True,False
1,24.04,0,0.5,22,742.0,0.0,0.02,1.96,0.0,Sep,1,1,1,4,New_Visitor,True,True
1,24.04,0,0.0,6,239.67,0.01,0.04,5.38,0.0,Nov,1,1,1,2,New_Visitor,False,False
2,31.33,0,0.0,6,239.67,0.0,0.02,0.82,0.31,June,2,2,1,2,Returning_Visitor,True,False
1,21.0,0,0.5,6,239.67,0.0,0.02,0.0,0.31,May,2,5,3,10,Returning_Visitor,False,False
0,0.0,0,0.5,6,239.67,0.0,0.02,0.0,0.29,May,1,1,4,3,Returning_Visitor,False,False
6,202.0,0,0.0,6,239.67,0.0,0.02,0.82,0.6,June,2,4,3,2,New_Visitor,False,False
6,182.51,1,50.54,54,2191.33,0.0,0.02,1.38,0.0,Mar,1,1,1,2,Returning_Visitor,False,True
6,182.51,1,50.54,19,836.58,0.0,0.01,5.38,0.76,May,2,2,3,11,Returning_Visitor,False,True
1,24.04,0,0.0,6,239.67,0.0,0.01,50.08,0.0,Nov,2,3,7,1,Returning_Visitor,False,True
6,202.0,2,94.17,54,2191.33,0.0,0.02,5.38,0.0,Nov,3,2,1,2,Returning_Visitor,True,True
10,1013.89,1,50.54,54,2191.33,0.0,0.02,13.86,0.76,Sep,2,5,3,20,Returning_Visitor,True,False
0,0.0,0,0.5,1,0.0,0.2,0.2,5.38,0.29,May,3,2,4,3,Returning_Visitor,False,False
1,24.04,0,0.0,50,1795.92,0.0,0.01,0.0,0.0,Nov,2,2,3,3,Returning_Visitor,False,False
0,0.0,0,0.0,1,239.67,0.2,0.2,0.0,0.0,Dec,7,7,3,1,Returning_Visitor,False,False
1,24.04,0,0.5,28,1044.8,0.02,0.02,0.0,0.29,May,3,2,7,4,Returning_Visitor,True,False
1,24.04,0,0.5,40,765.04,0.0,0.02,0.0,0.0,Nov,2,4,4,2,Returning_Visitor,True,False
0,2.64,0,0.5,17,836.58,0.0,0.01,5.38,0.0,Oct,2,2,4,4,New_Visitor,True,True
2,31.0,2,16.0,54,2083.53,0.0,0.02,0.82,0.29,June,2,5,3,3,Returning_Visitor,False,False
1,24.04,0,0.0,8,279.33,0.0,0.02,5.38,0.0,Nov,2,4,9,2,New_Visitor,False,False
2,57.25,0,0.5,19,570.5,0.0,0.02,5.38,0.76,May,2,2,2,4,New_Visitor,False,False
1,24.04,0,0.5,20,836.58,0.0,0.02,25.39,0.0,Nov,2,2,1,2,Returning_Visitor,False,True
0,2.64,0,0.5,6,42.0,0.0,0.07,5.38,0.0,Nov,2,2,3,1,Returning_Visitor,False,False
1,24.04,0,0.5,6,161.6,0.0,0.02,0.82,0.0,Mar,1,1,1,3,Returning_Visitor,False,False
1,24.04,0,0.5,6,239.67,0.0,0.02,5.38,0.76,May,1,1,1,3,Returning_Visitor,False,False
1,24.04,0,0.0,2,0.0,0.08,0.12,1.38,0.0,Mar,2,4,1,1,Returning_Visitor,False,False
0,2.64,0,0.5,7,239.67,0.03,0.06,1.38,0.0,Mar,1,1,1,2,New_Visitor,False,False
4,178.0,1,50.54,54,2191.33,0.0,0.02,0.82,0.0,Mar,1,5,3,9,Returning_Visitor,False,False
0,0.0,0,0.0,6,12.0,0.0,0.02,0.82,0.01,June,2,4,3,4,New_Visitor,False,False
10,513.94,0,0.0,337,11231.41,0.0,0.01,0.0,0.0,Nov,2,4,1,1,Returning_Visitor,False,False
6,182.51,1,50.54,5,345.5,0.0,0.01,0.0,0.0,Mar,2,2,3,2,New_Visitor,False,False
0,0.0,0,0.5,41,1475.37,0.0,0.02,0.0,0.0,Nov,2,4,4,2,Returning_Visitor,True,False
10,490.33,0,0.5,87,3466.79,0.0,0.02,1.96,0.0,Dec,1,1,1,13,Returning_Visitor,False,False
4,70.5,0,0.5,3,51.3,0.0,0.01,0.82,0.76,June,1,1,8,2,New_Visitor,False,False
1,24.04,0,0.0,6,239.67,0.0,0.02,5.38,0.0,Nov,2,2,1,1,Returning_Visitor,False,True
1,24.04,0,0.0,6,239.67,0.0,0.03,0.82,0.31,June,3,2,1,1,Returning_Visitor,False,False
0,0.0,0,0.5,6,239.67,0.0,0.02,0.0,0.0,Mar,2,2,3,1,Returning_Visitor,False,False
0,0.0,0,0.5,6,239.67,0.01,0.03,0.82,0.01,June,3,4,1,3,Returning_Visitor,True,False
0,2.64,0,0.5,34,1288.56,0.0,0.02,0.0,0.0,Nov,2,5,3,4,Returning_Visitor,False,False
2,35.0,0,0.0,6,89.33,0.0,0.02,5.38,0.76,May,2,2,1,4,New_Visitor,False,False
0,0.0,0,0.0,8,239.67,0.0,0.02,0.0,0.29,May,3,2,2,3,Returning_Visitor,False,False
2,57.25,0,0.5,24,1270.17,0.0,0.02,5.38,0.0,May,2,2,1,6,Returning_Visitor,False,False
1,24.04,0,0.5,14,381.0,0.03,0.08,0.82,0.0,Mar,1,1,1,2,New_Visitor,False,False
2,46.96,0,0.0,6,239.67,0.0,0.02,0.0,0.0,Nov,3,2,1,1,Returning_Visitor,True,False
2,57.25,0,0.0,6,239.67,0.0,0.02,65.87,0.0,Oct,7,13,9,20,Other,False,False
1,3.0,0,0.5,40,624.75,0.0,0.02,0.0,0.0,Mar,2,7,3,2,Returning_Visitor,True,False
0,0.0,0,0.0,5,239.67,0.01,0.05,0.0,0.76,May,3,2,1,4,New_Visitor,False,False
0,0.0,0,0.0,1,239.67,0.2,0.2,5.38,0.76,May,3,13,1,4,New_Visitor,False,False
1,24.04,0,0.0,6,11.0,0.0,0.02,0.0,0.76,May,3,6,6,4,New_Visitor,True,False
2,57.25,0,0.0,13,595.6,0.0,0.02,5.38,1.0,May,1,1,2,4,New_Visitor,False,False
2,75.05,0,0.5,106,3195.76,0.01,0.04,4.48,0.01,Aug,3,2,1,3,Returning_Visitor,False,False
1,24.04,0,0.0,17,836.58,0.0,0.02,5.38,0.2,May,2,10,3,4,New_Visitor,False,False
1,24.04,0,0.0,6,32.2,0.09,0.11,0.82,0.0,Mar,2,10,3,1,Returning_Visitor,False,False
9,1047.34,0,0.0,27,520.0,0.0,0.02,61.53,0.0,Nov,1,1,3,20,Returning_Visitor,False,True
1,24.04,0,0.5,6,239.67,0.03,0.06,0.82,0.01,June,2,5,3,4,New_Visitor,False,False
0,0.0,0,0.5,6,239.67,0.0,0.02,0.0,0.0,Dec,2,2,9,1,Returning_Visitor,False,False
0,2.64,0,0.5,6,239.67,0.0,0.02,5.38,0.31,May,1,1,3,2,Returning_Visitor,False,False
1,17.0,0,0.0,6,239.67,0.0,0.01,1.38,0.0,Mar,2,2,1,1,Returning_Visitor,False,False
1,24.04,0,0.5,5,239.67,0.0,0.02,0.0,0.76,May,2,5,1,4,New_Visitor,False,False
5,154.08,2,34.0,17,836.58,0.0,0.02,0.0,0.76,May,1,1,1,3,Returning_Visitor,False,False
1,24.04,0,0.5,26,1312.33,0.04,0.09,0.82,0.01,June,3,2,1,3,Returning_Visitor,False,False
6,197.0,2,25.0,41,1596.67,0.0,0.02,19.93,0.76,May,1,1,1,4,Returning_Visitor,True,False
0,0.0,0,0.5,8,312.03,0.0,0.02,0.82,0.0,Mar,2,10,3,6,Returning_Visitor,False,True
1,24.04,0,0.5,6,239.67,0.01,0.02,5.38,0.76,May,2,2,3,4,Returning_Visitor,False,False
0,2.64,0,0.0,6,93.0,0.0,0.02,0.82,0.31,June,2,2,8,2,Returning_Visitor,True,False
4,88.75,0,0.0,54,2191.33,0.0,0.02,5.38,0.31,May,2,2,1,2,Returning_Visitor,False,False
1,24.04,0,0.0,6,239.67,0.01,0.03,0.82,0.0,Mar,1,1,4,3,Returning_Visitor,False,False
0,0.0,0,0.0,6,239.67,0.0,0.02,0.0,0.76,May,2,2,7,3,Returning_Visitor,False,False
1,24.04,0,0.5,22,836.58,0.02,0.04,5.38,0.0,Nov,2,2,1,2,Returning_Visitor,True,False
0,0.0,0,0.0,11,239.67,0.0,0.02,5.38,0.0,Nov,2,4,5,1,Returning_Visitor,False,False
1,24.04,0,0.0,14,595.6,0.01,0.03,0.0,0.31,May,3,2,3,9,Returning_Visitor,False,False
0,0.0,0,0.0,96,3195.76,0.0,0.02,0.82,0.0,Jul,3,4,1,1,Returning_Visitor,True,False
0,0.0,0,0.0,6,239.67,0.02,0.06,0.0,0.29,May,1,1,2,11,Returning_Visitor,False,False
4,94.6,2,74.6,54,2191.33,0.0,0.02,0.0,0.31,May,2,2,9,2,New_Visitor,False,False
0,2.64,0,0.0,6,185.0,0.04,0.1,0.82,0.01,June,1,1,1,3,Returning_Visitor,False,False
6,202.0,4,248.18,30,1155.81,0.0,0.04,0.0,0.76,May,2,2,1,11,Returning_Visitor,False,False
1,24.04,0,0.0,6,239.67,0.02,0.06,0.82,0.01,June,2,4,3,4,Returning_Visitor,True,False
4,129.0,2,26.7,41,1392.1,0.0,0.02,1.96,0.76,Sep,3,2,1,4,New_Visitor,False,False
0,0.0,0,0.0,2,239.67,0.0,0.02,0.0,0.29,May,2,4,3,3,Returning_Visitor,False,False
1,24.04,0,0.0,6,239.67,0.01,0.05,0.0,0.0,Nov,1,1,4,3,Returning_Visitor,True,False
6,202.0,5,759.5,23,836.58,0.0,0.02,41.68,0.0,Dec,3,2,1,2,Returning_Visitor,True,False
4,107.37,0,0.0,54,2191.33,0.0,0.02,5.38,0.29,May,2,2,1,3,Returning_Visitor,False,False
1,24.04,0,0.0,6,239.67,0.01,0.04,0.82,0.01,June,2,4,3,4,New_Visitor,False,False
0,0.0,0,0.0,14,595.6,0.04,0.05,0.0,0.76,May,2,4,3,4,Returning_Visitor,False,False
0,0.0,0,0.5,6,110.0,0.03,0.06,5.38,0.0,May,2,2,4,3,Returning_Visitor,False,False
1,24.04,5,761.42,2,17.0,0.02,0.06,1.96,0.0,Dec,3,2,8,1,Returning_Visitor,False,False
0,0.0,0,0.0,32,1155.81,0.0,0.02,0.0,0.29,May,1,1,6,3,Returning_Visitor,False,False
4,134.61,0,0.5,76,2846.3,0.01,0.03,0.82,0.01,June,2,5,3,3,Returning_Visitor,False,False
5,27.4,1,50.54,5,239.67,0.0,0.02,0.82,0.0,Mar,2,2,1,2,New_Visitor,False,True
2,32.1,0,0.5,3,239.67,0.01,0.04,0.82,0.31,June,1,1,1,5,Returning_Visitor,False,False
1,24.04,0,0.0,26,1659.87,0.0,0.02,5.38,0.0,Nov,2,5,2,1,Returning_Visitor,False,True
1,24.04,0,0.5,6,239.67,0.03,0.06,5.38,0.76,May,2,5,3,3,Returning_Visitor,False,True
1,28.2,0,0.0,17,836.58,0.0,0.02,0.0,0.31,May,1,1,1,1,Returning_Visitor,False,False
1,24.04,0,0.0,25,836.58,0.01,0.01,0.82,0.29,June,3,2,8,8,Returning_Visitor,False,True
1,8.0,3,127.89,133,4722.57,0.0,0.02,0.82,0.0,Mar,2,4,3,2,Returning_Visitor,True,True
0,2.64,0,0.0,1,239.67,0.08,0.12,0.82,0.4,June,2,2,1,1,Returning_Visitor,False,False
6,202.0,1,50.54,73,2767.75,0.0,0.02,0.82,0.31,June,2,5,3,2,Returning_Visitor,False,False
1,24.04,0,0.5,18,536.09,0.0,0.02,75.63,0.29,May,2,2,4,4,Returning_Visitor,True,True
0,2.64,0,0.5,2,24.0,0.0,0.02,5.38,0.76,May,2,6,3,4,Returning_Visitor,True,False
1,24.04,0,0.5,6,239.67,0.0,0.02,0.0,0.0,Dec,2,2,1,2,Returning_Visitor,False,False
0,0.0,0,0.5,7,239.67,0.01,0.04,0.0,0.0,Nov,2,4,9,2,New_Visitor,False,False
0,0.0,0,0.5,19,464.67,0.0,0.02,0.82,0.6,June,2,2,3,1,Returning_Visitor,False,False
0,0.0,0,0.5,23,640.88,0.0,0.02,18.85,0.0,Nov,2,2,1,1,Returning_Visitor,False,True
1,24.04,0,0.5,6,239.67,0.0,0.02,0.0,0.0,Mar,2,4,1,2,New_Visitor,False,False
0,0.0,0,0.0,28,1155.81,0.04,0.09,5.38,0.0,Nov,2,2,3,2,New_Visitor,False,False
1,24.04,0,0.5,6,239.67,0.0,0.03,0.0,0.76,May,1,1,1,4,New_Visitor,False,False
1,0.0,0,0.0,6,239.67,0.0,0.02,0.82,0.31,June,3,2,1,5,Returning_Visitor,False,False
0,2.64,0,0.0,6,239.67,0.0,0.06,5.38,0.31,May,2,2,4,2,Returning_Visitor,True,False
5,154.08,1,50.54,54,2191.33,0.02,0.06,0.0,0.31,May,1,1,1,1,Returning_Visitor,False,False
2,40.8,0,0.5,45,1351.12,0.0,0.02,47.57,0.0,Nov,1,5,3,2,Returning_Visitor,True,False
1,24.04,0,0.0,39,1250.68,0.0,0.02,0.82,0.01,June,2,4,3,4,New_Visitor,False,True
0,0.0,0,0.5,6,239.67,0.0,0.02,5.38,0.31,May,2,6,6,1,Returning_Visitor,False,False
0,0.0,0,0.0,2,239.67,0.2,0.2,1.38,0.29,Feb,2,3,1,3,Returning_Visitor,False,False
0,0.0,0,0.5,6,0.0,0.08,0.12,4.75,0.0,Dec,1,11,3,20,Returning_Visitor,False,False
1,24.04,0,0.5,24,849.88,0.0,0.02,0.0,0.0,Mar,2,4,1,2,Returning_Visitor,False,False
1,5.0,0,0.5,6,239.67,0.02,0.07,0.0,0.31,May,1,1,1,1,Returning_Visitor,False,False
1,24.04,0,0.5,6,239.67,0.0,0.03,5.38,0.31,May,2,6,7,1,Returning_Visitor,False,False
1,82.0,0,0.0,59,1927.12,0.0,0.02,0.82,0.0,Mar,2,2,3,13,Returning_Visitor,False,True
0,2.64,0,0.5,25,836.58,0.01,0.03,5.38,0.0,Nov,3,2,8,10,Returning_Visitor,False,False
0,0.0,0,0.5,16,757.39,0.01,0.05,5.38,0.76,May,2,4,1,4,Returning_Visitor,False,False
0,0.0,0,0.0,13,595.6,0.0,0.02,0.0,0.76,May,2,4,3,4,New_Visitor,False,False
1,24.04,0,0.5,9,239.67,0.0,0.02,0.0,0.0,Dec,3,2,1,1,Returning_Visitor,False,False
0,0.0,0,0.0,7,199.5,0.03,0.06,56.58,0.0,Nov,2,4,4,3,Returning_Visitor,False,True
2,51.0,0,0.5,23,637.5,0.0,0.02,5.38,0.0,May,2,2,3,3,Returning_Visitor,False,False
1,24.04,2,7.0,41,1347.96,0.01,0.02,32.41,0.0,Nov,1,1,3,2,Returning_Visitor,False,False
0,2.64,0,0.0,16,757.39,0.02,0.05,0.82,0.0,Mar,2,10,3,2,Returning_Visitor,True,False
1,24.04,0,0.0,3,74.0,0.0,0.02,0.0,0.76,May,1,1,1,3,Returning_Visitor,False,False
0,2.64,0,0.0,13,549.2,0.01,0.05,0.82,0.01,June,3,2,1,3,Returning_Visitor,False,False
1,24.04,0,0.0,19,536.62,0.0,0.0,0.0,0.0,May,1,5,3,3,Returning_Visitor,False,False
3,129.24,1,50.54,54,2191.33,0.0,0.02,1.96,0.0,Dec,2,4,1,9,Returning_Visitor,False,False
1,24.04,0,0.0,25,836.58,0.02,0.04,5.38,0.0,May,3,2,8,3,Returning_Visitor,False,False
0,0.0,0,0.0,6,239.67,0.01,0.04,0.0,0.31,May,2,4,3,2,Returning_Visitor,False,False
0,0.0,0,0.0,19,505.0,0.0,0.02,5.38,0.31,May,2,2,1,1,Returning_Visitor,False,False
1,24.04,0,0.0,6,239.67,0.0,0.02,0.82,0.31,June,2,2,3,2,Returning_Visitor,True,True
0,0.0,0,0.5,6,239.67,0.0,0.02,0.0,0.76,May,1,1,1,3,Returning_Visitor,False,False
1,24.04,0,0.0,6,239.67,0.02,0.02,0.82,0.0,Mar,3,2,4,2,New_Visitor,True,False
0,0.0,0,0.5,6,239.67,0.01,0.02,5.38,0.0,Aug,2,4,3,3,Returning_Visitor,False,False
1,24.04,0,0.5,6,239.67,0.0,0.02,5.38,0.0,Nov,3,3,1,3,Returning_Visitor,False,False
1,24.04,0,0.5,6,239.67,0.01,0.01,0.0,0.0,Nov,3,2,1,2,Returning_Visitor,True,False
1,24.04,0,0.5,6,87.5,0.0,0.02,0.0,0.0,Nov,2,2,4,3,New_Visitor,False,False
9,126.26,1,50.54,54,2191.33,0.0,0.02,1.96,0.0,Dec,2,2,6,2,Returning_Visitor,True,False
1,24.04,0,0.0,6,239.67,0.0,0.02,0.0,0.0,Nov,2,2,4,1,Returning_Visitor,False,False
0,0.0,0,0.5,8,278.29,0.0,0.02,1.96,0.0,Dec,2,4,9,10,Returning_Visitor,False,False
0,0.0,0,0.0,6,239.67,0.04,0.09,65.87,0.8,May,1,5,3,17,Returning_Visitor,True,False
1,24.04,0,0.5,50,1751.85,0.01,0.02,5.38,0.0,Nov,2,10,3,2,New_Visitor,False,False
6,124.2,0,0.0,5,94.6,0.0,0.02,5.38,0.0,Nov,2,4,3,2,New_Visitor,False,True
4,203.5,0,0.0,8,296.55,0.0,0.02,5.38,0.76,May,1,1,8,4,New_Visitor,False,False
0,0.0,2,22.2,6,239.67,0.04,0.06,5.38,0.0,Nov,3,2,9,1,Returning_Visitor,False,False
3,199.75,2,116.22,54,2191.33,0.0,0.0,0.82,0.0,Mar,3,2,1,2,New_Visitor,False,False
1,24.04,0,0.0,3,239.67,0.2,0.2,0.0,0.76,May,2,4,4,3,Returning_Visitor,False,False
0,0.0,0,0.0,6,239.67,0.0,0.02,0.0,0.01,May,3,4,7,3,Returning_Visitor,False,False
0,0.0,0,0.5,14,413.0,0.0,0.01,0.0,0.76,May,1,1,8,4,New_Visitor,False,False
0,0.0,0,0.5,9,239.67,0.0,0.02,1.38,0.0,Mar,2,10,3,2,New_Visitor,False,False
6,63.0,1,50.54,54,2191.33,0.0,0.02,5.38,0.0,Nov,4,1,2,1,Returning_Visitor,False,False
0,2.64,0,0.5,6,239.67,0.01,0.04,0.82,0.31,June,2,2,3,2,Returning_Visitor,False,False
2,37.0,0,0.5,28,1155.81,0.0,0.02,0.82,0.29,June,2,2,3,11,Returning_Visitor,True,False
4,144.08,0,0.5,329,11945.63,0.0,0.02,5.38,0.31,May,1,1,1,2,Returning_Visitor,True,True
6,237.5,1,0.0,54,2191.33,0.01,0.02,0.0,0.01,May,1,1,1,4,Returning_Visitor,True,True
1,24.04,0,0.0,64,2701.96,0.0,0.02,0.82,0.0,Mar,2,2,3,2,Returning_Visitor,False,False
1,24.04,0,0.0,7,239.67,0.0,0.02,1.38,0.0,Mar,1,1,3,2,Returning_Visitor,False,False
7,170.5,1,50.54,114,3494.83,0.0,0.02,5.38,0.0,Nov,2,10,1,2,New_Visitor,False,False
3,68.0,1,50.54,54,2191.33,0.0,0.02,5.38,0.0,Nov,2,2,3,1,Returning_Visitor,False,True
0,0.0,0,0.5,6,239.67,0.0,0.02,1.38,0.0,Mar,2,2,6,1,Returning_Visitor,False,False
1,24.04,0,0.0,6,239.67,0.01,0.02,0.0,0.76,May,2,2,1,4,Returning_Visitor,True,False
10,603.49,3,278.17,54,2191.33,0.0,0.02,8.63,0.0,Mar,1,5,3,1,Returning_Visitor,False,True
6,202.0,1,114.0,54,2191.33,0.0,0.02,5.38,0.01,May,2,4,1,4,New_Visitor,False,False
0,2.64,0,0.5,14,428.0,0.0,0.02,5.38,0.0,Nov,1,1,1,6,Returning_Visitor,True,True
2,23.0,0,0.5,41,1589.18,0.01,0.02,5.38,0.01,May,2,5,3,3,Returning_Visitor,False,False
4,124.0,1,50.54,54,2191.33,0.0,0.02,0.0,0.0,Nov,1,1,1,2,Returning_Visitor,True,False
1,4.0,0,0.5,6,67.25,0.0,0.01,0.0,0.0,Dec,1,1,2,2,New_Visitor,False,False
1,24.04,0,0.5,6,239.67,0.0,0.02,5.38,0.0,Nov,2,4,3,2,Returning_Visitor,False,False
0,0.0,0,0.0,6,239.67,0.2,0.2,0.0,0.0,Dec,1,5,3,2,Returning_Visitor,False,False
0,2.64,0,0.5,6,143.2,0.0,0.03,0.82,0.0,Mar,3,2,1,2,New_Visitor,False,False
0,0.0,0,0.5,6,239.67,0.0,0.02,5.38,0.76,May,1,1,1,3,Returning_Visitor,False,False
6,202.0,4,282.07,76,2822.62,0.0,0.02,0.82,0.31,June,1,1,8,2,Returning_Visitor,True,False
1,24.04,0,0.5,41,1605.58,0.01,0.04,5.38,0.01,May,2,10,3,4,Returning_Visitor,True,True
2,38.0,0,0.5,2,15.0,0.0,0.02,0.82,0.01,June,2,5,3,4,New_Visitor,False,False
1,24.04,0,0.0,38,1429.88,0.0,0.02,4.11,0.01,Aug,2,2,1,4,Returning_Visitor,False,True
7,222.82,1,0.0,28,1032.75,0.0,0.02,0.82,0.76,June,1,1,8,2,New_Visitor,False,False
1,24.04,0,0.0,61,2466.22,0.01,0.02,5.38,0.01,May,4,1,7,3,Returning_Visitor,False,False
0,0.0,0,0.0,6,239.67,0.1,0.12,0.0,0.0,Mar,2,10,3,2,New_Visitor,False,False
7,280.34,0,0.0,54,2191.33,0.0,0.02,1.96,0.76,Sep,3,2,3,4,New_Visitor,False,False
0,0.0,0,0.0,7,239.67,0.0,0.06,5.38,0.76,May,1,1,1,3,Returning_Visitor,False,False
2,57.25,0,0.5,81,2241.0,0.0,0.01,0.0,0.01,May,2,2,3,3,Returning_Visitor,False,False
1,24.04,0,0.0,6,72.0,0.0,0.02,5.38,0.8,May,2,2,3,3,Returning_Visitor,False,False
2,57.25,0,0.0,11,239.67,0.0,0.02,0.82,0.0,Mar,2,2,3,2,Returning_Visitor,False,False
0,0.0,0,0.5,5,239.67,0.0,0.02,0.82,0.0,Mar,2,2,1,2,Returning_Visitor,True,False
7,146.0,2,116.22,28,2054.11,0.0,0.02,5.38,0.29,May,1,1,9,3,Returning_Visitor,False,False
1,24.04,0,0.0,6,11.0,0.0,0.02,5.38,0.0,May,2,5,1,4,Returning_Visitor,False,False
1,24.04,0,0.5,7,934.0,0.0,0.02,5.38,0.76,May,2,2,1,4,New_Visitor,False,False
0,0.0,0,0.5,24,836.58,0.0,0.02,0.82,0.0,Mar,2,2,1,1,Returning_Visitor,True,False
1,24.04,0,0.5,6,239.67,0.0,0.02,0.0,0.0,Nov,1,1,1,2,New_Visitor,False,False
1,24.04,0,0.0,41,1516.97,0.0,0.02,5.38,0.2,May,1,1,1,1,Returning_Visitor,False,False
0,2.64,0,0.0,8,349.5,0.0,0.03,25.19,0.0,Nov,1,1,1,2,New_Visitor,False,True
1,24.04,0,0.5,6,239.67,0.02,0.04,5.38,0.76,May,2,2,1,4,Returning_Visitor,False,False
10,1764.0,3,533.44,54,2191.33,0.0,0.03,61.53,0.01,May,8,13,9,20,Returning_Visitor,False,False
0,0.0,0,0.0,19,562.01,0.0,0.0,0.0,0.0,Nov,1,1,1,3,Returning_Visitor,False,False
0,0.0,0,0.5,35,888.33,0.0,0.02,5.38,0.2,May,2,2,1,3,Returning_Visitor,False,True
6,202.0,6,623.41,23,959.9,0.01,0.02,0.82,0.76,June,1,1,8,2,New_Visitor,True,True
0,2.64,0,0.0,1,239.67,0.2,0.2,0.82,0.01,June,2,4,9,4,New_Visitor,False,False
7,202.0,1,88.5,54,2191.33,0.0,0.02,5.38,0.0,Nov,2,10,3,1,Returning_Visitor,False,True
1,24.04,0,0.5,6,239.67,0.0,0.02,1.96,0.0,Dec,2,4,1,2,New_Visitor,False,True
0,0.0,0,0.5,8,347.67,0.0,0.02,0.0,0.76,May,2,4,1,4,New_Visitor,False,False
2,33.87,0,0.5,109,1759.69,0.0,0.02,48.73,0.0,Oct,1,1,3,6,Returning_Visitor,False,True
2,57.25,2,125.5,6,239.67,0.01,0.02,0.82,0.01,June,1,1,8,3,Returning_Visitor,False,False
1,24.04,1,26.0,41,1019.29,0.0,0.02,0.0,0.29,May,2,10,3,3,Returning_Visitor,False,False
1,24.04,0,0.5,6,239.67,0.0,0.02,0.82,0.0,Mar,1,1,1,3,Returning_Visitor,False,False
7,202.0,0,0.0,22,836.58,0.0,0.01,5.38,0.01,Aug,1,1,1,4,New_Visitor,False,False
10,821.08,1,50.54,55,2191.33,0.0,0.01,0.98,0.0,Nov,2,5,3,2,New_Visitor,False,False
0,0.0,0,0.0,6,105.0,0.01,0.03,5.38,0.76,May,2,2,2,4,New_Visitor,False,False
1,24.04,0,0.0,1,239.67,0.2,0.2,0.82,0.0,Mar,2,5,3,1,Returning_Visitor,False,False
4,87.0,0,0.0,38,1326.25,0.0,0.02,0.82,0.0,Mar,2,5,3,4,Returning_Visitor,False,True
1,24.04,0,0.0,1,0.0,0.2,0.2,1.38,0.76,Feb,3,2,1,3,Returning_Visitor,False,False
1,24.04,1,50.54,28,906.12,0.0,0.02,0.82,0.0,Mar,2,2,1,2,New_Visitor,True,False
10,596.19,5,758.5,23,836.58,0.0,0.02,1.96,0.0,Dec,3,2,1,2,New_Visitor,True,False
0,2.64,0,0.5,1,0.0,0.2,0.2,0.0,0.0,Nov,1,1,4,3,Returning_Visitor,False,False
1,24.04,0,0.0,49,1457.7,0.0,0.02,0.82,0.0,Mar,2,2,1,1,Returning_Visitor,True,False
1,24.04,0,0.0,8,810.0,0.01,0.04,0.82,0.0,Mar,3,2,3,1,Returning_Visitor,False,False
0,0.0,0,0.5,6,239.67,0.0,0.02,0.82,0.31,June,2,5,3,1,Returning_Visitor,False,False
8,147.0,0,0.0,54,2191.33,0.01,0.01,0.82,0.31,June,1,1,1,2,Returning_Visitor,True,False
1,24.04,0,0.0,28,1155.81,0.0,0.02,5.38,0.76,May,2,2,1,4,New_Visitor,False,False
1,24.04,0,0.5,24,836.58,0.02,0.05,5.38,0.0,Nov,2,2,4,1,Returning_Visitor,False,False
6,202.0,2,116.22,54,2191.33,0.0,0.02,0.82,0.76,June,1,1,1,2,New_Visitor,False,False
0,0.0,3,273.0,54,2386.0,0.0,0.02,0.82,0.31,June,2,2,1,2,New_Visitor,False,True
16,305.0,1,50.54,147,5142.86,0.0,0.01,5.38,0.0,Nov,2,2,1,2,New_Visitor,False,True
1,24.04,0,0.0,43,1351.12,0.0,0.02,0.0,0.0,Jul,2,10,3,2,New_Visitor,False,False
12,426.35,1,50.54,6,22.05,0.0,0.02,0.82,0.29,June,2,2,4,4,Returning_Visitor,True,False
0,0.0,0,0.0,6,239.67,0.2,0.2,0.0,0.76,May,1,1,1,4,Returning_Visitor,True,False
0,0.0,0,0.0,6,239.67,0.0,0.02,5.38,0.76,May,2,4,3,4,Returning_Visitor,False,False
1,24.04,0,0.0,22,836.58,0.0,0.01,0.82,0.01,June,2,2,3,3,Returning_Visitor,False,False
0,0.0,0,0.0,6,0.0,0.08,0.12,0.0,0.0,May,3,2,1,3,Returning_Visitor,False,False
1,24.04,0,0.0,14,387.88,0.02,0.04,5.38,0.0,Nov,2,2,3,1,Returning_Visitor,False,False
0,0.0,0,0.5,7,239.67,0.01,0.03,0.0,0.76,May,1,1,4,3,Returning_Visitor,True,False
2,57.25,0,0.5,17,836.58,0.01,0.05,0.0,0.76,May,2,4,3,4,New_Visitor,False,True
0,0.0,0,0.0,7,38.0,0.01,0.04,1.38,0.0,Mar,2,10,3,2,New_Visitor,False,False
8,202.0,2,21.5,51,1535.64,0.01,0.04,1.38,0.0,Mar,2,2,2,9,Returning_Visitor,False,False
0,2.64,0,0.5,6,239.67,0.01,0.04,0.0,0.76,May,2,2,1,4,Returning_Visitor,False,False
0,2.64,0,0.5,16,757.39,0.0,0.02,5.38,0.76,May,2,5,7,4,Returning_Visitor,True,False
1,109.0,0,0.0,6,239.67,0.0,0.02,5.38,0.0,Nov,2,4,1,2,New_Visitor,True,False
1,24.04,0,0.0,6,19.0,0.04,0.1,0.0,0.76,May,2,2,1,3,Returning_Visitor,False,False
1,24.04,0,0.5,6,0.0,0.13,0.17,0.82,0.01,June,3,2,1,4,Returning_Visitor,True,False
0,2.64,0,0.5,24,663.0,0.04,0.09,1.96,0.0,Dec,2,2,1,2,New_Visitor,False,False
5,154.08,2,123.55,52,1918.9,0.0,0.02,0.0,0.0,Nov,2,2,3,2,Returning_Visitor,False,False
0,0.0,0,0.5,87,3272.0,0.0,0.02,5.38,0.01,May,2,4,1,4,New_Visitor,False,False
1,24.04,0,0.5,19,514.42,0.0,0.02,0.0,0.31,May,2,2,1,2,Returning_Visitor,False,False
6,231.0,0,0.0,16,757.39,0.0,0.02,5.38,0.76,May,1,1,1,4,New_Visitor,False,False
7,69.88,0,0.0,33,1155.81,0.0,0.02,25.12,0.0,Nov,3,2,9,2,New_Visitor,True,True
0,0.0,0,0.5,6,239.67,0.0,0.02,13.19,0.76,May,2,2,3,3,Returning_Visitor,True,True
3,129.24,2,270.6,20,1424.4,0.0,0.02,31.72,0.0,Nov,1,1,7,5,New_Visitor,False,True
0,2.64,0,0.0,19,836.58,0.03,0.06,0.0,0.0,Nov,3,2,3,1,Returning_Visitor,False,False
1,24.04,0,0.5,8,341.37,0.0,0.01,5.38,0.31,May,1,1,1,2,Returning_Visitor,False,False
0,2.64,0,0.0,24,896.5,0.0,0.02,5.38,0.6,May,2,5,3,5,Returning_Visitor,False,True
1,24.04,0,0.5,4,212.5,0.0,0.02,0.82,0.0,Mar,2,5,3,1,Returning_Visitor,True,False
6,77.0,1,50.54,41,1469.7,0.0,0.02,22.8,0.01,May,2,1,3,4,New_Visitor,False,False
0,0.0,0,0.5,23,726.28,0.03,0.06,0.82,0.31,June,2,2,3,13,Returning_Visitor,True,False
6,202.0,1,1411.0,1,239.67,0.0,0.02,0.0,0.31,May,2,4,3,2,Returning_Visitor,False,False
6,211.0,1,58.0,87,3424.58,0.0,0.02,0.0,0.0,Mar,2,2,1,3,Returning_Visitor,False,False
6,45.03,2,69.6,120,4137.11,0.0,0.02,4.59,0.01,Aug,4,1,1,4,New_Visitor,False,False
0,0.0,0,0.0,6,71.5,0.0,0.02,5.38,0.0,Nov,2,10,3,2,New_Visitor,False,False
6,247.05,1,50.54,54,2191.33,0.01,0.06,0.0,0.01,May,1,1,1,4,New_Visitor,False,False
7,202.0,1,50.54,121,4137.11,0.0,0.02,5.38,0.0,Nov,3,2,1,1,Returning_Visitor,False,False
1,24.04,0,0.0,48,1351.12,0.0,0.02,0.82,0.0,Mar,2,10,3,2,New_Visitor,False,False
11,446.23,0,0.0,60,2191.33,0.0,0.02,5.38,0.0,Nov,3,2,2,11,Returning_Visitor,False,False
0,2.64,0,0.0,6,239.67,0.03,0.07,0.0,0.76,May,2,5,3,3,Returning_Visitor,True,False
0,0.0,0,0.5,6,239.67,0.2,0.2,5.38,0.4,May,1,1,1,1,Returning_Visitor,False,False
0,0.0,0,0.5,6,239.67,0.2,0.2,0.82,0.0,Mar,1,5,3,1,Returning_Visitor,False,False
3,129.24,1,50.54,23,710.91,0.0,0.02,0.0,0.0,Nov,2,4,3,2,New_Visitor,False,False
0,2.64,0,0.0,6,0.0,0.2,0.2,65.87,0.0,May,8,13,9,17,Other,False,False
7,170.0,0,0.0,54,2191.33,0.0,0.02,1.38,0.0,Mar,2,2,4,3,Returning_Visitor,False,True
0,0.0,0,0.5,1,0.0,0.08,0.12,0.0,0.76,May,8,13,1,20,Returning_Visitor,False,False
1,24.04,0,0.0,6,239.67,0.0,0.02,0.0,0.76,Feb,2,4,7,4,Returning_Visitor,True,False
0,2.64,0,0.5,6,24.0,0.15,0.18,0.0,0.76,May,2,4,3,3,Returning_Visitor,False,False
2,25.62,0,0.0,219,8596.67,0.0,0.02,1.47,0.0,Dec,3,2,3,1,Returning_Visitor,False,False
1,16.0,0,0.0,14,595.6,0.0,0.02,5.38,0.29,May,1,1,4,4,Returning_Visitor,True,False
7,77.5,1,50.54,14,192.93,0.0,0.02,5.38,0.76,May,1,1,1,4,New_Visitor,False,False
1,24.04,0,0.0,6,13.0,0.0,0.1,0.82,0.29,June,2,4,3,3,Returning_Visitor,False,False
1,22.0,0,0.5,6,239.67,0.03,0.06,1.38,0.0,Mar,2,10,3,1,Returning_Visitor,False,False
0,2.64,0,0.0,13,787.75,0.0,0.02,0.0,0.0,Nov,2,2,4,2,Returning_Visitor,True,False
4,144.08,0,0.0,21,836.58,0.0,0.02,5.38,0.0,May,1,1,3,4,New_Visitor,False,False
6,240.07,0,0.5,6,239.67,0.2,0.2,0.0,0.31,May,2,13,8,13,Returning_Visitor,False,False
2,32.0,0,0.5,6,239.67,0.0,0.01,0.0,0.0,May,2,10,3,4,New_Visitor,False,False
1,24.04,0,0.5,6,239.67,0.0,0.02,0.82,0.31,June,1,1,1,1,Returning_Visitor,False,False
0,0.0,0,0.5,6,239.67,0.01,0.03,5.38,0.76,May,2,4,1,4,New_Visitor,False,False
1,24.04,0,0.5,6,239.67,0.0,0.02,0.0,0.29,May,2,4,1,20,Returning_Visitor,False,False
1,24.04,0,0.5,4,12.0,0.0,0.03,1.38,0.0,Mar,4,1,1,2,New_Visitor,True,False
0,0.0,0,0.0,18,836.58,0.03,0.07,1.38,0.0,Mar,2,10,3,1,Returning_Visitor,False,False
1,24.04,0,0.5,6,239.67,0.0,0.02,0.0,0.76,May,3,2,1,4,Returning_Visitor,True,False
1,7.5,0,0.0,6,239.67,0.0,0.02,0.82,0.01,June,2,4,3,4,New_Visitor,False,False
1,24.04,0,0.5,65,1803.76,0.0,0.02,5.38,0.29,May,2,2,7,3,Returning_Visitor,False,False
1,24.04,0,0.0,5,239.67,0.04,0.1,0.0,0.0,May,1,1,1,4,New_Visitor,False,False
0,0.0,0,0.5,4,68.0,0.01,0.05,0.0,0.0,Nov,2,5,3,1,Returning_Visitor,False,False
4,84.5,1,50.54,17,836.58,0.0,0.04,0.82,0.76,June,2,5,3,2,New_Visitor,False,False
0,2.64,0,0.5,6,239.67,0.0,0.02,5.38,0.76,May,1,1,2,4,Returning_Visitor,False,False
4,134.61,0,0.0,137,4838.29,0.0,0.02,0.82,0.0,Mar,2,5,3,2,Returning_Visitor,False,False
1,24.04,0,0.5,55,2191.33,0.0,0.02,5.38,0.0,Nov,1,1,4,2,Returning_Visitor,True,False
4,144.08,0,0.0,45,1684.5,0.0,0.02,25.85,0.01,May,2,1,3,4,New_Visitor,False,False
0,2.64,0,0.5,3,239.67,0.0,0.02,0.0,0.76,May,2,2,1,4,New_Visitor,False,False
3,922.75,0,0.0,56,4681.42,0.0,0.02,70.8,0.0,Nov,1,5,3,9,Returning_Visitor,False,False
1,24.04,0,0.5,6,239.67,0.0,0.04,1.38,0.0,Mar,2,2,1,2,New_Visitor,False,False
1,24.04,0,0.5,6,239.67,0.0,0.02,2.05,0.0,Oct,2,5,3,1,Returning_Visitor,False,False
10,387.6,2,32.0,54,2191.33,0.0,0.02,6.47,0.76,May,2,12,3,11,Returning_Visitor,False,False
2,34.0,0,0.5,9,358.0,0.0,0.02,5.38,0.76,May,2,2,1,3,Returning_Visitor,False,False
0,2.64,0,0.0,16,177.5,0.02,0.06,5.38,0.6,May,2,4,1,4,New_Visitor,False,False
1,24.04,0,0.5,6,239.67,0.0,0.02,0.0,0.29,May,3,2,1,3,Returning_Visitor,False,False
0,2.64,0,0.0,12,169.3,0.0,0.02,0.82,0.0,Mar,2,10,3,2,Returning_Visitor,True,False
3,129.24,5,797.42,2,239.67,0.01,0.07,5.38,0.29,May,1,1,1,4,Returning_Visitor,True,False
1,24.04,1,11.1,6,239.67,0.0,0.02,0.82,0.0,Mar,2,4,3,2,New_Visitor,False,False
0,2.64,0,0.0,6,0.0,0.08,0.12,65.87,1.0,May,2,4,7,1,Returning_Visitor,True,False
0,0.0,0,0.5,6,239.67,0.01,0.04,1.96,0.0,Dec,2,12,6,9,Returning_Visitor,False,False
2,57.25,0,0.0,6,239.67,0.0,0.02,0.0,0.76,May,2,2,1,4,Returning_Visitor,False,False
0,0.0,0,0.0,32,1420.25,0.01,0.02,0.0,0.0,Mar,4,1,1,1,Returning_Visitor,False,False
2,57.25,0,0.0,5,239.67,0.0,0.02,0.0,0.0,Oct,2,10,3,2,New_Visitor,False,True
0,0.0,0,0.5,10,254.0,0.01,0.04,5.38,0.76,May,2,2,9,3,Returning_Visitor,False,True
0,0.0,0,0.5,6,239.67,0.0,0.07,0.0,0.76,May,1,1,9,3,Returning_Visitor,False,False
0,0.0,0,0.5,50,1911.61,0.01,0.03,0.82,0.01,June,1,2,1,4,New_Visitor,False,False
1,24.04,0,0.0,6,239.67,0.01,0.04,5.38,0.76,May,1,1,1,3,Returning_Visitor,False,False
3,129.24,1,50.54,34,1273.25,0.0,0.02,5.38,0.01,May,1,1,1,4,New_Visitor,False,True
4,145.88,0,0.5,54,2191.33,0.02,0.04,0.82,0.0,Mar,2,10,3,1,Returning_Visitor,False,False
0,0.0,0,0.5,8,298.5,0.01,0.04,0.82,0.01,June,2,2,1,4,Returning_Visitor,True,False
1,24.04,1,50.54,19,1401.08,0.02,0.05,0.82,0.76,June,2,5,3,2,New_Visitor,False,False
0,2.64,0,0.5,10,239.67,0.02,0.05,0.82,0.0,Mar,1,1,1,2,New_Visitor,False,False
5,154.08,1,14.2,8,239.67,0.0,0.02,5.38,0.0,Aug,4,5,3,3,Returning_Visitor,True,False
0,0.0,0,0.5,23,701.54,0.01,0.04,1.38,0.0,Mar,2,10,3,2,New_Visitor,False,False
1,24.04,0,0.5,3,239.67,0.0,0.02,0.0,0.0,May,1,1,1,4,Returning_Visitor,True,False
4,71.5,0,0.5,79,2938.01,0.0,0.02,0.82,0.0,Mar,2,10,3,1,Returning_Visitor,False,False
6,202.0,0,0.0,6,239.67,0.11,0.14,5.38,0.31,May,3,5,3,13,Returning_Visitor,False,False
1,24.04,0,0.0,6,239.67,0.0,0.02,0.0,0.0,Nov,2,6,2,2,Returning_Visitor,False,False
1,24.04,0,0.0,6,239.67,0.03,0.04,0.0,0.29,Sep,1,1,4,4,Returning_Visitor,True,False
1,24.04,0,0.5,14,595.6,0.0,0.02,0.0,0.31,May,2,5,3,2,Returning_Visitor,False,False
6,202.0,0,0.5,27,836.58,0.0,0.02,0.0,0.8,May,1,1,1,2,Returning_Visitor,False,False
4,126.0,2,6.0,29,1101.8,0.0,0.0,4.41,0.0,Oct,2,2,1,4,Returning_Visitor,False,False
1,41.0,0,0.5,9,239.67,0.0,0.04,1.38,0.0,Mar,1,1,6,2,New_Visitor,True,False
0,0.0,0,0.0,6,0.0,0.2,0.2,0.0,0.76,May,2,2,4,3,Returning_Visitor,False,False
2,63.0,0,0.5,2,239.67,0.0,0.02,5.38,0.0,Oct,1,1,1,2,Returning_Visitor,False,False
1,24.04,0,0.5,4,44.0,0.0,0.05,0.0,0.31,May,1,1,2,1,Returning_Visitor,False,False
2,57.25,0,0.0,6,239.67,0.0,0.02,0.0,0.31,May,1,1,1,2,New_Visitor,True,False
5,154.08,0,0.0,29,1100.47,0.0,0.01,24.75,0.76,May,2,5,3,3,Returning_Visitor,True,True
1,24.04,0,0.5,6,236.0,0.0,0.02,0.82,0.0,Mar,1,1,1,2,New_Visitor,False,False
0,2.64,0,0.0,13,595.6,0.0,0.02,0.82,0.0,Mar,2,10,3,1,Returning_Visitor,False,False
1,24.04,0,0.5,4,41.0,0.11,0.15,0.0,0.4,May,2,2,1,2,Returning_Visitor,False,False
1,24.04,0,0.5,69,1248.13,0.01,0.03,5.38,0.6,May,2,10,3,3,Returning_Visitor,False,False
1,24.04,1,50.54,17,475.67,0.0,0.02,0.0,0.76,May,2,4,3,3,Returning_Visitor,False,False
0,0.0,0,0.5,6,239.67,0.0,0.02,1.96,0.0,Dec,2,5,3,2,New_Visitor,False,False
0,0.0,0,0.5,44,547.0,0.04,0.09,0.0,0.6,May,3,2,1,4,New_Visitor,False,False
7,202.0,3,25.5,52,1701.27,0.0,0.01,0.82,0.76,June,1,1,8,2,New_Visitor,False,False
0,0.0,0,0.0,6,239.67,0.2,0.2,1.96,0.76,Sep,2,2,1,4,New_Visitor,True,False
6,153.92,0,0.0,54,1935.89,0.0,0.02,0.82,0.31,June,1,1,1,2,Returning_Visitor,False,False
0,2.64,0,0.5,6,239.67,0.03,0.06,5.38,1.0,May,2,2,3,4,Returning_Visitor,False,False
1,16.0,0,0.5,44,2939.62,0.0,0.02,32.81,0.0,May,2,2,1,4,Returning_Visitor,True,True
0,0.0,0,0.0,28,534.58,0.0,0.02,0.0,0.76,May,2,4,4,4,Returning_Visitor,True,False
1,24.04,0,0.5,28,1031.7,0.0,0.02,33.15,0.76,May,1,1,9,4,Returning_Visitor,False,True
3,129.24,0,0.5,10,1218.0,0.0,0.02,5.38,0.76,May,2,5,3,4,New_Visitor,False,False
0,2.64,0,0.5,6,184.33,0.0,0.02,5.38,0.31,May,3,2,3,2,Returning_Visitor,False,False
2,56.5,0,0.5,6,198.25,0.01,0.04,0.0,0.0,Nov,1,8,1,6,Returning_Visitor,False,False
0,0.0,0,0.5,6,239.67,0.2,0.2,0.82,0.01,June,1,1,1,4,New_Visitor,False,False
0,2.64,0,0.5,7,239.67,0.0,0.02,0.0,0.0,June,1,1,6,13,Returning_Visitor,False,False
4,130.3,1,50.54,50,1903.45,0.0,0.02,5.38,0.01,May,2,2,9,4,Returning_Visitor,False,False
22,474.48,3,167.14,92,3195.76,0.0,0.02,7.94,0.0,Nov,1,1,1,13,Returning_Visitor,False,True
1,24.04,0,0.5,8,271.0,0.0,0.02,1.38,0.0,Mar,1,1,2,2,Returning_Visitor,False,False
1,24.04,0,0.5,63,2466.22,0.0,0.02,1.96,0.0,Dec,1,1,1,1,Returning_Visitor,False,False
0,2.64,0,0.0,6,239.67,0.2,0.2,0.0,0.0,Nov,3,2,1,1,Returning_Visitor,True,False
1,24.04,0,0.0,6,239.67,0.0,0.02,38.93,0.0,Dec,1,1,3,1,Returning_Visitor,False,True
4,144.08,1,50.54,48,1351.12,0.0,0.02,5.38,0.0,Nov,1,1,1,2,Returning_Visitor,True,False
1,24.04,0,0.5,6,239.67,0.0,0.01,1.96,0.0,Dec,2,4,3,2,Returning_Visitor,False,True
1,24.04,0,0.5,23,726.04,0.0,0.01,65.87,0.0,Nov,2,5,3,16,New_Visitor,False,True
5,51.0,0,0.0,10,239.67,0.0,0.02,0.82,0.76,June,2,4,3,2,New_Visitor,False,False
0,2.64,0,0.0,6,239.67,0.0,0.02,1.38,0.31,Feb,2,6,1,2,Returning_Visitor,False,False
4,129.24,0,0.5,54,2293.49,0.01,0.03,2.21,0.0,Mar,1,1,4,4,Returning_Visitor,True,False
4,134.61,0,0.5,38,3287.0,0.0,0.02,0.82,0.0,Mar,2,10,3,2,New_Visitor,False,False
1,24.04,1,47.0,6,224.5,0.0,0.02,1.38,0.0,Mar,1,1,8,2,New_Visitor,False,False
3,65.0,1,50.54,29,1155.81,0.0,0.0,29.87,0.0,Nov,2,2,9,2,Other,False,False
1,24.04,0,0.0,6,239.67,0.0,0.02,5.38,0.76,May,2,5,3,4,New_Visitor,False,False
1,24.04,0,0.5,24,836.58,0.0,0.02,52.28,0.0,Dec,2,5,3,2,New_Visitor,False,True
0,2.64,0,0.0,6,173.0,0.0,0.02,5.38,0.31,May,1,1,6,1,Returning_Visitor,False,False
1,24.04,0,0.5,2,34.0,0.0,0.02,0.0,0.0,Nov,1,1,9,8,Returning_Visitor,False,False
0,2.64,0,0.0,14,536.0,0.0,0.01,0.0,0.0,Nov,1,1,3,10,Returning_Visitor,False,False
1,24.04,2,29.0,6,239.67,0.0,0.04,0.0,0.29,May,2,2,4,3,Returning_Visitor,False,False
6,202.0,2,123.55,54,1968.25,0.0,0.02,0.0,0.31,May,1,1,1,6,Returning_Visitor,True,False
0,0.0,0,0.0,6,239.67,0.0,0.02,0.0,0.76,May,2,4,6,3,Returning_Visitor,False,False
0,0.0,0,0.5,19,528.58,0.0,0.02,4.75,0.0,Dec,8,13,9,19,Other,False,False
0,2.64,0,0.5,19,273.71,0.0,0.02,0.0,0.0,Nov,3,2,4,11,Returning_Visitor,False,True
0,2.64,0,0.0,6,239.67,0.2,0.2,5.38,0.76,May,2,10,3,3,Returning_Visitor,False,False
1,24.04,0,0.5,6,239.67,0.0,0.1,0.82,0.31,June,2,4,3,6,Returning_Visitor,False,False
6,202.0,3,127.89,45,1620.14,0.0,0.01,5.38,0.0,Oct,1,1,1,2,New_Visitor,False,False
1,24.04,0,0.5,6,239.67,0.0,0.02,0.0,0.76,May,4,5,3,3,Returning_Visitor,True,False
0,2.64,0,0.5,1,239.67,0.04,0.09,0.0,0.0,May,2,2,1,13,Returning_Visitor,False,False
1,24.04,0,0.5,36,788.5,0.0,0.02,5.38,0.0,Nov,2,5,3,2,New_Visitor,False,False
0,2.64,0,0.5,6,239.67,0.0,0.02,5.38,0.76,May,2,2,4,3,Returning_Visitor,False,False
0,0.0,0,0.0,6,0.0,0.2,0.2,29.87,0.29,May,7,7,3,3,Returning_Visitor,False,False
0,0.0,0,0.5,6,239.67,0.0,0.02,0.82,0.31,June,3,2,1,1,Returning_Visitor,False,False
1,24.04,0,0.0,27,836.58,0.0,0.01,29.87,0.76,May,2,3,7,3,Returning_Visitor,False,True
0,2.64,0,0.5,6,239.67,0.02,0.04,0.82,0.0,Mar,2,5,3,1,Returning_Visitor,False,False
6,247.14,2,120.67,54,2191.33,0.0,0.02,24.73,0.31,May,3,2,1,1,Returning_Visitor,False,False
4,144.08,1,50.54,54,2191.33,0.0,0.02,0.0,0.0,Nov,1,1,1,2,New_Visitor,False,False
1,24.04,0,0.5,6,239.67,0.0,0.02,1.96,0.0,Dec,3,2,1,2,Returning_Visitor,False,False
10,517.5,0,0.5,166,5142.86,0.0,0.02,0.82,0.0,Mar,2,2,7,9,Returning_Visitor,False,False
2,44.02,0,0.5,4,239.67,0.0,0.0,39.28,0.0,Aug,4,2,1,2,New_Visitor,False,True
0,0.0,0,0.0,6,239.67,0.04,0.07,1.38,0.0,Mar,1,1,4,1,Returning_Visitor,False,False
0,0.0,0,0.5,6,0.0,0.2,0.2,0.82,0.31,June,2,5,3,1,Returning_Visitor,False,False
0,0.0,0,0.0,13,737.17,0.0,0.02,5.38,0.0,Nov,3,2,3,2,Returning_Visitor,False,False
6,202.0,0,0.5,6,63.0,0.03,0.07,0.0,0.6,Feb,2,2,1,3,Returning_Visitor,False,False
1,24.04,0,0.0,6,239.67,0.0,0.02,5.38,0.76,May,2,2,1,4,Returning_Visitor,False,False
0,0.0,0,0.0,23,822.65,0.02,0.02,5.38,1.0,May,1,7,3,11,Returning_Visitor,True,False
0,2.64,0,0.5,6,107.93,0.0,0.02,5.38,0.31,May,2,2,7,2,Returning_Visitor,True,False
0,0.0,0,0.5,6,239.67,0.0,0.02,0.0,0.8,May,1,1,4,1,Returning_Visitor,False,False
2,57.25,0,0.0,23,1580.17,0.02,0.05,0.0,0.8,May,2,2,8,2,Returning_Visitor,True,False
2,53.4,0,0.5,19,539.5,0.0,0.02,0.0,0.0,Nov,2,4,3,1,Returning_Visitor,False,False
2,49.2,0,0.5,17,836.58,0.0,0.02,0.0,0.76,May,2,4,3,3,Returning_Visitor,False,False
1,24.04,0,0.0,18,836.58,0.0,0.02,1.96,0.0,Dec,3,2,3,1,Returning_Visitor,False,False
0,2.64,0,0.0,6,239.67,0.0,0.02,0.0,0.29,May,1,1,1,4,Returning_Visitor,True,False
2,24.92,1,7.67,6,239.67,0.0,0.02,0.82,0.0,Mar,1,1,1,13,Returning_Visitor,False,True
4,134.61,0,0.5,98,3653.64,0.0,0.02,0.82,0.31,June,2,10,3,2,Returning_Visitor,False,False
2,57.25,0,0.0,54,2473.2,0.0,0.02,5.38,0.01,May,2,2,3,4,New_Visitor,False,False
6,91.25,0,0.5,56,955.54,0.01,0.02,5.38,0.0,Nov,3,2,1,2,New_Visitor,False,True
1,105.0,1,0.0,29,1125.9,0.0,0.02,5.38,0.76,May,3,2,3,4,Returning_Visitor,False,False
0,2.64,0,0.0,24,853.42,0.01,0.04,1.96,0.0,Dec,1,1,1,2,New_Visitor,False,True
0,2.64,0,0.5,6,239.67,0.0,0.02,1.96,0.0,Dec,2,2,3,1,Returning_Visitor,False,False
0,0.0,0,0.0,112,3195.76,0.0,0.02,5.38,0.0,Nov,2,4,1,2,New_Visitor,False,False
1,0.0,0,0.5,6,239.67,0.04,0.1,5.38,0.76,May,1,1,1,3,Returning_Visitor,False,False
1,24.04,0,0.0,6,239.67,0.0,0.02,0.0,0.31,May,2,2,3,1,Returning_Visitor,False,False
1,24.04,0,0.0,21,836.58,0.03,0.07,5.38,0.76,May,2,2,3,3,Returning_Visitor,False,False
1,24.04,0,0.5,28,877.67,0.0,0.0,0.0,0.0,Nov,2,4,3,2,New_Visitor,False,False
6,182.51,0,0.0,54,2191.33,0.0,0.02,5.38,0.0,Nov,2,5,3,2,New_Visitor,False,False
0,2.64,0,0.0,6,239.67,0.0,0.02,0.82,0.76,June,4,5,3,1,Returning_Visitor,False,False
10,521.24,0,0.5,73,2682.0,0.0,0.02,0.82,0.31,June,2,2,3,2,Returning_Visitor,False,False
1,24.04,0,0.0,38,1250.68,0.0,0.02,12.6,0.29,May,1,1,1,4,Returning_Visitor,True,True
0,2.64,0,0.0,6,53.0,0.0,0.02,0.82,0.01,June,2,4,3,4,New_Visitor,False,False
5,154.08,0,0.0,54,2191.33,0.0,0.02,0.0,0.0,Nov,1,1,1,2,Returning_Visitor,True,False
1,24.04,0,0.5,6,239.67,0.0,0.02,5.38,0.31,May,2,4,3,6,Returning_Visitor,False,False
0,0.0,0,0.0,38,1338.78,0.0,0.02,0.0,0.0,Nov,2,10,3,2,New_Visitor,False,False
0,2.64,0,0.5,1,239.67,0.2,0.2,70.8,0.8,May,1,1,2,11,Returning_Visitor,False,False
9,188.56,0,0.0,209,7750.54,0.01,0.02,3.01,0.01,June,2,4,3,4,New_Visitor,False,True
0,2.64,0,0.5,24,272.0,0.06,0.09,5.38,0.29,May,3,2,3,4,Returning_Visitor,False,False
1,2.0,0,0.0,6,239.67,0.02,0.06,0.0,0.0,Nov,2,10,3,2,New_Visitor,False,False
1,24.04,0,0.5,26,836.58,0.02,0.04,0.82,0.01,June,3,2,1,3,Returning_Visitor,False,False
0,0.0,0,0.0,6,239.67,0.0,0.02,0.82,0.01,June,2,4,3,4,New_Visitor,False,False
1,24.04,0,0.5,97,3195.76,0.02,0.03,5.38,0.0,Nov,2,10,3,2,Returning_Visitor,False,False
0,2.64,0,0.5,1,0.0,0.2,0.2,0.0,0.6,May,3,5,3,12,New_Visitor,False,False
6,202.0,0,0.5,5,239.67,0.0,0.02,5.38,0.4,May,1,5,3,9,Returning_Visitor,False,False
7,202.0,1,50.54,54,2191.33,0.0,0.02,1.96,0.0,Dec,3,4,4,2,New_Visitor,True,False
0,0.0,0,0.0,5,239.67,0.0,0.02,5.38,0.76,May,1,1,1,3,Returning_Visitor,False,False
0,0.0,0,0.0,6,223.0,0.0,0.02,0.0,0.0,May,2,2,3,4,Returning_Visitor,False,False
1,24.04,0,0.5,6,239.67,0.01,0.03,5.38,0.76,May,1,1,1,3,Returning_Visitor,False,True
0,0.0,0,0.5,6,261.5,0.0,0.01,0.0,0.0,Mar,2,5,3,1,Returning_Visitor,False,False
4,79.5,2,123.55,54,2191.33,0.0,0.02,5.38,0.0,Nov,2,2,3,2,Returning_Visitor,False,False
0,0.0,0,0.5,54,2215.87,0.0,0.02,0.82,0.0,Mar,4,1,1,1,Returning_Visitor,False,False
0,0.0,0,0.0,8,347.67,0.03,0.06,0.0,0.0,Nov,2,10,3,3,Returning_Visitor,False,False
6,202.0,3,263.67,41,1250.68,0.0,0.02,0.82,0.0,Mar,1,1,1,2,Returning_Visitor,True,False
0,0.0,0,0.0,6,239.67,0.0,0.02,0.0,0.76,May,2,4,3,4,New_Visitor,False,False
1,24.04,0,0.0,6,239.67,0.2,0.2,0.82,0.0,Mar,2,10,3,2,New_Visitor,False,False
0,2.64,0,0.5,1,239.67,0.04,0.09,0.82,0.0,Mar,1,1,1,3,Returning_Visitor,False,False
0,0.0,0,0.5,11,239.67,0.0,0.01,5.38,0.0,May,1,1,1,4,Returning_Visitor,True,False
1,24.04,0,0.5,1,0.0,0.2,0.2,5.38,0.0,Oct,3,2,4,3,New_Visitor,False,False
1,24.04,0,0.5,6,239.67,0.0,0.02,0.82,0.29,June,2,10,3,4,Returning_Visitor,False,False
6,250.25,0,0.5,169,5142.86,0.0,0.02,5.38,0.01,May,4,1,1,4,Returning_Visitor,True,False
0,2.64,0,0.0,6,15.0,0.0,0.02,1.38,0.0,Mar,1,1,1,2,Returning_Visitor,False,False
1,24.04,0,0.5,6,239.67,0.0,0.02,0.82,0.01,June,2,4,3,4,New_Visitor,False,False
17,532.21,1,80.6,54,2191.33,0.0,0.02,1.96,0.29,Sep,2,2,1,3,Returning_Visitor,False,False
4,123.0,0,0.0,6,95.0,0.01,0.03,5.38,0.4,May,2,4,3,4,New_Visitor,False,False
0,2.64,0,0.5,14,595.6,0.0,0.02,0.0,0.76,May,2,4,3,4,New_Visitor,False,False
6,182.51,3,135.22,19,836.58,0.0,0.02,0.0,0.31,May,1,1,1,2,Returning_Visitor,True,False
1,24.04,0,0.5,6,239.67,0.0,0.0,0.0,0.76,May,2,2,9,4,New_Visitor,False,False
6,182.51,0,0.5,22,1220.43,0.01,0.02,0.82,0.01,June,2,5,3,4,New_Visitor,False,False
0,0.0,0,0.5,19,465.5,0.01,0.06,5.38,0.31,May,2,2,1,1,Returning_Visitor,False,False
0,2.64,0,0.5,31,688.17,0.0,0.02,0.0,0.29,May,1,1,1,3,Returning_Visitor,False,False
0,2.64,0,0.5,18,836.58,0.08,0.12,0.0,0.31,May,2,5,3,13,Returning_Visitor,False,False
1,4.0,0,0.5,24,957.9,0.02,0.03,5.38,0.4,May,1,1,6,13,Returning_Visitor,False,True
0,2.64,0,0.0,6,239.67,0.0,0.02,0.0,0.0,Nov,2,10,3,2,New_Visitor,False,False
1,24.04,0,0.0,1,0.0,0.08,0.12,0.82,0.0,Mar,1,1,1,1,Returning_Visitor,False,False
3,129.24,0,0.0,4,239.67,0.0,0.02,0.82,0.0,Mar,2,5,3,2,New_Visitor,False,False
6,202.0,0,0.5,1,239.67,0.08,0.12,0.0,0.6,May,2,5,3,1,Returning_Visitor,False,False
6,202.0,0,0.0,6,239.67,0.0,0.02,29.87,0.0,Nov,2,4,7,10,Returning_Visitor,False,False
1,24.04,0,0.5,6,239.67,0.0,0.02,8.02,0.76,May,2,2,3,4,Returning_Visitor,True,False
4,81.12,1,50.54,26,2134.1,0.0,0.02,13.38,0.31,May,1,1,1,6,Returning_Visitor,False,False
0,0.0,0,0.5,23,684.73,0.0,0.02,5.38,0.0,Nov,2,2,3,1,Returning_Visitor,False,False
1,24.04,0,0.0,6,268.4,0.0,0.02,0.82,0.0,Mar,2,4,1,2,Returning_Visitor,True,False
1,24.04,0,0.5,6,239.67,0.0,0.02,0.0,0.0,Nov,2,4,1,2,New_Visitor,False,False
0,0.0,0,0.5,15,595.6,0.0,0.02,5.38,0.31,May,1,1,4,2,Returning_Visitor,True,False
0,2.64,0,0.5,109,4379.86,0.0,0.02,5.38,0.0,Nov,2,4,1,2,Returning_Visitor,True,False
0,0.0,0,0.5,8,89.5,0.0,0.02,0.0,0.29,May,3,2,1,3,Returning_Visitor,False,False
6,152.83,0,0.5,20,791.67,0.0,0.02,41.35,0.31,May,1,1,1,2,Returning_Visitor,False,True
1,24.04,0,0.5,54,2077.81,0.0,0.02,5.38,0.0,Nov,2,2,3,2,Returning_Visitor,False,False
1,24.04,0,0.0,49,1457.7,0.0,0.02,0.0,0.01,May,3,2,7,3,Returning_Visitor,False,False
0,2.64,0,0.5,6,239.67,0.02,0.04,0.0,0.0,Nov,2,10,3,1,Returning_Visitor,False,False
3,129.24,0,0.0,54,2191.33,0.01,0.03,0.82,0.01,June,2,4,3,4,New_Visitor,False,False
0,0.0,0,0.5,6,239.67,0.11,0.15,1.96,0.0,Sep,1,1,1,1,Returning_Visitor,False,False
1,24.04,0,0.0,1,239.67,0.04,0.09,0.0,0.76,May,1,1,1,3,Returning_Visitor,True,False
0,2.64,0,0.5,17,836.58,0.02,0.05,5.38,0.31,May,3,2,1,1,Returning_Visitor,False,False
0,0.0,0,0.0,6,239.67,0.0,0.02,5.38,0.76,May,2,4,7,4,Returning_Visitor,True,False
10,497.63,1,50.54,114,2139.16,0.0,0.02,5.38,0.0,Nov,2,2,3,2,Returning_Visitor,False,False
1,24.04,0,0.5,41,1605.88,0.01,0.05,54.1,0.31,May,2,5,3,10,Returning_Visitor,False,True
0,0.0,0,0.5,6,239.67,0.07,0.12,0.0,0.8,May,2,2,1,6,Returning_Visitor,False,False
1,24.04,0,0.5,20,836.58,0.0,0.02,5.38,0.76,May,2,10,3,3,Returning_Visitor,False,False
0,2.64,0,0.5,6,239.67,0.0,0.02,5.38,0.76,May,2,2,1,4,New_Visitor,False,False
9,210.67,3,127.0,54,2191.33,0.0,0.02,5.38,0.0,Nov,2,5,3,2,Returning_Visitor,False,False
2,52.5,0,0.5,13,605.5,0.0,0.01,0.0,0.76,May,2,2,3,3,Returning_Visitor,False,False
2,29.75,0,0.5,6,239.67,0.0,0.02,0.0,0.76,May,2,2,3,3,Returning_Visitor,False,False
9,202.0,0,0.0,8,352.42,0.0,0.02,5.38,0.31,May,3,2,1,1,Returning_Visitor,False,False
0,0.0,0,0.5,6,239.67,0.01,0.05,0.82,0.0,Mar,1,1,1,2,New_Visitor,False,False
1,24.04,0,0.0,6,86.36,0.06,0.12,0.0,0.0,Nov,1,1,1,1,Returning_Visitor,True,False
2,30.0,0,0.5,37,518.0,0.0,0.02,0.0,0.01,May,2,2,1,4,New_Visitor,False,False
3,39.0,5,778.04,2,4.0,0.0,0.02,0.0,0.0,Nov,2,5,3,1,Returning_Visitor,False,False
4,75.66,0,0.0,6,35.93,0.0,0.02,5.38,0.0,Oct,2,2,1,2,Returning_Visitor,True,False
0,0.0,0,0.5,8,281.5,0.0,0.02,5.38,0.29,May,2,4,9,7,Returning_Visitor,False,False
1,24.04,0,0.5,25,836.58,0.0,0.02,0.0,0.0,Nov,1,1,1,8,Returning_Visitor,False,False
0,2.64,0,0.0,9,239.67,0.0,0.02,5.38,0.76,May,2,2,4,3,Returning_Visitor,False,False
5,46.5,0,0.5,6,26.0,0.01,0.03,0.0,0.31,May,1,1,1,2,Returning_Visitor,False,True
0,2.64,0,0.5,13,595.6,0.0,0.02,0.0,0.76,May,3,2,1,3,Returning_Visitor,False,False
4,144.08,0,0.5,54,2191.33,0.0,0.02,5.38,0.0,Nov,2,4,4,1,Returning_Visitor,False,False
4,70.33,0,0.0,28,1049.31,0.03,0.05,0.82,0.0,June,3,2,1,4,Returning_Visitor,True,False
1,24.04,0,0.5,6,239.67,0.04,0.1,0.0,0.76,May,3,2,1,3,Returning_Visitor,False,False
10,541.59,1,50.54,26,607.98,0.0,0.02,5.38,0.76,May,3,2,1,3,Returning_Visitor,False,False
1,41.0,0,0.5,28,1155.81,0.01,0.04,0.82,0.31,June,1,1,1,6,Returning_Visitor,False,False
1,24.04,0,0.5,6,80.0,0.05,0.08,1.38,0.0,Mar,2,2,4,1,Returning_Visitor,False,False
1,24.04,0,0.5,6,239.67,0.0,0.02,39.29,0.0,Nov,2,2,1,2,Returning_Visitor,True,True
9,1047.34,0,0.0,14,595.6,0.0,0.02,0.0,0.0,Nov,2,2,9,20,Returning_Visitor,True,False
3,117.8,0,0.0,54,2191.33,0.0,0.02,1.96,0.0,Sep,3,2,6,3,Returning_Visitor,False,False
1,24.04,0,0.0,6,87.5,0.0,0.02,0.82,0.01,June,2,2,1,4,New_Visitor,False,False
1,24.04,0,0.5,28,1155.81,0.0,0.02,19.71,0.31,May,1,1,2,10,Returning_Visitor,False,True
0,0.0,0,0.5,6,239.67,0.0,0.02,0.0,0.76,May,2,2,3,4,Returning_Visitor,False,False
1,24.04,0,0.0,6,239.67,0.1,0.12,1.96,0.76,Sep,4,1,1,3,Returning_Visitor,False,False
0,0.0,0,0.5,6,239.67,0.01,0.03,5.38,0.31,May,2,2,9,13,Returning_Visitor,False,False
1,24.04,0,0.5,6,239.67,0.0,0.01,5.38,0.76,May,2,4,1,4,New_Visitor,False,False
12,155.6,1,50.54,54,2191.33,0.01,0.04,0.82,0.0,Mar,1,1,8,2,New_Visitor,False,False
0,0.0,0,0.5,6,239.67,0.0,0.02,0.0,0.76,May,2,2,4,4,Returning_Visitor,True,False
0,0.0,1,50.54,20,836.58,0.0,0.02,5.38,0.0,Nov,2,12,7,9,Returning_Visitor,False,True
1,24.04,0,0.5,6,111.75,0.03,0.07,0.0,0.0,Nov,2,2,1,1,Returning_Visitor,False,False
5,154.08,1,50.54,54,2191.33,0.01,0.02,0.0,0.0,Aug,2,2,1,3,Returning_Visitor,False,False
10,517.5,3,167.8,54,2191.33,0.0,0.02,2.78,0.0,Dec,1,5,3,9,Returning_Visitor,False,False
6,202.0,3,147.5,41,1424.84,0.01,0.03,0.0,0.31,May,1,1,1,2,Returning_Visitor,True,False
0,0.0,0,0.5,6,239.67,0.0,0.02,74.09,0.0,Mar,1,1,8,2,Returning_Visitor,True,True
0,2.64,0,0.5,26,372.38,0.0,0.02,1.96,0.0,Sep,2,10,3,4,Returning_Visitor,True,False
2,26.0,0,0.0,19,836.58,0.02,0.04,1.38,0.0,Mar,1,1,1,6,Returning_Visitor,False,False
1,24.04,0,0.0,28,1249.63,0.0,0.02,5.38,0.31,May,2,4,7,6,Returning_Visitor,True,False
1,12.0,0,0.0,6,239.67,0.0,0.02,0.82,0.01,June,2,2,1,3,Returning_Visitor,False,False
2,57.25,0,0.0,23,720.0,0.0,0.02,5.38,0.31,May,2,2,3,6,Returning_Visitor,False,False
2,63.33,0,0.0,13,595.6,0.0,0.0,5.38,0.0,Nov,1,1,1,2,Returning_Visitor,False,True
4,134.61,0,0.0,54,2364.65,0.0,0.02,5.38,0.01,May,2,2,1,4,New_Visitor,False,False
2,53.3,0,0.5,4,239.67,0.0,0.02,5.38,0.76,May,1,1,6,3,Returning_Visitor,False,True
1,24.04,0,0.0,6,239.67,0.0,0.02,1.38,0.0,Feb,1,1,4,2,Returning_Visitor,True,False
3,83.0,0,0.0,5,47.0,0.0,0.02,0.0,0.0,Nov,2,10,3,1,Returning_Visitor,False,False
0,2.64,0,0.5,20,836.58,0.02,0.05,1.38,0.0,Mar,3,2,3,1,Returning_Visitor,False,False
2,57.25,0,0.5,4,239.67,0.0,0.02,0.0,0.0,Nov,3,2,1,2,Returning_Visitor,False,False
10,1222.4,1,50.54,54,2191.33,0.0,0.0,0.0,0.01,May,2,2,1,4,Returning_Visitor,False,False
6,202.0,0,0.5,24,4114.08,0.0,0.0,5.38,0.0,Nov,1,1,8,2,New_Visitor,False,True
4,134.61,0,0.5,80,2762.77,0.0,0.02,10.1,0.0,Nov,2,2,3,1,Returning_Visitor,False,True
0,2.64,0,0.5,36,1155.81,0.0,0.02,5.38,0.0,Nov,1,1,6,4,Returning_Visitor,True,False
9,391.68,0,0.5,24,443.75,0.0,0.02,0.0,0.76,May,2,4,3,4,Returning_Visitor,True,False
6,77.33,1,50.54,54,2191.33,0.0,0.02,0.82,0.0,Mar,1,1,1,2,Returning_Visitor,False,False
0,2.64,0,0.5,6,78.67,0.0,0.02,0.82,0.0,Mar,2,4,3,2,New_Visitor,False,False
1,15.0,0,0.5,10,239.67,0.0,0.02,0.82,0.01,June,2,4,3,3,Returning_Visitor,False,False
0,0.0,0,0.0,6,105.0,0.0,0.02,5.38,0.76,May,4,1,1,4,Returning_Visitor,False,False
0,2.64,0,0.0,2,10.0,0.0,0.02,0.0,0.0,May,1,1,1,4,New_Visitor,False,False
8,202.0,1,50.54,134,4884.54,0.03,0.05,0.82,0.0,Mar,3,2,1,2,New_Visitor,False,False
1,24.04,0,0.5,23,811.86,0.0,0.02,5.38,0.0,Nov,1,1,1,2,Returning_Visitor,True,False
0,0.0,0,0.5,7,239.67,0.05,0.1,0.82,0.01,June,2,5,3,4,New_Visitor,False,False
6,182.51,1,50.54,21,1853.54,0.0,0.02,0.0,0.0,Nov,3,2,1,2,New_Visitor,True,False
4,107.0,1,10.5,54,2191.33,0.0,0.02,5.38,0.0,Nov,2,2,1,2,New_Visitor,False,False
1,24.04,0,0.0,23,1669.0,0.0,0.02,0.82,0.0,Mar,2,4,1,2,New_Visitor,False,False
1,24.04,0,0.0,6,239.67,0.08,0.11,0.82,0.01,June,2,4,3,4,New_Visitor,False,False
3,82.5,0,0.5,12,221.12,0.0,0.02,0.0,0.0,Nov,1,1,1,8,Returning_Visitor,False,False
4,97.61,1,50.54,24,1128.47,0.04,0.06,1.38,0.0,Mar,2,4,1,2,New_Visitor,False,False
0,0.0,0,0.5,6,239.67,0.2,0.2,0.0,0.0,Nov,1,1,1,1,Returning_Visitor,False,False
0,0.0,0,0.5,6,150.87,0.0,0.02,0.82,0.0,Mar,1,1,1,2,New_Visitor,False,False
10,468.1,3,261.65,189,6880.8,0.0,0.02,0.87,0.31,Feb,2,4,2,1,Returning_Visitor,False,False
1,24.04,0,0.5,54,2123.5,0.0,0.02,0.82,0.0,Mar,2,5,3,3,Returning_Visitor,False,True
0,0.0,0,0.5,4,239.67,0.01,0.05,0.82,0.31,June,2,2,8,2,Returning_Visitor,True,False
6,202.0,1,50.54,13,595.6,0.0,0.02,29.87,0.31,May,2,4,2,13,Returning_Visitor,False,False
6,202.0,3,280.5,149,7569.18,0.0,0.02,0.82,0.01,June,2,2,1,4,Returning_Visitor,True,True
1,24.04,0,0.5,6,239.67,0.0,0.02,5.38,0.0,Nov,1,1,6,4,Returning_Visitor,True,False
1,24.04,0,0.0,6,239.67,0.0,0.02,42.2,0.0,Dec,1,1,1,2,Returning_Visitor,False,True
0,0.0,0,0.0,6,239.67,0.0,0.02,30.31,0.0,Nov,1,1,3,2,New_Visitor,False,True
0,0.0,0,0.5,13,412.0,0.0,0.02,0.0,0.76,May,2,4,3,4,New_Visitor,False,False
1,24.04,0,0.0,6,239.67,0.0,0.0,0.82,0.76,June,2,2,8,2,New_Visitor,False,False
3,59.5,0,0.0,87,3363.18,0.0,0.01,0.0,0.0,Nov,2,2,1,1,Returning_Visitor,False,False
0,0.0,0,0.0,2,0.0,0.2,0.2,0.82,0.01,June,3,2,1,3,Returning_Visitor,False,False
0,2.64,0,0.5,6,239.67,0.0,0.02,0.0,0.76,May,2,2,1,4,New_Visitor,False,False
1,24.04,0,0.5,18,836.58,0.0,0.02,0.0,0.76,May,2,4,3,4,New_Visitor,False,False
0,2.64,0,0.5,6,239.67,0.0,0.01,1.96,0.0,Dec,3,2,4,2,New_Visitor,True,False
1,24.04,0,0.5,23,719.74,0.0,0.01,0.0,0.76,May,1,1,1,3,Returning_Visitor,False,False
0,2.64,2,14.0,6,239.67,0.0,0.02,0.82,0.0,Mar,2,2,3,2,Returning_Visitor,True,False
4,86.0,0,0.0,54,2191.33,0.0,0.02,0.0,0.0,Mar,1,1,1,9,Returning_Visitor,True,False
0,0.0,0,0.5,6,152.25,0.0,0.02,0.0,0.76,May,1,1,1,3,Returning_Visitor,False,False
0,2.64,0,0.0,6,239.67,0.0,0.02,0.0,0.76,May,2,4,3,4,New_Visitor,True,False
0,0.0,0,0.5,7,1803.67,0.03,0.08,0.0,0.76,May,2,2,1,4,New_Visitor,False,False
1,24.04,0,0.5,6,239.67,0.0,0.02,5.38,0.76,May,2,2,3,3,Returning_Visitor,False,False
1,24.04,0,0.0,1,239.67,0.04,0.09,0.0,0.0,Mar,8,4,3,2,Returning_Visitor,True,False
1,24.04,0,0.5,6,239.67,0.0,0.02,0.82,0.76,June,2,4,3,2,New_Visitor,True,False
0,0.0,0,0.0,17,504.08,0.02,0.05,36.08,0.0,Oct,1,1,1,3,Returning_Visitor,False,True
1,24.04,0,0.5,2,239.67,0.0,0.02,0.0,0.76,May,2,2,1,4,New_Visitor,False,False
0,2.64,1,59.5,54,2284.49,0.0,0.02,1.96,0.0,Dec,2,4,2,2,New_Visitor,False,False
0,0.0,0,0.0,6,239.67,0.2,0.2,0.0,0.0,Nov,2,2,1,13,Returning_Visitor,False,False
1,24.04,0,0.5,1,0.0,0.08,0.12,5.38,0.0,Nov,2,2,1,1,Returning_Visitor,False,False
1,24.04,1,50.54,6,239.67,0.0,0.02,0.0,0.0,Nov,2,2,8,2,Returning_Visitor,False,False
3,129.24,1,50.54,54,2191.33,0.0,0.02,5.38,0.29,May,1,1,1,3,Returning_Visitor,True,False
1,3.0,0,0.5,6,239.67,0.01,0.03,5.38,0.29,May,2,2,4,3,Returning_Visitor,False,False
1,24.04,0,0.0,4,239.67,0.0,0.02,0.82,0.0,Mar,2,10,3,2,New_Visitor,False,False
0,2.64,0,0.5,19,530.62,0.0,0.01,0.0,0.0,Nov,2,5,3,3,Returning_Visitor,True,False
2,32.25,0,0.0,14,434.58,0.0,0.01,0.82,0.01,June,2,4,3,4,New_Visitor,False,False
0,2.64,0,0.0,18,559.0,0.04,0.1,5.38,0.0,Nov,1,1,4,1,Returning_Visitor,False,False
6,262.0,0,0.0,23,623.42,0.02,0.05,0.0,0.76,May,2,2,3,11,Returning_Visitor,False,False
2,60.25,0,0.0,8,239.67,0.0,0.02,0.82,0.0,Mar,3,2,1,2,New_Visitor,False,False
3,129.24,3,163.0,36,1155.81,0.0,0.02,0.0,0.0,Nov,5,4,2,2,Returning_Visitor,True,False
0,2.64,0,0.0,6,0.0,0.13,0.17,0.82,0.29,June,2,2,4,4,Returning_Visitor,True,False
1,24.04,0,0.0,3,239.67,0.0,0.02,0.0,0.0,Nov,1,1,3,1,Returning_Visitor,False,False
0,0.0,0,0.0,7,239.67,0.02,0.06,0.0,0.0,Dec,2,2,7,2,Returning_Visitor,True,False
1,24.04,0,0.5,6,239.67,0.01,0.02,0.0,0.31,May,1,1,8,2,Returning_Visitor,True,False
9,202.0,0,0.0,8,239.67,0.0,0.02,1.96,0.31,Sep,2,5,3,5,New_Visitor,False,False
1,24.04,0,0.5,6,239.67,0.0,0.02,0.0,0.0,Dec,2,10,3,2,Returning_Visitor,False,False
14,367.25,3,400.38,195,7980.36,0.0,0.02,3.87,0.0,Nov,2,2,2,1,Returning_Visitor,False,True
1,24.04,1,50.54,16,757.39,0.03,0.06,4.75,0.0,Sep,1,11,3,17,Returning_Visitor,True,False
1,11.17,0,0.5,28,2245.33,0.0,0.03,5.38,0.0,Nov,2,4,1,2,New_Visitor,False,True
1,24.04,0,0.5,6,239.67,0.0,0.02,5.38,0.76,May,3,2,1,4,Returning_Visitor,False,False
0,0.0,0,0.0,6,189.2,0.0,0.02,78.57,0.0,May,3,2,1,3,Returning_Visitor,False,True
1,24.04,0,0.0,3,239.67,0.0,0.02,5.38,0.0,Nov,1,1,4,1,Returning_Visitor,False,False
3,93.8,1,50.54,54,2191.33,0.02,0.02,0.82,0.0,Mar,1,1,1,2,New_Visitor,False,False
1,24.04,0,0.0,6,239.67,0.1,0.15,5.38,0.76,May,2,2,3,3,Returning_Visitor,False,False
0,2.64,0,0.5,7,239.67,0.0,0.03,59.75,0.29,May,1,1,1,8,Returning_Visitor,True,True
1,24.04,0,0.0,1,239.67,0.2,0.2,29.87,0.0,Nov,2,3,1,3,Returning_Visitor,True,False
0,0.0,1,50.54,23,780.5,0.0,0.02,10.91,0.0,Jul,3,2,3,1,Returning_Visitor,False,False
7,278.83,2,15.0,38,2311.09,0.0,0.02,4.25,0.76,May,2,5,1,4,New_Visitor,False,False
0,0.0,0,0.5,14,595.6,0.0,0.02,0.0,0.0,Dec,1,1,1,2,New_Visitor,False,False
0,0.0,0,0.0,13,595.6,0.0,0.02,5.38,0.76,May,2,2,1,3,Returning_Visitor,False,False
0,0.0,0,0.5,22,836.58,0.0,0.01,5.38,0.76,May,2,5,3,4,New_Visitor,True,True
5,200.5,2,390.0,32,1155.81,0.01,0.03,0.0,0.0,Nov,1,1,1,2,Returning_Visitor,False,False
0,0.0,0,0.5,1,239.67,0.2,0.2,0.82,0.0,Mar,2,2,1,1,Returning_Visitor,False,False
0,0.0,0,0.5,103,3357.05,0.0,0.02,0.0,0.31,May,2,2,3,1,Returning_Visitor,False,False
6,268.5,0,0.5,54,2191.33,0.0,0.02,5.38,0.01,May,3,2,3,3,Returning_Visitor,False,False
9,539.5,0,0.5,1,239.67,0.04,0.09,1.38,0.0,Mar,2,2,3,9,Returning_Visitor,False,False
0,0.0,0,0.0,6,239.67,0.0,0.02,0.0,0.76,May,2,5,3,3,Returning_Visitor,False,False
15,453.53,1,50.54,54,2191.33,0.0,0.02,5.38,0.29,May,1,1,7,3,Returning_Visitor,False,False
1,3.0,0,0.5,11,549.33,0.0,0.02,0.82,0.29,June,4,1,1,3,Returning_Visitor,False,False
2,57.25,0,0.5,6,239.67,0.0,0.02,1.96,0.76,Sep,2,12,4,11,Returning_Visitor,False,True
0,0.0,0,0.5,5,95.5,0.0,0.02,0.0,0.29,May,2,10,3,3,Returning_Visitor,False,False
0,0.0,0,0.0,1,239.67,0.2,0.2,0.0,0.0,Dec,2,2,1,1,Returning_Visitor,False,False
1,24.04,0,0.5,6,239.67,0.0,0.02,0.0,0.76,May,2,4,3,3,Returning_Visitor,False,False
0,2.64,0,0.0,6,239.67,0.0,0.02,0.82,0.01,June,2,4,3,4,Returning_Visitor,True,False
1,24.04,0,0.0,6,239.67,0.03,0.06,5.38,0.76,May,2,2,1,4,Returning_Visitor,True,False
1,11.0,0,0.5,104,3195.76,0.0,0.02,0.82,0.0,Mar,3,2,1,1,Returning_Visitor,True,False
1,4.0,0,0.0,6,239.67,0.0,0.02,5.38,0.76,May,3,2,3,4,New_Visitor,True,False
9,792.48,0,0.5,6,0.0,0.13,0.17,61.53,0.8,May,3,10,7,1,Returning_Visitor,True,False
0,0.0,1,50.54,6,239.67,0.02,0.04,0.82,0.76,June,2,2,3,1,Returning_Visitor,False,False
1,24.04,1,50.54,27,836.58,0.03,0.06,0.0,0.01,Aug,3,2,3,3,Returning_Visitor,False,False
0,2.0,0,0.5,5,239.67,0.0,0.02,0.0,0.31,May,3,2,3,2,Returning_Visitor,False,False
0,2.64,0,0.5,137,4045.73,0.01,0.02,0.0,0.0,Nov,2,10,3,2,Returning_Visitor,False,False
1,24.04,0,0.0,1,239.67,0.0,0.02,0.0,0.0,May,1,11,3,20,New_Visitor,False,False
1,24.04,0,0.0,6,239.67,0.03,0.05,0.82,0.0,Mar,2,2,3,1,Returning_Visitor,False,False
1,24.04,0,0.0,6,239.67,0.0,0.0,5.38,0.0,Oct,1,1,8,2,New_Visitor,False,True
1,18.2,0,0.0,22,836.58,0.0,0.02,0.0,0.0,Oct,2,2,7,1,Returning_Visitor,False,False
0,2.64,0,0.0,6,239.67,0.0,0.02,0.0,0.0,Nov,2,5,3,1,Returning_Visitor,False,False
1,24.04,0,0.5,6,57.4,0.0,0.02,0.0,0.0,Jul,1,1,4,5,Returning_Visitor,False,False
7,202.0,1,50.54,159,4362.01,0.0,0.02,5.38,0.0,Nov,2,2,2,2,Returning_Visitor,False,False
4,134.61,0,0.5,83,2903.76,0.0,0.02,1.77,0.01,June,2,2,3,3,Returning_Visitor,False,False
6,202.0,4,449.33,54,2191.33,0.0,0.02,0.82,0.31,June,2,4,1,2,Returning_Visitor,True,True
1,24.04,0,0.0,7,239.67,0.03,0.06,0.0,0.0,Nov,2,2,1,4,Returning_Visitor,False,False
5,233.12,0,0.0,6,50.0,0.0,0.02,0.0,0.0,Dec,8,13,9,20,Other,False,True
1,24.04,0,0.5,6,239.67,0.01,0.04,0.0,0.0,Nov,2,3,1,2,New_Visitor,False,False
1,24.04,0,0.5,6,239.67,0.0,0.02,5.38,0.0,Nov,1,1,1,2,New_Visitor,False,False
4,191.0,0,0.0,45,1351.12,0.0,0.02,0.0,0.4,May,2,2,7,6,Returning_Visitor,True,False
7,634.27,1,50.54,54,2191.33,0.0,0.02,7.45,0.76,May,3,2,1,4,New_Visitor,False,False
1,24.04,0,0.0,6,239.67,0.0,0.02,0.82,0.01,June,1,1,1,4,Returning_Visitor,True,False
1,24.04,0,0.0,6,239.67,0.0,0.02,0.0,0.76,May,2,4,3,4,New_Visitor,False,False
4,144.08,0,0.0,61,2466.22,0.01,0.02,5.38,0.76,May,3,2,9,4,New_Visitor,True,False
0,2.64,0,0.0,9,442.0,0.0,0.04,5.38,0.31,May,2,5,3,2,Returning_Visitor,False,False
4,71.6,0,0.5,7,286.7,0.0,0.02,0.82,0.01,June,1,1,1,4,New_Visitor,False,False
1,24.04,0,0.0,16,402.69,0.0,0.02,0.82,0.31,June,2,5,3,1,Returning_Visitor,False,False
0,2.64,0,0.0,6,239.67,0.02,0.05,0.0,0.0,Nov,2,2,7,1,Returning_Visitor,False,False
0,0.0,0,0.5,6,83.0,0.03,0.06,0.0,0.0,Nov,2,2,1,13,Returning_Visitor,False,False
1,24.04,0,0.5,6,21.0,0.0,0.02,0.82,0.01,June,2,4,3,4,Returning_Visitor,True,True
0,0.0,0,0.0,6,239.67,0.0,0.02,0.0,0.0,Jul,2,2,4,1,Returning_Visitor,True,False
3,96.0,0,0.0,54,2191.33,0.0,0.02,1.96,0.0,Dec,2,2,8,2,New_Visitor,False,False
9,1122.26,0,0.5,23,836.58,0.0,0.0,0.0,0.01,May,8,13,9,20,Returning_Visitor,False,False
0,0.0,0,0.5,15,595.6,0.0,0.02,5.38,0.0,Nov,2,2,3,2,Returning_Visitor,True,False
2,40.0,0,0.5,19,558.5,0.0,0.03,5.38,0.76,May,2,2,7,4,Returning_Visitor,True,False
1,24.04,0,0.5,76,2938.01,0.0,0.02,5.38,0.01,May,1,2,1,4,Returning_Visitor,False,False
8,240.07,3,153.0,27,880.8,0.0,0.02,61.53,0.76,May,2,2,2,20,New_Visitor,True,True
0,2.64,0,0.0,6,96.0,0.0,0.02,0.0,0.0,Mar,2,10,3,2,New_Visitor,False,False
0,0.0,0,0.0,6,239.67,0.0,0.02,0.0,0.0,Dec,8,13,9,19,Other,False,False
0,0.0,0,0.0,12,442.89,0.0,0.02,5.38,0.0,May,2,2,3,4,Returning_Visitor,False,False
1,24.04,0,0.0,10,239.67,0.0,0.02,0.0,0.2,May,2,2,2,3,Returning_Visitor,False,False
4,134.61,0,0.5,6,239.67,0.04,0.1,1.38,0.0,Mar,1,1,3,10,Returning_Visitor,True,False
0,2.64,0,0.5,144,5142.86,0.01,0.02,0.0,0.01,May,2,2,1,3,Returning_Visitor,False,False
7,598.0,3,135.22,83,6860.63,0.01,0.04,0.0,0.31,May,1,1,1,2,Returning_Visitor,False,False
0,0.0,0,0.5,6,239.67,0.0,0.02,0.0,0.76,May,2,2,1,4,Returning_Visitor,False,False
9,946.1,0,0.5,6,239.67,0.0,0.02,0.0,0.76,May,1,8,3,17,Returning_Visitor,True,False
1,24.04,0,0.5,6,239.67,0.0,0.02,0.0,0.0,Mar,1,1,1,2,New_Visitor,False,False
1,24.04,0,0.5,6,48.5,0.05,0.09,0.82,0.01,June,2,2,1,4,New_Visitor,False,False
0,2.64,0,0.5,19,526.5,0.0,0.02,0.0,0.0,May,3,2,1,3,Returning_Visitor,False,False
1,5.0,0,0.5,12,2054.33,0.0,0.02,0.0,0.76,May,2,4,3,4,New_Visitor,False,False
0,2.64,0,0.0,6,239.67,0.0,0.02,0.82,0.31,June,1,1,1,2,Returning_Visitor,False,False
0,0.0,0,0.0,1,0.0,0.2,0.2,1.96,0.0,Dec,2,2,1,1,Returning_Visitor,False,False
1,24.04,0,0.5,1,0.0,0.2,0.2,29.87,0.0,Nov,6,7,3,3,Returning_Visitor,False,False
2,57.25,0,0.0,6,239.67,0.0,0.02,146.24,0.0,May,2,2,5,2,Returning_Visitor,False,True
8,202.0,1,50.54,54,2191.33,0.0,0.02,5.38,0.0,Nov,2,5,3,1,Returning_Visitor,False,False
10,1064.0,1,50.54,87,3816.37,0.01,0.03,6.22,0.0,May,1,1,3,1,New_Visitor,True,False
1,24.04,0,0.5,6,239.67,0.2,0.2,0.0,0.76,May,2,2,2,4,New_Visitor,False,False
0,2.64,0,0.5,6,239.67,0.0,0.02,5.38,0.0,Nov,2,4,3,2,New_Visitor,True,False
1,24.04,0,0.5,21,845.75,0.0,0.02,0.0,0.76,May,2,4,3,3,Returning_Visitor,False,False
1,24.04,0,0.0,8,239.67,0.0,0.02,0.0,0.0,Nov,1,1,1,2,New_Visitor,False,False
4,134.61,0,0.5,255,10143.82,0.0,0.02,0.82,0.29,June,1,1,4,3,Returning_Visitor,False,False
0,0.0,0,0.5,12,442.89,0.12,0.17,0.0,0.4,May,1,1,1,4,New_Visitor,False,False
3,129.24,1,50.54,29,1155.81,0.0,0.02,0.0,0.0,Sep,2,2,3,6,Returning_Visitor,False,False
0,0.0,0,0.5,26,836.58,0.0,0.02,0.0,0.0,Jul,1,1,1,2,New_Visitor,False,False
0,2.64,0,0.5,6,239.67,0.01,0.03,1.38,0.0,Mar,2,2,6,1,Returning_Visitor,False,False
0,0.0,0,0.5,8,167.83,0.0,0.02,0.0,0.0,Nov,2,2,1,10,Returning_Visitor,False,False
4,144.08,0,0.0,54,2191.33,0.0,0.0,0.0,0.76,May,2,6,1,4,New_Visitor,False,False
1,24.04,0,0.0,6,239.67,0.01,0.04,0.0,0.0,Nov,2,2,3,1,Returning_Visitor,False,False
1,24.04,0,0.5,6,78.5,0.0,0.03,0.82,0.01,June,3,2,1,3,Returning_Visitor,True,False
2,57.5,0,0.5,6,239.67,0.0,0.02,5.38,0.0,Nov,1,1,1,2,New_Visitor,False,False
1,24.04,0,0.5,6,239.67,0.0,0.0,0.0,0.76,May,1,1,1,4,New_Visitor,False,False
1,24.04,0,0.5,6,239.67,0.0,0.02,0.82,0.0,Mar,1,1,1,2,Returning_Visitor,True,False
6,232.34,2,19.2,22,504.03,0.0,0.0,0.0,0.76,Sep,1,5,3,3,Returning_Visitor,False,False
2,57.25,0,0.0,6,239.67,0.0,0.02,0.0,0.76,May,1,1,4,3,Returning_Visitor,True,False
1,24.04,0,0.5,6,239.67,0.0,0.02,0.0,0.76,May,2,4,4,3,Returning_Visitor,False,True
6,182.51,1,50.54,54,2191.33,0.0,0.02,5.38,0.0,May,4,5,3,5,Returning_Visitor,True,False
1,0.0,0,0.0,29,1159.54,0.0,0.03,5.38,0.0,Nov,2,2,6,2,Returning_Visitor,True,True
4,85.0,4,282.07,54,2191.33,0.0,0.02,0.82,0.31,June,6,4,3,2,Returning_Visitor,False,False
0,2.64,0,0.0,6,239.67,0.0,0.02,0.0,0.76,May,3,2,6,4,Returning_Visitor,True,False
2,27.0,0,0.5,19,461.05,0.02,0.03,16.34,0.31,May,2,10,3,1,Returning_Visitor,False,False
1,24.04,0,0.5,13,748.67,0.0,0.02,1.38,0.0,Mar,1,1,6,3,Returning_Visitor,False,False
1,24.04,1,11.0,6,239.67,0.0,0.02,5.38,0.76,May,2,4,3,4,New_Visitor,False,False
1,24.04,0,0.5,29,1173.07,0.0,0.02,18.95,0.0,Nov,2,2,1,2,New_Visitor,False,True
1,24.04,0,0.0,6,239.67,0.0,0.02,5.38,0.0,Nov,2,4,1,1,Returning_Visitor,False,True
1,24.04,0,0.0,6,239.67,0.0,0.02,1.38,0.0,Mar,2,10,3,2,New_Visitor,False,False
2,8.5,0,0.5,6,239.67,0.0,0.02,5.38,0.0,May,1,1,1,1,Returning_Visitor,True,False
1,24.04,0,0.5,23,794.16,0.0,0.02,0.0,0.0,Sep,2,12,1,4,New_Visitor,False,False
1,24.04,0,0.0,36,1155.81,0.03,0.06,0.82,0.0,Mar,2,2,3,1,Returning_Visitor,False,False
5,154.08,1,50.54,44,1909.08,0.0,0.02,1.38,0.0,Dec,1,8,1,10,Returning_Visitor,False,False
12,552.09,7,1224.2,439,21857.05,0.0,0.02,11.44,0.31,Sep,2,2,1,13,Returning_Visitor,False,False
3,129.24,1,50.54,54,2191.33,0.0,0.02,0.0,0.0,Nov,2,2,3,2,Returning_Visitor,False,True
0,0.0,0,0.5,6,53.0,0.08,0.11,0.0,0.31,May,2,5,3,1,Returning_Visitor,True,False
0,0.0,0,0.0,9,239.67,0.01,0.03,5.38,0.0,Nov,1,1,1,2,New_Visitor,True,False
1,24.04,0,0.5,6,239.67,0.0,0.02,0.0,0.0,May,2,4,6,4,Returning_Visitor,True,False
0,0.0,0,0.5,6,239.67,0.07,0.12,0.0,0.29,May,1,1,4,3,Returning_Visitor,False,False
2,57.25,0,0.5,6,239.67,0.01,0.03,5.38,0.76,May,2,4,2,4,Returning_Visitor,True,False
6,202.0,2,46.4,271,12292.46,0.0,0.02,0.82,0.0,Jul,2,2,1,2,New_Visitor,False,False
10,867.4,0,0.0,54,2191.33,0.0,0.0,252.45,0.76,May,3,10,3,20,New_Visitor,False,False
1,24.04,0,0.0,6,239.67,0.0,0.02,5.38,0.76,May,1,1,1,4,New_Visitor,False,False
1,24.04,0,0.0,63,1656.32,0.0,0.02,5.38,0.0,Nov,2,2,2,2,Returning_Visitor,True,False
7,164.5,0,0.0,54,2191.33,0.0,0.02,0.82,0.01,June,2,4,3,4,New_Visitor,False,False
0,0.0,0,0.5,22,836.58,0.0,0.02,5.38,0.8,May,2,2,6,1,Returning_Visitor,False,False
4,144.08,1,50.54,15,595.6,0.01,0.04,5.38,0.0,Nov,1,1,1,2,New_Visitor,False,True
0,0.0,0,0.5,6,239.67,0.0,0.01,5.38,0.31,May,1,1,1,2,Returning_Visitor,False,False
0,2.64,0,0.5,6,76.75,0.0,0.02,5.38,0.0,Nov,2,10,3,2,New_Visitor,False,True
6,263.0,1,50.54,54,2191.33,0.0,0.03,0.0,0.0,Nov,1,1,9,8,Returning_Visitor,False,False
0,0.0,0,0.5,12,442.89,0.0,0.02,0.82,0.01,June,2,4,3,4,New_Visitor,False,False
1,24.04,0,0.0,23,676.17,0.0,0.02,0.0,0.0,Nov,2,2,3,1,Returning_Visitor,False,False
2,39.0,0,0.0,15,787.0,0.0,0.02,0.0,0.76,May,1,1,1,3,Returning_Visitor,False,False
3,36.2,0,0.0,16,757.39,0.0,0.01,5.38,0.0,Aug,2,2,4,5,New_Visitor,False,False
0,2.64,0,0.0,6,239.67,0.01,0.05,5.38,0.76,May,2,4,3,3,Returning_Visitor,False,False
1,24.04,0,0.5,8,123.0,0.0,0.02,0.82,0.76,June,2,2,1,2,New_Visitor,False,True
0,0.0,0,0.5,6,239.67,0.03,0.06,0.0,0.31,May,1,1,1,1,Returning_Visitor,False,False
0,0.0,0,0.5,6,239.67,0.03,0.07,5.38,0.76,May,2,2,5,3,Returning_Visitor,False,False
1,24.04,0,0.5,22,1043.58,0.0,0.02,0.0,0.0,Nov,3,2,1,1,Returning_Visitor,True,False
11,2047.23,3,522.9,45,1351.12,0.0,0.02,4.75,0.0,Mar,2,2,1,16,New_Visitor,False,True
1,24.04,0,0.0,6,239.67,0.0,0.02,28.11,0.0,Nov,4,1,1,1,Returning_Visitor,True,True
0,0.0,0,0.0,26,1026.75,0.0,0.02,0.82,0.29,June,1,1,1,3,Returning_Visitor,False,False
0,0.0,0,0.0,29,1136.6,0.0,0.02,1.38,0.0,Mar,1,1,1,3,Returning_Visitor,True,False
1,24.04,0,0.5,6,239.67,0.0,0.02,0.82,0.0,Mar,2,4,3,2,New_Visitor,False,True
4,81.25,0,0.5,54,2191.33,0.01,0.02,39.04,0.0,May,2,2,1,4,New_Visitor,False,False
1,24.04,0,0.0,1,0.0,0.2,0.2,65.87,0.76,May,2,1,3,1,Returning_Visitor,False,False
1,24.04,0,0.5,14,396.5,0.0,0.02,0.0,0.76,May,2,4,3,4,New_Visitor,False,False
1,24.04,0,0.5,6,239.67,0.01,0.02,1.38,0.0,Mar,2,2,7,1,Returning_Visitor,False,False
1,24.04,0,0.5,23,698.67,0.0,0.02,0.82,0.0,Mar,3,2,1,1,Returning_Visitor,True,True
4,93.75,1,50.54,54,2191.33,0.0,0.02,5.38,0.0,Nov,1,1,1,2,New_Visitor,False,True
1,24.04,0,0.5,41,1352.0,0.0,0.02,0.0,0.31,May,2,10,3,2,Returning_Visitor,False,False
1,24.04,0,0.5,39,935.1,0.0,0.02,0.0,0.0,Nov,2,2,8,2,Returning_Visitor,True,False
3,129.24,3,272.2,54,2191.33,0.0,0.02,0.82,0.76,June,3,2,8,2,Returning_Visitor,False,False
2,28.06,0,0.5,73,2260.86,0.0,0.02,5.38,0.29,May,2,4,7,4,Returning_Visitor,True,False
1,15.2,1,13.0,6,239.67,0.0,0.02,5.25,0.0,June,2,2,2,4,New_Visitor,True,False
4,71.4,0,0.0,14,595.6,0.03,0.08,0.82,0.0,Mar,1,1,1,2,New_Visitor,False,False
0,0.0,0,0.0,8,358.0,0.0,0.02,5.38,1.0,May,1,1,1,4,Returning_Visitor,True,False
4,121.42,3,273.5,54,2191.33,0.0,0.02,0.0,0.0,Nov,2,4,3,2,New_Visitor,True,False
0,0.0,0,0.0,6,17.0,0.08,0.13,0.82,0.01,June,2,2,1,3,Returning_Visitor,False,False
0,0.0,0,0.0,6,0.0,0.2,0.2,1.38,0.0,Feb,1,1,4,3,Returning_Visitor,False,False
1,24.04,0,0.0,19,836.58,0.0,0.02,5.38,0.0,May,1,1,1,2,Returning_Visitor,False,False
1,24.04,0,0.0,6,0.0,0.2,0.2,5.38,0.0,Nov,3,2,1,1,Returning_Visitor,True,False
0,2.64,0,0.5,8,239.67,0.0,0.02,5.38,0.76,May,2,4,2,4,Returning_Visitor,False,False
0,0.0,0,0.0,6,0.0,0.2,0.2,0.0,0.0,Nov,4,1,1,1,Returning_Visitor,False,False
1,24.04,0,0.5,6,239.67,0.0,0.02,0.0,0.4,May,2,2,1,3,Returning_Visitor,False,False
1,24.04,0,0.5,6,239.67,0.0,0.02,0.0,0.76,May,1,1,1,3,Returning_Visitor,False,False
0,0.0,0,0.0,6,239.67,0.0,0.05,29.87,0.31,May,2,2,2,10,Returning_Visitor,False,False
0,0.0,0,0.5,6,239.67,0.0,0.01,65.87,0.0,Nov,2,4,1,1,Returning_Visitor,False,False
6,204.2,0,0.0,31,1155.81,0.0,0.02,5.38,0.0,Nov,1,1,6,1,Returning_Visitor,False,False
1,24.04,0,0.0,6,239.67,0.0,0.02,0.82,0.29,June,2,4,3,3,Returning_Visitor,False,True
0,0.0,0,0.0,8,239.67,0.0,0.02,65.87,0.0,May,1,8,1,17,Returning_Visitor,True,False
2,57.25,0,0.5,8,239.67,0.04,0.1,0.0,0.0,May,1,2,1,4,New_Visitor,False,False
0,0.0,0,0.5,6,239.67,0.0,0.02,0.0,0.31,May,2,2,6,1,Returning_Visitor,False,False
1,24.04,0,0.5,1,31.5,0.05,0.09,1.96,0.0,Dec,3,2,1,1,Returning_Visitor,False,True
0,2.64,0,0.5,6,239.67,0.01,0.05,0.82,0.01,June,2,4,3,4,New_Visitor,False,False
4,144.08,0,0.0,8,289.85,0.0,0.02,1.38,0.0,Mar,2,2,3,3,Returning_Visitor,True,True
4,134.61,0,0.5,73,2678.06,0.0,0.01,0.0,0.0,Jul,2,10,3,2,Returning_Visitor,True,False
6,239.93,2,116.22,54,2191.33,0.02,0.03,29.87,0.0,Nov,2,13,1,13,Returning_Visitor,False,False
0,0.0,0,0.0,6,239.67,0.03,0.07,65.87,0.8,May,1,1,3,20,New_Visitor,False,False
1,24.04,0,0.0,23,657.5,0.0,0.02,0.0,0.0,May,2,2,1,4,New_Visitor,False,False
0,0.0,0,0.0,6,239.67,0.0,0.02,5.38,0.31,May,1,1,1,2,Returning_Visitor,True,True
1,24.04,0,0.5,19,1651.93,0.02,0.07,0.82,0.01,June,2,4,3,4,New_Visitor,True,False
0,0.0,0,0.5,8,331.33,0.05,0.09,0.0,0.76,May,2,10,3,4,Returning_Visitor,False,False
0,0.0,1,50.54,6,239.67,0.0,0.02,0.0,0.4,May,1,11,3,19,Returning_Visitor,False,False
7,95.75,0,0.5,41,1164.2,0.0,0.01,27.08,0.0,Dec,2,2,3,1,Returning_Visitor,True,True
0,2.64,2,132.03,6,239.67,0.0,0.02,0.0,0.0,May,3,2,1,4,New_Visitor,False,True
1,24.04,0,0.0,30,860.32,0.0,0.02,0.0,0.76,May,1,1,1,3,Returning_Visitor,False,False
6,202.0,2,116.22,88,3195.76,0.01,0.03,5.38,0.76,May,3,2,8,4,New_Visitor,False,False
4,92.0,1,50.54,39,1250.68,0.0,0.02,0.82,0.0,Mar,3,2,1,1,Returning_Visitor,False,False
1,24.04,0,0.5,67,2701.96,0.0,0.02,0.38,0.31,May,1,1,1,2,Returning_Visitor,True,False
1,18.0,0,0.5,19,495.0,0.0,0.0,5.38,0.31,May,2,4,6,2,New_Visitor,True,False
1,24.04,0,0.5,19,531.5,0.0,0.02,0.82,0.0,Mar,1,1,8,2,Returning_Visitor,True,False
1,24.04,0,0.5,6,239.67,0.2,0.2,0.0,0.76,May,2,2,1,4,New_Visitor,False,False
10,517.5,3,135.22,142,6241.69,0.0,0.02,5.38,0.31,May,2,5,3,10,Returning_Visitor,False,True
1,24.04,0,0.0,14,409.84,0.0,0.02,20.1,0.0,Oct,1,1,4,9,Returning_Visitor,False,True
1,235.0,0,0.5,6,127.6,0.0,0.02,1.96,0.0,Dec,2,2,8,2,Returning_Visitor,True,False
1,24.04,0,0.5,6,239.67,0.0,0.0,18.03,0.0,Nov,1,1,1,2,New_Visitor,True,True
1,24.04,0,0.5,90,3195.76,0.0,0.02,5.38,0.8,May,2,2,3,1,Returning_Visitor,False,False
1,24.04,0,0.0,19,469.98,0.03,0.06,0.0,0.0,Nov,2,10,3,1,Returning_Visitor,False,False
1,24.04,0,0.5,6,239.67,0.0,0.02,0.0,0.0,May,2,2,3,3,Returning_Visitor,False,False
2,24.0,0,0.0,54,801.51,0.0,0.01,0.82,0.2,June,2,10,3,4,New_Visitor,False,False
3,129.24,1,50.54,54,2191.33,0.01,0.01,0.0,0.0,Nov,1,1,1,2,New_Visitor,False,False
1,8.0,0,0.0,6,239.67,0.0,0.02,0.0,0.0,Aug,2,2,1,4,Returning_Visitor,False,False
1,24.04,0,0.0,6,239.67,0.0,0.0,0.0,0.31,May,2,5,3,2,New_Visitor,True,False
2,23.0,0,0.5,6,239.67,0.03,0.07,0.0,0.76,May,2,2,1,3,Returning_Visitor,False,False
2,53.5,0,0.5,6,239.67,0.0,0.02,0.0,1.0,May,2,2,1,4,New_Visitor,False,False
1,11.0,2,47.75,52,1925.98,0.02,0.05,0.0,0.0,Dec,1,1,8,2,New_Visitor,False,False
2,29.0,0,0.0,6,239.67,0.0,0.01,1.96,0.0,Dec,3,2,3,1,Returning_Visitor,False,False
0,0.0,0,0.5,1,239.67,0.2,0.2,70.8,0.01,May,1,5,3,11,Returning_Visitor,True,False
9,1021.02,0,0.0,6,239.67,0.0,0.0,20.13,0.0,Dec,8,13,9,16,Returning_Visitor,False,True
1,19.0,0,0.5,7,239.67,0.01,0.03,0.82,0.0,Mar,1,1,1,10,Returning_Visitor,False,False
2,57.25,0,0.5,2,239.67,0.0,0.02,5.38,0.31,May,2,2,1,2,Returning_Visitor,False,False
1,24.04,0,0.5,6,239.67,0.0,0.01,0.0,0.31,May,1,1,4,2,Returning_Visitor,True,False
0,2.64,0,0.5,6,239.67,0.01,0.03,65.87,0.0,Oct,2,5,3,20,Returning_Visitor,False,False
1,24.04,0,0.5,33,1155.81,0.0,0.01,1.96,0.0,Dec,2,4,7,1,Returning_Visitor,False,False
6,202.0,3,239.2,3,78.5,0.0,0.01,0.82,0.0,Mar,2,2,1,5,Returning_Visitor,False,False
6,196.6,0,0.0,54,2191.33,0.0,0.02,0.0,0.0,Nov,1,8,1,1,Returning_Visitor,False,False
0,0.0,0,0.5,30,360.47,0.0,0.02,5.38,0.29,May,1,1,1,3,Returning_Visitor,False,False
2,45.4,0,0.0,15,595.6,0.0,0.02,0.0,0.76,May,2,5,3,3,Returning_Visitor,False,False
0,2.64,0,0.5,6,159.2,0.03,0.07,0.0,0.0,Nov,2,10,3,2,New_Visitor,False,False
1,24.04,0,0.0,6,241.4,0.03,0.06,5.38,0.31,May,2,2,6,13,Returning_Visitor,False,False
3,28.65,1,50.54,54,2191.33,0.0,0.02,1.96,0.76,Sep,3,2,4,3,Returning_Visitor,False,False
1,24.04,2,62.5,6,239.67,0.0,0.02,4.75,0.0,Dec,1,8,9,19,Returning_Visitor,False,False
3,49.4,2,9.0,8,330.53,0.0,0.02,0.0,0.0,Sep,2,10,3,4,Returning_Visitor,True,False
0,2.64,0,0.5,6,0.0,0.2,0.2,5.38,0.76,May,3,2,2,3,Returning_Visitor,False,False
0,2.64,0,0.5,6,239.67,0.2,0.2,1.96,0.0,Dec,3,2,1,1,Returning_Visitor,False,False
0,0.0,0,0.5,5,1144.0,0.12,0.13,0.0,0.76,May,1,1,1,4,Returning_Visitor,True,False
1,24.04,0,0.5,6,220.5,0.03,0.07,0.0,0.0,Nov,1,1,1,1,Returning_Visitor,False,False
1,24.04,0,0.5,23,712.3,0.0,0.0,0.0,0.0,Nov,2,2,4,2,New_Visitor,False,False
1,24.04,0,0.0,6,239.67,0.01,0.03,0.0,0.76,May,2,4,1,4,Returning_Visitor,True,False
2,57.25,0,0.5,6,260.2,0.0,0.02,0.82,0.29,June,2,2,1,3,Returning_Visitor,False,False
1,21.25,0,0.0,73,2716.52,0.01,0.02,23.74,0.0,Nov,2,2,3,2,Returning_Visitor,True,False
0,0.0,2,83.0,6,239.67,0.01,0.02,0.82,0.0,Mar,2,2,3,1,Returning_Visitor,False,False
6,206.67,0,0.5,54,2191.33,0.0,0.02,1.38,0.0,Mar,2,4,3,1,Returning_Visitor,False,False
0,2.64,0,0.5,10,239.67,0.0,0.01,5.38,0.31,May,1,1,1,13,Returning_Visitor,False,False
6,167.45,1,50.54,54,2191.33,0.0,0.02,0.0,0.0,Oct,2,2,7,9,Returning_Visitor,False,False
2,24.5,0,0.0,46,1351.12,0.0,0.02,5.38,0.01,May,2,2,2,4,Returning_Visitor,False,True
10,618.07,1,50.54,50,1535.64,0.0,0.02,28.07,0.0,Nov,2,5,7,11,New_Visitor,False,True
6,202.0,2,93.67,54,2191.33,0.0,0.02,0.82,0.29,June,1,1,8,4,Returning_Visitor,False,False
1,24.04,0,0.0,19,469.54,0.0,0.02,5.38,0.0,Oct,1,1,9,2,Returning_Visitor,False,True
0,0.0,0,0.5,6,156.0,0.0,0.02,0.82,0.2,June,2,2,3,3,Returning_Visitor,False,False
1,24.04,0,0.0,15,595.6,0.0,0.02,5.38,0.31,May,2,5,1,2,Returning_Visitor,False,False
2,59.2,0,0.0,34,1261.7,0.0,0.02,5.38,0.0,Aug,2,4,1,4,New_Visitor,False,False
0,2.64,2,6.0,6,239.67,0.0,0.02,0.0,0.0,Nov,3,2,1,2,New_Visitor,True,False
1,24.04,0,0.5,6,239.67,0.01,0.04,5.38,0.0,Nov,2,2,1,2,New_Visitor,False,False
1,24.04,0,0.5,6,239.67,0.0,0.02,0.82,0.0,Mar,2,2,1,1,Returning_Visitor,False,True
5,54.0,0,0.0,54,2191.33,0.0,0.02,5.38,0.29,May,1,1,2,3,Returning_Visitor,False,False
2,27.47,3,245.8,19,524.06,0.0,0.02,5.38,0.0,Oct,2,2,1,1,Returning_Visitor,False,True
6,202.0,4,258.72,94,3195.76,0.0,0.02,3.09,0.31,Sep,1,1,1,1,Returning_Visitor,False,False
4,134.61,0,0.5,104,4316.26,0.0,0.02,5.38,0.01,May,2,2,3,3,Returning_Visitor,False,False
4,134.61,0,0.5,336,11351.34,0.0,0.02,1.18,0.0,Nov,2,2,1,2,New_Visitor,False,True
1,24.04,1,50.54,6,239.67,0.0,0.02,0.0,0.76,May,2,2,3,3,Returning_Visitor,False,False
1,24.04,0,0.0,23,626.0,0.0,0.04,0.82,0.0,Mar,1,1,1,2,Returning_Visitor,True,False
6,202.0,2,123.55,54,2191.33,0.0,0.02,0.82,0.31,June,1,1,1,2,Returning_Visitor,False,False
1,24.04,0,0.5,4,16.0,0.0,0.02,5.38,0.0,Nov,2,5,3,2,Returning_Visitor,True,False
0,0.0,0,0.5,30,1155.81,0.0,0.01,1.96,0.0,Dec,2,2,1,2,Returning_Visitor,True,True
1,24.04,0,0.0,13,595.6,0.0,0.02,65.87,0.29,May,1,1,1,20,Returning_Visitor,False,True
0,2.64,0,0.5,6,0.0,0.2,0.2,65.87,0.76,May,2,2,3,20,Other,False,False
4,123.0,0,0.0,54,2191.33,0.0,0.02,1.38,0.0,Mar,2,10,3,2,New_Visitor,False,True
1,24.04,5,740.0,50,1535.64,0.0,0.02,22.03,0.0,Nov,3,2,1,1,Returning_Visitor,True,False
1,24.04,0,0.5,6,239.67,0.0,0.02,5.38,0.76,May,2,4,3,3,Returning_Visitor,False,False
6,182.51,0,0.0,87,3633.95,0.0,0.02,0.82,0.31,June,1,1,1,1,Returning_Visitor,False,False
1,24.04,0,0.5,8,289.75,0.0,0.02,0.0,0.76,May,2,4,3,4,New_Visitor,False,False
0,2.64,0,0.5,6,0.0,0.12,0.15,0.82,0.29,June,2,2,3,3,Returning_Visitor,False,False
4,144.08,0,0.0,24,852.33,0.0,0.02,0.82,0.0,Mar,2,2,7,9,Returning_Visitor,False,False
5,100.92,1,50.54,114,3195.76,0.0,0.02,0.82,0.0,Mar,1,1,8,2,Returning_Visitor,True,False
0,2.64,0,0.5,6,46.0,0.01,0.05,0.0,0.29,May,2,2,7,3,Returning_Visitor,False,False
1,24.04,0,0.5,46,1351.12,0.01,0.03,5.38,0.01,May,1,1,6,4,Returning_Visitor,True,False
0,0.0,0,0.5,6,239.67,0.09,0.12,0.0,0.31,May,2,2,1,13,Returning_Visitor,False,False
1,24.04,0,0.5,6,88.75,0.01,0.04,0.82,0.01,June,2,4,3,4,Returning_Visitor,True,False
1,24.04,0,0.0,5,239.67,0.08,0.12,0.0,0.0,May,1,1,1,3,Returning_Visitor,False,False
0,2.64,0,0.0,6,239.67,0.0,0.01,5.36,0.0,Nov,2,2,1,1,Returning_Visitor,False,True
1,14.0,0,0.0,6,239.67,0.1,0.15,0.0,0.0,Nov,1,1,1,10,Returning_Visitor,False,False
1,24.04,0,0.5,14,398.4,0.0,0.02,4.75,0.0,Dec,1,8,1,19,Returning_Visitor,True,False
0,2.64,2,76.0,54,2068.93,0.0,0.01,5.38,0.0,May,2,4,3,4,Returning_Visitor,True,True
0,2.64,0,0.0,6,191.0,0.01,0.03,0.82,0.01,June,1,1,1,4,Returning_Visitor,True,False
0,2.64,0,0.0,1,239.67,0.2,0.2,29.87,0.76,May,3,13,1,3,Returning_Visitor,False,False
2,45.75,0,0.5,6,239.67,0.0,0.02,1.96,0.0,Dec,1,1,1,1,Returning_Visitor,False,True
10,470.45,9,991.25,87,3195.76,0.01,0.02,5.38,0.0,Nov,2,2,2,2,Returning_Visitor,False,True
0,0.0,0,0.0,10,239.67,0.0,0.02,0.82,0.31,June,4,1,8,2,Returning_Visitor,True,False
5,262.12,3,295.55,117,7468.86,0.0,0.02,5.38,0.0,Nov,3,2,1,2,Returning_Visitor,False,False
8,202.0,0,0.0,7,96.12,0.01,0.03,0.0,0.0,Nov,2,4,2,8,Returning_Visitor,False,False
0,0.0,0,0.0,6,239.67,0.0,0.02,1.96,0.0,Dec,2,2,3,9,Returning_Visitor,False,False
12,449.97,0,0.5,54,2191.33,0.0,0.02,3.54,0.01,Aug,1,1,1,4,Returning_Visitor,True,False
6,202.0,0,0.5,24,836.58,0.03,0.06,0.0,0.8,May,2,13,2,11,Returning_Visitor,False,False
1,24.04,1,11.0,74,6194.85,0.02,0.03,0.0,0.01,May,2,2,3,4,Returning_Visitor,True,False
0,0.0,0,0.5,6,258.29,0.0,0.02,0.0,0.31,May,2,4,3,2,Returning_Visitor,True,False
1,24.04,0,0.5,6,239.67,0.0,0.02,5.38,0.76,May,2,2,5,3,Returning_Visitor,False,False
1,24.04,0,0.5,14,370.46,0.0,0.02,5.38,0.31,May,1,1,4,2,Returning_Visitor,True,False
3,7.0,1,50.54,21,836.58,0.0,0.02,5.38,0.0,Nov,1,1,1,1,Returning_Visitor,False,False
1,24.04,0,0.0,6,239.67,0.04,0.09,49.73,0.76,May,2,13,1,11,Returning_Visitor,False,True
1,24.04,0,0.5,1,239.67,0.2,0.2,5.38,0.76,May,1,1,1,4,New_Visitor,False,False
1,24.04,0,0.5,6,239.67,0.0,0.02,0.0,0.76,May,2,2,1,4,New_Visitor,False,False
0,2.64,0,0.5,4,239.67,0.0,0.02,5.38,0.0,Nov,4,2,1,1,Returning_Visitor,False,False
1,24.04,0,0.5,6,239.67,0.01,0.03,5.38,0.0,May,2,2,3,3,Returning_Visitor,False,True
1,24.04,0,0.0,6,239.67,0.03,0.05,5.38,0.0,Nov,2,2,1,1,Returning_Visitor,False,False
2,49.12,0,0.5,6,239.67,0.0,0.02,0.82,0.0,Mar,3,2,1,2,New_Visitor,False,False
2,57.25,0,0.5,6,239.67,0.0,0.02,5.38,0.0,Nov,2,10,3,2,New_Visitor,False,False
1,24.04,0,0.0,10,239.67,0.0,0.02,5.38,0.76,May,1,1,8,4,New_Visitor,False,False
2,57.25,0,0.5,174,4994.25,0.0,0.02,0.82,0.0,Mar,1,1,1,8,Returning_Visitor,False,False
0,0.0,0,0.5,6,24.0,0.0,0.02,1.38,0.0,Mar,2,4,3,3,Returning_Visitor,False,False
6,182.51,2,8.0,50,1876.33,0.01,0.01,1.96,0.0,Dec,2,2,9,2,Returning_Visitor,False,False
2,57.25,0,0.5,6,239.67,0.0,0.02,0.0,0.76,May,2,2,1,3,Returning_Visitor,False,False
12,426.35,9,623.41,142,5142.86,0.01,0.02,7.2,0.31,May,3,2,1,2,Returning_Visitor,False,True
3,120.0,0,0.0,54,2191.33,0.0,0.02,5.38,0.0,May,1,1,4,2,Returning_Visitor,True,False
0,2.64,0,0.0,6,239.67,0.0,0.02,5.38,0.0,Nov,2,2,4,1,Returning_Visitor,False,True
1,24.04,0,0.5,6,239.67,0.01,0.04,0.0,0.0,Nov,3,2,3,1,Returning_Visitor,False,False
0,0.0,0,0.0,6,239.67,0.0,0.02,0.0,0.29,May,4,2,4,4,Returning_Visitor,True,False
0,0.0,0,0.5,23,836.58,0.01,0.03,5.38,0.76,May,1,1,1,3,Returning_Visitor,False,False
4,144.08,1,50.54,16,757.39,0.0,0.02,0.0,0.76,May,1,1,1,4,Returning_Visitor,True,False
6,202.0,0,0.5,77,4130.94,0.01,0.04,43.99,0.76,May,4,1,1,4,New_Visitor,False,False
0,2.64,0,0.0,10,239.67,0.01,0.04,0.0,0.0,Nov,1,1,1,2,Returning_Visitor,False,False
7,202.0,0,0.0,33,1267.06,0.0,0.02,0.82,0.01,June,2,4,1,4,Returning_Visitor,False,False
3,34.0,2,14.0,89,1332.09,0.0,0.02,5.38,0.0,May,2,4,3,4,New_Visitor,False,False
5,154.08,1,50.54,54,2191.33,0.0,0.02,0.82,0.01,June,1,1,1,3,Returning_Visitor,False,False
14,453.53,3,195.0,142,5610.69,0.0,0.02,5.38,0.0,Nov,2,5,3,2,Returning_Visitor,False,False
0,0.0,0,0.0,3,239.67,0.0,0.02,5.38,0.0,Nov,2,10,3,2,New_Visitor,False,False
1,24.04,0,0.5,6,239.67,0.0,0.01,5.38,0.31,May,1,1,1,5,New_Visitor,False,False
2,57.25,2,123.55,17,939.08,0.0,0.02,0.82,0.0,Mar,2,5,1,6,Returning_Visitor,False,True
6,202.0,0,0.0,6,239.67,0.03,0.05,29.87,0.0,Nov,2,2,4,13,Returning_Visitor,False,False
6,202.0,1,645.5,54,2191.33,0.01,0.02,0.0,0.0,Nov,3,4,3,1,Returning_Visitor,False,False
2,57.25,0,0.5,6,239.67,0.0,0.02,5.38,0.0,Nov,2,4,1,2,New_Visitor,False,False
4,206.25,0,0.5,54,2191.33,0.0,0.02,0.82,0.0,Mar,1,5,3,9,Returning_Visitor,True,True
0,2.64,0,0.0,6,162.25,0.07,0.12,0.0,0.0,Dec,2,2,4,3,Returning_Visitor,False,False
0,0.0,0,0.5,6,212.5,0.0,0.02,0.82,0.29,June,2,2,3,11,Returning_Visitor,True,False
10,462.0,1,50.54,54,2191.33,0.0,0.02,5.38,0.01,May,2,4,5,3,Returning_Visitor,False,False
2,57.25,0,0.0,28,911.5,0.03,0.07,5.38,0.29,May,2,7,3,4,Returning_Visitor,False,False
1,24.04,0,0.0,32,1155.81,0.01,0.02,1.96,0.31,Sep,2,10,4,2,Returning_Visitor,False,False
1,24.04,0,0.5,6,239.67,0.03,0.06,5.38,0.0,Nov,3,2,1,2,Returning_Visitor,True,False
2,47.17,1,3.0,42,1351.12,0.0,0.02,7.73,0.76,May,2,2,6,3,Returning_Visitor,False,True
0,2.64,0,0.5,6,239.67,0.05,0.15,1.38,0.0,Mar,1,1,1,1,Returning_Visitor,False,False
0,0.0,0,0.5,6,239.67,0.03,0.08,0.0,0.76,May,1,8,6,12,Returning_Visitor,True,False
1,24.04,0,0.5,6,230.57,0.0,0.02,0.82,0.01,June,2,2,3,3,Returning_Visitor,False,False
1,24.04,0,0.5,6,239.67,0.0,0.01,5.38,0.0,Oct,2,2,1,1,Returning_Visitor,False,True
10,792.48,1,50.54,104,4306.61,0.0,0.02,0.0,0.0,May,7,4,2,4,Returning_Visitor,False,True
1,24.04,0,0.0,28,1030.06,0.0,0.01,0.0,0.0,Aug,3,2,6,2,New_Visitor,True,False
1,24.04,0,0.0,6,239.67,0.0,0.02,0.0,0.0,Nov,4,1,1,8,Returning_Visitor,False,False
8,202.0,0,0.0,19,515.58,0.0,0.0,5.38,0.0,Nov,3,2,1,1,Returning_Visitor,False,False
1,24.04,0,0.0,6,0.0,0.13,0.17,0.0,0.0,May,2,2,3,3,Returning_Visitor,False,False
0,0.0,0,0.0,54,1978.7,0.03,0.06,5.38,0.0,Aug,2,10,3,4,New_Visitor,False,False
1,24.04,0,0.0,20,680.0,0.02,0.06,5.38,0.76,May,2,6,3,4,New_Visitor,False,False
2,57.25,0,0.5,3,21.0,0.01,0.05,0.82,0.29,June,3,2,1,8,Returning_Visitor,False,False
1,24.04,0,0.5,6,239.67,0.0,0.05,0.0,0.0,Nov,2,4,3,2,New_Visitor,False,False
1,24.04,0,0.5,8,239.67,0.02,0.08,0.0,0.0,Aug,2,4,1,4,New_Visitor,False,False
1,24.04,0,0.5,42,1351.12,0.0,0.02,21.76,0.31,May,2,2,1,2,Returning_Visitor,False,False
14,324.0,2,116.22,54,2191.33,0.0,0.0,0.0,0.01,May,1,1,1,4,Returning_Visitor,True,False
0,2.64,0,0.5,1,239.67,0.08,0.12,5.38,0.76,May,8,4,3,4,Returning_Visitor,True,False
0,2.64,0,0.5,14,595.6,0.01,0.03,29.87,0.0,May,1,8,1,12,Returning_Visitor,True,False
1,24.04,0,0.5,15,595.6,0.0,0.01,14.55,0.0,May,1,1,3,3,Returning_Visitor,False,True
2,24.2,0,0.5,41,1376.3,0.01,0.02,6.01,0.0,Nov,2,4,3,1,Returning_Visitor,False,False
1,24.04,0,0.5,6,239.67,0.0,0.02,0.0,0.0,Dec,2,12,1,16,New_Visitor,False,False
1,24.04,0,0.5,6,125.0,0.0,0.02,0.0,0.76,May,2,2,3,3,Returning_Visitor,False,False
2,25.7,0,0.5,6,239.67,0.0,0.02,38.27,0.29,May,2,5,3,4,New_Visitor,False,True
4,115.0,0,0.0,19,836.58,0.01,0.04,0.0,0.76,May,1,1,1,4,Returning_Visitor,True,False
3,44.3,0,0.0,17,468.85,0.0,0.02,5.38,0.01,Aug,3,2,1,3,Returning_Visitor,False,True
16,477.62,3,127.89,86,3195.76,0.02,0.02,3.89,0.31,Sep,1,1,8,1,Returning_Visitor,False,True
0,0.0,0,0.0,8,289.5,0.0,0.01,1.38,0.0,Mar,1,1,1,2,New_Visitor,False,False
1,24.04,0,0.5,14,595.6,0.0,0.01,0.82,0.01,June,2,2,1,4,Returning_Visitor,True,True
1,24.04,0,0.0,6,239.67,0.01,0.03,0.0,0.0,Dec,2,4,1,2,New_Visitor,False,False
0,0.0,0,0.5,22,836.58,0.01,0.03,0.82,0.01,June,2,4,3,4,Returning_Visitor,True,True
6,202.0,0,0.5,6,239.67,0.0,0.02,5.38,0.29,May,1,1,1,11,Returning_Visitor,True,False
2,44.5,0,0.5,19,568.25,0.02,0.04,26.45,0.0,Nov,2,4,2,14,Returning_Visitor,False,False
1,24.04,0,0.5,12,797.84,0.0,0.02,5.38,0.01,Aug,2,2,3,3,Returning_Visitor,False,False
1,24.04,0,0.0,6,239.67,0.2,0.2,0.0,0.0,Nov,2,10,3,1,Returning_Visitor,False,False
0,0.0,0,0.5,6,112.71,0.0,0.02,5.38,0.76,May,3,2,6,4,Returning_Visitor,True,False
0,2.64,0,0.5,27,836.58,0.0,0.02,0.82,0.76,June,2,4,3,2,New_Visitor,False,False
0,0.0,0,0.5,23,822.0,0.05,0.09,5.38,0.76,May,2,2,2,4,New_Visitor,False,False
0,2.64,0,0.0,42,1351.12,0.02,0.05,0.0,0.2,May,2,10,7,1,Returning_Visitor,False,False
0,2.64,0,0.0,6,239.67,0.0,0.02,5.38,0.0,Oct,3,2,4,2,New_Visitor,True,True
1,24.04,2,7.0,6,239.67,0.0,0.02,4.29,0.31,Sep,2,2,3,1,Returning_Visitor,False,False
1,24.04,0,0.5,56,2191.33,0.01,0.03,0.82,0.0,Mar,2,10,3,2,New_Visitor,False,False
0,0.0,0,0.0,6,208.0,0.0,0.02,125.96,0.0,Dec,3,2,1,19,Returning_Visitor,False,True
2,25.57,0,0.0,54,2026.48,0.01,0.07,5.38,0.0,May,1,1,1,1,Returning_Visitor,False,False
1,24.04,0,0.0,6,239.67,0.0,0.02,53.99,0.76,May,2,2,2,4,New_Visitor,False,True
1,24.04,0,0.5,6,239.67,0.0,0.02,1.38,0.0,Mar,1,1,1,1,Returning_Visitor,False,False
0,2.64,0,0.5,6,239.67,0.0,0.02,0.82,0.0,June,1,1,3,13,Returning_Visitor,False,False
1,24.04,0,0.0,6,239.67,0.0,0.02,0.82,0.0,Jul,2,5,3,2,Returning_Visitor,False,False
1,24.04,2,47.0,54,1994.5,0.0,0.02,5.38,0.29,May,2,2,1,4,Returning_Visitor,False,False
1,14.5,0,0.5,24,836.58,0.0,0.02,0.0,0.0,Nov,2,10,3,2,New_Visitor,False,False
1,24.04,0,0.0,6,239.67,0.03,0.06,0.82,0.01,June,2,2,3,3,Returning_Visitor,False,False
10,509.67,0,0.0,54,2191.33,0.0,0.01,0.82,0.0,Mar,1,1,1,2,Returning_Visitor,True,True
1,24.04,0,0.5,6,239.67,0.0,0.02,0.82,0.0,Mar,2,10,3,2,New_Visitor,False,False
1,4.0,0,0.5,6,239.67,0.0,0.02,0.82,0.01,June,1,1,1,4,New_Visitor,False,False
0,0.0,0,0.0,41,1544.75,0.01,0.03,0.0,0.0,Dec,1,1,3,1,Returning_Visitor,False,False
0,2.64,0,0.0,1,0.0,0.2,0.2,0.0,0.76,May,3,1,7,3,Returning_Visitor,False,False
1,24.04,1,50.54,39,841.78,0.0,0.02,0.82,0.31,June,1,2,1,1,Returning_Visitor,False,False
0,0.0,0,0.5,6,239.67,0.0,0.02,0.0,0.76,May,1,1,1,4,New_Visitor,False,False
1,24.04,0,0.5,23,819.17,0.0,0.02,24.74,0.76,May,1,1,1,4,New_Visitor,False,True
0,0.0,0,0.5,54,1966.09,0.0,0.01,0.0,0.31,May,2,2,3,2,Returning_Visitor,False,True
1,24.04,0,0.5,23,671.67,0.0,0.02,0.0,0.0,May,2,4,3,3,Returning_Visitor,False,False
4,144.08,0,0.0,54,2191.33,0.0,0.02,7.14,0.0,Nov,2,2,1,2,Returning_Visitor,True,True
1,24.04,0,0.5,28,549.08,0.0,0.02,5.38,0.0,Nov,1,1,1,2,Returning_Visitor,False,True
1,7.0,0,0.0,28,906.57,0.0,0.01,1.38,0.0,Mar,1,1,1,2,New_Visitor,False,False
1,24.04,0,0.5,6,239.67,0.01,0.03,0.82,0.0,Mar,2,10,3,2,New_Visitor,False,False
9,202.0,0,0.5,114,2997.0,0.0,0.02,5.38,0.01,May,2,2,2,4,New_Visitor,False,True
1,19.0,0,0.5,23,605.67,0.0,0.03,0.82,0.01,June,2,4,3,4,Returning_Visitor,True,False
0,0.0,0,0.0,11,399.67,0.03,0.07,5.38,0.31,May,1,1,1,2,Returning_Visitor,False,False
0,0.0,0,0.5,6,239.67,0.0,0.02,0.0,0.0,Nov,2,2,7,2,Returning_Visitor,True,False
4,144.08,3,170.58,6,124.96,0.0,0.02,5.38,0.0,Nov,1,5,3,9,Returning_Visitor,True,False
0,2.64,0,0.0,5,239.67,0.01,0.04,5.38,0.76,May,2,2,5,3,Returning_Visitor,False,False
1,24.04,0,0.5,6,239.67,0.0,0.02,0.82,0.76,June,2,4,3,2,New_Visitor,True,False
1,24.04,2,3.0,34,1155.81,0.0,0.01,17.79,0.0,Nov,1,1,5,1,Returning_Visitor,False,False
0,0.0,0,0.0,23,810.5,0.0,0.02,0.0,0.29,May,1,1,4,3,Returning_Visitor,False,False
1,24.04,0,0.0,6,239.67,0.0,0.01,111.26,0.76,May,2,5,3,4,Returning_Visitor,True,True
4,133.58,2,64.0,67,2701.96,0.01,0.04,6.09,0.01,May,3,2,2,3,Returning_Visitor,False,True
0,2.64,0,0.0,3,239.67,0.0,0.07,5.38,0.29,May,1,8,6,11,Returning_Visitor,False,False
3,42.0,2,116.22,54,2191.33,0.0,0.01,0.0,0.0,Mar,1,1,8,1,Returning_Visitor,False,False
6,202.0,3,127.89,83,2889.25,0.0,0.02,5.38,0.0,Nov,1,1,1,1,Returning_Visitor,False,True
0,2.64,0,0.0,6,141.5,0.08,0.11,0.0,0.31,May,2,5,3,6,Returning_Visitor,False,False
4,72.04,3,206.6,54,2191.33,0.01,0.02,5.38,0.0,Nov,2,2,2,10,Returning_Visitor,False,True
0,2.64,0,0.0,6,132.5,0.18,0.19,0.0,0.0,Nov,2,2,3,13,Returning_Visitor,False,False
0,2.64,0,0.0,1,239.67,0.04,0.09,0.82,0.0,Mar,2,5,3,1,Returning_Visitor,False,False
1,24.04,0,0.0,6,239.67,0.0,0.02,1.38,0.0,Mar,2,10,3,1,Returning_Visitor,False,False
0,0.0,0,0.5,1,0.0,0.11,0.15,0.0,0.6,May,1,1,2,3,Returning_Visitor,False,False
1,24.04,0,0.5,0,239.67,0.03,0.07,0.0,0.0,Oct,2,2,1,2,New_Visitor,False,False
1,24.04,1,50.54,6,239.67,0.0,0.02,0.82,0.0,Mar,3,2,3,1,Returning_Visitor,False,False
4,79.6,0,0.5,28,1011.02,0.01,0.04,0.82,0.31,June,2,10,3,1,Returning_Visitor,False,True
1,24.04,0,0.0,6,239.67,0.02,0.04,5.38,0.0,Nov,3,2,1,1,Returning_Visitor,False,False
1,24.04,0,0.5,6,10.0,0.0,0.02,0.82,0.0,Mar,1,1,1,8,Returning_Visitor,False,True
6,202.0,0,0.0,6,239.67,0.01,0.05,0.82,0.0,Jul,1,1,1,13,Returning_Visitor,False,False
0,0.0,0,0.0,6,239.67,0.0,0.02,0.0,0.0,Nov,1,1,1,2,New_Visitor,False,False
0,2.64,0,0.5,6,161.5,0.0,0.02,0.0,0.76,May,3,2,4,3,Returning_Visitor,True,False
4,134.61,0,0.0,150,6793.38,0.0,0.02,2.38,0.0,Nov,3,2,3,1,Returning_Visitor,False,True
1,24.04,0,0.0,6,239.67,0.0,0.02,0.0,0.0,Nov,1,1,3,2,New_Visitor,True,False
4,110.0,1,50.54,54,2191.33,0.0,0.02,5.38,0.0,Nov,2,2,1,1,Returning_Visitor,False,False
0,2.64,0,0.5,11,239.67,0.0,0.02,0.82,0.01,June,3,2,1,4,New_Visitor,False,False
2,28.0,3,135.22,378,12003.32,0.0,0.02,0.0,0.0,Nov,2,2,1,2,Returning_Visitor,False,False
7,202.0,0,0.0,5,239.67,0.0,0.02,1.96,0.0,Dec,2,1,3,9,Returning_Visitor,False,False
5,50.67,0,0.0,85,3731.08,0.0,0.02,0.82,0.01,June,2,4,3,4,Returning_Visitor,True,False
0,2.64,0,0.5,6,239.67,0.02,0.06,0.82,0.0,Mar,2,10,3,8,Returning_Visitor,False,False
0,0.0,0,0.0,66,6100.53,0.01,0.05,0.0,0.01,May,2,4,3,4,Returning_Visitor,True,False
0,2.64,0,0.5,6,54.5,0.1,0.12,0.0,0.0,May,2,10,3,3,Returning_Visitor,False,False
1,24.04,0,0.5,6,239.67,0.0,0.04,0.0,0.76,May,2,2,3,3,Returning_Visitor,False,False
0,0.0,0,0.5,6,239.67,0.0,0.02,0.0,0.0,Nov,2,4,4,2,New_Visitor,True,False
6,202.0,2,116.22,14,595.6,0.02,0.04,18.72,0.0,Dec,1,1,8,1,Returning_Visitor,False,False
1,24.04,0,0.5,24,883.55,0.01,0.04,0.0,0.0,Nov,2,2,1,2,New_Visitor,False,False
1,24.04,0,0.5,3,239.67,0.2,0.2,5.38,0.0,Nov,1,1,3,1,Returning_Visitor,False,False
0,0.0,0,0.5,6,0.0,0.2,0.2,1.38,0.0,Mar,2,4,3,2,New_Visitor,False,False
0,2.64,2,3.0,50,1904.18,0.02,0.05,5.38,0.0,Nov,2,2,3,1,Returning_Visitor,False,False
5,154.08,1,50.54,4,24.5,0.02,0.05,0.82,0.29,June,2,2,1,3,Returning_Visitor,False,False
0,2.64,0,0.0,6,239.67,0.0,0.02,5.38,0.76,May,1,1,1,4,New_Visitor,True,False
0,2.64,0,0.0,6,0.0,0.2,0.2,1.38,0.76,Feb,1,1,3,4,New_Visitor,False,False
4,104.5,4,261.83,6,214.69,0.03,0.06,0.82,0.76,June,3,2,1,1,Returning_Visitor,False,False
2,63.0,0,0.5,6,43.75,0.0,0.02,0.0,0.0,Nov,2,2,3,2,Returning_Visitor,False,False
1,24.04,0,0.5,1,239.67,0.04,0.09,0.0,0.0,Dec,1,1,1,2,Returning_Visitor,True,False
9,76.54,1,50.54,6,64.21,0.0,0.02,5.38,0.0,Nov,3,2,3,10,Returning_Visitor,False,False
4,134.61,0,0.5,61,3374.92,0.0,0.02,5.38,0.76,May,2,4,2,4,New_Visitor,False,False
0,0.0,0,0.5,6,25.5,0.0,0.02,0.0,0.29,May,1,1,4,3,Returning_Visitor,False,False
4,134.61,0,0.5,104,4218.92,0.0,0.02,0.82,0.0,Mar,2,4,1,2,Returning_Visitor,True,False
2,35.0,0,0.5,16,757.39,0.0,0.02,0.82,0.0,Mar,2,2,1,2,New_Visitor,False,False
3,129.24,0,0.5,28,1003.38,0.07,0.09,0.0,0.0,Nov,1,1,1,3,Returning_Visitor,False,False
8,202.0,0,0.0,30,1155.81,0.0,0.02,5.38,0.0,Oct,1,1,9,2,Returning_Visitor,False,False
1,24.04,0,0.5,3,239.67,0.0,0.02,0.82,0.0,Mar,2,10,3,2,New_Visitor,False,False
1,24.04,0,0.5,6,239.67,0.0,0.02,5.38,0.29,May,2,2,1,3,Returning_Visitor,False,False
4,144.08,0,0.5,54,2191.33,0.01,0.03,5.38,0.0,May,1,1,2,4,New_Visitor,False,False
4,134.61,0,0.5,109,4597.58,0.0,0.02,0.82,0.0,Mar,2,2,3,2,Returning_Visitor,False,False
0,0.0,0,0.0,6,239.67,0.01,0.04,5.38,0.0,Nov,2,10,3,2,Returning_Visitor,True,False
1,24.04,0,0.5,23,631.07,0.01,0.03,0.82,0.31,June,2,10,3,2,Returning_Visitor,False,False
0,2.64,0,0.5,28,1155.81,0.0,0.02,0.0,0.76,May,2,4,3,4,New_Visitor,False,False
5,154.08,0,0.5,54,2191.33,0.0,0.02,0.0,0.0,Aug,2,2,3,4,Returning_Visitor,False,False
1,24.04,0,0.5,6,239.67,0.0,0.02,5.38,0.0,Nov,1,1,1,3,Returning_Visitor,False,False
4,77.5,0,0.0,6,239.67,0.0,0.01,0.82,0.76,June,2,4,3,2,New_Visitor,False,False
0,2.64,0,0.5,6,239.67,0.01,0.05,0.0,0.31,May,1,1,4,5,Returning_Visitor,False,False
4,76.0,0,0.5,6,239.67,0.0,0.02,0.0,0.31,May,2,10,3,2,Returning_Visitor,False,False
1,24.04,0,0.5,28,1007.9,0.0,0.01,0.0,0.0,May,1,5,3,3,Returning_Visitor,False,False
1,24.04,0,0.5,16,757.39,0.0,0.02,5.38,0.0,Oct,2,10,3,2,Returning_Visitor,True,False
0,2.64,1,50.54,54,2259.05,0.01,0.03,5.38,0.0,Nov,1,1,8,1,Returning_Visitor,False,False
1,24.04,0,0.5,2,63.5,0.04,0.1,0.0,0.0,Nov,1,1,1,3,Returning_Visitor,False,False
6,202.0,3,127.89,111,3195.76,0.0,0.02,5.38,0.0,Nov,2,2,1,2,New_Visitor,False,True
6,202.0,0,0.0,2,0.0,0.2,0.2,5.38,0.0,Nov,3,5,3,13,Returning_Visitor,True,False
1,24.04,2,13.83,6,239.67,0.0,0.02,1.96,0.0,Dec,3,2,3,1,Returning_Visitor,False,False
0,0.0,0,0.5,3,12.0,0.03,0.07,0.82,0.01,June,2,4,3,3,Returning_Visitor,False,False
1,24.04,0,0.0,2,24.5,0.04,0.1,0.0,0.0,May,2,2,9,11,Other,False,False
1,24.04,1,50.54,6,239.67,0.0,0.0,5.38,0.31,May,2,2,1,2,New_Visitor,False,False
0,0.0,0,0.0,56,2191.33,0.0,0.02,0.82,0.29,June,2,2,3,8,Returning_Visitor,False,True
1,24.04,0,0.0,6,239.67,0.0,0.02,0.0,0.76,May,2,4,3,3,Returning_Visitor,False,False
2,89.33,0,0.5,22,502.51,0.0,0.02,1.96,0.0,Sep,3,2,1,4,New_Visitor,True,False
2,47.2,0,0.0,2,12.0,0.0,0.02,0.0,0.31,May,2,5,1,2,Returning_Visitor,False,False
15,587.46,2,171.5,54,2191.33,0.0,0.01,37.42,0.0,Mar,3,2,3,2,New_Visitor,True,False
1,49.4,0,0.0,6,239.67,0.0,0.02,5.38,0.0,Oct,2,10,3,2,New_Visitor,False,False
0,0.0,0,0.0,6,239.67,0.0,0.02,53.99,0.76,May,1,7,7,11,Returning_Visitor,False,True
0,2.64,0,0.0,26,836.58,0.0,0.02,5.38,0.76,May,2,4,2,4,New_Visitor,True,False
1,24.04,2,123.55,6,239.67,0.0,0.02,5.38,0.0,Nov,4,2,1,2,Returning_Visitor,False,False
1,24.04,0,0.5,6,239.67,0.0,0.02,1.38,0.0,Mar,3,2,1,1,Returning_Visitor,True,False
0,2.64,0,0.0,6,239.67,0.2,0.2,5.38,0.31,May,2,2,3,13,Returning_Visitor,False,False
1,24.04,0,0.5,32,1155.81,0.04,0.09,7.64,0.76,May,2,2,1,3,Returning_Visitor,False,False
6,122.25,1,33.5,73,2719.65,0.0,0.02,1.96,0.0,Dec,1,2,1,1,Returning_Visitor,False,False
5,154.08,0,0.5,70,939.78,0.0,0.0,0.82,0.0,Mar,3,4,1,2,New_Visitor,True,True
0,0.0,0,0.0,3,239.67,0.0,0.02,0.82,0.01,June,2,4,3,4,New_Visitor,False,False
0,2.64,1,50.54,6,44.0,0.0,0.02,0.0,0.31,May,1,1,8,1,Returning_Visitor,False,False
1,24.04,0,0.5,6,239.67,0.0,0.05,0.82,0.0,Mar,3,2,1,2,Returning_Visitor,True,False
0,0.0,0,0.5,37,1155.81,0.0,0.02,0.0,0.0,Oct,2,5,3,2,New_Visitor,False,False
8,202.0,0,0.5,49,3346.97,0.0,0.01,12.57,0.0,Nov,1,1,1,2,Returning_Visitor,False,False
2,28.53,0,0.0,54,2006.69,0.0,0.02,5.38,0.01,Aug,2,5,3,3,Returning_Visitor,False,False
0,2.64,0,0.0,6,239.67,0.0,0.02,1.96,0.0,Dec,1,1,4,1,Returning_Visitor,False,False
1,24.04,0,0.0,43,1351.12,0.0,0.02,0.82,0.2,June,1,1,1,4,Returning_Visitor,False,False
1,24.04,0,0.5,6,156.0,0.0,0.02,0.0,0.0,Mar,2,4,3,1,Returning_Visitor,False,False
4,77.83,0,0.5,6,239.67,0.0,0.02,0.0,0.0,Nov,3,2,1,1,Returning_Visitor,True,False
6,182.51,1,50.54,67,2199.98,0.0,0.02,0.0,0.0,Nov,1,1,1,2,Returning_Visitor,True,False
1,21.2,0,0.5,7,239.67,0.0,0.02,0.82,0.0,Mar,1,1,1,1,Returning_Visitor,False,False
0,0.0,0,0.0,6,239.67,0.03,0.06,1.38,0.0,Mar,3,2,8,1,Returning_Visitor,False,False
1,24.04,0,0.5,7,110.75,0.0,0.02,5.38,0.76,May,3,2,1,3,Returning_Visitor,False,False
0,0.0,0,0.0,6,239.67,0.0,0.01,0.0,0.0,Nov,1,1,1,2,Returning_Visitor,False,False
1,24.04,1,50.54,6,239.67,0.0,0.02,0.88,0.01,Feb,2,10,3,3,Returning_Visitor,False,False
0,0.0,0,0.0,30,2759.83,0.02,0.06,5.38,0.0,May,2,10,3,4,New_Visitor,False,False
9,202.0,1,50.54,54,1988.66,0.01,0.02,0.0,0.31,May,1,1,1,2,Returning_Visitor,True,False
6,202.0,0,0.5,6,239.67,0.01,0.04,5.38,0.8,May,3,2,2,3,Returning_Visitor,False,True
0,2.64,0,0.5,2,239.67,0.0,0.02,65.87,0.29,May,3,2,6,20,Returning_Visitor,False,False
2,154.6,2,69.6,6,239.67,0.0,0.02,0.82,0.76,June,3,2,4,2,New_Visitor,True,False
0,2.64,0,0.5,6,239.67,0.0,0.1,0.0,0.76,May,2,2,3,3,Returning_Visitor,False,False
1,24.04,0,0.0,6,239.67,0.01,0.03,0.82,0.01,June,2,4,3,3,Returning_Visitor,False,False
6,109.2,0,0.5,54,2191.33,0.01,0.01,0.0,0.0,Oct,1,1,1,3,Returning_Visitor,False,False
0,0.0,1,50.54,6,239.67,0.01,0.04,0.0,0.0,May,2,10,3,4,Returning_Visitor,False,False
4,144.08,0,0.5,59,2191.33,0.0,0.02,5.38,0.8,May,1,5,3,3,Returning_Visitor,False,False
1,24.04,0,0.5,6,239.67,0.0,0.02,5.38,0.0,Nov,2,4,2,2,New_Visitor,False,False
6,202.0,0,0.5,16,757.39,0.0,0.02,5.38,0.2,May,1,8,1,11,Returning_Visitor,False,False
9,342.75,0,0.5,54,2191.33,0.0,0.02,0.0,0.31,May,2,2,7,2,Returning_Visitor,False,False
1,11.5,2,94.0,54,2191.33,0.02,0.05,0.82,0.76,June,3,2,1,1,Returning_Visitor,False,False
1,24.04,0,0.0,32,1427.68,0.0,0.02,5.38,0.29,May,2,4,3,4,Returning_Visitor,False,True
1,24.04,0,0.5,6,239.67,0.2,0.2,0.82,0.01,June,2,4,3,4,New_Visitor,False,False
1,24.04,0,0.0,6,239.67,0.0,0.02,5.38,0.76,May,2,2,1,4,Returning_Visitor,False,False
0,0.0,0,0.0,6,239.67,0.0,0.02,0.82,0.29,June,1,1,4,3,Returning_Visitor,False,False
0,0.0,0,0.0,6,42.0,0.04,0.09,5.38,0.0,May,1,1,2,13,Returning_Visitor,False,False
0,0.0,0,0.0,179,5996.02,0.01,0.04,5.38,0.76,May,1,1,8,4,New_Visitor,False,False
0,2.64,0,0.0,1,239.67,0.2,0.2,5.38,0.0,May,2,3,1,1,Returning_Visitor,False,False
0,0.0,0,0.0,6,239.67,0.12,0.17,5.38,0.0,Nov,2,4,1,2,New_Visitor,False,False
8,292.2,0,0.0,54,2191.33,0.0,0.02,5.38,0.0,Oct,1,5,3,9,Returning_Visitor,True,True
0,2.64,0,0.0,6,0.0,0.2,0.2,5.38,0.76,May,2,2,6,3,Returning_Visitor,False,False
0,2.64,0,0.5,6,239.67,0.0,0.02,0.0,0.31,May,1,1,1,1,Returning_Visitor,False,False
2,25.2,0,0.5,6,239.67,0.01,0.04,0.0,0.76,May,2,4,4,3,Returning_Visitor,False,False
1,10.5,0,0.5,6,239.67,0.01,0.02,0.82,0.0,Mar,2,5,3,2,Returning_Visitor,False,False
9,1047.34,0,0.5,6,239.67,0.02,0.05,61.53,0.0,May,1,8,1,17,Returning_Visitor,True,False
1,24.04,0,0.5,35,1155.81,0.01,0.04,0.82,0.0,Mar,1,1,4,4,Returning_Visitor,True,False
4,76.17,0,0.5,6,182.17,0.0,0.02,5.38,0.76,May,2,4,1,4,Returning_Visitor,False,False
15,477.62,12,689.83,83,2964.59,0.0,0.02,3.36,0.31,Sep,1,1,1,1,Returning_Visitor,False,True
6,221.5,4,258.72,54,2191.33,0.0,0.02,0.82,0.76,June,2,2,1,2,Returning_Visitor,True,False
6,227.23,0,0.0,44,1351.12,0.0,0.02,0.82,0.0,Mar,2,5,3,8,Returning_Visitor,False,False
0,0.0,0,0.0,13,595.6,0.09,0.1,0.0,0.8,May,2,2,3,3,Returning_Visitor,False,False
1,24.04,0,0.0,6,239.67,0.0,0.02,0.82,0.01,June,1,1,1,4,New_Visitor,False,False
1,24.04,0,0.5,6,0.0,0.11,0.15,5.38,0.0,Nov,1,1,4,8,New_Visitor,True,False
3,15.0,1,50.54,54,2191.33,0.02,0.04,0.0,0.0,Mar,2,4,1,2,Returning_Visitor,False,False
1,24.04,0,0.0,5,239.67,0.0,0.02,0.0,0.0,Nov,2,2,5,1,Returning_Visitor,False,False
0,0.0,0,0.5,6,239.67,0.01,0.03,0.82,0.0,Mar,2,10,3,6,Returning_Visitor,False,False
0,0.0,0,0.0,17,182.0,0.01,0.04,0.0,0.29,May,2,4,1,3,Returning_Visitor,False,False
2,57.25,0,0.0,28,921.6,0.01,0.03,55.47,0.0,Nov,3,2,1,2,New_Visitor,False,True
1,24.04,0,0.5,6,239.67,0.0,0.0,5.38,0.29,May,2,4,7,4,New_Visitor,True,True
6,202.0,0,0.5,30,1155.81,0.0,0.01,0.0,0.31,May,2,5,3,13,Returning_Visitor,False,False
0,0.0,0,0.5,7,239.67,0.03,0.09,0.0,0.76,May,1,1,1,3,Returning_Visitor,False,False
0,0.0,0,0.5,6,239.67,0.04,0.09,0.82,0.0,Jul,1,1,5,4,Returning_Visitor,True,False
1,24.04,0,0.5,6,239.67,0.0,0.01,5.38,0.29,Aug,3,2,1,4,Returning_Visitor,False,False
1,24.04,0,0.5,6,239.67,0.0,0.02,38.27,0.29,May,2,2,7,3,Returning_Visitor,False,True
5,79.0,1,50.54,54,1603.33,0.01,0.02,5.38,0.4,May,2,2,6,1,Returning_Visitor,False,False
1,24.04,0,0.5,6,228.5,0.0,0.02,0.82,0.31,June,3,2,1,1,Returning_Visitor,False,False
0,0.0,0,0.0,11,145.0,0.02,0.04,5.38,0.31,May,1,1,1,10,Returning_Visitor,False,False
1,24.04,0,0.0,6,16.0,0.08,0.13,5.38,0.76,May,2,2,7,3,Returning_Visitor,False,False
6,215.25,0,0.5,29,1155.81,0.0,0.01,5.38,0.29,May,2,2,1,8,Returning_Visitor,True,True
1,17.0,0,0.0,17,1340.58,0.05,0.09,0.0,0.76,May,3,2,1,3,Returning_Visitor,False,True
1,3.0,0,0.5,6,239.67,0.0,0.02,1.38,0.0,Mar,2,10,3,2,New_Visitor,False,False
1,15.0,0,0.5,108,3195.76,0.0,0.02,24.8,0.01,May,2,2,1,4,Returning_Visitor,True,True
1,24.04,0,0.0,6,157.5,0.0,0.02,5.38,0.0,Nov,1,1,1,2,Returning_Visitor,True,False
2,57.25,0,0.5,6,239.67,0.0,0.02,0.0,0.6,May,2,4,3,4,New_Visitor,False,False
10,455.07,3,135.22,54,2191.33,0.0,0.01,61.53,0.29,May,2,4,1,20,Other,False,False
0,2.64,0,0.5,93,3195.76,0.01,0.02,0.0,0.0,May,2,2,1,4,Returning_Visitor,True,False
0,2.64,0,0.0,1,239.67,0.04,0.09,65.87,0.0,May,1,1,2,17,Returning_Visitor,False,False
1,24.04,0,0.0,49,1457.7,0.01,0.04,4.38,0.4,Aug,1,1,1,2,Returning_Visitor,True,False
6,166.92,2,115.0,219,7952.49,0.0,0.02,0.82,0.31,June,2,2,1,2,Returning_Visitor,True,True
1,24.04,0,0.5,1,0.0,0.2,0.2,0.0,0.0,Mar,1,5,3,1,Returning_Visitor,True,False
1,24.04,0,0.5,6,239.67,0.0,0.02,0.0,0.31,May,1,1,1,2,New_Visitor,True,False
1,24.04,0,0.5,6,239.67,0.0,0.02,0.82,0.0,Mar,1,1,1,2,Returning_Visitor,True,False
0,0.0,0,0.0,23,801.58,0.01,0.04,0.0,0.76,May,1,1,1,4,New_Visitor,True,False
0,2.64,0,0.0,6,239.67,0.0,0.02,0.82,0.01,June,3,2,1,3,Returning_Visitor,False,False
0,2.64,0,0.5,28,1014.38,0.01,0.03,0.0,0.0,Dec,2,2,3,2,Returning_Visitor,True,False
0,0.0,0,0.5,19,836.58,0.0,0.02,0.0,0.31,May,2,5,3,1,Returning_Visitor,False,False
1,24.04,0,0.5,6,239.67,0.0,0.02,5.38,0.31,May,1,1,3,2,Returning_Visitor,False,False
0,0.0,0,0.0,1,239.67,0.04,0.09,0.0,0.0,Dec,2,2,1,2,New_Visitor,False,False
15,937.17,3,127.89,109,3195.76,0.0,0.02,2.53,0.0,Mar,2,2,3,9,Returning_Visitor,False,False
0,0.0,0,0.0,28,902.65,0.0,0.02,5.38,0.0,Nov,2,2,1,2,New_Visitor,False,False
6,202.0,1,35.5,87,3313.46,0.01,0.03,5.38,0.01,May,2,2,1,4,Returning_Visitor,True,False
4,504.3,3,261.65,3,239.67,0.05,0.09,5.38,0.0,Nov,2,12,3,2,New_Visitor,False,False
6,182.51,3,272.2,47,2101.69,0.01,0.02,0.82,0.76,June,2,3,8,2,New_Visitor,False,False
0,0.0,0,0.5,6,239.67,0.01,0.02,0.0,0.0,Oct,2,4,1,2,Returning_Visitor,True,False
1,24.04,0,0.0,6,239.67,0.0,0.02,0.0,0.76,Feb,2,4,4,3,Returning_Visitor,False,False
1,24.04,0,0.0,41,1567.97,0.0,0.02,0.82,0.01,June,2,3,1,4,Returning_Visitor,True,False
0,0.0,0,0.5,6,239.67,0.0,0.03,5.38,0.0,Nov,2,4,3,2,New_Visitor,False,False
0,2.64,0,0.5,6,239.67,0.0,0.02,0.82,0.0,Mar,2,2,1,1,Returning_Visitor,False,False
0,0.0,0,0.5,21,580.08,0.01,0.04,5.38,0.29,May,1,5,7,11,Returning_Visitor,False,False
2,57.25,0,0.0,6,239.67,0.0,0.02,14.03,0.76,May,1,1,8,4,New_Visitor,False,True
0,0.0,0,0.0,7,239.67,0.0,0.01,0.82,0.76,June,1,1,8,2,New_Visitor,False,False
1,24.04,0,0.5,57,2163.96,0.04,0.09,0.82,0.0,Jul,2,2,6,3,Returning_Visitor,False,False
0,0.0,0,0.0,6,239.67,0.0,0.02,0.0,0.31,May,1,1,9,1,Returning_Visitor,False,False
0,0.0,0,0.0,6,239.67,0.02,0.05,0.82,0.0,Jul,2,2,6,9,Returning_Visitor,False,False
1,24.04,0,0.5,6,239.67,0.0,0.02,0.0,0.76,May,2,2,4,4,Returning_Visitor,True,False
1,24.04,0,0.5,6,0.0,0.11,0.15,0.0,0.0,Nov,2,2,4,3,Returning_Visitor,False,False
5,192.15,0,0.0,54,2191.33,0.02,0.04,61.53,0.29,May,1,1,2,20,Returning_Visitor,False,False
0,0.0,0,0.0,1,239.67,0.2,0.2,5.38,0.0,Nov,1,1,4,2,Returning_Visitor,False,False
0,0.0,0,0.5,6,239.67,0.2,0.2,0.0,0.76,May,2,2,1,4,New_Visitor,False,False
0,0.0,0,0.0,6,239.67,0.0,0.02,239.98,0.0,May,2,2,5,3,Returning_Visitor,False,True
0,2.64,0,0.5,23,642.0,0.0,0.02,4.75,0.0,Dec,1,11,3,16,New_Visitor,False,True
1,24.04,0,0.0,6,239.67,0.0,0.02,20.28,0.0,Sep,2,5,3,2,Returning_Visitor,False,True
0,0.0,0,0.5,27,799.38,0.0,0.02,0.82,0.31,June,3,2,1,1,Returning_Visitor,True,False
0,2.64,0,0.5,6,239.67,0.0,0.02,26.85,0.0,Oct,2,2,7,9,Returning_Visitor,False,True
4,118.8,0,0.5,54,2191.33,0.0,0.02,0.82,0.01,June,1,1,1,4,New_Visitor,False,False
3,51.02,0,0.5,133,3068.92,0.0,0.01,0.82,0.0,Mar,2,2,1,2,New_Visitor,False,False
0,2.64,0,0.5,6,239.67,0.0,0.02,0.0,0.0,Nov,2,10,3,1,Returning_Visitor,False,False
1,24.04,0,0.5,41,1524.96,0.0,0.02,5.38,0.0,Nov,2,4,1,2,New_Visitor,False,True
1,24.04,0,0.5,28,938.58,0.0,0.02,5.38,0.76,May,2,4,6,4,Returning_Visitor,True,False
4,149.5,0,0.0,6,239.67,0.0,0.02,0.82,0.0,Mar,1,1,1,2,New_Visitor,False,True
6,202.0,3,129.0,109,4516.59,0.0,0.02,8.05,0.76,May,2,2,1,4,New_Visitor,False,False
1,24.04,0,0.5,6,239.67,0.0,0.02,1.38,0.0,Mar,2,2,1,2,Returning_Visitor,False,False
10,726.37,1,50.54,80,2938.01,0.0,0.02,5.38,0.0,May,3,2,3,3,Returning_Visitor,False,True
7,202.0,2,123.55,54,2170.29,0.0,0.02,5.38,0.0,Nov,1,1,1,10,Returning_Visitor,True,True
0,2.64,0,0.0,12,442.89,0.0,0.08,5.38,0.0,May,2,5,3,4,Returning_Visitor,False,False
0,0.0,0,0.5,6,239.67,0.0,0.02,0.82,0.31,June,1,1,1,2,Returning_Visitor,True,False
1,24.04,0,0.5,6,239.67,0.0,0.01,0.82,0.0,Mar,1,1,4,4,Returning_Visitor,True,False
2,57.25,0,0.0,6,239.67,0.01,0.03,5.38,0.76,May,2,12,4,11,Returning_Visitor,True,False
1,18.0,2,16.0,33,1155.81,0.0,0.02,5.38,0.0,Nov,1,1,1,4,Returning_Visitor,False,False
3,129.24,1,50.54,54,2191.33,0.0,0.01,0.82,0.0,Mar,2,4,1,2,New_Visitor,False,False
1,26.5,0,0.0,6,239.67,0.07,0.12,0.82,0.31,June,3,2,8,2,Returning_Visitor,True,True
6,202.0,2,40.0,12,442.89,0.03,0.06,29.87,0.31,May,2,13,7,13,Returning_Visitor,False,False
1,24.04,1,50.54,6,239.67,0.0,0.02,4.75,0.0,Dec,1,8,1,19,Returning_Visitor,True,True
4,91.0,0,0.0,54,2191.33,0.0,0.01,0.0,0.0,Nov,2,4,3,2,New_Visitor,False,False
2,57.25,0,0.0,2,239.67,0.0,0.02,0.82,0.76,June,2,4,3,2,New_Visitor,False,True
1,24.04,0,0.0,2,239.67,0.0,0.02,0.82,0.01,June,2,4,3,4,New_Visitor,False,False
0,0.0,0,0.5,6,239.67,0.0,0.01,0.0,0.76,May,2,2,3,3,Returning_Visitor,False,False
1,24.04,0,0.0,6,267.25,0.0,0.02,0.0,0.0,Dec,2,5,3,2,New_Visitor,True,False
1,24.04,0,0.5,6,239.67,0.0,0.02,0.0,0.29,May,2,4,3,3,Returning_Visitor,False,False
1,24.04,0,0.0,6,239.67,0.0,0.02,5.38,0.0,Nov,2,2,3,1,Returning_Visitor,False,False
0,2.64,0,0.0,6,239.67,0.0,0.02,5.38,0.01,Aug,3,2,1,4,Returning_Visitor,True,False
0,0.0,2,9.0,41,1512.75,0.0,0.03,0.0,0.0,Nov,2,5,3,2,Returning_Visitor,False,True
0,2.64,0,0.5,14,595.6,0.0,0.02,1.38,0.0,Mar,1,1,1,1,Returning_Visitor,False,False
6,202.0,2,116.22,54,2191.33,0.0,0.01,0.82,0.0,Mar,4,5,3,1,Returning_Visitor,False,False
1,24.04,0,0.5,103,3195.76,0.0,0.02,0.0,0.01,May,2,4,1,4,Returning_Visitor,False,False
1,24.04,1,50.54,6,239.67,0.0,0.02,5.38,0.76,May,2,2,6,3,Returning_Visitor,False,False
1,24.04,0,0.5,1,239.67,0.2,0.2,1.96,0.0,Dec,3,2,1,2,New_Visitor,False,False
1,24.04,0,0.5,19,555.5,0.0,0.02,47.99,0.0,Nov,2,2,3,2,Returning_Visitor,False,True
5,107.67,10,623.41,142,5142.86,0.01,0.03,1.96,0.0,Dec,2,2,1,2,Returning_Visitor,True,False
1,24.04,3,135.22,40,1358.87,0.0,0.02,1.96,0.0,Dec,2,4,3,2,Returning_Visitor,False,False
1,24.04,0,0.5,6,239.67,0.0,0.04,0.0,0.0,Nov,2,5,3,2,New_Visitor,False,False
7,286.93,0,0.0,54,2191.33,0.0,0.02,0.0,0.0,Dec,2,12,3,9,Returning_Visitor,False,False
0,2.64,0,0.5,8,239.67,0.0,0.02,1.96,0.0,Dec,2,2,3,9,Returning_Visitor,False,False
0,0.0,0,0.5,6,239.67,0.01,0.03,0.0,0.76,May,2,4,2,4,New_Visitor,False,False
1,24.04,0,0.0,2,239.67,0.0,0.02,5.38,0.31,Aug,1,1,1,5,New_Visitor,False,True
1,24.04,0,0.0,45,1706.71,0.0,0.02,0.0,0.01,May,2,2,1,4,New_Visitor,False,False
6,243.0,1,50.54,41,1654.72,0.0,0.02,5.38,0.01,May,4,2,1,4,Returning_Visitor,False,False
0,0.0,0,0.0,6,0.0,0.2,0.2,0.0,0.0,Dec,2,5,3,1,Returning_Visitor,False,False
0,0.0,0,0.5,6,0.0,0.2,0.2,0.82,0.0,June,2,10,3,3,Returning_Visitor,False,False
1,10.0,3,127.89,28,944.3,0.0,0.02,5.38,0.76,May,2,2,3,3,Returning_Visitor,False,False
0,2.64,0,0.5,2,239.67,0.0,0.02,0.0,0.0,Mar,2,4,2,2,New_Visitor,False,False
6,202.0,0,0.5,34,1289.25,0.0,0.02,11.83,0.8,May,1,1,4,4,Returning_Visitor,True,True
1,24.04,0,0.0,7,205.5,0.03,0.04,0.0,0.0,Nov,2,10,3,2,New_Visitor,False,False
0,2.64,0,0.5,6,239.67,0.03,0.06,5.38,0.0,Nov,1,1,1,1,Returning_Visitor,False,False
1,24.04,0,0.5,6,239.67,0.01,0.03,0.0,0.0,Dec,2,4,1,2,New_Visitor,False,False
0,0.0,0,0.0,6,234.1,0.0,0.02,1.96,0.0,Dec,3,2,1,2,New_Visitor,False,False
2,28.5,0,0.5,41,1608.21,0.0,0.02,0.0,0.0,Nov,1,1,1,2,Returning_Visitor,True,False
6,253.1,0,0.0,54,2191.33,0.0,0.02,48.66,0.0,Dec,2,1,7,10,Returning_Visitor,True,True
1,24.04,0,0.5,6,62.0,0.03,0.07,0.0,0.0,Mar,2,5,3,1,Returning_Visitor,False,False
0,2.64,1,50.54,6,0.0,0.08,0.12,0.0,0.0,Oct,1,1,8,2,New_Visitor,False,False
1,24.04,0,0.5,9,239.67,0.0,0.02,0.0,0.31,May,2,5,3,2,Returning_Visitor,False,False
1,24.04,0,0.5,23,660.82,0.0,0.02,1.38,0.0,Mar,2,10,3,2,New_Visitor,True,False
6,163.63,1,50.54,54,1979.3,0.0,0.02,5.38,0.0,Nov,1,1,1,2,New_Visitor,False,True
1,24.04,0,0.0,6,239.67,0.0,0.02,0.0,0.0,Mar,2,2,1,1,Returning_Visitor,False,False
1,24.04,0,0.5,6,239.67,0.0,0.02,113.32,0.0,Nov,2,2,9,2,Returning_Visitor,False,True
0,2.64,0,0.5,6,239.67,0.0,0.02,0.0,0.31,May,2,2,2,1,Returning_Visitor,False,False
0,2.64,0,0.5,6,239.67,0.0,0.01,0.0,0.0,Nov,1,1,1,2,New_Visitor,True,False
10,1767.05,5,764.07,24,836.58,0.0,0.01,61.53,0.76,May,8,13,9,20,Returning_Visitor,False,False
1,88.7,0,0.5,34,620.13,0.0,0.02,5.38,0.31,May,3,2,6,13,Returning_Visitor,False,False
1,24.04,0,0.5,6,99.7,0.0,0.02,5.38,0.76,May,2,4,3,3,Returning_Visitor,False,False
0,0.0,0,0.0,6,239.67,0.06,0.11,0.0,0.31,May,1,1,1,1,Returning_Visitor,False,False
0,0.0,0,0.0,6,0.0,0.08,0.12,65.87,0.76,May,1,1,3,20,New_Visitor,False,False
2,23.53,0,0.0,6,239.67,0.01,0.04,0.82,0.0,June,2,10,3,4,New_Visitor,False,False
1,24.04,0,0.0,13,1297.25,0.03,0.06,0.0,0.0,Dec,2,10,3,2,Returning_Visitor,True,False
10,652.28,0,0.0,54,2478.62,0.0,0.0,60.43,0.76,May,2,10,7,14,Returning_Visitor,True,True
3,129.24,1,50.54,54,2191.33,0.0,0.02,0.0,0.01,May,2,2,1,4,New_Visitor,False,False
6,250.08,1,50.54,109,4643.28,0.0,0.02,5.38,0.0,Nov,1,1,1,3,Returning_Visitor,False,True
3,34.83,1,50.54,54,2191.33,0.03,0.06,0.0,0.0,Mar,1,1,2,1,Returning_Visitor,False,False
0,0.0,0,0.0,4,239.67,0.0,0.02,5.38,0.76,May,2,4,3,3,Returning_Visitor,False,False
1,24.04,0,0.0,2,239.67,0.0,0.02,0.82,0.31,June,1,1,1,1,Returning_Visitor,False,False
1,24.04,0,0.5,6,239.67,0.01,0.02,0.82,0.0,Mar,2,2,3,2,Returning_Visitor,True,False
1,24.04,0,0.5,21,371.0,0.0,0.01,0.0,0.76,May,1,1,1,3,Returning_Visitor,False,False
3,129.24,1,50.54,54,2338.57,0.02,0.03,5.38,0.29,May,2,2,4,4,Returning_Visitor,True,True
1,24.04,0,0.5,12,442.89,0.01,0.03,5.38,0.76,May,2,2,5,3,Returning_Visitor,False,False
2,67.0,0,0.5,6,141.2,0.0,0.01,0.0,0.0,Nov,1,1,1,1,Returning_Visitor,False,False
1,24.04,0,0.5,50,1535.64,0.01,0.02,0.82,0.01,June,3,2,1,4,Returning_Visitor,True,False
0,0.0,0,0.0,9,125.27,0.04,0.1,5.38,0.0,Oct,1,1,4,4,Returning_Visitor,True,False
1,24.04,0,0.0,6,239.67,0.01,0.03,0.0,0.76,May,2,4,1,4,Returning_Visitor,True,False
1,24.04,0,0.0,34,1767.4,0.0,0.02,5.38,0.0,Nov,3,2,1,3,Returning_Visitor,False,False
1,24.04,0,0.0,24,836.58,0.0,0.01,0.0,0.0,May,1,1,1,4,New_Visitor,False,False
0,0.0,0,0.0,29,1116.47,0.0,0.02,5.38,0.0,Oct,3,2,1,1,Returning_Visitor,False,False
0,0.0,0,0.5,1,239.67,0.2,0.2,1.96,0.0,Dec,1,1,4,1,Returning_Visitor,False,False
1,24.04,0,0.0,6,239.67,0.0,0.02,5.38,0.0,May,2,10,7,4,New_Visitor,True,True
15,453.53,5,606.75,54,2191.33,0.01,0.02,9.42,0.0,May,1,5,3,3,Returning_Visitor,False,False
3,129.24,1,50.54,20,836.58,0.0,0.01,0.0,0.76,May,1,1,1,4,New_Visitor,False,False
1,24.04,0,0.5,19,421.0,0.0,0.02,0.82,0.01,June,2,5,3,3,Returning_Visitor,False,False
0,2.64,0,0.5,2,0.0,0.2,0.2,0.82,0.01,June,2,4,3,4,Returning_Visitor,True,False
1,24.04,0,0.0,12,442.89,0.0,0.02,0.82,0.0,Mar,2,2,1,10,Returning_Visitor,True,True
1,24.04,0,0.5,54,2111.34,0.0,0.02,0.82,0.0,Mar,1,1,8,2,Returning_Visitor,True,True
0,0.0,0,0.0,23,639.0,0.0,0.02,81.25,0.76,May,1,1,2,4,Returning_Visitor,False,True
0,2.64,0,0.5,6,239.67,0.0,0.02,1.96,0.0,Dec,2,4,3,2,Returning_Visitor,True,False
0,2.64,0,0.5,6,239.67,0.03,0.06,0.0,0.0,Dec,2,10,3,2,New_Visitor,False,False
2,42.75,0,0.5,31,1155.81,0.02,0.06,40.18,0.0,Dec,8,4,6,1,Returning_Visitor,False,False
1,24.04,0,0.0,8,308.7,0.01,0.02,0.0,0.31,Sep,1,1,4,5,New_Visitor,False,False
3,129.24,1,50.54,54,2191.33,0.01,0.03,1.96,0.0,Dec,2,4,3,2,Returning_Visitor,True,False
1,24.04,0,0.0,6,239.67,0.0,0.02,0.82,0.31,June,1,1,1,1,Returning_Visitor,False,False
1,24.04,0,0.5,6,239.67,0.0,0.02,5.38,0.76,May,2,2,3,3,Returning_Visitor,False,False
0,2.64,0,0.0,1,0.0,0.2,0.2,1.38,0.0,Mar,1,1,4,1,Returning_Visitor,False,False
0,0.0,0,0.0,6,135.75,0.02,0.05,0.0,0.0,Dec,2,4,3,2,New_Visitor,False,False
0,0.0,0,0.5,6,239.67,0.0,0.02,0.0,0.31,May,3,2,1,13,Returning_Visitor,False,False
3,19.0,1,50.54,8,344.0,0.0,0.01,0.0,0.29,Feb,2,4,2,3,Returning_Visitor,False,False
0,0.0,0,0.5,6,239.67,0.0,0.02,0.0,0.0,Nov,2,4,1,1,Returning_Visitor,False,False
0,2.64,0,0.0,27,1166.68,0.0,0.02,5.38,0.0,Nov,2,2,7,3,Returning_Visitor,False,False
0,2.64,0,0.0,1,239.67,0.2,0.2,1.96,0.0,Dec,1,5,7,3,New_Visitor,False,False
0,2.64,0,0.5,6,239.67,0.0,0.02,0.0,0.0,Nov,3,2,8,2,Returning_Visitor,True,True
4,144.08,0,0.0,2,239.67,0.0,0.02,1.96,0.0,Dec,2,2,1,2,New_Visitor,True,False
6,182.51,0,0.0,41,1618.53,0.01,0.03,5.38,0.0,Nov,2,5,1,1,Returning_Visitor,False,False
10,497.63,3,369.0,90,7221.0,0.0,0.02,5.38,0.0,Nov,2,13,3,8,Returning_Visitor,False,True
0,0.0,0,0.0,7,39.25,0.03,0.06,0.82,0.01,June,2,4,3,4,New_Visitor,False,False
1,24.04,0,0.5,3,74.5,0.07,0.12,0.0,0.0,Nov,2,2,2,2,New_Visitor,False,False
4,109.0,1,50.54,54,2191.33,0.0,0.02,5.38,0.0,May,2,4,1,4,New_Visitor,False,False
6,202.0,0,0.5,12,442.89,0.05,0.09,5.38,0.31,May,1,1,2,13,Returning_Visitor,False,False
1,24.04,0,0.5,23,422.73,0.01,0.02,0.0,0.76,May,2,2,3,3,Returning_Visitor,False,False
0,0.0,0,0.5,19,454.5,0.0,0.02,0.0,0.31,May,1,1,1,13,Returning_Visitor,False,False
0,0.0,0,0.5,3,57.75,0.0,0.03,0.82,0.0,Mar,1,1,6,2,Returning_Visitor,False,False
1,24.04,0,0.5,6,239.67,0.0,0.02,0.82,0.0,Mar,3,2,1,2,New_Visitor,True,False
1,24.04,0,0.0,6,239.67,0.01,0.01,0.0,0.0,Nov,2,5,7,3,Returning_Visitor,False,False
0,2.64,0,0.5,6,239.67,0.2,0.2,0.82,0.0,Mar,3,2,1,13,Returning_Visitor,False,False
0,2.64,0,0.0,6,239.67,0.0,0.02,0.0,0.0,Nov,2,4,4,2,Returning_Visitor,True,False
10,1145.25,3,91.3,46,1351.12,0.0,0.02,49.0,0.31,Sep,1,5,3,9,Returning_Visitor,False,False
1,24.04,0,0.5,6,239.67,0.01,0.02,4.08,0.31,Aug,4,1,4,1,Returning_Visitor,False,True
0,0.0,0,0.5,6,239.67,0.0,0.02,1.96,0.0,Dec,1,1,1,1,Returning_Visitor,False,False
1,24.04,0,0.5,25,836.58,0.0,0.02,0.0,0.76,May,2,4,3,4,New_Visitor,False,False
0,0.0,0,0.5,6,239.67,0.0,0.02,5.38,0.31,May,1,1,1,9,Returning_Visitor,False,False
1,24.04,0,0.5,6,239.67,0.0,0.01,0.0,0.76,May,2,2,1,4,New_Visitor,False,False
1,24.04,1,50.54,52,1701.27,0.0,0.02,12.13,0.0,Nov,4,1,1,6,Returning_Visitor,False,False
6,182.51,1,50.54,50,1816.43,0.0,0.02,0.82,0.0,Mar,3,2,3,1,Returning_Visitor,False,False
0,2.64,0,0.5,37,698.54,0.0,0.02,0.82,0.01,June,2,4,3,4,New_Visitor,False,False
1,24.04,0,0.5,7,128.0,0.0,0.02,0.0,0.0,Mar,2,2,3,1,Returning_Visitor,False,False
1,24.04,0,0.5,6,239.67,0.0,0.02,0.0,0.76,May,2,4,2,4,New_Visitor,False,False
6,224.0,1,50.54,8,315.25,0.0,0.01,5.38,0.0,Nov,1,1,1,2,New_Visitor,False,False
2,37.0,0,0.5,23,663.5,0.0,0.02,10.83,0.0,Mar,1,1,1,2,New_Visitor,False,True
0,2.64,0,0.5,6,34.0,0.08,0.12,0.0,0.29,May,3,2,4,3,Returning_Visitor,False,False
2,26.5,0,0.5,0,239.67,0.04,0.1,0.0,0.76,May,2,2,1,12,New_Visitor,False,False
1,24.04,0,0.0,52,1701.27,0.01,0.02,5.38,0.0,May,2,10,3,4,Returning_Visitor,True,False
1,24.04,0,0.5,6,98.57,0.04,0.1,65.87,0.76,May,1,8,1,17,Returning_Visitor,True,False
2,57.25,0,0.5,6,239.67,0.0,0.02,1.38,0.0,Mar,1,1,8,2,Returning_Visitor,True,False
0,2.64,0,0.5,6,35.4,0.0,0.02,0.0,0.0,Nov,1,1,1,1,Returning_Visitor,False,False
1,24.04,0,0.5,8,239.67,0.0,0.01,0.0,0.0,Mar,3,4,3,2,New_Visitor,False,False
0,0.0,0,0.5,8,351.75,0.0,0.02,0.0,0.0,May,3,2,3,3,Returning_Visitor,False,False
1,24.04,0,0.5,6,239.67,0.2,0.2,0.0,0.0,Nov,2,10,3,1,Returning_Visitor,False,False
2,27.5,0,0.0,44,1026.45,0.0,0.02,0.82,0.29,June,2,2,1,3,Returning_Visitor,False,False
1,24.04,0,0.5,14,595.6,0.0,0.02,0.82,0.0,Mar,3,2,4,2,New_Visitor,True,True
1,24.04,0,0.5,6,239.67,0.0,0.02,0.82,0.0,Mar,2,10,3,1,Returning_Visitor,False,True
1,24.04,0,0.0,6,239.67,0.0,0.02,0.0,0.0,Dec,2,2,1,2,New_Visitor,True,False
0,0.0,0,0.0,40,1250.68,0.05,0.09,0.82,0.29,June,2,2,3,3,Returning_Visitor,False,False
0,0.0,0,0.5,6,100.0,0.0,0.03,0.0,0.0,Mar,1,1,1,2,Returning_Visitor,True,False
6,202.0,2,116.22,213,9007.88,0.0,0.02,0.0,0.0,Nov,2,2,3,1,Returning_Visitor,False,False
1,24.04,0,0.5,2,18.2,0.0,0.02,0.82,0.0,Jul,1,1,1,2,New_Visitor,True,True
1,24.04,0,0.5,4,239.67,0.0,0.02,0.82,0.01,June,2,2,1,4,Returning_Visitor,True,True
0,2.64,2,91.2,28,1017.78,0.01,0.05,65.87,0.0,Oct,2,4,9,20,Returning_Visitor,True,False
0,2.64,0,0.0,6,0.0,0.2,0.2,65.87,0.0,Nov,1,5,3,1,New_Visitor,False,False
6,178.5,0,0.0,10,558.0,0.0,0.02,0.82,0.0,Mar,1,1,1,11,Returning_Visitor,False,False
4,134.61,0,0.0,123,3944.38,0.0,0.02,0.82,0.0,Mar,2,2,1,2,Returning_Visitor,True,False
0,0.0,0,0.0,6,239.67,0.02,0.05,0.0,0.29,May,1,1,3,4,Returning_Visitor,False,False
4,131.0,1,0.0,39,1250.68,0.02,0.03,5.38,0.01,May,2,4,3,4,New_Visitor,False,False
1,24.04,0,0.0,34,1263.33,0.01,0.02,5.38,0.29,May,2,10,3,3,Returning_Visitor,False,True
1,24.04,0,0.5,27,836.58,0.0,0.02,0.0,0.31,May,2,4,3,2,Returning_Visitor,False,False
6,175.0,1,50.54,54,2191.33,0.0,0.02,5.38,0.76,May,1,1,1,3,Returning_Visitor,True,False
0,0.0,0,0.0,14,390.5,0.0,0.02,0.82,0.0,Mar,3,2,1,1,Returning_Visitor,True,False
1,24.04,0,0.5,6,239.67,0.0,0.02,0.0,0.76,May,2,4,3,4,New_Visitor,False,False
0,0.0,0,0.0,19,836.58,0.0,0.02,0.82,0.0,Mar,1,1,1,2,New_Visitor,False,False
0,0.0,0,0.5,6,239.67,0.0,0.02,0.82,0.31,June,2,2,1,2,Returning_Visitor,True,False
6,174.0,0,0.5,54,2191.33,0.03,0.07,0.0,0.76,May,1,1,1,3,Returning_Visitor,False,False
1,27.5,0,0.0,41,1403.72,0.0,0.02,5.38,0.0,Nov,4,5,1,5,Returning_Visitor,True,True
0,2.64,0,0.5,6,239.67,0.0,0.01,0.82,0.0,Mar,3,2,1,2,New_Visitor,False,False
0,0.0,0,0.0,10,856.33,0.0,0.02,0.0,0.0,Nov,2,10,3,2,New_Visitor,True,False
6,213.5,0,0.0,54,2191.33,0.0,0.02,66.46,0.76,May,1,1,1,12,New_Visitor,True,False
0,2.64,0,0.5,6,239.67,0.0,0.02,0.0,0.76,May,1,1,1,4,Returning_Visitor,True,False
1,24.04,0,0.5,19,584.33,0.0,0.0,5.38,0.0,May,2,2,3,4,New_Visitor,False,False
6,545.0,2,101.5,54,2191.33,0.0,0.02,5.38,0.76,May,3,2,1,3,Returning_Visitor,False,False
1,24.04,0,0.0,7,239.67,0.0,0.02,5.38,0.76,May,2,5,3,3,Returning_Visitor,False,False
9,202.0,2,10.67,73,2755.34,0.0,0.02,5.38,0.31,May,4,2,6,13,Returning_Visitor,True,False
1,24.04,0,0.5,6,239.67,0.0,0.01,105.26,0.0,Nov,1,1,1,1,Returning_Visitor,False,True
4,132.92,1,50.54,36,1335.77,0.01,0.04,5.38,0.0,Nov,2,7,3,1,Returning_Visitor,False,False
0,1.33,0,0.5,6,239.67,0.01,0.01,0.0,0.76,May,2,4,1,4,Returning_Visitor,True,False
1,24.04,0,0.5,6,239.67,0.0,0.01,0.82,0.0,Mar,3,2,1,2,New_Visitor,True,False
0,0.0,0,0.0,6,239.67,0.0,0.02,0.0,0.31,May,1,1,1,2,Returning_Visitor,False,False
0,0.0,0,0.5,6,97.0,0.0,0.02,0.0,0.0,Nov,1,1,3,2,New_Visitor,False,True
0,0.0,0,0.0,1,239.67,0.2,0.2,0.0,0.0,May,3,2,1,3,Returning_Visitor,False,False
0,0.0,0,0.0,6,226.0,0.01,0.04,1.38,0.0,Mar,2,2,3,2,Returning_Visitor,False,False
0,0.0,0,0.5,6,239.67,0.0,0.02,0.0,0.31,May,2,2,7,2,Returning_Visitor,True,False
2,29.5,0,0.5,36,1155.81,0.01,0.04,1.96,0.0,Dec,1,1,1,2,Returning_Visitor,True,False
5,154.08,1,50.54,23,717.6,0.0,0.02,0.0,0.31,May,1,1,3,10,Returning_Visitor,False,False
1,24.04,0,0.5,19,472.5,0.0,0.02,1.96,0.0,Dec,1,1,1,2,New_Visitor,True,False
0,0.0,0,0.0,6,239.67,0.0,0.02,5.38,0.76,May,2,4,4,3,Returning_Visitor,False,False
0,0.0,0,0.5,5,239.67,0.04,0.09,0.0,0.76,May,1,1,1,4,Returning_Visitor,True,False
1,397.5,3,127.89,6,239.67,0.07,0.12,0.0,0.76,May,3,2,1,4,New_Visitor,False,False
1,24.04,0,0.5,6,239.67,0.0,0.02,0.0,0.0,Nov,1,1,1,2,New_Visitor,True,False
11,426.35,4,92.3,54,2191.33,0.0,0.02,0.82,0.01,June,1,2,1,4,New_Visitor,False,False
1,24.04,0,0.0,6,239.67,0.0,0.02,0.82,0.0,Mar,2,2,4,4,Returning_Visitor,True,False
0,2.64,0,0.5,48,1351.12,0.0,0.02,0.0,0.0,Nov,2,10,3,2,New_Visitor,False,False
0,0.0,0,0.0,137,4800.57,0.01,0.04,0.0,0.0,Oct,2,10,3,1,Returning_Visitor,False,False
0,2.64,0,0.0,5,239.67,0.01,0.04,0.0,0.0,Dec,8,13,9,19,Other,False,False
3,129.24,1,50.54,8,320.25,0.0,0.01,0.0,0.31,May,1,1,1,6,New_Visitor,False,False
0,0.0,0,0.0,6,239.67,0.0,0.02,0.0,0.29,May,2,2,5,4,Returning_Visitor,True,False
1,24.04,0,0.5,6,239.67,0.04,0.08,5.38,0.31,May,1,1,1,2,Returning_Visitor,True,False
1,24.04,0,0.5,6,239.67,0.04,0.09,0.0,0.0,Dec,3,2,1,2,New_Visitor,False,False
0,0.0,0,0.5,6,239.67,0.0,0.02,5.38,0.76,May,3,2,3,4,Returning_Visitor,False,False
2,33.0,0,0.5,41,1649.0,0.0,0.03,5.38,0.76,May,3,2,1,3,Returning_Visitor,False,False
2,102.0,0,0.0,6,239.67,0.0,0.02,5.38,0.76,May,2,2,4,4,New_Visitor,True,False
0,0.0,0,0.0,6,239.67,0.0,0.02,0.82,0.01,June,2,2,1,4,Returning_Visitor,True,False
11,289.68,1,50.54,54,2191.33,0.0,0.02,0.82,0.0,Mar,4,1,1,1,Returning_Visitor,False,True
1,24.04,0,0.5,6,239.67,0.0,0.01,12.0,0.0,Nov,1,5,3,9,Returning_Visitor,True,True
5,154.08,0,0.0,44,1351.12,0.01,0.03,0.0,0.31,May,2,2,9,13,Returning_Visitor,False,False
1,24.04,1,50.54,6,239.67,0.06,0.09,5.38,0.76,May,3,2,8,4,Returning_Visitor,False,False
4,113.0,4,501.0,14,381.75,0.0,0.02,0.82,0.0,Mar,2,5,3,2,Returning_Visitor,False,False
5,154.08,4,258.72,54,2191.33,0.0,0.01,0.0,0.0,Nov,3,2,1,2,New_Visitor,False,True
1,24.04,0,0.5,40,1250.68,0.0,0.02,0.0,0.0,May,2,2,1,4,New_Visitor,False,False
6,202.0,2,123.55,87,3712.81,0.0,0.02,8.26,0.29,May,2,2,3,4,Returning_Visitor,False,False
1,24.04,0,0.5,11,142.42,0.0,0.02,0.82,0.01,June,2,4,3,4,New_Visitor,False,False
5,171.9,4,145.17,54,2191.33,0.0,0.0,0.0,0.76,Sep,2,2,1,3,Returning_Visitor,False,False
0,0.0,0,0.5,23,612.0,0.0,0.01,0.82,0.01,June,3,2,1,4,New_Visitor,True,False
10,316.14,7,590.11,54,2191.33,0.0,0.02,1.09,0.29,Sep,2,2,3,8,New_Visitor,False,False
8,202.0,1,50.54,19,486.67,0.0,0.01,0.0,0.76,May,3,2,1,3,Returning_Visitor,True,False
0,2.64,0,0.0,6,239.67,0.0,0.02,0.82,0.31,June,2,2,1,2,Returning_Visitor,True,True
1,24.04,0,0.0,6,239.67,0.0,0.02,1.38,0.0,Mar,2,10,3,2,New_Visitor,False,True
6,216.5,3,127.5,54,2191.33,0.0,0.01,4.07,0.31,Aug,2,2,3,2,Returning_Visitor,False,False
8,202.0,3,138.5,71,2512.52,0.01,0.03,5.38,0.0,Nov,3,2,1,1,Returning_Visitor,False,True
1,24.04,0,0.0,6,197.0,0.01,0.03,0.0,0.31,May,2,2,3,2,Returning_Visitor,True,False
5,154.08,0,0.0,54,2191.33,0.0,0.02,5.38,0.29,May,1,1,4,11,Returning_Visitor,False,False
1,24.04,0,0.0,6,239.67,0.0,0.01,0.0,0.0,Dec,3,2,8,6,New_Visitor,False,False
1,24.04,0,0.0,6,239.67,0.0,0.02,0.0,0.0,Nov,2,5,1,2,New_Visitor,False,False
4,113.75,1,28.5,54,2191.33,0.0,0.02,0.0,0.0,Dec,1,1,8,2,New_Visitor,False,True
1,24.04,0,0.5,13,595.6,0.0,0.02,0.0,0.29,May,1,1,1,4,Returning_Visitor,False,False
4,138.75,0,0.5,54,2464.29,0.0,0.02,0.82,0.31,June,2,2,1,2,Returning_Visitor,True,False
1,24.04,1,50.54,6,239.67,0.0,0.02,0.82,0.2,June,2,2,1,3,Returning_Visitor,False,True
1,24.04,0,0.5,24,891.57,0.0,0.0,258.55,0.01,May,1,1,3,20,New_Visitor,False,True
1,24.04,0,0.5,6,19.2,0.0,0.1,0.0,0.76,May,1,1,1,4,Returning_Visitor,True,False
1,24.04,0,0.5,6,239.67,0.0,0.02,7.51,0.0,Nov,1,1,1,2,Returning_Visitor,False,True
1,24.04,0,0.5,6,239.67,0.01,0.04,15.4,0.76,May,2,2,3,4,Returning_Visitor,False,False
1,24.04,0,0.0,46,797.83,0.0,0.02,5.38,0.0,Nov,1,1,3,2,New_Visitor,False,False
1,24.04,0,0.0,6,239.67,0.02,0.02,0.82,0.76,June,2,4,3,2,New_Visitor,False,False
2,29.0,0,0.5,87,3825.1,0.01,0.02,0.0,1.0,May,2,5,3,3,Returning_Visitor,False,False
1,24.04,0,0.0,6,239.67,0.0,0.02,0.0,0.0,Nov,2,2,3,1,Returning_Visitor,True,True
0,0.0,0,0.5,6,239.67,0.01,0.01,0.0,0.0,Nov,1,1,1,3,Returning_Visitor,False,False
1,26.0,0,0.5,16,638.83,0.0,0.01,20.26,0.0,Nov,2,4,1,2,New_Visitor,False,False
5,154.08,1,295.4,20,675.68,0.03,0.05,5.38,0.76,May,1,1,4,11,Returning_Visitor,False,False
4,144.08,1,0.0,14,625.0,0.0,0.01,5.38,0.0,May,2,4,3,4,New_Visitor,False,False
0,2.64,0,0.5,5,239.67,0.01,0.04,5.38,0.0,Nov,2,2,1,2,New_Visitor,False,False
5,154.08,3,181.0,63,2466.22,0.01,0.03,1.96,0.0,Dec,3,2,1,1,Returning_Visitor,False,False
1,24.04,0,0.5,23,697.5,0.04,0.1,0.0,0.0,Nov,1,1,3,1,Returning_Visitor,False,False
10,517.5,4,258.72,85,5496.63,0.0,0.02,5.15,0.0,Nov,3,5,3,13,Returning_Visitor,False,False
0,2.64,0,0.5,87,3658.5,0.02,0.05,1.38,0.0,Mar,4,2,9,2,New_Visitor,False,False
1,24.04,0,0.5,23,787.24,0.01,0.04,1.96,0.0,Sep,1,1,3,1,Returning_Visitor,False,False
1,24.04,0,0.0,14,595.6,0.0,0.02,0.0,0.76,May,2,4,3,4,New_Visitor,False,False
0,0.0,0,0.5,6,39.2,0.0,0.05,0.82,0.0,Mar,2,2,1,2,New_Visitor,False,False
1,24.04,0,0.5,6,239.67,0.0,0.02,1.38,0.0,Mar,2,10,3,2,Returning_Visitor,True,False
0,2.64,0,0.0,59,2191.33,0.0,0.02,0.0,0.31,May,1,1,3,2,Returning_Visitor,False,False
10,1541.5,5,904.77,8,239.67,0.0,0.02,0.0,0.0,May,1,5,3,20,New_Visitor,False,False
3,129.24,1,50.54,32,1155.81,0.0,0.01,5.38,0.0,Nov,2,5,3,2,New_Visitor,False,True
7,91.25,1,50.54,95,3195.76,0.0,0.02,5.38,0.31,May,2,2,1,2,Returning_Visitor,True,True
1,24.04,0,0.5,6,239.67,0.01,0.05,0.82,0.0,Mar,2,2,1,1,Returning_Visitor,False,False
0,2.64,0,0.0,4,100.25,0.0,0.07,0.0,0.0,May,3,2,1,3,Returning_Visitor,True,False
1,24.04,1,50.54,6,239.67,0.07,0.12,0.0,0.0,Mar,2,2,3,2,Returning_Visitor,False,False
1,29.25,1,0.0,6,67.67,0.0,0.02,4.75,0.0,Dec,8,13,9,16,Returning_Visitor,False,False
0,0.0,0,0.5,28,1155.81,0.0,0.02,0.0,0.29,May,1,1,6,4,Returning_Visitor,True,False
4,81.0,0,0.5,6,131.5,0.0,0.02,5.38,0.76,May,3,2,1,4,New_Visitor,True,False
3,129.24,1,50.54,35,1155.81,0.0,0.02,0.0,0.01,May,2,5,3,3,Returning_Visitor,False,False
1,24.04,0,0.0,6,239.67,0.0,0.02,0.82,0.01,June,2,4,3,4,Returning_Visitor,True,False
7,397.26,3,246.8,23,836.58,0.03,0.05,0.0,0.31,May,2,2,4,1,Returning_Visitor,False,False
0,2.64,0,0.5,6,239.67,0.0,0.02,0.82,0.0,Mar,2,5,3,2,Returning_Visitor,False,False
0,0.0,0,0.5,55,2191.33,0.0,0.02,5.38,0.29,Aug,1,1,4,4,Returning_Visitor,True,False
3,70.0,0,0.5,12,442.89,0.0,0.02,0.82,0.0,Mar,1,1,1,2,New_Visitor,False,False
1,24.04,0,0.0,26,836.58,0.0,0.02,0.82,0.01,June,2,4,3,4,Returning_Visitor,True,False
0,0.0,0,0.5,17,664.5,0.0,0.01,5.38,0.0,Nov,1,1,9,1,Returning_Visitor,False,False
0,0.0,0,0.5,8,328.9,0.0,0.02,0.0,0.29,May,1,1,1,3,Returning_Visitor,False,False
1,24.04,0,0.5,2,239.67,0.0,0.02,113.93,0.76,May,8,10,3,17,Returning_Visitor,False,True
0,0.0,0,0.5,6,239.67,0.0,0.02,5.38,0.0,Nov,1,1,8,2,Returning_Visitor,True,False
0,0.0,0,0.5,54,2370.73,0.0,0.02,5.38,0.0,Nov,2,4,2,2,Returning_Visitor,False,False
1,24.04,0,0.5,6,239.67,0.0,0.02,0.82,0.01,June,2,2,3,3,Returning_Visitor,False,True
0,0.0,0,0.5,6,239.67,0.0,0.02,5.38,0.76,May,3,2,2,3,Returning_Visitor,False,False
1,24.04,0,0.5,6,239.67,0.0,0.01,9.93,0.76,May,1,1,1,3,Returning_Visitor,False,False
1,24.04,0,0.5,4,334.0,0.08,0.12,0.82,0.0,Mar,1,1,1,1,Returning_Visitor,True,False
1,24.04,0,0.5,23,809.43,0.01,0.04,0.82,0.01,June,3,2,1,3,Returning_Visitor,True,False
1,24.04,0,0.5,5,388.0,0.0,0.02,0.82,0.0,Mar,1,1,1,3,Returning_Visitor,True,True
0,0.0,0,0.5,14,595.6,0.0,0.02,57.59,0.76,May,4,1,3,17,Returning_Visitor,False,True
1,24.04,0,0.5,44,868.16,0.0,0.04,5.38,0.31,May,1,1,4,2,Returning_Visitor,True,False
0,2.64,0,0.0,6,239.67,0.2,0.2,0.82,0.01,June,2,2,3,4,Returning_Visitor,True,False
1,24.04,0,0.0,10,277.14,0.0,0.02,0.0,0.31,May,2,2,1,2,Returning_Visitor,False,False
4,144.08,1,50.54,23,2359.38,0.0,0.01,1.96,0.0,Dec,4,2,1,2,New_Visitor,False,True
0,0.0,0,0.5,6,239.67,0.0,0.02,44.06,0.0,Nov,1,1,3,2,Returning_Visitor,False,True
1,24.04,0,0.5,6,239.67,0.0,0.02,0.0,0.31,May,1,1,1,1,Returning_Visitor,False,False
0,2.64,3,445.0,38,1250.68,0.0,0.02,1.38,0.0,Mar,3,2,3,1,Returning_Visitor,False,False
4,84.0,3,102.0,19,478.5,0.07,0.08,0.82,0.31,June,3,2,1,6,Returning_Visitor,False,False
4,144.08,1,50.54,54,2191.33,0.0,0.02,5.38,0.31,May,2,2,4,2,Returning_Visitor,True,True
1,13.0,0,0.5,19,524.5,0.0,0.01,5.38,0.76,May,1,1,1,4,New_Visitor,False,True
4,143.0,0,0.0,54,2191.33,0.0,0.02,5.38,0.31,May,2,2,1,1,Returning_Visitor,True,False
0,0.0,0,0.5,109,4492.31,0.0,0.02,0.0,0.0,Nov,2,2,1,1,Returning_Visitor,False,True
0,2.64,0,0.5,6,239.67,0.0,0.02,0.82,0.0,Mar,2,2,1,1,Returning_Visitor,False,False
1,24.04,0,0.5,6,239.67,0.0,0.02,5.38,0.0,Nov,2,4,2,2,Returning_Visitor,False,False
1,24.04,0,0.5,79,2938.01,0.0,0.02,0.0,0.0,Nov,2,2,2,6,Returning_Visitor,False,False
4,144.08,0,0.0,10,239.67,0.0,0.02,38.99,0.0,Mar,7,10,3,3,Returning_Visitor,False,True
1,3.0,0,0.5,11,239.67,0.0,0.02,5.38,0.31,May,4,1,3,2,Returning_Visitor,False,False
0,0.0,0,0.5,7,239.67,0.0,0.02,0.82,0.0,Mar,2,4,1,1,Returning_Visitor,False,False
1,24.04,0,0.5,11,546.75,0.0,0.02,5.38,0.0,Nov,1,1,5,1,Returning_Visitor,False,False
0,0.0,0,0.0,19,517.04,0.0,0.01,23.3,0.0,Nov,4,1,1,2,New_Visitor,True,True
1,24.04,0,0.0,16,2007.0,0.02,0.05,0.82,0.01,June,1,1,1,4,New_Visitor,False,False
3,223.95,1,50.54,6,74.67,0.0,0.02,65.87,0.8,May,1,1,3,17,Returning_Visitor,False,False
1,24.04,0,0.0,10,431.5,0.0,0.01,1.96,0.0,Dec,3,2,3,1,Returning_Visitor,True,False
1,24.04,0,0.0,6,239.67,0.01,0.04,5.38,0.0,May,2,4,7,3,Returning_Visitor,False,False
1,24.04,0,0.0,27,494.64,0.0,0.01,5.38,0.0,Nov,1,1,1,2,Returning_Visitor,True,False
0,0.0,0,0.0,6,239.67,0.15,0.18,0.0,0.31,May,2,2,3,1,Returning_Visitor,False,False
3,284.2,1,50.54,22,2366.6,0.04,0.06,0.0,0.76,May,1,1,1,3,Returning_Visitor,False,False
0,0.0,0,0.0,6,239.67,0.2,0.2,0.82,0.01,June,4,2,1,3,Returning_Visitor,False,False
0,2.64,0,0.0,5,239.67,0.12,0.15,0.0,0.31,May,1,1,3,13,Returning_Visitor,True,False
0,0.0,0,0.0,6,239.67,0.0,0.02,0.0,0.0,Nov,2,2,3,1,Returning_Visitor,False,False
1,24.04,0,0.0,5,239.67,0.0,0.02,5.38,0.0,Nov,2,6,3,2,Returning_Visitor,True,False
1,24.04,2,17.72,6,239.67,0.0,0.0,5.38,0.0,Nov,1,1,1,2,New_Visitor,False,False
8,92.93,0,0.0,78,2063.64,0.01,0.02,1.96,0.76,Sep,2,2,3,11,Returning_Visitor,False,False
0,2.64,0,0.5,6,239.67,0.03,0.06,44.99,0.31,May,2,2,2,5,Returning_Visitor,False,True
0,0.0,0,0.5,2,239.67,0.0,0.02,0.0,0.76,May,2,2,1,4,Returning_Visitor,True,False
0,2.64,0,0.5,6,239.67,0.0,0.01,5.38,0.0,May,1,1,1,2,New_Visitor,False,True
7,202.0,0,0.0,54,2191.33,0.0,0.02,0.82,0.0,Mar,3,10,3,2,New_Visitor,False,False
1,24.04,0,0.5,8,291.3,0.0,0.01,5.38,0.0,Nov,1,1,4,2,New_Visitor,False,True
4,144.08,0,0.5,28,1155.81,0.0,0.02,0.0,0.0,Nov,1,1,1,2,Returning_Visitor,True,False
0,0.0,0,0.5,6,137.0,0.07,0.1,0.0,0.0,Nov,1,1,1,1,Returning_Visitor,False,False
1,24.04,0,0.0,8,239.67,0.0,0.02,5.38,0.76,May,2,4,1,4,Returning_Visitor,False,False
1,24.04,0,0.5,5,239.67,0.0,0.02,0.0,0.76,May,2,2,1,4,New_Visitor,False,False
10,517.5,1,50.54,213,8591.59,0.0,0.02,0.82,0.0,Mar,2,2,3,10,Returning_Visitor,True,True
1,24.04,0,0.5,6,239.67,0.0,0.02,1.96,0.0,Dec,2,10,3,2,Returning_Visitor,True,False
0,0.0,0,0.5,11,239.67,0.01,0.03,0.0,0.0,Nov,3,2,1,1,Returning_Visitor,True,False
1,24.04,2,39.67,6,239.67,0.0,0.02,0.82,0.31,June,2,5,1,6,Returning_Visitor,False,False
6,255.72,0,0.5,184,6880.8,0.0,0.01,6.74,0.76,May,2,2,9,11,Returning_Visitor,False,False
1,24.04,0,0.5,28,969.15,0.01,0.03,5.38,0.0,May,2,5,3,2,Returning_Visitor,False,False
1,24.04,2,6.0,9,239.67,0.0,0.02,0.82,0.29,June,4,1,8,4,Returning_Visitor,False,False
1,24.04,0,0.5,6,239.67,0.01,0.02,5.38,0.0,Nov,2,4,9,1,Returning_Visitor,False,True
1,24.04,0,0.0,6,239.67,0.0,0.04,5.38,0.0,Nov,2,5,3,1,Returning_Visitor,False,False
4,110.5,1,50.54,137,4884.54,0.0,0.02,5.38,0.31,May,2,2,3,10,Returning_Visitor,False,True
9,723.5,3,410.5,6,109.0,0.0,0.02,5.38,0.0,Nov,2,12,2,2,New_Visitor,False,True
0,2.64,0,0.5,6,239.67,0.02,0.04,0.0,0.76,May,2,5,3,4,New_Visitor,False,False
1,24.04,0,0.5,34,1155.81,0.04,0.06,5.38,0.76,May,1,1,1,3,Returning_Visitor,False,False
0,0.0,0,0.5,6,239.67,0.2,0.2,0.0,0.29,May,1,11,3,20,Returning_Visitor,True,False
0,0.0,0,0.5,39,1250.68,0.0,0.02,1.96,0.0,Sep,3,5,3,13,Returning_Visitor,False,False
2,55.0,2,4.0,6,239.67,0.0,0.03,0.0,0.76,May,2,4,3,3,Returning_Visitor,False,False
0,2.64,0,0.5,1,0.0,0.2,0.2,0.82,0.01,June,1,1,1,3,Returning_Visitor,False,False
1,18.1,2,72.5,9,136.28,0.01,0.03,0.0,0.01,June,2,4,3,4,New_Visitor,False,False
6,167.0,0,0.5,54,2191.33,0.0,0.02,5.38,0.01,May,2,4,1,4,Returning_Visitor,False,False
0,2.64,0,0.5,6,239.67,0.0,0.02,0.0,0.29,May,2,2,1,4,Returning_Visitor,True,False
1,24.04,0,0.0,8,344.33,0.01,0.03,5.38,0.76,May,2,2,1,4,New_Visitor,False,False
2,62.5,0,0.5,34,1253.18,0.0,0.02,41.54,0.0,May,3,2,9,3,Returning_Visitor,False,False
16,1314.26,6,147.87,173,5142.86,0.0,0.01,61.53,0.01,May,1,1,2,20,New_Visitor,False,False
1,241.0,0,0.5,73,2666.0,0.0,0.02,29.87,0.31,May,2,1,3,13,Returning_Visitor,False,False
7,424.17,0,0.0,54,2191.33,0.0,0.02,0.0,0.29,May,2,4,4,4,Returning_Visitor,True,False
1,24.04,0,0.0,6,239.67,0.0,0.02,5.38,0.31,May,1,1,6,1,Returning_Visitor,False,False
9,87.8,1,50.54,54,2191.33,0.0,0.01,33.41,0.0,Nov,2,2,1,2,New_Visitor,False,True
0,2.64,0,0.0,14,388.0,0.02,0.06,0.0,0.0,Feb,2,10,3,4,Returning_Visitor,False,False
0,0.0,0,0.0,2,53.0,0.04,0.1,0.82,0.0,Mar,1,1,1,1,Returning_Visitor,False,False
1,132.0,0,0.0,6,209.25,0.0,0.02,0.0,0.76,May,2,2,3,4,Returning_Visitor,True,False
0,0.0,0,0.0,6,239.67,0.04,0.1,5.38,0.0,Nov,1,1,6,1,Returning_Visitor,False,False
0,2.64,0,0.5,8,311.7,0.0,0.02,0.82,0.31,June,2,2,4,13,Returning_Visitor,False,False
1,15.0,0,0.5,6,239.67,0.0,0.02,15.66,0.31,May,2,2,4,10,Returning_Visitor,False,True
1,24.04,0,0.0,6,239.67,0.01,0.02,0.0,0.31,May,2,5,3,1,Returning_Visitor,False,False
0,2.64,0,0.0,14,595.6,0.0,0.02,0.0,0.0,Nov,1,1,1,2,Returning_Visitor,True,False
6,190.58,1,50.54,54,2191.33,0.0,0.02,8.57,0.0,Nov,2,2,6,1,Returning_Visitor,False,False
2,64.46,0,0.5,29,1155.81,0.0,0.01,0.82,0.76,June,1,1,1,2,New_Visitor,False,True
7,169.5,0,0.0,50,1557.92,0.0,0.01,0.82,0.31,June,1,1,1,2,Returning_Visitor,True,False
0,0.0,0,0.5,23,654.07,0.0,0.02,0.0,0.76,May,2,4,3,3,Returning_Visitor,False,False
7,165.13,8,623.41,87,3220.34,0.0,0.02,1.96,0.76,Sep,2,4,8,9,Returning_Visitor,False,True
4,75.17,0,0.5,12,115.17,0.0,0.02,1.38,0.0,Mar,1,1,1,1,Returning_Visitor,False,False
2,46.4,0,0.5,6,239.67,0.0,0.02,0.0,0.0,Nov,3,2,1,2,Returning_Visitor,True,False
0,0.0,0,0.0,5,239.67,0.0,0.02,5.38,0.0,Nov,2,10,3,2,New_Visitor,False,False
4,48.83,3,165.67,22,365.77,0.0,0.02,61.53,0.01,Aug,8,13,9,20,Returning_Visitor,False,False
0,2.64,0,0.0,23,630.75,0.0,0.02,5.38,0.76,May,2,4,1,4,New_Visitor,True,False
0,0.0,1,50.54,41,1411.83,0.0,0.02,5.38,0.0,Nov,2,2,8,6,Returning_Visitor,False,False
0,0.0,0,0.0,8,324.5,0.01,0.02,0.0,0.76,May,2,2,8,4,New_Visitor,False,False
1,24.04,0,0.5,6,239.67,0.01,0.02,5.38,0.31,May,2,4,2,2,Returning_Visitor,False,False
7,202.0,0,0.0,54,2191.33,0.0,0.02,1.38,0.0,Mar,2,2,3,1,Returning_Visitor,False,False
4,144.08,0,0.0,37,2517.05,0.0,0.02,0.82,0.31,June,2,2,3,1,Returning_Visitor,True,False
1,24.04,0,0.5,6,239.67,0.0,0.02,5.38,0.76,May,2,2,1,3,Returning_Visitor,False,False
0,2.64,1,50.54,6,239.67,0.03,0.06,65.87,1.0,May,2,13,1,17,Other,True,False
0,2.64,0,0.5,8,239.67,0.0,0.02,0.82,0.0,Jul,1,1,1,2,Returning_Visitor,False,True
1,24.04,0,0.5,6,239.67,0.0,0.02,0.82,0.29,June,1,1,4,4,Returning_Visitor,True,False
6,182.51,0,0.5,54,2191.33,0.0,0.02,0.82,0.0,Mar,3,2,1,2,New_Visitor,False,False
0,0.0,0,0.5,6,239.67,0.0,0.02,0.82,0.01,June,1,1,1,4,New_Visitor,False,True
0,0.0,0,0.5,4,239.67,0.0,0.02,0.0,0.8,May,1,1,1,1,Returning_Visitor,False,False
2,77.0,0,0.0,32,1223.42,0.0,0.02,0.82,0.0,Mar,2,2,3,2,Returning_Visitor,True,True
4,76.0,0,0.0,6,239.67,0.0,0.02,1.38,0.0,Mar,2,2,1,2,New_Visitor,False,False
7,202.0,2,123.55,54,2191.33,0.0,0.02,0.82,0.0,Mar,4,1,1,10,Returning_Visitor,False,False
0,0.0,0,0.0,6,239.67,0.03,0.05,0.82,0.31,June,2,5,3,1,Returning_Visitor,False,False
0,0.0,0,0.0,6,239.67,0.0,0.02,5.38,0.2,May,2,4,3,1,Returning_Visitor,False,False
0,0.0,0,0.0,6,239.67,0.0,0.02,1.96,0.76,Sep,1,1,2,4,New_Visitor,False,False
1,24.04,0,0.0,6,239.67,0.0,0.02,0.0,0.29,May,3,2,1,4,Returning_Visitor,True,False
2,67.5,0,0.0,6,239.67,0.0,0.02,0.82,0.31,June,1,1,1,2,Returning_Visitor,True,False
1,24.04,0,0.0,16,645.2,0.01,0.04,0.0,0.0,Jul,2,10,3,2,Returning_Visitor,True,False
1,24.04,0,0.0,13,265.17,0.0,0.05,0.0,0.31,May,1,1,1,2,Returning_Visitor,False,False
8,301.2,1,50.54,87,3195.76,0.01,0.04,0.82,0.29,June,2,5,3,3,Returning_Visitor,False,False
0,0.0,0,0.5,48,1351.12,0.0,0.02,1.96,0.0,Dec,2,2,3,9,Returning_Visitor,False,False
10,946.1,0,0.5,54,2214.67,0.0,0.02,92.9,0.0,Oct,2,3,3,19,Returning_Visitor,False,True
10,461.0,0,0.5,54,2191.33,0.0,0.01,1.96,0.0,Dec,1,1,3,2,New_Visitor,False,False
6,202.0,0,0.5,34,1267.25,0.02,0.03,0.0,0.0,Nov,1,1,1,11,New_Visitor,True,False
2,57.25,0,0.0,54,2531.34,0.0,0.02,5.38,0.0,Nov,1,1,1,8,Returning_Visitor,False,True
0,0.0,0,0.0,6,239.67,0.01,0.03,5.38,0.0,May,2,4,1,4,Returning_Visitor,True,False
6,202.0,3,124.0,54,2191.33,0.0,0.02,5.38,0.0,Nov,2,4,5,2,Returning_Visitor,True,False
0,2.64,0,0.0,6,239.67,0.0,0.02,0.0,0.0,Mar,1,1,2,1,Returning_Visitor,False,False
1,24.04,0,0.0,6,239.67,0.02,0.03,5.38,0.0,Nov,2,2,1,2,Returning_Visitor,True,False
1,24.04,0,0.5,6,239.67,0.0,0.03,1.38,0.0,Mar,2,5,3,2,New_Visitor,False,False
1,24.04,0,0.5,16,757.39,0.0,0.02,5.38,0.76,May,1,1,1,3,Returning_Visitor,False,False
1,24.04,2,38.2,102,3195.76,0.0,0.02,1.96,0.0,Sep,2,5,3,1,Returning_Visitor,True,False
1,24.04,0,0.5,6,239.67,0.04,0.09,0.0,0.0,Nov,1,1,1,3,Returning_Visitor,False,False
4,98.0,0,0.0,29,1155.81,0.0,0.02,39.59,0.76,May,2,2,3,4,Returning_Visitor,True,True
0,0.0,0,0.0,7,239.67,0.01,0.03,1.96,0.0,Dec,2,2,4,9,Returning_Visitor,False,True
0,0.0,0,0.0,6,239.67,0.0,0.02,5.38,0.0,May,1,5,7,11,Returning_Visitor,False,False
4,134.61,0,0.5,142,4876.01,0.01,0.03,5.38,0.31,May,2,2,1,2,Returning_Visitor,False,False
1,24.04,1,50.54,12,245.6,0.0,0.02,0.0,0.0,Nov,1,1,4,5,Returning_Visitor,False,False
1,24.04,0,0.5,6,239.67,0.01,0.03,5.38,0.31,May,2,2,2,1,Returning_Visitor,False,False
0,0.0,0,0.5,6,239.67,0.0,0.02,5.38,0.0,Nov,2,2,1,2,New_Visitor,True,True
1,24.04,0,0.5,6,239.67,0.0,0.0,0.0,0.0,Jul,1,1,8,2,Returning_Visitor,True,False
0,0.0,0,0.0,6,231.5,0.0,0.02,5.38,0.0,May,2,4,1,4,Returning_Visitor,True,False
0,0.0,0,0.0,6,239.67,0.02,0.04,5.38,0.0,Nov,2,2,3,1,Returning_Visitor,False,False
0,2.64,0,0.0,37,1155.81,0.0,0.02,39.98,0.76,May,1,1,1,3,Returning_Visitor,True,True
1,78.6,0,0.5,5,744.8,0.0,0.02,0.82,0.0,Mar,2,2,4,4,Returning_Visitor,True,False
1,24.04,0,0.0,6,211.83,0.0,0.02,0.0,0.31,May,2,2,3,13,Returning_Visitor,False,False
10,490.33,0,0.5,137,4884.54,0.0,0.02,0.0,0.0,Nov,1,1,1,10,Returning_Visitor,True,True
0,0.0,0,0.0,28,1003.0,0.0,0.01,0.0,0.0,Mar,2,5,3,2,New_Visitor,False,False
1,24.04,0,0.5,19,760.25,0.0,0.02,5.38,0.0,Nov,1,1,1,2,New_Visitor,False,True
4,134.61,0,0.5,72,3220.89,0.03,0.06,5.38,0.0,Oct,4,5,1,5,Returning_Visitor,True,False
6,202.0,2,101.0,56,1086.07,0.01,0.04,5.38,0.76,May,2,12,3,12,Returning_Visitor,False,False
0,0.0,0,0.5,6,239.67,0.03,0.07,0.82,0.0,Mar,2,10,3,1,Returning_Visitor,False,False
1,24.04,0,0.5,14,595.6,0.0,0.02,0.0,0.0,Mar,2,10,3,2,New_Visitor,False,False
0,2.64,0,0.0,27,1009.38,0.0,0.02,0.0,0.0,Nov,2,2,1,2,New_Visitor,False,True
6,202.0,3,127.89,64,5738.9,0.0,0.02,12.09,0.0,Oct,1,5,3,9,Returning_Visitor,False,True
0,0.0,0,0.5,6,239.67,0.01,0.04,0.0,0.0,Nov,2,10,3,2,New_Visitor,False,False
1,20.0,0,0.0,6,239.67,0.01,0.02,0.0,0.2,May,2,2,2,3,Returning_Visitor,False,False
4,72.5,0,0.5,6,239.67,0.0,0.02,0.82,0.0,Mar,2,2,1,2,Returning_Visitor,True,True
1,24.04,0,0.5,2,239.67,0.01,0.05,0.0,0.0,Nov,2,4,9,1,Returning_Visitor,False,False
1,24.04,0,0.0,17,836.58,0.0,0.02,0.0,0.0,Mar,2,2,1,1,Returning_Visitor,False,False
0,0.0,0,0.0,6,239.67,0.0,0.02,0.82,0.0,Jul,2,10,3,2,New_Visitor,False,False
0,0.0,0,0.5,6,239.67,0.0,0.02,0.82,0.01,June,2,2,1,4,Returning_Visitor,True,False
6,158.36,3,127.89,104,4162.54,0.01,0.03,3.58,0.76,Sep,2,2,3,11,Returning_Visitor,False,False
4,95.1,4,248.18,54,2191.33,0.0,0.02,61.53,0.0,Oct,2,4,5,19,Returning_Visitor,False,False
2,40.25,0,0.0,19,836.58,0.0,0.01,5.38,0.76,May,2,2,1,4,New_Visitor,False,False
0,2.64,0,0.5,6,239.67,0.0,0.02,1.38,0.0,Mar,2,2,1,2,New_Visitor,True,False
0,2.64,0,0.5,32,898.83,0.0,0.02,5.38,0.76,May,3,2,4,3,Returning_Visitor,False,False
0,0.0,0,0.5,28,996.44,0.0,0.02,5.38,0.76,May,2,2,3,3,Returning_Visitor,False,False
0,2.64,3,143.7,6,239.67,0.03,0.06,5.38,0.76,May,3,2,2,4,Returning_Visitor,False,False
1,24.04,1,50.54,7,239.67,0.0,0.02,0.82,0.76,June,1,2,1,1,Returning_Visitor,False,False
1,24.04,0,0.5,6,239.67,0.0,0.02,5.38,0.31,May,1,1,1,6,Returning_Visitor,False,True
1,24.04,0,0.5,17,1093.14,0.0,0.02,0.0,0.31,May,2,10,3,2,Returning_Visitor,False,False
3,129.24,2,116.22,54,2191.33,0.0,0.02,5.38,0.01,May,1,1,1,4,Returning_Visitor,False,False
1,24.04,0,0.0,6,56.5,0.04,0.1,5.38,0.0,Nov,2,2,7,3,Returning_Visitor,False,False
1,43.0,0,0.0,6,239.67,0.0,0.02,0.0,0.76,May,2,2,1,3,Returning_Visitor,False,False
1,28.0,0,0.0,8,290.0,0.0,0.02,0.0,0.0,Nov,2,2,1,2,Returning_Visitor,False,False
0,0.0,0,0.5,35,1155.81,0.01,0.02,1.38,0.0,Mar,2,4,1,1,Returning_Visitor,False,False
1,24.04,0,0.0,21,836.58,0.0,0.02,5.38,0.76,May,2,4,4,4,Returning_Visitor,True,False
0,0.0,2,90.0,6,103.67,0.02,0.04,0.0,0.0,Mar,3,2,1,1,Returning_Visitor,False,False
0,2.64,0,0.5,24,893.45,0.0,0.01,0.82,0.01,June,1,1,1,4,New_Visitor,False,False
1,24.04,0,0.5,28,920.4,0.0,0.02,5.38,0.0,Oct,1,1,1,2,Returning_Visitor,False,False
1,24.04,2,116.22,24,448.19,0.0,0.01,0.0,0.0,Nov,3,5,3,1,Returning_Visitor,True,False
0,2.64,0,0.5,1,239.67,0.04,0.09,5.38,0.31,May,1,1,1,1,New_Visitor,False,False
0,0.0,0,0.0,19,472.43,0.0,0.02,5.38,0.0,Nov,2,2,3,2,Returning_Visitor,False,False
1,24.04,0,0.5,102,3195.76,0.0,0.02,5.38,0.29,May,2,2,1,3,Returning_Visitor,False,False
1,24.04,0,0.5,6,239.67,0.0,0.02,5.38,0.0,Nov,2,2,1,3,Returning_Visitor,False,True
1,24.04,0,0.5,6,102.7,0.0,0.01,1.96,0.31,Sep,2,4,6,2,Returning_Visitor,True,True
1,24.04,0,0.5,6,13.0,0.04,0.1,1.38,0.0,Mar,1,1,2,2,New_Visitor,True,False
1,9.0,0,0.0,26,623.03,0.0,0.01,36.08,0.0,Nov,1,1,4,1,Returning_Visitor,False,False
1,24.04,0,0.5,26,836.58,0.0,0.02,5.38,0.31,May,1,1,1,1,Returning_Visitor,False,False
6,173.25,0,0.5,16,2041.08,0.0,0.02,5.38,0.76,May,3,4,6,3,Returning_Visitor,False,False
0,0.0,0,0.0,50,1739.25,0.02,0.05,0.0,0.01,May,2,4,3,4,Returning_Visitor,True,False
0,0.0,0,0.0,6,239.67,0.04,0.09,0.0,0.31,May,2,2,1,2,Returning_Visitor,True,False
0,2.64,0,0.0,16,1773.25,0.0,0.02,0.0,0.0,Nov,2,2,1,1,Returning_Visitor,False,False
0,2.64,0,0.5,6,239.67,0.2,0.2,5.38,0.29,May,1,1,4,3,Returning_Visitor,False,False
13,426.35,1,50.54,71,2582.7,0.0,0.02,0.82,0.31,June,2,2,1,2,Returning_Visitor,True,False
2,37.5,0,0.0,54,2018.3,0.01,0.03,0.82,0.01,June,2,2,1,4,New_Visitor,False,False
0,0.0,0,0.5,6,239.67,0.0,0.02,1.38,0.0,Mar,1,1,1,1,Returning_Visitor,False,False
0,0.0,0,0.0,31,1155.81,0.01,0.02,5.38,0.31,May,2,5,3,2,Returning_Visitor,False,False
3,107.0,0,0.5,6,145.83,0.0,0.02,1.38,0.0,Mar,1,1,7,2,New_Visitor,False,False
0,0.0,0,0.0,37,1155.81,0.0,0.01,0.0,0.0,Nov,1,1,1,13,Returning_Visitor,False,False
1,24.04,0,0.5,6,239.67,0.01,0.02,1.96,0.0,Dec,2,10,3,1,Returning_Visitor,False,True
1,24.04,0,0.5,6,239.67,0.0,0.02,5.38,0.76,May,2,4,7,4,Returning_Visitor,True,True
1,24.04,0,0.5,24,887.0,0.0,0.02,5.38,0.0,Nov,2,5,3,1,Returning_Visitor,False,False
1,4.0,0,0.5,34,1296.94,0.01,0.04,70.8,0.8,May,2,3,4,3,Other,False,False
9,202.0,0,0.0,38,1250.68,0.0,0.02,0.82,0.01,June,3,2,3,3,Returning_Visitor,False,True
0,2.64,0,0.5,3,46.75,0.0,0.02,5.38,0.0,Nov,2,2,1,2,Returning_Visitor,True,False
0,2.64,0,0.0,6,239.67,0.0,0.1,0.82,0.29,June,1,1,4,3,Returning_Visitor,False,False
1,24.04,0,0.0,48,1351.12,0.01,0.03,0.0,0.0,Nov,2,2,1,2,New_Visitor,False,False
0,0.0,0,0.5,2,239.67,0.04,0.1,5.38,0.0,Nov,1,1,1,1,Returning_Visitor,False,False
1,24.04,0,0.0,6,239.67,0.0,0.0,5.38,0.0,Nov,2,4,1,3,New_Visitor,False,False
18,1012.5,1,50.54,106,3195.76,0.01,0.04,66.46,0.0,Nov,3,2,6,2,Returning_Visitor,True,False
1,24.04,0,0.0,6,239.67,0.0,0.02,0.82,0.01,June,3,2,4,4,New_Visitor,True,False
2,57.25,0,0.0,41,1521.15,0.0,0.02,5.38,0.0,Nov,2,4,1,2,Returning_Visitor,False,True
1,24.04,0,0.0,6,239.67,0.0,0.02,5.38,0.76,May,2,2,9,3,Returning_Visitor,False,False
1,24.04,0,0.5,45,1351.12,0.0,0.02,0.0,0.01,May,2,5,3,4,New_Visitor,False,False
1,24.04,0,0.0,6,239.67,0.0,0.02,0.0,0.31,May,1,1,1,2,Returning_Visitor,True,False
12,1028.83,1,50.54,54,2191.33,0.0,0.02,61.53,0.0,Nov,2,2,1,1,Returning_Visitor,True,True
1,24.04,0,0.0,6,239.67,0.0,0.02,0.0,0.0,Nov,1,1,1,2,Returning_Visitor,True,False
2,45.5,0,0.0,6,122.25,0.0,0.02,0.0,0.0,Nov,2,2,7,1,Returning_Visitor,False,False
3,50.5,0,0.5,70,2802.12,0.0,0.02,0.0,0.0,Nov,2,2,3,1,Returning_Visitor,False,False
1,24.04,0,0.5,8,283.33,0.0,0.02,13.91,0.0,Nov,2,2,6,9,Returning_Visitor,False,True
6,182.51,0,0.0,62,2466.22,0.0,0.01,0.0,0.76,May,3,4,6,3,Returning_Visitor,False,False
0,2.64,0,0.5,6,130.5,0.0,0.02,0.82,0.01,June,2,5,3,3,Returning_Visitor,False,False
2,28.2,0,0.0,20,836.58,0.0,0.02,0.82,0.01,June,2,5,3,4,New_Visitor,False,False
4,60.2,0,0.5,54,2191.33,0.0,0.02,0.0,0.0,Oct,2,10,3,1,Returning_Visitor,False,False
1,24.04,0,0.5,6,239.67,0.0,0.02,22.13,0.31,May,1,1,8,2,Returning_Visitor,True,True
2,24.5,0,0.0,29,1155.81,0.0,0.02,0.0,0.31,May,1,1,1,2,Returning_Visitor,True,True
0,0.0,0,0.5,23,674.43,0.0,0.02,0.0,0.0,May,1,1,1,1,Returning_Visitor,True,False
1,24.04,0,0.0,41,1500.21,0.0,0.0,5.38,0.0,Oct,2,6,3,1,Returning_Visitor,False,False
3,48.0,0,0.5,10,239.67,0.0,0.02,0.0,0.29,May,2,5,3,4,Returning_Visitor,False,False
1,24.04,0,0.5,10,239.67,0.08,0.12,0.0,0.76,May,3,2,6,3,Returning_Visitor,False,False
0,0.0,0,0.5,30,784.08,0.0,0.02,1.96,0.0,Dec,2,2,6,2,Returning_Visitor,True,False
0,2.64,5,594.13,39,1250.68,0.0,0.0,154.1,0.31,May,3,2,1,2,New_Visitor,False,True
0,2.64,0,0.5,6,239.67,0.01,0.05,5.38,0.0,Nov,2,10,3,1,Returning_Visitor,False,False
6,182.51,4,271.52,131,4884.54,0.01,0.04,3.61,0.0,Nov,1,1,1,2,Returning_Visitor,False,False
1,24.04,0,0.0,6,239.67,0.0,0.02,5.38,0.4,May,2,2,3,3,Returning_Visitor,False,False
1,24.04,0,0.0,66,2701.96,0.0,0.02,0.0,0.4,May,2,2,2,2,Returning_Visitor,False,False
0,0.0,0,0.5,6,239.67,0.0,0.02,5.38,0.0,Nov,2,2,1,1,Returning_Visitor,True,False
0,2.64,0,0.0,19,574.0,0.04,0.08,5.38,0.0,May,2,2,1,4,New_Visitor,False,False
0,0.0,0,0.0,2,239.67,0.2,0.2,1.96,0.0,Dec,3,2,1,2,Returning_Visitor,True,False
6,202.0,6,944.75,54,2191.33,0.0,0.02,5.38,0.29,May,1,1,4,3,Returning_Visitor,False,False
1,19.0,0,0.5,6,87.0,0.0,0.01,0.0,0.29,May,2,2,1,3,Returning_Visitor,False,False
0,0.0,0,0.5,6,25.0,0.13,0.17,5.38,0.29,May,2,2,4,4,Returning_Visitor,True,False
1,24.04,0,0.5,13,595.6,0.0,0.02,0.0,0.31,May,1,1,1,2,New_Visitor,True,False
4,144.08,0,0.0,9,635.72,0.0,0.0,5.38,0.76,May,1,1,3,4,New_Visitor,False,False
0,2.64,0,0.0,24,865.58,0.0,0.02,0.82,0.31,June,1,1,1,2,New_Visitor,True,True
2,56.5,1,28.75,50,1753.08,0.0,0.01,4.6,0.0,Dec,4,1,9,8,Returning_Visitor,True,True
8,305.12,3,368.25,27,1121.25,0.02,0.04,39.52,0.0,Dec,3,2,1,2,New_Visitor,False,False
6,202.0,4,258.72,29,1155.81,0.01,0.03,1.38,0.0,Mar,1,1,8,1,Returning_Visitor,False,False
1,24.04,0,0.5,33,1155.81,0.0,0.02,0.0,0.76,May,1,1,1,3,Returning_Visitor,False,False
1,24.04,0,0.5,6,239.67,0.0,0.02,5.38,0.0,Nov,1,1,1,1,Returning_Visitor,False,False
1,24.04,0,0.0,4,105.0,0.0,0.02,0.82,0.0,Mar,2,5,3,1,Returning_Visitor,False,False
0,2.64,0,0.0,6,239.67,0.0,0.02,5.38,0.0,Nov,2,4,1,2,New_Visitor,False,False
1,24.04,0,0.5,6,239.67,0.01,0.03,0.0,0.0,Nov,2,10,3,2,New_Visitor,True,False
1,24.04,0,0.0,6,239.67,0.0,0.02,5.38,0.31,May,2,6,3,2,Returning_Visitor,False,True
0,2.64,0,0.5,5,239.67,0.0,0.02,0.0,0.29,May,2,2,1,3,Returning_Visitor,False,False
0,2.64,0,0.5,28,1053.95,0.0,0.02,5.38,0.0,Nov,2,4,1,1,Returning_Visitor,False,False
6,202.0,4,258.72,54,2191.33,0.0,0.02,0.82,0.31,June,1,1,8,5,Returning_Visitor,True,False
1,24.04,0,0.0,6,157.5,0.0,0.02,1.38,0.0,Mar,2,2,1,2,New_Visitor,False,False
0,0.0,0,0.0,6,239.67,0.0,0.02,0.82,0.0,Mar,2,2,7,3,Returning_Visitor,False,False
5,154.08,0,0.0,45,1351.12,0.0,0.02,0.82,0.0,Mar,1,1,1,4,Returning_Visitor,False,True
6,206.07,1,50.54,9,239.67,0.0,0.02,5.38,0.0,Oct,2,2,1,6,Returning_Visitor,False,False
1,24.04,2,41.5,98,3195.76,0.0,0.01,5.38,0.0,Nov,2,2,1,2,Returning_Visitor,False,True
6,202.0,0,0.5,14,442.0,0.0,0.02,42.28,0.0,Nov,1,1,1,13,Returning_Visitor,False,False
6,202.0,0,0.5,19,586.37,0.0,0.0,5.38,0.0,Nov,3,5,3,10,New_Visitor,False,True
1,24.04,0,0.5,2,239.67,0.2,0.2,0.0,0.31,May,2,2,6,6,Returning_Visitor,True,False
4,144.08,0,0.5,7,239.67,0.0,0.02,0.82,0.0,Mar,1,1,4,5,Returning_Visitor,False,False
0,0.0,0,0.5,43,1351.12,0.02,0.05,5.38,0.31,May,2,5,3,2,Returning_Visitor,False,False
1,24.04,0,0.5,4,239.67,0.0,0.02,0.0,0.0,May,1,1,1,4,New_Visitor,False,False
1,24.04,0,0.5,6,56.0,0.04,0.08,5.38,0.31,May,2,4,3,1,Returning_Visitor,False,False
1,24.04,0,0.0,6,239.67,0.0,0.02,0.82,0.0,Jul,2,2,1,4,Returning_Visitor,False,False
0,2.64,0,0.0,6,239.67,0.0,0.02,1.96,0.0,Dec,2,5,3,2,New_Visitor,False,False
1,24.04,0,0.5,23,736.23,0.0,0.01,1.96,0.0,Dec,2,10,3,2,New_Visitor,False,True
6,202.0,2,37.0,98,4112.39,0.0,0.02,5.38,0.31,May,2,2,3,2,Returning_Visitor,False,False
1,24.04,0,0.5,6,239.67,0.0,0.02,1.38,0.0,Mar,2,2,1,3,Returning_Visitor,True,False
10,470.45,1,50.54,54,2191.33,0.0,0.01,5.38,0.0,Nov,1,1,1,2,Returning_Visitor,False,False
1,24.04,0,0.0,6,239.67,0.04,0.1,0.82,0.0,Mar,2,10,3,1,Returning_Visitor,False,False
0,0.0,0,0.0,10,239.67,0.0,0.02,0.0,0.0,May,2,2,3,3,Returning_Visitor,False,False
6,202.0,2,92.5,54,2191.33,0.0,0.02,5.38,0.76,May,2,4,1,4,New_Visitor,False,True
0,2.64,0,0.5,20,593.7,0.0,0.02,5.38,0.0,May,2,5,3,4,Returning_Visitor,True,True
6,202.0,0,0.5,19,562.67,0.0,0.02,5.38,0.0,May,2,5,3,13,Returning_Visitor,False,False
1,24.04,0,0.5,2,12.0,0.0,0.02,1.38,0.0,Mar,1,1,1,3,Returning_Visitor,False,False
0,0.0,1,50.54,87,3178.58,0.01,0.04,0.82,0.0,Mar,2,2,1,1,Returning_Visitor,False,False
1,24.04,0,0.5,6,239.67,0.02,0.03,5.38,0.76,May,2,2,1,4,Returning_Visitor,False,False
0,0.0,0,0.5,6,239.67,0.0,0.02,0.0,0.0,Nov,1,1,4,4,Returning_Visitor,True,False
1,24.04,0,0.0,66,2701.96,0.0,0.01,1.96,0.0,Dec,2,2,5,2,Returning_Visitor,False,False
2,9.0,0,0.0,150,6617.79,0.0,0.02,0.82,0.0,Mar,2,10,3,2,Returning_Visitor,True,True
7,202.0,1,50.54,31,1155.81,0.0,0.02,27.38,0.0,Mar,2,2,5,9,Returning_Visitor,False,True
4,365.03,0,0.5,54,2191.33,0.0,0.02,0.82,0.76,June,2,2,3,9,Returning_Visitor,True,False
3,40.0,0,0.5,56,2191.33,0.0,0.01,85.75,0.01,May,8,10,3,1,Returning_Visitor,False,False
11,426.35,1,50.54,89,3195.76,0.0,0.02,0.82,0.01,June,1,1,1,4,Returning_Visitor,True,False
0,2.64,1,0.0,41,1584.25,0.02,0.05,0.82,0.0,Mar,3,2,1,1,Returning_Visitor,True,False
2,57.25,0,0.0,87,2999.72,0.0,0.02,5.38,0.01,May,2,4,2,3,Returning_Visitor,False,False
1,24.04,0,0.0,6,239.67,0.01,0.03,9.1,0.76,May,2,5,3,4,New_Visitor,False,False
5,233.12,0,0.0,36,818.5,0.01,0.03,61.53,0.8,May,1,5,3,17,Returning_Visitor,True,False
1,24.04,0,0.0,1,239.67,0.2,0.2,4.75,0.0,June,1,8,1,20,New_Visitor,False,False
4,103.0,1,50.54,6,250.17,0.0,0.03,5.38,0.29,May,3,5,3,11,Returning_Visitor,False,False
6,182.51,1,50.54,54,2191.33,0.0,0.02,0.0,0.31,May,1,1,1,2,Returning_Visitor,False,False
1,24.04,0,0.5,6,71.6,0.03,0.07,5.38,0.0,Nov,1,1,9,4,Returning_Visitor,False,False
2,57.25,0,0.0,24,836.58,0.0,0.02,0.0,0.76,May,1,1,1,4,New_Visitor,False,False
0,0.0,0,0.5,1,239.67,0.2,0.2,0.82,0.0,June,2,2,1,4,New_Visitor,False,False
0,0.0,0,0.5,87,3644.75,0.0,0.02,1.38,0.0,Mar,1,1,8,2,Returning_Visitor,True,False
4,134.61,0,0.5,54,2426.79,0.0,0.02,33.87,0.0,Nov,2,5,3,8,Returning_Visitor,False,True
3,129.24,0,0.5,19,469.88,0.0,0.01,0.0,0.0,Mar,2,5,3,2,New_Visitor,False,False
1,24.04,0,0.5,6,239.67,0.0,0.02,5.38,0.0,Nov,2,2,7,6,Returning_Visitor,True,False
6,202.0,2,94.0,39,1250.68,0.0,0.02,5.38,0.76,May,1,1,1,4,New_Visitor,False,False
1,24.04,0,0.0,8,343.25,0.01,0.04,1.96,0.0,Dec,2,2,4,2,Returning_Visitor,True,False
1,24.04,0,0.5,6,194.4,0.01,0.05,5.38,0.01,Aug,2,4,1,4,New_Visitor,True,False
3,129.24,0,0.0,24,871.83,0.0,0.02,5.38,0.0,Oct,1,1,1,2,New_Visitor,False,False
0,2.64,0,0.0,12,442.89,0.0,0.02,14.38,0.0,Sep,2,10,7,6,New_Visitor,True,True
4,101.64,0,0.5,54,2191.33,0.0,0.0,0.82,0.31,June,1,1,1,1,Returning_Visitor,False,False
1,24.04,0,0.0,6,60.0,0.0,0.02,5.38,0.76,May,2,4,3,4,New_Visitor,True,False
1,24.04,0,0.5,6,239.67,0.0,0.02,5.38,0.0,Nov,1,1,1,3,Returning_Visitor,False,True
1,24.04,0,0.5,6,239.67,0.0,0.02,0.82,0.0,June,1,1,1,4,New_Visitor,False,False
4,133.47,0,0.0,54,2191.33,0.0,0.02,97.86,0.01,May,2,10,3,1,Returning_Visitor,True,True
1,24.04,3,127.89,14,418.84,0.0,0.02,5.38,0.0,Oct,2,2,1,2,New_Visitor,True,False
1,0.0,0,0.5,6,239.67,0.0,0.02,5.38,0.0,Nov,2,4,1,2,New_Visitor,False,True
0,0.0,0,0.5,6,239.67,0.0,0.02,0.0,0.76,May,2,2,1,4,New_Visitor,False,False
6,182.51,1,50.54,29,1155.81,0.01,0.02,0.0,0.0,May,3,2,1,4,New_Visitor,False,False
1,24.04,0,0.5,6,239.67,0.0,0.02,0.0,0.31,May,3,2,1,2,Returning_Visitor,True,False
6,138.5,1,50.54,19,546.61,0.01,0.03,1.96,0.31,Sep,1,8,1,2,Returning_Visitor,True,False
0,0.0,0,0.0,6,239.67,0.0,0.02,0.0,0.31,May,1,1,1,6,Returning_Visitor,False,False
4,76.6,0,0.5,16,757.39,0.0,0.02,5.38,0.76,May,1,1,4,4,Returning_Visitor,True,False
1,24.04,0,0.5,6,239.67,0.0,0.01,1.38,0.0,Mar,1,1,1,2,New_Visitor,False,False
0,2.64,0,0.0,6,239.67,0.2,0.2,1.96,0.0,Dec,2,10,3,2,New_Visitor,False,False
0,2.64,0,0.0,58,2191.33,0.0,0.02,70.8,0.8,May,1,1,3,3,Returning_Visitor,False,False
1,24.04,0,0.5,14,440.23,0.0,0.02,0.82,0.0,Jul,3,2,1,2,Returning_Visitor,True,False
1,24.04,0,0.5,6,239.67,0.0,0.02,1.96,0.0,Dec,2,2,1,2,New_Visitor,False,False
6,202.0,0,0.5,8,676.0,0.0,0.02,0.0,0.0,Nov,2,5,3,13,Returning_Visitor,False,False
0,0.0,0,0.5,6,239.67,0.0,0.02,0.0,0.0,Mar,2,5,3,1,Returning_Visitor,False,False
0,2.64,0,0.0,8,240.0,0.0,0.02,5.38,0.31,May,2,2,8,2,Returning_Visitor,True,True
3,52.0,2,7.0,87,3087.0,0.0,0.02,0.82,0.76,June,2,4,3,1,Returning_Visitor,False,True
6,182.51,1,50.54,41,1431.33,0.0,0.02,5.38,0.0,May,2,12,3,11,Returning_Visitor,False,False
7,63.5,5,554.11,54,2191.33,0.0,0.02,0.82,0.76,June,2,2,3,1,Returning_Visitor,False,False
3,99.0,0,0.0,54,2191.33,0.0,0.02,0.82,0.31,June,3,2,1,13,Returning_Visitor,False,False
0,0.0,0,0.0,6,239.67,0.0,0.02,0.82,0.01,June,2,4,3,3,Returning_Visitor,False,True
1,24.04,0,0.5,6,239.67,0.0,0.02,5.38,0.31,May,3,2,1,13,Returning_Visitor,False,False
1,24.04,0,0.0,3,239.67,0.0,0.02,1.38,0.0,Mar,2,10,3,2,New_Visitor,False,False
1,24.04,0,0.0,6,239.67,0.0,0.02,1.38,0.0,Mar,1,1,1,2,New_Visitor,False,False
2,60.0,0,0.5,17,1370.07,0.02,0.04,0.0,0.0,Nov,2,4,6,1,Returning_Visitor,False,False
1,10.0,0,0.5,29,1152.5,0.0,0.02,0.82,0.29,June,3,2,4,3,Returning_Visitor,False,False
1,24.04,0,0.0,29,1118.83,0.0,0.02,5.38,0.76,May,2,4,6,3,Returning_Visitor,False,False
4,20.0,0,0.5,57,2191.33,0.01,0.03,0.82,0.01,June,2,4,3,4,New_Visitor,False,False
8,222.88,4,285.62,31,1155.81,0.0,0.02,0.82,0.31,June,3,2,1,2,Returning_Visitor,True,False
9,362.3,0,0.0,54,2191.33,0.01,0.03,1.96,0.76,Sep,2,2,1,4,New_Visitor,False,False
0,0.0,0,0.5,6,239.67,0.03,0.07,0.0,0.0,Nov,2,5,3,1,Returning_Visitor,False,False
7,202.0,0,0.5,264,10497.15,0.0,0.01,8.83,0.0,Nov,1,1,1,2,Returning_Visitor,True,False
1,24.04,0,0.5,45,1351.12,0.0,0.02,4.02,0.01,Aug,3,2,1,3,Returning_Visitor,True,False
4,98.0,1,50.54,8,343.0,0.0,0.02,0.82,0.0,Mar,2,2,1,2,Returning_Visitor,True,False
1,24.04,0,0.0,6,239.67,0.0,0.01,15.89,0.0,May,2,10,3,4,Returning_Visitor,True,True
1,24.04,0,0.5,6,239.67,0.0,0.01,28.7,0.0,Oct,1,1,6,2,New_Visitor,True,True
1,24.04,2,9.0,6,239.67,0.0,0.02,86.12,0.0,Nov,2,2,1,2,New_Visitor,False,True
1,24.04,1,50.54,6,239.67,0.0,0.02,5.38,0.31,May,2,2,1,2,Returning_Visitor,False,False
6,152.5,5,243.5,54,2191.33,0.0,0.02,0.82,0.76,June,2,2,3,1,Returning_Visitor,True,True
4,144.08,2,116.22,145,2935.26,0.0,0.02,5.38,0.0,Aug,2,4,2,1,Returning_Visitor,False,False
0,2.64,0,0.5,6,239.67,0.0,0.01,5.38,0.76,May,1,1,1,4,New_Visitor,False,False
0,2.64,0,0.0,18,410.92,0.11,0.15,5.38,0.76,May,3,2,4,3,Returning_Visitor,False,False
1,24.04,0,0.5,25,280.93,0.0,0.02,0.0,0.31,May,2,2,3,13,Returning_Visitor,False,False
4,144.08,1,50.54,54,2191.33,0.0,0.02,0.0,0.01,May,3,2,1,4,New_Visitor,False,False
1,24.04,0,0.5,6,239.67,0.0,0.02,0.0,0.76,May,1,1,1,3,Returning_Visitor,False,False
1,24.04,0,0.0,3,239.67,0.0,0.0,5.38,0.0,May,1,8,1,3,Returning_Visitor,False,False
0,0.0,1,50.54,8,330.0,0.07,0.12,1.38,0.0,Mar,3,2,8,10,Returning_Visitor,False,False
1,24.04,0,0.5,22,279.83,0.0,0.02,0.0,0.0,Nov,2,2,1,2,Returning_Visitor,False,False
0,0.0,0,0.5,1,239.67,0.2,0.2,0.0,0.31,May,1,1,1,1,Returning_Visitor,False,False
1,24.04,0,0.0,6,239.67,0.0,0.02,0.82,0.01,June,3,2,1,3,Returning_Visitor,True,False
4,149.25,1,50.54,54,2191.33,0.0,0.02,14.89,0.0,Mar,2,5,3,2,New_Visitor,False,True
8,202.0,3,353.33,45,1351.12,0.01,0.02,1.38,0.0,Mar,3,2,3,1,Returning_Visitor,False,True
6,150.36,3,261.65,329,11431.0,0.01,0.04,5.38,0.76,May,2,2,1,4,New_Visitor,False,True
0,2.64,0,0.5,9,239.67,0.08,0.09,0.82,0.0,Mar,1,1,8,2,Returning_Visitor,True,False
1,24.04,0,0.5,51,946.39,0.02,0.04,5.38,0.0,Nov,1,1,3,2,Returning_Visitor,False,False
0,2.64,0,0.0,5,360.75,0.01,0.04,0.0,0.0,May,2,4,1,3,Returning_Visitor,False,False
9,335.8,1,50.54,54,2191.33,0.0,0.02,0.0,0.01,May,2,2,4,3,Returning_Visitor,False,False
1,24.04,0,0.5,16,218.0,0.01,0.04,5.38,0.0,Nov,2,4,6,1,Returning_Visitor,False,False
1,24.04,0,0.0,15,595.6,0.01,0.04,0.0,0.76,May,2,2,1,3,Returning_Visitor,False,False
1,24.04,0,0.5,6,239.67,0.0,0.04,5.38,0.0,Nov,2,2,1,1,Returning_Visitor,False,False
1,24.04,0,0.0,6,239.67,0.03,0.07,5.38,0.0,Nov,1,1,1,3,Returning_Visitor,False,False
4,110.5,0,0.5,8,284.0,0.0,0.01,0.0,0.76,May,1,8,1,12,New_Visitor,False,False
0,0.0,0,0.0,6,239.67,0.0,0.02,0.0,0.76,May,2,5,3,4,New_Visitor,False,False
4,144.08,3,87.7,16,379.3,0.02,0.05,0.0,0.76,May,1,1,1,3,Returning_Visitor,False,False
2,57.25,0,0.0,4,239.67,0.0,0.02,5.38,0.0,May,3,2,6,3,Returning_Visitor,False,False
2,45.8,0,0.5,6,239.67,0.0,0.02,0.82,0.0,Jul,1,1,4,3,Returning_Visitor,False,False
12,446.23,7,1778.0,355,13259.29,0.0,0.01,5.38,0.01,May,2,2,1,4,Returning_Visitor,False,False
1,24.04,0,0.0,6,239.67,0.0,0.02,5.38,0.0,Nov,2,2,4,2,New_Visitor,True,True
6,140.0,2,12.0,52,1701.27,0.0,0.01,5.38,0.76,May,3,2,1,4,New_Visitor,False,False
6,262.25,1,50.54,54,2302.02,0.0,0.02,43.36,0.01,May,1,1,1,20,New_Visitor,False,True
1,24.04,0,0.0,52,1701.27,0.01,0.02,5.38,0.0,May,2,2,1,4,Returning_Visitor,True,False
1,24.04,1,50.54,41,1666.75,0.0,0.02,0.0,0.01,May,2,4,3,4,New_Visitor,False,False
0,0.0,0,0.5,6,153.62,0.0,0.01,0.0,0.0,Nov,1,1,8,2,New_Visitor,False,True
1,24.04,0,0.5,23,766.25,0.0,0.02,0.82,0.76,June,2,4,3,2,New_Visitor,True,True
0,0.0,0,0.0,6,239.67,0.0,0.02,19.61,0.76,May,1,1,1,3,Returning_Visitor,False,False
1,24.04,0,0.0,6,213.0,0.03,0.07,5.38,0.76,May,2,2,4,4,Returning_Visitor,True,False
1,24.04,0,0.5,6,239.67,0.2,0.2,5.38,0.8,May,3,2,1,3,Returning_Visitor,False,False
0,2.64,0,0.5,6,239.67,0.0,0.02,0.0,0.0,Nov,2,10,3,2,New_Visitor,False,False
0,0.0,0,0.0,6,229.25,0.0,0.06,1.38,0.0,Mar,1,1,6,9,Returning_Visitor,False,False
0,0.0,0,0.5,6,239.67,0.0,0.02,1.96,0.76,Sep,2,2,1,4,New_Visitor,False,True
4,100.92,0,0.0,54,2191.33,0.0,0.02,0.82,0.31,June,2,2,3,1,Returning_Visitor,True,False
2,57.25,0,0.0,76,2855.17,0.0,0.01,0.0,0.29,May,2,2,4,3,Returning_Visitor,False,False
4,166.5,1,50.54,54,2191.33,0.01,0.05,0.0,0.0,May,2,12,3,11,Returning_Visitor,False,False
0,2.64,0,0.5,27,836.58,0.0,0.02,5.38,0.0,Nov,3,2,1,11,New_Visitor,False,False
1,24.04,0,0.0,6,55.0,0.07,0.1,0.0,0.0,Mar,3,2,1,1,Returning_Visitor,False,False
1,24.04,0,0.5,8,274.7,0.0,0.02,0.82,0.0,Jul,1,1,5,2,New_Visitor,True,False
1,24.04,0,0.0,6,239.67,0.0,0.0,5.38,0.31,May,2,5,1,2,New_Visitor,False,False
0,2.64,0,0.0,6,22.0,0.0,0.02,5.38,0.0,Nov,3,2,3,3,Returning_Visitor,False,False
5,154.08,2,116.22,28,964.05,0.0,0.02,5.38,0.76,May,1,1,7,11,Returning_Visitor,False,False
2,57.25,0,0.5,19,535.35,0.01,0.02,0.0,0.0,Mar,2,2,3,10,Returning_Visitor,False,False
1,24.04,0,0.5,3,239.67,0.01,0.02,0.82,0.0,Mar,4,5,1,5,Returning_Visitor,True,True
0,2.64,0,0.0,6,73.75,0.0,0.02,0.0,0.0,Nov,2,10,3,2,New_Visitor,False,False
1,24.04,0,0.0,6,239.67,0.01,0.01,0.0,0.31,May,1,1,8,2,Returning_Visitor,False,False
1,24.04,0,0.5,29,1205.58,0.0,0.01,0.82,0.31,June,2,5,3,2,Returning_Visitor,False,False
0,0.0,0,0.5,16,757.39,0.0,0.02,0.0,0.76,May,2,2,1,4,Returning_Visitor,True,False
7,73.23,1,50.54,190,7710.73,0.0,0.02,0.1,0.0,Nov,1,1,4,4,Returning_Visitor,True,True
1,24.04,0,0.5,14,595.6,0.0,0.02,5.38,0.76,May,2,2,1,4,Returning_Visitor,False,False
2,43.4,2,16.2,31,1155.81,0.01,0.02,0.0,0.0,Nov,2,4,3,2,New_Visitor,False,False
1,24.04,0,0.5,137,2668.73,0.0,0.02,0.0,0.0,Nov,2,10,3,2,New_Visitor,False,False
0,0.0,0,0.0,7,239.67,0.0,0.02,0.0,0.76,May,2,2,1,3,Returning_Visitor,False,False
1,24.04,0,0.5,6,239.67,0.0,0.02,0.0,0.76,May,1,1,1,3,Returning_Visitor,False,False
1,24.04,0,0.0,4,239.67,0.0,0.01,5.38,0.0,Nov,1,1,4,1,Returning_Visitor,False,False
6,202.0,1,191.9,54,2191.33,0.0,0.01,5.38,0.0,Oct,2,10,3,5,Returning_Visitor,False,False
1,24.04,0,0.5,1,0.0,0.2,0.2,5.38,0.0,Nov,2,1,3,6,Returning_Visitor,False,False
1,3.0,0,0.5,6,239.67,0.0,0.02,5.38,0.0,May,2,2,1,4,New_Visitor,False,False
1,24.04,0,0.5,33,1606.83,0.0,0.03,5.38,0.0,May,3,2,1,2,Returning_Visitor,False,False
0,0.0,0,0.5,34,1155.81,0.0,0.02,0.0,0.31,May,1,1,1,2,Returning_Visitor,False,False
1,24.04,0,0.0,6,239.67,0.01,0.01,20.32,0.0,Mar,1,1,1,1,Returning_Visitor,False,True
0,0.0,0,0.0,6,239.67,0.0,0.02,1.38,0.29,Feb,2,6,1,3,Returning_Visitor,False,False
1,24.04,0,0.5,6,239.67,0.0,0.02,0.0,0.76,May,2,2,3,3,Returning_Visitor,False,False
1,24.04,0,0.5,37,1155.81,0.02,0.06,0.82,0.31,June,2,5,3,1,Returning_Visitor,False,False
2,57.25,0,0.5,6,239.67,0.0,0.02,68.2,0.0,May,2,1,3,1,Returning_Visitor,False,False
0,0.0,0,0.5,12,442.89,0.0,0.02,1.96,0.0,Dec,2,2,2,2,New_Visitor,False,False
3,129.24,0,0.0,23,836.58,0.0,0.0,17.37,0.76,May,1,1,1,4,Returning_Visitor,True,True
3,109.0,1,50.54,6,239.67,0.01,0.03,5.38,0.76,May,4,1,7,4,New_Visitor,True,False
12,426.35,1,50.54,54,2191.33,0.01,0.02,0.0,0.0,Nov,2,2,1,2,Returning_Visitor,True,True
1,24.04,0,0.5,6,239.67,0.0,0.02,29.88,0.29,May,1,1,1,3,Returning_Visitor,False,False
0,2.64,0,0.5,6,60.0,0.01,0.05,0.82,0.01,June,2,4,3,4,New_Visitor,False,False
1,49.5,0,0.0,9,239.67,0.0,0.02,0.0,0.29,May,1,1,1,7,New_Visitor,False,False
5,247.1,1,50.54,8,239.67,0.0,0.02,0.0,0.0,Oct,1,1,1,1,Returning_Visitor,False,False
0,2.64,0,0.0,64,1690.78,0.0,0.02,1.96,0.0,Dec,2,10,3,2,New_Visitor,False,False
1,24.04,0,0.5,26,836.58,0.0,0.02,1.96,0.0,Dec,2,5,3,2,Returning_Visitor,False,False
8,364.5,0,0.0,26,836.58,0.01,0.01,5.38,0.0,Nov,1,1,1,15,Returning_Visitor,False,False
8,317.02,3,127.89,238,10143.82,0.0,0.02,0.82,0.0,Mar,2,4,3,2,New_Visitor,True,True
6,214.6,0,0.0,54,2191.33,0.0,0.02,5.38,0.01,Aug,2,2,1,4,New_Visitor,False,False
1,24.04,0,0.0,6,239.67,0.0,0.01,0.0,0.0,Nov,2,4,1,2,New_Visitor,True,False
1,24.04,0,0.0,6,239.67,0.0,0.02,0.0,0.76,May,3,2,1,4,Returning_Visitor,False,False
2,29.5,0,0.0,41,1653.4,0.0,0.02,5.38,0.01,May,3,2,1,3,Returning_Visitor,False,False
2,61.0,0,0.5,19,502.5,0.0,0.01,5.38,0.76,May,4,1,2,4,New_Visitor,True,True
1,24.04,0,0.5,19,364.53,0.0,0.02,0.0,0.0,May,1,1,3,4,Returning_Visitor,False,False
1,24.04,0,0.0,6,231.0,0.01,0.04,0.0,0.0,May,2,2,3,4,Returning_Visitor,False,False
0,2.64,0,0.5,6,239.67,0.01,0.04,0.82,0.31,June,2,4,1,1,Returning_Visitor,False,False
0,0.0,0,0.5,6,239.67,0.0,0.02,0.0,0.76,May,1,1,4,4,Returning_Visitor,True,False
4,116.0,1,50.54,54,2191.33,0.0,0.02,0.0,0.01,May,2,2,3,4,Returning_Visitor,True,False
1,24.04,0,0.5,6,239.67,0.0,0.02,0.0,0.76,May,2,4,1,4,New_Visitor,False,False
1,19.0,0,0.5,4,88.0,0.0,0.02,1.96,0.0,Dec,1,1,1,2,Returning_Visitor,False,False
1,4.0,0,0.5,18,631.67,0.0,0.02,5.38,0.0,Nov,2,2,1,3,Returning_Visitor,False,True
1,24.04,0,0.0,5,239.67,0.08,0.12,5.38,0.76,May,2,4,1,4,New_Visitor,False,False
1,24.04,0,0.5,29,1093.0,0.08,0.11,1.38,0.0,Mar,2,2,3,1,Returning_Visitor,False,False
1,24.04,0,0.5,21,836.58,0.0,0.02,0.0,0.76,Feb,1,1,1,3,Returning_Visitor,False,False
4,82.5,0,0.5,54,2191.33,0.0,0.02,0.82,0.0,Mar,1,1,1,2,Returning_Visitor,True,False
1,24.04,0,0.5,6,239.67,0.01,0.02,0.82,0.31,June,1,1,1,1,Returning_Visitor,True,False
9,356.5,0,0.5,54,2191.33,0.0,0.01,0.82,0.31,June,1,1,1,1,Returning_Visitor,False,True
3,47.07,0,0.0,58,2191.33,0.0,0.02,5.38,0.29,May,1,1,1,3,Returning_Visitor,False,False
1,31.5,0,0.5,6,239.67,0.0,0.05,5.38,0.31,May,2,4,9,2,Returning_Visitor,False,False
1,24.04,0,0.0,6,239.67,0.0,0.02,0.0,0.0,Nov,2,10,3,1,Returning_Visitor,False,False
1,7.0,0,0.5,28,1155.81,0.03,0.07,5.38,0.76,May,1,1,1,4,Returning_Visitor,True,False
0,0.0,0,0.5,12,425.17,0.0,0.02,0.0,0.76,May,2,4,6,3,Returning_Visitor,False,False
1,24.04,0,0.0,6,239.67,0.03,0.06,5.38,0.0,Nov,1,1,8,1,Returning_Visitor,False,True
1,24.04,0,0.0,11,239.67,0.0,0.02,5.38,0.31,May,2,2,1,1,Returning_Visitor,True,False
1,24.04,0,0.0,6,239.67,0.0,0.02,1.38,0.0,Mar,1,1,1,1,Returning_Visitor,False,False
9,202.0,2,35.2,54,2191.33,0.03,0.05,0.82,0.0,Jul,1,1,8,2,New_Visitor,False,False
2,43.5,0,0.0,6,239.67,0.0,0.02,0.0,0.0,Dec,2,12,1,16,New_Visitor,False,False
5,154.08,1,50.54,54,2161.13,0.01,0.04,0.82,0.76,June,1,1,8,2,New_Visitor,False,True
0,0.0,0,0.5,6,132.63,0.0,0.02,0.0,0.0,Mar,1,1,1,2,Returning_Visitor,False,False
9,946.1,0,0.0,34,1314.08,0.0,0.02,61.53,0.0,May,8,13,9,17,Other,False,True
3,185.88,0,0.5,142,5972.42,0.0,0.02,70.34,0.0,Nov,2,6,1,1,Returning_Visitor,False,True
9,1213.02,3,127.89,33,1239.5,0.07,0.1,61.53,1.0,May,2,4,1,20,New_Visitor,True,False
1,24.04,0,0.0,5,239.67,0.04,0.09,5.38,0.76,May,2,2,1,3,Returning_Visitor,False,False
0,0.0,0,0.5,4,239.67,0.0,0.02,0.0,0.0,Dec,1,1,1,2,Returning_Visitor,False,False
1,24.04,0,0.5,6,239.67,0.0,0.02,0.0,0.0,Nov,2,10,3,2,Returning_Visitor,False,False
0,0.0,1,50.54,6,239.67,0.0,0.04,0.0,0.0,Dec,2,5,8,2,Returning_Visitor,True,False
1,24.04,0,0.5,6,239.67,0.01,0.03,0.0,0.2,May,2,2,1,4,New_Visitor,False,False
2,256.0,1,50.54,14,574.5,0.0,0.02,0.0,0.0,Nov,2,13,8,11,Returning_Visitor,False,False
2,57.25,0,0.5,6,239.67,0.0,0.01,143.48,0.0,May,2,10,3,1,New_Visitor,True,True
0,2.64,0,0.5,6,239.67,0.0,0.02,0.0,0.0,Jul,1,1,3,2,New_Visitor,False,False
2,56.73,0,0.0,33,1091.39,0.0,0.02,5.38,0.0,Oct,4,2,3,2,Returning_Visitor,False,False
0,2.64,0,0.0,6,239.67,0.0,0.02,0.0,0.76,May,3,2,1,4,New_Visitor,False,False
1,24.04,0,0.5,50,1896.27,0.01,0.02,3.8,0.0,Dec,2,12,6,9,Returning_Visitor,False,False
0,0.0,2,3.0,6,239.67,0.0,0.01,0.82,0.76,June,1,1,8,2,New_Visitor,False,False
1,24.04,0,0.5,14,595.6,0.01,0.03,0.0,0.0,Nov,1,8,1,1,Returning_Visitor,False,False
0,0.0,0,0.0,28,902.0,0.0,0.02,5.38,0.76,May,1,1,2,4,Returning_Visitor,False,False
0,2.64,0,0.0,46,2158.5,0.0,0.02,0.82,0.01,June,3,2,1,3,Returning_Visitor,True,False
1,24.04,0,0.5,2,239.67,0.0,0.02,1.38,0.0,Mar,2,2,1,1,Returning_Visitor,False,False
11,188.83,2,27.0,64,2701.96,0.0,0.02,48.61,0.01,May,1,7,7,11,Returning_Visitor,False,True
4,144.08,1,50.54,54,2191.33,0.0,0.02,0.0,0.0,Oct,1,1,1,2,New_Visitor,True,False
1,24.04,0,0.5,6,0.0,0.2,0.2,0.82,0.31,June,2,4,2,2,Returning_Visitor,False,False
0,0.0,0,0.5,1,239.67,0.04,0.09,5.38,0.0,Nov,3,13,1,2,New_Visitor,False,False
1,24.04,0,0.5,55,1893.65,0.01,0.04,0.0,0.0,Nov,2,2,1,13,Returning_Visitor,False,False
1,24.04,0,0.5,12,360.0,0.0,0.02,0.0,0.31,May,2,2,1,1,Returning_Visitor,False,False
0,0.0,0,0.0,6,239.67,0.03,0.06,5.38,0.6,May,2,4,1,4,New_Visitor,False,False
7,202.0,0,0.5,25,836.58,0.0,0.03,5.38,0.31,May,2,4,7,1,Returning_Visitor,False,False
4,134.61,0,0.5,16,2515.1,0.0,0.02,0.0,0.0,Nov,2,4,2,1,Returning_Visitor,False,False
1,24.04,0,0.0,15,571.42,0.0,0.02,0.82,0.0,Mar,3,2,1,2,Returning_Visitor,True,False
1,24.04,0,0.5,3,0.0,0.13,0.17,0.82,0.01,June,2,4,3,3,Returning_Visitor,False,False
4,134.61,0,0.5,87,3422.52,0.0,0.02,0.0,0.0,Nov,2,2,1,1,Returning_Visitor,False,False
1,24.04,0,0.5,8,297.3,0.01,0.04,0.0,0.76,May,2,2,4,3,Returning_Visitor,False,False
1,24.04,0,0.5,6,239.67,0.0,0.02,5.38,0.76,May,2,2,4,3,Returning_Visitor,False,True
0,2.64,0,0.0,6,239.67,0.0,0.01,0.0,0.8,May,1,1,1,3,Returning_Visitor,False,False
0,0.0,0,0.5,6,234.5,0.0,0.02,0.0,0.76,May,1,1,7,3,Returning_Visitor,False,False
1,24.04,0,0.5,13,473.5,0.02,0.04,0.0,0.76,May,1,1,1,4,Returning_Visitor,False,False
6,172.08,0,0.5,19,486.15,0.0,0.01,5.38,0.0,Nov,3,2,4,1,Returning_Visitor,False,True
0,0.0,0,0.5,7,239.67,0.0,0.02,0.82,0.2,June,2,5,3,1,Returning_Visitor,False,False
0,0.0,0,0.0,41,1437.75,0.02,0.04,0.0,0.0,Nov,2,2,3,1,Returning_Visitor,False,False
6,261.56,0,0.5,19,1409.42,0.0,0.02,0.0,0.0,Mar,1,8,3,16,New_Visitor,False,False
0,0.0,0,0.5,6,239.67,0.0,0.02,5.38,0.31,May,1,1,1,2,Returning_Visitor,True,False
3,129.24,0,0.0,54,2191.33,0.0,0.02,0.82,0.01,June,2,5,3,4,New_Visitor,False,False
6,240.1,0,0.0,23,668.03,0.0,0.02,0.0,0.31,May,2,2,7,2,New_Visitor,True,False
0,2.64,0,0.5,31,1087.0,0.0,0.01,0.0,0.76,May,4,1,2,4,New_Visitor,False,False
6,156.9,0,0.5,32,1155.81,0.0,0.02,6.59,0.31,May,3,2,1,2,New_Visitor,True,True
4,101.67,0,0.0,54,2250.08,0.0,0.02,5.38,0.76,May,2,4,3,4,New_Visitor,False,True
1,24.04,0,0.5,5,239.67,0.0,0.02,0.0,0.0,Nov,2,2,2,1,Returning_Visitor,False,False
1,24.04,1,47.5,6,239.67,0.0,0.02,5.38,0.76,May,2,10,3,3,Returning_Visitor,False,False
2,48.0,0,0.5,26,836.58,0.02,0.06,5.38,0.0,May,3,5,3,11,Returning_Visitor,False,False
1,63.4,0,0.0,3,120.4,0.0,0.02,5.38,0.0,Nov,1,1,3,2,New_Visitor,False,True
1,24.04,0,0.0,6,224.0,0.0,0.02,65.87,0.31,May,2,2,3,19,Returning_Visitor,False,False
2,57.25,3,135.22,34,1310.47,0.02,0.04,0.82,0.29,June,2,5,3,4,Returning_Visitor,False,False
1,24.04,0,0.5,4,239.67,0.0,0.02,0.82,0.31,June,2,5,3,2,Returning_Visitor,False,False
1,24.04,0,0.0,42,1265.89,0.03,0.06,5.38,0.0,Nov,2,4,2,2,Returning_Visitor,False,False
9,946.1,0,0.5,6,239.67,0.0,0.02,226.68,0.01,May,8,13,9,17,Other,False,True
0,0.0,1,0.0,6,215.0,0.04,0.09,0.0,0.8,May,4,1,1,3,Returning_Visitor,False,False
1,24.04,0,0.5,6,239.67,0.0,0.02,5.38,0.0,Nov,2,2,7,9,Returning_Visitor,True,True
1,24.04,0,0.0,6,239.67,0.0,0.02,0.0,0.76,May,2,4,3,3,Returning_Visitor,False,False
1,7.0,1,50.54,6,239.67,0.0,0.02,1.38,0.0,Mar,2,4,3,2,Returning_Visitor,True,False
6,202.0,0,0.0,14,2530.5,0.02,0.05,5.38,0.6,May,1,5,3,3,Returning_Visitor,False,False
0,0.0,0,0.0,47,1351.12,0.0,0.02,0.82,0.01,June,2,4,1,4,Returning_Visitor,True,False
1,24.04,3,127.89,27,1244.83,0.0,0.02,0.0,0.0,Mar,2,4,3,2,New_Visitor,True,False
1,24.04,0,0.0,6,239.67,0.0,0.02,5.38,0.29,May,2,4,1,3,Returning_Visitor,False,False
0,2.64,0,0.0,6,239.67,0.0,0.02,5.38,0.0,Aug,2,2,2,4,Returning_Visitor,False,False
1,24.04,0,0.0,6,239.67,0.03,0.06,0.0,0.0,Mar,3,2,1,1,Returning_Visitor,True,False
1,24.04,0,0.5,14,363.32,0.0,0.02,1.38,0.0,Mar,1,1,1,2,New_Visitor,False,False
1,24.04,0,0.5,2,239.67,0.0,0.02,0.0,0.0,Aug,2,5,3,3,Returning_Visitor,False,False
4,144.08,1,50.54,19,484.0,0.0,0.02,5.38,0.29,May,2,6,3,3,Returning_Visitor,False,False
5,154.08,0,0.0,28,1058.34,0.0,0.02,37.21,0.29,May,2,5,7,3,Returning_Visitor,False,True
0,2.64,0,0.0,111,3195.76,0.01,0.03,5.38,0.0,Nov,2,2,1,2,Returning_Visitor,False,False
1,24.04,0,0.5,6,239.67,0.01,0.05,0.0,0.0,Dec,2,10,3,1,Returning_Visitor,False,False
0,0.0,0,0.0,6,239.67,0.14,0.17,5.38,0.76,May,2,4,3,4,New_Visitor,False,False
1,15.0,0,0.5,29,1397.5,0.01,0.05,0.0,0.76,May,2,2,1,4,Returning_Visitor,True,False
1,24.04,0,0.5,6,239.67,0.0,0.02,0.82,0.29,June,1,1,1,3,Returning_Visitor,False,False
0,0.0,0,0.5,17,1314.25,0.0,0.02,0.0,0.0,Nov,2,2,3,1,Returning_Visitor,False,False
6,262.02,0,0.5,23,688.45,0.01,0.03,5.38,0.0,May,3,2,3,3,Returning_Visitor,False,False
5,587.0,0,0.5,109,4639.41,0.0,0.02,0.0,0.76,May,3,2,1,3,Returning_Visitor,False,False
1,24.04,0,0.5,23,677.33,0.0,0.02,0.0,0.0,Nov,3,2,1,1,Returning_Visitor,False,False
1,64.5,0,0.5,6,239.67,0.0,0.02,0.0,0.76,May,2,4,3,4,New_Visitor,False,False
1,92.6,0,0.0,6,239.67,0.0,0.02,67.18,0.0,Nov,2,2,3,1,Returning_Visitor,False,True
1,24.04,0,0.0,6,239.67,0.0,0.01,5.38,0.01,Aug,2,2,1,4,New_Visitor,False,False
5,107.12,0,0.5,54,2191.33,0.0,0.02,0.0,0.31,May,2,4,2,1,Returning_Visitor,False,False
0,2.64,0,0.5,6,239.67,0.0,0.03,0.82,0.31,June,2,10,3,1,Returning_Visitor,False,False
1,13.0,2,28.5,6,239.67,0.0,0.02,5.38,0.76,May,2,4,3,4,Returning_Visitor,False,False
2,28.0,0,0.0,9,239.67,0.0,0.02,5.38,0.31,May,2,4,3,2,Returning_Visitor,False,False
1,24.04,0,0.0,6,239.67,0.0,0.02,5.38,0.8,May,2,2,1,4,New_Visitor,False,False
3,69.5,0,0.5,8,239.67,0.0,0.02,1.38,0.0,Mar,3,2,1,1,Returning_Visitor,True,False
0,2.64,0,0.5,14,384.0,0.0,0.02,1.96,0.0,Dec,2,2,1,2,New_Visitor,False,False
0,0.0,0,0.5,39,537.0,0.01,0.02,0.0,0.76,May,2,2,3,3,Returning_Visitor,False,False
0,0.0,0,0.5,1,239.67,0.2,0.2,65.87,0.76,May,2,13,3,1,Returning_Visitor,False,False
1,24.04,0,0.5,25,836.58,0.0,0.02,0.0,0.0,Nov,2,2,1,1,Returning_Visitor,False,False
1,24.04,0,0.0,31,1155.81,0.0,0.02,1.96,0.0,Dec,1,1,8,9,Returning_Visitor,False,False
1,24.04,0,0.5,6,239.67,0.01,0.04,0.0,0.0,Nov,3,2,1,2,New_Visitor,True,False
2,27.2,0,0.0,34,1299.83,0.01,0.03,0.0,0.0,Oct,2,2,3,1,Returning_Visitor,False,False
1,24.04,0,0.5,6,239.67,0.02,0.05,5.38,0.0,Nov,2,2,1,2,New_Visitor,False,False
0,0.0,0,0.0,21,836.58,0.0,0.02,5.38,0.76,May,2,4,1,4,New_Visitor,False,False
0,0.0,0,0.0,41,1372.7,0.02,0.04,0.0,0.0,Mar,1,1,1,2,New_Visitor,False,False
4,81.6,0,0.5,10,239.67,0.02,0.04,0.0,0.76,May,1,1,1,3,Returning_Visitor,False,False
0,0.0,0,0.5,6,239.67,0.0,0.01,5.38,0.0,Nov,2,4,7,1,Returning_Visitor,False,True
4,131.0,1,50.54,54,2191.33,0.0,0.02,0.0,0.31,May,1,1,4,2,New_Visitor,False,False
7,202.0,0,0.5,25,1358.17,0.0,0.02,0.0,0.76,May,2,4,3,4,New_Visitor,False,False
0,0.0,0,0.0,6,239.67,0.0,0.02,1.38,0.0,Mar,1,1,1,1,Returning_Visitor,False,False
1,24.04,0,0.5,6,239.67,0.0,0.02,5.38,0.76,May,2,4,1,4,New_Visitor,False,False
10,543.35,1,50.54,150,6920.97,0.0,0.02,0.82,0.0,Mar,1,1,1,2,New_Visitor,False,False
0,2.64,0,0.5,6,239.67,0.0,0.03,5.38,0.0,Nov,1,1,3,2,Returning_Visitor,False,False
0,0.0,0,0.5,12,404.0,0.0,0.02,0.0,0.0,Nov,2,2,6,1,Returning_Visitor,False,False
0,0.0,0,0.5,1,239.67,0.2,0.2,0.0,0.31,June,6,7,3,5,Returning_Visitor,False,False
7,81.5,0,0.0,54,2191.33,0.0,0.02,0.0,0.29,June,1,1,4,4,Returning_Visitor,True,False
1,24.04,0,0.5,23,713.0,0.0,0.02,5.38,0.0,May,3,2,3,3,Returning_Visitor,False,True
1,7.0,0,0.0,15,430.5,0.0,0.02,5.38,0.31,May,2,10,3,2,Returning_Visitor,False,False
1,24.04,0,0.0,21,1461.83,0.0,0.02,0.82,0.01,June,2,4,3,4,Returning_Visitor,True,True
1,24.04,0,0.5,8,274.3,0.0,0.02,5.38,0.29,May,2,2,4,3,Returning_Visitor,False,False
4,134.61,0,0.5,125,4367.51,0.0,0.02,5.38,0.0,Nov,2,2,3,1,Returning_Visitor,False,False
0,0.0,0,0.0,6,239.67,0.2,0.2,0.0,0.0,Mar,1,1,1,1,Returning_Visitor,False,False
6,240.07,1,50.54,27,242.45,0.08,0.12,5.38,0.0,Oct,2,13,1,13,Returning_Visitor,False,False
1,24.04,0,0.5,6,239.67,0.03,0.06,5.38,0.0,Nov,2,2,1,2,New_Visitor,False,False
0,2.64,0,0.0,12,442.89,0.03,0.07,0.0,0.76,May,3,2,1,3,Returning_Visitor,False,False
0,2.64,0,0.5,6,239.67,0.0,0.02,5.38,0.0,Nov,2,4,9,2,Returning_Visitor,False,True
1,24.04,0,0.0,23,806.12,0.0,0.02,0.0,0.0,Nov,1,1,6,3,Returning_Visitor,False,False
1,24.04,1,50.54,27,836.58,0.0,0.01,5.38,0.0,May,2,4,1,4,Returning_Visitor,False,True
0,2.64,1,50.54,23,645.92,0.01,0.05,0.82,0.0,Mar,1,1,1,2,New_Visitor,False,False
6,182.51,0,0.0,8,239.67,0.0,0.02,0.0,0.01,June,2,4,3,4,Returning_Visitor,True,False
1,3.0,0,0.0,6,133.37,0.0,0.02,4.76,0.0,Jul,2,4,4,1,Returning_Visitor,False,True
1,24.04,0,0.0,39,1250.68,0.0,0.01,0.82,0.0,Mar,1,1,1,3,Returning_Visitor,False,False
2,126.0,0,0.0,6,127.17,0.01,0.04,0.0,0.0,Dec,2,10,3,3,Returning_Visitor,False,False
6,208.27,0,0.0,19,543.78,0.0,0.0,5.38,0.0,May,3,4,3,4,New_Visitor,True,False
1,24.04,1,50.54,13,595.6,0.0,0.0,65.87,0.76,May,1,1,3,20,New_Visitor,False,False
1,24.04,0,0.5,6,239.67,0.05,0.08,0.0,0.76,May,2,2,1,4,Returning_Visitor,True,False
3,129.24,2,116.22,3,239.67,0.0,0.02,0.82,0.0,Mar,2,4,3,2,New_Visitor,False,False
0,0.0,0,0.5,6,239.67,0.0,0.02,5.38,0.76,May,1,1,1,3,Returning_Visitor,False,False
3,238.05,1,50.54,54,2191.33,0.0,0.01,1.56,0.01,June,1,1,3,4,New_Visitor,False,True
0,2.64,0,0.5,4,0.0,0.11,0.15,5.38,0.29,May,2,2,1,3,Returning_Visitor,False,False
0,0.0,0,0.0,8,239.67,0.0,0.05,5.38,0.0,May,2,2,3,2,Returning_Visitor,False,False
1,24.04,0,0.5,19,488.72,0.0,0.02,0.0,0.0,Nov,2,10,3,2,New_Visitor,False,False
0,2.64,0,0.0,6,0.0,0.04,0.1,0.0,0.76,May,2,5,3,4,New_Visitor,False,False
1,24.04,0,0.5,2,239.67,0.0,0.02,0.0,0.0,Dec,2,4,3,2,New_Visitor,False,True
1,24.04,0,0.0,6,239.67,0.0,0.05,0.82,0.01,June,2,2,3,3,Returning_Visitor,False,False
1,24.04,0,0.5,28,950.0,0.0,0.02,0.0,0.0,May,2,4,2,3,Returning_Visitor,False,False
0,0.0,2,134.22,36,1155.81,0.0,0.02,33.85,0.76,May,3,2,7,4,New_Visitor,True,True
1,24.04,0,0.5,6,239.67,0.0,0.02,5.38,0.31,May,1,1,1,2,Returning_Visitor,False,False
3,17.5,1,50.54,23,810.33,0.0,0.02,5.38,0.0,Nov,2,2,3,11,Returning_Visitor,False,False
0,2.64,0,0.0,6,239.67,0.0,0.02,0.0,0.76,May,3,10,3,4,New_Visitor,False,False
1,24.04,0,0.5,25,836.58,0.01,0.03,5.17,0.0,Nov,3,2,1,2,New_Visitor,False,True
1,18.0,0,0.5,5,239.67,0.0,0.02,0.0,0.76,Feb,3,2,8,3,Returning_Visitor,False,False
4,144.08,0,0.5,54,2191.33,0.0,0.02,1.96,0.0,Dec,1,5,3,1,Returning_Visitor,False,False
4,147.5,2,37.5,25,788.27,0.0,0.02,0.82,0.0,Mar,2,2,3,3,Returning_Visitor,False,True
6,164.58,2,28.5,115,3427.67,0.0,0.02,4.97,0.76,Sep,1,1,1,2,New_Visitor,False,True
0,0.0,0,0.5,6,239.67,0.2,0.2,0.0,0.31,May,1,1,1,13,Returning_Visitor,True,False
4,113.5,0,0.5,37,1155.81,0.0,0.02,1.96,0.0,Dec,2,2,1,2,New_Visitor,False,True
2,56.3,0,0.0,11,353.9,0.0,0.02,5.38,0.76,May,2,4,2,4,New_Visitor,False,False
6,202.0,3,127.89,54,2191.33,0.0,0.02,1.96,0.0,Sep,1,1,1,5,Returning_Visitor,False,False
0,0.0,0,0.5,7,239.67,0.01,0.02,0.0,0.76,May,3,2,1,4,New_Visitor,False,False
2,30.0,0,0.5,6,239.67,0.0,0.02,0.82,0.01,June,3,2,1,3,Returning_Visitor,False,False
0,2.64,0,0.5,3,239.67,0.03,0.07,5.38,0.0,Nov,3,2,1,2,New_Visitor,True,False
1,24.04,0,0.0,6,239.67,0.0,0.02,0.82,0.29,June,3,2,4,3,Returning_Visitor,False,True
1,24.04,0,0.0,6,239.67,0.0,0.02,0.0,0.76,May,2,2,3,4,New_Visitor,True,False
5,154.08,1,50.54,54,2191.33,0.0,0.02,0.82,0.01,June,1,1,1,3,Returning_Visitor,False,False
0,0.0,0,0.0,1,239.67,0.2,0.2,29.87,0.31,May,2,13,1,9,Returning_Visitor,True,False
0,0.0,0,0.5,6,239.67,0.01,0.05,0.0,0.6,May,4,5,1,5,Returning_Visitor,True,False
1,24.04,0,0.0,41,1584.3,0.0,0.02,3.36,0.0,Oct,3,2,1,2,Returning_Visitor,True,False
6,275.52,1,50.54,34,1276.59,0.0,0.02,5.38,0.0,Nov,4,1,1,2,New_Visitor,False,True
8,202.0,0,0.0,33,1109.88,0.0,0.02,0.82,0.01,June,1,1,1,4,Returning_Visitor,True,False
1,24.04,0,0.5,19,558.0,0.0,0.02,0.0,0.0,Mar,2,5,3,2,New_Visitor,False,False
1,24.04,0,0.0,6,239.67,0.0,0.02,0.82,0.01,June,2,4,3,4,New_Visitor,False,False
0,2.64,0,0.0,7,239.67,0.03,0.06,1.96,0.0,Dec,2,10,3,3,Returning_Visitor,False,False
1,24.04,0,0.5,19,572.06,0.01,0.03,1.96,0.0,Dec,2,2,3,1,Returning_Visitor,False,False
4,134.61,0,0.5,142,4891.97,0.0,0.02,0.0,0.01,May,3,2,1,3,Returning_Visitor,True,False
2,22.8,0,0.5,6,239.67,0.0,0.01,0.82,0.01,June,1,1,1,4,New_Visitor,False,True
0,0.0,0,0.5,6,239.67,0.2,0.2,5.38,0.76,May,3,2,1,4,New_Visitor,False,False
0,2.64,0,0.5,1,239.67,0.2,0.2,0.82,0.0,Mar,2,2,1,1,Returning_Visitor,False,False
1,24.04,2,39.5,156,5142.86,0.0,0.02,5.38,0.31,May,1,1,1,2,Returning_Visitor,True,False
1,24.04,0,0.5,11,239.67,0.02,0.04,5.38,0.76,May,2,2,3,3,Returning_Visitor,False,False
2,56.5,0,0.0,19,544.83,0.0,0.02,31.39,0.31,May,2,2,1,2,Returning_Visitor,True,False
2,57.25,0,0.0,30,1155.81,0.01,0.02,16.19,0.76,May,2,2,3,4,Returning_Visitor,True,True
4,100.0,0,0.0,6,137.25,0.02,0.05,0.0,0.29,May,1,2,3,3,New_Visitor,False,False
8,202.0,1,50.54,23,759.75,0.0,0.02,1.96,0.0,Dec,1,5,3,1,Returning_Visitor,False,False
0,0.0,0,0.0,1,0.0,0.2,0.2,0.0,0.0,Mar,2,5,3,1,Returning_Visitor,False,False
2,21.0,1,50.54,54,2073.92,0.01,0.03,0.0,0.0,Nov,3,2,3,1,Returning_Visitor,False,False
1,24.04,0,0.5,62,2466.22,0.0,0.02,5.38,0.0,Nov,2,10,3,1,Returning_Visitor,False,True
0,2.64,0,0.5,6,239.67,0.0,0.02,4.6,0.01,Aug,2,4,3,4,Returning_Visitor,True,True
0,0.0,0,0.0,13,595.6,0.0,0.02,0.82,1.0,June,2,2,3,2,Returning_Visitor,True,False
0,0.0,0,0.5,14,433.13,0.0,0.02,70.8,1.0,May,2,3,4,3,Other,True,False
0,2.64,1,24.0,6,239.67,0.01,0.03,5.38,0.76,May,2,4,5,3,Returning_Visitor,False,False
1,24.04,0,0.5,6,239.67,0.0,0.02,0.82,0.0,Jul,1,1,5,2,Returning_Visitor,True,False
1,24.04,0,0.5,6,239.67,0.0,0.02,0.0,0.0,Nov,1,1,1,2,Returning_Visitor,False,False
4,144.08,1,50.54,54,2191.33,0.0,0.02,0.82,0.76,June,1,1,1,2,New_Visitor,False,False
10,1652.0,3,533.44,54,2191.33,0.0,0.01,0.0,0.0,Dec,8,13,9,19,Other,False,False
1,24.04,1,50.54,62,2466.22,0.0,0.02,0.0,0.01,May,2,5,3,4,New_Visitor,False,False
0,0.0,0,0.0,6,239.67,0.0,0.01,5.38,0.31,May,2,2,1,2,Returning_Visitor,False,False
2,69.0,0,0.5,20,836.58,0.0,0.01,5.38,0.0,May,2,5,7,3,Returning_Visitor,False,True
0,2.64,0,0.0,21,836.58,0.0,0.01,16.16,0.31,May,1,1,1,2,Returning_Visitor,True,True
6,202.0,2,116.22,54,2191.33,0.0,0.02,0.82,0.76,June,3,2,1,2,New_Visitor,False,False
1,24.04,0,0.5,23,830.34,0.0,0.03,0.82,0.01,June,1,1,1,3,Returning_Visitor,False,False
1,24.04,0,0.0,2,239.67,0.0,0.02,0.0,0.0,Nov,1,1,1,2,New_Visitor,False,False
6,182.51,1,50.54,29,1155.81,0.0,0.02,0.0,0.76,May,1,1,1,4,New_Visitor,False,False
6,182.51,1,50.54,54,2191.33,0.0,0.02,5.38,0.0,Nov,1,5,3,9,Returning_Visitor,True,False
1,24.04,0,0.5,21,836.58,0.01,0.02,0.82,0.01,June,3,2,1,4,Returning_Visitor,True,False
1,24.04,0,0.0,19,475.65,0.01,0.04,0.82,0.29,June,1,1,4,3,Returning_Visitor,False,False
0,0.0,0,0.5,6,239.67,0.0,0.02,0.0,0.0,Dec,2,5,3,2,New_Visitor,False,False
1,24.04,0,0.5,14,419.6,0.04,0.09,0.82,0.29,June,2,10,3,3,Returning_Visitor,False,False
2,45.0,0,0.5,6,239.67,0.0,0.02,0.82,0.01,June,1,1,1,4,New_Visitor,False,False
1,24.04,1,50.54,94,3195.76,0.0,0.01,0.82,0.0,Mar,2,2,3,3,Returning_Visitor,False,False
9,202.0,1,50.54,39,1250.68,0.01,0.02,16.42,0.31,May,1,1,1,13,Returning_Visitor,False,False
1,24.04,0,0.5,6,239.67,0.0,0.01,0.0,0.76,Sep,3,2,2,3,Returning_Visitor,False,False
6,202.0,0,0.0,76,2827.43,0.0,0.02,11.33,0.76,May,1,1,1,4,New_Visitor,False,False
1,24.04,0,0.5,6,239.67,0.01,0.05,5.38,0.76,May,3,2,3,3,Returning_Visitor,False,False
6,60.14,5,522.17,54,2191.33,0.0,0.02,0.0,0.0,May,2,13,7,12,Returning_Visitor,True,False
1,24.04,0,0.5,6,239.67,0.0,0.02,1.96,0.0,Sep,2,4,3,4,New_Visitor,False,False
1,24.04,2,40.8,6,239.67,0.0,0.02,0.82,0.76,June,1,1,8,2,New_Visitor,False,True
0,2.64,0,0.0,6,0.0,0.2,0.2,0.0,0.76,May,2,5,3,3,Returning_Visitor,False,False
0,2.64,0,0.0,6,239.67,0.0,0.02,0.82,0.01,June,2,2,1,4,Returning_Visitor,True,True
6,202.0,0,0.5,16,431.9,0.0,0.02,5.38,0.31,May,1,1,1,13,Returning_Visitor,True,False
1,24.04,0,0.0,34,1268.27,0.0,0.02,0.82,0.0,June,2,2,4,4,Returning_Visitor,True,False
3,129.24,0,0.5,6,239.67,0.0,0.02,5.38,0.76,May,2,2,1,4,New_Visitor,False,False
4,99.61,0,0.5,54,2191.33,0.0,0.02,0.82,0.01,June,2,4,3,4,Returning_Visitor,True,True
7,202.0,1,50.54,54,2191.33,0.0,0.02,0.0,0.0,May,2,7,3,3,Returning_Visitor,True,False
1,24.04,1,50.54,6,239.67,0.02,0.05,5.38,0.29,May,4,1,1,4,Returning_Visitor,True,True
2,57.25,0,0.5,6,170.83,0.0,0.02,0.0,0.76,May,3,2,1,3,Returning_Visitor,False,False
6,202.0,0,0.0,109,4484.67,0.0,0.02,5.38,0.0,Nov,3,2,2,1,Returning_Visitor,False,False
8,353.4,0,0.0,11,239.67,0.01,0.04,5.38,0.0,Nov,2,2,2,2,Returning_Visitor,True,False
1,24.04,0,0.0,6,28.0,0.0,0.02,5.38,0.0,Nov,2,2,1,2,New_Visitor,False,False
0,0.0,0,0.0,2,63.0,0.0,0.05,1.38,0.0,Mar,1,1,1,1,Returning_Visitor,False,False
0,0.0,0,0.5,6,173.25,0.0,0.02,0.82,0.31,June,2,5,3,1,Returning_Visitor,False,False
0,2.64,0,0.0,6,239.67,0.0,0.02,0.0,0.0,Nov,1,1,8,2,New_Visitor,True,False
10,517.5,7,590.11,15,595.6,0.05,0.09,0.0,0.0,May,3,2,3,3,Returning_Visitor,False,False
0,0.0,0,0.5,6,239.67,0.01,0.04,5.38,0.0,Nov,2,2,3,1,Returning_Visitor,False,False
4,144.08,1,50.54,24,836.58,0.0,0.02,1.96,0.0,Dec,2,4,3,6,Returning_Visitor,False,False
1,24.04,2,5.0,30,1155.81,0.01,0.03,0.82,0.76,June,1,1,1,1,Returning_Visitor,False,False
1,24.04,0,0.5,19,490.53,0.0,0.02,0.82,0.31,June,2,4,1,2,Returning_Visitor,False,False
2,44.0,0,0.5,16,672.5,0.01,0.03,0.82,0.31,June,2,5,3,2,Returning_Visitor,True,False
1,24.04,0,0.0,27,1192.23,0.0,0.0,0.0,0.0,Nov,2,2,3,4,Returning_Visitor,True,False
2,13.0,0,0.5,6,239.67,0.0,0.02,5.38,0.76,May,2,5,3,3,Returning_Visitor,True,False
8,202.0,1,50.54,71,2701.96,0.0,0.02,0.0,0.0,Nov,2,2,3,1,Returning_Visitor,False,False
1,24.04,0,0.0,4,99.0,0.0,0.02,0.0,0.4,May,1,1,7,2,Returning_Visitor,True,False
8,202.0,1,50.54,98,4044.47,0.0,0.02,0.0,0.31,May,1,1,1,2,Returning_Visitor,True,False
0,0.0,0,0.0,6,239.67,0.01,0.05,0.0,0.0,Nov,3,2,1,1,Returning_Visitor,False,False
0,0.0,0,0.0,6,239.67,0.04,0.1,0.0,0.8,May,1,1,1,3,Returning_Visitor,False,False
6,171.5,1,50.54,75,2938.01,0.01,0.04,0.0,0.0,Nov,2,2,2,1,Returning_Visitor,False,True
1,24.04,0,0.5,63,2466.22,0.0,0.02,0.82,0.01,June,4,1,1,3,Returning_Visitor,False,False
11,320.0,1,50.54,36,1155.81,0.0,0.02,1.96,0.0,Dec,1,1,1,13,Returning_Visitor,False,False
0,0.0,2,21.0,25,836.58,0.01,0.03,0.0,0.0,Nov,1,1,1,2,Returning_Visitor,True,False
1,24.04,0,0.0,64,2701.96,0.0,0.02,0.0,0.0,Nov,1,1,8,2,Returning_Visitor,True,False
0,0.0,0,0.5,6,44.0,0.04,0.08,0.0,0.76,May,2,5,3,4,New_Visitor,False,False
6,202.0,1,36.6,54,1983.23,0.0,0.02,15.5,0.31,May,2,2,3,2,Returning_Visitor,True,False
4,98.92,1,50.54,54,2191.33,0.0,0.01,0.0,0.0,Nov,2,2,3,2,Returning_Visitor,False,False
1,24.04,0,0.5,47,1459.58,0.0,0.02,0.82,0.01,June,2,4,3,4,Returning_Visitor,True,False
7,177.5,1,50.54,54,2191.33,0.0,0.02,0.82,0.0,Mar,1,1,1,2,Returning_Visitor,False,False
6,226.6,2,7.0,33,849.74,0.02,0.04,1.96,0.76,Sep,3,2,1,4,Returning_Visitor,False,False
1,24.04,0,0.5,6,239.67,0.05,0.1,5.38,0.0,Nov,2,2,1,10,Returning_Visitor,False,False
1,24.04,0,0.5,6,239.67,0.0,0.02,4.75,0.0,Dec,8,13,9,16,Returning_Visitor,False,False
1,24.04,0,0.5,34,1384.97,0.01,0.02,26.45,0.76,May,1,5,3,11,Returning_Visitor,False,True
10,490.33,1,50.54,23,718.96,0.0,0.0,0.0,0.76,May,3,2,1,3,Returning_Visitor,False,False
1,24.04,0,0.5,16,253.0,0.0,0.02,0.0,0.0,Mar,2,4,3,2,New_Visitor,False,False
3,159.17,2,8.0,73,2766.94,0.0,0.03,5.93,0.0,Nov,2,2,1,2,Returning_Visitor,True,False
0,0.0,0,0.5,34,1297.46,0.0,0.02,0.0,0.0,Nov,1,1,1,2,New_Visitor,False,False
1,24.04,0,0.0,8,307.67,0.0,0.02,5.38,0.76,May,2,4,9,4,New_Visitor,False,False
1,24.04,0,0.5,6,239.67,0.04,0.1,0.0,0.0,Nov,2,2,3,1,Returning_Visitor,False,False
1,24.04,0,0.0,1,239.67,0.2,0.2,5.38,0.0,May,1,5,7,3,Returning_Visitor,False,False
1,24.04,0,0.5,4,239.67,0.04,0.1,0.0,0.0,Nov,1,1,1,2,Returning_Visitor,False,True
0,0.0,0,0.0,7,239.67,0.01,0.04,0.0,0.0,Mar,1,1,1,1,Returning_Visitor,False,False
0,2.64,0,0.0,13,595.6,0.2,0.2,5.38,0.31,May,3,2,1,6,Returning_Visitor,False,False
4,99.0,3,127.89,54,2191.33,0.0,0.02,0.82,0.76,June,1,1,8,2,New_Visitor,False,False
1,24.04,0,0.5,6,239.67,0.0,0.02,5.38,0.0,Nov,2,10,3,2,Returning_Visitor,True,False
1,74.0,0,0.0,41,1616.08,0.0,0.02,0.0,0.01,May,3,4,6,3,Returning_Visitor,False,False
1,24.04,0,0.5,6,239.67,0.0,0.02,1.96,0.0,Dec,1,1,1,2,New_Visitor,False,False
1,24.04,0,0.0,28,1155.81,0.0,0.01,0.82,0.29,June,1,1,1,3,Returning_Visitor,False,False
6,123.46,1,50.54,41,1570.47,0.0,0.01,19.67,0.0,Dec,2,2,2,2,New_Visitor,False,True
1,24.04,0,0.5,6,239.67,0.01,0.03,5.38,0.0,Oct,2,4,5,2,Returning_Visitor,True,False
0,0.0,0,0.5,6,239.67,0.0,0.05,0.0,0.0,Mar,2,4,3,3,Returning_Visitor,False,False
5,154.08,3,43.4,54,2191.33,0.0,0.02,0.82,0.76,June,2,2,1,2,New_Visitor,False,False
8,202.0,1,50.54,54,2191.33,0.0,0.01,18.09,0.01,May,2,2,5,3,Returning_Visitor,False,True
1,24.04,0,0.5,2,0.0,0.2,0.2,0.0,0.29,May,2,4,3,3,Returning_Visitor,False,False
0,0.0,0,0.5,87,3044.05,0.0,0.0,5.38,0.01,May,2,4,1,4,New_Visitor,False,True
0,2.64,0,0.5,29,1070.1,0.01,0.03,0.0,0.76,May,3,2,7,3,Returning_Visitor,False,False
0,2.64,0,0.5,42,1351.12,0.01,0.04,0.82,0.0,Jul,2,5,7,1,Returning_Visitor,False,False
6,202.0,2,297.83,62,2466.22,0.0,0.02,0.0,0.0,May,3,2,3,4,New_Visitor,False,False
2,31.25,0,0.5,41,1470.21,0.0,0.02,0.82,0.76,June,1,1,1,2,New_Visitor,False,True
1,24.04,0,0.5,6,239.67,0.0,0.02,0.0,0.76,May,2,4,3,4,New_Visitor,False,False
0,2.64,0,0.0,9,239.67,0.03,0.06,1.38,0.0,Mar,2,10,3,1,Returning_Visitor,False,False
4,89.8,0,0.5,12,442.89,0.01,0.04,0.0,0.76,May,1,1,1,4,New_Visitor,True,False
6,202.0,4,271.52,142,5757.85,0.0,0.02,0.0,0.0,Nov,1,1,1,2,Returning_Visitor,False,False
2,48.67,0,0.0,6,239.67,0.0,0.0,0.0,0.0,May,1,1,1,4,New_Visitor,True,False
2,34.0,0,0.5,6,239.67,0.0,0.02,5.38,0.76,May,2,2,1,4,New_Visitor,False,False
1,24.04,0,0.5,34,1243.18,0.0,0.02,0.0,0.31,May,1,1,1,2,Returning_Visitor,False,False
0,2.64,0,0.5,6,239.67,0.0,0.02,5.38,0.0,Nov,2,2,1,1,Returning_Visitor,False,False
4,102.87,0,0.0,54,2191.33,0.0,0.04,0.82,0.01,June,2,2,1,4,New_Visitor,False,False
1,24.04,0,0.5,6,239.67,0.0,0.02,0.0,0.0,Nov,1,1,1,2,Returning_Visitor,True,False
10,498.53,3,135.22,64,2701.96,0.0,0.02,37.6,0.0,Nov,2,2,6,2,Returning_Visitor,False,True
0,2.64,0,0.0,6,153.0,0.0,0.02,0.0,0.0,Mar,1,1,6,9,Returning_Visitor,False,False
0,0.0,0,0.5,8,148.5,0.0,0.02,0.82,0.0,Mar,1,1,1,2,New_Visitor,True,False
6,197.4,0,0.0,41,1631.4,0.0,0.02,0.0,0.01,May,2,4,3,4,New_Visitor,False,False
0,0.0,0,0.5,20,836.58,0.0,0.02,0.0,0.0,Mar,1,1,7,1,Returning_Visitor,False,False
1,24.04,0,0.5,6,239.67,0.01,0.02,0.0,0.0,Oct,2,10,3,4,Returning_Visitor,False,False
1,24.04,0,0.5,35,1155.81,0.0,0.02,1.96,0.0,Dec,2,2,4,1,Returning_Visitor,False,False
1,24.04,1,49.0,6,239.67,0.0,0.02,5.38,0.76,May,1,1,9,3,Returning_Visitor,False,True
1,24.04,0,0.5,23,833.67,0.01,0.03,5.38,0.31,May,2,2,1,2,Returning_Visitor,False,True
6,202.0,0,0.0,6,239.67,0.0,0.02,0.82,0.4,June,2,4,3,2,New_Visitor,False,False
1,24.04,0,0.5,10,239.67,0.0,0.02,0.0,0.76,May,2,2,1,4,Returning_Visitor,True,False
1,4.0,0,0.0,7,417.53,0.01,0.03,0.82,0.31,June,2,2,3,2,Returning_Visitor,True,False
6,202.0,1,32.5,142,6165.88,0.0,0.02,5.38,0.0,May,2,2,6,12,Returning_Visitor,True,True
1,24.04,0,0.5,33,1155.81,0.03,0.06,5.38,0.31,May,3,2,3,13,Returning_Visitor,False,False
0,2.64,0,0.5,6,206.5,0.0,0.02,0.82,0.01,June,3,2,1,4,New_Visitor,False,False
1,24.04,0,0.5,20,836.58,0.03,0.06,0.0,0.31,May,1,1,1,2,Returning_Visitor,True,True
0,0.0,0,0.5,65,2701.96,0.0,0.02,1.96,0.0,Dec,2,5,1,2,Returning_Visitor,False,False
0,0.0,1,50.54,79,1562.87,0.02,0.02,29.87,0.8,May,1,5,3,13,Returning_Visitor,False,False
1,24.04,0,0.0,8,351.4,0.0,0.02,0.82,0.29,June,1,1,1,3,Returning_Visitor,False,False
1,24.04,0,0.5,6,239.67,0.01,0.03,0.82,0.0,Mar,2,2,1,2,New_Visitor,False,False
0,0.0,0,0.0,4,98.25,0.0,0.02,0.82,0.0,Mar,2,2,1,2,Returning_Visitor,True,False
1,24.04,0,0.0,23,781.52,0.0,0.02,0.82,0.76,June,2,4,3,2,New_Visitor,True,False
1,24.04,0,0.0,6,239.67,0.0,0.02,0.0,0.0,Nov,1,1,4,2,Returning_Visitor,False,True
1,24.04,0,0.5,6,239.67,0.0,0.02,5.38,0.29,Aug,1,1,4,3,Returning_Visitor,False,False
0,2.64,0,0.0,1,0.0,0.13,0.17,0.82,0.01,June,1,1,1,3,Returning_Visitor,True,False
10,525.05,4,248.18,45,1716.37,0.01,0.02,0.82,0.0,Jul,2,5,6,1,Returning_Visitor,False,False
1,24.04,0,0.5,2,0.0,0.2,0.2,0.0,0.76,May,2,2,1,3,Returning_Visitor,False,False
0,0.0,0,0.0,6,0.0,0.08,0.12,5.38,0.0,Nov,2,2,3,1,Returning_Visitor,False,False
1,24.04,0,0.0,6,261.0,0.0,0.02,0.82,0.01,June,2,4,3,4,New_Visitor,False,False
1,24.04,0,0.5,6,239.67,0.0,0.02,0.0,0.0,Jul,3,2,1,1,Returning_Visitor,False,False
3,129.24,1,50.54,54,2191.33,0.04,0.07,0.82,0.76,June,2,2,3,1,Returning_Visitor,False,False
0,0.0,0,0.5,3,17.0,0.08,0.13,0.0,0.4,May,2,12,8,10,Returning_Visitor,False,False
2,57.25,0,0.0,54,1991.82,0.01,0.04,21.74,0.0,Nov,1,1,1,2,Returning_Visitor,False,False
1,24.04,0,0.0,14,432.75,0.0,0.02,1.96,0.0,Dec,2,2,1,2,New_Visitor,False,False
1,24.04,0,0.5,6,239.67,0.0,0.01,5.38,0.0,Nov,3,2,1,2,New_Visitor,False,False
1,24.04,0,0.5,6,239.67,0.0,0.02,0.0,0.76,May,1,1,1,3,Returning_Visitor,False,False
0,0.0,0,0.5,3,0.0,0.11,0.15,5.38,0.76,May,3,2,1,3,Returning_Visitor,False,False
1,24.04,0,0.5,6,239.67,0.0,0.02,5.38,0.0,Nov,3,2,1,1,Returning_Visitor,True,False
6,202.0,0,0.5,6,239.67,0.0,0.02,0.0,0.29,May,1,8,4,4,Returning_Visitor,True,False
1,24.04,0,0.0,6,188.3,0.0,0.02,12.16,0.29,Sep,2,2,7,4,Returning_Visitor,True,False
1,24.04,0,0.5,6,239.67,0.01,0.01,30.84,0.0,Dec,3,2,3,2,Returning_Visitor,False,True
1,24.04,0,0.0,2,239.67,0.1,0.12,0.0,0.0,May,3,2,1,4,Returning_Visitor,False,False
0,2.64,0,0.5,47,1351.12,0.0,0.02,5.38,0.29,May,2,5,3,3,Returning_Visitor,False,False
1,11.0,3,127.89,34,1155.81,0.0,0.02,0.0,0.01,May,2,10,3,3,Returning_Visitor,False,False
1,24.04,0,0.0,6,161.33,0.0,0.02,0.82,0.01,June,2,4,3,4,New_Visitor,False,False
6,205.25,1,50.54,54,2191.33,0.0,0.01,1.96,0.0,Dec,1,1,1,3,Returning_Visitor,False,False
2,27.33,0,0.0,3,239.67,0.03,0.06,5.38,0.0,Nov,1,1,4,1,Returning_Visitor,False,False
1,24.04,0,0.5,6,239.67,0.03,0.07,0.82,0.01,June,2,4,3,4,New_Visitor,False,False
1,24.04,0,0.0,5,66.0,0.0,0.02,0.0,0.76,May,1,2,1,3,Returning_Visitor,False,False
4,114.0,0,0.0,54,2191.33,0.09,0.12,0.0,0.4,May,2,12,4,9,Returning_Visitor,False,False
0,0.0,0,0.5,10,239.67,0.0,0.02,0.0,0.29,May,1,1,1,4,Returning_Visitor,True,False
1,24.04,0,0.5,6,106.75,0.0,0.02,5.38,0.0,Nov,3,2,1,3,Returning_Visitor,False,False
1,24.04,0,0.0,6,239.67,0.0,0.02,5.38,0.0,Nov,2,2,7,1,Returning_Visitor,False,True
4,105.0,1,50.54,54,2191.33,0.0,0.02,0.0,0.0,Nov,2,2,1,2,Returning_Visitor,False,True
0,2.64,0,0.0,8,279.55,0.0,0.02,0.0,0.0,Nov,3,2,1,1,Returning_Visitor,False,False
0,0.0,0,0.5,6,239.67,0.0,0.02,0.82,0.0,Mar,1,1,4,4,Returning_Visitor,True,False
0,2.64,0,0.5,23,632.0,0.03,0.06,0.82,0.01,June,2,5,3,3,Returning_Visitor,False,False
0,0.0,0,0.5,20,836.58,0.02,0.03,0.82,0.76,June,1,1,8,2,New_Visitor,False,False
1,24.04,0,0.5,6,239.67,0.0,0.02,0.0,0.0,Mar,2,2,7,2,Returning_Visitor,False,False
7,281.0,0,0.5,6,145.0,0.0,0.02,0.82,0.29,June,3,2,1,8,Returning_Visitor,False,False
9,504.0,1,50.54,13,595.6,0.0,0.02,0.0,0.0,Mar,1,1,8,2,Returning_Visitor,True,False
0,2.64,0,0.5,19,454.75,0.01,0.03,5.38,0.31,May,3,2,3,1,Returning_Visitor,False,False
6,182.51,1,50.54,54,2191.33,0.0,0.02,0.0,0.0,Nov,2,2,4,1,Returning_Visitor,False,False
11,752.38,3,127.89,54,2191.33,0.0,0.02,3.4,0.31,Sep,1,1,1,1,Returning_Visitor,False,False
0,0.0,0,0.5,6,0.0,0.2,0.2,5.38,0.29,May,1,1,3,4,Returning_Visitor,False,False
1,24.04,0,0.5,3,202.83,0.0,0.02,0.82,0.31,June,2,4,3,2,Returning_Visitor,False,False
2,57.25,0,0.5,87,3401.3,0.0,0.01,0.82,0.0,Mar,3,2,1,1,Returning_Visitor,True,False
1,24.04,0,0.5,6,262.59,0.0,0.02,0.82,0.01,June,1,1,1,4,New_Visitor,False,False
6,182.51,1,58.0,41,2078.67,0.0,0.02,0.82,0.0,Mar,1,1,8,9,Returning_Visitor,False,False
4,118.0,0,0.0,23,791.8,0.0,0.02,1.3,0.01,June,2,2,1,4,Returning_Visitor,True,False
0,0.0,0,0.5,9,329.0,0.0,0.02,5.38,0.31,May,2,4,3,1,Returning_Visitor,False,False
0,0.0,0,0.5,6,239.67,0.0,0.01,0.82,0.0,Mar,2,5,3,2,New_Visitor,False,False
2,57.25,0,0.0,7,239.67,0.0,0.02,0.82,0.0,Mar,3,2,1,2,New_Visitor,True,False
6,228.0,5,89.33,54,2191.33,0.0,0.02,0.0,0.0,Nov,1,1,3,2,New_Visitor,False,False
0,0.0,0,0.5,14,416.67,0.0,0.02,0.82,0.0,Mar,2,4,3,2,New_Visitor,False,False
0,2.64,0,0.5,6,239.67,0.0,0.02,65.87,0.01,May,3,2,3,17,Other,False,False
5,154.08,0,0.0,19,458.5,0.0,0.01,1.96,0.0,Dec,2,2,8,2,New_Visitor,True,False
1,24.04,0,0.0,6,239.67,0.0,0.02,0.0,1.0,May,1,1,1,3,Returning_Visitor,False,False
0,0.0,0,0.0,29,1083.75,0.0,0.01,0.0,0.31,May,2,4,3,2,Returning_Visitor,False,False
2,57.25,0,0.5,23,754.5,0.0,0.02,0.0,0.0,Mar,2,2,1,8,Returning_Visitor,False,False
10,517.5,0,0.0,54,2191.33,0.01,0.04,5.38,0.0,Nov,3,2,3,10,Returning_Visitor,False,True
0,0.0,0,0.5,6,239.67,0.0,0.02,3.98,0.0,Oct,1,1,1,2,Returning_Visitor,False,False
1,15.5,0,0.0,6,239.67,0.0,0.02,0.0,0.0,Nov,2,2,3,2,Returning_Visitor,False,False
6,202.0,0,0.0,24,1004.38,0.0,0.02,0.0,0.31,May,1,1,1,13,Returning_Visitor,False,False
1,24.04,0,0.0,6,239.67,0.02,0.08,0.0,0.31,May,2,2,3,1,Returning_Visitor,False,False
1,24.04,0,0.0,1,239.67,0.2,0.2,0.0,0.0,May,1,1,1,3,Returning_Visitor,False,False
4,96.25,0,0.0,87,3763.0,0.0,0.0,29.87,0.0,May,6,4,1,11,Other,False,True
4,134.61,0,0.5,73,2749.67,0.0,0.01,5.38,0.76,May,2,2,1,4,New_Visitor,False,False
0,0.0,0,0.0,6,239.67,0.0,0.02,5.38,0.29,May,1,1,1,11,Returning_Visitor,False,False
0,2.64,0,0.5,6,239.67,0.0,0.02,5.38,0.31,May,2,2,1,1,Returning_Visitor,False,False
7,151.0,1,50.54,41,1406.1,0.0,0.01,1.38,0.0,Mar,1,1,4,2,New_Visitor,True,False
1,24.04,0,0.5,10,239.67,0.0,0.02,0.0,0.0,Nov,2,5,7,5,Returning_Visitor,False,False
1,24.04,0,0.0,6,239.67,0.0,0.02,5.38,0.0,Nov,2,4,6,2,Returning_Visitor,False,False
0,0.0,0,0.5,6,15.0,0.04,0.1,0.0,0.0,Nov,2,10,3,1,Returning_Visitor,False,False
15,501.23,0,0.5,54,2191.33,0.0,0.02,8.18,0.31,May,3,2,1,2,Returning_Visitor,True,False
1,24.04,0,0.0,14,595.6,0.0,0.02,5.38,0.0,Nov,2,2,1,2,Returning_Visitor,True,False
1,24.04,0,0.5,6,239.67,0.0,0.02,5.38,0.29,May,2,2,6,3,Returning_Visitor,False,False
1,14.5,5,587.41,54,2191.33,0.01,0.03,0.0,0.76,May,1,1,1,4,New_Visitor,False,False
1,24.04,0,0.5,10,235.5,0.0,0.02,5.38,0.0,Nov,3,2,6,1,Returning_Visitor,False,False
1,24.04,0,0.0,6,239.67,0.0,0.02,8.67,0.76,May,2,2,1,4,Returning_Visitor,False,True
1,24.04,0,0.0,16,213.8,0.0,0.02,0.0,0.29,May,2,2,1,4,Returning_Visitor,False,True
1,24.04,0,0.0,19,472.92,0.0,0.02,0.0,0.29,May,1,1,4,3,New_Visitor,False,False
1,24.04,0,0.0,3,239.67,0.0,0.02,0.0,0.76,May,3,2,1,3,Returning_Visitor,False,False
3,129.24,1,50.54,7,137.0,0.0,0.02,0.0,0.31,June,2,4,1,2,New_Visitor,True,False
0,0.0,0,0.5,27,1547.5,0.0,0.01,1.38,0.0,Mar,3,2,1,2,New_Visitor,False,False
1,14.0,0,0.5,81,1441.91,0.0,0.02,5.38,0.0,Nov,2,2,3,2,Returning_Visitor,False,False
10,490.33,0,0.5,179,1738.47,0.0,0.02,5.38,0.29,May,2,2,1,11,Returning_Visitor,False,False
1,24.04,0,0.5,6,239.67,0.03,0.06,12.14,0.0,Nov,2,2,3,1,Returning_Visitor,False,False
1,24.04,0,0.0,42,2017.52,0.0,0.02,5.38,0.01,May,3,2,1,3,Returning_Visitor,False,False
1,24.04,0,0.5,23,672.5,0.0,0.02,5.38,0.31,May,2,2,1,1,Returning_Visitor,False,False
5,154.08,1,50.54,24,446.93,0.0,0.02,0.0,0.31,Feb,2,10,3,1,Returning_Visitor,True,False
1,24.04,0,0.5,8,280.5,0.0,0.02,5.38,0.76,May,1,1,1,4,Returning_Visitor,True,False
0,2.64,0,0.5,9,205.08,0.0,0.02,1.96,0.0,Dec,2,5,3,2,New_Visitor,False,False
0,0.0,0,0.5,7,239.67,0.03,0.06,0.82,0.01,June,2,4,3,4,New_Visitor,False,False
0,0.0,0,0.5,6,67.0,0.0,0.02,0.82,0.01,June,2,5,3,4,New_Visitor,False,False
3,129.24,0,0.0,12,871.5,0.0,0.02,0.0,0.76,May,2,2,1,4,Returning_Visitor,True,False
0,0.0,0,0.0,1,0.0,0.13,0.17,95.23,0.76,May,8,13,9,17,Other,False,False
0,0.0,0,0.0,12,442.89,0.02,0.06,0.0,0.0,Nov,2,6,3,2,Returning_Visitor,False,False
0,0.0,0,0.5,3,239.67,0.07,0.1,5.38,0.6,May,2,2,1,4,Returning_Visitor,False,False
1,24.04,0,0.5,9,239.67,0.01,0.04,17.27,0.0,May,2,5,3,4,Returning_Visitor,False,True
1,24.04,0,0.0,6,239.67,0.0,0.02,1.38,0.0,Mar,1,1,1,2,Returning_Visitor,True,False
1,24.04,0,0.5,50,1843.76,0.0,0.02,0.0,0.0,Nov,2,10,3,2,New_Visitor,True,False
1,24.04,0,0.5,6,239.67,0.0,0.03,0.82,0.0,Mar,1,1,1,3,Returning_Visitor,True,False
1,24.04,0,0.5,6,239.67,0.0,0.02,5.38,0.76,May,2,2,6,4,Returning_Visitor,True,False
1,24.04,0,0.5,5,239.67,0.04,0.1,0.82,0.0,Mar,2,2,1,13,Returning_Visitor,False,False
6,202.0,3,127.89,54,2191.33,0.0,0.02,0.82,0.0,Mar,1,1,1,3,Returning_Visitor,False,False
1,24.04,0,0.5,6,239.67,0.2,0.2,1.96,0.0,Dec,1,1,1,1,Returning_Visitor,True,False
6,202.0,1,50.54,58,2568.68,0.04,0.07,4.0,0.01,Aug,1,1,1,4,New_Visitor,False,True
0,0.0,0,0.5,1,239.67,0.2,0.2,0.0,0.76,May,2,4,1,12,Returning_Visitor,False,False
1,13.0,1,50.54,19,445.0,0.0,0.02,0.0,0.29,May,1,1,1,3,Returning_Visitor,False,False
0,2.64,1,50.54,6,239.67,0.04,0.06,5.38,0.76,May,1,1,8,4,New_Visitor,False,False
1,24.04,0,0.0,24,836.58,0.0,0.02,0.0,0.0,May,2,2,3,3,Returning_Visitor,False,False
0,0.0,0,0.5,6,239.67,0.2,0.2,1.38,0.0,Mar,2,2,3,10,Returning_Visitor,True,False
12,1101.15,5,554.11,54,2191.33,0.01,0.04,61.53,0.0,Nov,2,13,3,10,Returning_Visitor,False,True
9,1213.02,3,127.89,14,379.42,0.01,0.03,61.53,1.0,May,1,1,3,20,New_Visitor,True,False
1,24.04,0,0.5,6,239.67,0.0,0.02,5.38,0.76,May,1,1,1,3,Returning_Visitor,False,False
0,0.0,0,0.5,2,239.67,0.0,0.02,5.38,0.0,Aug,3,2,1,4,New_Visitor,False,False
0,2.64,1,50.54,6,239.67,0.01,0.04,5.38,0.76,May,2,5,3,4,New_Visitor,False,False
0,2.64,0,0.0,6,239.67,0.01,0.03,50.36,0.0,Nov,6,10,3,1,Returning_Visitor,False,True
4,73.0,0,0.5,6,239.67,0.0,0.02,0.82,0.01,June,2,2,1,4,Returning_Visitor,True,True
1,24.04,0,0.5,20,1170.17,0.0,0.02,0.0,0.76,May,2,2,3,4,Returning_Visitor,False,False
1,24.04,0,0.0,22,836.58,0.0,0.0,5.38,0.0,Nov,1,1,4,2,New_Visitor,True,False
0,0.0,0,0.5,8,272.9,0.0,0.02,0.82,0.01,June,1,1,1,4,New_Visitor,False,False
0,0.0,0,0.0,9,239.67,0.0,0.02,0.82,0.76,June,2,4,3,2,New_Visitor,True,True
2,65.68,0,0.5,12,442.89,0.02,0.04,0.0,0.01,Aug,2,2,4,4,Returning_Visitor,True,False
1,24.04,0,0.0,2,239.67,0.0,0.02,5.38,0.31,May,2,2,1,1,New_Visitor,False,False
0,2.64,0,0.5,6,239.67,0.0,0.02,5.38,0.0,Nov,2,4,3,2,New_Visitor,True,False
6,202.0,0,0.5,6,269.25,0.0,0.02,5.38,0.0,Nov,1,1,1,11,New_Visitor,False,False
4,111.0,0,0.0,9,155.0,0.0,0.01,0.82,0.31,June,1,1,1,2,Returning_Visitor,False,False
4,144.08,2,116.22,28,1041.32,0.0,0.01,2.69,0.76,May,2,2,3,11,Returning_Visitor,False,False
6,202.0,2,116.22,54,2191.33,0.0,0.02,5.38,0.0,Nov,2,2,1,9,Returning_Visitor,False,False
0,2.64,0,0.5,1,239.67,0.2,0.2,5.38,0.76,May,1,1,4,3,Returning_Visitor,False,False
1,24.04,0,0.0,6,239.67,0.04,0.09,0.0,0.0,Nov,2,10,3,1,Returning_Visitor,False,False
4,134.61,0,0.5,73,2689.29,0.0,0.02,0.82,0.0,Mar,1,1,1,2,Returning_Visitor,True,False
0,0.0,0,0.0,6,239.67,0.01,0.03,5.38,0.8,May,2,5,3,13,Returning_Visitor,False,False
0,2.64,0,0.0,50,1766.83,0.02,0.05,5.38,0.01,May,2,4,1,3,Returning_Visitor,False,False
2,63.25,0,0.5,9,239.67,0.0,0.02,5.38,0.0,Nov,2,2,1,8,Returning_Visitor,True,False
1,24.04,0,0.5,3,239.67,0.03,0.05,5.38,0.29,May,1,1,1,4,Returning_Visitor,False,False
0,2.64,0,0.0,6,239.67,0.0,0.02,0.82,0.01,June,2,4,3,4,New_Visitor,False,False
2,28.5,2,44.5,12,445.5,0.0,0.02,0.0,0.29,May,1,1,4,8,New_Visitor,True,False
1,24.04,0,0.0,25,954.08,0.03,0.06,120.59,0.76,May,3,2,1,4,Returning_Visitor,False,False
1,24.04,0,0.5,48,805.1,0.0,0.02,5.38,0.0,Nov,1,1,1,2,New_Visitor,False,False
1,24.04,0,0.5,6,239.67,0.0,0.02,5.38,0.0,Nov,2,5,3,1,Returning_Visitor,False,False
0,0.0,0,0.5,6,239.67,0.0,0.02,5.38,1.0,May,1,1,1,1,Returning_Visitor,False,False
1,24.04,0,0.5,33,1155.81,0.0,0.02,30.22,0.0,Nov,2,2,1,2,Returning_Visitor,True,True
1,24.04,0,0.5,6,239.67,0.0,0.02,5.38,0.0,Oct,1,1,9,2,New_Visitor,False,False
1,24.04,0,0.0,45,1722.87,0.01,0.08,5.38,0.31,May,2,4,6,1,Returning_Visitor,False,False
0,2.64,0,0.5,6,239.67,0.0,0.02,5.38,0.0,May,2,2,1,4,New_Visitor,False,False
1,24.04,0,0.0,6,182.42,0.0,0.02,0.0,0.76,May,2,2,9,3,Returning_Visitor,False,False
6,156.0,1,50.54,28,1033.07,0.01,0.01,0.0,0.0,May,1,1,1,4,New_Visitor,True,False
1,24.04,0,0.5,6,239.67,0.0,0.01,36.7,0.76,May,2,2,8,4,New_Visitor,False,True
1,24.04,0,0.5,29,1199.16,0.0,0.02,0.0,0.0,Nov,2,10,3,2,New_Visitor,False,False
1,24.04,0,0.5,6,239.67,0.2,0.2,0.82,0.0,Mar,3,2,3,1,Returning_Visitor,False,False
1,24.04,0,0.5,17,836.58,0.0,0.02,0.0,0.0,Mar,2,2,4,1,Returning_Visitor,False,False
3,35.0,1,50.54,16,314.0,0.02,0.05,0.0,0.0,Mar,1,1,8,2,Returning_Visitor,True,False
0,0.0,0,0.5,2,239.67,0.0,0.02,0.0,0.76,May,1,1,1,4,New_Visitor,False,False
12,393.27,0,0.5,14,366.58,0.01,0.01,0.82,0.31,June,2,4,1,1,Returning_Visitor,False,False
0,2.64,0,0.0,6,239.67,0.0,0.02,5.38,0.0,Nov,2,4,3,1,Returning_Visitor,False,False
0,2.64,0,0.5,87,3421.58,0.0,0.02,5.38,0.0,Nov,2,4,1,2,New_Visitor,False,False
6,79.67,4,258.72,54,2191.33,0.01,0.02,0.82,0.76,June,2,4,1,2,Returning_Visitor,True,False
0,0.0,0,0.0,68,2614.21,0.0,0.02,5.38,0.0,Nov,2,10,3,2,New_Visitor,True,False
1,24.04,0,0.0,6,69.0,0.0,0.02,0.0,0.0,Nov,3,2,1,2,New_Visitor,False,False
0,0.0,2,101.0,6,239.67,0.0,0.02,5.38,0.0,May,2,2,1,3,Returning_Visitor,False,False
1,24.04,0,0.5,14,423.67,0.0,0.02,0.82,0.0,Mar,2,10,3,2,New_Visitor,False,False
0,0.0,0,0.5,36,1135.17,0.0,0.02,5.38,0.0,Nov,2,4,1,2,New_Visitor,True,False
1,24.04,0,0.5,23,803.58,0.01,0.02,0.82,0.0,Mar,2,10,3,2,New_Visitor,False,False
0,0.0,0,0.5,6,0.0,0.13,0.17,0.82,0.01,June,3,2,1,4,New_Visitor,False,False
7,202.0,1,50.54,54,2191.33,0.0,0.02,5.38,0.01,May,2,4,1,4,New_Visitor,False,False
1,24.04,0,0.5,3,239.67,0.0,0.02,0.0,0.0,Jul,2,10,3,2,New_Visitor,True,False
0,2.64,0,0.0,6,239.67,0.0,0.02,5.38,0.76,May,1,1,6,3,Returning_Visitor,False,False
0,0.0,0,0.5,2,239.67,0.0,0.02,5.38,0.76,May,4,1,4,3,Returning_Visitor,False,False
0,2.64,0,0.0,10,239.67,0.0,0.02,0.82,0.01,June,2,4,3,4,New_Visitor,False,False
6,202.0,0,0.5,125,4367.51,0.0,0.02,5.38,0.0,Nov,3,2,3,2,New_Visitor,False,False
0,0.0,0,0.5,4,239.67,0.0,0.02,0.82,0.01,June,2,3,1,4,New_Visitor,False,False
1,24.04,0,0.5,13,595.6,0.0,0.02,0.82,0.2,June,1,1,1,3,Returning_Visitor,False,False
1,24.04,0,0.5,11,239.67,0.0,0.02,1.96,0.76,Sep,2,4,1,4,New_Visitor,False,False
8,202.0,2,91.0,54,2191.33,0.0,0.0,29.87,0.29,May,2,2,7,3,New_Visitor,False,True
1,24.04,0,0.0,52,1543.75,0.0,0.02,0.0,0.0,Nov,2,10,3,2,New_Visitor,False,False
3,129.24,0,0.0,34,1288.07,0.0,0.02,5.38,0.76,May,2,5,3,3,Returning_Visitor,True,False
1,24.04,0,0.5,6,239.67,0.0,0.02,0.82,0.31,June,2,4,1,2,Returning_Visitor,True,False
1,24.04,0,0.5,9,239.67,0.04,0.09,0.0,0.0,Nov,1,1,1,1,Returning_Visitor,False,False
0,2.64,0,0.5,6,239.67,0.0,0.02,0.82,0.0,Mar,2,4,1,2,New_Visitor,False,True
8,318.8,3,127.89,54,2191.33,0.0,0.01,5.38,0.29,May,2,2,1,3,Returning_Visitor,False,True
5,1023.0,0,0.0,54,2191.33,0.0,0.02,5.38,0.8,May,1,1,7,13,Returning_Visitor,False,False
12,449.97,0,0.5,54,2191.33,0.0,0.02,5.38,0.31,May,1,1,1,5,Returning_Visitor,False,False
1,24.04,0,0.5,6,239.67,0.0,0.02,0.0,0.29,May,2,4,3,3,Returning_Visitor,False,False
4,134.61,2,13.0,54,2191.33,0.0,0.02,0.0,0.01,May,2,2,1,4,Returning_Visitor,True,False
1,24.04,0,0.5,14,862.79,0.01,0.04,0.0,0.0,Nov,2,10,3,2,New_Visitor,False,False
8,202.0,2,67.4,54,2191.33,0.0,0.01,1.96,0.76,Sep,3,4,1,4,New_Visitor,False,False
6,240.17,1,50.54,54,2191.33,0.0,0.02,0.82,0.76,June,3,2,1,2,New_Visitor,False,False
1,24.04,0,0.5,25,836.58,0.0,0.02,0.82,0.0,Mar,2,4,3,2,New_Visitor,False,True
1,24.04,0,0.5,77,2938.01,0.0,0.0,0.82,0.31,June,2,4,4,2,New_Visitor,True,False
0,0.0,0,0.5,7,239.67,0.0,0.02,0.82,0.76,June,2,2,1,2,New_Visitor,False,False
0,0.0,0,0.5,6,239.67,0.0,0.02,0.0,0.76,May,3,2,4,4,New_Visitor,True,False
1,5.0,0,0.5,12,442.89,0.01,0.04,0.0,0.0,Nov,2,10,3,1,Returning_Visitor,False,False
1,24.04,0,0.5,23,779.61,0.0,0.02,0.82,0.01,June,3,2,1,3,Returning_Visitor,True,False
1,576.0,0,0.0,6,239.67,0.03,0.06,5.38,0.0,Nov,1,1,1,2,Returning_Visitor,True,False
1,4.0,0,0.0,6,239.67,0.0,0.0,65.87,0.29,May,7,13,9,20,Other,False,False
2,57.25,0,0.5,23,813.6,0.0,0.04,5.38,0.0,Nov,1,1,3,1,Returning_Visitor,False,False
12,225.25,0,0.0,54,2191.33,0.0,0.02,0.82,0.01,June,1,1,1,3,Returning_Visitor,False,True
6,199.46,3,299.03,686,23342.08,0.01,0.02,5.38,0.0,May,2,5,3,3,Returning_Visitor,False,False
1,24.04,0,0.5,71,2701.96,0.0,0.02,0.0,0.0,Nov,2,4,1,2,New_Visitor,False,False
0,0.0,0,0.5,6,239.67,0.0,0.02,5.38,0.29,May,1,1,2,3,Returning_Visitor,False,False
0,0.0,0,0.5,3,239.67,0.04,0.08,0.0,0.29,May,3,2,1,3,Returning_Visitor,False,True
1,24.04,0,0.0,6,239.67,0.0,0.02,0.0,0.76,May,1,1,1,3,Returning_Visitor,False,False
0,0.0,0,0.0,6,239.67,0.01,0.04,5.38,0.0,Nov,2,4,3,1,Returning_Visitor,False,False
0,2.64,1,50.54,6,239.67,0.0,0.02,0.0,0.76,May,2,2,3,3,Returning_Visitor,False,False
6,202.0,3,127.89,125,4367.51,0.02,0.04,0.82,0.0,Jul,1,1,1,3,Returning_Visitor,False,True
6,523.33,1,50.54,19,581.23,0.01,0.03,0.0,0.0,Nov,2,2,2,2,New_Visitor,False,False
6,182.51,2,9.0,54,2191.33,0.01,0.03,5.38,0.0,Nov,2,4,7,4,Returning_Visitor,True,True
0,0.0,0,0.0,6,241.0,0.0,0.02,5.38,0.0,Nov,2,2,2,2,Returning_Visitor,False,False
1,3.0,5,1165.17,6,239.67,0.01,0.03,1.38,0.0,Mar,2,2,3,2,Returning_Visitor,True,False
0,0.0,0,0.5,8,781.0,0.0,0.02,0.82,0.0,Mar,3,2,1,2,New_Visitor,False,False
1,24.04,3,322.4,6,239.67,0.01,0.04,0.82,0.76,June,2,2,3,2,Returning_Visitor,True,True
4,33.0,3,272.2,3,239.67,0.01,0.04,0.82,0.0,Mar,3,2,1,2,Returning_Visitor,True,False
0,2.64,0,0.5,4,239.67,0.0,0.02,0.0,0.0,Nov,3,2,1,2,New_Visitor,False,False
1,24.04,0,0.5,20,543.8,0.01,0.04,0.0,0.0,Nov,1,1,1,2,New_Visitor,False,False
1,24.04,0,0.5,3,0.0,0.11,0.15,0.0,0.01,Aug,2,2,3,3,Returning_Visitor,False,False
1,24.04,0,0.0,6,239.67,0.02,0.03,0.82,0.29,June,2,5,3,4,Returning_Visitor,False,False
0,2.64,0,0.0,19,502.92,0.0,0.02,0.82,0.0,Mar,1,1,1,1,Returning_Visitor,False,False
2,38.5,0,0.0,23,770.31,0.01,0.04,0.82,0.29,June,1,1,1,3,Returning_Visitor,False,False
6,202.0,3,135.22,4,239.67,0.06,0.09,0.82,0.29,June,1,1,1,4,Returning_Visitor,True,False
0,0.0,0,0.0,8,239.67,0.02,0.06,5.38,0.76,May,1,1,7,4,Returning_Visitor,True,False
6,182.51,0,0.5,54,2191.33,0.0,0.02,20.97,0.0,May,2,2,1,3,Returning_Visitor,False,True
0,0.0,0,0.0,23,755.25,0.0,0.02,5.38,0.0,Nov,2,2,1,2,Returning_Visitor,True,False
1,42.5,0,0.5,54,2413.75,0.0,0.02,1.96,0.0,Dec,2,4,6,1,Returning_Visitor,False,False
1,24.04,1,0.0,6,239.67,0.01,0.02,0.0,0.0,Nov,1,1,1,2,New_Visitor,False,False
1,24.04,0,0.5,25,836.58,0.0,0.02,5.38,0.0,May,2,4,2,4,New_Visitor,True,False
3,57.5,0,0.5,95,2772.28,0.0,0.02,5.38,0.0,Oct,3,2,1,2,New_Visitor,False,False
1,24.04,0,0.0,6,163.25,0.01,0.03,1.38,0.31,Feb,1,1,1,2,Returning_Visitor,True,False
0,2.64,0,0.0,23,836.58,0.0,0.02,0.0,0.0,May,1,1,3,4,New_Visitor,False,False
5,107.0,0,0.5,23,777.21,0.0,0.01,0.82,0.01,June,2,2,3,4,Returning_Visitor,True,False
1,24.04,0,0.5,11,765.17,0.0,0.02,0.82,0.0,Mar,1,1,1,6,Returning_Visitor,False,False
1,24.04,0,0.5,54,2408.58,0.0,0.02,0.0,0.31,May,2,10,3,2,Returning_Visitor,False,False
10,548.89,2,85.0,54,2191.33,0.0,0.01,0.0,0.0,May,1,5,3,4,New_Visitor,False,False
1,20.0,0,0.0,18,836.58,0.0,0.01,32.32,0.0,Nov,2,5,3,2,New_Visitor,False,True
2,4.0,0,0.5,2,239.67,0.0,0.02,0.0,0.31,May,2,10,3,5,New_Visitor,False,False
0,0.0,0,0.5,6,239.67,0.0,0.03,0.0,0.0,May,1,1,1,4,New_Visitor,False,False
2,169.5,2,105.0,35,990.46,0.0,0.02,5.38,0.0,Nov,1,1,1,2,Returning_Visitor,True,True
4,144.08,1,50.54,54,2191.33,0.0,0.02,4.86,0.0,May,2,4,3,4,New_Visitor,False,False
4,129.36,1,50.54,6,239.67,0.03,0.06,11.28,0.76,May,2,2,3,3,Returning_Visitor,False,False
4,134.61,2,24.2,107,3195.76,0.0,0.02,2.39,0.0,Dec,2,4,3,2,New_Visitor,False,False
1,24.04,0,0.0,6,239.67,0.0,0.02,5.38,0.0,Nov,1,1,4,3,Returning_Visitor,False,False
1,24.04,2,50.0,6,239.67,0.0,0.02,1.38,0.0,Mar,2,5,3,3,Returning_Visitor,False,False
0,0.0,0,0.5,6,107.0,0.0,0.02,5.38,0.6,May,2,2,3,3,Returning_Visitor,False,False
0,0.0,0,0.5,1,239.67,0.2,0.2,0.82,0.0,Mar,1,1,1,1,Returning_Visitor,False,False
0,0.0,0,0.0,5,1474.5,0.0,0.02,5.38,0.76,May,2,4,1,3,Returning_Visitor,False,False
1,24.04,0,0.5,16,1500.03,0.01,0.02,0.82,0.01,June,2,4,3,4,New_Visitor,False,False
1,24.04,0,0.5,15,894.0,0.0,0.02,0.0,0.0,May,2,4,7,4,Returning_Visitor,False,False
2,63.75,0,0.5,13,595.6,0.0,0.01,5.38,0.0,Nov,2,2,6,2,Returning_Visitor,False,True
1,53.5,0,0.5,54,2019.83,0.0,0.02,0.0,0.31,May,2,2,1,2,Returning_Visitor,True,False
0,0.0,0,0.5,2,49.0,0.04,0.1,5.38,0.0,Nov,2,4,1,1,Returning_Visitor,False,False
1,24.04,0,0.0,19,478.26,0.0,0.02,5.38,0.0,Nov,2,5,3,2,New_Visitor,False,False
2,57.25,0,0.5,9,1176.5,0.0,0.01,0.0,0.0,Dec,1,1,1,2,New_Visitor,False,False
1,24.04,0,0.5,6,239.67,0.0,0.02,0.0,0.0,Nov,3,2,1,1,Returning_Visitor,True,False
6,202.0,4,282.07,54,2191.33,0.0,0.02,0.82,0.0,Mar,1,1,1,6,Returning_Visitor,False,False
1,24.04,0,0.5,6,239.67,0.0,0.02,5.38,0.31,May,2,4,2,2,Returning_Visitor,False,False
1,24.04,0,0.5,19,533.3,0.0,0.02,5.38,0.0,Nov,2,2,9,2,New_Visitor,False,False
0,2.64,0,0.5,4,124.5,0.05,0.07,0.0,0.6,May,2,10,3,3,Returning_Visitor,False,False
0,0.0,0,0.0,33,1155.81,0.0,0.02,5.38,0.31,May,2,2,1,2,Returning_Visitor,False,False
0,0.0,0,0.5,2,239.67,0.1,0.12,0.82,0.0,Mar,1,1,1,2,Returning_Visitor,True,False
1,24.04,0,0.5,6,239.67,0.0,0.02,1.38,0.0,Mar,1,2,1,2,Returning_Visitor,False,False
1,24.04,0,0.5,29,1077.0,0.02,0.04,0.82,0.0,Mar,3,2,3,1,Returning_Visitor,False,False
0,0.0,0,0.5,18,836.58,0.02,0.03,0.0,0.0,Nov,2,10,3,2,New_Visitor,True,False
0,2.64,0,0.5,45,1682.25,0.0,0.02,0.0,0.0,Nov,2,10,3,2,New_Visitor,False,False
9,1047.34,0,0.5,6,239.67,0.0,0.02,0.0,0.0,Oct,2,12,9,20,Returning_Visitor,False,False
0,0.0,0,0.5,3,0.0,0.13,0.17,5.38,0.6,May,3,2,1,13,Returning_Visitor,False,False
10,371.7,2,106.0,54,2191.33,0.0,0.02,0.82,0.0,Mar,1,1,8,2,New_Visitor,False,True
0,2.64,0,0.5,36,572.9,0.0,0.02,0.0,0.76,May,2,5,3,4,New_Visitor,False,False
1,24.04,0,0.5,6,239.67,0.0,0.02,1.38,0.0,Mar,2,4,1,2,New_Visitor,False,False
0,0.0,0,0.5,2,0.0,0.2,0.2,0.82,0.0,Mar,1,1,1,1,Returning_Visitor,False,False
0,0.0,0,0.5,6,239.67,0.0,0.02,5.38,0.0,Nov,1,1,1,3,Returning_Visitor,False,False
9,202.0,0,0.5,66,2506.33,0.01,0.04,14.0,0.76,May,2,2,1,4,Returning_Visitor,True,True
16,478.04,0,0.5,37,1155.81,0.0,0.02,87.25,0.0,Nov,1,1,1,2,Returning_Visitor,True,True
2,25.5,0,0.5,12,442.89,0.0,0.02,5.38,0.0,Nov,1,1,2,2,New_Visitor,False,False
1,24.04,0,0.5,6,239.67,0.01,0.02,5.38,0.29,May,3,2,1,4,Returning_Visitor,False,False
4,133.8,1,50.54,54,2191.33,0.0,0.02,5.38,0.0,Nov,1,1,3,2,New_Visitor,False,False
1,24.04,1,50.54,92,3195.76,0.01,0.03,0.0,0.29,May,2,10,3,3,Returning_Visitor,False,False
1,24.04,2,58.17,38,1250.68,0.0,0.02,5.38,0.01,May,2,2,3,4,New_Visitor,True,False
0,0.0,0,0.5,19,501.67,0.01,0.02,0.0,0.6,Feb,1,1,4,3,Returning_Visitor,False,False
1,15.2,0,0.5,6,239.67,0.0,0.01,0.0,0.0,Aug,2,2,7,3,Returning_Visitor,False,True
0,0.0,0,0.5,3,61.75,0.0,0.07,5.38,0.0,May,2,10,3,3,Returning_Visitor,False,False
6,202.0,0,0.0,6,143.0,0.11,0.14,1.96,0.4,Sep,1,1,1,13,Returning_Visitor,False,False
0,0.0,0,0.5,6,239.67,0.0,0.02,0.82,0.0,Mar,2,2,1,8,Returning_Visitor,False,False
1,24.04,0,0.5,7,239.67,0.01,0.03,1.96,0.0,Dec,1,1,1,2,Returning_Visitor,False,False
0,0.0,0,0.5,6,186.07,0.12,0.16,0.0,0.01,June,2,4,1,4,Returning_Visitor,False,False
1,24.04,0,0.5,6,239.67,0.0,0.02,0.0,0.0,Nov,2,10,3,2,New_Visitor,True,False
3,59.0,0,0.5,54,2191.33,0.0,0.01,0.0,0.31,May,1,1,1,6,Returning_Visitor,False,False
3,37.58,0,0.5,67,1982.52,0.0,0.01,1.96,0.0,Dec,3,2,3,1,Returning_Visitor,False,False
5,66.6,1,50.54,54,2191.33,0.0,0.02,5.38,0.0,Oct,2,4,6,2,Returning_Visitor,True,False
1,24.04,0,0.5,6,123.17,0.0,0.02,0.0,0.0,May,3,2,9,3,Returning_Visitor,False,False
0,0.0,0,0.5,6,93.0,0.0,0.02,1.38,0.0,Mar,1,1,1,2,New_Visitor,False,False
6,202.0,4,94.88,54,2191.33,0.0,0.02,5.38,0.0,Nov,2,2,3,2,Returning_Visitor,False,False
1,24.04,0,0.5,1,239.67,0.2,0.2,0.0,0.0,Dec,3,2,1,1,Returning_Visitor,False,False
5,46.52,1,50.54,54,2248.91,0.01,0.04,0.82,0.0,Jul,1,1,1,1,Returning_Visitor,False,True
2,60.0,0,0.0,23,717.62,0.0,0.02,0.82,0.0,Mar,1,1,1,2,Returning_Visitor,True,True
0,2.64,0,0.5,6,239.67,0.0,0.02,14.13,0.0,Dec,1,1,1,2,New_Visitor,False,True
0,2.64,0,0.5,6,239.67,0.2,0.2,5.38,0.0,Nov,1,1,1,1,Returning_Visitor,False,False
5,827.2,2,48.5,71,3439.73,0.0,0.01,5.38,0.0,May,3,2,1,4,Returning_Visitor,False,False
7,202.0,3,199.5,142,4984.54,0.0,0.02,0.0,0.31,May,2,2,3,2,Returning_Visitor,False,False
4,141.6,0,0.5,23,728.18,0.02,0.07,0.82,0.0,June,3,2,1,4,Returning_Visitor,True,False
1,24.04,0,0.0,6,239.67,0.11,0.15,0.0,0.0,May,3,2,1,3,Returning_Visitor,False,False
0,2.64,0,0.0,7,239.67,0.0,0.02,5.38,0.0,Nov,2,2,6,6,Other,True,False
1,9.0,0,0.5,6,239.67,0.0,0.02,0.0,0.0,Nov,2,2,1,1,Returning_Visitor,False,False
0,0.0,0,0.0,6,239.67,0.0,0.02,0.0,0.0,Mar,2,5,7,3,Returning_Visitor,False,False
2,38.0,0,0.0,6,239.67,0.01,0.04,1.38,0.0,Mar,2,10,3,1,Returning_Visitor,False,True
0,0.0,0,0.0,6,193.67,0.01,0.02,100.15,1.0,May,1,8,3,12,Returning_Visitor,True,False
2,57.25,0,0.5,23,813.0,0.01,0.05,5.38,0.76,May,2,2,7,3,Returning_Visitor,False,False
1,24.04,0,0.5,73,1677.67,0.0,0.02,0.0,0.31,June,2,4,7,1,Returning_Visitor,False,False
1,24.04,0,0.5,28,1283.75,0.01,0.04,5.38,0.0,Nov,2,2,1,2,Returning_Visitor,False,False
0,2.64,0,0.0,6,239.67,0.01,0.05,0.82,0.29,June,2,10,3,3,Returning_Visitor,False,False
1,24.04,0,0.5,6,239.67,0.1,0.12,0.82,0.29,June,1,1,1,3,Returning_Visitor,False,False
1,24.04,0,0.5,6,239.67,0.0,0.02,0.82,0.0,Mar,1,1,1,2,Returning_Visitor,True,True
1,24.04,0,0.0,6,239.67,0.01,0.03,0.0,0.0,Nov,3,2,1,1,Returning_Visitor,False,True
4,94.87,0,0.0,54,2191.33,0.01,0.02,0.82,0.0,Jul,3,2,2,2,New_Visitor,False,True
5,154.08,0,0.5,34,1226.1,0.0,0.02,0.82,0.31,June,1,1,1,1,Returning_Visitor,False,True
1,24.04,0,0.0,6,239.67,0.0,0.02,0.0,0.0,May,1,1,1,4,New_Visitor,False,False
1,24.04,2,14.0,23,750.59,0.01,0.04,0.0,0.0,Nov,2,2,1,1,Returning_Visitor,False,False
1,24.04,0,0.0,6,239.67,0.0,0.02,5.38,0.0,May,3,2,6,4,Returning_Visitor,True,False
0,0.0,0,0.5,41,1475.25,0.0,0.02,0.82,0.01,June,3,2,1,4,Returning_Visitor,True,False
10,1040.25,0,0.5,207,5160.45,0.0,0.02,0.82,0.0,Mar,2,2,3,2,Returning_Visitor,True,False
3,22.83,0,0.0,115,3195.76,0.0,0.0,0.0,0.31,May,1,1,1,1,Returning_Visitor,False,False
1,24.04,0,0.0,36,493.3,0.0,0.02,0.0,0.31,May,2,2,5,2,Returning_Visitor,False,False
1,24.04,0,0.5,3,28.6,0.0,0.02,0.0,0.0,Oct,2,2,7,1,Returning_Visitor,False,False
1,24.04,0,0.0,6,239.67,0.0,0.02,0.0,0.76,May,2,2,1,4,New_Visitor,True,False
1,24.04,0,0.5,6,239.67,0.01,0.04,0.82,0.0,Mar,2,5,3,1,Returning_Visitor,False,False
0,0.0,0,0.0,6,239.67,0.0,0.02,0.0,0.29,May,2,2,2,3,Returning_Visitor,False,False
6,202.0,4,258.72,79,2387.14,0.03,0.06,0.82,0.0,Mar,3,2,1,1,Returning_Visitor,False,False
0,2.64,0,0.0,6,239.67,0.0,0.02,0.82,0.0,Mar,2,2,1,2,Returning_Visitor,False,False
1,24.04,0,0.5,6,239.67,0.01,0.03,5.38,0.76,May,2,4,9,4,Returning_Visitor,False,False
4,134.61,2,28.4,54,2191.33,0.0,0.02,5.38,0.01,May,1,1,1,4,New_Visitor,False,False
0,2.64,0,0.0,6,18.0,0.0,0.02,0.0,0.31,May,1,1,1,1,Returning_Visitor,False,False
1,24.04,0,0.5,6,239.67,0.0,0.03,5.38,0.0,Nov,2,4,1,2,New_Visitor,False,False
8,329.3,1,50.54,32,1155.81,0.0,0.02,0.82,0.76,June,1,1,1,1,Returning_Visitor,False,True
1,24.04,0,0.0,6,239.67,0.0,0.02,0.0,0.76,May,2,2,6,4,Returning_Visitor,True,False
1,24.04,0,0.0,6,26.0,0.0,0.02,5.38,0.0,Nov,3,2,1,1,Returning_Visitor,False,False
0,2.64,0,0.5,6,205.7,0.0,0.02,18.85,0.0,Dec,1,1,1,8,Returning_Visitor,False,True
4,81.6,0,0.0,54,2191.33,0.0,0.02,0.0,0.0,Jul,3,2,1,2,New_Visitor,False,False
6,202.0,3,166.0,67,2701.96,0.01,0.04,5.38,0.31,May,3,2,1,2,Returning_Visitor,True,False
1,24.04,0,0.5,1,239.67,0.2,0.2,5.38,0.76,May,2,2,1,4,New_Visitor,False,False
0,0.0,0,0.0,6,239.67,0.0,0.02,0.0,0.8,May,3,2,1,3,Returning_Visitor,False,False
1,11.0,0,0.5,19,836.58,0.01,0.03,0.0,0.31,May,2,2,3,1,Returning_Visitor,False,False
1,24.04,0,0.0,11,239.67,0.0,0.02,0.0,0.31,May,3,2,1,2,Returning_Visitor,True,False
1,24.04,0,0.5,36,1626.63,0.01,0.03,1.38,0.0,Mar,2,2,2,10,Returning_Visitor,False,False
4,144.08,1,50.54,61,2466.22,0.01,0.04,5.38,0.76,May,1,1,3,4,New_Visitor,False,False
6,180.0,3,127.89,61,5233.59,0.01,0.04,5.38,0.0,May,3,2,4,3,Returning_Visitor,False,False
9,202.0,0,0.0,41,1386.35,0.02,0.04,6.34,0.0,Aug,1,1,8,4,New_Visitor,False,False
0,0.0,0,0.5,6,239.67,0.2,0.2,1.96,0.0,Dec,2,10,3,1,Returning_Visitor,False,False
6,202.0,2,116.22,54,2191.33,0.0,0.02,1.96,0.0,Dec,1,1,1,3,Returning_Visitor,False,False
1,24.04,2,30.5,45,1689.13,0.0,0.01,0.0,0.01,May,2,4,9,4,New_Visitor,False,False
0,0.0,10,518.25,142,5142.86,0.0,0.03,5.38,0.0,Nov,1,1,1,2,New_Visitor,False,False
1,18.0,1,6.0,122,4137.11,0.0,0.02,5.38,0.0,Nov,2,4,3,2,New_Visitor,False,False
1,24.04,0,0.5,6,239.67,0.0,0.02,0.0,0.0,Mar,2,10,3,2,New_Visitor,False,False
0,0.0,0,0.5,6,239.67,0.03,0.07,0.0,0.0,Nov,2,10,3,3,Returning_Visitor,False,False
5,154.08,3,261.65,234,10143.82,0.0,0.02,21.03,0.0,Nov,1,1,3,10,New_Visitor,False,True
1,24.04,0,0.5,60,2191.33,0.01,0.02,5.38,0.0,Aug,3,2,3,3,Returning_Visitor,False,False
0,0.0,0,0.5,6,239.67,0.04,0.1,5.38,0.29,May,1,1,4,3,Returning_Visitor,False,False
6,202.0,3,168.38,142,4777.81,0.0,0.02,5.38,0.0,Nov,1,1,1,1,Returning_Visitor,True,False
6,169.5,2,116.22,23,706.98,0.0,0.02,5.38,0.0,May,1,1,1,3,Returning_Visitor,False,False
2,57.25,1,105.0,9,148.25,0.02,0.02,0.82,0.0,Mar,3,2,1,2,New_Visitor,False,False
0,0.0,0,0.0,21,836.58,0.0,0.01,5.38,0.0,Nov,1,1,3,8,Returning_Visitor,False,True
1,4.0,0,0.5,6,102.0,0.02,0.06,5.38,0.0,May,3,2,1,3,Returning_Visitor,False,False
4,134.61,0,0.5,98,3959.15,0.0,0.01,5.38,0.0,Nov,2,2,1,2,New_Visitor,False,True
1,24.04,1,49.0,23,602.17,0.0,0.02,0.0,0.0,Mar,2,2,1,2,Returning_Visitor,True,False
0,0.0,0,0.5,13,595.6,0.0,0.02,0.82,0.31,June,2,5,3,1,Returning_Visitor,False,False
1,24.04,0,0.5,6,239.67,0.03,0.06,0.82,0.31,June,3,2,1,13,Returning_Visitor,False,False
1,24.04,0,0.5,9,949.6,0.01,0.05,5.38,0.0,Oct,1,8,1,10,Returning_Visitor,True,False
2,57.25,0,0.0,4,636.0,0.0,0.02,5.38,0.2,May,2,4,3,4,New_Visitor,False,False
1,24.04,0,0.0,6,0.0,0.2,0.2,0.0,0.0,Dec,2,4,1,2,Returning_Visitor,False,False
1,48.5,0,0.5,35,668.1,0.0,0.02,5.38,0.0,Nov,1,1,1,3,Returning_Visitor,False,True
1,24.04,0,0.5,6,11.0,0.0,0.02,0.0,0.0,Dec,2,2,3,13,Returning_Visitor,False,False
4,82.6,0,0.0,41,1375.13,0.0,0.02,0.82,0.01,June,2,4,3,3,Returning_Visitor,False,True
2,7.0,0,0.5,56,656.77,0.0,0.02,5.38,0.31,May,3,2,1,1,Returning_Visitor,False,False
1,24.04,0,0.5,6,239.67,0.0,0.02,1.38,0.0,Mar,3,2,1,2,New_Visitor,False,False
1,24.04,0,0.0,50,1483.37,0.0,0.02,5.38,0.76,May,2,2,2,4,Returning_Visitor,False,False
6,183.0,1,50.54,54,2191.33,0.0,0.02,16.1,0.0,Nov,2,2,2,2,New_Visitor,False,True
7,202.0,1,50.54,54,2191.33,0.0,0.01,5.38,0.76,May,1,1,1,3,Returning_Visitor,False,True
4,144.08,1,50.54,16,570.33,0.0,0.02,0.0,0.76,May,1,1,1,4,New_Visitor,False,False
1,24.04,0,0.0,6,146.0,0.15,0.19,5.38,0.76,May,2,2,7,3,Returning_Visitor,False,False
1,24.04,0,0.5,6,239.67,0.0,0.02,5.38,0.0,Nov,1,1,1,2,New_Visitor,False,True
1,24.04,0,0.5,6,31.2,0.04,0.1,0.0,0.76,May,2,4,1,4,Returning_Visitor,False,False
6,202.0,0,0.0,6,239.67,0.0,0.02,5.38,0.8,May,2,2,1,4,Returning_Visitor,True,False
1,24.04,0,0.0,6,239.67,0.0,0.02,0.0,0.76,May,2,2,9,4,Returning_Visitor,False,False
5,210.73,1,50.54,39,1250.68,0.0,0.02,71.39,0.29,May,1,1,4,3,Returning_Visitor,False,True
3,81.0,0,0.5,19,448.03,0.0,0.02,0.82,0.29,June,2,2,4,4,Returning_Visitor,True,False
0,0.0,0,0.0,6,239.67,0.0,0.02,5.38,0.0,Nov,2,5,3,2,New_Visitor,False,False
0,2.64,0,0.5,6,239.67,0.04,0.1,0.82,0.01,June,2,4,3,4,New_Visitor,False,False
4,84.0,1,50.54,23,597.63,0.0,0.02,65.87,0.76,May,1,8,1,17,Returning_Visitor,True,False
6,186.5,0,0.0,54,2191.33,0.0,0.02,16.04,0.0,Dec,2,2,3,1,Returning_Visitor,False,True
6,185.99,3,272.2,291,10415.78,0.0,0.02,0.82,0.0,Mar,2,2,3,9,Returning_Visitor,True,False
6,246.8,1,50.54,13,595.6,0.02,0.05,0.0,0.76,Sep,3,2,1,4,New_Visitor,False,False
0,0.0,0,0.5,6,239.67,0.0,0.02,5.38,0.0,Oct,3,2,1,2,New_Visitor,False,False
8,202.0,8,666.78,42,1351.12,0.0,0.02,0.82,0.76,June,2,5,3,2,New_Visitor,False,False
1,24.04,0,0.0,6,239.67,0.02,0.09,0.0,0.0,May,2,2,1,4,Returning_Visitor,True,False
0,0.0,0,0.5,111,3195.76,0.01,0.03,0.82,0.0,Mar,2,5,3,2,Returning_Visitor,False,False
1,24.04,0,0.5,4,57.75,0.03,0.07,0.82,0.01,June,2,4,3,4,New_Visitor,False,False
0,0.0,0,0.5,6,239.67,0.0,0.01,0.82,0.0,Mar,2,2,3,1,Returning_Visitor,False,True
1,24.04,0,0.5,6,239.67,0.0,0.02,5.38,0.0,Nov,2,5,3,2,New_Visitor,True,False
6,294.07,1,50.54,51,1535.64,0.01,0.04,0.0,0.0,Nov,2,4,1,2,New_Visitor,False,False
3,129.24,1,50.54,54,2191.33,0.0,0.01,5.38,0.76,May,3,2,3,4,New_Visitor,False,False
1,24.04,0,0.5,6,239.67,0.0,0.02,0.0,0.0,Nov,4,1,1,1,Returning_Visitor,False,False
0,0.0,0,0.5,6,239.67,0.0,0.02,0.0,0.76,May,2,2,3,3,Returning_Visitor,False,False
0,0.0,0,0.5,1,239.67,0.04,0.09,5.38,0.0,Nov,1,1,1,2,New_Visitor,False,False
6,202.0,2,71.1,49,1457.7,0.0,0.02,5.38,0.31,May,1,1,4,1,Returning_Visitor,False,True
1,24.04,0,0.5,3,239.67,0.0,0.02,1.38,0.0,Mar,2,2,3,2,Returning_Visitor,False,False
1,6.5,0,0.5,19,511.25,0.0,0.01,1.96,0.0,Dec,2,5,3,8,Returning_Visitor,False,True
4,79.6,0,0.5,28,627.65,0.0,0.01,0.0,0.31,May,1,1,1,2,Returning_Visitor,True,False
0,2.64,0,0.5,4,239.67,0.05,0.1,1.96,0.0,Dec,2,2,1,1,Returning_Visitor,False,False
0,0.0,0,0.0,6,239.67,0.0,0.02,0.82,0.31,June,1,1,1,1,Returning_Visitor,False,False
9,283.25,0,0.5,29,1166.17,0.0,0.02,4.75,0.29,Sep,7,13,9,20,Other,False,True
2,67.5,0,0.5,6,268.0,0.0,0.02,0.82,0.0,Mar,2,2,8,2,Returning_Visitor,True,True
0,2.64,0,0.0,74,3109.4,0.01,0.04,5.38,0.0,Nov,3,2,1,1,Returning_Visitor,False,False
0,0.0,0,0.5,9,239.67,0.02,0.05,5.38,0.6,May,1,1,1,3,Returning_Visitor,False,False
1,24.04,0,0.0,6,239.67,0.2,0.2,0.0,0.31,May,1,5,3,1,Returning_Visitor,False,False
1,24.04,0,0.0,25,836.58,0.0,0.01,1.96,0.29,Sep,2,2,4,4,Returning_Visitor,True,False
4,134.5,3,330.0,7,239.67,0.02,0.04,0.0,0.76,May,2,2,1,4,New_Visitor,False,False
1,24.04,1,50.54,6,239.67,0.0,0.02,37.52,0.29,May,2,5,3,4,Returning_Visitor,False,True
6,181.6,2,722.52,98,3195.76,0.01,0.04,0.0,0.0,Nov,1,1,4,4,Returning_Visitor,True,False
1,24.04,0,0.5,6,0.0,0.2,0.2,0.0,0.0,Nov,3,2,9,1,Returning_Visitor,False,False
9,202.0,0,0.5,54,2191.33,0.0,0.02,0.0,0.01,May,2,5,5,4,Returning_Visitor,True,False
1,24.04,0,0.0,4,75.5,0.0,0.02,0.0,0.0,Mar,2,2,1,2,Returning_Visitor,True,False
1,24.04,0,0.5,6,239.67,0.0,0.02,5.38,0.0,Nov,3,2,1,2,New_Visitor,False,False
1,24.04,0,0.0,6,239.67,0.2,0.2,0.0,0.76,May,2,2,3,3,Returning_Visitor,False,False
1,24.04,0,0.0,27,836.58,0.0,0.02,8.5,0.0,Nov,2,12,4,9,Returning_Visitor,False,False
1,18.6,0,0.5,76,2834.28,0.0,0.02,37.42,0.0,Nov,1,1,1,1,Returning_Visitor,False,False
2,31.0,2,13.0,23,759.67,0.0,0.02,0.0,0.29,May,2,2,1,4,Returning_Visitor,False,False
1,24.04,0,0.0,6,239.67,0.0,0.02,5.38,0.0,May,2,2,9,4,New_Visitor,False,False
2,57.0,1,50.54,19,497.1,0.0,0.01,5.38,0.0,May,1,1,8,2,Returning_Visitor,False,False
8,240.07,0,0.0,18,836.58,0.01,0.03,61.53,0.76,May,1,1,1,17,Returning_Visitor,False,True
1,24.04,0,0.5,6,239.67,0.0,0.02,0.82,0.01,June,1,1,1,4,Returning_Visitor,True,False
0,0.0,0,0.5,6,239.67,0.0,0.02,1.38,0.0,Mar,1,1,1,2,New_Visitor,False,False
1,24.04,0,0.5,50,1826.44,0.01,0.01,0.82,0.0,Mar,2,10,3,2,Returning_Visitor,True,False
1,24.04,0,0.0,77,2938.01,0.0,0.01,0.82,0.0,Mar,2,5,3,2,Returning_Visitor,False,False
1,24.04,0,0.5,19,577.75,0.01,0.03,5.38,0.0,Nov,2,2,3,1,Returning_Visitor,False,False
1,24.04,0,0.5,6,239.67,0.0,0.02,5.38,0.0,Nov,2,4,3,2,Returning_Visitor,False,False
4,144.08,0,0.0,46,627.31,0.0,0.0,1.38,0.0,Mar,3,2,8,1,Returning_Visitor,True,False
2,37.0,0,0.5,21,836.58,0.0,0.02,0.0,0.0,Mar,4,1,1,2,Returning_Visitor,True,False
0,2.64,0,0.5,10,239.67,0.0,0.02,5.38,0.76,May,2,2,4,4,Returning_Visitor,True,False
1,24.04,0,0.5,30,515.23,0.0,0.02,0.0,0.0,Nov,2,10,3,1,Returning_Visitor,False,False
0,2.64,0,0.5,1,239.67,0.04,0.09,0.82,0.01,June,1,1,1,3,Returning_Visitor,False,False
1,24.04,0,0.0,1,239.67,0.04,0.09,0.0,0.31,May,2,12,7,1,Returning_Visitor,False,False
10,879.5,1,50.54,54,2191.33,0.0,0.01,29.87,0.31,May,2,2,3,10,Returning_Visitor,True,False
1,24.04,0,0.5,4,239.67,0.0,0.02,0.0,0.0,Nov,2,10,3,2,New_Visitor,False,False
1,24.04,0,0.5,26,781.5,0.01,0.03,0.0,0.29,May,2,2,2,3,Returning_Visitor,False,False
1,24.04,0,0.5,35,1155.81,0.0,0.02,0.82,0.29,June,2,5,7,3,Returning_Visitor,False,False
6,202.0,0,0.5,1,239.67,0.2,0.2,5.38,0.31,May,2,5,3,13,Returning_Visitor,False,False
7,202.0,0,0.0,54,2191.33,0.0,0.02,12.91,0.0,Sep,1,5,3,3,Returning_Visitor,False,False
1,24.04,0,0.5,31,1998.25,0.01,0.04,0.82,0.31,June,1,1,8,2,Returning_Visitor,True,False
1,24.04,2,37.0,15,287.29,0.0,0.0,5.38,0.76,May,1,1,1,4,New_Visitor,False,False
0,2.64,0,0.5,18,849.54,0.0,0.02,5.38,0.0,Nov,1,1,1,2,Returning_Visitor,True,False
2,58.5,1,50.54,28,1012.17,0.01,0.04,62.87,0.0,Nov,2,10,7,1,Returning_Visitor,True,True
1,24.04,0,0.5,6,239.67,0.0,0.02,24.34,0.0,Nov,6,10,3,6,Returning_Visitor,False,False
1,24.04,0,0.5,16,757.39,0.0,0.02,5.38,0.0,Nov,2,2,1,1,Returning_Visitor,False,True
2,43.4,0,0.0,5,239.67,0.0,0.02,0.82,0.0,Mar,2,5,3,2,New_Visitor,False,False
0,0.0,0,0.5,6,0.0,0.2,0.2,0.82,0.01,June,2,10,3,4,New_Visitor,False,False
0,0.0,0,0.5,20,836.58,0.01,0.04,1.38,0.0,Mar,3,2,1,2,Returning_Visitor,False,False
0,2.64,1,50.54,23,651.67,0.0,0.02,0.82,0.31,June,4,1,1,2,Returning_Visitor,True,False
1,6.0,0,0.0,6,239.67,0.02,0.04,5.38,0.6,May,3,2,1,3,Returning_Visitor,False,False
1,24.04,0,0.5,6,239.67,0.2,0.2,0.0,0.2,May,2,4,3,4,New_Visitor,False,False
4,96.0,1,50.54,6,239.67,0.0,0.02,1.38,0.0,Mar,3,2,1,2,Returning_Visitor,True,False
3,129.24,1,21.25,41,1438.1,0.0,0.02,0.82,0.76,June,3,2,1,2,Returning_Visitor,True,False
0,0.0,0,0.5,8,185.0,0.0,0.02,29.87,0.31,May,2,13,3,10,Returning_Visitor,False,False
2,68.5,0,0.5,6,239.67,0.0,0.0,1.38,0.0,Mar,1,1,1,2,New_Visitor,True,False
1,24.04,0,0.5,6,239.67,0.0,0.02,5.38,0.0,Nov,1,1,1,2,New_Visitor,False,False
0,0.0,0,0.5,14,426.32,0.0,0.02,0.0,0.0,May,1,1,1,4,New_Visitor,False,False
2,57.25,2,29.67,52,1701.27,0.0,0.02,0.82,0.0,Mar,3,2,3,1,Returning_Visitor,False,True
1,24.04,0,0.0,39,1324.85,0.0,0.02,0.0,0.0,Oct,2,10,3,2,New_Visitor,False,False
4,134.61,0,0.0,129,5883.04,0.0,0.01,5.38,0.76,May,1,1,8,4,New_Visitor,False,False
2,14.0,0,0.5,6,239.67,0.0,0.02,0.0,0.31,May,2,5,3,6,Returning_Visitor,False,False
3,552.2,1,0.0,40,1250.68,0.0,0.02,5.38,0.0,Nov,3,2,1,2,New_Visitor,False,False
6,204.5,1,50.54,54,2191.33,0.02,0.04,0.0,0.01,May,2,4,3,4,New_Visitor,False,False
2,41.0,0,0.0,34,1337.25,0.0,0.02,5.38,0.76,May,1,1,1,3,Returning_Visitor,False,False
9,236.8,0,0.0,240,5523.93,0.0,0.0,5.38,0.76,May,2,5,1,3,Returning_Visitor,True,True
0,2.64,0,0.5,24,836.58,0.0,0.02,72.07,0.0,Nov,1,1,1,10,Returning_Visitor,True,False
1,24.04,0,0.5,54,2167.13,0.01,0.02,5.38,0.0,Nov,2,2,3,2,Returning_Visitor,True,True
1,24.04,0,0.5,6,36.5,0.0,0.03,0.82,0.01,June,2,4,3,4,New_Visitor,False,False
10,497.63,7,590.11,41,1352.83,0.0,0.02,1.96,0.0,Sep,1,5,3,3,Returning_Visitor,False,False
1,5.5,0,0.5,6,239.67,0.01,0.05,0.0,0.0,Nov,2,12,6,9,Returning_Visitor,False,False
0,2.64,0,0.0,19,521.0,0.1,0.12,1.38,0.0,Mar,2,4,7,1,Returning_Visitor,False,False
1,5.0,0,0.0,6,239.67,0.01,0.01,0.0,0.0,Nov,2,4,3,2,New_Visitor,False,False
4,75.6,0,0.5,94,1576.21,0.0,0.02,5.38,0.76,May,3,2,9,4,New_Visitor,False,False
1,0.0,3,82.0,120,4137.11,0.0,0.02,5.38,0.0,Nov,1,1,1,2,Returning_Visitor,True,True
0,2.64,0,0.5,15,598.6,0.01,0.03,0.0,0.0,Nov,2,10,3,1,Returning_Visitor,False,False
6,88.0,0,0.5,54,2191.33,0.0,0.02,5.38,0.29,May,2,4,5,4,Returning_Visitor,True,False
1,24.04,0,0.5,10,195.5,0.0,0.01,0.82,0.0,Mar,1,1,1,2,New_Visitor,True,False
0,2.64,0,0.0,6,128.5,0.08,0.11,0.82,0.01,June,3,2,1,4,Returning_Visitor,True,False
4,144.08,1,50.54,54,2191.33,0.0,0.02,15.96,0.0,Nov,2,4,3,2,Returning_Visitor,True,False
1,24.04,0,0.5,41,1483.8,0.0,0.02,1.96,0.0,Dec,1,1,1,2,New_Visitor,False,False
0,0.0,0,0.5,4,39.95,0.01,0.05,0.82,0.01,June,3,2,1,4,New_Visitor,False,False
0,2.64,0,0.0,6,239.67,0.0,0.02,0.0,0.76,May,3,2,1,4,New_Visitor,False,False
1,24.04,0,0.5,3,234.0,0.01,0.03,5.38,0.76,May,3,2,1,4,New_Visitor,True,False
7,202.0,0,0.0,54,2191.33,0.01,0.04,29.87,0.31,May,1,5,3,13,Returning_Visitor,False,False
15,497.5,3,227.25,142,6254.42,0.01,0.04,3.43,0.76,May,2,2,1,12,Returning_Visitor,False,False
1,24.04,0,0.5,6,239.67,0.01,0.03,0.0,0.31,Aug,2,4,3,2,Returning_Visitor,False,True
1,24.04,0,0.5,4,239.67,0.0,0.02,5.38,0.0,Nov,2,2,1,1,Returning_Visitor,False,False
1,24.04,0,0.0,6,239.67,0.0,0.02,5.38,0.31,May,2,2,1,2,Returning_Visitor,False,True
2,57.25,0,0.5,23,836.58,0.02,0.03,0.82,0.01,June,2,2,3,4,Returning_Visitor,True,True
4,129.24,0,0.5,54,2297.8,0.0,0.02,19.0,0.4,May,2,2,3,1,Returning_Visitor,False,True
1,24.04,0,0.0,6,239.67,0.0,0.02,0.0,0.0,Nov,2,2,2,2,Returning_Visitor,False,False
4,100.0,1,50.54,18,836.58,0.0,0.02,0.0,0.0,Nov,1,2,1,2,Returning_Visitor,True,False
0,0.0,0,0.0,19,477.0,0.0,0.02,1.38,0.0,Mar,2,2,2,2,New_Visitor,False,False
6,218.8,0,0.0,54,2191.33,0.0,0.02,11.21,0.0,Oct,2,5,1,2,Returning_Visitor,False,True
1,24.04,0,0.0,6,239.67,0.08,0.12,0.0,0.0,Mar,2,2,7,1,Returning_Visitor,False,False
4,134.61,0,0.0,66,2595.28,0.01,0.03,0.82,0.31,June,2,4,1,1,Returning_Visitor,False,False
6,182.51,2,53.2,114,5066.66,0.0,0.02,5.38,0.29,May,1,1,1,3,Returning_Visitor,True,False
9,345.83,1,50.54,87,3258.07,0.0,0.0,5.38,0.31,May,1,1,1,2,Returning_Visitor,True,False
2,57.25,0,0.0,6,89.5,0.03,0.06,0.82,0.0,Mar,1,1,1,2,New_Visitor,False,True
1,24.04,0,0.0,6,239.67,0.0,0.02,0.0,0.0,Dec,2,10,3,2,Returning_Visitor,True,False
0,0.0,0,0.0,6,239.67,0.0,0.02,1.38,0.0,Mar,1,1,1,3,Returning_Visitor,False,False
0,2.64,0,0.5,2,0.0,0.2,0.2,1.38,0.0,Mar,2,4,1,2,New_Visitor,False,False
3,129.24,1,50.54,8,302.39,0.0,0.02,0.0,0.31,May,2,2,1,1,Returning_Visitor,False,False
0,0.0,0,0.5,6,166.0,0.0,0.02,0.82,0.29,June,2,5,3,3,Returning_Visitor,False,False
4,90.6,0,0.5,54,2191.33,0.0,0.02,5.38,0.0,Aug,3,2,8,1,Returning_Visitor,False,False
0,2.64,0,0.0,6,102.0,0.0,0.02,0.82,0.01,June,3,2,1,3,Returning_Visitor,True,False
4,149.03,1,50.54,23,836.58,0.0,0.02,16.2,0.0,Oct,2,5,3,20,Returning_Visitor,False,False
6,240.07,0,0.0,19,836.58,0.0,0.02,29.87,0.31,May,2,13,1,10,Returning_Visitor,False,False
7,280.0,0,0.5,21,612.75,0.0,0.02,5.38,0.76,May,1,1,2,4,New_Visitor,False,True
13,426.35,1,50.54,52,1701.27,0.03,0.06,0.0,0.0,May,1,1,1,3,Returning_Visitor,False,False
0,0.0,0,0.0,6,0.0,0.08,0.12,0.82,0.01,June,2,4,1,4,Returning_Visitor,False,False
3,129.24,0,0.0,57,2191.33,0.02,0.03,0.82,0.0,Mar,3,2,1,1,Returning_Visitor,True,False
6,202.0,2,97.64,54,2191.33,0.0,0.01,0.82,0.0,Mar,1,1,4,2,Returning_Visitor,True,False
6,162.42,2,102.0,54,2191.33,0.0,0.02,0.0,0.31,May,1,1,1,2,Returning_Visitor,True,False
1,24.04,0,0.5,30,1155.81,0.0,0.02,0.82,0.0,Mar,1,1,1,8,Returning_Visitor,False,False
0,0.0,0,0.0,14,238.67,0.0,0.0,0.82,0.76,June,2,2,1,2,New_Visitor,False,False
1,24.04,0,0.5,6,239.67,0.04,0.1,0.0,0.31,June,3,2,1,1,Returning_Visitor,False,False
0,0.0,0,0.5,1,0.0,0.2,0.2,0.0,0.4,May,2,1,3,4,Returning_Visitor,False,False
0,0.0,2,91.0,87,3195.76,0.0,0.02,0.82,0.76,June,2,2,3,1,Returning_Visitor,False,False
0,0.0,0,0.5,6,239.67,0.0,0.02,0.0,0.0,Nov,2,2,4,3,Returning_Visitor,False,False
2,57.25,0,0.5,6,239.67,0.0,0.02,5.38,0.29,May,2,5,5,4,New_Visitor,True,True
7,281.92,1,50.54,83,2616.91,0.0,0.02,5.38,0.0,Nov,2,2,3,1,Returning_Visitor,False,True
0,2.64,0,0.5,14,416.83,0.0,0.02,5.38,0.0,May,3,2,2,3,Returning_Visitor,False,False
0,0.0,0,0.5,1,0.0,0.2,0.2,5.38,0.0,Nov,2,2,6,10,Returning_Visitor,False,False
0,2.64,0,0.5,6,239.67,0.02,0.04,0.82,0.31,June,2,2,3,13,Returning_Visitor,False,False
0,0.0,0,0.5,3,70.0,0.0,0.02,5.38,0.0,Nov,1,1,2,2,New_Visitor,True,False
1,24.04,0,0.5,54,2191.33,0.0,0.02,11.7,0.76,May,4,5,1,5,Returning_Visitor,True,True
0,2.64,0,0.5,35,926.67,0.0,0.02,0.0,0.76,May,1,1,1,4,Returning_Visitor,True,False
0,0.0,0,0.0,6,239.67,0.0,0.02,0.82,0.01,June,4,2,1,4,New_Visitor,False,False
0,0.0,0,0.0,6,239.67,0.04,0.09,0.0,0.31,May,2,2,6,1,Returning_Visitor,False,False
1,24.04,0,0.5,6,0.0,0.2,0.2,5.38,0.0,Nov,1,1,1,2,New_Visitor,False,False
0,2.64,0,0.5,41,1250.68,0.03,0.07,5.38,0.0,Nov,1,1,1,3,Returning_Visitor,False,False
0,2.64,0,0.5,6,30.0,0.18,0.19,0.0,0.76,May,2,2,6,3,Returning_Visitor,False,False
9,250.22,1,50.54,142,5076.38,0.0,0.02,28.42,0.0,Nov,2,2,3,13,Returning_Visitor,False,True
0,0.0,0,0.0,19,836.58,0.04,0.05,5.38,0.76,May,2,2,3,4,Returning_Visitor,True,False
6,182.51,0,0.0,41,1250.68,0.0,0.02,0.0,0.0,May,2,2,6,4,Returning_Visitor,False,False
10,490.33,0,0.5,103,3195.76,0.01,0.04,5.38,0.31,May,1,1,1,13,Returning_Visitor,False,False
1,24.04,0,0.5,23,602.0,0.0,0.02,5.38,0.76,May,2,5,3,4,New_Visitor,False,False
1,24.04,0,0.0,6,0.0,0.2,0.2,0.0,0.0,Mar,1,1,1,1,Returning_Visitor,False,False
1,24.04,0,0.5,9,355.67,0.0,0.02,5.38,0.76,May,2,4,3,4,New_Visitor,False,False
1,24.04,0,0.0,13,545.57,0.0,0.02,0.82,0.0,Mar,3,2,3,1,Returning_Visitor,False,True
1,24.04,0,0.5,4,7.0,0.0,0.02,5.38,0.0,May,2,5,8,4,New_Visitor,False,False
2,16.0,0,0.5,16,757.39,0.0,0.02,1.38,0.76,Feb,2,4,2,4,New_Visitor,False,False
0,0.0,0,0.5,6,239.67,0.01,0.04,0.0,0.0,Nov,2,2,9,2,New_Visitor,True,False
0,2.64,0,0.5,76,2861.97,0.0,0.02,0.0,0.0,Nov,2,2,9,2,Returning_Visitor,False,False
0,2.64,0,0.5,6,239.67,0.05,0.09,1.96,0.0,Dec,1,1,1,2,Returning_Visitor,True,False
0,2.64,0,0.5,54,2191.33,0.01,0.03,1.96,0.0,Dec,1,1,8,2,Returning_Visitor,True,False
1,5.0,0,0.0,6,239.67,0.0,0.02,0.0,0.76,May,2,2,7,3,Returning_Visitor,False,False
0,0.0,0,0.5,6,239.67,0.0,0.02,0.0,0.0,Nov,2,4,9,2,Returning_Visitor,False,False
0,2.64,0,0.0,6,239.67,0.01,0.04,1.96,0.0,Dec,2,10,3,1,Returning_Visitor,False,False
4,94.0,2,44.2,41,1430.21,0.0,0.02,0.82,0.29,June,2,2,7,3,Returning_Visitor,False,False
3,112.0,0,0.0,20,836.58,0.0,0.02,5.38,0.0,May,2,2,1,4,Returning_Visitor,False,False
1,24.04,0,0.0,6,239.67,0.0,0.02,5.38,0.76,May,2,4,3,4,New_Visitor,False,True
5,154.08,1,50.54,54,2191.33,0.0,0.02,0.0,0.0,Mar,1,1,2,2,New_Visitor,False,False
6,199.85,0,0.0,34,1267.45,0.0,0.02,17.93,0.76,May,2,4,1,3,Returning_Visitor,False,False
0,2.64,0,0.5,6,239.67,0.01,0.03,0.0,0.76,May,3,2,1,3,Returning_Visitor,False,False
13,555.83,0,0.5,41,1182.11,0.0,0.02,4.47,0.0,Mar,1,1,1,2,New_Visitor,False,False
0,0.0,0,0.5,6,239.67,0.0,0.02,0.0,0.0,Nov,2,2,1,20,Returning_Visitor,False,False
1,24.04,0,0.0,15,595.6,0.01,0.03,0.82,0.0,Mar,3,2,4,3,Returning_Visitor,False,False
4,74.0,0,0.5,8,239.67,0.03,0.07,5.38,0.0,May,1,1,1,3,Returning_Visitor,False,False
1,24.04,0,0.0,6,239.67,0.03,0.07,0.82,0.0,Mar,3,2,3,1,Returning_Visitor,False,False
6,182.51,1,50.54,11,239.67,0.0,0.01,5.38,0.29,May,1,1,4,8,New_Visitor,True,False
1,24.04,0,0.5,6,239.67,0.0,0.01,0.0,0.29,May,1,1,4,3,Returning_Visitor,False,False
0,0.0,0,0.5,6,239.67,0.2,0.2,0.0,0.0,Nov,2,10,3,2,New_Visitor,False,False
1,24.04,0,0.5,6,239.67,0.0,0.01,0.82,0.01,June,3,2,1,3,Returning_Visitor,True,False
1,23.96,0,0.0,6,239.67,0.01,0.04,1.48,0.01,June,2,5,3,4,New_Visitor,False,False
2,57.25,0,0.5,6,239.67,0.0,0.02,12.23,0.31,May,1,1,7,2,Returning_Visitor,False,True
1,24.04,0,0.0,26,655.54,0.0,0.02,0.0,0.0,May,2,2,4,3,Returning_Visitor,False,False
4,134.61,0,0.5,66,2544.05,0.0,0.02,0.82,0.01,June,2,4,3,4,New_Visitor,False,False
2,43.5,0,0.5,28,1055.58,0.0,0.02,0.0,0.0,Dec,1,1,1,2,Returning_Visitor,True,False
0,0.0,0,0.5,6,239.67,0.02,0.04,5.38,0.31,May,2,2,8,1,Returning_Visitor,False,False
1,24.04,0,0.0,6,239.67,0.04,0.1,0.0,0.0,Dec,1,11,7,1,Returning_Visitor,False,False
1,24.04,0,0.5,6,239.67,0.12,0.15,0.0,0.0,May,3,2,1,3,Returning_Visitor,True,False
1,24.04,0,0.5,6,0.0,0.11,0.15,0.0,0.0,Nov,1,1,1,1,Returning_Visitor,False,False
1,24.04,0,0.5,15,595.6,0.0,0.02,0.82,0.01,June,1,1,1,4,New_Visitor,False,False
1,24.04,0,0.5,6,166.0,0.0,0.02,0.82,0.01,June,3,2,1,3,Returning_Visitor,True,True
9,1047.34,0,0.5,21,836.58,0.0,0.02,61.53,0.29,May,1,5,3,20,Returning_Visitor,False,False
4,144.08,0,0.5,54,2191.33,0.0,0.02,5.38,0.0,May,2,4,1,4,New_Visitor,False,False
6,202.0,0,0.5,86,2806.85,0.0,0.02,0.0,0.0,Oct,3,2,1,2,New_Visitor,True,False
3,67.87,2,116.22,16,393.0,0.0,0.02,0.0,0.0,Sep,2,2,1,5,Returning_Visitor,False,False
0,2.64,0,0.5,6,239.67,0.0,0.02,0.0,0.76,May,2,4,3,4,New_Visitor,True,False
1,24.04,0,0.0,6,99.0,0.17,0.19,5.38,0.76,May,1,1,1,3,Returning_Visitor,False,False
2,160.0,0,0.0,6,239.67,0.0,0.01,0.0,0.76,May,3,2,2,4,Returning_Visitor,False,False
1,24.04,0,0.0,6,239.67,0.0,0.02,0.82,0.0,Mar,2,2,3,2,Returning_Visitor,False,False
1,24.04,2,72.0,19,462.0,0.0,0.02,5.38,0.0,May,2,4,3,4,New_Visitor,False,True
4,76.0,0,0.5,19,535.25,0.0,0.02,1.96,0.0,Dec,1,1,1,3,Returning_Visitor,True,False
0,0.0,0,0.5,6,0.0,0.2,0.2,0.0,0.0,Jul,1,5,3,1,Returning_Visitor,False,False
0,0.0,0,0.5,6,239.67,0.0,0.02,0.82,0.31,June,1,1,1,1,Returning_Visitor,False,False
0,0.0,0,0.5,7,239.67,0.0,0.03,0.82,0.01,June,2,2,1,4,New_Visitor,False,False
5,222.75,1,50.54,54,2191.33,0.0,0.02,1.96,0.0,Dec,1,1,1,1,Returning_Visitor,False,False
2,57.25,0,0.5,6,35.2,0.03,0.08,0.0,0.0,Nov,2,4,7,1,Returning_Visitor,False,False
0,0.0,0,0.0,62,2466.22,0.01,0.03,12.71,0.31,Sep,2,4,1,1,Returning_Visitor,False,False
0,0.0,0,0.5,7,239.67,0.0,0.02,5.38,0.0,May,1,1,1,5,New_Visitor,False,False
0,0.0,0,0.5,8,326.67,0.0,0.05,0.0,0.76,May,1,1,4,4,Returning_Visitor,True,False
0,0.0,0,0.5,6,239.67,0.04,0.1,0.0,0.76,May,2,4,1,4,New_Visitor,False,False
6,238.58,3,119.5,83,2933.7,0.0,0.02,5.38,0.76,May,3,2,1,4,New_Visitor,False,True
1,24.04,0,0.0,11,119.2,0.0,0.02,0.82,0.01,June,1,1,2,4,New_Visitor,True,False
0,0.0,0,0.5,6,239.67,0.0,0.02,1.96,0.0,Dec,2,2,1,2,Returning_Visitor,False,False
1,24.04,0,0.5,6,239.67,0.0,0.02,0.0,0.76,May,2,5,3,4,New_Visitor,False,False
0,0.0,0,0.5,6,239.67,0.01,0.05,1.96,0.0,Dec,4,5,3,5,Returning_Visitor,False,False
0,0.0,0,0.5,91,2056.11,0.0,0.02,5.38,0.0,Nov,1,1,1,2,Returning_Visitor,True,False
2,820.0,0,0.5,28,2228.52,0.0,0.02,0.82,0.76,June,2,2,3,9,Returning_Visitor,False,False
1,24.04,0,0.0,21,836.58,0.0,0.02,0.0,0.0,Nov,3,2,4,2,New_Visitor,True,False
1,24.04,0,0.5,9,239.67,0.0,0.02,0.0,0.0,Dec,1,1,1,2,New_Visitor,True,False
0,2.64,0,0.5,1,239.67,0.2,0.2,0.0,0.0,May,1,1,1,4,New_Visitor,False,False
0,0.0,0,0.5,2,22.0,0.0,0.02,0.0,0.31,May,1,1,8,2,Returning_Visitor,True,False
10,400.65,0,0.0,54,2191.33,0.0,0.02,61.53,0.01,Aug,1,8,1,17,Returning_Visitor,False,True
3,129.24,1,50.54,45,1351.12,0.0,0.02,0.0,0.0,Dec,1,1,3,9,Returning_Visitor,False,False
6,202.0,2,35.7,54,2110.26,0.0,0.02,0.0,0.31,Aug,1,1,8,1,Returning_Visitor,False,False
1,17.0,0,0.5,15,595.6,0.0,0.02,5.38,0.0,Nov,1,1,1,3,Returning_Visitor,False,False
1,24.04,0,0.5,29,1155.81,0.0,0.02,5.38,0.0,Nov,2,12,6,9,Returning_Visitor,False,False
1,24.04,0,0.5,8,331.0,0.0,0.01,0.82,0.76,June,1,1,8,2,New_Visitor,False,False
0,2.64,0,0.5,6,239.67,0.0,0.05,0.0,0.6,May,2,4,1,3,Returning_Visitor,False,False
1,24.04,0,0.0,6,239.67,0.0,0.02,0.82,0.01,June,3,2,1,4,New_Visitor,False,False
4,145.1,1,50.54,54,2191.33,0.0,0.02,1.96,0.0,Dec,4,5,3,1,Returning_Visitor,False,False
1,9.0,0,0.5,6,269.96,0.0,0.01,0.0,0.76,May,1,1,3,11,Returning_Visitor,False,False
3,107.4,0,0.5,54,2191.33,0.0,0.02,1.96,0.0,Dec,1,1,1,1,Returning_Visitor,False,False
1,24.04,0,0.0,10,239.67,0.0,0.02,1.38,0.0,Mar,1,1,1,2,New_Visitor,False,False
3,129.24,0,0.0,54,2191.33,0.0,0.02,0.0,1.0,May,6,4,3,2,New_Visitor,False,False
0,2.64,0,0.5,50,1917.68,0.0,0.02,0.0,0.31,May,2,5,3,1,Returning_Visitor,False,False
0,0.0,0,0.0,12,655.0,0.0,0.02,0.82,0.8,June,2,5,3,6,Returning_Visitor,False,False
1,24.04,2,77.0,31,1155.81,0.0,0.02,0.82,0.0,Mar,1,1,8,2,Returning_Visitor,True,True
0,0.0,0,0.5,10,239.67,0.0,0.02,5.38,0.0,Nov,3,2,1,2,New_Visitor,False,False
7,202.0,1,50.54,24,836.58,0.01,0.04,0.0,0.0,Nov,3,2,3,1,Returning_Visitor,False,False
6,202.0,0,0.0,6,239.67,0.0,0.04,29.87,0.31,May,1,5,3,14,Returning_Visitor,False,False
12,481.6,6,590.11,142,5142.86,0.0,0.01,112.67,0.31,May,1,5,3,2,Returning_Visitor,False,True
1,24.04,2,116.22,34,1307.47,0.01,0.03,5.38,0.0,Nov,2,2,3,2,New_Visitor,False,False
16,237.35,1,50.54,46,1351.12,0.01,0.01,5.38,0.0,Nov,2,2,4,2,Returning_Visitor,True,False
0,0.0,0,0.5,12,442.89,0.0,0.02,5.38,0.76,May,2,2,1,4,New_Visitor,False,False
1,24.04,0,0.5,97,3195.76,0.0,0.02,0.0,0.0,Nov,2,10,3,2,New_Visitor,False,False
1,24.04,0,0.5,3,239.67,0.03,0.07,0.0,0.0,Nov,2,2,2,2,New_Visitor,False,False
1,24.04,0,0.5,6,239.67,0.0,0.02,0.82,0.31,June,1,1,1,1,Returning_Visitor,False,False
1,24.04,0,0.0,48,1351.12,0.0,0.02,7.56,0.0,Nov,1,1,1,2,Returning_Visitor,True,True
6,202.0,3,141.0,20,836.58,0.0,0.02,19.13,0.0,Nov,2,2,4,1,Returning_Visitor,False,True
1,24.04,0,0.5,5,118.5,0.0,0.04,0.0,0.0,June,1,1,8,2,Returning_Visitor,True,False
0,0.0,0,0.5,6,239.67,0.0,0.02,5.38,0.76,May,2,5,3,4,Returning_Visitor,True,False
1,24.04,0,0.5,3,119.0,0.0,0.07,5.38,0.76,May,1,1,2,4,Returning_Visitor,False,False
1,24.04,0,0.5,2,239.67,0.0,0.02,5.38,0.0,Nov,2,2,6,1,Returning_Visitor,True,False
9,202.0,0,0.5,2,239.67,0.2,0.2,0.0,0.8,May,3,2,1,3,Returning_Visitor,False,False
1,24.04,0,0.0,6,239.67,0.01,0.05,0.0,0.0,Jul,1,1,4,3,Returning_Visitor,False,False
1,24.04,0,0.0,27,444.1,0.0,0.02,0.82,0.01,June,2,2,1,3,Returning_Visitor,False,False
2,43.5,0,0.0,30,2264.33,0.0,0.02,0.82,0.0,Mar,2,2,1,2,Returning_Visitor,True,False
1,24.04,0,0.5,16,323.23,0.0,0.02,0.82,0.01,June,3,2,1,3,Returning_Visitor,False,False
1,24.04,0,0.5,6,239.67,0.0,0.02,0.0,0.76,May,2,2,1,4,Returning_Visitor,False,False
5,154.08,1,50.54,15,595.6,0.0,0.02,5.38,0.0,Nov,1,1,1,13,Returning_Visitor,False,True
1,24.04,0,0.5,6,239.67,0.0,0.02,0.82,0.01,June,3,2,1,3,Returning_Visitor,True,False
5,154.08,0,0.0,36,1155.81,0.01,0.03,1.96,0.76,Sep,1,1,2,4,New_Visitor,False,False
0,2.64,0,0.5,23,832.0,0.0,0.02,21.93,0.0,Nov,3,1,3,2,New_Visitor,False,False
1,24.04,0,0.5,6,239.67,0.0,0.01,0.0,0.29,May,3,2,1,4,Returning_Visitor,False,False
12,504.79,5,514.0,66,2605.7,0.0,0.01,14.85,0.29,May,2,2,7,3,Returning_Visitor,False,True
0,0.0,0,0.5,87,3312.5,0.01,0.04,0.0,0.0,Mar,2,2,3,13,Returning_Visitor,False,False
0,0.0,0,0.5,12,442.89,0.0,0.02,0.82,0.01,June,2,2,3,3,Returning_Visitor,False,False
1,24.04,0,0.0,6,239.67,0.0,0.02,5.38,0.0,Nov,2,2,3,2,Returning_Visitor,False,False
0,0.0,0,0.0,3,239.67,0.0,0.02,5.38,0.76,May,2,4,1,4,Returning_Visitor,False,False
1,24.04,0,0.5,16,757.39,0.0,0.02,1.38,0.0,Mar,1,1,1,2,New_Visitor,True,False
1,24.04,0,0.5,5,199.5,0.0,0.01,0.0,0.76,May,4,2,1,3,Returning_Visitor,False,False
2,55.0,2,47.0,47,1351.12,0.0,0.02,1.38,0.0,Mar,2,2,6,1,Returning_Visitor,False,False
1,24.04,1,50.54,13,503.0,0.0,0.01,0.0,0.0,May,1,1,4,3,Returning_Visitor,False,False
1,24.04,0,0.5,6,239.67,0.03,0.06,0.0,0.29,May,2,5,7,3,Returning_Visitor,False,False
6,202.0,2,123.55,54,2191.33,0.0,0.01,9.84,0.0,Nov,1,1,1,2,Returning_Visitor,False,False
2,57.25,0,0.0,34,1155.81,0.01,0.03,0.82,0.0,Mar,3,2,1,1,Returning_Visitor,False,False
0,0.0,0,0.0,6,53.0,0.04,0.09,0.0,0.0,Mar,2,10,3,2,New_Visitor,False,False
0,0.0,3,222.0,25,836.58,0.0,0.02,5.38,0.0,May,2,2,1,4,New_Visitor,False,False
0,0.0,0,0.5,6,239.67,0.01,0.05,0.0,0.0,Nov,1,1,4,3,Returning_Visitor,False,False
0,2.64,0,0.5,30,1155.81,0.0,0.02,5.38,0.76,May,2,2,7,3,Returning_Visitor,False,False
2,24.5,0,0.5,109,4566.95,0.0,0.02,1.38,0.0,Mar,2,2,1,2,New_Visitor,False,False
0,0.0,0,0.5,6,239.67,0.0,0.02,0.0,0.0,Nov,1,1,1,2,Returning_Visitor,False,True
1,24.04,0,0.5,23,825.08,0.0,0.02,1.38,0.0,Mar,2,2,1,2,Returning_Visitor,True,True
0,2.64,0,0.5,28,926.63,0.0,0.02,0.0,0.0,Mar,2,2,2,1,Returning_Visitor,True,False
6,182.51,1,50.54,54,2191.33,0.0,0.02,1.96,0.0,Dec,1,1,8,8,Returning_Visitor,False,False
4,144.08,1,50.54,54,2191.33,0.0,0.01,5.31,0.76,May,2,2,1,4,New_Visitor,False,True
0,2.64,0,0.5,6,239.67,0.0,0.02,0.82,0.6,June,2,5,3,2,New_Visitor,False,False
3,129.24,1,50.54,23,741.06,0.01,0.04,5.38,0.0,Nov,3,2,4,10,Returning_Visitor,False,True
6,230.17,3,127.89,54,2191.33,0.0,0.01,0.0,0.0,Mar,2,5,2,2,New_Visitor,False,False
1,24.04,1,4.0,41,1643.33,0.01,0.04,0.82,0.2,June,1,1,1,4,Returning_Visitor,True,False
5,73.8,0,0.0,6,82.5,0.0,0.02,5.38,0.31,Aug,1,1,6,5,Returning_Visitor,False,False
5,51.04,0,0.0,23,837.38,0.0,0.01,5.38,0.0,Nov,1,1,4,8,New_Visitor,True,True
0,2.64,0,0.5,2,239.67,0.0,0.02,5.38,0.0,Nov,2,4,3,1,Returning_Visitor,False,False
0,0.0,0,0.5,43,907.51,0.0,0.0,0.0,0.0,Nov,1,1,1,2,New_Visitor,True,False
0,0.0,0,0.5,10,224.0,0.0,0.02,0.0,0.4,May,2,10,3,1,Returning_Visitor,False,False
4,86.0,0,0.5,115,4656.8,0.01,0.02,5.38,0.0,Nov,2,2,1,2,Returning_Visitor,False,False
2,47.0,0,0.0,17,411.62,0.0,0.02,0.82,0.29,June,1,1,1,3,Returning_Visitor,False,False
1,24.04,0,0.5,16,541.88,0.0,0.02,15.15,0.76,May,2,2,9,4,New_Visitor,False,True
1,24.04,0,0.5,6,239.67,0.0,0.02,1.96,0.0,Dec,4,5,3,1,Returning_Visitor,False,False
6,378.47,0,0.5,54,2191.33,0.0,0.02,0.0,0.01,May,1,1,1,4,New_Visitor,False,False
1,24.04,0,0.0,28,1155.81,0.0,0.02,0.0,0.29,May,2,2,3,4,Returning_Visitor,True,False
0,0.0,0,0.0,18,836.58,0.0,0.02,5.38,0.0,May,2,2,1,1,Returning_Visitor,False,False
0,0.0,0,0.5,8,274.0,0.04,0.09,0.0,0.29,May,3,2,1,3,Returning_Visitor,False,False
0,0.0,0,0.0,7,37.0,0.0,0.02,5.38,0.6,May,2,10,3,4,New_Visitor,False,False
2,57.25,0,0.0,22,836.58,0.0,0.02,1.96,0.0,Dec,1,1,1,10,New_Visitor,False,False
4,96.5,0,0.0,19,1430.66,0.0,0.02,5.38,0.31,May,1,1,1,1,Returning_Visitor,False,False
6,202.0,2,116.22,30,1155.81,0.0,0.02,0.0,0.0,June,1,1,1,4,New_Visitor,False,False
0,0.0,0,0.5,28,960.73,0.02,0.05,0.0,0.0,Nov,2,2,4,2,Returning_Visitor,True,False
8,355.0,0,0.0,50,1039.6,0.0,0.01,0.82,0.01,June,3,2,3,3,Returning_Visitor,False,False
0,2.64,0,0.5,6,239.67,0.02,0.06,5.38,0.0,Nov,2,10,3,2,Returning_Visitor,False,True
2,57.25,0,0.0,38,2259.2,0.0,0.02,0.82,0.01,June,2,5,3,4,New_Visitor,False,False
1,24.04,0,0.5,6,239.67,0.0,0.02,1.96,0.76,Sep,2,2,1,4,Returning_Visitor,True,False
0,2.64,0,0.5,6,239.67,0.01,0.04,5.38,0.0,Oct,3,2,1,1,Returning_Visitor,False,True
13,481.6,1,50.54,54,2191.33,0.01,0.02,29.87,0.0,Nov,2,2,3,2,New_Visitor,False,True
0,0.0,0,0.5,4,239.67,0.0,0.02,0.82,0.0,Mar,3,2,1,2,New_Visitor,False,False
0,0.0,0,0.5,6,239.67,0.04,0.1,0.0,0.2,Feb,1,1,1,3,Returning_Visitor,False,False
0,2.64,0,0.5,87,3626.0,0.01,0.04,5.38,0.0,Nov,1,1,4,2,Returning_Visitor,True,False
4,134.61,0,0.5,117,3894.95,0.01,0.02,5.38,0.76,May,2,4,3,4,New_Visitor,False,False
1,24.04,0,0.5,6,239.67,0.0,0.01,90.93,0.0,Nov,2,2,1,16,New_Visitor,False,True
0,0.0,0,0.5,6,239.67,0.0,0.02,0.0,0.0,Dec,2,4,1,2,New_Visitor,False,False
1,24.04,0,0.0,0,239.67,0.0,0.02,1.38,0.0,Mar,1,1,1,9,Returning_Visitor,False,False
6,202.0,0,0.5,109,4403.38,0.0,0.02,0.0,0.0,Nov,1,1,8,2,Returning_Visitor,True,False
1,24.04,0,0.0,12,1653.6,0.02,0.04,0.82,0.0,Mar,3,2,4,3,Returning_Visitor,False,False
0,0.0,0,0.0,28,987.5,0.0,0.01,40.87,0.29,May,2,2,3,4,Returning_Visitor,False,True
7,202.0,5,725.5,54,2191.33,0.0,0.02,5.38,0.76,May,1,1,1,3,Returning_Visitor,False,True
4,21.0,0,0.5,16,657.17,0.0,0.02,5.38,0.0,May,2,5,3,3,Returning_Visitor,False,False
2,57.25,0,0.0,13,595.6,0.01,0.03,1.96,0.0,Sep,1,1,1,4,New_Visitor,False,False
1,24.04,0,0.5,54,2032.6,0.0,0.02,0.82,0.0,Mar,2,10,3,1,Returning_Visitor,False,False
0,0.0,0,0.0,6,239.67,0.11,0.15,5.38,0.0,Nov,2,2,1,2,Returning_Visitor,True,False
12,992.71,5,587.41,54,2191.33,0.01,0.02,66.46,0.76,May,1,8,1,11,Returning_Visitor,False,True
11,426.35,1,50.54,162,5142.86,0.0,0.01,0.82,0.0,Mar,2,2,1,1,Returning_Visitor,False,True
6,202.0,3,228.0,154,5142.86,0.01,0.03,5.38,0.0,Nov,1,2,2,2,Returning_Visitor,False,False
0,0.0,0,0.0,6,239.67,0.0,0.02,0.82,0.0,Mar,3,2,3,1,Returning_Visitor,False,False
1,24.04,0,0.5,6,239.67,0.0,0.02,0.82,0.01,June,2,4,3,4,New_Visitor,False,True
1,0.0,0,0.5,28,975.75,0.0,0.02,0.82,0.0,Mar,2,10,3,6,Returning_Visitor,False,False
0,2.64,0,0.5,19,469.42,0.0,0.02,0.0,0.0,Mar,1,1,1,2,New_Visitor,False,False
0,0.0,0,0.5,6,0.0,0.2,0.2,0.0,0.0,Nov,2,10,3,2,New_Visitor,False,False
0,2.64,0,0.5,6,239.67,0.0,0.02,0.0,0.0,Nov,1,1,4,1,Returning_Visitor,False,False
0,0.0,0,0.5,21,836.58,0.0,0.03,0.0,0.4,May,2,2,4,2,Returning_Visitor,True,False
1,31.0,0,0.5,23,718.67,0.0,0.01,0.0,0.31,May,2,4,6,6,Returning_Visitor,True,False
4,144.08,0,0.5,54,2191.33,0.0,0.02,5.38,0.76,May,1,1,7,4,Returning_Visitor,True,True
0,0.0,0,0.0,30,599.92,0.0,0.02,0.0,0.0,Jul,1,1,1,2,New_Visitor,False,False
8,202.0,4,248.18,54,2191.33,0.0,0.02,0.0,0.0,May,3,4,3,3,Returning_Visitor,False,False
4,110.62,1,50.54,41,1508.52,0.01,0.04,5.38,0.0,Nov,2,2,3,2,Returning_Visitor,False,False
1,24.04,0,0.5,6,239.67,0.08,0.12,0.0,0.0,Dec,2,2,3,1,Returning_Visitor,False,False
0,0.0,0,0.5,7,239.67,0.0,0.02,5.38,0.31,May,1,1,1,13,Returning_Visitor,False,False
1,8.0,2,101.0,54,2191.33,0.0,0.02,0.82,0.76,June,2,4,3,1,Returning_Visitor,False,False
1,24.04,0,0.5,6,239.67,0.0,0.02,76.79,0.31,May,2,2,6,10,Returning_Visitor,True,True
0,2.64,0,0.0,6,239.67,0.03,0.06,5.38,0.31,May,2,2,1,1,Returning_Visitor,False,False
1,24.04,0,0.5,37,1155.81,0.0,0.02,5.38,0.01,May,2,3,3,4,New_Visitor,False,False
1,24.04,0,0.0,6,239.67,0.0,0.01,0.0,0.0,Nov,2,2,1,2,Returning_Visitor,False,False
0,0.0,0,0.5,6,239.67,0.0,0.02,0.0,0.0,Nov,2,4,1,2,New_Visitor,False,False
6,246.5,1,50.54,74,2326.67,0.0,0.02,5.02,0.0,Oct,1,1,3,2,New_Visitor,False,False
1,24.04,0,0.5,6,239.67,0.0,0.02,5.38,0.76,May,1,1,3,3,Returning_Visitor,False,False
0,2.64,0,0.0,6,239.67,0.0,0.02,0.0,0.29,May,2,2,7,3,Returning_Visitor,False,False
0,0.0,0,0.5,6,239.67,0.0,0.02,0.0,0.29,May,2,2,3,3,Returning_Visitor,False,False
0,0.0,0,0.5,6,239.67,0.0,0.02,0.0,0.0,Nov,2,10,3,2,New_Visitor,False,False
0,0.0,0,0.5,6,143.5,0.01,0.03,0.82,0.01,June,2,2,1,4,Returning_Visitor,False,False
1,24.04,0,0.5,6,239.67,0.01,0.04,5.38,0.0,Nov,2,2,1,2,Returning_Visitor,True,False
1,7.0,2,15.0,6,239.67,0.0,0.02,0.82,0.0,Jul,2,4,3,4,Returning_Visitor,False,True
0,0.0,0,0.5,9,239.67,0.04,0.09,0.0,0.31,May,3,2,1,1,Returning_Visitor,False,False
0,0.0,0,0.5,6,239.67,0.0,0.02,0.82,0.0,Mar,1,2,1,2,New_Visitor,True,False
0,2.64,0,0.5,6,44.4,0.01,0.05,0.0,0.0,May,3,10,3,3,Returning_Visitor,False,False
1,24.04,0,0.5,6,239.67,0.0,0.01,32.73,0.0,Nov,2,4,1,2,New_Visitor,False,False
4,134.61,0,0.5,37,3152.5,0.0,0.02,5.38,0.0,Nov,3,2,3,2,Returning_Visitor,False,True
1,24.04,0,0.5,1,239.67,0.2,0.2,0.0,0.29,May,2,2,4,3,Returning_Visitor,False,False
0,2.64,0,0.0,6,239.67,0.0,0.01,5.38,0.0,Nov,2,4,3,2,New_Visitor,False,False
1,24.04,0,0.0,6,0.0,0.08,0.12,0.0,0.0,Nov,2,2,9,2,Returning_Visitor,True,False
6,202.0,0,0.5,3,16.0,0.0,0.02,0.0,0.6,May,3,10,3,3,Returning_Visitor,False,False
6,202.0,2,111.0,13,595.6,0.0,0.01,5.38,0.76,May,2,2,1,3,Returning_Visitor,False,False
0,2.64,0,0.5,45,1682.28,0.0,0.02,5.38,0.31,May,2,2,4,2,Returning_Visitor,False,True
4,103.0,1,50.54,54,2081.5,0.0,0.01,5.38,0.0,Nov,2,2,3,2,Returning_Visitor,False,True
1,24.04,2,30.0,19,596.08,0.0,0.02,0.0,0.76,May,2,2,3,3,Returning_Visitor,False,False
4,103.62,0,0.0,28,1003.42,0.0,0.02,0.82,0.29,June,1,1,1,3,Returning_Visitor,False,False
0,2.64,0,0.5,15,595.6,0.01,0.03,0.0,0.29,May,2,2,1,4,Returning_Visitor,False,False
2,28.58,0,0.5,23,649.86,0.01,0.03,0.0,0.31,May,2,2,6,5,Returning_Visitor,False,False
0,0.0,0,0.5,6,0.0,0.08,0.12,0.0,0.0,Nov,2,2,3,18,Returning_Visitor,True,False
1,24.04,0,0.0,6,239.67,0.0,0.02,0.0,0.76,May,1,1,9,4,New_Visitor,False,False
0,0.0,0,0.0,2,301.0,0.0,0.02,0.0,0.76,May,1,1,1,3,Returning_Visitor,False,False
10,573.4,0,0.5,22,539.84,0.0,0.0,25.53,0.0,Oct,1,1,1,2,New_Visitor,False,False
0,0.0,0,0.5,8,305.0,0.0,0.02,0.0,0.0,May,1,1,1,4,New_Visitor,False,False
1,24.04,0,0.5,6,239.67,0.02,0.03,0.82,0.31,June,1,1,1,2,Returning_Visitor,True,False
4,88.28,0,0.5,8,310.97,0.03,0.06,29.87,0.31,May,2,1,3,13,Returning_Visitor,False,False
4,208.89,3,134.0,37,1155.81,0.02,0.04,6.06,0.01,May,1,1,6,3,Returning_Visitor,False,False
4,104.4,1,50.54,54,2191.33,0.0,0.01,20.5,0.0,Nov,2,4,1,1,Returning_Visitor,False,True
0,2.64,0,0.5,6,239.67,0.05,0.06,5.38,0.76,May,3,2,1,3,Returning_Visitor,False,False
1,24.04,0,0.0,6,0.0,0.2,0.2,0.82,0.0,Mar,2,5,3,2,New_Visitor,False,False
0,0.0,0,0.5,6,46.5,0.0,0.02,0.0,0.0,Dec,1,1,2,2,New_Visitor,False,False
0,0.0,0,0.5,28,999.8,0.01,0.03,1.96,0.0,Sep,1,1,1,4,Returning_Visitor,False,False
1,24.04,2,15.0,6,239.67,0.0,0.02,5.38,0.76,May,1,1,1,3,Returning_Visitor,False,False
1,24.04,0,0.0,2,239.67,0.0,0.03,0.0,0.0,Nov,3,2,3,3,Returning_Visitor,False,False
0,0.0,0,0.5,6,239.67,0.0,0.01,5.38,0.0,Nov,1,1,1,2,Returning_Visitor,False,False
0,0.0,0,0.5,40,1250.68,0.0,0.02,0.0,0.0,May,2,2,9,3,Returning_Visitor,False,False
1,24.04,0,0.0,6,239.67,0.0,0.02,0.0,0.0,Nov,3,2,1,2,New_Visitor,True,False
6,202.0,2,28.2,130,4994.85,0.01,0.04,0.0,0.0,Sep,1,1,4,1,Returning_Visitor,False,False
1,24.04,0,0.0,26,836.58,0.0,0.02,0.0,0.76,May,2,2,1,4,New_Visitor,False,False
10,548.89,3,163.0,62,2466.22,0.0,0.01,5.38,0.76,May,1,1,5,3,Returning_Visitor,False,False
0,0.0,0,0.0,6,239.67,0.02,0.05,0.82,0.6,June,2,4,3,2,New_Visitor,False,False
0,0.0,0,0.5,14,428.5,0.0,0.02,0.82,0.0,Mar,2,10,3,2,New_Visitor,False,True
2,58.5,0,0.0,41,1568.5,0.0,0.02,0.0,0.0,Nov,1,1,7,1,Returning_Visitor,False,False
1,9.5,0,0.0,19,529.7,0.0,0.02,5.38,0.0,May,2,2,4,4,Returning_Visitor,True,False
9,202.0,1,50.54,150,6566.87,0.0,0.02,5.38,0.0,Nov,2,2,1,1,Returning_Visitor,True,False
0,0.0,0,0.5,6,239.67,0.0,0.02,0.0,0.31,May,1,1,1,2,Returning_Visitor,True,False
1,24.04,0,0.5,6,239.67,0.01,0.02,0.0,0.31,May,2,2,3,2,Returning_Visitor,False,False
6,202.0,0,0.0,6,239.67,0.02,0.05,5.38,1.0,May,1,1,1,13,Returning_Visitor,True,False
1,24.04,0,0.5,42,1369.7,0.0,0.02,11.33,0.0,Nov,2,4,3,2,Returning_Visitor,False,False
6,182.51,1,50.54,37,1155.81,0.01,0.03,5.38,0.0,Nov,2,2,3,1,Returning_Visitor,False,True
1,24.04,0,0.5,6,239.67,0.01,0.03,5.38,0.31,May,2,4,6,6,New_Visitor,True,False
2,34.0,0,0.0,19,521.5,0.02,0.04,0.82,0.76,June,1,1,8,2,New_Visitor,False,False
1,24.04,0,0.5,41,1394.67,0.01,0.03,1.38,0.0,Mar,2,4,2,1,Returning_Visitor,False,False
0,2.64,0,0.5,3,738.0,0.0,0.02,0.82,0.31,June,2,4,1,2,Returning_Visitor,True,False
3,129.24,1,50.54,54,2191.33,0.01,0.03,1.38,0.0,Mar,2,2,1,1,Returning_Visitor,False,False
10,470.45,0,0.0,47,3608.9,0.0,0.02,7.26,0.01,May,2,2,8,3,Returning_Visitor,False,False
0,2.64,3,135.0,32,1155.81,0.03,0.06,4.03,0.0,Dec,1,1,8,2,Returning_Visitor,True,False
4,62.5,0,0.0,53,2191.33,0.01,0.02,46.78,0.0,Dec,1,5,3,16,New_Visitor,False,True
0,0.0,0,0.0,6,239.67,0.0,0.02,0.0,0.29,May,3,2,2,11,Returning_Visitor,False,False
1,24.04,1,20.0,34,1279.17,0.0,0.02,0.0,0.0,Mar,3,2,3,1,Returning_Visitor,False,False
0,2.64,0,0.0,6,0.0,0.2,0.2,0.0,0.0,Nov,1,1,4,3,Returning_Visitor,False,False
0,0.0,0,0.0,4,239.67,0.0,0.02,0.0,0.0,May,2,4,3,4,New_Visitor,False,False
1,24.04,0,0.5,6,239.67,0.0,0.02,5.38,0.76,May,2,4,3,3,Returning_Visitor,False,False
4,144.08,5,1022.25,54,2191.33,0.0,0.02,5.38,0.0,Nov,1,1,1,2,Returning_Visitor,False,True
0,0.0,0,0.5,16,757.39,0.0,0.02,13.99,0.31,May,1,1,8,2,Returning_Visitor,True,True
10,504.25,2,116.22,54,2191.33,0.01,0.04,1.83,0.31,June,1,1,1,1,Returning_Visitor,False,True
7,202.0,1,50.54,54,2191.33,0.0,0.02,5.38,0.01,May,2,2,1,4,New_Visitor,False,False
2,44.75,0,0.5,6,102.0,0.03,0.07,5.38,0.4,May,3,2,1,1,Returning_Visitor,False,False
1,24.04,0,0.5,93,3195.76,0.0,0.02,0.82,0.0,Mar,2,2,3,1,Returning_Visitor,False,True
4,102.53,1,50.54,74,2396.69,0.0,0.02,15.03,0.0,Mar,3,4,3,1,Returning_Visitor,False,False
1,24.04,0,0.5,4,75.6,0.0,0.02,0.0,0.29,Aug,2,2,7,4,Returning_Visitor,True,False
2,57.25,0,0.5,31,618.0,0.0,0.01,5.38,0.0,May,1,1,8,4,New_Visitor,False,False
3,474.67,1,50.54,54,2191.33,0.0,0.02,5.52,0.0,Nov,1,1,1,2,Returning_Visitor,True,False
4,149.5,0,0.5,55,2191.33,0.0,0.01,48.73,0.0,May,1,1,8,2,Returning_Visitor,True,False
2,65.17,2,16.0,23,599.33,0.0,0.02,5.49,0.0,Dec,1,1,4,11,Returning_Visitor,False,True
2,57.25,0,0.0,20,836.58,0.0,0.02,5.38,0.0,Nov,2,5,3,2,New_Visitor,True,False
1,24.04,0,0.5,7,239.67,0.0,0.02,0.0,0.31,May,2,2,3,1,Returning_Visitor,False,False
1,24.04,0,0.0,6,239.67,0.07,0.12,0.82,0.01,June,2,2,1,3,Returning_Visitor,False,False
5,154.08,1,50.54,54,2191.33,0.0,0.02,1.38,0.0,Mar,2,2,1,2,New_Visitor,False,False
1,24.04,0,0.5,73,2753.38,0.0,0.02,0.0,0.0,Mar,2,2,2,1,Returning_Visitor,True,False
1,24.04,0,0.0,6,239.67,0.0,0.02,34.04,0.0,Nov,6,10,3,1,Returning_Visitor,False,True
6,202.0,3,188.0,54,2191.33,0.0,0.02,0.0,0.0,Nov,2,2,9,2,New_Visitor,False,False
4,144.08,1,50.54,30,548.96,0.01,0.03,5.38,0.0,Nov,2,4,2,4,Returning_Visitor,False,True
1,24.04,0,0.0,6,239.67,0.0,0.02,0.0,0.31,May,2,10,3,1,Returning_Visitor,False,False
0,0.0,0,0.0,9,239.67,0.0,0.02,5.38,0.76,May,2,4,4,3,Returning_Visitor,False,False
5,146.0,0,0.5,54,2191.33,0.0,0.02,0.82,0.76,June,3,2,8,1,Returning_Visitor,False,False
4,144.08,1,50.54,23,678.25,0.0,0.02,0.0,0.76,May,1,1,1,3,Returning_Visitor,False,False
1,24.04,0,0.0,6,239.67,0.0,0.02,34.6,0.76,May,3,2,1,4,New_Visitor,False,True
4,134.61,0,0.0,142,5093.3,0.0,0.02,0.82,0.0,Mar,2,2,1,1,Returning_Visitor,False,False
6,202.0,2,52.25,54,2191.33,0.0,0.04,0.82,0.31,June,1,1,1,2,Returning_Visitor,False,False
0,0.0,0,0.0,17,945.01,0.0,0.02,0.0,0.0,Mar,3,2,3,10,Returning_Visitor,False,False
10,1337.06,3,186.23,54,2191.33,0.02,0.04,0.0,0.0,May,8,4,9,17,Other,False,False
2,22.5,0,0.0,28,1155.81,0.0,0.0,5.38,0.76,May,2,4,1,4,New_Visitor,False,False
1,24.04,0,0.5,6,239.67,0.0,0.02,5.38,0.0,May,2,2,1,4,Returning_Visitor,True,False
1,21.5,2,70.88,28,1338.22,0.01,0.03,0.0,0.0,Nov,1,1,1,2,New_Visitor,False,False
4,144.08,0,0.5,42,601.77,0.0,0.02,0.0,0.0,Mar,2,5,3,2,New_Visitor,False,False
10,573.83,3,84.0,54,2191.33,0.0,0.02,98.04,0.76,May,1,1,1,11,Returning_Visitor,False,False
2,68.33,0,0.5,41,1370.04,0.0,0.02,0.82,0.31,June,2,10,3,2,Returning_Visitor,False,False
1,24.04,0,0.0,39,1250.68,0.02,0.04,0.82,0.0,Mar,3,2,1,1,Returning_Visitor,False,False
0,0.0,0,0.0,14,595.6,0.04,0.09,0.82,0.01,June,2,5,3,4,New_Visitor,False,False
1,24.04,0,0.5,6,239.67,0.0,0.02,0.0,0.76,May,2,4,3,4,New_Visitor,False,False
0,0.0,0,0.5,5,239.67,0.0,0.02,0.0,0.76,May,2,4,3,4,Returning_Visitor,True,False
1,24.04,0,0.5,79,2006.83,0.0,0.02,0.0,0.0,Nov,3,3,1,2,Returning_Visitor,False,False
2,26.67,0,0.5,159,5142.86,0.0,0.01,14.76,0.0,May,2,2,3,3,Returning_Visitor,False,False
0,2.64,0,0.5,12,442.89,0.02,0.04,5.38,0.0,Nov,2,12,6,9,Returning_Visitor,False,False
1,24.04,0,0.0,6,239.67,0.0,0.02,5.38,0.31,May,2,4,3,2,Returning_Visitor,False,False
1,24.04,0,0.5,6,239.67,0.01,0.04,0.82,0.0,Mar,2,2,8,2,Returning_Visitor,True,False
1,24.04,0,0.5,19,488.91,0.01,0.04,45.2,0.0,May,3,2,3,4,Returning_Visitor,True,True
1,24.04,0,0.5,6,239.67,0.1,0.12,0.82,0.29,June,2,2,7,4,Returning_Visitor,True,False
0,2.64,0,0.5,6,239.67,0.0,0.02,0.82,0.01,June,2,4,3,4,New_Visitor,False,False
0,0.0,0,0.5,7,239.67,0.0,0.02,5.38,0.0,Nov,2,2,3,1,Returning_Visitor,False,False
1,24.04,0,0.5,4,239.67,0.01,0.03,1.96,0.0,Sep,2,2,1,6,Returning_Visitor,False,False
1,24.04,0,0.5,6,239.67,0.1,0.12,0.82,0.0,Jul,2,2,7,5,Returning_Visitor,False,False
1,24.04,0,0.0,6,239.67,0.0,0.02,5.38,0.76,May,2,6,3,3,Returning_Visitor,True,False
0,0.0,0,0.0,6,239.67,0.0,0.05,1.38,0.0,Mar,2,4,3,2,New_Visitor,False,False
7,281.63,1,50.54,54,923.68,0.0,0.02,1.38,0.0,Mar,1,1,7,2,Returning_Visitor,False,False
0,0.0,0,0.5,6,20.0,0.0,0.07,0.0,0.76,May,2,2,1,4,New_Visitor,False,False
0,0.0,0,0.5,6,138.0,0.0,0.02,0.0,0.0,Nov,2,4,3,3,Returning_Visitor,False,False
1,38.5,0,0.5,28,1155.81,0.0,0.02,5.38,0.0,Nov,2,4,7,2,Returning_Visitor,True,False
8,202.0,3,433.1,54,2191.33,0.0,0.02,0.82,0.31,June,2,7,3,1,Returning_Visitor,False,False
4,26.0,3,295.55,235,10143.82,0.0,0.02,0.82,0.31,June,1,1,8,2,Returning_Visitor,True,True
2,49.4,0,0.5,6,239.67,0.0,0.02,5.38,0.0,Oct,2,5,3,2,New_Visitor,False,False
1,24.04,0,0.0,54,2058.3,0.0,0.02,5.38,0.0,Nov,1,1,1,8,Returning_Visitor,False,True
1,24.04,0,0.5,23,755.0,0.0,0.02,5.38,0.0,Oct,2,5,3,2,New_Visitor,False,False
1,24.04,0,0.0,6,58.0,0.0,0.02,0.0,0.0,Nov,2,4,2,2,Returning_Visitor,False,False
2,46.0,0,0.5,13,195.0,0.0,0.02,0.0,0.0,May,2,2,1,4,New_Visitor,False,False
9,367.0,0,0.5,54,2387.99,0.0,0.02,5.38,0.76,May,1,1,6,4,Returning_Visitor,True,True
10,1535.36,0,4.65,43,1351.12,0.0,0.02,1.96,0.0,Dec,2,2,1,1,Returning_Visitor,False,False
1,24.04,0,0.5,6,239.67,0.01,0.03,0.0,0.0,Dec,1,1,1,8,New_Visitor,False,False
0,0.0,0,0.0,6,239.67,0.0,0.02,0.0,0.0,Nov,2,4,1,2,New_Visitor,False,False
10,260.25,0,0.5,45,1694.33,0.0,0.02,5.38,0.0,Nov,2,2,4,3,Returning_Visitor,False,False
1,24.04,0,0.0,6,50.0,0.03,0.06,0.0,0.0,May,2,5,3,4,Returning_Visitor,False,False
1,3.0,0,0.5,6,128.0,0.0,0.02,1.38,0.0,Mar,2,2,1,2,New_Visitor,False,False
1,24.04,0,0.5,30,1155.81,0.0,0.02,0.0,0.0,May,2,2,3,3,Returning_Visitor,False,False
0,2.64,0,0.0,6,239.67,0.0,0.02,0.0,0.8,May,2,2,1,4,New_Visitor,False,False
1,24.04,0,0.5,3,239.67,0.0,0.02,0.82,0.0,Mar,2,4,3,2,New_Visitor,False,False
1,24.04,0,0.0,34,1256.33,0.0,0.02,0.82,0.0,Mar,1,1,1,2,Returning_Visitor,False,False
1,24.04,0,0.0,23,748.96,0.01,0.04,0.0,0.0,Nov,2,5,7,1,Returning_Visitor,False,False
1,24.04,0,0.5,6,239.67,0.0,0.02,5.38,0.76,May,2,2,5,3,Returning_Visitor,False,False
4,341.6,3,295.55,3,239.67,0.0,0.02,0.82,0.31,June,1,1,8,2,Returning_Visitor,True,False
0,0.0,0,0.0,6,175.92,0.01,0.03,5.38,0.31,May,1,1,1,1,Returning_Visitor,False,False
0,0.0,0,0.5,1,239.67,0.2,0.2,0.82,0.0,Mar,2,2,1,2,Returning_Visitor,True,False
0,2.64,0,0.5,1,0.0,0.13,0.17,0.0,0.0,June,6,7,3,1,Returning_Visitor,False,False
0,0.0,0,0.5,28,1035.94,0.04,0.09,0.82,0.2,June,1,1,1,4,Returning_Visitor,True,False
2,57.25,0,0.5,54,2447.55,0.0,0.02,5.38,0.0,Nov,1,1,1,2,New_Visitor,False,False
2,57.25,2,113.0,67,2701.96,0.0,0.0,48.45,0.0,Dec,1,5,3,2,Returning_Visitor,True,True
1,24.04,0,0.5,6,0.0,0.12,0.15,0.0,0.76,May,1,1,1,3,Returning_Visitor,False,False
1,24.04,0,0.5,6,239.67,0.2,0.2,0.0,0.76,May,2,2,7,3,Returning_Visitor,False,False
13,345.02,1,50.54,50,1816.56,0.0,0.02,86.31,0.0,Nov,2,13,3,1,Returning_Visitor,False,False
8,127.7,1,50.54,45,1675.53,0.02,0.04,0.82,0.0,Mar,1,5,7,11,Returning_Visitor,False,False
6,182.51,0,0.5,54,2191.33,0.0,0.02,5.38,0.0,Nov,2,2,4,3,New_Visitor,False,False
0,0.0,0,0.0,6,179.5,0.03,0.06,5.38,0.31,May,2,2,4,6,Returning_Visitor,True,False
1,24.04,0,0.0,30,1038.79,0.0,0.02,5.38,0.0,Nov,3,2,1,2,New_Visitor,False,False
2,57.25,0,0.5,6,239.67,0.0,0.02,5.38,0.31,May,1,1,1,1,Returning_Visitor,False,False
1,24.04,0,0.0,6,239.67,0.02,0.04,68.89,0.76,May,3,2,1,20,New_Visitor,False,True
0,2.64,0,0.5,7,239.67,0.0,0.02,5.38,0.29,May,2,2,3,4,Returning_Visitor,False,False
1,24.04,0,0.5,6,239.67,0.07,0.12,5.38,0.0,Nov,3,2,1,2,New_Visitor,False,False
1,24.04,0,0.5,6,239.67,0.0,0.01,0.82,0.0,Mar,1,1,1,2,New_Visitor,True,False
0,0.0,0,0.5,6,239.67,0.0,0.02,36.33,0.0,Nov,1,1,1,2,New_Visitor,False,True
1,24.04,0,0.0,8,239.67,0.0,0.02,0.0,0.0,Nov,1,1,1,2,Returning_Visitor,True,False
1,24.04,0,0.5,25,1017.97,0.01,0.02,0.0,0.76,May,2,4,4,3,Returning_Visitor,False,False
0,0.0,3,169.03,59,2946.6,0.0,0.01,9.38,0.0,May,1,1,1,2,Returning_Visitor,True,True
2,57.25,1,50.54,6,239.67,0.02,0.04,0.82,0.31,June,3,2,1,2,Returning_Visitor,True,False
0,0.0,0,0.5,6,0.0,0.08,0.12,0.0,0.31,May,1,1,4,10,New_Visitor,False,False
1,24.04,0,0.0,3,60.0,0.0,0.02,0.82,0.0,Mar,2,2,1,2,Returning_Visitor,True,False
5,154.08,0,0.5,54,2191.33,0.02,0.06,0.0,0.29,May,1,1,4,4,Returning_Visitor,True,False
4,144.08,1,50.54,54,2191.33,0.01,0.03,0.82,0.0,Mar,2,2,1,1,Returning_Visitor,False,False
1,24.04,0,0.5,6,239.67,0.05,0.09,5.38,0.76,May,2,2,1,4,New_Visitor,False,False
8,121.67,2,116.22,54,2191.33,0.0,0.02,0.82,0.76,June,2,2,1,2,Returning_Visitor,True,True
1,24.04,0,0.5,14,595.6,0.0,0.02,0.0,0.31,May,2,2,3,13,Returning_Visitor,False,False
0,0.0,0,0.5,23,553.15,0.0,0.02,0.0,0.31,May,2,2,3,1,Returning_Visitor,False,False
0,0.0,0,0.5,6,239.67,0.04,0.09,5.38,0.31,May,2,2,1,13,Returning_Visitor,False,False
1,16.0,0,0.5,7,239.67,0.0,0.02,5.38,0.76,May,2,4,3,3,Returning_Visitor,False,False
0,0.0,0,0.5,14,368.5,0.02,0.06,5.38,0.76,May,2,2,1,3,Returning_Visitor,False,False
10,2086.75,2,46.5,54,2191.33,0.0,0.02,15.56,0.0,May,2,2,1,20,New_Visitor,False,True
1,24.04,0,0.5,6,239.67,0.0,0.02,0.0,0.0,May,1,1,1,4,New_Visitor,False,False
0,2.64,3,117.25,6,239.67,0.0,0.02,5.38,0.0,Nov,2,4,1,2,New_Visitor,False,False
0,0.0,0,0.0,46,1351.12,0.01,0.04,0.82,0.6,June,1,1,1,1,Returning_Visitor,False,False
1,24.04,1,50.54,6,239.67,0.0,0.0,0.0,0.0,Mar,3,2,3,1,Returning_Visitor,False,False
6,202.0,0,0.5,6,62.0,0.0,0.02,0.82,0.31,June,1,1,1,10,Returning_Visitor,False,False
12,194.04,3,127.89,54,2191.33,0.01,0.03,5.38,0.76,May,3,2,1,3,Returning_Visitor,False,False
1,24.04,0,0.0,41,1668.12,0.0,0.02,0.0,0.0,Dec,1,1,8,2,Returning_Visitor,False,False
4,144.08,1,50.54,54,2191.33,0.01,0.03,0.0,0.0,Dec,1,1,1,2,Returning_Visitor,False,False
0,0.0,0,0.5,16,757.39,0.02,0.04,5.38,0.0,Nov,3,2,1,2,Returning_Visitor,False,False
1,24.04,1,50.54,6,239.67,0.0,0.02,1.38,0.0,Mar,2,4,3,1,Returning_Visitor,False,False
4,124.86,1,50.54,54,2191.33,0.01,0.03,24.9,0.01,May,2,1,3,4,New_Visitor,False,True
1,24.04,0,0.0,28,1018.0,0.0,0.02,1.38,0.0,Mar,2,5,3,2,Returning_Visitor,False,False
1,24.04,0,0.0,9,198.83,0.0,0.01,0.0,0.0,May,1,1,3,4,New_Visitor,False,False
6,243.25,0,0.5,87,3497.21,0.0,0.02,32.6,0.01,May,1,5,3,17,Returning_Visitor,True,False
1,24.04,0,0.0,6,239.67,0.08,0.12,5.38,0.31,May,3,2,1,13,Returning_Visitor,False,False
0,0.0,0,0.5,6,239.67,0.0,0.02,0.82,0.0,Mar,3,2,1,1,Returning_Visitor,True,False
1,24.04,0,0.5,6,239.67,0.0,0.02,5.38,0.0,Oct,1,1,1,1,Returning_Visitor,False,False
7,202.0,0,0.0,8,310.9,0.0,0.02,0.0,0.0,Mar,2,2,7,9,Returning_Visitor,False,False
0,0.0,0,0.5,19,836.58,0.0,0.02,5.38,0.0,Nov,2,2,3,3,Returning_Visitor,False,False
0,0.0,0,0.0,6,239.67,0.0,0.02,0.0,0.76,May,1,1,1,3,Returning_Visitor,False,False
14,602.88,0,0.0,54,2191.33,0.0,0.02,1.96,0.0,Dec,4,1,3,2,New_Visitor,False,False
1,24.04,0,0.5,6,39.0,0.01,0.05,0.0,0.0,May,2,2,1,4,New_Visitor,False,False
4,144.08,0,0.5,19,454.5,0.0,0.02,0.0,0.76,May,2,2,7,4,New_Visitor,True,False
0,2.64,0,0.5,6,239.67,0.0,0.02,5.38,0.76,May,2,4,3,3,Returning_Visitor,False,False
0,0.0,0,0.5,3,239.67,0.03,0.07,5.38,0.0,Nov,2,4,7,2,Returning_Visitor,False,False
4,242.8,0,0.5,54,2191.33,0.03,0.06,0.0,0.0,Nov,2,2,1,2,Returning_Visitor,False,False
1,24.04,0,0.5,23,641.41,0.04,0.08,5.38,0.76,May,2,2,2,4,Returning_Visitor,False,False
0,0.0,0,0.0,23,647.67,0.0,0.02,5.38,0.76,May,2,2,4,4,Returning_Visitor,True,False
1,43.5,3,230.17,93,3773.72,0.0,0.02,17.77,0.0,Nov,1,1,1,2,Returning_Visitor,True,True
2,57.25,0,0.0,24,543.75,0.02,0.04,65.87,0.8,May,1,5,3,17,Returning_Visitor,True,False
0,2.64,0,0.0,28,920.0,0.12,0.14,0.0,1.0,May,1,1,1,4,Returning_Visitor,True,False
0,2.64,0,0.0,6,239.67,0.0,0.02,0.82,0.01,June,2,5,3,4,New_Visitor,False,False
5,154.08,1,50.54,14,430.61,0.0,0.01,5.38,0.0,Nov,1,1,1,10,Returning_Visitor,False,False
5,112.17,0,0.0,60,1883.87,0.01,0.04,5.38,0.0,Nov,2,5,3,1,Returning_Visitor,False,False
1,24.04,0,0.0,6,239.67,0.0,0.02,0.0,0.0,Nov,2,5,3,2,New_Visitor,False,False
1,24.04,0,0.5,6,239.67,0.0,0.02,5.38,0.76,May,2,4,6,3,Returning_Visitor,False,False
7,202.0,1,50.54,142,5343.05,0.01,0.03,0.0,0.31,May,1,1,1,2,Returning_Visitor,False,False
6,202.0,3,127.89,54,2191.33,0.01,0.04,0.82,0.0,Mar,2,2,1,2,Returning_Visitor,True,False
1,24.04,0,0.5,5,150.25,0.0,0.02,5.38,0.0,Nov,1,1,1,2,New_Visitor,False,False
1,24.04,0,0.5,1,239.67,0.2,0.2,65.87,0.76,May,2,4,1,20,New_Visitor,True,False
1,24.04,0,0.5,6,151.5,0.0,0.02,0.0,0.0,Mar,3,2,3,1,Returning_Visitor,False,False
1,24.04,0,0.5,24,865.0,0.0,0.02,5.38,0.76,May,2,4,3,4,New_Visitor,False,False
0,2.64,0,0.5,6,0.0,0.13,0.17,0.0,0.31,May,1,1,8,2,Returning_Visitor,True,False
0,2.64,0,0.0,13,595.6,0.0,0.01,0.0,0.0,May,2,5,3,2,New_Visitor,True,False
6,200.33,1,50.54,9,239.67,0.0,0.02,5.38,0.76,May,1,1,1,4,New_Visitor,False,False
1,24.04,0,0.0,6,239.67,0.01,0.03,5.38,0.0,Nov,3,2,1,3,Returning_Visitor,False,False
0,0.0,1,13.1,62,1918.97,0.0,0.02,5.38,0.01,May,2,2,1,4,New_Visitor,False,False
1,24.04,0,0.5,6,58.4,0.0,0.02,0.82,0.01,June,2,4,1,4,New_Visitor,False,False
1,24.04,0,0.5,6,239.67,0.0,0.02,0.0,0.0,Nov,1,1,1,2,New_Visitor,False,False
0,0.0,0,0.0,12,448.5,0.0,0.02,0.82,0.0,Mar,2,2,1,2,New_Visitor,False,False
1,24.04,0,0.0,19,541.06,0.05,0.09,0.0,0.0,Dec,1,11,7,1,Returning_Visitor,False,False
0,0.0,2,1494.5,6,239.67,0.0,0.02,0.0,0.0,Nov,3,2,3,1,Returning_Visitor,False,False
2,81.5,1,21.0,54,2199.97,0.01,0.04,5.38,0.0,May,1,1,1,4,Returning_Visitor,True,False
1,20.5,1,50.54,57,1518.9,0.0,0.02,13.4,0.0,May,2,5,3,4,New_Visitor,False,False
2,23.0,0,0.5,6,239.67,0.01,0.03,0.82,0.01,June,2,2,1,4,Returning_Visitor,True,False
1,24.04,0,0.0,11,239.67,0.0,0.02,0.0,0.0,Nov,1,1,1,2,New_Visitor,False,False
1,24.04,0,0.5,6,239.67,0.0,0.02,0.82,0.29,June,2,5,7,3,Returning_Visitor,False,False
1,16.67,0,0.5,9,239.67,0.09,0.12,5.38,0.76,May,1,1,4,3,Returning_Visitor,False,False
1,24.04,0,0.5,10,239.67,0.0,0.02,0.82,0.0,Mar,2,2,4,4,Returning_Visitor,True,True
0,2.64,0,0.0,6,239.67,0.0,0.02,1.38,0.0,Mar,1,1,1,2,Returning_Visitor,True,False
3,129.24,0,0.0,8,239.67,0.0,0.02,0.82,0.0,Mar,1,1,1,2,New_Visitor,False,False
1,24.04,0,0.5,9,239.67,0.0,0.02,0.0,0.76,May,2,4,3,4,New_Visitor,False,False
0,0.0,0,0.5,113,3195.76,0.0,0.02,0.0,0.0,Jul,1,1,1,13,Returning_Visitor,False,False
0,0.0,0,0.5,14,436.0,0.0,0.02,0.82,0.0,Mar,3,2,1,1,Returning_Visitor,True,True
1,24.04,1,50.54,23,720.75,0.0,0.0,5.38,0.31,May,1,1,1,2,New_Visitor,True,False
1,24.04,0,0.0,41,1424.8,0.0,0.02,10.19,0.01,May,2,2,3,4,Returning_Visitor,True,True
6,202.0,0,0.0,6,239.67,0.0,0.02,1.38,0.0,Mar,1,1,1,10,Returning_Visitor,False,False
3,129.24,1,50.54,54,2191.33,0.0,0.02,5.38,0.0,Nov,1,1,1,2,Returning_Visitor,True,False
1,24.04,0,0.5,4,71.0,0.0,0.03,0.82,0.0,Mar,2,3,1,1,Returning_Visitor,False,False
6,202.0,4,248.18,12,442.89,0.06,0.09,0.0,0.0,Nov,3,2,1,2,Returning_Visitor,False,False
2,23.0,0,0.5,6,239.67,0.0,0.02,0.0,0.0,Dec,1,1,1,2,Returning_Visitor,False,False
4,134.61,0,0.5,104,4212.14,0.01,0.02,5.38,0.0,Nov,1,1,1,2,Returning_Visitor,True,True
0,0.0,0,0.5,6,239.67,0.01,0.04,0.0,0.76,May,2,2,7,3,Returning_Visitor,False,False
1,24.04,0,0.5,24,857.0,0.02,0.08,5.38,0.31,May,1,1,4,2,Returning_Visitor,True,False
1,24.04,0,0.0,6,239.67,0.0,0.02,0.0,0.0,Nov,2,10,3,2,New_Visitor,False,False
4,80.6,2,16.2,33,1155.81,0.0,0.02,0.0,0.0,Oct,3,2,1,5,Returning_Visitor,False,False
2,57.25,0,0.5,6,209.7,0.0,0.02,0.82,0.29,June,2,10,3,4,Returning_Visitor,False,False
0,2.64,2,19.0,6,239.67,0.0,0.02,0.0,0.0,Nov,2,2,8,2,New_Visitor,False,False
1,7.0,1,97.0,53,2247.61,0.0,0.02,32.69,0.76,May,1,1,3,3,Returning_Visitor,False,False
1,24.04,0,0.5,23,629.86,0.01,0.02,0.0,0.0,Nov,2,10,3,1,Returning_Visitor,True,False
1,24.04,0,0.0,6,239.67,0.0,0.02,5.38,0.31,May,1,1,1,1,Returning_Visitor,False,False
1,26.2,0,0.5,13,595.6,0.0,0.0,58.92,0.0,May,1,1,3,20,New_Visitor,False,True
1,24.04,0,0.0,11,239.67,0.0,0.02,0.0,0.0,Nov,3,2,1,2,New_Visitor,True,False
0,2.64,0,0.0,3,239.67,0.2,0.2,0.82,0.01,June,2,4,3,4,New_Visitor,False,True
1,22.2,0,0.0,6,239.67,0.0,0.02,1.96,0.29,Sep,2,5,3,3,Returning_Visitor,False,False
10,448.06,5,504.5,171,5142.86,0.01,0.04,0.82,0.0,Mar,2,2,3,13,Returning_Visitor,False,True
1,24.04,0,0.0,6,239.67,0.05,0.09,0.0,0.31,May,1,1,1,1,Returning_Visitor,False,False
1,24.04,1,50.54,14,836.83,0.0,0.02,0.0,0.0,May,2,2,8,4,New_Visitor,False,False
1,24.04,0,0.0,6,239.67,0.0,0.03,0.82,0.0,Mar,2,2,1,2,Returning_Visitor,False,False
1,24.04,0,0.0,23,707.7,0.02,0.06,0.82,0.01,June,2,4,3,3,Returning_Visitor,False,False
1,24.04,0,0.5,28,953.83,0.0,0.01,0.82,0.0,Mar,3,2,1,5,Returning_Visitor,True,True
0,0.0,0,0.5,8,313.0,0.0,0.02,0.0,0.0,Nov,1,1,1,2,Returning_Visitor,False,False
6,202.0,0,0.0,122,4716.57,0.01,0.03,0.82,0.0,Mar,3,2,1,2,Returning_Visitor,True,False
0,0.0,0,0.0,23,622.0,0.0,0.02,0.82,0.0,Mar,2,2,1,1,Returning_Visitor,False,False
1,24.04,0,0.5,6,239.67,0.0,0.02,0.0,0.31,May,2,4,1,2,Returning_Visitor,False,False
6,196.0,1,50.54,6,227.5,0.0,0.02,0.0,0.76,May,3,2,5,4,New_Visitor,True,False
12,426.35,0,0.0,6,161.87,0.0,0.01,0.0,0.0,Nov,2,2,8,2,New_Visitor,True,False
1,24.04,0,0.5,6,239.67,0.0,0.01,0.82,0.01,June,2,2,1,4,Returning_Visitor,True,False
4,144.08,1,50.54,54,2191.33,0.02,0.04,0.0,0.76,May,1,1,1,4,New_Visitor,False,False
15,104.65,1,50.54,54,2191.33,0.0,0.02,0.82,0.0,Mar,1,1,8,1,Returning_Visitor,False,False
0,0.0,0,0.5,6,239.67,0.0,0.01,5.38,0.0,Nov,2,5,2,2,Returning_Visitor,False,False
0,0.0,0,0.0,6,239.67,0.01,0.03,5.38,0.0,Nov,2,4,1,2,Returning_Visitor,False,False
1,24.04,0,0.5,37,1155.81,0.0,0.02,0.82,0.31,June,2,5,1,2,Returning_Visitor,False,False
4,138.33,3,261.65,3,277.5,0.0,0.02,61.53,0.76,May,2,4,3,20,New_Visitor,False,False
8,202.0,2,96.0,14,373.46,0.01,0.03,0.82,0.31,June,2,5,3,2,Returning_Visitor,False,False
4,79.93,0,0.5,54,2191.33,0.0,0.02,0.82,0.0,Mar,1,1,1,2,Returning_Visitor,True,False
1,24.04,0,0.5,8,332.75,0.0,0.02,5.38,0.31,May,2,4,3,6,Returning_Visitor,False,False
0,0.0,0,0.5,19,532.0,0.01,0.04,0.0,0.0,Nov,2,2,1,1,Returning_Visitor,False,False
0,0.0,0,0.5,3,95.0,0.07,0.13,0.82,0.0,Mar,2,10,3,3,Returning_Visitor,False,False
11,361.48,2,68.0,54,2191.33,0.01,0.04,5.38,0.31,May,2,2,1,2,Returning_Visitor,True,False
0,0.0,1,50.54,6,239.67,0.0,0.02,5.38,0.31,Aug,1,1,8,2,Returning_Visitor,False,False
0,2.64,0,0.0,14,437.25,0.0,0.02,0.82,0.0,Mar,1,1,1,3,Returning_Visitor,False,False
4,75.0,0,0.5,34,1279.09,0.0,0.01,5.38,0.0,Nov,1,1,3,11,Returning_Visitor,False,True
1,24.04,0,0.5,22,903.43,0.01,0.04,0.82,0.0,Mar,2,10,3,1,Returning_Visitor,False,False
0,0.0,0,0.5,6,23.0,0.04,0.09,5.38,0.76,May,2,2,6,3,Returning_Visitor,False,False
0,2.64,0,0.5,6,0.0,0.2,0.2,5.38,0.0,Nov,3,2,1,3,Returning_Visitor,False,False
1,24.04,0,0.5,6,239.67,0.0,0.02,0.0,0.31,May,1,1,1,1,Returning_Visitor,True,False
0,0.0,0,0.5,18,668.25,0.0,0.02,0.0,0.76,May,2,2,3,3,Returning_Visitor,False,False
1,24.04,0,0.5,6,239.67,0.01,0.02,0.82,0.31,June,2,5,1,2,Returning_Visitor,False,False
1,24.04,0,0.5,41,1466.09,0.01,0.02,10.73,0.0,Nov,2,10,3,2,New_Visitor,True,True
1,47.0,0,0.5,11,239.67,0.0,0.02,5.38,0.0,May,3,2,1,4,New_Visitor,False,False
7,41.38,1,50.54,87,3014.29,0.0,0.02,5.38,0.76,May,2,2,3,3,Returning_Visitor,False,False
16,426.35,2,123.55,23,753.64,0.0,0.01,5.38,0.0,Nov,1,1,1,8,Returning_Visitor,False,True
2,52.33,0,0.5,6,239.67,0.0,0.02,1.38,0.0,Mar,2,2,1,2,Returning_Visitor,False,False
0,2.64,0,0.5,25,836.58,0.01,0.02,5.38,0.0,Nov,2,10,3,2,New_Visitor,False,True
1,24.04,0,0.0,6,239.67,0.01,0.04,5.38,0.76,May,2,2,2,3,Returning_Visitor,False,True
6,202.0,0,0.5,6,239.67,0.01,0.04,0.0,0.0,Mar,2,5,3,13,Returning_Visitor,False,False
0,0.0,0,0.0,8,296.39,0.0,0.02,1.96,0.0,Dec,1,1,1,3,Returning_Visitor,False,False
0,2.64,0,0.5,6,239.67,0.0,0.02,5.38,0.0,Nov,1,1,6,4,Returning_Visitor,True,False
1,24.04,0,0.0,6,239.67,0.0,0.02,0.0,0.0,Mar,2,5,3,1,Returning_Visitor,False,False
1,24.04,4,248.18,52,591.15,0.0,0.02,8.05,0.29,May,2,2,3,3,Returning_Visitor,False,False
1,24.04,0,0.5,6,239.67,0.0,0.02,0.0,0.31,Sep,1,1,4,6,New_Visitor,True,True
0,2.64,0,0.0,14,595.6,0.0,0.02,0.82,0.31,June,2,4,3,1,Returning_Visitor,False,False
6,202.0,0,0.5,54,2081.5,0.0,0.02,0.82,0.6,June,2,10,3,3,Returning_Visitor,False,False
0,0.0,0,0.0,6,66.4,0.07,0.12,0.0,0.29,June,3,2,6,11,Returning_Visitor,False,False
2,60.5,0,0.0,26,836.58,0.0,0.0,29.87,0.0,Nov,2,4,2,9,Returning_Visitor,False,False
1,24.04,0,0.5,6,239.67,0.0,0.02,0.82,0.31,June,2,4,8,2,Returning_Visitor,True,False
1,24.04,0,0.5,6,239.67,0.01,0.02,0.0,0.0,Nov,2,4,1,2,New_Visitor,False,False
0,0.0,0,0.5,6,239.67,0.0,0.02,4.75,0.0,Dec,1,8,1,19,Returning_Visitor,True,False
3,35.1,0,0.0,150,6440.24,0.01,0.03,0.82,0.01,June,2,2,1,4,New_Visitor,False,False
0,2.64,0,0.0,6,239.67,0.0,0.02,0.0,0.76,May,1,1,1,4,New_Visitor,True,False
0,0.0,0,0.0,6,239.67,0.01,0.02,0.0,0.0,Nov,2,4,4,1,Returning_Visitor,False,False
0,2.64,0,0.0,6,81.08,0.0,0.02,1.96,0.0,Dec,2,2,3,2,Returning_Visitor,False,False
12,449.97,0,0.0,29,1158.78,0.0,0.02,0.0,0.0,Aug,1,1,1,4,New_Visitor,False,False
0,0.0,0,0.5,6,239.67,0.0,0.0,72.3,0.76,May,2,5,3,20,New_Visitor,False,True
2,45.44,0,0.5,24,851.64,0.0,0.02,1.38,0.0,Mar,2,4,3,1,Returning_Visitor,True,True
0,2.64,0,0.0,6,239.67,0.0,0.02,0.82,0.01,June,3,2,1,4,New_Visitor,False,False
6,182.51,1,50.54,34,1155.81,0.01,0.04,1.38,0.0,Mar,2,6,1,2,Returning_Visitor,False,False
8,305.0,1,50.54,16,757.39,0.0,0.02,0.0,0.0,Nov,2,2,1,2,New_Visitor,False,False
0,2.64,0,0.0,7,239.67,0.03,0.06,5.38,0.0,Nov,1,1,8,2,Returning_Visitor,False,False
4,86.6,0,0.5,6,193.75,0.0,0.02,0.82,0.01,June,1,1,1,4,New_Visitor,False,False
1,24.04,0,0.0,1,239.67,0.04,0.09,0.0,0.0,Mar,1,1,1,3,Returning_Visitor,False,False
4,144.08,1,50.54,14,381.33,0.0,0.02,1.38,0.0,Mar,2,4,1,2,New_Visitor,False,False
1,24.04,0,0.0,23,777.33,0.0,0.02,0.82,0.0,Mar,2,2,3,8,Returning_Visitor,False,True
5,44.5,1,4.0,37,1155.81,0.0,0.02,5.38,0.31,May,2,2,4,1,Returning_Visitor,False,False
1,24.04,0,0.0,6,239.67,0.0,0.02,5.38,0.0,Nov,2,10,3,1,Returning_Visitor,True,False
3,109.0,0,0.0,54,2191.33,0.0,0.02,0.0,0.0,Dec,2,2,1,10,Returning_Visitor,False,True
6,182.51,0,0.0,54,2191.33,0.0,0.02,0.0,0.0,Nov,1,1,1,2,New_Visitor,False,False
2,57.25,0,0.5,47,1073.31,0.01,0.03,0.0,0.0,Nov,1,1,1,3,Returning_Visitor,False,False
5,154.08,3,200.0,104,4140.33,0.0,0.02,5.38,0.0,Nov,3,2,4,1,Returning_Visitor,False,False
1,20.14,0,0.0,6,33.14,0.0,0.04,0.0,0.0,Nov,3,2,1,10,Returning_Visitor,False,False
1,24.04,0,0.5,20,836.58,0.02,0.04,5.38,0.76,May,2,4,7,3,Returning_Visitor,False,False
0,0.0,0,0.5,6,239.67,0.0,0.02,5.38,0.0,Nov,3,2,3,1,Returning_Visitor,False,False
0,0.0,2,5.0,8,279.0,0.01,0.04,5.38,0.0,Nov,2,2,7,8,New_Visitor,True,False
0,0.0,0,0.5,6,239.67,0.0,0.02,5.38,0.0,Nov,2,10,3,1,Returning_Visitor,False,False
0,0.0,0,0.5,6,0.0,0.2,0.2,0.0,0.0,Dec,2,10,3,1,Returning_Visitor,False,False
1,24.04,0,0.5,14,372.82,0.01,0.04,5.38,0.0,Nov,2,4,1,2,New_Visitor,False,True
0,2.64,0,0.5,6,239.67,0.02,0.04,0.0,0.0,Nov,2,4,1,2,New_Visitor,False,False
6,202.0,3,261.65,244,9487.94,0.0,0.01,5.38,0.0,Nov,2,2,2,2,New_Visitor,False,False
1,24.04,0,0.5,6,239.67,0.0,0.02,5.38,0.76,May,2,4,3,3,Returning_Visitor,False,True
0,0.0,0,0.0,6,239.67,0.0,0.0,29.87,0.0,Nov,6,7,3,1,Returning_Visitor,False,False
6,255.75,0,0.5,50,1787.48,0.0,0.02,5.38,0.0,Nov,1,1,1,3,Returning_Visitor,False,False
0,0.0,0,0.0,6,8.0,0.0,0.02,0.0,0.0,Nov,1,1,1,3,Returning_Visitor,False,False
1,24.04,0,0.5,8,144.0,0.02,0.05,0.0,0.0,Mar,3,2,7,2,Returning_Visitor,True,False
3,129.24,2,4.0,13,279.83,0.0,0.02,5.38,0.76,May,3,2,2,3,Returning_Visitor,False,False
1,5.0,0,0.5,43,1351.12,0.0,0.02,0.82,0.29,June,2,2,1,3,Returning_Visitor,False,False
2,57.25,0,0.0,19,501.77,0.01,0.02,0.0,0.31,May,2,2,1,1,Returning_Visitor,False,False
1,24.04,0,0.0,6,239.67,0.0,0.02,5.38,0.29,May,1,1,4,4,Returning_Visitor,True,False
1,24.04,2,16.0,65,2701.96,0.0,0.02,0.0,0.0,Nov,2,5,3,1,Returning_Visitor,False,False
3,66.77,2,83.0,54,2191.33,0.01,0.02,17.08,0.2,May,3,2,1,3,Returning_Visitor,True,True
1,24.04,0,0.0,39,1250.68,0.0,0.0,65.87,0.29,May,2,2,1,20,New_Visitor,False,False
10,76.17,0,0.5,17,404.0,0.01,0.03,5.38,0.0,Nov,2,4,2,2,New_Visitor,False,False
2,69.03,0,0.0,6,239.67,0.0,0.01,5.38,0.31,May,2,6,3,2,Returning_Visitor,False,False
6,202.0,3,269.8,99,3195.76,0.0,0.0,0.82,0.29,June,1,1,4,7,New_Visitor,False,True
0,2.64,1,50.54,6,239.67,0.0,0.02,5.38,0.76,May,2,2,1,4,Returning_Visitor,False,False
1,24.04,0,0.5,6,239.67,0.0,0.01,0.0,0.0,May,1,1,4,3,Returning_Visitor,False,False
1,24.04,0,0.5,6,239.67,0.0,0.02,0.0,0.31,May,2,5,3,2,Returning_Visitor,False,False
10,1566.6,0,0.0,54,2191.33,0.0,0.02,0.0,0.0,Oct,2,2,3,2,Returning_Visitor,False,False
1,24.04,0,0.0,6,239.67,0.0,0.01,36.14,0.0,Dec,2,10,1,20,New_Visitor,False,True
0,0.0,0,0.5,43,1351.12,0.0,0.0,0.82,0.0,Mar,1,1,1,2,New_Visitor,False,True
1,24.04,0,0.0,6,239.67,0.0,0.02,1.38,0.0,Mar,1,10,1,2,Returning_Visitor,False,False
6,182.51,3,272.2,75,2938.01,0.0,0.02,0.82,0.2,June,2,2,8,3,Returning_Visitor,False,True
0,0.0,0,0.5,6,50.0,0.0,0.02,1.38,0.76,Feb,2,4,1,4,New_Visitor,False,False
1,24.04,0,0.0,8,326.93,0.03,0.06,0.0,0.0,Nov,2,10,3,2,New_Visitor,True,False
1,24.04,0,0.5,41,1348.7,0.0,0.02,5.38,0.0,Nov,2,6,3,1,Returning_Visitor,False,False
1,24.04,0,0.0,6,239.67,0.0,0.02,0.0,0.0,Nov,1,1,3,2,New_Visitor,False,False
0,0.0,0,0.5,6,239.67,0.0,0.02,0.0,0.0,Mar,1,1,1,1,Returning_Visitor,False,False
26,446.23,9,623.41,54,2191.33,0.0,0.02,5.38,0.01,May,3,2,1,4,New_Visitor,False,True
0,2.64,0,0.5,1,239.67,0.2,0.2,1.38,0.0,Mar,2,13,3,9,Returning_Visitor,False,False
2,42.0,0,0.5,10,1057.0,0.0,0.01,0.82,0.0,Mar,1,1,1,15,New_Visitor,True,False
1,24.04,0,0.0,6,239.67,0.0,0.02,0.0,0.0,Dec,1,1,1,2,New_Visitor,False,False
1,24.04,1,50.54,6,239.67,0.0,0.02,5.14,0.76,May,1,1,8,4,New_Visitor,False,True
0,0.0,0,0.5,1,0.0,0.2,0.2,0.0,0.76,May,2,2,2,4,New_Visitor,False,False
1,24.04,0,0.5,6,239.67,0.0,0.02,0.82,0.29,June,2,2,3,11,Returning_Visitor,True,False
1,24.04,0,0.5,6,82.5,0.01,0.03,0.0,0.31,May,2,2,1,2,Returning_Visitor,False,False
1,24.04,0,0.5,35,1155.81,0.0,0.01,1.38,0.0,Mar,2,2,3,1,Returning_Visitor,False,False
1,24.04,0,0.0,6,239.67,0.0,0.02,0.82,0.31,June,1,1,1,2,Returning_Visitor,False,False
0,2.64,0,0.5,6,239.67,0.03,0.06,1.96,0.0,Dec,3,2,6,1,Returning_Visitor,False,False
10,490.33,0,0.5,73,2660.28,0.0,0.02,0.0,0.31,May,2,2,1,13,Returning_Visitor,False,False
1,24.04,0,0.5,6,106.8,0.0,0.04,0.82,0.01,June,1,1,1,4,New_Visitor,False,True
4,135.2,1,50.54,54,2191.33,0.0,0.02,5.38,0.0,Nov,2,4,1,2,New_Visitor,False,False
0,0.0,0,0.0,8,339.5,0.0,0.02,5.38,0.0,Nov,2,2,9,1,Returning_Visitor,False,True
1,24.04,0,0.0,6,239.67,0.0,0.02,0.82,0.01,June,2,2,3,4,Returning_Visitor,True,False
3,44.0,0,0.5,15,310.25,0.0,0.01,0.82,0.31,June,3,2,1,2,Returning_Visitor,True,False
1,24.04,0,0.5,45,1728.03,0.03,0.07,0.0,0.0,May,3,2,1,3,Returning_Visitor,False,False
2,124.0,1,50.54,6,239.67,0.0,0.02,0.82,0.76,June,1,1,1,1,Returning_Visitor,False,False
0,0.0,0,0.5,6,13.0,0.0,0.02,5.38,0.0,Nov,1,1,3,2,New_Visitor,True,False
1,24.04,0,0.5,6,239.67,0.0,0.01,0.0,0.31,May,2,2,1,1,Returning_Visitor,False,False
0,0.0,0,0.0,7,239.67,0.04,0.1,0.82,0.0,Mar,3,2,1,1,Returning_Visitor,True,False
1,24.04,0,0.5,1,0.0,0.2,0.2,5.38,0.0,Nov,2,5,3,2,New_Visitor,False,False
2,74.5,0,0.0,22,432.57,0.0,0.0,5.38,0.76,May,1,1,1,4,New_Visitor,False,False
1,24.04,0,0.5,6,239.67,0.0,0.02,0.82,0.01,June,2,2,3,4,Returning_Visitor,True,False
3,52.75,0,0.5,87,3069.08,0.01,0.02,5.79,0.0,Nov,1,1,8,2,Returning_Visitor,True,True
1,24.04,0,0.5,55,2191.33,0.0,0.02,0.82,0.31,June,2,4,1,1,Returning_Visitor,False,False
0,2.64,0,0.5,6,239.67,0.0,0.02,1.96,0.0,Dec,1,1,1,8,Returning_Visitor,False,False
1,24.04,0,0.0,8,296.17,0.0,0.01,0.0,0.76,May,2,2,8,4,New_Visitor,False,False
5,154.08,0,0.5,54,2191.33,0.0,0.02,5.38,0.0,May,3,2,9,3,Returning_Visitor,False,False
0,0.0,0,0.5,6,251.0,0.0,0.02,0.0,0.76,May,2,4,3,3,Returning_Visitor,False,False
1,22.0,0,0.0,52,1551.67,0.0,0.02,7.88,0.0,Mar,1,1,1,1,Returning_Visitor,False,False
0,0.0,0,0.0,6,239.67,0.2,0.2,0.82,0.29,June,1,1,4,3,Returning_Visitor,False,False
3,41.0,0,0.5,54,2191.33,0.01,0.04,0.0,0.0,Nov,1,1,2,2,Returning_Visitor,True,False
0,0.0,0,0.5,57,2191.33,0.01,0.02,0.0,0.01,May,2,2,6,3,Returning_Visitor,False,False
1,24.04,0,0.0,6,239.67,0.0,0.02,5.38,0.0,Nov,2,10,3,2,Returning_Visitor,True,True
1,24.04,0,0.5,19,468.0,0.0,0.02,0.82,0.0,Mar,1,1,1,3,Returning_Visitor,False,False
6,202.0,2,116.22,54,2191.33,0.0,0.02,1.96,0.0,Dec,3,4,3,1,Returning_Visitor,False,True
0,2.64,0,0.5,6,58.0,0.03,0.07,5.38,0.0,Nov,1,1,4,1,Returning_Visitor,False,False
1,24.04,0,0.0,6,0.0,0.11,0.15,0.82,0.0,Mar,3,2,1,1,Returning_Visitor,False,False
0,0.0,0,0.5,31,1155.81,0.0,0.02,5.38,0.76,May,1,1,1,3,Returning_Visitor,False,False
9,353.0,0,0.0,76,2874.08,0.02,0.06,0.82,0.01,June,1,1,8,4,New_Visitor,False,False
7,288.0,0,0.0,16,757.39,0.01,0.04,0.0,0.0,May,3,2,3,3,Returning_Visitor,True,False
0,2.64,0,0.5,6,239.67,0.0,0.02,0.0,0.0,Mar,1,1,1,2,Returning_Visitor,True,False
8,202.0,1,50.54,45,1998.44,0.0,0.02,2.84,0.0,Mar,1,1,1,1,Returning_Visitor,False,False
0,0.0,0,0.0,8,321.67,0.05,0.09,5.38,0.31,May,1,1,1,1,Returning_Visitor,False,False
2,25.65,0,0.0,6,239.67,0.0,0.01,1.96,0.0,Dec,2,5,3,2,New_Visitor,False,False
2,59.0,0,0.0,20,836.58,0.0,0.02,0.0,0.76,May,1,1,1,3,Returning_Visitor,False,False
0,0.0,0,0.0,6,239.67,0.0,0.02,5.38,0.76,May,2,4,1,4,New_Visitor,False,True
1,24.04,0,0.5,21,464.58,0.0,0.01,5.38,0.0,Nov,2,2,3,2,Returning_Visitor,False,False
6,202.13,0,0.0,23,836.58,0.0,0.01,0.82,0.0,Mar,3,10,3,2,New_Visitor,False,False
8,202.0,0,0.5,101,2584.71,0.0,0.02,0.82,0.01,June,3,2,3,3,Returning_Visitor,False,False
1,24.04,0,0.0,8,331.08,0.0,0.02,0.82,0.0,Mar,2,2,1,1,Returning_Visitor,False,False
4,144.08,0,0.0,6,48.5,0.0,0.02,0.0,0.2,May,3,2,6,3,Returning_Visitor,False,False
1,24.04,0,0.5,24,875.93,0.0,0.02,0.82,0.01,June,1,1,1,4,Returning_Visitor,True,False
1,24.04,0,0.5,14,394.25,0.0,0.02,5.38,0.0,Nov,2,2,1,4,Returning_Visitor,False,False
8,202.0,0,0.0,54,2191.33,0.0,0.01,1.96,0.0,Dec,3,2,1,1,Returning_Visitor,False,False
1,24.04,0,0.0,6,239.67,0.01,0.03,5.38,0.0,Nov,2,2,2,13,Returning_Visitor,False,False
0,0.0,0,0.5,7,239.67,0.01,0.03,5.38,0.76,May,2,2,1,4,New_Visitor,False,False
3,56.2,0,0.5,142,5978.18,0.0,0.02,5.38,0.6,May,2,10,3,2,Returning_Visitor,False,False
0,0.0,0,0.0,3,239.67,0.0,0.02,1.96,0.0,Dec,2,2,4,9,Returning_Visitor,False,False
1,24.04,0,0.5,28,1155.81,0.01,0.03,5.38,0.29,May,2,4,3,3,Returning_Visitor,False,False
4,134.61,0,0.0,142,5212.71,0.01,0.03,5.38,0.0,Nov,3,2,1,1,Returning_Visitor,True,True
1,24.04,0,0.0,6,239.67,0.0,0.02,5.38,0.0,Nov,2,2,1,2,New_Visitor,False,False
1,20.2,0,0.0,6,1561.2,0.03,0.06,0.0,0.31,May,4,2,3,1,Returning_Visitor,False,False
0,2.64,0,0.0,39,1250.68,0.01,0.04,0.0,0.0,Nov,2,4,4,2,Returning_Visitor,True,False
4,134.61,0,0.5,87,3209.0,0.0,0.02,5.38,0.29,May,2,4,9,3,New_Visitor,False,False
0,0.0,1,50.54,9,239.67,0.07,0.12,0.0,0.8,May,1,11,3,17,Returning_Visitor,True,False
1,24.04,0,0.0,13,1496.83,0.0,0.02,5.38,0.76,May,3,4,4,4,New_Visitor,True,True
1,24.04,0,0.5,6,239.67,0.0,0.02,5.38,0.76,May,1,1,1,4,Returning_Visitor,True,False
0,0.0,0,0.0,1,0.0,0.2,0.2,0.0,0.0,Nov,2,13,2,2,Returning_Visitor,False,False
1,15.0,0,0.0,1,239.67,0.04,0.09,5.38,0.0,Nov,1,1,1,2,Returning_Visitor,False,False
0,0.0,0,0.5,6,239.67,0.0,0.02,0.0,0.0,Nov,1,1,8,2,Returning_Visitor,True,False
3,129.24,0,0.0,54,2207.83,0.0,0.02,5.38,0.0,May,1,1,3,3,Returning_Visitor,False,False
2,28.0,0,0.5,51,1535.64,0.0,0.02,5.38,0.0,Nov,2,10,3,2,New_Visitor,False,True
0,0.0,0,0.5,17,1338.8,0.06,0.09,5.38,0.0,Aug,2,2,3,4,Returning_Visitor,False,False
0,0.0,0,0.5,14,390.9,0.0,0.02,0.0,0.76,May,2,2,6,3,Returning_Visitor,False,False
4,134.61,0,0.5,109,4643.76,0.0,0.02,5.38,0.8,May,2,5,2,4,Returning_Visitor,False,False
1,24.04,0,0.5,14,438.58,0.01,0.03,0.0,0.76,May,2,5,1,3,Returning_Visitor,False,False
2,24.0,0,0.5,6,238.5,0.0,0.02,5.38,0.0,May,2,5,3,4,New_Visitor,False,False
0,0.0,0,0.5,6,239.67,0.0,0.02,0.0,0.0,Dec,2,2,3,2,Returning_Visitor,False,False
6,229.0,2,40.02,71,2576.43,0.0,0.02,5.38,0.0,Nov,1,1,2,2,Returning_Visitor,True,False
0,2.64,0,0.0,9,239.67,0.08,0.12,0.0,0.31,May,2,6,1,2,Returning_Visitor,False,False
1,24.04,0,0.5,29,1155.81,0.0,0.0,5.38,0.0,May,2,2,8,4,New_Visitor,False,True
1,24.04,0,0.0,2,239.67,0.2,0.2,5.38,0.76,May,2,4,9,3,Returning_Visitor,False,False
4,118.55,0,0.5,54,1948.09,0.03,0.04,0.82,0.0,Mar,3,2,1,2,New_Visitor,False,False
1,24.04,0,0.5,6,239.67,0.0,0.02,0.0,0.0,Aug,2,4,6,3,Returning_Visitor,False,False
1,24.04,0,0.0,6,239.67,0.01,0.02,0.82,0.31,June,1,1,1,6,Returning_Visitor,False,True
1,10.77,0,0.0,6,239.67,0.0,0.02,0.0,0.76,May,2,2,1,3,Returning_Visitor,False,False
2,52.0,0,0.5,21,836.58,0.0,0.02,5.38,0.0,May,2,4,1,4,New_Visitor,False,False
4,144.08,1,50.54,21,836.58,0.0,0.01,1.38,0.0,Mar,3,2,1,2,New_Visitor,True,False
0,2.64,0,0.5,4,48.0,0.0,0.02,0.82,0.01,June,2,4,1,4,Returning_Visitor,True,False
2,50.75,1,50.54,22,553.58,0.0,0.02,5.38,0.0,May,1,1,1,5,Returning_Visitor,False,False
1,24.04,0,0.5,22,836.58,0.03,0.03,5.38,0.76,May,2,4,2,4,New_Visitor,False,False
2,57.25,0,0.0,14,409.5,0.0,0.02,0.82,0.01,June,2,4,3,4,New_Visitor,False,False
1,24.04,0,0.0,16,222.0,0.02,0.06,0.0,0.0,Nov,1,1,1,2,Returning_Visitor,False,False
1,24.04,0,0.5,14,377.0,0.0,0.02,0.0,0.2,May,2,2,6,4,Returning_Visitor,True,False
0,2.64,0,0.5,6,239.67,0.0,0.02,5.38,0.0,Nov,2,2,1,2,New_Visitor,False,False
1,24.04,0,0.5,49,1457.7,0.0,0.02,0.0,0.31,Aug,1,1,9,2,Returning_Visitor,False,False
1,24.04,0,0.5,19,583.83,0.0,0.02,5.38,0.76,May,2,2,4,4,Returning_Visitor,True,False
4,75.4,0,0.5,28,1051.42,0.0,0.02,5.38,0.0,Oct,2,5,2,2,Returning_Visitor,False,False
0,0.0,0,0.0,6,239.67,0.02,0.06,0.82,0.0,Mar,2,10,3,2,New_Visitor,False,False
1,24.04,0,0.0,6,239.67,0.0,0.02,5.38,0.0,Nov,1,1,1,1,Returning_Visitor,False,False
1,24.04,1,50.54,13,595.6,0.0,0.02,5.38,0.0,Nov,1,1,6,2,Returning_Visitor,False,False
0,0.0,0,0.5,6,239.67,0.2,0.2,0.82,0.01,June,1,1,1,4,New_Visitor,False,False
0,2.64,0,0.5,19,836.58,0.0,0.04,5.38,0.0,May,3,2,1,3,Returning_Visitor,False,False
2,64.6,0,0.5,23,597.6,0.02,0.04,5.38,0.0,Oct,3,2,1,2,New_Visitor,False,False
1,24.04,0,0.0,6,198.17,0.0,0.02,0.0,0.0,Nov,2,4,9,2,New_Visitor,False,False
0,0.0,0,0.5,6,239.67,0.0,0.02,0.0,0.0,Nov,2,2,3,2,Returning_Visitor,False,False
1,24.04,0,0.5,43,1351.12,0.0,0.02,5.38,0.29,May,1,1,3,3,Returning_Visitor,True,False
1,24.04,0,0.5,6,239.67,0.0,0.02,0.0,0.31,May,1,1,1,5,Returning_Visitor,True,False
0,0.0,0,0.0,6,239.67,0.03,0.07,0.82,0.01,June,1,1,1,3,Returning_Visitor,False,False
4,153.25,1,50.54,19,836.58,0.0,0.0,5.38,0.29,May,2,2,5,4,New_Visitor,True,True
4,77.0,3,335.0,54,2191.33,0.01,0.05,29.87,0.29,May,1,5,7,11,Returning_Visitor,False,False
4,144.08,1,50.54,23,714.97,0.0,0.02,5.38,0.0,May,1,1,4,4,Returning_Visitor,True,False
14,293.63,1,50.54,87,3539.94,0.01,0.04,0.7,0.01,Feb,1,1,1,3,Returning_Visitor,False,False
1,24.04,0,0.0,27,1544.53,0.0,0.02,0.0,0.29,May,2,4,3,3,Returning_Visitor,False,False
4,89.6,1,50.54,57,2191.33,0.0,0.02,5.38,0.0,Nov,2,5,3,1,Returning_Visitor,True,True
1,24.04,0,0.0,6,148.75,0.0,0.02,5.38,0.0,Nov,2,2,3,1,Returning_Visitor,False,False
0,2.64,0,0.5,6,143.5,0.01,0.04,0.0,0.0,Mar,2,10,3,1,Returning_Visitor,False,False
7,202.0,0,0.0,36,1699.07,0.01,0.04,1.96,0.0,Dec,1,1,1,13,Returning_Visitor,False,False
1,24.04,0,0.5,6,239.67,0.0,0.01,38.07,0.0,May,2,5,3,4,New_Visitor,False,True
4,140.5,0,0.0,41,1475.17,0.0,0.02,5.38,0.0,Nov,2,2,2,10,Returning_Visitor,False,False
0,0.0,0,0.0,6,239.67,0.01,0.03,5.38,0.29,May,3,2,4,3,Returning_Visitor,False,False
5,80.25,1,50.54,54,2191.33,0.0,0.02,17.61,0.0,Nov,3,2,1,8,Returning_Visitor,False,True
0,2.64,1,65.0,6,239.67,0.01,0.02,0.0,0.0,Mar,1,1,8,2,Returning_Visitor,True,False
4,82.17,1,50.54,45,1351.12,0.02,0.04,5.38,0.76,May,2,4,7,4,Returning_Visitor,True,False
1,24.04,0,0.5,6,0.0,0.2,0.2,0.0,0.0,Nov,3,2,1,1,Returning_Visitor,True,False
1,24.04,0,0.5,6,239.67,0.08,0.13,0.0,0.31,May,1,1,1,2,Returning_Visitor,False,False
0,0.0,0,0.5,2,17.0,0.04,0.1,224.44,0.76,May,2,4,8,20,New_Visitor,False,False
1,24.04,0,0.5,6,239.67,0.0,0.02,115.49,0.76,May,2,5,3,4,Returning_Visitor,True,True
2,133.5,0,0.5,4,454.33,0.0,0.02,0.82,0.0,Mar,2,4,3,2,New_Visitor,False,False
0,2.64,0,0.0,23,648.07,0.0,0.02,5.38,0.76,May,2,2,3,3,Returning_Visitor,False,False
3,129.24,1,50.54,23,673.62,0.0,0.02,5.38,0.76,May,3,2,1,3,Returning_Visitor,False,False
0,0.0,0,0.5,6,161.67,0.01,0.05,0.0,0.0,Dec,2,5,3,3,Returning_Visitor,False,False
2,45.0,0,0.5,6,71.0,0.0,0.02,0.82,0.01,June,2,4,3,4,New_Visitor,False,False
0,2.64,0,0.5,6,239.67,0.0,0.02,0.82,0.01,June,2,5,3,4,New_Visitor,False,False
0,2.64,2,139.36,26,836.58,0.0,0.02,5.38,0.0,Nov,1,1,1,2,Returning_Visitor,True,True
0,2.64,0,0.0,26,836.58,0.01,0.03,0.82,0.01,June,3,2,1,3,Returning_Visitor,False,False
1,24.04,0,0.0,15,340.1,0.0,0.02,5.38,0.31,May,1,1,1,1,Returning_Visitor,False,False
6,202.0,3,432.2,56,4895.26,0.01,0.04,5.76,0.0,Nov,3,4,3,1,Returning_Visitor,False,False
0,2.64,0,0.5,81,2253.8,0.01,0.04,0.82,0.31,June,2,10,3,2,Returning_Visitor,True,True
1,138.5,0,0.5,21,831.0,0.0,0.02,1.96,0.0,Dec,2,12,3,9,Returning_Visitor,False,False
1,24.04,0,0.0,6,239.67,0.01,0.03,5.38,0.76,May,2,2,1,4,New_Visitor,False,False
3,53.25,1,50.54,198,7926.66,0.0,0.02,5.38,0.31,May,4,1,1,1,Returning_Visitor,True,True
1,24.04,0,0.0,6,239.67,0.0,0.02,0.0,0.31,May,3,2,2,2,Returning_Visitor,False,False
0,2.64,0,0.5,28,925.83,0.02,0.04,0.0,0.31,May,2,2,3,1,Returning_Visitor,False,False
1,24.04,0,0.5,28,866.0,0.0,0.02,0.0,0.0,Mar,2,4,3,1,Returning_Visitor,False,False
2,20.0,0,0.5,6,239.67,0.0,0.02,0.0,0.76,May,2,4,1,4,New_Visitor,False,False
0,0.0,0,0.0,53,3575.0,0.0,0.02,5.38,0.0,Nov,2,5,6,2,Returning_Visitor,True,True
1,24.04,0,0.0,6,0.0,0.2,0.2,0.0,0.29,Feb,1,1,1,3,Returning_Visitor,False,False
0,2.64,0,0.5,6,51.0,0.0,0.02,0.0,0.0,Nov,1,1,4,3,Returning_Visitor,False,False
0,0.0,0,0.5,73,2787.68,0.0,0.02,5.38,0.76,May,2,4,1,4,New_Visitor,True,False
0,2.64,0,0.0,14,366.5,0.0,0.01,5.38,0.76,May,2,2,1,4,Returning_Visitor,False,False
1,24.04,0,0.5,56,2191.33,0.02,0.06,4.16,0.29,May,2,2,4,4,Returning_Visitor,False,False
0,2.64,0,0.5,3,239.67,0.0,0.02,0.0,0.0,Dec,7,1,1,2,Other,True,False
1,24.04,0,0.0,6,239.67,0.0,0.02,5.38,0.0,Nov,2,5,3,1,Returning_Visitor,False,True
0,0.0,0,0.5,6,239.67,0.03,0.07,5.38,0.0,Nov,2,10,3,1,Returning_Visitor,False,False
1,24.04,0,0.0,6,239.67,0.0,0.02,0.0,0.76,May,2,2,3,4,Returning_Visitor,True,False
2,16.0,0,0.5,6,239.67,0.02,0.04,5.38,0.0,Nov,2,10,3,2,Returning_Visitor,True,False
2,68.67,0,0.5,14,595.6,0.0,0.02,9.25,0.0,Sep,1,1,1,4,New_Visitor,False,True
1,24.04,0,0.5,6,239.67,0.0,0.1,5.38,0.76,May,2,2,1,4,Returning_Visitor,True,False
0,2.64,0,0.5,6,239.67,0.0,0.02,5.38,0.76,May,2,4,1,4,Returning_Visitor,False,False
5,61.01,0,0.0,54,2191.33,0.0,0.02,5.38,0.0,Nov,3,4,6,2,New_Visitor,True,False
1,24.04,0,0.5,19,504.6,0.0,0.02,1.96,0.0,Dec,1,1,1,8,Returning_Visitor,False,True
1,24.04,0,0.5,18,836.58,0.0,0.01,0.82,0.76,June,1,1,1,2,New_Visitor,False,False
6,202.0,0,0.5,28,1202.0,0.0,0.02,0.0,0.0,Mar,1,1,1,10,Returning_Visitor,False,False
1,60.5,0,0.0,31,1574.38,0.0,0.02,0.0,0.76,May,2,4,3,3,Returning_Visitor,False,False
1,24.04,0,0.0,6,239.67,0.0,0.02,5.38,0.0,Nov,2,2,1,2,Returning_Visitor,True,False
1,18.5,0,0.0,32,1155.81,0.0,0.02,3.11,0.6,June,1,1,1,1,Returning_Visitor,False,True
4,106.0,0,0.0,54,2191.33,0.0,0.01,1.38,0.0,Mar,2,2,3,2,New_Visitor,False,False
1,24.04,0,0.0,9,341.0,0.0,0.02,34.44,0.0,May,1,1,3,4,New_Visitor,False,True
6,202.0,0,0.5,54,2191.33,0.0,0.02,0.0,0.31,May,1,1,3,10,Returning_Visitor,True,True
10,545.33,0,0.5,94,2487.52,0.0,0.0,5.38,0.0,Oct,1,1,6,2,New_Visitor,False,False
0,2.64,0,0.5,6,239.67,0.01,0.04,0.0,0.0,Sep,1,8,1,17,Returning_Visitor,False,False
0,0.0,0,0.0,3,34.0,0.03,0.07,0.0,0.29,May,2,4,6,3,Returning_Visitor,False,False
1,24.04,0,0.0,8,239.67,0.01,0.03,0.0,0.0,Mar,2,2,3,3,Returning_Visitor,False,False
6,182.51,1,50.54,54,2503.88,0.0,0.02,2.09,0.0,Mar,2,2,1,2,Returning_Visitor,False,True
1,24.04,0,0.5,22,836.58,0.03,0.07,5.38,0.76,May,1,1,1,4,New_Visitor,False,False
0,0.0,0,0.5,21,836.58,0.0,0.02,5.38,0.76,May,2,2,1,4,New_Visitor,False,False
0,2.64,0,0.0,6,239.67,0.0,0.02,0.0,0.29,May,3,2,4,3,Returning_Visitor,False,False
1,24.04,0,0.5,6,239.67,0.0,0.0,1.38,0.0,Mar,1,1,1,2,New_Visitor,False,False
1,24.04,0,0.5,6,239.67,0.0,0.02,5.38,0.0,Nov,2,2,3,2,New_Visitor,True,False
0,0.0,0,0.5,6,239.67,0.2,0.2,5.38,0.0,Nov,2,10,3,3,Returning_Visitor,False,False
3,129.24,0,0.5,20,1201.6,0.01,0.04,0.82,0.01,June,2,2,3,3,Returning_Visitor,False,False
1,24.04,0,0.0,14,416.67,0.0,0.02,0.0,0.0,Mar,2,2,6,2,Returning_Visitor,True,False
5,154.08,0,0.0,76,2874.97,0.0,0.02,5.38,0.0,Nov,2,2,1,2,Returning_Visitor,False,False
0,0.0,0,0.0,6,149.0,0.13,0.17,5.38,0.8,May,8,10,3,5,Returning_Visitor,False,False
2,54.8,0,0.0,6,239.67,0.01,0.03,0.0,0.76,May,2,4,3,4,New_Visitor,False,False
1,24.04,0,0.5,81,2938.01,0.0,0.01,5.38,0.76,May,2,5,3,4,New_Visitor,False,False
1,5.38,0,0.0,29,1195.73,0.01,0.02,5.38,0.29,May,2,4,6,4,Returning_Visitor,True,False
0,2.64,0,0.5,6,239.67,0.0,0.02,19.51,0.01,Aug,1,1,4,3,Returning_Visitor,False,True
4,134.61,0,0.0,150,6483.08,0.0,0.02,5.38,0.0,Nov,2,2,2,2,New_Visitor,True,False
1,24.04,0,0.5,12,442.89,0.0,0.02,0.82,0.29,June,1,1,1,4,New_Visitor,False,True
0,0.0,0,0.5,6,239.67,0.2,0.2,5.38,0.29,May,1,1,1,3,Returning_Visitor,False,False
3,129.24,1,50.54,54,1970.84,0.0,0.0,5.38,0.31,May,2,4,1,2,New_Visitor,True,True
1,24.04,2,55.0,6,239.67,0.0,0.0,5.38,0.31,May,1,1,1,5,New_Visitor,False,True
1,24.04,0,0.5,3,239.67,0.0,0.02,0.0,0.0,Nov,2,10,3,2,New_Visitor,False,False
9,202.0,1,50.54,54,2191.33,0.0,0.02,1.38,0.0,Mar,2,2,1,2,New_Visitor,False,False
0,2.64,0,0.5,11,239.67,0.0,0.02,0.0,0.0,Mar,2,4,3,1,Returning_Visitor,False,False
10,601.01,4,250.67,45,1679.83,0.0,0.0,66.46,0.76,May,2,2,7,11,Returning_Visitor,False,True
3,129.24,1,50.54,54,2191.33,0.0,0.04,0.0,0.01,May,1,1,1,4,New_Visitor,False,False
0,2.64,0,0.0,19,459.08,0.04,0.08,0.0,0.0,Nov,2,2,1,10,Returning_Visitor,False,False
6,202.0,0,0.0,6,239.67,0.01,0.03,0.82,0.0,Mar,1,1,1,10,Returning_Visitor,True,False
0,0.0,0,0.5,8,239.67,0.0,0.02,5.38,0.0,Nov,2,2,6,1,Returning_Visitor,False,False
0,0.0,0,0.5,6,239.67,0.03,0.07,0.82,0.01,June,1,1,1,4,New_Visitor,False,False
2,39.0,0,0.5,9,239.67,0.0,0.02,0.0,0.31,May,1,1,1,2,Returning_Visitor,False,False
1,24.04,0,0.0,6,96.5,0.03,0.08,0.82,0.01,June,2,5,3,4,New_Visitor,False,False
1,24.04,0,0.0,4,239.67,0.03,0.04,0.0,0.76,May,2,2,2,4,Returning_Visitor,False,False
0,0.0,0,0.0,32,1155.81,0.0,0.02,0.0,0.0,Nov,2,2,7,2,Returning_Visitor,True,False
1,24.04,0,0.5,6,239.67,0.0,0.02,0.82,0.01,June,3,2,1,3,Returning_Visitor,True,False
15,365.11,1,50.54,54,2191.33,0.0,0.02,5.38,0.01,May,2,2,3,3,Returning_Visitor,False,False
5,154.08,1,50.54,6,137.0,0.0,0.01,5.38,0.0,Nov,2,4,1,2,New_Visitor,True,True
0,0.0,0,0.5,73,2780.61,0.01,0.05,9.14,0.29,May,2,10,3,3,Returning_Visitor,False,False
0,0.0,0,0.5,6,239.67,0.0,0.04,0.82,0.0,Mar,1,1,1,2,Returning_Visitor,False,False
4,83.6,0,0.5,54,2191.33,0.0,0.02,0.0,0.31,May,1,1,1,2,Returning_Visitor,True,False
0,2.64,0,0.5,14,875.0,0.0,0.02,0.0,0.76,May,1,1,1,4,Returning_Visitor,True,False
0,2.64,2,12.0,6,239.67,0.04,0.1,0.0,0.31,May,2,2,3,2,Returning_Visitor,False,False
0,2.64,0,0.5,1,239.67,0.04,0.09,5.38,0.0,May,3,2,1,6,Returning_Visitor,False,False
6,202.0,3,272.2,397,11940.02,0.01,0.02,5.38,0.0,Nov,1,1,1,2,New_Visitor,False,True
1,24.04,0,0.0,10,239.67,0.01,0.04,0.82,0.31,June,2,2,1,10,Returning_Visitor,False,False
6,202.0,0,0.5,6,239.67,0.0,0.04,5.38,0.6,May,2,2,1,4,Returning_Visitor,False,False
1,24.04,0,0.5,6,239.67,0.0,0.01,5.38,0.31,May,2,2,1,2,New_Visitor,True,True
1,24.04,0,0.5,3,239.67,0.0,0.02,0.82,0.01,June,2,4,3,4,Returning_Visitor,True,False
2,57.25,0,0.0,6,45.25,0.0,0.02,0.82,0.0,Mar,2,2,1,2,Returning_Visitor,True,False
0,2.64,0,0.0,33,1155.81,0.0,0.02,0.0,0.0,Mar,2,5,3,1,Returning_Visitor,False,False
6,202.0,3,135.22,6,239.67,0.0,0.02,5.38,0.0,Nov,1,1,1,2,Returning_Visitor,False,False
1,24.04,0,0.5,23,806.5,0.0,0.02,0.82,0.01,June,2,4,3,4,New_Visitor,False,False
1,24.04,0,0.0,6,239.67,0.0,0.02,0.0,0.0,Nov,2,2,3,2,Returning_Visitor,False,False
1,24.04,0,0.5,6,239.67,0.0,0.02,0.0,0.0,Nov,2,5,3,1,Returning_Visitor,False,False
0,2.64,0,0.0,15,595.6,0.0,0.02,0.0,0.31,May,1,1,4,1,Returning_Visitor,False,False
1,24.04,0,0.5,54,1947.5,0.0,0.02,0.0,0.0,Nov,1,1,1,3,Returning_Visitor,False,False
0,0.0,0,0.5,6,239.67,0.03,0.07,0.0,0.0,Nov,2,10,3,2,New_Visitor,False,False
1,24.04,0,0.0,6,239.67,0.0,0.02,5.38,0.76,May,1,1,3,3,Returning_Visitor,False,False
4,96.6,0,0.0,15,595.6,0.0,0.02,5.38,0.29,May,1,1,1,4,Returning_Visitor,False,True
0,0.0,0,0.0,3,239.67,0.0,0.02,5.38,0.0,Nov,1,1,1,2,New_Visitor,False,False
10,410.55,0,0.5,57,2791.06,0.0,0.02,13.09,0.76,May,2,2,3,3,Returning_Visitor,False,False
1,24.04,0,0.5,6,239.67,0.2,0.2,5.38,0.0,Nov,2,6,3,1,Returning_Visitor,False,False
1,24.04,0,0.5,6,239.67,0.0,0.02,5.38,0.0,Nov,1,1,1,3,Returning_Visitor,False,False
1,24.04,0,0.5,53,2191.33,0.0,0.0,5.38,0.0,Nov,2,6,3,2,New_Visitor,True,False
1,24.04,0,0.5,6,239.67,0.03,0.05,0.0,0.76,May,2,4,6,3,Returning_Visitor,False,False
0,0.0,0,0.5,6,239.67,0.08,0.12,0.0,0.76,May,2,4,3,3,Returning_Visitor,False,False
2,65.5,2,60.0,6,239.67,0.01,0.04,5.38,0.76,May,2,4,1,4,New_Visitor,False,False
0,2.64,0,0.0,1,0.0,0.2,0.2,70.8,0.0,Nov,1,1,4,2,Returning_Visitor,True,False
1,20.2,0,0.5,6,239.67,0.0,0.02,5.38,0.0,Aug,2,2,7,5,Returning_Visitor,False,False
10,490.5,0,0.5,54,2191.33,0.0,0.02,5.38,0.31,May,2,2,3,1,Returning_Visitor,False,False
0,0.0,0,0.0,6,239.67,0.08,0.12,0.0,0.31,May,2,4,5,13,Returning_Visitor,False,False
0,2.64,1,65.5,49,1457.7,0.0,0.02,5.38,0.01,May,2,2,2,4,New_Visitor,False,False
0,0.0,0,0.5,6,13.0,0.07,0.12,0.82,0.29,June,2,2,7,3,Returning_Visitor,False,False
8,281.04,3,194.0,54,2191.33,0.0,0.02,4.63,0.0,Sep,1,8,3,17,Returning_Visitor,True,False
1,24.04,0,0.5,6,239.67,0.0,0.02,0.0,0.0,Nov,2,5,3,2,New_Visitor,False,False
0,0.0,0,0.0,6,239.67,0.1,0.1,0.0,0.0,Dec,1,1,1,2,Returning_Visitor,True,False
7,202.0,1,50.54,54,2191.33,0.0,0.02,5.38,0.29,May,4,5,7,11,Returning_Visitor,False,False
1,24.04,0,0.0,6,239.67,0.04,0.04,5.38,0.76,May,4,1,1,4,Returning_Visitor,False,False
0,2.64,0,0.0,6,239.67,0.0,0.01,5.38,0.29,May,2,2,1,3,Returning_Visitor,False,False
6,202.0,4,620.25,54,2191.33,0.0,0.02,0.82,0.31,June,1,1,1,2,Returning_Visitor,True,False
6,182.51,1,50.54,35,1155.81,0.0,0.02,0.0,0.0,Oct,1,1,1,4,Returning_Visitor,True,False
1,24.04,0,0.0,29,1151.14,0.0,0.02,15.28,0.0,Dec,2,2,1,2,Returning_Visitor,True,True
6,202.0,0,0.0,2,0.0,0.2,0.2,0.0,0.0,Nov,1,1,3,10,Returning_Visitor,True,False
3,1499.57,3,522.9,54,2191.33,0.0,0.02,65.87,0.01,May,1,1,7,17,Returning_Visitor,False,False
1,24.04,0,0.0,6,239.67,0.0,0.02,5.38,0.0,Nov,2,10,3,1,Returning_Visitor,False,True
0,2.64,0,0.0,6,239.67,0.0,0.02,1.96,0.0,Dec,1,1,1,2,New_Visitor,False,False
0,0.0,0,0.0,6,239.67,0.03,0.06,5.38,0.76,May,2,6,3,3,Returning_Visitor,False,False
0,0.0,0,0.5,4,86.0,0.0,0.02,0.0,0.0,Nov,1,1,1,2,New_Visitor,False,False
0,2.64,0,0.0,22,641.52,0.0,0.02,0.82,0.01,June,1,1,1,4,New_Visitor,False,False
6,155.0,0,0.0,87,3086.4,0.0,0.02,5.38,0.31,May,2,5,3,1,Returning_Visitor,False,False
10,1692.13,2,511.38,73,2697.49,0.0,0.02,61.53,0.31,May,2,5,3,19,Returning_Visitor,False,False
0,2.64,1,0.0,6,239.67,0.01,0.02,5.38,0.0,Oct,1,1,3,2,Returning_Visitor,True,False
6,182.51,0,0.5,54,2191.33,0.0,0.02,5.38,0.0,Nov,1,1,3,2,New_Visitor,False,True
0,0.0,0,0.0,6,239.67,0.0,0.02,5.38,0.0,Nov,4,5,7,3,Returning_Visitor,False,False
6,168.85,0,0.0,54,2191.33,0.0,0.01,0.82,0.0,Mar,1,5,3,9,Returning_Visitor,False,False
1,24.04,0,0.0,5,239.67,0.1,0.08,0.0,0.0,Nov,3,2,1,1,Returning_Visitor,False,False
1,24.04,1,50.54,25,836.58,0.01,0.04,5.38,0.0,May,2,4,7,4,Returning_Visitor,True,False
6,202.0,0,0.5,6,239.67,0.01,0.03,28.12,0.0,Nov,2,5,3,13,Returning_Visitor,False,True
4,131.0,0,0.5,10,285.5,0.0,0.02,0.0,0.0,Nov,3,2,1,2,New_Visitor,False,False
2,50.0,0,0.5,6,239.67,0.0,0.02,0.0,0.0,Nov,3,2,1,1,Returning_Visitor,True,False
0,0.0,0,0.5,6,239.67,0.0,0.1,0.0,0.0,Mar,2,2,1,10,Returning_Visitor,True,False
1,24.04,0,0.0,6,239.67,0.0,0.02,5.38,0.0,Nov,2,2,1,4,New_Visitor,False,False
2,29.5,0,0.5,6,239.67,0.0,0.02,12.46,0.76,May,2,2,1,3,Returning_Visitor,False,True
4,144.08,1,50.54,15,595.6,0.03,0.06,0.0,0.76,May,3,2,1,3,Returning_Visitor,False,False
2,49.5,0,0.5,4,239.67,0.0,0.02,5.38,0.0,Nov,2,2,6,1,Returning_Visitor,False,False
6,230.33,0,0.0,86,3195.76,0.0,0.02,1.96,0.0,Dec,2,2,1,2,New_Visitor,True,False
0,0.0,0,0.5,1,239.67,0.04,0.09,0.0,0.0,May,1,5,1,3,Returning_Visitor,True,False
1,24.04,0,0.0,6,239.67,0.0,0.02,1.38,0.0,Mar,2,5,3,2,New_Visitor,False,False
1,24.04,0,0.5,2,239.67,0.0,0.02,112.41,0.31,May,1,1,1,5,Returning_Visitor,False,True
1,24.04,0,0.5,27,836.58,0.0,0.03,0.82,0.31,June,2,4,3,2,Returning_Visitor,False,False
5,154.08,1,50.54,19,572.98,0.01,0.01,1.96,0.0,Dec,3,2,1,1,Returning_Visitor,False,False
1,24.04,0,0.5,6,239.67,0.2,0.2,0.0,0.76,May,1,1,3,4,Returning_Visitor,False,False
3,129.24,0,0.5,21,216.7,0.0,0.02,1.96,0.76,Sep,1,1,1,4,New_Visitor,False,False
8,258.65,0,0.5,518,42946.54,0.0,0.02,66.46,0.0,Oct,1,5,3,9,Returning_Visitor,False,False
0,2.64,0,0.5,6,239.67,0.0,0.02,5.38,0.0,Nov,1,1,1,2,Returning_Visitor,False,False
0,0.0,0,0.5,24,892.08,0.02,0.04,0.82,0.0,Mar,2,2,3,1,Returning_Visitor,False,False
2,55.5,0,0.0,6,239.67,0.03,0.06,0.0,0.29,May,2,10,3,3,Returning_Visitor,True,True
4,116.1,2,97.67,170,5639.22,0.0,0.01,1.96,0.0,Dec,2,2,3,2,Returning_Visitor,False,False
1,24.04,1,50.54,6,239.67,0.0,0.02,5.38,0.0,Nov,1,1,2,2,Returning_Visitor,False,False
0,0.0,0,0.5,6,239.67,0.0,0.03,26.98,0.76,May,2,4,3,3,Returning_Visitor,False,True
0,0.0,0,0.5,6,11.0,0.07,0.12,0.0,0.0,May,3,2,1,3,Returning_Visitor,True,False
1,24.04,0,0.0,6,239.67,0.04,0.1,0.82,0.0,Mar,2,5,7,3,Returning_Visitor,False,False
4,105.5,0,0.5,32,1155.81,0.0,0.02,20.13,0.0,Dec,7,13,9,1,Other,False,False
1,24.04,0,0.5,6,239.67,0.03,0.06,0.82,0.0,Jul,3,2,1,2,New_Visitor,False,False
4,144.08,1,50.54,18,836.58,0.0,0.02,0.0,0.0,Sep,2,4,3,4,New_Visitor,False,False
0,0.0,0,0.0,4,239.67,0.03,0.08,0.0,0.31,May,2,2,1,1,Returning_Visitor,False,False
1,24.04,0,0.5,33,1845.39,0.0,0.02,39.43,0.0,May,2,2,1,3,Returning_Visitor,False,True
1,32.7,0,0.0,6,239.67,0.0,0.02,5.38,0.0,Nov,2,2,3,1,Returning_Visitor,False,False
1,24.04,0,0.0,6,239.67,0.04,0.1,0.82,0.0,Mar,1,1,1,2,New_Visitor,False,False
1,24.04,0,0.0,6,239.67,0.0,0.02,0.82,0.31,June,2,2,1,2,Returning_Visitor,True,False
0,2.64,0,0.5,6,239.67,0.2,0.2,5.38,0.76,May,2,2,9,4,New_Visitor,False,False
2,44.0,0,0.5,41,1391.73,0.0,0.02,0.0,0.0,Dec,2,10,3,2,Returning_Visitor,True,False
1,24.04,0,0.5,6,239.67,0.0,0.02,0.0,0.76,May,1,1,1,3,Returning_Visitor,False,False
1,24.04,0,0.5,12,442.89,0.0,0.02,5.38,0.31,May,2,4,6,2,Returning_Visitor,True,False
2,157.0,0,0.0,6,85.5,0.0,0.02,1.96,0.0,Dec,2,4,6,1,Returning_Visitor,False,True
10,470.45,4,271.52,54,2191.33,0.01,0.02,5.38,0.0,Nov,1,1,2,2,Returning_Visitor,True,False
0,0.0,0,0.0,6,239.67,0.03,0.08,5.38,0.0,Nov,2,2,3,3,Returning_Visitor,False,False
1,24.04,0,0.0,8,239.67,0.08,0.12,5.38,0.76,May,3,2,1,3,Returning_Visitor,False,False
3,173.94,1,50.54,54,2191.33,0.01,0.03,1.96,0.0,Dec,4,1,5,1,Returning_Visitor,False,True
0,0.0,0,0.0,6,239.67,0.0,0.02,0.0,0.0,Nov,2,10,3,2,New_Visitor,True,False
4,144.08,0,0.0,23,836.58,0.0,0.02,5.38,0.0,Nov,2,5,3,2,New_Visitor,False,False
1,24.04,0,0.5,5,239.67,0.01,0.04,0.0,0.0,May,2,4,3,4,Returning_Visitor,False,False
0,0.0,0,0.0,6,239.67,0.0,0.02,0.0,0.76,May,2,5,3,4,New_Visitor,False,False
0,2.64,0,0.5,18,836.58,0.04,0.09,5.38,0.6,May,2,2,6,3,Returning_Visitor,False,False
0,2.64,0,0.5,10,239.67,0.0,0.02,5.38,0.29,May,2,4,3,3,Returning_Visitor,False,False
6,202.0,3,118.1,6,184.1,0.0,0.02,0.0,0.29,June,1,1,8,4,Returning_Visitor,False,False
1,24.04,0,0.5,6,239.67,0.0,0.05,10.63,0.76,May,1,1,1,3,Returning_Visitor,False,False
1,24.04,0,0.5,29,1140.17,0.0,0.02,0.82,0.0,Mar,2,2,3,13,Returning_Visitor,False,False
4,102.5,1,50.54,54,2191.33,0.0,0.02,5.38,0.01,May,1,1,1,4,New_Visitor,True,False
1,24.04,0,0.5,107,3195.76,0.01,0.02,0.0,0.01,May,2,2,1,4,New_Visitor,False,True
1,24.04,0,0.5,6,239.67,0.0,0.02,0.0,0.0,Nov,2,5,3,2,New_Visitor,False,False
0,0.0,0,0.0,6,0.0,0.2,0.2,0.0,0.0,Mar,2,4,1,2,Returning_Visitor,False,False
8,202.0,1,50.54,162,5142.86,0.0,0.02,5.38,0.0,Oct,2,2,1,2,New_Visitor,False,False
0,0.0,0,0.5,2,239.67,0.04,0.09,0.0,0.76,May,2,4,1,4,Returning_Visitor,False,False
2,55.0,0,0.5,6,239.67,0.02,0.02,0.82,0.4,June,2,4,3,2,New_Visitor,False,False
3,129.24,0,0.5,7,239.67,0.0,0.02,0.82,0.0,Mar,2,5,3,2,Returning_Visitor,False,False
1,24.04,0,0.0,10,239.67,0.0,0.02,0.0,0.76,May,2,2,1,4,New_Visitor,False,False
0,2.64,0,0.5,1,0.0,0.2,0.2,0.0,0.29,May,2,12,3,3,Returning_Visitor,False,False
1,24.04,0,0.5,6,239.67,0.0,0.02,0.82,0.0,Mar,2,2,3,2,Returning_Visitor,True,False
0,2.64,0,0.5,1,0.0,0.12,0.17,0.0,0.76,May,2,4,1,4,New_Visitor,False,False
1,24.04,0,0.5,16,1092.33,0.0,0.02,0.0,0.0,Nov,2,2,3,1,Returning_Visitor,False,False
9,738.0,0,0.0,26,836.58,0.01,0.04,5.38,0.31,May,2,2,3,13,Returning_Visitor,False,False
0,0.0,0,0.5,23,836.58,0.02,0.04,0.82,0.01,June,2,5,3,3,Returning_Visitor,False,False
1,24.04,0,0.0,6,146.92,0.0,0.02,5.38,0.0,Nov,2,12,4,9,Returning_Visitor,False,False
1,24.04,0,0.5,6,239.67,0.0,0.02,0.0,0.76,May,2,4,3,4,New_Visitor,False,False
3,47.0,1,50.54,16,757.39,0.0,0.02,29.87,1.0,May,2,2,3,4,Returning_Visitor,True,False
1,24.04,0,0.5,31,624.58,0.02,0.04,0.82,0.0,Mar,2,2,1,2,New_Visitor,True,False
2,57.25,0,0.0,10,155.0,0.0,0.02,0.82,0.0,Mar,2,2,1,2,Returning_Visitor,True,False
6,177.33,1,50.54,70,2346.22,0.0,0.0,5.38,0.0,Nov,1,1,1,1,Returning_Visitor,False,False
1,24.04,0,0.0,6,57.0,0.0,0.02,5.38,0.0,Nov,1,1,1,2,New_Visitor,False,False
12,297.21,0,0.5,38,1250.68,0.0,0.02,13.28,0.0,Dec,1,1,9,3,Returning_Visitor,False,False
0,0.0,0,0.5,6,239.67,0.2,0.2,1.38,0.0,Mar,1,1,1,1,Returning_Visitor,False,False
1,39.2,0,0.0,19,526.0,0.0,0.02,0.0,0.31,May,2,10,3,2,Returning_Visitor,False,False
1,24.04,0,0.5,6,239.67,0.0,0.02,0.0,0.0,Mar,2,5,3,1,Returning_Visitor,False,False
0,0.0,0,0.5,6,239.67,0.03,0.07,0.82,0.01,June,2,5,3,4,New_Visitor,False,True
0,0.0,0,0.5,6,0.0,0.2,0.2,0.82,0.0,Mar,2,5,3,1,Returning_Visitor,False,False
0,0.0,1,0.0,6,239.67,0.0,0.02,0.0,0.0,Nov,2,4,3,2,Returning_Visitor,True,False
2,65.5,0,0.0,51,1544.86,0.01,0.04,5.38,0.0,Nov,1,1,1,1,Returning_Visitor,True,False
6,133.33,1,50.54,54,2191.33,0.02,0.04,5.38,0.0,Nov,2,4,1,2,Returning_Visitor,False,True
2,57.25,0,0.0,54,2021.75,0.0,0.02,5.38,0.0,Oct,2,10,3,4,Returning_Visitor,False,False
0,0.0,0,0.5,12,338.75,0.0,0.02,0.0,0.0,Nov,2,4,1,2,Returning_Visitor,False,False
1,24.04,0,0.0,6,239.67,0.01,0.05,0.0,0.76,May,3,2,1,4,New_Visitor,False,False
0,2.64,0,0.5,9,356.08,0.0,0.02,151.57,0.76,May,2,2,5,17,Returning_Visitor,False,True
1,24.04,0,0.5,6,264.0,0.0,0.02,0.82,0.01,June,2,3,1,3,Returning_Visitor,False,False
2,62.6,0,0.0,6,239.67,0.0,0.02,0.82,0.01,June,2,4,3,4,New_Visitor,False,False
0,2.64,0,0.5,28,1155.81,0.01,0.05,5.38,0.0,Nov,2,2,2,2,New_Visitor,False,False
1,24.04,2,54.4,6,239.67,0.02,0.04,0.0,0.31,May,3,2,1,13,Returning_Visitor,False,False
1,24.04,0,0.5,25,836.58,0.0,0.02,0.0,0.0,Nov,2,2,3,4,Returning_Visitor,False,False
0,2.64,0,0.5,20,836.58,0.0,0.02,5.38,0.76,May,2,2,1,3,Returning_Visitor,False,True
2,45.7,0,0.0,13,595.6,0.03,0.07,0.0,0.0,May,3,2,1,4,New_Visitor,False,True
0,2.64,0,0.0,3,239.67,0.07,0.13,0.0,0.29,May,3,2,4,3,Returning_Visitor,False,False
1,24.04,0,0.0,6,239.67,0.0,0.01,0.0,0.0,Nov,2,5,3,2,Returning_Visitor,True,False
6,182.51,0,0.0,19,568.97,0.02,0.04,5.38,0.0,May,1,2,6,4,Returning_Visitor,True,True
1,8.0,0,0.5,29,826.85,0.0,0.02,10.99,0.29,May,1,1,3,4,Returning_Visitor,False,True
6,202.0,0,0.5,37,785.38,0.03,0.08,5.38,0.6,May,1,1,3,4,New_Visitor,False,False
1,24.04,1,0.0,6,239.67,0.0,0.02,1.38,0.0,Mar,3,2,1,2,New_Visitor,False,False
4,103.08,2,116.22,54,2191.33,0.0,0.02,5.38,0.0,Nov,2,4,3,2,Returning_Visitor,True,False
10,541.59,3,135.22,167,5142.86,0.0,0.02,2.91,0.31,Sep,1,1,1,10,Returning_Visitor,False,True
6,202.0,3,135.22,339,11351.34,0.0,0.02,0.0,0.31,May,2,2,1,2,Returning_Visitor,True,False
1,24.04,0,0.0,10,327.77,0.0,0.01,0.82,0.76,June,1,1,8,2,New_Visitor,False,True
1,24.04,0,0.5,6,239.67,0.0,0.01,0.0,0.0,Dec,2,10,3,2,Returning_Visitor,True,False
0,2.64,0,0.5,6,239.67,0.0,0.02,0.82,0.0,Jul,1,1,7,2,Returning_Visitor,True,False
1,24.04,5,797.42,1,239.67,0.04,0.09,0.82,0.76,June,1,1,8,2,New_Visitor,False,False
1,24.04,0,0.5,6,239.67,0.0,0.0,0.0,0.0,Nov,1,1,1,2,New_Visitor,False,False
0,2.64,0,0.5,13,595.6,0.0,0.02,0.0,0.0,Nov,2,2,3,2,Returning_Visitor,False,False
3,421.0,0,0.0,4,239.67,0.0,0.01,0.0,0.76,May,3,2,8,3,Returning_Visitor,False,False
3,105.0,0,0.0,37,1155.81,0.01,0.03,0.0,0.31,May,1,1,7,13,Returning_Visitor,False,False
12,1101.15,8,730.76,97,3195.76,0.0,0.02,61.53,0.01,May,1,11,3,1,Returning_Visitor,False,False
0,0.0,0,0.5,6,239.67,0.03,0.07,0.82,0.01,June,2,4,3,4,New_Visitor,False,True
0,0.0,1,50.54,8,239.67,0.0,0.01,5.38,0.31,May,3,5,3,14,Returning_Visitor,False,False
0,0.0,0,0.0,6,106.0,0.0,0.02,1.38,0.0,Mar,2,2,3,1,Returning_Visitor,False,False
10,470.45,3,132.83,45,901.09,0.0,0.02,5.38,0.31,May,2,5,2,2,Returning_Visitor,False,False
0,2.64,0,0.5,2,239.67,0.2,0.2,0.0,0.0,Nov,2,5,3,1,Returning_Visitor,False,False
1,24.04,0,0.5,7,239.67,0.04,0.09,0.0,0.76,May,2,4,1,3,Returning_Visitor,False,False
0,2.64,1,0.0,124,4093.43,0.0,0.02,5.38,0.31,May,2,2,8,13,Returning_Visitor,False,False
10,498.53,12,623.41,41,1467.65,0.0,0.02,29.87,0.31,May,2,2,1,2,Returning_Visitor,True,False
8,440.1,1,50.54,63,2466.22,0.0,0.02,0.82,0.2,June,1,1,1,2,Returning_Visitor,True,False
0,0.0,0,0.0,6,239.67,0.0,0.02,5.38,0.76,May,2,4,6,3,Returning_Visitor,False,False
3,50.9,0,0.5,60,2191.33,0.02,0.02,0.82,0.0,Mar,2,4,1,1,Returning_Visitor,False,False
0,2.64,0,0.0,6,239.67,0.01,0.02,5.38,0.0,Nov,2,5,1,2,New_Visitor,False,False
0,2.64,0,0.0,6,239.67,0.2,0.2,1.38,0.0,Mar,2,4,2,1,Returning_Visitor,False,False
0,0.0,0,0.5,6,239.67,0.01,0.02,0.0,0.0,May,2,4,3,4,Returning_Visitor,False,False
6,217.08,1,50.54,90,1996.57,0.0,0.02,0.0,0.31,May,2,2,3,1,Returning_Visitor,False,False
1,24.04,0,0.0,6,239.67,0.0,0.01,81.33,0.0,Oct,2,4,9,20,New_Visitor,False,True
6,202.0,0,0.5,41,1375.92,0.04,0.09,0.0,0.0,Nov,1,1,1,13,Returning_Visitor,False,False
5,233.12,4,258.72,17,836.58,0.0,0.01,4.75,0.0,Mar,8,13,9,16,Returning_Visitor,False,False
1,24.04,0,0.0,59,1720.42,0.03,0.06,0.0,0.0,Nov,3,2,1,3,Returning_Visitor,True,False
1,24.04,0,0.5,6,239.67,0.0,0.02,0.82,0.01,June,2,4,3,4,New_Visitor,False,False
1,24.04,0,0.0,6,239.67,0.01,0.04,0.82,0.0,Mar,1,1,4,3,Returning_Visitor,False,False
10,672.1,2,86.0,54,2191.33,0.0,0.02,0.82,0.31,June,1,1,8,6,Returning_Visitor,False,False
0,2.64,0,0.5,13,595.6,0.0,0.02,0.0,0.0,Mar,2,2,3,2,Returning_Visitor,False,False
1,24.04,0,0.0,19,836.58,0.0,0.02,0.0,0.76,May,2,4,3,4,New_Visitor,False,False
2,57.25,0,0.0,36,1155.81,0.0,0.02,0.82,0.01,June,2,4,3,4,New_Visitor,False,False
1,24.04,0,0.0,6,239.67,0.0,0.0,92.98,0.76,May,3,2,7,4,Returning_Visitor,True,True
0,2.64,0,0.5,35,1155.81,0.0,0.02,5.38,0.0,Nov,1,1,1,2,Returning_Visitor,False,False
0,2.64,0,0.5,6,239.67,0.0,0.03,0.0,0.4,May,1,1,4,3,Returning_Visitor,False,False
1,24.04,0,0.0,6,239.67,0.2,0.2,0.82,0.0,Mar,2,5,3,2,New_Visitor,False,False
2,64.5,0,0.5,23,671.62,0.0,0.02,0.0,0.0,Nov,2,10,3,2,New_Visitor,False,False
4,112.0,4,258.72,73,2163.5,0.01,0.03,0.82,0.31,June,2,2,3,1,Returning_Visitor,True,False
9,202.0,0,0.5,54,2191.33,0.0,0.02,10.72,0.31,May,2,2,1,13,Returning_Visitor,False,False
4,134.61,0,0.5,73,2714.96,0.0,0.02,0.82,0.01,June,2,2,3,3,Returning_Visitor,False,False
0,0.0,0,0.5,6,208.5,0.0,0.02,5.38,0.76,May,2,4,2,4,New_Visitor,False,False
1,24.04,0,0.0,6,239.67,0.0,0.02,0.82,0.0,Jul,2,5,3,2,New_Visitor,False,False
1,24.04,0,0.5,23,691.5,0.0,0.0,0.0,0.0,Nov,2,2,4,2,Returning_Visitor,True,False
0,2.64,0,0.0,142,5220.08,0.0,0.0,5.38,0.31,May,2,5,3,1,Returning_Visitor,False,True
9,202.0,1,50.54,22,1860.25,0.0,0.01,12.94,0.0,Dec,1,1,7,1,Returning_Visitor,False,True
2,65.5,0,0.5,6,239.67,0.0,0.02,0.82,0.0,Mar,2,2,3,1,Returning_Visitor,False,True
1,24.04,0,0.5,4,47.0,0.0,0.02,0.0,0.0,Nov,3,2,8,2,New_Visitor,False,False
0,2.64,0,0.5,6,254.5,0.0,0.02,5.38,0.0,Nov,2,5,3,2,New_Visitor,False,True
0,2.64,0,0.0,1,239.67,0.2,0.2,5.38,0.29,May,1,1,1,3,Returning_Visitor,False,False
3,129.24,7,330.27,329,11351.34,0.01,0.03,5.38,0.0,Nov,3,2,1,2,New_Visitor,False,False
0,0.0,0,0.0,6,239.67,0.0,0.07,0.0,0.0,Nov,2,2,3,1,Returning_Visitor,False,False
1,24.04,0,0.5,6,239.67,0.0,0.02,0.0,0.0,Nov,2,10,3,2,New_Visitor,False,False
9,202.0,0,0.0,54,2191.33,0.01,0.04,0.0,0.0,Nov,2,2,3,1,Returning_Visitor,False,False
0,0.0,0,0.0,1,239.67,0.2,0.2,5.38,0.0,May,2,2,3,4,New_Visitor,False,False
0,0.0,0,0.5,6,239.67,0.0,0.02,5.38,0.76,May,2,2,1,4,Returning_Visitor,False,False
0,0.0,0,0.0,13,595.6,0.0,0.02,0.0,0.0,Mar,2,4,2,1,Returning_Visitor,False,False
8,85.48,1,50.54,227,10143.82,0.0,0.02,0.15,0.0,Oct,1,1,1,13,Returning_Visitor,False,False
1,24.04,0,0.5,23,505.58,0.01,0.03,5.38,0.0,Nov,4,1,1,2,New_Visitor,False,True
0,0.0,0,0.0,4,239.67,0.0,0.02,0.0,0.29,May,2,10,3,4,Returning_Visitor,False,False
1,24.04,0,0.0,6,239.67,0.11,0.18,0.0,0.0,May,2,4,2,4,New_Visitor,False,False
2,236.0,0,0.0,18,836.58,0.0,0.02,0.82,0.01,June,1,1,1,4,New_Visitor,False,False
8,202.0,0,0.5,70,2146.76,0.0,0.02,5.38,0.0,Nov,2,5,3,2,Returning_Visitor,False,False
4,135.5,0,0.0,54,2191.33,0.01,0.02,7.94,0.0,May,2,4,1,4,New_Visitor,False,False
1,24.04,0,0.5,76,2938.01,0.0,0.02,0.82,0.0,Mar,2,2,3,2,Returning_Visitor,True,False
4,123.0,3,306.33,18,836.58,0.0,0.02,0.0,0.0,Mar,1,1,4,1,Returning_Visitor,False,False
2,30.2,0,0.5,32,1155.81,0.0,0.0,5.38,0.31,May,2,5,3,5,New_Visitor,False,False
3,69.83,1,157.0,45,901.92,0.01,0.02,7.8,0.76,May,2,4,1,4,New_Visitor,False,False
9,202.0,0,0.5,34,1243.81,0.0,0.01,5.38,0.31,May,2,5,3,2,Returning_Visitor,False,False
0,2.64,0,0.5,22,836.58,0.0,0.02,0.0,0.0,Nov,2,5,3,2,New_Visitor,False,False
4,136.0,1,50.54,31,1155.81,0.0,0.02,0.82,0.0,Mar,1,1,1,1,Returning_Visitor,False,True
0,0.0,0,0.5,6,239.67,0.02,0.09,5.38,0.0,Nov,2,4,1,2,New_Visitor,False,False
1,24.04,0,0.5,3,31.2,0.0,0.02,0.0,0.01,June,3,2,1,4,New_Visitor,False,False
9,324.3,4,248.18,76,2816.44,0.0,0.02,1.38,0.0,Mar,3,2,3,2,New_Visitor,False,False
0,0.0,0,0.0,1,0.0,0.13,0.17,0.82,0.01,June,2,4,3,11,Returning_Visitor,False,False
3,129.24,2,51.0,6,145.67,0.0,0.02,0.82,0.76,June,1,1,1,1,Returning_Visitor,False,False
0,0.0,0,0.0,6,239.67,0.03,0.06,1.38,0.0,Mar,1,1,9,2,Returning_Visitor,False,False
0,0.0,0,0.5,34,1524.06,0.01,0.03,11.77,0.76,May,2,2,3,3,Returning_Visitor,False,False
6,202.0,2,123.55,54,2191.33,0.0,0.01,9.06,0.0,Nov,2,5,3,2,Returning_Visitor,False,True
3,129.24,0,0.0,54,1942.93,0.0,0.01,5.38,0.29,May,1,1,1,4,Returning_Visitor,False,False
0,0.0,0,0.0,6,239.67,0.0,0.02,0.82,0.76,June,2,4,3,2,New_Visitor,True,True
1,24.04,0,0.0,6,24.0,0.0,0.02,1.38,0.0,Mar,2,4,7,1,Returning_Visitor,False,False
1,24.04,0,0.5,6,239.67,0.0,0.04,0.0,0.31,Sep,2,2,9,2,Returning_Visitor,False,False
1,24.04,0,0.5,6,239.67,0.0,0.02,1.38,0.0,Mar,4,1,1,2,New_Visitor,False,False
1,24.04,0,0.5,28,1155.81,0.01,0.04,0.82,0.0,Mar,2,10,3,2,Returning_Visitor,True,False
4,99.0,0,0.0,32,886.96,0.01,0.02,58.11,0.0,May,1,1,3,20,New_Visitor,False,False
2,57.25,2,9.0,6,239.67,0.03,0.06,0.0,0.76,May,1,1,8,4,New_Visitor,False,False
12,426.35,0,0.0,54,2191.33,0.0,0.02,5.38,0.0,Nov,1,1,8,1,Returning_Visitor,False,False
10,497.63,1,50.54,82,1814.56,0.0,0.02,8.5,0.0,Nov,3,2,3,2,Returning_Visitor,False,False
4,76.5,0,0.5,6,239.67,0.0,0.02,0.0,0.29,May,2,4,3,3,Returning_Visitor,False,False
1,24.04,0,0.0,6,239.67,0.0,0.0,0.0,0.0,Nov,2,5,3,2,New_Visitor,False,False
1,24.04,2,75.5,6,239.67,0.0,0.02,5.38,0.0,Nov,2,4,3,2,New_Visitor,False,True
4,148.9,1,50.54,23,692.22,0.04,0.09,5.38,0.0,Oct,1,1,7,1,Returning_Visitor,False,False
0,0.0,0,0.5,19,556.92,0.0,0.02,0.0,0.0,Nov,4,1,1,8,Returning_Visitor,False,False
0,2.64,0,0.5,28,944.41,0.0,0.02,0.0,0.0,June,1,1,4,3,Returning_Visitor,False,False
4,144.08,0,0.5,54,2191.33,0.02,0.04,5.38,0.76,May,1,1,3,4,New_Visitor,False,False
12,203.28,4,248.18,47,1351.12,0.0,0.02,66.46,0.76,May,1,1,4,4,Returning_Visitor,True,False
6,156.0,1,50.54,54,2191.33,0.0,0.02,0.0,0.0,Mar,3,4,4,1,Returning_Visitor,False,False
0,0.0,0,0.5,6,239.67,0.2,0.2,0.0,0.76,May,2,4,3,3,Returning_Visitor,False,False
1,24.04,0,0.5,24,867.46,0.01,0.03,0.0,0.76,May,2,4,3,4,New_Visitor,False,False
0,0.0,0,0.5,6,234.0,0.02,0.05,0.0,0.31,May,2,2,3,14,Returning_Visitor,True,False
0,2.64,0,0.5,6,239.67,0.0,0.02,0.82,0.29,June,4,1,4,3,Returning_Visitor,False,False
2,49.18,0,0.0,44,1065.5,0.01,0.04,0.82,0.01,June,2,4,3,4,Returning_Visitor,True,False
1,24.04,0,0.5,17,399.5,0.02,0.05,0.0,0.0,Dec,2,2,1,2,Returning_Visitor,True,False
3,129.24,4,248.18,54,2191.33,0.0,0.02,9.29,0.01,May,2,2,4,4,Returning_Visitor,True,True
10,415.55,0,0.0,109,4424.62,0.0,0.02,13.29,0.0,Nov,2,4,4,9,Returning_Visitor,False,True
1,24.04,1,50.54,6,239.67,0.0,0.02,0.0,0.76,May,1,1,8,4,New_Visitor,False,False
10,878.71,1,50.54,54,2191.33,0.01,0.02,5.38,0.31,May,1,1,1,2,Returning_Visitor,False,False
1,24.04,0,0.0,6,239.67,0.0,0.02,0.0,0.76,May,1,1,1,3,Returning_Visitor,False,False
6,202.0,1,50.54,352,11232.66,0.0,0.02,5.38,0.0,Nov,1,5,3,9,Returning_Visitor,True,False
1,24.04,0,0.0,9,354.58,0.0,0.02,5.38,0.0,Nov,1,1,8,2,Returning_Visitor,False,False
0,0.0,0,0.5,6,239.67,0.0,0.02,0.82,0.01,June,2,4,3,4,Returning_Visitor,True,False
0,0.0,0,0.0,6,239.67,0.0,0.02,5.38,0.31,May,2,2,3,1,Returning_Visitor,False,False
6,182.51,1,50.54,41,1568.53,0.0,0.01,0.82,0.01,June,1,1,8,4,Returning_Visitor,True,False
0,2.64,0,0.0,8,129.0,0.02,0.1,5.38,0.76,May,1,1,1,3,Returning_Visitor,False,False
10,231.0,1,50.54,87,3486.69,0.0,0.02,5.38,0.0,Nov,1,1,1,2,Returning_Visitor,True,False
0,2.64,0,0.5,19,584.13,0.0,0.02,0.0,0.0,May,3,2,4,4,Returning_Visitor,True,False
1,6.0,0,0.5,16,757.39,0.01,0.03,1.38,0.0,Mar,3,2,1,1,Returning_Visitor,True,True
0,0.0,0,0.5,3,58.5,0.03,0.07,0.82,0.01,June,3,4,1,3,Returning_Visitor,True,False
3,267.5,1,50.54,4,239.67,0.0,0.02,5.38,0.76,May,4,6,4,4,Returning_Visitor,True,False
1,24.04,0,0.5,6,239.67,0.0,0.02,5.38,0.0,May,1,1,1,4,New_Visitor,True,True
0,2.64,0,0.0,28,1055.5,0.01,0.04,5.38,0.76,May,3,2,8,3,Returning_Visitor,False,False
3,69.0,4,163.0,54,2191.33,0.0,0.02,5.38,0.29,May,2,2,3,3,Returning_Visitor,False,False
6,182.51,1,50.54,54,2191.33,0.0,0.02,5.38,0.0,Nov,1,1,4,1,Returning_Visitor,False,False
0,0.0,0,0.5,23,821.83,0.05,0.08,0.82,0.0,Mar,3,2,1,2,Returning_Visitor,True,False
0,2.64,0,0.0,6,239.67,0.0,0.02,5.38,0.0,May,2,4,4,3,Returning_Visitor,False,False
1,24.04,0,0.0,6,239.67,0.0,0.02,5.38,0.0,Nov,2,2,1,8,Returning_Visitor,False,False
0,2.64,0,0.0,6,239.67,0.0,0.02,5.38,0.29,May,3,2,1,3,Returning_Visitor,False,False
1,24.04,0,0.0,6,239.67,0.0,0.02,4.96,0.01,Aug,2,2,3,4,Returning_Visitor,True,False
0,0.0,0,0.0,23,729.29,0.0,0.02,0.82,0.01,June,2,2,3,4,Returning_Visitor,True,False
0,0.0,0,0.5,2,239.67,0.04,0.1,1.96,0.0,Dec,2,10,3,2,New_Visitor,False,False
9,202.0,2,54.92,85,3195.76,0.0,0.01,1.02,0.01,Feb,1,1,1,4,Returning_Visitor,True,True
1,24.04,0,0.0,6,239.67,0.0,0.02,5.38,0.0,May,1,1,4,4,Returning_Visitor,True,False
6,202.0,2,123.55,54,2191.33,0.0,0.02,0.0,0.0,Nov,1,1,1,2,Returning_Visitor,True,True
0,0.0,0,0.0,6,120.0,0.0,0.02,5.38,0.76,May,2,2,9,3,Returning_Visitor,False,False
5,154.83,7,623.41,90,3195.76,0.0,0.01,29.87,0.31,May,2,13,5,6,Returning_Visitor,False,False
4,134.61,0,0.5,87,3211.34,0.0,0.02,5.38,0.0,Nov,3,2,9,1,Returning_Visitor,False,True
2,38.0,3,909.0,19,542.33,0.0,0.02,5.38,0.6,May,2,6,3,2,Returning_Visitor,False,True
0,0.0,0,0.5,6,239.67,0.0,0.02,0.82,0.6,June,2,4,3,2,New_Visitor,False,False
0,0.0,0,0.5,21,836.58,0.01,0.05,0.82,0.31,June,1,1,1,1,Returning_Visitor,False,False
1,24.04,0,0.5,50,1535.64,0.01,0.04,0.0,0.0,Nov,1,1,1,4,Returning_Visitor,False,False
10,302.08,1,50.54,81,1778.66,0.0,0.02,5.38,0.0,Nov,1,1,1,2,New_Visitor,True,False
9,902.16,1,50.54,27,1171.47,0.0,0.02,16.44,0.0,Nov,1,8,1,16,New_Visitor,False,False
1,24.04,0,0.5,6,239.67,0.01,0.02,1.96,0.0,Sep,2,4,1,4,Returning_Visitor,False,False
4,142.3,1,50.54,54,2191.33,0.0,0.02,5.38,0.31,May,2,2,3,6,Returning_Visitor,False,False
0,0.0,0,0.5,6,239.67,0.0,0.01,0.0,0.31,May,2,2,3,1,Returning_Visitor,False,False
5,66.9,0,0.0,54,2191.33,0.0,0.02,0.82,0.0,Mar,2,4,3,2,New_Visitor,False,True
1,24.04,0,0.0,6,239.67,0.0,0.02,5.38,0.76,May,1,1,1,3,Returning_Visitor,False,False
3,129.24,0,0.5,23,768.5,0.0,0.01,5.38,0.29,May,2,5,3,4,New_Visitor,False,False
1,24.04,0,0.5,11,239.67,0.0,0.02,5.38,0.76,May,2,4,1,4,Returning_Visitor,False,True
2,324.5,1,0.0,6,239.67,0.01,0.02,0.0,0.0,Nov,1,1,4,2,Returning_Visitor,False,False
4,144.08,1,50.54,54,2191.33,0.0,0.02,0.0,0.29,May,1,1,1,3,Returning_Visitor,False,False
1,24.04,0,0.0,21,836.58,0.01,0.03,0.0,0.0,Nov,2,4,1,2,New_Visitor,True,False
0,2.64,0,0.5,6,239.67,0.0,0.02,0.82,0.01,June,2,2,1,3,Returning_Visitor,False,False
0,0.0,0,0.5,47,2455.15,0.0,0.02,5.38,0.0,Nov,2,10,3,3,Returning_Visitor,False,False
4,75.0,2,116.22,54,2191.33,0.0,0.01,0.0,0.76,May,1,1,1,4,New_Visitor,False,True
0,0.0,0,0.0,6,41.0,0.01,0.03,0.0,0.0,Mar,3,2,1,2,New_Visitor,True,False
10,268.0,2,7.0,19,551.67,0.01,0.02,0.82,0.76,June,2,2,1,1,Returning_Visitor,False,False
1,24.04,0,0.0,6,0.0,0.2,0.2,0.0,0.29,May,2,2,4,3,Returning_Visitor,False,False
3,70.0,0,0.5,11,714.5,0.01,0.04,0.0,0.31,May,2,10,3,6,Returning_Visitor,True,False
6,175.48,0,0.0,54,2191.33,0.0,0.02,0.82,0.01,June,2,2,1,4,Returning_Visitor,True,False
2,57.25,0,0.5,6,239.67,0.0,0.02,0.82,0.01,June,2,2,3,4,Returning_Visitor,True,False
0,2.64,0,0.0,6,75.0,0.0,0.02,0.82,0.0,Mar,1,1,1,2,New_Visitor,False,False
6,202.0,3,127.89,28,1155.81,0.0,0.02,1.96,0.0,Dec,3,2,1,2,Returning_Visitor,True,False
1,24.04,0,0.0,16,757.39,0.1,0.12,5.38,0.0,Aug,3,2,1,13,Returning_Visitor,False,False
10,584.2,0,0.5,73,2701.96,0.0,0.0,5.38,0.0,Nov,1,1,1,2,New_Visitor,False,False
5,154.08,0,0.5,54,2191.33,0.0,0.02,0.82,0.0,Mar,2,5,3,2,Returning_Visitor,False,True
10,363.33,1,50.54,54,2191.33,0.0,0.02,5.38,0.29,May,1,5,3,4,Returning_Visitor,False,False
0,0.0,0,0.5,6,239.67,0.0,0.02,5.38,0.76,May,2,4,1,3,Returning_Visitor,False,False
0,0.0,0,0.5,6,239.67,0.04,0.1,0.0,0.76,May,1,1,1,4,Returning_Visitor,True,False
4,144.08,0,0.5,54,2191.33,0.0,0.02,0.0,0.0,Oct,2,2,1,2,New_Visitor,False,False
0,0.0,0,0.5,20,836.58,0.0,0.02,65.87,0.31,May,1,8,1,19,Returning_Visitor,False,False
0,0.0,0,0.5,6,239.67,0.0,0.02,0.0,0.0,Dec,2,2,1,2,Returning_Visitor,True,False
1,24.04,0,0.5,6,239.67,0.01,0.04,5.38,0.0,Nov,1,1,1,2,Returning_Visitor,False,False
8,202.0,1,50.54,9,239.67,0.01,0.05,0.82,0.0,Mar,2,5,3,2,New_Visitor,False,False
1,24.04,0,0.5,6,239.67,0.0,0.02,16.17,0.0,Mar,2,10,3,2,New_Visitor,False,True
1,24.04,0,0.0,8,301.5,0.0,0.02,0.0,0.0,Mar,2,2,1,2,Returning_Visitor,True,False
3,48.83,3,370.88,54,2191.33,0.03,0.03,0.82,0.76,June,1,1,1,1,Returning_Visitor,False,False
1,24.04,0,0.5,6,239.67,0.0,0.02,0.0,0.0,Mar,2,2,3,1,Returning_Visitor,False,False
0,0.0,0,0.5,6,239.67,0.0,0.02,0.0,0.76,May,2,4,1,3,Returning_Visitor,False,False
10,724.0,1,50.54,54,2191.33,0.0,0.02,1.38,0.0,Mar,4,2,1,7,Returning_Visitor,False,False
1,24.04,0,0.0,8,312.33,0.0,0.02,0.0,0.0,Nov,1,1,9,2,Returning_Visitor,False,False
0,0.0,0,0.5,30,1155.81,0.0,0.02,5.38,0.76,May,2,5,1,4,New_Visitor,False,False
1,24.04,2,63.5,14,376.0,0.01,0.04,5.38,0.0,Nov,2,2,2,2,Returning_Visitor,False,True
1,24.04,0,0.0,23,606.83,0.0,0.02,5.38,0.29,May,2,2,1,3,Returning_Visitor,False,False
1,24.04,0,0.5,7,239.67,0.0,0.02,0.0,0.0,Nov,2,12,6,9,Returning_Visitor,False,False
0,2.64,1,93.0,28,1045.83,0.01,0.04,0.82,0.76,June,1,1,1,2,Returning_Visitor,True,False
1,24.04,0,0.0,6,239.67,0.0,0.02,0.0,0.0,Nov,2,2,1,2,New_Visitor,False,False
3,129.24,1,50.54,6,68.0,0.01,0.03,5.38,0.76,May,2,2,6,3,Returning_Visitor,False,False
0,0.0,0,0.5,6,42.0,0.0,0.02,0.82,0.31,June,1,1,1,2,Returning_Visitor,False,False
0,2.64,0,0.5,1,239.67,0.2,0.2,5.38,0.76,May,2,4,1,12,Returning_Visitor,False,False
6,92.57,1,793.8,54,2436.61,0.0,0.02,0.82,0.0,Jul,2,5,3,2,Returning_Visitor,False,False
2,39.2,0,0.5,19,836.58,0.04,0.08,0.82,0.01,June,3,2,1,4,New_Visitor,False,False
8,202.0,5,81.4,25,836.58,0.02,0.04,0.82,0.0,Mar,2,2,7,9,Returning_Visitor,False,False
0,0.0,0,0.0,6,239.67,0.08,0.12,0.0,0.76,Feb,2,2,3,4,Returning_Visitor,False,False
1,24.04,0,0.0,6,239.67,0.0,0.02,5.38,0.0,Nov,1,1,1,2,Returning_Visitor,False,False
8,313.0,2,123.55,54,2191.33,0.02,0.05,0.82,0.0,Mar,4,1,4,4,Returning_Visitor,True,False
1,24.04,0,0.5,55,2191.33,0.0,0.02,5.38,0.76,May,2,4,3,4,New_Visitor,True,False
6,182.51,1,50.54,54,2191.33,0.0,0.02,0.0,0.31,May,2,2,9,5,New_Visitor,False,False
2,32.75,0,0.5,13,595.6,0.0,0.02,5.38,0.0,Nov,1,1,1,2,Returning_Visitor,False,True
0,0.0,0,0.5,10,239.67,0.0,0.02,0.0,0.29,May,2,10,3,4,Returning_Visitor,False,False
4,92.1,2,28.2,29,852.0,0.0,0.02,0.0,0.76,May,2,2,1,4,Returning_Visitor,True,True
0,0.0,0,0.5,1,0.0,0.12,0.15,0.0,0.29,May,1,1,1,3,Returning_Visitor,False,False
10,666.0,0,0.5,54,2061.07,0.01,0.04,3.06,0.0,Mar,2,5,3,1,Returning_Visitor,False,False
4,134.61,0,0.0,66,2599.02,0.01,0.03,5.38,0.0,Nov,1,1,1,2,New_Visitor,False,True
1,24.04,0,0.0,6,239.67,0.0,0.02,5.38,0.0,May,3,2,4,4,New_Visitor,True,False
2,57.25,0,0.5,12,1562.0,0.0,0.02,5.38,0.8,May,3,2,1,3,Returning_Visitor,False,False
1,24.04,0,0.5,23,777.05,0.0,0.0,0.0,0.76,May,2,10,3,4,New_Visitor,False,False
10,398.57,1,50.54,24,836.58,0.0,0.02,1.96,0.76,Sep,3,2,1,4,New_Visitor,False,False
0,0.0,0,0.5,6,239.67,0.0,0.02,0.0,0.0,Nov,3,2,1,1,Returning_Visitor,True,False
0,0.0,0,0.0,3,239.67,0.0,0.02,5.38,0.0,May,2,2,4,11,Returning_Visitor,False,False
0,2.64,0,0.5,6,239.67,0.0,0.02,0.82,0.0,Mar,1,1,1,2,Returning_Visitor,True,False
0,0.0,0,0.0,6,239.67,0.0,0.02,0.0,0.31,May,3,2,1,2,Returning_Visitor,True,False
3,277.67,3,272.2,43,1671.26,0.01,0.02,0.0,0.76,May,2,13,8,11,Returning_Visitor,False,False
6,182.51,0,0.5,9,239.67,0.0,0.02,5.38,0.0,May,1,1,4,3,Returning_Visitor,False,False
7,202.0,1,50.54,83,2971.44,0.0,0.01,0.82,0.0,Mar,2,2,1,2,Returning_Visitor,False,False
1,24.04,0,0.5,6,0.0,0.2,0.2,0.82,0.0,Mar,2,2,1,2,New_Visitor,False,False
2,67.5,0,0.5,28,873.64,0.0,0.01,1.96,0.76,Sep,3,2,1,4,New_Visitor,False,False
1,24.04,0,0.5,8,333.33,0.01,0.04,0.82,0.0,Mar,2,2,3,1,Returning_Visitor,False,False
1,24.04,0,0.0,56,2191.33,0.01,0.03,5.38,0.76,May,2,5,3,4,New_Visitor,False,True
0,0.0,0,0.5,23,827.17,0.0,0.02,4.75,0.0,Dec,1,8,1,20,Returning_Visitor,False,False
0,0.0,0,0.5,6,239.67,0.0,0.0,5.38,0.0,May,1,8,7,12,Returning_Visitor,True,False
0,0.0,0,0.0,6,239.67,0.01,0.04,5.38,0.0,Nov,2,2,4,10,Returning_Visitor,True,False
1,24.04,0,0.5,17,1180.37,0.01,0.04,0.0,0.01,Aug,1,1,8,4,New_Visitor,False,False
10,155.85,4,155.38,54,2191.33,0.01,0.02,0.0,0.01,May,1,1,1,4,New_Visitor,False,False
0,2.64,0,0.5,6,239.67,0.0,0.01,1.38,0.0,Mar,2,10,3,2,New_Visitor,False,False
4,122.2,0,0.0,54,2191.33,0.01,0.04,5.38,0.01,Aug,2,4,4,4,Returning_Visitor,True,False
0,0.0,0,0.5,6,239.67,0.01,0.04,0.0,0.76,May,2,2,3,3,Returning_Visitor,False,False
1,24.04,0,0.0,6,239.67,0.0,0.02,1.96,0.0,Dec,2,2,1,2,New_Visitor,False,False
5,154.08,0,0.0,54,2191.33,0.03,0.06,0.82,0.31,June,1,1,1,2,Returning_Visitor,False,False
3,59.4,0,0.5,87,3334.51,0.03,0.06,5.38,0.01,Aug,2,2,1,4,New_Visitor,False,False
7,202.0,2,13.0,54,2191.33,0.0,0.02,6.49,0.0,Oct,1,1,1,2,Returning_Visitor,True,False
1,24.04,0,0.0,6,239.67,0.01,0.04,0.0,0.8,May,2,10,7,3,Returning_Visitor,False,False
9,202.0,3,295.55,150,7243.65,0.0,0.02,0.82,0.29,June,1,1,1,4,Returning_Visitor,True,True
6,182.51,2,116.22,54,2016.12,0.02,0.04,0.82,0.76,June,1,1,1,1,Returning_Visitor,False,False
0,0.0,0,0.0,13,449.6,0.0,0.02,0.0,0.76,May,2,2,3,3,Returning_Visitor,True,False
4,134.61,0,0.0,87,3817.2,0.0,0.02,5.38,0.0,Nov,2,2,1,2,New_Visitor,False,False
0,0.0,0,0.5,14,595.6,0.01,0.04,5.38,0.0,Nov,2,2,1,2,New_Visitor,False,False
1,24.04,0,0.0,6,239.67,0.0,0.02,0.0,0.0,Dec,2,2,7,2,Returning_Visitor,False,False
0,2.64,3,151.03,81,2938.01,0.0,0.02,0.82,0.31,June,2,2,1,2,Returning_Visitor,True,False
0,0.0,0,0.0,77,2938.01,0.0,0.02,0.0,0.0,Mar,2,10,3,2,New_Visitor,False,False
6,205.5,1,50.54,45,1683.63,0.0,0.02,4.74,0.0,May,2,4,3,4,New_Visitor,True,False
1,24.04,0,0.5,9,239.67,0.0,0.02,1.38,0.0,Mar,2,10,3,2,New_Visitor,False,False
0,2.64,0,0.5,8,239.67,0.0,0.02,0.0,0.0,Dec,2,2,1,10,Returning_Visitor,False,False
12,2657.32,7,1484.04,584,29970.47,0.01,0.03,61.53,0.01,May,2,5,3,17,Returning_Visitor,False,False
2,94.7,0,0.5,24,897.19,0.0,0.02,0.0,0.0,Nov,3,2,1,1,Returning_Visitor,True,False
0,0.0,0,0.5,6,239.67,0.0,0.02,5.38,0.0,May,2,7,3,3,Returning_Visitor,False,False
0,0.0,2,105.0,194,6880.8,0.0,0.02,1.79,0.31,June,2,2,3,2,Returning_Visitor,False,True
0,2.64,0,0.5,6,239.67,0.01,0.03,0.82,0.76,June,1,1,8,2,New_Visitor,False,False
0,2.64,0,0.0,18,4293.4,0.04,0.06,0.0,0.0,Nov,2,2,3,1,Returning_Visitor,False,False
9,1047.34,0,0.5,6,239.67,0.03,0.06,64.96,0.29,May,1,5,3,20,Returning_Visitor,False,True
0,2.64,3,242.8,6,239.67,0.0,0.02,0.0,0.76,May,2,13,1,12,Returning_Visitor,False,False
1,24.04,0,0.5,23,691.25,0.01,0.03,0.0,0.0,Nov,2,10,3,1,Returning_Visitor,False,False
0,0.0,0,0.0,28,901.29,0.0,0.02,34.15,0.76,May,2,2,3,3,Returning_Visitor,False,True
1,24.04,0,0.5,23,2049.75,0.01,0.03,95.35,0.0,May,1,1,8,20,New_Visitor,False,True
6,239.16,1,50.54,146,3697.73,0.0,0.02,73.36,0.0,Nov,2,10,3,1,Returning_Visitor,True,True
1,24.04,0,0.5,61,2466.22,0.0,0.02,5.38,0.76,May,2,2,1,3,Returning_Visitor,False,False
1,10.0,0,0.0,11,239.67,0.01,0.04,0.0,0.0,Nov,2,4,2,2,New_Visitor,False,False
0,2.64,0,0.5,6,239.67,0.01,0.04,5.38,0.76,May,3,2,1,3,Returning_Visitor,False,False
0,2.64,0,0.0,6,239.67,0.2,0.2,5.38,0.0,Nov,2,2,1,2,Returning_Visitor,True,False
0,0.0,0,0.5,6,239.67,0.0,0.02,5.38,0.0,Nov,2,4,3,2,Returning_Visitor,False,False
0,0.0,0,0.5,6,239.67,0.0,0.02,0.82,0.31,June,2,2,3,1,Returning_Visitor,False,False
8,356.6,1,50.54,39,589.25,0.0,0.02,0.82,0.76,June,1,1,8,1,Returning_Visitor,False,False
2,57.25,0,0.0,6,239.67,0.0,0.01,5.38,0.76,May,2,2,1,3,Returning_Visitor,False,False
6,169.79,0,0.0,32,1547.62,0.0,0.01,0.82,0.0,Mar,2,2,3,1,Returning_Visitor,False,False
0,0.0,0,0.5,6,62.4,0.01,0.05,23.79,0.0,Aug,1,1,8,4,New_Visitor,False,True
1,24.04,0,0.5,6,239.67,0.01,0.05,0.0,0.0,Dec,2,2,2,6,Returning_Visitor,False,False
0,0.0,0,0.5,6,239.67,0.0,0.02,5.38,0.31,May,2,4,3,6,Returning_Visitor,False,False
3,129.24,3,127.89,23,700.05,0.0,0.02,0.0,0.01,Aug,1,1,1,4,Returning_Visitor,True,False
4,142.0,1,50.54,54,2191.33,0.01,0.05,5.38,0.0,Nov,2,5,3,8,Returning_Visitor,False,False
8,202.0,0,0.0,54,2191.33,0.02,0.03,0.82,0.0,Mar,1,1,1,2,New_Visitor,False,False
1,24.04,0,0.5,6,239.67,0.0,0.02,0.0,0.0,Nov,1,1,1,8,Returning_Visitor,False,False
3,43.0,4,81.0,54,2191.33,0.0,0.02,5.38,0.0,Nov,3,2,3,1,Returning_Visitor,False,True
0,0.0,0,0.5,22,164.92,0.01,0.04,0.82,0.6,June,2,2,3,4,Returning_Visitor,False,False
1,24.04,0,0.5,41,764.13,0.0,0.01,0.82,0.01,June,1,1,8,4,New_Visitor,False,False
8,157.0,1,50.54,29,1192.5,0.02,0.03,5.69,0.0,May,2,4,3,4,Returning_Visitor,True,False
1,24.04,0,0.5,6,158.97,0.01,0.04,20.65,0.0,Oct,1,1,3,2,Returning_Visitor,False,True
0,2.64,0,0.5,12,442.89,0.04,0.09,0.82,0.31,June,3,2,1,1,Returning_Visitor,False,False
3,129.24,2,123.55,54,2042.25,0.05,0.07,0.0,0.31,May,1,1,1,6,Returning_Visitor,False,False
1,24.04,0,0.0,10,239.67,0.0,0.02,5.38,0.31,May,1,1,2,2,Returning_Visitor,False,True
7,238.47,7,623.41,33,1155.81,0.0,0.02,5.38,0.0,Nov,2,1,1,2,Returning_Visitor,True,False
1,24.04,0,0.5,6,239.67,0.0,0.02,0.0,0.0,Sep,8,13,9,17,Other,False,False
0,0.0,0,0.5,2,239.67,0.0,0.02,0.0,0.0,May,1,1,1,4,Returning_Visitor,True,False
11,524.67,1,50.54,54,2191.33,0.02,0.03,6.13,0.0,May,3,2,5,4,Returning_Visitor,True,True
0,2.64,6,1196.27,423,14490.63,0.0,0.02,5.38,0.0,Nov,3,2,7,9,Returning_Visitor,False,False
1,24.04,0,0.5,8,239.67,0.0,0.02,13.64,0.0,Dec,1,1,3,2,New_Visitor,False,True
1,24.04,0,0.5,14,595.6,0.0,0.02,0.82,0.0,Jul,2,2,8,2,Returning_Visitor,True,True
3,129.24,0,0.0,54,2191.33,0.0,0.02,0.0,0.0,Nov,2,10,3,2,New_Visitor,False,False
1,24.04,0,0.5,6,239.67,0.0,0.02,0.82,0.01,June,2,2,1,3,Returning_Visitor,False,False
1,24.04,1,16.2,6,239.67,0.0,0.02,5.38,0.76,May,2,2,2,3,Returning_Visitor,False,False
0,0.0,0,0.5,6,239.67,0.0,0.02,0.82,0.0,Mar,2,10,3,2,Returning_Visitor,True,False
0,0.0,0,0.0,10,239.67,0.0,0.02,0.0,0.0,Nov,2,2,1,10,Returning_Visitor,False,False
1,24.04,0,0.0,6,239.67,0.0,0.02,0.0,0.76,May,2,4,1,3,Returning_Visitor,False,False
1,24.04,0,0.5,6,64.25,0.01,0.03,0.82,0.01,June,3,2,1,3,Returning_Visitor,False,False
0,0.0,0,0.0,8,319.67,0.0,0.02,5.38,0.76,May,1,1,1,3,Returning_Visitor,False,False
1,24.04,0,0.5,6,239.67,0.0,0.07,0.0,0.76,May,2,2,3,3,Returning_Visitor,False,False
9,252.67,0,0.0,67,2701.96,0.0,0.02,0.13,0.0,Oct,3,2,1,13,Returning_Visitor,False,True
12,604.5,6,75.67,50,2387.44,0.0,0.02,0.82,0.76,June,1,1,1,2,Returning_Visitor,True,False
0,0.0,0,0.5,23,1107.27,0.0,0.02,1.96,0.0,Dec,2,2,3,1,Returning_Visitor,False,False
0,0.0,0,0.0,6,239.67,0.0,0.02,0.0,0.31,May,1,1,1,2,New_Visitor,True,False
4,90.0,0,0.0,54,2191.33,0.02,0.06,5.38,0.76,May,3,2,6,3,Returning_Visitor,False,False
0,2.64,1,28.0,6,239.67,0.0,0.02,0.82,0.31,June,2,2,3,6,Returning_Visitor,False,True
0,0.0,0,0.5,7,239.67,0.04,0.09,5.38,0.0,Nov,1,1,2,2,New_Visitor,False,False
0,0.0,0,0.0,6,165.0,0.0,0.02,0.0,0.0,Nov,2,2,2,1,Returning_Visitor,False,False
2,68.4,0,0.0,8,337.53,0.0,0.02,5.38,0.31,Aug,2,2,7,2,Returning_Visitor,True,False
0,2.64,0,0.0,3,239.67,0.1,0.17,0.0,0.31,May,1,1,3,6,Returning_Visitor,False,False
4,19.67,3,254.92,104,4254.67,0.0,0.02,5.38,0.01,May,2,2,1,4,New_Visitor,False,False
0,0.0,0,0.0,23,719.2,0.0,0.02,0.0,0.76,May,2,2,3,3,Returning_Visitor,False,False
0,2.64,0,0.5,6,239.67,0.2,0.2,5.38,0.0,May,3,2,1,3,Returning_Visitor,False,False
0,0.0,0,0.5,6,81.75,0.0,0.02,20.13,0.0,Dec,3,2,3,16,New_Visitor,False,False
9,541.12,0,0.5,6,239.67,0.0,0.04,8.89,1.0,May,3,10,3,4,Returning_Visitor,True,True
2,26.0,0,0.0,38,1250.68,0.01,0.04,5.38,0.76,May,2,2,1,4,New_Visitor,False,False
0,0.0,0,0.5,22,836.58,0.0,0.02,5.38,0.0,Nov,2,2,3,3,Returning_Visitor,True,False
0,0.0,0,0.5,6,239.67,0.2,0.2,5.38,0.76,May,2,2,6,3,Returning_Visitor,False,False
11,478.04,0,0.5,92,3195.76,0.0,0.01,17.28,0.0,Nov,1,1,4,1,Returning_Visitor,False,False
1,24.04,0,0.0,23,755.0,0.0,0.0,0.0,0.0,Nov,3,2,1,2,New_Visitor,False,False
1,47.4,0,0.0,6,238.2,0.0,0.02,0.0,0.0,Nov,3,2,1,1,Returning_Visitor,True,False
0,0.0,0,0.5,6,239.67,0.0,0.02,5.38,0.0,Nov,3,2,1,1,Returning_Visitor,False,False
1,24.04,0,0.5,6,239.67,0.0,0.01,19.37,0.76,May,8,13,9,20,Returning_Visitor,False,True
1,24.04,0,0.0,6,239.67,0.0,0.02,0.0,0.0,May,1,1,1,4,Returning_Visitor,True,False
10,1220.91,4,248.18,54,2191.33,0.02,0.04,77.07,0.0,Jul,2,2,1,9,Returning_Visitor,False,False
0,0.0,0,0.5,4,36.0,0.0,0.02,0.0,0.0,Nov,2,2,6,1,Returning_Visitor,False,False
0,2.64,0,0.5,222,9007.88,0.0,0.02,4.79,0.0,Nov,2,2,2,1,Returning_Visitor,True,False
0,2.64,0,0.0,6,239.67,0.0,0.02,0.0,0.31,May,3,2,1,6,Returning_Visitor,False,False
0,0.0,0,0.5,6,239.67,0.0,0.02,5.38,0.0,Nov,2,4,1,2,New_Visitor,False,True
3,129.24,0,0.5,54,2191.33,0.0,0.03,0.0,0.0,Oct,2,2,1,1,Returning_Visitor,False,False
0,2.64,0,0.5,1,239.67,0.04,0.1,5.38,0.0,May,7,7,3,1,Returning_Visitor,True,False
4,77.5,0,0.5,5,90.33,0.0,0.02,0.0,0.76,May,2,2,1,3,Returning_Visitor,False,False
3,33.0,0,0.0,54,2191.33,0.0,0.01,0.0,0.0,Mar,4,1,1,1,Returning_Visitor,False,False
2,27.0,0,0.0,4,239.67,0.04,0.09,5.38,0.6,May,2,4,2,4,New_Visitor,False,False
0,2.64,0,0.0,9,239.67,0.03,0.07,5.38,0.29,May,2,6,3,3,Returning_Visitor,False,False
0,2.64,0,0.0,6,0.0,0.2,0.2,5.38,0.0,Nov,2,4,3,2,New_Visitor,False,False
6,183.0,4,571.5,14,595.6,0.0,0.01,15.43,0.31,May,1,1,1,2,Returning_Visitor,False,True
0,0.0,0,0.0,6,239.67,0.0,0.02,0.0,0.76,May,2,2,3,4,Returning_Visitor,False,False
1,6.0,0,0.0,6,239.67,0.0,0.01,0.82,0.0,Mar,1,1,8,2,New_Visitor,False,False
2,57.25,0,0.5,19,836.58,0.01,0.05,0.82,0.29,June,3,2,1,8,Returning_Visitor,False,True
1,24.04,0,0.5,81,2938.01,0.0,0.02,5.38,0.0,May,2,2,5,3,Returning_Visitor,False,False
2,57.25,0,0.5,32,1155.81,0.0,0.02,5.38,0.0,Nov,1,1,1,4,Returning_Visitor,True,False
5,152.88,1,50.54,54,2191.33,0.0,0.01,21.02,0.2,May,3,2,4,3,Returning_Visitor,False,False
7,92.5,1,50.54,48,1681.52,0.0,0.02,53.99,0.31,May,1,1,3,2,Returning_Visitor,False,False
1,24.04,0,0.0,21,517.42,0.0,0.02,0.0,0.0,Mar,2,10,3,1,Returning_Visitor,False,False
0,0.0,0,0.5,3,1016.5,0.03,0.07,1.38,0.0,Mar,3,2,1,1,Returning_Visitor,False,False
9,398.07,1,50.54,17,452.0,0.0,0.02,0.82,0.29,June,1,1,1,4,Returning_Visitor,True,False
0,0.0,0,0.5,6,239.67,0.12,0.17,5.38,0.76,May,1,1,1,4,New_Visitor,False,False
9,470.0,0,0.5,21,2046.5,0.02,0.04,21.6,0.0,Nov,1,1,1,2,New_Visitor,False,False
1,24.04,0,0.5,17,933.42,0.03,0.04,1.38,0.0,Mar,2,10,3,1,Returning_Visitor,False,False
1,24.04,0,0.0,6,239.67,0.0,0.02,0.0,0.0,Nov,1,1,9,2,Returning_Visitor,False,False
1,24.04,0,0.5,6,239.67,0.04,0.09,5.38,0.0,Nov,2,5,5,1,Returning_Visitor,False,False
0,2.64,0,0.0,9,239.67,0.0,0.02,1.38,0.0,Mar,2,2,6,2,New_Visitor,True,False
1,24.04,0,0.5,6,239.67,0.2,0.2,5.38,0.76,May,1,1,1,4,New_Visitor,False,False
4,144.08,0,0.0,54,2191.33,0.01,0.02,0.82,0.0,Mar,2,2,1,2,Returning_Visitor,True,False
5,286.46,1,50.54,64,2701.96,0.01,0.01,5.38,0.31,May,3,2,3,10,Returning_Visitor,False,True
1,24.04,0,0.5,7,239.67,0.03,0.07,5.38,0.76,May,2,4,2,4,Returning_Visitor,False,False
2,57.25,0,0.5,3,52.0,0.1,0.11,5.38,0.31,May,1,1,1,6,Returning_Visitor,True,False
1,24.04,0,0.5,6,239.67,0.01,0.04,5.38,0.31,May,2,2,3,1,Returning_Visitor,False,False
1,24.04,1,50.54,28,2076.97,0.0,0.02,0.82,0.31,June,1,1,8,2,Returning_Visitor,False,False
2,46.33,0,0.5,6,239.67,0.02,0.04,0.0,0.76,May,2,2,5,3,Returning_Visitor,False,False
0,0.0,0,0.0,8,277.5,0.0,0.02,5.38,0.76,May,2,2,3,3,Returning_Visitor,False,True
1,24.04,0,0.0,6,239.67,0.01,0.03,0.0,0.0,May,1,1,1,4,Returning_Visitor,True,False
0,0.0,0,0.5,24,530.0,0.0,0.02,5.38,0.29,May,2,6,3,4,Returning_Visitor,False,False
1,24.04,0,0.0,16,757.39,0.0,0.02,0.0,0.0,Mar,2,5,1,2,New_Visitor,False,False
0,2.64,0,0.5,6,239.67,0.0,0.03,0.82,0.31,June,1,1,1,2,Returning_Visitor,True,False
10,549.0,3,295.55,244,9151.49,0.0,0.02,0.82,0.31,June,1,1,8,2,Returning_Visitor,True,True
6,202.0,3,135.22,54,2191.33,0.01,0.02,0.0,0.29,May,1,1,1,4,Returning_Visitor,True,False
0,2.64,0,0.0,14,595.6,0.01,0.04,0.0,0.76,May,2,4,4,3,Returning_Visitor,False,True
1,3.0,0,0.0,6,236.0,0.0,0.02,0.0,0.0,Mar,2,10,3,2,Returning_Visitor,True,False
0,0.0,0,0.0,6,239.67,0.0,0.02,0.82,0.0,Mar,3,2,1,2,New_Visitor,False,False
2,57.25,0,0.5,6,181.5,0.0,0.01,0.0,0.0,Mar,1,1,1,1,Returning_Visitor,False,False
1,24.04,1,50.54,23,719.88,0.0,0.02,0.82,0.0,Mar,2,10,1,5,Returning_Visitor,True,True
1,24.04,0,0.5,8,667.67,0.0,0.02,56.62,0.0,May,2,2,1,4,Returning_Visitor,True,True
1,24.04,0,0.5,6,0.0,0.2,0.2,1.38,0.0,Mar,1,1,1,1,Returning_Visitor,False,False
6,233.08,2,63.0,60,2191.33,0.0,0.02,1.38,0.0,Mar,2,4,1,2,New_Visitor,False,False
0,2.64,0,0.5,6,31.0,0.0,0.02,1.38,0.0,Mar,3,2,1,2,New_Visitor,False,False
1,24.04,0,0.5,6,227.7,0.01,0.04,0.0,0.76,May,1,1,1,3,Returning_Visitor,False,False
1,24.04,0,0.0,10,130.17,0.06,0.08,1.38,0.0,Mar,3,2,1,1,Returning_Visitor,False,False
0,0.0,0,0.0,6,239.67,0.02,0.04,0.82,0.0,Mar,2,10,3,2,New_Visitor,False,False
0,2.64,0,0.5,3,27.0,0.07,0.12,0.0,0.0,Nov,2,2,1,1,Returning_Visitor,False,False
0,2.64,0,0.0,4,239.67,0.0,0.02,0.82,0.01,June,2,4,3,3,Returning_Visitor,False,False
0,2.64,0,0.5,34,1189.05,0.01,0.03,5.38,0.0,Nov,1,1,1,8,Returning_Visitor,False,False
1,17.5,0,0.0,6,239.67,0.0,0.02,5.38,0.0,Nov,2,2,4,1,Returning_Visitor,False,True
1,24.04,0,0.5,41,1381.75,0.01,0.03,0.0,0.01,May,2,2,3,4,Returning_Visitor,True,False
6,173.17,2,116.22,54,2191.33,0.0,0.01,54.12,0.0,Nov,2,2,3,2,New_Visitor,True,False
0,2.64,0,0.5,6,11.0,0.0,0.02,0.82,0.31,June,2,3,1,1,Returning_Visitor,False,False
0,2.64,0,0.0,6,239.67,0.0,0.02,5.38,0.0,Nov,2,2,3,4,Returning_Visitor,False,False
1,24.04,0,0.0,53,1572.82,0.0,0.02,5.38,0.0,Nov,3,2,1,1,Returning_Visitor,False,False
1,24.04,0,0.5,6,165.1,0.0,0.02,0.0,0.76,May,3,2,1,4,New_Visitor,False,False
0,0.0,0,0.5,11,239.67,0.0,0.02,0.82,0.31,June,2,2,1,2,New_Visitor,False,False
6,202.0,0,0.5,6,239.67,0.0,0.02,5.38,1.0,May,3,2,1,4,Returning_Visitor,True,False
1,24.04,0,0.0,24,860.21,0.0,0.02,1.96,0.0,Dec,2,2,3,10,Returning_Visitor,True,False
1,24.04,0,0.0,32,1216.73,0.0,0.01,5.38,0.0,Nov,4,1,1,2,New_Visitor,False,True
1,24.04,0,0.5,41,1585.67,0.0,0.02,1.38,0.0,Mar,2,2,6,1,Returning_Visitor,False,False
1,24.04,4,248.18,24,879.91,0.0,0.02,5.38,0.0,Nov,2,2,4,1,Returning_Visitor,False,True
6,175.92,0,0.5,8,276.25,0.0,0.02,0.82,0.0,Mar,1,5,3,9,Returning_Visitor,True,True
0,2.64,0,0.0,6,239.67,0.0,0.02,0.82,0.31,June,3,2,1,2,Returning_Visitor,True,True
1,24.04,1,50.54,6,239.67,0.0,0.02,29.87,0.31,May,7,4,3,6,Returning_Visitor,True,False
1,24.04,0,0.0,6,239.67,0.01,0.03,5.38,0.76,May,2,4,7,4,Returning_Visitor,True,False
10,825.0,0,0.0,54,2191.33,0.0,0.01,20.86,0.0,Mar,2,5,3,10,New_Visitor,False,True
8,331.25,1,50.54,6,267.0,0.0,0.02,5.38,0.29,May,1,2,7,3,Returning_Visitor,True,False
1,24.04,0,0.0,8,316.54,0.0,0.02,1.96,0.0,Dec,1,1,1,2,Returning_Visitor,True,False
1,24.04,0,0.5,50,1535.64,0.0,0.02,0.0,0.01,May,1,1,1,4,Returning_Visitor,True,False
0,2.64,0,0.5,6,239.67,0.0,0.02,5.38,0.0,Nov,2,2,1,2,Returning_Visitor,True,False
0,0.0,0,0.5,28,1038.0,0.0,0.03,0.82,0.01,June,1,1,1,4,Returning_Visitor,True,False
9,162.49,1,50.54,29,1162.8,0.0,0.02,0.82,0.29,June,1,1,8,8,Returning_Visitor,False,True
2,57.25,0,0.5,6,239.67,0.0,0.02,5.38,0.0,Nov,2,2,3,1,Returning_Visitor,False,True
1,24.04,0,0.0,6,239.67,0.12,0.13,5.38,0.76,May,2,4,3,4,New_Visitor,False,False
0,0.0,0,0.0,7,239.67,0.0,0.02,54.2,0.0,Nov,2,5,3,16,New_Visitor,False,True
1,24.04,0,0.5,28,940.83,0.0,0.02,0.0,0.0,Mar,2,10,3,2,New_Visitor,False,False
1,24.04,0,0.5,23,836.58,0.0,0.01,0.0,0.0,Nov,1,1,1,2,New_Visitor,True,False
1,24.04,0,0.5,15,595.6,0.0,0.02,0.0,0.0,Nov,2,10,3,2,New_Visitor,False,False
0,0.0,0,0.0,6,97.5,0.0,0.02,0.82,0.0,Mar,1,1,1,2,New_Visitor,False,False
1,24.04,0,0.0,6,98.73,0.0,0.02,0.82,0.0,Mar,1,1,1,2,Returning_Visitor,True,False
6,182.51,1,102.3,34,970.63,0.01,0.01,5.38,0.0,Nov,1,1,6,1,Returning_Visitor,False,False
1,24.04,0,0.5,38,1250.68,0.0,0.02,0.82,0.0,Mar,1,1,1,2,Returning_Visitor,True,True
1,24.04,0,0.0,6,239.67,0.0,0.02,0.0,0.0,Nov,1,1,1,2,New_Visitor,False,False
4,144.08,2,4.0,28,950.62,0.0,0.02,5.38,0.0,Nov,1,1,8,1,Returning_Visitor,False,False
7,218.67,0,0.5,5,239.67,0.0,0.02,5.38,0.0,Nov,2,4,3,2,New_Visitor,False,False
6,202.0,4,808.5,74,2938.01,0.0,0.02,0.0,0.0,Nov,3,2,1,2,Returning_Visitor,False,False
5,154.08,1,50.54,15,595.6,0.01,0.04,0.82,0.0,Mar,1,1,1,2,New_Visitor,False,False
1,24.04,0,0.5,6,239.67,0.0,0.02,0.0,0.76,May,1,1,1,3,Returning_Visitor,False,True
2,57.25,0,0.0,6,239.67,0.01,0.03,0.0,0.0,Oct,2,10,3,2,New_Visitor,False,False
4,95.6,0,0.0,54,2191.33,0.01,0.04,1.96,0.76,Sep,2,2,1,4,New_Visitor,False,False
1,24.04,2,123.55,6,121.5,0.0,0.02,5.38,0.8,May,2,2,3,2,Returning_Visitor,False,False
1,24.04,0,0.0,6,239.67,0.0,0.02,0.0,0.76,May,1,1,1,3,Returning_Visitor,False,False
4,73.5,0,0.5,26,463.76,0.0,0.02,0.82,0.31,June,2,2,8,2,Returning_Visitor,True,False
1,24.04,0,0.5,8,239.67,0.0,0.0,5.38,0.29,May,1,1,1,4,Returning_Visitor,False,False
1,24.04,0,0.0,16,757.39,0.0,0.01,0.0,0.0,Nov,2,2,1,2,New_Visitor,False,False
1,24.04,0,0.5,6,204.17,0.03,0.05,0.82,0.0,Mar,3,2,1,2,New_Visitor,False,False
1,24.04,0,0.5,41,1436.69,0.0,0.02,12.81,0.76,May,1,1,1,3,Returning_Visitor,False,False
0,2.64,0,0.0,2,0.0,0.08,0.12,0.0,0.0,Dec,3,2,8,2,New_Visitor,False,False
1,24.04,0,0.5,1,239.67,0.08,0.12,0.0,0.31,May,2,2,1,13,Returning_Visitor,False,False
0,0.0,0,0.0,6,239.67,0.0,0.02,5.38,0.0,Nov,2,4,1,2,Returning_Visitor,False,False
0,0.0,0,0.0,28,905.6,0.01,0.04,0.82,0.0,Mar,2,10,3,1,Returning_Visitor,False,False
1,24.04,0,0.5,6,214.05,0.02,0.04,0.82,0.31,June,2,10,3,2,Returning_Visitor,False,False
1,19.0,0,0.0,41,1457.11,0.0,0.02,0.0,0.0,Nov,2,6,1,2,Returning_Visitor,False,False
2,49.4,0,0.0,4,239.67,0.04,0.09,5.38,0.29,May,2,4,9,4,Returning_Visitor,False,False
0,2.64,0,0.0,3,239.67,0.03,0.07,5.38,0.0,May,1,1,4,4,Returning_Visitor,True,False
1,24.04,0,0.5,28,447.0,0.01,0.03,0.0,0.0,Nov,2,2,1,2,Returning_Visitor,True,False
1,24.04,0,0.5,6,239.67,0.0,0.02,0.0,0.76,May,2,2,1,4,Returning_Visitor,True,False
0,0.0,0,0.0,6,239.67,0.0,0.02,5.38,0.0,Nov,2,4,3,2,New_Visitor,False,False
4,134.61,0,0.5,73,2701.34,0.0,0.02,5.38,0.0,Nov,2,10,3,1,Returning_Visitor,False,True
4,171.0,1,50.54,20,745.33,0.0,0.02,0.0,0.0,Nov,1,1,3,10,Returning_Visitor,True,False
1,24.04,0,0.5,15,595.6,0.0,0.02,0.0,0.31,May,1,1,8,2,Returning_Visitor,True,False
7,202.0,1,50.54,8,329.68,0.0,0.02,0.82,0.01,June,1,1,1,3,Returning_Visitor,False,False
0,0.0,0,0.5,6,239.67,0.0,0.01,0.82,0.0,Mar,2,5,3,2,New_Visitor,False,False
1,24.04,0,0.5,1,0.0,0.11,0.15,0.0,0.0,Mar,3,2,1,3,Returning_Visitor,False,False
0,2.64,0,0.5,19,836.58,0.02,0.03,0.82,0.2,June,1,1,4,3,Returning_Visitor,False,False
0,2.64,0,0.5,6,239.67,0.0,0.02,5.38,0.0,Nov,2,10,3,2,New_Visitor,False,False
4,134.61,0,0.0,109,4522.41,0.02,0.04,0.82,0.31,June,2,2,3,2,Returning_Visitor,True,False
0,2.64,0,0.0,6,239.67,0.0,0.02,5.38,0.0,May,2,4,1,4,Returning_Visitor,False,False
4,88.0,0,0.0,34,1155.81,0.0,0.02,5.38,0.76,May,2,5,3,4,New_Visitor,False,False
0,0.0,0,0.5,8,239.67,0.0,0.02,0.82,0.31,June,1,1,1,2,Returning_Visitor,False,False
1,24.04,0,0.5,27,598.45,0.0,0.01,5.38,0.76,May,1,1,2,4,New_Visitor,False,False
1,24.04,0,0.5,6,239.67,0.0,0.02,1.96,0.76,Sep,2,5,3,4,New_Visitor,False,True
0,2.64,0,0.5,6,114.6,0.01,0.03,0.0,0.0,Nov,3,5,3,10,Returning_Visitor,False,False
8,310.63,0,0.5,23,606.42,0.03,0.04,5.38,0.76,May,3,2,2,3,Returning_Visitor,False,False
0,2.64,0,0.5,10,314.75,0.01,0.05,0.0,0.29,May,2,2,3,3,Returning_Visitor,False,False
1,24.04,0,0.5,6,100.0,0.08,0.12,5.38,0.76,May,2,4,1,4,Returning_Visitor,True,False
10,463.75,1,50.54,142,6123.74,0.01,0.02,0.0,0.01,May,3,2,3,3,Returning_Visitor,False,True
1,24.04,0,0.5,6,239.67,0.0,0.02,5.38,0.76,May,3,2,1,3,Returning_Visitor,False,False
4,144.08,2,72.5,182,7569.25,0.0,0.02,4.77,0.01,Sep,2,4,3,4,New_Visitor,False,False
0,2.64,0,0.0,6,239.67,0.0,0.02,65.87,0.29,May,1,1,1,20,Returning_Visitor,False,False
1,24.04,0,0.0,32,1223.35,0.0,0.02,0.0,0.0,Mar,1,1,3,2,Returning_Visitor,False,False
1,24.04,0,0.0,28,1009.43,0.0,0.02,4.8,0.31,Aug,1,1,1,10,Returning_Visitor,True,True
6,202.0,0,0.5,8,316.67,0.01,0.03,0.0,0.8,May,2,2,1,3,Returning_Visitor,False,False
1,24.04,0,0.0,12,139.8,0.04,0.09,0.82,0.01,June,2,4,3,3,Returning_Visitor,False,False
0,0.0,0,0.5,6,132.4,0.0,0.02,0.82,0.31,June,3,2,1,1,Returning_Visitor,False,False
1,24.04,0,0.0,6,239.67,0.0,0.02,0.82,0.01,June,3,2,1,3,Returning_Visitor,True,False
1,24.04,2,27.0,31,424.75,0.02,0.04,5.38,0.0,Nov,3,2,1,1,Returning_Visitor,True,True
3,129.24,0,0.0,69,909.15,0.0,0.02,0.82,0.01,June,2,2,1,4,Returning_Visitor,True,False
1,24.04,0,0.0,3,239.67,0.0,0.02,5.38,0.0,Nov,1,1,1,1,Returning_Visitor,False,False
1,24.04,0,0.0,6,239.67,0.0,0.0,5.38,0.0,Nov,1,1,6,2,Returning_Visitor,True,True
1,24.04,0,0.0,6,239.67,0.0,0.02,0.82,0.29,June,2,5,3,3,Returning_Visitor,False,False
0,0.0,0,0.5,1,0.0,0.13,0.17,95.23,0.76,May,8,13,9,17,Other,False,False
0,0.0,0,0.0,6,239.67,0.0,0.02,0.0,0.31,May,2,10,3,1,Returning_Visitor,False,False
0,0.0,0,0.5,6,239.67,0.0,0.02,0.0,0.0,May,2,2,3,3,Returning_Visitor,False,False
1,24.04,0,0.5,4,75.5,0.0,0.02,5.38,0.0,Nov,2,4,1,2,New_Visitor,False,False
4,47.0,1,50.54,54,2191.33,0.0,0.02,5.38,0.0,Nov,1,2,2,2,Returning_Visitor,False,False
0,2.64,0,0.5,6,239.67,0.04,0.07,0.82,0.01,June,2,4,3,3,Returning_Visitor,False,False
1,24.04,0,0.5,6,239.67,0.2,0.2,0.0,0.0,May,1,1,1,4,Returning_Visitor,False,False
1,24.04,0,0.0,23,657.25,0.0,0.02,0.0,0.31,May,2,2,9,2,New_Visitor,False,False
1,24.04,1,50.54,68,2701.96,0.0,0.02,29.87,0.31,May,6,4,3,2,Returning_Visitor,False,False
0,0.0,0,0.5,16,690.31,0.0,0.02,0.82,0.01,June,2,2,3,4,Returning_Visitor,True,False
0,0.0,0,0.5,62,2466.22,0.01,0.02,5.38,0.4,May,2,4,6,1,Returning_Visitor,False,False
1,24.04,0,0.0,35,1155.81,0.01,0.02,1.38,0.0,Mar,2,5,3,1,Returning_Visitor,True,False
1,24.04,0,0.5,5,214.0,0.01,0.04,5.38,0.0,May,3,2,1,1,Returning_Visitor,False,False
0,2.64,2,132.03,23,836.58,0.0,0.02,5.38,0.76,May,2,2,1,4,New_Visitor,False,False
2,34.2,0,0.0,27,836.58,0.0,0.02,1.96,0.76,Sep,3,2,4,4,Returning_Visitor,True,False
0,2.64,0,0.0,15,450.2,0.0,0.02,5.38,0.31,May,2,2,7,2,Returning_Visitor,True,False
0,2.64,0,0.5,4,239.67,0.0,0.02,5.38,0.31,May,1,1,1,1,Returning_Visitor,False,False
1,40.0,0,0.0,6,239.67,0.02,0.04,1.38,0.0,Mar,2,5,3,1,Returning_Visitor,False,False
10,525.7,3,343.0,54,2191.33,0.0,0.02,31.86,0.0,Nov,1,1,3,1,Returning_Visitor,False,True
5,389.0,0,0.0,5,310.5,0.0,0.02,5.38,0.76,May,3,4,2,4,New_Visitor,False,False
1,24.04,0,0.5,6,239.67,0.0,0.02,10.57,0.0,Nov,1,1,1,2,Returning_Visitor,True,True
0,0.0,0,0.5,23,836.58,0.0,0.02,0.0,0.0,Nov,1,1,4,1,Returning_Visitor,False,False
6,202.0,3,130.76,93,3195.76,0.0,0.02,7.54,0.01,June,3,2,3,3,Returning_Visitor,False,False
6,202.0,3,155.33,19,540.75,0.0,0.02,0.82,0.31,June,2,2,1,2,Returning_Visitor,True,True
0,0.0,0,0.5,6,239.67,0.0,0.02,1.38,0.0,Mar,2,4,2,2,New_Visitor,False,False
7,134.62,0,0.0,28,1010.38,0.01,0.06,5.38,0.0,Nov,1,1,1,1,Returning_Visitor,False,False
0,0.0,0,0.5,6,239.67,0.0,0.02,5.38,0.31,May,2,5,3,2,Returning_Visitor,False,False
1,24.04,0,0.5,6,239.67,0.01,0.02,0.82,0.0,Mar,1,1,8,2,Returning_Visitor,True,False
0,0.0,0,0.0,6,0.0,0.2,0.2,5.38,0.0,Nov,3,2,1,1,Returning_Visitor,False,False
0,0.0,0,0.5,19,836.58,0.0,0.02,5.38,0.0,May,1,1,1,13,Returning_Visitor,False,False
6,202.0,3,127.89,104,4295.31,0.0,0.01,5.38,0.0,Nov,1,1,1,2,New_Visitor,False,False
1,24.04,0,0.0,6,78.1,0.0,0.02,5.38,0.76,May,2,2,3,3,Returning_Visitor,False,False
3,1373.5,3,119.76,43,1351.12,0.0,0.02,65.87,0.76,May,3,6,2,17,Returning_Visitor,False,False
0,0.0,0,0.0,6,239.67,0.03,0.06,0.0,0.0,Nov,2,2,3,1,Returning_Visitor,False,False
0,0.0,0,0.0,6,0.0,0.08,0.12,0.0,0.0,May,3,2,3,4,Returning_Visitor,True,False
0,0.0,1,0.0,11,239.67,0.0,0.02,0.0,0.0,Nov,1,1,1,3,Returning_Visitor,False,False
1,24.04,0,0.0,6,239.67,0.01,0.04,0.82,0.0,Mar,1,1,4,3,Returning_Visitor,False,False
0,2.64,0,0.5,5,239.67,0.01,0.04,0.82,0.01,June,2,2,1,4,Returning_Visitor,True,False
0,0.0,0,0.5,1,0.0,0.13,0.17,0.0,0.76,May,8,4,3,4,Returning_Visitor,True,False
0,0.0,0,0.0,30,480.5,0.03,0.07,5.38,0.0,Nov,2,4,7,6,Returning_Visitor,False,False
2,57.25,0,0.5,6,239.67,0.0,0.02,79.51,0.76,May,2,3,1,20,New_Visitor,True,True
13,525.09,0,0.5,80,2938.01,0.01,0.03,29.87,0.31,May,2,1,3,13,Returning_Visitor,False,False
4,144.08,0,0.0,28,1155.81,0.0,0.02,0.0,0.29,May,1,1,2,4,Returning_Visitor,False,False
0,2.64,0,0.5,8,239.67,0.02,0.05,5.38,0.29,May,2,2,1,4,Returning_Visitor,False,False
6,202.0,0,0.0,6,239.67,0.0,0.02,0.0,0.29,May,2,5,3,11,Returning_Visitor,False,False
0,0.0,0,0.5,20,457.58,0.0,0.02,5.38,0.76,May,2,2,1,4,Returning_Visitor,True,False
1,24.04,0,0.5,54,2414.9,0.0,0.02,5.38,0.76,May,1,1,1,4,New_Visitor,False,True
0,2.64,0,0.5,6,19.0,0.0,0.02,0.0,1.0,May,1,1,8,2,Returning_Visitor,True,False
0,0.0,0,0.5,1,239.67,0.2,0.2,70.8,0.01,May,1,5,3,11,Returning_Visitor,True,False
4,68.5,0,0.5,152,5142.86,0.01,0.02,0.82,0.0,Mar,2,2,1,1,Returning_Visitor,False,False
6,258.14,1,50.54,54,2191.33,0.0,0.02,0.82,0.0,Mar,2,2,1,2,New_Visitor,False,False
0,2.64,0,0.0,6,239.67,0.01,0.04,0.0,0.0,Mar,2,10,3,2,New_Visitor,False,False
6,202.0,2,105.95,8,239.67,0.0,0.02,0.0,0.0,Nov,1,1,4,3,Returning_Visitor,False,False
1,24.04,0,0.5,6,269.0,0.0,0.02,50.39,0.0,Nov,1,1,1,5,Returning_Visitor,True,True
1,24.04,0,0.0,6,239.67,0.0,0.02,5.38,0.0,Nov,1,1,4,8,New_Visitor,True,False
8,299.6,2,116.22,86,2559.54,0.0,0.02,2.09,0.0,May,2,2,7,5,Returning_Visitor,False,False
1,24.04,1,50.54,37,1155.81,0.0,0.01,0.82,0.0,Mar,1,1,8,2,Returning_Visitor,True,False
1,24.04,0,0.5,6,239.67,0.0,0.02,5.38,0.0,Nov,2,2,3,2,Returning_Visitor,True,True
4,144.08,0,0.5,126,4446.3,0.0,0.02,0.82,0.76,June,2,2,3,9,Returning_Visitor,True,False
8,126.0,1,50.54,6,217.72,0.03,0.06,5.38,0.0,Oct,1,1,1,13,Returning_Visitor,False,False
7,75.85,4,258.72,16,672.88,0.0,0.02,0.0,0.29,May,1,1,1,3,Returning_Visitor,False,False
6,51.0,0,0.0,26,836.58,0.0,0.01,5.38,0.29,May,2,2,3,4,Returning_Visitor,False,False
0,0.0,0,0.0,6,239.67,0.0,0.02,5.38,0.0,Nov,3,2,1,2,Returning_Visitor,True,False
1,24.04,0,0.5,102,3195.76,0.01,0.02,0.0,0.0,Nov,3,2,1,10,Returning_Visitor,True,False
0,0.0,0,0.0,3,239.67,0.0,0.02,0.0,0.76,May,2,2,1,3,Returning_Visitor,False,False
1,24.04,0,0.0,12,442.89,0.0,0.02,5.38,0.76,May,2,5,6,4,Returning_Visitor,True,False
5,142.5,1,50.54,54,2191.33,0.0,0.02,5.38,0.0,Nov,3,4,5,1,Returning_Visitor,False,False
0,2.64,0,0.0,9,359.0,0.0,0.02,5.38,0.0,May,1,1,7,2,Returning_Visitor,True,False
6,107.7,0,0.5,54,2191.33,0.0,0.01,0.82,0.0,Mar,2,10,3,2,New_Visitor,False,False
0,0.0,0,0.0,1,239.67,0.2,0.2,0.0,0.76,May,1,1,1,3,Returning_Visitor,False,False
2,34.0,0,0.5,6,149.0,0.0,0.02,0.0,0.31,May,2,2,3,1,Returning_Visitor,False,False
2,47.33,0,0.5,65,1267.5,0.0,0.02,0.82,0.0,Mar,3,2,3,1,Returning_Visitor,False,False
2,46.5,0,0.0,6,239.67,0.01,0.03,0.82,0.01,June,2,2,3,4,Returning_Visitor,True,False
8,303.87,0,0.5,72,3752.67,0.0,0.02,0.0,0.29,May,1,1,1,3,Returning_Visitor,False,False
2,11.0,0,0.5,19,510.0,0.0,0.02,0.0,0.76,May,4,1,6,3,Returning_Visitor,False,False
8,202.0,2,116.22,195,7512.89,0.0,0.01,0.82,0.4,June,2,4,3,2,New_Visitor,False,False
2,57.25,0,0.5,14,416.5,0.0,0.02,5.38,0.0,Nov,3,2,1,8,Returning_Visitor,True,False
1,24.04,0,0.0,8,323.5,0.0,0.02,23.24,0.0,Nov,1,1,1,2,New_Visitor,False,True
0,0.0,0,0.0,1,13.0,0.0,0.02,5.38,0.76,May,1,1,1,4,New_Visitor,False,False
1,11.0,0,0.5,6,239.67,0.0,0.02,5.38,0.29,May,3,2,4,3,Returning_Visitor,False,False
1,52.5,0,0.0,6,239.67,0.0,0.02,5.38,0.0,Nov,3,2,5,11,Returning_Visitor,False,False
1,24.04,0,0.5,6,239.67,0.04,0.09,1.38,0.0,Feb,2,2,3,1,Returning_Visitor,False,False
1,24.04,0,0.5,6,239.67,0.0,0.02,60.71,0.0,Sep,7,4,7,2,Returning_Visitor,True,True
2,57.25,0,0.0,142,5321.44,0.0,0.02,25.75,0.76,May,1,1,1,3,Returning_Visitor,False,True
4,144.67,1,50.54,5,239.67,0.0,0.02,0.0,0.76,May,1,1,1,4,New_Visitor,True,False
0,0.0,1,50.54,50,1866.11,0.0,0.02,5.38,0.0,Nov,2,2,1,2,Returning_Visitor,False,False
4,27.0,0,0.0,9,79.25,0.0,0.02,0.82,0.31,June,2,5,3,1,Returning_Visitor,False,False
2,57.25,0,0.5,19,495.0,0.0,0.03,0.0,0.76,May,2,4,1,4,New_Visitor,False,False
0,0.0,0,0.5,5,239.67,0.08,0.12,0.0,0.0,Nov,1,1,1,1,Returning_Visitor,False,False
0,2.64,0,0.0,6,239.67,0.0,0.05,5.38,0.0,Nov,1,1,1,2,New_Visitor,True,False
0,2.64,0,0.0,6,185.5,0.0,0.02,1.96,0.0,Dec,1,1,1,8,Returning_Visitor,False,False
4,100.92,0,0.5,54,2191.33,0.0,0.02,0.82,0.01,June,2,5,3,4,New_Visitor,False,True
1,24.04,0,0.5,2,239.67,0.2,0.2,5.38,0.76,May,2,6,1,4,Returning_Visitor,False,False
1,24.04,0,0.5,91,3195.76,0.0,0.02,0.0,0.0,Dec,2,2,1,2,Returning_Visitor,False,False
2,57.25,0,0.0,13,287.33,0.0,0.01,0.82,0.0,Mar,2,10,3,2,New_Visitor,True,False
0,0.0,0,0.5,15,595.6,0.0,0.02,0.0,0.0,Nov,2,2,1,2,Returning_Visitor,True,False
6,209.06,0,0.5,71,2701.96,0.01,0.03,0.82,0.01,June,2,2,3,11,Returning_Visitor,False,False
0,2.64,0,0.5,6,239.67,0.0,0.02,5.38,0.0,Nov,1,1,3,2,New_Visitor,True,False
1,24.04,1,376.0,109,2925.68,0.0,0.02,0.0,0.0,Nov,2,4,3,2,Returning_Visitor,True,False
1,24.04,0,0.0,7,239.67,0.0,0.02,1.38,0.0,Mar,2,2,1,2,Returning_Visitor,False,False
6,203.92,4,114.75,98,3903.17,0.0,0.01,5.38,0.0,Nov,2,4,3,2,Returning_Visitor,False,True
20,1307.68,1,50.54,54,2191.33,0.0,0.02,61.53,0.0,May,1,11,3,17,Returning_Visitor,False,True
0,0.0,0,0.5,6,239.67,0.0,0.01,9.06,0.0,Aug,2,2,2,4,New_Visitor,False,True
0,2.64,0,0.5,89,3296.6,0.0,0.02,1.96,0.0,Dec,1,1,4,1,Returning_Visitor,False,False
4,118.7,0,0.0,54,2191.33,0.01,0.05,0.0,0.29,May,3,2,1,4,Returning_Visitor,False,False
0,2.64,0,0.5,6,239.67,0.03,0.06,0.0,0.31,May,3,2,1,2,Returning_Visitor,False,True
4,131.5,4,464.88,54,2191.33,0.0,0.01,0.0,0.0,May,3,2,1,3,Returning_Visitor,False,False
0,0.0,0,0.0,6,154.83,0.0,0.01,0.82,0.31,June,2,4,1,1,Returning_Visitor,False,False
0,0.0,0,0.5,19,621.42,0.0,0.02,5.38,0.76,May,1,1,1,4,Returning_Visitor,True,False
0,0.0,1,21.0,15,595.6,0.0,0.02,5.38,0.76,May,2,5,3,3,Returning_Visitor,False,True
6,202.0,0,0.5,54,2498.03,0.02,0.05,0.0,0.4,May,1,1,3,4,New_Visitor,False,False
0,2.64,0,0.5,59,3036.4,0.0,0.02,0.0,0.31,May,2,2,6,13,Returning_Visitor,False,False
0,2.64,0,0.5,2,87.0,0.0,0.03,0.0,0.0,Nov,1,1,1,2,New_Visitor,False,False
1,24.04,0,0.5,10,184.6,0.0,0.02,0.0,0.0,Nov,2,2,3,2,Returning_Visitor,False,False
1,4.0,0,0.5,274,5876.46,0.0,0.01,0.0,0.31,May,1,1,8,2,Returning_Visitor,True,False
5,99.17,1,50.54,54,2191.33,0.0,0.02,5.38,0.31,May,1,1,1,2,Returning_Visitor,False,False
0,0.0,0,0.5,6,239.67,0.0,0.02,0.0,0.31,May,2,2,3,1,Returning_Visitor,False,False
1,24.04,0,0.0,6,239.67,0.0,0.02,0.0,0.0,Mar,3,2,1,3,Returning_Visitor,True,False
4,134.61,0,0.0,76,2833.81,0.0,0.03,5.38,0.0,Nov,1,1,1,2,New_Visitor,False,False
1,24.04,0,0.0,6,239.67,0.0,0.02,5.38,0.0,Nov,1,1,3,2,New_Visitor,False,False
0,0.0,0,0.5,6,239.67,0.2,0.2,5.38,0.6,May,1,1,1,13,Returning_Visitor,False,False
4,75.0,1,50.54,54,2191.33,0.0,0.02,0.0,0.0,May,2,2,1,3,Returning_Visitor,True,False
1,24.04,1,50.54,6,239.67,0.0,0.02,5.38,0.29,May,3,2,4,4,Returning_Visitor,True,False
0,0.0,0,0.5,6,239.67,0.0,0.02,36.14,0.29,May,1,1,1,4,Returning_Visitor,False,True
2,55.8,0,0.5,17,2023.2,0.0,0.02,0.82,0.01,June,2,2,1,3,Returning_Visitor,False,False
0,0.0,3,255.0,41,1418.25,0.0,0.01,0.0,0.31,May,1,1,3,1,Returning_Visitor,False,False
1,24.04,0,0.5,6,239.67,0.0,0.02,0.82,0.0,Mar,2,2,1,2,New_Visitor,False,False
10,517.5,1,50.54,401,11839.86,0.0,0.02,5.38,0.76,May,2,2,3,11,Returning_Visitor,True,True
0,0.0,0,0.5,6,239.67,0.0,0.02,0.82,0.0,Mar,2,10,3,2,New_Visitor,False,False
1,24.04,0,0.5,8,323.5,0.0,0.02,0.82,0.0,Mar,2,2,1,2,New_Visitor,False,False
2,64.0,0,0.0,10,341.25,0.02,0.04,0.0,0.0,Nov,3,4,3,10,Returning_Visitor,False,False
1,24.04,2,41.6,6,239.67,0.01,0.04,5.38,0.0,Oct,2,4,3,2,Returning_Visitor,True,False
1,24.04,0,0.0,76,2938.01,0.0,0.02,5.38,0.01,May,2,2,1,3,Returning_Visitor,False,False
2,25.4,0,0.5,73,2701.96,0.0,0.02,5.68,0.76,May,1,1,1,3,Returning_Visitor,False,False
1,24.04,0,0.5,6,239.67,0.0,0.02,1.38,0.0,Mar,1,1,1,2,Returning_Visitor,True,False
1,24.04,0,0.0,7,239.67,0.0,0.02,0.0,0.29,May,3,2,4,4,Returning_Visitor,True,False
6,239.6,2,70.5,50,1535.64,0.0,0.02,5.38,0.0,Nov,2,2,2,2,New_Visitor,False,False
1,24.04,1,50.54,16,453.4,0.0,0.01,0.0,0.0,Jul,1,1,8,2,Returning_Visitor,False,False
0,0.0,2,44.0,14,595.6,0.0,0.02,0.82,0.2,June,2,4,1,2,Returning_Visitor,True,True
1,24.04,0,0.5,16,156.53,0.0,0.02,5.38,0.76,May,3,4,1,3,Returning_Visitor,False,False
4,129.5,1,50.54,54,2191.33,0.0,0.01,0.0,0.0,May,2,5,2,4,New_Visitor,False,False
1,24.04,0,0.5,6,261.0,0.03,0.06,0.0,0.0,Nov,2,2,3,1,Returning_Visitor,False,False
1,52.5,0,0.0,6,239.67,0.0,0.02,54.05,0.0,Nov,2,5,3,2,New_Visitor,False,True
1,24.04,0,0.0,31,1155.81,0.0,0.01,0.0,0.31,May,1,1,1,1,Returning_Visitor,False,False
0,0.0,0,0.5,6,239.67,0.0,0.01,5.38,0.0,Nov,2,2,3,2,New_Visitor,True,False
8,202.0,1,50.54,18,836.58,0.0,0.02,0.82,0.76,June,1,5,3,1,Returning_Visitor,False,False
13,453.53,2,102.8,54,2191.33,0.0,0.02,5.38,0.31,May,1,1,9,2,Returning_Visitor,False,False
3,129.24,0,0.0,54,2191.33,0.0,0.02,21.6,0.0,Nov,1,1,1,10,Returning_Visitor,False,True
0,0.0,0,0.5,6,139.0,0.0,0.02,0.82,0.01,June,1,2,1,4,New_Visitor,False,False
0,0.0,0,0.5,34,1155.81,0.0,0.02,0.82,0.01,June,2,4,3,4,Returning_Visitor,True,False
0,0.0,0,0.5,3,239.67,0.0,0.02,0.0,0.76,May,1,1,1,4,New_Visitor,False,False
1,24.04,0,0.5,17,836.58,0.0,0.01,5.38,0.29,May,1,1,1,4,Returning_Visitor,False,False
6,202.0,3,127.89,50,1749.84,0.02,0.04,5.38,0.0,Nov,1,1,1,3,Returning_Visitor,True,False
1,20.0,2,35.5,28,946.6,0.0,0.02,0.0,0.76,May,2,2,1,4,New_Visitor,False,False
0,2.64,0,0.0,6,239.67,0.01,0.01,0.82,0.01,June,1,1,1,4,New_Visitor,False,True
1,24.04,0,0.5,42,1892.01,0.01,0.04,5.38,0.0,Nov,1,1,1,13,Returning_Visitor,True,True
2,57.25,0,0.5,59,2195.28,0.0,0.02,0.0,0.0,Nov,2,2,7,1,Returning_Visitor,False,True
1,24.04,0,0.0,3,110.0,0.0,0.02,5.38,0.76,May,3,2,1,4,New_Visitor,False,False
1,24.04,0,0.0,6,239.67,0.01,0.04,1.96,0.0,Dec,1,1,8,2,Returning_Visitor,True,False
2,42.4,0,0.5,6,239.67,0.02,0.04,0.0,0.0,May,3,2,3,3,Returning_Visitor,False,False
1,24.04,0,0.5,5,102.0,0.0,0.02,5.38,0.76,May,2,4,9,4,Returning_Visitor,False,False
0,0.0,0,0.0,6,43.4,0.07,0.12,0.0,0.0,Sep,1,1,4,4,Returning_Visitor,True,False
4,144.08,2,92.0,28,937.72,0.0,0.02,0.82,0.76,June,1,1,1,2,New_Visitor,False,False
2,68.0,0,0.0,6,239.67,0.0,0.02,5.38,0.0,May,1,1,1,4,New_Visitor,False,False
0,0.0,0,0.0,8,315.0,0.0,0.02,5.38,0.2,May,2,2,3,4,Returning_Visitor,False,False
1,24.04,3,127.89,28,1034.58,0.0,0.02,9.88,0.0,Nov,2,4,1,2,Returning_Visitor,True,True
0,2.64,0,0.0,6,239.67,0.01,0.03,5.38,0.76,May,2,2,1,4,Returning_Visitor,True,True
6,202.0,1,0.0,23,830.0,0.0,0.02,0.0,0.4,May,3,4,3,1,Returning_Visitor,False,False
0,0.0,0,0.0,41,1361.83,0.0,0.02,0.0,0.0,Nov,2,2,2,2,New_Visitor,False,False
1,24.04,0,0.0,6,239.67,0.0,0.03,0.82,0.0,June,2,2,1,4,New_Visitor,False,False
2,57.25,0,0.5,87,3573.47,0.0,0.02,1.96,0.0,Dec,2,2,3,1,Returning_Visitor,False,False
0,0.0,0,0.0,1,239.67,0.2,0.2,5.38,0.76,May,2,2,8,3,Returning_Visitor,False,False
4,144.08,1,50.54,87,3713.58,0.0,0.02,28.04,0.0,Nov,1,1,1,10,Returning_Visitor,True,False
7,202.0,1,50.54,54,2191.33,0.0,0.02,0.0,0.0,Nov,1,1,1,2,New_Visitor,False,False
0,0.0,0,0.0,83,2924.43,0.01,0.02,0.82,0.01,June,2,2,1,3,Returning_Visitor,False,True
4,115.0,1,50.54,53,2191.33,0.0,0.02,5.38,0.0,May,1,1,1,6,Returning_Visitor,False,False
10,440.46,1,50.54,89,3236.87,0.01,0.03,5.38,0.31,May,1,1,1,10,Returning_Visitor,False,False
2,30.7,0,0.0,6,239.67,0.0,0.02,0.82,0.01,June,2,4,3,4,New_Visitor,False,False
0,0.0,0,0.5,12,1484.0,0.0,0.02,5.38,0.0,Nov,3,4,7,1,Returning_Visitor,False,False
1,24.04,0,0.0,6,239.67,0.0,0.02,0.9,0.01,Feb,2,5,3,4,New_Visitor,False,False
1,24.04,0,0.5,6,259.55,0.01,0.04,6.8,0.0,Oct,3,2,1,2,Returning_Visitor,False,False
0,0.0,0,0.5,3,24.0,0.07,0.12,0.82,0.01,June,3,2,1,3,Returning_Visitor,True,False
1,24.04,0,0.5,6,0.0,0.13,0.17,5.38,0.31,May,1,1,1,6,Returning_Visitor,False,False
1,24.04,0,0.0,4,239.67,0.0,0.02,0.82,0.0,Mar,1,1,1,1,Returning_Visitor,False,False
8,318.2,0,0.0,14,414.87,0.0,0.02,5.38,0.0,Nov,1,1,1,2,Returning_Visitor,True,False
0,2.64,0,0.0,6,138.0,0.1,0.12,0.0,0.0,Nov,1,1,1,2,New_Visitor,False,False
0,0.0,0,0.0,6,239.67,0.0,0.02,5.38,0.76,May,2,2,1,4,New_Visitor,False,True
1,24.04,0,0.0,0,239.67,0.01,0.03,5.38,0.0,Nov,1,1,4,5,New_Visitor,False,False
0,2.64,0,0.5,6,96.0,0.04,0.1,5.38,0.76,May,2,5,3,3,Returning_Visitor,False,False
3,129.24,0,0.0,41,1535.67,0.0,0.02,0.82,0.0,Jul,2,10,3,1,Returning_Visitor,False,False
9,1021.02,0,0.5,14,595.6,0.0,0.02,116.34,0.0,May,8,13,9,20,Returning_Visitor,False,True
0,2.64,0,0.5,6,0.0,0.2,0.2,0.82,0.0,June,3,2,3,3,Returning_Visitor,False,False
0,0.0,0,0.5,5,239.67,0.0,0.02,1.38,0.0,Mar,2,10,3,2,Returning_Visitor,True,False
3,129.24,0,0.0,54,2191.33,0.0,0.02,0.0,0.01,May,2,4,3,4,Returning_Visitor,False,False
1,24.04,2,42.0,6,239.67,0.01,0.03,11.19,0.0,Nov,1,1,4,4,Returning_Visitor,True,False
1,45.5,0,0.5,10,333.25,0.0,0.02,1.96,0.0,Dec,2,2,1,2,New_Visitor,True,True
6,202.0,3,182.2,41,1612.98,0.0,0.02,5.38,0.0,Nov,2,5,3,2,New_Visitor,False,False
1,24.04,0,0.5,39,1250.68,0.0,0.0,70.8,0.01,May,2,2,5,3,Returning_Visitor,False,True
1,24.04,0,0.5,89,3195.76,0.0,0.02,0.0,0.31,May,1,1,1,2,Returning_Visitor,False,False
4,134.61,0,0.5,87,3459.48,0.0,0.02,5.65,0.01,May,2,2,3,3,Returning_Visitor,False,True
1,24.04,0,0.5,6,239.67,0.01,0.04,0.0,0.76,May,2,4,3,3,Returning_Visitor,False,False
2,3.0,3,161.5,137,4884.54,0.0,0.02,5.48,0.0,Nov,6,3,3,2,Returning_Visitor,True,True
0,0.0,0,0.5,19,538.0,0.0,0.02,0.0,0.0,Nov,2,4,3,2,New_Visitor,False,False
2,57.25,0,0.5,6,239.67,0.0,0.0,80.68,0.31,May,2,5,3,2,New_Visitor,False,True
1,24.04,0,0.0,6,239.67,0.02,0.04,0.82,0.0,Mar,2,10,3,2,New_Visitor,False,False
1,24.04,0,0.5,6,239.67,0.02,0.04,0.0,0.0,Nov,4,1,1,1,Returning_Visitor,True,False
1,24.04,0,0.5,6,239.67,0.01,0.02,5.38,0.31,May,2,2,1,13,Returning_Visitor,False,False
1,24.04,0,0.5,9,358.25,0.03,0.08,5.38,0.76,May,2,4,4,3,Returning_Visitor,False,False
0,2.64,0,0.5,68,2701.96,0.0,0.02,0.82,0.0,Mar,1,1,1,1,Returning_Visitor,False,False
1,12.0,0,0.5,6,239.67,0.03,0.06,0.82,0.0,Mar,3,2,3,1,Returning_Visitor,False,False
10,1665.81,3,406.0,87,3121.28,0.0,0.02,61.53,0.76,May,2,4,3,20,New_Visitor,False,False
1,24.04,0,0.5,11,239.67,0.0,0.02,0.0,0.0,May,2,4,1,4,New_Visitor,False,False
0,2.64,0,0.5,6,196.83,0.03,0.06,5.38,0.6,May,2,10,3,4,Returning_Visitor,False,False
1,24.04,0,0.5,6,52.0,0.0,0.02,0.82,0.01,June,1,1,1,4,New_Visitor,False,False
0,0.0,0,0.0,14,595.6,0.0,0.02,0.0,0.0,Nov,2,5,3,2,New_Visitor,False,False
0,0.0,0,0.0,6,197.0,0.0,0.02,0.0,0.76,May,2,4,1,3,Returning_Visitor,False,False
1,24.04,0,0.5,7,286.5,0.0,0.02,0.0,0.0,Mar,2,3,1,1,Returning_Visitor,False,False
1,24.04,0,0.5,6,239.67,0.0,0.02,0.0,0.76,May,2,2,6,3,Returning_Visitor,False,False
0,0.0,0,0.5,4,239.67,0.0,0.02,5.38,0.76,May,3,2,1,4,New_Visitor,False,False
1,24.04,0,0.0,6,239.67,0.0,0.02,5.38,0.31,May,1,1,2,2,Returning_Visitor,False,False
1,24.04,0,0.0,8,337.1,0.01,0.03,0.0,0.01,Aug,2,5,3,4,New_Visitor,False,False
0,0.0,0,0.5,6,239.67,0.0,0.02,0.82,0.01,June,3,2,1,3,Returning_Visitor,True,False
0,0.0,0,0.0,6,239.67,0.08,0.12,5.38,0.4,May,2,2,1,6,Returning_Visitor,False,False
6,202.0,0,0.5,6,48.0,0.08,0.09,0.0,0.8,May,3,2,4,13,Returning_Visitor,False,False
0,0.0,0,0.5,6,239.67,0.0,0.02,0.0,0.76,May,2,2,1,4,Returning_Visitor,True,False
0,2.64,0,0.5,42,1931.63,0.0,0.01,0.0,0.01,May,1,1,6,4,Returning_Visitor,True,False
4,86.08,0,0.5,54,2191.33,0.01,0.01,5.38,0.0,Nov,2,4,1,2,New_Visitor,False,False
1,24.04,0,0.5,6,239.67,0.0,0.02,0.82,0.31,June,2,2,8,2,Returning_Visitor,True,False
1,24.04,0,0.5,6,239.67,0.01,0.04,0.0,0.31,May,2,2,3,2,Returning_Visitor,False,False
0,0.0,0,0.5,6,239.67,0.01,0.02,5.38,0.31,May,2,10,3,6,Returning_Visitor,False,False
0,2.64,0,0.0,6,239.67,0.04,0.1,0.0,0.31,May,2,2,1,13,Returning_Visitor,False,False
1,24.04,0,0.0,6,239.67,0.01,0.05,0.82,0.29,June,1,1,4,3,Returning_Visitor,False,True
2,28.2,0,0.5,35,1155.81,0.01,0.04,8.44,0.0,Sep,1,1,1,2,Returning_Visitor,True,False
1,24.04,0,0.5,6,239.67,0.0,0.02,0.82,0.31,June,3,2,1,2,Returning_Visitor,False,False
0,2.64,0,0.0,1,239.67,0.2,0.2,0.0,0.2,May,1,11,3,11,Returning_Visitor,True,False
0,2.64,0,0.5,6,239.67,0.0,0.02,1.38,0.0,Mar,2,4,1,1,Returning_Visitor,False,False
1,24.04,0,0.0,6,220.38,0.01,0.04,0.0,0.0,May,2,4,1,3,Returning_Visitor,False,False
1,24.04,0,0.5,324,11351.34,0.0,0.02,4.49,0.31,Aug,2,2,1,1,Returning_Visitor,True,True
0,2.64,0,0.5,20,655.04,0.0,0.02,0.82,0.0,Mar,1,1,1,2,Returning_Visitor,True,False
1,24.04,0,0.5,6,239.67,0.0,0.02,5.38,0.76,May,3,2,1,4,Returning_Visitor,False,False
4,144.08,3,272.2,54,2191.33,0.08,0.13,0.0,0.0,Nov,1,1,1,13,Returning_Visitor,False,False
0,0.0,0,0.5,3,239.67,0.08,0.13,5.38,0.76,May,3,2,1,4,Returning_Visitor,False,False
9,471.63,3,235.6,22,836.58,0.01,0.02,0.82,0.76,June,2,2,3,9,Returning_Visitor,True,False
3,129.24,0,0.0,54,2191.33,0.01,0.04,0.82,0.0,Jul,2,10,3,4,Returning_Visitor,False,True
0,2.64,0,0.5,19,401.9,0.06,0.09,0.82,0.0,Mar,1,1,1,2,New_Visitor,False,False
1,6.0,0,0.0,6,239.67,0.01,0.02,0.0,0.76,May,2,2,3,3,Returning_Visitor,False,False
0,0.0,0,0.5,14,381.67,0.0,0.02,0.0,0.76,May,2,4,3,4,New_Visitor,False,False
8,202.0,1,50.54,54,2191.33,0.0,0.02,0.82,0.01,June,1,1,1,4,Returning_Visitor,True,True
3,129.24,0,0.0,54,2191.33,0.0,0.02,0.82,0.0,Mar,3,2,1,2,New_Visitor,False,False
1,24.04,0,0.5,12,304.75,0.0,0.02,5.38,0.8,May,2,2,3,3,Returning_Visitor,False,False
1,24.04,0,0.5,6,239.67,0.0,0.02,0.82,0.01,June,2,4,3,4,Returning_Visitor,True,False
6,202.0,2,9.0,41,1566.2,0.0,0.02,5.38,0.31,May,2,2,3,5,Returning_Visitor,False,False
2,45.0,2,87.0,26,836.58,0.01,0.02,5.38,0.76,May,1,1,1,4,Returning_Visitor,False,False
1,24.04,0,0.0,23,836.58,0.02,0.04,5.38,0.76,May,2,2,3,3,Returning_Visitor,False,False
11,426.35,0,0.0,54,2191.33,0.0,0.02,0.82,0.31,June,1,1,8,2,Returning_Visitor,False,False
1,24.04,0,0.5,5,170.4,0.01,0.03,0.82,0.01,June,2,5,3,3,Returning_Visitor,False,True
6,202.0,1,50.54,50,1870.97,0.01,0.04,0.0,0.31,May,1,1,1,2,Returning_Visitor,True,False
4,53.4,1,50.54,54,2191.33,0.0,0.02,0.82,0.0,Mar,3,2,1,1,Returning_Visitor,True,False
4,57.0,0,0.0,6,81.0,0.0,0.02,0.0,0.31,May,1,1,1,10,Returning_Visitor,False,False
1,24.04,1,50.54,8,332.33,0.0,0.02,4.75,0.0,Dec,2,12,1,19,Returning_Visitor,False,False
0,0.0,0,0.5,10,239.67,0.01,0.03,1.96,0.0,Dec,1,2,1,1,Returning_Visitor,True,False
3,61.65,3,380.96,87,3025.29,0.0,0.02,1.96,0.76,Sep,3,2,1,3,Returning_Visitor,False,False
9,1922.0,3,522.9,30,941.67,0.0,0.02,61.53,0.0,May,1,1,2,17,Returning_Visitor,False,False
0,2.64,2,8.0,66,2701.96,0.01,0.04,0.82,0.31,June,2,2,3,2,Returning_Visitor,False,False
1,24.04,0,0.5,6,239.67,0.0,0.02,0.0,0.0,Dec,2,2,7,2,Returning_Visitor,True,False
1,27.2,0,0.5,9,396.0,0.0,0.02,5.38,0.0,Nov,2,2,1,2,Returning_Visitor,False,False
0,0.0,0,0.5,6,239.67,0.0,0.02,31.9,0.0,Aug,2,4,2,3,Returning_Visitor,False,True
1,24.04,0,0.5,3,239.67,0.0,0.02,0.0,0.31,May,2,4,3,1,Returning_Visitor,False,False
1,24.04,0,0.5,6,239.67,0.0,0.02,0.0,0.0,Dec,2,2,3,8,Returning_Visitor,False,False
0,0.0,0,0.0,6,239.67,0.2,0.2,0.82,0.0,Mar,2,10,3,2,New_Visitor,False,False
4,80.0,0,0.0,54,2191.33,0.01,0.04,0.82,0.29,June,2,2,4,4,Returning_Visitor,True,False
4,134.61,0,0.5,94,3210.85,0.0,0.02,5.38,0.31,May,2,2,3,2,Returning_Visitor,True,False
3,208.28,1,50.54,54,2191.33,0.0,0.02,4.75,0.0,Dec,8,13,9,19,Other,False,True
0,2.64,0,0.0,1,0.0,0.12,0.17,65.87,0.29,May,1,5,3,20,Returning_Visitor,False,False
2,57.25,0,0.0,31,2221.0,0.0,0.02,0.82,0.0,Mar,2,10,3,2,New_Visitor,False,False
3,14.0,0,0.0,30,513.94,0.0,0.01,5.38,0.0,Nov,2,2,4,1,Returning_Visitor,False,False
1,24.04,0,0.0,13,562.25,0.0,0.02,5.38,0.0,Nov,1,1,1,2,Returning_Visitor,False,True
0,0.0,0,0.0,5,239.67,0.0,0.04,0.82,0.0,Mar,2,2,1,2,Returning_Visitor,True,False
6,182.51,1,50.54,50,2871.26,0.0,0.02,5.38,0.01,May,1,1,1,3,Returning_Visitor,False,False
6,202.0,2,116.22,54,2191.33,0.0,0.02,0.82,0.76,June,1,1,8,2,New_Visitor,False,True
2,57.25,0,0.5,6,239.67,0.0,0.02,0.0,0.0,Nov,3,2,3,1,Returning_Visitor,False,False
1,24.04,0,0.0,21,1429.62,0.0,0.01,0.0,0.31,May,2,4,2,2,Returning_Visitor,False,False
4,144.08,0,0.0,54,2136.0,0.0,0.01,0.0,0.2,May,2,2,1,2,New_Visitor,False,False
2,32.0,0,0.5,6,239.67,0.01,0.03,0.0,0.29,May,2,5,3,4,Returning_Visitor,False,False
10,636.0,0,0.0,54,2191.33,0.0,0.02,108.09,0.31,May,2,2,3,13,Returning_Visitor,False,True
0,2.64,0,0.5,29,1199.73,0.01,0.02,0.82,0.29,June,1,1,1,3,Returning_Visitor,False,False
1,24.04,0,0.5,48,1351.12,0.0,0.01,5.38,0.0,Aug,2,4,1,4,New_Visitor,False,False
9,181.28,2,123.55,120,4137.11,0.0,0.02,5.38,0.0,Nov,1,2,1,2,Returning_Visitor,True,False
1,24.04,0,0.0,6,239.67,0.0,0.02,0.0,0.0,Nov,3,2,3,13,Returning_Visitor,False,False
1,24.04,0,0.5,6,239.67,0.02,0.03,0.82,0.29,June,2,2,1,3,Returning_Visitor,False,False
6,218.57,0,0.5,50,1760.61,0.0,0.02,16.82,0.76,May,1,1,1,3,Returning_Visitor,False,True
0,2.64,0,0.5,6,239.67,0.0,0.02,5.38,0.0,Nov,2,10,3,2,New_Visitor,False,False
0,0.0,2,7.0,16,794.54,0.03,0.07,0.0,0.0,Dec,2,4,3,1,Returning_Visitor,False,False
5,69.8,1,50.54,50,1764.18,0.01,0.03,0.82,0.01,June,2,2,1,4,Returning_Visitor,True,False
0,2.64,0,0.5,18,836.58,0.0,0.02,5.38,0.31,May,2,2,3,6,Returning_Visitor,False,False
0,2.64,0,0.5,1,239.67,0.04,0.09,0.0,0.0,Mar,3,2,1,2,Returning_Visitor,True,False
1,24.04,1,8.0,6,239.67,0.0,0.02,0.82,0.0,Mar,3,2,3,1,Returning_Visitor,False,False
1,24.04,0,0.5,8,724.2,0.02,0.05,0.82,0.01,June,2,4,3,4,Returning_Visitor,True,True
1,24.04,1,50.54,6,239.67,0.02,0.04,0.82,0.76,June,1,1,8,2,New_Visitor,False,False
4,134.61,0,0.5,73,2765.2,0.01,0.02,5.38,0.31,May,2,2,2,1,Returning_Visitor,False,False
1,24.04,0,0.0,23,735.44,0.0,0.02,0.0,0.0,Nov,1,1,4,9,Returning_Visitor,False,False
0,0.0,0,0.0,6,239.67,0.0,0.02,0.82,0.01,June,3,2,1,4,Returning_Visitor,True,False
2,57.25,1,50.54,6,90.75,0.02,0.06,0.0,0.0,May,3,2,8,4,New_Visitor,False,False
2,67.0,0,0.5,10,234.64,0.05,0.06,5.38,0.0,Nov,3,2,3,13,Returning_Visitor,False,False
1,7.12,5,1043.93,6,239.67,0.0,0.02,0.0,0.0,Nov,3,2,5,1,Returning_Visitor,False,False
0,0.0,0,0.5,10,250.8,0.0,0.01,1.38,0.0,Mar,2,2,4,1,Returning_Visitor,False,False
6,202.0,2,116.22,29,1155.81,0.03,0.08,0.0,0.0,Nov,1,1,1,9,Returning_Visitor,False,False
11,426.35,1,50.54,87,3677.26,0.0,0.02,5.38,0.31,May,2,2,6,1,Returning_Visitor,True,False
13,1047.34,0,0.0,6,157.1,0.01,0.04,0.0,0.0,Oct,2,6,2,20,Returning_Visitor,True,True
0,2.64,0,0.5,6,239.67,0.0,0.02,0.0,0.76,May,1,1,1,3,Returning_Visitor,False,False
1,24.04,0,0.5,89,1939.0,0.0,0.02,0.82,0.0,Mar,1,1,4,3,Returning_Visitor,False,False
1,24.04,0,0.5,6,239.67,0.0,0.02,0.0,0.0,Mar,1,1,3,2,New_Visitor,False,False
0,2.64,0,0.5,6,197.2,0.0,0.02,0.82,0.01,June,3,2,1,3,Returning_Visitor,True,False
15,477.14,0,0.0,24,845.28,0.0,0.01,0.82,0.0,Mar,2,5,3,2,New_Visitor,False,False
1,4.0,0,0.0,115,4651.03,0.02,0.05,5.38,0.31,May,2,2,7,2,Returning_Visitor,False,False
4,144.08,2,54.0,41,1490.55,0.0,0.01,0.82,0.0,Mar,2,5,3,2,New_Visitor,False,False
0,0.0,0,0.5,12,442.89,0.02,0.04,0.0,0.31,May,1,1,8,2,Returning_Visitor,True,False
4,125.1,1,50.54,25,836.58,0.0,0.02,0.0,0.0,Nov,2,4,1,2,Returning_Visitor,True,False
0,2.64,0,0.0,12,315.78,0.0,0.02,5.38,0.0,Nov,1,1,9,2,Returning_Visitor,False,False
1,73.6,2,31.2,50,1761.16,0.0,0.02,0.0,0.31,May,2,5,3,1,Returning_Visitor,False,False
1,24.04,1,9.5,20,836.58,0.0,0.02,5.38,0.76,May,2,4,3,4,New_Visitor,False,False
4,80.0,0,0.0,14,442.17,0.0,0.02,5.38,0.0,Nov,3,2,1,1,Returning_Visitor,True,False
6,202.0,5,788.0,54,2191.33,0.0,0.01,2.51,0.0,Nov,1,1,1,3,Returning_Visitor,False,False
11,426.35,2,116.22,54,2191.33,0.0,0.01,5.38,0.29,May,3,2,6,3,Returning_Visitor,False,False
10,866.68,3,189.0,134,6732.12,0.01,0.02,61.53,0.01,May,3,4,3,17,Returning_Visitor,False,False
1,24.04,0,0.5,6,239.67,0.0,0.02,5.38,0.76,May,1,1,1,3,Returning_Visitor,False,False
1,13.0,0,0.5,6,239.67,0.0,0.0,0.82,0.76,June,2,2,8,2,New_Visitor,False,False
9,387.75,0,0.0,54,2191.33,0.0,0.01,9.58,0.0,Nov,2,10,3,1,Returning_Visitor,False,True
1,24.04,0,0.5,6,57.0,0.08,0.12,5.38,0.31,May,2,5,3,1,Returning_Visitor,False,False
9,279.5,1,50.54,14,595.6,0.0,0.01,5.38,0.0,Nov,1,1,1,2,New_Visitor,False,False
4,144.08,0,0.5,54,2191.33,0.0,0.02,5.38,0.31,May,2,4,3,1,Returning_Visitor,False,False
1,24.04,1,50.54,6,239.67,0.01,0.03,108.91,0.0,Nov,2,1,3,2,Returning_Visitor,False,True
0,0.0,0,0.5,6,121.0,0.0,0.05,5.38,0.0,May,3,2,1,3,Returning_Visitor,False,False
1,24.04,0,0.5,6,239.67,0.0,0.02,0.82,0.01,June,3,2,1,3,Returning_Visitor,True,False
1,24.04,0,0.0,1,31.2,0.0,0.04,1.96,0.76,Sep,2,4,4,4,Returning_Visitor,True,False
7,279.42,0,0.0,54,2191.33,0.01,0.02,38.31,0.01,May,1,1,3,4,New_Visitor,False,False
0,2.64,0,0.5,6,239.67,0.02,0.05,0.0,0.31,May,3,5,3,13,Returning_Visitor,False,False
7,202.0,0,0.5,54,2191.33,0.0,0.02,5.38,0.0,Nov,2,2,1,8,Returning_Visitor,False,False
1,24.04,0,0.5,20,836.58,0.01,0.0,0.82,0.0,Jul,1,1,2,4,New_Visitor,False,False
6,202.0,4,258.72,50,1740.05,0.0,0.02,14.62,0.01,May,3,2,1,3,Returning_Visitor,True,False
1,24.04,0,0.0,6,239.67,0.0,0.02,0.82,0.0,Mar,1,1,1,2,New_Visitor,False,False
0,2.64,0,0.5,6,239.67,0.0,0.02,5.38,0.0,May,2,2,1,11,Returning_Visitor,False,True
0,0.0,0,0.0,6,239.67,0.0,0.02,0.0,0.0,Mar,1,1,1,3,Returning_Visitor,True,False
3,46.4,1,50.54,54,2191.33,0.01,0.03,4.78,0.31,Sep,1,1,8,2,New_Visitor,False,True
4,57.0,1,50.54,54,2191.33,0.0,0.02,0.0,0.31,May,1,1,1,2,Returning_Visitor,False,False
2,57.25,0,0.0,48,970.42,0.01,0.03,5.38,0.76,May,2,4,4,4,Returning_Visitor,True,True
1,24.04,1,50.54,10,239.67,0.0,0.02,32.73,0.76,May,1,5,3,17,Returning_Visitor,True,True
1,24.04,0,0.5,6,239.67,0.0,0.02,5.38,0.0,Nov,2,4,1,2,Returning_Visitor,False,True
1,24.04,0,0.5,6,239.67,0.0,0.02,0.82,0.01,June,2,5,3,3,Returning_Visitor,False,True
1,24.04,0,0.0,22,836.58,0.0,0.02,5.38,0.0,Nov,2,4,3,4,Returning_Visitor,False,False
0,0.0,2,30.67,6,239.67,0.01,0.05,65.87,1.0,May,1,1,1,17,Returning_Visitor,True,False
1,24.04,0,0.5,6,183.0,0.0,0.02,0.82,0.0,Mar,1,1,1,1,Returning_Visitor,False,False
2,1172.0,0,0.0,34,1244.07,0.0,0.02,65.87,0.76,May,1,1,2,12,Returning_Visitor,False,False
5,74.4,0,0.5,140,2810.8,0.0,0.02,0.82,0.01,June,2,2,3,4,Returning_Visitor,True,False
2,23.0,0,0.5,6,83.0,0.0,0.01,0.0,0.0,Nov,2,5,3,2,New_Visitor,False,False
0,2.64,0,0.0,15,595.6,0.01,0.04,0.0,0.31,May,2,5,1,2,Returning_Visitor,False,False
2,54.83,0,0.5,26,986.92,0.0,0.02,0.82,0.0,Mar,2,10,3,2,New_Visitor,False,False
6,202.0,2,447.5,54,2191.33,0.0,0.02,1.96,0.0,Dec,1,1,8,2,New_Visitor,False,False
1,24.04,0,0.5,23,719.58,0.02,0.06,5.38,0.0,Nov,2,2,1,1,Returning_Visitor,False,False
1,24.04,0,0.0,83,3195.76,0.0,0.02,5.38,0.2,May,2,2,1,3,Returning_Visitor,False,False
6,168.5,0,0.0,5,239.67,0.0,0.02,0.0,0.31,May,3,2,7,10,Returning_Visitor,True,False
2,36.0,0,0.5,6,239.67,0.0,0.02,0.0,0.0,Mar,2,10,3,1,Returning_Visitor,False,False
1,24.04,0,0.0,6,239.67,0.0,0.0,5.38,0.0,Nov,1,1,4,2,New_Visitor,True,False
0,0.0,0,0.5,19,806.83,0.0,0.02,28.03,0.2,May,2,2,1,4,New_Visitor,False,True
3,129.24,1,50.54,29,705.4,0.0,0.02,5.38,0.76,May,2,4,1,3,Returning_Visitor,False,False
4,144.08,1,50.54,54,2191.33,0.0,0.02,0.0,0.31,May,1,1,1,6,Returning_Visitor,False,False
5,154.08,2,116.0,54,2191.33,0.0,0.01,5.38,0.0,May,2,4,9,4,New_Visitor,False,False
0,0.0,0,0.0,6,239.67,0.0,0.02,0.0,0.31,May,1,1,1,2,Returning_Visitor,True,True
6,202.0,0,0.0,34,1238.07,0.0,0.02,0.82,0.6,June,1,1,1,1,Returning_Visitor,False,False
1,24.04,0,0.5,6,120.79,0.0,0.02,0.82,0.31,June,1,1,1,2,Returning_Visitor,False,True
1,24.04,0,0.5,6,239.67,0.03,0.06,1.7,0.01,June,3,2,1,3,Returning_Visitor,False,False
1,24.04,0,0.5,5,239.67,0.12,0.14,1.38,0.0,Mar,2,2,1,1,Returning_Visitor,False,False
1,24.04,0,0.5,6,239.67,0.0,0.02,0.0,0.0,Nov,4,1,7,3,Returning_Visitor,False,False
0,0.0,0,0.0,6,239.67,0.04,0.1,0.0,0.0,Jul,2,12,3,1,Returning_Visitor,True,False
3,47.0,2,51.0,68,2701.96,0.01,0.02,1.38,0.0,Mar,2,2,1,2,Returning_Visitor,True,False
3,129.24,1,50.54,21,836.58,0.02,0.04,10.95,0.6,May,2,4,1,4,New_Visitor,False,True
10,1474.5,3,261.65,129,4884.54,0.0,0.02,2.52,0.2,May,2,2,3,20,New_Visitor,False,False
4,78.0,0,0.5,27,836.58,0.01,0.04,0.82,0.29,June,2,2,4,4,Returning_Visitor,True,True
1,24.04,0,0.0,40,1250.68,0.01,0.03,1.38,0.0,Mar,1,1,8,2,Returning_Visitor,True,False
1,24.04,0,0.5,6,93.0,0.07,0.08,0.0,0.0,Nov,3,2,1,13,Returning_Visitor,False,False
4,97.8,0,0.5,53,2191.33,0.0,0.02,5.38,0.01,Aug,2,4,2,3,Returning_Visitor,False,False
1,24.04,0,0.0,6,239.67,0.0,0.02,1.38,0.0,Mar,2,10,3,2,Returning_Visitor,True,True
1,24.04,0,0.5,1,239.67,0.04,0.09,29.87,0.31,May,2,1,3,6,Returning_Visitor,False,True
6,228.0,3,267.5,54,2191.33,0.01,0.04,1.38,0.0,Mar,2,2,1,2,Returning_Visitor,True,False
0,2.64,0,0.5,6,239.67,0.0,0.02,0.82,0.0,Mar,2,2,3,2,Returning_Visitor,False,False
0,2.64,0,0.5,13,595.6,0.02,0.04,0.0,0.0,Nov,3,2,1,2,New_Visitor,True,False
0,2.64,0,0.5,20,836.58,0.01,0.03,5.38,0.31,May,1,1,8,2,Returning_Visitor,True,False
1,24.04,1,50.54,6,205.5,0.0,0.02,0.0,0.0,Nov,8,4,1,5,Returning_Visitor,False,False
0,0.0,0,0.0,6,239.67,0.0,0.02,5.38,0.31,May,1,1,1,2,Returning_Visitor,False,False
0,2.64,0,0.0,29,1089.0,0.01,0.01,1.38,0.0,Mar,2,6,1,1,Returning_Visitor,False,False
13,453.53,7,516.0,87,3083.05,0.0,0.02,5.38,0.01,May,2,5,3,4,New_Visitor,False,False
6,190.75,0,0.5,41,1604.79,0.0,0.01,1.96,0.0,Dec,1,1,1,2,Returning_Visitor,False,False
0,0.0,0,0.5,3,239.67,0.07,0.12,0.82,0.01,June,2,2,1,3,Returning_Visitor,False,False
0,0.0,0,0.5,8,239.67,0.0,0.02,5.38,0.0,Nov,3,2,1,2,New_Visitor,False,False
0,2.64,0,0.5,23,684.33,0.02,0.04,0.0,0.0,Nov,1,1,1,1,Returning_Visitor,False,False
4,100.0,0,0.5,8,127.67,0.0,0.0,5.38,0.0,May,2,2,4,2,New_Visitor,True,False
1,24.04,0,0.5,6,239.67,0.01,0.04,0.82,0.0,Mar,2,10,3,2,New_Visitor,False,False
0,0.0,0,0.5,6,239.67,0.01,0.03,5.38,0.0,May,2,5,3,6,Returning_Visitor,True,True
2,57.25,0,0.5,6,239.67,0.0,0.02,0.0,0.0,Nov,2,5,3,2,New_Visitor,False,False
5,154.08,1,50.54,54,2191.33,0.0,0.02,0.82,0.76,June,1,1,1,1,Returning_Visitor,True,False
1,24.04,2,58.95,6,239.67,0.0,0.01,5.38,0.29,May,3,2,1,4,Returning_Visitor,False,False
1,24.04,0,0.5,27,541.21,0.0,0.02,0.82,0.31,June,1,1,8,2,Returning_Visitor,True,False
1,24.04,1,50.54,41,1546.5,0.0,0.02,9.14,0.31,May,2,2,1,2,Returning_Visitor,True,False
1,24.04,0,0.0,14,595.6,0.01,0.03,0.0,0.0,Dec,1,1,8,2,Returning_Visitor,True,False
2,59.0,0,0.5,41,1449.0,0.0,0.02,53.66,0.0,Nov,2,3,6,1,Returning_Visitor,False,True
4,91.0,3,272.2,2,239.67,0.0,0.02,0.0,0.0,Dec,1,1,1,2,New_Visitor,False,False
0,0.0,0,0.5,23,631.78,0.02,0.05,0.82,0.01,June,3,2,1,3,Returning_Visitor,True,False
6,154.93,0,0.0,54,2191.33,0.0,0.02,0.82,0.0,Jul,1,1,1,1,Returning_Visitor,False,False
1,24.04,0,0.5,53,2191.33,0.01,0.02,0.82,0.01,June,4,1,1,3,Returning_Visitor,False,False
1,24.04,0,0.0,29,1115.88,0.0,0.02,5.38,0.0,Nov,1,1,1,2,New_Visitor,False,False
1,24.04,0,0.0,22,836.58,0.01,0.02,27.82,0.76,May,1,1,1,4,Returning_Visitor,True,True
9,202.0,1,17.0,29,1143.37,0.0,0.02,12.45,0.76,May,1,1,1,3,Returning_Visitor,False,False
1,24.04,0,0.0,2,239.67,0.01,0.05,0.82,0.0,Mar,3,2,4,2,New_Visitor,True,False
1,17.0,0,0.5,54,2086.67,0.0,0.02,1.96,0.0,Dec,2,5,3,2,New_Visitor,False,False
6,202.0,2,97.0,143,5142.86,0.0,0.02,0.0,0.0,Nov,3,2,3,9,Returning_Visitor,False,False
6,182.51,1,50.54,54,2191.33,0.02,0.05,0.82,0.76,June,2,2,3,9,Returning_Visitor,True,False
0,2.64,0,0.0,32,1210.1,0.0,0.02,5.38,0.0,Nov,1,1,1,2,Returning_Visitor,True,False
5,154.08,0,0.0,16,866.5,0.0,0.02,0.82,0.76,June,2,2,1,1,Returning_Visitor,False,False
4,100.07,0,0.0,30,310.34,0.0,0.02,0.82,0.0,Mar,2,4,3,2,New_Visitor,False,True
2,46.3,0,0.5,2,48.4,0.0,0.05,0.82,0.29,June,1,1,4,3,Returning_Visitor,False,False
0,0.0,0,0.0,8,65.4,0.05,0.15,0.0,0.76,May,2,4,1,4,Returning_Visitor,False,False
1,24.04,0,0.0,8,332.0,0.0,0.02,5.38,0.76,May,2,5,3,3,Returning_Visitor,False,False
0,0.0,0,0.0,6,0.0,0.2,0.2,65.87,0.0,Nov,7,13,9,16,Other,False,False
1,24.04,0,0.5,13,595.6,0.02,0.04,0.82,0.0,Mar,4,1,1,6,Returning_Visitor,False,False
8,202.0,1,50.54,109,4502.51,0.0,0.01,5.38,0.01,May,2,2,1,4,Returning_Visitor,False,True
3,129.24,1,50.54,24,1381.73,0.0,0.02,0.0,0.76,May,1,1,1,4,New_Visitor,False,False
1,24.04,0,0.5,47,1093.83,0.0,0.02,1.96,0.0,Dec,2,5,3,2,New_Visitor,False,False
1,24.04,0,0.0,19,457.9,0.0,0.02,0.0,0.0,Nov,1,1,1,2,New_Visitor,False,False
2,63.5,0,0.0,8,239.67,0.0,0.02,0.0,0.31,May,2,2,1,2,New_Visitor,True,False
0,2.64,0,0.5,6,239.67,0.08,0.13,5.38,0.76,May,2,4,7,3,Returning_Visitor,False,False
1,24.04,0,0.5,21,398.0,0.0,0.02,1.96,0.0,Dec,2,5,3,2,New_Visitor,False,False
4,117.5,1,50.54,17,545.5,0.0,0.02,0.0,0.0,May,2,2,1,13,Returning_Visitor,False,False
0,0.0,2,62.33,34,1155.81,0.05,0.09,65.87,0.8,May,2,12,4,11,Returning_Visitor,False,False
4,134.61,0,0.5,83,2954.76,0.0,0.02,0.82,0.6,June,2,2,1,2,Returning_Visitor,True,False
1,24.04,2,20.0,23,816.95,0.03,0.06,0.0,0.76,May,2,2,3,3,Returning_Visitor,False,False
1,24.04,0,0.5,52,1701.27,0.0,0.02,5.38,0.0,Nov,2,4,3,2,New_Visitor,False,False
0,2.64,0,0.0,6,95.0,0.03,0.08,0.0,0.29,Feb,4,1,3,3,Returning_Visitor,False,False
0,0.0,0,0.5,6,239.67,0.0,0.02,1.38,0.0,Feb,2,2,1,4,New_Visitor,False,False
1,24.04,0,0.0,6,239.67,0.0,0.02,0.0,0.0,May,3,2,1,4,New_Visitor,False,False
6,202.0,0,0.0,6,239.67,0.0,0.02,29.87,0.29,May,2,4,2,11,Returning_Visitor,False,False
1,24.04,0,0.5,6,239.67,0.0,0.02,1.38,0.0,Mar,2,10,3,1,Returning_Visitor,False,False
1,24.04,2,78.0,67,2701.96,0.0,0.02,0.82,0.76,June,2,5,3,1,Returning_Visitor,False,False
2,88.0,0,0.5,6,239.67,0.0,0.02,0.0,0.76,May,2,4,3,3,Returning_Visitor,False,False
6,123.54,1,50.54,6,189.0,0.0,0.01,0.82,0.76,June,1,1,8,2,New_Visitor,False,False
1,24.04,0,0.0,4,239.67,0.0,0.02,0.82,0.0,Mar,1,1,1,3,Returning_Visitor,False,False
0,0.0,0,0.0,15,595.6,0.0,0.03,0.0,0.0,Nov,1,1,1,2,Returning_Visitor,True,False
1,24.04,0,0.5,18,824.83,0.0,0.02,5.38,0.76,May,1,1,1,3,Returning_Visitor,False,False
3,129.24,0,0.5,19,463.82,0.0,0.02,5.38,0.76,May,2,4,1,4,New_Visitor,False,True
1,24.04,0,0.0,0,239.67,0.04,0.09,5.38,0.0,May,1,1,1,3,Returning_Visitor,False,False
6,202.0,3,139.0,80,2938.01,0.0,0.01,5.38,0.01,May,3,2,1,4,Returning_Visitor,False,True
1,24.04,0,0.5,6,239.67,0.0,0.02,0.82,0.29,June,2,10,3,8,Returning_Visitor,False,False
0,0.0,2,28.0,6,0.0,0.08,0.13,0.0,0.29,May,2,2,8,3,Returning_Visitor,False,False
0,0.0,1,50.54,5,454.0,0.0,0.02,1.38,0.0,Mar,2,2,1,6,Returning_Visitor,False,False
0,0.0,0,0.0,87,3696.23,0.01,0.04,5.38,0.0,Nov,2,4,1,2,New_Visitor,True,False
1,24.04,0,0.5,6,239.67,0.0,0.02,5.38,0.76,May,1,1,1,4,Returning_Visitor,False,False
4,82.0,0,0.0,13,595.6,0.0,0.02,0.82,0.29,June,1,1,4,3,Returning_Visitor,False,True
1,24.04,1,50.54,6,239.67,0.01,0.04,5.38,0.31,May,2,2,8,1,Returning_Visitor,False,False
0,2.64,0,0.5,6,239.67,0.01,0.03,0.0,0.76,May,2,2,1,3,Returning_Visitor,False,False
4,146.0,1,50.54,6,221.4,0.0,0.02,5.38,0.0,Nov,2,4,3,2,New_Visitor,False,False
0,0.0,0,0.5,28,946.36,0.01,0.03,5.38,0.0,Nov,2,12,6,9,Returning_Visitor,True,False
6,202.0,3,738.08,54,2191.33,0.01,0.01,5.38,0.31,May,1,1,3,2,New_Visitor,False,False
3,129.24,1,50.54,93,3195.76,0.0,0.02,1.96,0.76,Sep,2,2,1,4,Returning_Visitor,True,True
0,2.64,0,0.0,1,0.0,0.08,0.12,0.0,0.0,Nov,2,1,3,2,Returning_Visitor,True,False
0,2.64,0,0.0,6,7.0,0.04,0.1,0.0,0.0,Nov,2,4,4,1,Returning_Visitor,False,False
1,24.04,0,0.0,6,239.67,0.04,0.09,0.82,0.31,June,3,2,1,6,Returning_Visitor,False,False
1,24.04,0,0.5,4,239.67,0.11,0.15,0.0,0.29,May,1,1,1,3,Returning_Visitor,False,False
1,24.04,0,0.5,6,239.67,0.0,0.02,41.42,0.0,Nov,1,1,3,2,New_Visitor,False,True
1,24.04,2,116.22,29,1140.79,0.0,0.02,6.64,0.76,May,2,5,3,4,New_Visitor,False,True
1,24.04,0,0.5,6,239.67,0.0,0.02,0.0,0.76,May,1,1,1,3,Returning_Visitor,False,False
3,142.5,1,50.54,54,2191.33,0.0,0.02,29.87,0.29,May,1,5,3,11,Returning_Visitor,False,False
0,0.0,0,0.0,19,507.5,0.0,0.01,12.01,0.31,May,1,1,1,1,Returning_Visitor,False,True
1,24.04,0,0.5,6,221.5,0.0,0.02,0.82,0.0,Mar,1,1,1,2,Returning_Visitor,True,False
0,2.64,0,0.5,34,1242.0,0.03,0.06,0.82,0.01,June,3,2,1,3,Returning_Visitor,True,False
1,24.04,0,0.0,19,487.5,0.0,0.02,0.0,0.8,May,1,1,1,4,New_Visitor,True,False
1,24.04,0,0.5,6,239.67,0.2,0.2,0.0,0.29,May,1,5,3,3,Returning_Visitor,False,False
1,24.04,0,0.0,16,757.39,0.0,0.02,0.0,0.76,May,1,1,1,3,Returning_Visitor,False,False
0,0.0,1,0.0,6,239.67,0.0,0.02,5.38,0.0,Nov,1,1,3,2,New_Visitor,False,False
6,244.25,0,0.0,54,2191.33,0.01,0.03,11.1,0.01,May,2,7,3,3,Returning_Visitor,True,False
0,0.0,0,0.0,29,1155.5,0.04,0.1,5.38,0.76,May,2,2,1,4,Returning_Visitor,False,False
1,24.04,0,0.5,4,239.67,0.0,0.02,0.82,0.0,Mar,1,1,1,1,Returning_Visitor,False,False
1,24.04,0,0.0,34,1155.81,0.0,0.01,0.0,0.0,Nov,2,2,1,1,Returning_Visitor,False,False
0,0.0,1,50.54,8,308.0,0.0,0.02,5.38,0.76,May,2,4,1,4,New_Visitor,False,True
0,0.0,0,0.5,6,239.67,0.0,0.02,0.82,0.31,June,1,1,1,1,Returning_Visitor,False,False
6,182.51,0,0.0,54,2191.33,0.0,0.02,36.65,0.0,Nov,2,2,1,2,New_Visitor,True,True
1,24.04,2,12.25,26,836.58,0.0,0.02,1.96,0.0,Dec,1,1,1,2,New_Visitor,False,False
1,24.04,0,0.5,15,872.83,0.0,0.03,0.82,0.29,June,1,1,4,3,Returning_Visitor,False,False
0,2.64,0,0.0,19,491.75,0.01,0.03,0.0,0.0,Dec,2,2,6,9,Returning_Visitor,False,False
1,24.04,0,0.5,6,239.67,0.0,0.02,5.38,0.0,May,1,1,1,4,New_Visitor,False,True
0,0.0,0,0.5,5,239.67,0.04,0.09,0.0,0.0,May,2,4,1,4,Returning_Visitor,True,False
0,2.64,0,0.0,6,209.83,0.01,0.03,5.38,0.0,Nov,3,2,1,1,Returning_Visitor,False,False
0,2.64,0,0.5,24,674.5,0.0,0.02,0.0,0.29,May,2,3,4,4,Returning_Visitor,True,False
3,54.5,0,0.0,68,3135.52,0.0,0.01,1.38,0.0,Mar,2,10,3,2,Returning_Visitor,True,False
2,37.0,0,0.0,25,836.58,0.0,0.02,5.38,0.0,May,2,5,3,4,Returning_Visitor,True,False
8,311.25,1,50.54,54,2191.33,0.0,0.01,1.96,0.0,Dec,3,2,1,1,Returning_Visitor,False,False
0,0.0,0,0.5,6,239.67,0.0,0.04,0.0,0.76,May,2,4,9,3,Returning_Visitor,False,False
1,24.04,2,7.0,8,294.6,0.0,0.02,0.0,0.0,June,3,2,6,3,Returning_Visitor,False,False
0,2.64,0,0.0,6,239.67,0.04,0.1,0.0,0.0,Dec,1,1,1,2,New_Visitor,False,False
1,24.04,2,12.0,44,1373.95,0.0,0.0,0.0,0.01,May,2,4,2,4,New_Visitor,False,False
1,24.04,0,0.5,8,239.67,0.0,0.02,5.38,0.8,May,2,2,3,13,Returning_Visitor,False,False
6,202.0,2,31.7,6,239.67,0.0,0.02,0.0,0.0,Nov,2,2,7,11,Returning_Visitor,False,False
3,129.24,1,50.54,54,2191.33,0.0,0.02,5.38,0.0,Aug,1,1,6,13,Returning_Visitor,False,False
1,24.04,0,0.0,6,239.67,0.0,0.02,1.38,0.0,Mar,2,4,7,2,Returning_Visitor,True,True
0,0.0,2,45.0,11,239.67,0.02,0.04,0.0,0.76,May,2,2,4,3,Returning_Visitor,False,False
0,0.0,0,0.5,23,647.14,0.0,0.02,0.0,0.76,May,2,4,1,4,New_Visitor,False,False
2,22.9,0,0.5,6,239.67,0.0,0.01,0.78,0.01,Feb,2,10,3,3,Returning_Visitor,True,True
0,2.64,0,0.5,1,0.0,0.08,0.12,0.82,0.01,June,2,4,4,11,Returning_Visitor,False,False
0,0.0,0,0.5,1,0.0,0.2,0.2,0.0,0.76,May,2,4,1,3,Returning_Visitor,True,False
7,210.43,9,623.41,150,6515.45,0.01,0.02,2.98,0.01,Sep,3,2,1,4,Returning_Visitor,True,True
1,24.04,0,0.0,13,595.6,0.0,0.02,0.82,0.0,June,2,2,1,3,Returning_Visitor,False,True
8,295.2,3,56.9,34,1242.06,0.0,0.02,0.82,0.76,June,2,5,3,1,Returning_Visitor,False,False
1,24.04,0,0.0,6,239.67,0.0,0.02,5.38,0.76,May,2,2,7,3,Returning_Visitor,False,False
7,202.0,0,0.0,54,2191.33,0.01,0.02,0.0,0.0,Aug,1,1,1,1,Returning_Visitor,False,False
0,2.64,0,0.5,6,239.67,0.0,0.02,0.0,0.0,Dec,1,1,1,2,New_Visitor,False,False
4,148.21,1,50.54,87,3714.35,0.0,0.02,0.82,0.0,Mar,2,2,3,2,Returning_Visitor,False,False
4,82.0,0,0.5,54,2191.33,0.01,0.04,0.0,0.01,May,2,4,2,4,New_Visitor,False,False
0,0.0,0,0.5,9,336.88,0.0,0.02,30.22,0.0,Sep,2,2,6,4,Returning_Visitor,False,True
0,0.0,0,0.0,6,239.67,0.0,0.02,0.0,0.76,May,1,1,1,3,Returning_Visitor,False,False
3,129.24,0,0.0,54,2191.33,0.0,0.02,0.82,0.31,June,2,5,3,1,Returning_Visitor,True,True
0,0.0,0,0.5,6,248.9,0.0,0.02,0.82,0.8,June,1,1,1,2,Returning_Visitor,False,False
6,251.81,1,50.54,37,1155.81,0.0,0.02,5.38,0.0,Oct,2,4,3,2,New_Visitor,True,False
1,24.04,0,0.5,14,266.02,0.01,0.04,0.82,0.31,June,3,2,1,1,Returning_Visitor,True,False
0,0.0,0,0.5,6,239.67,0.03,0.07,5.38,0.0,May,1,1,3,4,New_Visitor,False,False
1,24.04,0,0.5,6,239.67,0.0,0.02,5.38,0.01,Aug,2,2,1,3,Returning_Visitor,False,False
1,24.04,0,0.5,6,239.67,0.0,0.02,15.99,0.0,Nov,2,5,3,2,Returning_Visitor,True,True
1,24.04,0,0.5,26,836.58,0.0,0.02,5.38,0.29,Aug,3,2,4,4,Returning_Visitor,True,False
1,24.04,0,0.5,6,239.67,0.0,0.05,0.82,0.0,Mar,2,2,7,3,Returning_Visitor,False,False
0,0.0,0,0.5,11,1027.0,0.0,0.02,5.38,0.0,Nov,2,10,3,2,New_Visitor,False,False
0,2.64,0,0.0,6,239.67,0.0,0.02,5.38,0.0,Nov,2,4,5,1,Returning_Visitor,True,False
1,24.04,0,0.5,2,239.67,0.04,0.1,5.38,0.0,May,1,1,8,3,Returning_Visitor,False,False
1,24.04,2,77.0,31,1155.81,0.0,0.02,1.38,0.0,Mar,2,2,1,10,Returning_Visitor,False,False
4,73.0,0,0.0,6,239.67,0.0,0.02,0.82,0.0,Mar,3,2,3,1,Returning_Visitor,False,False
1,24.04,0,0.5,10,198.75,0.01,0.04,65.87,0.29,May,2,2,3,20,Returning_Visitor,False,False
0,0.0,0,0.5,6,29.0,0.0,0.07,0.82,0.0,Mar,1,1,1,2,New_Visitor,True,False
1,24.04,0,0.5,6,239.67,0.01,0.02,0.0,0.0,Dec,2,2,1,2,Returning_Visitor,True,False
4,134.61,0,0.5,87,3147.58,0.0,0.02,0.0,0.6,May,2,2,5,3,Returning_Visitor,False,False
4,134.61,0,0.0,82,2875.62,0.0,0.02,27.76,0.0,Nov,2,4,1,2,New_Visitor,False,True
10,603.49,3,272.2,74,8981.58,0.0,0.04,1.96,0.0,Dec,2,5,3,2,New_Visitor,False,False
3,129.24,0,0.5,54,2191.33,0.0,0.02,1.96,0.0,Dec,1,1,1,2,Returning_Visitor,True,True
0,0.0,0,0.5,19,566.88,0.0,0.04,0.0,0.76,May,1,1,3,4,Returning_Visitor,True,False
0,0.0,0,0.5,1,239.67,0.04,0.09,5.38,0.0,May,4,5,3,3,Returning_Visitor,False,False
0,0.0,0,0.5,6,239.67,0.0,0.02,5.38,0.01,Aug,2,4,3,4,New_Visitor,False,False
0,0.0,0,0.0,2,83.0,0.0,0.05,5.38,0.29,May,1,1,2,4,New_Visitor,False,False
2,57.25,0,0.0,54,2246.17,0.0,0.01,5.38,0.2,May,2,4,3,3,Returning_Visitor,False,False
1,24.04,0,0.5,6,239.67,0.04,0.1,0.82,0.0,Mar,2,2,3,6,Returning_Visitor,False,False
4,102.8,0,0.0,54,2191.33,0.0,0.0,5.38,0.0,Nov,1,1,1,2,New_Visitor,False,True
0,2.64,0,0.5,17,526.38,0.05,0.09,0.82,0.01,June,2,2,6,3,Returning_Visitor,False,False
4,55.33,1,50.54,11,234.99,0.0,0.02,1.38,0.0,Mar,2,2,3,1,Returning_Visitor,False,False
1,24.04,0,0.0,19,451.71,0.0,0.02,0.0,0.76,May,2,2,1,3,Returning_Visitor,False,False
2,27.0,0,0.0,6,239.67,0.01,0.04,0.0,0.0,Mar,2,10,3,2,New_Visitor,False,False
1,24.04,0,0.0,6,239.67,0.0,0.02,0.0,0.0,Nov,1,1,1,2,New_Visitor,False,False
0,0.0,0,0.5,2,239.67,0.0,0.02,0.82,0.01,June,2,4,3,3,Returning_Visitor,False,False
4,70.5,0,0.5,19,541.54,0.0,0.01,115.78,0.0,Nov,2,5,3,2,New_Visitor,True,True
1,19.0,1,50.54,6,239.67,0.0,0.02,0.82,0.76,June,2,2,3,1,Returning_Visitor,False,False
0,0.0,0,0.5,2,239.67,0.0,0.05,0.82,0.0,Mar,3,2,1,2,New_Visitor,False,False
1,24.04,0,0.5,23,701.5,0.03,0.05,0.0,0.76,May,2,5,3,4,New_Visitor,False,False
1,24.04,0,0.0,19,544.83,0.0,0.02,0.0,0.0,May,1,1,1,4,Returning_Visitor,True,False
1,24.04,0,0.0,54,2051.47,0.0,0.02,5.38,0.0,Nov,2,5,3,1,Returning_Visitor,False,True
2,64.0,0,0.5,29,619.4,0.0,0.02,42.89,0.0,May,2,2,4,3,Returning_Visitor,False,True
1,24.04,0,0.5,6,239.67,0.0,0.02,0.0,0.76,May,2,2,3,3,Returning_Visitor,False,True
6,202.0,0,0.5,1,239.67,0.08,0.12,0.82,0.4,June,2,5,3,2,New_Visitor,False,False
4,134.61,0,0.5,87,3545.19,0.03,0.06,0.82,0.6,June,2,2,1,2,New_Visitor,False,False
2,46.9,0,0.0,6,239.67,0.0,0.01,5.38,0.0,Nov,1,1,1,5,Returning_Visitor,False,True
2,23.0,0,0.0,6,239.67,0.01,0.02,5.38,0.0,Nov,1,1,1,2,Returning_Visitor,True,True
4,253.15,0,0.0,50,1839.13,0.01,0.02,0.0,0.76,Sep,3,2,3,3,Returning_Visitor,False,False
0,2.64,0,0.0,23,741.4,0.05,0.09,0.0,0.0,Nov,1,1,1,1,Returning_Visitor,False,False
9,175.93,2,54.5,229,10143.82,0.0,0.02,8.9,0.0,Nov,2,2,1,2,Returning_Visitor,False,True
0,0.0,0,0.5,6,98.0,0.0,0.02,1.96,0.0,Dec,1,1,1,2,New_Visitor,False,False
3,224.3,1,50.54,54,2191.33,0.0,0.02,34.68,0.0,Nov,2,2,1,2,Returning_Visitor,True,True
6,163.67,1,50.54,15,665.57,0.0,0.02,0.0,0.76,May,3,2,1,4,New_Visitor,False,False
1,20.17,0,0.5,54,2467.26,0.0,0.02,1.96,0.0,Dec,1,1,1,2,Returning_Visitor,True,False
0,0.0,0,0.5,6,239.67,0.04,0.1,1.38,0.0,Mar,2,10,3,1,Returning_Visitor,False,False
1,24.04,0,0.0,6,196.5,0.0,0.02,0.82,0.01,June,2,2,3,4,Returning_Visitor,True,False
0,0.0,0,0.5,6,239.67,0.2,0.2,0.82,0.0,Mar,2,2,1,1,Returning_Visitor,False,False
10,792.48,0,0.5,150,7091.7,0.01,0.04,61.53,0.0,May,3,10,3,1,Returning_Visitor,False,False
0,0.0,0,0.5,23,836.58,0.0,0.02,5.38,0.76,May,3,2,1,4,New_Visitor,False,False
0,2.64,0,0.5,6,115.62,0.04,0.09,0.0,0.0,Nov,2,4,3,2,Returning_Visitor,False,False
3,129.24,0,0.5,28,956.5,0.0,0.02,1.38,0.0,Mar,1,1,1,2,New_Visitor,False,False
1,24.04,0,0.5,6,100.0,0.0,0.1,0.82,0.0,Mar,1,1,1,2,Returning_Visitor,True,False
2,53.5,0,0.5,6,239.67,0.0,0.02,0.0,0.0,Nov,2,4,3,2,New_Visitor,False,False
0,0.0,0,0.5,11,332.29,0.0,0.02,0.0,0.76,May,1,1,1,3,Returning_Visitor,False,False
1,12.0,0,0.5,6,239.67,0.0,0.01,0.0,0.0,Jul,2,4,3,2,Returning_Visitor,False,False
0,2.64,0,0.5,10,239.67,0.0,0.02,0.82,0.01,June,1,1,1,4,New_Visitor,False,False
1,24.04,0,0.5,34,1155.81,0.01,0.04,23.61,0.76,May,2,2,3,4,Returning_Visitor,True,True
0,0.0,0,0.0,6,239.67,0.2,0.2,38.6,0.29,May,7,1,1,3,Returning_Visitor,False,False
6,202.0,5,493.0,50,1535.64,0.0,0.02,5.38,0.0,Nov,2,2,1,2,Returning_Visitor,False,False
0,0.0,0,0.0,6,239.67,0.0,0.02,1.96,0.0,Dec,2,4,2,1,Returning_Visitor,False,False
0,2.64,0,0.5,6,239.67,0.0,0.02,0.82,0.01,June,2,4,3,4,New_Visitor,False,False
0,0.0,0,0.0,29,1197.8,0.0,0.02,65.87,0.0,Oct,2,2,3,20,Returning_Visitor,False,False
0,2.64,0,0.0,6,239.67,0.15,0.15,5.38,0.2,May,2,3,4,11,Returning_Visitor,False,False
4,144.08,0,0.0,54,2258.18,0.0,0.02,0.82,0.31,June,2,5,1,2,Returning_Visitor,False,False
0,2.64,0,0.0,6,239.67,0.0,0.1,1.96,0.0,Dec,2,2,4,3,Returning_Visitor,False,False
0,2.64,0,0.5,7,221.71,0.03,0.06,5.38,0.76,May,3,2,1,3,Returning_Visitor,False,False
0,0.0,0,0.5,6,240.75,0.0,0.02,5.38,0.76,May,2,2,9,3,Returning_Visitor,False,False
0,0.0,0,0.5,15,595.6,0.0,0.02,0.0,0.0,Nov,2,10,3,2,New_Visitor,False,False
1,24.04,0,0.5,23,644.12,0.0,0.02,1.38,0.0,Mar,3,2,3,1,Returning_Visitor,False,False
10,626.0,0,0.5,77,2938.01,0.0,0.02,41.93,0.0,Nov,1,1,1,1,Returning_Visitor,False,False
4,77.5,2,17.0,6,239.67,0.0,0.02,0.82,0.76,June,2,2,3,2,Returning_Visitor,True,True
1,24.04,0,0.5,9,239.67,0.0,0.02,0.82,0.0,Mar,2,5,3,2,Returning_Visitor,False,False
0,2.64,0,0.5,8,330.08,0.04,0.09,0.82,0.29,June,1,1,4,4,Returning_Visitor,True,False
2,57.25,0,0.0,70,6384.37,0.02,0.03,0.82,0.0,Mar,1,1,1,8,Returning_Visitor,False,True
7,139.57,0,0.0,54,2191.33,0.0,0.02,36.39,0.31,May,2,2,1,2,Returning_Visitor,False,True
2,24.2,0,0.5,6,239.67,0.0,0.02,0.0,0.31,May,1,8,1,2,Returning_Visitor,False,False
1,24.04,0,0.5,6,133.73,0.01,0.04,5.38,0.0,Oct,2,2,6,9,Returning_Visitor,False,False
0,2.64,0,0.5,2,239.67,0.0,0.1,5.38,0.0,Nov,1,1,1,1,Returning_Visitor,False,False
2,844.0,0,0.5,6,192.5,0.0,0.02,0.0,0.76,May,3,2,6,3,Returning_Visitor,False,False
1,24.04,0,0.5,6,239.67,0.0,0.02,46.01,0.76,May,2,2,3,11,Returning_Visitor,True,True
0,2.64,0,0.0,4,179.25,0.0,0.02,0.0,0.0,Nov,2,2,1,2,Returning_Visitor,True,False
4,144.08,1,50.54,54,2191.33,0.0,0.02,0.82,0.0,Mar,2,2,1,2,Returning_Visitor,True,True
0,0.0,0,0.0,3,239.67,0.0,0.02,5.38,0.29,May,3,5,1,3,Returning_Visitor,False,False
1,24.04,0,0.0,6,239.67,0.0,0.02,0.0,0.0,Nov,1,1,1,1,Returning_Visitor,False,False
0,0.0,0,0.0,87,3279.41,0.02,0.04,5.38,0.31,May,2,5,3,2,Returning_Visitor,False,False
0,0.0,0,0.5,6,239.67,0.03,0.07,0.0,0.31,Feb,1,1,3,2,Returning_Visitor,False,False
0,0.0,2,150.03,4,145.0,0.0,0.02,5.38,0.76,May,1,8,1,11,Returning_Visitor,False,False
1,24.04,0,0.5,97,3195.76,0.01,0.02,24.22,0.0,Jul,1,1,1,1,Returning_Visitor,False,False
0,0.0,0,0.5,18,836.58,0.01,0.04,0.0,0.0,Nov,3,2,3,1,Returning_Visitor,False,False
6,202.0,0,0.5,6,239.67,0.01,0.05,5.38,0.31,May,1,1,1,13,Returning_Visitor,False,False
12,426.35,2,22.2,154,5142.86,0.0,0.02,0.82,0.0,Mar,3,2,1,2,Returning_Visitor,True,False
1,24.04,0,0.5,6,239.67,0.1,0.1,0.0,0.0,Nov,2,10,3,2,New_Visitor,False,False
1,24.04,0,0.5,8,347.4,0.0,0.02,0.0,0.31,May,3,2,4,5,Returning_Visitor,False,True
1,24.04,1,17.33,25,874.58,0.0,0.01,0.82,0.29,June,1,1,1,4,Returning_Visitor,True,True
0,0.0,0,0.5,6,239.67,0.0,0.02,0.82,0.0,Mar,2,2,1,2,Returning_Visitor,True,False
0,2.64,0,0.0,1,0.0,0.2,0.2,0.0,0.0,Nov,2,5,3,2,Returning_Visitor,True,False
2,57.25,0,0.0,23,605.89,0.0,0.02,5.38,0.76,May,1,1,3,4,Returning_Visitor,False,False
0,0.0,0,0.5,6,239.67,0.01,0.04,5.38,0.76,May,2,2,1,4,New_Visitor,False,False
3,79.0,1,50.54,34,1272.92,0.0,0.02,9.4,0.0,Mar,2,5,3,2,New_Visitor,False,False
2,65.5,0,0.5,23,836.58,0.01,0.03,5.38,0.31,May,2,4,3,1,Returning_Visitor,True,True
6,202.0,0,0.5,6,239.67,0.0,0.0,5.38,0.0,Nov,1,8,1,11,Returning_Visitor,False,False
0,0.0,0,0.0,6,239.67,0.08,0.07,0.82,0.01,June,1,1,1,4,New_Visitor,False,False
1,15.42,6,797.42,6,143.33,0.0,0.02,0.82,0.31,June,1,1,4,2,Returning_Visitor,True,False
1,24.04,0,0.0,22,836.58,0.0,0.02,5.38,0.76,May,2,4,2,3,Returning_Visitor,False,False
5,154.08,1,50.54,42,1351.12,0.0,0.02,0.82,0.76,June,3,2,3,1,Returning_Visitor,False,False
8,137.07,0,0.0,59,2088.44,0.0,0.02,5.38,0.76,May,1,1,1,3,Returning_Visitor,False,True
0,2.64,0,0.5,6,239.67,0.0,0.1,1.38,0.0,Mar,2,2,3,1,Returning_Visitor,False,False
1,24.04,0,0.5,17,697.52,0.0,0.02,0.0,0.76,May,2,2,1,3,Returning_Visitor,False,False
0,0.0,0,0.5,6,239.67,0.0,0.02,5.38,0.0,Nov,3,2,1,1,Returning_Visitor,False,False
6,165.92,2,116.22,54,2191.33,0.0,0.02,5.38,0.76,May,2,12,3,12,Returning_Visitor,False,False
0,0.0,0,0.5,6,239.67,0.0,0.02,0.0,1.0,May,1,8,1,17,Returning_Visitor,False,False
1,24.04,0,0.5,4,94.75,0.0,0.05,0.0,0.0,Dec,3,2,1,20,Returning_Visitor,False,False
1,24.04,0,0.5,6,239.67,0.0,0.02,0.82,0.76,June,1,1,1,2,New_Visitor,True,True
1,24.04,0,0.0,5,164.0,0.0,0.04,0.82,0.31,June,4,1,1,1,Returning_Visitor,False,False
1,24.04,0,0.0,6,143.0,0.0,0.03,5.38,0.0,Nov,2,5,3,2,New_Visitor,False,False
1,24.04,0,0.0,6,239.67,0.0,0.02,0.0,0.0,Mar,2,10,3,2,New_Visitor,False,False
9,1590.89,3,584.0,29,1161.77,0.01,0.04,20.13,0.0,Sep,2,13,1,1,Returning_Visitor,True,False
4,134.61,0,0.0,149,4304.37,0.01,0.03,5.38,0.31,May,2,5,3,1,Returning_Visitor,False,False
0,0.0,0,0.5,1,239.67,0.2,0.2,5.38,0.29,May,2,2,4,3,New_Visitor,False,False
5,487.5,0,0.5,19,500.0,0.0,0.02,1.38,0.0,Mar,1,8,1,10,New_Visitor,False,False
4,118.0,0,0.5,54,2191.33,0.0,0.02,0.0,0.0,Nov,1,2,7,2,Returning_Visitor,True,False
6,202.0,2,82.5,9,239.67,0.0,0.02,1.96,0.0,Dec,3,2,1,2,New_Visitor,False,False
2,52.0,2,17.67,34,1262.0,0.0,0.02,0.0,0.31,May,1,1,1,2,Returning_Visitor,False,False
1,24.04,0,0.5,8,239.67,0.0,0.02,0.82,0.01,June,2,4,3,4,Returning_Visitor,True,False
2,57.25,0,0.0,6,239.67,0.0,0.02,0.0,0.0,Nov,2,4,3,2,New_Visitor,False,False
1,24.04,0,0.0,41,1501.0,0.09,0.12,5.38,0.0,May,3,2,4,3,Returning_Visitor,False,False
1,24.04,0,0.0,7,239.67,0.0,0.03,0.0,0.31,May,1,1,7,2,New_Visitor,True,False
3,68.5,2,116.22,385,14505.73,0.0,0.01,5.38,0.0,Nov,3,2,1,1,Returning_Visitor,False,False
3,73.2,5,761.42,10,239.7,0.0,0.02,1.96,0.76,Sep,1,1,8,4,New_Visitor,False,False
6,202.0,1,81.0,82,2938.01,0.0,0.02,4.67,0.0,Mar,3,2,2,1,Returning_Visitor,False,True
4,144.08,1,50.54,54,2191.33,0.01,0.02,0.82,0.0,Mar,2,2,1,2,New_Visitor,False,False
1,24.04,0,0.5,58,1066.39,0.0,0.02,0.82,0.01,June,2,4,3,4,Returning_Visitor,True,False
1,24.04,0,0.5,19,579.3,0.0,0.02,0.82,0.01,June,2,4,3,4,New_Visitor,False,False
1,28.0,0,0.5,115,1822.01,0.0,0.01,0.0,0.31,May,2,2,2,2,Returning_Visitor,False,False
1,24.04,0,0.5,6,239.67,0.02,0.05,5.38,0.0,Nov,2,4,2,2,New_Visitor,False,True
7,202.0,1,50.54,8,349.12,0.0,0.02,39.42,0.0,Nov,2,4,1,4,Returning_Visitor,False,False
10,576.31,3,158.0,6,73.21,0.0,0.02,0.0,0.0,Mar,1,1,8,2,Returning_Visitor,True,False
6,202.0,0,0.5,5,239.67,0.12,0.16,0.82,0.8,June,1,1,1,6,Returning_Visitor,False,False
3,39.58,0,0.5,54,2547.72,0.0,0.02,13.26,0.31,May,2,5,3,10,Returning_Visitor,False,True
0,2.64,2,31.0,3,239.67,0.0,0.02,1.38,0.0,Mar,2,4,6,2,Returning_Visitor,True,False
1,24.04,0,0.5,6,239.67,0.0,0.02,1.96,0.0,Dec,1,1,1,2,New_Visitor,False,False
1,24.04,0,0.0,4,239.67,0.0,0.02,0.0,0.0,Nov,3,2,1,6,Returning_Visitor,False,False
0,0.0,0,0.5,8,283.5,0.0,0.02,5.38,0.31,May,2,4,1,6,Returning_Visitor,False,False
1,24.04,0,0.5,6,239.67,0.0,0.02,0.0,0.0,Nov,1,1,4,4,Returning_Visitor,True,False
0,2.64,1,50.54,6,239.67,0.0,0.02,5.38,0.0,Nov,2,2,1,2,New_Visitor,False,False
10,671.08,0,0.0,54,2191.33,0.0,0.02,37.06,0.76,May,2,5,3,20,New_Visitor,False,True
10,490.33,1,0.0,54,2191.33,0.0,0.02,2.78,0.6,June,3,2,2,2,New_Visitor,False,False
9,202.0,1,50.54,54,2191.33,0.0,0.02,0.82,0.01,June,2,5,3,4,Returning_Visitor,True,False
1,24.04,0,0.0,80,2938.01,0.0,0.02,26.41,0.01,May,3,2,2,4,Returning_Visitor,False,True
0,0.0,0,0.5,1,0.0,0.2,0.2,0.0,0.0,Nov,3,4,3,10,Returning_Visitor,False,False
1,24.04,2,66.0,20,374.42,0.03,0.08,0.0,0.0,Dec,2,4,1,1,Returning_Visitor,False,False
0,0.0,0,0.5,1,0.0,0.08,0.12,65.87,0.0,Nov,2,13,3,1,Returning_Visitor,False,False
0,0.0,0,0.5,6,239.67,0.0,0.02,0.82,0.0,Mar,3,2,4,2,New_Visitor,True,True
0,0.0,0,0.5,10,243.2,0.02,0.04,0.0,0.0,Mar,2,2,4,1,Returning_Visitor,False,False
1,24.04,0,0.5,8,275.0,0.0,0.02,5.38,0.0,Oct,2,2,2,2,New_Visitor,False,True
2,57.25,0,0.5,23,660.17,0.0,0.02,5.38,0.29,May,2,2,1,3,Returning_Visitor,False,False
4,134.61,0,0.0,73,2666.07,0.0,0.02,5.38,0.31,May,1,1,4,2,Returning_Visitor,False,False
0,0.0,0,0.5,19,532.75,0.01,0.05,1.96,0.0,Dec,1,1,3,2,Returning_Visitor,True,False
1,24.04,0,0.5,23,701.88,0.0,0.02,0.0,0.0,Nov,2,2,1,2,Returning_Visitor,False,False
0,0.0,0,0.5,6,239.67,0.01,0.04,0.0,0.76,May,1,1,8,4,New_Visitor,False,False
1,7.0,0,0.5,14,421.5,0.01,0.03,5.38,0.29,May,3,2,1,3,Returning_Visitor,False,False
0,0.0,0,0.0,6,239.67,0.04,0.09,0.82,0.01,June,2,2,3,3,Returning_Visitor,False,False
4,134.61,0,0.0,54,2529.75,0.0,0.02,0.0,0.31,May,2,5,1,1,Returning_Visitor,False,False
3,129.24,2,32.0,4,239.67,0.0,0.02,0.0,0.31,May,1,1,4,5,New_Visitor,False,False
1,24.04,0,0.0,18,836.58,0.01,0.04,0.82,0.01,June,4,2,1,4,New_Visitor,False,False
4,129.67,3,42.0,54,2191.33,0.01,0.02,6.4,0.76,May,2,2,1,4,Returning_Visitor,True,False
7,281.04,1,71.25,54,2191.33,0.0,0.02,4.75,0.0,Dec,8,13,9,16,Returning_Visitor,False,False
0,2.64,0,0.0,19,491.58,0.0,0.01,45.97,0.0,Dec,3,2,1,2,New_Visitor,True,True
0,0.0,0,0.5,6,239.67,0.2,0.2,0.82,0.0,Jul,3,2,1,1,Returning_Visitor,True,False
1,24.04,0,0.5,24,841.0,0.01,0.02,64.72,0.0,Nov,2,2,3,1,Returning_Visitor,False,True
0,0.0,0,0.5,10,239.67,0.0,0.02,0.0,0.31,May,2,2,1,6,Returning_Visitor,False,False
0,0.0,0,0.0,6,239.67,0.02,0.05,5.38,0.0,May,3,2,3,3,Returning_Visitor,False,False
6,202.0,3,261.65,329,11240.98,0.0,0.02,5.38,0.0,Nov,3,2,1,2,Returning_Visitor,False,False
1,24.04,0,0.5,41,1546.5,0.0,0.01,0.0,0.0,Mar,1,1,1,2,New_Visitor,False,False
6,202.0,3,135.22,54,2159.0,0.01,0.04,10.23,0.31,May,1,1,1,2,Returning_Visitor,False,False
2,28.5,0,0.5,20,500.5,0.0,0.02,5.38,0.76,May,2,4,2,4,New_Visitor,False,False
4,1172.0,0,0.5,54,2191.33,0.01,0.04,0.0,0.0,Dec,2,5,3,16,New_Visitor,False,False
0,0.0,0,0.0,4,239.67,0.01,0.05,5.38,0.0,Nov,2,5,3,2,Returning_Visitor,False,False
1,24.04,0,0.5,6,239.67,0.0,0.02,0.82,0.01,June,2,4,3,4,New_Visitor,False,False
0,0.0,0,0.5,6,239.67,0.2,0.2,1.96,0.0,Dec,1,5,3,2,Returning_Visitor,True,False
1,24.04,1,50.54,53,2191.33,0.02,0.05,5.38,0.31,May,2,2,1,1,Returning_Visitor,False,False
0,0.0,0,0.5,5,239.67,0.08,0.1,0.0,0.76,May,2,2,3,3,Returning_Visitor,False,False
0,2.64,0,0.5,6,239.67,0.04,0.1,0.0,0.0,May,2,4,1,4,Returning_Visitor,False,False
1,24.04,0,0.0,10,239.67,0.03,0.06,0.82,0.0,Jul,2,10,3,1,Returning_Visitor,False,False
1,24.04,0,0.5,6,239.67,0.0,0.02,0.82,0.31,June,1,1,1,1,Returning_Visitor,True,False
0,0.0,0,0.5,52,1701.27,0.01,0.04,0.0,0.4,May,2,10,3,4,New_Visitor,False,False
1,24.04,0,0.5,2,5.0,0.03,0.07,0.82,0.01,June,2,2,1,3,Returning_Visitor,False,False
1,24.04,0,0.0,1,0.0,0.2,0.2,5.38,0.76,May,2,4,7,3,Returning_Visitor,False,False
0,2.64,0,0.5,130,4884.54,0.0,0.02,5.38,0.0,Nov,2,2,6,13,Returning_Visitor,False,False
3,129.24,0,0.0,54,2191.33,0.0,0.02,0.0,0.0,May,2,2,1,4,New_Visitor,False,False
0,2.64,0,0.5,20,836.58,0.0,0.02,0.0,0.0,Nov,1,1,4,3,New_Visitor,False,False
1,11.0,0,0.5,23,836.58,0.0,0.02,0.82,0.31,June,2,2,3,10,Returning_Visitor,True,False
2,57.25,0,0.0,7,239.67,0.03,0.09,0.0,0.0,Nov,1,1,1,3,Returning_Visitor,False,False
1,24.04,0,0.5,6,239.67,0.0,0.02,1.96,0.0,Dec,2,2,8,2,Returning_Visitor,True,False
8,102.0,0,0.0,14,374.0,0.0,0.02,0.82,0.0,Mar,2,10,3,2,Returning_Visitor,True,False
2,122.0,0,0.0,6,239.67,0.0,0.02,1.96,0.0,Dec,2,2,1,2,New_Visitor,False,False
2,37.5,2,82.0,4,239.67,0.0,0.02,5.38,0.0,Nov,2,2,9,2,Returning_Visitor,False,False
1,24.04,0,0.5,5,234.97,0.0,0.02,0.82,0.0,Mar,2,10,3,2,Returning_Visitor,True,False
0,0.0,0,0.5,6,239.67,0.0,0.02,0.0,0.0,June,1,1,1,4,New_Visitor,True,False
1,24.04,0,0.5,19,836.58,0.01,0.05,0.0,0.0,Mar,1,1,1,3,Returning_Visitor,False,False
1,24.04,0,0.0,6,192.9,0.06,0.09,0.82,0.29,June,1,1,4,3,Returning_Visitor,False,False
0,2.64,0,0.0,2,22.0,0.0,0.02,65.87,0.29,May,3,2,3,20,Returning_Visitor,False,False
0,0.0,0,0.5,6,239.67,0.0,0.02,0.0,0.76,May,1,1,1,3,Returning_Visitor,False,False
1,24.04,0,0.5,6,222.0,0.0,0.1,0.0,0.31,Feb,2,5,1,2,Returning_Visitor,False,False
0,0.0,0,0.5,3,239.67,0.0,0.02,0.0,0.0,Mar,1,1,1,1,Returning_Visitor,False,False
6,202.0,0,0.0,45,1673.59,0.0,0.02,0.0,0.31,May,2,5,3,10,Returning_Visitor,True,False
0,0.0,0,0.0,4,22.0,0.05,0.1,0.0,0.29,May,2,4,6,3,Returning_Visitor,True,False
1,24.04,0,0.0,6,239.67,0.0,0.02,0.82,0.0,Mar,1,1,1,2,New_Visitor,False,False
3,17.95,2,6.0,54,2191.33,0.0,0.01,0.0,0.0,Nov,2,5,3,2,Returning_Visitor,False,True
1,24.04,0,0.0,6,56.0,0.0,0.02,1.38,0.0,Mar,3,2,1,1,Returning_Visitor,False,False
1,7.0,0,0.0,24,836.58,0.0,0.02,0.82,0.0,Mar,1,1,1,2,New_Visitor,True,False
1,24.04,0,0.5,8,239.67,0.0,0.02,5.38,0.76,May,2,2,4,3,Returning_Visitor,False,False
1,24.04,0,0.0,6,239.67,0.0,0.02,0.82,0.31,June,3,2,1,1,Returning_Visitor,False,False
0,0.0,0,0.5,46,1351.12,0.0,0.02,0.82,0.01,June,2,2,3,4,Returning_Visitor,True,True
2,57.25,0,0.5,6,239.67,0.0,0.02,5.38,0.76,May,2,4,7,3,Returning_Visitor,False,False
1,24.04,0,0.0,6,239.67,0.0,0.02,0.82,0.0,Mar,3,2,1,1,Returning_Visitor,True,True
1,24.04,0,0.0,3,239.67,0.0,0.02,5.38,0.0,Nov,1,1,3,2,New_Visitor,False,False
0,2.64,0,0.0,6,239.67,0.02,0.04,1.96,0.0,Dec,2,12,7,9,Returning_Visitor,False,False
2,46.5,1,50.54,91,3195.76,0.01,0.04,0.0,0.76,May,3,2,1,4,New_Visitor,False,True
4,128.12,4,271.52,93,3195.76,0.0,0.02,5.38,0.0,Nov,2,2,3,2,Returning_Visitor,True,False
1,3.0,0,0.5,13,595.6,0.0,0.01,0.0,0.76,May,2,2,8,4,New_Visitor,False,False
9,116.54,1,50.54,54,2191.33,0.0,0.02,5.38,0.0,Nov,2,2,3,2,Returning_Visitor,False,True
0,0.0,1,50.54,13,193.5,0.09,0.12,29.87,0.8,May,2,13,3,13,Returning_Visitor,False,False
0,2.64,0,0.5,6,239.67,0.0,0.02,5.38,0.4,May,2,2,1,1,Returning_Visitor,False,False
7,202.0,0,0.0,44,1351.12,0.0,0.0,37.92,0.31,May,1,1,6,2,New_Visitor,True,True
1,24.04,1,50.54,10,239.67,0.0,0.02,64.6,0.0,Nov,1,1,3,8,Returning_Visitor,False,True
0,2.64,0,0.5,12,442.89,0.0,0.03,0.0,0.29,May,1,1,7,4,Returning_Visitor,True,False
0,0.0,0,0.5,6,239.67,0.0,0.02,0.82,0.31,June,2,5,3,2,Returning_Visitor,False,False
1,24.04,0,0.5,6,239.67,0.0,0.02,5.38,0.0,Nov,1,1,1,1,Returning_Visitor,False,False
3,47.83,0,0.0,69,2701.96,0.0,0.02,5.38,0.0,Nov,2,10,3,2,New_Visitor,False,False
4,143.07,1,50.54,34,1294.4,0.0,0.02,5.38,0.31,Aug,2,2,3,1,Returning_Visitor,False,False
2,7.0,0,0.0,10,239.67,0.08,0.11,0.0,0.31,May,2,2,1,1,Returning_Visitor,False,False
0,0.0,0,0.5,3,239.67,0.0,0.02,0.0,0.0,May,2,2,5,4,Returning_Visitor,True,False
6,164.47,0,0.0,54,2191.33,0.01,0.04,0.0,0.0,Oct,3,2,1,4,New_Visitor,True,False
0,2.64,0,0.5,6,239.67,0.0,0.02,0.0,0.29,May,2,4,4,4,Returning_Visitor,True,False
0,0.0,0,0.5,19,836.58,0.0,0.02,0.0,0.76,May,2,2,4,3,Returning_Visitor,False,False
1,24.04,0,0.0,30,1906.48,0.0,0.02,5.38,0.0,May,2,4,3,4,New_Visitor,False,False
1,24.04,0,0.0,6,239.67,0.0,0.02,5.38,0.0,Nov,2,4,3,1,Returning_Visitor,False,False
1,24.04,0,0.5,6,239.67,0.0,0.01,0.0,0.76,May,2,5,3,4,New_Visitor,False,False
0,2.64,0,0.5,38,1250.68,0.0,0.02,0.0,0.0,Mar,2,2,8,2,Returning_Visitor,True,False
8,202.0,0,0.5,107,3739.64,0.0,0.01,2.55,0.01,June,2,2,3,4,New_Visitor,False,False
0,2.64,0,0.5,6,139.0,0.0,0.02,0.0,0.0,May,1,1,1,3,Returning_Visitor,False,False
2,78.65,0,0.0,117,3894.95,0.0,0.02,0.82,0.01,June,2,2,1,4,Returning_Visitor,True,True
0,2.64,0,0.5,6,239.67,0.06,0.09,0.0,0.76,May,2,4,7,3,Returning_Visitor,False,False
2,57.25,2,18.47,32,1155.81,0.0,0.02,0.0,0.0,Jul,2,4,1,5,New_Visitor,False,True
10,1047.34,0,0.0,73,2767.62,0.0,0.02,52.68,0.29,May,7,13,9,20,Other,False,True
2,32.0,0,0.5,58,2191.33,0.01,0.04,2.48,0.31,Sep,2,4,3,6,Returning_Visitor,False,False
0,0.0,0,0.5,6,166.17,0.02,0.05,0.82,0.01,June,2,4,3,4,New_Visitor,False,False
1,24.04,0,0.5,23,660.8,0.0,0.0,65.87,0.0,May,3,2,1,20,New_Visitor,False,True
1,24.04,0,0.5,29,1198.75,0.0,0.02,1.38,0.0,Mar,2,2,7,1,Returning_Visitor,False,False
0,0.0,0,0.5,6,239.67,0.0,0.02,1.38,0.0,Mar,1,1,1,2,New_Visitor,False,False
0,0.0,0,0.5,6,183.5,0.01,0.03,0.0,0.0,Dec,2,2,1,2,Returning_Visitor,False,False
1,24.04,0,0.0,6,239.67,0.0,0.01,0.0,0.31,May,2,5,3,2,Returning_Visitor,False,False
0,0.0,0,0.5,28,1155.81,0.0,0.0,95.23,0.0,May,1,11,7,17,Returning_Visitor,False,False
0,0.0,0,0.5,6,239.67,0.01,0.04,5.38,0.76,May,1,1,1,3,Returning_Visitor,False,False
4,122.25,0,0.5,54,2007.52,0.01,0.04,0.0,0.0,Nov,2,10,3,1,Returning_Visitor,False,False
1,15.0,0,0.0,29,1155.81,0.01,0.05,5.38,0.0,May,2,5,3,3,Returning_Visitor,False,False
1,24.04,0,0.0,11,239.67,0.0,0.02,0.0,0.0,Mar,1,1,1,3,Returning_Visitor,True,False
0,0.0,0,0.5,12,460.2,0.06,0.11,0.82,0.0,Mar,2,10,3,2,New_Visitor,False,False
1,24.04,0,0.5,29,1089.75,0.0,0.01,1.38,0.0,Mar,2,5,3,2,New_Visitor,False,False
6,266.7,0,0.0,54,2191.33,0.0,0.02,5.38,0.0,Nov,2,2,1,4,Returning_Visitor,False,False
0,0.0,0,0.0,7,180.0,0.03,0.06,5.38,0.29,May,2,5,3,4,Returning_Visitor,False,False
6,202.0,3,47.75,41,1458.99,0.0,0.02,5.38,0.01,May,1,1,1,4,New_Visitor,False,False
0,2.64,0,0.0,7,865.28,0.0,0.03,0.0,0.0,Mar,2,4,3,2,New_Visitor,False,False
3,76.75,1,50.54,29,1100.92,0.0,0.02,5.38,0.0,May,2,4,1,4,New_Visitor,False,False
1,464.0,0,0.5,19,1834.08,0.02,0.05,1.38,0.0,Mar,1,1,1,10,Returning_Visitor,True,False
1,24.04,0,0.5,6,239.67,0.01,0.03,0.82,0.31,June,2,2,3,2,Returning_Visitor,False,True
0,0.0,0,0.5,6,239.67,0.0,0.02,1.96,0.0,Dec,2,2,4,2,Returning_Visitor,True,False
1,24.04,0,0.5,6,239.67,0.0,0.02,5.38,0.0,Nov,2,2,1,2,New_Visitor,False,False
6,182.51,0,0.5,13,595.6,0.0,0.02,5.38,0.0,Nov,1,1,5,1,Returning_Visitor,False,False
2,57.25,0,0.5,6,239.67,0.0,0.02,0.0,0.29,May,2,10,3,4,Returning_Visitor,False,False
4,77.5,0,0.0,71,1361.78,0.0,0.01,0.82,0.31,June,2,5,1,2,Returning_Visitor,False,False
5,154.08,1,21.8,78,3621.61,0.0,0.02,18.78,0.76,May,2,4,1,3,Returning_Visitor,False,False
1,24.04,0,0.5,6,239.67,0.0,0.02,0.0,0.76,May,2,2,3,4,Returning_Visitor,True,False
1,24.04,0,0.5,6,239.67,0.01,0.04,5.38,0.31,May,2,2,3,13,Returning_Visitor,False,False
1,27.0,2,22.0,6,239.67,0.0,0.02,0.82,0.0,Mar,4,1,1,1,Returning_Visitor,False,False
1,24.04,0,0.5,23,641.5,0.0,0.04,5.38,0.76,May,4,5,3,3,Returning_Visitor,False,False
0,2.64,0,0.5,19,541.5,0.05,0.09,0.0,0.31,May,2,5,3,1,Returning_Visitor,False,False
6,182.51,0,0.0,54,2191.33,0.0,0.02,5.38,0.01,May,2,4,1,4,New_Visitor,False,True
4,144.08,1,50.54,54,2191.33,0.0,0.02,0.82,0.0,Mar,1,1,8,1,Returning_Visitor,False,False
1,24.04,0,0.0,6,239.67,0.0,0.03,0.0,0.76,May,2,2,3,3,Returning_Visitor,False,False
4,149.5,2,56.5,54,2191.33,0.0,0.02,0.82,0.0,Mar,1,1,8,2,New_Visitor,False,False
6,202.0,2,123.55,80,2938.01,0.0,0.02,1.96,0.31,Sep,3,2,1,2,Returning_Visitor,True,False
0,2.64,0,0.5,24,836.58,0.0,0.02,5.38,0.8,May,2,4,1,4,New_Visitor,False,False
0,0.0,0,0.0,6,178.5,0.0,0.02,4.75,0.76,Sep,8,13,9,20,Returning_Visitor,False,False
5,169.98,1,50.54,54,2191.33,0.0,0.02,5.38,0.0,Nov,2,2,6,1,Returning_Visitor,False,True
0,0.0,0,0.5,19,463.4,0.0,0.02,5.38,0.0,Oct,2,2,1,2,New_Visitor,False,False
1,24.04,0,0.5,8,279.86,0.0,0.02,0.82,0.01,June,2,2,1,3,Returning_Visitor,False,False
1,24.04,0,0.0,6,239.67,0.0,0.02,0.82,0.0,Mar,2,2,3,1,Returning_Visitor,False,False
0,0.0,0,0.0,6,266.17,0.0,0.02,5.38,0.0,Nov,2,4,1,2,New_Visitor,False,False
1,24.04,0,0.5,1,24.0,0.04,0.09,5.38,0.0,May,1,1,1,3,Returning_Visitor,True,False
1,24.04,0,0.0,41,1646.37,0.01,0.03,0.0,0.01,June,2,4,2,4,Returning_Visitor,False,False
0,2.64,0,0.5,27,701.9,0.01,0.02,0.82,0.01,June,3,2,1,4,New_Visitor,False,False
3,129.24,1,50.54,22,836.58,0.0,0.02,5.38,0.76,May,2,4,2,4,New_Visitor,False,False
6,202.0,0,0.5,54,2802.37,0.0,0.02,16.97,0.01,May,3,2,1,4,New_Visitor,False,False
1,24.04,0,0.0,34,1248.0,0.0,0.02,0.0,0.76,May,1,1,1,3,Returning_Visitor,False,False
1,0.0,0,0.5,6,239.67,0.01,0.05,0.82,0.0,Jul,2,2,4,1,Returning_Visitor,False,False
0,2.64,0,0.5,16,757.39,0.01,0.05,0.0,0.0,Nov,1,1,1,3,Returning_Visitor,False,False
0,0.0,0,0.5,6,239.67,0.02,0.05,0.82,0.0,June,1,1,1,4,New_Visitor,True,False
2,60.4,0,0.5,4,239.67,0.0,0.02,0.82,0.01,June,1,1,1,4,New_Visitor,False,False
4,144.08,1,50.54,10,153.9,0.02,0.04,5.38,0.76,May,3,2,6,3,Returning_Visitor,False,True
1,24.04,1,50.54,45,1736.45,0.0,0.02,5.38,0.76,May,2,5,3,4,New_Visitor,False,False
1,24.04,0,0.0,1,239.67,0.2,0.2,0.0,0.76,May,1,1,1,3,Returning_Visitor,False,False
1,24.04,0,0.5,53,2191.33,0.01,0.03,5.38,0.31,May,2,2,5,2,Returning_Visitor,True,False
1,24.04,0,0.5,6,239.67,0.0,0.02,0.0,0.0,Dec,1,11,3,16,New_Visitor,False,False
0,0.0,0,0.0,6,239.67,0.0,0.08,0.0,0.29,May,1,1,1,3,Returning_Visitor,False,False
0,0.0,2,499.0,12,755.0,0.0,0.02,71.49,0.0,May,1,1,2,2,Returning_Visitor,False,True
3,129.24,0,0.0,24,892.0,0.0,0.02,0.0,0.0,Mar,3,2,1,2,Returning_Visitor,True,False
8,240.07,2,116.22,29,1167.32,0.0,0.02,4.75,0.0,Dec,2,12,1,19,Returning_Visitor,False,False
0,2.64,0,0.0,6,78.33,0.0,0.02,0.0,0.76,May,1,1,1,4,New_Visitor,False,False
0,2.64,0,0.5,29,1183.2,0.0,0.02,0.0,0.0,Oct,2,6,2,1,Returning_Visitor,False,False
1,24.04,0,0.0,6,239.67,0.03,0.06,1.96,0.0,Dec,2,2,3,1,Returning_Visitor,False,False
2,57.25,0,0.5,8,294.0,0.0,0.02,5.38,0.0,Nov,2,4,3,8,Returning_Visitor,True,False
1,24.04,0,0.5,6,239.67,0.0,0.02,5.38,0.31,May,1,1,1,1,Returning_Visitor,False,False
1,24.04,0,0.5,34,1238.5,0.01,0.02,5.38,0.01,May,3,2,1,3,Returning_Visitor,False,False
2,57.25,0,0.0,23,652.5,0.0,0.02,0.82,0.01,June,2,2,3,3,Returning_Visitor,False,False
0,2.64,0,0.0,16,824.23,0.0,0.05,0.0,0.0,Nov,2,4,3,2,Returning_Visitor,True,True
4,129.9,0,0.5,70,2701.96,0.0,0.02,0.0,0.0,Nov,2,4,7,1,Returning_Visitor,False,False
1,24.04,0,0.5,23,797.0,0.0,0.02,0.82,0.0,Mar,2,2,3,2,Returning_Visitor,False,False
1,24.04,1,50.54,6,239.67,0.0,0.02,0.0,0.31,Sep,1,1,1,2,Returning_Visitor,True,False
0,2.64,0,0.0,6,239.67,0.0,0.02,5.38,1.0,May,2,2,5,4,Returning_Visitor,True,False
0,2.64,0,0.5,6,81.67,0.0,0.02,0.0,0.31,May,2,2,7,2,Returning_Visitor,True,False
1,24.04,0,0.0,28,961.25,0.0,0.02,0.0,0.0,Dec,3,2,1,1,Returning_Visitor,False,False
6,155.0,1,50.54,54,2191.33,0.0,0.02,16.56,0.0,Nov,1,1,1,1,Returning_Visitor,False,False
1,14.0,0,0.0,13,595.6,0.0,0.02,0.0,0.0,Mar,1,1,4,2,Returning_Visitor,True,False
4,129.24,0,0.5,54,2270.91,0.0,0.02,5.38,0.01,May,2,2,1,3,Returning_Visitor,False,False
8,352.37,1,50.54,11,239.67,0.0,0.01,0.82,0.0,Mar,1,1,8,2,Returning_Visitor,True,True
5,154.08,1,50.54,54,2191.33,0.05,0.09,5.38,0.76,May,1,1,4,11,Returning_Visitor,False,False
1,24.04,0,0.5,19,528.25,0.0,0.02,5.38,0.31,May,2,2,5,2,Returning_Visitor,True,False
6,202.0,1,377.0,6,239.67,0.03,0.06,0.82,0.4,June,1,1,1,2,Returning_Visitor,True,False
9,699.0,0,0.5,9,239.67,0.0,0.02,0.0,0.76,May,3,4,3,4,New_Visitor,False,False
0,2.64,0,0.0,6,231.75,0.0,0.02,0.0,0.0,Nov,1,1,1,2,Returning_Visitor,True,False
1,24.04,0,0.5,6,130.75,0.04,0.09,0.82,0.0,Mar,2,4,1,2,New_Visitor,False,False
1,17.2,0,0.5,14,394.8,0.01,0.03,5.38,0.0,Nov,2,12,4,9,Returning_Visitor,False,False
6,202.0,3,309.73,58,2191.33,0.0,0.02,5.38,0.31,Aug,1,1,6,1,Returning_Visitor,False,False
0,2.64,0,0.5,24,869.0,0.0,0.02,0.0,0.0,May,3,5,3,3,Returning_Visitor,False,False
6,195.0,1,50.54,56,3408.27,0.0,0.02,5.38,0.0,Nov,3,2,1,1,Returning_Visitor,False,True
1,4.5,0,0.0,6,239.67,0.0,0.01,0.82,0.0,Mar,2,2,8,2,Returning_Visitor,True,False
7,163.67,1,50.54,6,119.33,0.0,0.02,1.38,0.0,Mar,1,1,8,2,New_Visitor,False,False
6,182.51,1,50.54,40,1190.4,0.0,0.02,17.19,0.0,Nov,2,2,1,11,Returning_Visitor,False,False
6,182.51,1,50.54,54,2191.33,0.0,0.02,0.82,0.0,Mar,1,2,1,2,New_Visitor,True,False
1,24.04,0,0.5,3,17.0,0.0,0.02,0.0,0.0,Mar,3,2,1,2,New_Visitor,False,False
1,24.04,0,0.5,6,239.67,0.0,0.02,0.0,0.0,Nov,2,10,3,2,New_Visitor,False,True
6,202.0,3,348.6,6,233.17,0.04,0.09,11.12,0.29,May,2,7,3,7,Returning_Visitor,False,False
0,2.64,1,0.0,5,239.67,0.01,0.05,0.0,0.0,Nov,2,2,6,2,Returning_Visitor,True,False
1,24.04,0,0.5,23,658.92,0.0,0.02,1.96,0.0,Dec,2,2,3,9,Returning_Visitor,False,False
0,0.0,0,0.0,11,559.25,0.04,0.04,1.96,0.0,Dec,2,4,1,2,New_Visitor,False,False
1,24.04,0,0.5,16,757.39,0.0,0.0,0.82,0.76,June,2,2,1,2,New_Visitor,True,False
0,0.0,0,0.0,88,3195.76,0.0,0.02,0.82,0.2,June,2,2,1,4,Returning_Visitor,True,False
1,24.04,0,0.5,6,239.67,0.0,0.02,5.38,0.0,Nov,1,1,1,2,New_Visitor,True,False
9,202.0,1,50.54,60,1394.24,0.0,0.02,1.96,0.0,Dec,3,2,7,1,Returning_Visitor,False,True
0,0.0,0,0.5,6,239.67,0.0,0.02,0.0,0.29,May,1,1,1,3,Returning_Visitor,False,False
2,57.25,0,0.5,6,239.67,0.0,0.02,0.0,0.0,Nov,2,4,3,2,Returning_Visitor,True,False
0,0.0,0,0.5,19,550.5,0.01,0.03,0.0,0.0,Mar,2,10,3,2,New_Visitor,True,False
0,0.0,0,0.5,6,239.67,0.2,0.2,0.82,0.01,June,2,4,3,3,Returning_Visitor,False,False
0,0.0,0,0.5,4,352.0,0.1,0.15,0.0,0.76,May,2,4,1,4,Returning_Visitor,False,False
1,24.04,0,0.5,29,1433.63,0.01,0.02,0.0,0.31,May,2,2,3,2,Returning_Visitor,True,False
0,2.64,0,0.0,8,275.5,0.01,0.03,0.0,0.0,Nov,2,2,8,2,New_Visitor,False,False
1,24.04,0,0.5,1,239.67,0.2,0.2,0.0,0.0,May,2,2,8,4,New_Visitor,False,False
5,62.0,0,0.0,54,2191.33,0.0,0.02,5.38,0.01,May,1,1,4,3,Returning_Visitor,False,False
4,134.61,0,0.5,73,2656.18,0.0,0.02,5.38,0.0,May,2,5,3,4,New_Visitor,False,False
0,0.0,0,0.5,6,239.67,0.0,0.02,0.0,0.0,May,3,2,1,4,New_Visitor,False,False
1,24.04,0,0.0,37,1155.81,0.0,0.02,0.82,0.0,Mar,2,2,1,1,Returning_Visitor,False,False
2,57.25,1,50.54,41,1530.19,0.0,0.01,5.38,0.0,Nov,2,4,1,2,New_Visitor,False,False
1,24.04,0,0.5,39,1250.68,0.0,0.01,0.0,0.01,May,2,4,3,4,Returning_Visitor,True,False
4,111.17,2,25.75,54,2191.33,0.0,0.01,0.82,0.0,Mar,1,1,8,2,New_Visitor,False,False
1,24.04,0,0.5,6,249.41,0.02,0.02,5.38,0.0,Oct,1,1,8,2,New_Visitor,False,False
0,2.64,0,0.5,6,239.67,0.0,0.02,68.38,0.76,May,1,1,5,17,Returning_Visitor,False,True
4,135.5,0,0.5,50,1535.64,0.0,0.02,0.82,0.0,Mar,2,5,3,4,Returning_Visitor,False,False
6,78.75,0,0.0,54,2191.33,0.0,0.02,0.82,0.01,June,4,2,1,4,New_Visitor,False,False
1,24.04,0,0.5,10,239.67,0.0,0.02,5.38,0.76,May,4,1,3,4,New_Visitor,False,False
0,0.0,0,0.5,6,167.5,0.0,0.02,0.0,0.31,May,3,2,1,1,Returning_Visitor,False,False
2,40.2,2,116.22,6,186.7,0.0,0.02,5.38,0.0,Oct,3,2,4,2,New_Visitor,True,False
10,572.1,0,0.5,142,5142.86,0.01,0.02,0.77,0.0,Jul,3,2,3,13,Returning_Visitor,False,False
0,0.0,0,0.0,73,2676.0,0.0,0.02,5.38,0.6,May,2,6,3,3,Returning_Visitor,True,False
1,24.04,0,0.5,43,1351.12,0.01,0.02,5.38,0.01,May,2,2,1,4,Returning_Visitor,False,False
1,24.04,0,0.0,8,308.33,0.0,0.02,5.38,0.0,Nov,3,2,1,2,New_Visitor,True,False
1,24.04,0,0.5,6,239.67,0.0,0.01,0.0,0.01,Aug,3,2,1,4,New_Visitor,False,True
9,1047.34,0,0.0,15,595.6,0.0,0.02,92.94,0.76,May,1,8,1,17,Returning_Visitor,True,True
0,2.64,0,0.5,1,239.67,0.2,0.2,0.0,0.0,May,1,1,6,4,Returning_Visitor,True,False
2,33.0,0,0.5,9,354.0,0.0,0.02,0.82,0.0,Mar,3,2,1,2,New_Visitor,False,False
6,202.0,5,587.41,54,2191.33,0.0,0.02,5.38,0.0,Nov,3,2,1,1,Returning_Visitor,False,False
1,24.04,0,0.5,28,1030.27,0.0,0.02,0.82,0.01,June,2,2,1,4,New_Visitor,False,False
0,0.0,0,0.5,6,239.67,0.05,0.07,5.38,0.29,May,1,1,1,3,Returning_Visitor,False,False
5,154.08,0,0.0,23,794.99,0.01,0.02,0.82,0.01,June,1,1,1,4,Returning_Visitor,True,False
1,24.04,0,0.0,6,239.67,0.02,0.05,0.0,0.0,May,1,1,1,2,Returning_Visitor,True,False
1,24.04,0,0.0,6,239.67,0.0,0.02,5.38,0.76,May,2,3,4,4,Returning_Visitor,True,False
0,0.0,0,0.0,24,883.93,0.0,0.01,5.38,0.0,Nov,1,1,1,2,New_Visitor,False,False
0,2.64,0,0.5,6,239.67,0.0,0.02,0.82,0.4,June,1,1,1,2,New_Visitor,False,False
6,202.0,2,38.2,87,3362.75,0.03,0.04,5.38,0.0,Nov,1,1,1,3,Returning_Visitor,False,False
1,24.04,0,0.0,28,957.67,0.0,0.0,5.38,0.0,May,2,2,8,4,New_Visitor,False,False
6,202.0,0,0.5,6,239.67,0.0,0.02,0.0,0.8,May,1,1,1,4,New_Visitor,False,False
1,24.04,0,0.5,6,239.67,0.0,0.02,0.0,0.31,May,1,1,1,1,Returning_Visitor,False,False
5,154.08,1,50.54,6,239.67,0.0,0.02,0.0,0.0,Dec,1,1,3,2,New_Visitor,True,False
2,57.25,0,0.0,6,239.67,0.0,0.02,1.96,0.0,Dec,2,2,1,2,New_Visitor,False,False
0,2.64,0,0.5,6,254.0,0.0,0.02,0.0,0.0,Nov,1,1,4,1,Returning_Visitor,False,False
6,202.0,5,546.5,54,2191.33,0.0,0.02,0.82,0.0,Mar,2,2,3,9,Returning_Visitor,False,True
2,57.25,0,0.5,6,239.67,0.0,0.02,0.82,0.0,Mar,2,10,3,2,New_Visitor,False,False
0,2.64,0,0.5,1,239.67,0.04,0.09,0.0,0.0,Dec,2,2,1,2,New_Visitor,False,False
6,202.0,0,0.0,6,239.67,0.03,0.06,0.82,0.0,Mar,1,1,1,13,Returning_Visitor,True,True
0,2.64,0,0.5,6,0.0,0.08,0.12,0.82,0.01,June,2,4,1,3,Returning_Visitor,False,False
0,2.64,0,0.5,2,239.67,0.11,0.15,0.0,0.29,May,2,10,3,3,Returning_Visitor,False,False
2,63.0,0,0.0,22,2232.5,0.0,0.02,0.82,0.01,June,2,5,3,4,New_Visitor,False,False
0,0.0,0,0.5,33,1155.81,0.0,0.02,1.96,0.0,Dec,2,2,3,2,Returning_Visitor,True,False
6,202.0,3,204.25,54,2191.33,0.0,0.01,0.82,0.76,June,3,2,1,2,New_Visitor,False,True
0,0.0,0,0.0,7,245.4,0.02,0.08,3.27,0.0,Sep,3,2,1,3,Returning_Visitor,False,False
0,0.0,0,0.0,39,1250.68,0.0,0.02,5.38,0.0,Nov,2,2,1,2,New_Visitor,False,False
7,202.0,1,50.54,54,2213.82,0.0,0.02,0.94,0.01,Feb,3,2,1,4,Returning_Visitor,False,False
1,24.04,0,0.0,8,239.67,0.0,0.02,4.75,0.0,Dec,1,8,1,19,Returning_Visitor,True,False
2,57.25,0,0.0,6,117.25,0.0,0.02,5.38,0.29,May,1,5,7,11,Returning_Visitor,False,True
0,2.64,0,0.5,73,2719.73,0.0,0.02,0.0,0.0,Nov,2,10,3,2,New_Visitor,False,False
0,0.0,0,0.5,23,812.0,0.0,0.01,0.0,0.0,Mar,1,1,1,1,Returning_Visitor,False,False
4,140.75,2,123.55,54,2191.33,0.0,0.02,0.0,0.0,Nov,2,2,3,2,Returning_Visitor,False,False
1,24.04,0,0.5,6,0.0,0.2,0.2,0.0,0.0,Dec,2,2,4,13,Returning_Visitor,False,False
0,0.0,0,0.0,6,239.67,0.0,0.02,0.0,0.0,Dec,1,1,1,2,Returning_Visitor,True,False
0,0.0,0,0.5,16,370.67,0.0,0.02,1.96,0.0,Dec,3,2,1,2,New_Visitor,False,False
0,2.64,0,0.0,25,629.5,0.0,0.01,0.82,0.0,Mar,2,2,3,13,Returning_Visitor,False,False
0,0.0,0,0.0,6,239.67,0.0,0.02,0.0,0.76,May,1,1,3,4,Returning_Visitor,False,False
4,134.61,0,0.0,54,2351.05,0.01,0.02,0.0,0.0,May,2,10,3,4,Returning_Visitor,True,False
1,24.04,0,0.5,6,239.67,0.0,0.02,0.0,0.31,May,1,1,1,2,Returning_Visitor,False,False
0,2.64,0,0.5,6,239.67,0.11,0.15,1.38,0.0,Mar,2,10,3,2,New_Visitor,False,False
0,2.64,0,0.5,6,239.67,0.03,0.03,1.96,0.0,Dec,1,1,1,3,Returning_Visitor,False,False
0,0.0,0,0.0,6,239.67,0.0,0.02,0.0,0.0,Nov,2,2,3,2,Returning_Visitor,True,False
2,48.67,0,0.5,6,239.67,0.01,0.03,12.03,0.0,Nov,1,1,3,2,New_Visitor,False,False
0,0.0,0,0.0,6,239.67,0.02,0.06,5.38,0.0,Nov,2,2,9,1,Returning_Visitor,False,False
6,202.0,2,358.6,23,676.27,0.0,0.02,5.38,0.0,Nov,2,2,2,2,New_Visitor,False,False
1,24.04,0,0.5,6,239.67,0.02,0.08,5.38,0.76,May,2,2,2,4,Returning_Visitor,False,False
1,24.04,0,0.5,6,187.0,0.03,0.07,1.38,0.0,Mar,1,1,1,1,Returning_Visitor,False,False
2,57.25,0,0.0,9,357.4,0.0,0.01,0.82,0.31,June,2,2,1,2,New_Visitor,True,False
1,24.04,0,0.0,6,239.67,0.0,0.02,0.82,0.0,Mar,2,5,3,2,New_Visitor,False,False
1,16.0,0,0.0,50,1743.52,0.0,0.01,5.38,0.0,Nov,2,2,1,2,Returning_Visitor,False,False
3,142.13,2,123.55,8,239.67,0.0,0.02,0.0,0.0,Oct,1,1,1,2,Returning_Visitor,True,False
1,24.04,0,0.0,6,239.67,0.0,0.02,76.78,0.76,May,2,2,9,20,New_Visitor,False,False
0,0.0,0,0.5,6,239.67,0.04,0.1,0.0,0.0,Dec,2,6,3,1,Returning_Visitor,False,False
0,0.0,0,0.5,14,595.6,0.0,0.02,0.0,0.29,May,1,1,5,4,Returning_Visitor,True,False
0,0.0,0,0.0,2,239.67,0.04,0.1,5.38,0.76,May,1,1,1,4,New_Visitor,False,False
0,0.0,0,0.5,65,2701.96,0.01,0.03,65.87,0.8,May,1,1,1,17,Returning_Visitor,False,False
1,24.04,0,0.5,6,239.67,0.0,0.0,5.38,0.01,May,1,8,1,4,Returning_Visitor,False,False
0,2.64,0,0.5,1,0.0,0.2,0.2,1.96,0.0,Dec,2,2,1,13,Returning_Visitor,False,False
4,144.08,1,50.54,54,2191.33,0.0,0.02,39.82,0.76,May,2,5,3,4,New_Visitor,False,True
11,1047.34,1,50.54,73,2743.82,0.0,0.02,61.53,0.29,May,1,1,2,20,Returning_Visitor,False,False
0,0.0,0,0.0,14,1539.0,0.02,0.03,5.38,0.31,May,2,10,1,2,Returning_Visitor,False,False
1,24.04,0,0.5,11,92.4,0.0,0.02,0.0,0.76,May,2,4,3,4,New_Visitor,False,False
1,24.04,0,0.0,6,239.67,0.0,0.02,0.0,0.76,May,2,4,1,4,Returning_Visitor,False,False
0,0.0,0,0.5,6,239.67,0.2,0.2,5.38,0.0,May,2,10,3,4,Returning_Visitor,False,False
2,44.0,0,0.0,6,239.67,0.0,0.02,0.0,0.31,May,1,1,8,2,Returning_Visitor,True,False
1,24.04,0,0.0,6,0.0,0.2,0.2,1.96,0.0,Dec,1,1,7,9,Returning_Visitor,False,False
0,0.0,0,0.5,23,648.0,0.0,0.1,0.82,0.8,June,1,1,1,1,Returning_Visitor,False,False
0,0.0,5,778.04,1,239.67,0.04,0.09,0.0,0.76,May,1,1,3,3,Returning_Visitor,False,False
0,2.64,0,0.0,6,239.67,0.02,0.04,0.82,0.29,June,1,1,4,3,Returning_Visitor,False,False
10,822.67,1,50.54,54,2191.33,0.0,0.02,0.82,0.01,June,1,1,1,4,New_Visitor,False,False
4,78.0,0,0.5,21,836.58,0.0,0.02,5.38,0.76,May,1,1,1,3,Returning_Visitor,False,False
2,60.2,0,0.5,12,165.4,0.0,0.02,0.82,0.0,Mar,1,1,1,6,Returning_Visitor,False,False
0,0.0,0,0.5,28,914.5,0.0,0.02,0.82,0.0,Mar,1,1,1,1,Returning_Visitor,False,False
0,0.0,0,0.5,6,239.67,0.03,0.08,0.0,0.8,May,2,2,3,3,Returning_Visitor,False,False
1,5.0,0,0.0,6,119.6,0.0,0.02,0.82,0.01,June,2,4,3,4,New_Visitor,False,True
9,1047.34,0,0.5,17,295.0,0.01,0.04,0.0,0.8,May,1,11,3,17,Returning_Visitor,True,False
3,129.24,0,0.0,54,2191.33,0.0,0.01,5.38,0.01,May,2,2,4,3,Returning_Visitor,False,False
1,14.0,0,0.5,6,239.67,0.0,0.02,5.38,0.0,Nov,1,1,1,2,New_Visitor,False,False
0,0.0,0,0.0,6,239.67,0.0,0.02,5.38,0.0,Nov,3,2,3,13,Returning_Visitor,False,False
0,2.64,0,0.0,9,239.67,0.02,0.05,0.82,0.01,June,2,2,1,4,Returning_Visitor,True,False
0,0.0,0,0.5,6,239.67,0.0,0.07,5.38,0.0,May,1,1,1,3,Returning_Visitor,False,False
0,0.0,1,50.54,66,2701.96,0.0,0.02,0.82,0.29,June,1,1,8,4,Returning_Visitor,False,False
0,0.0,0,0.0,6,239.67,0.07,0.12,5.38,1.0,May,3,2,4,1,Returning_Visitor,False,False
1,24.04,0,0.5,6,239.67,0.04,0.1,0.0,0.31,May,1,1,3,1,Returning_Visitor,False,False
0,0.0,0,0.5,1,239.67,0.2,0.2,1.38,0.31,Feb,3,2,3,2,Returning_Visitor,True,False
0,0.0,0,0.0,15,595.6,0.0,0.02,5.38,0.76,May,2,2,6,3,Returning_Visitor,False,False
1,24.04,0,0.5,25,1690.98,0.0,0.02,1.38,0.0,Mar,1,1,1,1,Returning_Visitor,False,False
1,24.04,1,50.54,12,442.89,0.0,0.01,0.0,0.0,Sep,3,2,1,4,New_Visitor,False,False
0,2.64,0,0.5,16,450.83,0.04,0.07,0.82,0.01,June,2,2,3,3,Returning_Visitor,False,False
12,477.14,0,0.0,54,2191.33,0.0,0.02,5.38,0.01,May,2,10,7,4,New_Visitor,True,False
6,32.5,1,50.54,54,2191.33,0.01,0.03,7.53,0.8,May,1,8,1,17,Returning_Visitor,True,False
0,0.0,0,0.5,24,836.58,0.0,0.02,0.82,0.0,Mar,2,2,1,2,Returning_Visitor,True,False
2,57.25,0,0.5,6,239.67,0.0,0.02,0.0,0.0,May,3,2,8,3,Returning_Visitor,False,False
1,5.0,0,0.5,92,1688.06,0.0,0.02,5.38,0.0,May,2,10,3,6,Returning_Visitor,False,False
0,0.0,0,0.0,6,239.67,0.03,0.06,1.96,0.31,Sep,2,5,3,1,Returning_Visitor,False,False
0,0.0,0,0.0,6,0.0,0.13,0.17,0.82,0.01,June,3,4,3,3,Returning_Visitor,False,False
1,24.04,0,0.0,28,902.77,0.02,0.05,5.38,0.76,May,1,1,8,4,Returning_Visitor,False,False
4,75.0,2,312.0,50,1887.23,0.0,0.02,1.96,0.0,Dec,2,4,3,2,Returning_Visitor,False,False
1,24.04,0,0.5,4,239.67,0.0,0.02,1.38,0.0,Mar,2,2,1,1,Returning_Visitor,False,False
1,24.04,0,0.5,35,1155.81,0.0,0.02,0.82,0.76,June,1,1,1,2,New_Visitor,True,False
0,0.0,0,0.5,18,271.17,0.0,0.01,0.82,0.31,June,2,5,3,2,New_Visitor,False,False
5,38.58,2,9.0,19,584.38,0.0,0.02,0.82,0.0,Jul,1,1,8,2,New_Visitor,True,True
1,24.04,0,0.5,6,239.67,0.0,0.02,5.38,0.31,May,2,4,9,1,Returning_Visitor,False,False
1,24.04,0,0.0,7,239.67,0.0,0.02,5.38,0.29,May,4,1,1,3,Returning_Visitor,False,False
6,202.0,0,0.5,5,239.67,0.0,0.02,0.82,0.0,Mar,2,5,3,10,Returning_Visitor,False,False
0,2.64,0,0.0,16,757.39,0.0,0.02,0.0,0.0,Dec,1,1,4,2,Returning_Visitor,True,False
3,43.0,1,50.54,54,2191.33,0.0,0.02,0.82,0.76,June,3,2,1,2,New_Visitor,False,False
2,57.25,0,0.0,23,681.5,0.0,0.02,0.0,0.0,Nov,2,4,3,2,New_Visitor,False,False
1,24.04,0,0.5,6,239.67,0.0,0.02,0.82,0.0,Mar,1,1,1,2,Returning_Visitor,True,False
0,0.0,0,0.5,6,239.67,0.06,0.08,0.82,0.0,Jul,3,2,1,2,New_Visitor,False,False
1,24.04,0,0.5,10,239.67,0.0,0.02,0.0,0.0,Mar,2,4,3,2,New_Visitor,False,False
1,21.0,0,0.5,11,385.0,0.0,0.02,0.82,0.31,June,2,5,3,2,Returning_Visitor,False,False
6,202.0,2,116.22,50,1788.37,0.02,0.04,0.82,0.76,June,1,1,8,2,New_Visitor,False,True
0,0.0,0,0.0,45,1351.12,0.0,0.02,0.0,0.0,Nov,1,1,1,13,Returning_Visitor,False,False
1,24.04,0,0.0,54,2074.4,0.0,0.02,7.25,0.31,Aug,2,7,3,1,Returning_Visitor,False,False
0,2.64,0,0.0,16,757.39,0.0,0.02,0.0,0.0,Oct,2,5,3,20,Returning_Visitor,False,False
1,24.04,0,0.5,8,239.67,0.0,0.02,0.0,0.31,May,1,1,1,1,Returning_Visitor,False,False
0,0.0,0,0.5,6,239.67,0.0,0.02,5.38,0.0,Nov,2,2,1,1,Returning_Visitor,False,False
1,24.04,0,0.0,6,153.2,0.02,0.06,27.89,0.31,May,2,2,7,13,Returning_Visitor,False,True
1,24.04,0,0.5,6,239.67,0.0,0.02,0.0,0.29,May,2,2,1,3,Returning_Visitor,False,False
6,206.03,1,50.54,54,2191.33,0.0,0.02,0.82,0.29,June,2,10,3,3,Returning_Visitor,False,True
5,154.08,0,0.5,36,1346.63,0.0,0.02,0.0,0.0,Nov,2,10,3,2,Returning_Visitor,False,False
0,0.0,0,0.0,16,757.39,0.0,0.02,5.38,0.76,May,1,1,1,4,Returning_Visitor,True,False
1,24.04,0,0.5,6,239.67,0.0,0.02,5.38,0.31,May,2,10,3,2,Returning_Visitor,False,False
1,24.04,0,0.5,21,836.58,0.0,0.02,0.0,0.0,Nov,3,2,1,3,Returning_Visitor,False,False
3,52.53,1,50.54,54,2191.33,0.01,0.03,26.19,0.0,Jul,5,4,1,1,Returning_Visitor,False,True
1,24.04,0,0.5,6,239.67,0.01,0.03,5.38,0.0,Nov,2,10,3,2,Returning_Visitor,True,True
1,24.04,0,0.5,11,297.25,0.0,0.02,5.38,0.0,Nov,2,2,3,1,Returning_Visitor,False,False
3,183.0,1,50.54,190,6375.07,0.0,0.02,0.0,0.0,May,2,2,1,3,Returning_Visitor,False,False
0,0.0,0,0.5,23,798.3,0.0,0.02,0.0,0.01,Aug,2,4,3,4,New_Visitor,False,False
1,24.04,0,0.5,2,30.0,0.0,0.02,1.38,0.0,Mar,1,1,1,1,Returning_Visitor,False,False
1,5.0,0,0.5,6,239.67,0.04,0.09,0.0,0.76,May,1,1,1,3,Returning_Visitor,False,False
6,202.0,0,0.5,21,836.58,0.0,0.01,0.0,0.6,May,1,1,1,2,New_Visitor,False,False
4,174.0,0,0.0,54,2191.33,0.0,0.02,0.0,0.76,May,2,2,1,4,New_Visitor,False,False
0,0.0,0,0.0,6,47.0,0.1,0.12,0.0,0.76,May,2,4,3,3,Returning_Visitor,False,False
1,24.04,0,0.5,34,1245.3,0.0,0.02,1.38,0.0,Mar,2,2,7,9,Returning_Visitor,False,False
1,24.04,2,23.0,22,836.58,0.0,0.02,13.67,0.76,May,1,1,1,3,Returning_Visitor,False,True
1,24.04,1,50.54,8,318.07,0.0,0.02,0.0,0.0,Nov,1,1,8,2,Returning_Visitor,False,False
1,24.04,0,0.5,6,239.67,0.01,0.04,0.82,0.0,Jul,2,10,3,3,Returning_Visitor,False,False
1,24.04,0,0.5,6,239.67,0.0,0.02,5.38,0.76,May,1,1,1,4,New_Visitor,True,False
6,71.38,0,0.5,54,2335.63,0.0,0.01,0.82,0.01,June,2,2,3,4,Returning_Visitor,True,True
1,24.04,0,0.5,14,441.6,0.0,0.01,0.0,0.0,Sep,3,2,6,4,New_Visitor,True,False
1,24.04,0,0.5,6,239.67,0.0,0.02,0.0,0.0,Nov,2,4,3,2,New_Visitor,False,False
4,83.5,0,0.5,9,239.67,0.0,0.02,5.38,0.31,May,2,2,1,2,Returning_Visitor,False,False
1,24.04,0,0.0,10,239.67,0.0,0.02,0.0,0.31,May,1,1,1,2,Returning_Visitor,True,False
1,24.04,0,0.5,6,239.67,0.01,0.03,1.96,0.0,Dec,2,2,1,2,New_Visitor,False,False
3,129.24,2,91.0,41,1548.09,0.01,0.02,0.82,0.31,June,1,1,8,2,Returning_Visitor,True,False
1,24.04,0,0.5,6,239.67,0.0,0.01,0.82,0.0,Jul,1,1,1,1,Returning_Visitor,False,False
0,0.0,0,0.0,6,203.0,0.0,0.03,5.38,0.29,May,1,1,2,3,Returning_Visitor,False,False
1,24.04,0,0.0,41,1250.68,0.0,0.02,0.0,0.31,May,1,1,8,2,Returning_Visitor,True,False
1,24.04,0,0.5,6,239.67,0.2,0.2,1.38,0.0,Mar,3,2,1,1,Returning_Visitor,False,False
0,0.0,0,0.5,17,836.58,0.04,0.09,0.82,0.01,June,1,1,1,4,Returning_Visitor,True,False
9,171.67,3,127.89,54,2191.33,0.02,0.03,0.82,0.0,Mar,2,5,3,1,Returning_Visitor,False,False
1,24.04,2,7.0,19,561.09,0.03,0.06,0.82,0.76,June,3,2,1,1,Returning_Visitor,False,False
0,2.64,0,0.5,6,239.67,0.03,0.07,0.0,0.76,May,2,4,3,3,Returning_Visitor,False,False
0,0.0,0,0.5,6,239.67,0.03,0.08,0.82,0.31,June,1,1,1,6,Returning_Visitor,False,False
1,24.04,1,50.54,6,239.67,0.0,0.01,5.38,0.0,Nov,1,2,1,8,Returning_Visitor,True,True
0,0.0,0,0.5,6,239.67,0.0,0.02,0.82,0.0,Mar,2,2,3,1,Returning_Visitor,False,False
6,86.0,1,50.54,28,905.5,0.0,0.02,1.96,0.0,Dec,1,1,1,1,Returning_Visitor,False,True
4,72.5,0,0.5,6,239.67,0.0,0.02,100.1,0.0,May,2,2,3,11,Returning_Visitor,False,True
1,16.25,0,0.0,6,239.67,0.0,0.02,5.38,0.0,Nov,1,1,4,1,Returning_Visitor,True,False
1,24.04,0,0.0,14,365.4,0.0,0.02,0.82,0.0,Mar,2,10,3,1,Returning_Visitor,False,False
1,24.04,0,0.5,8,327.54,0.0,0.01,0.0,0.31,May,2,4,3,2,New_Visitor,False,False
1,24.04,0,0.5,6,239.67,0.0,0.02,5.38,0.31,May,2,2,7,2,Returning_Visitor,True,False
1,24.04,0,0.5,1,239.67,0.03,0.07,1.38,0.0,Mar,2,2,1,10,Returning_Visitor,False,False
1,24.04,0,0.5,17,386.42,0.0,0.02,5.38,0.76,May,2,2,1,4,New_Visitor,False,True
0,0.0,0,0.5,3,239.67,0.2,0.2,0.0,0.0,Dec,1,1,4,3,Returning_Visitor,False,False
0,0.0,0,0.0,6,97.83,0.03,0.08,0.0,0.0,Dec,3,2,1,1,Returning_Visitor,False,False
5,84.33,1,50.54,54,2191.33,0.0,0.02,0.82,0.01,June,1,1,1,3,Returning_Visitor,False,False
0,0.0,0,0.0,30,1224.75,0.0,0.02,0.82,0.31,June,2,5,1,2,Returning_Visitor,False,True
5,52.5,0,0.0,24,836.58,0.0,0.02,5.38,0.0,May,2,2,7,4,Returning_Visitor,True,False
5,154.08,1,50.54,12,442.89,0.01,0.04,0.0,0.0,Nov,1,1,1,2,New_Visitor,True,False
1,24.04,2,176.0,37,1155.81,0.0,0.01,5.38,0.29,May,2,5,3,4,Returning_Visitor,True,True
0,0.0,2,0.0,6,239.67,0.08,0.12,5.38,0.0,Nov,1,1,1,2,Returning_Visitor,True,False
0,2.64,0,0.5,8,279.0,0.0,0.02,5.38,0.0,May,2,2,2,4,Returning_Visitor,False,False
1,24.04,0,0.0,6,26.0,0.0,0.02,0.0,0.0,Dec,8,13,9,16,Returning_Visitor,False,False
2,131.5,0,0.5,54,1960.48,0.01,0.02,5.38,0.01,May,2,4,1,4,Returning_Visitor,False,True
1,24.04,0,0.5,6,239.67,0.0,0.0,39.16,0.0,Mar,2,13,1,2,New_Visitor,False,False
1,24.04,0,0.5,34,1331.0,0.0,0.02,0.82,0.0,Mar,2,4,3,2,New_Visitor,False,True
1,24.04,0,0.0,6,239.67,0.0,0.02,0.0,0.76,May,1,1,1,3,Returning_Visitor,False,False
6,202.0,1,194.5,56,1948.71,0.0,0.02,14.69,0.76,May,1,1,1,4,New_Visitor,False,True
5,271.75,1,50.54,54,2191.33,0.0,0.02,0.0,0.0,Nov,2,5,3,2,Returning_Visitor,False,False
5,154.08,0,0.0,150,6817.94,0.0,0.02,5.38,0.0,Nov,3,2,1,2,New_Visitor,False,True
1,24.04,0,0.5,6,239.67,0.0,0.02,1.96,0.0,Dec,1,1,1,2,Returning_Visitor,True,False
1,4.0,0,0.0,43,1351.12,0.0,0.02,0.82,0.29,June,4,1,4,3,Returning_Visitor,False,False
4,59.2,0,0.0,6,38.36,0.0,0.02,5.38,0.76,May,3,2,8,3,Returning_Visitor,False,False
3,129.24,0,0.0,54,2191.33,0.0,0.02,0.0,0.31,Sep,2,10,3,6,Returning_Visitor,False,False
1,24.04,0,0.5,8,304.27,0.0,0.02,5.38,0.76,May,1,1,4,4,Returning_Visitor,True,False
1,24.04,0,0.0,20,836.58,0.0,0.02,0.82,0.29,June,2,10,3,3,Returning_Visitor,False,False
1,24.04,1,10.07,23,836.58,0.0,0.02,0.0,0.0,Nov,3,2,4,2,New_Visitor,True,False
2,57.25,0,0.5,133,4815.7,0.0,0.01,0.82,0.0,Mar,1,1,8,2,New_Visitor,False,True
4,148.25,0,0.0,54,2191.33,0.0,0.0,0.0,0.0,Nov,1,1,1,8,New_Visitor,False,True
1,24.04,0,0.5,3,17.0,0.0,0.02,0.0,0.0,Nov,1,1,1,3,Returning_Visitor,False,False
1,24.04,0,0.5,19,582.27,0.0,0.02,0.0,0.76,May,2,2,5,3,Returning_Visitor,False,False
10,904.58,4,83.5,54,2191.33,0.0,0.02,29.87,0.01,May,2,10,3,12,Returning_Visitor,True,True
1,5.0,1,50.54,6,239.67,0.0,0.01,0.0,0.0,May,4,1,1,4,New_Visitor,False,False
1,69.6,0,0.5,46,1292.45,0.0,0.01,0.0,0.01,May,2,4,1,4,New_Visitor,False,False
7,202.0,1,50.54,27,836.58,0.0,0.02,10.05,0.0,Oct,2,12,3,10,Returning_Visitor,False,True
1,24.04,0,0.5,41,1227.71,0.0,0.02,5.38,0.0,Oct,1,1,3,3,Returning_Visitor,False,False
4,123.0,2,29.5,16,757.39,0.0,0.0,5.38,0.0,May,3,3,1,4,New_Visitor,False,False
0,0.0,0,0.0,6,239.67,0.01,0.03,1.96,0.0,Dec,2,4,4,1,Returning_Visitor,False,False
0,0.0,0,0.0,8,239.67,0.0,0.02,5.38,0.0,Nov,2,12,3,1,Returning_Visitor,False,True
3,129.24,0,0.5,15,595.6,0.0,0.02,5.38,0.76,May,2,5,1,4,New_Visitor,False,False
5,46.0,2,17.0,33,1540.58,0.0,0.02,10.84,0.76,May,2,2,1,4,New_Visitor,False,False
0,0.0,0,0.5,6,239.67,0.0,0.02,5.38,0.8,May,7,4,3,4,Returning_Visitor,False,False
0,0.0,0,0.5,6,239.67,0.02,0.05,1.38,0.0,Mar,1,1,6,1,Returning_Visitor,False,False
0,2.64,0,0.5,6,201.67,0.0,0.02,0.82,0.01,June,2,2,3,3,Returning_Visitor,False,False
1,11.43,2,123.55,20,836.58,0.0,0.02,5.38,0.0,May,2,5,3,4,Returning_Visitor,False,False
6,202.0,4,258.72,141,5142.86,0.0,0.02,0.82,0.01,June,1,1,1,3,Returning_Visitor,False,False
2,38.5,0,0.0,15,595.6,0.02,0.05,0.82,0.01,June,1,1,1,4,Returning_Visitor,True,False
1,24.04,0,0.5,24,867.99,0.0,0.02,0.82,0.01,June,2,4,3,4,New_Visitor,False,False
8,279.28,0,0.0,17,836.58,0.0,0.02,0.82,0.01,June,3,2,1,4,New_Visitor,False,True
1,24.04,0,0.5,6,239.67,0.0,0.02,5.38,0.0,Nov,2,4,4,1,Returning_Visitor,False,False
0,0.0,0,0.0,23,809.17,0.02,0.05,0.82,0.6,June,2,5,3,3,Returning_Visitor,False,False
1,24.04,0,0.5,54,2091.66,0.01,0.03,0.82,0.01,June,3,2,1,3,Returning_Visitor,True,False
0,0.0,0,0.5,6,239.67,0.0,0.02,5.38,0.0,Nov,2,2,3,1,Returning_Visitor,False,False
2,57.25,0,0.5,28,938.93,0.0,0.02,0.0,0.76,May,2,2,2,3,Returning_Visitor,False,False
0,0.0,0,0.5,6,239.67,0.0,0.02,5.38,0.29,May,1,1,4,4,Returning_Visitor,True,False
2,35.0,0,0.0,6,6.0,0.0,0.02,0.82,0.0,Mar,2,5,3,2,New_Visitor,False,False
4,144.08,0,0.0,32,1155.81,0.0,0.02,23.62,0.76,May,1,1,1,3,Returning_Visitor,False,True
1,24.04,0,0.0,20,836.58,0.0,0.02,5.38,0.0,May,2,2,3,3,Returning_Visitor,False,False
5,154.08,1,50.54,54,2191.33,0.0,0.01,0.0,0.0,Nov,1,1,4,9,Returning_Visitor,False,False
1,15.5,0,0.5,15,312.7,0.01,0.04,0.0,0.8,May,4,1,1,2,Returning_Visitor,False,False
10,498.6,1,50.54,54,2191.33,0.04,0.06,5.69,0.0,Jul,1,1,8,2,Returning_Visitor,True,True
1,24.04,0,0.5,11,113.8,0.08,0.12,5.38,0.0,Nov,2,4,1,2,New_Visitor,False,True
1,24.04,0,0.5,41,1567.85,0.0,0.02,5.38,0.0,Nov,2,2,1,2,Returning_Visitor,True,False
3,129.24,0,0.5,54,2191.33,0.0,0.02,5.38,0.0,May,1,1,4,3,Returning_Visitor,False,False
0,2.64,0,0.0,8,239.67,0.0,0.02,5.38,0.0,Nov,2,2,1,10,Returning_Visitor,False,False
0,0.0,0,0.5,19,464.0,0.0,0.02,5.38,0.0,Nov,2,2,1,2,New_Visitor,False,True
6,202.0,1,50.54,6,239.67,0.0,0.02,9.64,0.4,May,1,1,8,2,New_Visitor,False,True
1,24.04,1,50.54,6,239.67,0.0,0.02,1.96,0.0,Dec,1,1,1,2,Returning_Visitor,True,False
0,2.64,0,0.0,6,239.67,0.0,0.02,0.0,0.0,Dec,1,11,3,16,New_Visitor,False,False
1,24.04,0,0.0,28,954.47,0.0,0.01,0.82,0.0,Mar,3,2,1,1,Returning_Visitor,False,False
1,24.04,0,0.5,28,1059.25,0.01,0.04,0.0,0.76,May,2,4,3,4,New_Visitor,False,False
1,24.04,0,0.5,8,349.7,0.0,0.02,5.38,0.0,Oct,1,1,1,2,Returning_Visitor,False,False
2,36.0,0,0.5,41,1661.75,0.0,0.02,5.38,0.0,May,1,1,1,4,Returning_Visitor,True,False
1,24.04,0,0.5,44,1351.12,0.0,0.02,0.0,0.01,May,4,1,1,4,New_Visitor,False,False
0,2.64,0,0.5,6,239.67,0.03,0.08,5.38,0.0,Nov,3,2,1,2,New_Visitor,False,False
0,0.0,0,0.0,6,106.08,0.0,0.02,0.0,0.0,Nov,1,1,1,2,New_Visitor,False,False
0,2.64,0,0.0,6,239.67,0.01,0.03,5.38,0.0,Nov,1,1,8,2,New_Visitor,False,False
0,0.0,0,0.5,1,0.0,0.2,0.2,0.0,0.31,May,2,2,1,1,Returning_Visitor,False,False
1,24.04,0,0.0,6,239.67,0.2,0.2,0.82,0.01,June,2,4,3,4,Returning_Visitor,True,False
1,24.04,0,0.5,6,239.67,0.0,0.02,5.38,0.0,Nov,1,1,1,2,Returning_Visitor,True,False
1,24.04,0,0.5,10,239.67,0.0,0.02,5.38,0.31,May,1,1,3,2,Returning_Visitor,False,False
9,354.29,0,0.5,79,2938.01,0.0,0.01,5.38,0.29,May,2,4,2,3,Returning_Visitor,False,True
7,202.0,1,50.54,262,6774.82,0.0,0.02,0.0,0.01,June,2,5,3,4,Returning_Visitor,True,False
3,68.6,0,0.5,97,3195.76,0.0,0.02,0.82,0.0,Jul,2,4,2,2,Returning_Visitor,True,False
7,281.75,3,144.5,54,2191.33,0.0,0.02,4.95,0.8,May,6,2,2,3,Returning_Visitor,False,False
0,2.64,0,0.5,6,239.67,0.0,0.02,5.38,0.31,May,2,2,3,2,Returning_Visitor,False,False
1,24.04,0,0.0,15,595.6,0.0,0.02,56.58,0.0,Nov,2,2,3,11,Returning_Visitor,False,True
2,47.5,0,0.0,19,472.42,0.0,0.02,0.0,0.29,May,1,1,1,3,Returning_Visitor,False,False
1,24.04,0,0.5,26,234.8,0.08,0.12,5.38,0.76,May,2,4,7,3,Returning_Visitor,False,False
0,2.64,0,0.5,21,836.58,0.03,0.06,0.82,0.29,June,1,1,4,3,Returning_Visitor,False,False
0,0.0,0,0.5,6,0.0,0.12,0.17,0.0,0.29,May,1,11,3,20,Returning_Visitor,False,False
9,1047.34,0,0.0,6,239.67,0.03,0.06,61.53,0.76,May,1,8,3,17,Returning_Visitor,False,False
3,129.24,0,0.5,6,203.98,0.0,0.02,0.82,0.29,June,2,2,4,3,Returning_Visitor,False,False
3,129.24,0,0.0,21,836.58,0.0,0.02,5.38,0.01,Aug,3,2,4,3,Returning_Visitor,False,False
9,73.25,1,50.54,83,2923.25,0.0,0.02,0.82,0.76,June,1,1,1,1,Returning_Visitor,False,False
1,24.04,0,0.5,23,808.7,0.0,0.02,1.38,0.0,Mar,2,10,3,2,New_Visitor,False,False
6,196.4,1,50.54,54,2191.33,0.0,0.02,5.38,0.31,May,3,5,3,13,Returning_Visitor,False,False
1,24.04,0,0.0,8,291.2,0.18,0.19,5.38,0.0,Oct,3,2,1,1,Returning_Visitor,False,False
10,490.33,1,50.54,98,4010.06,0.0,0.02,5.78,0.4,May,3,2,1,1,Returning_Visitor,False,False
6,202.0,2,110.87,87,3264.13,0.0,0.02,5.38,0.0,Aug,2,4,3,2,Returning_Visitor,True,False
5,154.08,0,0.5,21,423.5,0.0,0.02,0.82,0.01,June,1,1,1,3,Returning_Visitor,False,False
1,24.04,0,0.5,3,239.67,0.0,0.02,0.0,0.0,Mar,2,4,1,2,New_Visitor,False,False
0,0.0,0,0.5,6,239.67,0.0,0.03,0.0,0.76,May,1,1,3,3,Returning_Visitor,False,False
0,0.0,0,0.0,6,239.67,0.0,0.02,5.38,0.0,Nov,2,2,1,2,Returning_Visitor,True,False
0,0.0,0,0.0,11,239.67,0.02,0.04,1.96,0.0,Dec,2,10,3,2,Returning_Visitor,False,False
3,129.24,0,0.0,41,1481.43,0.0,0.02,56.32,0.29,May,1,8,1,11,Returning_Visitor,True,True
1,5.0,0,0.0,6,239.67,0.01,0.03,0.82,0.0,Mar,1,1,1,2,New_Visitor,False,False
1,24.04,0,0.5,6,269.5,0.0,0.02,5.38,0.76,May,2,2,3,3,Returning_Visitor,False,False
0,0.0,0,0.0,6,239.67,0.0,0.02,0.0,0.0,Nov,3,2,1,3,Returning_Visitor,True,False
1,24.04,0,0.5,34,1181.85,0.0,0.02,0.0,0.0,Nov,1,1,1,2,New_Visitor,False,True
1,24.04,0,0.0,50,1535.64,0.0,0.02,5.38,0.01,May,2,2,2,4,Returning_Visitor,True,True
0,0.0,0,0.0,1,239.67,0.2,0.2,5.38,0.0,May,2,2,7,3,Returning_Visitor,False,False
8,264.81,1,50.54,28,1039.89,0.0,0.02,0.0,0.0,Dec,2,2,7,9,Returning_Visitor,False,False
1,24.04,0,0.0,51,1229.17,0.0,0.02,0.0,0.01,May,2,5,3,4,New_Visitor,False,False
2,49.5,2,29.5,6,239.67,0.0,0.02,1.38,0.0,Mar,2,4,3,8,Returning_Visitor,False,True
1,7.0,0,0.0,9,239.67,0.0,0.02,0.0,0.76,May,2,5,3,3,Returning_Visitor,False,False
4,85.53,3,255.5,45,2996.49,0.0,0.02,5.38,0.0,May,2,2,3,3,Returning_Visitor,False,False
0,2.64,0,0.5,5,239.67,0.0,0.02,0.82,0.0,Mar,3,2,1,2,New_Visitor,False,False
3,129.24,0,0.5,12,1138.25,0.0,0.02,0.0,0.29,May,1,1,1,3,Returning_Visitor,False,False
1,24.04,0,0.5,6,97.17,0.0,0.02,5.38,0.0,May,1,1,3,4,New_Visitor,False,False
12,426.35,1,50.54,54,2191.33,0.01,0.02,5.38,0.31,May,3,1,1,2,Returning_Visitor,False,True
1,24.0,0,0.5,6,239.67,0.01,0.05,0.0,0.0,Mar,1,1,1,2,New_Visitor,False,False
1,24.04,0,0.5,6,239.67,0.0,0.02,0.82,0.31,June,2,2,1,2,Returning_Visitor,True,False
1,24.04,0,0.0,6,239.67,0.0,0.02,0.82,0.31,June,2,10,3,1,Returning_Visitor,False,False
0,0.0,0,0.5,14,442.5,0.0,0.02,0.82,0.76,June,2,4,3,2,New_Visitor,False,False
1,19.0,0,0.5,23,836.58,0.01,0.04,0.0,0.31,May,3,2,4,1,Returning_Visitor,False,False
1,24.04,0,0.5,86,3195.76,0.0,0.01,5.91,0.0,Nov,3,4,1,1,Returning_Visitor,False,True
4,144.08,0,0.0,54,2191.33,0.0,0.02,0.82,0.31,June,1,1,4,5,New_Visitor,False,True
1,24.04,0,0.5,28,987.12,0.0,0.02,0.82,0.0,Mar,2,5,3,2,New_Visitor,False,True
1,4.0,3,148.5,6,239.67,0.0,0.02,1.38,0.0,Mar,2,2,3,2,Returning_Visitor,False,False
2,57.25,0,0.5,37,1155.81,0.0,0.01,0.82,0.01,June,2,4,3,4,Returning_Visitor,True,False
3,65.4,0,0.0,55,2191.33,0.0,0.02,0.82,0.0,Mar,3,2,1,1,Returning_Visitor,False,False
0,0.0,0,0.5,10,239.67,0.0,0.02,61.81,0.0,Nov,2,13,4,13,Returning_Visitor,False,True
2,57.25,0,0.0,83,2958.22,0.0,0.02,5.38,0.0,Nov,2,4,6,2,Returning_Visitor,True,True
6,155.5,2,121.0,54,2191.33,0.0,0.02,5.38,0.01,May,2,4,3,3,Returning_Visitor,False,False
1,24.04,0,0.5,21,836.58,0.0,0.01,0.82,0.29,June,1,1,1,3,Returning_Visitor,False,False
0,0.0,0,0.0,6,239.67,0.08,0.12,5.38,0.76,May,3,2,1,3,Returning_Visitor,False,False
0,0.0,0,0.0,6,239.67,0.0,0.02,1.96,0.0,Dec,3,2,1,2,New_Visitor,True,False
4,22.92,1,50.54,54,2191.33,0.0,0.02,0.82,0.0,Mar,2,2,3,1,Returning_Visitor,False,False
0,2.64,0,0.0,8,239.67,0.0,0.02,0.0,0.0,Nov,3,4,3,1,Returning_Visitor,False,False
2,45.0,0,0.5,23,819.83,0.0,0.02,0.0,0.0,May,3,2,1,2,Returning_Visitor,False,False
0,2.64,0,0.0,6,239.67,0.01,0.03,0.82,0.0,Mar,2,2,1,2,Returning_Visitor,True,False
1,10.0,0,0.5,12,442.89,0.0,0.02,60.62,0.0,Nov,1,1,1,2,New_Visitor,False,True
4,144.08,0,0.0,14,595.6,0.0,0.01,0.0,0.76,May,2,2,8,4,New_Visitor,False,False
1,24.04,0,0.0,6,239.67,0.0,0.02,5.38,0.0,Nov,1,1,1,2,New_Visitor,False,False
0,2.64,0,0.0,6,239.67,0.0,0.02,5.38,0.0,Nov,3,2,3,13,Other,False,False
0,0.0,0,0.5,2,239.67,0.0,0.02,5.38,0.0,Oct,1,1,1,2,Returning_Visitor,True,False
0,0.0,0,0.5,6,239.67,0.08,0.12,65.87,0.8,May,2,12,6,11,Returning_Visitor,False,False
5,154.08,0,0.0,23,742.21,0.0,0.02,5.38,0.0,Nov,2,4,3,2,New_Visitor,False,True
1,24.04,0,0.5,23,690.25,0.0,0.02,5.38,0.76,May,2,4,3,3,Returning_Visitor,False,False
1,24.04,0,0.5,15,595.6,0.0,0.02,5.38,0.31,May,1,1,4,1,Returning_Visitor,False,True
0,2.64,0,0.0,6,0.0,0.2,0.2,0.0,0.0,Nov,2,4,3,2,Returning_Visitor,False,False
0,2.64,0,0.5,6,239.67,0.0,0.02,0.82,0.0,Mar,2,10,3,2,New_Visitor,False,False
1,24.04,0,0.5,6,239.67,0.0,0.02,0.0,0.0,Nov,3,2,1,2,New_Visitor,False,False
1,24.04,0,0.5,6,239.67,0.0,0.02,5.38,0.0,Nov,2,4,1,2,New_Visitor,False,False
1,24.04,0,0.5,6,239.67,0.01,0.04,0.0,0.0,Nov,3,2,5,4,Returning_Visitor,True,False
15,426.35,1,50.54,76,2806.83,0.0,0.02,0.55,0.31,Feb,2,2,1,2,Returning_Visitor,True,False
2,53.4,0,0.5,6,239.67,0.0,0.02,0.82,0.0,Mar,1,1,4,5,Returning_Visitor,False,False
1,24.04,0,0.0,42,1351.12,0.0,0.0,1.38,0.0,Mar,1,1,1,1,Returning_Visitor,False,False
0,2.64,0,0.5,33,1155.81,0.0,0.02,0.0,0.0,Dec,2,6,3,9,Returning_Visitor,True,False
1,24.04,0,0.5,30,1155.81,0.01,0.04,5.38,0.31,May,2,2,7,1,Returning_Visitor,False,False
9,568.77,3,276.0,23,641.8,0.01,0.01,5.38,0.0,Oct,3,10,3,1,Returning_Visitor,False,False
0,2.64,0,0.5,6,0.0,0.11,0.15,0.82,0.0,Mar,2,2,7,3,Returning_Visitor,False,False
4,134.61,0,0.5,202,8495.19,0.0,0.02,3.65,0.01,Aug,2,2,1,4,New_Visitor,False,True
0,2.64,0,0.5,8,332.17,0.0,0.02,0.0,0.0,Nov,2,2,3,2,New_Visitor,False,False
1,24.04,1,50.54,36,725.21,0.0,0.02,0.0,0.0,Nov,2,2,1,2,Returning_Visitor,True,False
1,24.04,0,0.5,6,239.67,0.0,0.02,1.96,0.0,Dec,2,4,4,2,Returning_Visitor,True,False
0,2.64,0,0.5,6,239.67,0.0,0.02,0.82,0.01,June,2,4,3,4,New_Visitor,False,False
2,32.0,2,70.0,6,239.67,0.0,0.02,1.38,0.0,Mar,1,1,1,8,Returning_Visitor,False,False
4,144.08,0,0.5,54,2191.33,0.0,0.02,0.0,0.0,May,2,2,1,4,New_Visitor,False,False
0,0.0,0,0.5,6,239.67,0.0,0.02,0.82,0.01,June,2,2,1,3,Returning_Visitor,False,False
1,24.04,0,0.5,6,25.5,0.0,0.02,5.38,0.0,May,2,2,3,4,Returning_Visitor,False,False
2,34.92,0,0.5,21,836.58,0.01,0.03,0.82,0.01,June,3,2,1,3,Returning_Visitor,False,False
0,2.64,0,0.0,19,499.5,0.0,0.03,5.38,0.76,May,3,4,1,3,Returning_Visitor,False,False
2,57.25,0,0.0,11,239.67,0.0,0.02,34.26,0.4,May,1,1,1,2,Returning_Visitor,True,True
0,2.64,0,0.5,23,722.08,0.01,0.04,0.0,0.31,May,2,5,3,1,Returning_Visitor,False,False
1,24.04,0,0.5,4,239.67,0.0,0.02,0.0,0.76,May,2,5,3,4,New_Visitor,False,False
1,60.75,0,0.5,6,239.67,0.02,0.06,5.38,0.0,Nov,2,2,3,3,Returning_Visitor,False,False
1,15.2,0,0.0,81,4536.31,0.02,0.05,0.82,0.01,June,2,4,3,4,New_Visitor,False,False
0,0.0,0,0.5,1,0.0,0.11,0.15,0.0,0.0,Mar,1,1,1,1,Returning_Visitor,False,False
0,2.64,0,0.5,6,239.67,0.03,0.09,0.82,0.31,June,2,5,3,2,Returning_Visitor,False,False
1,24.04,1,50.54,6,239.67,0.0,0.02,5.38,0.0,Nov,2,4,1,2,Returning_Visitor,False,True
1,24.04,0,0.0,6,47.0,0.0,0.02,0.0,0.76,May,2,4,3,4,Returning_Visitor,False,False
6,202.0,0,0.5,6,239.67,0.01,0.04,0.0,0.4,May,2,10,3,2,Returning_Visitor,False,False
1,15.0,0,0.5,6,239.67,0.02,0.04,0.82,0.0,Mar,3,2,1,1,Returning_Visitor,False,False
1,24.04,0,0.5,59,2191.33,0.0,0.02,0.82,0.01,June,2,4,3,4,Returning_Visitor,True,True
0,0.0,0,0.5,6,239.67,0.03,0.06,0.0,0.76,May,2,4,3,4,Returning_Visitor,False,False
0,0.0,0,0.5,8,326.5,0.0,0.02,5.38,0.0,Nov,1,1,4,3,Returning_Visitor,False,False
1,24.04,0,0.0,6,239.67,0.0,0.02,15.18,0.76,May,2,5,3,3,Returning_Visitor,False,False
0,2.64,0,0.0,6,239.67,0.0,0.02,0.82,0.2,June,2,2,1,4,New_Visitor,False,False
9,156.61,5,156.75,73,2694.51,0.0,0.02,0.0,0.0,Nov,2,5,3,1,Returning_Visitor,False,True
5,91.5,0,0.0,106,3195.76,0.0,0.02,5.38,0.31,May,2,2,3,6,Returning_Visitor,False,False
1,24.04,0,0.0,50,1853.29,0.0,0.02,0.82,0.0,Mar,2,10,3,1,Returning_Visitor,False,False
4,144.08,1,50.54,152,5142.86,0.0,0.02,1.96,0.0,Dec,2,2,7,9,Returning_Visitor,False,True
2,54.0,0,0.5,34,1296.18,0.04,0.06,0.0,0.29,May,2,10,3,3,Returning_Visitor,False,False
1,24.04,0,0.5,54,2062.89,0.01,0.03,1.38,0.0,Mar,1,1,4,2,Returning_Visitor,False,True
0,2.64,0,0.5,6,0.0,0.2,0.2,0.0,0.0,Dec,2,2,3,2,New_Visitor,False,False
6,202.0,2,5.0,6,239.67,0.0,0.02,5.38,0.31,May,3,2,6,10,Returning_Visitor,True,False
0,2.64,0,0.5,23,655.78,0.0,0.01,1.38,0.0,Mar,1,1,8,2,New_Visitor,False,False
5,233.12,2,116.22,246,10143.82,0.01,0.02,4.75,0.01,Sep,1,11,3,17,Returning_Visitor,True,False
0,0.0,0,0.5,4,56.5,0.05,0.1,0.0,0.76,May,1,1,1,3,Returning_Visitor,False,False
6,202.0,1,50.54,142,6014.4,0.01,0.03,5.38,0.0,Nov,3,2,1,1,Returning_Visitor,False,True
0,0.0,0,0.5,6,239.67,0.01,0.04,0.0,1.0,May,1,1,1,6,Returning_Visitor,False,False
1,24.04,0,0.0,6,239.67,0.0,0.02,5.38,0.0,Nov,2,2,1,2,New_Visitor,False,False
1,24.04,0,0.0,19,295.83,0.0,0.02,0.82,0.31,June,2,2,1,2,New_Visitor,True,False
0,2.64,0,0.5,10,239.67,0.06,0.09,38.19,0.0,May,1,8,1,17,Returning_Visitor,False,True
0,0.0,0,0.5,6,239.67,0.0,0.02,0.82,0.0,Mar,1,1,1,1,Returning_Visitor,False,False
1,24.04,0,0.5,6,240.42,0.02,0.04,5.38,0.0,Nov,2,2,3,1,Returning_Visitor,False,False
0,0.0,0,0.5,6,239.67,0.0,0.02,0.82,0.0,Jul,2,10,3,2,New_Visitor,False,False
0,0.0,2,157.36,43,1825.56,0.0,0.02,0.0,0.31,May,2,6,1,2,Returning_Visitor,True,False
1,24.04,0,0.0,53,2191.33,0.0,0.02,5.38,0.01,May,2,2,9,3,Returning_Visitor,False,False
2,57.25,0,0.5,6,239.67,0.02,0.03,1.38,0.0,Mar,2,5,3,3,Returning_Visitor,False,False
1,24.04,0,0.5,6,50.0,0.0,0.02,0.0,0.76,May,1,1,1,3,Returning_Visitor,False,False
4,72.57,3,208.6,54,2191.33,0.0,0.02,65.87,0.0,Nov,2,13,1,10,Returning_Visitor,False,True
8,356.68,0,0.5,41,1636.26,0.0,0.02,0.0,0.0,Nov,2,2,7,4,Returning_Visitor,True,False
1,24.04,0,0.0,6,239.67,0.0,0.02,0.82,0.0,Mar,2,5,1,2,Returning_Visitor,False,False
1,24.04,2,16.0,26,690.57,0.0,0.0,0.82,0.0,Jul,1,1,8,2,New_Visitor,False,True
7,202.0,0,0.0,54,2191.33,0.0,0.02,0.0,0.76,May,1,1,1,3,Returning_Visitor,False,False
6,135.5,0,0.0,54,2191.33,0.0,0.01,0.0,0.01,May,2,6,3,3,Returning_Visitor,False,False
4,134.61,0,0.5,122,4137.11,0.02,0.03,0.0,1.0,May,2,6,3,6,Returning_Visitor,True,False
1,7.0,0,0.5,6,239.67,0.0,0.02,0.0,0.0,Nov,1,1,1,2,Returning_Visitor,False,False
3,129.24,0,0.0,54,2191.33,0.0,0.02,0.0,0.0,Feb,1,1,1,3,Returning_Visitor,False,False
1,24.04,0,0.5,9,355.5,0.0,0.01,5.38,0.76,May,3,2,1,3,Returning_Visitor,False,True
0,0.0,0,0.5,6,239.67,0.0,0.02,1.38,0.29,Feb,1,1,4,3,Returning_Visitor,False,False
1,21.0,0,0.0,6,239.67,0.0,0.02,0.82,0.01,June,2,5,3,4,New_Visitor,False,True
0,2.64,0,0.0,31,3888.17,0.0,0.02,5.38,0.0,Nov,2,4,3,2,New_Visitor,False,False
2,57.25,0,0.5,24,683.17,0.0,0.02,0.0,0.76,May,1,1,1,3,Returning_Visitor,False,False
6,202.0,0,0.5,6,239.67,0.02,0.05,0.82,0.6,June,2,5,3,6,Returning_Visitor,False,False
0,0.0,0,0.5,54,2072.61,0.0,0.02,0.82,0.01,June,2,4,3,4,Returning_Visitor,True,False
0,2.64,0,0.0,18,5188.5,0.0,0.02,5.38,0.0,Nov,1,1,1,1,Returning_Visitor,False,False
1,24.04,0,0.0,8,300.67,0.01,0.02,5.38,0.76,May,2,2,1,4,New_Visitor,False,False
0,0.0,0,0.5,26,836.58,0.07,0.09,0.0,0.8,May,1,8,3,20,New_Visitor,False,False
1,24.04,0,0.5,22,836.58,0.0,0.02,7.52,0.0,Nov,2,2,1,2,Returning_Visitor,True,True
0,0.0,0,0.0,8,239.67,0.0,0.02,0.0,0.31,May,1,1,1,2,Returning_Visitor,True,False
1,24.04,1,50.54,15,708.53,0.01,0.04,1.38,0.0,Mar,2,2,3,2,Returning_Visitor,False,False
2,65.17,0,0.5,23,736.78,0.0,0.02,0.0,0.6,May,2,2,8,3,Returning_Visitor,False,False
1,69.0,0,0.5,8,319.0,0.0,0.02,0.0,0.76,May,2,2,9,4,Returning_Visitor,False,False
1,24.04,0,0.5,18,836.58,0.05,0.06,5.38,0.0,May,1,1,1,4,New_Visitor,False,False
0,2.64,0,0.5,1,239.67,0.2,0.2,0.0,0.8,May,1,1,1,12,Returning_Visitor,False,False
0,2.64,0,0.5,1,239.67,0.2,0.2,29.87,0.76,May,3,13,4,3,Returning_Visitor,False,False
0,0.0,0,0.5,4,35.33,0.04,0.1,0.82,0.31,June,1,1,8,2,Returning_Visitor,True,False
1,24.04,0,0.5,6,239.67,0.04,0.08,0.82,0.29,June,2,10,3,3,Returning_Visitor,False,False
3,33.0,0,0.0,8,182.58,0.01,0.03,5.38,0.76,May,2,4,6,3,Returning_Visitor,False,False
0,0.0,2,5.0,27,1095.66,0.0,0.02,60.73,0.0,Nov,2,4,1,10,Returning_Visitor,True,True
1,24.04,0,0.5,6,239.67,0.0,0.02,0.0,0.76,May,2,2,3,3,Returning_Visitor,False,False
4,144.08,0,0.0,6,28.0,0.0,0.02,5.38,0.0,Nov,2,5,3,2,New_Visitor,False,False
0,2.64,0,0.0,6,239.67,0.0,0.02,0.0,0.0,Mar,3,2,1,1,Returning_Visitor,False,False
1,24.04,0,0.0,12,442.89,0.0,0.02,0.0,0.0,Dec,2,5,3,2,New_Visitor,False,False
0,0.0,0,0.5,1,239.67,0.2,0.2,0.0,0.31,May,2,2,1,1,Returning_Visitor,False,False
0,2.64,2,30.0,29,1114.92,0.0,0.02,0.0,0.0,Mar,2,4,1,2,Returning_Visitor,False,False
1,24.04,0,0.0,5,239.67,0.04,0.09,0.0,0.0,Mar,2,2,1,2,New_Visitor,False,False
1,24.04,0,0.5,6,239.67,0.02,0.01,0.82,0.29,June,1,2,1,4,New_Visitor,True,False
0,0.0,0,0.0,6,239.67,0.03,0.07,0.82,0.01,June,2,4,3,4,New_Visitor,False,False
2,57.25,0,0.5,46,1852.75,0.0,0.02,1.38,0.0,Mar,1,1,2,2,Returning_Visitor,False,False
2,47.8,0,0.5,6,239.67,0.02,0.04,5.38,0.29,May,2,4,3,4,Returning_Visitor,False,False
1,24.04,0,0.5,6,239.67,0.07,0.12,5.38,0.76,May,2,4,1,4,Returning_Visitor,False,False
6,202.0,3,178.5,54,2191.33,0.01,0.02,8.05,0.0,Nov,2,2,4,2,Returning_Visitor,False,True
0,0.0,0,0.5,23,621.73,0.0,0.02,0.82,0.0,Jul,1,1,1,2,Returning_Visitor,False,False
0,0.0,0,0.0,21,836.58,0.0,0.01,0.0,0.0,Dec,2,4,3,2,New_Visitor,False,False
0,2.64,0,0.5,40,1250.68,0.0,0.02,0.0,0.0,Nov,2,12,6,9,Returning_Visitor,False,False
1,24.04,0,0.5,19,836.58,0.0,0.01,0.82,0.31,June,3,2,1,2,Returning_Visitor,False,True
1,24.04,0,0.5,6,239.67,0.01,0.03,0.82,0.0,Mar,2,2,3,2,Returning_Visitor,False,True
1,24.04,0,0.5,6,140.0,0.0,0.02,0.82,0.0,Mar,2,10,3,2,New_Visitor,False,False
1,24.04,0,0.5,42,1722.5,0.0,0.01,5.38,0.31,May,2,5,1,2,Returning_Visitor,False,False
1,24.04,0,0.5,6,239.67,0.0,0.02,0.0,0.76,May,2,4,3,3,Returning_Visitor,False,False
0,2.64,0,0.5,6,239.67,0.0,0.02,0.0,0.0,Nov,1,1,1,3,Returning_Visitor,True,False
0,0.0,0,0.0,6,239.67,0.0,0.02,0.82,0.0,Mar,2,4,3,2,New_Visitor,False,False
1,24.04,0,0.0,14,595.6,0.0,0.02,5.38,0.76,May,2,2,1,4,New_Visitor,False,False
0,0.0,0,0.5,2,239.67,0.0,0.02,0.82,0.01,June,2,2,1,4,New_Visitor,False,False
5,87.8,0,0.0,38,1250.68,0.0,0.02,0.82,0.0,Mar,1,1,1,2,Returning_Visitor,True,True
1,24.04,0,0.5,6,226.0,0.09,0.13,0.82,0.0,Mar,1,1,1,2,New_Visitor,False,False
1,38.5,0,0.5,6,197.75,0.0,0.02,1.96,0.0,Dec,1,1,1,8,New_Visitor,True,False
1,24.04,0,0.0,4,239.67,0.0,0.05,0.82,0.31,June,3,2,1,2,Returning_Visitor,False,False
1,24.04,0,0.5,65,2701.96,0.01,0.02,0.82,0.01,June,1,1,1,4,Returning_Visitor,True,False
1,24.04,0,0.5,20,836.58,0.0,0.02,0.0,0.0,Dec,2,2,9,3,Returning_Visitor,False,False
4,95.75,12,590.11,219,7838.56,0.0,0.01,29.87,0.31,May,2,2,6,2,Returning_Visitor,True,False
0,2.64,0,0.0,6,239.67,0.0,0.07,1.38,0.0,Mar,3,2,3,1,Returning_Visitor,False,False
1,24.04,0,0.5,6,0.0,0.11,0.15,5.38,0.6,May,2,2,6,3,Returning_Visitor,False,False
3,129.24,1,50.54,54,2191.33,0.0,0.02,0.0,0.0,Jul,2,4,4,4,Returning_Visitor,True,False
1,24.04,0,0.5,106,3195.76,0.0,0.02,0.0,0.76,May,2,2,3,3,Returning_Visitor,True,False
1,24.04,0,0.0,17,836.58,0.0,0.02,5.38,0.0,Oct,3,4,4,2,New_Visitor,True,False
1,24.04,0,0.0,23,819.27,0.01,0.04,0.0,0.76,May,3,2,1,3,Returning_Visitor,False,False
1,24.04,0,0.0,125,1935.34,0.0,0.01,0.0,0.01,May,3,2,3,3,Returning_Visitor,False,False
1,24.04,0,0.0,11,239.67,0.0,0.02,1.96,0.0,Dec,2,10,3,1,Returning_Visitor,False,False
0,0.0,0,0.5,34,1155.81,0.0,0.02,0.82,0.31,June,2,10,3,1,Returning_Visitor,False,False
1,24.04,0,0.0,3,69.0,0.0,0.02,0.82,0.0,Mar,2,4,3,1,Returning_Visitor,False,False
0,0.0,0,0.0,6,239.67,0.0,0.01,0.0,0.0,Nov,2,2,1,2,New_Visitor,False,False
0,2.64,0,0.5,6,239.67,0.0,0.02,1.96,0.0,Sep,3,2,1,3,Returning_Visitor,False,False
1,24.04,0,0.5,23,673.12,0.0,0.02,17.06,0.76,May,2,2,3,4,Returning_Visitor,False,True
2,64.58,0,0.5,6,239.67,0.0,0.02,0.0,0.31,May,2,2,3,2,Returning_Visitor,False,False
5,154.08,3,229.0,38,1250.68,0.01,0.01,1.38,0.0,Mar,2,4,3,10,Returning_Visitor,False,False
2,57.25,1,50.54,14,384.4,0.0,0.02,5.38,0.76,May,1,1,1,3,Returning_Visitor,False,False
0,2.64,0,0.5,6,239.67,0.0,0.02,0.82,0.29,June,1,1,1,3,Returning_Visitor,False,False
1,24.04,0,0.5,12,499.0,0.0,0.02,5.38,0.76,May,2,2,6,4,Returning_Visitor,True,True
7,202.0,1,50.54,53,3271.03,0.0,0.01,5.38,0.0,Nov,1,1,1,2,New_Visitor,False,False
9,322.5,1,50.54,54,2191.33,0.01,0.02,0.0,0.0,May,1,1,1,13,Returning_Visitor,True,False
1,24.04,0,0.0,24,836.58,0.0,0.02,5.38,0.0,Nov,2,2,4,13,Returning_Visitor,False,False
1,24.04,0,0.5,6,239.67,0.0,0.02,5.38,0.76,May,2,4,1,4,Returning_Visitor,False,False
0,0.0,0,0.5,44,1351.12,0.01,0.03,0.0,0.0,Dec,2,2,1,2,New_Visitor,False,False
1,24.04,0,0.5,43,1351.12,0.02,0.05,0.82,0.0,Jul,2,10,3,2,New_Visitor,False,False
0,2.64,0,0.5,6,0.0,0.2,0.2,5.38,0.76,May,3,2,1,3,Returning_Visitor,False,False
0,0.0,0,0.5,9,651.0,0.0,0.02,68.26,0.01,May,1,1,3,17,Returning_Visitor,False,True
1,24.04,1,50.54,63,2466.22,0.0,0.02,0.82,0.76,June,1,1,8,2,New_Visitor,False,True
1,24.04,0,0.0,6,239.67,0.0,0.04,5.38,0.0,Nov,1,1,1,2,New_Visitor,False,False
1,24.04,0,0.5,6,239.67,0.0,0.02,48.79,0.29,May,2,13,3,3,Returning_Visitor,False,True
4,134.61,0,0.0,127,6065.02,0.01,0.01,0.15,0.0,Nov,1,1,2,4,Returning_Visitor,False,True
13,480.95,7,985.48,355,11492.21,0.01,0.03,0.82,0.29,June,1,1,1,3,Returning_Visitor,False,False
