Administrative,Administrative_Duration,Informational,Informational_Duration,ProductRelated,ProductRelated_Duration,BounceRates,ExitRates,PageValues,SpecialDay,Month,OperatingSystems,Browser,Region,TrafficType,VisitorType,Weekend,Revenue
3,84.25,0,0.0,50,1725.966667,0.0,0.01,2.58,-0.02,Nov,2,2,2,2,Returning_Visitor,False,False
0,14.88,0,3.1,7,209.54,0.2,0.2,0.0,0.03,Oct,1,1,3,2,Returning_Visitor,False,False
2,57.31,0,0.43,19,884.66,0.027777778,0.06,-0.25,0.03,Mar,2,2,1,1,Returning_Visitor,False,False
0,0.0,-1,-47.7,22,0.0,-0.0,0.04,0.0,-0.04,Mar,4,8,6,3,Returning_Visitor,True,False
13,388.3,-1,417.0,130,6483.775,0.01,0.03,24.27165,-0.14,Jul,2,4,6,2,Returning_Visitor,False,False
-2,-9.8,0,-5.82,1,659.57,0.07,0.11,-8.37,0.07,May,3,2,1,3,Returning_Visitor,False,False
2,0.0,0,0.0,38,221.83,0.0,0.037925926,4.26,0.0,June,4,1,6,3,Returning_Visitor,True,False
3,90.0,0,0.0,4,884.17,0.0,0.02,14.51,0.0,Mar,2,2,1,5,New_Visitor,False,False
0,0.0,-1,0.0,36,242.9166667,0.0,0.01,16.16057924,0.0,Dec,2,2,7,2,Returning_Visitor,False,True
0,-2.34,0,2.83,2,-216.07,0.0,0.05,0.0,0.0,Feb,1,8,6,3,Returning_Visitor,True,False
7,51.5,0,6.31,59,1954.754167,-0.0,0.01,-0.68,0.0,Nov,2,2,3,1,Returning_Visitor,False,False
3,101.31,0,42.0,25,979.25,0.0,0.03,0.0,0.0,Mar,1,3,6,2,Returning_Visitor,True,False
1,68.32,0,24.61,33,1061.78,0.0,0.00625,19.74,0.0,Dec,2,2,1,2,Returning_Visitor,False,False
2,38.52,2,0.0,19,86.51,-0.01,0.05,155.09,0.21,June,1,1,8,2,Returning_Visitor,False,False
2,83.55,1,0.0,44,1472.44,0.0,0.02,2.21,0.0,Nov,1,1,2,2,Returning_Visitor,False,False
0,0.0,0,0.0,5,323.94,0.06,0.09,-1.78,0.11,May,3,2,1,3,Returning_Visitor,False,False
0,0.0,-2,-225.96,159,1775.241667,-0.0,0.01,11.11,0.05,Nov,2,6,5,3,Returning_Visitor,True,False
5,136.07,1,0.0,77,2031.95,-0.01,0.01,0.0,0.0,Nov,1,1,3,2,Returning_Visitor,False,False
1,0.0,0,0.0,14,-387.45,0.04,0.07,-1.03,-0.05,Oct,1,1,9,3,Returning_Visitor,False,True
0,54.14,0,-38.15,8,806.81,0.025,0.061111111,12.15,0.01,Mar,3,2,8,1,Returning_Visitor,False,False
0,0.0,1,51.12,29,849.18,0.0,0.02,1.28,0.0,Oct,2,2,1,2,Returning_Visitor,True,True
2,81.6,0,0.0,32,1655.33,0.0,0.023125,0.0,0.01,Oct,2,2,1,1,Returning_Visitor,False,False
1,23.83,0,-5.68,25,1281.21,0.01,0.04,0.0,0.0,Mar,2,2,1,1,Returning_Visitor,False,False
4,96.11,0,-3.05,17,805.7916667,0.007692308,0.04,7.35,0.0,Mar,2,4,4,1,Returning_Visitor,False,False
2,88.39,1,16.21,26,692.23,0.003508772,0.02,0.0,0.0,Mar,3,2,2,2,Returning_Visitor,False,False
2,63.02,0,-1.92,68,1607.173333,0.01,0.033333333,6.19,0.0,Nov,2,2,1,2,Returning_Visitor,False,True
2,112.03,0,-74.07,37,1234.05,0.01,0.02,80.04344186,0.0,May,1,2,1,4,Returning_Visitor,False,True
2,131.4,0,443.55,15,0.0,0.0,0.04,0.0,0.8,Feb,3,1,8,8,Returning_Visitor,False,False
2,42.29,1,21.86,22,28.95,0.0,0.04,0.0,0.01,Mar,2,2,9,1,Returning_Visitor,False,False
3,0.0,2,51.65,1,789.52,0.01,0.02,0.0,0.09,Oct,3,2,1,13,Returning_Visitor,False,False
8,268.4166667,4,0.0,51,612.91,0.0,0.011904762,-1.54,0.01,Nov,2,2,9,2,Returning_Visitor,False,True
3,83.32,0,0.0,36,947.8833333,0.0,0.01,5.99,0.01,Mar,2,2,1,4,Returning_Visitor,False,False
4,166.38,0,-22.6,27,1538.056725,0.013333333,0.036382031,11.15668928,-0.2,Jul,3,2,3,2,Returning_Visitor,False,False
0,3.21,1,53.72,3,0.0,0.2,0.21,-6.45,0.02,Mar,2,2,9,1,Returning_Visitor,False,False
-1,0.0,1,36.46,-4,87.875,0.0,0.026666667,0.0,0.02,Nov,1,1,5,10,Returning_Visitor,True,True
0,7.25,0,19.31,4,66.0,0.0,0.03,1.77,0.0,Oct,2,2,1,2,Returning_Visitor,False,False
9,529.15,8,1303.73,70,30.37,0.01,-0.01,9.284545518,0.0,Nov,2,7,7,2,Returning_Visitor,False,True
5,41.7,5,-60.64,401,14568.16201,0.02,0.020148947,15.34,0.16,Feb,2,6,4,1,Returning_Visitor,True,True
4,59.53333333,1,0.0,25,183.65,-0.0,0.02,7.88,0.06,Oct,2,2,9,2,New_Visitor,False,False
0,0.0,0,-68.74,-34,476.12,0.02,0.044444444,17.79528223,-0.09,Nov,5,5,1,20,Returning_Visitor,False,True
0,-68.78,-1,-14.55,18,-86.82,0.02,0.055555556,0.49,0.0,Mar,3,2,3,3,Returning_Visitor,False,False
0,0.0,0,17.94,28,416.56,0.0,0.021428571,8.391281758,0.02,Oct,1,1,3,2,Returning_Visitor,False,True
0,27.21,0,0.0,32,1494.5,0.01,0.03,0.0,0.0,Feb,2,2,7,2,Returning_Visitor,False,False
4,0.0,0,0.0,45,2166.04,0.0,0.02,6.0,-0.01,Oct,2,2,1,3,Returning_Visitor,False,False
2,47.3,-1,-77.33,14,777.62,-0.01,0.010526316,22.96,-0.06,Oct,2,4,3,1,New_Visitor,False,True
-1,0.0,0,-27.68,11,-76.38,0.04,0.092944664,2.09,-0.01,Nov,3,2,2,1,Returning_Visitor,False,False
5,176.25,0,0.0,33,1183.05,0.01,0.03,0.0,0.0,Oct,2,2,1,1,Returning_Visitor,False,False
6,972.3,1,-167.5,405,12251.94,0.01,0.036842105,32.64521053,-0.14,Dec,3,7,7,1,Returning_Visitor,False,False
1,27.5,0,15.84,13,243.6666667,0.02,0.06,0.0,0.0,Mar,2,2,9,1,Returning_Visitor,False,False
7,593.4666667,1,21.2,39,1110.966667,0.004255319,0.02,112.4406212,0.43,Sep,4,2,2,2,Returning_Visitor,False,False
2,57.63,0,0.0,29,1110.579167,0.01,0.03,3.48,0.0,Oct,2,2,1,2,Returning_Visitor,False,True
0,0.0,0,12.74,10,-267.03,0.013793103,0.06,0.0,0.0,Feb,1,8,6,3,Returning_Visitor,False,False
0,140.64,0,31.99,12,901.94,0.0,0.03,1.6,0.07,Oct,4,1,1,2,Returning_Visitor,True,False
1,0.5,-1,4.24,9,689.96,0.0,0.03,3.22,0.0,Mar,2,2,7,1,Returning_Visitor,False,False
2,55.45,0,21.49,11,162.75,0.01,0.04,0.0,0.02,Mar,2,2,9,1,Returning_Visitor,False,False
4,29.0,0,0.0,58,-896.77,0.0,0.004166667,113.89,0.8,Feb,1,4,6,4,Returning_Visitor,False,False
10,164.0666667,5,275.88,10,1553.52381,0.0,0.01025641,0.0,0.0,Oct,2,2,1,2,Returning_Visitor,True,False
0,0.0,0,0.0,34,1422.9,0.01,0.04,1.6,0.0,Nov,1,2,2,2,Returning_Visitor,False,True
2,76.0,0,-11.54,39,1621.16,0.01,0.023809524,5.51397619,0.01,Oct,4,1,2,1,Returning_Visitor,False,False
2,71.09,0,0.0,14,275.1666667,0.0,0.02,0.0,0.0,Oct,2,2,9,2,Returning_Visitor,False,False
2,51.27,0,-14.72,45,2034.261905,0.01,0.035172414,0.0,-0.03,Nov,2,2,1,2,Returning_Visitor,False,True
3,83.85,0,-29.19,25,502.525,0.007142857,0.02,0.0,0.0,Nov,1,1,1,2,Returning_Visitor,True,False
0,0.0,0,-12.38,20,1155.78,0.030769231,0.06,2.14,0.02,Dec,2,2,4,2,Returning_Visitor,False,False
0,0.0,0,-23.62,14,1580.71,0.03,0.07,0.0,0.12,May,2,2,1,2,Returning_Visitor,False,False
0,6.43,0,-11.12,-4,-751.23,0.02,0.07,0.0,0.0,Mar,3,2,2,3,Returning_Visitor,False,False
0,0.0,0,9.9,30,1434.908333,0.01,0.04,2.11,0.0,Oct,2,2,1,1,Returning_Visitor,False,False
1,20.91,0,0.0,15,562.05,0.0,0.02,43.03066045,0.0,Dec,2,2,1,2,New_Visitor,False,True
0,23.55,0,-36.17,13,1735.36,0.05,0.08,0.0,0.05,May,2,2,1,2,Returning_Visitor,False,False
9,150.0,0,0.0,42,1799.144235,-0.0,0.01,-4.47,0.8,May,1,8,3,13,Returning_Visitor,True,False
0,0.0,0,15.54,26,0.0,0.01,0.04,-2.59,0.0,May,1,8,7,3,Returning_Visitor,False,False
9,965.5,0,100.21,20,1657.38,0.01,0.011186186,-2.32,0.0,Dec,4,8,3,12,Returning_Visitor,True,False
0,12.62,0,0.0,19,708.01,0.0,0.01,35.98,0.02,Mar,2,2,3,2,Returning_Visitor,False,True
6,-20.75,6,665.5,67,484.8452381,0.0,0.03,0.0,0.0,Nov,3,2,2,1,Returning_Visitor,False,False
5,106.49,0,0.0,16,253.6,0.02,0.03,0.0,-0.03,Aug,2,2,4,1,Returning_Visitor,True,False
2,55.32,0,-7.6,41,1247.3,0.0,0.02,2.66,-0.03,Nov,2,2,1,2,Returning_Visitor,False,False
0,-62.18,0,106.76,272,7253.676493,0.0,0.01,5.942025641,0.77,May,2,2,9,1,Returning_Visitor,False,False
-1,0.0,0,6.12,3,196.5,0.03,0.06,45.84,0.03,Mar,2,4,3,10,Returning_Visitor,False,False
1,141.28,0,4.32,13,325.41,0.02,0.03125,7.7,0.0,May,3,2,2,4,Returning_Visitor,False,False
-2,0.0,0,-61.41,-10,2113.59,0.04,0.093333333,4.51,0.03,May,2,4,4,1,Returning_Visitor,True,False
0,0.0,0,-16.96,65,4950.3,0.01,0.026197917,0.0,0.0,Sep,2,4,9,4,Other,False,False
-1,0.0,0,0.0,8,41.66666667,0.01,0.05,0.0,0.0,Oct,3,2,3,1,Returning_Visitor,False,False
0,21.18,0,26.8,39,2486.65,0.01,0.03,0.0,-0.04,Nov,2,2,1,10,Returning_Visitor,False,False
-3,-43.74,0,0.0,15,535.4666667,0.04,0.07,5.04,0.07,May,2,2,1,4,Returning_Visitor,False,False
-1,0.0,0,-6.25,5,58.0,0.02,0.06,0.0,0.02,Mar,2,2,5,1,Returning_Visitor,False,False
-1,0.0,0,-5.24,13,810.65,0.0,0.05,4.13,0.0,Mar,2,2,1,1,Returning_Visitor,False,False
2,61.77,0,-6.96,11,117.0,0.02,0.05,2.63,0.01,Mar,2,2,9,1,Returning_Visitor,False,False
0,10.42,0,0.0,31,676.34,0.01,0.03,-0.71,0.03,Mar,2,1,1,4,Returning_Visitor,True,True
0,15.46,0,11.56,1,-696.61,0.21,0.2,-2.29,0.01,May,3,2,1,3,Returning_Visitor,False,False
11,159.59,2,20.6,52,1458.93619,0.01,0.04,0.0,0.0,Aug,3,2,3,1,Returning_Visitor,False,False
1,59.21,0,7.79,23,968.36,0.02384954,0.05,0.18,0.01,Mar,2,2,1,1,Returning_Visitor,False,True
1,-27.16,0,-13.6,51,897.61,-0.01,0.002380952,0.0,0.0,May,4,1,5,3,Returning_Visitor,True,False
4,364.3333333,1,8.72,85,3120.55,0.01,0.029549858,2.68,-0.0,Oct,2,2,1,2,Returning_Visitor,False,False
0,-250.32,1,41.0,-54,696.4027778,0.0,0.002631579,8.63,-0.18,May,2,2,2,4,New_Visitor,True,False
0,-15.0,0,-21.45,9,281.5,0.0,0.020833333,12.69,0.0,Mar,2,2,1,4,New_Visitor,True,False
1,0.0,0,532.3,10,3322.46,0.0,0.025,0.0,0.07,Feb,1,2,2,1,Returning_Visitor,False,False
2,0.0,-1,0.0,11,801.802381,0.0,0.02,8.48,0.02,Mar,2,2,3,1,Returning_Visitor,False,False
0,36.84,0,0.0,24,1037.41,-0.0,0.016666667,21.56,-0.01,Mar,2,2,2,2,Returning_Visitor,False,False
10,187.7166667,1,11.0,28,277.35,-0.01,0.01,4.97,-0.03,Oct,2,2,9,1,New_Visitor,False,False
1,57.0625,3,708.31,23,697.53,0.019444444,0.06,-5.63,-0.01,Aug,2,2,4,1,Returning_Visitor,False,False
0,72.85,0,45.37,45,1017.81,0.020833333,0.03,55.1,-0.07,Dec,1,1,3,2,Returning_Visitor,False,False
0,0.0,0,0.0,4,137.0,0.0,0.04,-17.95,0.18,May,4,1,3,3,Returning_Visitor,True,False
2,70.56,0,0.0,19,557.6869048,0.01,0.03,-0.03,0.0,Oct,2,2,9,2,Returning_Visitor,False,True
0,0.0,-2,0.0,143,7328.45,0.01,0.038977353,0.0,0.0,Nov,2,2,3,9,Returning_Visitor,False,False
33,1583.83,9,672.58,584,24875.93,0.00209938,0.02,-9.38,-0.22,Nov,2,6,3,1,Returning_Visitor,True,False
2,91.43,0,11.17,10,930.93,0.01,0.02,4.87,0.01,Mar,2,2,1,2,Returning_Visitor,False,False
4,118.8,0,0.0,11,625.24,0.02,0.05,0.27,0.0,Mar,2,2,1,3,Returning_Visitor,False,False
4,0.0,0,0.0,1,907.17,0.01,0.04,0.0,-0.04,Dec,2,9,3,13,Returning_Visitor,False,False
0,123.5,0,-33.55,30,1994.023778,0.02,0.037014927,8.42,0.0,Feb,3,2,6,2,Returning_Visitor,False,False
-4,-119.42,0,-33.25,81,213.5,0.0,-0.02,0.0,0.0,Mar,2,5,7,1,Returning_Visitor,True,False
0,0.0,0,7.19,27,1026.32,0.01,0.05,0.19,0.0,Mar,2,2,9,1,Returning_Visitor,False,True
1,64.11,0,0.0,16,222.2333333,0.02,0.05,11.99,0.0,June,2,4,6,2,Returning_Visitor,False,False
2,-297.18,6,181.7222222,52,2826.790048,0.01,0.01,0.0,0.64,May,3,2,1,13,Returning_Visitor,True,False
0,0.0,0,-5.81,-19,0.0,0.16,0.2,-6.68,0.0,Mar,3,2,3,1,Returning_Visitor,False,False
9,1622.77,-3,0.0,58,1138.52,0.0,0.009195402,-5.0,0.05,Mar,4,2,1,2,New_Visitor,False,False
3,61.51,0,0.0,13,791.8,0.023076923,0.04,0.0,0.0,Mar,3,2,2,1,Returning_Visitor,True,False
0,0.0,0,-33.55,9,447.1333333,-0.0,0.018181818,-13.34,0.0,Oct,2,2,5,2,New_Visitor,True,True
4,135.0,1,80.55,11,989.52,0.0,0.04,4.08,0.0,Mar,2,4,1,2,Returning_Visitor,False,False
0,-43.63,0,0.0,9,228.5,0.02,0.044444444,-1.35,0.06,May,3,2,7,3,Returning_Visitor,False,False
1,0.0,0,0.0,6,334.99,0.04,0.07,0.0,0.09,May,1,1,1,3,Returning_Visitor,False,False
8,144.08,0,617.38,56,3871.92,0.01,0.014285714,0.0,0.03,Mar,2,2,8,4,Returning_Visitor,False,False
-3,-167.23,1,691.15,125,2967.7,0.02,0.059661836,-10.94,0.8,May,1,2,2,1,Returning_Visitor,False,False
2,74.11,0,17.43,23,1028.31,0.01,0.03,11.07703164,0.0,Mar,2,2,1,2,Returning_Visitor,False,False
4,87.25,0,-6.1,35,2094.983333,-0.0,0.03,0.0,0.02,Oct,2,4,2,2,Returning_Visitor,False,False
1,42.71,1,13.65,101,2825.21,0.001904762,0.019112158,1.98,-0.0,Nov,2,2,1,2,Returning_Visitor,False,True
4,118.5,0,8.5,33,1345.87,0.01,0.017587302,5.09,0.02,Oct,2,2,1,2,Returning_Visitor,False,True
4,0.0,0,-25.32,-21,0.0,0.2,0.2,7.81,0.02,Mar,2,1,3,13,Returning_Visitor,True,False
3,463.85,1,0.0,258,5154.777093,0.002316602,0.011675429,0.0,-0.01,Dec,1,8,2,17,Returning_Visitor,False,False
1,0.0,1,-15.06,1,-637.33,-0.01,0.048125,-19.18,-0.07,Oct,2,8,3,11,Returning_Visitor,False,True
11,282.03,4,92.16666667,27,70.75,0.0,0.01,-33.88,0.0,Dec,1,1,3,3,New_Visitor,True,False
2,0.0,0,0.0,-18,32.83,0.0,0.01,21.47899475,-0.01,Oct,8,8,1,4,Returning_Visitor,False,True
1,33.77,0,0.0,13,580.54,0.03,0.071428571,-1.67,0.0,Mar,1,1,1,1,Returning_Visitor,False,False
-1,-63.02,0,20.98,10,1039.477564,0.01,0.01,23.57,0.0,Mar,3,2,2,11,Returning_Visitor,True,True
9,424.0,0,8.21,49,2185.14,0.02,0.01,-2.16,0.07,May,2,2,4,5,Returning_Visitor,False,False
-8,37.2,-3,-407.77,7,3751.24,0.06,0.033333333,0.0,-0.42,Sep,2,7,7,5,New_Visitor,False,False
7,687.86,6,384.9,444,12158.19639,-0.02,-0.05,55.81,-0.03,Nov,2,2,3,2,Returning_Visitor,False,True
0,49.67,0,21.96,13,249.5,0.0,0.02,6.58,0.02,Dec,3,2,1,2,Returning_Visitor,False,False
1,73.46,0,-2.33,12,899.77,0.01,0.03,0.0,0.0,Oct,3,2,3,2,Returning_Visitor,False,False
0,13.86,0,-23.02,20,1510.006667,0.05,0.094482759,0.0,0.0,Mar,1,1,9,1,Returning_Visitor,False,False
4,61.77,1,41.06,22,1028.62,0.0,0.042424242,10.55,0.0,Jul,2,4,2,2,Returning_Visitor,False,False
-1,-4.85,1,13.5,24,1005.849206,0.01,0.04,0.0,-0.12,Mar,1,1,9,3,Other,False,False
-1,-14.1,0,-38.03,28,-492.66,0.0,0.026839827,0.0,-0.04,Nov,3,2,7,2,Returning_Visitor,False,False
2,0.0,0,-74.87,-37,-572.86,0.12,0.2,29.78,0.11,Mar,1,3,2,2,Returning_Visitor,True,False
3,0.0,0,0.0,41,2235.0,-0.0,-0.01,-13.55,0.26,May,2,2,7,2,New_Visitor,True,False
-1,12.0,0,0.0,19,919.8995238,0.02,0.017091837,7.36509031,0.0,Aug,2,2,4,2,New_Visitor,True,True
0,15.27,0,0.0,30,1217.02,0.0135,0.03747619,3.11,0.0,Mar,2,2,1,2,Returning_Visitor,False,False
0,-2.12,0,-9.71,10,270.0,0.0,0.035714286,7.1,0.0,Mar,2,2,1,1,Returning_Visitor,False,False
4,111.65,0,0.0,44,1792.466667,0.0,0.01469428,0.0,0.0,Oct,2,2,1,2,Returning_Visitor,False,False
-1,0.0,0,-12.9,7,169.9866667,0.0125,0.02,21.27271783,-0.01,Feb,2,2,7,2,Returning_Visitor,False,True
6,121.81,0,-100.41,73,2401.53,-0.0,0.029871795,-15.99,-0.01,Nov,3,2,7,1,New_Visitor,True,False
0,22.22,0,0.0,3,-837.01,0.11,0.133333333,0.0,0.12,May,3,2,1,3,Returning_Visitor,False,False
3,64.49,1,65.74,13,257.4166667,0.006666667,0.03,6.97,0.04,May,3,2,1,3,Returning_Visitor,True,False
5,155.49,0,15.0,27,1424.37,0.01,0.03,1.7,0.0,Oct,1,1,1,2,Returning_Visitor,False,True
2,0.0,0,-24.02,41,155.25,0.01,0.04,-6.68,-0.03,Nov,1,1,7,1,Returning_Visitor,False,False
1,146.06,0,0.0,30,1024.33,0.008697765,0.03,-3.45,0.0,Oct,3,2,4,1,Returning_Visitor,True,False
1,28.55,0,-41.75,3,45.0,0.0,0.066666667,8.32,0.33,May,2,4,1,3,Returning_Visitor,False,False
1,100.0,0,15.31,9,246.1666667,0.01,0.025,2.63,0.02,Oct,3,2,1,2,Returning_Visitor,False,False
2,60.75,0,0.0,23,562.94,0.02,0.05,0.0,-0.03,Nov,2,2,4,2,Returning_Visitor,False,False
6,179.875,1,42.15,47,1011.319444,0.01,0.04,-3.8,0.01,Nov,2,2,1,1,Returning_Visitor,False,True
2,87.16,0,0.0,41,-131.81,0.0125,0.026666667,123.82,0.4,Feb,2,4,6,2,Returning_Visitor,False,False
2,84.68,0,-20.01,8,117.0,0.03,0.06,-3.23,-0.0,May,3,2,4,1,Returning_Visitor,True,False
2,39.4,-1,0.0,67,2921.78,-0.01,0.06,-1.34,0.0,Nov,4,8,6,11,Returning_Visitor,True,True
0,43.76,5,161.5,61,3603.73,0.0,-0.03,31.31885714,0.08,May,1,2,9,1,Returning_Visitor,False,True
3,-93.0,3,51.4,297,9661.585763,0.00304414,0.012547206,12.39,0.0,Jul,2,1,9,1,Returning_Visitor,False,False
2,81.05,1,0.0,44,1623.35,0.0,0.02,0.0,-0.04,Nov,2,2,4,2,Returning_Visitor,False,False
-1,0.0,0,0.0,1,645.05,0.0,0.2,0.0,0.0,Mar,2,13,3,1,Other,False,False
-2,-54.16,0,24.56,7,1165.56,0.0,0.025333333,0.0,-0.06,Oct,1,1,9,8,New_Visitor,False,True
0,-19.69,-1,-17.38,-23,-868.1,0.06,0.096,-7.55,0.17,May,3,2,6,4,Returning_Visitor,True,False
0,0.0,0,0.0,3,-1531.99,0.0,0.066666667,3.91,-0.05,Nov,4,1,2,3,Returning_Visitor,False,False
5,231.12,0,0.0,27,1094.310476,0.01,0.009285714,3.72,0.04,Oct,4,1,2,1,Returning_Visitor,False,False
4,345.0,0,37.96,14,1246.03,0.02,0.026666667,3.13,0.0,Sep,3,2,4,2,Returning_Visitor,False,False
9,110.4090909,5,-104.5,47,1005.93,0.00056338,0.02,17.12,0.0,Nov,1,1,1,10,Returning_Visitor,True,False
0,0.0,0,3.51,24,506.0,0.02,0.07,1.8,0.6,May,2,2,1,1,Returning_Visitor,True,False
0,111.12,0,244.82,85,7004.63,0.39,0.26,0.0,0.8,May,7,1,1,1,Returning_Visitor,False,False
7,440.5833333,0,63.41,25,1777.702381,0.01,0.02,8.22,0.03,Oct,1,2,1,2,Returning_Visitor,False,False
-1,29.0,0,0.0,20,609.82,0.0,0.020634921,4.02,-0.02,Mar,3,2,7,2,Returning_Visitor,False,False
0,15.28,0,-1.01,24,732.68,0.01,0.05,-0.15,-0.01,Mar,2,2,1,2,Returning_Visitor,False,False
0,-118.1,0,34.76,10,287.5,0.0,0.03,0.0,0.8,May,3,2,2,13,Returning_Visitor,True,False
2,25.53,0,-49.26,22,1662.733333,0.0,0.03015873,-1.46,0.18,May,2,2,1,1,Returning_Visitor,True,False
0,-12.44,0,5.48,2,141.3,0.16,0.2,0.0,0.6,May,2,2,2,1,Returning_Visitor,False,False
2,0.0,0,0.0,40,545.22,0.015238095,0.067619048,0.0,0.0,Jul,2,2,3,1,Returning_Visitor,False,False
1,-67.57,2,34.0,2,300.33,0.009302326,0.04,0.0,-0.03,Dec,1,8,3,2,Returning_Visitor,False,False
5,132.24,0,51.5,16,845.84,0.015454545,0.03,-1.92,-0.02,Oct,2,2,3,1,Returning_Visitor,False,False
-1,0.0,0,0.0,13,131.24,0.0,0.04,0.0,0.0,Mar,2,2,9,1,Returning_Visitor,False,False
3,78.35,0,0.0,41,1962.87,0.01,0.030243902,3.94,0.0,Nov,2,2,1,2,Returning_Visitor,False,False
13,564.9,3,522.1666667,107,3410.697592,0.04,0.01,0.0,0.0,Sep,3,2,4,4,Returning_Visitor,False,False
5,78.08,0,-46.51,118,3117.68,0.008823529,0.02,0.0,-0.04,Nov,2,2,1,3,Returning_Visitor,False,False
8,126.69,2,82.13,21,325.02,-0.0,0.02,4.37,0.03,Oct,2,2,9,1,Returning_Visitor,False,False
2,-219.72,0,597.64,43,1575.216667,-0.03,0.04,7.38,1.65,May,1,1,3,6,Returning_Visitor,False,False
1,25.0,0,-14.03,36,539.53,0.0,0.08,0.0,1.0,May,3,2,2,1,Returning_Visitor,True,False
2,151.03,0,33.98,26,1514.67,0.01,0.03,0.0,-0.01,Oct,2,2,1,2,Returning_Visitor,False,True
0,92.25,1,842.67,114,5044.75689,0.002528736,0.01,0.0,0.8,May,1,2,2,2,Returning_Visitor,False,False
4,100.81,1,0.0,38,1170.711048,-0.0,0.004699538,0.0,0.04,Oct,2,2,1,2,Returning_Visitor,True,False
0,1560.54,0,-223.29,-9,308.8635531,0.01,-0.04,0.0,-0.66,Mar,3,6,2,13,Returning_Visitor,False,False
0,-25.84,0,0.0,12,751.0,0.003125,0.0421875,0.0,0.0,Dec,2,2,1,2,Returning_Visitor,False,False
3,68.91,0,26.24,25,1223.87,0.01,0.04,0.0,0.03,Mar,2,2,1,1,Returning_Visitor,False,True
2,73.06,0,48.33,45,547.5,0.033469388,0.08,8.14,0.8,May,2,2,2,2,Returning_Visitor,False,False
0,0.0,0,-29.77,18,201.3333333,0.02,0.05,6.27,-0.01,Nov,3,2,2,2,Returning_Visitor,False,False
3,87.95,0,11.69,33,1453.9,0.010144928,0.03,2.64,0.01,Mar,2,2,1,2,Returning_Visitor,False,False
10,738.0,0,657.74,21,-364.45,0.01,0.02,0.5,0.66,May,2,6,2,8,Returning_Visitor,False,False
0,27.58333333,0,-18.72,9,420.2,0.03,0.07,-2.11,0.03,Oct,3,2,1,1,Returning_Visitor,False,False
2,85.0,0,0.0,12,365.67,0.03,0.058666667,0.0,-0.01,Oct,3,2,1,1,Returning_Visitor,False,False
6,420.0666667,3,111.28,39,1251.6,0.055172414,0.07,62.58,0.35,Sep,1,1,4,2,Returning_Visitor,False,False
0,12.9,0,-30.6,8,1909.94,0.04,0.0375,-3.2,0.1,May,3,2,4,13,Returning_Visitor,False,False
0,0.0,0,-19.83,73,3324.597222,0.0,0.03,2.86,0.0,Nov,2,2,1,2,Returning_Visitor,False,True
7,236.31,5,976.4,28,20.25,-0.01,0.009231412,0.0,-0.21,Nov,1,1,4,3,Returning_Visitor,False,True
1,0.0,0,0.0,22,260.3,0.0,0.01,4.27,0.02,Mar,3,2,2,4,Returning_Visitor,False,True
11,903.7,8,1317.55,137,6758.63,-0.01,0.02,4.63,-0.27,Oct,1,5,6,1,Returning_Visitor,False,False
2,630.5333333,-1,24.06,74,2799.03,0.0,0.02,-7.35,-0.03,Aug,3,2,1,4,Returning_Visitor,False,False
3,23.0,0,-98.27,3,677.73,0.028571429,0.07,53.27,0.03,Mar,4,1,8,2,Returning_Visitor,False,False
0,-50.39,1,-159.04,135,6991.18,-0.01,0.04,24.86,-0.09,Nov,2,4,2,10,Returning_Visitor,True,False
2,33.2,1,23.63,17,162.2333333,0.0,0.02,4.06,0.03,Mar,2,2,3,2,Returning_Visitor,False,False
4,127.5,1,81.49,-7,-237.69,0.011428571,0.027210884,6.71,0.02,Dec,2,2,1,2,Returning_Visitor,False,False
0,0.0,0,-2.48,33,336.0,0.0,0.04,0.0,0.8,May,3,2,1,4,Returning_Visitor,True,False
0,30.93,0,5.28,1,-179.91,0.19,0.2,0.0,-0.01,Mar,3,2,9,1,Returning_Visitor,False,False
1,-128.47,1,-9.31,97,5089.75,0.01,0.021408935,5.770973155,-0.2,Nov,2,2,4,13,Returning_Visitor,False,True
0,0.0,0,0.0,49,170.6666667,-0.03,0.03,0.0,0.0,Nov,2,12,1,11,New_Visitor,True,False
0,0.0,0,5.47,26,275.62,-0.01,0.03,0.0,0.0,Feb,1,8,6,3,Returning_Visitor,False,False
-3,-122.45,-1,0.0,65,129.7,-0.02,0.03956044,22.87,0.8,May,2,4,4,3,Returning_Visitor,True,False
5,151.16,1,-34.19,44,1531.920136,0.01,0.02,-6.0,-0.01,Nov,3,2,1,1,Returning_Visitor,True,False
4,120.6,0,183.8,10,1678.41,0.02,0.03,0.858361456,-0.02,Nov,1,2,1,2,Returning_Visitor,False,False
0,0.0,0,-44.11,12,444.25,0.01,0.021428571,2.33,0.0,Mar,3,2,2,2,Returning_Visitor,True,False
7,173.5416667,5,-3.34,23,1081.1,-0.01,0.009090909,41.95,-0.08,Oct,1,1,1,10,Returning_Visitor,True,False
1,-75.61,4,77.05,60,1094.47,-0.0,0.0125,13.83,0.0,Aug,2,1,4,6,New_Visitor,True,False
0,-28.67,0,-9.9,43,720.18,-0.01,0.02,0.52,0.04,May,1,8,6,3,Returning_Visitor,False,False
0,17.15,0,0.0,6,-894.07,0.03,0.07,0.0,0.0,Sep,1,8,7,2,Returning_Visitor,False,False
2,97.5,0,22.24,31,1251.0,0.0,0.02,-0.31,0.0,Mar,3,2,2,1,Returning_Visitor,False,False
0,10.18,0,0.0,25,710.5,0.05,0.084,5.6,0.11,June,2,2,6,2,Returning_Visitor,False,False
1,18.0,0,-15.49,4,0.0,0.2,0.2,0.0,0.0,Oct,1,2,4,1,Returning_Visitor,False,False
0,9.79,0,-43.66,36,1359.62,0.0,0.005882353,12.39,0.0,Oct,2,2,1,4,Returning_Visitor,True,True
5,226.09,0,0.0,37,1887.28,0.02,0.03,15.73,0.05,May,1,1,1,4,Returning_Visitor,False,False
-1,-14.76,0,315.62,44,1074.683333,0.0125,0.04,-19.8,0.0,Nov,1,1,1,4,Returning_Visitor,False,False
2,34.0,0,-48.25,35,3334.73,0.02,0.02,29.51,0.0,Dec,1,1,1,10,Returning_Visitor,True,False
3,78.76,0,-26.29,74,2378.263492,0.0,0.025042424,4.51,0.0,Oct,2,2,9,1,Returning_Visitor,False,True
12,754.5333333,-1,10.52,8,-412.61,0.0,0.01,-0.61,0.01,Nov,2,2,1,1,New_Visitor,False,False
1,-39.83,4,20.77,36,700.0,-0.01,0.011111111,11.98,0.04,Nov,2,2,9,10,Returning_Visitor,True,True
8,1010.18,6,1188.22,280,9247.383869,0.04,0.05,-9.51,0.0,Feb,2,6,7,1,Returning_Visitor,False,False
3,72.03,0,34.25,21,1076.5,0.0,0.03,0.0,0.0,Mar,2,2,1,2,Returning_Visitor,False,False
0,0.0,0,40.11,-11,-689.9,0.08,0.15,0.0,0.0,June,2,2,3,3,Other,False,False
5,133.4666667,2,-134.07,150,4935.536124,0.005664488,0.02,24.12,0.0,Aug,2,1,3,13,Returning_Visitor,False,False
-1,2.54,-1,-45.12,23,485.8333333,0.0,0.002222222,0.0,0.01,Mar,3,2,7,2,Returning_Visitor,True,False
4,103.15,0,-1.35,33,1483.65,0.01,0.02,0.0,0.0,Dec,2,2,1,2,Returning_Visitor,False,True
0,0.0,-1,0.0,57,827.12,-0.01,0.034482759,6.23,0.83,May,1,8,3,13,Returning_Visitor,False,False
5,216.25,0,-23.31,39,1056.511364,0.02,0.031666667,0.0,0.04,Dec,2,2,1,2,Returning_Visitor,False,False
1,51.4,0,0.0,38,562.3,-0.0,-0.01,36.65735004,0.0,Sep,1,8,6,2,Returning_Visitor,False,True
4,117.0,0,0.0,26,1915.6,0.0,0.013333333,19.4,0.0,Mar,2,2,2,2,Returning_Visitor,False,False
-12,-206.82,-3,-32.99,29,38.0,0.1,0.16,0.0,0.6,May,2,5,1,15,Returning_Visitor,False,False
5,99.41,0,-15.24,17,1625.09,0.0,0.02,0.0,0.0,Mar,2,4,6,2,Returning_Visitor,True,False
0,0.0,0,0.0,18,1232.89,0.03,0.06,6.38,0.03,Mar,1,1,1,1,Returning_Visitor,True,False
0,72.98,0,0.0,4,160.24,0.0,0.025,-0.68,0.03,Mar,3,2,3,2,Returning_Visitor,False,False
1,0.0,0,0.0,15,186.5,0.0,0.02,7.87,0.0,Mar,2,2,9,1,Returning_Visitor,False,False
1,19.86,0,11.71,30,1377.12,0.0,0.02,0.0,0.01,Oct,2,2,1,1,Returning_Visitor,False,False
0,72.0,-1,0.0,-9,-2073.68,0.04,0.04,8.55,-0.07,Nov,3,2,2,4,Returning_Visitor,False,False
-1,-1.43,0,-9.74,13,139.5,0.01,0.03,5.8,0.15,May,3,2,3,3,Returning_Visitor,False,False
2,124.0,0,-25.9,24,1448.928571,0.043851852,0.07,0.0,0.02,May,3,2,1,1,Returning_Visitor,False,False
6,214.6666667,-1,-37.67,45,2822.172118,-0.0,-0.02,7.36,-0.09,Nov,2,2,3,10,Returning_Visitor,False,False
3,76.39,0,-9.8,11,651.01,0.0,0.01,4.59,0.0,Oct,3,2,2,2,Returning_Visitor,False,False
15,204.3875,0,187.0,-51,289.39,0.0,-0.05,35.2,0.0,May,2,2,6,12,Returning_Visitor,False,False
3,115.17,0,9.0,30,1199.01,0.01,0.02,4.0,0.01,Mar,2,2,1,2,Returning_Visitor,False,False
0,-2.03,0,-10.11,7,327.75,0.028571429,0.07,-1.01,0.0,Mar,2,2,4,1,Returning_Visitor,False,False
3,22.33333333,1,0.0,12,621.42,0.01,0.03,109.99,0.0,June,4,1,8,2,Returning_Visitor,False,False
8,247.45,1,23.0,56,2581.355128,0.003278689,0.03,0.0,0.0,Nov,3,2,1,2,Returning_Visitor,False,False
4,132.75,0,-5.99,33,1371.633333,0.0,0.02,44.71103438,0.02,Feb,2,4,2,2,Returning_Visitor,False,True
0,17.71,0,-16.1,4,-120.14,0.01,0.05,-3.58,-0.0,Mar,3,2,3,1,Returning_Visitor,False,False
4,89.5,0,10.3,3,1200.55,0.03,0.04,0.0,0.0,May,1,1,1,3,Returning_Visitor,False,False
0,-22.81,0,-8.23,44,2250.35,-0.0,0.02,3.48,0.0,Oct,2,2,3,2,Returning_Visitor,False,False
4,162.5,0,24.9,20,858.52,0.0,0.020661157,0.0,0.01,Mar,2,2,3,2,Returning_Visitor,False,False
5,151.1,0,29.81,34,1511.92,0.01,0.02,3.45,0.0,Oct,2,2,1,2,Returning_Visitor,False,False
0,0.0,0,5.54,27,852.0,0.0,0.02,3.75,0.01,Mar,2,2,3,2,Returning_Visitor,False,False
25,1439.02,1,226.0,19,1936.18,-0.0,0.014035088,9.67,0.0,May,1,3,6,4,Returning_Visitor,False,False
-1,-5.27,0,0.0,4,-613.11,0.1,0.13,0.92,0.04,May,3,2,5,3,Returning_Visitor,False,False
6,95.3,0,-21.83,45,1416.71,-0.0,0.01,5.94,-0.01,May,2,4,7,3,Returning_Visitor,False,False
10,313.37,0,89.13,23,1980.44,0.019362745,0.03,10.59553121,0.0,Oct,1,1,1,1,Returning_Visitor,False,False
0,14.0,0,0.0,21,627.53,0.02,0.03,20.60235987,0.0,Mar,3,2,2,4,Returning_Visitor,False,False
2,-14.33,0,-30.74,5,430.1666667,0.01,0.041666667,-10.02,0.0,Nov,3,2,2,1,Returning_Visitor,False,False
0,0.0,0,0.0,8,1048.76,0.0,0.05,0.0,0.0,Mar,2,2,1,6,New_Visitor,False,False
1,0.0,0,-5.02,37,1589.625,0.0,0.02,15.63731434,-0.0,Mar,2,2,2,2,Returning_Visitor,False,False
3,122.1,1,61.02,22,1313.71,0.002401067,0.012477354,0.0,0.0,Oct,2,2,1,2,Returning_Visitor,True,False
0,6.24,0,-19.31,21,550.1666667,0.02,0.05,2.07,0.0,Nov,2,2,1,2,Returning_Visitor,False,False
3,49.48,0,50.71,9,561.25,0.022222222,0.033333333,26.38074656,0.0,Dec,3,2,1,1,Returning_Visitor,False,False
3,69.1,0,28.59,28,1209.44,0.01,0.03,1.29,0.01,Mar,2,2,1,2,Returning_Visitor,False,False
0,0.0,0,20.27,11,1605.0,0.03,0.08,-2.67,0.1,Jul,2,2,3,13,Returning_Visitor,False,False
2,-9.48,0,75.0,312,10144.03,0.02,0.014969192,8.055833998,-0.05,Nov,2,2,4,1,Returning_Visitor,False,False
-1,-1.36,0,0.0,2,-841.17,0.05,0.09,0.0,-0.01,Nov,1,1,5,2,Returning_Visitor,False,False
6,121.0333333,-1,0.0,9,230.8333333,0.0,-0.01,0.0,0.0,Nov,2,2,1,3,New_Visitor,True,False
0,-5.79,0,4.19,25,1070.91,0.01,0.04,0.0,0.0,Mar,2,2,1,1,Returning_Visitor,False,False
0,0.0,0,30.91,6,-1806.38,0.066666667,0.1,16.81,0.05,June,3,2,2,3,Returning_Visitor,False,False
0,-8.29,-1,0.0,17,1229.1,0.00625,0.03,0.0,0.02,Mar,2,2,3,1,Returning_Visitor,False,False
1,15.2,-1,43.4,-17,94.2,0.01,0.05,-8.55,0.0,Mar,2,2,3,1,Returning_Visitor,False,False
1,38.21,0,4.18,2,317.21,0.03,0.06,-1.03,0.0,Mar,2,2,4,1,Returning_Visitor,False,False
0,-68.57,0,0.0,5,975.5,0.04,0.07,-9.44,-0.01,Nov,3,2,6,13,Returning_Visitor,False,False
5,122.38,0,0.0,61,2951.01,-0.0,0.002631579,16.44,0.03,Oct,2,2,2,2,Returning_Visitor,False,True
1,84.41,0,0.0,27,692.88,0.01,0.03,1.59,0.06,Oct,1,1,1,4,Returning_Visitor,True,False
6,117.41,0,0.0,16,859.1666667,0.01,0.014814815,9.991666667,0.0,Mar,3,2,2,3,Returning_Visitor,False,False
1,3.0,0,7.28,28,1550.93,0.01,0.04,2.34,0.01,Oct,2,2,1,1,Returning_Visitor,False,False
4,113.25,-2,0.0,28,2986.68,0.02,0.0,0.0,0.0,May,2,2,8,4,New_Visitor,False,False
0,0.0,0,-112.88,-24,20.2,0.01,-0.01,0.0,-0.12,Aug,3,2,4,20,Other,False,False
1,0.0,0,0.6,7,-1132.53,0.0,0.08,-15.03,-0.01,Sep,2,12,4,3,Returning_Visitor,False,False
7,191.39,0,-38.26,123,3820.13,0.008823529,0.023529412,-8.76,0.0,Nov,2,2,1,1,Returning_Visitor,False,False
0,24.28,0,1.32,2,0.0,0.2,0.2,0.0,0.02,May,2,2,1,1,Returning_Visitor,False,False
4,75.0,1,0.0,25,851.0,0.0,0.014285714,22.88908649,0.0,Mar,1,1,1,4,Returning_Visitor,True,True
2,31.5,0,39.77,14,61.52,0.0,0.03,0.0,0.0,Mar,1,1,7,1,Returning_Visitor,False,False
2,13.68,0,-19.61,9,5.0,-0.0,0.02,0.0,0.0,Mar,3,2,3,1,Returning_Visitor,True,False
4,43.0,0,-53.28,11,610.0,0.0,0.015384615,52.24,-0.01,Mar,2,4,1,18,Returning_Visitor,False,False
9,5.0,1,25.0,81,1421.668627,-0.03,-0.01,43.96,0.6,May,2,4,3,4,Returning_Visitor,False,False
3,108.34,0,1.55,46,2267.330952,0.01,0.02,3.77,0.0,Oct,2,2,1,2,Returning_Visitor,False,True
0,21.6,0,0.0,15,814.7,0.02,0.05,4.56,0.01,Mar,2,2,9,1,Returning_Visitor,False,False
3,113.29,0,20.69,24,1237.99,0.01,0.01875,4.95,-0.0,Oct,2,2,1,2,Returning_Visitor,False,True
2,70.51,0,0.0,28,1199.36,0.01,0.03,3.58,-0.0,Oct,2,2,1,2,Returning_Visitor,False,False
0,-52.68,0,0.0,-2,200.9333333,0.0,0.08,2.81,0.0,Mar,2,4,1,2,Returning_Visitor,False,False
4,56.63,-1,-80.75,-1,1144.36,0.02,0.06,0.0,-0.07,Dec,2,9,3,13,Returning_Visitor,False,False
0,-16.12,0,24.95,1,0.0,0.2,0.21,0.57,0.04,Mar,1,1,3,1,Returning_Visitor,False,False
0,0.0,0,0.0,12,721.47,0.0,0.02,31.91,-0.04,Feb,3,4,9,3,Other,False,False
0,-26.47,0,0.0,15,0.0,0.0,0.02,4.82,0.0,Mar,2,2,9,1,Returning_Visitor,False,False
0,-27.7,0,117.25,8,-82.84,0.0825,0.12,-5.61,0.0,Dec,4,1,1,3,Returning_Visitor,False,False
0,-101.24,0,-67.7,15,-583.33,-0.02,0.03,12.55220741,0.71,May,1,1,3,3,Returning_Visitor,True,True
5,75.4,0,0.0,5,269.9018182,-0.01,0.01,15.57,0.0,Oct,2,2,3,1,New_Visitor,False,False
5,126.61,0,-15.45,47,2367.08,0.005714286,0.0,0.0,0.05,May,2,2,3,4,Returning_Visitor,False,False
4,94.67,0,0.0,19,303.1,0.0,0.014285714,7.36,0.03,Oct,2,2,3,2,Returning_Visitor,False,False
5,96.75,0,57.69,32,1354.97,0.01,0.03,2.81,0.0,Jul,2,2,1,2,Returning_Visitor,False,False
4,396.5,0,0.0,6,415.5,0.01,0.02,-21.13,0.0,Oct,4,1,9,8,New_Visitor,False,False
10,322.8333333,1,12.0,31,1443.31,-0.0,0.02,0.0,-0.03,Dec,2,1,9,8,New_Visitor,False,False
3,21.22,1,47.87,27,1022.78,0.006896552,0.02183908,-0.28,0.04,Mar,2,2,1,2,Returning_Visitor,True,False
0,-73.61,0,0.0,24,3161.81,0.03,0.031944444,0.0,-0.1,June,3,2,6,13,Returning_Visitor,False,False
0,0.0,0,-6.29,12,1076.36,-0.0,0.01,3.12,0.0,Oct,2,2,1,2,New_Visitor,False,False
0,-11.14,0,-5.1,2,3.0,0.05,0.1,-7.19,0.0,May,2,2,5,1,Returning_Visitor,False,False
1,-54.07,0,0.0,25,780.42,-0.01,0.025308642,-16.14,0.0,Jul,2,4,9,4,Other,False,False
4,0.0,0,0.0,64,1679.63,0.0,0.025,18.26,-0.03,Dec,1,1,1,3,Returning_Visitor,False,False
15,1405.48,-4,0.0,38,632.25,0.02,0.04,0.0,0.03,Oct,4,2,1,3,Returning_Visitor,False,False
0,-41.24,0,-55.2,13,-75.64,0.0,0.02,45.4642609,0.0,June,2,4,9,8,Other,False,True
7,75.41,3,42.93,67,1564.444444,-0.0,0.022549176,5.12,0.0,Jul,2,2,9,2,Returning_Visitor,True,False
5,35.7,-1,0.0,50,160.31,0.030769231,0.076923077,28.66,1.43,May,1,2,1,1,Returning_Visitor,True,False
0,0.0,0,-21.38,14,8.64,0.047619048,0.08,0.66,0.02,Mar,1,1,9,1,Returning_Visitor,False,False
-2,0.0,0,0.0,14,-401.95,0.003571429,0.03,1.74,0.03,Oct,1,1,7,2,Returning_Visitor,False,False
4,114.47,0,0.0,33,839.5178571,0.0,0.003125,0.0,0.04,Dec,2,2,5,2,Returning_Visitor,True,False
1,-74.22,2,584.4,-36,-2353.38,0.00952381,0.09,-3.94,-0.01,Nov,2,2,1,1,Returning_Visitor,False,False
4,108.12,0,2.19,29,1195.583333,0.0,0.01,32.0201901,0.01,Mar,2,2,3,2,Returning_Visitor,False,True
5,155.75,1,-295.08,62,3533.58,-0.01,0.0254662,43.02,-0.13,Nov,2,4,3,10,New_Visitor,True,False
0,0.0,0,0.0,31,1298.02,0.0,0.03,6.45,0.0,Mar,2,2,1,2,Returning_Visitor,False,False
0,0.0,0,28.91,13,1201.16,0.006153846,0.05,0.0,0.0,Mar,2,2,1,1,Returning_Visitor,False,False
1,0.0,1,10.57,51,2211.59,-0.0,0.024587384,1.58,-0.01,Nov,2,2,1,2,Returning_Visitor,False,False
1,104.21,0,60.07,13,15.6,0.0,0.0,47.7917708,0.0,Sep,1,4,6,8,New_Visitor,False,True
1,25.52,0,19.5,18,22.0,0.0,0.02,10.34,0.04,Oct,2,2,1,4,Returning_Visitor,False,False
0,0.0,0,0.0,25,588.33,0.01,0.025925926,0.0,0.02,Dec,2,2,5,2,Returning_Visitor,False,False
0,-46.99,0,-38.78,19,1315.4,-0.01,0.02,-23.66,0.0,Mar,2,4,9,8,Other,False,False
4,108.49,1,-17.11,111,3510.879903,-0.01,0.009438427,38.47,0.0,Mar,2,4,1,2,Returning_Visitor,False,False
0,10.55,0,-1.51,26,1038.6,0.02,0.05,0.0,0.0,Mar,2,2,1,1,Returning_Visitor,False,False
7,132.56,0,0.0,12,237.0,0.02,0.014285714,-12.61,0.0,Aug,4,2,6,3,New_Visitor,False,False
3,79.75,0,0.0,33,1700.42,0.01,0.03,3.88,0.01,Oct,2,2,1,1,Returning_Visitor,False,False
-1,33.21,0,-29.45,-6,22.0,0.01,0.05,20.97,0.0,Nov,2,4,1,2,New_Visitor,False,True
2,2.0,-1,-55.05,7,300.17,0.02,0.08,-18.43,0.04,Nov,3,2,7,13,Returning_Visitor,False,False
8,26.73,3,762.3,36,800.75,-0.0,0.001273148,0.0,0.0,Jul,2,2,6,4,Returning_Visitor,False,False
2,72.31,0,0.0,34,1666.64,0.01,0.03,4.55,-0.01,Mar,2,2,1,2,Returning_Visitor,False,True
1,47.94,1,0.0,-13,151.4166667,0.0,0.01,14.45,0.02,Dec,8,13,9,20,Other,False,False
2,108.31,1,-4.99,9,-196.62,-0.01,0.0125,23.23,0.04,Mar,2,2,9,6,New_Visitor,False,False
6,243.75,0,0.0,1,-152.69,0.01,0.03,-2.13,0.0,Dec,1,1,3,2,Returning_Visitor,False,False
2,82.61,0,8.12,15,315.4,0.0,0.01,2.53,0.03,Oct,2,2,9,2,New_Visitor,False,False
2,15.0,0,-41.74,44,2281.08,0.0,0.015483092,7.35,0.01,Oct,2,2,1,2,Returning_Visitor,True,False
-2,89.47,0,-152.84,-156,-3802.03,0.047619048,0.04,0.0,0.0,May,5,5,1,3,Returning_Visitor,False,False
2,140.0,1,147.28,10,130.0,0.0,0.025,0.0,0.13,Oct,1,1,4,2,Returning_Visitor,False,False
10,264.86,-1,110.25,24,1585.60873,0.005063291,0.021603376,0.0,-0.04,Dec,2,2,4,1,Returning_Visitor,False,False
2,-27.73,3,47.85,-9,1043.87,0.04,0.073225108,17.72,0.0,Mar,4,1,1,13,Returning_Visitor,False,False
0,0.0,0,3.03,14,315.0833333,0.02,0.05,2.93,0.02,Dec,2,2,5,2,Returning_Visitor,False,True
1,-27.54,1,17.13,53,2149.63,0.003477744,0.015856149,16.36,0.0,Jul,2,2,2,2,Returning_Visitor,True,False
0,75.13,2,-4.35,42,1232.733333,0.01,0.0,-18.98,0.01,May,2,6,5,19,Other,False,True
0,0.0,1,4.47,35,607.9666667,0.01,0.004166667,45.68,0.04,Feb,4,2,1,2,Returning_Visitor,False,True
5,12.5,0,-30.19,45,769.9928571,0.0,0.004081633,15.72,0.0,Nov,2,2,1,4,Returning_Visitor,True,False
-1,0.0,0,5.44,-1,-102.65,0.02,0.066666667,2.57,0.0,Mar,2,2,3,1,Returning_Visitor,False,False
-1,-112.08,0,-54.56,10,316.5,0.0,0.025,-6.53,0.0,Aug,2,4,9,8,Returning_Visitor,False,True
4,143.49,0,66.74,35,1192.866667,0.02,0.02,47.63,0.0,Sep,2,2,1,4,Returning_Visitor,False,False
1,88.38,2,183.81,-6,1483.88,0.01,0.05,0.0,0.01,May,1,1,1,2,Returning_Visitor,False,False
8,405.2583333,2,88.0,22,626.1,0.01,0.005128205,11.87,0.0,May,2,6,4,1,Returning_Visitor,False,False
5,220.0,0,26.78,27,1404.92,0.011111111,0.02,3.71,0.0,Oct,2,2,1,2,Returning_Visitor,False,False
1,8.0,0,0.0,10,-306.07,0.0,0.03,-3.12,0.02,Mar,1,1,7,1,Returning_Visitor,False,False
14,417.25,1,0.0,68,922.2083333,0.0,0.0,0.0,0.41,May,3,2,1,3,Returning_Visitor,True,False
0,0.0,0,11.48,33,1437.87,0.0,0.02,5.7,0.0,Mar,2,2,2,2,Returning_Visitor,False,False
12,176.9638554,9,266.875,351,13492.79,0.012452132,0.027372411,1.984555788,1.04,June,2,2,1,13,Returning_Visitor,True,False
0,-14.84,0,1.56,3,5.0,0.1,0.166666667,0.0,0.0,Mar,2,2,3,1,Returning_Visitor,False,False
3,121.49,0,-35.91,138,4654.23,0.01,0.01446207,18.21579469,0.04,Dec,2,2,1,2,Returning_Visitor,False,True
0,-36.55,0,546.19,-56,-280.43,0.114285714,0.15,0.0,0.4,May,1,1,2,3,Returning_Visitor,False,False
3,0.0,3,-124.7,49,420.0,-0.02,0.007692308,167.39,0.0,Oct,4,2,9,1,New_Visitor,True,False
0,7.81,0,-21.23,26,1805.44,0.03,0.07,-0.43,-0.03,May,2,2,4,1,Returning_Visitor,False,False
0,0.0,0,3.04,1,0.0,0.2,0.2,0.0,0.01,May,2,2,1,1,Returning_Visitor,False,False
3,75.6,0,41.46,14,662.93,0.0125,0.00625,-3.18,0.05,Mar,1,1,1,4,Returning_Visitor,True,False
0,0.0,0,16.27,4,72.5,0.0,0.05,0.0,0.11,Dec,1,13,7,10,Other,True,False
3,88.66,0,31.13,26,1279.93,0.01,0.024522672,7.91345877,0.02,Mar,2,2,1,2,Returning_Visitor,False,False
2,25.09,1,37.91,79,2426.006667,0.001265823,0.017721519,11.48,-0.05,Sep,1,8,1,3,Returning_Visitor,False,False
7,245.9333333,2,15.2,27,1333.8,0.012903226,0.029032258,4.945717395,-0.28,Nov,2,2,9,6,Returning_Visitor,False,False
2,29.0,0,30.89,29,1086.65,0.01,0.03,-0.38,0.0,Mar,2,2,1,2,Returning_Visitor,False,False
-1,21.0,0,-3.07,23,989.19,0.03,0.066666667,0.0,0.02,May,2,2,4,1,Returning_Visitor,False,False
0,0.0,0,-10.31,56,2516.23,0.0,0.021354167,0.0,-0.02,Nov,2,2,2,2,Returning_Visitor,False,False
-2,0.0,0,0.0,7,357.75,0.014285714,0.077142857,0.0,-0.01,Nov,1,1,4,2,Returning_Visitor,False,False
0,-12.68,0,0.0,5,56.0,0.0,0.04,9.64,0.03,Mar,2,2,1,1,Returning_Visitor,False,False
-1,0.0,0,-10.6,8,211.3333333,0.0,0.075,22.65,0.03,Mar,2,10,1,1,Returning_Visitor,False,False
0,-182.76,-1,0.0,12,429.0,0.05,0.09,-25.32,-0.07,Nov,1,1,3,8,Returning_Visitor,False,False
1,63.79,0,0.0,9,76.0,0.0,0.02962963,7.57,0.18,May,2,2,3,2,Returning_Visitor,False,False
8,77.0,0,15.88,36,-2318.36,0.0,0.018461538,15.1,0.0,May,2,5,7,3,Returning_Visitor,False,False
9,573.5,0,84.84,19,2013.22,0.005882353,0.02,5.82,0.01,Nov,1,2,1,2,Returning_Visitor,False,False
1,240.15,2,161.53,31,1100.125,0.01,-0.01,33.33,0.4,May,3,2,4,14,Returning_Visitor,False,False
9,173.6,1,-25.38,39,1390.866667,0.01,0.0,63.39474419,0.0,May,2,2,3,4,Returning_Visitor,False,True
0,0.0,0,0.0,16,813.91,0.01,0.035714286,4.66,0.01,Mar,2,2,9,1,Returning_Visitor,False,False
4,170.85,1,7.0,82,2923.93,0.01,0.01,13.9750483,0.0,Nov,2,2,1,2,Returning_Visitor,False,True
0,-16.67,0,-14.49,1,115.25,0.066666667,0.108333333,-8.16,-0.05,Nov,2,2,1,2,Returning_Visitor,False,False
6,254.0,1,-16.2,88,4990.959524,0.01,0.01,-8.6,0.0,May,2,2,4,6,Returning_Visitor,False,True
3,71.22,0,27.38,31,1305.26,0.005714286,0.03,2.0,0.01,Mar,2,2,1,2,Returning_Visitor,False,False
0,0.0,0,-138.84,23,270.5833333,-0.02,-0.04,0.0,-0.04,Nov,1,1,3,8,New_Visitor,True,False
2,50.37,0,21.29,9,888.51,-0.0,0.005555556,7.91,0.0,Oct,2,2,9,2,New_Visitor,False,False
0,150.2,0,-10.33,14,392.6,0.028,0.06,42.49,0.0,Feb,1,1,7,2,Returning_Visitor,False,False
3,55.0,0,3.09,21,779.18,0.0,0.011603935,0.0,0.0,Dec,1,8,2,9,Returning_Visitor,False,False
0,-102.42,0,-37.44,51,1663.96,0.01,0.05,-2.45,0.0,Nov,1,8,2,11,Returning_Visitor,True,False
2,71.71,0,9.72,30,1282.56,0.02,0.05,-0.12,0.0,Mar,2,2,1,1,Returning_Visitor,False,False
1,0.0,0,0.0,25,-431.75,0.0,0.005208333,71.05,0.0,Dec,3,2,3,2,New_Visitor,False,False
0,-23.37,0,0.0,18,1094.09,0.01,0.022857143,0.0,-0.02,June,3,2,6,2,Returning_Visitor,True,False
0,21.55,0,1.37,25,950.93,0.015384615,0.04,0.0,0.01,Oct,1,1,5,2,Returning_Visitor,False,False
0,0.0,0,438.8,127,4544.41,0.001666667,0.016666667,-28.19,0.0,Jul,1,1,2,2,Returning_Visitor,False,False
0,-2.48,0,0.03,13,873.25,0.0,0.03,5.1,-0.01,Mar,2,2,1,2,Returning_Visitor,False,False
0,-39.26,7,584.0,107,3122.37,-0.01,0.01,17.09,-0.06,Nov,2,2,1,2,Returning_Visitor,False,False
20,773.68,24,2335.5,193,11878.59,0.004851285,0.015431438,0.763828956,0.0,May,2,2,9,14,Returning_Visitor,True,False
8,1113.63,1,58.67,19,1063.95,0.01,0.019047619,54.24886418,0.0,Oct,1,4,1,10,Returning_Visitor,False,False
0,0.0,-1,-55.24,16,-938.84,0.07,0.09,0.0,0.0,Oct,1,1,5,3,Returning_Visitor,False,False
0,-3.75,6,87.25,30,2.333333333,0.02,0.03,0.0,0.0,May,3,2,9,13,Returning_Visitor,False,False
3,25.12,0,-25.75,2,484.34,0.088888889,0.11,5.25,0.0,Dec,2,1,7,2,Returning_Visitor,False,False
0,14.34,0,0.0,38,1838.5,0.004,0.03,3.47,0.0,Oct,2,2,1,2,Returning_Visitor,False,False
5,499.85,6,1452.84,73,5139.95,0.0,0.02,0.0,0.0,Sep,2,2,3,4,New_Visitor,False,False
11,494.06,0,40.05,30,727.63,0.01,0.0,0.0,0.0,Oct,2,6,2,4,Returning_Visitor,True,False
0,21.8,1,0.0,-21,390.52,0.01,0.033333333,22.99,0.01,Dec,8,13,9,20,Other,False,False
-1,-74.11,0,5.49,-12,-480.19,-0.0,0.024137931,66.08,-0.02,Dec,2,4,2,2,Returning_Visitor,False,False
2,76.05,0,-13.83,22,627.52,0.01,0.04,0.05,0.0,Mar,3,2,2,1,Returning_Visitor,False,False
0,-8.78,0,0.0,3,65.0,0.06,0.111111111,-8.04,0.0,Oct,2,2,9,1,Returning_Visitor,False,False
7,138.26,-1,72.72,37,1539.88,0.01,0.018181818,-7.11,0.05,Dec,1,1,3,2,Returning_Visitor,False,False
1,22.13,0,0.0,19,1050.43,0.009090909,0.04,2.38,-0.01,Mar,2,2,1,1,Returning_Visitor,False,True
0,0.0,0,82.08,14,424.3333333,0.0,0.01,-17.12,0.0,Oct,3,2,5,13,Returning_Visitor,False,False
1,195.37,1,195.36,37,3009.042857,0.01,0.04,6.992767815,-0.04,Dec,3,2,1,2,Returning_Visitor,False,False
3,0.0,0,-1.1,23,1406.86,-0.0,0.02,3.51,-0.0,Mar,2,2,3,1,Returning_Visitor,False,False
2,114.58,0,24.4,44,2120.630952,0.0,0.02,0.0,0.0,Oct,2,2,1,2,Returning_Visitor,False,False
0,61.52,0,0.0,1,304.05,0.2,0.2,3.14,-0.04,Mar,4,2,2,1,Returning_Visitor,False,False
1,110.59,0,0.0,3,1642.75,0.0,0.039583333,43.99,0.0,May,2,4,6,2,Returning_Visitor,False,True
2,73.26,0,120.51,33,831.1111111,0.0,0.01,26.53,-0.03,Dec,2,2,3,2,Returning_Visitor,False,True
0,9.91,0,0.0,36,1076.89,0.01,0.07,0.0,-0.03,Jul,2,4,4,2,Returning_Visitor,False,False
9,245.65,0,-27.84,131,2776.05,0.0,0.015384615,0.0,-0.02,Sep,1,8,7,3,Returning_Visitor,False,False
1,41.37,0,-17.42,25,1018.22,0.01,0.045454545,0.0,0.0,Oct,2,2,1,1,Returning_Visitor,False,False
1,45.83333333,0,0.0,40,1572.1,0.01,0.04,0.0,0.0,Nov,2,2,1,2,Returning_Visitor,False,False
0,14.28,0,-23.66,57,2990.3125,0.01,0.03,5.83,-0.04,Nov,2,2,1,10,Returning_Visitor,False,False
0,227.39,2,286.8,8,160.25,0.0125,0.04,0.0,0.23,May,3,2,4,6,Returning_Visitor,False,False
-1,0.0,0,-20.25,5,350.03,0.02,0.06,1.86,0.0,Oct,2,2,1,2,Returning_Visitor,False,False
0,47.88,0,-14.08,17,494.15,0.021052632,0.05,0.0,0.0,Mar,3,2,2,1,Returning_Visitor,False,False
2,91.82,0,24.66,35,1605.09,0.01,0.03,2.89,-0.01,Mar,2,2,9,2,Returning_Visitor,False,False
12,1144.52,4,136.84,100,4597.124242,0.01,0.028496768,-8.03,0.0,Nov,1,1,1,10,Returning_Visitor,True,True
3,69.09,1,20.73,44,1126.666667,0.0,0.04,28.32886648,-0.01,Jul,2,4,2,2,Returning_Visitor,False,False
-1,0.0,-1,0.0,13,-168.84,0.03,0.05,5.17,0.4,May,3,2,6,4,Returning_Visitor,True,False
1,0.0,0,0.0,17,888.09,0.03,0.07,0.0,0.23,Feb,2,2,1,3,Returning_Visitor,True,False
0,2.63,0,-36.29,-6,475.67,0.0,0.02,17.43,0.0,Dec,8,13,9,20,Other,False,False
1,127.6666667,0,-76.67,-32,-342.62,0.0,0.033333333,0.0,-0.03,Nov,1,1,4,10,Returning_Visitor,True,False
1,51.59,0,-12.81,28,597.55,0.0,0.005555556,61.91,0.02,Mar,2,2,3,10,Returning_Visitor,False,False
0,0.0,1,62.59,-6,-2033.27,0.034482759,0.07,1.444763592,-0.05,June,3,2,4,3,Returning_Visitor,True,False
0,0.0,0,-18.02,-31,-670.53,-0.01,0.02,0.0,0.0,Nov,8,13,9,20,Other,False,False
14,574.55,11,1506.44,260,12166.69424,0.01,0.012143626,0.067049546,0.0,Feb,2,2,3,2,Returning_Visitor,False,True
7,38.6,1,-36.99,30,1087.7,0.01,0.03,-9.07,0.0,Oct,2,2,4,5,Returning_Visitor,False,False
5,249.89,0,0.0,26,1299.08,0.014814815,0.04,13.9,0.04,Oct,4,1,1,1,Returning_Visitor,False,True
1,87.25,0,0.0,-1,0.0,0.03,0.06,0.0,0.0,May,2,2,5,1,Returning_Visitor,False,False
0,51.45,0,0.0,2,3.0,0.04,0.07,2.92,0.0,May,1,1,4,2,Returning_Visitor,False,False
0,-3.71,0,0.0,15,59.8,0.01,0.03,0.0,0.0,May,2,2,9,4,Returning_Visitor,False,False
3,32.23,1,9.0,38,2277.555556,0.0,0.03,28.4,-0.09,Mar,2,4,1,3,New_Visitor,False,False
4,130.0,1,0.0,-12,818.7916667,0.0,0.0,-3.29,0.0,Mar,2,2,1,2,New_Visitor,True,False
2,62.87,0,20.4,17,788.93,0.01,0.04,0.0,0.01,Mar,2,2,3,1,Returning_Visitor,False,False
-3,0.0,1,0.55,4,17.2,0.05,0.15,0.0,0.08,Aug,2,2,5,1,Returning_Visitor,False,False
0,21.63,1,85.24,4,498.17,0.02,0.05,12.18867006,0.02,Dec,2,2,1,2,Returning_Visitor,False,True
2,-9.55,0,0.0,16,-179.47,0.02,0.05,-3.36,-0.05,Dec,1,8,7,2,Returning_Visitor,False,True
6,420.0,5,1150.88,61,2059.7,0.01,0.03,0.0,0.03,Dec,3,2,4,2,Returning_Visitor,False,False
3,100.0965368,1,0.0,234,6141.432139,0.01,0.02,17.99,0.71,May,2,2,1,4,Returning_Visitor,False,False
0,0.0,0,0.0,5,2039.93,0.0,0.01,0.0,0.07,May,2,2,4,6,New_Visitor,False,False
5,47.74,0,390.59,39,1102.85,0.01,0.028275862,-29.25,0.0,Nov,1,1,4,3,Returning_Visitor,False,False
3,56.82,0,0.0,15,158.25,0.0,0.01,9.16,0.03,Mar,2,2,3,2,Returning_Visitor,False,False
6,193.36,1,47.2,23,866.7071429,0.01,0.01,6.786958937,0.02,Oct,2,2,1,2,Returning_Visitor,False,False
2,44.5,0,0.0,28,1146.75,0.005882353,0.03,0.0,0.0,Oct,2,2,1,2,Returning_Visitor,False,False
0,45.31,1,0.0,27,984.0,0.01,0.03,-4.32,0.17,May,2,2,4,6,Returning_Visitor,False,False
-1,31.37,0,0.0,1,0.0,0.2,0.2,0.0,0.0,May,2,2,1,4,Returning_Visitor,False,False
2,21.6,0,0.0,2,-1018.19,0.22,0.2,0.0,0.0,Jul,4,1,1,3,Returning_Visitor,True,False
0,51.77,1,64.22,11,-1064.98,0.0,0.04,0.0,-0.01,June,1,8,6,2,Returning_Visitor,False,False
3,76.14,0,35.51,9,830.16,0.0,0.01,-5.28,0.08,Mar,2,2,1,2,Returning_Visitor,False,False
4,277.75,0,0.0,3,520.39,0.0,0.008,0.0,0.0,Oct,2,2,3,2,New_Visitor,False,False
2,75.55,0,0.0,31,1219.98,0.01,0.03,4.09,-0.0,Mar,2,2,1,2,Returning_Visitor,False,False
3,187.1666667,0,-14.17,6,906.26,0.0,0.01,-7.49,0.04,May,3,2,3,1,New_Visitor,False,True
6,-82.34,10,609.0,47,2989.494048,-0.02,0.004813218,30.897985,0.0,May,2,2,1,6,New_Visitor,True,True
8,234.52,0,29.41,65,2008.900974,0.01,0.01,4.54,0.0,Nov,2,2,1,3,Returning_Visitor,False,False
0,171.9,1,68.3,35,1555.601212,0.0,0.02,0.0,-0.05,Mar,3,2,1,2,Returning_Visitor,False,False
3,-2.21,-1,-82.51,43,1341.92,0.0,0.04,60.87,0.0,Jul,2,2,8,2,New_Visitor,True,False
4,112.9,0,58.02,15,505.55,0.0,0.003225806,0.0,0.0,Dec,2,2,4,6,New_Visitor,False,False
2,91.18,0,33.06,5,1278.7,0.01,0.028571429,0.0,0.0,Jul,1,1,2,2,New_Visitor,True,False
13,367.6666667,3,217.06,37,646.52,0.03,0.04,10.75,-0.28,Nov,1,5,7,4,Returning_Visitor,True,False
6,73.33333333,0,35.04,17,866.24,-0.01,0.00877193,-11.75,0.02,Mar,1,1,3,3,Returning_Visitor,True,False
1,0.0,0,18.4,36,1612.45,0.0,0.03,2.03,-0.01,Mar,2,2,9,1,Returning_Visitor,False,False
1,36.1,0,0.0,11,787.0,0.01,0.05,0.0,-0.0,Mar,2,2,1,2,Returning_Visitor,False,False
4,83.58,1,41.68,60,1978.9,0.0,0.01,0.56,-0.01,Aug,2,2,4,4,Returning_Visitor,False,False
0,0.0,2,0.0,1,0.0,-0.0,0.08,0.0,0.0,Feb,2,8,3,13,Returning_Visitor,False,False
0,0.0,0,0.0,20,450.98,0.02,0.06,0.0,0.4,May,2,2,3,1,Returning_Visitor,False,False
3,154.43,0,0.0,27,589.5738095,0.01,0.005555556,0.0,0.0,Oct,3,2,1,4,Returning_Visitor,True,False
5,147.0,0,123.61,36,3473.733333,0.01,0.033333333,0.0,0.01,May,2,2,1,3,Returning_Visitor,False,False
0,32.31,0,-22.53,77,3332.208333,0.01,0.02,3.74,-0.02,Nov,2,2,1,2,Returning_Visitor,False,False
1,52.92,0,1.13,27,803.0,0.01,0.04,2.12,0.0,Nov,2,2,1,2,Returning_Visitor,False,True
-1,0.0,0,-6.62,3,-116.32,0.1,0.133333333,0.0,0.14,May,2,2,1,3,Returning_Visitor,False,False
0,-65.44,2,107.56,18,222.3,0.04,0.08,14.69,0.23,June,2,2,1,1,Returning_Visitor,True,False
3,119.0,0,4.9,23,1273.875,0.0,0.003921569,2.27,0.03,Oct,2,2,1,2,New_Visitor,False,True
-1,-100.81,0,0.0,-4,-0.44,0.0,0.04,-9.54,0.0,Nov,2,2,9,5,New_Visitor,False,False
2,32.13,0,-14.42,9,247.53,0.0,0.01,-1.44,0.0,Nov,1,1,1,2,New_Visitor,True,False
7,122.81,1,0.0,50,2244.83,0.0,0.006428571,11.28411429,0.15,May,2,2,3,1,Returning_Visitor,False,True
2,62.21,0,0.0,16,1052.25,0.01,0.05,7.18,0.0,Mar,2,4,2,2,Returning_Visitor,False,False
1,62.67,0,0.0,13,436.0,0.030769231,0.079487179,7.33,0.05,Mar,1,1,1,1,Returning_Visitor,False,False
0,-22.99,-2,-116.4,-2,22.0,0.0,-0.0,0.0,-0.16,Oct,2,6,3,3,Returning_Visitor,False,False
2,32.12,0,0.0,-3,50.4,0.0,0.066666667,15.29,0.04,Mar,2,4,1,1,Returning_Visitor,False,False
0,19.62,0,-33.15,1,0.0,0.18,0.2,0.0,-0.04,Nov,1,1,2,2,Returning_Visitor,False,False
18,130.5,10,439.2,78,1611.95,-0.02,0.010699588,39.0,0.0,Nov,2,4,9,14,Returning_Visitor,False,False
2,169.2,0,26.97,24,1433.163333,0.02,0.04,4.11,0.01,May,3,2,1,4,Returning_Visitor,False,True
11,162.75,0,58.73,34,-977.95,0.004022989,0.01,1.71,0.0,Nov,2,2,3,3,Returning_Visitor,False,True
0,0.0,0,-10.09,12,1277.33,0.0,0.02,-4.02,-0.03,Oct,3,2,4,1,New_Visitor,True,False
4,129.21,-1,-15.53,63,3770.916071,0.0,0.014745252,5.5,0.0,Dec,2,2,2,2,Returning_Visitor,False,False
0,1.68,0,2.84,13,944.85,0.02,0.055555556,0.0,0.0,Mar,2,2,3,1,Returning_Visitor,False,False
2,56.76,0,0.0,25,1118.58,0.0,0.02,4.89,0.02,Oct,2,2,1,2,Returning_Visitor,False,False
5,79.7,0,17.98,27,3436.47,0.02,0.02,9.128607511,0.0,Mar,2,2,1,13,Returning_Visitor,False,False
8,112.0,0,0.0,22,829.38,0.01,0.05,5.22,0.0,Oct,4,1,9,3,Returning_Visitor,False,False
5,333.0,2,117.87,12,151.9,0.031111111,0.064444444,0.0,0.23,May,1,1,1,2,Returning_Visitor,False,False
6,57.25,1,269.9,39,1930.410714,0.01,0.03,-30.43,-0.02,Oct,1,1,3,1,Returning_Visitor,False,True
1,31.75,0,-3.71,2,53.5,0.03,0.07,0.95,0.0,Mar,1,1,4,1,Returning_Visitor,False,False
2,92.19,0,31.88,30,946.5952381,0.013333333,0.031333333,0.0,-0.06,Nov,2,2,1,2,Returning_Visitor,False,False
0,9.0,0,-1.88,17,-402.54,0.01,0.03,0.28,-0.01,Nov,2,2,3,4,Returning_Visitor,False,False
0,0.0,0,0.0,13,767.04,0.0,0.04,7.4,-0.0,Mar,2,4,4,1,Returning_Visitor,True,False
1,22.2,0,17.56,34,1542.98,0.005128205,0.03,2.64,0.0,Oct,2,2,1,2,Returning_Visitor,False,False
-1,4.62,-1,863.53,-2,800.08,0.2,0.19,-2.83,0.49,May,1,2,2,3,Returning_Visitor,False,False
-1,0.0,1,0.0,29,2402.83,0.01,0.03,5.66,-0.01,Nov,2,2,1,10,Returning_Visitor,False,False
2,32.0,0,24.84,7,257.03,0.0,0.008333333,14.16,0.06,May,2,2,3,4,Returning_Visitor,False,False
1,13.0,0,0.0,2,1.36,0.01,0.05,0.0,0.0,Mar,3,2,3,1,Returning_Visitor,False,False
0,40.86,0,0.0,9,-26.11,0.022222222,0.05,0.0,0.01,Dec,3,2,1,2,Returning_Visitor,False,False
0,-52.57,1,215.61,257,6581.91,0.01,0.0125,19.43,0.8,May,3,2,6,8,Returning_Visitor,False,False
-1,-8.19,0,62.4,54,983.56,0.0,0.02,5.4,-0.02,Sep,1,8,2,4,Returning_Visitor,False,False
0,0.0,0,31.83,9,-4.33,0.01,0.066666667,-2.82,0.1,May,1,8,3,3,Returning_Visitor,False,False
0,36.32,0,28.32,30,135.5,0.02,0.06,0.0,0.01,May,1,1,4,3,Returning_Visitor,False,False
0,0.0,0,0.0,22,840.15,0.0,0.01,33.32796813,0.03,Mar,2,2,3,2,Returning_Visitor,False,False
0,-64.04,-1,-135.0,22,-691.39,0.0,-0.03,9.650250036,-0.04,Nov,2,2,3,12,Returning_Visitor,True,True
6,153.275,0,56.38,25,1460.68,0.013333333,0.030151515,-4.99,0.03,Oct,1,1,1,1,Returning_Visitor,False,False
4,195.5,0,-196.72,29,785.5,0.018181818,0.031313131,77.66478213,0.0,Mar,3,2,1,1,New_Visitor,True,False
8,188.09,1,17.0,57,901.39,-0.01,0.018181818,122.5,0.0,June,1,1,8,2,Returning_Visitor,False,False
0,0.0,0,0.0,63,2795.93,0.02,0.04,0.0,0.1,May,2,2,1,1,Returning_Visitor,False,False
13,566.27,3,1152.71,34,530.25,0.02,-0.01,0.99,0.0,Dec,2,2,7,1,Returning_Visitor,False,True
0,0.0,0,-16.59,2,126.03,0.04,0.07,3.71,0.08,May,1,1,5,3,Returning_Visitor,False,False
6,148.16,2,211.6,3,-999.77,-0.0,0.02,30.46,0.04,Mar,2,4,1,2,Returning_Visitor,False,False
1,98.89,0,0.0,1,-77.66,0.0,0.024242424,0.0,0.01,Nov,3,2,2,6,New_Visitor,False,False
4,39.37,2,34.45,25,1910.67,0.0,0.02,129.7,-0.02,Sep,1,2,1,2,New_Visitor,False,False
2,99.21,1,38.2,20,334.5,-0.0,0.002666667,9.55,0.0,Mar,3,2,3,2,Returning_Visitor,False,False
0,-22.98,-1,42.1,14,146.1333333,0.05,0.09,0.0,-0.02,Jul,2,2,2,1,Returning_Visitor,False,False
1,0.0,0,0.0,48,2209.6,0.0,0.01,19.34826667,-0.04,Aug,3,2,6,2,Returning_Visitor,False,False
2,60.1,0,0.0,50,1589.583333,-0.01,0.007692308,61.20406619,0.0,Mar,2,4,2,4,Returning_Visitor,False,True
9,161.68,5,682.82,457,15025.23302,-0.0,0.010140622,-20.66,0.0,Nov,2,2,3,1,Returning_Visitor,True,False
2,64.47,0,3.3,13,1357.63,-0.0,0.0,-0.54,0.02,Oct,2,2,1,6,New_Visitor,False,False
3,98.54,0,3.43,55,2280.87,0.02,0.03,4.63,-0.04,Aug,2,2,4,3,Returning_Visitor,False,False
3,73.4,-1,49.78,16,589.875,0.0,0.01,0.62,0.03,Dec,2,2,3,2,Returning_Visitor,False,False
3,74.75,0,35.67,11,853.56,0.0,0.023529412,0.0,0.06,Dec,2,2,1,6,New_Visitor,False,False
1,62.51,1,485.92,-21,508.61,0.0,0.01,-23.6,-0.02,Dec,2,2,4,2,Returning_Visitor,True,False
0,287.41,-1,0.0,-74,-1733.25,0.066666667,0.116666667,0.0,0.4,May,2,6,2,2,Returning_Visitor,False,False
2,15.66666667,0,0.0,28,1635.17,0.01,0.032413793,7.17,0.0,Mar,2,2,3,1,Returning_Visitor,False,False
0,27.06,0,0.0,65,2578.39,0.0,0.02,4.05,-0.01,Mar,2,2,1,2,Returning_Visitor,False,False
12,109.23,0,-101.22,44,2187.338725,-0.05,-0.04,178.86,-0.15,Dec,1,2,8,10,Returning_Visitor,False,False
0,44.41,0,18.36,9,198.1333333,0.0,0.02,0.0,0.0,Oct,1,1,7,2,Returning_Visitor,False,False
3,48.25,0,31.2,21,898.29,0.016,0.041333333,0.44,-0.0,Mar,2,2,3,1,Returning_Visitor,False,False
2,35.93,0,3.96,0,-517.32,0.2,0.2,-1.6,0.0,May,1,2,6,3,Returning_Visitor,False,False
0,-64.72,0,-114.5,2,53.36,-0.02,0.08,2.56,0.01,Nov,1,12,1,3,New_Visitor,True,False
0,0.0,0,-22.28,22,1076.59,0.01,0.05,0.0,-0.0,Mar,2,2,1,1,Returning_Visitor,False,False
0,0.0,0,0.0,24,982.84,0.01,0.04,2.61,0.0,Oct,2,2,2,1,Returning_Visitor,False,False
2,14.0,0,0.0,23,928.3,0.0,-0.01,125.33,-0.05,Oct,1,2,7,2,New_Visitor,False,False
4,107.75,-1,-115.3,-48,-1093.74,0.01,0.04,1.19,-0.0,Nov,1,8,8,10,Returning_Visitor,True,False
3,97.85,0,21.1,26,1283.02,0.019047619,0.030952381,1.65,0.02,Mar,2,2,1,2,Returning_Visitor,False,False
3,103.48,0,0.0,63,2115.06,0.0,0.006257147,2.17,0.0,Nov,2,2,2,2,Returning_Visitor,False,False
11,335.5,1,101.85,1,96.0,0.02,0.025,0.73,0.0,June,4,1,8,2,Returning_Visitor,False,False
1,-23.2,0,35.53,-3,44.8,0.01,-0.0,111.92,0.0,Feb,2,2,7,4,New_Visitor,False,False
2,1.26,0,6.54,37,321.2333333,0.03,0.08,0.0,-0.05,Jul,2,2,7,1,Returning_Visitor,False,False
5,60.8,1,62.3,23,1105.49,0.01,0.03,-1.87,0.0,Mar,2,2,1,1,Returning_Visitor,True,False
0,66.72,0,12.33,10,148.5,0.09,0.096666667,0.0,0.05,May,3,2,1,4,Returning_Visitor,False,False
4,100.6,2,-147.13,93,2002.76,0.008163265,0.026598639,128.96,0.28,Sep,2,2,3,2,Returning_Visitor,False,False
0,0.0,0,0.0,44,1604.55,0.0,0.021212121,0.0,-0.0,Mar,2,2,1,1,Returning_Visitor,False,False
5,184.67,1,15.1,199,5978.08,0.028594771,0.01,28.5,0.03,Aug,1,1,3,2,Returning_Visitor,False,False
5,62.9,-1,-60.59,17,887.8333333,0.0,0.01,-1.01,0.0,Oct,2,2,3,3,Returning_Visitor,False,False
0,0.0,0,-26.57,1,0.0,0.2,0.2,0.0,0.0,June,3,2,6,1,Returning_Visitor,False,False
5,85.03,0,0.0,77,2853.36,0.0,0.01,0.0,-0.05,Aug,2,2,6,2,Returning_Visitor,False,False
3,70.22,0,0.0,29,1180.62,0.01,0.03,2.42,0.02,Mar,2,2,1,2,Returning_Visitor,False,True
0,83.88,0,36.12,25,1010.56,0.01,0.027111111,11.56,0.02,Mar,1,1,2,2,Returning_Visitor,False,False
-2,0.0,-1,-134.73,-29,28.33333333,0.04,0.11,0.0,0.0,May,3,4,4,11,Returning_Visitor,True,False
0,-16.64,0,-16.73,1,0.0,0.2,0.2,-3.76,0.0,Oct,1,1,3,3,Returning_Visitor,False,False
4,130.5,0,41.11,31,1534.52,0.004,0.02,14.792,0.01,Mar,2,2,1,2,Returning_Visitor,False,False
4,210.0,0,62.15,10,794.68,0.02,0.04,6.99,0.0,Mar,1,2,1,2,Returning_Visitor,False,False
2,67.32,0,-6.0,24,521.8666667,-0.01,0.01,0.0,0.04,Mar,2,2,9,6,New_Visitor,False,False
5,148.4,0,0.0,22,1125.21,0.01,0.02,6.28,0.01,Oct,2,2,1,2,Returning_Visitor,False,False
6,154.7,0,0.0,23,54.38095238,0.01,0.01,5.96,0.03,Oct,2,2,9,3,Returning_Visitor,False,False
4,159.0,0,0.0,28,1298.38,0.01,0.03,-0.76,0.0,Oct,1,1,1,2,Returning_Visitor,False,False
2,541.08,-1,6.64,34,1446.733333,0.0,0.002439024,-6.14,-0.03,Dec,4,1,4,2,New_Visitor,True,False
1,33.0,0,-19.55,91,-144.83,0.004731183,0.018752216,-20.34,0.0,Nov,2,1,3,3,Returning_Visitor,False,False
-6,-305.34,0,581.19,-107,510.38,0.007692308,0.12,-44.28,0.0,Oct,2,2,2,1,Returning_Visitor,False,False
1,0.0,0,36.76,3,0.0,0.02,0.06,0.0,0.02,Mar,2,2,3,1,Returning_Visitor,False,False
7,127.42,0,0.0,-35,295.1,0.011764706,0.017647059,0.0,0.0,Nov,4,2,1,20,Other,False,False
1,77.8,0,0.0,20,294.7,0.0,0.0,34.52,-0.01,Nov,2,2,3,12,Returning_Visitor,False,True
9,180.0,1,800.23,90,6951.972222,0.0,0.015013034,-20.83,-0.04,Oct,1,1,1,3,Returning_Visitor,False,False
5,212.86,0,135.07,22,1591.05,0.002564103,0.03,0.0,-0.01,Mar,4,1,3,1,Returning_Visitor,False,False
0,0.0,0,0.0,29,1819.09,0.01,0.05,0.0,-0.0,Mar,2,2,1,2,Returning_Visitor,False,False
2,97.28,0,24.77,30,1467.84,0.018181818,0.03030303,3.15,0.0,Oct,2,2,1,2,Returning_Visitor,False,True
1,-44.4,0,0.0,59,590.5833333,0.0,0.03,0.0,-0.04,Nov,3,2,7,1,Returning_Visitor,False,False
0,0.0,1,20.49,22,1143.62,0.01,0.03,-1.19,0.07,Mar,1,1,1,4,Returning_Visitor,True,False
11,372.52,0,18.13,48,1439.11,0.01,0.01,5.95,0.0,Nov,1,1,3,2,Returning_Visitor,False,True
-2,7.51,0,-15.88,17,-291.4,0.073529412,0.09,11.23,-0.03,Oct,1,1,9,4,Returning_Visitor,False,False
5,265.0416667,0,0.0,55,2934.236722,0.006666667,0.022333333,3.53,-0.0,Oct,2,2,1,2,Returning_Visitor,False,False
2,73.71,0,4.82,59,2259.61,0.0,0.025574713,0.0,0.0,Nov,2,2,1,2,Returning_Visitor,False,False
3,80.6,2,352.66,10,-117.42,0.0,0.06,-26.1,0.0,Dec,2,5,2,1,Returning_Visitor,True,False
8,175.49,1,0.0,32,481.1666667,0.0,0.005,10.46,0.0,Oct,2,2,9,2,Returning_Visitor,False,False
3,6.01,0,0.0,33,696.9,0.0,0.01,15.45,-0.06,June,2,2,6,2,Returning_Visitor,True,False
2,88.83,0,0.0,45,2153.93,0.022727273,0.0375,0.0,-0.01,Oct,2,2,1,2,Returning_Visitor,False,False
7,0.0,0,0.0,135,6374.65,0.002930403,0.021080839,-62.25,0.16,Mar,3,3,8,1,Returning_Visitor,True,False
3,100.8,0,-6.8,21,1594.69,0.01,0.035488428,4.348145623,0.01,Oct,2,2,1,1,Returning_Visitor,False,False
2,29.44,0,0.0,40,1127.46,0.02,0.06,0.0,0.0,Jul,2,2,2,2,Returning_Visitor,False,False
0,39.38,0,0.0,16,445.46,0.04,0.084444444,-2.51,-0.01,Nov,2,2,1,2,Returning_Visitor,False,True
0,0.0,7,721.22,359,12944.46,0.0,0.002777778,13.62630613,0.28,Mar,2,2,1,2,Returning_Visitor,True,True
5,159.3,1,33.95,48,1266.119048,0.0,0.01,16.71,0.0,Mar,2,2,9,2,Returning_Visitor,False,False
3,70.75,0,0.0,16,619.48,0.01,0.06,17.85,0.0,Jul,2,4,2,2,Returning_Visitor,False,False
2,78.66,0,-14.81,22,264.75,0.02,0.05,5.22,0.0,Nov,1,1,1,2,Returning_Visitor,False,False
3,141.87,-2,-136.89,29,3871.29,0.035714286,0.05,0.0,-0.07,Mar,3,2,8,13,Returning_Visitor,False,False
5,110.21,1,62.97,38,1676.08,-0.0,0.009090909,6.96,0.0,Oct,2,2,1,1,Returning_Visitor,False,False
8,160.0952381,3,886.79,84,1682.870247,0.001333333,-0.04,15.26,-0.1,Jul,1,1,6,2,Returning_Visitor,False,True
0,0.0,-1,22.21,1,0.0,0.2,0.2,0.0,0.0,Mar,1,1,3,3,Returning_Visitor,False,False
1,0.0,0,-5.69,0,0.0,0.03,0.06,1.39,0.0,Mar,1,1,1,1,Returning_Visitor,False,False
0,6.26,0,-10.68,5,-235.12,0.12,0.13,0.0,0.06,May,2,2,5,3,Returning_Visitor,False,False
2,51.86,1,-2.86,63,1704.85,0.01,0.046851852,0.0,-0.02,Nov,2,2,1,1,Returning_Visitor,False,False
0,-13.1,0,-35.75,58,2021.320833,0.005172414,0.03,7.26,0.0,Nov,2,2,1,2,Returning_Visitor,False,False
11,1710.49,3,217.4,476,16022.27,0.0,-0.0,4.22,-0.07,Dec,3,5,3,2,Returning_Visitor,False,False
2,68.44,0,9.83,15,877.5,0.0,0.007407407,13.24,0.03,May,2,2,1,4,Returning_Visitor,False,True
2,0.0,0,12.92,16,991.85,0.0,0.03,0.0,0.01,Mar,2,2,3,1,Returning_Visitor,False,False
0,-12.56,1,35.96,12,121.5,-0.0,0.01,0.0,0.05,Mar,2,2,1,2,New_Visitor,True,False
0,0.0,0,-16.26,8,-193.25,0.04375,0.08,0.0,0.0,Mar,1,1,9,1,Returning_Visitor,False,False
0,-5.05,0,0.0,0,142.5,0.0375,0.08,-3.6,0.02,Feb,2,2,4,1,Returning_Visitor,False,False
1,-13.47,0,3.16,11,725.95,-0.0,0.01,4.2,0.02,Mar,2,2,1,2,New_Visitor,True,False
2,51.79,0,0.0,49,2331.03,0.01,0.03,2.35,-0.04,Nov,2,2,1,2,Returning_Visitor,False,False
2,77.12,0,0.0,32,2022.25,0.02,0.048611111,-1.58,0.05,May,2,2,1,1,Returning_Visitor,False,False
4,119.1,1,46.67,41,1992.833333,0.0,0.01,9.227000967,0.0,Oct,2,2,1,2,Returning_Visitor,False,True
3,62.77,0,-39.57,-7,419.0,0.01,0.01,21.68,0.0,May,2,2,4,1,New_Visitor,True,False
2,107.0,0,-7.31,29,839.6666667,0.01,0.036666667,7.0,0.4,May,2,2,2,2,Returning_Visitor,False,False
-2,27.73,0,0.0,2,15.0,0.0,0.07,26.88,0.39,Feb,2,4,2,4,Returning_Visitor,False,False
0,-45.5,0,-49.02,10,723.48,-0.01,-0.0,0.0,0.0,Nov,2,2,9,6,New_Visitor,True,False
3,99.21,0,0.0,46,1820.7,0.0,0.02,0.0,-0.03,Mar,2,2,3,1,Returning_Visitor,False,False
5,121.85,1,-2.53,37,1028.116667,-0.01,0.008928571,42.17,0.04,Mar,2,4,3,2,Returning_Visitor,False,False
13,495.51,0,528.0,-25,-1664.0,0.02,0.01,4.2,0.15,Dec,1,1,4,8,Returning_Visitor,False,False
0,6.96,0,1.87,9,153.88,0.03,0.075,1.74,0.02,Mar,1,1,9,1,Returning_Visitor,False,False
4,110.64,0,0.0,37,1610.76,0.0,0.02,8.12,0.01,Mar,2,2,3,2,Returning_Visitor,False,False
3,68.28,0,17.56,22,1930.333333,0.01,0.01,2.27,0.05,May,2,2,9,11,Returning_Visitor,False,False
11,2140.28,0,148.22,5,36.0,-0.01,-0.05,28.12,0.0,Sep,4,5,3,10,Returning_Visitor,False,False
5,123.46,1,34.44,24,1031.57,-0.0,0.04,0.0,0.05,Oct,2,4,1,2,Returning_Visitor,False,False
4,22.51,2,71.0,35,1558.0,0.0,0.03,7.169617487,0.0,May,2,2,1,1,Returning_Visitor,False,False
12,651.875,-1,42.23,61,3066.695513,0.01,0.010460069,-3.04,-0.04,Nov,2,2,1,2,Returning_Visitor,False,False
0,37.51,0,0.0,12,1232.02684,0.0,0.04,4.36,0.22,May,2,4,4,2,Returning_Visitor,False,True
-1,-344.59,4,143.25,266,9770.812093,0.007348856,0.024720163,7.01,0.16,Nov,2,4,6,2,Returning_Visitor,True,False
5,83.9,-1,-0.6,21,1132.71,0.0,0.03,1.26,0.0,Mar,2,2,3,1,Returning_Visitor,False,False
2,683.0,-2,0.0,16,1215.766667,0.0,-0.01,-10.59,0.0,May,2,2,5,2,New_Visitor,False,True
12,478.96,2,913.0,-91,699.5,0.01,0.005896806,-9.17,0.0,May,3,2,4,4,Returning_Visitor,False,True
1,9.5,0,0.0,28,1278.07,0.0,0.02,10.74,-0.0,Oct,1,1,9,4,Returning_Visitor,False,False
-3,-22.16,0,-14.52,1,-407.45,0.038095238,0.057142857,4.2,0.01,Feb,3,2,7,2,Returning_Visitor,False,True
0,0.0,0,177.01,6,-943.57,0.05,0.033333333,-31.39,-0.16,Aug,1,1,5,3,Returning_Visitor,False,False
3,197.69,3,854.0,65,2202.51,-0.0,0.0,7.3,0.0,Jul,1,1,4,2,Returning_Visitor,False,False
10,211.5,4,763.92,30,4233.56,-0.01,0.029874687,-6.52,-0.19,Nov,3,2,6,9,Returning_Visitor,True,False
0,0.0,-1,-258.79,0,4749.25,0.004938272,0.029938272,41.09,-0.15,Oct,1,2,8,10,Returning_Visitor,True,True
0,-10.77,0,0.49,-2,-675.36,0.05,0.1,-4.44,0.0,Oct,2,2,9,1,Returning_Visitor,False,False
0,69.02,0,-14.66,38,1746.86,0.0,0.015384615,0.0,0.0,Oct,3,2,2,2,Returning_Visitor,False,False
24,1496.92,-1,-312.36,-6,4339.534423,0.04,0.015263169,5.14,-0.64,May,2,2,3,12,Returning_Visitor,False,False
0,-60.86,0,-23.06,360,9178.69,0.02,-0.0,0.0,0.0,Nov,1,8,3,3,Returning_Visitor,False,False
0,3.83,0,-6.78,5,-155.38,0.04,0.08,4.58,0.0,Mar,1,1,9,1,Returning_Visitor,False,False
0,0.0,0,-6.73,15,26.0,0.0,0.03,0.0,0.0,Oct,4,1,7,1,Returning_Visitor,False,False
0,33.43,0,0.0,21,1296.716667,0.0,0.007017544,70.01826316,0.16,May,2,4,6,2,New_Visitor,False,True
13,395.58,2,28.2,97,3640.28,0.01,0.02,0.0,-0.21,Oct,2,6,3,1,Returning_Visitor,False,False
4,141.64,0,9.26,68,2889.946154,0.01,0.02,0.0,0.0,Oct,2,2,1,2,Returning_Visitor,False,False
0,0.0,0,36.54,5,168.9,0.02,0.04,0.0,0.0,Dec,2,2,1,2,Returning_Visitor,False,False
1,40.25,1,43.3,39,683.0292208,0.0,0.032319508,0.0,0.0,Nov,2,2,1,2,Returning_Visitor,False,True
12,251.48,5,322.11,67,-97.63,0.0,-0.04,29.13,-0.19,Mar,3,2,4,8,Returning_Visitor,True,False
3,88.4,0,0.0,16,907.82,0.03,0.05,0.0,0.0,Oct,1,1,1,3,Returning_Visitor,False,False
0,2.3,0,-16.28,16,37.0,0.02,0.1,10.86,0.8,Feb,2,2,2,2,Returning_Visitor,False,False
2,0.0,1,86.91,13,554.61,0.02,0.04,13.43133991,0.0,Dec,1,1,1,2,Returning_Visitor,False,False
0,0.0,0,-6.65,15,39.5,0.0,0.02,5.46,0.01,Oct,3,2,3,2,Returning_Visitor,False,False
-8,-360.5,0,377.19,2,16.0,0.05,0.1,11.71,-0.17,Nov,2,2,4,8,New_Visitor,False,False
1,14.76,-1,0.0,1,-1232.54,-0.03,0.04,2.91,-0.18,Nov,2,13,1,11,Returning_Visitor,False,False
-3,0.0,0,0.0,4,-1833.11,0.17,0.15,-19.64,0.0,Oct,2,5,9,11,Returning_Visitor,False,False
3,125.18,0,0.0,20,1498.67,0.0,0.01,4.38,0.0,Mar,2,2,1,2,New_Visitor,True,False
3,187.41,0,29.69,57,1878.195833,0.01,0.01,0.82,0.0,Nov,2,2,4,2,New_Visitor,True,True
3,161.12,0,53.72,14,242.0833333,0.01,0.023809524,3.82,0.0,Mar,1,1,7,2,Returning_Visitor,False,True
1,20.29,0,-3.24,13,284.5,0.01,0.04,3.74,0.0,Mar,2,2,9,1,Returning_Visitor,False,True
-2,-213.91,1,636.25,-27,47.13333333,0.04,0.06,-36.74,0.0,Nov,1,1,2,4,Returning_Visitor,False,False
-1,0.0,0,0.0,20,375.0,0.016666667,0.06,-4.41,0.0,Oct,3,2,4,1,Returning_Visitor,False,False
2,-63.84,1,-179.72,-9,148.88,-0.0,0.004761905,44.73610411,-0.31,Oct,3,6,1,5,New_Visitor,True,True
-2,0.0,2,0.0,55,3409.74,0.02,0.07,25.5,0.0,Nov,1,1,9,10,Returning_Visitor,False,False
-3,0.0,0,0.0,-100,-3455.91,0.0625,0.16,-18.57,0.38,May,1,5,7,1,New_Visitor,True,False
2,0.0,2,110.52,17,190.7083333,-0.0,0.01,-1.76,0.02,Mar,3,2,2,2,Returning_Visitor,True,False
2,108.0,0,0.0,5,316.5,0.033333333,0.03,0.0,0.0,Aug,3,2,1,11,Returning_Visitor,True,False
1,0.0,0,0.0,8,46.3,0.075,0.13,0.0,0.6,May,2,2,1,1,Returning_Visitor,False,False
-2,-131.85,0,-134.53,-3,213.5,-0.01,-0.02,48.05,-0.19,May,4,1,1,3,Returning_Visitor,False,False
0,0.0,0,-6.34,2,276.0,0.03,0.07,0.0,0.14,May,2,2,9,1,Returning_Visitor,False,False
2,29.86666667,0,52.16,13,1758.51,0.0,0.03,-19.44,0.01,Oct,1,1,9,7,New_Visitor,False,False
1,7.0,1,26.31,6,585.43,0.01,0.05,-7.89,0.32,May,3,2,1,3,Returning_Visitor,True,False
0,27.42,0,-8.15,1,0.0,0.22,0.2,3.47,0.0,Aug,1,1,6,2,Returning_Visitor,True,False
-2,-28.51,-1,0.0,10,1393.71,0.0,0.022222222,24.25,0.0,May,2,4,7,2,New_Visitor,False,False
-1,0.0,0,6.37,5,-75.09,0.0,0.04,1.58,0.0,Mar,3,2,9,1,Returning_Visitor,False,False
1,14.32,0,0.0,24,342.0,0.01,0.048,0.0,-0.0,Nov,2,2,1,2,Returning_Visitor,False,False
3,-16.34,1,0.0,171,4153.276587,-0.01,0.005893497,8.33,0.74,May,2,2,1,2,Returning_Visitor,True,False
1,15.0,1,105.6,40,817.5,-0.0,0.022222222,2.54,0.0,Nov,2,2,1,2,Returning_Visitor,False,False
2,115.2,0,0.0,22,942.55,-0.0,0.0,0.0,0.04,Oct,2,2,9,2,New_Visitor,True,False
0,-69.95,0,-11.54,8,678.63,0.01,0.04,0.0,-0.06,Oct,1,8,3,11,Returning_Visitor,False,False
5,35.57,1,267.17,111,3715.777564,-0.01,0.011851852,0.0,0.0,Jul,2,4,4,1,Returning_Visitor,False,False
8,286.78,3,62.0,63,1633.53,0.004255319,0.015153664,34.44,-0.25,Mar,2,5,2,8,Returning_Visitor,False,False
1,13.75,0,-13.0,1,-355.58,0.2,0.21,-2.15,0.0,Oct,1,2,4,1,Returning_Visitor,False,False
2,123.27,1,49.28,27,866.91,0.0,0.02,132.9,0.0,Feb,1,4,4,2,New_Visitor,False,False
0,-37.4,0,215.34,21,2138.92,0.005,0.04,-6.4,0.0,Dec,2,2,1,1,Returning_Visitor,False,False
1,10.68,0,0.0,12,-280.43,0.012,0.08,0.0,1.0,May,2,2,2,2,Returning_Visitor,True,False
4,100.0,6,1263.65,83,2611.651923,0.0,0.002985075,7.84,0.0,Mar,2,2,4,2,Returning_Visitor,False,False
5,1388.75,0,653.41,43,1373.75,0.02,0.02,0.0,0.0,Mar,4,1,7,2,New_Visitor,False,False
5,154.7916667,1,44.05,49,1687.57,0.013711002,0.03,-0.1,0.04,Mar,2,2,1,2,Returning_Visitor,True,False
-2,-350.46,2,474.6,35,533.11,-0.02,0.03,-4.79,0.0,Nov,2,2,1,3,Returning_Visitor,False,False
3,137.19,0,0.0,27,721.97,0.0,-0.0,2.17,0.0,Oct,3,2,2,4,Returning_Visitor,True,True
5,47.5,0,0.0,40,1002.13,0.0,0.012121212,2.782886364,-0.02,Nov,2,2,3,4,Returning_Visitor,False,False
1,6.0,0,0.0,13,500.0,0.026666667,0.06,-2.35,0.0,Feb,2,2,5,1,Returning_Visitor,False,True
5,97.04,0,2.19,26,1032.29,0.0,0.012222222,5.84,0.0,Oct,2,2,3,2,Returning_Visitor,False,True
1,0.0,0,20.89,25,1005.28,0.0,0.03,3.73,0.01,Mar,2,2,9,1,Returning_Visitor,False,False
-3,-158.83,0,1.86,162,2319.95,0.01,0.09047619,10.3976,1.0,May,1,8,7,1,Returning_Visitor,True,False
0,10.73,0,7.41,3,0.0,0.0,0.03,-6.09,0.03,Oct,3,2,3,1,Returning_Visitor,False,False
5,176.34,0,-16.18,16,462.0,0.0125,0.04,2.86,0.31,May,1,1,1,4,Returning_Visitor,False,False
0,62.21,1,0.0,-75,-4214.28,0.027272727,0.048484848,-25.06,0.0,Nov,2,5,1,1,Returning_Visitor,False,False
2,61.5,0,0.0,33,1043.44,0.0,0.02,84.9,-0.01,Mar,1,4,4,2,New_Visitor,False,True
0,0.0,0,0.0,4,-307.22,0.01,0.058333333,0.0,0.01,Oct,1,1,3,1,Returning_Visitor,False,False
0,49.5,0,0.0,260,8555.765985,0.0,0.01,4.05,0.0,Nov,2,2,1,2,Returning_Visitor,False,True
0,0.0,0,0.0,10,-942.42,0.09,0.133333333,2.92,0.0,Nov,1,1,5,1,Returning_Visitor,False,False
2,98.0,0,26.6,81,3038.57,0.002469136,0.012345679,9.32,0.01,Oct,1,1,2,2,Returning_Visitor,False,True
-8,-380.05,0,423.34,15,729.0,-0.0,0.033333333,25.7,0.0,Nov,2,2,1,8,New_Visitor,False,False
0,11.26,0,0.0,25,1330.94,0.02,0.053846154,0.0,0.01,Oct,2,2,1,1,Returning_Visitor,False,False
0,0.0,0,0.0,-107,-3851.82,0.025,0.15,-24.86,0.1,Nov,2,1,3,8,New_Visitor,False,False
0,20.67,0,-8.63,14,839.05,0.02,0.06,0.0,0.0,Oct,2,2,1,1,Returning_Visitor,False,False
0,0.0,0,148.5,72,2067.28,0.002702703,0.017905405,-5.76,-0.06,Nov,2,2,7,2,Returning_Visitor,False,False
4,36.2,0,0.0,32,1805.083333,0.01,0.008695652,13.64,0.02,Sep,2,2,4,1,New_Visitor,False,True
6,110.77,0,40.64,61,2787.692619,0.0,0.014175592,0.0,0.0,Nov,2,2,1,1,Returning_Visitor,False,False
4,169.94,1,0.0,9,207.5702479,0.0,0.007936508,17.93,0.08,Oct,4,2,1,5,New_Visitor,False,False
4,71.76,0,-3.15,13,293.725,0.0,0.01,8.71,0.0,Mar,2,2,3,1,Returning_Visitor,False,False
0,0.0,0,-9.79,8,-17.97,0.025,0.05,3.38,0.0,Dec,2,1,7,2,Returning_Visitor,False,False
2,73.6,1,28.5,5,388.06,0.0,0.01,8.326728149,0.0,Mar,2,2,1,2,Returning_Visitor,False,False
0,9.98,1,29.83,20,673.44,0.0,0.02,111.95,0.0,Sep,2,4,4,2,New_Visitor,False,True
4,97.9,1,42.26,20,398.9803922,0.0,0.005555556,-0.1,0.0,Oct,2,2,9,2,New_Visitor,False,True
0,8.1,1,0.0,1,0.0,0.2,0.2,0.0,0.16,May,2,2,1,1,Returning_Visitor,False,False
0,0.0,0,0.0,19,866.43,0.01,0.042857143,0.0,0.0,Dec,2,2,3,2,Returning_Visitor,False,False
3,220.02,2,155.54,-7,-606.0,0.02962963,0.09,0.0,0.8,May,3,2,1,2,Returning_Visitor,True,False
0,0.0,0,0.0,-12,512.7166667,-0.01,0.02,10.95,0.02,Mar,2,4,7,1,New_Visitor,True,True
0,18.07,2,-62.76,-33,-637.58,0.07,0.1,0.0,0.04,Oct,3,2,9,20,Other,False,False
1,35.5,0,0.0,42,2155.83,0.0,0.020416667,0.0,0.44,May,3,2,2,2,Returning_Visitor,False,False
0,9.0,0,3.83,18,212.77,0.01,0.017160494,-1.08,-0.03,Nov,2,2,7,2,Returning_Visitor,False,False
10,739.2091954,1,-15.08,109,4161.79,-0.0,-0.0,26.38,-0.09,Mar,2,2,9,2,Returning_Visitor,False,True
4,87.3,0,22.1,26,1328.626894,0.01,0.03,2.4,0.0,Dec,2,2,1,2,Returning_Visitor,False,False
2,39.2,0,-7.69,22,1067.83,0.03,0.06,0.0,0.0,Oct,1,1,1,3,Returning_Visitor,False,False
9,698.5,0,103.51,-7,1053.841565,0.03,0.05,0.75,0.0,Aug,1,2,1,2,Returning_Visitor,False,False
1,153.5,0,0.0,20,1002.847222,0.0,0.02,41.13433129,0.0,Nov,2,4,1,2,Returning_Visitor,False,False
4,82.0,-1,0.0,29,-1361.42,0.007407407,-0.01,114.07,0.71,Feb,1,1,7,8,New_Visitor,False,False
1,48.4,1,-157.25,137,6989.34,0.002380952,0.05,23.5,0.0,Nov,2,4,1,10,Returning_Visitor,True,False
0,0.0,0,0.0,4,-646.34,0.1,0.16,0.0,0.12,Aug,2,4,4,1,Returning_Visitor,False,False
1,5.0,0,4.72,21,521.5,0.010526316,0.021052632,0.0,0.0,Oct,3,2,3,2,Returning_Visitor,False,False
0,11.51,0,-6.25,-1,58.0,0.16,0.177777778,2.95,0.0,Oct,1,1,3,2,Returning_Visitor,False,False
1,222.58,-5,-155.14,2,3450.8,0.13,0.18,0.78,0.11,Mar,3,2,8,11,Returning_Visitor,True,False
0,0.0,0,-17.04,-2,75.2,0.02,0.06,3.44,0.02,Nov,3,2,2,1,Returning_Visitor,False,False
4,62.95,0,0.0,25,723.27,0.0,0.02,27.5,0.8,May,2,2,1,13,Returning_Visitor,False,False
8,132.52,0,159.51,127,-551.72,0.0,0.0,0.0,-0.02,Oct,1,2,7,20,Returning_Visitor,True,False
2,64.6,0,0.0,32,1366.25,0.01,0.03,0.0,0.0,Oct,2,2,1,1,Returning_Visitor,False,False
1,41.33333333,0,0.0,75,1285.27,0.0,0.004651163,28.53153488,0.6,May,2,2,4,4,Returning_Visitor,True,True
1,0.0,0,0.0,21,1045.0,0.0,0.031746032,0.0,0.18,Nov,2,2,1,13,Returning_Visitor,False,False
0,168.05,0,-95.21,-113,-4666.88,0.0,0.15,0.0,-0.15,Oct,2,7,3,3,Returning_Visitor,False,False
3,65.47,0,0.0,21,833.79,0.0,0.02,11.84059922,0.01,Mar,2,2,3,1,Returning_Visitor,False,False
0,0.0,0,-133.41,-10,1021.19,0.2,0.19,-5.09,0.0,May,3,2,2,13,Returning_Visitor,False,False
5,60.0,0,14.17,29,494.5,0.0,0.01,0.0,0.01,Mar,2,2,3,3,Returning_Visitor,False,False
0,-42.14,0,16.43,37,730.52,0.04,0.09,0.0,0.14,Sep,1,8,6,1,Returning_Visitor,False,False
2,-17.4,0,0.0,29,2367.11,0.02,0.04,0.0,0.1,Sep,2,2,3,2,Returning_Visitor,False,False
2,569.0,1,75.54,14,710.22,0.03,0.04,-4.05,0.0,May,2,2,4,2,New_Visitor,False,True
2,77.69,0,0.0,29,1432.13,0.01,0.023222222,3.84,0.01,Oct,2,2,1,2,Returning_Visitor,False,True
2,101.79,0,-42.09,31,682.65,0.02,0.06,8.71,0.4,May,1,1,1,2,Returning_Visitor,False,True
0,9.72,0,-12.55,32,1374.38,0.02,0.05,2.02,-0.0,Oct,2,2,1,2,Returning_Visitor,False,False
-4,-223.49,0,0.0,79,4962.74,0.01,-0.04,40.15,-0.35,May,2,1,4,8,New_Visitor,False,True
6,260.11,1,464.38,69,358.62,0.01,-0.03,14.91,0.04,Oct,2,6,6,4,Returning_Visitor,True,False
0,0.0,0,-7.89,4,94.5,0.0,0.04,0.0,0.0,Mar,2,2,5,1,Returning_Visitor,False,False
6,92.76,3,236.45,67,262.88,0.003636364,0.011878788,-2.7,0.0,Mar,3,2,4,1,Returning_Visitor,True,True
2,5.92,0,30.26,24,1047.8,0.01,0.027941176,-1.93,0.04,Mar,2,2,1,1,Returning_Visitor,True,False
-2,-58.0,0,0.0,6,1180.15,0.0,0.066666667,0.0,0.01,Mar,2,2,1,1,Returning_Visitor,False,False
2,81.54,0,0.0,30,1472.05,0.017647059,0.031372549,5.16,0.02,Oct,2,2,1,2,Returning_Visitor,False,False
0,0.0,0,-13.33,3,77.0,0.01,0.04,6.93,0.03,Mar,2,2,1,1,Returning_Visitor,True,False
0,0.0,0,-12.31,2,12.0,0.05,0.08,7.98,0.1,May,4,1,1,3,Returning_Visitor,False,False
0,52.4,0,-17.89,20,676.6,0.02,0.06,-1.34,0.04,Oct,3,2,1,1,Returning_Visitor,False,False
3,88.76,0,16.4,34,1570.681813,0.0,0.015724311,24.51269374,0.0,Mar,2,2,2,2,Returning_Visitor,False,False
1,62.1,0,0.0,11,484.36,0.03,0.054545455,-0.12,-0.01,Nov,1,1,1,2,Returning_Visitor,False,False
3,50.0,5,248.75,121,1034.3125,-0.04,-0.03,87.1,-0.13,Nov,1,1,9,2,New_Visitor,False,False
18,778.54,10,1576.89,199,10340.36916,0.0,0.016345046,3.851653215,0.0,Dec,2,2,3,2,Returning_Visitor,False,False
2,97.03,0,0.0,10,383.27,0.01,0.05,0.0,0.0,Mar,3,2,2,1,Returning_Visitor,False,False
0,0.0,0,-85.26,35,4336.66,-0.0,0.075,-18.43,-0.2,Nov,5,5,1,17,Returning_Visitor,True,False
4,145.92,1,18.95,42,1793.71,0.0,0.003655914,32.88667049,-0.0,Mar,2,2,2,2,Returning_Visitor,False,False
-5,0.0,1,25.0,-33,388.0,-0.04,0.033333333,-51.88,0.6,May,1,5,3,2,New_Visitor,True,False
5,147.5,0,0.0,27,930.84,0.01,0.03,0.0,0.01,Mar,1,1,3,1,Returning_Visitor,True,False
3,115.5,1,17.93,45,1833.244643,0.01,0.02,18.61684302,-0.01,Mar,2,2,2,2,Returning_Visitor,False,True
1,170.95,0,-13.13,23,643.16,0.018181818,0.036363636,24.72209216,0.0,Feb,3,2,1,1,Returning_Visitor,False,True
6,160.0,0,0.0,34,1229.39,0.0,0.01,24.10206377,0.0,Mar,2,2,1,2,Returning_Visitor,False,True
8,189.4833333,3,-68.91,91,4864.147143,0.0,0.002380952,22.87,0.0,Oct,2,4,4,1,Returning_Visitor,True,False
6,0.0,1,568.41,102,1638.888095,-0.02,0.040659551,0.0,0.8,May,2,2,6,3,Returning_Visitor,True,False
2,7.0,0,8.86,11,778.0,0.04,0.072727273,0.0,0.03,May,2,2,1,3,Returning_Visitor,False,False
5,102.71,1,-4.11,118,2595.095833,0.001680672,0.012371615,12.1,0.0,Nov,2,2,1,2,Returning_Visitor,False,True
2,0.0,0,0.0,108,4164.79,-0.0,0.02,1.14,-0.04,Nov,2,2,1,1,Returning_Visitor,False,False
1,0.0,0,20.02,41,1908.04,0.03,0.05,0.0,0.0,Aug,2,2,4,1,Returning_Visitor,False,False
0,5.35,0,0.0,0,16.49,0.18,0.2,-1.46,0.01,Mar,2,2,3,1,Returning_Visitor,False,False
2,59.0,0,-4.08,31,1261.04,0.01,0.04,0.44,0.0,Oct,2,2,1,1,Returning_Visitor,False,False
1,0.0,0,2.93,44,1127.566667,0.0,0.021969697,1.74,-0.0,Nov,2,2,3,2,Returning_Visitor,False,False
11,183.27,4,-24.73,117,4773.335638,0.000537634,0.04,11.53,-0.19,May,2,3,4,3,Returning_Visitor,True,False
0,111.21,0,0.0,24,1268.0,0.02,0.04,14.95,0.0,Mar,4,1,2,2,Returning_Visitor,True,False
5,494.1666667,0,0.0,71,1858.41,-0.0,0.030769231,16.32,-0.07,Mar,3,4,4,1,Returning_Visitor,False,False
0,0.0,0,-4.64,2,654.875,0.028571429,0.1,0.0,0.04,Nov,2,2,1,13,Returning_Visitor,False,False
0,44.59,1,89.8,35,1239.32,-0.0,0.001388889,22.64,0.0,Jul,1,1,2,2,Returning_Visitor,True,False
1,2.98,0,17.47,9,319.0,0.0,0.05,-0.33,0.02,Mar,2,2,3,1,Returning_Visitor,False,False
4,218.9666667,0,-47.58,12,672.7,-0.0,0.04,83.10114264,0.02,Mar,2,4,3,2,New_Visitor,False,True
-4,-188.06,2,313.41,-95,-3300.25,0.08,0.18,0.0,-0.03,Mar,3,2,1,3,Returning_Visitor,False,False
-3,-67.82,0,21.01,-13,116.8,0.06,0.114285714,0.0,-0.03,Jul,3,2,2,13,Returning_Visitor,False,False
2,73.26,0,27.32,21,824.06,0.01,0.03,6.43,-0.01,Mar,1,1,3,2,Returning_Visitor,False,False
0,0.0,0,0.0,2,-1067.69,-0.01,0.02,9.89,-0.25,May,2,3,5,4,New_Visitor,True,False
7,266.875,0,61.7,19,2092.5,0.01,0.026315789,-1.11,0.02,Mar,2,2,1,1,Returning_Visitor,True,False
-2,-35.09,0,0.0,10,637.96,0.0,0.022222222,-5.27,0.01,Oct,2,2,9,2,New_Visitor,True,True
1,0.0,0,0.0,-4,-2508.12,0.01,0.05,0.0,-0.1,May,2,5,3,3,Returning_Visitor,False,False
0,0.0,0,11.7,1,0.0,0.04,0.08,2.92,0.0,Nov,2,2,1,4,Returning_Visitor,False,False
0,-8.41,0,-3.15,48,2072.28,-0.0,0.01,12.24,0.0,Oct,2,2,3,2,Returning_Visitor,False,False
9,263.73,3,605.57,85,3491.63,-0.01,-0.01,0.0,0.0,Nov,2,2,1,2,Returning_Visitor,False,False
0,28.9,0,3.28,1,251.95,0.2,0.21,0.0,0.04,Feb,2,2,4,1,Returning_Visitor,False,False
0,-53.5,0,-38.66,19,37.89,0.0,-0.03,32.52380772,0.0,Mar,2,2,7,4,Returning_Visitor,True,True
1,65.5,1,8.67,90,3902.664774,-0.0,0.02,3.13,0.02,Oct,2,2,3,2,Returning_Visitor,False,False
3,88.69,0,0.0,30,1055.333333,0.01,0.03,4.06,0.0,Nov,2,2,1,2,Returning_Visitor,False,False
4,876.69,0,112.34,77,3283.27,0.0,0.002631579,-1.19,0.0,May,3,2,4,2,Returning_Visitor,False,False
0,0.0,1,0.0,37,475.69,0.01,0.04,0.0,0.0,Nov,2,2,1,2,Returning_Visitor,False,True
0,-47.62,0,-35.4,13,143.0,0.0,0.05,0.53,-0.06,Nov,1,8,6,11,Returning_Visitor,True,False
0,0.0,0,-33.76,14,1093.84,-0.0,0.021428571,0.0,-0.0,Mar,3,2,1,5,New_Visitor,False,False
8,154.96,1,785.86,66,1657.64,0.06,0.009109731,0.0,0.0,May,2,10,6,3,Returning_Visitor,False,False
5,20.0,0,0.63,1,514.56,0.028955224,0.06,0.0,0.0,Oct,3,2,8,2,Returning_Visitor,False,False
0,0.0,0,0.0,16,130.03,0.0,0.04,7.15,0.02,Mar,2,2,9,1,Returning_Visitor,False,True
2,137.5,1,59.4,19,479.3,0.03,0.06,24.19,0.08,June,4,1,2,2,Returning_Visitor,False,False
2,-45.3,1,74.78,-2,1423.14,0.0,0.04,-5.16,0.09,May,1,1,1,7,New_Visitor,False,False
0,0.0,0,0.0,79,2710.381731,0.004938272,0.021957672,0.0,-0.03,Nov,2,2,1,2,Returning_Visitor,False,True
2,63.04,0,16.57,28,1297.9,0.01,0.026666667,2.2,-0.0,Oct,2,2,1,2,Returning_Visitor,False,False
-1,0.0,0,0.0,4,168.0,0.04,0.08,-5.03,0.03,Oct,3,2,1,1,Returning_Visitor,False,False
8,109.5714286,0,249.6,374,20020.77,0.00198939,0.010782459,6.420746096,-0.07,Nov,4,1,2,7,Returning_Visitor,True,False
-1,17.15,0,0.0,2,34.0,0.133333333,0.15,0.0,0.04,May,2,2,4,3,Returning_Visitor,False,False
3,143.49,1,171.0,18,2387.89,0.0,0.02,3.200304878,0.02,Oct,1,1,1,2,Returning_Visitor,False,False
2,-66.5,-1,14.33333333,28,603.6666667,0.0,0.04,44.67925,0.0,Mar,2,2,1,7,Returning_Visitor,False,True
4,241.8416667,0,0.0,24,1429.91,0.01,0.01,27.97341787,0.0,May,1,2,4,2,New_Visitor,False,False
1,57.5,0,618.06,32,534.2638889,0.0,0.02,-10.88,0.0,Nov,1,2,1,10,Returning_Visitor,False,True
5,108.8333333,0,33.01,151,3782.75,0.0,0.017391304,3.13,0.0,Nov,2,2,1,3,Returning_Visitor,False,True
2,28.58,0,0.0,27,1080.74,0.0,0.05,0.56,0.0,Mar,2,2,1,1,Returning_Visitor,False,False
3,38.74,-1,-85.96,47,1559.36,0.0,-0.04,-8.19,0.02,Mar,2,2,4,8,New_Visitor,True,True
6,422.47,1,1073.0,-64,-3104.99,0.016666667,0.028235129,25.10043261,0.42,Sep,3,2,2,4,Returning_Visitor,False,False
2,42.35,0,-15.25,17,684.9166667,0.015686275,0.05,0.0,0.0,Nov,2,2,4,1,Returning_Visitor,False,False
2,37.0,0,0.0,15,208.5,0.0,0.011764706,0.0,0.06,Mar,2,2,3,2,New_Visitor,True,False
0,-41.84,0,7.6,15,475.6666667,-0.0,0.01,0.0,-0.03,Oct,1,1,1,8,New_Visitor,False,False
1,19.0,0,0.0,35,1264.35,0.0,0.02,-1.36,0.0,Oct,3,2,2,2,Returning_Visitor,False,True
7,158.89,-1,0.0,8,2122.56,0.0,-0.01,-5.55,0.08,May,1,1,6,4,Returning_Visitor,True,True
-1,97.48,1,0.0,45,1267.26,0.043478261,0.06,54.17976426,0.13,Feb,3,2,1,2,Returning_Visitor,False,False
0,0.0,0,-62.02,92,3704.84,0.0,0.025,0.0,0.0,Oct,2,2,1,2,Returning_Visitor,False,False
5,152.14,0,0.0,51,2122.656061,0.0,0.007051282,12.52,0.0,Mar,2,2,1,2,Returning_Visitor,True,True
0,0.0,-2,0.0,38,4557.09,0.0,0.007894737,0.0,0.0,May,2,2,1,8,New_Visitor,False,False
4,191.1666667,0,0.0,108,3653.62,0.006456456,0.01,0.0,-0.0,Nov,2,2,1,2,Returning_Visitor,False,False
1,42.57,0,0.0,21,748.97,0.03,0.062745098,-1.75,0.0,Mar,2,2,1,1,Returning_Visitor,False,False
12,152.75,3,521.64,64,389.75,0.0,0.015735853,-17.63,-0.07,Nov,2,2,1,3,Returning_Visitor,False,True
14,886.92,12,1848.56,327,17972.22,0.0,0.023076923,-0.68,-0.13,Dec,2,2,3,6,New_Visitor,False,True
-1,0.0,0,-23.14,16,231.0,0.01,0.04,0.32,0.0,Nov,2,2,7,2,Returning_Visitor,False,False
-4,776.11,0,0.0,48,35.16666667,-0.0,-0.05,0.0,0.33,Sep,3,7,6,2,Returning_Visitor,False,False
0,0.0,2,234.03,186,5617.092505,-0.0,0.0,0.0,0.0,Nov,2,2,4,2,Returning_Visitor,False,False
-1,0.0,0,-47.47,13,153.5833333,0.01,0.05,12.45,0.09,May,2,4,4,3,Returning_Visitor,False,False
6,150.71,2,-56.84,57,1656.410714,-0.01,0.002259887,5.92,0.0,Oct,2,2,9,2,Returning_Visitor,False,False
3,87.28,0,-28.73,92,3163.14329,0.001075269,0.0095145,32.22246226,0.0,Jul,2,2,1,2,Returning_Visitor,False,True
2,84.2,0,98.0,14,1227.54,0.02,0.04,-6.09,0.0,Mar,1,1,1,2,Returning_Visitor,False,False
3,-12.46,0,47.35,230,7266.84,0.0,0.0,11.76,0.1,Aug,3,2,2,3,Returning_Visitor,False,False
4,120.25,0,0.0,27,1285.583333,0.0,0.006896552,14.67222588,0.03,Dec,2,2,1,2,Returning_Visitor,False,True
1,-25.11,0,0.0,13,1420.66,0.01,0.05,0.0,0.0,Oct,1,1,1,2,Returning_Visitor,True,False
4,55.4,2,97.78,26,600.5733333,0.01,0.022413793,8.52,0.0,Aug,2,2,1,4,Returning_Visitor,False,False
4,65.81,1,0.0,43,1510.95,-0.0,0.003875969,5.21,0.03,Mar,3,2,2,2,Returning_Visitor,True,False
-1,-135.52,0,0.0,56,1885.33744,0.0,0.038102106,-2.39,-0.1,Nov,1,8,3,11,Returning_Visitor,True,True
0,-37.09,0,-26.92,34,640.6666667,-0.01,0.011111111,0.0,0.0,Mar,2,2,9,3,Returning_Visitor,False,False
0,0.53,0,19.02,20,100.2,-0.0,0.03,-1.74,0.0,May,1,8,6,3,Returning_Visitor,False,False
1,10.0,1,342.5,164,5829.57,0.005660377,-0.01,-31.26,0.0,Dec,1,8,3,1,Returning_Visitor,True,False
1,-9.19,0,0.0,21,-214.26,0.0,0.04,-1.3,-0.0,Sep,1,8,7,1,Returning_Visitor,False,True
1,-102.76,1,-13.46,23,2289.22,0.04,0.072222222,-8.5,0.1,Aug,2,2,3,13,Returning_Visitor,False,False
-1,0.0,0,0.0,10,938.63,0.0,0.022222222,-1.92,0.03,Oct,2,2,1,2,New_Visitor,True,False
1,0.0,0,10.85,24,1136.42,0.01,0.04,0.0,0.03,Mar,2,2,1,1,Returning_Visitor,False,False
0,-57.35,0,0.0,35,806.125,-0.01,0.03,-4.48,-0.05,Oct,1,8,7,3,Returning_Visitor,False,False
4,106.13,0,38.73,48,1985.68,-0.0,0.011616162,7.62,0.0,Mar,2,2,1,2,Returning_Visitor,False,False
1,25.0,0,0.0,6,243.1666667,0.0,0.01,8.51,0.07,Dec,3,2,1,6,New_Visitor,False,False
5,135.54,0,0.0,17,219.5,0.01,0.01,112.76,0.01,Dec,1,2,2,2,Returning_Visitor,False,False
0,0.0,0,22.08,104,3037.95,0.01,0.016666667,5.27,0.2,May,2,2,6,4,Returning_Visitor,False,False
1,5.09,0,31.07,231,7192.51,0.0,0.02,-1.85,0.0,Nov,2,2,1,1,Returning_Visitor,False,False
0,334.26,4,924.0,45,1039.56,0.0,0.016363636,2.97,0.23,Oct,2,6,1,2,Returning_Visitor,False,True
3,107.63,1,47.17,22,813.1,0.0,0.01,4.46,0.02,Oct,2,2,1,2,Returning_Visitor,False,True
1,39.46,0,0.0,1,0.0,0.2,0.2,-0.35,0.01,Oct,1,1,1,4,Returning_Visitor,False,False
-1,0.0,0,-26.43,19,392.0,0.02,0.08,0.0,0.6,May,3,2,2,2,Returning_Visitor,False,False
1,-40.79,3,526.58,11,196.2,0.0,0.04,-2.07,0.0,Jul,2,2,1,1,Returning_Visitor,True,False
7,449.75,1,-6.09,18,1587.72,0.0,0.017118644,40.65671234,0.03,Oct,1,1,1,2,Returning_Visitor,False,False
0,0.0,0,0.0,34,1441.636905,0.01,0.03,2.93,-0.0,Mar,2,2,1,2,Returning_Visitor,False,False
0,46.93,1,-29.98,30,1275.5,-0.01,0.02,139.51,-0.0,Sep,1,1,4,2,Returning_Visitor,False,False
1,34.3,0,0.0,12,722.1333333,0.018181818,0.06,0.0,0.0,Sep,3,2,8,1,Returning_Visitor,False,False
1,0.0,0,0.0,8,-399.51,0.02,0.07,2.87,0.0,Feb,1,8,6,3,Returning_Visitor,False,False
3,115.75,0,-35.75,182,6225.988835,0.003562341,0.01,7.963976424,0.05,Nov,3,2,2,2,Returning_Visitor,False,True
0,22.9,0,0.0,1,-1005.0,0.15,0.2,0.0,0.0,Mar,3,2,1,3,Returning_Visitor,False,False
2,43.25,1,0.0,66,2178.85,0.003555556,0.02,0.06,0.0,Mar,2,2,4,2,Returning_Visitor,True,True
3,93.65,0,-19.8,69,2222.419048,-0.01,0.0,2.18,0.0,Oct,1,1,3,4,Returning_Visitor,False,False
1,45.43,1,72.1,14,-288.37,0.011111111,0.022222222,6.59,0.0,Jul,2,2,1,2,Returning_Visitor,False,False
-2,-36.06,0,5.42,43,1084.5,0.01,0.0,6.83,0.0,May,2,2,4,8,New_Visitor,False,False
2,0.0,0,524.93,1,2530.24,0.01,0.03,-4.26,0.08,Mar,1,2,2,1,Returning_Visitor,False,False
1,28.0,0,0.0,12,903.48,0.0,0.018181818,4.22,0.0,Oct,2,2,1,2,Returning_Visitor,False,False
3,97.91,0,-55.52,103,2546.856685,0.014920635,0.02,8.78,0.01,Nov,2,2,1,4,Returning_Visitor,False,False
4,124.1,0,36.07,47,1809.19,0.00754717,0.019339623,2.9,0.0,Oct,2,2,1,2,Returning_Visitor,False,False
1,87.97,0,43.51,29,965.26,0.02,0.04,0.0,-0.01,May,1,1,1,4,Returning_Visitor,False,False
4,71.16,0,0.0,72,1781.191667,0.008219178,0.015174871,0.0,0.05,Nov,1,1,1,4,Returning_Visitor,True,False
1,0.0,0,-17.68,37,1607.11,0.016666667,0.04,2.72,-0.02,Nov,2,2,1,2,Returning_Visitor,False,False
1,15.0,0,0.0,20,1531.52,0.01,0.02,59.6118415,0.0,Feb,2,2,2,2,Returning_Visitor,False,True
7,197.25,0,0.0,51,1563.2,0.0,0.02,-4.65,0.04,Mar,4,1,1,3,Returning_Visitor,True,False
4,161.41,0,139.5,58,3022.370406,0.01,0.01,6.24,0.0,Nov,1,2,2,2,Returning_Visitor,False,True
0,0.0,0,90.54,1,683.88,0.2,0.2,12.38,0.13,Sep,1,1,1,1,Returning_Visitor,False,False
1,41.07,1,0.0,-18,361.58,0.01,0.042857143,22.69,0.0,Dec,8,13,9,20,Other,False,False
0,0.0,0,-18.2,13,0.0,0.25,0.2,-1.25,0.17,Feb,3,2,6,1,Returning_Visitor,True,False
0,-2.05,-1,151.26,19,2331.1,0.01,0.04,0.0,0.0,Dec,2,2,1,1,Returning_Visitor,False,False
5,61.05,2,45.5,75,2054.841667,-0.0,-0.0,21.9646242,-0.03,Mar,2,4,6,2,Returning_Visitor,True,True
5,290.04,0,-30.06,32,920.91,0.01,0.01,23.55,0.21,May,1,1,7,2,Returning_Visitor,False,True
1,46.5,1,21.27,43,2085.972565,0.01,0.03,0.0,0.0,Oct,2,2,1,2,Returning_Visitor,False,False
7,-28.17,-2,257.9,-59,3014.96,0.0,0.013333333,39.49,0.0,May,4,4,6,4,New_Visitor,False,False
0,0.0,0,0.0,27,299.38,0.02,0.038518519,29.98,-0.0,June,1,1,6,2,Returning_Visitor,False,False
5,152.5,0,66.38,26,1504.19,0.0,0.02,0.0,0.02,Dec,1,1,1,5,New_Visitor,True,False
4,360.89,-1,-228.97,21,3132.8,0.0,0.01,22.48,-0.28,Dec,3,2,9,13,New_Visitor,False,False
-1,-20.41,0,146.0,89,3639.737302,-0.0,0.05,5.159462207,0.8,May,2,2,1,1,Returning_Visitor,False,False
-1,-4.71,0,32.5,12,67.0,0.0,0.0,0.0,0.0,Oct,3,2,1,8,New_Visitor,False,False
1,0.0,1,35.09,22,606.48,-0.0,0.0,78.56959864,-0.01,Sep,2,2,1,2,Returning_Visitor,False,True
2,88.0,6,719.0,54,694.57,0.005128205,0.019939049,25.82676446,0.0,Dec,1,1,2,2,Returning_Visitor,False,False
10,197.9,0,120.01,16,850.52,0.02,0.037802052,15.11,-0.05,Jul,3,2,8,1,Returning_Visitor,False,False
-1,16.99,0,0.0,-56,349.375,0.03,0.01875,0.0,-0.1,May,8,2,1,20,Returning_Visitor,False,False
2,198.76,1,89.97,49,1778.26,0.009615385,0.01954189,-1.89,0.04,Oct,1,1,4,2,Returning_Visitor,False,False
0,-0.78,0,0.0,40,1909.31,0.02,0.05,2.74,-0.02,Nov,2,2,1,2,Returning_Visitor,False,False
4,136.74,1,0.0,53,1659.319697,0.0,0.01,8.49,0.03,Oct,2,2,1,2,Returning_Visitor,True,True
9,119.8,6,126.51,-21,-1536.67,-0.01,0.005882353,109.19,0.0,Sep,3,2,1,2,Returning_Visitor,True,False
2,110.53,0,0.88,11,78.83333333,0.0,0.010666667,7.33,0.0,Mar,2,2,9,2,Returning_Visitor,False,False
1,-17.7,0,28.86,13,976.31,-0.0,0.03,0.0,0.01,Mar,2,2,7,1,Returning_Visitor,False,False
3,80.12,0,42.67,28,1318.12,0.0,0.02,1.83,0.03,Mar,2,2,1,2,Returning_Visitor,False,False
12,301.59,1,15.17,61,1947.02,0.01,0.01,4.52,-0.02,Nov,2,2,9,1,Returning_Visitor,False,False
2,0.0,0,-0.77,32,1117.74,0.0,0.008333333,48.86,0.04,Feb,2,4,2,4,Returning_Visitor,False,False
9,64.08823529,0,77.5,51,1933.89893,0.011259259,0.03,0.0,-0.06,Jul,2,2,3,1,Returning_Visitor,False,False
7,89.95,1,0.0,41,552.04,0.03,0.06,19.27,0.0,Aug,1,1,4,3,Returning_Visitor,False,False
0,44.66,0,9.59,-13,388.0,0.066666667,0.088888889,-4.95,-0.0,Mar,3,2,2,1,Returning_Visitor,False,False
3,14.53,0,-7.12,22,291.0,0.02,0.02,0.0,0.03,May,3,2,7,3,Returning_Visitor,False,False
-3,0.0,0,-34.85,66,3335.39,0.0,0.036363636,4.77,0.0,May,2,2,1,4,Returning_Visitor,False,False
0,0.0,0,-17.85,24,1541.83,-0.0,0.007619048,53.10142857,0.0,Mar,2,4,6,10,Returning_Visitor,False,True
1,162.15,0,15.49,17,641.42,0.007092199,0.030129179,11.05,0.01,Dec,3,2,1,2,Returning_Visitor,False,False
1,16.06,0,13.28,3,-19.22,0.2,0.21,-4.8,0.04,Nov,4,2,2,1,Returning_Visitor,False,False
0,0.0,0,-23.96,2,-362.61,0.06,0.1,0.0,0.0,Oct,1,1,5,1,Returning_Visitor,False,False
0,-23.28,0,19.04,3,-184.43,0.02,0.06,0.0,0.03,Dec,3,2,1,1,Returning_Visitor,False,False
2,49.33,0,21.21,27,458.2560317,0.01,0.03,2.35,-0.0,Jul,2,2,3,2,Returning_Visitor,False,True
3,212.6,0,0.0,87,3929.94,0.02,0.03,16.0,0.0,Sep,3,2,4,1,Returning_Visitor,False,False
0,0.0,0,12.02,4,-25.71,0.04,0.08,0.0,0.0,May,2,1,5,11,Returning_Visitor,False,False
4,131.23,1,28.5,34,1367.0,0.01,0.03,0.0,-0.0,Oct,2,2,1,2,Returning_Visitor,False,False
8,201.3333333,2,-158.4,94,3364.191667,-0.0,0.02,36.67,0.4,May,2,2,3,2,Returning_Visitor,False,False
5,72.5,0,0.0,46,2429.8125,0.02,0.04,6.82,-0.02,June,2,2,2,1,Returning_Visitor,False,True
3,105.18,0,31.94,21,1219.52,0.008,0.03,0.0,0.04,Oct,1,1,1,2,Returning_Visitor,False,False
2,0.0,0,163.06,3,-269.87,0.066666667,0.21,0.0,1.35,May,3,4,1,4,Returning_Visitor,True,False
3,56.5,0,0.0,38,643.9,0.0,0.03,0.0,0.0,Oct,2,2,9,3,Returning_Visitor,False,False
2,88.53,0,2.41,12,84.1,-0.0,-0.0,-3.11,0.0,Oct,2,2,9,2,New_Visitor,True,False
1,0.0,1,34.87,93,4324.737073,0.01,0.034077383,-7.84,-0.0,Oct,3,2,1,1,Returning_Visitor,False,False
7,140.79,5,1403.13,127,5650.88,0.02,0.04,6.07,0.6,Feb,2,2,3,2,Returning_Visitor,False,True
0,1.58,0,0.0,16,1225.19,0.19,0.2,9.81,0.05,Nov,1,1,3,10,Returning_Visitor,True,False
3,110.26,0,18.0,15,801.03,0.0,0.01,2.4,0.02,Oct,2,2,1,2,Returning_Visitor,False,True
1,38.01,0,0.0,30,1382.16,0.01,0.046464646,0.0,0.01,Mar,2,2,1,1,Returning_Visitor,False,True
1,0.0,0,-5.81,12,151.0,0.02,0.06,0.0,0.04,Mar,1,1,1,1,Returning_Visitor,False,False
0,0.0,0,0.0,20,780.6,0.02,0.06,0.0,-0.01,Feb,3,2,4,1,Returning_Visitor,True,False
4,110.31,0,-10.82,15,900.43,0.0,0.038888889,-1.75,0.0,Oct,1,1,1,3,Returning_Visitor,False,False
7,171.94,0,66.4,29,2374.5,0.0,0.002298851,0.0,0.0,Oct,2,4,6,2,Returning_Visitor,False,False
2,-5.2,0,0.0,21,561.5,0.02,0.04,-1.18,0.02,Dec,2,2,7,2,Returning_Visitor,False,False
1,55.13,0,0.0,13,275.702381,0.01,0.08,7.93,0.6,May,2,4,2,2,Returning_Visitor,False,False
3,76.91,0,62.46,17,825.57,0.0,0.01,-1.9,0.0,Dec,2,2,9,2,Returning_Visitor,False,False
-4,41.03,0,-92.32,16,740.91,-0.01,0.02,121.66,0.0,Sep,3,2,2,10,Returning_Visitor,False,False
3,140.8,0,-3.9,25,1302.36,0.0,0.0,0.0,0.01,Oct,2,2,9,2,New_Visitor,True,False
0,0.0,0,0.0,25,1184.87,0.01,0.04,2.48,-0.0,Mar,2,2,1,1,Returning_Visitor,False,False
2,83.34,0,23.23,21,976.39,0.01,0.04,2.48,0.0,Mar,2,2,1,1,Returning_Visitor,False,False
3,54.2,0,41.13,19,1037.2,0.0,0.03,-0.14,0.04,Mar,2,2,1,1,Returning_Visitor,True,False
-2,18.08,0,-57.1,2,561.27,0.04,0.1,-0.75,0.02,Oct,2,2,1,2,Returning_Visitor,False,False
0,8.4,0,0.0,6,136.5,0.02,0.06,-5.93,-0.0,Oct,3,2,3,1,Returning_Visitor,False,False
1,84.8,0,0.0,18,771.48,0.01,0.033333333,0.0,0.0,Mar,1,1,9,2,Returning_Visitor,False,False
4,133.53,0,-3.08,30,1286.64,0.0,0.0,4.39,0.0,Oct,1,2,9,2,New_Visitor,False,False
0,0.0,2,57.05,26,1911.711111,0.01,0.04,8.018832458,0.0,Jul,2,2,1,2,Returning_Visitor,True,True
4,89.37,0,18.2,24,2201.04,0.02,0.03,0.0,0.06,Mar,2,2,2,1,Returning_Visitor,False,False
3,93.46,0,0.0,47,635.71,-0.0,0.004285714,70.2595851,0.0,Jul,2,4,6,2,Returning_Visitor,False,False
0,0.0,0,-4.72,3,796.51,0.0,0.053846154,0.0,-0.02,Oct,1,8,3,11,Returning_Visitor,False,False
1,32.3,1,26.5,-9,-256.2,-0.01,0.05,7.570470024,0.06,Mar,2,4,2,2,Returning_Visitor,False,False
3,31.26,0,-0.21,8,218.0,0.0,0.033333333,0.0,0.05,Mar,2,2,1,1,New_Visitor,True,False
1,46.4,0,-16.29,37,1199.17,0.0,0.02,3.7,-0.01,Oct,3,2,3,2,Returning_Visitor,False,False
4,101.7,0,43.23,34,1488.15,0.0,0.016434109,3.52,0.0,Mar,2,2,1,2,Returning_Visitor,False,False
0,0.0,0,0.0,3,134.0,0.066666667,0.1,-0.55,-0.0,May,1,1,1,3,Returning_Visitor,False,False
2,32.0,0,-62.24,23,209.0,0.0,0.022222222,56.56,0.01,Mar,2,4,1,4,New_Visitor,False,False
0,0.0,0,0.0,29,1207.0,0.0,0.05,0.0,-0.01,Mar,2,2,1,1,Returning_Visitor,False,False
4,109.51,0,54.36,3,52.26666667,0.01,0.04,0.0,0.05,Mar,2,1,1,1,Returning_Visitor,False,False
5,228.0277778,1,68.46,17,887.15,0.01,0.02,7.05,0.02,Oct,2,2,1,2,Returning_Visitor,False,False
3,111.24,0,27.5,40,1460.13,0.0,0.01,34.07,0.0,Feb,2,2,1,4,Returning_Visitor,False,False
3,1226.0,-2,3.0,-30,-1120.5,0.02,0.096,0.0,0.0,Mar,3,2,1,2,Returning_Visitor,False,False
0,0.0,0,0.0,41,1337.92,0.02,0.05,0.0,0.24,May,2,2,1,3,Returning_Visitor,False,False
2,29.39,0,7.3,15,728.95,0.0,0.01,9.89,0.02,Mar,2,2,3,2,Returning_Visitor,False,False
7,498.9,0,0.0,29,1349.51,0.01,0.01,5.268190163,0.0,Oct,1,2,1,2,Returning_Visitor,False,False
-2,0.0,0,-108.66,-12,249.0,0.04,0.064,27.75,0.0,Nov,1,1,1,3,Returning_Visitor,False,False
1,68.25,0,0.01,19,1472.47,0.0,0.010526316,21.2112655,0.0,Feb,2,2,1,2,New_Visitor,False,True
3,143.5,0,0.0,9,109.5,0.0,0.0,17.34,0.07,Dec,3,2,1,6,New_Visitor,False,False
2,0.0,0,-1.27,0,49.86666667,0.05,0.092857143,10.61,0.03,Sep,1,8,2,1,Returning_Visitor,False,False
4,135.72,1,56.89,29,1227.92,0.0,0.003225806,19.86,0.02,Mar,2,2,1,2,Returning_Visitor,True,False
1,52.52,0,0.0,19,882.57,0.01,0.03,0.0,0.0,Oct,2,2,1,2,Returning_Visitor,False,False
-4,-154.82,1,39.5,357,10603.41,0.0,0.0,9.964255807,-0.01,Nov,2,2,1,2,Returning_Visitor,False,True
0,0.0,0,-25.74,19,0.0,0.02,0.08,0.0,-0.05,Jul,3,2,7,1,Returning_Visitor,False,False
5,96.0,1,5.31,36,1260.524994,0.0,0.003225806,3.68,0.01,Nov,2,2,1,2,Returning_Visitor,True,True
0,40.84,0,5.95,1,0.0,0.16,0.2,-2.49,0.0,Mar,2,2,1,1,Returning_Visitor,False,False
4,134.94,0,34.3,47,2554.562381,0.01,0.02,0.0,0.0,Oct,2,2,1,2,Returning_Visitor,False,False
2,99.2,0,0.0,10,106.9666667,0.01,0.04,0.0,0.0,Nov,2,2,1,2,Returning_Visitor,False,False
4,143.8333333,0,0.0,43,997.7083333,0.002222222,0.01,0.0,0.0,Dec,2,1,5,2,New_Visitor,False,False
0,0.0,0,0.0,3,-642.36,0.2,0.2,0.12,0.08,May,3,2,1,3,Returning_Visitor,False,False
0,1.05,0,23.4,7,-950.33,0.19,0.2,0.0,-0.03,Nov,2,2,1,3,Returning_Visitor,False,False
3,72.39,0,23.58,32,1238.1,0.006451613,0.03,0.81,0.0,Mar,2,2,1,1,Returning_Visitor,False,False
1,0.0,0,31.62,2,-1173.73,0.07,0.12,0.0,0.8,May,2,2,1,4,Returning_Visitor,True,False
0,-4.51,0,-12.33,23,1057.14,0.01,0.05,2.49,0.0,Mar,2,2,1,1,Returning_Visitor,False,False
2,0.0,0,0.0,15,2107.24,0.0,0.022222222,-9.19,0.01,May,3,2,6,5,New_Visitor,True,False
1,-2.36,0,-21.27,4,-635.75,0.06,0.1,-2.07,0.01,Mar,1,1,5,1,Returning_Visitor,False,False
0,18.09,1,27.38,37,1663.683333,0.01,0.05,-0.61,0.0,Nov,2,2,4,2,Returning_Visitor,False,False
0,26.0,0,-10.11,36,1417.08,0.0,0.02,4.97,0.0,Oct,2,2,3,2,Returning_Visitor,False,False
0,-21.78,0,53.28,15,1146.333333,0.0,0.02,0.0,0.3,Feb,3,2,1,3,New_Visitor,True,False
3,54.5,1,65.78,19,743.53,0.005555556,0.021296296,-2.0,0.0,Dec,1,1,4,2,Returning_Visitor,True,False
13,484.91,0,14.0,55,2041.77,0.007936508,0.014212018,19.13,0.01,Nov,1,1,2,2,Returning_Visitor,False,False
-1,-76.45,0,0.0,104,2653.5,-0.01,0.0,0.0,0.01,Sep,1,8,6,1,Returning_Visitor,False,False
0,-86.92,0,0.0,46,1563.83,-0.0,0.03,-11.81,0.0,Nov,3,2,3,11,Returning_Visitor,True,False
3,54.21,0,170.31,3,0.0,0.2,0.22,-2.09,0.8,May,2,2,1,3,Returning_Visitor,False,False
4,75.54,0,12.67,45,1921.10307,0.01,0.032987654,1.25,-0.01,Jul,2,2,9,1,Returning_Visitor,False,False
3,5.36,0,0.0,4,-1543.11,-0.0,0.05,-11.05,0.0,Nov,1,1,3,3,Returning_Visitor,True,False
3,41.2,0,0.0,25,942.8,0.0,0.03,0.0,0.02,Oct,1,1,9,3,Returning_Visitor,False,False
-3,26.6,-1,-28.97,16,463.8333333,0.040740741,0.07,2.88,0.0,May,3,2,1,4,Returning_Visitor,False,False
0,0.0,-1,0.0,21,1422.47,0.0,0.02,0.0,0.0,Dec,2,2,3,2,New_Visitor,False,False
2,28.06,0,0.0,93,2244.416667,0.0,0.009090909,0.0,0.0,Aug,2,2,7,4,Returning_Visitor,False,False
0,0.0,0,-31.89,21,273.25,0.066666667,0.077777778,7.53,0.0,Dec,1,1,5,1,New_Visitor,True,False
3,13.0,-1,-55.62,17,944.87,0.02,0.029166667,6.45,0.0,May,2,2,1,3,New_Visitor,True,False
0,-225.98,0,644.53,23,2420.65,0.02,0.047826087,-35.52,-0.06,Nov,1,1,4,3,Returning_Visitor,False,False
5,103.95,1,116.0,8,595.3416667,0.0,-0.01,10.17002765,0.2,Mar,3,2,2,4,New_Visitor,True,False
4,116.96,1,75.5,4,158.5,0.02,0.05,0.0,0.0,Mar,2,2,1,1,Returning_Visitor,False,False
4,113.26,1,49.9,18,1377.45,0.0,0.019230769,0.0,0.0,Oct,2,2,1,2,Returning_Visitor,False,False
2,37.51,0,-1.21,50,967.25,0.006779661,0.025141243,0.0,0.6,May,2,2,3,2,Returning_Visitor,False,False
-1,-93.96,0,-17.22,-11,-594.79,0.033333333,0.08,0.0,0.0,May,1,1,9,7,New_Visitor,True,False
1,19.0,1,-1.92,56,3013.116917,-0.0,0.007407748,14.18391563,-0.03,Nov,2,2,1,10,Returning_Visitor,False,True
0,0.0,0,-2.07,2,269.29,0.2,0.21,-0.55,0.05,Feb,2,2,4,1,Returning_Visitor,False,False
0,1.45,1,8.28,18,720.15,0.005128205,0.07,2.93,-0.0,Nov,2,4,4,2,Returning_Visitor,False,False
7,84.83333333,0,0.0,32,1275.56,0.009090909,0.04,0.0,0.0,Mar,2,2,1,1,Returning_Visitor,False,True
1,38.0,0,0.0,12,607.73,0.02,0.05,1.96,0.01,Mar,2,2,1,1,Returning_Visitor,False,False
3,64.04,0,84.44,6,627.43,0.0,0.016666667,0.0,0.15,Feb,1,1,1,3,Returning_Visitor,True,False
12,654.775,8,604.8,180,8558.7,0.001142857,0.04,-1.23,-0.28,Mar,3,1,1,1,Returning_Visitor,True,True
0,8.12,0,0.0,12,582.43,0.22,0.2,3.71,0.03,Oct,1,1,3,2,Returning_Visitor,False,False
1,65.74,-1,0.0,38,2486.6,0.008928571,0.051785714,-1.2,0.0,May,2,2,1,3,Returning_Visitor,False,False
18,167.0,-1,0.0,-5,-705.79,0.02,-0.05,0.0,0.04,Nov,2,6,6,7,New_Visitor,False,False
0,0.0,0,-9.8,22,667.92,0.04,0.07,0.0,0.03,May,3,2,1,3,Returning_Visitor,False,False
4,127.66,0,21.0,42,1463.56,-0.0,0.004166667,1.85,0.03,Oct,1,1,2,2,Returning_Visitor,False,False
-2,87.0,5,906.95,61,1091.93,0.01,0.05,0.0,0.37,Feb,2,5,6,2,Returning_Visitor,True,False
1,26.68,0,-2.62,31,1570.74,0.0,0.04,5.16,0.0,Mar,2,4,6,2,Returning_Visitor,False,False
4,82.81,0,0.0,8,128.5,0.0,0.025,0.0,0.0,Oct,2,2,7,1,Returning_Visitor,False,False
-5,-151.57,0,-66.35,-38,-3450.0,0.14,0.2,-14.76,0.0,Nov,1,1,3,8,Returning_Visitor,False,False
12,270.0,3,171.84,13,-2102.59,0.0,-0.01,19.57,0.0,Nov,2,4,7,2,Returning_Visitor,False,True
0,19.56,0,-8.55,23,1182.46,0.03,0.06,0.0,0.0,May,2,2,1,3,Returning_Visitor,False,False
0,38.64,0,0.0,-7,59.0,0.125,0.15,-1.76,0.16,May,2,2,4,1,Returning_Visitor,False,False
4,150.91,0,58.76,21,981.28,0.02,0.04,0.25,-0.0,Mar,1,1,1,2,Returning_Visitor,False,False
3,139.73,-1,0.0,1,0.0,0.11,0.2,0.0,0.8,May,2,4,1,1,Returning_Visitor,False,False
1,19.0,0,-22.71,64,3457.285317,0.01,0.028231293,1.9,-0.02,Oct,2,2,1,2,Returning_Visitor,False,False
6,224.8,1,0.0,30,1214.71,0.00625,0.02,4.49,-0.01,Nov,2,2,1,2,Returning_Visitor,False,False
0,0.0,0,0.0,46,1483.7,0.0,0.007142857,12.41,0.02,Mar,2,2,3,2,Returning_Visitor,False,False
1,-171.51,0,758.05,3,75.0,0.01,0.1,9.49,1.8,May,2,4,2,3,Returning_Visitor,True,False
4,177.77,0,53.5,164,6671.290144,0.01,0.012152531,-2.94,-0.03,Nov,2,2,2,2,Returning_Visitor,False,False
12,21.83,1,-147.68,1,0.0,0.04,0.03,20.3,0.67,May,2,2,2,13,Returning_Visitor,False,False
2,42.29,0,0.0,22,343.3690476,0.01,0.04,0.0,0.03,Oct,2,2,1,3,Returning_Visitor,False,False
0,14.7,0,0.0,4,-524.03,0.21,0.2,-1.81,0.0,May,3,2,1,3,Returning_Visitor,False,False
1,2.0,1,0.0,40,4541.925,0.03,0.031399948,2.79,-0.01,May,1,2,1,20,Other,False,False
3,113.52,0,0.0,34,1626.0,0.0,0.01,8.754045182,0.01,Mar,2,2,2,2,Returning_Visitor,False,True
2,0.0,-1,-84.33,47,324.3,-0.06,0.0125,-30.68,-0.18,Dec,3,12,6,1,Returning_Visitor,True,False
-2,0.0,2,19.47,-38,-3952.16,-0.06,0.0,0.0,0.04,Nov,3,1,7,13,Returning_Visitor,False,False
-1,0.0,0,-64.28,11,987.35,0.010526316,0.029824561,3.36,0.0,Mar,3,2,2,2,Returning_Visitor,True,False
1,62.58,0,0.0,30,1512.574405,0.0,0.02,0.0,0.01,Nov,2,2,1,6,New_Visitor,False,False
1,0.0,0,0.0,38,947.9,0.015789474,0.04,4.99,0.01,Mar,1,1,7,1,Returning_Visitor,False,True
-10,5.0,-1,0.0,46,-432.24,0.0,0.012357724,167.84,0.0,Sep,2,10,7,11,New_Visitor,False,False
2,67.04,0,0.0,40,1338.19,-0.0,0.005330144,-4.97,0.02,Oct,1,1,7,4,Returning_Visitor,True,False
5,98.88,0,1.15,33,1073.54,0.0,0.01,3.89,0.0,Oct,2,2,3,1,Returning_Visitor,False,False
0,-6.27,0,8.08,10,157.0,0.01,0.04,0.0,0.0,Oct,1,8,2,3,Returning_Visitor,False,False
2,97.78,0,0.0,-7,99.06666667,0.036363636,0.072727273,-7.64,-0.04,Oct,1,1,1,4,Returning_Visitor,False,False
2,70.1,0,24.76,29,454.9166667,0.009090909,0.025757576,0.0,-0.01,Nov,2,2,1,2,Returning_Visitor,False,False
2,70.9,0,-25.26,33,1575.26,0.0,0.008333333,0.0,0.0,Nov,2,2,2,2,New_Visitor,False,False
0,0.0,0,9.56,2,-488.1,0.2,0.2,0.0,0.01,May,2,2,1,3,Returning_Visitor,False,False
0,0.0,0,33.56,12,-533.02,0.009090909,0.012121212,0.0,-0.02,Sep,1,8,6,2,Returning_Visitor,False,False
8,233.59,0,81.14,100,2650.408502,0.0,0.005632184,0.0,0.46,May,2,2,1,4,Returning_Visitor,False,False
3,159.04,0,26.2,53,2401.47,0.009803922,0.01735761,5.23,-0.02,May,3,2,4,3,Returning_Visitor,False,False
17,43.5,2,-50.38,39,930.3,-0.0,-0.02,134.49,-0.08,Mar,4,5,1,1,Returning_Visitor,False,False
1,48.85,0,1.82,34,877.6666667,0.02020202,0.042323232,5.694121212,0.0,May,2,2,1,3,Returning_Visitor,False,False
8,208.52,0,56.4,31,577.65,0.011764706,0.02,0.0,0.03,Oct,3,2,1,3,Returning_Visitor,False,False
0,-30.62,1,0.0,1,0.0,0.2,0.2,1.15,0.07,Feb,1,1,4,6,Returning_Visitor,False,False
2,62.04,-1,0.0,1,0.0,0.2,0.2,7.36,0.0,Dec,1,1,4,2,Returning_Visitor,False,False
3,264.81,0,108.13,20,1263.864951,0.007906977,0.04,-3.37,-0.06,Nov,3,2,1,2,Returning_Visitor,False,True
2,78.42,1,61.15,28,1286.64,0.01,0.04,1.56,0.0,Nov,2,2,1,2,Returning_Visitor,False,False
6,111.56,1,86.82,18,1009.55,0.0,0.002380952,0.0,0.08,Jul,2,2,2,6,New_Visitor,False,False
1,23.89,0,302.63,49,2587.150595,0.03,0.03,-25.62,0.01,Dec,1,1,6,2,Returning_Visitor,False,False
4,120.92,1,31.48,19,320.75,0.0,0.02,2.77,0.03,Nov,2,2,1,2,Returning_Visitor,False,False
0,0.0,0,-13.64,20,497.0,0.015,0.04,0.0,-0.0,Mar,3,2,3,1,Returning_Visitor,False,False
1,42.5,1,-26.92,-10,347.13,-0.01,0.004444444,20.02,0.0,Dec,8,13,9,20,Other,False,True
7,316.8229167,1,66.56,18,1166.88,0.01,0.02,7.03,0.0,Oct,2,2,1,2,Returning_Visitor,False,False
0,0.0,1,40.82,33,-280.16,0.005555556,0.06,-27.46,0.13,May,2,1,7,1,Returning_Visitor,False,False
0,0.0,0,-49.91,38,-735.58,0.000877193,0.02,75.08,0.0,Jul,2,4,2,4,Returning_Visitor,False,False
1,133.71,-1,-18.48,21,921.3,-0.0,0.011111111,1.7,0.0,Mar,3,2,2,6,New_Visitor,True,False
2,16.44,0,31.93,8,441.83,0.01,0.05,0.0,0.0,Mar,2,2,3,1,Returning_Visitor,False,False
4,105.64,0,0.0,33,1313.19,0.0,0.02045045,19.3654955,0.03,Mar,2,2,1,2,Returning_Visitor,False,True
2,220.3333333,0,70.5,75,3537.991667,0.01,0.027362361,-0.64,-0.01,Nov,2,2,1,1,Returning_Visitor,False,False
0,0.0,3,166.07,11,-26.99,0.03,0.107142857,1.14,0.3,Feb,2,4,5,6,Returning_Visitor,False,False
3,111.5416667,0,226.0,6,91.79,0.01,0.021846847,-23.44,0.0,Dec,1,1,6,2,Returning_Visitor,False,True
5,-186.82,4,45.08,-6,-1259.09,-0.01,0.008333333,28.16275,0.16,Mar,2,2,3,3,New_Visitor,True,True
1,0.0,0,2.81,16,-411.31,-0.02,0.03,0.0,0.59,May,2,2,3,1,Returning_Visitor,False,False
0,0.0,1,60.99,3,532.15,0.0,0.033333333,0.0,0.05,Oct,2,2,9,10,Returning_Visitor,False,False
2,0.0,0,0.0,3,30.5,0.0,0.05,0.0,0.05,Mar,2,4,3,2,Returning_Visitor,False,False
6,112.79,5,0.0,69,408.4666667,0.0,0.0,56.19,0.0,Aug,4,1,3,1,New_Visitor,True,False
1,-3.93,0,13.0,42,1287.27381,0.015873016,0.06,-9.95,-0.05,Nov,2,4,4,2,Returning_Visitor,False,False
0,0.0,0,-23.82,9,325.75,0.01,0.03,0.0,0.0,Mar,2,2,3,2,Returning_Visitor,False,False
-1,8.214285714,1,62.5,166,6935.9,0.002380952,0.01,29.34770837,0.0,Nov,2,2,1,10,Returning_Visitor,False,True
-1,0.0,0,0.0,9,359.27,0.044444444,0.1,-3.35,0.04,Oct,2,2,9,1,Returning_Visitor,False,False
7,98.8,1,-41.86,6,69.4,-0.01,0.033333333,30.03,0.0,Mar,2,2,9,5,New_Visitor,False,False
3,128.49,1,66.72,91,6418.819048,0.01,0.046632997,13.83791777,0.0,Jul,2,2,1,10,Returning_Visitor,False,False
2,97.3,0,0.0,18,1473.333333,0.01,0.03,3.72,-0.0,Oct,2,2,1,2,Returning_Visitor,False,False
1,105.47,0,23.07,11,392.9285714,0.0125,0.02,0.0,0.0,Dec,3,2,3,2,Returning_Visitor,False,False
6,94.6,1,108.8,-6,88.47,0.0,0.03,0.0,0.05,Mar,2,2,1,1,Returning_Visitor,True,False
5,52.79,0,0.0,-4,725.3333333,0.01,0.017142857,4.87,0.0,Sep,2,8,6,13,Returning_Visitor,False,False
5,129.5,0,47.52,26,1420.34,0.01,0.028125,7.43,0.0,Mar,2,2,3,2,Returning_Visitor,False,False
7,113.1,3,-130.65,-36,121.04,0.0,0.0,94.10360412,0.0,Oct,1,1,2,10,Returning_Visitor,True,True
3,109.8333333,0,37.0,37,1972.3,-0.0,0.008035714,15.23,0.0,Oct,1,1,9,2,Returning_Visitor,False,False
1,66.76,0,0.0,10,-1288.92,0.0,0.002777778,0.0,-0.02,Aug,1,8,7,2,Returning_Visitor,False,False
0,0.0,0,13.33,4,0.0,0.2,0.2,0.0,-0.0,May,2,2,1,1,Returning_Visitor,False,False
1,0.0,0,0.0,40,1748.84,0.01,0.04,0.0,0.0,Mar,2,2,1,1,Returning_Visitor,False,False
4,131.38,0,53.95,95,4817.924102,-0.0,0.01,-5.56,-0.04,Nov,1,1,3,2,Returning_Visitor,False,True
0,0.0,0,0.0,10,748.82,0.03,0.066666667,0.0,0.01,Mar,1,1,3,1,Returning_Visitor,False,False
8,279.24,2,-18.61,5,259.32,0.0,0.01,38.14,0.05,Dec,2,2,3,2,Returning_Visitor,False,False
0,-129.29,-1,-28.78,29,510.68,-0.03,0.01,-8.71,0.2,May,1,8,3,11,Returning_Visitor,True,False
4,148.38,2,-100.61,-14,-600.42,0.03,0.042311136,-0.26,-0.02,Nov,3,2,1,10,Returning_Visitor,True,True
3,39.04,1,92.96,7,415.05,0.2,0.23,0.51,0.4,Feb,2,4,3,2,Returning_Visitor,False,False
0,4.68,0,2.73,20,981.87,0.0,0.04,4.5,-0.0,Mar,2,2,1,2,Returning_Visitor,False,False
4,141.0,0,0.0,34,1443.13,0.008333333,0.02,5.57,0.0,Oct,2,2,1,2,Returning_Visitor,False,False
2,13.5,0,21.41,88,2740.55,0.004545455,0.020644542,0.0,-0.0,Mar,2,2,1,1,Returning_Visitor,True,False
4,129.42,0,53.09,32,1718.387778,0.0,0.01038961,0.0,0.03,Oct,2,2,1,2,Returning_Visitor,False,False
1,47.65,0,0.0,23,336.1383333,0.01,0.011764706,46.83,0.0,May,2,2,9,3,New_Visitor,False,False
0,12.08,-1,0.0,2,12.0,0.08,0.1,-1.89,0.0,Dec,2,2,2,4,Returning_Visitor,False,False
3,72.29,1,0.0,72,1948.62,0.01,0.04,-1.43,-0.02,Nov,2,2,1,1,Returning_Visitor,False,False
17,283.0166667,2,235.75,-28,-1932.45,0.0,0.01,3.55,0.01,Jul,2,2,3,1,Returning_Visitor,False,False
0,8.99,0,5.24,7,268.5,0.0,0.01,0.0,0.06,Mar,2,2,1,6,New_Visitor,False,False
3,185.0,0,-37.87,19,368.9,0.01,0.03,0.36,0.02,Oct,3,2,1,3,Returning_Visitor,False,False
4,290.83,2,123.0,33,773.2566667,0.010810811,0.02,31.74373458,0.03,Oct,2,2,1,2,Returning_Visitor,False,True
0,13.88,0,-26.04,45,1218.030952,0.01,0.02,34.67,-0.0,Feb,2,2,7,1,Returning_Visitor,False,False
4,8.4,1,107.37,89,1753.04,-0.02,-0.01,-15.0,0.0,May,1,8,3,3,Returning_Visitor,False,False
3,422.78,0,34.5,56,5900.351378,0.0,-0.01,0.0,0.0,May,3,2,1,10,Returning_Visitor,False,False
0,0.0,1,92.26,29,966.57,0.02,0.02173913,0.0,-0.1,Nov,1,8,1,11,Returning_Visitor,False,True
1,40.9,1,10.47,25,1034.81,0.018181818,0.05,-3.17,0.03,Oct,3,2,1,1,Returning_Visitor,False,False
4,120.38,0,23.92,27,1553.696667,0.01,0.019047619,7.07,0.0,Oct,3,2,2,2,Returning_Visitor,False,False
4,143.7,0,36.75,54,2631.1,0.01,0.02,2.7,0.01,Oct,2,2,1,2,Returning_Visitor,False,False
1,33.93,0,19.19,20,357.22,0.007692308,0.04,0.0,0.0,Mar,2,2,7,2,Returning_Visitor,False,False
4,45.59,-1,0.0,38,1410.28,0.01,0.02,45.17,-0.03,Sep,2,2,1,3,Returning_Visitor,False,False
0,0.0,0,0.0,60,2606.779545,0.01,0.03,3.62,-0.0,Mar,2,2,3,2,Returning_Visitor,False,False
2,66.32,0,15.73,21,1170.05,0.0,0.05,8.57,0.02,Mar,2,4,6,2,Returning_Visitor,False,False
5,248.2,0,10.49,12,874.08,0.0,0.008333333,7.3,0.0,Oct,3,2,2,2,Returning_Visitor,False,False
10,462.87,2,961.45,22,4622.66,0.0,0.02,2.325663803,0.0,Sep,2,2,4,1,Returning_Visitor,False,True
4,54.6,0,22.13333333,44,1821.7,0.008510638,0.04,-0.54,-0.0,Jul,2,2,1,1,Returning_Visitor,False,False
0,237.78,-1,-16.39,18,1057.92,0.0,0.01,0.0,0.05,Dec,3,2,1,6,New_Visitor,False,False
0,0.0,0,14.98,1,-322.72,0.2,0.2,-2.9,0.02,May,2,2,4,1,Returning_Visitor,False,False
1,-1.27,2,95.71,-18,-1385.67,-0.0,0.021833333,0.0,0.09,May,2,2,5,4,New_Visitor,True,False
-1,-53.52,2,20.38,25,1342.55,0.05,0.05,-3.76,0.0,Aug,2,2,4,13,Returning_Visitor,False,False
0,23.95,2,199.0,2,661.1388889,0.0,0.02,0.0,0.03,Nov,2,2,1,10,Returning_Visitor,False,True
9,16.31,3,138.75,10,-384.4,0.0025,0.03,7.28,-0.05,Nov,2,2,1,1,Returning_Visitor,False,False
0,0.0,-1,-5.98,-5,116.5,0.036363636,0.075757576,0.0,0.03,Dec,2,2,1,1,Returning_Visitor,False,False
1,0.0,0,0.0,29,917.39,-0.0,0.014705882,22.07,-0.01,Mar,1,1,3,2,Returning_Visitor,False,False
2,98.0,0,-4.79,50,2279.222222,0.001111111,0.01,-19.78,0.0,Oct,3,2,7,1,Returning_Visitor,False,False
7,218.28,0,155.02,46,1705.59,0.01,0.0,-1.22,-0.0,Dec,1,1,7,2,Returning_Visitor,False,False
4,177.85,2,21.2,22,1568.320833,0.0,0.02292517,18.16,0.06,Oct,1,1,1,2,Returning_Visitor,False,False
6,317.6282051,1,-17.63,71,3675.940705,0.006741573,0.02,11.62288468,-0.08,Nov,1,1,4,10,Returning_Visitor,True,True
1,88.18,0,-37.46,27,861.77,0.021428571,0.05,3.39,0.16,May,4,1,1,3,Returning_Visitor,True,False
-1,-36.43,0,-26.84,23,-257.89,0.066666667,0.11,0.0,-0.01,Nov,2,2,5,1,Returning_Visitor,False,False
5,150.75,0,14.0,30,1167.57,0.01,0.02,-2.6,0.0,Dec,1,1,4,2,Returning_Visitor,False,False
-5,3.76,0,0.0,19,216.1666667,0.2,0.26,-30.46,0.6,May,2,5,2,3,Returning_Visitor,True,False
0,0.0,0,16.73,31,1242.88,0.005,0.04,0.0,-0.0,Mar,2,2,1,1,Returning_Visitor,False,False
10,218.4027778,1,119.56,23,897.7837302,0.01,0.01,12.13,-0.02,Nov,2,2,2,2,Returning_Visitor,False,False
3,23.59,3,41.2,138,2971.42,-0.0,0.02,0.0,-0.0,Nov,2,2,9,2,Returning_Visitor,False,False
6,400.19,9,1983.69,29,9252.75,-0.01,0.01620753,9.231934863,-0.15,Feb,1,2,1,6,New_Visitor,False,False
2,22.0,2,52.76,42,1671.583333,-0.0,0.019354839,-2.25,0.01,Nov,2,2,1,2,Returning_Visitor,True,False
3,0.0,0,66.46,60,2981.166667,-0.0,0.02,3.95,0.0,June,2,4,2,4,Returning_Visitor,False,False
3,52.84,0,0.14,36,1416.27,0.01,0.05,0.43,0.0,Mar,2,2,1,1,Returning_Visitor,False,False
2,61.98,0,0.0,29,1243.54,0.01,0.026262626,3.95,0.0,Mar,2,2,1,2,Returning_Visitor,False,False
0,0.0,0,5.4,2,-586.49,0.2,0.2,0.0,0.0,May,3,2,1,3,Returning_Visitor,False,False
0,12.16,0,-4.28,9,211.54,0.022222222,0.044444444,-3.07,0.01,Mar,3,2,3,1,Returning_Visitor,False,False
2,0.0,0,10.65,17,375.0,0.01,0.04,0.0,0.04,Mar,2,2,1,1,Returning_Visitor,False,False
1,5.0,0,6.46,63,2625.76,-0.0,0.006349206,4.53,-0.02,Nov,2,2,2,2,Returning_Visitor,False,True
1,28.92,0,0.0,20,643.875,0.02,0.04,0.13,0.11,May,2,2,9,3,Returning_Visitor,False,False
3,267.12,0,0.0,-14,434.6714286,0.0,0.01,6.95,0.0,May,1,3,6,2,New_Visitor,True,False
5,148.17,0,-35.47,31,1362.12,-0.0,0.02,35.10378279,0.0,Mar,2,4,2,2,Returning_Visitor,False,True
3,51.03,-1,0.0,-3,183.3333333,-0.0,0.02,0.0,0.0,Mar,2,2,3,1,Returning_Visitor,False,False
1,0.0,0,0.0,14,614.73,0.024242424,0.053030303,1.45,0.02,Mar,1,1,9,1,Returning_Visitor,False,False
2,17.0,1,78.37,16,1863.75,0.02,0.02,0.0,0.0,May,2,2,1,11,Returning_Visitor,False,False
0,-28.89,3,226.85,4,413.7222222,-0.0,0.03,-13.38,-0.06,Feb,1,8,2,4,Returning_Visitor,False,False
2,888.63,0,-70.85,10,851.31,0.02,-0.02,60.29018448,-0.21,Dec,3,5,4,2,Returning_Visitor,False,True
2,82.0,-2,-184.3,9,587.25,0.04,0.041666667,-4.63,0.03,Dec,3,2,1,8,New_Visitor,True,False
24,876.2333333,5,625.5,-38,1588.666667,0.0,-0.01,20.73,-0.56,May,3,3,6,8,Returning_Visitor,False,False
1,0.0,0,-41.8,9,195.25,0.022222222,0.07,13.06,0.0,Nov,1,8,8,10,Returning_Visitor,False,False
1,47.79,0,31.18,20,677.8833333,0.01,0.04,0.0,-0.01,Mar,2,2,1,2,Returning_Visitor,False,False
6,171.15,0,214.1,1,1889.88,0.0,0.02,0.0,0.0,Oct,1,2,1,2,Returning_Visitor,False,False
0,0.0,0,4.53,27,1096.22,0.01,0.05,0.0,0.0,Mar,2,2,9,1,Returning_Visitor,False,False
4,176.08,-1,0.0,46,1154.85,0.01,0.023809524,0.0,-0.02,Mar,3,2,2,3,Returning_Visitor,False,False
0,-30.37,0,-15.04,3,47.5,0.1,0.15,-2.39,-0.05,Nov,1,2,6,1,Returning_Visitor,False,False
0,24.44,0,0.0,3,136.5,0.0,0.18,0.0,0.0,Dec,1,13,3,3,Other,False,False
0,0.0,-1,-71.97,-59,20.0,0.0,0.066666667,-46.3,-0.1,Oct,2,6,3,1,New_Visitor,False,False
19,830.48,0,578.75,114,2870.5,-0.0,0.016980377,8.466384757,0.07,Nov,2,4,2,1,Returning_Visitor,False,False
0,-84.06,1,39.16,25,1262.85,-0.0,0.023541667,2.09,0.0,Oct,1,8,3,11,Returning_Visitor,True,True
0,20.99,0,-9.09,20,869.75,0.01,0.033333333,4.02,0.0,Oct,3,2,2,2,Returning_Visitor,False,False
1,28.58,0,13.59,7,-737.84,0.2,0.21,0.0,0.01,Nov,4,2,2,1,Returning_Visitor,False,False
3,104.77,0,119.0,41,2069.98,0.004444444,0.02,3.01,0.0,Mar,2,2,1,1,Returning_Visitor,False,False
8,223.0,0,0.0,8,652.87,0.0,0.02,2.66,0.02,Mar,2,2,3,1,Returning_Visitor,False,False
3,109.12,0,15.71,35,1862.65,0.0,0.018181818,7.89,0.01,Oct,2,2,1,2,Returning_Visitor,False,False
4,244.18,3,575.0,74,2375.083333,-0.0,-0.02,21.39,0.0,Dec,3,2,4,2,Returning_Visitor,False,True
3,23.0,0,-2.49,26,1058.893939,0.0,0.02,1.865777778,0.01,Mar,2,2,3,1,Returning_Visitor,False,False
0,38.85,0,0.0,175,7270.01,0.02,0.022134495,6.73,0.0,May,2,2,1,4,Returning_Visitor,False,False
12,1515.58,-1,0.0,35,-1908.64,0.0,0.035897436,0.0,0.24,Dec,3,5,2,2,Returning_Visitor,False,False
5,186.1,1,33.98,32,906.3,0.01,0.01,20.91692308,0.0,May,2,2,1,4,Returning_Visitor,False,False
2,68.18,0,-7.66,44,1963.52,0.02,0.044223485,0.0,0.11,May,2,2,1,3,Returning_Visitor,False,False
0,90.68,1,66.0,1,875.5,0.01,0.02,0.0,0.0,May,4,1,6,2,Returning_Visitor,True,False
11,157.3889922,7,338.4,19,-1941.56,0.005357143,0.02,17.33,-0.29,Nov,4,1,3,3,Returning_Visitor,True,False
0,0.0,0,0.0,-2,862.89,0.2,0.2,-1.82,0.3,May,2,2,9,13,Returning_Visitor,False,False
-3,0.0,0,-50.1,-7,86.0,0.0,0.1,0.0,0.0,Mar,3,4,9,1,Returning_Visitor,False,False
10,175.3333333,0,-125.92,88,4230.79,0.004395604,0.05,16.73,0.0,Nov,1,1,8,10,Returning_Visitor,True,False
6,164.87,0,0.0,23,1007.233333,0.0,0.01,19.57059225,0.0,Mar,2,4,2,2,Returning_Visitor,False,False
-2,67.71,0,-5.44,2,79.2,0.022222222,0.06,-0.54,0.01,Mar,3,2,1,2,Returning_Visitor,False,True
-2,59.5,1,20.0,96,145.02,0.004888889,-0.05,61.59,0.91,May,1,7,6,6,Returning_Visitor,False,True
3,79.56,0,2.95,41,1785.66,0.01,0.018170426,3.26,-0.02,Nov,2,2,1,2,Returning_Visitor,False,False
5,28.34,1,0.0,9,132.4,-0.0,0.006666667,8.24,0.0,Aug,2,2,4,5,New_Visitor,False,True
2,90.8,0,25.34,13,416.4,0.02,0.04,0.91,0.05,Mar,1,1,1,2,Returning_Visitor,False,False
4,89.96,0,0.0,29,1639.43,-0.0,0.04,0.0,0.0,Nov,2,4,1,2,Returning_Visitor,False,False
2,265.19,0,35.27,27,2595.1,0.02,0.011458333,4.47,0.0,May,2,2,4,2,New_Visitor,True,True
7,166.3333333,-2,135.79,-25,1869.45119,0.004545455,0.010037879,38.57,-0.08,Dec,2,2,8,2,New_Visitor,False,True
13,228.9166667,0,5.83,64,2180.09,0.0,0.01,17.34,0.03,Mar,2,2,3,1,New_Visitor,True,False
2,673.87,6,1220.12,169,1636.016667,0.007692308,0.021794872,12.56,0.58,Mar,3,6,1,8,Returning_Visitor,True,False
14,1469.1,-1,46.95,29,443.5,0.01,0.027027027,-14.79,0.02,June,3,2,1,2,Returning_Visitor,False,False
1,0.0,0,7.5,75,3480.811706,0.01,0.04,0.0,-0.03,Nov,2,2,1,1,Returning_Visitor,False,True
10,33.2,0,0.0,10,29.95,0.03,0.026190476,10.47,0.0,Jul,2,2,6,1,Returning_Visitor,True,True
2,68.9,0,0.0,29,1154.1,0.02,0.046428571,2.17,0.0,Mar,2,2,1,1,Returning_Visitor,False,False
4,100.41,0,0.0,39,1517.93,0.0,0.023015873,1.09,-0.02,Oct,2,2,3,1,Returning_Visitor,False,False
0,0.0,0,103.1666667,38,1586.333333,0.016666667,0.033333333,-5.59,0.0,Nov,2,2,4,2,Returning_Visitor,False,False
1,83.03,0,31.62,23,947.08,0.013684211,0.03,1.597803468,0.0,Oct,1,1,3,2,Returning_Visitor,False,True
3,190.32,1,-66.23,35,1698.0,-0.0,-0.0,93.52994426,-0.11,Nov,4,1,1,2,New_Visitor,True,True
1,44.71,0,0.0,29,985.16,0.01,0.04,1.5,-0.0,Mar,2,2,1,2,Returning_Visitor,False,False
0,0.0,0,0.0,14,477.7166667,-0.0,0.0,10.4,0.0,Mar,2,2,9,2,New_Visitor,True,False
1,11.32,0,2.2,18,286.0,0.01,0.08,0.0,0.8,May,2,2,9,1,Returning_Visitor,False,False
0,0.0,-1,-48.35,49,3617.0,0.03,0.04,0.0,0.2,May,3,2,1,15,Returning_Visitor,False,False
4,58.5,0,56.23,38,1825.98,0.0,0.017647059,0.0,0.0,Oct,1,1,3,2,Returning_Visitor,False,False
2,-48.33,5,238.73,11,-1958.68,0.0,0.014219114,-3.9,0.22,May,3,1,9,4,Returning_Visitor,True,False
-1,128.87,0,38.54,3,1277.04,0.02,0.04,-0.47,0.0,Oct,1,2,4,2,New_Visitor,False,False
1,58.05,0,-6.39,37,1421.51,0.015873016,0.04,0.0,0.0,Nov,2,2,1,2,Returning_Visitor,False,False
7,445.35,0,67.62,19,1225.54,0.01,0.02,3.27,0.01,Oct,3,2,1,2,Returning_Visitor,False,False
7,184.61,0,0.0,-10,1999.17,0.0,0.066666667,0.0,0.08,Nov,3,2,8,1,New_Visitor,True,False
4,58.58,2,52.25,55,581.54,0.003125,0.014499164,0.0,0.0,Mar,3,2,5,1,Returning_Visitor,True,False
9,871.83,8,1417.37,8,721.4166667,0.0,0.00952381,16.34,0.0,Mar,2,5,2,8,New_Visitor,True,False
0,45.23,1,-55.2,33,522.4,-0.01,0.04,47.65,-0.02,Mar,2,4,9,2,New_Visitor,False,True
2,96.44,0,591.78,-26,64.5,0.03,0.08,16.87,0.04,Mar,3,2,8,4,Returning_Visitor,False,False
2,156.54,1,-30.12,6,185.4,0.01,0.02,44.89345937,0.0,Oct,1,2,1,2,Returning_Visitor,False,True
4,92.01,0,0.0,31,1511.85,0.0,0.008695652,0.0,0.03,Oct,2,2,1,2,New_Visitor,False,False
5,132.65,0,-2.7,13,396.5,0.01,0.03,3.7,0.02,Nov,2,2,1,2,Returning_Visitor,True,False
4,74.01,0,40.62,32,1536.88,0.0,0.03,0.0,0.01,Mar,2,2,1,1,Returning_Visitor,False,False
31,1305.114737,3,629.5142857,224,6728.17,0.009803922,-0.06,12.76490187,0.0,Dec,3,2,3,20,Returning_Visitor,True,True
10,1751.047619,3,69.0,29,1552.547619,0.01,-0.05,79.33,0.0,Dec,4,2,9,14,Returning_Visitor,False,False
3,54.5,0,77.37,13,23.0,0.02,0.03,12.54,0.0,Dec,1,1,4,2,Returning_Visitor,False,False
6,120.46,0,0.0,140,3492.81,0.01,0.009952433,0.69,0.01,Nov,2,2,3,1,Returning_Visitor,False,True
8,386.0,1,544.12,31,2725.0,0.010909091,0.017482517,11.36,0.0,May,2,6,6,3,Returning_Visitor,True,False
13,493.75,1,0.0,22,449.78,0.008,0.03,-3.4,0.0,Oct,3,2,1,3,Returning_Visitor,False,True
3,23.0,0,-26.5,58,2444.83,0.01,0.015013618,-0.95,0.18,May,2,2,1,3,Returning_Visitor,True,False
4,178.39,0,0.0,7,75.6,0.0,0.0,0.16,0.02,May,2,2,4,5,New_Visitor,False,False
9,155.0,0,-30.65,20,601.8,-0.0,0.02,0.0,0.0,Oct,2,2,3,3,Returning_Visitor,False,False
2,91.92,0,0.0,7,605.82,0.03,0.06,21.09392209,0.05,Mar,1,2,1,1,Returning_Visitor,False,False
4,55.09,0,0.0,36,1228.91,0.01,0.027058824,0.0,0.01,May,3,2,1,3,Returning_Visitor,False,False
6,192.5,0,0.0,113,3000.666667,0.01,0.005217391,2.74,0.03,Oct,2,2,3,2,Returning_Visitor,False,False
0,22.72,1,-6.33,13,225.65,0.007446809,0.028191489,134.79,0.0,Sep,2,2,4,2,Returning_Visitor,False,False
1,0.0,0,-1.51,38,2072.02,0.01,0.05,0.0,0.0,Oct,2,2,1,1,Returning_Visitor,False,False
-2,-47.67,0,38.06,-13,19.0,0.0,0.01,0.0,0.0,Mar,3,2,3,11,Returning_Visitor,True,False
6,199.42,1,59.84,37,1388.37,0.009302326,0.02,4.77,0.0,Oct,2,2,1,2,Returning_Visitor,False,False
0,0.0,0,13.07,1,0.0,0.2,0.2,0.0,0.11,May,3,2,6,3,Returning_Visitor,False,False
-1,0.0,0,-15.72,17,166.89,0.02,0.06,1.57,0.02,May,2,2,5,1,Returning_Visitor,False,False
4,142.82,0,33.32,33,1320.02,0.01,0.03,0.0,0.0,Oct,2,2,1,2,Returning_Visitor,False,False
12,1126.41,0,572.65,156,10374.51,0.01,0.02,0.0,0.0,May,1,1,2,2,Returning_Visitor,False,False
0,18.07,0,-25.07,3,-314.93,0.04,0.07,0.0,-0.01,Nov,1,1,6,2,Returning_Visitor,False,False
6,115.57,-2,0.0,26,1197.666667,0.01,0.0,-5.99,0.62,May,2,10,6,8,Returning_Visitor,False,False
0,0.0,0,-6.5,2,433.17,0.03,0.06,1.77,0.0,Oct,1,2,1,1,Returning_Visitor,False,False
4,91.0,3,135.5,3,-1621.2,-0.02,0.0,0.0,0.0,Mar,1,1,7,2,Returning_Visitor,True,False
3,35.4,0,0.0,38,2009.29,0.01025641,0.039316239,0.0,0.0,Oct,2,2,1,1,Returning_Visitor,False,False
7,445.74,1,137.22,15,181.5,-0.01,0.05,-2.3,0.57,May,2,5,2,3,Returning_Visitor,True,False
0,0.0,0,16.09,13,238.1666667,0.0,0.007692308,12.54,0.01,Mar,3,2,3,2,Returning_Visitor,False,False
3,82.44,1,14.14,15,178.75,0.02,0.06,0.0,0.0,Nov,1,1,1,2,Returning_Visitor,False,False
1,-10.75,0,0.0,13,666.23,-0.0,0.01,1.86,0.0,Mar,2,2,1,2,New_Visitor,True,False
2,0.0,0,0.0,5,-1431.56,0.03,0.06,-2.47,-0.06,Nov,3,2,6,3,Returning_Visitor,True,False
2,105.65,0,0.0,11,1235.75,0.03,0.05,0.0,0.0,Feb,2,2,1,3,Returning_Visitor,False,False
0,-31.47,0,-22.52,18,391.8666667,0.03,0.13,0.0,1.0,May,2,2,1,1,Returning_Visitor,False,False
0,-10.34,0,28.22,3,230.91,0.0,0.03,-7.42,0.0,Oct,1,1,3,2,Returning_Visitor,False,False
4,46.98,0,0.0,34,1617.17,0.0,0.02,17.92983378,0.0,Mar,2,2,1,3,Returning_Visitor,False,False
0,28.2,0,-21.35,135,2835.94,0.0,0.02,0.56,-0.01,Aug,1,8,2,3,Returning_Visitor,False,False
3,54.8,0,14.68,41,203.0677778,-0.01,0.008,110.77,0.02,Feb,2,4,6,4,New_Visitor,False,True
3,126.76,1,17.84,10,1.56,0.0,0.03,51.176,0.05,Mar,2,2,1,2,New_Visitor,False,True
2,56.69,0,16.37,15,806.35,0.02,0.04,0.75,0.01,Mar,2,2,1,1,Returning_Visitor,False,False
6,-98.56,0,0.0,14,825.3333333,-0.05,0.0,166.93,0.02,Sep,2,2,8,2,Returning_Visitor,False,True
8,359.0,1,87.37,11,497.6666667,0.007692308,0.02,6.68,0.01,May,2,4,7,2,Returning_Visitor,False,False
16,217.3,0,0.0,-53,-2739.89,0.0,0.06,9.2,0.0,May,2,2,7,17,Returning_Visitor,False,False
7,104.63,0,46.87,16,438.7,0.0,0.017391304,46.76,-0.0,Feb,2,2,1,3,Returning_Visitor,False,False
2,120.59,0,-8.01,7,216.3333333,0.0,0.02,-1.52,0.01,Oct,3,2,3,2,Returning_Visitor,False,False
0,39.36,0,18.65,11,194.0,-0.01,0.04,-7.07,0.0,Feb,1,8,6,1,Returning_Visitor,False,False
3,75.11,0,20.39,25,1249.55,0.01,0.03,0.0,0.04,Mar,2,2,1,1,Returning_Visitor,False,False
0,0.0,-1,0.0,17,691.75,0.0,0.01,0.0,0.0,Dec,2,2,9,2,New_Visitor,False,False
-4,-101.51,-1,-56.73,12,190.69,0.0,0.023076923,9.93,0.0,Aug,2,2,2,8,New_Visitor,False,False
3,69.15,0,27.07,27,1196.66,0.01,0.03,0.48,0.02,Mar,2,2,1,2,Returning_Visitor,False,False
-3,48.8,0,0.0,11,-184.57,0.015384615,0.05,0.99,0.0,May,3,2,2,4,Returning_Visitor,False,False
2,42.95,0,0.0,18,177.5833333,0.0,0.02,3.61,0.04,Mar,2,2,9,2,Returning_Visitor,False,False
6,257.92,0,-13.97,108,4191.14,0.0,0.03,-2.7,-0.06,Nov,1,1,1,1,Returning_Visitor,False,False
4,81.14,1,-118.3,3,1157.15,0.05,0.04,13.0,-0.11,June,3,2,4,13,Returning_Visitor,True,False
0,-73.13,0,0.0,18,166.9,0.0,0.0,5.08,-0.11,Aug,1,8,2,3,Returning_Visitor,False,False
-1,-93.65,-1,0.0,19,-549.03,0.04,0.075,-17.96,-0.03,Oct,1,1,7,3,Returning_Visitor,False,True
5,65.96,9,1530.0,95,5372.25,0.01,0.05,0.99,0.0,June,2,2,1,2,Returning_Visitor,False,False
4,75.94,0,73.14,6,112.0,0.0,0.028571429,-4.57,0.13,Mar,4,1,2,4,Returning_Visitor,True,False
2,75.64,0,-8.96,71,2352.166667,0.0,0.02,0.48,-0.03,Nov,2,2,1,2,Returning_Visitor,False,False
11,435.42,2,34.0,47,816.95,0.002684564,0.009552573,11.97037051,0.0,Oct,2,2,9,2,Returning_Visitor,False,False
-1,0.0,0,0.0,6,966.1,0.03,0.06875,0.0,0.0,May,3,2,3,1,Returning_Visitor,False,False
1,20.69,0,0.0,14,399.8,0.01,0.04,3.73,-0.01,Mar,2,2,7,1,Returning_Visitor,False,False
0,-11.01,0,10.6,8,1050.21,0.0,0.025,14.19,0.0,Mar,2,2,1,6,New_Visitor,False,False
7,194.13,1,154.24,46,363.68,0.01,-0.01,11.27,0.0,Jul,3,2,6,2,Returning_Visitor,True,False
0,0.0,0,0.0,14,563.36,0.02,0.04,-0.68,0.04,Oct,4,1,1,3,Returning_Visitor,True,False
16,0.0,0,0.0,119,16371.76,-0.01,0.08,-16.79,-0.57,Nov,2,7,8,1,Returning_Visitor,True,False
0,0.0,0,0.0,15,724.45,0.02,0.05,-1.2,0.0,Mar,2,1,1,1,Returning_Visitor,False,False
2,52.9,0,-11.28,8,-62.47,0.0,0.03,3.19,0.0,Jul,1,1,6,2,Returning_Visitor,True,False
0,0.0,-1,0.0,399,16725.05,0.02,0.028571429,14.1374752,-0.13,Nov,3,2,2,3,Returning_Visitor,True,True
0,3.41,0,24.95,11,153.75,0.03,0.07,0.0,0.02,June,3,2,2,3,Returning_Visitor,False,False
4,124.94,1,-19.51,26,1494.96,0.01,0.02,8.42,0.0,Nov,1,2,1,10,Returning_Visitor,True,False
1,45.55,0,-18.81,20,990.26,0.01,0.04,3.17,0.0,Mar,2,2,1,2,Returning_Visitor,False,False
0,34.07,0,23.17,8,-604.65,0.01,0.04,0.0,-0.01,Sep,1,8,6,2,Returning_Visitor,False,False
3,117.85,0,-2.05,56,2024.32,0.02,0.04,-1.73,0.0,Aug,2,2,4,1,Returning_Visitor,False,False
0,-11.26,0,-6.61,-15,-1067.63,0.06,0.1,0.0,0.0,May,2,2,5,1,Returning_Visitor,False,False
3,343.0666667,0,0.0,71,1108.369762,0.0,0.06,7.826836353,0.45,Aug,2,10,1,2,Returning_Visitor,False,True
0,13.03,0,-14.54,14,236.03,0.01,0.083333333,0.0,0.6,May,2,4,1,1,Returning_Visitor,False,False
11,315.15,1,0.0,3,-1089.0,0.01,0.033333333,0.0,0.0,Nov,3,2,1,3,Returning_Visitor,True,False
0,0.0,0,21.81,16,483.6,0.01,0.03,0.0,0.0,Mar,1,1,7,2,Returning_Visitor,False,False
7,205.14,9,331.22,92,1368.84,0.002564103,0.04,20.03,0.0,May,2,1,9,2,Returning_Visitor,False,False
4,201.0,0,0.0,84,2980.08,0.006896552,0.016803503,6.86,-0.01,Aug,2,2,4,2,Returning_Visitor,False,False
4,131.02,0,22.84,41,2186.145833,0.0,0.02,32.13922216,0.0,Mar,2,2,1,1,Returning_Visitor,False,False
2,0.0,0,-9.0,36,1137.59,0.02,0.04,18.55,0.02,Oct,4,1,1,3,Returning_Visitor,False,False
0,-8.72,0,0.0,9,626.6,-0.01,0.02,-1.26,0.02,Mar,2,2,5,1,New_Visitor,True,False
5,0.0,0,0.0,73,2402.71,0.002816901,0.05,0.0,0.0,Mar,2,2,3,20,Returning_Visitor,True,False
1,-224.74,5,249.66,62,1713.08,0.000980392,-0.01,11.48461765,0.0,Nov,3,2,1,9,Returning_Visitor,False,True
0,14.06,-1,0.0,2,1333.98,0.02,0.05,0.0,0.01,Oct,3,2,8,2,Returning_Visitor,False,False
1,41.6,0,-35.28,12,98.33333333,0.02,0.06,0.0,0.02,Oct,4,1,1,3,Returning_Visitor,True,False
3,51.0,0,16.23,35,1839.33,0.006944444,0.04,7.05,0.0,Jul,2,4,2,2,Returning_Visitor,False,True
6,82.49,0,16.4,13,290.48,0.0,0.016666667,-6.06,0.08,Dec,2,1,3,2,Returning_Visitor,False,False
9,183.7857143,2,90.0,166,4539.06,0.01,-0.02,5.932009013,0.0,Nov,3,2,6,2,Returning_Visitor,False,True
2,167.4,0,0.0,8,440.58,-0.01,0.0,-22.86,-0.01,Oct,1,1,3,2,New_Visitor,True,False
8,-48.86,6,329.5,91,105.86,0.01,0.04,-1.63,0.0,Aug,2,1,4,1,Returning_Visitor,False,False
6,192.15,0,50.97,37,2104.573984,0.007189542,0.034273974,2.61,0.0,Oct,2,2,1,2,Returning_Visitor,False,False
3,-167.66,3,82.74,14,418.2333333,-0.01,0.008,148.2,-0.2,May,1,1,1,8,New_Visitor,False,False
2,88.45,0,-35.47,79,3090.73,0.01,0.020747988,0.0,-0.03,Nov,1,1,4,10,Returning_Visitor,True,False
0,24.98,0,15.26,21,535.25,0.01,0.05,-1.42,0.0,Jul,2,2,1,2,Returning_Visitor,False,False
2,29.33,0,8.98,7,-941.14,0.02,0.02,0.0,-0.13,Oct,1,5,6,1,Returning_Visitor,True,False
4,108.65,0,7.1,18,1101.92,0.01,0.04,0.0,0.02,Mar,3,2,1,1,Returning_Visitor,True,False
3,114.59,4,23.0,47,1233.74,0.022807018,0.036908939,17.79,-0.09,Sep,4,8,9,3,Returning_Visitor,False,False
0,19.6,0,0.0,3,0.0,0.04,0.088888889,-4.68,0.0,Mar,2,2,9,1,Returning_Visitor,False,False
3,71.44,0,0.0,12,904.48,0.01,0.043333333,1.5,0.0,Mar,2,2,3,1,Returning_Visitor,False,False
1,9.51,0,-67.0,-15,-1531.33,0.114285714,0.142857143,3.81,0.03,Jul,1,1,4,2,Returning_Visitor,True,False
2,94.24,0,-13.75,29,1633.41,0.0,0.01,2.33,0.0,Oct,2,2,3,2,Returning_Visitor,False,False
9,238.7,0,75.31,29,832.57,0.02,0.04,2.54,0.0,Jul,3,2,8,1,Returning_Visitor,False,False
2,88.33,1,25.31,11,293.84,0.0,0.02,-2.79,0.01,Mar,3,2,3,2,Returning_Visitor,False,False
-1,-22.81,2,76.99,18,1218.59,0.01,0.025555556,0.0,0.02,Nov,3,2,1,10,Returning_Visitor,True,False
3,53.16666667,0,0.0,34,1254.22,-0.01,0.003571429,35.76,-0.0,Mar,2,4,2,2,Returning_Visitor,False,False
6,112.59,1,-27.61,12,879.8,0.0,0.02,-12.17,0.0,Nov,2,2,1,2,New_Visitor,True,False
3,0.0,-1,37.78,30,1806.19,0.01,0.034935897,2.9,0.02,Dec,2,2,1,1,Returning_Visitor,False,False
-2,-140.93,0,0.0,-20,-1925.31,-0.02,0.061538462,0.0,0.76,May,2,2,3,5,Returning_Visitor,False,False
0,0.0,0,0.0,1,358.59,0.04,0.08,29.39,0.14,Feb,1,1,1,1,Returning_Visitor,False,False
5,242.125,0,176.0,16,1053.94,0.01,0.02,-6.11,-0.02,Nov,2,2,1,2,Returning_Visitor,False,False
0,79.1,0,0.0,11,68.5,0.01,0.03,0.0,0.21,May,1,1,7,2,Returning_Visitor,False,False
5,65.0,0,40.5,48,-907.28,0.01,0.00625,0.0,0.09,May,2,5,7,7,Returning_Visitor,False,False
-1,-44.29,0,-9.88,3,1.0,0.05,0.1,-6.94,0.0,Mar,2,2,9,1,Returning_Visitor,False,False
0,4.0,0,0.0,62,3000.250794,0.0,0.029535519,1.52,0.0,Oct,2,2,1,2,Returning_Visitor,False,False
4,165.0,0,-24.13,61,3512.21,0.01,0.022173913,0.0,0.07,May,2,2,1,4,Returning_Visitor,False,False
2,56.0,1,144.0,10,1570.37,0.0,-0.0,19.34265017,0.0,Sep,2,2,4,2,New_Visitor,False,True
0,0.0,0,-21.33,-8,622.82,0.0,0.025,6.48,0.0,Oct,1,1,1,3,New_Visitor,True,False
3,622.68,2,-31.66,125,1169.89,0.003846154,0.02,23.16,0.0,Mar,2,5,1,8,Returning_Visitor,False,False
5,68.96,0,0.0,86,2150.433333,0.01,0.03,-6.19,-0.04,Nov,1,1,1,3,Returning_Visitor,False,False
2,72.9,0,4.71,31,1538.66,0.01,0.028576998,4.66,-0.0,Mar,2,2,1,2,Returning_Visitor,False,False
1,89.0,0,0.0,34,1278.72,0.01,0.025517241,3.54,0.2,May,3,2,2,2,Returning_Visitor,False,False
1,53.79,0,0.0,24,766.95,0.04,0.06,0.0,0.04,May,3,2,1,3,Returning_Visitor,False,False
-3,-259.21,2,651.31,230,6978.613711,0.015327635,0.02,0.0,0.12,Jul,2,2,6,1,Returning_Visitor,False,False
1,4.8,0,0.0,15,463.3333333,0.01,0.05,0.0,0.0,Mar,2,2,4,1,Returning_Visitor,False,False
2,88.06,0,8.15,30,1294.1,0.01,0.023333333,3.97,0.0,Oct,2,2,1,2,Returning_Visitor,False,False
4,35.125,1,32.9,31,786.11,0.0,0.01,4.84,0.0,Nov,3,2,1,3,Returning_Visitor,True,False
4,109.01,0,66.04,50,1515.59,0.0,0.001333333,10.35,0.01,Dec,2,2,3,2,Returning_Visitor,False,False
2,38.68,-1,-52.63,7,566.11,0.05,0.1,-4.64,-0.0,Nov,4,1,3,11,Returning_Visitor,True,False
3,35.62,0,23.25,7,-40.56,0.01,0.03,1.9,0.03,Dec,2,2,3,2,Returning_Visitor,False,False
1,0.0,0,0.0,18,481.82,0.033333333,0.061111111,-0.12,0.0,Mar,1,1,9,1,Returning_Visitor,False,False
1,62.41,0,-25.35,19,423.5,0.02,0.04,11.65,0.0,Mar,3,2,1,3,Returning_Visitor,True,False
1,67.47,0,0.0,1,4.0,0.01,0.03,0.0,0.0,Nov,2,2,1,2,New_Visitor,True,False
4,145.25,0,79.99,1,918.0833333,0.0075,0.010666667,0.0,0.0,Oct,1,1,2,2,Returning_Visitor,True,False
2,26.2,0,1.33,8,77.0,0.014285714,0.05,0.0,0.01,Mar,2,2,9,1,Returning_Visitor,False,False
3,46.95,1,0.0,26,199.1333333,0.01,0.04,0.0,-0.02,Jul,2,2,6,2,Returning_Visitor,True,False
2,36.9,0,0.0,11,272.0,0.0,0.016666667,14.67,0.03,May,2,4,6,4,Returning_Visitor,False,False
3,88.14,0,7.04,17,480.53,-0.0,0.0,36.26141924,0.02,Mar,2,2,3,2,Returning_Visitor,False,True
-2,0.0,0,0.0,10,60.0,0.0,0.06,9.56,0.1,May,2,4,4,3,Returning_Visitor,False,False
2,43.06,-1,0.0,1,0.0,0.22,0.2,-1.72,0.1,Mar,3,2,6,1,Returning_Visitor,True,False
0,0.0,0,-73.5,109,3642.68,0.001818182,0.03,1.14,0.0,Nov,2,2,1,2,Returning_Visitor,False,False
1,0.0,0,-9.28,18,862.0,0.044444444,0.062962963,0.0,0.03,Mar,1,2,1,1,Returning_Visitor,False,False
0,0.25,0,0.0,28,1163.24,0.01,0.04,0.0,0.0,Mar,2,2,1,1,Returning_Visitor,False,False
0,0.0,0,0.0,11,948.28,0.02,0.06,0.0,0.0,Oct,2,2,1,1,Returning_Visitor,False,False
0,0.0,0,10.13,4,0.0,0.2,0.21,0.0,-0.02,Mar,2,2,9,1,Returning_Visitor,False,False
0,71.75,0,37.17,26,433.45,0.0,0.003703704,5.58,0.0,Mar,1,1,7,2,Returning_Visitor,False,False
2,60.24,0,-15.73,27,922.3,0.01,0.03,4.3,0.0,Oct,2,2,1,2,Returning_Visitor,False,False
2,79.0,-1,2.09,47,1490.09,0.008510638,0.01,31.5,0.01,Dec,2,2,9,2,New_Visitor,False,False
7,515.03,-1,46.63,22,4501.4337,0.015,0.08,-20.61,0.2,May,4,5,2,1,Returning_Visitor,False,False
0,0.0,1,0.0,6,381.17,0.01,0.03,-0.44,0.02,Mar,3,2,2,2,Returning_Visitor,False,False
0,34.33,1,26.2,3,25.2,0.02,0.06,0.48,0.01,Nov,2,2,1,2,Returning_Visitor,False,False
0,26.27,0,0.0,5,75.0,0.03,0.06,0.0,0.07,Dec,2,2,1,1,Returning_Visitor,True,False
17,319.69,2,52.1,44,1027.54,0.0,0.025,0.0,0.0,May,3,2,1,3,Returning_Visitor,True,False
4,69.68,0,8.2,21,834.6666667,0.01,0.021269841,0.0,0.04,Mar,2,2,1,1,Returning_Visitor,True,False
2,20.2,0,0.0,16,288.99,0.01,0.01,68.97,-0.03,Sep,2,4,4,3,New_Visitor,False,True
-1,-36.66,0,0.0,1,0.0,0.06,0.1,-1.13,0.0,May,2,2,5,3,Returning_Visitor,False,False
2,-16.31,0,5.51,19,138.35,0.0,0.02,0.0,0.0,May,2,2,9,3,Returning_Visitor,False,False
4,136.55,0,69.6,10,569.79,-0.01,0.02,-12.46,0.02,Oct,1,1,3,2,Returning_Visitor,False,False
2,40.67,0,-1.36,25,1228.33,0.01,0.03,3.86,-0.0,Mar,2,2,1,2,Returning_Visitor,False,False
0,-22.85,0,-5.76,12,1758.21,0.029268293,0.06,5.74,0.42,May,3,2,1,13,Returning_Visitor,False,False
1,64.5,0,5.21,17,1018.02,0.01,0.04,3.5,0.0,Oct,2,2,1,2,Returning_Visitor,False,False
3,125.23,0,-10.64,38,1735.01,-0.01,-0.0,-0.01,0.02,Oct,2,2,9,2,New_Visitor,False,True
10,431.18,9,1169.64,161,9487.639162,-0.0,0.03,2.873954681,0.0,May,2,2,1,2,Returning_Visitor,False,False
5,158.3333333,1,51.43,10,419.77,0.005555556,0.02,-2.28,0.0,Mar,3,2,1,2,Returning_Visitor,True,False
3,42.4,0,8.57,31,1356.14,0.01,0.03,3.21,-0.0,Mar,2,2,1,1,Returning_Visitor,False,False
5,209.2,0,0.0,18,447.1666667,0.008695652,0.041304348,0.0,0.0,Oct,1,1,5,1,Returning_Visitor,False,False
-3,0.0,0,0.0,2,387.51,0.04,0.08,-2.21,0.02,Oct,2,2,1,2,Returning_Visitor,False,False
0,-24.44,0,1.53,14,276.39,0.0,0.03,4.05,0.01,Mar,2,2,5,1,Returning_Visitor,True,False
5,52.68,0,-80.91,18,253.87,0.01,0.034701976,-0.08,0.0,Nov,1,1,4,19,Returning_Visitor,True,False
0,0.0,0,-123.74,35,2323.78,0.0,0.03,47.17,0.09,May,2,2,1,1,Returning_Visitor,False,False
6,248.5,0,0.0,25,456.6666667,0.0,0.01,14.54,0.0,Mar,2,4,4,2,Returning_Visitor,True,False
0,39.38,0,0.0,3,-379.36,0.11,0.133333333,0.0,0.2,Feb,3,2,4,1,Returning_Visitor,True,False
3,108.42,1,68.6,31,1008.62,0.0,0.01638112,0.0,-0.01,Mar,2,2,1,2,Returning_Visitor,False,False
4,163.425,0,21.78,73,1758.4,0.0,0.005833333,0.0,-0.01,Mar,2,2,5,2,Returning_Visitor,False,False
3,111.0,0,0.0,32,1293.34,0.01,0.03,4.22,0.0,Nov,2,2,1,2,Returning_Visitor,False,True
3,315.3333333,-1,-12.33,80,3009.0875,0.004021164,0.04,0.0,0.0,Nov,1,1,1,1,Returning_Visitor,False,False
2,14.5,0,-49.99,61,1423.967857,0.01,0.02,9.34,0.17,May,2,2,7,2,Returning_Visitor,False,False
0,0.0,1,0.0,6,833.46,0.0,0.04,10.89,0.0,Mar,2,2,1,2,Returning_Visitor,True,False
5,91.75,0,40.72,20,740.42,0.003174603,-0.01,0.0,0.0,Mar,3,2,2,4,Returning_Visitor,True,False
8,144.05,1,56.44,22,1211.17,0.003418803,0.01,5.1,0.0,May,2,2,1,3,Returning_Visitor,False,False
0,0.0,0,-40.65,12,74.5,0.0,0.06,14.44,0.6,May,2,4,1,2,Returning_Visitor,False,False
1,15.3,0,-20.67,12,715.5,0.01,0.16,2.06,1.0,May,2,4,1,1,Returning_Visitor,False,False
3,47.46,2,108.3,13,531.0369048,0.0,0.027916667,-1.54,0.0,Oct,2,1,1,2,Returning_Visitor,True,False
1,-24.77,-1,-17.47,41,929.3333333,0.0,0.03,4.59,-0.07,Dec,1,8,6,1,Returning_Visitor,False,False
2,0.0,1,55.53,18,927.0,0.007692308,0.034615385,-3.07,0.03,Mar,2,2,1,1,Returning_Visitor,True,False
1,5.32,-1,-12.69,5,59.0,0.0,0.01,22.45,0.03,Dec,2,2,1,6,New_Visitor,False,False
3,40.8,0,-4.33,2,-188.73,0.02,0.06,-4.09,-0.02,Sep,1,8,7,1,Returning_Visitor,False,False
4,119.01,0,39.55,27,1433.916667,-0.01,0.018226601,33.37,-0.01,Mar,2,4,4,2,New_Visitor,False,True
1,28.24,0,60.2,-10,-1141.06,0.2,0.22,0.0,-0.04,Mar,2,2,1,3,Returning_Visitor,False,False
2,49.5,0,32.89,22,1236.08,0.03,0.056666667,-1.94,0.0,May,1,1,1,3,Returning_Visitor,False,False
5,177.76,1,34.25,101,2563.37,0.0,0.012040588,-0.63,0.0,Oct,3,2,1,3,Returning_Visitor,False,True
0,-16.04,0,0.0,22,694.5166667,0.008163265,0.024489796,0.0,0.0,Mar,2,2,9,1,Returning_Visitor,False,False
8,203.84,0,0.92,35,478.0,0.0,0.011111111,0.0,0.03,Oct,3,2,2,3,Returning_Visitor,False,False
0,44.5,0,35.44,15,1201.54,0.01,0.03,19.76,-0.06,Dec,1,8,2,10,Returning_Visitor,False,False
5,87.2,1,201.9,-9,-1783.25,0.0,0.006666667,57.53,-0.02,June,2,4,6,4,Returning_Visitor,False,True
-2,0.0,0,-7.83,27,2178.35,0.0,0.01,31.87,-0.05,Oct,1,1,5,10,Returning_Visitor,False,False
1,0.0,0,-2.46,25,1207.59,0.021276596,0.039007092,13.10326241,-0.01,Mar,2,2,3,2,Returning_Visitor,False,True
1,0.0,0,0.0,15,216.0,0.03,0.05,-5.92,0.14,May,3,2,4,3,Returning_Visitor,True,False
4,132.78,2,99.0,16,122.87,0.010550214,0.020522711,-0.77,0.03,Oct,3,2,1,2,Returning_Visitor,True,False
3,830.22,0,-2.77,43,1102.72,-0.0,0.03537415,0.0,0.0,Dec,2,5,2,2,Returning_Visitor,False,False
0,0.0,0,-18.5,37,1577.31,0.01,0.04,5.0,0.0,Nov,2,2,2,2,Returning_Visitor,False,False
4,135.5,1,0.0,86,2106.894048,0.002325581,0.01,6.83,0.02,Oct,2,2,9,2,Returning_Visitor,False,False
5,259.78,2,-105.74,36,2282.65,0.0,0.06,166.75,-0.04,Mar,1,4,1,10,Returning_Visitor,False,True
1,-46.93,0,0.0,63,5131.57,0.07,0.03,42.30391708,0.0,Aug,8,2,1,20,Returning_Visitor,False,True
3,100.49,0,0.0,32,1570.362302,0.01,0.04,1.818480813,0.01,Oct,2,2,1,1,Returning_Visitor,False,True
4,319.0,1,21.5,107,1829.183333,-0.0,0.017619048,57.13,0.6,May,2,4,7,2,Returning_Visitor,False,True
6,100.16,1,39.4,6,-408.03,0.0,0.00625,17.04,-0.02,Jul,2,4,6,2,Returning_Visitor,True,False
9,551.7944444,8,1033.92,122,5579.315873,0.0,0.0,26.13,0.0,Feb,2,2,1,2,Returning_Visitor,False,False
-1,0.0,0,0.0,-36,116.5,0.0,0.05,0.0,0.38,May,4,2,1,5,New_Visitor,False,False
2,3.89,1,0.0,28,608.8833333,0.01,0.03,13.02,0.0,Jul,3,2,3,13,Returning_Visitor,False,True
3,22.2,0,0.0,-13,836.2,0.0,0.04,0.0,0.16,Sep,3,4,8,2,New_Visitor,True,False
1,59.0,0,0.0,3,-547.22,0.04,0.08,0.0,0.02,May,2,2,9,3,Returning_Visitor,False,False
5,95.94,2,91.38,103,4567.942696,0.0,0.01,24.82,0.0,Feb,2,4,4,2,Returning_Visitor,True,False
2,45.35,0,37.74,12,303.2464286,0.0,0.02,1.44,0.03,Mar,2,2,1,2,Returning_Visitor,False,False
6,12.2,0,0.0,44,2428.35,0.020512821,0.041868132,7.92,-0.09,Nov,2,4,1,3,New_Visitor,True,False
1,256.1,0,0.83,4,417.4,0.0,0.01,0.0,-0.11,May,1,1,5,2,New_Visitor,False,False
1,0.0,0,0.0,9,84.57,0.0,0.011111111,17.47,-0.06,May,3,2,1,3,Returning_Visitor,False,False
6,76.25,2,500.5,22,367.3761905,0.02,0.04,0.0,0.0,May,1,1,4,4,Returning_Visitor,True,False
0,-89.22,0,0.0,25,437.37,0.02,0.07,0.44,0.36,Sep,1,8,6,6,Returning_Visitor,False,False
0,71.49,2,0.0,15,431.2,0.0,0.02,0.0,0.0,Sep,2,1,6,2,Returning_Visitor,False,False
0,12.27,0,9.41,12,-11.1,0.02,0.055555556,3.26,0.01,Oct,1,1,7,2,Returning_Visitor,False,False
0,0.0,0,0.0,38,324.94,0.008,0.03,0.0,0.0,Nov,1,1,7,2,Returning_Visitor,False,False
3,91.41,0,0.0,31,1344.9,0.0,0.015151515,4.89,0.03,Mar,2,2,1,2,Returning_Visitor,False,False
2,172.125,1,-30.86,122,3661.48,0.000533333,0.0,15.58,0.0,Oct,4,1,1,2,Returning_Visitor,False,False
0,0.0,2,-27.93,27,907.75,0.0,0.01,25.55,0.02,Oct,2,2,9,10,Returning_Visitor,True,False
-1,22.89,1,1.71,7,262.9,0.02,0.055555556,1.66,0.01,Mar,2,2,1,2,Returning_Visitor,False,False
2,69.27,0,19.87,30,867.73,0.0,-0.01,49.55482147,0.0,Sep,2,2,9,2,New_Visitor,False,False
-1,0.0,0,-13.93,20,262.92,0.02,0.08,0.0,0.6,May,2,2,3,2,Returning_Visitor,False,False
0,185.66,0,794.65,68,-2290.51,0.01,0.1,0.0,1.89,May,2,6,3,3,Returning_Visitor,False,False
1,-9.03,0,-13.48,283,9354.484111,0.01,0.023041703,0.0,0.01,Nov,2,2,1,1,Returning_Visitor,False,False
0,13.44,0,7.45,3,-1170.25,0.14,0.166666667,0.0,-0.01,Nov,2,2,1,3,Returning_Visitor,False,False
1,99.84,2,122.0,20,543.9583333,0.0,0.026984127,0.0,0.0,Mar,3,2,1,2,Returning_Visitor,True,False
1,9.0,0,-5.64,19,932.97,0.01,0.044444444,3.26,0.0,Mar,2,2,1,1,Returning_Visitor,False,False
0,28.7,0,6.23,53,2412.24,0.013333333,0.02,4.97,0.0,Nov,2,2,1,10,Returning_Visitor,False,False
1,33.74,0,0.0,1,174.32,0.02,0.06,0.0,0.0,Mar,2,2,1,1,Returning_Visitor,False,False
0,16.84,0,-18.91,13,166.51,-0.0,0.03,26.52,0.0,Feb,2,4,7,2,Returning_Visitor,False,False
1,0.0,0,11.8,6,162.5,0.0,0.033333333,0.0,0.0,Mar,2,2,9,1,Returning_Visitor,False,False
6,382.21,0,0.0,25,1274.65,0.0,0.013333333,52.10818182,-0.0,Mar,2,2,1,2,Returning_Visitor,False,True
1,47.91,0,-4.1,13,25.0,0.01,0.033333333,0.0,0.01,Oct,3,2,3,2,Returning_Visitor,False,False
9,149.9333333,2,74.91,44,1783.122222,0.0,0.005855856,84.62,0.01,Feb,2,4,2,2,Returning_Visitor,False,False
5,0.0,-1,-71.65,15,918.49,-0.04,-0.02,-26.83,0.0,Dec,2,5,2,2,Returning_Visitor,True,False
2,44.49,0,-120.0,30,465.4166667,0.0,0.08,50.66498303,0.07,Mar,3,2,8,3,Returning_Visitor,False,False
0,0.0,-1,0.0,24,1312.44,0.0,0.03,0.0,0.01,Mar,2,2,3,1,Returning_Visitor,False,False
-3,0.0,0,282.37,5,-1490.02,0.04,0.08,0.0,0.0,Sep,2,5,4,1,Returning_Visitor,False,False
1,15.8,0,97.8,32,1213.65,0.005405405,0.024324324,1.273317415,-0.04,Nov,2,2,6,2,Returning_Visitor,False,True
6,255.51,3,1327.24,21,3484.26,0.0,0.00952381,14.14084367,0.0,Mar,1,2,2,6,New_Visitor,False,True
0,150.41,3,920.63,65,1690.790351,0.01,-0.04,19.53,-0.14,Nov,2,10,6,12,Returning_Visitor,False,False
1,51.44,0,15.0,19,1099.27,0.00952381,0.03,3.93,0.02,May,3,2,1,3,Returning_Visitor,False,False
9,361.53,1,0.0,35,1795.11,0.03,0.03,2.767055125,0.0,Aug,2,2,1,1,Returning_Visitor,True,False
0,68.75,0,0.0,44,1560.601163,-0.01,0.010673235,3.56,0.02,Oct,2,2,1,2,Returning_Visitor,False,False
1,-72.79,0,-43.74,46,701.8032468,-0.0,0.02,-7.07,0.0,Nov,2,2,5,6,New_Visitor,False,True
1,24.22,0,0.0,3,260.61,0.1,0.15,0.0,0.4,May,2,2,1,1,Returning_Visitor,False,False
7,223.24,-1,0.0,36,2193.11,0.02,0.027908497,0.0,0.0,Nov,2,2,2,1,Returning_Visitor,False,False
4,43.5,0,0.0,6,54.1,0.0,-0.01,14.93,0.07,Dec,2,2,9,4,New_Visitor,True,False
0,-49.1,-1,-25.45,8,-331.69,0.02,0.04,0.0,0.0,May,2,2,5,3,Returning_Visitor,False,False
3,98.74,0,35.06,54,934.3166667,0.0,-0.0,11.28379079,-0.03,Feb,2,2,4,4,Returning_Visitor,False,False
3,121.83,0,4.43,25,929.2,0.0,0.01,5.79,0.0,Oct,2,2,1,2,Returning_Visitor,False,False
-4,9.0,1,86.0,-16,466.5,0.04,0.1,-0.62,0.0,May,2,4,1,4,Returning_Visitor,False,False
1,25.5,0,-45.69,12,-525.24,0.01,0.01,-2.89,0.0,Nov,1,1,1,8,New_Visitor,False,False
0,0.0,0,0.0,52,1249.88,0.01,0.04,-4.1,0.0,Nov,2,2,1,2,Returning_Visitor,False,False
0,2.62,0,0.0,26,691.59,0.0,0.03,-2.71,0.0,Oct,4,1,1,3,Returning_Visitor,True,False
1,35.01,0,0.0,39,1259.65,0.02,0.03,7.34,0.0,Dec,2,2,9,2,Returning_Visitor,False,False
3,99.75,0,0.3,31,982.45,0.0,0.006451613,47.44850792,0.0,Mar,2,4,6,2,Returning_Visitor,False,True
3,140.5,0,0.0,27,1279.48,0.02,0.027727273,1.22,0.04,Oct,4,1,2,2,Returning_Visitor,False,False
2,56.72,0,0.0,37,1621.9,0.01,0.04,2.38,0.0,Oct,2,2,1,2,Returning_Visitor,False,True
2,671.0,-1,46.72,15,-204.78,0.0,0.03,-12.16,0.0,Dec,3,2,2,2,Returning_Visitor,False,False
-1,23.87,0,-39.6,36,937.8653488,0.03,0.069414101,0.0,0.04,Mar,3,2,1,1,Returning_Visitor,False,False
15,419.1795254,1,0.0,110,1684.09,0.0128,-0.01,3.51,0.0,Nov,2,2,9,3,Returning_Visitor,False,False
0,0.0,0,0.0,5,1229.23,0.01,0.0,125.8939091,0.0,Sep,2,2,7,12,Returning_Visitor,True,True
0,13.82,0,42.71,3,-1805.69,0.2,0.2,0.0,-0.03,Nov,3,2,1,4,Returning_Visitor,False,False
-3,-19.21,0,0.0,2,1398.58,0.06,0.1,-1.49,0.0,May,2,2,1,1,Returning_Visitor,False,False
1,0.0,1,0.0,13,1673.653846,0.01,0.0,46.63,0.0,May,2,2,3,11,Returning_Visitor,False,False
2,21.4,0,-70.85,70,961.03,0.025,0.0375,0.0,-0.06,Nov,1,1,9,3,Returning_Visitor,False,False
2,67.57,0,13.08,14,1037.5,0.02,0.047619048,0.19,0.01,Mar,2,2,1,1,Returning_Visitor,False,False
1,-26.25,0,-10.94,60,1702.916667,-0.0,0.009047619,4.31,0.0,Nov,2,2,3,2,Returning_Visitor,False,False
0,-5.87,0,9.05,29,1169.85,0.0,0.02,4.13,0.0,Mar,2,2,1,2,Returning_Visitor,False,False
1,73.52,0,-4.47,31,1565.37,0.004878049,0.022357724,4.127430681,0.01,Oct,2,4,5,2,Returning_Visitor,False,True
9,211.0,-1,968.05,13,3848.95,0.04,0.034666667,30.19,0.0,Aug,1,2,8,4,New_Visitor,False,True
4,423.12,-1,33.75,32,2727.47,-0.01,0.016190476,34.29431289,-0.15,Dec,2,2,1,2,New_Visitor,False,True
0,17.68,0,0.0,-1,0.0,0.2,0.2,0.0,0.0,Feb,3,2,3,1,Returning_Visitor,False,False
1,0.0,0,5.47,89,4391.666667,0.02,0.04,0.0,-0.06,June,2,2,6,1,Returning_Visitor,False,False
3,93.33,-1,-34.07,35,1846.63547,-0.0,-0.01,0.0,0.03,Dec,2,2,1,6,New_Visitor,False,False
2,68.06,0,0.0,5,575.08,0.02,0.06,0.0,0.01,Oct,2,2,1,1,Returning_Visitor,False,False
0,0.0,0,0.0,21,548.56,0.03015873,0.05,-2.59,0.0,Dec,3,2,1,2,Returning_Visitor,True,False
7,131.3333333,1,4.0,95,1329.73,0.0,0.004166667,2.99,0.0,May,2,2,4,4,Returning_Visitor,False,False
0,-51.97,0,26.33,7,65.0,0.0,0.06,-29.88,0.08,May,1,8,7,1,Returning_Visitor,False,False
4,120.25,0,0.0,4,469.48,0.00952381,0.066666667,13.91,1.12,May,1,2,1,2,Returning_Visitor,False,False
0,55.66,0,0.0,25,319.3333333,0.0,0.036666667,-23.96,0.67,May,2,5,3,1,Returning_Visitor,True,True
0,-31.8,2,5.5,164,4310.775,0.0,0.013891039,0.0,0.01,Nov,2,2,1,2,Returning_Visitor,False,False
8,129.55,2,72.5,80,709.85,-0.0,0.01,28.25395506,0.31,May,2,4,5,3,Returning_Visitor,False,False
2,217.8666667,0,0.0,38,969.83,0.0,0.027777778,1.5,0.01,Nov,1,1,9,2,Returning_Visitor,False,False
14,81.49,1,735.38,99,7943.17,-0.02,-0.01,18.42740587,0.0,Aug,2,1,1,3,Returning_Visitor,False,False
5,0.0,0,64.13,35,320.63,0.018285714,0.053714286,0.0,-0.07,Nov,2,4,4,3,Returning_Visitor,False,False
2,0.0,0,14.32,5,823.22,0.01,0.04,0.0,0.04,Mar,2,2,1,1,Returning_Visitor,True,False
1,57.0,3,208.57,15,553.1666667,0.0,0.03,0.0,0.0,Mar,3,2,1,1,Returning_Visitor,True,False
0,-15.9,0,0.0,23,1067.86,0.00173913,0.03,0.0,0.01,Mar,2,2,9,1,Returning_Visitor,False,False
4,50.78,0,22.03,30,2133.13,0.02,0.024166667,0.0,0.07,Sep,2,2,1,8,New_Visitor,False,False
3,70.89,0,-6.94,18,386.85,-0.0,0.01,0.0,0.04,Oct,3,2,3,1,Returning_Visitor,False,False
0,0.0,0,0.0,1,0.0,0.2,0.19,0.0,0.01,May,3,2,1,3,Returning_Visitor,False,False
10,147.37,4,153.0,40,-184.08,-0.0,0.01,14.21,-0.14,Mar,2,1,5,3,Returning_Visitor,True,False
-1,0.0,0,0.0,6,130.72,0.02,0.06,-0.06,0.01,Oct,3,2,9,1,Returning_Visitor,False,False
3,0.0,0,0.0,39,138.5416667,0.05,0.14,34.74,1.17,May,3,2,8,1,Returning_Visitor,True,False
0,-45.51,0,-6.91,-31,-1598.68,0.03,0.092156863,-10.73,-0.0,Oct,3,2,3,1,Returning_Visitor,False,True
0,0.0,0,0.0,20,301.5,0.01,0.04,2.25,0.0,Mar,3,2,3,1,Returning_Visitor,False,False
1,-62.65,-1,23.68,14,101.0,0.13125,0.16875,-8.18,0.6,May,3,2,1,3,Returning_Visitor,True,False
6,213.6,0,32.88,34,2303.79,0.02,0.0265,5.13,0.04,May,2,2,1,4,Returning_Visitor,False,False
0,0.0,0,-42.91,13,1138.73,0.0,0.008333333,27.45,-0.01,May,2,2,4,1,New_Visitor,False,False
3,0.0,0,8.47,29,976.4,0.01,0.025448823,1.38,0.01,May,3,2,2,3,Returning_Visitor,False,False
8,256.18,1,85.0,2,35.5,0.03,0.07,2.05,0.01,June,3,2,8,1,Returning_Visitor,False,False
3,89.26,0,6.3,13,2038.0,0.0,0.021428571,0.0,0.0,Mar,2,2,1,6,New_Visitor,False,False
-2,0.0,0,0.0,8,557.57,0.05,0.06,12.83702398,0.04,Feb,1,1,6,2,Returning_Visitor,False,True
3,235.71,1,65.6,14,-38.89,0.01,0.028571429,-5.89,0.02,Dec,4,1,4,2,Returning_Visitor,True,False
1,27.0,1,30.58,4,984.46,0.03,0.05,17.25,0.0,May,1,1,1,4,Returning_Visitor,False,False
0,5.34,0,0.0,31,678.83,0.006666667,0.008333333,54.08,-0.01,Feb,2,2,7,2,Returning_Visitor,False,True
0,0.0,1,52.79,17,318.25,0.0,0.03,-2.75,0.03,Mar,3,2,1,2,Returning_Visitor,True,True
0,78.35,0,0.0,12,423.69,0.016666667,0.04,5.79,0.01,Mar,1,1,7,2,Returning_Visitor,False,False
1,11.0,1,0.0,12,91.75,0.0,0.038095238,10.95,0.08,Nov,1,1,1,2,Returning_Visitor,False,False
4,168.9066667,2,194.54,36,853.8502721,-0.01,-0.01,5.6479944,0.0,Oct,3,2,6,2,Returning_Visitor,False,False
4,152.0,0,47.14,2,781.49,0.01,0.02,0.0,0.0,Oct,1,1,1,4,Returning_Visitor,False,False
3,319.4,1,-58.02,57,2525.307766,0.0,0.010606061,10.79,0.0,Mar,2,2,9,2,Returning_Visitor,False,True
1,0.0,0,0.0,38,961.47,0.0,0.03,-5.55,0.0,Oct,1,1,3,1,Returning_Visitor,False,False
3,25.7,0,-4.51,21,1252.1,0.0,0.01,0.0,0.0,Oct,2,2,1,1,New_Visitor,True,False
0,-14.17,0,43.19,20,0.0,0.02,0.07,0.0,-0.0,Aug,1,8,2,3,Returning_Visitor,False,False
7,0.0,0,0.0,26,1919.67,0.2,0.2,0.46,0.0,Jul,1,1,8,1,Returning_Visitor,True,False
3,-13.1,-1,0.0,44,1527.166667,0.012765957,0.03,0.0,0.01,Jul,2,2,8,4,Returning_Visitor,False,False
3,137.17,0,0.0,57,4895.022989,0.01,0.023321256,0.0,-0.05,Oct,2,2,1,2,Returning_Visitor,False,False
5,259.1833333,0,0.0,23,938.42,0.004511278,0.018114342,-3.31,0.01,Oct,3,2,1,2,Returning_Visitor,False,False
3,7.49,3,686.75,15,-2099.92,-0.0,0.03,2.28,-0.04,Mar,2,4,4,2,Returning_Visitor,False,True
4,118.0,0,10.0,18,401.95,0.0,0.013015873,0.0,0.0,Oct,2,2,1,2,New_Visitor,True,False
2,0.0,0,0.0,24,1262.651515,0.02,0.04,0.0,0.0,Mar,3,2,2,3,Returning_Visitor,False,True
2,0.0,0,0.0,1,1422.04,0.2,0.19,-1.73,-0.0,Dec,3,2,1,13,Returning_Visitor,False,False
8,913.5222222,-2,23.91,29,1779.13,0.02,0.03,-8.86,-0.04,Aug,2,2,4,2,New_Visitor,False,False
1,34.61,0,35.91,26,622.87,0.02,0.03,-0.03,0.01,Dec,2,1,5,2,Returning_Visitor,False,False
1,54.4,0,40.08,1,270.9,-0.0,0.014285714,-21.85,0.0,Oct,4,1,7,2,New_Visitor,True,False
3,82.23484848,0,22.7,25,1886.24,0.0,0.01009842,-0.32,0.04,May,2,2,6,3,New_Visitor,False,False
3,0.0,0,124.08,102,482.5,0.0,0.02,6.84,1.0,May,2,2,3,4,Returning_Visitor,True,False
0,0.0,0,0.0,19,429.6333333,0.01,0.05,2.21,0.0,Mar,2,2,4,1,Returning_Visitor,False,False
-1,0.0,0,6.1,3,0.0,0.03,0.08,0.0,0.0,Feb,2,2,5,1,Returning_Visitor,False,False
0,59.03,0,-29.28,15,1353.47,0.0,0.013333333,6.83,-0.01,Oct,2,2,1,2,New_Visitor,True,False
0,76.15,0,-37.08,1,336.51,0.066666667,0.075,0.0,0.14,May,1,2,5,2,Returning_Visitor,False,False
2,50.32,0,20.52,2,92.0,0.0,0.02,0.0,0.01,Mar,3,2,3,2,Returning_Visitor,False,False
3,59.24,-1,-43.19,7,58.76,0.01,0.07,0.0,0.0,Dec,1,8,6,1,Returning_Visitor,True,False
9,102.8666667,3,339.5,6,693.2541667,-0.01,0.014705882,20.34,0.04,Dec,2,2,1,2,Returning_Visitor,False,True
0,-12.45,-1,0.0,15,1383.82,0.0,0.03,0.0,0.0,Mar,2,2,3,1,Returning_Visitor,False,False
0,0.0,0,0.0,10,453.19,0.0,0.022222222,21.92,-0.01,Dec,1,1,2,2,Returning_Visitor,False,True
-5,-24.53,-1,0.0,4,-818.23,0.0,0.05,0.0,0.22,Oct,2,10,1,12,Returning_Visitor,False,False
5,270.8,1,49.7,24,1239.083333,0.02,0.02,2.43,0.01,May,3,2,1,4,Returning_Visitor,False,False
-7,-162.74,0,41.88,-16,61.5,0.03,0.1,3.48,0.02,Mar,2,2,3,2,New_Visitor,False,False
0,87.58,0,-45.16,23,1015.31,0.033333333,0.052840909,25.61645833,0.02,Mar,2,2,1,2,Returning_Visitor,False,False
2,64.45,0,-29.54,1,27.2,0.0,0.03,0.0,0.06,Oct,3,2,1,5,New_Visitor,False,True
2,76.67,0,0.0,40,1775.31,0.01,0.03,3.64,-0.02,Nov,2,2,1,2,Returning_Visitor,False,False
0,0.0,0,-24.12,2,170.32,0.0,0.05,0.0,0.04,Oct,4,1,1,3,Returning_Visitor,True,False
4,179.275,0,84.22,101,5276.594444,0.0,0.005545073,17.53927855,-0.04,Dec,2,2,4,2,Returning_Visitor,False,False
0,162.0,-1,-16.72,18,204.5,0.0,0.022222222,-9.6,0.0,May,1,1,5,8,New_Visitor,False,False
5,265.0433333,1,0.0,36,1420.65,-0.01,0.03,171.81,0.0,Aug,4,2,8,1,New_Visitor,False,False
4,141.52,1,33.21,54,1996.74,0.0,0.005090909,4.41,0.01,Oct,2,2,1,2,Returning_Visitor,False,False
0,0.0,0,0.0,19,918.41,0.2,0.2,-4.03,0.01,May,2,2,1,3,Returning_Visitor,False,False
1,0.0,0,-3.78,2,-23.03,0.04,0.08,-2.55,0.02,Oct,2,2,9,1,Returning_Visitor,False,False
3,0.0,0,-50.27,14,419.375,0.02,0.083333333,16.57,0.03,Nov,3,2,8,2,Returning_Visitor,False,False
0,36.74,0,0.0,68,580.5,0.018137255,0.04,23.33,1.0,May,1,1,6,2,Returning_Visitor,True,False
3,191.87,0,0.0,41,1519.19,0.005,0.01,15.63,0.0,Mar,2,2,3,2,Returning_Visitor,False,True
5,157.0,0,67.06,20,834.075,0.0,0.013333333,4.84736534,0.06,Dec,2,2,1,2,New_Visitor,False,True
1,-35.74,2,-55.55,2,138.93,-0.02,0.035057471,88.17,0.0,May,2,4,3,2,New_Visitor,False,False
0,0.0,1,-39.03,0,-258.59,0.0,0.03,61.36,0.0,Mar,1,1,9,3,Returning_Visitor,False,False
1,0.0,0,6.0,50,1967.99,0.0,0.017307692,0.0,-0.02,Oct,2,2,3,2,Returning_Visitor,False,False
4,36.59,1,55.39,25,27.76,0.007843137,0.017647059,1.81,0.05,Feb,3,2,1,3,Returning_Visitor,True,True
4,52.5,0,0.0,20,1558.48,0.0,0.013333333,0.0,0.0,Mar,2,2,1,5,New_Visitor,False,False
5,101.5,0,-63.37,35,991.26,-0.01,0.002,105.42,0.03,June,3,2,8,2,New_Visitor,False,True
3,174.32,0,15.0,37,1769.72,0.002884615,0.02,3.66,-0.03,May,2,2,4,2,Returning_Visitor,False,False
3,97.56,0,-8.02,17,1770.8,0.01,0.035087719,0.0,0.0,Nov,2,2,4,2,Returning_Visitor,False,False
4,167.0,0,-10.0,41,1886.03,0.01,0.013963964,12.30811748,0.0,Oct,2,2,1,2,Returning_Visitor,False,True
1,61.4,0,-0.55,40,1492.38,0.01,0.02,9.472914356,0.0,Oct,1,1,1,2,Returning_Visitor,False,True
-2,0.0,0,86.03,-12,-21.06,0.028571429,0.057142857,-4.98,0.05,Dec,2,2,9,2,New_Visitor,False,True
4,46.0,0,0.0,55,483.3,0.016326531,0.033469388,10.38,1.0,May,1,1,3,6,Returning_Visitor,False,False
-1,-0.74,0,16.74,6,88.0,0.115384615,0.13,0.0,-0.02,May,2,2,1,3,Returning_Visitor,False,False
0,32.63,0,7.13,20,1378.18,0.03,0.05,0.13,0.0,Oct,1,1,1,2,Returning_Visitor,False,False
5,243.0,0,47.39,33,1333.05,0.01,0.017105263,-3.8,0.06,Oct,1,1,1,4,Returning_Visitor,True,False
5,34.51,2,62.24,-3,146.75,0.03,0.02,0.0,0.0,May,1,1,9,15,Returning_Visitor,False,False
4,49.14,0,0.0,44,559.75,0.01,0.03,-6.04,-0.03,Nov,1,1,1,3,Returning_Visitor,True,False
2,79.47,0,28.34,16,909.97,0.01,0.03,12.53314286,0.04,Mar,1,1,1,2,Returning_Visitor,False,True
0,0.0,0,0.0,14,1138.793636,0.04,0.08,0.0,-0.02,Aug,2,4,4,1,Returning_Visitor,False,False
0,0.0,0,18.46,-4,50.5,0.057142857,0.1,-12.43,0.0,May,3,2,1,3,Returning_Visitor,True,False
1,-27.45,1,0.0,21,946.41,-0.01,0.018888889,6.284044913,0.1,Mar,2,2,1,2,Returning_Visitor,True,True
3,104.81,0,14.76,56,2633.869048,0.01,0.03,0.0,0.0,Oct,2,2,1,2,Returning_Visitor,False,False
6,202.8333333,0,13.49,17,1529.82,0.01,0.030769231,4.59,0.0,Dec,2,2,1,2,Returning_Visitor,False,False
4,107.16,0,3.5,48,2126.86,0.0,0.01,1.63,0.0,Oct,2,2,1,2,Returning_Visitor,False,False
2,35.01,0,-11.17,45,3166.333333,0.0,0.02,4.859624751,0.0,Aug,2,2,6,2,Returning_Visitor,False,False
1,48.19,0,-4.43,18,831.3888889,0.033333333,0.059259259,0.22,0.03,Mar,1,1,1,1,Returning_Visitor,False,False
4,315.1666667,-1,85.0,-46,-970.01,0.02,0.014285714,0.0,0.0,Dec,3,2,2,6,New_Visitor,False,True
0,0.0,0,0.0,62,3564.590227,0.021980198,0.052175571,-1.27,0.0,May,2,2,4,1,Returning_Visitor,False,False
2,25.32,0,0.0,46,1593.583333,0.01,0.03,1.89,-0.02,Nov,2,2,1,2,Returning_Visitor,False,False
4,71.33333333,2,766.84,21,-112.61,0.05,0.05,0.0,0.0,Jul,2,10,6,1,Returning_Visitor,False,True
1,49.35,-3,-116.24,30,1413.333333,0.04,0.029285714,0.0,-0.15,Mar,2,5,7,8,Returning_Visitor,False,False
0,-31.19,0,-15.99,1,0.0,0.05,0.1,0.0,0.0,Nov,2,2,1,1,Returning_Visitor,False,False
0,0.0,0,-15.23,31,1234.41,0.01,0.05,2.84,-0.0,Oct,2,2,1,1,Returning_Visitor,False,False
2,83.99,0,18.73,31,1816.72,0.026666667,0.038222222,8.94,0.0,Aug,3,2,6,1,Returning_Visitor,False,False
0,4.27,0,-11.1,35,1887.41,0.008333333,0.04,0.0,-0.01,Oct,2,2,1,2,Returning_Visitor,False,False
2,51.99,0,-90.38,17,1326.32,0.02,0.04,-0.58,0.0,Dec,3,2,1,2,Returning_Visitor,True,False
5,73.89,0,740.95,24,3613.98,0.01,0.05,12.93,0.24,Sep,2,2,8,2,Returning_Visitor,False,False
0,7.69,0,51.84,9,-401.21,0.22,0.22,0.0,0.01,May,2,2,9,3,Returning_Visitor,False,False
3,100.27,0,-9.69,39,1581.59,0.002941176,0.01,4.32,-0.0,Oct,2,2,2,2,Returning_Visitor,False,False
0,33.22,0,0.0,1,-928.43,0.2,0.2,0.0,0.0,Aug,3,2,6,3,Returning_Visitor,False,False
0,7.0,0,-4.73,50,2456.14,0.023809524,0.031399417,5.14,-0.03,Nov,2,2,1,10,Returning_Visitor,False,False
1,227.6,0,0.0,25,1301.3,0.01,0.022413793,5.904407563,0.0,Oct,3,2,2,2,Returning_Visitor,False,False
-1,-127.98,0,0.0,6,13.0,0.04,0.07,0.0,-0.04,May,1,1,7,3,Returning_Visitor,False,False
5,222.5,0,42.7,23,1183.9,0.02,0.02,0.0,0.04,Dec,1,1,4,2,Returning_Visitor,False,False
2,167.17,0,0.0,16,1254.0,0.02,0.019327731,15.09,0.01,Oct,1,1,4,2,New_Visitor,True,False
-1,-12.11,0,-41.77,25,860.22,0.0,0.066666667,0.0,0.0,Nov,2,2,1,1,Returning_Visitor,False,False
0,7.57,0,16.16,14,693.87,0.01,0.05,0.43,0.02,Mar,2,2,9,1,Returning_Visitor,False,False
1,0.0,1,0.0,26,-713.21,0.03,0.05,0.0,0.0,June,1,1,6,4,Returning_Visitor,True,False
0,0.0,2,225.47,7,103.5208333,0.0,-0.03,-19.3,0.75,Nov,6,2,9,1,Returning_Visitor,True,False
11,1160.68,5,465.58,535,21672.24425,-0.03,-0.04,-17.33,-0.16,Nov,2,2,1,6,New_Visitor,False,True
1,56.5,0,32.16,26,1087.69,0.01,0.02630097,1.24,0.0,Mar,2,2,1,2,Returning_Visitor,False,False
3,104.83,0,0.0,8,915.03,0.03,0.05,0.0,0.0,Oct,1,1,1,3,Returning_Visitor,False,False
12,255.97,1,236.0,28,1246.124103,0.01,0.021453423,11.284275,-0.05,Aug,2,2,1,3,Returning_Visitor,False,False
2,47.0,0,31.9,32,1367.56,0.0,0.019892473,0.0,0.0,Oct,2,2,1,2,Returning_Visitor,False,False
3,99.19,0,-49.38,15,1456.62,0.0,0.04,0.0,0.12,May,2,4,6,2,Returning_Visitor,False,False
8,214.93,0,52.68,78,5107.034928,0.01544437,0.044005026,-0.64,0.0,Aug,2,2,1,1,Returning_Visitor,False,False
9,186.6730769,0,461.25,38,1606.30825,0.02,0.019108884,0.0,0.0,Nov,2,2,8,4,Returning_Visitor,False,False
3,708.17,0,0.0,41,404.88,0.02,0.02,0.0,0.0,Oct,2,6,2,2,Returning_Visitor,False,False
0,0.0,0,7.74,9,161.0,0.02,0.06,0.72,0.0,Mar,2,1,9,1,Returning_Visitor,False,False
-2,20.0,0,0.0,8,242.0,0.01,0.09,-4.38,0.0,Nov,3,2,9,11,Returning_Visitor,False,False
-1,0.0,0,0.0,-14,-1351.2,0.08,0.133333333,1.34,0.01,Mar,2,2,9,1,Returning_Visitor,False,False
1,0.0,0,53.83333333,74,2366.38,0.0,0.01,-6.25,-0.05,Nov,2,2,4,2,Returning_Visitor,False,False
-2,0.0,0,0.0,10,416.5833333,0.02,0.05,0.0,-0.01,Mar,1,1,7,2,Returning_Visitor,False,False
3,116.06,7,1154.86,-100,393.4095238,0.027380952,0.01,14.79,0.43,May,3,2,1,10,Returning_Visitor,False,True
2,33.74,0,0.24,33,681.4,-0.0,0.036666667,0.0,0.6,May,2,4,1,2,Returning_Visitor,False,False
-1,-78.6,0,-28.1,3,-968.02,0.06,0.09,0.0,-0.05,Oct,1,1,5,3,Returning_Visitor,False,False
0,74.34,1,73.7,15,908.44,0.02,0.04,5.58,0.13,May,1,1,1,4,Returning_Visitor,False,False
5,145.45,0,21.0,36,1581.71,0.0,0.01,0.0,0.0,Oct,2,2,1,2,Returning_Visitor,False,False
3,281.3333333,1,62.39,14,307.28,0.02,0.05,15.22,0.39,May,1,1,1,2,Returning_Visitor,False,False
4,138.05,1,0.0,21,534.0,0.01,0.02962963,6.03,0.03,Mar,2,2,1,2,Returning_Visitor,False,False
10,190.2628205,4,144.75,101,3197.290064,-0.01,-0.0,17.55,0.0,Nov,2,2,1,4,Returning_Visitor,True,False
14,381.07,2,408.2,12,646.7,0.03,0.03466118,-10.87,0.06,Sep,1,1,1,3,Returning_Visitor,False,False
0,0.0,-1,-53.39,-15,-10.93,0.2,0.2,0.0,0.05,Aug,4,1,3,15,Returning_Visitor,False,False
4,6.64,0,0.0,21,2414.13,-0.01,0.02,0.0,0.0,Dec,2,2,1,6,New_Visitor,False,True
2,14.26,0,5.0,5,122.4,0.02,0.05,-7.16,0.0,Mar,3,2,2,1,Returning_Visitor,True,False
0,-0.35,0,-6.02,-12,-796.65,0.066666667,0.11,-3.36,0.06,May,2,2,5,1,Returning_Visitor,False,False
6,190.32,1,40.28,40,2006.046667,0.01,0.02,2.29,-0.01,Nov,2,2,1,2,Returning_Visitor,False,False
3,-28.51,1,9.29,25,-378.81,-0.0,0.0171875,-16.61,0.03,Aug,3,1,3,3,Returning_Visitor,True,False
5,179.5,0,16.64,36,1389.21,0.0,0.01,9.37,0.0,Mar,2,2,3,2,Returning_Visitor,False,False
2,0.0,0,18.27,59,3861.45,0.03,0.047740113,7.726779661,0.4,May,2,2,3,13,Returning_Visitor,False,False
0,0.0,0,0.0,29,1206.0,0.01,0.05,2.11,0.0,Oct,2,2,1,1,Returning_Visitor,False,False
0,40.84,0,-4.48,8,-286.76,0.02,0.07,0.0,0.04,Mar,3,2,1,3,Returning_Visitor,True,False
3,238.4,-1,0.0,-32,132.2333333,0.0,-0.03,-14.24,0.0,May,3,2,6,18,Returning_Visitor,False,False
3,-18.95,0,0.0,14,207.5416667,0.02,0.06,0.0,0.1,Dec,2,4,1,2,Returning_Visitor,False,False
6,165.65,0,0.0,35,868.79,0.01,0.017016807,6.67,0.01,May,3,2,1,3,Returning_Visitor,False,True
1,0.0,1,-40.47,0,550.08,0.01,0.03,0.0,0.0,Feb,3,2,9,20,Other,False,False
0,14.49,0,0.0,13,219.0,0.01,0.04,0.0,0.01,Mar,2,2,3,2,Returning_Visitor,False,False
2,25.0,0,0.0,28,1247.41,0.01,0.04,0.0,0.0,Mar,2,2,1,1,Returning_Visitor,False,False
2,0.0,1,53.9,12,1777.96,0.02,0.03,0.0,0.17,Feb,2,2,2,13,Returning_Visitor,False,False
-1,0.0,0,0.0,24,2281.24,0.02,0.03,0.0,0.01,Oct,2,2,9,10,Returning_Visitor,False,False
2,144.0,1,0.0,55,2493.59,-0.0,0.008,5.15,-0.0,Nov,2,2,1,2,Returning_Visitor,False,False
4,186.34,0,100.47,17,857.55,0.0,0.005555556,0.0,-0.02,Mar,2,4,4,2,Returning_Visitor,False,False
4,97.5,1,0.0,21,742.02,0.0,0.01,0.0,0.03,Mar,3,2,1,2,Returning_Visitor,True,False
1,55.79,0,0.0,22,2706.375,0.03,0.06,0.02,0.0,Nov,2,2,1,10,Returning_Visitor,False,False
7,204.51,3,54.76,-15,-1296.89,-0.01,0.0,11.69485714,0.05,Mar,3,2,3,2,Returning_Visitor,True,True
1,55.3,0,7.88,26,1534.83,-0.0,0.008695652,15.15,0.0,Mar,2,2,1,6,New_Visitor,False,False
15,165.58,4,52.56,32,4098.82,0.024738676,0.03,-27.67,0.0,Oct,4,1,7,13,Returning_Visitor,False,False
2,60.03,0,-16.5,7,223.93,0.0,-0.01,25.27,-0.04,Oct,2,2,1,4,New_Visitor,True,False
-1,144.76,0,51.74,-1,396.1666667,0.02,0.02,12.57,0.0,Oct,3,2,5,10,Returning_Visitor,False,False
7,392.45,4,26.5,-4,-2263.79,0.0,0.04656682,5.473874968,0.06,Dec,3,1,9,2,Returning_Visitor,False,False
1,36.0,0,39.39,12,343.5833333,0.0,0.014285714,11.86,0.04,Oct,2,2,1,2,New_Visitor,False,False
2,80.0,1,39.03,41,1495.82,0.01,0.02,6.53004878,0.01,May,2,2,4,2,Returning_Visitor,False,False
11,624.91,10,1736.24,111,6630.479365,-0.0,0.010805067,0.0,0.13,Feb,3,2,1,8,Returning_Visitor,False,True
1,12.06666667,0,34.67,32,2398.43,0.03,0.05,16.59,0.07,Sep,2,2,1,2,Returning_Visitor,False,True
3,71.17,0,0.0,31,1211.01,0.01,0.03,3.36,0.0,Mar,2,2,1,2,Returning_Visitor,False,False
7,159.3333333,1,92.8,24,-300.2,0.0,0.006666667,0.0,0.0,Mar,3,2,4,3,Returning_Visitor,True,False
3,139.58,0,-22.27,32,2174.49,0.0,0.01,9.18,0.0,Nov,1,1,4,10,Returning_Visitor,True,False
0,0.0,0,-8.03,11,35.2,0.05,0.1,9.83,-0.02,June,2,2,7,2,Returning_Visitor,False,False
0,0.0,0,-12.41,72,3559.375,0.008571429,0.03,3.5,-0.02,Nov,2,2,1,1,Returning_Visitor,False,False
0,28.32,0,0.0,28,1479.11,0.01,0.04,0.0,-0.01,Oct,2,2,1,2,Returning_Visitor,False,False
0,0.0,0,-23.28,26,1002.366667,0.0,0.0,18.19,0.0,Mar,2,2,1,2,Returning_Visitor,True,True
9,465.39,1,13.25,80,1470.629167,-0.02,0.015396825,0.0,0.08,Nov,3,2,1,1,Returning_Visitor,False,False
2,0.0,2,33.28,15,143.75,0.0,0.02,0.0,0.08,Nov,3,2,1,13,Returning_Visitor,False,False
-1,0.0,0,-17.99,61,2291.99,0.0,0.05,0.0,0.16,May,3,2,1,3,Returning_Visitor,False,False
0,0.0,0,-5.92,24,754.3,0.01,0.04,4.42,0.01,Mar,2,2,9,1,Returning_Visitor,False,False
5,194.43,0,-32.37,57,2788.5,0.0,0.01,3.56,0.12,May,2,2,1,4,Returning_Visitor,False,False
-2,0.0,0,2.92,3,-311.47,0.03,0.066666667,0.0,0.0,Mar,1,1,7,2,Returning_Visitor,False,False
1,-37.75,1,0.0,-21,-830.67,0.03,0.06,0.0,-0.01,Nov,1,1,9,8,New_Visitor,False,False
6,22.3,0,0.0,27,125.125,0.047058824,0.05,0.0,-0.01,Nov,1,1,3,4,Returning_Visitor,True,False
2,75.24,0,20.38,32,1212.07,0.02,0.04,0.45,0.0,Feb,2,2,4,1,Returning_Visitor,False,False
5,187.2666667,2,17.0,9,-249.12,-0.01,0.018007866,0.01,0.0,Mar,3,2,9,2,Returning_Visitor,True,False
0,0.0,0,4.29,26,1059.81,0.01,0.04,0.99,0.0,Mar,2,2,1,1,Returning_Visitor,False,False
0,5.0,0,0.0,74,2492.22402,0.008939014,0.025864237,4.09,-0.05,Nov,3,2,2,2,Returning_Visitor,False,False
0,0.0,0,-12.96,15,377.93,0.2,0.2,-2.78,0.0,Oct,1,2,1,1,Returning_Visitor,False,False
1,46.61111111,0,-31.52,45,1669.75,0.01,0.01,42.26791822,0.0,Mar,1,1,4,2,Returning_Visitor,False,False
1,0.0,0,24.96,17,1062.812542,0.01,0.04,0.0,0.0,Oct,1,1,9,1,Returning_Visitor,False,False
3,53.5,0,0.0,82,2675.09,0.01,0.02,5.59,0.0,Nov,2,2,1,4,Returning_Visitor,False,False
2,54.67,0,9.0,14,548.25,0.022222222,0.05,0.21,0.0,Mar,2,2,1,1,Returning_Visitor,False,False
5,106.9,0,23.01,211,7442.388149,0.02,0.03,-7.59,0.03,Feb,2,2,1,1,Returning_Visitor,False,False
-1,0.0,0,5.47,16,268.52,0.01,0.05,0.0,0.0,Mar,3,2,3,1,Returning_Visitor,False,False
0,0.0,0,22.53,9,521.5,0.022222222,0.03,9.2,0.08,Mar,2,2,1,6,New_Visitor,False,False
0,-3.73,0,0.0,24,1725.43,0.015384615,0.06,0.0,0.16,May,2,4,4,4,Returning_Visitor,False,False
-1,58.33,0,-35.3,1,-338.17,0.19,0.2,-1.7,0.0,Jul,3,2,6,2,Returning_Visitor,False,False
0,0.0,0,0.0,8,72.5,0.02,0.05,-3.11,0.0,Mar,3,2,3,1,Returning_Visitor,False,False
1,0.0,0,0.0,5,247.71,0.033333333,0.07,0.0,0.02,Mar,1,1,3,1,Returning_Visitor,False,False
2,54.12,0,2.94,84,3528.69125,0.02,0.039900794,0.0,0.0,June,2,2,1,1,Returning_Visitor,False,False
0,-94.87,0,1.27,9,938.97,-0.01,0.04,-3.24,0.0,Mar,1,8,2,11,Returning_Visitor,True,False
3,125.2659091,0,-2.37,55,3231.853672,0.007792208,0.03,2.13,-0.03,Oct,2,2,1,2,Returning_Visitor,False,False
-1,-66.5,0,-158.17,7,705.8333333,0.04,0.085714286,0.0,0.0,Aug,5,6,4,20,Returning_Visitor,False,False
2,50.5,0,0.0,29,608.64,-0.02,0.013333333,100.7776,0.11,Mar,2,4,3,7,New_Visitor,False,True
10,236.4083333,1,216.97,104,1443.77,-0.0,-0.01,6.976504629,1.0,May,2,2,3,2,Returning_Visitor,True,False
10,999.7,1,49.11,17,-1013.77,0.0,0.019056732,0.0,0.05,Sep,3,1,5,2,Returning_Visitor,False,True
2,153.52,0,-24.35,55,1626.56,0.01,0.04,0.0,0.6,May,3,2,1,1,Returning_Visitor,False,False
-1,28.43,0,0.0,10,-355.61,0.2,0.2,0.0,0.06,May,3,2,1,3,Returning_Visitor,False,False
1,108.0,5,80.16,63,448.5,-0.02,0.006666667,146.4,-0.07,Mar,2,4,1,4,Returning_Visitor,True,False
0,2.38,0,-2.61,-4,-1345.05,0.12,0.15,0.0,0.02,Oct,3,2,5,1,Returning_Visitor,False,False
0,-37.62,0,0.0,21,-406.74,0.07,0.12,0.0,0.8,May,3,2,1,3,Returning_Visitor,True,False
7,218.8333333,0,0.0,33,916.4583333,0.0,0.013333333,0.0,0.0,Oct,2,2,9,1,Returning_Visitor,False,False
3,304.84,0,0.0,16,1340.07,0.0,-0.01,15.64,0.0,Mar,3,2,3,10,Returning_Visitor,False,False
2,126.0,0,30.17,9,14.35,0.04,0.07,0.0,0.0,Aug,3,2,6,3,Returning_Visitor,False,False
9,1032.96,2,23.0,53,1438.854167,0.020952381,0.07,0.0,-0.04,Dec,4,1,4,2,Returning_Visitor,False,False
1,0.0,0,62.26,91,4157.633333,0.01,0.03,13.06,0.04,Jul,2,2,1,13,Returning_Visitor,False,False
4,114.62,0,0.0,28,1109.41,0.01,0.03,-3.09,0.03,Oct,1,1,1,1,Returning_Visitor,False,True
3,159.98,1,1.22,89,2862.4,0.01,0.012934783,40.51760545,0.0,Jul,2,2,1,2,Returning_Visitor,False,True
0,62.68,0,0.0,29,916.04,0.0,0.004761905,6.57,0.0,Mar,3,2,3,2,Returning_Visitor,False,False
6,203.07,0,53.95,48,1972.84,0.01,0.01,5.61,0.0,Oct,2,2,1,2,Returning_Visitor,False,False
0,0.0,0,37.5,9,546.0,0.0,0.06,3.35,0.03,Mar,2,2,1,1,Returning_Visitor,False,False
4,124.0,0,0.0,0,393.68,0.0,0.02,0.0,0.0,Mar,2,2,1,2,Returning_Visitor,True,False
7,298.57,1,109.45,26,443.5,0.0,0.01,0.0,-0.01,Oct,1,1,7,2,Returning_Visitor,False,False
5,154.0,0,0.0,18,752.96,0.005263158,0.03,0.18,0.01,Mar,3,2,2,1,Returning_Visitor,False,False
3,0.0,1,29.22,15,383.4583333,0.0,0.029333333,0.0,0.0,Jul,3,2,2,1,Returning_Visitor,True,False
0,-62.67,1,814.66,14,253.1,0.057142857,0.09,0.0,0.23,June,1,1,2,3,Returning_Visitor,False,False
1,5.0,-1,0.0,46,411.0833333,0.015789474,0.016140351,0.0,0.0,Nov,1,1,7,2,Returning_Visitor,False,False
0,3.14,0,0.0,14,1900.675,0.04,0.04,1.97,-0.0,Nov,1,1,4,10,Returning_Visitor,True,True
-1,-304.18,0,919.48,-77,3492.316304,0.006547137,0.01,86.57772177,0.0,Aug,1,4,2,3,New_Visitor,False,False
0,0.0,-1,-61.62,66,3129.393438,0.01,0.03,2.05,-0.01,Oct,2,2,1,3,Returning_Visitor,True,False
1,61.0,0,0.0,5,534.98,0.03,0.06,0.0,0.01,Oct,2,2,1,1,Returning_Visitor,False,False
0,0.0,0,26.17,12,624.82,0.0,0.04,0.0,-0.0,Mar,2,2,7,1,Returning_Visitor,False,False
0,77.62,0,25.03,19,263.6,0.02,0.03,9.06,0.0,Mar,1,1,7,2,Returning_Visitor,False,True
5,241.45,0,-25.25,62,1893.75,0.01,0.026444444,6.43,0.04,Dec,3,2,1,2,Returning_Visitor,False,False
0,-90.95,-1,0.0,32,2479.342857,0.0,0.02,1.14,-0.04,Nov,2,2,3,9,Returning_Visitor,False,False
0,0.0,0,16.8,-2,-613.14,0.12,0.133333333,0.0,0.17,May,3,2,4,3,Returning_Visitor,False,False
5,110.0,1,0.0,32,1733.87,0.0,0.010752688,5.47,0.05,Oct,2,2,1,2,Returning_Visitor,True,False
4,65.54,0,0.0,27,1007.19,-0.0,0.01,5.67,0.01,Oct,2,2,3,1,Returning_Visitor,False,False
3,119.5666667,0,24.23,25,499.6083333,-0.0,-0.0,0.0,-0.01,Oct,1,1,9,8,New_Visitor,False,False
3,35.49,1,46.52,26,1118.987027,0.003252033,0.02,0.0,0.0,Mar,2,2,1,1,Returning_Visitor,True,False
-4,0.0,-1,0.0,10,338.5,0.0,0.02,32.382,0.12,Oct,2,4,2,4,Returning_Visitor,False,True
4,76.87,0,0.0,15,43.5,0.01,0.01,0.0,0.05,Dec,1,1,1,8,New_Visitor,True,False
1,87.15,1,0.0,35,573.79,0.0,0.04,55.485,0.0,Feb,2,4,4,2,Returning_Visitor,False,True
3,133.26,0,34.21,48,2492.166667,0.0,0.014583333,0.0,-0.0,Oct,2,2,1,2,Returning_Visitor,False,False
13,712.07,4,175.75,50,676.36,-0.03,0.02,-32.14,-0.07,Oct,1,8,3,5,Returning_Visitor,False,False
3,67.79,0,7.53,12,1086.39,0.02,0.058571429,-9.98,0.04,Mar,1,1,3,1,Returning_Visitor,True,False
0,20.6,0,0.0,8,224.96,0.04,0.07,-1.5,0.01,Oct,2,2,1,1,Returning_Visitor,False,False
6,281.05,1,515.96,62,1140.796667,-0.0,-0.01,0.0,0.02,Dec,2,1,6,2,Returning_Visitor,False,False
2,94.58,1,110.0,-23,-1335.49,-0.01,0.052154195,0.0,0.51,May,1,8,3,13,Returning_Visitor,False,False
1,21.98,0,0.0,1,0.0,0.2,0.21,-5.07,0.04,Mar,4,1,2,1,Returning_Visitor,True,False
4,0.0,1,0.0,44,623.2,0.01,0.044444444,3.42,0.0,Jul,2,2,4,1,Returning_Visitor,True,False
1,122.64,0,15.0,11,380.61,0.007692308,0.03,1.72,0.03,Dec,3,2,1,2,Returning_Visitor,False,False
0,0.0,0,0.0,5,97.0,0.01,0.05,3.02,0.0,Mar,2,2,9,1,Returning_Visitor,False,False
1,-8.01,0,-11.51,-6,108.0,0.01,0.074,0.0,0.04,Oct,1,8,3,11,Returning_Visitor,True,False
2,0.0,0,0.0,24,409.3030303,-0.01,0.023611111,19.53,0.6,May,2,2,1,2,Returning_Visitor,False,False
9,370.68,3,182.6,133,4240.036205,-0.0,0.011635537,19.33,0.0,Nov,2,2,1,2,Returning_Visitor,False,False
1,35.63,0,-27.77,25,560.08,0.02,0.03,6.96,0.0,Feb,3,2,1,4,Returning_Visitor,True,False
3,78.68,0,0.0,44,2618.77,0.02,0.03,11.28,0.0,Oct,1,2,4,2,Returning_Visitor,False,True
8,63.98,3,681.81,-71,354.25,0.0,0.02,-16.46,0.0,Feb,1,1,6,5,New_Visitor,False,True
4,71.18,2,0.0,32,1367.630952,0.0,0.02,50.82975,0.04,Mar,1,1,1,2,Returning_Visitor,True,True
3,68.0,0,31.8,8,306.0,-0.01,0.008888889,-11.0,0.0,Oct,1,1,9,7,New_Visitor,True,False
2,21.08,0,-278.32,-7,-132.66,0.0,0.08,78.93483561,0.0,Mar,3,2,9,1,New_Visitor,True,True
11,238.775641,0,9.0,217,7972.322431,0.01,0.014230973,21.83420125,-0.09,Nov,2,2,7,1,Returning_Visitor,False,True
1,16.54,2,63.5,176,5250.891667,0.01,0.014905149,-0.53,-0.01,Oct,2,2,5,2,Returning_Visitor,False,False
6,273.66,1,0.0,27,751.6266667,0.01,0.02,6.16,0.04,Mar,2,2,1,2,Returning_Visitor,True,False
3,86.81,0,17.95,29,1644.0,0.0,0.04,0.0,0.01,Oct,2,4,4,2,Returning_Visitor,False,False
4,156.74,0,25.97,10,982.86,0.01,0.025,4.15,0.0,Oct,2,2,2,2,Returning_Visitor,False,False
-2,7.0,0,39.48,26,933.3333333,0.008,0.01,-23.68,0.0,May,2,3,4,13,Returning_Visitor,False,False
2,73.83,0,-12.67,5,47.36,0.01,0.03,2.79,0.1,Mar,1,1,3,2,Returning_Visitor,True,False
-1,18.5,0,0.0,12,1065.4,0.04,0.07,1.49,-0.03,Aug,2,2,4,1,Returning_Visitor,False,False
2,51.08,0,-1.38,33,1367.91,0.01,0.04,2.38,-0.01,Oct,2,2,1,2,Returning_Visitor,False,False
7,243.59,1,86.57,27,1077.39,0.0,0.01,0.0,0.0,Oct,2,2,1,2,Returning_Visitor,False,False
0,27.65,0,0.0,1,-55.34,0.2,0.21,-4.76,0.0,Oct,2,2,1,1,Returning_Visitor,False,False
0,-10.14,1,0.0,-4,1009.67,0.01,0.03,38.64,0.0,Dec,8,13,9,20,Other,False,False
1,45.44,1,0.0,19,585.65,0.0,0.02,4.31,0.0,Mar,2,2,9,2,New_Visitor,True,False
2,25.24,0,419.09,16,1106.333333,0.03,0.053125,-11.93,0.0,Mar,1,1,1,3,Returning_Visitor,False,False
13,435.25,0,0.0,5,1199.2,0.0,0.02,0.0,0.0,Dec,4,1,1,1,Returning_Visitor,True,False
2,66.2,0,0.0,15,832.98,0.02,0.04,0.0,0.0,Oct,1,1,9,1,Returning_Visitor,False,False
2,82.31,0,0.0,37,1495.1,0.01,0.03,0.0,0.0,Oct,2,2,1,2,Returning_Visitor,False,False
0,0.0,0,60.89,3,48.5,0.0,0.01,1.32,0.0,Dec,1,1,4,2,Returning_Visitor,False,False
3,77.15,1,77.29,28,1027.9,0.0,0.019472789,2.79,0.03,Jul,1,1,1,2,Returning_Visitor,True,True
0,13.79,0,17.75,35,1106.56,0.0,0.027280668,1.58,-0.01,Mar,2,2,4,2,Returning_Visitor,False,False
10,93.89,0,0.0,21,917.75,0.01,0.016666667,-2.74,0.0,Dec,3,4,4,1,Returning_Visitor,True,False
0,25.55,0,0.0,33,1670.66,0.0,0.04,11.87,0.0,Mar,2,4,6,2,Returning_Visitor,False,False
0,-19.44,0,81.17,17,1251.45,0.04,0.07,0.0,0.01,May,1,1,1,3,Returning_Visitor,False,False
3,89.13,0,-44.39,66,2290.6,0.0,0.012765306,4.54,0.0,Mar,3,2,3,1,Returning_Visitor,True,False
0,0.0,0,-53.15,8,-205.45,0.0,0.028571429,14.1273698,-0.07,Nov,1,8,4,9,Returning_Visitor,False,True
4,120.0,4,64.0,37,1859.083333,0.05,0.018390805,42.41,0.0,Aug,3,2,4,13,Returning_Visitor,True,True
0,-121.83,2,402.92,37,1599.083333,0.0,0.01,0.0,0.0,Mar,2,2,4,1,Returning_Visitor,True,False
1,39.1,0,-16.59,4,0.0,0.2,0.19,0.0,0.0,Oct,2,2,4,1,Returning_Visitor,False,False
5,60.0,1,88.03,65,879.74,0.0,0.003846154,10.43,0.1,May,2,4,4,4,Returning_Visitor,False,False
1,12.08,0,-30.95,32,1265.25,0.01,0.03,0.0,-0.05,Nov,2,2,7,2,Returning_Visitor,False,False
-1,42.15,0,0.0,-12,-265.34,-0.01,0.14,27.24,0.14,Mar,2,4,3,4,New_Visitor,False,False
5,218.6666667,0,3.34,21,1424.19,0.01,0.01,23.51599702,0.03,Mar,2,2,1,2,Returning_Visitor,True,True
0,38.63,0,62.85,45,104.0,-0.03,0.01,0.0,0.4,May,1,8,6,3,Returning_Visitor,False,False
0,-15.24,0,31.22,20,903.69,0.01,0.09,0.0,0.6,May,2,4,4,3,Returning_Visitor,False,False
8,116.9607143,4,225.3666667,34,539.227381,0.015510204,0.011281179,2.63,-0.24,May,4,1,1,4,Returning_Visitor,True,True
2,139.39,1,0.0,8,200.76,-0.0,0.03,154.18,0.08,Feb,1,2,1,2,New_Visitor,False,False
7,286.5333333,1,40.67,26,835.71,0.01,0.01,0.25,0.02,Oct,2,2,9,2,Returning_Visitor,False,True
0,50.0,0,0.0,29,598.297619,0.0,-0.02,-8.57,0.0,Oct,2,6,6,2,Returning_Visitor,True,False
7,375.2785714,1,457.52,156,3736.93,0.01,0.029074729,12.1,1.0,May,1,2,3,2,Returning_Visitor,False,False
4,122.81,0,74.65,15,548.3333333,0.0,0.04,0.0,0.03,Mar,2,4,1,1,Returning_Visitor,False,False
-1,0.0,0,-16.17,1,17.97,0.2,0.19,3.65,0.02,Feb,1,1,7,2,Returning_Visitor,False,False
0,11.59,1,0.0,28,935.25,0.0,0.009803922,7.73,0.0,Nov,2,2,1,2,Returning_Visitor,True,False
1,14.17,0,6.54,7,9.0,-0.01,0.025,0.0,0.03,Oct,2,2,9,5,New_Visitor,False,False
0,10.56,0,0.0,42,743.1666667,0.01,0.02,0.0,-0.0,May,1,1,3,4,Returning_Visitor,False,False
1,112.29,1,0.0,13,1431.47,0.01,0.02,17.58,0.02,Oct,2,2,9,10,Returning_Visitor,False,False
0,218.55,0,-337.52,-181,-4160.82,0.04,0.08,0.0,0.56,May,6,5,9,5,Returning_Visitor,False,False
0,-11.84,0,-10.22,44,1824.67,0.006666667,0.03,0.0,0.0,Nov,2,2,1,2,Returning_Visitor,False,False
2,62.77,1,52.71,8,151.5,0.0,0.028571429,1.56,0.04,Oct,2,2,1,2,Returning_Visitor,False,False
4,110.42,0,0.0,22,1122.17,0.0,0.036363636,26.22981818,0.17,May,2,4,1,4,Returning_Visitor,False,True
0,9.91,0,0.0,9,594.47,0.02,0.06,1.16,0.0,Oct,2,2,9,2,Returning_Visitor,False,True
0,46.05,0,-23.11,65,3022.66,0.006153846,0.02,2.7412,0.0,May,2,2,4,2,Returning_Visitor,False,False
2,63.22,1,115.27,34,921.21,0.0,0.02,-8.73,-0.02,Oct,1,1,3,2,Returning_Visitor,False,False
0,0.0,0,0.0,13,224.9,0.0,0.01,0.0,-0.02,Nov,2,2,3,2,New_Visitor,True,False
0,0.0,0,2.05,6,86.53333333,0.03,0.066666667,0.0,-0.03,Mar,1,1,7,2,Returning_Visitor,False,False
6,241.42,0,21.04,32,1753.33,0.01,0.01,6.229994739,0.0,Oct,2,2,1,2,Returning_Visitor,False,True
1,15.88,0,0.0,1,24.5,0.01,0.07,2.69,0.0,Mar,2,4,6,2,Returning_Visitor,False,False
8,178.83,2,15.69,47,1262.488779,0.0,0.003448276,30.16,0.0,Dec,2,2,9,2,Returning_Visitor,False,False
4,100.04,0,0.0,21,411.3888889,0.02,0.03,4.96,0.0,Mar,3,2,1,3,Returning_Visitor,True,True
3,74.11,0,0.0,27,1010.633333,0.01,0.012962963,0.0,0.0,June,3,2,6,8,Returning_Visitor,False,False
0,56.48,2,0.0,34,-50.06,0.03,0.06,0.0,0.35,June,2,5,2,1,Returning_Visitor,True,False
0,0.0,0,10.51,51,2386.31,0.0,0.05,0.0,0.0,Jul,2,4,2,6,Returning_Visitor,False,False
0,0.0,0,-20.36,8,692.88,0.05,0.09,-1.26,0.0,Mar,3,2,2,1,Returning_Visitor,False,False
-2,-1.2,1,0.0,0,0.0,0.2,0.2,0.0,0.0,May,1,1,7,2,Returning_Visitor,False,False
6,178.5,1,55.6,33,1359.76,-0.0,0.015873016,16.38,0.04,Mar,2,4,2,2,Returning_Visitor,False,False
2,126.75,0,0.0,22,2281.583333,0.02969697,0.043686869,1.94,0.01,Oct,1,2,1,2,Returning_Visitor,False,False
0,9.5,0,30.84,38,674.25,0.0,-0.0,3.58,-0.03,Mar,3,2,7,2,Returning_Visitor,False,False
7,181.1,4,104.8,31,2725.708571,-0.01,0.026482993,-7.4,0.0,Oct,2,2,1,10,Returning_Visitor,False,True
1,82.82,0,0.0,24,992.87,0.018181818,0.04,1.81,0.0,Oct,2,2,1,2,Returning_Visitor,False,False
4,66.76,1,0.0,6,608.4,0.01,0.016722783,7.108148148,0.05,Oct,3,2,1,13,Returning_Visitor,False,False
3,49.43,0,-7.97,24,1342.14,0.01,0.02,4.38,0.04,Mar,3,2,2,2,Returning_Visitor,True,False
10,211.62,0,-94.31,96,1304.973333,0.003921569,0.008309991,10.83,0.07,Oct,2,2,9,3,Returning_Visitor,False,False
7,118.5,0,-32.12,28,1073.23,0.0,0.02,17.79456354,-0.05,Dec,1,8,1,11,Returning_Visitor,False,False
0,4.2,0,0.0,53,3492.86,0.01,0.03,-2.58,0.17,May,2,2,4,6,Returning_Visitor,False,False
3,36.09,0,-2.83,7,236.0,-0.0,0.02,7.62,0.02,Mar,2,2,3,1,Returning_Visitor,False,False
5,277.1666667,2,-33.19,67,1448.333333,0.0,0.003846154,115.62,0.0,Sep,2,4,4,6,New_Visitor,False,False
0,15.34,0,19.48,48,1646.2,0.04,0.07,7.21,0.01,June,2,2,1,3,Returning_Visitor,False,False
0,0.0,0,6.0,27,1236.36,0.0,0.01,38.00063931,0.02,Mar,2,2,1,2,New_Visitor,False,True
3,115.85,1,0.0,10,-232.93,-0.01,0.002197802,23.13,0.0,Mar,2,2,9,2,New_Visitor,False,False
1,-36.97,1,75.32,11,2318.7,0.03,0.045438596,-2.95,0.14,Oct,2,2,1,13,Returning_Visitor,False,False
3,287.5,0,67.75,39,979.0,0.02,0.041025641,0.0,0.13,May,1,1,4,3,Returning_Visitor,False,False
3,214.0,0,0.0,36,830.1041667,0.0,0.021428571,0.0,-0.01,Dec,1,1,1,2,Returning_Visitor,False,False
23,61.59,-1,-512.04,55,3227.483333,-0.01,0.016363636,-30.44,-0.45,Nov,2,1,3,13,Returning_Visitor,True,False
2,99.66,0,223.24,11,-1034.28,0.018181818,0.01,0.0,-0.02,Dec,1,5,1,1,Returning_Visitor,False,False
2,0.0,2,109.59,43,27.32,-0.0,0.02,0.0,-0.03,Mar,2,1,5,1,Returning_Visitor,True,False
4,164.66,1,75.09,18,-86.48,0.01,0.02,0.0,0.0,Mar,1,1,7,2,Returning_Visitor,False,False
2,23.76,0,-50.54,27,2041.51,0.014814815,0.05,0.0,0.0,Mar,2,4,2,2,Returning_Visitor,True,False
-1,-128.37,1,610.6,-41,-1898.17,-0.0,0.066666667,0.0,0.8,Feb,3,2,1,3,Returning_Visitor,True,False
4,119.82,2,157.18,37,1105.35,0.015384615,0.04,6.324477083,-0.01,Oct,1,1,9,2,Returning_Visitor,False,True
3,78.63,0,0.0,48,3224.819084,0.002985075,0.03,7.72,0.0,Nov,2,4,2,2,Returning_Visitor,False,True
1,44.86,0,0.0,-1,-1502.14,0.2,0.19,-0.46,0.13,May,3,2,4,3,Returning_Visitor,True,False
5,57.0,0,0.0,59,3556.516667,0.0,0.02,-2.75,-0.02,May,2,2,3,1,Returning_Visitor,False,False
-1,0.0,0,0.0,6,-73.37,0.044444444,0.08,-2.3,0.02,Oct,3,2,1,1,Returning_Visitor,False,False
10,524.75,3,-316.08,190,6309.427034,0.006113821,0.05,3.364060957,0.0,Nov,2,10,3,2,Returning_Visitor,False,True
0,0.0,0,-4.99,-6,168.2857143,0.0,0.069444444,3.72,0.05,Mar,2,4,2,2,Returning_Visitor,False,False
1,6.15,0,0.0,7,92.5,0.01,0.02,0.0,0.5,May,3,2,7,13,Returning_Visitor,False,False
2,45.19,1,9.55,20,1044.9,0.0,0.052,0.0,0.01,Oct,2,2,1,1,Returning_Visitor,False,False
1,74.73,6,1101.21,25,1493.66,-0.01,0.03,-0.13,0.19,Mar,3,2,1,2,Returning_Visitor,False,False
30,785.2166667,7,-126.8,8,450.8,0.016666667,0.01,0.0,0.0,June,2,4,3,5,Returning_Visitor,False,False
0,14.21,0,0.0,18,729.0,0.02,0.05,0.87,0.12,May,2,2,9,3,Returning_Visitor,False,False
2,47.55,0,2.69,19,977.91,0.01,0.04,3.73,0.0,Mar,2,2,1,1,Returning_Visitor,False,False
6,178.73,0,0.0,11,323.3740476,0.02,0.032223645,19.39995042,0.03,Sep,1,8,1,2,Returning_Visitor,False,False
2,6.0,0,0.0,12,734.54,0.0,0.02,0.0,-0.03,Sep,1,8,7,1,New_Visitor,True,False
1,71.74,2,-114.49,10,349.1111111,0.02,0.02,88.39170518,0.07,Mar,1,1,1,10,Returning_Visitor,True,True
3,117.96,0,0.0,14,868.33,-0.0,0.003571429,0.0,0.02,Oct,2,2,9,2,New_Visitor,False,False
-2,0.0,1,3.97,7,87.5,0.02,0.07,2.68,0.6,May,3,2,3,2,Returning_Visitor,False,False
0,26.11,0,-29.95,57,2608.08,0.0,0.028571429,6.01,-0.02,Nov,2,2,1,2,Returning_Visitor,False,False
5,22.36,0,0.0,29,2495.615079,0.005649718,0.02,0.0,0.12,Dec,2,2,1,2,Returning_Visitor,True,False
3,0.0,-1,0.0,23,298.0,0.03,0.07,9.82,0.0,Nov,3,4,2,3,Returning_Visitor,False,False
0,0.0,0,1.3,8,111.6666667,0.02,0.06,0.0,0.0,Oct,2,2,1,3,Returning_Visitor,False,False
3,103.8,0,-29.83,4,364.91,0.06,0.09,0.0,0.0,Aug,3,2,6,1,Returning_Visitor,False,False
0,0.0,0,-13.51,19,-259.45,0.01,0.044680851,0.0,0.0,Mar,2,2,5,1,Returning_Visitor,False,False
1,0.0,0,-7.35,7,420.91,0.03,0.066666667,2.34,0.03,Mar,1,1,1,1,Returning_Visitor,False,False
5,50.06666667,0,0.0,159,2184.484938,0.0,-0.02,2.18,0.52,Oct,2,2,9,4,Returning_Visitor,True,False
1,0.0,0,0.0,34,2510.8,0.01,0.033227513,7.66,-0.01,May,2,4,4,1,Returning_Visitor,False,False
5,125.5,1,41.0,46,2256.54,0.01,0.01,15.62,0.0,May,2,2,1,4,Returning_Visitor,False,True
4,6.17,2,43.92,21,498.45,-0.0,0.03,0.0,0.04,May,3,2,5,3,New_Visitor,True,False
4,105.2666667,0,0.0,27,655.6847619,0.0,-0.01,-3.85,-0.0,Nov,2,2,1,2,New_Visitor,True,False
1,0.0,2,0.0,53,3691.19,-0.01,0.06,-14.12,0.0,Dec,3,3,1,9,Returning_Visitor,True,False
0,71.75,1,91.1,0,531.11,0.0,0.05,4.24,0.02,Dec,1,8,3,10,Returning_Visitor,False,False
2,65.41666667,0,0.0,43,1608.14,0.004848485,0.03,0.0,0.0,Nov,1,1,1,2,Returning_Visitor,False,True
2,27.05,0,0.0,2,81.75,0.05,0.08,-0.03,0.16,May,2,2,1,3,Returning_Visitor,False,True
7,82.5,3,252.65,22,-714.02,-0.01,-0.01,0.0,0.0,Mar,3,2,1,4,Returning_Visitor,True,False
-2,0.0,0,-111.25,0,1253.42,0.01,0.090322581,-4.52,0.4,May,2,4,1,6,New_Visitor,False,False
2,158.66,1,-20.84,20,2019.68,0.01,0.02,45.7504,-0.01,Mar,2,2,1,10,Returning_Visitor,False,True
0,18.43,0,17.96,8,0.0,0.2,0.2,-7.49,0.0,Oct,3,2,1,3,Returning_Visitor,False,False
0,-37.31,0,0.0,7,541.61,-0.0,0.02,2.07,0.0,Mar,2,2,1,1,New_Visitor,True,False
7,86.0,-1,390.73,46,3265.43,0.0,0.0,19.3,0.0,Mar,1,1,2,3,Returning_Visitor,False,False
1,28.44,0,-4.38,4,41.0,0.01,0.06,-1.25,0.02,Mar,3,2,3,1,Returning_Visitor,False,False
1,0.0,0,-47.47,10,302.38,0.033333333,0.05,0.0,-0.03,Oct,3,2,4,1,Returning_Visitor,True,False
1,52.67,1,15.67,37,1751.87,0.01,0.04,-0.06,-0.0,Nov,2,2,1,2,Returning_Visitor,False,True
12,184.4173601,1,34.84,27,1261.32,0.011276738,0.09,18.23386055,0.0,Mar,3,4,1,1,Returning_Visitor,False,False
9,189.13,0,0.0,34,951.57,0.0,0.0,4.79,-0.01,Oct,2,2,3,3,Returning_Visitor,False,False
0,0.0,0,-71.98,21,607.5892857,0.028571429,0.05,3.65,0.0,Mar,3,2,2,2,Returning_Visitor,False,False
0,0.0,1,0.0,20,1734.2,0.29,0.26,0.0,0.0,Feb,1,1,3,9,New_Visitor,True,False
4,133.54,0,-2.68,45,2089.55,0.0,0.025,0.0,0.0,Oct,2,2,1,2,Returning_Visitor,False,False
2,0.0,0,32.73,24,609.5,0.0,0.02,0.0,0.03,Mar,2,2,1,1,Returning_Visitor,True,False
0,0.0,0,79.39,18,599.45,0.02,0.03,10.86,-0.02,Dec,1,1,4,2,Returning_Visitor,False,False
0,-0.05,0,21.88,-13,820.48,0.01,0.05,0.0,0.0,Mar,1,1,9,6,New_Visitor,False,False
1,0.0,0,25.31,8,987.05,0.0,0.03,0.0,0.0,Oct,2,2,1,1,Returning_Visitor,False,False
2,53.15,0,-14.05,30,991.07,0.02,0.04,2.93,0.03,May,2,2,1,3,Returning_Visitor,False,False
-1,13.28,0,6.61,13,-84.14,0.01,0.04,0.0,-0.03,Mar,2,2,5,2,Returning_Visitor,False,False
0,0.0,1,56.4,14,1527.38,0.01,0.03,7.96,0.03,Mar,3,2,2,2,Returning_Visitor,False,True
6,53.0,1,0.0,34,1140.59,0.0,0.009469697,-2.39,-0.01,Oct,1,1,9,7,New_Visitor,True,False
0,0.0,0,0.0,78,1958.833333,0.01,0.05,-3.76,0.0,Nov,2,2,1,1,Returning_Visitor,False,False
0,55.35,0,36.17,23,615.0,0.013636364,0.03,73.04,0.0,Dec,1,1,2,2,Returning_Visitor,False,False
0,0.0,0,58.08,5,478.57,0.01,0.033846154,-5.14,0.0,Mar,2,2,4,6,Returning_Visitor,False,False
3,0.0,0,-9.86,40,1449.24,0.0,0.020277778,4.94,-0.02,Oct,2,2,3,3,Returning_Visitor,False,False
4,198.62,0,0.0,13,463.5,0.0,0.007692308,0.0,0.0,Mar,3,2,1,2,New_Visitor,True,False
4,-46.78,0,24.47,13,26.0,0.066666667,0.12,-4.1,0.0,May,2,3,4,13,Returning_Visitor,False,False
0,56.2,0,0.0,6,53.33,0.0,0.011111111,5.87,0.0,Dec,3,2,1,2,Returning_Visitor,False,False
-1,-29.63,0,21.06,9,280.5,0.06,0.09,-2.89,0.0,May,2,2,1,3,Returning_Visitor,False,False
1,0.0,0,0.0,21,1163.39,0.02,0.05,0.85,-0.0,Oct,2,2,1,1,Returning_Visitor,False,False
0,-48.97,0,0.0,30,65.5,-0.01,0.03,0.0,0.01,May,1,8,3,3,Returning_Visitor,False,False
1,70.92,0,20.13,31,1024.73,0.001481481,0.009150327,0.0,0.01,Mar,3,2,2,2,Returning_Visitor,True,False
8,195.37,1,114.5,129,2890.97,0.0,0.001704261,78.28,0.0,June,2,4,2,4,Returning_Visitor,False,False
8,843.11,1,0.0,17,646.71,-0.03,-0.03,121.98,-0.06,Sep,3,2,1,6,New_Visitor,False,False
2,0.0,0,0.0,13,1117.25,0.0,0.020512821,6.9,-0.0,Oct,2,2,3,2,Returning_Visitor,False,False
1,-23.07,1,17.11,18,961.0,0.0,0.02,0.0,0.02,Mar,2,2,1,2,New_Visitor,True,False
-4,-285.43,0,410.46,-30,551.1666667,-0.0,0.035,-26.69,0.02,Mar,3,2,2,3,Returning_Visitor,True,False
6,130.0,0,61.59,25,1296.55,0.0,0.016666667,6.41,0.01,Mar,2,2,1,1,Returning_Visitor,False,False
7,667.33,4,298.0,0,3370.03,-0.02,0.02,-24.88,-0.25,Dec,2,5,2,8,New_Visitor,True,False
0,0.0,0,7.29,14,-226.31,0.02,0.1,-3.48,0.8,May,2,2,9,1,Returning_Visitor,True,False
0,13.01,0,0.0,8,401.35,0.02,0.05,1.09,0.0,Oct,3,2,1,1,Returning_Visitor,False,False
5,85.34,0,24.69,120,4546.22,0.01,0.011948854,0.36,0.06,Aug,2,2,2,3,Returning_Visitor,False,False
0,0.0,0,8.01,19,480.3,0.01,0.033333333,0.0,0.01,Mar,2,1,4,1,Returning_Visitor,True,False
1,99.07,0,-3.51,31,988.42,0.01,0.03,-0.19,0.0,Oct,3,2,2,1,Returning_Visitor,False,False
5,130.34,0,-32.99,54,1208.22,0.01,0.04,0.0,0.0,Nov,4,1,1,3,Returning_Visitor,True,False
1,49.76,0,0.0,150,5714.81,0.01212528,0.03,0.0,0.0,Nov,2,2,1,2,Returning_Visitor,False,False
4,106.74,0,0.0,45,1824.3,0.0,0.002849003,10.42,-0.0,Oct,2,2,1,2,Returning_Visitor,False,False
7,403.0,0,0.0,34,1538.37,0.01,0.02,8.12,0.02,Oct,2,2,1,2,Returning_Visitor,False,False
1,151.71,-2,44.81,35,-1794.34,0.0,0.015555556,11.19189333,0.79,May,2,10,6,4,Returning_Visitor,False,True
4,62.38,0,-20.15,65,2370.55,0.003174603,0.01,5.21,0.0,Jul,2,2,1,1,Returning_Visitor,True,False
0,5.5,0,27.6,103,7448.58,0.015359477,0.03,-26.78,0.22,Oct,2,1,9,13,Returning_Visitor,True,False
0,0.0,0,0.0,8,447.047619,0.01,0.04,7.14,-0.05,Dec,1,8,3,10,Returning_Visitor,True,True
5,639.62,2,-37.94,29,-856.84,0.0,0.03,20.48,0.0,Dec,2,5,1,2,Returning_Visitor,False,False
0,38.35,0,-0.38,28,1191.29,0.01,0.04,1.09,0.0,Oct,2,2,1,2,Returning_Visitor,False,True
0,-31.18,0,27.78,19,136.5,0.016666667,0.033333333,0.0,-0.02,Jul,2,2,3,2,Returning_Visitor,False,False
0,14.58,0,-2.6,10,858.64,0.02,0.06,1.69,0.0,Oct,2,2,1,1,Returning_Visitor,False,False
2,71.96,0,0.0,8,504.83,0.0,0.02,3.59,0.02,Oct,2,2,9,2,Returning_Visitor,False,False
3,121.03,0,0.0,22,559.67,0.02,0.04,0.0,0.0,Oct,4,1,1,3,Returning_Visitor,True,False
0,-38.38,0,0.0,19,530.17,0.0,0.005263158,0.0,0.01,Oct,3,2,2,4,New_Visitor,True,False
2,0.0,2,-12.55,24,1087.83,0.0,0.02,17.57,0.06,Mar,2,2,3,2,Returning_Visitor,False,True
1,0.0,0,9.53,26,1166.63,0.01,0.04,-1.01,0.0,Mar,2,2,1,1,Returning_Visitor,False,True
4,67.5,0,0.0,27,834.6666667,0.0,0.014285714,2.67,0.0,Mar,3,2,1,3,Returning_Visitor,True,False
-3,-91.46,0,0.0,5,68.4,0.0,0.08,14.92,0.0,Jul,2,4,1,2,Returning_Visitor,False,False
2,119.77,0,10.78,44,725.2,0.03,0.03,24.83718656,-0.05,Aug,2,2,4,2,Returning_Visitor,False,True
1,4.0,0,9.35,26,1114.76,0.01,0.04,-0.8,0.02,Mar,2,2,1,1,Returning_Visitor,False,False
5,3398.75,6,1337.68,449,12237.72,-0.02,-0.07,0.0,0.0,Dec,3,5,1,2,New_Visitor,True,False
-2,0.0,0,5.26,6,-59.2,0.066666667,0.13,0.0,0.56,May,2,2,9,2,Returning_Visitor,False,False
2,24.16666667,0,0.0,37,1977.385088,0.0,0.01,1.73,0.19,May,2,2,1,4,Returning_Visitor,True,False
10,802.87,-2,-178.16,153,6607.57,0.03,0.013769082,34.33,-0.02,Dec,4,1,3,2,Returning_Visitor,False,False
4,495.1666667,0,50.43,29,988.2595238,0.006451613,0.02,8.61,0.06,Oct,1,2,1,2,Returning_Visitor,False,False
0,0.0,0,0.0,40,1747.21,0.0,0.020429089,0.0,-0.0,Oct,2,2,2,2,Returning_Visitor,False,False
0,42.0,0,0.0,22,88.12,-0.02,0.03,0.0,0.0,May,1,8,6,1,Returning_Visitor,False,False
5,140.11,0,0.0,35,1563.25,0.01,0.018518519,6.24,0.01,Oct,2,2,1,2,Returning_Visitor,False,False
3,96.01,0,30.51,38,1552.7,0.0,0.02,3.94,-0.01,Mar,2,2,1,2,Returning_Visitor,False,False
0,0.0,0,0.0,9,-441.72,0.02,0.07,1.49,0.01,Oct,2,2,9,1,Returning_Visitor,False,False
1,0.0,1,-9.65,5,145.08,0.2,0.21,-0.7,0.4,May,2,2,4,1,Returning_Visitor,True,False
0,0.0,1,4.49,76,1553.269048,0.0,0.03,3.74,0.01,Nov,2,2,1,2,Returning_Visitor,False,False
0,0.0,1,-27.03,6,222.0,0.0,0.01,18.6,0.03,Dec,8,13,9,20,Other,False,True
2,109.15,0,29.95,21,851.3333333,0.02,0.05,0.0,0.2,May,2,2,1,4,Returning_Visitor,False,False
-1,-469.41,2,551.7,19,750.2083333,-0.01,0.019047619,-4.61,-0.01,Nov,2,2,2,3,Returning_Visitor,False,True
3,90.38,0,9.51,30,1310.18,0.01,0.022380952,3.99,0.0,Oct,2,2,1,2,Returning_Visitor,False,False
1,0.0,0,11.04,6,19.0,-0.0,0.02,11.26,0.03,Mar,2,2,3,1,Returning_Visitor,False,False
10,582.12,3,-1.81,19,39.71,-0.0,0.04,24.72,0.57,May,2,4,3,6,New_Visitor,False,False
8,377.0,2,42.03,30,1167.24,-0.01,0.013333333,14.96,0.06,Sep,1,8,2,15,Returning_Visitor,False,False
12,309.01,2,55.4,87,3019.805397,-0.0,0.09,-24.47,-0.24,Nov,2,6,2,19,Returning_Visitor,False,False
0,-161.7,7,0.0,209,-242.9,-0.04,0.016666667,287.9537928,0.53,Feb,2,10,7,2,Returning_Visitor,False,True
3,75.11,0,20.39,25,1249.55,0.01,0.03,0.0,0.04,Mar,2,2,1,1,Returning_Visitor,False,False
2,57.0,0,12.97,28,1233.25,0.007407407,0.017283951,32.98533333,0.0,Mar,2,2,1,2,Returning_Visitor,False,True
23,814.19,-1,395.48,-49,473.1666667,0.04,0.0225,5.01,0.33,May,1,2,1,3,Returning_Visitor,False,False
2,39.64,1,0.0,23,156.0,0.0,0.04,4.19,0.03,Mar,2,2,9,1,Returning_Visitor,False,False
0,0.0,0,-7.83,-23,-1712.01,0.11,0.15,-2.15,0.07,May,2,2,5,1,Returning_Visitor,False,False
4,70.6,0,12.58,4,571.35,0.0,0.007142857,22.84,0.0,Mar,2,2,4,5,New_Visitor,False,False
-4,-339.45,2,-232.65,306,6223.870847,0.0,0.006649462,39.77,0.0,Nov,3,2,3,2,Returning_Visitor,True,True
5,296.14,0,109.0,54,2181.35,0.0,0.021468927,0.0,0.0,Oct,2,2,1,2,Returning_Visitor,False,False
4,112.875,1,8.57,6,327.1,0.0,0.03,0.0,-0.0,Nov,2,2,1,2,Returning_Visitor,False,False
11,1115.7,-4,0.0,34,1961.07,0.0,0.013888889,0.0,0.15,Dec,3,2,1,6,New_Visitor,False,False
0,-2.48,0,24.82,43,3043.916667,0.01,0.05,0.0,-0.01,Mar,2,2,3,1,Returning_Visitor,False,False
0,0.0,0,47.39,18,244.6666667,0.005,0.02,3.29,0.01,Dec,2,2,9,2,Returning_Visitor,False,False
-2,-84.28,0,0.0,-76,-4566.79,0.016666667,0.05,0.0,0.0,Nov,2,6,6,1,Returning_Visitor,False,False
1,22.43,2,0.0,16,-1144.2,0.02,0.07,-15.61,0.03,Sep,2,8,7,2,Returning_Visitor,False,True
2,71.73,0,0.0,25,375.6,0.01,0.004,24.14,-0.0,Aug,2,2,1,4,New_Visitor,True,False
3,0.0,0,5.96,26,988.56,0.01,0.03,38.83384563,0.02,Dec,2,2,1,1,Returning_Visitor,False,True
5,227.5326923,3,292.6842105,136,3025.521713,0.015995116,0.03,7.371682608,0.0,Nov,1,2,3,2,Returning_Visitor,False,True
6,126.65,0,0.0,28,1143.2,0.0,0.01,0.0,0.0,Mar,2,2,3,1,Returning_Visitor,False,False
3,33.7,0,0.0,7,583.74,0.2,0.2,0.0,0.01,Sep,2,2,4,1,Returning_Visitor,False,False
0,0.0,0,5.75,13,463.37,0.21,0.2,0.0,0.0,Nov,1,1,9,9,Returning_Visitor,True,False
3,53.1,0,0.0,30,1536.48,0.01,0.02,7.87,0.0,Dec,2,2,1,2,Returning_Visitor,False,False
-7,0.0,1,65.94,-73,-1785.93,0.04,0.133333333,-41.15,0.0,Nov,2,5,2,9,Returning_Visitor,False,False
3,136.86,1,2.83,29,685.13,0.0,0.02,-5.85,0.05,Dec,3,2,1,2,Returning_Visitor,True,False
7,239.14,0,0.0,32,1038.797619,0.0,0.02,7.3,0.2,Oct,1,1,2,2,Returning_Visitor,False,True
4,-29.23,1,278.37,-10,187.9166667,0.0,0.02745098,-13.25,-0.02,Aug,1,1,1,3,Returning_Visitor,False,False
0,0.0,0,-9.47,15,179.7,0.01,0.05,-4.86,0.0,Oct,3,2,3,1,Returning_Visitor,False,False
0,30.53,0,0.0,15,0.0,0.21,0.2,0.0,-0.02,Dec,2,2,5,2,Returning_Visitor,False,False
5,105.56,0,5.04,17,968.61,0.02,0.03,0.0,0.0,Oct,2,2,3,1,Returning_Visitor,False,False
3,103.6,1,78.67,11,7.0,0.0,0.02,0.18,0.0,Oct,3,2,1,2,Returning_Visitor,True,True
-5,0.41,-2,495.9,3,-455.26,0.066666667,0.133333333,0.0,1.2,May,2,10,2,3,Returning_Visitor,False,False
3,99.08,0,0.0,37,1541.36,0.0,0.01,7.22,0.0,Oct,2,2,1,2,Returning_Visitor,False,True
0,-5.1,0,9.1,11,432.98,0.0,0.0625,0.0,0.0,Mar,2,2,9,1,Returning_Visitor,False,False
2,64.88,0,-12.28,26,1000.71,-0.01,0.01,5.981166667,0.0,Oct,3,2,3,1,Returning_Visitor,False,False
1,76.0,-1,-49.8,37,821.3333333,0.04,0.09,0.0,0.0,May,2,2,4,4,Returning_Visitor,False,False
0,26.48,0,-12.44,48,2280.833333,0.01,0.04,0.0,0.0,Oct,2,2,1,2,Returning_Visitor,False,False
11,1640.590909,-4,319.28,-31,1849.833333,0.0,0.01,-10.26,0.0,Mar,1,2,2,2,New_Visitor,False,False
5,399.2,0,7.02,-8,-219.75,0.062222222,0.1,8.03,-0.09,June,2,4,6,2,Returning_Visitor,False,False
-1,15.99,0,11.45,-10,-870.83,0.1,0.12,-4.49,0.02,May,3,2,1,3,Returning_Visitor,False,False
-3,-117.9,1,-23.43,-24,-997.4,0.0,0.05,0.0,0.0,Nov,1,1,1,8,New_Visitor,True,True
5,0.0,8,-57.37,4,-3887.58,0.008333333,0.034166667,0.0,-0.12,Nov,2,1,9,13,Returning_Visitor,True,False
0,-24.51,0,0.0,16,-224.89,0.02,0.09,-2.55,0.8,May,2,2,9,1,Returning_Visitor,False,True
5,279.7,0,8.45,19,1437.92,0.0,0.01,0.0,0.01,Oct,1,2,1,2,New_Visitor,True,False
1,-27.07,1,6.52,35,539.0,-0.0,0.011111111,2.97,0.0,Mar,2,2,5,1,Returning_Visitor,True,True
2,0.0,0,-57.86,-6,0.0,0.2,0.19,11.13,0.0,Dec,1,1,6,2,Returning_Visitor,False,False
6,344.4922161,-1,48.08,193,5402.78526,0.01,-0.02,6.05,0.02,Mar,3,2,4,4,Returning_Visitor,False,False
8,171.75,2,16.0,49,1494.083333,0.01,0.04,13.98,0.0,Aug,2,2,1,1,Returning_Visitor,False,False
9,527.0,2,74.24,26,994.8222222,0.0,0.00344086,80.78,-0.02,May,1,1,6,2,Returning_Visitor,False,False
1,27.21,0,0.0,28,1375.13,0.0,0.02,4.84,0.0,Mar,2,2,1,2,Returning_Visitor,False,True
0,13.25,0,27.54,0,565.3,0.18,0.18,0.0,-0.02,Feb,2,2,7,1,Returning_Visitor,False,False
7,0.0,0,-132.21,28,343.52,0.0,0.028571429,80.64,0.0,Jul,3,2,8,2,Returning_Visitor,True,False
7,251.0,0,96.28,15,675.8333333,-0.0,0.0,0.0,0.0,Feb,2,4,6,4,Returning_Visitor,False,False
5,235.08,0,30.9,29,1514.6,0.022222222,0.029112554,0.63,-0.02,Oct,3,2,1,2,Returning_Visitor,False,False
5,34.5,0,0.0,14,154.5,0.01,0.05,9.14,0.05,Mar,2,1,1,3,Returning_Visitor,False,False
-1,-13.59,0,0.0,-3,-661.27,-0.0,0.005555556,28.39833333,0.0,May,2,2,9,4,New_Visitor,False,True
2,0.0,2,60.89,32,1075.5,-0.0,0.013333333,14.56,0.0,Oct,2,2,1,2,Returning_Visitor,True,False
2,122.5,1,65.09,7,124.52,0.017391304,0.023671498,-4.78,0.0,Dec,3,2,1,2,Returning_Visitor,False,False
0,0.0,5,-87.4,25,-605.52,-0.02,-0.01,154.13,0.0,Mar,2,10,3,10,Returning_Visitor,True,False
2,54.5,1,17.41,-8,-1043.44,0.0,0.02,91.98,0.6,May,1,2,3,2,New_Visitor,False,False
1,26.73,0,165.0,53,184.79,-0.01,0.02,34.4925,0.8,May,3,2,8,4,Returning_Visitor,False,True
2,-30.52,1,0.0,19,1721.57,-0.0,0.01,0.0,-0.01,Oct,2,2,1,2,Returning_Visitor,True,False
0,0.0,1,0.0,23,748.5666667,0.016,0.05,3.94,0.04,Oct,2,2,9,2,Returning_Visitor,False,False
-11,0.0,6,0.0,38,1417.666667,0.016117216,0.03,0.0,-0.61,Aug,3,6,1,10,Returning_Visitor,False,False
1,52.51,0,0.0,18,1567.84,0.03,0.05,1.04,0.0,May,2,2,1,3,Returning_Visitor,False,False
0,14.2,0,-24.39,8,353.08,0.06,0.1,0.0,0.05,May,2,2,1,1,Returning_Visitor,False,False
2,58.0,0,0.0,6,806.5,0.01,0.04,9.7455,0.08,May,2,4,6,4,Returning_Visitor,False,True
6,82.14,0,-6.58,60,2054.33,0.0,0.01,2.88,0.0,Nov,2,2,2,2,Returning_Visitor,False,False
1,22.89,0,0.0,7,489.28,-0.0,0.1,0.0,0.07,Nov,2,4,1,5,New_Visitor,False,False
2,35.3,0,9.03,23,917.2,0.01,0.04,0.0,0.01,Mar,3,2,2,1,Returning_Visitor,False,True
9,65.16666667,1,0.0,32,821.97,-0.0,0.013923077,20.41,0.0,Feb,2,2,3,1,Returning_Visitor,False,True
8,193.58,0,0.0,34,1162.63,0.007272727,0.01,20.67,0.0,May,2,2,2,4,Returning_Visitor,False,False
0,7.0,0,1.9,11,298.0,0.0,0.02,1.18,0.0,Mar,3,2,3,2,Returning_Visitor,False,False
2,68.57,0,10.26,4,684.44,0.0,0.01,8.31,0.03,May,2,2,9,4,New_Visitor,False,False
0,-1.08,0,0.0,4,840.78,0.0,0.066666667,2.72,0.0,Oct,1,1,1,1,Returning_Visitor,False,True
0,0.0,0,32.38,30,1098.0,0.02,0.034375,-0.89,-0.02,Oct,1,1,1,4,Returning_Visitor,False,False
1,37.22,0,0.0,-13,-39.57,0.057142857,0.114285714,0.0,0.0,Mar,1,1,9,1,Returning_Visitor,False,False
0,0.0,1,0.0,22,890.56,0.0,0.02,0.0,0.02,Mar,3,2,2,2,Returning_Visitor,True,False
4,2761.71,-7,0.0,20,7626.56,-0.02,0.028571429,-45.97,-0.36,Feb,2,10,4,2,New_Visitor,False,True
8,371.72,2,277.6333333,-30,-782.2,-0.0,0.01,9.098216282,0.03,Dec,2,2,3,2,Returning_Visitor,True,False
0,59.33,2,56.0,7,-437.27,0.04,0.07,6.87,0.0,May,2,2,4,4,Returning_Visitor,False,False
4,140.5,2,61.88,26,571.41,-0.0,0.01,19.79,0.0,Mar,1,1,5,2,Returning_Visitor,True,False
2,60.18,0,24.17,9,1346.2,0.0,0.01,3.86,0.03,Oct,2,2,1,6,New_Visitor,False,False
3,142.35,0,0.0,51,3566.992857,0.0,0.003947368,23.15073799,-0.03,Oct,1,2,1,2,Returning_Visitor,False,True
-1,-120.07,2,68.58,23,1328.5,0.05,0.07,-8.93,0.0,Nov,1,1,4,13,Returning_Visitor,False,False
1,-57.04,-1,0.0,37,1505.166667,0.01,-0.02,0.0,0.0,Aug,2,2,6,8,New_Visitor,False,False
0,8.0,0,-1.64,5,143.5,0.01,0.05,-0.7,0.0,Mar,3,2,3,1,Returning_Visitor,False,False
0,-7.9,0,11.17,20,371.09,0.02,0.05,0.0,0.01,Dec,2,2,7,2,Returning_Visitor,False,False
1,5.43,0,0.0,7,108.4166667,0.0,0.044444444,2.5,0.03,Mar,2,2,9,1,Returning_Visitor,False,False
2,0.73,1,42.69,34,873.91,-0.0,0.005695387,3.72,0.02,Mar,2,2,1,2,Returning_Visitor,True,False
2,41.99,0,0.0,29,1252.31,0.01,0.05,0.0,0.0,Oct,2,4,4,2,Returning_Visitor,False,False
2,51.66,1,0.0,2,542.61,0.0,0.03,0.0,0.0,Oct,2,2,1,2,Returning_Visitor,False,False
-1,0.0,0,-64.79,23,995.08,-0.0,0.0,67.98927956,0.0,Oct,4,1,9,12,Returning_Visitor,False,True
0,25.4,0,-29.18,36,1480.5,0.01,0.04,3.8,0.0,Oct,2,2,1,2,Returning_Visitor,False,False
-1,0.0,0,28.85,1,0.0,0.15,0.16,-1.17,0.0,May,3,2,1,3,Returning_Visitor,False,False
-1,0.0,0,-13.15,6,234.0,0.03,0.088888889,1.68,0.49,May,2,2,1,1,Returning_Visitor,False,False
2,141.21,0,-145.13,6,1564.0,0.08,0.066666667,0.0,0.0,May,3,2,4,13,Returning_Visitor,False,False
1,114.83,1,1.49,4,1084.43,0.01,0.02,91.23,-0.02,Mar,1,2,1,10,Returning_Visitor,False,False
2,0.0,1,0.0,-6,0.0,0.21,0.2,0.0,0.02,Nov,2,2,9,13,Returning_Visitor,False,False
2,21.67,0,5.19,10,277.0357143,-0.01,0.02,0.0,0.03,Oct,2,2,9,5,New_Visitor,False,False
2,21.88,0,-23.71,17,590.14,0.01,0.03,-4.07,0.02,Mar,3,2,2,1,Returning_Visitor,True,False
0,4.96,0,24.37,36,1477.154762,0.05,0.073976608,0.775318113,0.15,May,2,2,4,3,Returning_Visitor,False,False
3,35.87,0,19.18,3,1124.1,0.02,0.05,0.0,0.12,Mar,3,2,2,5,Returning_Visitor,False,False
3,119.0,0,12.62,23,1849.57,0.0,0.01,8.57,0.0,May,2,2,4,3,New_Visitor,False,False
4,125.1666667,0,49.21,27,1802.25,0.01,0.011774152,0.0,0.0,Mar,3,2,1,8,Returning_Visitor,True,False
0,0.0,0,629.71,-29,255.0,0.03,0.066666667,0.0,0.19,June,3,2,2,4,Returning_Visitor,False,False
1,34.98,0,-26.83,38,1411.47,-0.01,0.0,53.22881633,-0.03,Oct,1,1,3,4,Returning_Visitor,False,True
0,-151.25,1,859.66,-73,778.3,0.03,0.09,-3.79,0.35,Feb,4,2,2,3,Returning_Visitor,False,False
4,23.0,0,29.1,5,3601.74,0.0,-0.04,0.0,-0.35,May,2,1,4,18,Returning_Visitor,False,False
6,13.73,3,125.86,12,-391.73,0.0,0.02,2.848312236,0.06,Jul,2,2,1,2,Returning_Visitor,True,True
10,1776.0,-1,108.53,14,-883.02,0.0,0.012698413,0.0,0.0,Sep,3,2,4,2,Returning_Visitor,False,False
3,-29.96,9,505.6,5,-488.66,-0.03,0.0,21.15,-0.15,Nov,2,5,3,14,Returning_Visitor,True,False
12,1181.38,6,1241.48,241,6357.91,0.0,0.020720721,-5.59,-0.13,Nov,2,5,1,3,Returning_Visitor,False,True
3,57.425,3,55.0,11,281.425,0.004166667,0.053125,-0.05,0.0,Nov,2,2,1,1,Returning_Visitor,False,False
0,0.0,0,0.0,6,186.0,0.02,0.072222222,0.0,0.11,May,1,1,3,3,Returning_Visitor,False,False
12,174.2083333,6,383.75,151,6885.54,-0.02,-0.0,-4.79,0.84,May,2,2,6,6,Returning_Visitor,True,False
3,-8.67,1,-169.1,8,314.85,0.0,0.03,0.0,0.0,June,2,2,5,2,New_Visitor,True,True
4,447.38,-1,-31.11,11,577.6,0.01,-0.0,-1.18,0.01,Dec,3,2,9,2,New_Visitor,True,False
0,0.0,0,-77.3,2,255.89,0.0,0.0,23.42,0.04,Oct,8,1,4,20,Returning_Visitor,False,False
2,118.37,0,-3.74,45,2749.058333,0.009090909,0.02,8.960896465,-0.01,Oct,2,2,1,2,Returning_Visitor,False,False
8,471.5,5,40.66,53,121.0,0.01,0.051282051,-5.92,0.85,Aug,3,2,1,13,Returning_Visitor,False,False
-1,-95.37,0,0.0,61,241.0,0.0,0.07,0.0,1.0,May,1,1,5,1,Returning_Visitor,True,False
1,133.93,0,-1.69,12,349.8333333,-0.0,0.01,0.78,0.06,Mar,3,2,1,6,New_Visitor,False,False
3,9.38,1,0.0,-22,-1119.83,0.0,0.02,140.8,0.25,May,3,2,8,2,Returning_Visitor,False,False
2,21.25,0,-19.78,33,968.6444444,0.0,0.023480257,-7.15,-0.03,Nov,1,1,1,8,New_Visitor,True,False
2,57.01,0,1.84,30,1487.62,0.01,0.03,3.88,-0.0,Mar,2,2,1,2,Returning_Visitor,False,False
4,78.62,0,-8.79,53,2115.57,0.0,0.02,0.0,0.02,Oct,2,2,3,2,Returning_Visitor,False,False
0,0.18,0,0.0,22,1262.22,0.018421053,0.04,0.0,0.0,Mar,3,2,2,3,Returning_Visitor,True,False
3,508.13,0,-24.17,83,-1850.18,0.0,-0.02,0.0,0.0,Dec,2,5,7,2,Returning_Visitor,False,True
3,60.83,0,5.26,36,183.8333333,0.066666667,0.073333333,-3.35,0.8,May,3,2,2,2,Returning_Visitor,True,False
0,0.0,0,-12.97,20,577.14,0.014285714,0.04,0.0,0.07,May,2,1,5,3,Returning_Visitor,False,False
2,72.6,2,27.65,44,2190.76,-0.02,0.0,133.17,0.0,Oct,1,1,1,4,New_Visitor,False,False
3,158.42,0,0.0,31,2183.007024,-0.0,0.02,3.15,0.22,Mar,2,4,5,6,Returning_Visitor,False,False
0,0.0,0,16.84,1,0.0,0.21,0.2,0.0,0.06,Feb,1,1,3,3,Returning_Visitor,False,False
-1,-63.24,1,627.15,77,3465.08,0.0,0.031007752,0.0,0.04,June,2,2,6,1,Returning_Visitor,False,False
11,164.925,5,66.875,64,478.34,0.010964912,-0.01,83.78651166,0.0,Feb,3,2,1,3,Returning_Visitor,True,False
32,203.06,7,-191.97,220,10580.34479,0.004767742,0.04,23.95,-0.15,Nov,2,4,1,3,Returning_Visitor,True,False
1,0.0,0,0.0,12,20.0,0.01,0.05,0.44,0.03,Mar,2,1,9,1,Returning_Visitor,False,False
2,106.26,1,18.97,60,1693.69,0.0,0.014285714,2.9,0.0,Nov,2,2,1,2,Returning_Visitor,False,False
0,-80.21,1,101.81,14,2495.68,0.02,0.03,0.0,0.11,Mar,2,2,1,13,Returning_Visitor,False,False
3,72.9,1,90.0,24,776.0190476,0.0,0.005714286,-0.23,0.02,Mar,3,2,2,2,Returning_Visitor,True,False
0,0.0,0,19.77,29,1262.61,0.2,0.22,-0.4,0.6,May,2,2,1,1,Returning_Visitor,False,False
0,15.36,0,0.0,-22,0.0,0.11,0.2,-0.74,-0.04,Mar,2,4,1,2,Returning_Visitor,False,False
2,20.0,0,-5.88,23,1404.459091,0.02,0.044,4.55,0.0,Nov,3,2,2,1,Returning_Visitor,False,False
7,249.05,2,993.76,114,3354.54,0.03,0.03,0.0,0.4,Sep,2,2,7,2,Returning_Visitor,False,False
7,18.0,0,509.82,66,3573.98,-0.0,0.0,13.63692586,0.0,Nov,1,2,1,3,Returning_Visitor,False,True
4,117.2,0,28.26,24,993.01,0.005714286,0.015873016,7.63,0.0,Dec,2,2,1,2,Returning_Visitor,False,False
0,0.0,1,-157.4,170,-253.95,-0.03,0.06,36.61,0.6,Aug,2,6,7,17,Returning_Visitor,False,False
-1,54.5,0,0.0,74,4241.04,0.02,0.04,67.26616125,-0.02,Dec,4,4,9,4,Other,False,True
0,0.0,0,0.0,10,21.0,0.01,0.04,0.0,0.01,Mar,3,2,3,1,Returning_Visitor,False,False
6,166.65,0,0.0,16,1011.0,0.0,0.025,12.91,0.0,Oct,2,2,1,1,Returning_Visitor,False,False
0,44.74,0,16.45,25,948.3428571,0.0,0.009,5.88,0.0,Nov,2,2,1,2,Returning_Visitor,False,False
0,0.0,0,-10.85,23,1159.26,0.01,0.04,3.21,0.0,Mar,2,2,1,1,Returning_Visitor,False,False
3,691.41,1,755.75,109,4460.53,0.009489489,0.01406394,11.32556227,0.09,Nov,1,2,1,2,Returning_Visitor,False,True
3,52.89,-1,34.0,57,1722.3,0.0,-0.01,19.11506897,0.02,May,2,2,7,4,Returning_Visitor,False,True
0,26.96,0,0.0,20,278.81,0.03,0.08,0.83,0.6,May,2,2,1,1,Returning_Visitor,False,False
2,120.67,1,0.0,35,1342.49,0.0,0.00745614,54.16451768,-0.01,Feb,2,2,1,2,Returning_Visitor,False,True
0,20.64,0,22.26,22,348.4333333,0.0,0.04,-1.94,0.01,Feb,1,8,6,3,Returning_Visitor,False,True
0,0.0,0,-13.29,1,0.0,0.06,0.08,0.0,0.01,May,1,1,5,3,Returning_Visitor,False,False
0,0.0,0,0.0,18,385.5,0.0,0.03,0.0,0.02,Mar,2,2,9,1,Returning_Visitor,False,False
1,-42.33,0,56.85,6,1516.83,0.01,0.04,-0.05,0.0,Oct,1,1,1,7,New_Visitor,False,True
0,-8.73,0,-20.92,-5,-302.2,0.052380952,0.13,-3.43,0.02,Mar,2,4,5,2,Returning_Visitor,False,False
3,216.7,-3,-259.7,-3,678.0,0.25,0.19,-11.43,0.0,May,2,5,3,12,Returning_Visitor,False,True
10,850.0,-1,14.2,31,1388.53,0.0,0.03,-8.14,0.05,Oct,1,4,4,2,New_Visitor,False,False
1,16.0,0,0.0,77,3586.833333,-0.0,0.012575758,0.0,-0.01,Nov,2,2,1,2,Returning_Visitor,False,False
0,61.1,0,55.06,83,4156.48,0.05,0.057723577,10.15253138,0.0,Nov,2,6,2,1,Returning_Visitor,False,False
0,-111.38,3,56.83,9,-185.66,0.007894737,0.040131579,-11.99,0.04,Nov,1,1,1,1,Returning_Visitor,True,False
1,77.25,-1,-8.48,5,1040.2,0.0,0.03,5.96,0.02,Oct,1,4,6,2,New_Visitor,True,True
4,164.92,0,89.19,57,2787.87,0.0,0.025,0.0,-0.03,Nov,1,1,2,2,Returning_Visitor,False,False
5,79.33333333,3,102.63,17,1142.816919,-0.03,-0.0,62.16886364,-0.38,May,3,2,6,4,Returning_Visitor,False,False
3,14.0,0,-14.27,3,1750.52,0.01,0.04,1.11,-0.05,Dec,2,4,9,8,Other,False,False
1,24.41,0,-13.56,1,-197.71,0.2,0.2,0.0,0.05,Feb,1,1,7,1,Returning_Visitor,False,False
-3,-16.15,1,0.0,2,-1115.92,-0.02,-0.01,38.58,0.0,May,1,1,5,2,New_Visitor,True,False
0,0.0,0,29.85,3,1254.61,0.066666667,0.11,0.0,-0.03,Oct,1,2,9,20,Other,False,False
4,72.425,1,72.0,33,1143.657143,0.0,0.02,-1.16,0.04,Mar,2,2,1,2,Returning_Visitor,True,False
2,5.0,0,0.0,-6,-649.81,0.01,0.12,-20.22,1.13,May,1,3,2,5,Returning_Visitor,True,False
0,0.0,0,-9.27,37,1932.53,0.01,0.04,4.31,0.0,Oct,2,2,1,1,Returning_Visitor,False,False
1,0.0,0,0.0,41,1453.62,0.0,0.015447154,9.91,0.02,Dec,2,2,1,2,Returning_Visitor,False,False
1,24.2,-1,-47.1,0,-360.64,0.02,0.07,2.21,-0.03,Nov,1,8,7,9,Returning_Visitor,True,True
3,104.9,0,-16.8,43,2161.23,0.0,0.01,11.65996434,0.0,Nov,2,2,1,10,Returning_Visitor,False,True
0,28.07,0,-22.95,6,16.0,0.01,0.04,5.15,0.0,Mar,2,2,7,2,Returning_Visitor,False,False
0,0.0,0,0.0,15,-201.51,0.02,0.07,0.0,0.0,Sep,1,8,6,1,Returning_Visitor,False,False
2,48.06,0,0.0,29,1290.77,0.01,0.04,2.96,-0.01,Mar,2,2,1,1,Returning_Visitor,False,False
0,0.0,0,-8.07,46,2248.69,0.01,0.0375,0.0,0.0,Nov,2,2,1,10,Returning_Visitor,False,False
1,172.59,1,30.3,8,-487.24,-0.0,0.02,0.0,0.04,Mar,3,2,9,1,Returning_Visitor,False,False
11,291.9,3,191.22,-22,1090.060606,0.01,0.011337868,4.759935374,0.0,May,3,2,1,11,Returning_Visitor,False,False
0,20.35,0,20.39,12,0.0,0.2,0.18,-0.63,0.0,May,3,2,4,3,Returning_Visitor,False,False
4,81.0,1,18.91,47,1646.04,0.0,0.015104167,0.0,-0.0,Nov,2,2,1,2,Returning_Visitor,False,True
0,46.4,0,0.0,8,61.4,0.0,0.02,-17.95,0.0,Oct,2,2,9,2,New_Visitor,False,False
3,31.96,0,-7.29,61,1060.75,0.0,0.01,0.0,0.0,Nov,2,2,3,4,Returning_Visitor,False,False
2,47.0,0,0.0,11,1157.48,0.0,0.020512821,0.0,0.0,Oct,2,2,5,1,Returning_Visitor,False,False
4,84.56,0,0.0,24,1060.69,0.0,0.02,7.55,0.0,Mar,2,2,3,1,Returning_Visitor,False,True
-2,-184.97,-1,-19.64,12,618.25,0.0,-0.02,9.92,-0.1,Aug,2,2,7,8,New_Visitor,True,False
0,0.0,0,-29.95,-4,-130.69,0.06,0.1,0.0,0.15,May,3,2,1,3,Returning_Visitor,False,False
-3,32.0,0,101.36,15,276.3666667,-0.01,-0.02,55.82099528,0.0,Sep,2,4,5,2,New_Visitor,False,False
1,20.25,0,0.0,0,-1980.26,0.08,0.126666667,1.03,0.0,Nov,3,2,1,4,Returning_Visitor,False,False
0,-113.2,0,80.5,60,1728.81,0.0,0.06,-1.74,0.0,Feb,1,12,6,3,Returning_Visitor,True,True
0,23.2,-1,0.0,27,462.09,0.01,0.07,-9.66,0.0,Jul,2,1,1,5,Returning_Visitor,False,True
-9,-112.74,1,0.0,16,57.0,-0.06,0.066666667,207.08,0.2,Feb,2,5,1,2,Returning_Visitor,False,False
4,80.06666667,1,-9.29,113,3282.583983,0.01,0.016691039,3.43,0.01,Aug,2,2,5,1,Returning_Visitor,False,False
2,76.22,0,-5.44,24,1278.01,0.0,0.05,7.98,0.02,Mar,2,4,2,2,Returning_Visitor,False,False
1,81.0,1,0.0,-17,818.9,0.0,0.053333333,29.6,0.02,Dec,8,13,1,20,Other,False,False
2,15.0,0,32.72,7,771.49,0.0,0.028571429,7.83,0.0,Mar,2,2,1,1,Returning_Visitor,False,False
4,60.0,0,49.69,29,1241.05,0.01,0.03,0.9,0.02,Mar,2,2,1,1,Returning_Visitor,False,True
8,459.3333333,0,76.67,22,1733.64,0.02,0.03,4.81,0.0,Oct,2,2,1,2,Returning_Visitor,False,True
11,110.7866667,5,1166.29,61,4099.79,0.006722689,0.05,-13.6,0.0,June,2,2,1,1,Returning_Visitor,False,False
11,814.56,4,157.53,261,16904.03,0.00598336,0.026011023,28.19,0.0,Feb,2,2,3,6,Returning_Visitor,False,True
0,-5.27,0,26.6,30,1559.6,0.0,0.03,0.0,0.01,Mar,2,2,1,1,Returning_Visitor,False,False
0,0.0,0,0.0,10,244.95,0.03,0.05,17.67,0.0,May,4,1,1,3,Returning_Visitor,False,True
-4,-167.17,0,567.35,9,65.4,0.04,0.1,-4.85,0.0,Jul,2,2,7,5,Returning_Visitor,False,False
0,38.3,-1,188.8,-22,-2721.85,0.01,0.14,0.0,-0.01,Nov,3,2,6,20,Returning_Visitor,False,False
3,138.37,0,-0.9,51,2493.2,0.01,0.03,0.0,0.15,May,2,2,1,4,Returning_Visitor,False,False
4,109.59,0,0.0,55,1926.99,0.003508772,0.02,4.31,0.0,Oct,2,2,1,2,Returning_Visitor,False,False
0,0.0,0,0.0,14,257.9,0.01,0.044444444,0.0,0.0,Mar,2,2,9,1,Returning_Visitor,False,False
0,118.06,0,0.0,10,1416.83,0.02,0.02,69.88,0.01,Mar,2,2,1,10,Returning_Visitor,False,False
5,160.5,10,1467.0,41,721.0,0.01,0.031029186,0.0,0.0,Jul,3,2,1,2,Returning_Visitor,False,False
3,115.65,0,18.04,28,1277.69,0.007692308,0.02,4.15,-0.0,Oct,2,2,1,2,Returning_Visitor,False,False
4,129.81,0,47.02,31,1678.69,0.0,0.003468013,15.51,0.0,Mar,2,2,2,2,Returning_Visitor,False,False
5,353.5,0,12.19,152,5102.39,0.02,0.007692308,0.0,0.0,Nov,1,1,1,2,Returning_Visitor,False,False
2,-66.15,2,87.79,30,1299.196667,0.003636364,0.01,-13.91,-0.04,Sep,1,8,3,2,Returning_Visitor,False,False
0,0.0,1,75.71,25,649.63,0.0,0.01,74.62,0.0,Dec,1,1,3,2,Returning_Visitor,False,False
0,296.51,0,0.0,-7,-2967.12,-0.02,0.027777778,45.95,0.74,Sep,2,5,1,4,Returning_Visitor,True,True
3,65.89,0,20.81,16,353.0,0.0,0.01,8.1,0.04,Oct,2,2,9,2,New_Visitor,False,False
1,18.86,-1,0.0,13,0.0,0.08,0.2,42.12,1.2,May,1,4,3,13,Returning_Visitor,False,False
6,178.1666667,0,162.6666667,18,1081.42,0.0,0.02,6.57,-0.02,Jul,2,4,2,2,Returning_Visitor,False,False
0,-18.26,0,-16.43,16,-277.2,-0.01,0.020740741,0.0,0.0,Oct,1,8,7,3,Returning_Visitor,False,False
1,0.0,0,8.27,16,511.1666667,0.02,0.05,0.0,0.04,Mar,2,2,1,1,Returning_Visitor,False,False
2,75.04,1,49.59,22,871.04,0.02,0.03,-1.76,0.01,Mar,1,1,4,2,Returning_Visitor,True,False
0,0.0,1,62.9,14,673.62,0.01,0.05,-2.88,0.0,Mar,2,1,1,2,Returning_Visitor,False,False
4,62.66666667,0,0.0,24,1805.277375,0.0,0.01,8.76,-0.0,Dec,1,8,2,11,Returning_Visitor,True,False
6,634.5,7,312.75,172,5214.62,0.001396648,0.02,6.79,0.0,Nov,2,5,1,2,Returning_Visitor,True,False
1,60.54,0,-18.46,11,364.7,0.0,0.028571429,0.0,0.03,Oct,1,2,9,2,New_Visitor,False,False
5,47.6,0,0.0,42,1482.04,0.0,0.01,0.0,0.4,May,3,2,2,1,Returning_Visitor,True,False
1,0.0,0,-0.99,39,1706.59,0.0,0.012121212,9.38,0.0,Oct,2,2,1,2,Returning_Visitor,False,False
0,36.27,0,22.5,8,638.68,0.03,0.06,-2.45,0.06,May,3,2,1,3,Returning_Visitor,False,True
6,247.19,0,65.5,187,6082.873739,0.0,-0.01,-1.22,0.0,Nov,1,1,3,2,Returning_Visitor,False,False
1,0.0,0,-17.13,90,3338.46,0.01,0.044796184,2.03,0.0,Jul,2,2,1,1,Returning_Visitor,False,True
0,22.81,0,0.0,13,972.09,0.0,0.015384615,14.85,0.01,Mar,2,2,1,2,Returning_Visitor,False,False
0,8.87,0,-24.13,-8,-66.03,0.05,0.1,-1.18,0.08,May,2,4,4,1,Returning_Visitor,False,False
1,-36.11,0,-13.99,55,1597.37,0.025333333,0.063888889,1.53,0.8,May,2,2,1,6,Returning_Visitor,False,False
0,0.0,0,0.0,0,0.0,0.2,0.2,-1.62,0.0,May,2,2,1,3,Returning_Visitor,False,False
0,64.24,-1,-43.65,0,1054.33,0.18,0.2,2.28,0.0,Mar,3,2,3,9,Returning_Visitor,False,False
4,120.0,1,59.68,36,1788.74,0.0,0.014285714,0.0,0.02,Oct,2,2,1,2,Returning_Visitor,False,False
4,118.55,2,-57.86,53,1854.242845,0.0004329,0.015548371,4.69,0.0,Oct,2,2,9,2,Returning_Visitor,False,False
5,156.14,1,3.43,49,1963.11,-0.01,0.000696864,27.47,-0.01,Nov,2,4,6,10,Returning_Visitor,False,False
1,-99.94,0,57.73,-5,436.8583333,0.0,0.010852713,0.0,0.02,Feb,2,2,7,5,New_Visitor,True,False
5,488.462963,0,-90.94,54,1126.81,-0.01,0.01,82.62,0.0,Mar,2,4,3,2,Returning_Visitor,False,False
3,55.05,0,13.55,14,556.6,0.01,0.03,-0.57,0.01,Mar,2,2,3,1,Returning_Visitor,False,False
5,299.0833333,1,25.66,14,1027.75,0.010526316,-0.0,0.0,-0.01,May,3,2,9,11,Returning_Visitor,False,False
2,44.0,1,43.0,-1,182.0,0.01,0.005,117.86,0.0,May,1,2,4,2,New_Visitor,False,False
11,297.6,0,46.76,26,1022.88,0.005797101,0.012314449,7.766280897,0.0,Jul,3,2,8,2,Returning_Visitor,False,False
6,316.5,0,58.95,8,298.6904762,0.01,0.02,0.0,0.05,Oct,2,2,1,2,Returning_Visitor,False,False
0,0.0,0,0.0,18,713.78,0.01,0.04,0.0,0.0,Oct,2,2,1,2,Returning_Visitor,False,False
0,-32.99,0,0.0,5,-267.05,0.01,0.04,6.11,0.01,Dec,2,2,3,2,Returning_Visitor,False,False
1,10.43,0,17.0,126,5276.227193,0.011548556,0.04,-7.56,0.0,Mar,2,2,9,1,Returning_Visitor,False,False
1,16.59,0,6.52,20,138.8,-0.0,0.004761905,13.32,0.0,Mar,2,2,5,4,New_Visitor,True,False
9,239.35,1,6.0,307,9519.87,0.02,0.03,12.45,-0.15,Dec,2,2,3,20,Returning_Visitor,True,False
9,335.1666667,0,219.0,43,2722.68,0.02,0.016223404,8.28,-0.02,Nov,1,2,2,1,Returning_Visitor,False,False
1,120.76,0,27.47,23,935.0,0.01,0.027272727,0.0,0.02,Mar,1,1,7,2,Returning_Visitor,False,False
-1,63.21,2,-34.36,2,889.12,0.0,0.1,-6.99,0.0,May,2,4,4,20,Other,False,False
0,67.4,1,16.2,8,-51.19,0.01,0.041666667,-2.55,0.02,Nov,4,2,9,20,Other,False,True
2,-31.19,0,-48.92,89,2859.42,0.015384615,0.05,-6.74,-0.04,Nov,2,2,3,1,Returning_Visitor,False,False
0,17.84,0,19.35,13,222.5,-0.01,0.007692308,0.0,0.04,Oct,2,2,9,2,New_Visitor,True,False
1,103.5,0,0.0,28,1761.61,0.01,0.011326165,0.0,0.0,May,1,1,1,4,Returning_Visitor,False,False
4,9.0,1,0.0,74,1421.66,-0.0,0.00058651,36.68,-0.03,Nov,2,2,1,3,Returning_Visitor,False,False
0,-99.42,1,28.22,12,305.4,0.0,-0.0,25.33,0.0,Oct,3,2,9,11,Returning_Visitor,True,False
5,158.03,1,0.0,24,494.6666667,0.01,0.03,33.14514286,0.03,Mar,2,2,2,2,Returning_Visitor,False,True
7,54.63636364,0,96.33,67,1108.65,0.0,0.01,-1.6,0.0,Jul,2,2,3,3,Returning_Visitor,False,False
1,66.16666667,0,8.84,204,6332.45,0.01,0.02,7.64,0.0,Nov,2,2,1,2,Returning_Visitor,False,False
1,12.0,0,0.0,5,0.0,0.03,0.05,0.0,0.04,Jul,1,1,6,2,Returning_Visitor,True,True
0,0.0,0,-15.95,14,1033.92,0.03,0.054166667,0.0,-0.01,Feb,3,2,6,1,Returning_Visitor,False,False
0,-7.56,0,23.36,14,871.92,0.0,0.03,3.9,0.0,Mar,2,2,1,2,Returning_Visitor,False,False
2,60.87,0,0.0,5,171.5,0.03,0.06,0.0,0.03,Mar,1,1,9,1,Returning_Visitor,False,False
0,0.0,0,7.02,2,-604.56,0.2,0.2,-1.23,0.01,May,3,2,1,3,Returning_Visitor,False,False
0,0.0,0,-35.82,44,660.14,-0.01,0.01,59.21256014,0.06,Mar,2,4,3,2,Returning_Visitor,False,True
5,105.67,1,58.62,33,1413.07,-0.0,0.015,16.67,0.0,Jul,2,4,2,2,Returning_Visitor,False,False
6,213.5,0,-146.37,36,303.5,-0.01,-0.0,87.9029606,0.0,Feb,2,4,3,7,New_Visitor,False,True
1,-21.57,0,-0.62,32,-95.15,0.07,0.12,0.0,0.02,Aug,1,1,4,3,Returning_Visitor,False,False
5,505.0,0,0.0,85,4195.31,0.03,0.029405769,-9.15,-0.09,May,2,2,4,2,Returning_Visitor,False,False
3,257.76,2,166.22,62,1735.2,0.0,-0.0,0.0,0.05,May,3,2,4,4,Returning_Visitor,True,False
2,76.54,1,130.5166667,14,1359.771429,0.01,0.04,-5.7,-0.03,Mar,3,2,1,2,Returning_Visitor,False,False
2,36.5,0,9.15,28,770.375,0.0,0.01372549,3.68,0.02,Oct,2,2,3,2,Returning_Visitor,False,False
3,110.81,1,28.81,6,131.8,0.0,0.02,4.1,0.04,Oct,2,2,9,2,Returning_Visitor,False,True
3,117.86,0,16.01,44,2023.7,0.01,0.03,3.8,0.0,Oct,2,2,1,2,Returning_Visitor,False,False
5,199.625,1,10.0,31,1420.32,0.01,0.02,4.36,0.0,Oct,2,2,1,2,Returning_Visitor,False,False
0,0.0,0,0.0,14,208.9,-0.0,0.05,0.0,0.04,Mar,1,8,3,9,Returning_Visitor,False,False
4,219.52,0,0.0,38,2457.62,0.028571429,0.028571429,-3.18,0.0,May,3,2,4,1,Returning_Visitor,False,False
2,117.5,0,30.81,8,585.84,0.0,0.016666667,-5.97,0.02,Mar,1,1,7,2,Returning_Visitor,True,True
9,600.4230769,0,0.0,17,996.72,0.01,0.013061325,8.7,0.02,Oct,1,2,1,2,Returning_Visitor,False,True
0,-9.89,0,0.0,2,892.49,-0.0,0.02,0.0,0.03,Mar,2,2,1,6,New_Visitor,False,False
1,123.85,0,-30.03,11,265.5,-0.0,-0.01,0.8,0.0,Oct,2,2,9,2,New_Visitor,True,False
3,230.24,0,-21.31,38,1323.093695,0.02,0.03,24.44,0.03,Sep,3,2,4,2,Returning_Visitor,False,False
0,0.0,0,-43.71,9,1589.18,0.03,0.08,0.0,0.04,Dec,3,1,8,2,Returning_Visitor,False,False
3,96.8,0,18.77,21,1100.49,0.026075269,0.05,0.64,0.03,Mar,1,1,1,1,Returning_Visitor,False,False
-6,71.66666667,1,4.0,-81,-2479.26,0.02,0.11,6.560625,0.0,May,2,7,6,1,Returning_Visitor,False,True
1,-16.97,0,8.0,79,2091.97,-0.0,0.0,0.0,-0.05,Dec,1,1,3,2,Returning_Visitor,False,False
0,0.0,0,0.0,35,-1079.46,0.27,0.25,2.03,0.78,May,2,6,3,3,Returning_Visitor,False,False
1,22.4,0,15.58,13,487.6,0.01,0.05,0.0,0.01,Nov,2,2,1,1,Returning_Visitor,False,False
0,75.51,0,0.0,6,123.75,0.03,0.06,0.0,0.07,Dec,3,2,1,6,Returning_Visitor,False,False
1,52.87,0,0.09,21,1277.25,0.02,0.056282051,1.15,0.0,Oct,2,2,1,1,Returning_Visitor,False,False
0,4.23,0,0.0,18,117.0,0.0,0.028571429,2.05,0.0,Feb,1,8,6,3,Returning_Visitor,False,False
1,41.06,0,-5.6,14,320.9833333,0.01,0.04,4.79,0.04,Oct,2,2,1,3,Returning_Visitor,False,False
0,0.0,1,0.0,21,125.26,0.03,0.057142857,32.8,-0.01,June,1,1,7,2,Returning_Visitor,False,False
1,6.0,0,-18.63,61,2467.87,0.01,0.02,0.0,-0.06,Mar,2,2,7,2,Returning_Visitor,False,False
2,105.5,1,61.62,37,1984.025,0.0,0.02,0.88,0.0,Oct,2,2,1,2,Returning_Visitor,False,False
2,42.86,0,0.0,11,1154.95,0.0,0.04,7.06,0.03,Oct,2,2,1,5,New_Visitor,False,False
1,30.18,0,0.0,34,1181.86,0.02,0.053240741,4.760548596,0.0,Oct,1,1,7,1,Returning_Visitor,False,False
6,234.43,0,0.0,26,327.0,0.01,0.00625,29.63,0.03,Mar,1,1,1,4,Returning_Visitor,True,False
3,161.52,0,0.0,8,295.6974359,0.0,0.026315789,0.0,0.02,Mar,3,2,3,2,Returning_Visitor,False,False
5,232.4,0,0.0,35,1481.37,0.01,0.02,6.29,0.02,Oct,2,2,1,2,Returning_Visitor,False,False
2,43.5,0,0.0,17,1441.67,-0.0,0.0,0.0,0.02,Mar,2,2,1,2,New_Visitor,True,False
0,0.0,0,-34.65,9,183.6666667,0.03,0.04,47.91,0.0,Feb,1,1,7,1,Returning_Visitor,False,False
1,0.0,0,0.0,7,990.68,0.01,0.07,0.0,0.1,Aug,1,8,1,3,Returning_Visitor,True,False
1,0.0,0,0.0,4,122.74,0.016666667,0.05,0.0,-0.02,Oct,1,1,7,1,Returning_Visitor,False,False
5,198.36,1,50.8,20,-378.54,0.01,0.028709742,4.46,0.05,May,1,1,4,3,Returning_Visitor,False,False
1,0.0,0,-16.4,25,1385.666667,0.01,0.05,4.94,0.0,Mar,2,2,1,1,Returning_Visitor,False,False
0,0.0,0,0.0,13,142.125,0.0,0.033333333,0.0,0.01,Mar,3,2,3,2,Returning_Visitor,False,False
6,62.4,0,0.0,-22,-31.05,0.0,0.004166667,0.0,-0.16,Dec,2,2,4,2,Returning_Visitor,False,False
-3,-99.19,0,0.0,-14,135.18,-0.0,0.04,0.0,0.0,Mar,2,2,7,2,New_Visitor,False,False
5,67.01,1,0.0,-1,72.62,0.01,0.03,0.0,0.0,Dec,2,1,3,2,Returning_Visitor,False,False
9,189.1098485,1,39.0,30,1004.19,0.01,0.024897119,16.74209908,0.0,Jul,2,2,2,2,Returning_Visitor,False,True
-1,-234.05,0,-130.5,23,-1396.79,0.000833333,0.01,-22.85,-0.18,Aug,2,1,7,8,New_Visitor,True,False
1,16.87,0,24.97,25,403.06,0.02,0.03,1.75,0.0,Dec,1,1,5,2,Returning_Visitor,False,False
1,21.2,0,-5.23,26,1256.29,0.01,0.04,3.45,0.0,Mar,2,2,1,1,Returning_Visitor,False,False
1,107.59,1,55.05,64,2059.31,-0.01,0.016949586,0.0,0.12,Oct,2,4,9,10,Returning_Visitor,False,False
0,44.64,2,15.0,93,1984.35,0.02,0.023117504,44.68,0.0,May,1,1,4,4,Returning_Visitor,False,False
3,64.4,0,2.36,19,47.3,0.0,0.022222222,45.82834797,0.0,Sep,2,1,1,3,Returning_Visitor,False,True
3,148.0,1,0.0,8,138.41,0.0,0.02,0.0,0.0,Mar,2,2,5,2,Returning_Visitor,True,False
2,123.4333333,1,0.0,7,132.8833333,0.0,0.006060606,102.43,0.01,May,1,2,3,2,New_Visitor,False,False
0,0.0,0,0.0,4,0.0,0.03,0.06,0.0,-0.01,Nov,2,2,2,2,Returning_Visitor,False,False
0,159.69,-1,2.72,22,356.8,0.0,0.016666667,-11.54,0.04,Mar,3,2,2,8,Returning_Visitor,False,False
0,0.0,1,0.0,10,422.5,0.01,0.02,89.62,0.03,Mar,1,2,1,10,Returning_Visitor,False,False
4,30.38,-1,-66.44,6,180.4166667,0.0,0.025,-25.62,0.0,Oct,3,6,3,1,Returning_Visitor,False,False
3,0.0,0,0.0,21,1498.15,0.01,0.02,9.02,0.0,Nov,3,2,2,4,Returning_Visitor,True,False
4,144.8,0,38.69,26,1511.65,0.019973545,0.028024691,0.0,0.03,Oct,2,2,1,2,Returning_Visitor,False,False
0,6.42,0,-4.18,21,920.55,0.02,0.05,0.29,0.0,Mar,2,2,1,1,Returning_Visitor,False,False
4,85.5,1,40.52,42,1538.13,0.0,0.002051282,27.12804201,0.02,Mar,2,2,1,2,Returning_Visitor,False,False
4,41.33333333,0,109.62,136,4569.904365,0.0,0.00891253,2.97,0.8,May,2,2,2,2,Returning_Visitor,False,False
4,0.0,1,28.26,17,14.0,0.0,0.03,187.14,0.1,June,4,2,8,2,Returning_Visitor,False,False
0,-18.02,1,24.68,43,1080.93,0.0,0.0,10.28,-0.07,Oct,4,1,5,3,New_Visitor,True,True
1,0.0,0,0.0,15,26.5,-0.01,0.02,-2.92,0.06,Mar,2,2,9,3,Returning_Visitor,True,False
3,71.33,0,24.92,26,1195.5,0.01,0.03,4.528329755,0.02,Mar,2,2,1,2,Returning_Visitor,False,False
19,26.7,2,778.26,8,-2130.63,0.0,0.01,0.0,0.0,Dec,2,4,3,4,Returning_Visitor,False,False
1,74.33,0,6.83,18,1093.083333,0.01,0.04,-2.42,0.0,Mar,3,2,2,1,Returning_Visitor,False,False
5,25.6,1,621.85,14,287.01,0.03,0.06,-6.44,0.0,Jul,3,2,8,4,Returning_Visitor,False,False
4,211.71,0,76.12,38,2405.96,0.012280702,0.03,2.28,0.08,Mar,1,1,2,2,Returning_Visitor,True,True
0,0.0,-2,40.08,238,7029.57,0.0,0.016666667,6.75,0.67,Aug,2,2,7,3,Returning_Visitor,False,False
3,0.0,0,85.65,56,2485.69,0.0,0.02,0.0,-0.03,Jul,2,2,2,1,Returning_Visitor,False,False
0,0.0,0,-2.84,26,1700.77,0.03,0.05,0.0,0.0,May,2,2,1,3,Returning_Visitor,False,False
0,-5.85,0,-7.85,23,965.18,0.01,0.05,-0.11,0.01,Mar,2,2,9,1,Returning_Visitor,False,False
0,-25.08,0,-2.29,31,618.75,0.003225806,0.03,0.0,0.01,Mar,2,2,9,1,Returning_Visitor,False,False
8,155.29,-1,-29.8,53,652.45,-0.0,0.025,0.0,-0.07,Dec,1,8,7,1,Returning_Visitor,False,False
4,70.16,0,0.0,22,170.0,0.01,0.016666667,9.99,0.04,Dec,2,2,9,2,Returning_Visitor,False,False
0,0.0,0,-6.67,25,1193.21,0.01,0.04,3.32,-0.0,Mar,2,2,1,1,Returning_Visitor,False,False
6,446.3833333,0,0.0,28,1276.14,0.01,0.02,7.94,-0.03,Nov,2,2,1,2,Returning_Visitor,False,False
1,4.37,0,-24.56,11,1146.5,0.0,0.04,18.56,0.05,Jul,2,4,2,2,Returning_Visitor,True,True
7,-3.65,7,110.97,31,4226.22,0.0,0.0,0.0,0.0,May,2,4,5,6,New_Visitor,False,False
4,132.0,-1,5.88,85,4436.28,0.003065134,0.01,1.95,0.05,May,3,2,2,3,Returning_Visitor,False,False
1,0.0,2,130.76,6,-776.41,0.0,0.01,-7.49,-0.03,Mar,3,2,9,2,Returning_Visitor,True,False
1,26.18,0,0.0,20,-58.1,0.01,0.04,0.0,-0.03,Jul,3,2,2,1,Returning_Visitor,False,False
0,0.0,0,0.0,26,1069.6,0.01,0.04,0.77,0.0,Mar,2,2,1,1,Returning_Visitor,False,False
2,78.0,0,0.0,19,29.0,0.04,0.066666667,0.0,0.0,Dec,1,8,7,2,Returning_Visitor,True,False
-1,21.75,0,-13.28,36,1263.9,0.03,0.06,0.0,0.0,May,3,2,4,1,Returning_Visitor,False,False
7,10.0,0,57.0,99,6266.208586,0.0,0.010869841,8.926598571,0.47,May,2,2,2,1,Returning_Visitor,True,False
0,0.0,-1,0.0,32,-1373.31,-0.0,-0.06,25.75735474,0.0,Dec,2,5,7,1,Returning_Visitor,False,False
2,-210.72,1,0.0,66,1253.75,-0.0,0.022619048,-12.82,0.11,Dec,1,8,3,1,Returning_Visitor,True,False
0,12.09,0,-22.04,3,252.5,0.02,0.05,0.0,0.0,Mar,3,2,2,3,Returning_Visitor,True,False
0,0.0,0,39.93,-82,-1622.47,0.2,0.18,0.0,0.0,Nov,8,1,9,20,Returning_Visitor,False,False
3,89.18,0,60.0,12,1192.91,0.02,0.047348485,-4.2,0.0,Oct,1,1,1,1,Returning_Visitor,False,False
0,16.98,0,0.0,57,2273.2,0.01,0.044642857,1.55,-0.02,Nov,2,2,1,2,Returning_Visitor,False,False
0,-7.7,0,12.18,1,-33.35,0.03,0.07,-1.03,0.0,Mar,1,1,5,1,Returning_Visitor,False,False
0,-225.83,0,-202.69,36,872.8333333,-0.03,-0.08,82.72,0.01,Nov,3,4,1,8,New_Visitor,False,True
4,0.0,0,9.4,26,440.5833333,0.025,0.036666667,0.0,0.0,Dec,1,8,8,2,Returning_Visitor,False,False
0,0.0,0,0.0,1,-80.2,0.164285714,0.2,-7.42,0.6,May,3,2,6,5,Returning_Visitor,False,False
2,-230.71,4,140.0,26,399.21,-0.01,0.040229885,-13.04,0.18,Mar,3,1,1,3,Returning_Visitor,True,False
5,140.57,2,2.28,34,1063.420238,0.011111111,0.04,-7.26,0.0,Nov,3,2,1,1,Returning_Visitor,True,False
2,56.71,0,0.0,33,863.32,0.0,0.02,8.29,0.4,May,2,2,3,2,Returning_Visitor,False,False
0,106.95,0,-19.2,7,1087.09,0.018181818,0.03,59.05,-0.01,Feb,1,2,4,2,New_Visitor,True,False
0,0.0,0,0.0,36,1553.71,0.01,0.038571429,1.78,-0.02,Nov,1,2,2,2,Returning_Visitor,False,False
1,0.0,0,0.0,43,1347.09,0.0,0.02,-0.32,-0.02,Nov,3,2,2,4,Returning_Visitor,False,False
3,100.68,0,4.57,64,2524.43,0.01,0.02,3.7,0.0,Nov,2,2,1,2,Returning_Visitor,False,False
6,15.97,0,-83.67,57,1399.76,0.0,0.00952381,0.0,-0.22,Nov,3,1,7,15,Returning_Visitor,False,False
5,161.73,0,13.14,30,2205.666667,0.01,0.02,2.29,0.0,May,2,2,4,1,Returning_Visitor,False,True
3,160.5,1,0.0,10,843.68,0.0,-0.0,63.47,-0.03,Feb,1,1,7,10,Returning_Visitor,False,False
0,0.0,0,-37.6,-66,-1820.01,-0.06,0.058,0.0,0.0,May,2,12,6,3,Returning_Visitor,False,False
5,389.54,1,54.45,6,463.5,0.02,0.07,21.97,0.79,May,1,5,2,6,Returning_Visitor,False,False
3,40.46,0,15.22,15,421.25,0.0,0.02,0.0,0.0,Mar,2,2,7,1,Returning_Visitor,False,False
0,-8.13,0,14.24,21,426.3,0.01,0.04,0.62,0.02,Oct,1,1,3,2,Returning_Visitor,False,False
0,1.87,0,0.0,59,2784.71,0.0,0.03,4.03,-0.02,Nov,2,2,1,2,Returning_Visitor,False,False
0,190.76,5,173.54,31,1840.57,0.11,0.09,35.22837227,0.0,Sep,3,6,9,20,Other,False,False
4,114.83,1,19.62,106,4764.429997,-0.0,0.005636724,7.72,-0.02,Oct,2,2,1,2,Returning_Visitor,False,False
0,37.46,0,-24.64,19,-5.29,0.01,0.046060606,17.48,0.6,May,1,2,2,2,Returning_Visitor,False,False
0,0.0,0,-20.21,20,805.08,0.01,0.04,0.0,0.0,Mar,3,2,2,1,Returning_Visitor,False,False
1,40.58,0,29.99,26,890.4,0.027407407,0.048148148,15.9468,-0.02,Mar,1,2,3,2,Returning_Visitor,False,True
13,295.9285714,8,1355.52,154,6759.311928,-0.02,-0.0,0.0,-0.1,Nov,2,5,2,10,Returning_Visitor,True,False
0,-21.73,0,-4.63,16,157.9,0.04,0.0625,0.0,0.13,May,2,2,5,3,Returning_Visitor,False,False
-1,0.0,0,-6.63,5,94.8,0.07,0.1,-5.72,0.03,May,2,2,9,1,Returning_Visitor,False,False
6,167.86,0,31.33,55,1723.0,0.0,0.01,58.27,0.0,June,2,4,2,4,Returning_Visitor,False,False
0,0.0,0,0.0,0,-32.53,0.066666667,0.133333333,-1.42,0.4,May,2,2,9,1,Returning_Visitor,False,False
2,117.01,0,-9.48,28,1845.666667,0.01,0.02,23.069,0.0,May,2,2,4,2,Returning_Visitor,False,False
2,137.03,0,0.0,17,892.36,0.01,0.02,74.55,0.0,Feb,1,4,4,2,New_Visitor,False,False
-1,0.0,0,-17.68,17,796.24,0.04,0.080392157,-0.08,0.02,Oct,2,2,1,1,Returning_Visitor,False,False
0,0.0,0,0.0,25,1072.45,0.01,0.04,0.0,0.0,Oct,2,2,1,1,Returning_Visitor,False,False
5,85.23,-1,0.0,36,1514.037879,0.016071429,0.0175,0.0,0.02,Oct,2,2,1,3,Returning_Visitor,True,False
-1,0.0,0,-14.32,38,822.38,0.005263158,0.03,5.3,-0.01,May,2,2,5,1,Returning_Visitor,False,False
1,16.71,-1,-173.05,14,1183.0,0.01,-0.01,32.26,0.0,Nov,2,2,6,10,Returning_Visitor,True,True
-3,0.0,0,0.0,1,411.9166667,0.0,0.01,1.25,0.0,Oct,3,2,1,2,New_Visitor,True,True
0,0.0,1,89.05,55,6621.71,0.07,0.076190476,0.0,0.0,May,1,1,1,13,Returning_Visitor,False,False
1,40.39,0,0.0,29,1417.69,0.01,0.04,3.27,0.02,Oct,2,2,1,1,Returning_Visitor,False,False
4,619.58,1,175.48,26,2609.0,0.0,0.002380952,47.12454606,0.09,Mar,2,4,1,2,Returning_Visitor,True,True
11,429.89,1,3.98,25,566.36,0.0,0.035,8.35,0.09,Dec,1,1,1,2,Returning_Visitor,False,False
4,90.99,0,0.0,40,1773.67,0.02,0.01,42.23,-0.04,Sep,2,2,1,4,Returning_Visitor,False,False
1,69.45,0,0.0,37,1486.16,0.01,0.02,30.04921703,-0.02,Mar,2,2,2,2,Returning_Visitor,False,True
0,0.0,0,-0.65,1,-232.03,0.2,0.2,0.62,0.05,May,1,1,3,3,Returning_Visitor,False,False
5,180.77,2,174.0,105,5254.158333,0.01,0.017589264,0.0,0.0,Aug,2,2,3,2,Returning_Visitor,False,False
3,150.7,0,-22.79,48,2347.31,0.01,0.025,0.0,-0.0,Oct,2,2,1,2,Returning_Visitor,False,False
2,141.26,0,23.87,42,855.52,0.01,0.00625,9.836358025,-0.0,Oct,2,2,5,2,Returning_Visitor,False,True
3,0.0,0,48.44,34,2322.22,0.017647059,0.04,0.0,-0.09,Oct,1,1,1,3,Returning_Visitor,False,False
0,0.0,-3,0.0,43,103.0,0.01,0.01,0.0,0.6,May,2,10,6,3,Returning_Visitor,False,False
3,-49.84,7,89.53333333,87,4131.156044,-0.06,-0.08,0.0,-0.24,Sep,2,4,9,3,Other,False,False
1,96.87,0,0.0,5,201.47,0.066666667,0.08,28.49,0.03,Feb,1,1,1,4,Returning_Visitor,False,False
2,56.25,0,0.0,28,1096.59,0.01,0.03,0.0,-0.0,Oct,2,2,1,1,Returning_Visitor,False,False
2,5.67,0,0.0,28,1086.59,0.02,0.04,3.43,0.02,Dec,2,2,5,2,Returning_Visitor,False,False
0,22.34,0,0.0,21,263.0,-0.0,0.030952381,0.0,0.56,Mar,2,6,3,1,New_Visitor,True,False
-8,50.4,8,180.92,-20,497.8,0.011458333,0.018333333,141.69,-0.32,May,3,6,9,9,Returning_Visitor,False,False
5,66.5,1,24.21,49,1332.75,0.01,0.02,0.0,0.0,Nov,2,2,3,2,Returning_Visitor,False,False
0,86.0,0,0.0,-15,754.9166667,0.0,0.005555556,47.97,-0.07,May,3,2,6,12,Returning_Visitor,False,False
5,204.11,0,-17.45,94,2129.536752,0.01,0.004818713,0.0,0.0,Oct,3,2,1,3,Returning_Visitor,False,False
3,68.24,0,16.88,39,1667.158421,0.01,0.04,5.09,0.0,Jul,2,2,2,1,Returning_Visitor,False,False
1,176.489011,0,32.75,36,3879.83176,0.01,0.017745098,8.72,0.0,Oct,2,2,1,10,Returning_Visitor,False,True
6,137.53,0,19.4,38,1935.37,0.0,0.012017544,20.47,0.0,Oct,2,4,2,2,Returning_Visitor,False,True
0,-4.31,0,-7.77,21,344.1714286,0.01,0.03,13.59007196,0.0,Mar,2,2,9,1,Returning_Visitor,False,True
-2,0.0,0,-18.13,4,428.07,0.066666667,0.1,-3.95,0.05,May,2,2,1,2,Returning_Visitor,False,False
2,48.79,0,0.0,22,657.42,0.02,0.046969697,0.0,0.0,Mar,2,2,1,1,Returning_Visitor,False,False
0,41.35,0,0.0,21,1010.25,-0.02,0.016666667,38.32,0.03,Mar,3,2,8,2,Returning_Visitor,False,True
3,43.99,0,18.0,10,409.4666667,0.005128205,0.039010989,0.0,0.01,Dec,2,1,9,2,Returning_Visitor,False,False
1,74.63,0,53.98,26,578.8106061,0.01,0.02,40.42,0.0,Dec,1,1,9,2,Returning_Visitor,False,False
-2,11.16,0,-15.12,2,386.72,0.04,0.07,0.0,0.05,May,2,2,4,2,Returning_Visitor,False,False
1,35.34,0,0.0,8,315.6,-0.01,0.018181818,2.5,-0.01,Mar,1,8,6,9,Returning_Visitor,True,False
4,803.47,0,0.0,-9,634.6880952,0.04,0.106666667,1.74,-0.04,Aug,3,2,1,1,Returning_Visitor,False,False
12,1217.61,0,0.0,33,536.3227273,0.007317073,0.05,-10.77,-0.03,Jul,1,1,1,2,Returning_Visitor,False,False
0,-33.52,0,-1.38,19,136.75,0.005,0.03,1.17,0.0,Mar,2,2,9,1,Returning_Visitor,False,False
6,95.06,0,-48.31,23,671.55,0.0,0.020454545,28.12876638,0.0,Dec,2,2,7,2,Returning_Visitor,False,False
0,0.0,-1,-111.38,-2,-1093.5,-0.01,0.03,-4.33,0.03,Nov,1,8,6,10,Returning_Visitor,True,False
8,117.0238095,1,57.0,11,298.18,0.01,0.03,3.42,-0.01,Jul,2,2,3,1,Returning_Visitor,False,False
3,135.5,-1,0.0,30,2040.166667,0.02,0.03,1.59,0.01,Dec,2,2,1,2,Returning_Visitor,False,True
5,205.0,0,0.0,23,221.78,0.02,0.04,-1.7,0.0,Nov,1,1,1,4,Returning_Visitor,False,False
2,0.0,0,0.0,4,69.0,0.0,0.05,-1.98,-0.06,Oct,1,8,1,3,Returning_Visitor,False,False
0,-72.82,0,0.0,24,624.04,0.0,0.05,-6.9,0.16,Mar,1,1,3,1,Returning_Visitor,True,True
0,0.0,0,-264.77,45,2543.31,0.004545455,0.015909091,49.36,0.13,Nov,6,4,1,1,Returning_Visitor,False,False
4,156.24,0,138.4,219,5980.89,0.003604845,-0.0,5.408935339,0.0,Oct,2,4,4,4,Returning_Visitor,False,False
1,36.86666667,-1,-55.92,123,4165.88,0.002090592,0.015563298,0.0,-0.03,Nov,2,2,1,4,Returning_Visitor,False,False
-1,0.0,0,255.16,48,-312.79,-0.0,0.032692308,-18.76,1.0,May,1,1,7,6,Returning_Visitor,False,False
1,-7.18,0,-9.27,11,332.5,0.03,0.05,0.0,0.07,May,1,1,5,3,Returning_Visitor,False,False
2,57.29,0,23.82,27,1599.17,-0.0,0.01,22.31,0.02,Mar,2,2,1,6,New_Visitor,False,False
-2,34.5,0,533.21,17,491.8333333,0.03,0.06,0.0,0.0,Feb,1,1,3,2,New_Visitor,False,False
10,1043.88,3,601.23,63,6323.853465,0.010654414,0.03,3.512852934,-0.03,Nov,1,1,1,10,Returning_Visitor,False,True
1,-35.61,0,-76.16,14,-117.02,0.064285714,0.1,0.0,0.6,Feb,1,1,4,1,Returning_Visitor,True,False
5,167.13,0,0.0,35,1675.46,0.0,0.0125,0.0,0.02,Mar,3,2,2,1,Returning_Visitor,True,False
10,706.13,2,-135.53,73,2490.138095,0.02,0.010365854,36.74,0.0,Feb,2,10,7,6,Returning_Visitor,False,False
-1,0.0,0,-47.24,36,1879.04,0.01,0.04,4.12,-0.0,Oct,2,2,1,2,Returning_Visitor,False,False
4,176.0,0,24.13,30,537.2,0.01,0.04,5.5,0.6,May,2,2,1,2,Returning_Visitor,False,True
3,107.15,0,52.72,31,1695.7,0.0,0.022222222,-2.17,0.03,Oct,1,1,1,2,Returning_Visitor,False,False
22,996.81,10,798.9,534,17375.52,0.010856514,0.023309001,2.54795624,0.06,Nov,3,6,1,1,Returning_Visitor,True,True
2,63.6,0,0.0,27,459.9636364,0.0,0.033950617,0.0,0.03,Sep,1,8,6,1,Returning_Visitor,True,False
3,86.6,0,0.0,29,860.83,0.0,0.005263158,68.48,-0.01,Mar,2,4,1,2,New_Visitor,False,False
11,-7.23,9,1220.0,-31,2072.94,0.016666667,0.030833333,0.0,-0.25,Feb,3,2,1,3,Returning_Visitor,True,False
-1,2.52,0,-4.0,11,-759.15,0.1,0.142424242,0.97,0.03,Nov,1,2,1,3,Returning_Visitor,False,False
2,97.73,0,50.39,19,1051.57,0.006666667,0.03,4.89,0.0,Mar,2,2,1,2,Returning_Visitor,False,True
0,0.0,0,0.0,102,3371.05,0.003773585,0.04,14.63,0.0,Jul,2,2,1,3,Returning_Visitor,True,False
3,230.1,0,0.0,14,1369.12,0.017647059,0.03,0.0,-0.04,Aug,3,2,6,2,Returning_Visitor,False,False
1,0.0,0,-9.64,30,1868.11,0.02,0.03,13.13492027,0.0,Nov,2,2,9,10,Returning_Visitor,False,False
12,1313.71,4,76.07,25,-297.91,0.004242424,0.07,-12.05,0.01,Nov,1,1,1,2,Returning_Visitor,False,False
0,0.0,0,-14.41,25,1071.82,0.01,0.041450216,0.0,0.0,Oct,2,2,1,1,Returning_Visitor,False,False
2,10.0,2,113.23,27,-1221.76,0.006451613,0.04,33.85,0.0,Mar,2,4,7,2,Returning_Visitor,False,False
-1,-159.2,1,-15.28,35,2283.04,-0.0,0.001680672,3.0,0.62,May,3,2,2,14,Returning_Visitor,True,True
3,90.7,0,12.59,37,1036.53178,0.01,0.01,19.74930078,0.01,May,2,2,1,4,Returning_Visitor,True,False
0,0.0,-1,-18.48,28,1902.81,-0.0,0.0,0.0,0.0,Mar,2,2,1,6,New_Visitor,False,False
1,43.67,0,-20.31,22,523.34,0.01,0.04,-1.81,0.0,Mar,3,2,3,1,Returning_Visitor,False,False
1,40.37,0,9.5,-21,328.55,0.0,0.06,9.8,0.0,Nov,2,4,2,2,New_Visitor,False,True
2,97.65,0,69.75,53,1899.058333,0.0,0.01,18.5,-0.02,Dec,1,1,7,2,Returning_Visitor,False,False
-3,-110.9,-1,-62.1,12,2.77,-0.0,-0.01,11.14,0.0,Aug,2,2,7,8,New_Visitor,False,False
1,13.71,0,-12.27,1,170.0,0.075,0.09,0.0,0.0,Feb,1,1,1,3,Returning_Visitor,True,False
3,120.25,5,869.0,152,5664.02,0.01,0.03,22.96,0.3,May,2,2,4,4,Returning_Visitor,False,False
1,5.5,1,16.29,39,1470.966667,0.009090909,0.04,-8.04,0.0,Oct,3,2,4,1,Returning_Visitor,True,False
1,0.0,0,11.32,7,82.2,0.09,0.114285714,-2.45,0.0,May,3,2,2,3,Returning_Visitor,False,False
4,101.46,1,12.36,18,101.8,-0.01,0.011111111,64.09,0.0,Mar,2,4,1,2,Returning_Visitor,False,False
-1,0.0,0,-13.94,-6,-149.48,0.03,0.077777778,-2.17,0.05,Feb,2,2,5,1,Returning_Visitor,False,False
5,52.11,4,216.0,52,1096.66,-0.01,0.03,8.71,0.66,May,1,1,9,6,New_Visitor,False,True
0,5.82,0,0.0,25,917.68,0.2,0.2,0.0,0.6,May,2,2,1,3,Returning_Visitor,False,False
0,28.18,0,-4.37,4,178.8333333,0.0,0.01,0.0,0.07,May,2,2,5,4,New_Visitor,False,False
3,91.72,0,30.68,39,1697.18,0.005194805,0.010451453,1.33,-0.0,Oct,2,2,9,2,Returning_Visitor,False,True
3,51.5,0,-40.5,21,-517.66,0.06,0.12,-26.86,0.6,May,2,6,2,1,Returning_Visitor,False,True
7,152.6,1,60.2,63,2093.98,0.0,0.01,3.24,0.02,Oct,2,4,4,2,Returning_Visitor,True,False
1,5.89,0,-25.24,10,108.9166667,0.02,0.09,-0.33,0.0,Nov,2,4,4,2,Returning_Visitor,False,False
-1,0.0,0,494.68,14,253.1666667,0.04,0.09,0.0,0.63,May,3,2,8,8,Returning_Visitor,False,False
-1,-58.58,0,0.0,42,1333.914286,-0.0,0.03,8.63,-0.08,Nov,1,8,2,11,Returning_Visitor,False,False
0,16.81,0,0.0,-2,644.66,0.18,0.2,3.15,0.0,Mar,2,2,3,1,Returning_Visitor,False,False
1,-12.62,0,13.3,3,567.6,0.0,0.05,-5.59,0.14,May,1,8,3,11,Returning_Visitor,True,False
0,16.01,0,0.0,6,815.0,0.0,0.01,15.68,-0.03,May,2,2,1,4,New_Visitor,True,False
0,0.0,0,-89.27,114,0.0,0.03,0.02,0.0,0.0,Nov,2,10,6,1,Returning_Visitor,False,False
1,64.0,0,-201.14,54,1155.033333,0.001282051,-0.03,0.0,0.0,May,4,1,2,4,New_Visitor,True,False
0,0.0,0,-26.75,30,610.6333333,0.02,0.04,-1.77,-0.01,Nov,1,1,4,2,Returning_Visitor,True,True
0,0.0,2,0.0,32,-894.18,0.0,0.026315789,0.0,0.04,Nov,4,1,1,8,Returning_Visitor,False,True
0,-20.34,0,0.0,13,761.25,0.0,0.014035088,21.34,0.02,Mar,2,2,3,1,Returning_Visitor,False,False
8,28.8,12,2195.3,9,378.4,0.02,0.06,-2.01,0.0,Jul,3,2,1,1,Returning_Visitor,False,False
2,58.68,0,0.0,30,1157.97619,0.01,0.04,3.39,0.0,Oct,2,2,1,2,Returning_Visitor,False,False
2,-10.13,1,22.11,24,340.9166667,0.0,0.018253968,0.0,0.0,Aug,2,8,3,11,Returning_Visitor,False,False
1,55.7,0,-16.14,54,1256.293333,0.01,0.02,9.89,0.0,June,2,2,7,2,Returning_Visitor,False,False
2,72.8,0,17.24,28,1271.6,0.01,0.04,0.0,0.0,Oct,2,2,1,1,Returning_Visitor,False,True
1,0.0,0,-6.97,21,882.75,-0.01,0.0,-5.2,0.03,Oct,2,2,9,2,New_Visitor,True,False
3,97.0,0,0.0,19,997.56,0.009090909,0.006060606,19.66,0.01,May,2,2,4,1,New_Visitor,False,False
-1,0.0,0,-26.19,5,-419.54,0.08,0.12,0.0,0.01,Mar,1,1,5,1,Returning_Visitor,False,False
1,-8.32,0,0.87,20,928.31,0.021052632,0.05,-1.77,0.0,Dec,2,2,5,2,Returning_Visitor,False,False
2,85.76,0,15.49,30,1537.42,0.008962264,0.03,0.0,0.0,Oct,2,2,1,2,Returning_Visitor,False,True
0,0.0,2,-33.53,-149,-3231.18,0.2,0.17,-25.52,0.59,May,6,5,9,5,Returning_Visitor,True,False
1,0.0,0,-3.66,28,160.0,0.0,0.03,6.34,0.6,May,2,2,3,2,Returning_Visitor,False,False
0,0.0,0,-4.0,12,-427.33,-0.0,0.03,0.0,0.01,Mar,1,8,7,1,Returning_Visitor,False,False
1,83.0,0,0.0,-6,-422.52,0.04,0.059259259,0.0,0.0,Dec,1,1,4,2,Returning_Visitor,True,False
0,49.0,-1,-7.3,112,4344.81,0.003933137,0.019128308,23.17,0.0,Dec,1,1,4,2,Returning_Visitor,False,False
4,175.48,0,25.49,29,1683.45,0.01,0.03,3.2,-0.01,Oct,2,2,1,2,Returning_Visitor,False,False
1,53.4,0,0.0,2,-532.53,0.04,0.1,9.7,0.0,Aug,1,8,6,3,Returning_Visitor,False,False
7,167.0083333,0,65.28,40,1171.77,0.001136364,0.016060606,10.14,0.03,Dec,3,2,2,1,Returning_Visitor,False,False
1,0.0,1,11.01,81,2065.33,0.0,0.0125,22.61,0.51,May,2,2,3,2,Returning_Visitor,False,False
2,306.0,0,0.0,22,1192.47,0.01,0.03,0.0,-0.01,Oct,3,2,1,2,Returning_Visitor,False,False
1,0.0,0,-11.64,51,2040.36,0.004761905,0.023809524,3.62,0.09,May,3,2,1,3,Returning_Visitor,False,False
0,0.0,0,0.0,7,362.02,0.0,0.04,0.0,0.0,Mar,2,2,3,1,Returning_Visitor,False,False
0,32.87,0,38.49,20,197.3777778,0.03,0.06,0.0,0.1,Nov,2,6,2,1,Returning_Visitor,False,False
2,452.5,-2,-21.5,18,26.43,0.0,0.03,-3.04,0.0,Nov,4,2,6,2,Returning_Visitor,False,False
8,23.0,2,32.5,22,718.09,-0.01,0.007885305,11.47812903,0.33,May,2,2,9,1,Returning_Visitor,True,True
5,176.0,0,58.91,14,654.5,0.009090909,0.03,0.0,0.07,Oct,1,1,1,2,Returning_Visitor,False,False
5,74.0,0,49.98,44,2679.65,0.01,0.015925926,0.0,-0.08,Oct,1,1,1,3,Returning_Visitor,False,False
7,177.29,0,52.16,10,924.45,0.0,0.008333333,3.24,0.03,Mar,2,2,1,2,Returning_Visitor,False,False
2,158.78,0,-38.25,32,1994.96,0.01,0.02,5.97,0.09,May,2,2,7,2,Returning_Visitor,False,False
-1,0.0,0,-28.13,63,2504.75,0.0,0.020512821,9.11,0.0,Oct,2,4,4,2,Returning_Visitor,False,False
0,0.0,1,-44.98,12,629.12,0.0,0.014226044,7.36,0.0,Dec,3,2,1,2,Returning_Visitor,True,False
6,88.22,0,0.0,56,2585.0,-0.0,0.00625,0.0,-0.0,Nov,2,4,6,1,Returning_Visitor,False,False
1,77.75,1,8.47,37,994.4,0.01,0.03,0.81,-0.01,Nov,2,2,1,2,Returning_Visitor,False,False
1,13.29,0,-17.14,21,149.6,0.02,0.06,3.67,0.6,May,3,2,2,4,Returning_Visitor,True,False
9,768.87,2,36.22,55,2016.77,0.01,0.04,-1.78,-0.01,Nov,1,1,1,2,Returning_Visitor,False,False
2,67.95,0,0.0,47,2020.92,0.01,0.032056738,3.26,0.0,Mar,2,2,1,2,Returning_Visitor,False,True
0,0.0,0,2.93,10,955.375,0.02,0.04,1.76,-0.01,Dec,2,2,7,2,Returning_Visitor,False,False
3,0.0,1,627.34,1,0.0,0.02,0.05,0.0,0.0,Nov,1,1,2,3,Returning_Visitor,False,False
1,19.23,1,37.3,7,1288.59,-0.01,0.02,-6.28,0.03,Oct,2,2,1,2,Returning_Visitor,True,False
2,96.72,0,29.02,22,1298.08,0.01,0.05,3.99,-0.01,Mar,2,2,1,1,Returning_Visitor,False,False
5,227.0,0,27.64,28,1380.87,0.0,0.01,0.0,0.02,Oct,2,2,1,2,New_Visitor,False,False
-1,0.0,4,197.09,-5,1303.13,0.007692308,0.020244755,-8.88,0.09,Oct,3,2,9,10,Returning_Visitor,False,False
1,-112.01,0,34.17,19,1144.483333,0.01,0.055319149,10.11,0.86,May,2,2,3,13,Returning_Visitor,False,False
1,0.0,0,-1.85,22,994.46,0.02,0.05,0.0,0.03,Mar,2,2,1,1,Returning_Visitor,False,False
0,39.21,-1,-33.57,9,1615.67,0.2,0.21,3.8,0.0,Mar,3,2,2,13,Returning_Visitor,False,False
3,83.41,1,65.0,5,131.3,0.0,0.015384615,4.78,0.0,Oct,2,2,1,2,New_Visitor,True,False
9,107.56,0,0.0,6,587.16,0.0,0.01,0.0,0.02,Dec,2,1,1,7,Returning_Visitor,True,False
-1,2.0,0,-78.43,71,2768.8,0.0,0.02,20.15710234,0.09,Oct,4,2,1,2,Returning_Visitor,False,True
2,460.98,7,1411.84,179,4632.81,0.0,0.06,9.21,0.78,May,2,6,6,4,Returning_Visitor,True,False
8,441.85,0,0.0,56,2577.449603,0.01,0.010463332,5.31,0.0,Oct,2,2,1,2,Returning_Visitor,False,True
1,6.0,0,0.0,10,762.0,0.0,-0.01,27.74,0.18,Aug,5,4,4,20,Other,False,False
2,41.72,1,54.64,23,112.36,0.011827957,0.034101382,-1.94,0.0,Sep,1,8,6,3,Returning_Visitor,False,True
10,535.75,2,12.18,22,2178.672222,0.01,0.04,15.0047619,0.12,Sep,1,8,2,13,Returning_Visitor,False,False
0,76.56,0,-169.59,77,1750.371795,0.02,0.06,0.0,0.41,Aug,1,1,1,6,Returning_Visitor,False,False
0,-72.4,1,43.21,1,490.0833333,0.0,0.05,2.94,0.0,Oct,1,8,2,11,Returning_Visitor,True,True
3,0.0,0,0.0,13,323.9166667,0.0,0.008333333,15.56,-0.01,Mar,2,2,4,1,Returning_Visitor,False,True
2,0.0,0,1.99,39,1585.1,0.0,0.02,0.0,-0.0,Mar,2,2,3,1,Returning_Visitor,False,False
2,13.0,2,99.82,-9,1127.9,-0.02,0.05,0.0,0.0,Mar,2,5,2,5,Returning_Visitor,False,False
6,146.4166667,0,0.0,42,2405.652778,0.01,0.03,4.37,0.01,Oct,2,2,1,1,Returning_Visitor,False,True
2,-14.77,0,21.82,11,1277.35,0.01,0.04,7.35,0.0,Mar,2,2,1,5,New_Visitor,False,False
1,-0.16,1,0.0,20,1047.39,0.01,0.06,-11.3,0.01,Oct,2,2,9,1,Returning_Visitor,False,False
0,15.0,0,-68.85,116,3858.77,0.0,0.02,0.0,0.0,Nov,2,2,1,2,Returning_Visitor,False,False
2,34.18095238,0,-33.08,54,2012.660952,0.0,0.001408451,66.05,-0.07,Jul,2,4,4,5,New_Visitor,True,False
2,80.05,0,23.54,20,934.29,0.01,0.04,2.47,0.0,Mar,2,2,1,1,Returning_Visitor,False,True
3,125.14,0,-1.59,49,2110.124603,0.0,0.004081633,6.85,0.0,Nov,2,2,1,10,Returning_Visitor,False,True
7,40.5,0,0.0,41,1172.75,0.0,0.01,0.0,0.01,Oct,2,2,3,3,Returning_Visitor,False,False
1,24.81,0,21.19,27,394.89,0.01,0.03,0.0,0.02,Oct,1,1,7,1,Returning_Visitor,False,False
5,206.0,0,0.0,22,650.6961927,0.0,0.018487395,15.16,0.02,Mar,2,2,1,2,Returning_Visitor,True,False
2,43.41,0,0.11,26,1242.27,0.01,0.03,3.72,0.0,Mar,2,2,1,2,Returning_Visitor,False,False
2,48.06,0,-21.04,12,101.25,0.04,0.07,3.96,0.08,May,2,2,1,3,Returning_Visitor,False,False
0,-2.73,0,-12.99,26,999.88,0.02,0.05,0.0,0.03,Dec,2,2,1,2,Returning_Visitor,False,False
2,44.05,0,23.0,111,2524.501905,0.001694915,0.01,-4.54,0.0,Mar,2,2,5,1,Returning_Visitor,True,False
0,27.44,0,27.17,36,1287.89,0.01,0.016521739,3.66,0.01,Oct,1,1,7,2,Returning_Visitor,False,False
1,0.0,0,0.0,1,0.0,0.04,0.07,0.0,0.04,Mar,1,1,1,1,Returning_Visitor,False,False
5,179.41,1,0.0,38,1469.64,0.0,0.02,4.94,0.03,Oct,1,1,1,2,Returning_Visitor,True,False
3,17.0,0,-2.71,62,1493.353846,0.03,0.04031746,33.24,0.0,Dec,2,2,1,2,Returning_Visitor,False,False
6,107.81,5,975.1,-17,-779.19,0.0,0.012050716,9.242286032,-0.06,Nov,1,2,4,1,Returning_Visitor,False,True
1,11.0,0,0.0,33,1475.92,0.0,0.03,5.3,-0.0,Mar,2,2,1,2,Returning_Visitor,False,False
5,157.5,1,96.12,21,1533.46,0.0,0.020833333,0.0,0.0,Nov,1,1,1,5,New_Visitor,False,False
2,53.86,0,0.0,6,901.09,0.0,0.008333333,6.81,0.0,Oct,2,2,1,2,New_Visitor,True,False
0,0.0,0,-10.16,-3,0.0,0.2,0.2,0.0,0.01,Mar,1,1,3,1,Returning_Visitor,False,False
1,26.0,0,4.52,18,11.04,0.014285714,0.05,3.52,0.0,Mar,2,2,9,1,Returning_Visitor,False,False
-1,-17.07,0,0.0,1,26.0,0.03,0.075,-5.29,0.0,Oct,3,2,2,1,Returning_Visitor,False,False
0,0.0,0,-0.37,13,170.5333333,-0.0,0.01,12.58,0.0,Mar,2,2,9,6,New_Visitor,False,True
0,0.0,0,0.0,48,1304.666667,0.016666667,0.051215278,0.0,-0.01,Nov,2,2,1,3,Returning_Visitor,False,False
4,213.06,0,54.8,47,2233.23,0.0,0.0,48.19,-0.05,Aug,2,2,6,2,New_Visitor,False,False
0,-65.27,-1,0.0,8,-1413.9,-0.0,0.02,0.0,-0.02,Nov,2,2,3,4,Returning_Visitor,False,False
0,61.11,0,0.0,15,281.7380952,-0.0,0.05,57.82473775,0.01,Nov,2,4,1,2,New_Visitor,False,True
1,0.0,0,-5.68,24,974.18,0.01,0.05,0.0,0.0,Mar,2,2,9,1,Returning_Visitor,False,False
4,0.0,0,-20.77,89,1961.98,0.0,0.03,-6.1,0.0,Nov,1,1,1,3,Returning_Visitor,False,False
1,36.84,0,-14.15,24,163.5,0.0,0.02,1.98,0.0,Nov,2,2,2,2,Returning_Visitor,False,False
-1,-0.7,0,0.0,-3,215.71,0.033333333,0.05,0.0,0.06,May,2,2,7,2,Returning_Visitor,False,False
1,-88.19,0,701.65,9,2397.5,-0.0,0.02,0.0,-0.02,Mar,4,1,8,3,Returning_Visitor,False,False
6,361.46,11,2252.033333,106,4537.23,0.009677419,0.06,-1.13,0.61,Feb,3,2,4,2,Returning_Visitor,True,False
-1,0.0,-1,-7.97,6,273.5,-0.0,0.01,0.0,-0.04,Oct,2,10,6,1,New_Visitor,False,False
1,-16.58,0,0.0,22,2753.61,0.03,0.03,3.49,0.05,Oct,2,2,1,13,Returning_Visitor,False,False
2,34.0,0,0.0,58,2456.297619,-0.0,0.003553372,13.09,-0.01,Oct,2,2,3,2,Returning_Visitor,False,False
0,0.0,0,-22.37,8,140.1666667,0.01,0.0375,6.55,-0.02,Nov,2,2,2,2,Returning_Visitor,False,False
1,66.17,0,-68.3,-10,462.86,0.0,0.03,25.08,0.0,Dec,8,13,9,20,Other,False,False
15,631.38,3,226.94,112,3357.11,0.01,0.019960276,0.0,0.0,Aug,2,2,7,1,Returning_Visitor,False,False
0,0.0,0,14.7,16,423.1833333,0.0,0.016071429,6.8,0.0,Mar,2,2,4,1,Returning_Visitor,False,False
0,41.78,0,0.0,-1,80.0,0.028571429,0.057142857,15.77,0.05,May,2,2,4,2,Returning_Visitor,False,False
-5,-121.01,1,0.0,29,3296.65,0.009677419,0.07,198.97,0.0,Dec,4,2,1,9,New_Visitor,False,False
1,6.0,1,7.0,101,591.8928571,0.0,0.09,165.6204667,1.02,June,1,1,8,2,Returning_Visitor,True,True
-3,5.8,0,6.58,5,392.22,0.16,0.177777778,-0.23,0.0,May,2,2,1,4,Returning_Visitor,False,False
-1,52.68,0,0.0,-17,-763.95,0.0,0.1,0.0,0.02,May,4,1,1,3,Returning_Visitor,False,False
1,82.03,0,0.0,21,1414.43,0.0,0.002380952,24.75047619,-0.01,Oct,2,2,1,2,New_Visitor,True,True
0,25.7,0,15.46,35,1279.38,0.01,0.022222222,2.66,0.01,Oct,1,1,7,2,Returning_Visitor,False,False
7,68.39,4,-361.82,52,2062.73,0.02,0.010233918,20.11792982,-0.66,Aug,2,5,6,5,Returning_Visitor,True,True
-8,0.0,0,-26.86,-28,-1762.43,0.11,0.2,0.0,0.0,Jul,2,5,7,13,Returning_Visitor,False,False
2,73.88,0,11.0,55,2183.15,0.01,0.029188713,1.79,-0.01,Nov,2,2,1,2,Returning_Visitor,False,False
0,-38.72,0,-5.37,6,96.33333333,0.07,0.11,-3.75,0.0,Oct,1,1,9,3,Returning_Visitor,False,False
1,48.0,-2,-129.72,-3,-2540.55,0.0,-0.02,13.32592593,0.0,Mar,2,2,7,3,Returning_Visitor,False,False
0,25.0,0,0.0,20,787.69,0.012698413,0.04,2.64,0.0,Mar,2,2,1,2,Returning_Visitor,False,False
2,-2.31,0,17.54,5,189.01,0.01,0.05,0.79,-0.02,Sep,1,8,6,1,Returning_Visitor,False,False
0,-2.92,2,28.75,55,2375.114286,0.0,0.03,0.0,-0.0,Nov,2,2,1,2,Returning_Visitor,False,False
0,0.0,0,5.0,25,649.5,0.01,0.06,3.97,0.61,May,2,2,1,2,Returning_Visitor,False,False
-1,12.95,0,0.0,13,0.0,0.21,0.2,0.09,0.0,May,2,2,5,1,Returning_Visitor,False,False
1,0.0,0,-18.9,15,638.41,-0.01,0.033333333,-9.86,0.0,Dec,2,8,7,10,Returning_Visitor,True,False
0,31.43,0,2.87,-14,-1118.35,0.15,0.175,-0.23,0.03,May,3,2,3,3,Returning_Visitor,False,False
-2,0.0,0,-37.84,29,976.04,0.03,0.05,0.0,0.04,Oct,1,1,4,2,Returning_Visitor,True,False
-1,-138.35,1,204.3466667,69,1182.432333,-0.0,0.002998087,-8.21,0.0,Nov,2,4,4,1,Returning_Visitor,True,True
1,-30.46,-1,-23.07,37,1630.137415,0.02,0.038037998,-14.56,-0.04,May,3,2,7,3,Returning_Visitor,False,True
-2,-210.89,-1,0.0,8,159.75,0.01,0.03,0.0,-0.03,Nov,3,2,7,9,Returning_Visitor,False,True
10,686.41,0,495.5,74,2743.213113,0.000199005,-0.01,1.483210939,0.07,Nov,1,2,7,2,New_Visitor,False,True
4,138.39,0,4.32,94,4804.834524,0.008843537,0.023561816,1.1,0.0,Nov,2,2,1,2,Returning_Visitor,False,True
1,23.12,0,0.0,10,34.1,0.03,0.07,0.0,0.0,Mar,1,1,7,1,Returning_Visitor,False,False
3,113.7,0,-1.71,41,3014.018519,0.02,0.06140625,-0.73,-0.04,Mar,2,2,1,1,Returning_Visitor,False,False
2,11.82,0,10.15,9,82.5,0.0,0.04,0.0,0.0,Mar,2,2,5,1,Returning_Visitor,False,False
0,0.0,0,439.24,10,311.0,0.01,0.05,0.0,0.6,May,1,1,1,3,Returning_Visitor,False,False
1,42.05,0,0.01,2,628.49,0.02,0.05,2.37,0.0,Oct,2,2,1,1,Returning_Visitor,False,False
0,59.7,0,-16.6,4,-126.06,0.04,0.07,12.61,0.05,May,4,1,4,3,Returning_Visitor,False,False
0,33.1,0,12.26,33,987.99,0.0,0.02,7.98,0.0,Dec,2,2,1,2,Returning_Visitor,False,False
-1,12.31,0,0.0,7,79.5,-0.0,0.0,-0.96,0.05,Mar,3,2,1,8,New_Visitor,True,False
1,0.0,0,9.4,21,382.5,-0.01,0.027843137,-4.32,0.0,Feb,1,8,2,3,Returning_Visitor,False,False
-1,-15.84,0,-18.19,11,-249.09,0.08,0.107142857,0.0,0.05,May,2,2,1,3,Returning_Visitor,False,False
3,99.17,0,34.49,20,547.4007937,0.0,0.011688312,15.06586317,0.04,Mar,2,2,9,2,Returning_Visitor,False,True
-2,0.0,0,-5.05,23,-293.79,0.0,0.05,2.42,0.0,Nov,1,1,7,2,Returning_Visitor,False,False
2,108.07,0,0.0,22,687.79,0.01,0.03,0.0,0.0,Mar,3,2,2,1,Returning_Visitor,False,False
15,430.1570175,14,622.4,85,-2431.53,-0.01,0.009959744,34.45943549,0.0,Nov,2,1,9,2,Returning_Visitor,True,False
2,44.88,0,61.0,23,1195.52,0.0,0.009553204,17.19611523,0.0,May,2,4,7,4,New_Visitor,False,False
0,-66.19,-1,-45.6,49,663.43,0.012244898,0.03,0.0,0.0,Nov,2,2,7,2,Returning_Visitor,False,False
15,389.23,1,70.46,39,687.16,0.01,0.015642808,-4.04,0.01,Nov,2,2,1,1,Returning_Visitor,False,True
9,227.68,0,0.0,40,1521.52,0.002272727,0.01,10.41,0.0,Oct,2,2,1,2,Returning_Visitor,False,False
5,176.25,0,0.0,0,2663.48,0.02,0.03,0.0,0.0,May,2,4,6,2,New_Visitor,True,False
0,0.0,0,-32.84,24,1776.69,0.02,0.05,5.13,0.04,May,2,2,4,1,Returning_Visitor,False,False
2,0.0,-1,18.86,16,1533.0,0.01,0.03,-12.86,-0.05,Mar,1,1,7,1,Returning_Visitor,False,False
0,0.0,0,-22.31,24,985.0,0.070833333,0.08,-8.62,0.0,May,3,2,4,3,Returning_Visitor,False,False
4,258.55,1,46.35,19,-100.44,0.01,0.005,0.0,-0.01,Nov,1,1,4,2,New_Visitor,True,False
0,-8.83,0,0.0,35,1016.883333,0.02,0.06,0.91,0.0,Jul,2,2,2,2,Returning_Visitor,False,False
-10,0.0,0,4.19,48,415.2738095,0.005882353,0.028921569,120.01,0.0,Mar,2,10,7,10,Returning_Visitor,False,False
9,1223.0,4,416.0,21,1090.13,-0.0,0.03,-7.16,0.01,Feb,3,5,1,2,Returning_Visitor,True,False
2,91.34,0,0.0,33,1982.74,0.02,0.04,0.08,0.02,May,2,2,1,3,Returning_Visitor,False,False
9,57.95833333,1,0.0,32,178.18,-0.01,-0.01,6.91,-0.01,Nov,2,2,3,2,Returning_Visitor,False,False
0,0.0,0,-11.65,17,210.4,0.0,0.01,93.72,0.0,Mar,1,1,1,8,New_Visitor,False,False
2,-111.53,2,12.31,199,10338.67177,-0.01,0.017657266,22.97507587,0.06,June,2,2,6,2,Returning_Visitor,False,False
0,32.13,0,0.0,31,2705.01,0.00952381,0.02,0.0,-0.0,Oct,2,2,9,10,Returning_Visitor,False,False
1,3.49,0,-33.6,86,1699.666667,-0.01,0.02,60.45,0.6,May,2,2,3,2,Returning_Visitor,False,False
4,229.9,0,0.0,48,2394.54,0.0,0.01,5.84,0.03,Oct,1,1,1,2,New_Visitor,True,True
1,16.0,0,16.12,39,1083.690476,0.0,0.024884615,2.4,-0.01,Jul,2,2,4,2,Returning_Visitor,False,False
1,37.56,0,0.0,1,-534.53,0.0,0.02,0.0,0.02,Dec,1,1,7,2,Returning_Visitor,False,False
1,0.0,-1,-38.7,24,528.0,0.03,0.055555556,-4.31,0.01,Oct,1,1,9,3,Returning_Visitor,False,False
-2,4.0,0,-38.13,18,2586.81,0.0,0.007142857,-8.05,0.0,May,3,2,6,6,New_Visitor,False,True
-1,0.0,-1,0.0,9,389.0,0.122222222,0.15,-2.67,-0.01,Nov,3,2,2,1,Returning_Visitor,False,False
2,-37.65,0,0.0,-15,-279.54,-0.02,-0.01,0.0,-0.04,Oct,2,2,3,3,New_Visitor,True,False
-2,-109.86,0,1.97,2,46.2,0.0125,0.06,3.52,0.02,Jul,2,2,2,6,New_Visitor,False,False
1,0.0,0,-15.33,5,265.82,0.01,0.03,0.0,0.0,Oct,1,1,1,4,New_Visitor,True,False
3,57.19,0,0.0,29,1391.29,0.01,0.03,5.87,0.04,Dec,2,2,1,2,Returning_Visitor,False,False
0,-39.72,0,0.37,-10,0.0,0.2,0.2,-4.92,0.04,Mar,1,1,3,11,Returning_Visitor,True,False
0,0.0,0,0.0,2,7.0,0.01,0.03,4.67,0.13,May,2,2,7,2,Returning_Visitor,False,False
1,9.77,0,-0.64,9,837.6666667,0.02,0.02,0.0,0.0,Nov,3,2,4,13,Returning_Visitor,False,False
2,85.48,0,0.0,36,1613.12,0.01,0.032389468,2.61,-0.0,Oct,2,2,1,2,Returning_Visitor,False,False
1,16.57,0,4.67,6,133.3333333,0.01,0.03,1.8,0.01,Mar,2,2,3,1,Returning_Visitor,False,False
0,36.81,0,0.0,0,-773.84,0.19,0.2,0.0,0.03,Oct,3,2,1,3,Returning_Visitor,False,False
0,0.0,0,29.09,50,1660.92,0.0,0.008746356,-11.3,0.01,Mar,3,2,3,1,Returning_Visitor,False,False
3,31.14,0,0.0,10,437.2222222,0.01,0.03,4.44,0.03,Mar,3,2,1,1,Returning_Visitor,True,False
2,-96.53,3,140.8333333,65,5478.530087,-0.01,0.01,8.08875,0.45,May,2,2,4,6,Returning_Visitor,True,False
3,116.42,1,14.97,29,560.47,0.0,0.014285714,-10.68,0.0,Oct,3,2,9,2,Returning_Visitor,False,False
4,53.61,0,34.65,23,1153.67,0.0,0.03,0.0,-0.0,Mar,2,2,3,1,Returning_Visitor,False,False
7,143.28,2,4.0,155,2374.966713,-0.0,0.04,0.0,0.07,Aug,3,2,4,17,Returning_Visitor,False,False
10,141.38,0,95.77,7,1277.43,0.016666667,0.01,-3.79,0.05,May,1,1,6,7,Returning_Visitor,False,False
0,-20.45,0,26.15,25,527.5,-0.01,0.003466667,0.0,0.03,Oct,2,2,3,6,New_Visitor,False,False
8,224.05,1,72.24,39,2159.5,0.0,0.022857143,3.81,0.0,Oct,2,2,1,1,Returning_Visitor,False,False
6,212.93,0,72.69,21,1930.6,0.0,0.01,17.94797101,0.0,Oct,1,1,1,2,Returning_Visitor,False,False
0,0.0,0,0.0,2,-492.88,0.2,0.2,-0.73,0.0,May,2,2,1,3,Returning_Visitor,False,False
0,-6.92,0,0.0,11,146.5,0.018181818,0.05,2.37,0.02,Oct,1,1,3,1,Returning_Visitor,False,False
5,613.5,2,0.0,470,14129.8808,0.03,0.00362107,13.38149414,0.0,Nov,4,1,7,2,Returning_Visitor,False,True
4,0.0,0,46.58,99,4561.49,0.0,0.01,5.46,0.08,May,2,2,1,3,Returning_Visitor,False,False
0,-10.73,0,-11.38,24,724.7666667,0.01,0.037797619,-1.99,0.05,May,3,2,1,3,Returning_Visitor,True,False
3,64.3,0,0.0,8,609.07,0.01,0.042307692,2.46,0.0,Mar,2,2,3,1,Returning_Visitor,False,False
7,211.94,1,126.48,7,1321.853333,0.0,0.018253968,0.0,0.0,June,3,2,8,2,Returning_Visitor,False,False
14,1079.184314,4,260.69,67,2162.840879,0.007407407,0.01,0.43,-0.05,Nov,4,1,1,11,Returning_Visitor,True,False
5,130.3333333,0,68.0,49,2660.245238,0.000847458,0.003954802,5.68,0.0,Oct,1,1,2,2,Returning_Visitor,False,False
-1,38.0,0,0.0,43,2389.29,0.01,0.02,11.73,-0.04,Nov,2,2,9,10,Returning_Visitor,False,True
1,6.0,0,57.88,32,2011.305556,0.02,0.04,12.23,0.01,May,2,2,1,3,Returning_Visitor,False,False
3,138.95,0,0.0,33,1462.76,0.022222222,0.00952381,8.46,0.0,May,2,2,4,2,Returning_Visitor,False,False
1,0.0,0,-6.37,2,-77.0,0.03,0.07,0.0,0.03,Mar,1,1,4,1,Returning_Visitor,False,False
2,94.81,3,100.0,22,2175.993651,0.01,0.049312469,0.0,0.0,Dec,2,2,1,2,Returning_Visitor,False,False
1,0.0,0,2.61,10,896.88,0.0,0.036363636,0.0,0.61,May,3,2,2,13,Returning_Visitor,False,False
0,-31.33,0,0.0,8,135.8333333,0.0,0.04,0.0,0.03,Mar,2,2,1,1,Returning_Visitor,False,False
0,15.11,0,-26.09,26,1583.61,0.00952381,0.05,13.6,0.0,Nov,2,4,6,10,Returning_Visitor,False,True
6,80.11,2,0.0,26,248.6,0.0,0.008823529,20.89,0.11,Aug,2,2,1,5,New_Visitor,False,False
5,147.5,0,58.76,20,2271.0,0.01,0.025,0.0,-0.02,Oct,2,2,1,1,Returning_Visitor,False,False
1,38.0,1,16.0,18,1522.816667,0.026666667,0.05,3.44,0.0,May,2,2,1,1,Returning_Visitor,False,False
0,-29.24,0,0.0,20,901.57,0.0,0.02,-12.65,0.07,Oct,1,1,4,4,Returning_Visitor,True,False
0,195.74,0,0.0,24,1067.49,0.0,0.01,75.46,-0.02,Feb,3,2,1,2,New_Visitor,False,False
0,130.16,0,-312.79,11,1200.2,0.04,-0.01,110.88,-0.01,Feb,6,6,1,1,Returning_Visitor,True,False
1,42.98,1,0.0,29,117.0833333,0.01,0.04,0.0,-0.01,Nov,2,2,9,2,Returning_Visitor,False,False
3,60.0,1,0.0,4,-18.85,-0.01,0.033333333,0.0,0.01,Mar,2,2,9,5,New_Visitor,False,False
0,40.87,0,2.65,5,-45.19,0.06,0.09,0.0,0.12,May,3,2,1,3,Returning_Visitor,False,False
0,30.0,0,22.15,27,1756.57,0.0,0.0,31.40784,0.02,Feb,2,2,1,6,New_Visitor,False,True
3,147.69,0,0.0,30,995.63,0.01,0.026436782,1.39,0.0,Oct,3,2,2,2,Returning_Visitor,False,False
0,0.0,0,-37.87,18,514.84,0.0,0.013611111,14.68,-0.01,Nov,2,2,1,2,New_Visitor,True,False
6,118.45,1,-27.2,110,2265.58,0.01,0.019359924,-0.44,0.0,Nov,2,2,1,4,Returning_Visitor,True,False
1,0.0,0,10.09,11,550.46,0.02,0.06,0.0,0.04,Mar,1,1,1,1,Returning_Visitor,False,False
1,3.99,-1,-82.55,52,1054.21,-0.01,-0.02,13.54,-0.04,Nov,2,2,1,8,New_Visitor,False,False
7,144.94,0,0.0,8,257.4,0.02,0.028571429,13.85,-0.04,Jul,3,2,6,1,Returning_Visitor,True,False
-1,7.54,0,28.36,-57,-850.87,0.0,0.01,48.3,0.0,May,1,10,1,1,Returning_Visitor,False,True
-1,-42.68,0,5.58,2,19.0,0.07,0.1,-6.4,0.01,May,1,1,9,3,Returning_Visitor,False,False
-1,0.0,0,-6.65,7,451.0,0.0,0.033333333,2.88,0.03,Oct,2,2,9,6,New_Visitor,False,True
-4,0.0,4,0.0,100,2781.125,-0.0,0.04,200.4,0.72,Aug,2,6,3,10,Returning_Visitor,False,False
2,78.97,0,0.0,17,481.9666667,0.02,0.04,1.41,0.0,Mar,1,1,1,1,Returning_Visitor,False,False
0,10.0,3,10.68,30,436.18,0.009677419,0.09,0.0,0.04,Dec,2,13,3,10,Other,False,False
0,0.0,0,-6.37,14,511.28,0.02,0.04,0.55,0.04,Oct,4,1,1,3,Returning_Visitor,True,True
1,0.0,1,603.19,-9,52.3,0.01,0.03,1.65,0.08,June,2,2,6,4,Returning_Visitor,False,False
3,92.69,0,0.0,11,369.1666667,0.02,0.04,7.73,0.0,Mar,2,2,1,1,Returning_Visitor,True,False
3,92.63,1,102.27,159,5498.84,0.02,0.02,0.0,0.4,May,2,2,7,2,Returning_Visitor,False,False
4,74.82,0,0.0,27,1296.6,0.0,0.02,0.0,0.0,Mar,2,2,3,1,Returning_Visitor,False,False
2,54.49,0,16.69,15,858.99,0.01,0.04,0.07,0.0,Mar,2,2,1,1,Returning_Visitor,False,False
1,2.0,6,1367.6,138,7355.01,0.005479452,0.024292237,-4.71,-0.13,Jul,2,2,4,2,Returning_Visitor,False,False
4,314.0833333,2,37.22,140,3356.8,0.0,0.006376263,13.2,0.0,Nov,3,2,1,2,Returning_Visitor,False,False
2,56.23,0,0.0,30,1476.5,0.01,0.04,2.12,0.0,Oct,2,2,1,2,Returning_Visitor,False,False
-3,0.0,0,505.57,-17,-1891.4,-0.04,0.034375,-28.61,0.8,Feb,2,10,2,3,Returning_Visitor,False,False
0,22.98,0,50.64,18,502.0,-0.01,0.01,0.0,0.0,Dec,1,1,4,2,New_Visitor,True,False
3,726.0,-1,0.0,47,1797.12,0.002040816,0.043171115,0.0,0.0,Mar,3,2,3,2,Returning_Visitor,False,False
-6,-218.54,0,439.15,12,405.1,0.05,0.1,0.0,0.01,Nov,2,2,2,8,Returning_Visitor,False,False
1,-52.79,1,15.03,50,651.8666667,0.01,0.011764706,-1.77,0.0,Aug,3,2,6,11,Returning_Visitor,True,False
12,926.74,11,1767.666667,338,12192.25,0.007520348,0.02,1.114150182,-0.02,Nov,2,5,3,2,Returning_Visitor,False,True
2,49.05,1,28.16,1,66.0,0.0,0.05,0.0,-0.05,Dec,1,8,2,1,Returning_Visitor,False,False
1,0.0,0,0.0,1,-915.79,0.2,0.2,0.0,0.1,Mar,3,2,1,3,Returning_Visitor,True,False
-2,-94.19,1,-105.68,258,8282.214508,0.000977199,0.01,13.91832377,0.0,Nov,2,2,1,2,Returning_Visitor,False,False
1,-8.43,0,26.84,10,0.0,0.0,0.05,0.69,0.0,Mar,2,2,9,1,Returning_Visitor,False,True
5,44.0,1,-125.01,131,4867.93,0.01,0.023900203,0.818306551,0.0,Nov,2,2,1,2,Returning_Visitor,True,True
3,83.82,0,0.0,25,1194.5,0.0,0.007692308,11.51923077,0.01,Oct,2,2,1,1,New_Visitor,False,True
1,9.0,1,82.0,-24,-1401.24,0.03,0.1,3.323971324,0.4,May,3,2,1,3,Returning_Visitor,False,False
0,0.0,0,-27.08,9,29.5,0.0,0.02,13.0,0.02,Mar,2,2,7,2,Returning_Visitor,False,False
0,15.43,0,-13.58,24,165.0,0.01,0.022222222,2.71,0.34,Feb,3,2,6,4,Returning_Visitor,True,False
0,-35.05,-1,16.79,39,1763.67,0.02,0.06,7.75,0.6,May,2,2,1,3,Returning_Visitor,False,False
2,132.4,0,15.86,11,296.3,0.0,0.01,16.0,0.04,Mar,2,2,3,2,Returning_Visitor,False,False
1,6.0,0,0.0,10,149.43,0.02,0.05,7.18,-0.02,Sep,1,8,6,3,Returning_Visitor,False,False
3,73.45,0,7.53,27,610.1916667,0.015384615,0.03,5.28,0.02,Jul,3,2,2,4,Returning_Visitor,False,False
4,94.86,0,15.69,24,585.37,0.017948718,0.033333333,3.58,0.0,Mar,2,2,3,1,Returning_Visitor,False,False
0,87.63,0,0.05,17,812.3,0.0,0.0,0.0,-0.04,Nov,4,1,4,7,New_Visitor,True,False
0,24.77,0,6.25,16,596.14,0.02,0.06,0.0,0.0,Mar,2,2,9,1,Returning_Visitor,False,False
0,0.0,0,0.0,7,-327.32,0.042857143,0.08,-3.76,0.02,Oct,3,2,3,3,Returning_Visitor,False,False
3,53.4,1,-5.43,24,978.79,-0.03,0.004166667,61.91792063,0.04,Oct,2,4,3,7,New_Visitor,False,True
1,0.0,0,-2.7,25,1034.64,0.01,0.04,0.58,0.0,Mar,2,2,9,1,Returning_Visitor,False,False
0,0.0,0,0.0,67,998.9545455,-0.01,0.025933333,0.0,0.8,May,2,2,3,2,Returning_Visitor,False,False
0,0.0,0,-11.87,0,174.51,0.01,0.05,3.2,-0.05,Oct,1,8,3,3,Returning_Visitor,False,False
1,0.0,0,10.38,27,1074.34,0.01,0.04,-0.12,0.01,Mar,2,2,1,1,Returning_Visitor,False,False
1,0.0,0,0.0,22,629.72,0.02,0.04,0.96,0.02,Dec,2,2,5,2,Returning_Visitor,False,True
0,41.16,1,34.86,5,-63.95,0.0,0.03,-0.48,0.0,Oct,3,2,9,2,Returning_Visitor,False,False
4,82.6,1,80.19,27,856.58,-0.0,-0.02,27.19298393,0.0,Sep,2,2,1,4,New_Visitor,True,True
1,23.78,0,0.0,15,0.0,0.2,0.2,-5.7,-0.03,Nov,2,2,1,1,Returning_Visitor,False,False
2,0.0,0,15.0,25,1324.51,0.02,0.05,0.02,0.03,Oct,1,1,1,3,Returning_Visitor,False,False
3,37.5,0,-40.7,43,607.5,0.0,0.010526316,-3.77,-0.01,Nov,2,2,7,2,Returning_Visitor,False,True
0,-42.9,0,1.69,24,1107.83,0.0,0.03,-0.33,0.0,Mar,2,2,1,1,Returning_Visitor,True,False
0,0.0,2,244.97,-6,1430.04,-0.01,0.011436389,0.0,-0.01,Oct,1,1,1,6,New_Visitor,False,False
1,27.6,0,0.0,0,0.0,0.05,0.09,-0.94,0.02,Mar,1,1,9,1,Returning_Visitor,False,False
3,63.5,0,350.42,105,4620.088889,0.0,0.010752688,33.09,0.0,Dec,2,2,3,2,Returning_Visitor,False,False
0,0.0,0,-8.67,14,905.9,0.02,0.07,0.0,0.0,Oct,2,2,1,1,Returning_Visitor,False,False
7,301.11,0,3.91,104,5155.351132,0.02,0.031570985,1.11,0.0,Oct,2,2,1,2,Returning_Visitor,False,False
4,136.34,0,26.86,38,1704.24,0.0,0.012009804,5.05,0.0,Oct,2,2,1,2,Returning_Visitor,False,True
2,0.0,0,-26.79,11,-95.08,0.03,0.06,16.52,0.26,Feb,1,1,1,3,Returning_Visitor,True,False
11,260.65,0,0.0,21,387.63,0.004166667,0.011458333,20.11751289,0.0,Feb,2,2,3,3,Returning_Visitor,False,False
1,56.52,0,-15.21,28,1205.86,0.01,0.040555556,3.28,-0.0,Oct,2,2,1,1,Returning_Visitor,False,False
7,88.25,0,0.0,23,1376.87,0.0,0.017391304,-1.77,-0.04,Nov,1,1,1,7,New_Visitor,True,False
11,357.4,3,1058.27,60,3888.278636,0.0,0.004514952,0.0,0.0,Jul,2,2,6,1,Returning_Visitor,False,False
7,110.25,1,82.08,13,266.5833333,0.011111111,0.04,0.0,0.04,Mar,2,1,1,1,Returning_Visitor,False,False
2,66.33333333,0,47.82,33,2025.3,0.0,0.02,0.0,0.01,Feb,2,4,6,1,Returning_Visitor,False,False
4,59.98,0,0.0,33,1567.89,0.0,0.02,9.694154066,-0.0,Mar,2,2,4,1,Returning_Visitor,True,False
1,-116.46,0,-94.77,-15,0.0,0.14,0.2,-9.28,0.8,May,3,2,2,13,Returning_Visitor,False,False
5,184.9333333,1,53.27,21,542.34,0.006,0.014539683,-0.59,0.0,Mar,3,2,2,2,Returning_Visitor,False,True
4,324.5,0,46.43,37,1456.783333,0.0,0.009019608,30.01288235,0.0,Mar,2,4,1,2,Returning_Visitor,False,True
-1,0.0,0,-31.59,2,55.0,0.03,0.07,12.5,0.4,May,1,2,3,2,Returning_Visitor,False,False
2,20.0,0,-25.99,60,2179.666667,0.0,0.002105263,13.41,0.01,Mar,2,2,6,2,Returning_Visitor,False,False
3,60.0,1,64.87,9,647.6666667,0.016666667,0.04,-1.6,0.05,Mar,2,2,1,2,Returning_Visitor,True,False
5,153.04,0,0.0,10,1330.11,0.02,0.066666667,0.0,0.02,Mar,3,1,8,2,Returning_Visitor,False,False
2,48.33,0,0.0,20,889.5,0.01,0.04,-0.17,0.0,Mar,2,2,9,1,Returning_Visitor,False,True
0,3.47,0,-43.17,12,1620.87,0.03,0.1,-4.57,0.15,May,2,4,4,1,Returning_Visitor,False,False
0,27.56,0,0.0,20,1022.96,0.02,0.05,2.93,0.0,Oct,2,2,1,2,Returning_Visitor,False,False
0,25.0,0,-10.7,17,1042.47,0.0,0.02,0.0,0.03,Mar,2,2,4,2,Returning_Visitor,True,False
2,86.1,0,-11.71,27,615.5595238,0.0,0.002083333,62.77367187,-0.07,Sep,1,1,4,3,New_Visitor,False,True
2,174.6,0,0.0,3,290.34,0.04,0.080612245,0.0,0.0,May,3,2,1,1,Returning_Visitor,False,False
5,-17.89,-1,0.0,19,-371.95,0.01,0.03,-0.71,0.0,Nov,3,2,3,3,Returning_Visitor,False,False
0,51.03,0,0.0,21,616.31,0.01,0.04,-1.38,0.0,Oct,3,2,2,1,Returning_Visitor,False,False
1,29.37,-2,-22.78,67,3198.17,0.01,0.01,37.81,0.0,Dec,3,2,3,11,Returning_Visitor,False,False
1,0.0,0,-23.73,4,-849.17,0.2,0.19,0.0,0.06,May,1,2,4,3,Returning_Visitor,True,False
-1,21.1,2,102.58,65,2668.712121,0.018556202,0.047858483,-6.34,-0.06,Nov,2,2,4,2,Returning_Visitor,False,False
0,0.0,0,0.0,21,958.74,0.03,0.06,0.0,0.11,May,3,2,1,3,Returning_Visitor,False,False
3,74.58,0,0.0,8,51.3,0.01,0.04,4.57,0.03,Nov,2,2,1,2,Returning_Visitor,False,False
0,0.0,-1,890.16,7,1760.88,-0.01,-0.03,0.0,0.0,Nov,1,4,1,9,New_Visitor,False,False
2,64.0,0,0.0,19,277.07,0.01,0.04,0.0,0.03,Oct,2,2,9,1,Returning_Visitor,False,False
1,63.2,0,0.0,26,1175.0,0.015625,0.04,2.73,-0.0,Oct,2,2,1,2,Returning_Visitor,False,False
8,503.56,-1,0.0,26,1487.44,0.02,0.016666667,-6.33,0.0,Aug,4,2,1,3,New_Visitor,False,False
-2,-39.93,0,0.0,62,1252.766667,0.025,0.03,0.0,0.01,May,1,1,7,4,Returning_Visitor,False,False
0,18.82,0,-31.96,17,-352.87,0.02,0.1,10.36,1.0,May,1,1,2,2,Returning_Visitor,False,False
0,9.14,0,0.0,36,2070.325,0.02,0.03,25.86,-0.03,Dec,1,1,1,2,Returning_Visitor,False,False
2,56.13,1,-26.34,35,1781.93,-0.0,0.031081081,-1.69,0.13,May,2,4,4,2,Returning_Visitor,False,False
0,25.23,0,32.58,4,-733.27,0.2,0.2,1.29,0.0,May,3,2,1,3,Returning_Visitor,False,False
11,409.68,4,875.72,39,-603.43,-0.01,-0.01,6.66,0.0,Dec,3,2,5,2,Returning_Visitor,False,True
-2,-58.68,0,-15.54,10,1315.43,0.08,0.08,-1.16,0.2,May,2,2,1,13,Returning_Visitor,False,False
-9,0.0,3,246.5,62,1838.85,-0.02,0.014506173,0.0,0.07,Sep,2,7,5,2,Returning_Visitor,False,False
2,0.0,-1,6.0,65,2349.101818,0.01,0.02,10.95,-0.01,Mar,2,2,2,3,Returning_Visitor,False,False
0,0.0,0,0.0,-1,-910.31,0.075,0.12,-4.28,0.0,Mar,2,2,5,1,Returning_Visitor,False,False
2,474.69,8,1634.18,160,2418.52904,0.004878049,0.05,0.58275,0.84,Jul,2,6,2,6,Returning_Visitor,False,False
-2,-269.21,1,696.73,41,452.797619,0.01,0.023,16.82505,-0.04,May,1,1,1,3,Returning_Visitor,False,True
5,318.0,0,0.0,36,1240.81,0.032894737,0.05,0.0,0.4,May,3,2,1,2,Returning_Visitor,False,False
0,44.55,0,0.0,11,0.0,0.2,0.19,1.34,0.05,May,3,2,1,3,Returning_Visitor,False,False
0,0.0,0,0.0,10,1065.45,0.01,0.06,17.81,-0.03,Dec,1,8,3,11,New_Visitor,True,False
2,100.47,0,0.0,29,2013.69,0.02,0.04,3.39,0.06,May,2,2,1,3,Returning_Visitor,False,False
1,14.93,0,-12.67,25,252.3,-0.0,0.03,22.15399132,0.0,Feb,1,8,6,3,Returning_Visitor,False,True
6,162.34,0,25.49,40,1296.916144,0.01,0.02,3.91,0.0,Oct,2,2,9,2,Returning_Visitor,False,False
2,68.54545455,0,60.0,42,2345.58914,0.002749141,0.012841597,-4.48,-0.01,Oct,2,2,7,2,Returning_Visitor,False,False
0,93.6,0,-14.04,-1,-671.5,0.090909091,0.12,-1.23,0.04,May,2,2,4,1,Returning_Visitor,False,False
5,0.0,0,0.0,109,4115.86,0.0,0.02,0.0,-0.02,Nov,2,2,2,1,Returning_Visitor,False,False
9,92.57,7,1297.27,105,4920.7,0.004032258,0.016482015,-5.21,-0.06,Nov,1,2,4,2,Returning_Visitor,False,True
5,706.78,-1,145.6,16,2734.966667,0.02,0.02,-0.98,0.0,May,1,2,1,2,New_Visitor,False,True
0,22.2,0,40.42,45,1655.190476,0.01,0.02,27.97007005,-0.05,Dec,1,1,7,2,Returning_Visitor,False,False
6,105.0,0,-106.46,43,3529.18,0.03,0.057878788,1.39,0.0,May,2,2,4,6,Returning_Visitor,False,False
0,49.26,0,-9.28,20,-72.15,0.01,0.057142857,13.87,0.8,May,1,2,2,2,Returning_Visitor,False,False
4,-47.0,2,652.8,-76,1143.666667,0.0,0.04,0.0,0.0,Aug,2,2,6,2,Returning_Visitor,False,False
3,23.16666667,1,-4.57,12,122.225,-0.01,0.014285714,0.0,0.06,Mar,2,2,9,1,New_Visitor,True,False
2,69.0,0,14.0,29,1317.53,-0.01,0.01,28.05094335,0.01,Mar,2,2,1,2,New_Visitor,False,True
-6,-108.13,0,-48.01,-28,-1273.86,0.0,0.1,-1.71,0.0,Mar,2,10,3,2,New_Visitor,False,False
1,-85.8,1,36.76,84,1734.780952,-0.01,0.010142857,0.0,0.0,Nov,2,2,6,9,Returning_Visitor,True,False
3,56.0,0,0.0,35,1288.18,0.0,0.01,6.49,0.03,Dec,2,2,9,2,Returning_Visitor,False,True
11,76.0,7,326.84,186,5106.262991,-0.02,-0.03,31.19,0.0,Nov,2,2,3,2,Returning_Visitor,True,False
2,-11.61,0,17.23,34,1391.16,0.16,0.2,0.0,0.8,May,1,2,1,1,Returning_Visitor,False,False
1,37.52,0,0.0,17,274.15,0.021978022,0.05,-4.27,-0.0,Mar,3,2,3,1,Returning_Visitor,False,False
8,212.0,1,92.37,10,491.0,0.0,0.004444444,0.0,0.03,Oct,2,2,1,2,Returning_Visitor,True,False
3,28.5,0,-77.9,-20,181.6666667,0.02,0.02,0.0,0.0,Dec,3,2,3,10,Returning_Visitor,True,False
2,5.15,0,-8.55,28,1407.5,0.01,0.01,15.51193548,0.6,May,2,2,1,13,Returning_Visitor,False,True
2,31.19,0,-89.11,12,1065.09,-0.0,0.03,8.150811238,0.05,Mar,2,4,4,2,Returning_Visitor,True,True
7,415.33,0,18.85,4,1421.96,0.0,0.033333333,-3.61,0.05,May,3,2,4,1,Returning_Visitor,False,False
0,0.0,0,-3.82,39,1606.15,0.01,0.04,2.87,-0.01,Mar,2,2,1,2,Returning_Visitor,False,False
4,72.87,0,37.04,14,779.14,0.011764706,0.03,11.55399716,0.0,Mar,2,2,3,1,Returning_Visitor,False,False
5,85.11,0,-18.99,14,364.4166667,0.0,0.013793103,0.0,0.04,Nov,2,2,1,5,New_Visitor,False,False
4,109.75,0,33.72,39,1788.62,0.0,0.02,0.0,0.0,Oct,2,2,1,2,Returning_Visitor,False,False
0,0.0,0,51.85,-4,393.0,0.06,0.09,0.0,-0.04,May,2,2,1,3,Returning_Visitor,False,False
0,63.12,0,0.0,4,54.5,0.1,0.11,5.0,-0.01,Nov,2,2,3,10,Returning_Visitor,False,False
1,30.2,0,-5.88,13,591.09,0.066666667,0.083333333,-2.24,0.0,Aug,2,2,1,2,Returning_Visitor,False,False
4,27.2,1,61.93,28,1941.42,-0.0,0.007912088,2.48,0.0,Sep,1,8,2,11,Returning_Visitor,False,False
6,97.27,0,29.78,27,1546.09,0.0,-0.01,0.0,0.07,Mar,2,2,2,4,Returning_Visitor,True,False
-12,-245.26,-1,0.0,36,1720.416667,-0.01,-0.02,53.12,-0.27,May,2,10,4,4,New_Visitor,False,False
0,0.0,0,-1.26,11,224.39,0.04,0.08,-0.33,0.02,Mar,1,1,9,1,Returning_Visitor,False,False
4,115.09,1,60.79,14,-582.11,0.0,0.03,0.0,0.0,Mar,2,4,5,2,Returning_Visitor,False,False
0,0.0,6,1014.69,87,585.48,-0.01,0.031564383,0.0,0.21,Nov,3,2,7,2,Returning_Visitor,False,False
2,0.0,0,38.66,42,2334.916667,0.011111111,0.017592593,7.88,0.0,Dec,2,2,1,2,Returning_Visitor,False,False
2,205.19,3,21.36,29,251.92,-0.0,0.02,23.28,-0.0,Nov,2,2,1,10,Returning_Visitor,False,True
0,0.0,0,-1.82,7,-534.11,0.0,0.03,-2.89,-0.02,Feb,1,8,7,3,Returning_Visitor,False,False
26,1887.12,0,-90.41,56,-4229.67,0.0,-0.07,13.81852727,0.0,May,2,5,5,3,Returning_Visitor,False,True
2,46.19,0,7.2,19,1006.48,0.01,0.04,0.0,0.0,Mar,2,2,1,1,Returning_Visitor,False,False
2,51.0,3,82.61,227,4774.98,-0.0,-0.0,34.79,-0.04,Nov,2,2,1,2,Returning_Visitor,False,False
3,225.0,0,9.66,6,1083.84,0.0,0.0,25.98,0.0,May,1,2,1,4,New_Visitor,False,False
-1,-28.76,0,144.78,40,-106.93,0.018857143,0.045365079,14.75,0.8,May,2,2,1,4,Returning_Visitor,False,False
3,61.4,0,-0.15,16,789.93,0.040909091,0.056818182,1.0,0.03,Mar,1,1,1,1,Returning_Visitor,False,True
4,161.9,0,0.0,91,5692.211713,0.01,0.033623455,0.0,-0.1,Oct,4,1,9,3,Returning_Visitor,False,False
1,0.0,0,0.0,-5,-758.27,0.018181818,0.054545455,0.0,-0.14,May,2,8,7,11,Returning_Visitor,False,False
3,97.13,0,0.0,36,1502.22,0.01031746,0.03,4.17,0.0,Nov,2,2,1,2,Returning_Visitor,False,True
4,148.42,0,34.52,10,641.95,0.01,0.02,0.0,-0.0,Oct,1,1,3,2,Returning_Visitor,False,False
2,7.5,0,-12.37,21,1307.71,0.03,0.06,0.0,0.06,May,2,2,1,3,Returning_Visitor,False,False
1,46.4,1,73.24,22,118.2666667,0.0,0.014285714,4.9,-0.01,Jul,3,2,2,2,Returning_Visitor,True,False
-5,-77.69,0,0.0,-31,-4464.66,0.2,0.26,-21.17,0.35,Nov,2,5,2,8,Returning_Visitor,False,False
5,-9.72,0,0.0,4,126.5,0.016666667,0.22,14.91,1.92,May,2,4,3,14,Returning_Visitor,True,False
6,188.64,0,39.84,28,518.4433333,-0.0,-0.0,0.0,0.03,Oct,1,1,1,4,Returning_Visitor,True,False
0,-13.8,0,0.0,15,-153.64,0.05,0.1,0.0,-0.01,Nov,2,2,4,1,Returning_Visitor,False,False
2,103.0,0,161.5,48,1525.76,0.01,0.022009804,-5.7,-0.05,Nov,2,2,1,2,Returning_Visitor,False,False
3,90.46,0,47.89,30,1001.7,0.001149425,0.01,0.81,0.03,Dec,2,2,9,2,Returning_Visitor,False,False
0,-52.14,0,0.0,13,368.06,0.01,0.04,-5.37,0.0,Nov,3,2,2,2,Returning_Visitor,False,False
0,16.1,1,-25.92,66,5057.175,0.002298851,0.022687466,17.78922266,0.0,Nov,2,2,1,10,Returning_Visitor,False,True
0,-2.51,-1,-38.55,0,0.0,0.2,0.2,0.0,0.02,Mar,1,1,7,1,Returning_Visitor,True,False
3,69.0,0,-31.28,28,769.0,0.0,0.004273504,47.93128205,0.08,May,3,2,6,1,New_Visitor,False,True
0,-84.99,-1,116.37,-40,34.33333333,0.06,0.05,0.0,0.6,May,2,10,6,3,Returning_Visitor,False,False
3,224.0,0,718.32,132,6887.09,0.01,-0.0,2.209003373,-0.0,Nov,1,2,1,2,Returning_Visitor,False,True
7,308.71,0,-43.37,105,4626.24,0.02,0.013726336,4.93,0.0,May,2,2,4,1,Returning_Visitor,False,False
2,-22.9,0,-211.84,-39,399.0,-0.04,0.056140351,-24.78,0.0,Nov,5,5,1,19,Returning_Visitor,True,False
0,38.2,0,0.0,10,481.4,0.05,0.08,-0.54,0.14,May,3,2,1,3,Returning_Visitor,False,False
-3,0.0,-1,-82.4,16,1028.46,0.0,0.01,-4.02,0.0,Mar,3,2,7,2,New_Visitor,True,False
-2,0.0,0,-67.92,3,178.25,0.0,0.02,117.54,0.03,Mar,3,2,2,10,Returning_Visitor,False,False
7,275.0844444,0,40.03,70,806.0266667,0.0,0.002666667,1.18,0.0,Jul,2,1,2,4,Returning_Visitor,True,False
2,23.2,0,29.99,20,397.8,-0.0,0.0,10.11,0.04,Mar,2,2,3,2,New_Visitor,False,False
0,62.5,0,0.0,60,1121.1,0.0,0.04,0.0,0.6,May,3,2,2,4,Returning_Visitor,False,False
1,47.6,2,8.0,24,2968.9,0.01,0.036904762,0.0,0.01,Oct,3,2,1,13,Returning_Visitor,False,False
7,217.8333333,1,89.02,18,926.26,0.01,0.014393939,6.51,0.03,Oct,2,2,1,2,Returning_Visitor,False,False
4,93.5,0,0.0,23,1064.93,0.0,0.013768116,2.2,0.02,Oct,2,2,3,2,Returning_Visitor,False,False
1,-39.75,0,0.0,102,2597.89,0.011764706,0.03,-11.57,0.0,Nov,1,1,7,1,Returning_Visitor,False,False
4,87.25,0,0.0,37,1889.12,0.009756098,0.03,3.92,0.0,Oct,2,2,1,1,Returning_Visitor,False,False
-1,59.66,0,-0.49,2,-557.52,0.0,0.008333333,45.6125,-0.0,Feb,3,2,7,2,Returning_Visitor,False,True
0,-48.21,0,280.71,-72,79.0,-0.01,0.12,-32.27,0.0,May,2,2,6,19,Returning_Visitor,True,False
5,58.28571429,1,52.49,89,2165.59,-0.0,0.010759765,2.25,-0.02,Nov,2,2,1,2,Returning_Visitor,False,False
3,92.16666667,0,39.0,46,1388.866667,0.004166667,0.02,2.57,0.0,Mar,2,2,1,2,Returning_Visitor,False,False
2,60.84,0,20.38,27,1218.64,0.01,0.03,0.71,0.02,Mar,2,2,1,1,Returning_Visitor,False,False
0,21.1,0,0.0,18,1036.04,0.02,0.05,0.0,-0.0,Oct,2,2,1,1,Returning_Visitor,False,False
2,145.5,0,44.5,28,986.9333333,0.044166667,0.057,17.41,0.0,Mar,1,1,2,2,Returning_Visitor,False,False
0,0.0,0,6.89,1,-517.09,0.22,0.2,-2.01,0.01,May,3,2,2,3,Returning_Visitor,False,False
-4,-88.74,1,0.0,-5,-1135.4,0.17,0.2,4.01,0.43,May,2,2,9,3,Returning_Visitor,False,False
1,0.0,1,22.55,21,886.03,0.0,0.03,0.0,-0.0,Oct,2,2,9,2,Returning_Visitor,False,False
5,145.47,0,0.0,36,2163.1,0.005970149,0.01,13.09154641,0.03,Oct,2,2,2,2,Returning_Visitor,False,False
6,700.33,-1,0.0,20,917.35,0.0,0.008333333,15.68,0.0,Nov,4,2,1,2,New_Visitor,True,True
3,76.93,0,8.83,7,906.0,0.02,0.06,-12.4,0.4,May,4,1,2,3,Returning_Visitor,True,True
6,163.3333333,0,136.52,8,1248.03,0.00742268,0.03,6.27,0.0,Dec,2,2,1,1,Returning_Visitor,False,False
0,107.0,0,0.0,9,-167.32,0.01,0.06,0.0,0.0,Feb,2,3,7,2,Returning_Visitor,False,False
1,0.0,2,0.0,48,1845.46,0.01,0.04,-2.46,0.0,May,2,4,4,2,Returning_Visitor,False,False
0,2.24,0,-1.62,20,33.2,-0.0,0.02,0.0,0.02,Oct,1,1,7,1,Returning_Visitor,False,False
0,22.75,0,-22.23,51,1558.361111,0.0046875,0.021875,4.89,-0.03,Nov,2,2,1,2,Returning_Visitor,False,True
3,276.75,0,8.49,13,342.125,0.01,0.01,33.88,0.01,Oct,1,2,1,2,New_Visitor,True,False
2,90.5,0,2.03,25,1244.93,0.01,0.044557823,0.0,-0.0,Oct,2,2,1,2,Returning_Visitor,False,False
0,21.74,0,0.0,20,801.05,0.004444444,0.03,0.0,0.0,Oct,2,2,1,2,Returning_Visitor,False,False
1,0.0,1,0.0,78,436.0,0.0,0.022222222,4.25,0.0,Jul,3,4,4,1,Returning_Visitor,True,False
-1,0.0,0,-8.51,7,-235.44,0.08,0.12,-3.2,0.02,Oct,3,2,1,3,Returning_Visitor,False,False
3,88.26,0,0.0,95,4334.815476,0.005531915,0.03962766,0.0,-0.03,Nov,2,2,1,1,Returning_Visitor,False,False
1,0.0,0,56.01,6,903.9,-0.0,0.011111111,-10.0,0.0,Oct,1,1,9,2,New_Visitor,False,False
1,27.0,0,-32.67,23,1250.66,0.0,0.01,0.0,0.0,Mar,2,2,2,2,Returning_Visitor,True,False
3,76.41,1,-45.77,-23,-154.75,0.0,0.02,11.74,0.0,Dec,8,13,9,20,Other,False,False
11,203.44,6,985.4190476,30,1121.79,-0.0,0.022907353,0.0,0.6,May,2,2,3,2,Returning_Visitor,False,False
0,-22.02,0,0.0,20,932.01,0.01,0.02,-0.18,0.02,Mar,3,2,2,4,Returning_Visitor,True,False
-2,-44.39,0,-9.25,-11,-556.25,-0.02,0.02,18.93,0.02,Mar,2,4,7,1,Returning_Visitor,False,False
1,0.0,0,17.06,24,450.96,0.01,0.04,-2.22,0.0,Oct,1,1,3,2,Returning_Visitor,False,False
5,105.44,1,55.0,41,1723.93,0.004545455,0.023982684,7.25975,0.54,May,2,4,2,2,Returning_Visitor,False,False
2,-34.3,0,0.0,3,1936.47,-0.01,0.05,0.0,0.0,Mar,3,4,8,2,Returning_Visitor,False,True
2,106.5,0,-8.42,26,1395.52,0.01,0.029166667,0.0,0.0,Oct,2,2,1,2,Returning_Visitor,False,False
10,0.0,-1,0.0,-66,75.0,-0.0,0.03,-16.59,-0.06,Oct,4,2,8,20,Returning_Visitor,False,False
3,185.0,0,0.0,29,1694.75,0.020512821,0.031196581,3.98,-0.01,Oct,2,2,1,2,Returning_Visitor,False,False
0,357.35,0,10.0,15,178.0,0.019607843,0.05,0.0,0.0,May,3,2,1,4,Returning_Visitor,False,False
0,31.06,0,0.0,-2,-462.94,0.2,0.2,0.0,-0.02,Mar,3,2,9,1,Returning_Visitor,False,False
12,584.36,1,1009.733333,38,1639.069361,0.02173913,0.02,-2.22,0.31,Sep,2,2,6,1,Returning_Visitor,False,False
2,102.2,0,-8.09,10,226.4,0.015384615,0.04,1.26,0.0,Oct,3,2,2,2,Returning_Visitor,False,False
1,48.34,4,-216.11,2,1212.31,0.0,0.066666667,61.33,-0.18,Mar,2,2,1,6,New_Visitor,True,False
0,145.67,0,28.48,41,2759.633333,0.01,0.038541667,-8.52,-0.03,Oct,3,2,1,2,Returning_Visitor,False,False
-3,-68.54,1,0.0,45,1933.79,0.0,0.034042553,-9.17,0.0,Oct,2,2,5,2,Returning_Visitor,False,True
0,0.0,0,0.0,8,13.25,0.03,0.06,8.15,0.01,Mar,1,1,5,1,Returning_Visitor,False,False
-1,27.0,0,0.0,-19,-726.21,0.0,0.05,-9.45,0.0,Nov,2,2,1,2,New_Visitor,True,True
-1,-26.86,0,17.72,-10,17.0,0.085714286,0.142857143,0.0,-0.02,Mar,2,2,3,1,Returning_Visitor,False,False
3,136.15,0,0.0,66,1203.817143,0.01,-0.01,35.84,-0.05,Sep,3,2,4,4,Returning_Visitor,False,False
0,13.81,0,-19.62,20,775.48,0.02,0.05,2.13,0.01,Oct,2,2,1,1,Returning_Visitor,False,False
0,22.76,0,-13.67,32,1300.52,0.01,0.04,3.04,0.0,Oct,2,2,1,2,Returning_Visitor,False,True
3,-44.71,2,34.0,33,2904.922294,0.0,0.011870748,-3.82,0.0,Dec,1,1,9,8,Other,False,False
1,18.0,0,0.0,29,765.3928571,0.0,0.000892857,0.0,-0.02,Mar,3,2,8,3,Returning_Visitor,True,False
2,119.57,0,0.0,14,225.1666667,0.02,0.05,0.0,0.0,Aug,1,1,4,2,Returning_Visitor,False,False
1,66.07,0,-15.92,25,787.77,0.013333333,0.03,-2.05,0.04,May,3,2,7,3,Returning_Visitor,False,False
0,37.09,0,-12.85,57,3382.083333,0.01,0.03,4.18,0.0,Oct,2,2,1,2,Returning_Visitor,False,False
-1,0.0,0,0.0,6,766.35,0.01,0.04,11.55,0.6,May,3,2,1,13,Returning_Visitor,False,False
10,560.92,0,1006.57,83,3937.49,0.02,0.01,0.0,0.61,May,1,2,7,2,Returning_Visitor,False,False
5,121.0,1,19.08,45,1830.583333,-0.0,0.0,111.5113802,0.0,Sep,1,1,6,2,Returning_Visitor,True,False
1,58.81,0,0.0,43,2004.5,0.01,0.04047619,0.0,0.0,Oct,2,2,1,2,Returning_Visitor,False,False
5,54.14,2,0.0,31,845.5,0.0,0.02,0.0,-0.06,Aug,3,2,1,11,Returning_Visitor,True,False
0,0.0,6,397.01,-25,-1537.06,-0.03,0.01,-71.2,0.0,Dec,3,3,9,4,Other,True,False
4,131.55,0,36.16,42,1835.34,0.01,0.019047619,3.8,0.0,Oct,2,2,1,2,Returning_Visitor,False,False
0,53.83,0,-12.29,69,2524.52,0.01,0.02,5.83,0.0,Oct,4,1,2,2,Returning_Visitor,False,True
-3,-366.77,7,286.8,149,4402.25,-0.05,0.07,246.7585902,-0.19,June,4,7,8,5,New_Visitor,False,False
7,85.9,0,-23.46,66,1316.434982,0.003125,0.01,2.58,-0.04,Nov,2,2,3,4,Returning_Visitor,False,False
0,0.0,0,-19.65,7,297.0,0.04,0.071428571,0.0,0.1,May,1,1,5,1,Returning_Visitor,False,False
5,132.17,0,0.0,40,1660.29,0.0,0.016666667,5.01,0.01,Oct,1,1,1,4,Returning_Visitor,True,False
6,218.58,0,45.83,5,-879.94,0.02,0.033333333,0.51,0.0,Nov,3,2,4,1,Returning_Visitor,True,False
1,18.0,1,-49.4,2,1090.83,0.03,0.05,40.73,0.0,Dec,8,13,9,20,Other,False,False
1,-72.73,1,24.0,80,5695.1,0.01287478,0.01,1.98,0.0,May,2,2,4,13,Returning_Visitor,True,False
1,-9.56,0,-3.6,21,54.33333333,0.0,0.02,0.0,-0.02,Feb,1,8,7,3,Returning_Visitor,False,False
0,-29.25,0,-8.66,3,-564.6,0.07,0.1,2.18,-0.04,Oct,1,1,9,3,Returning_Visitor,False,False
0,36.86,2,34.22,23,496.0,-0.05,0.07,-12.76,0.0,Dec,3,12,2,13,Returning_Visitor,False,False
8,206.0,0,32.79,39,1560.05,-0.0,0.01,10.17,-0.02,Mar,2,2,3,1,Returning_Visitor,False,False
1,49.8,0,0.0,41,1868.35,0.012195122,0.04,5.850665427,-0.02,Nov,2,2,1,2,Returning_Visitor,False,False
0,-17.27,0,6.03,44,2400.36,0.01,0.025,0.0,0.0,Nov,3,2,2,2,Returning_Visitor,False,False
0,-13.47,0,-19.95,23,997.94,0.02,0.05,1.21,0.09,May,1,1,9,3,Returning_Visitor,False,False
3,117.47,0,0.0,38,1729.77,0.0,0.003703704,5.87,0.0,Oct,2,2,1,2,Returning_Visitor,False,False
5,173.99,0,18.56,78,2283.67,0.004255319,0.012765957,19.29753191,0.6,May,2,2,1,2,Returning_Visitor,False,True
5,1802.6,0,3.17,25,884.5,-0.02,-0.02,42.57,-0.17,June,2,10,2,2,New_Visitor,False,True
5,211.05,0,31.95,23,1656.89,0.02,0.03,29.61151281,0.05,Oct,4,2,1,2,Returning_Visitor,False,True
4,0.0,3,1.28,107,3228.502137,-0.01,0.01,19.51,-0.09,Nov,1,1,1,2,Returning_Visitor,True,False
0,14.37,0,0.77,19,483.11,0.05,0.070588235,4.15,0.0,May,3,2,1,3,Returning_Visitor,False,False
0,31.53,0,0.0,14,209.97,-0.0,0.048529412,0.0,0.4,May,2,8,2,13,Returning_Visitor,False,False
1,26.04,0,0.0,1,25.69,0.22,0.2,-2.1,0.0,Oct,2,2,9,11,Returning_Visitor,True,False
10,144.91,0,-28.11,16,1242.48,0.02,0.022222222,0.0,0.0,May,2,2,3,3,Returning_Visitor,False,False
0,0.0,-1,-98.6,-32,357.25,0.03,0.08,16.19,0.0,Mar,2,10,2,3,Returning_Visitor,True,False
4,6.52,0,0.0,9,742.0,-0.01,0.007407407,-15.62,-0.0,Oct,1,1,3,4,New_Visitor,True,True
1,30.1,0,4.22,17,765.8,0.026666667,0.06,0.0,-0.01,Mar,1,2,3,1,Returning_Visitor,False,False
3,133.07,1,122.6,1,258.45,-0.0,0.01953125,7.56,-0.01,Mar,3,4,6,2,Returning_Visitor,False,False
6,95.46,3,70.36,36,754.3194444,-0.01,0.03,44.13,0.0,Mar,2,4,1,2,Returning_Visitor,False,False
0,87.85,0,0.0,23,467.0,0.02,0.05,14.35,0.4,May,1,1,1,2,Returning_Visitor,False,False
1,51.53,0,0.0,14,136.46,0.0,0.06,9.597405405,0.6,May,2,4,1,2,Returning_Visitor,False,False
3,102.24,0,10.1,37,1740.23,0.0,0.01,7.05,0.0,Oct,2,2,1,2,Returning_Visitor,False,True
1,65.0,0,102.32,25,-572.88,0.03,0.08,28.29538462,1.0,May,2,2,1,2,Returning_Visitor,True,True
26,-429.6,10,-471.1,78,2235.828084,0.0,0.07,50.07598981,0.18,Nov,2,5,7,1,Returning_Visitor,True,True
2,40.4,1,0.44,15,517.02,0.0,0.02,1.28,0.0,Nov,2,2,1,2,New_Visitor,True,True
6,259.15,1,415.83,-24,230.28,0.0,0.01,13.86451214,0.09,Sep,2,2,6,2,Returning_Visitor,False,False
0,0.0,0,-14.12,1,0.0,0.03,0.07,3.24,0.0,Oct,1,1,1,3,Returning_Visitor,False,False
2,33.4,0,18.61,33,1328.8,0.0,0.01,4.45,0.0,Oct,2,2,2,2,Returning_Visitor,False,False
1,0.0,0,13.42,1,93.05,0.02,0.06,1.24,0.04,Dec,2,2,1,2,Returning_Visitor,False,False
10,585.83,0,0.0,42,-774.81,0.017021277,-0.02,89.4,0.05,Sep,3,2,7,4,Returning_Visitor,False,False
1,407.84,3,585.625,40,-963.85,0.01,0.023436807,0.0,0.0,Dec,3,1,4,4,New_Visitor,False,False
-5,-87.31,0,25.89,-36,-1500.28,0.01,0.11,77.84,0.07,Oct,2,4,3,4,New_Visitor,False,True
4,62.24,0,62.04,59,2037.02,0.0,0.02,0.0,0.0,May,2,2,4,3,Returning_Visitor,True,False
2,60.74,0,0.0,10,271.47,0.02,0.04,1.9,0.0,Nov,2,2,1,2,Returning_Visitor,False,False
8,327.5,0,0.0,24,570.5,0.0,0.01,12.15,0.0,Mar,2,4,1,2,Returning_Visitor,False,False
5,128.88,6,1024.58,20,714.98,0.0,0.016296296,5.88,0.43,May,2,2,1,4,Returning_Visitor,True,True
0,0.0,0,0.0,3,42.0,0.0,0.03,0.0,0.01,Mar,2,2,3,1,Returning_Visitor,False,False
5,265.4,0,28.42,32,1578.27,0.0,0.01,23.87,0.0,Oct,1,2,1,6,New_Visitor,False,False
0,0.0,0,17.32,4,-367.06,0.0,0.05,0.0,0.1,May,1,8,3,3,Returning_Visitor,False,False
0,-5.81,0,1.42,2,-6.87,0.03,0.07,0.0,0.03,Mar,1,1,5,1,Returning_Visitor,False,False
0,8.69,0,35.13,7,-367.94,0.028571429,0.07,4.44,0.09,Feb,1,8,6,3,Returning_Visitor,False,False
4,171.87,0,36.87,17,2777.666667,0.0,0.009090909,3.98,0.0,Oct,2,2,1,2,Returning_Visitor,False,False
-5,-125.49,1,33.73,2,-2730.01,0.0,0.1,15.01,0.07,Dec,3,2,7,1,Returning_Visitor,False,False
2,82.26,0,-33.34,337,10091.59,0.002472799,-0.0,27.77,0.0,Nov,3,2,1,3,Returning_Visitor,False,False
6,99.33333333,1,-26.38,16,345.5,0.0,-0.02,68.67,0.0,Feb,2,2,3,8,New_Visitor,False,False
0,-10.28,0,-27.31,37,1475.366667,0.01,0.02674772,0.0,0.0,Nov,1,1,4,2,Returning_Visitor,True,False
7,-194.58,6,97.16666667,81,4050.27,0.01,0.03,-2.14,0.84,Aug,2,2,1,13,Returning_Visitor,True,False
4,70.5,0,35.83,38,1880.39,0.0,0.02,0.0,0.0,May,2,2,4,1,New_Visitor,True,False
1,12.42,0,5.79,29,1787.64,0.001449275,0.03,4.14,-0.01,Mar,2,2,1,1,Returning_Visitor,False,True
4,84.04,0,26.08,40,1472.3,0.01,0.028571429,0.0,-0.01,Oct,2,2,1,1,Returning_Visitor,False,False
0,0.0,0,-16.58,11,60.5,0.01,0.04,2.03,0.01,Mar,3,2,3,1,Returning_Visitor,False,False
0,0.0,0,-14.08,19,770.25,0.0,0.01,8.79,0.01,Oct,2,2,1,6,New_Visitor,False,False
0,0.0,0,-22.84,60,3462.54,-0.01,0.017777778,0.0,-0.0,Nov,2,4,6,10,Returning_Visitor,False,False
1,35.38,0,7.18,-16,89.33333333,0.0,0.01,0.0,0.0,May,1,8,1,3,Returning_Visitor,False,False
0,-112.92,0,477.03,-66,-1543.1,0.0,0.05,0.0,0.02,Mar,3,2,2,3,Returning_Visitor,False,False
2,102.04,0,0.0,32,1802.48,0.013043478,0.017391304,7.15,0.02,May,2,2,4,4,Returning_Visitor,False,False
-2,-137.65,0,621.76,-77,1070.2,0.045,0.1,0.0,0.07,May,1,2,2,3,Returning_Visitor,False,False
5,126.32,1,19.86,30,921.67,0.0,0.01,1.06,0.03,Nov,2,2,1,2,Returning_Visitor,True,False
1,54.5,0,15.79,-26,66.5,0.0,0.01,0.0,0.03,Feb,8,8,1,20,Returning_Visitor,False,False
2,3.0,-1,0.0,40,624.75,0.0,0.014634146,21.87,-0.03,Mar,3,2,3,3,Returning_Visitor,False,False
2,186.47,0,-21.21,26,354.37,0.0,0.01,0.0,0.02,Oct,3,2,1,4,New_Visitor,True,False
0,27.51,1,0.0,1,463.9,0.2,0.2,0.0,0.07,May,2,2,4,2,Returning_Visitor,False,False
4,48.0,0,0.0,2,11.0,0.02,0.07,0.0,0.05,Mar,2,2,9,7,Returning_Visitor,False,False
2,24.91,0,5.06,13,-47.56,0.01,0.04,-2.05,-0.01,Feb,1,8,6,3,Returning_Visitor,False,False
2,75.05,0,-104.12,91,3844.2,0.019711538,0.03900641,4.55,0.0,Aug,2,2,1,1,Returning_Visitor,False,False
0,-241.2,0,607.02,-100,-2517.92,0.06,0.05,0.0,-0.31,May,1,1,1,8,Returning_Visitor,False,False
1,18.2,0,2.34,6,32.2,0.05,0.08,0.0,-0.02,Oct,4,1,1,3,Returning_Visitor,False,False
0,-80.04,1,0.0,13,520.0,0.02,0.003703704,128.23,0.0,Nov,8,6,1,20,New_Visitor,False,True
4,0.0,0,-33.19,-25,406.0,0.05,0.06,0.0,0.43,May,2,2,1,13,Returning_Visitor,False,False
0,0.0,0,0.0,2,-47.67,0.0,0.07,-25.46,0.0,Dec,3,2,9,1,Returning_Visitor,False,False
0,0.0,0,30.03,19,789.18,0.01,0.03,0.0,0.0,Mar,2,2,3,2,Returning_Visitor,False,False
2,58.28,0,0.0,38,1615.63,0.0,0.02,6.66,0.0,Mar,2,2,1,2,Returning_Visitor,False,False
0,0.0,0,1.65,5,116.0,0.01,0.06,3.05,0.01,Mar,2,2,9,1,Returning_Visitor,False,False
4,57.53,2,34.0,41,1302.5,-0.0,0.02,-0.05,0.01,Oct,2,2,1,2,Returning_Visitor,True,False
0,25.1,0,-25.38,26,1312.333333,0.02,0.054230769,-3.1,-0.01,Mar,3,2,2,1,Returning_Visitor,False,False
3,136.52,1,48.14,24,1596.672282,0.01,0.03,19.92584938,0.08,Mar,4,1,1,2,Returning_Visitor,True,False
-1,-81.12,0,0.0,12,911.77,0.0,0.01,17.808,-0.04,May,2,2,7,4,New_Visitor,False,True
5,90.12,0,-22.84,51,2174.375,0.0,0.01,0.91,0.0,Oct,2,2,3,1,Returning_Visitor,False,False
1,18.87,0,0.0,32,93.0,0.0,0.03,0.0,-0.01,Dec,2,2,5,2,Returning_Visitor,False,False
2,88.75,1,30.93,17,757.375,0.01,0.02,2.07,0.01,Oct,2,2,1,2,Returning_Visitor,False,False
3,0.0,-1,-22.72,33,463.5,0.0,0.02,0.0,0.0,Mar,2,2,3,3,Returning_Visitor,False,False
0,-15.52,0,0.0,7,197.65,0.06,0.1,-4.87,0.11,May,2,2,9,3,Returning_Visitor,False,False
0,14.74,0,-15.78,22,366.75,0.018181818,0.05,3.75,0.0,Oct,3,2,3,1,Returning_Visitor,False,False
0,36.57,0,-7.32,12,-228.86,-0.0,0.02,0.0,0.0,Dec,3,1,5,2,New_Visitor,True,False
1,36.39,0,-4.48,14,512.1111111,0.0,0.03,-2.73,0.06,Nov,3,2,3,9,Returning_Visitor,True,False
4,84.11,0,0.0,19,1147.27,0.00212766,0.04,9.37,0.04,Mar,2,4,2,2,Returning_Visitor,False,False
0,-53.02,0,0.0,18,1135.54,0.0,0.06,1.51,0.01,May,1,8,2,11,Returning_Visitor,True,False
1,94.6,1,74.6,5,199.0,-0.01,0.02,158.95,-0.02,Mar,1,2,1,2,New_Visitor,False,False
1,95.95,1,29.01,19,1693.8,0.0,-0.0,0.0,0.0,Oct,2,2,9,10,Returning_Visitor,False,False
6,18.0,4,464.33,-53,-1686.88,-0.0,0.04,-10.99,0.4,May,2,2,1,1,Returning_Visitor,True,False
3,91.94,0,25.01,32,1471.44,0.0,0.02,0.34,0.01,Oct,2,2,9,2,Returning_Visitor,False,False
1,60.2,0,26.7,9,108.62,0.02,0.056333333,0.0,-0.0,Mar,3,2,1,1,Returning_Visitor,False,False
2,64.31,0,0.0,14,21.0,0.0,0.0,6.74,0.05,May,2,2,3,4,New_Visitor,False,False
2,41.42,0,0.0,7,739.63,0.02,0.046984127,0.0,0.0,Mar,3,2,2,1,Returning_Visitor,True,False
8,194.2916667,1,55.24,15,790.6,0.013131313,0.05,41.67776195,0.12,Mar,1,3,1,1,Returning_Visitor,False,False
6,116.53,0,19.0,11,151.3,0.02,0.04,0.0,0.0,Nov,2,2,1,3,Returning_Visitor,False,False
2,75.39,0,2.95,30,1328.09,0.01,0.04,2.84,0.0,Oct,2,2,1,2,Returning_Visitor,False,False
0,0.0,0,71.5,28,2003.97,0.037619048,0.04952381,0.0,-0.04,Mar,2,2,3,2,Returning_Visitor,False,False
0,62.85,0,-33.13,6,984.56,0.011111111,0.03,0.0,0.08,May,2,2,5,2,Returning_Visitor,False,False
1,13.17,-1,41.08,18,1592.68,0.02,0.05,0.0,0.03,Dec,2,2,1,1,Returning_Visitor,False,False
3,65.35,0,0.0,32,1028.566667,0.0125,0.015625,-2.12,0.03,Mar,1,1,1,4,Returning_Visitor,True,False
4,76.5,0,0.0,21,2846.295305,0.03,0.04,0.0,0.1,Oct,2,2,1,13,Returning_Visitor,False,False
2,27.4,0,0.0,5,944.02,0.0,0.01,-1.58,0.0,Aug,2,2,2,5,New_Visitor,False,True
-1,32.1,0,-23.98,3,21.1,0.01,0.042857143,0.0,0.05,Mar,3,2,1,5,New_Visitor,False,False
1,-230.23,0,-227.39,26,1659.866667,0.008,0.0,21.81920724,0.0,Nov,2,5,2,18,Returning_Visitor,False,True
1,32.71,0,-10.45,16,219.0,0.01,0.04,3.16,0.0,Mar,3,2,3,1,Returning_Visitor,False,True
1,1.59,0,0.0,29,608.2166667,0.01,0.06,0.0,-0.02,Jul,2,2,6,1,Returning_Visitor,False,False
6,189.25,1,0.0,25,1193.57,0.006666667,0.02,2.96,0.02,Nov,1,2,1,2,Returning_Visitor,True,True
6,31.88,3,181.25,199,4722.568651,0.015892388,0.02243106,-2.97,-0.13,Nov,1,1,1,3,Returning_Visitor,False,True
-1,30.34,0,0.0,7,0.0,0.21,0.2,0.0,0.06,May,3,2,1,3,Returning_Visitor,False,False
0,-74.43,1,480.74,-17,112.86,0.005555556,0.015,0.0,-0.02,Nov,2,2,2,2,New_Visitor,False,False
1,43.94,0,0.0,18,-3.94,0.04,0.06,7.31,0.0,Aug,3,2,2,4,Returning_Visitor,False,True
-11,0.0,-1,0.0,2,24.0,0.08,0.1,0.0,0.0,Mar,2,6,2,2,Returning_Visitor,False,False
0,0.0,0,-2.06,10,305.23,0.04,0.08,2.6,0.0,Mar,1,1,9,1,Returning_Visitor,False,False
0,10.07,0,0.0,7,136.75,0.01,0.05,1.77,0.01,Oct,3,2,3,1,Returning_Visitor,False,False
0,0.0,0,0.0,13,464.6666667,0.03,0.06,0.45,0.12,May,2,1,9,3,Returning_Visitor,False,False
1,0.0,0,0.0,31,1210.24,0.0,0.02,4.85,0.01,Mar,2,2,1,2,Returning_Visitor,False,True
-5,0.0,0,0.0,16,392.1428571,0.02,0.06,9.13,0.0,Mar,2,2,1,2,Returning_Visitor,False,False
1,45.09,0,5.49,19,683.3,0.028571429,0.06,0.17,0.01,Mar,2,2,9,1,Returning_Visitor,False,False
0,-64.23,0,-25.71,1,-822.88,0.01,0.07,16.25,0.74,May,1,1,3,5,New_Visitor,False,False
1,33.75,0,20.25,0,-265.06,0.01,0.05,0.3,0.03,Sep,1,8,6,3,Returning_Visitor,False,False
0,-4.31,1,0.0,9,3.78,0.0,0.055555556,0.0,0.0,Mar,3,2,9,1,Returning_Visitor,False,False
4,21.8,0,19.28,11,794.7131148,0.03,0.056528671,0.0,0.14,Sep,2,2,1,3,Returning_Visitor,False,False
2,40.8,0,0.0,29,1306.35,0.004444444,0.02,-0.38,0.0,Oct,1,1,9,2,Returning_Visitor,False,False
11,364.03,0,0.0,34,1728.25,0.006666667,0.019777778,22.42576795,-0.03,Nov,1,2,1,2,Returning_Visitor,False,True
0,0.0,0,2.86,15,432.5,0.02,0.06,0.0,0.0,Mar,2,2,9,1,Returning_Visitor,False,False
0,32.54,0,0.0,15,0.0,-0.0,0.1,-5.47,0.8,June,3,3,2,8,Returning_Visitor,False,False
3,24.89,0,-0.18,9,941.55,0.19,0.2,-1.82,0.0,Dec,2,2,1,1,Returning_Visitor,False,False
0,0.0,0,0.0,21,1227.22,0.012698413,0.032063492,0.0,0.01,Oct,2,2,1,1,Returning_Visitor,False,False
1,5.0,0,-10.99,22,1362.43,0.01,0.05,0.0,-0.0,Mar,2,2,1,1,Returning_Visitor,False,False
3,97.13,0,31.59,38,1541.45,0.0,0.02,3.89,0.0,Mar,2,2,1,2,Returning_Visitor,False,False
1,-53.03,0,28.36,59,3415.47,0.007909605,0.023728814,10.74,0.56,May,2,2,1,13,Returning_Visitor,False,True
2,0.0,-1,63.23,25,1276.76,0.01,0.03,0.0,0.05,Mar,3,2,8,2,Returning_Visitor,False,False
3,63.63,0,13.25,26,1199.62,0.01,0.04,0.7,0.0,Mar,2,2,1,1,Returning_Visitor,False,False
0,-5.49,0,13.7,13,756.04,0.0,0.04,3.57,0.0,Mar,2,2,4,1,Returning_Visitor,False,False
0,0.0,0,0.0,11,69.75,0.02,0.06,2.87,0.0,Nov,3,2,1,1,Returning_Visitor,False,False
0,63.04,1,-17.59,7,-31.26,0.028571429,0.057142857,56.57877343,0.0,Mar,2,4,1,2,Returning_Visitor,False,True
2,51.0,0,-10.27,21,637.5,0.0,-0.0,28.84,0.16,May,1,2,3,4,New_Visitor,False,False
3,92.75,0,21.1,23,1347.9625,0.01,0.020833333,32.4141704,-0.01,Mar,2,2,2,2,Returning_Visitor,False,False
2,0.0,0,4.49,38,1545.86,0.023529412,0.06,3.34,0.0,Jul,2,2,2,1,Returning_Visitor,False,False
7,189.53,0,-16.4,61,3085.95,0.0,0.0,-6.69,0.0,May,3,2,4,3,Returning_Visitor,True,False
-1,0.0,0,0.0,13,549.2,0.019230769,0.05,0.0,0.03,Jul,1,1,6,2,Returning_Visitor,False,False
9,1715.0,0,318.8,-120,-6090.18,0.04,0.17,-6.95,0.21,Nov,1,4,9,2,New_Visitor,False,False
3,148.87,0,0.0,27,3188.483333,0.017241379,0.04,-0.41,-0.03,May,2,2,4,2,Returning_Visitor,False,False
2,84.0,0,8.12,26,1104.74,0.01,0.03,3.87,0.0,Oct,2,2,1,2,Returning_Visitor,False,False
-1,0.0,0,0.0,40,1306.85,0.01,0.023958333,45.67,-0.03,Mar,1,1,6,2,Returning_Visitor,False,False
0,0.0,0,0.0,4,1263.97,0.01,0.05,0.0,0.0,Oct,2,2,1,1,Returning_Visitor,False,False
5,173.55,0,31.37,32,1582.02,0.01,0.01343784,4.17,0.02,Oct,2,2,1,2,Returning_Visitor,False,True
3,124.43,0,0.0,21,758.96,0.02,0.04,0.0,0.05,Oct,4,1,1,3,Returning_Visitor,True,False
2,80.8,0,0.0,11,243.4666667,0.016,0.04,0.44,0.0,Mar,2,2,9,2,Returning_Visitor,False,False
0,-5.63,0,59.24,48,2508.79,0.008510638,0.030927052,16.61211742,0.0,Aug,2,4,6,1,New_Visitor,False,False
0,0.0,0,0.0,16,860.76,0.02,0.054385965,5.16,0.0,Dec,2,2,1,2,Returning_Visitor,False,False
4,130.07,0,0.0,45,1969.92,0.006666667,0.013333333,4.19,0.0,Oct,2,2,1,2,Returning_Visitor,False,False
8,144.76,1,60.42,1,87.5,0.01,0.022222222,-0.64,0.0,Jul,2,2,1,1,New_Visitor,True,False
0,-88.72,1,112.69,59,479.86,0.01,0.030961792,-15.1,0.03,Dec,1,8,6,2,Returning_Visitor,False,False
3,90.27,0,-2.51,11,639.07,0.0,0.01,0.0,0.03,Mar,3,2,2,2,New_Visitor,True,False
2,0.0,0,30.71,15,304.7,0.0,-0.0,75.8,0.03,Dec,2,2,9,12,Returning_Visitor,False,False
2,66.09,0,0.0,36,2294.35,0.01,0.03,6.73,0.03,May,2,4,4,1,Returning_Visitor,False,False
4,70.37,0,16.0,36,1751.847727,0.005263158,0.03,0.0,0.0,Mar,2,2,1,1,Returning_Visitor,False,False
6,163.68,0,38.18,5,1028.57,0.0,0.022222222,-6.14,0.05,Oct,1,1,1,3,Returning_Visitor,False,True
1,113.94,1,0.0,8,296.55,0.0,0.02,114.53,0.25,May,4,1,8,2,Returning_Visitor,False,False
0,0.0,2,37.37,22,240.6,0.035294118,0.062352941,0.0,-0.05,Jul,3,1,9,13,Returning_Visitor,False,False
3,199.75,-1,-26.24,7,331.4,0.01,0.01,8.72,0.05,Oct,3,2,2,1,New_Visitor,False,False
1,0.0,0,-34.84,-2,-838.07,0.2,0.2,0.0,0.0,Mar,1,1,4,3,Returning_Visitor,True,False
-1,-22.06,0,142.44,24,653.2777778,0.014705882,0.04,4.67,0.6,May,1,1,1,4,Returning_Visitor,False,False
0,125.67,0,99.12,27,1108.0,0.0,0.0125,0.0,0.07,Sep,2,1,4,8,New_Visitor,False,False
0,-12.71,0,0.0,9,866.87,0.04,0.06,0.0,-0.05,Aug,2,2,6,2,Returning_Visitor,False,False
9,750.8,1,-38.96,222,4987.688889,-0.0,0.0,10.80188719,-0.03,Nov,4,1,2,2,Returning_Visitor,False,False
0,84.82,0,0.0,28,1213.3,0.0125,0.022395833,2.35,-0.01,Oct,3,2,2,2,Returning_Visitor,False,False
2,-44.27,0,60.18,28,3618.11,0.02,0.01,5.569285714,0.0,May,3,2,2,11,Returning_Visitor,True,False
2,291.04,0,-42.9,377,11945.62954,0.01,0.017527555,16.6,0.0,Nov,2,2,1,4,Returning_Visitor,False,True
6,237.5,0,0.0,15,632.26,0.01,0.02,6.19,0.03,Dec,2,2,1,2,Returning_Visitor,False,True
0,0.0,0,0.0,46,1916.81,0.0,0.018958333,0.0,-0.02,Oct,2,2,2,2,Returning_Visitor,False,False
4,109.09,0,0.0,37,1412.51,0.0,0.01,-2.11,0.05,Mar,1,1,1,4,Returning_Visitor,True,False
7,280.56,3,-100.36,107,3494.831225,0.04,0.018762198,99.87,0.0,Dec,2,10,1,5,Returning_Visitor,False,False
3,68.0,0,21.57,10,808.5,0.01,0.04,2.95,0.0,Mar,2,2,3,2,Returning_Visitor,False,True
0,0.0,0,0.0,4,57.0,0.02,0.025,19.69,0.0,Aug,3,2,6,2,Returning_Visitor,False,False
5,298.581761,0,0.0,210,6361.32,0.01,0.01,13.48,0.0,Nov,2,2,1,2,Returning_Visitor,False,False
7,-360.41,11,-111.98,76,2188.54,0.002439024,0.01,111.26,-0.54,Aug,3,5,2,3,Returning_Visitor,True,True
0,41.82,0,114.0,36,1634.09,0.019379845,0.05,-8.79,-0.02,Nov,1,1,1,2,Returning_Visitor,False,False
1,-110.57,0,0.0,15,428.0,0.02,0.04,-8.61,0.22,Sep,1,8,6,6,Returning_Visitor,True,True
2,1201.5,1,0.0,92,1589.183333,-0.0,0.014967419,11.64,0.0,Sep,2,5,1,6,New_Visitor,False,False
1,27.69,0,21.66,13,173.0,0.02,0.05,-0.03,0.01,Mar,2,2,9,1,Returning_Visitor,False,False
1,4.0,0,0.0,4,67.25,0.04,0.08,0.92,0.02,Feb,3,2,2,3,Returning_Visitor,False,False
0,4.56,0,0.06,38,1779.61,0.0,0.01,0.0,0.01,Mar,2,2,3,2,Returning_Visitor,False,False
2,61.48,1,0.0,6,0.0,0.01,0.04,4.91,0.0,Nov,2,2,1,2,Returning_Visitor,True,False
0,0.0,0,-35.34,164,6448.92,0.0,0.01,2.84,-0.04,Nov,3,2,1,11,Returning_Visitor,True,False
2,0.0,0,-10.1,5,44.5,0.03,0.06,-0.53,0.02,Oct,1,1,1,3,Returning_Visitor,True,False
8,230.28,4,1238.41,85,3856.06,0.006666667,-0.02,1.72,0.0,Mar,2,2,4,2,Returning_Visitor,False,False
3,16.0,6,137.8333333,15,35.3,0.02,0.037267081,4.88,0.18,Oct,2,2,1,9,Returning_Visitor,True,True
0,8.21,0,0.0,2,15.0,0.02,0.07,2.57,0.02,Nov,2,2,1,1,Returning_Visitor,False,False
4,122.59,1,19.81,38,1429.875,0.0,0.02,3.27,0.01,Nov,2,2,1,2,Returning_Visitor,False,True
2,39.07,1,38.55,35,1915.45,0.0,0.0,11.42,0.0,Nov,2,2,1,10,Returning_Visitor,False,False
0,56.0,0,28.11,27,980.32,0.008064516,0.03,0.0,0.01,Oct,1,1,7,2,Returning_Visitor,False,False
-1,5.78,0,-23.89,12,47.0,0.04,0.07,-0.49,0.0,Oct,3,2,1,3,Returning_Visitor,False,False
4,21.84,0,0.0,13,1633.7,0.0,0.016296296,0.0,0.02,Nov,2,2,2,1,New_Visitor,True,False
-7,0.0,0,0.0,7,123.5,0.0,0.06,0.0,0.0,May,4,1,1,3,New_Visitor,True,False
4,83.69,0,0.0,81,2241.002381,0.002439024,0.007012195,0.0,-0.01,Nov,2,2,7,1,Returning_Visitor,False,False
0,0.0,0,0.0,6,-443.03,0.02,0.04,-4.61,0.03,Mar,1,1,1,4,Returning_Visitor,True,False
2,21.0,1,93.82,47,276.5,0.0,0.015384615,-6.75,0.0,Nov,2,2,4,2,Returning_Visitor,False,False
0,3.71,0,0.0,1,112.0,0.0,0.03,4.54,0.04,Mar,2,4,6,2,Returning_Visitor,True,False
6,146.0,2,37.0,26,-130.29,-0.01,0.01,10.54,-0.02,May,1,1,9,3,Returning_Visitor,False,False
2,644.92,0,-13.49,22,11.0,0.0,-0.0,101.47,-0.18,Oct,1,5,1,4,New_Visitor,True,False
1,-24.95,0,-11.81,7,934.0,0.05,0.07,-3.08,0.1,Nov,2,2,1,13,Returning_Visitor,False,False
2,-80.55,1,36.35,44,2865.57,0.01,0.027083333,0.0,0.02,Nov,2,2,1,13,Returning_Visitor,False,False
0,16.26,1,-11.99,48,2153.4,0.0,0.03,5.02,-0.01,Nov,2,2,1,2,Returning_Visitor,False,False
0,-96.68,2,0.0,25,1516.966667,-0.04,0.01,162.45,0.2,May,1,2,8,2,Returning_Visitor,False,False
3,118.83,0,34.43,28,1377.45,0.0,0.02,8.15,-0.0,Mar,2,2,2,2,Returning_Visitor,False,True
13,1626.4,-3,47.66,20,234.0166667,0.02,0.022,0.0,0.06,Oct,4,2,1,2,New_Visitor,False,False
2,65.14,1,0.0,3,86.0,0.03,0.033333333,9.74,0.03,Feb,3,2,4,5,Returning_Visitor,False,False
2,67.16,0,18.8,26,1282.1,0.01,0.04,0.0,0.02,Mar,2,2,1,1,Returning_Visitor,False,False
0,-29.29,0,0.0,24,-239.53,0.03,0.06,-4.28,-0.06,Oct,1,1,9,3,Returning_Visitor,False,True
4,33.4,1,1.45,23,34.82,0.0,0.04,4.428052445,-0.05,Nov,1,1,1,3,Returning_Visitor,True,True
0,24.42,0,6.71,5,0.0,0.21,0.2,0.0,0.0,May,3,2,1,1,Returning_Visitor,False,False
8,397.6309524,1,88.5,107,6449.457197,0.0,0.031510604,-8.76,-0.12,Aug,2,2,1,1,Returning_Visitor,False,True
2,45.55,0,0.0,30,761.75,0.01,0.03,2.98,0.01,Mar,2,2,1,1,Returning_Visitor,False,True
0,35.6,0,0.0,8,165.79,0.07,0.102083333,0.0,0.09,May,3,2,1,3,Returning_Visitor,False,False
4,33.86666667,4,32.7,3,1759.686519,0.0,0.0,207.38,0.17,Sep,3,1,3,10,Returning_Visitor,False,True
5,246.2,1,-9.15,11,213.9472222,0.007692308,0.003247863,0.0,0.01,Dec,3,2,5,2,Returning_Visitor,False,False
5,193.63,1,82.57,41,1019.293939,0.049481481,0.05837037,-1.01,0.03,Feb,3,2,1,1,Returning_Visitor,False,False
2,32.37,0,0.0,6,1180.5,0.05,0.08,0.42,-0.02,May,2,2,1,3,Returning_Visitor,False,False
4,46.2,0,0.0,29,724.09,0.01,0.02,5.76,0.0,Mar,3,2,1,3,Returning_Visitor,True,False
6,143.64,0,16.65,37,1880.12,0.0,0.010717178,22.01,0.01,Mar,2,4,2,4,Returning_Visitor,False,False
0,6.36,0,-9.57,3,105.0,-0.0,0.01,11.92,0.0,Mar,2,2,1,6,New_Visitor,False,False
0,0.0,0,0.0,1,-316.2,0.21,0.2,0.0,0.0,May,3,2,2,3,Returning_Visitor,False,False
1,111.81,0,0.0,25,1183.27,0.013157895,0.02,7.153421053,0.02,May,3,2,1,4,Returning_Visitor,False,True
0,-20.1,0,0.0,29,1530.5,0.19,0.2,0.0,0.6,May,2,2,1,1,Returning_Visitor,False,False
6,306.03,4,152.2,47,1391.5,0.0,0.002614379,-18.01,0.02,Feb,4,1,3,2,New_Visitor,True,False
0,73.85,4,758.5,27,47.9,-0.01,0.01,12.36126667,-0.02,Jul,3,2,6,2,Returning_Visitor,False,False
9,0.0,0,0.0,-30,0.0,0.2,0.2,-34.36,0.0,May,2,4,9,3,Returning_Visitor,False,False
6,144.9,-1,-131.39,49,4515.59,0.04,0.018954248,38.51,0.0,Dec,2,2,3,10,Returning_Visitor,True,False
4,161.08,0,-3.76,79,1171.15,0.0,-0.0,4.15,-0.02,Nov,2,2,1,4,Returning_Visitor,False,False
1,22.94,0,0.0,-1,117.5,0.0,0.066666667,11.12,0.06,Mar,2,4,1,1,Returning_Visitor,False,False
1,73.7,0,145.28,27,1320.99,0.02,0.03,6.21,-0.03,Dec,1,1,6,2,Returning_Visitor,False,False
0,0.0,0,4.61,28,1175.0,0.0,0.022857143,3.77,0.0,Mar,2,2,1,2,Returning_Visitor,False,False
2,0.0,0,0.0,24,1050.5,0.022727273,0.05,-2.52,0.02,Dec,2,2,5,2,Returning_Visitor,False,False
6,76.15,1,360.0,1,3990.72,-0.01,0.013380361,-1.31,0.0,Oct,1,1,1,5,New_Visitor,False,False
-4,0.0,1,273.0,-14,2002.12,0.0,0.020289855,-21.95,-0.29,Dec,2,5,6,2,Returning_Visitor,True,True
2,47.1,0,-59.42,147,4123.956674,0.0,0.010521398,8.0,0.01,Nov,2,2,1,2,Returning_Visitor,False,True
2,76.54,0,0.0,31,1260.24,0.01,0.03,4.09,-0.0,Mar,2,2,1,2,Returning_Visitor,False,False
12,98.85,2,129.0,5,-957.81,0.01,0.015384615,5.05,0.01,Feb,3,2,1,3,Returning_Visitor,False,False
0,0.0,0,0.0,30,0.0,0.03,0.1,21.35,0.8,Feb,1,3,3,2,Returning_Visitor,True,False
0,-7.91,0,5.15,2,-298.27,0.0,0.03,-10.36,0.04,Dec,2,1,3,2,Returning_Visitor,False,False
0,0.0,0,0.0,21,1593.23,0.01,0.04,5.03,0.0,Mar,3,2,2,2,Returning_Visitor,False,False
0,0.0,0,5.08,1,-407.41,0.2,0.2,0.0,0.0,May,3,2,2,1,Returning_Visitor,False,False
1,0.0,0,0.0,24,1732.3,0.025,0.05,0.0,0.0,Mar,2,2,3,1,Returning_Visitor,False,False
1,0.0,0,159.13,30,2191.94,0.0,0.0,-4.26,0.01,Dec,1,1,4,6,New_Visitor,True,False
2,3.67,0,-22.3,58,1780.48,-0.0,0.01,0.0,0.0,Nov,2,2,3,2,Returning_Visitor,False,True
1,20.39,0,8.37,7,38.0,0.0,0.04,3.97,0.0,Mar,2,2,9,1,Returning_Visitor,False,False
2,72.25,0,21.5,14,1124.693074,0.01,0.03,10.37,0.0,Jul,2,2,2,2,Returning_Visitor,False,False
2,98.06,0,-10.86,28,1713.74,0.02,0.04,5.56,0.14,May,2,2,1,3,Returning_Visitor,False,False
0,-23.51,0,0.0,14,54.23,0.0,0.04,7.36,-0.02,Mar,1,1,7,1,Returning_Visitor,False,False
2,109.0,0,0.0,9,515.08,0.0,0.03,0.0,0.0,Aug,2,4,4,4,New_Visitor,True,False
-2,0.0,1,0.0,2,318.39,0.0,0.1,0.0,0.25,May,2,4,9,4,Other,False,False
-5,0.0,0,0.0,1,0.0,0.04,0.07,0.0,0.0,May,3,2,7,2,Returning_Visitor,False,False
1,36.1,0,2.5,20,663.0,0.02,0.05,0.0,0.01,Mar,2,2,9,1,Returning_Visitor,False,False
5,140.5833333,0,-20.64,58,1918.902722,0.0,0.01,0.0,-0.02,Nov,2,2,3,2,Returning_Visitor,False,False
0,0.0,0,-43.51,37,3272.0,0.04,0.078571429,-3.45,0.1,May,2,2,1,1,Returning_Visitor,False,False
1,31.11,0,0.0,13,514.4166667,0.01,0.04,3.33,0.0,Mar,2,2,1,2,Returning_Visitor,False,False
3,65.94,0,-22.03,38,1081.74,0.02,0.04,1.97,0.2,May,2,2,1,3,Returning_Visitor,False,False
3,69.875,-1,-2.01,-10,1051.125,0.0,0.010526316,21.81,0.14,Mar,2,2,9,11,Returning_Visitor,True,True
0,-14.16,0,-15.79,15,418.375,0.0,0.013333333,13.18554515,0.04,Mar,2,2,9,2,New_Visitor,True,True
3,-61.75,2,270.6,-9,1424.4,0.0,0.04,-28.37,0.0,Nov,1,1,9,1,New_Visitor,False,True
3,62.45,0,0.0,19,771.75,0.0,0.02,3.19,0.01,Oct,2,2,3,2,Returning_Visitor,False,False
2,53.94,0,0.0,26,1422.43,0.02,0.04,0.0,0.09,May,2,2,1,3,Returning_Visitor,False,False
0,0.0,0,23.59,20,896.5,0.0,0.05,2.36,0.03,Mar,2,2,1,5,Returning_Visitor,False,True
1,-3.67,0,-32.43,1,212.5,0.0,0.04,15.04,0.0,Mar,2,4,2,4,Returning_Visitor,True,False
5,77.0,2,447.0,34,-9.32,0.0,-0.02,-0.63,0.01,Nov,2,2,7,2,Returning_Visitor,False,False
3,0.0,1,7.48,38,726.2761905,0.0,0.04,-2.3,0.53,May,2,2,1,1,Returning_Visitor,True,False
1,0.0,3,236.44,1,1411.0,0.0,0.02,0.0,0.0,Mar,2,2,1,2,Returning_Visitor,True,False
2,59.68,1,74.95,17,945.8,0.01,0.04,0.0,0.0,Mar,2,2,1,2,Returning_Visitor,False,False
6,183.72,1,69.6,120,3820.58,0.01,0.014537746,2.13,-0.0,Nov,2,2,9,2,Returning_Visitor,False,False
1,-47.27,0,0.0,3,71.5,0.066666667,0.11,-5.37,0.0,May,2,1,3,3,Returning_Visitor,False,False
2,102.56,1,72.0,10,523.55,0.0125,0.05,-6.37,0.03,Nov,1,1,1,2,Returning_Visitor,False,False
7,186.59,1,-65.39,39,2829.25,0.01,0.01,0.0,0.01,Oct,3,2,1,13,Returning_Visitor,False,False
3,42.09,0,13.63,17,476.3600939,0.000694444,0.028639403,0.0,0.03,Mar,2,2,9,1,Returning_Visitor,False,False
8,598.8727273,0,24.15,60,1952.33,0.01,0.03,1.18,-0.0,Nov,2,2,1,2,Returning_Visitor,False,False
2,69.72,1,29.98,15,120.5,0.0,0.02,3.1,0.0,Oct,3,2,9,2,Returning_Visitor,False,False
1,0.0,0,-16.74,28,751.31,0.02,0.05,2.23,0.03,Oct,3,2,1,3,Returning_Visitor,False,False
1,5.05,0,0.0,39,1446.21,0.03,0.06,1.69,-0.05,Nov,1,8,1,3,Returning_Visitor,False,False
0,-30.15,-2,-79.67,24,710.9083333,0.01,0.02,0.0,0.0,Oct,2,2,3,3,Returning_Visitor,False,False
1,57.06,0,0.0,-23,-120.93,0.0,0.03,0.0,0.01,Dec,8,13,9,20,Other,False,False
7,170.0,0,50.82,27,1096.94,0.01,0.023333333,5.1,0.0,Jul,2,2,1,2,Returning_Visitor,False,True
2,0.0,0,0.0,19,1326.79,0.0,0.05,0.0,0.02,Mar,2,4,2,2,Returning_Visitor,False,False
1,0.0,0,-0.04,52,1968.28,0.01,0.04,-0.37,-0.02,Mar,2,2,1,1,Returning_Visitor,False,False
0,0.0,0,0.0,8,24.0,0.15,0.175,0.0,0.4,May,3,2,2,3,Returning_Visitor,False,False
0,73.6,0,0.0,162,5062.45,0.02,0.012349829,1.04,0.03,Oct,2,2,5,2,Returning_Visitor,False,False
1,16.0,0,0.0,1,889.33,0.0,0.05,34.66,0.0,May,2,4,7,1,New_Visitor,False,False
3,77.5,0,0.0,39,1741.21,0.0,0.03,13.34,0.0,Mar,2,2,1,1,Returning_Visitor,False,False
-1,17.26,0,-9.59,9,269.25,0.06,0.1,-2.66,0.03,May,3,2,1,3,Returning_Visitor,False,False
6,22.0,0,0.0,9,1296.29,-0.01,0.048148148,0.0,0.0,May,4,3,7,3,New_Visitor,True,False
0,0.0,0,0.0,13,787.75,0.01,0.06,0.59,-0.01,Mar,2,4,4,1,Returning_Visitor,False,False
4,56.66666667,1,-11.9,21,1072.94,0.01,0.03,7.41,0.32,May,2,2,3,2,Returning_Visitor,False,False
1,0.0,0,64.61,5,2150.45,0.01,0.01,0.0,0.09,Mar,3,2,1,13,Returning_Visitor,False,False
8,119.66,-1,0.0,16,770.89,0.01,0.03,0.0,0.0,Oct,2,10,2,1,Returning_Visitor,False,False
4,148.5,0,25.5,36,2590.016667,0.0,0.01,11.63,-0.0,Dec,1,1,6,2,Returning_Visitor,False,False
0,0.0,0,0.0,-30,384.5,0.0,0.1,-0.79,0.24,May,2,4,1,5,New_Visitor,False,False
1,-3.66,0,0.0,41,355.7,0.025,0.06,-1.09,-0.02,Nov,2,2,9,3,Returning_Visitor,False,False
5,29.0,0,94.61,4,12.0,0.03,0.04,0.0,0.0,Oct,4,1,1,3,Returning_Visitor,False,False
0,8.12,-1,21.46,13,771.0833333,0.055555556,0.071428571,-0.66,0.0,Mar,2,2,3,1,Returning_Visitor,False,False
0,-6.88,0,-20.84,21,1224.73,0.01,0.03,7.56,0.12,May,2,2,3,2,Returning_Visitor,False,False
2,7.5,0,33.61,63,3060.055556,0.024623656,0.03604734,-2.46,-0.03,May,2,2,1,3,Returning_Visitor,False,False
1,-6.45,0,-29.43,14,-275.34,0.05,0.09,6.66,0.2,May,1,1,9,3,Returning_Visitor,False,False
-3,0.0,0,0.0,5,-505.42,0.025,0.1,-3.52,0.0,Mar,2,2,9,1,Returning_Visitor,False,False
1,31.06,0,-5.92,28,1266.38,0.02,0.05,0.0,0.0,Oct,2,2,1,1,Returning_Visitor,False,False
3,48.04,-1,0.0,17,1146.82,-0.0,0.01,0.0,0.01,Mar,2,2,3,1,Returning_Visitor,False,False
0,0.0,0,0.0,18,118.0,-0.0,0.0125,52.28,0.2,Feb,2,2,2,2,Returning_Visitor,False,False
6,191.9,-2,0.0,37,4838.29406,0.01,0.02,0.789591795,0.0,Mar,1,2,2,2,Returning_Visitor,True,False
3,123.43,0,0.0,53,3057.045833,0.011666667,0.018737892,4.45,0.0,Oct,2,2,1,2,Returning_Visitor,False,False
4,120.99,0,31.13,46,2381.95,0.0,0.01,11.0,0.0,Nov,1,2,2,2,Returning_Visitor,False,False
0,56.14,1,66.91,2,293.5,0.0,0.03,0.0,0.18,May,1,1,1,4,Returning_Visitor,False,False
3,103.19,0,-8.42,78,4681.420833,0.01,0.02,0.91,-0.03,Oct,2,2,1,2,Returning_Visitor,False,False
2,52.0,0,0.0,5,573.18,0.0,0.02,0.0,0.02,Oct,2,2,9,2,New_Visitor,False,False
6,221.7279167,4,-147.26,136,7392.35,0.011252599,0.031851593,2.045137389,-0.51,Oct,2,5,9,1,Returning_Visitor,True,False
8,387.6,4,32.0,328,19193.74,0.001780415,0.04,-60.35,-0.15,Mar,2,2,1,6,Returning_Visitor,True,False
2,34.0,0,0.0,30,1515.97,-0.0,0.02,9.91,0.0,Mar,2,2,2,2,Returning_Visitor,False,False
-6,-323.97,0,908.94,16,897.06,0.05,0.0875,0.0,0.6,May,4,2,6,3,Returning_Visitor,False,False
-2,-13.11,0,-11.43,7,214.3333333,0.04,0.09,3.56,0.18,May,3,2,1,3,Returning_Visitor,False,False
0,7.53,1,55.53,12,345.92,0.0,0.02,-1.52,0.05,Mar,3,2,1,2,Returning_Visitor,True,False
4,-7.21,0,0.0,41,155.02,0.013333333,0.04,0.0,1.0,May,1,1,1,4,Returning_Visitor,True,False
4,95.17,1,11.1,68,2039.61,0.01,0.02,26.35,-0.02,June,2,2,6,2,Returning_Visitor,False,False
-3,0.0,0,0.0,-3,0.0,0.2,0.2,4.94,0.02,Sep,3,2,4,6,Returning_Visitor,False,False
0,0.0,-1,0.0,-4,62.75,-0.0,0.01,44.43,0.0,Dec,2,4,6,2,New_Visitor,False,False
2,55.48,0,20.02,15,966.48,0.01,0.029411765,2.1,0.03,Mar,2,2,1,1,Returning_Visitor,False,False
0,0.0,0,0.0,32,1139.1,0.02,0.04,5.22,0.0,Oct,4,1,2,3,Returning_Visitor,False,False
2,96.62,0,0.0,44,1144.19,-0.0,0.01,0.36,0.38,Mar,3,2,3,6,Returning_Visitor,False,True
-2,0.0,0,39.84,10,254.0,0.01,0.05,14.0292,0.02,Mar,2,2,9,1,Returning_Visitor,False,True
0,0.0,1,0.0,-2,63.0,0.08,0.12,0.0,0.18,May,1,1,9,1,Returning_Visitor,False,False
0,91.58,0,0.0,18,1911.610665,0.01,0.01,11.63,-0.0,Oct,2,2,1,10,Returning_Visitor,False,False
2,41.5,0,0.0,22,743.44,0.005555556,0.03,-5.84,-0.0,Nov,1,1,4,2,Returning_Visitor,False,False
3,29.5,0,-51.13,27,1273.25,-0.01,0.01,-9.75,-0.02,Nov,2,2,9,6,New_Visitor,False,True
2,46.13,0,0.0,16,112.0833333,0.023529412,0.09,4.34,-0.02,Jul,2,4,4,2,Returning_Visitor,False,False
4,82.78,0,0.0,19,1152.4,0.0,0.04,9.34,0.04,Mar,2,4,2,2,Returning_Visitor,False,False
3,72.51,1,81.43,19,937.81,0.01,0.04,0.0,0.05,Mar,2,1,1,2,Returning_Visitor,False,False
0,0.0,0,16.46,15,153.0,0.02,0.05,9.29,0.08,Feb,1,1,4,1,Returning_Visitor,False,False
1,206.59,1,14.2,8,66.53333333,0.0,0.04,0.0,0.0,Aug,4,1,3,1,New_Visitor,False,False
0,59.72,0,-18.4,17,897.83,0.01,0.04,0.0,0.0,Oct,2,2,1,2,Returning_Visitor,False,False
3,82.21,0,9.41,27,2052.15,0.02,0.033333333,0.84,0.0,May,2,2,1,3,Returning_Visitor,False,False
3,71.5,0,6.16,41,1854.26,0.0,0.03,-2.39,0.02,Mar,2,2,9,1,Returning_Visitor,False,False
0,-30.09,0,-30.87,18,91.49,0.06,0.08,0.84,0.0,May,1,1,5,3,Returning_Visitor,False,False
1,37.82,0,-3.76,29,1264.48,0.01,0.04,0.0,-0.01,Mar,2,2,1,1,Returning_Visitor,False,False
1,123.07,0,-22.82,28,893.23,0.03,0.03,61.99,-0.01,Sep,3,2,1,4,Returning_Visitor,False,False
-8,-154.22,0,50.89,46,156.4047619,0.02,0.09,0.65,-0.0,Nov,2,2,3,2,Returning_Visitor,False,False
2,90.96,0,-6.91,28,694.0,0.01,0.014285714,7.11,-0.0,Oct,3,2,3,2,Returning_Visitor,False,False
4,126.0,1,6.0,41,1101.803333,0.0,0.002721088,4.406578162,0.03,Oct,2,2,5,2,Returning_Visitor,False,False
1,41.0,0,0.0,14,1832.9,0.01,0.01,0.0,0.0,June,1,1,6,6,New_Visitor,True,False
4,0.0,0,-23.47,1,353.36,0.21,0.2,0.0,0.0,Dec,2,2,4,2,Returning_Visitor,False,False
3,86.25,0,0.0,34,1383.63,0.0,0.016666667,0.0,0.01,Oct,1,1,9,4,Returning_Visitor,False,False
0,0.0,0,50.35,4,1229.15,0.02,0.05,0.0,-0.0,Mar,3,2,2,1,Returning_Visitor,False,False
1,33.0,0,0.0,2,504.64,0.0,0.03,6.25,0.02,Mar,2,2,1,2,Returning_Visitor,False,False
-6,-280.09,0,0.0,59,1100.475,-0.03,-0.07,-14.29,-0.27,Nov,2,5,4,3,Returning_Visitor,True,True
0,0.0,0,0.0,13,236.0,0.01,0.05,2.99,0.01,Mar,2,2,9,1,Returning_Visitor,False,False
2,17.84,4,0.0,13,-844.79,0.0,0.061538462,45.16,0.16,May,2,7,3,3,Returning_Visitor,False,False
0,0.0,0,11.02,-23,-1435.87,0.1,0.16,-4.61,0.02,Nov,2,2,1,3,Returning_Visitor,False,False
0,0.0,0,-20.61,30,1248.133333,0.02,0.04,2.47,0.08,May,2,2,9,3,Returning_Visitor,False,False
5,19.0,1,681.03,45,475.6666667,-0.05,-0.12,160.9,0.0,Dec,1,10,3,11,Returning_Visitor,False,False
2,55.74,0,9.08,30,1619.92,0.01,0.04,0.0,0.0,Oct,2,2,1,2,Returning_Visitor,False,False
0,-58.23,0,0.0,26,3163.79,0.02,0.02,0.0,0.02,Oct,3,2,1,13,Returning_Visitor,False,False
7,181.44,3,811.13,52,1873.32,-0.01,0.03,13.66,0.84,May,2,2,2,4,Returning_Visitor,True,False
1,13.62,0,-36.54,-12,0.0,0.2,0.2,-7.85,0.0,Mar,2,2,4,1,Returning_Visitor,True,False
9,464.45,2,106.6,97,1935.887111,0.001168385,0.008928355,0.0,0.0,Nov,2,2,4,2,Returning_Visitor,True,False
0,41.0,0,-18.48,25,1229.25,0.01,0.04,0.0,-0.01,Oct,3,2,2,1,Returning_Visitor,False,False
1,82.01,-1,-115.34,38,2939.625,0.0,0.01,32.81205711,0.0,Nov,3,2,8,10,Returning_Visitor,False,True
3,0.0,-1,8.22,33,534.5833333,0.01,0.1,0.0,1.0,May,2,4,4,1,Returning_Visitor,True,False
6,399.56,2,-51.96,27,1031.704762,0.0,0.0,33.14784917,0.0,Mar,2,1,9,10,Returning_Visitor,True,True
11,960.0,4,0.0,73,3589.27,-0.0,0.018181818,28.91,0.0,Mar,2,2,1,2,Returning_Visitor,False,False
0,0.0,0,-18.04,15,489.27,0.01,0.04,3.29,0.01,Dec,3,2,1,2,Returning_Visitor,False,False
1,-45.62,2,85.36,9,267.99,0.018181818,0.05,0.0,-0.07,Dec,1,8,3,2,Returning_Visitor,False,False
3,53.66,0,-16.6,1,51.92,0.2,0.2,9.81,-0.02,Dec,1,1,7,2,Returning_Visitor,False,False
0,0.0,0,37.57,2,-717.55,0.2,0.21,4.5,-0.03,June,2,2,6,1,Returning_Visitor,False,False
4,130.3,1,5.0,59,1903.45,0.005,0.02,2.78,0.0,Aug,2,2,6,2,Returning_Visitor,False,False
2,12.95,1,59.56,14,2324.820965,0.01,0.01,7.935285933,0.0,Mar,3,2,1,13,Returning_Visitor,False,True
1,5.0,0,-0.68,31,1763.91,0.01,0.03,0.0,0.0,Mar,2,2,1,1,Returning_Visitor,True,False
1,58.82,0,0.0,45,2138.383333,0.0,0.012282691,9.58,0.0,Dec,2,2,1,2,Returning_Visitor,False,False
1,0.0,0,0.0,1,0.0,0.18,0.2,0.0,-0.07,Jul,3,2,2,1,Returning_Visitor,False,False
1,111.78,0,0.0,18,834.34,0.01,0.03,1.23,0.0,Mar,1,1,7,2,Returning_Visitor,False,True
4,133.41,1,-42.9,48,1273.16,0.014038462,0.03,0.0,0.01,Nov,3,2,1,1,Returning_Visitor,True,False
5,230.72,0,33.43,33,881.34,0.01,0.008754209,5.774785164,0.0,Dec,3,2,1,2,Returning_Visitor,False,True
10,770.7388889,2,138.6666667,136,726.0388889,0.0,-0.03,25.61,-0.05,Dec,2,2,5,2,Returning_Visitor,False,True
2,55.75,0,-13.41,14,116.0,0.0,0.016666667,0.0,0.0,Nov,2,2,9,2,New_Visitor,False,False
-2,13.62,1,44.36,-2,870.83,0.16,0.2,-1.45,-0.04,Feb,2,4,4,2,Returning_Visitor,False,False
8,501.4833333,0,80.48,21,1717.59,0.02,0.03,2.209972688,0.0,Oct,2,2,1,2,Returning_Visitor,False,False
0,7.63,7,248.41,9,-1836.32,0.04,0.08,0.0,0.0,June,2,5,1,1,Returning_Visitor,True,False
1,65.71,0,47.0,17,1033.04,0.01,0.03,3.28,0.02,Mar,1,1,2,2,Returning_Visitor,False,False
1,35.36,1,8.91,-14,827.3,0.01,0.01,30.04,-0.01,Dec,8,13,9,20,Other,False,False
3,79.49,0,0.0,22,1659.24,0.009090909,0.05,0.0,0.07,May,2,4,4,1,Returning_Visitor,False,False
2,71.08333333,0,28.07,24,875.15,0.0,0.01,55.47,0.0,Dec,1,2,4,2,New_Visitor,False,True
0,77.52,0,0.0,12,-944.11,0.0,0.06,17.99,0.8,May,4,1,1,4,Returning_Visitor,False,False
-2,-93.12,0,6.51,-3,-1260.84,0.01,0.023809524,20.54,0.03,May,2,2,9,8,New_Visitor,False,False
0,81.1,0,-1.39,4,536.0,0.01,0.04,25.95,0.0,Oct,1,1,3,10,Returning_Visitor,False,False
3,143.0,2,197.16,3,-3014.25,0.0,0.042857143,21.3,0.46,May,2,2,9,4,Returning_Visitor,False,False
2,-98.92,1,55.0,10,1968.25,-0.01,0.021428571,91.56,0.27,May,4,1,8,6,New_Visitor,False,False
-1,0.0,0,-10.12,12,41.4,0.01,0.05,-7.02,0.0,Mar,3,2,3,1,Returning_Visitor,False,False
1,37.63,1,-95.34,-8,20.79,0.0,0.02,2.56,-0.1,Feb,3,2,9,20,Other,False,False
1,0.0,0,0.0,14,993.79,0.021052632,0.02,0.0,0.05,Aug,3,2,2,11,Returning_Visitor,True,True
0,0.0,0,0.0,1,0.0,0.05,0.07,1.97,0.05,May,1,1,5,3,Returning_Visitor,False,False
5,79.06,0,0.0,17,942.15,0.0,-0.01,7.42,0.07,May,2,2,3,3,Returning_Visitor,False,False
2,132.025,3,79.7,45,1620.141667,-0.0,0.01,0.0,-0.06,Feb,2,1,9,8,New_Visitor,False,False
0,149.46,0,-54.99,5,166.53,0.0,0.04,-4.25,0.5,May,4,1,6,2,Returning_Visitor,True,False
0,67.22,0,5.7,-18,-494.09,0.2,0.19,0.0,0.0,May,3,2,1,3,Returning_Visitor,False,False
1,0.0,0,0.0,36,788.5,-0.01,0.02,0.0,-0.02,May,1,8,3,3,Returning_Visitor,False,False
0,0.0,0,30.32,13,1251.93,0.0,0.06,0.99,0.0,May,2,4,4,1,Returning_Visitor,False,False
0,82.39,-1,-63.56,12,0.0,0.26,0.2,0.0,0.0,Feb,3,2,6,11,Returning_Visitor,True,False
1,196.22,0,-57.62,6,1132.47,0.03,0.07,-0.66,0.17,May,3,2,1,1,Returning_Visitor,False,False
2,78.94,0,9.49,19,434.5,0.01,0.04,0.61,0.0,Nov,2,2,1,2,Returning_Visitor,False,True
-2,0.0,0,0.0,18,1451.44,0.01,0.06,1.08,-0.02,Oct,2,2,1,1,Returning_Visitor,False,False
5,247.1363636,0,24.22,56,1494.34,0.01884058,0.04,24.72661836,0.6,May,3,2,1,1,Returning_Visitor,False,False
4,68.5,0,-20.92,37,863.1666667,0.01,0.04,-8.73,0.0,Nov,1,1,1,8,Returning_Visitor,False,False
3,72.19,0,2.99,8,221.0,0.0,0.025,0.0,0.0,Mar,3,2,7,1,Returning_Visitor,False,False
16,311.8300935,7,201.5,242,6850.499335,-0.01,-0.02,4.115853586,0.25,Feb,2,10,7,3,Returning_Visitor,True,False
3,44.01666667,0,28.88,4,1535.92,0.0,0.0,17.69,0.1,Oct,4,1,2,4,Returning_Visitor,True,True
0,71.81,0,-8.87,10,322.5,0.04,0.07,4.96,0.06,May,1,1,4,1,Returning_Visitor,False,False
0,0.0,0,-23.57,3,-928.83,0.2,0.2,0.0,0.08,Oct,2,2,4,3,Returning_Visitor,True,False
-2,-59.03,0,0.0,2,-106.27,0.03,0.084615385,-1.61,-0.0,Mar,3,2,3,1,Returning_Visitor,False,False
3,-133.7,0,0.0,11,63.0,-0.01,0.02,0.0,0.6,Feb,2,2,1,3,New_Visitor,True,False
3,0.0,0,-11.32,1,0.0,0.22,0.2,0.84,0.0,Dec,2,2,1,1,Returning_Visitor,False,False
-2,-111.56,0,-32.54,31,-378.14,0.01,0.08,9.39,1.0,May,1,1,3,2,Returning_Visitor,False,False
1,0.0,0,-71.82,16,-746.87,-0.01,0.008531746,119.81,0.11,Feb,2,4,7,2,New_Visitor,False,False
-4,0.0,0,0.0,266,5301.31,-0.01,0.025,0.0,0.8,May,1,8,3,1,Returning_Visitor,False,False
2,84.53,0,55.21,23,1580.166667,0.024,0.09,-0.87,0.8,May,2,4,1,2,Returning_Visitor,False,False
1,53.4,0,0.0,18,539.5,0.011111111,0.03,1.44,0.0,Oct,3,2,3,2,Returning_Visitor,False,False
0,3.64,0,0.0,1,120.51,0.004761905,0.05,0.0,0.0,Oct,1,8,3,11,Returning_Visitor,False,False
0,34.77,0,-17.5,46,1875.52,0.02,0.04,0.0,0.0,Oct,2,2,1,2,Returning_Visitor,False,False
0,0.0,0,0.0,120,1148.5,0.01,0.07,82.59,1.24,May,4,1,8,4,Returning_Visitor,True,False
1,-176.83,4,7.666666667,98,6502.31,0.03,0.018367347,78.19779587,0.0,Sep,2,2,1,13,Returning_Visitor,True,True
4,117.0,0,14.8,98,3653.641667,0.01,0.02,0.0,0.0,Oct,2,2,1,2,Returning_Visitor,False,False
6,111.36,0,0.84,50,1773.14,0.0,0.01,0.0,0.02,Oct,2,2,3,1,Returning_Visitor,False,False
3,91.25,0,4.75,26,955.5432151,0.01,0.03,0.0,-0.01,Oct,3,2,2,1,Returning_Visitor,False,True
3,92.7,1,0.0,59,1125.904762,0.0,0.01,5.07,0.01,Oct,3,2,3,2,Returning_Visitor,False,False
4,124.11,0,-0.49,16,853.4166667,0.0,0.03,50.81417971,0.03,Feb,2,4,2,2,Returning_Visitor,False,True
3,67.0,0,0.0,35,1938.36,0.01,0.025,5.38,0.0,Dec,2,2,1,2,Returning_Visitor,False,False
0,62.04,0,0.0,112,4254.08,0.000223214,0.02,0.0,-0.01,Oct,2,2,1,2,Returning_Visitor,False,False
0,0.0,0,-58.59,42,1118.73,0.0,0.06,0.0,0.8,May,2,2,1,6,Returning_Visitor,False,False
1,-27.33,0,615.2,18,1946.25,0.01,0.026315789,8.52,0.0,Mar,2,2,2,1,Returning_Visitor,False,False
1,57.15,0,-0.24,25,706.7,0.01,0.04,1.83,-0.0,Nov,2,2,1,2,Returning_Visitor,False,False
1,53.79,0,-8.57,35,1377.25,0.0,0.01,4.58,0.0,Oct,2,2,2,2,Returning_Visitor,False,False
6,148.73,1,0.0,187,6338.256636,0.003076923,0.01,1.73,-0.01,Nov,2,2,1,2,Returning_Visitor,False,False
0,0.0,0,-18.82,7,31.99,-0.0,0.03,-13.73,0.01,Oct,4,1,3,3,Returning_Visitor,True,False
6,345.37,0,54.15,41,2681.998105,0.01,0.01,-1.51,0.0,Mar,3,2,1,2,Returning_Visitor,False,False
2,91.46,0,8.32,45,1880.966667,0.01,0.023809524,0.52,0.17,May,4,1,2,3,Returning_Visitor,False,True
0,0.0,1,51.84,31,2090.82,0.0,0.06,-5.88,0.34,May,2,2,1,3,Returning_Visitor,False,False
3,170.19,0,-12.84,16,722.9,0.02,0.05,0.0,0.0,Feb,3,2,4,1,Returning_Visitor,False,False
0,-94.25,0,-3.18,6,140.0,-0.02,0.033333333,71.49,0.0,Mar,2,4,3,6,Returning_Visitor,False,False
1,189.11,0,-25.88,284,11778.29,0.0,0.024532828,0.0,-0.06,Nov,1,1,9,3,Returning_Visitor,False,False
0,15.24,0,14.28,73,0.0,-0.04,0.01,0.0,0.8,May,1,8,2,1,Returning_Visitor,True,False
9,35.77,0,0.0,20,7750.537279,0.12,0.09,3.012181822,-0.31,Sep,3,1,4,13,Returning_Visitor,False,True
0,-38.34,0,-12.27,21,272.0,0.02,0.090666667,-0.7,0.8,May,2,2,3,2,Returning_Visitor,False,False
1,-93.21,1,65.11,25,3578.57,0.03,0.04,0.0,0.0,Feb,3,2,2,13,Returning_Visitor,False,False
0,-106.29,1,0.0,26,2403.96,0.023076923,0.037179487,-8.43,0.0,May,2,2,5,13,Returning_Visitor,False,False
0,0.0,0,-66.96,43,-152.22,0.004651163,0.006976744,46.86,0.8,May,2,2,1,1,Returning_Visitor,True,False
0,-37.41,3,89.97,12,529.23,0.0,0.04,-1.44,0.05,Nov,1,1,4,2,Returning_Visitor,True,False
1,0.0,0,0.0,15,0.0,-0.0,0.06,0.0,0.6,May,1,8,3,13,Returning_Visitor,False,False
0,25.79,0,-7.88,5,322.3,0.01,0.05,0.0,0.01,Oct,3,2,9,1,Returning_Visitor,False,False
1,-28.54,0,60.54,20,-283.07,0.0,0.002777778,-6.67,-0.05,Dec,3,1,4,8,Returning_Visitor,False,False
1,0.0,0,-21.5,-43,-2204.78,0.16,0.173333333,-12.77,-0.01,Oct,4,1,1,3,Returning_Visitor,True,False
0,0.0,0,-20.86,15,223.0,0.0,0.04,0.0,0.0,Mar,3,2,3,1,Returning_Visitor,False,False
1,64.17,0,-9.94,27,1051.5,0.02,0.04,2.43,-0.01,May,2,2,4,1,Returning_Visitor,True,True
1,0.0,0,2.13,39,1315.63,0.0,0.00952381,4.3,0.0,Mar,2,2,4,2,Returning_Visitor,True,False
3,24.63,2,62.46,118,-914.01,0.002898551,-0.01,32.02,0.0,Nov,1,1,3,4,Returning_Visitor,False,False
2,0.0,0,0.0,40,1421.73,0.001041667,0.019583333,0.0,0.0,Oct,4,1,2,3,Returning_Visitor,True,False
1,69.62,0,-20.83,22,347.6666667,0.03,0.07,10.42,-0.01,Oct,4,1,1,3,Returning_Visitor,False,False
10,306.42,0,18.86,18,1259.72,0.014875647,0.03,14.16,0.02,Jul,1,1,8,2,New_Visitor,True,False
0,22.15,0,15.67,13,384.0,0.0,0.05,5.23,0.0,Nov,2,4,4,2,Returning_Visitor,False,False
-1,1578.16,0,0.0,176,2483.4,-0.0,-0.03,13.87,-0.17,Jul,4,5,4,2,New_Visitor,False,False
1,32.31,0,36.96,2,0.0,0.22,0.2,0.0,0.0,May,3,2,1,3,Returning_Visitor,False,False
2,77.33,0,23.16,19,1186.21,0.02,0.04,-2.38,0.15,May,1,1,1,4,Returning_Visitor,False,False
0,0.0,0,55.42,1,-196.49,0.22,0.2,-3.79,-0.0,May,3,2,2,3,Returning_Visitor,False,False
1,121.51,1,122.75,23,925.2933333,0.01,0.03,2.43,0.06,June,2,1,1,4,Returning_Visitor,False,False
12,250.25,2,0.0,131,4393.54,0.01,0.016051967,-21.33,0.0,Nov,3,1,7,8,Returning_Visitor,True,False
0,67.06,0,-56.03,2,15.0,0.0,0.1,18.2,0.63,May,1,1,1,1,Returning_Visitor,False,False
3,104.03,0,0.0,37,1578.18,0.01,0.02,4.77,-0.0,Oct,2,2,1,2,Returning_Visitor,False,False
5,92.22,1,62.0,33,874.06,-0.0,0.012248677,59.06,0.0,Sep,2,4,4,3,Returning_Visitor,False,False
8,295.77,0,54.36,18,2180.23,0.02,0.027272727,19.42,0.15,May,1,2,1,1,Returning_Visitor,False,False
0,13.07,0,0.0,21,903.33,0.02,0.06,0.0,0.4,May,2,2,1,1,Returning_Visitor,False,False
-1,-29.03,3,1439.0,19,1119.716667,0.05,0.09,-2.64,0.47,June,1,1,8,2,Returning_Visitor,False,False
4,163.375,0,0.0,18,1053.24,-0.0,0.005,21.75,0.0,Mar,2,2,1,6,New_Visitor,False,False
5,119.75,0,0.0,39,1098.72,0.007692308,0.01025641,0.0,-0.01,Mar,2,2,7,1,Returning_Visitor,False,False
4,0.0,1,0.0,9,488.14,0.01,0.06,43.79717364,-0.07,Mar,2,2,1,1,Returning_Visitor,False,False
8,534.35,1,75.48,29,627.69,0.01,0.019354839,0.0,0.0,Mar,4,1,1,1,Returning_Visitor,True,False
-1,-3.8,-1,0.0,2,-313.27,0.08,0.115789474,-0.49,0.02,Nov,3,2,2,3,Returning_Visitor,False,False
1,4.0,0,0.0,24,957.9,0.03,0.07,22.74458333,0.07,Mar,1,8,6,13,Returning_Visitor,False,True
1,30.06,0,-20.45,37,1387.41,0.01,0.03,8.74,0.02,Dec,2,2,1,2,Returning_Visitor,False,False
0,2.93,0,0.0,1,0.0,0.2,0.2,6.18,0.08,Feb,1,1,7,1,Returning_Visitor,False,False
2,102.75,-1,-59.63,4,508.38,0.02,0.028571429,0.0,-0.02,Nov,1,2,6,2,New_Visitor,True,False
-1,0.0,1,50.91,22,646.5,0.21,0.2,0.0,0.0,Feb,2,2,5,1,Returning_Visitor,False,False
2,46.5,-1,65.78,29,3518.36,0.02,0.01,16.87878625,0.0,Dec,2,2,2,10,Returning_Visitor,False,False
17,473.63,0,-56.78,130,2545.75,0.01,-0.02,32.68,0.6,May,2,2,3,4,Returning_Visitor,False,False
6,81.12,10,1831.05,173,2134.103333,0.0,0.014583333,11.12,0.8,Jul,2,2,9,6,Returning_Visitor,False,False
0,-36.52,-1,3.77,14,684.7272727,0.005405405,0.04,0.0,0.01,Mar,2,2,3,1,Returning_Visitor,False,False
0,0.0,0,0.0,6,652.31,0.01,0.04,3.62,0.0,Mar,2,2,1,1,Returning_Visitor,False,False
2,55.45,1,-3.7,237,6558.84,0.003094233,0.0,5.36,-0.01,Nov,2,2,1,2,Returning_Visitor,False,False
2,38.22,0,0.0,15,1026.13,0.0,0.033333333,8.3,-0.0,Mar,2,4,4,2,Returning_Visitor,False,False
0,0.0,2,36.48,24,1097.16,0.006314433,0.05,-1.45,0.01,Nov,2,2,1,2,Returning_Visitor,False,False
0,-19.18,0,21.56,8,545.17,0.15,0.21,1.32,0.8,May,3,2,2,1,Returning_Visitor,False,False
3,125.73,0,0.0,20,791.6666667,0.01,0.016666667,41.35007203,0.0,Mar,2,2,1,2,Returning_Visitor,False,True
1,77.78,1,37.89,69,2077.806007,0.01,0.018561873,0.0,-0.0,Nov,2,2,4,2,Returning_Visitor,False,False
1,14.0,0,-12.87,20,789.9583333,0.004166667,0.02,0.0,-0.01,Mar,3,2,7,1,Returning_Visitor,False,False
1,220.74,0,-69.2,0,482.5,0.02,0.02,13.73,0.01,Oct,3,2,1,10,Returning_Visitor,False,False
-1,5.36,0,0.0,8,168.75,0.0,0.03,0.0,0.04,Nov,2,2,1,6,New_Visitor,False,False
-2,-40.08,0,0.0,2,-377.97,0.09,0.15,0.0,0.01,Mar,3,2,3,1,Returning_Visitor,False,False
2,35.25,0,1.13,1,-1646.63,0.2,0.2,-0.13,0.0,Jul,1,1,1,4,Returning_Visitor,True,False
1,44.53,0,-14.99,18,557.1666667,0.023529412,0.049509804,0.0,0.01,Mar,3,2,2,1,Returning_Visitor,False,False
2,0.0,0,21.17,10,949.35,0.0,0.05,0.0,0.0,Jul,2,4,2,2,Returning_Visitor,False,False
3,63.23,0,0.0,27,1201.35,0.0,0.02,2.51,0.0,Oct,2,2,3,2,Returning_Visitor,False,False
2,96.66666667,0,-29.85,23,2457.35,0.031818182,0.03,54.10230816,-0.04,Jul,2,2,2,10,Returning_Visitor,False,True
0,6.87,0,6.68,24,944.48,0.02,0.05,0.71,0.01,Mar,2,2,9,1,Returning_Visitor,False,False
1,11.0,0,19.2,20,958.48,0.0,0.03,2.48,0.01,Mar,2,2,1,1,Returning_Visitor,False,False
3,0.0,0,0.0,14,23.53,0.02,0.014285714,0.0,0.0,May,2,2,5,3,Returning_Visitor,False,False
9,287.11,1,68.89,55,2154.53,0.01,0.02016129,14.68324522,0.0,Nov,1,2,1,2,Returning_Visitor,False,False
2,47.66,0,0.0,24,966.86,-0.0,0.006666667,16.97,0.0,Mar,2,2,3,2,Returning_Visitor,False,False
4,61.57,0,-51.97,26,1379.66,0.01,0.026086957,0.0,-0.03,Nov,2,2,1,2,Returning_Visitor,True,False
-1,-74.55,1,-105.54,17,352.4166667,0.08,0.08,0.0,0.0,May,1,1,5,1,Returning_Visitor,True,False
0,34.2,0,-16.93,4,160.5,0.02,0.05,4.37,0.0,Oct,4,1,1,3,Returning_Visitor,False,False
3,104.98,0,0.0,-2,-933.66,0.01,0.03,-0.06,0.1,Aug,1,8,4,4,Returning_Visitor,True,False
3,-8.64,0,0.0,37,2078.39,0.02,0.015384615,0.0,-0.27,May,2,3,4,3,Returning_Visitor,False,False
1,21.8,0,0.0,2,556.56,0.01,0.06,0.0,0.02,Mar,2,2,1,1,Returning_Visitor,False,False
5,663.42,0,84.56,-32,-2008.12,0.03,0.056481481,0.0,0.44,Oct,1,5,2,2,Returning_Visitor,True,False
-7,0.0,0,340.85,-9,281.5,0.0,0.06,0.0,-0.02,Oct,4,2,9,1,Returning_Visitor,False,False
0,-197.96,0,167.7,17,1344.291667,-0.02,0.008695652,71.61,0.05,Nov,2,4,2,8,New_Visitor,False,False
0,5.42,0,8.03,9,976.42,0.0,0.033333333,0.0,0.0,May,2,4,4,2,Returning_Visitor,False,False
3,84.46,0,0.0,16,26.0,0.0,0.028571429,4.72,-0.0,Nov,2,2,2,2,Returning_Visitor,False,True
0,19.74,0,0.0,5,136.0,0.142857143,0.15,-6.77,0.15,May,3,2,4,3,Returning_Visitor,True,False
3,144.69,0,14.29,223,5602.593506,0.0,-0.01,8.2,0.0,Nov,3,2,4,4,Returning_Visitor,False,False
1,70.33333333,0,3.98,18,1049.313889,0.025595238,0.05,0.06,0.0,Oct,2,2,3,2,Returning_Visitor,False,False
-1,0.0,-1,-44.45,6,65.5,0.07,0.1,-3.5,-0.04,Nov,3,2,6,9,Returning_Visitor,False,False
10,198.4,1,27.6,26,357.21,0.01,0.016666667,33.07,0.5,May,1,2,3,2,Returning_Visitor,False,False
5,229.79,5,360.0,28,769.5,-0.01,0.042424242,19.38181818,0.41,May,3,2,1,6,Returning_Visitor,False,False
-1,0.0,0,0.67,-9,-720.96,0.05,0.1,-3.76,0.0,Mar,3,2,3,1,Returning_Visitor,False,False
1,40.61,0,-117.0,189,5992.54,0.01,0.014604116,16.33,0.02,Nov,2,2,1,2,Returning_Visitor,False,True
3,0.0,2,123.62,11,-18.36,-0.01,0.023076923,-1.52,0.05,Mar,3,2,9,3,Returning_Visitor,True,False
3,117.8,0,0.65,30,1386.34,0.01,0.02,4.26,0.0,Oct,2,2,1,2,Returning_Visitor,False,False
0,0.0,0,-4.71,39,1635.09,0.02,0.033333333,11.97,0.08,May,2,2,1,4,Returning_Visitor,False,False
3,96.85714286,0,0.0,29,1098.51,0.0,0.01,19.71468924,0.0,Mar,1,1,3,2,Returning_Visitor,False,True
0,0.0,0,0.0,1,411.53,0.2,0.2,1.65,0.0,Mar,1,1,3,2,Returning_Visitor,False,False
-1,-4.36,0,0.0,2,-2610.38,0.1,0.18,0.0,0.0,Nov,1,2,1,2,Returning_Visitor,False,False
3,99.19,1,32.12,29,1131.92,0.0,0.01,3.15,0.01,Oct,2,2,1,2,Returning_Visitor,False,False
3,130.99,0,25.76,46,2582.69697,0.01,0.02,2.4,0.0,Oct,2,2,1,2,Returning_Visitor,False,False
12,155.6,6,282.0,52,1405.01,-0.04,-0.03,12.07468889,-0.19,Oct,1,1,3,7,Returning_Visitor,False,False
1,0.0,0,35.45,6,574.01,0.01,0.033333333,0.0,0.0,Oct,2,2,9,2,Returning_Visitor,False,False
4,107.15,1,42.0,17,408.3333333,0.0,0.003174603,21.2,0.03,Mar,2,2,1,2,Returning_Visitor,True,True
0,0.0,0,0.0,6,111.75,0.01,0.05,0.24,0.01,Oct,3,2,3,1,Returning_Visitor,False,False
6,69.9,0,0.0,46,1846.666667,0.0,0.018939394,6.8,0.0,Oct,2,2,1,3,Returning_Visitor,False,False
6,235.91,1,-276.14,94,6942.783547,0.02,0.05,2.780937777,0.0,Dec,2,2,1,14,Returning_Visitor,True,False
4,0.0,4,147.5,25,-2001.44,-0.02,0.02,121.61,0.06,Feb,2,4,5,2,Returning_Visitor,False,False
0,-28.45,2,0.0,-1,481.8333333,0.0,0.0,74.088,0.0,Mar,4,1,1,10,Returning_Visitor,True,True
0,10.23,0,0.0,27,1321.91,0.01,0.04,2.37,0.02,Oct,2,2,1,1,Returning_Visitor,False,False
3,105.04,2,-266.76,42,3277.0,0.02,0.06,79.77,0.0,Sep,2,2,3,6,New_Visitor,False,False
10,397.8333333,0,0.0,39,1237.88,0.01,0.01,0.0,0.0,May,2,2,7,1,Returning_Visitor,False,False
1,60.61,0,0.0,34,1274.53,0.01,0.04,1.4,0.0,Oct,2,2,1,2,Returning_Visitor,False,False
-1,-103.63,2,53.79,7,-331.63,0.01,0.05,33.52,0.24,Feb,2,2,3,6,Returning_Visitor,False,False
1,55.44,0,0.0,15,556.6666667,0.02,0.05,4.92,0.03,Oct,2,2,1,1,Returning_Visitor,False,True
2,126.08,0,0.0,22,2364.65,0.0,0.043478261,0.0,0.01,Oct,2,2,1,2,Returning_Visitor,False,False
5,53.3,0,0.0,-51,-884.88,0.01,0.02,31.44363136,0.0,Oct,1,2,6,2,Returning_Visitor,False,True
0,0.0,0,0.0,6,990.93,0.01,0.033333333,0.0,0.03,Feb,3,2,6,1,Returning_Visitor,False,False
7,83.0,0,-0.27,-15,47.0,0.01,0.06,3.81,0.0,May,2,2,4,4,Returning_Visitor,False,False
0,4.12,0,8.32,20,872.44,0.02,0.06,-1.23,0.02,Mar,2,2,9,1,Returning_Visitor,False,False
2,155.11,1,115.92,-1,-621.7,-0.0,0.02,-3.09,0.01,Mar,3,2,1,2,Returning_Visitor,False,False
10,1222.4,0,-103.32,80,2988.883333,0.0,0.04,0.0,-0.07,Nov,1,2,1,2,Returning_Visitor,False,False
4,18.0,4,50.15,24,-312.03,-0.02,0.003571429,20.91831644,0.0,Oct,2,2,9,2,New_Visitor,True,True
-1,36.5,0,0.0,80,2712.38,0.0,0.006410256,10.0986778,0.0,Oct,4,1,3,2,Returning_Visitor,False,True
8,264.89,1,160.63,150,1093.154762,0.0,0.001428571,18.66,-0.06,Nov,3,2,6,4,Returning_Visitor,True,False
16,455.63,0,0.0,24,-1138.88,0.0,0.006451613,0.0,-0.15,Mar,2,2,7,20,Returning_Visitor,True,False
6,362.98,1,107.93,6,1042.15,0.0,0.016666667,0.0,0.0,Oct,1,1,1,2,Returning_Visitor,False,False
-4,-14.76,0,-18.73,6,240.64,0.02,0.033333333,0.0,-0.09,Aug,1,1,5,4,New_Visitor,False,False
2,102.46,0,0.0,26,1131.48,0.01,0.03,0.0,-0.01,Oct,2,2,4,2,Returning_Visitor,True,False
0,0.0,1,-20.06,7,276.5,0.03,0.07,0.0,0.16,May,4,1,1,3,Returning_Visitor,True,False
0,72.16,1,28.28,2,10.0,0.07,0.1,4.6,0.0,May,3,2,1,3,Returning_Visitor,False,False
16,393.81,-1,182.1666667,12,5889.730504,0.028910577,0.05,32.43,-0.29,Oct,1,1,1,3,Returning_Visitor,False,False
0,-52.86,0,-36.12,27,811.8630952,0.01,0.03,-2.07,-0.04,Nov,1,8,6,10,Returning_Visitor,True,False
1,-21.54,-1,-46.17,24,1749.0,0.06,0.104761905,-0.45,0.0,Dec,2,2,1,2,Returning_Visitor,False,False
6,385.75,0,0.0,34,743.27,0.0,0.021727273,-2.4,-0.03,Oct,3,2,4,2,Returning_Visitor,False,False
0,3.78,0,10.5,-15,39.5,0.03,0.09,0.0,0.16,May,2,2,1,3,Returning_Visitor,False,False
0,55.71,0,0.0,23,161.96,0.0,0.017391304,15.33,0.01,Feb,2,2,7,2,Returning_Visitor,False,False
0,0.0,-1,-55.4,24,355.73,0.077777778,0.1,-8.23,-0.01,Oct,1,1,5,3,Returning_Visitor,False,False
3,134.71,0,-3.42,11,512.45,0.015384615,0.03,101.3,0.0,Nov,1,2,1,2,New_Visitor,False,False
3,97.61111111,0,0.0,24,978.02,0.01,0.04,0.0,0.0,Mar,2,2,9,1,Returning_Visitor,False,False
0,0.0,0,-0.61,2,421.72,0.2,0.2,4.39,0.05,Oct,1,1,3,2,Returning_Visitor,False,False
0,0.0,0,0.0,10,1528.93,0.01,0.02,7.16,0.0,Feb,1,1,6,6,Returning_Visitor,False,False
24,593.69,0,500.83,18,3428.527381,0.018642295,0.043830926,0.870148477,0.0,June,2,2,2,3,Returning_Visitor,False,False
1,4.0,0,-16.01,38,1625.78,0.015384615,0.04,2.76,-0.02,Nov,2,2,1,2,Returning_Visitor,False,True
0,27.46,0,0.0,29,1264.63,0.01,0.04,0.0,-0.01,Mar,2,2,1,2,Returning_Visitor,False,False
0,-10.85,0,0.0,-7,-338.01,0.11,0.143589744,0.0,0.0,June,2,2,2,2,Returning_Visitor,False,False
7,350.87,2,280.5,110,4055.09,0.0,0.01,24.45,0.0,Nov,1,2,2,2,Returning_Visitor,False,True
4,46.17,1,51.37,46,1210.31,0.0,0.014285714,-1.91,0.03,Mar,2,2,1,1,Returning_Visitor,True,False
9,272.62,0,0.0,35,1935.06131,0.006557377,0.022222222,5.51,0.01,Oct,2,2,1,1,Returning_Visitor,False,True
8,182.45,1,0.0,15,1134.455556,-0.01,0.001333333,30.30681247,0.02,Mar,2,4,2,2,Returning_Visitor,False,True
0,0.0,0,6.4,13,412.0,0.02,0.06,2.84,0.0,Mar,2,2,9,1,Returning_Visitor,False,False
2,-37.24,0,64.2,82,892.6,-0.0,0.05,0.0,1.0,May,2,2,1,2,Returning_Visitor,True,False
2,62.42,1,0.34,116,3363.182143,0.000420168,0.014048347,2.8,0.01,Nov,2,2,1,2,Returning_Visitor,False,False
0,0.0,0,-4.18,2,-743.55,0.2,0.2,0.0,0.28,May,3,2,4,3,Returning_Visitor,True,False
4,333.5,0,0.0,62,1996.37,0.02,0.01,0.21,-0.02,May,3,2,4,4,Returning_Visitor,False,False
3,33.37,1,0.0,18,1035.85,0.0,0.05,3.74,0.0,Nov,2,4,1,2,Returning_Visitor,False,False
0,-42.55,-1,-43.31,31,1536.59,0.01,0.009677419,18.97,0.0,June,2,2,2,8,New_Visitor,False,False
2,20.5,-2,0.0,33,1319.93,0.004347826,0.010434783,0.0,0.0,Mar,2,2,2,3,Returning_Visitor,True,False
0,-33.3,-1,-110.62,175,2763.011332,0.01,0.007566642,0.0,0.0,Nov,2,1,3,4,Returning_Visitor,False,False
3,86.0,-1,-115.46,30,267.3,0.11,0.16,9.92,0.0,Nov,1,1,4,9,Returning_Visitor,True,False
-1,0.0,0,0.0,26,152.25,0.030769231,0.025641026,5.11,0.0,May,2,2,5,2,Returning_Visitor,False,False
-1,0.0,0,-16.95,6,454.3,0.0,0.033333333,36.18,0.07,May,2,4,6,4,Returning_Visitor,False,False
0,0.0,0,0.73,7,219.51,0.082142857,0.08,0.0,0.0,Dec,1,1,1,8,New_Visitor,True,False
1,72.0,1,0.0,36,1866.65,0.0,0.02,0.0,0.0,May,2,2,5,1,Returning_Visitor,False,False
0,28.25,0,7.24,1,-524.99,0.2,0.2,-1.92,0.01,May,3,2,1,1,Returning_Visitor,False,False
0,0.0,0,-28.55,-7,-24.69,0.2,0.2,0.0,0.0,Mar,1,1,3,9,Returning_Visitor,True,False
0,-18.69,0,-26.29,28,174.76,0.01,0.035294118,36.07906944,0.0,Feb,1,1,9,3,Returning_Visitor,False,True
0,9.5,0,11.07,2,96.0,0.03,0.07,-0.5,0.02,Mar,1,1,9,1,Returning_Visitor,False,False
0,-84.54,1,59.5,44,1787.54,-0.01,0.003359173,-3.96,0.03,Mar,3,2,2,2,Returning_Visitor,True,False
-1,37.43,-1,-79.09,-1,0.0,0.2,0.22,0.0,0.02,Nov,3,2,1,13,Returning_Visitor,False,False
0,32.38,0,4.56,1,-157.23,0.2,0.21,0.0,-0.01,Mar,3,2,9,1,Returning_Visitor,False,False
2,38.31,0,15.49,8,404.0,0.01,0.0375,0.0,0.01,Mar,2,2,1,2,Returning_Visitor,False,False
3,53.07,-1,0.0,59,2351.333333,0.0,0.02,-3.4,0.0,May,2,2,9,3,Returning_Visitor,False,False
1,71.19,0,0.0,8,228.6666667,0.0,0.02,0.0,0.02,Oct,2,2,4,2,New_Visitor,True,False
0,0.0,0,0.0,20,1059.57,0.01,0.05,0.0,-0.0,Mar,2,2,1,1,Returning_Visitor,False,False
0,-152.15,0,-144.64,16,-1970.01,0.0,-0.03,8.13,-0.18,Nov,2,5,3,3,Returning_Visitor,False,False
1,32.25,0,0.0,34,1294.93,0.011764706,0.04,0.0,-0.01,Oct,2,2,1,2,Returning_Visitor,False,False
1,-5.43,0,-58.04,24,601.78,0.02,0.04,0.0,0.0,Nov,1,1,4,2,Returning_Visitor,True,False
1,67.91,0,-14.18,22,623.4166667,0.01,0.04,0.0,-0.01,Mar,3,2,2,1,Returning_Visitor,False,False
3,60.25,0,0.0,54,2026.16,0.0,0.013333333,0.0,-0.01,Nov,2,2,1,2,Returning_Visitor,False,False
3,57.0,-1,163.0,36,1284.63,0.002631579,0.021052632,0.0,1.18,May,1,1,2,5,Returning_Visitor,True,False
0,0.0,0,3.26,4,0.0,0.2,0.2,-1.99,0.02,May,2,2,1,1,Returning_Visitor,False,False
1,8.22,0,-0.41,3,-135.45,0.0,0.04,-2.25,0.0,Mar,1,8,3,3,Returning_Visitor,False,False
0,-29.65,0,28.42,21,975.56,0.02,0.06,0.0,0.0,Dec,2,2,5,2,Returning_Visitor,False,False
3,88.37,0,25.07,32,1249.75,0.008333333,0.03,2.38,-0.0,Oct,2,2,1,2,Returning_Visitor,False,False
5,149.35,1,0.0,46,1610.91,0.0,0.0025,8.8,0.02,Oct,2,2,1,2,Returning_Visitor,False,False
0,7.59,0,0.0,14,197.0,0.028571429,0.06,18.81,0.01,Dec,3,2,9,1,New_Visitor,False,False
14,367.25,3,191.51,195,14884.84,0.01,-0.06,3.86863332,-0.25,Nov,2,6,2,1,Returning_Visitor,True,True
0,-34.98,0,0.0,16,340.65,0.02,0.04,2.4,0.0,Jul,3,2,2,3,Returning_Visitor,True,False
1,714.34,3,63.5,28,764.9,0.0,0.05,36.2003121,-0.04,Nov,4,2,2,2,Returning_Visitor,False,True
-4,0.0,0,29.27,5,1267.59,0.02,0.033333333,3.19,0.0,Oct,3,2,3,10,Returning_Visitor,False,False
0,-104.27,0,0.0,6,1756.87,0.0,0.014285714,78.56959864,-0.01,Sep,3,2,3,2,New_Visitor,False,True
0,-10.37,0,13.4,23,25.0,0.0,0.03,0.0,0.02,Mar,1,1,7,1,Returning_Visitor,False,False
2,93.8,0,19.04,2,526.6853968,0.03,0.03,19.7,0.02,Aug,1,1,4,5,New_Visitor,True,False
0,0.0,0,0.0,2,-1906.93,0.1,0.1,0.0,0.0,Mar,2,5,3,11,Returning_Visitor,False,False
-1,0.0,0,0.0,7,949.68,0.0,0.028571429,1.9,0.0,Oct,2,2,1,6,New_Visitor,False,True
0,0.0,0,0.0,1,0.0,0.13,0.2,0.57,0.07,Mar,1,3,4,1,Returning_Visitor,True,False
0,12.9,1,28.09,12,406.07,0.01,0.043809524,0.77,0.0,Mar,3,2,1,2,Returning_Visitor,False,False
7,918.89,2,11.21,38,54.33,0.01,0.01,4.247372093,-0.23,Oct,2,5,1,8,Returning_Visitor,False,False
1,0.0,0,0.76,14,747.0,0.02,0.06,0.0,0.0,Mar,1,1,1,1,Returning_Visitor,False,False
0,118.56,1,0.0,-3,171.5,0.019230769,0.080769231,5.28,0.28,May,3,2,1,1,Returning_Visitor,False,False
0,0.0,-1,-64.45,22,-1825.22,0.0,0.04,10.51809524,0.63,May,2,10,7,4,Returning_Visitor,False,True
5,463.76,2,390.0,32,4379.99,-0.03,0.03,-8.47,-0.27,Oct,1,1,1,2,Returning_Visitor,False,False
0,26.78,0,0.0,5,0.0,0.01,0.05,0.0,0.01,Oct,2,2,9,2,Returning_Visitor,False,False
-2,0.0,0,11.3,9,-131.86,0.04,0.06,0.0,0.0,Sep,3,2,4,4,Returning_Visitor,False,False
4,74.64,0,0.91,29,1252.3,0.0,0.02,0.0,0.01,Mar,2,2,3,1,Returning_Visitor,False,False
4,138.67,0,0.0,21,0.0,0.0,-0.01,18.4,0.0,Mar,3,2,1,8,New_Visitor,False,False
0,0.0,0,-7.43,6,369.41,0.033333333,0.07,-0.24,0.01,Oct,2,2,9,1,Returning_Visitor,False,False
15,1286.14,2,-92.22,8,-825.34,0.031313131,0.11,8.49,0.0,Oct,1,1,1,3,Returning_Visitor,False,False
1,3.0,0,-12.8,15,549.3333333,0.03,0.06,3.48,0.03,Oct,1,1,1,3,Returning_Visitor,False,False
2,91.43,0,-0.22,38,1548.3,0.000340136,0.008176477,4.38,0.0,Oct,2,2,2,2,Returning_Visitor,False,True
5,56.34,1,105.1,-8,1457.93,0.01,0.06,-12.86,0.0,May,2,4,1,3,Returning_Visitor,False,False
0,26.32,0,-2.05,1,0.0,0.2,0.21,-2.48,0.02,Oct,3,2,1,1,Returning_Visitor,False,False
3,76.17,0,37.39,35,1365.24,0.0,0.02,2.89,0.0,Mar,2,2,1,2,Returning_Visitor,False,False
0,9.25,0,0.0,5,166.46,0.03,0.07,-0.85,0.0,Mar,1,1,1,1,Returning_Visitor,False,False
1,24.0,1,45.86,8,-135.92,0.033333333,0.01,29.9,0.11,May,2,6,6,1,Returning_Visitor,True,False
7,191.49,0,0.0,104,3997.31,0.003921569,0.020140056,0.0,0.04,Mar,2,2,1,6,Returning_Visitor,False,False
1,4.0,0,7.21,11,440.6,0.011111111,0.041898148,-1.83,0.04,Mar,2,2,1,1,Returning_Visitor,True,False
0,12.8,0,0.0,1,0.0,0.03,0.14,0.0,0.8,May,2,4,1,1,Returning_Visitor,False,False
0,0.0,0,0.99,11,241.27,0.018181818,0.054545455,-1.72,0.0,Nov,2,2,1,2,Returning_Visitor,False,False
3,-100.23,2,26.42,15,669.42,0.01,0.03,0.0,0.23,Aug,2,2,3,13,Returning_Visitor,False,False
-1,2.0,-1,-36.7,5,-813.57,0.08,0.1,9.18,0.09,Sep,3,2,4,3,Returning_Visitor,False,False
0,0.0,1,34.3,137,4045.726634,0.009993099,0.021710569,-1.1,0.0,Nov,1,1,9,2,Returning_Visitor,False,False
0,0.0,0,0.0,1,555.57,0.0,0.02,2.21,0.02,Oct,2,2,1,2,New_Visitor,False,False
1,28.2,0,0.0,36,2224.03,0.02,0.048148148,0.0,0.01,Oct,3,2,1,1,Returning_Visitor,False,False
4,109.81,0,0.0,28,865.08,0.0,0.003030303,11.85,0.02,Oct,2,2,3,2,Returning_Visitor,False,True
5,85.2,0,0.0,43,1322.07,0.01,0.015909091,4.88,0.01,May,3,2,1,3,Returning_Visitor,False,False
2,46.31,0,0.0,15,892.77,0.001904762,0.04,0.0,-0.01,Mar,2,2,4,1,Returning_Visitor,False,False
2,63.28,1,60.22,29,57.4,0.01,0.04,0.0,-0.01,Jul,1,1,6,2,Returning_Visitor,True,False
7,162.81,1,613.08,42,2067.84,0.01,0.02,-1.11,0.03,Jul,1,2,2,1,Returning_Visitor,False,False
4,123.875,0,0.0,7,432.99,-0.0,0.015280206,1.773369333,0.0,Dec,1,8,3,10,Returning_Visitor,False,False
14,416.3928571,6,1415.17,201,11301.20416,0.0,0.00742538,-6.02,0.0,Mar,2,2,9,2,Returning_Visitor,False,True
0,14.52,0,-12.84,7,264.81,0.02,0.057142857,1.35,0.01,Oct,3,2,9,1,Returning_Visitor,False,False
1,88.47,0,25.49,5,1439.71,0.0,0.025,0.0,0.0,Dec,8,13,9,20,Other,False,True
2,-29.83,2,-25.57,69,1310.636905,-0.0,0.01,0.0,0.0,Nov,2,2,9,2,Returning_Visitor,True,False
10,316.63,-1,0.0,29,432.0222222,0.01,-0.02,0.0,-0.09,Nov,3,2,1,3,New_Visitor,True,False
4,191.0,0,-22.98,45,953.99,0.0,0.04,11.85,0.4,Feb,2,4,2,2,Returning_Visitor,False,False
3,152.73,0,89.5,45,2864.633333,0.012295082,0.024020297,-3.59,0.0,Oct,3,2,1,2,Returning_Visitor,False,False
0,0.18,0,-16.08,8,-391.59,0.0,0.04,0.0,-0.0,Oct,1,8,7,1,Returning_Visitor,False,False
2,77.0,0,-37.51,-2,312.0,0.01,0.044444444,8.95,0.05,Mar,1,1,3,2,Returning_Visitor,True,False
4,130.91,0,-13.09,61,2497.71,0.01,0.01,4.71,0.0,Nov,2,2,1,2,Returning_Visitor,False,False
0,2.89,0,-27.9,9,442.0,0.0,0.044444444,8.25,0.2,Feb,2,2,1,1,Returning_Visitor,False,False
1,-154.75,2,292.97,7,203.8,-0.03,0.008333333,-24.88,0.0,Aug,1,8,2,3,Returning_Visitor,False,False
3,46.5,0,58.56,38,2014.09,-0.01,0.0125,0.0,0.0,Mar,2,2,1,1,Returning_Visitor,False,False
2,70.84,0,8.33,30,1278.64,0.02,0.05,-0.07,-0.0,Mar,2,2,1,1,Returning_Visitor,False,False
0,27.87,0,-7.48,5,128.09,0.04,0.06,0.87,0.0,Oct,3,2,1,1,Returning_Visitor,False,False
5,0.0,-2,0.0,3,21.0,0.02,0.066666667,-16.73,-0.29,Oct,2,6,2,3,Returning_Visitor,False,True
0,0.0,0,-8.08,11,362.76,0.02,0.06,-1.42,0.0,Mar,2,2,9,1,Returning_Visitor,False,False
5,138.53,0,-14.1,18,175.175,0.02,0.031111111,58.74,-0.03,June,3,2,8,2,Returning_Visitor,False,False
0,0.0,0,-57.11,23,1202.75,0.01,0.004545455,10.66,-0.02,Feb,3,2,9,20,Other,False,False
2,103.96,0,1.25,15,378.5,0.004444444,0.02,6.23,0.0,Oct,2,2,1,4,Returning_Visitor,False,False
1,40.0,0,11.29,5,689.59,0.0,0.028571429,3.2,0.01,Mar,2,2,1,2,Returning_Visitor,False,False
1,98.75,0,-27.6,12,754.95,0.008,0.04,2.64,-0.04,Dec,1,8,3,10,Returning_Visitor,False,False
4,176.6666667,0,63.71,17,2042.12,0.007291667,0.02,8.54525,0.04,Mar,1,2,2,2,Returning_Visitor,False,True
1,144.51,0,-35.41,-6,96.0,0.06,0.1,0.0,0.09,Oct,4,1,1,1,Returning_Visitor,False,False
0,0.0,0,-94.17,-11,166.0,0.01,0.05,0.0,-0.08,Feb,3,2,9,20,Other,False,False
0,0.0,0,0.0,-5,460.15,0.04,0.075,1.72,0.03,Mar,2,2,2,2,Returning_Visitor,False,False
-6,-33.35,-1,0.0,10,-1452.19,-0.04,0.04,22.94,0.74,May,2,10,2,3,Returning_Visitor,False,False
-5,-126.74,0,-14.27,4,-1220.58,0.03,0.1,1.6,0.06,Mar,2,2,9,1,Returning_Visitor,False,False
0,2.88,2,80.75,144,4204.45,0.0,0.0165084,0.0,0.0,Nov,2,2,4,2,Returning_Visitor,False,False
7,598.0,2,144.5,83,2600.15,0.01,0.03,-2.98,-0.0,Nov,1,2,1,2,Returning_Visitor,False,False
1,45.73,0,-23.01,162,6171.83,0.0,0.019256933,4.77,-0.02,Nov,2,2,1,2,Returning_Visitor,False,False
0,40.07,1,110.24,-8,-655.84,0.03,0.06,0.0,0.0,Sep,1,8,2,4,Returning_Visitor,False,False
0,0.0,0,10.21,7,223.0,0.0,0.028571429,0.0,0.0,Mar,1,1,1,3,New_Visitor,True,False
0,0.0,0,-16.15,22,537.36,-0.01,0.02,0.0,0.0,Oct,2,2,9,2,New_Visitor,False,False
4,0.0,0,0.0,24,526.5,0.01,0.035,0.0,0.0,Nov,3,2,2,3,Returning_Visitor,False,False
3,91.69,0,0.78,41,2054.333333,0.01,0.03,3.87,-0.01,Oct,2,2,1,2,Returning_Visitor,False,False
0,-6.78,0,34.78,7,654.87,0.0,0.04,2.37,0.0,Mar,2,2,4,1,Returning_Visitor,False,False
0,19.23,1,0.0,22,907.37,0.2,0.2,-2.19,0.0,May,2,2,5,1,Returning_Visitor,False,False
0,-73.64,0,2.52,30,408.82,-0.01,0.01,0.0,-0.02,May,1,8,7,3,Returning_Visitor,False,False
2,103.94,0,-2.81,30,692.6666667,0.01,0.0125,1.82,0.0,May,2,2,5,4,Returning_Visitor,False,True
-2,-385.66,1,656.51,18,3346.14,0.0,0.02173913,-23.97,-0.02,Nov,1,2,2,1,New_Visitor,False,False
11,315.85,0,48.6,58,2589.55,0.010606061,0.028059163,6.221045455,0.07,May,2,4,4,3,Returning_Visitor,False,False
0,0.0,0,0.0,2,0.0,0.2,0.22,0.74,0.0,Mar,2,2,9,1,Returning_Visitor,False,False
0,-67.82,0,-39.29,2,-2549.21,0.04,0.09,0.0,0.0,Nov,1,1,7,1,Returning_Visitor,False,False
1,30.69,1,-70.29,21,1226.33,0.0,0.02,1.09,-0.12,May,3,4,4,20,Other,False,False
2,150.81,1,0.0,8,326.86,0.0,0.02,23.61,0.04,Mar,1,1,3,2,Returning_Visitor,False,False
13,255.9159289,0,0.0,255,8467.584379,0.017351104,0.04,-22.0,0.0,Oct,3,2,1,3,Returning_Visitor,False,False
0,-2.19,0,0.0,12,924.46,0.03,0.06,-2.17,0.08,May,1,1,1,3,Returning_Visitor,False,False
2,56.37,0,0.0,29,316.2,0.0,0.02,4.96,0.01,Mar,3,2,3,2,Returning_Visitor,False,False
1,34.54,0,0.0,33,735.25,0.01,0.03,0.37,0.01,Oct,1,1,3,1,Returning_Visitor,False,False
0,0.0,0,0.0,58,3200.366667,0.0,0.027586207,5.06,0.0,Mar,2,2,1,2,Returning_Visitor,False,False
-2,0.0,1,-0.02,19,509.47,0.01,0.05,0.0,0.0,Oct,2,2,1,2,Returning_Visitor,False,False
8,412.77,0,497.2,113,1722.27,0.05,0.003846154,0.0,0.0,May,2,6,7,20,Returning_Visitor,False,False
6,198.37,0,0.0,5,42.2,0.0,0.03,9.2,0.0,June,2,2,3,1,Returning_Visitor,False,False
1,7.0,0,0.0,5,78.5,-0.0,0.05,-9.27,-0.04,Feb,1,8,7,1,Returning_Visitor,False,False
2,238.4,0,0.0,22,1925.86,0.03,0.04,29.12,0.0,Oct,1,2,1,2,Returning_Visitor,False,False
3,145.2,0,6.67,28,1161.58,0.0,0.01,-0.26,0.0,May,2,2,7,2,Returning_Visitor,False,False
3,169.7,0,10.76,46,1383.7,0.02,0.04,0.0,0.0,Nov,1,1,1,2,Returning_Visitor,False,False
12,232.3404762,5,124.21,22,-1870.42,0.01,0.03,-9.31,-0.04,Aug,3,1,1,3,Returning_Visitor,True,False
2,129.92,0,66.78,5,297.44,0.01,0.014285714,0.0,0.0,Mar,1,1,7,2,Returning_Visitor,False,False
12,447.32,10,1690.49,79,4014.19,0.0,0.03,5.38,0.07,Mar,3,2,4,8,Returning_Visitor,False,True
6,113.84,1,71.41,81,1141.061905,0.02,-0.0,25.47,-0.01,June,3,2,6,3,Returning_Visitor,True,False
1,-0.74,1,-33.45,24,1159.541667,0.00125,0.02,4.45,-0.0,Nov,3,2,2,2,Returning_Visitor,True,True
1,85.0,4,168.92,12,-311.22,0.0,0.003921569,-8.43,0.06,Mar,3,2,1,2,Returning_Visitor,True,False
0,114.47,0,0.0,17,703.03,0.02,0.04,5.17,0.08,May,3,2,1,4,Returning_Visitor,False,False
-1,40.27,0,0.98,14,405.15,0.0,0.03,16.33942857,0.0,Mar,3,2,3,2,Returning_Visitor,False,False
0,19.0,0,82.2,1,1089.87,0.03,0.05,0.0,0.0,Mar,4,1,6,1,Returning_Visitor,False,False
2,39.68,1,101.74,38,2074.929524,0.0,0.04,0.0,0.03,Mar,2,4,4,2,Returning_Visitor,False,False
4,115.39,0,38.3,29,1255.6,-0.0,0.005319149,18.95323404,0.0,Mar,2,2,1,2,Returning_Visitor,False,True
2,59.89,0,-12.86,20,1052.76,0.00952381,0.03,23.86359286,-0.0,Mar,2,2,1,2,Returning_Visitor,False,True
1,32.5,0,6.65,19,1041.46,0.01,0.039104938,0.0,0.0,Oct,2,2,1,2,Returning_Visitor,False,False
0,14.99,0,0.0,45,848.2051282,0.0,0.04,0.0,0.61,May,1,1,1,4,Returning_Visitor,True,False
-1,11.5,0,38.59,56,794.16,0.0,0.02,9.8,0.0,Sep,1,8,2,4,Returning_Visitor,False,False
0,3.28,0,-18.26,36,1287.958333,0.01,0.04,4.96,-0.0,Mar,2,2,1,1,Returning_Visitor,False,False
2,214.65,0,-64.17,22,1909.080556,0.004761905,-0.0,15.59,-0.0,Oct,2,2,1,10,Returning_Visitor,False,False
12,491.97,-1,668.22,-8,1452.08,0.0,-0.05,12.97,0.18,Sep,2,2,2,8,New_Visitor,False,False
3,89.49,0,9.0,36,1760.6,0.01,0.033333333,3.19,0.0,Mar,2,2,1,2,Returning_Visitor,False,True
0,0.0,0,-23.49,9,-112.69,0.07,0.111111111,-3.99,0.1,May,2,2,1,3,Returning_Visitor,False,False
0,0.0,0,-17.44,23,-187.18,0.011111111,0.03,6.66,0.0,Mar,3,2,1,3,Returning_Visitor,True,False
1,34.0,0,35.6,80,646.2857143,0.0,0.005882353,83.51,0.03,Aug,2,4,4,3,New_Visitor,False,False
-2,-108.25,1,0.0,-15,261.41,0.03,0.1,0.0,0.4,May,1,1,9,3,Returning_Visitor,False,False
-1,-19.46,0,0.0,68,1270.4,0.0,0.04,4.64,1.0,May,1,1,2,2,Returning_Visitor,True,False
4,196.25,1,46.4,295,12292.46381,0.02,0.03,-1.54,-0.08,Nov,2,2,4,2,Returning_Visitor,True,False
4,118.0,0,0.0,37,1637.09,0.0,0.001915584,15.84,0.16,May,2,4,6,4,Returning_Visitor,False,False
3,93.26,0,-3.91,8,68.75,0.03,0.06,4.34,0.0,Oct,1,1,1,3,Returning_Visitor,False,False
4,95.53,0,46.27,36,2077.85,0.004166667,0.02,0.0,0.0,Nov,3,2,2,1,Returning_Visitor,False,False
7,209.89,0,0.0,73,3022.478571,0.002631579,0.026472431,0.22,-0.01,Mar,2,2,1,1,Returning_Visitor,False,False
1,0.0,0,9.82,22,922.29,0.01,0.05,-0.68,0.02,Mar,2,2,9,1,Returning_Visitor,False,False
5,378.75,-1,-30.54,15,638.9166667,0.010526316,0.02,0.0,0.0,Nov,2,2,1,2,New_Visitor,False,True
0,13.1,0,0.0,7,300.24,0.03,0.07,0.0,0.04,Mar,1,1,1,1,Returning_Visitor,False,False
9,213.29,0,4.63,31,1561.24,0.01,0.02,0.0,0.0,Nov,3,2,8,2,Returning_Visitor,False,True
7,263.0,1,52.29,3,212.0,-0.01,0.02,-17.77,-0.02,Oct,1,1,9,6,Returning_Visitor,False,False
1,-11.02,0,88.37,12,223.8,0.03,0.07,-15.87,0.0,Jul,1,1,2,4,Returning_Visitor,True,False
2,58.72,2,134.83,67,676.1666667,0.0,0.02,7.12,0.0,Nov,2,2,1,2,Returning_Visitor,False,False
3,39.0,1,36.75,15,713.77,0.0,0.021875,26.16,0.0,Oct,4,1,1,3,New_Visitor,False,False
3,36.2,0,-11.06,16,-3020.74,0.04,0.014705882,36.96,-0.05,Oct,1,10,6,1,Returning_Visitor,False,False
16,267.52,6,0.0,6,-747.33,0.0,0.05,0.0,0.0,May,2,2,9,3,Returning_Visitor,False,False
2,102.46,1,0.0,28,1430.09,0.01,0.02,5.0,0.02,Oct,2,2,1,2,Returning_Visitor,False,True
0,0.0,0,-4.15,20,66.65,-0.0,0.03,-0.32,0.0,Oct,1,1,7,1,Returning_Visitor,False,False
-1,0.0,0,-7.79,15,253.3333333,0.030769231,0.073076923,0.37,0.01,Feb,2,2,5,1,Returning_Visitor,False,False
-2,58.41666667,0,20.31,-18,-1578.5,0.014285714,0.05,0.0,0.0,Nov,1,1,3,6,New_Visitor,False,False
11,205.28,9,1529.76,45,4056.1,0.002636535,0.014311471,4.86,0.0,Mar,2,2,1,2,Returning_Visitor,False,True
4,181.5,1,0.0,32,2265.571429,0.0,0.018018018,28.11367347,0.02,Mar,2,2,1,2,Returning_Visitor,True,True
0,-134.81,0,0.0,26,1026.75,0.0,0.06,0.0,0.3,Aug,2,2,1,3,Returning_Visitor,False,False
7,131.12,0,-19.48,62,1136.60303,-0.0,0.003517665,12.22,0.01,Mar,2,2,9,3,Returning_Visitor,False,False
0,15.0,1,48.25,32,343.8333333,0.0,0.02,63.07,0.0,Dec,2,2,9,2,New_Visitor,False,True
2,61.71,0,0.0,31,1721.19,0.014634146,0.04,3.22,0.0,Oct,2,2,1,2,Returning_Visitor,False,False
0,0.0,0,0.0,3,0.0,0.22,0.2,-4.13,0.03,May,3,2,1,3,Returning_Visitor,False,False
3,140.83,0,0.0,26,1441.53,-0.0,0.037222222,6.21,0.0,Mar,2,4,3,2,Returning_Visitor,False,False
0,0.0,0,0.0,43,2009.48,0.0,0.025,0.0,0.0,Oct,2,2,9,2,Returning_Visitor,False,False
0,-521.62,11,209.0,48,698.6715201,-0.09,-0.04,68.91364255,0.11,May,3,3,7,11,Returning_Visitor,False,True
3,134.37,0,7.58,65,2161.388889,0.0,0.017491169,3.42,-0.03,Nov,2,2,1,2,Returning_Visitor,False,True
0,0.0,0,0.0,9,444.38,0.03,0.044444444,0.0,0.01,Nov,4,1,6,2,Returning_Visitor,True,False
1,55.96,0,-17.25,32,1282.44,0.01,0.03,3.38,-0.01,Mar,2,2,1,2,Returning_Visitor,False,False
3,166.0,0,-28.92,16,1276.38,0.02,0.05,-1.43,-0.05,Jul,3,2,8,2,Returning_Visitor,False,False
3,133.71,-1,0.0,49,2260.857143,0.01,0.018933333,4.81,0.0,May,2,2,1,4,Returning_Visitor,False,False
4,15.2,-1,13.0,39,1706.119697,0.01,0.03,6.7,-0.04,Jul,2,2,2,4,Returning_Visitor,False,False
4,107.33,0,0.0,5,449.4,0.04,0.076666667,0.0,0.04,Oct,1,1,1,1,Returning_Visitor,False,False
-1,0.0,0,0.0,36,-592.35,0.05,0.075,11.81,1.0,May,1,1,1,2,Returning_Visitor,True,False
8,250.76,4,397.06,354,16977.13,0.001869159,-0.02,12.47,0.0,Oct,2,10,7,13,Returning_Visitor,True,False
0,0.0,0,36.95,3,495.47,0.05,0.09,2.75,0.0,May,2,2,9,3,Returning_Visitor,False,False
0,0.0,0,29.16,1,0.0,0.03,0.06,-1.19,0.02,Oct,1,1,9,1,Returning_Visitor,False,False
3,75.77,1,64.52,12,548.8831169,0.0,0.02,5.744057971,0.0,Oct,2,2,1,2,Returning_Visitor,True,False
1,0.0,0,0.0,1,-918.43,0.23,0.2,-3.2,0.07,May,2,2,4,3,Returning_Visitor,True,False
2,57.52,0,0.0,34,1583.41,0.01,0.03,2.51,-0.0,Oct,2,2,1,2,Returning_Visitor,False,False
2,59.26,0,2.81,26,1034.67,0.01,0.03,0.0,0.0,Oct,2,2,1,2,Returning_Visitor,False,False
3,0.0,0,707.5,51,4047.03,0.01,0.02,0.0,0.03,Aug,2,2,8,2,Returning_Visitor,False,False
5,156.25,0,21.95,36,1827.49,0.0,0.008176101,0.0,0.0,Oct,2,2,1,2,Returning_Visitor,False,False
0,110.3,1,0.0,-5,31.0,0.02,0.03,33.03,0.03,Mar,2,2,9,10,Returning_Visitor,False,False
1,0.0,0,-1.52,91,2939.77,0.02,0.03,12.52,0.01,Dec,2,2,9,2,Returning_Visitor,False,False
4,204.2,0,37.34,31,1633.13,0.02,0.05,0.0,0.02,Feb,1,1,4,1,Returning_Visitor,False,False
1,-83.1,0,0.0,0,-4334.15,0.02,0.033333333,-3.29,-0.09,Oct,2,1,7,3,Returning_Visitor,False,True
1,4.6,0,0.0,-34,900.68,0.02,0.04,-0.37,0.0,Dec,8,8,3,20,Other,True,False
2,63.92,0,0.0,23,976.7,0.01,0.03,-3.02,0.13,May,1,1,3,3,Returning_Visitor,False,False
1,43.57,0,0.0,5,784.52,0.03,0.04,6.95,-0.03,Aug,3,2,6,1,Returning_Visitor,False,False
2,27.25,0,4.67,4,-145.41,0.05,0.066666667,-4.7,0.0,May,3,2,2,3,Returning_Visitor,False,True
1,0.0,0,333.84,-171,-5538.85,0.08,0.06,-17.94,0.14,Nov,3,2,8,8,Returning_Visitor,False,False
1,22.5,0,0.0,15,1246.76,-0.0,0.01,3.47,0.02,Oct,2,2,1,6,New_Visitor,False,True
5,93.3,0,0.0,73,2217.24,0.0,0.005868545,13.67,0.0,Jul,2,2,2,2,Returning_Visitor,True,False
4,239.9288462,2,-15.88,49,1929.185664,0.03,0.0,2.73,0.0,May,3,2,4,13,Returning_Visitor,False,False
0,0.0,0,81.08,10,-551.6,0.04,0.12,0.0,0.8,Feb,1,8,7,9,Returning_Visitor,True,False
2,11.83,1,0.0,27,2350.85,0.03,0.03,3.34,0.1,May,2,2,1,13,Returning_Visitor,False,False
2,53.12,1,43.93,24,428.45,0.0,0.012878788,8.17,0.02,Oct,2,2,1,4,Returning_Visitor,False,True
0,0.0,0,-50.57,15,-215.69,0.024561404,0.13,13.04,1.0,May,1,3,7,2,Returning_Visitor,True,False
1,0.0,0,7.5,5,185.0,0.03,0.07,0.0,0.04,Mar,1,1,1,1,Returning_Visitor,False,False
1,-82.22,0,-100.27,60,890.0,-0.02,0.0,5.15,0.4,May,7,8,6,19,Returning_Visitor,False,False
7,166.94,0,0.0,46,1164.202381,-0.0,0.01,27.07846934,0.0,Dec,3,2,1,1,Returning_Visitor,False,True
0,-165.49,2,20.0,14,1085.25,0.0,0.01,0.0,-0.06,Oct,1,8,9,11,Returning_Visitor,True,True
2,-33.69,0,-3.78,30,303.15,-0.0,0.008888889,0.0,-0.02,Nov,2,2,1,7,New_Visitor,False,False
9,177.0,1,500.0,88,2663.82381,0.01,0.02,-4.45,0.6,May,2,2,2,1,Returning_Visitor,True,False
2,133.74,1,59.5,43,2207.757143,0.01,0.03,-2.71,0.0,Oct,2,2,1,2,Returning_Visitor,False,False
4,147.37,0,0.0,67,2644.34,0.01,0.02,5.44,0.0,Nov,2,2,1,2,Returning_Visitor,False,False
-6,18.0,0,445.36,-33,495.0,0.0,0.0,-20.42,-0.07,Dec,1,5,1,5,New_Visitor,False,False
2,54.5,0,0.0,30,531.5,0.0,0.023076923,2.42,0.0,Nov,2,2,2,2,Returning_Visitor,False,False
0,0.0,0,0.0,1,-803.77,0.04,0.06,108.12,0.0,Nov,4,2,8,4,New_Visitor,False,False
22,775.16,3,703.5,-3,6241.687398,0.01,0.02,24.91,-0.35,Nov,2,5,6,8,New_Visitor,True,True
4,103.58,1,31.41,13,1512.47,-0.01,0.02,75.84,-0.03,Oct,1,1,9,3,New_Visitor,False,True
2,35.75,0,19.72,3,860.62,0.0,0.01,2.53,0.03,Mar,2,2,9,6,New_Visitor,False,False
2,0.0,0,0.0,56,2354.21,0.0,0.004166667,17.61,0.01,Mar,2,2,2,2,Returning_Visitor,False,True
0,-63.52,0,107.84,90,1169.16,0.002222222,0.04,13.87,0.8,May,2,2,3,1,Returning_Visitor,False,False
0,10.57,0,-1.09,19,469.9761905,0.02,0.064,0.0,0.01,Mar,2,2,9,1,Returning_Visitor,False,False
0,21.33,0,-19.81,18,175.05,0.01,0.033333333,0.0,0.0,Oct,3,2,1,3,Returning_Visitor,True,False
1,0.42,0,-6.75,54,801.5095238,-0.0,0.01,5.11,0.0,Mar,2,2,7,3,Returning_Visitor,False,False
3,89.71,0,31.41,25,1469.666667,0.008695652,0.03,-2.64,0.05,Mar,1,1,1,2,Returning_Visitor,True,False
3,74.81,0,11.42,11,1150.91,0.0,0.016666667,0.0,0.02,Oct,2,2,1,2,Returning_Visitor,False,False
9,844.3,7,1478.94,27,1639.59,-0.0,0.04,6.9,0.0,Feb,2,5,2,8,New_Visitor,True,False
0,23.0,0,0.0,35,1418.84,0.01,0.05,0.0,0.4,May,2,2,1,1,Returning_Visitor,False,False
3,78.35,0,0.0,20,559.3809524,0.0,0.01,6.48,0.03,Oct,2,2,1,2,New_Visitor,False,False
3,-78.93,3,47.75,62,1925.979167,-0.0,0.03,55.55,0.04,Feb,2,4,7,2,Returning_Visitor,False,False
1,29.0,-1,631.4,41,-969.46,-0.02,0.04,20.53,1.68,May,1,2,1,8,Returning_Visitor,False,False
0,0.0,0,-8.77,-1,0.0,0.04,0.08,-4.77,0.03,Oct,3,2,1,3,Returning_Visitor,False,False
1,-39.78,0,0.0,-9,1553.43,0.01,0.004651163,35.44,0.0,Nov,8,1,9,20,Returning_Visitor,False,True
1,1.02,0,0.0,30,1647.36,0.0,0.028571429,13.44,0.0,Mar,2,4,2,2,Returning_Visitor,False,False
2,35.11,0,10.14,16,317.25,0.01,0.04,0.0,0.0,Mar,2,2,9,1,Returning_Visitor,False,False
1,44.62,1,83.71,13,429.61,0.0,0.02,0.0,0.0,Mar,2,2,4,2,Returning_Visitor,True,False
7,121.61,-1,84.75,24,950.0166667,0.01,0.03,-0.49,0.0,Oct,1,2,3,20,Returning_Visitor,False,False
0,-16.09,-1,132.45,33,2270.75,0.02,0.02,0.0,-0.08,Dec,1,1,7,2,Returning_Visitor,False,False
8,31.7,2,239.2,-38,1243.8,0.04,0.06,9.26,0.0,Sep,2,1,1,5,New_Visitor,False,False
2,9.59,-1,-31.26,22,644.05,0.01,0.09,-6.83,-0.08,Aug,2,8,7,11,Returning_Visitor,True,False
1,0.0,0,482.44,73,1969.68,0.013333333,0.036666667,-18.98,0.0,Jul,2,1,1,3,Returning_Visitor,False,False
-2,20.74,0,-16.8,15,114.9,0.02,0.05,6.66,0.0,May,3,2,2,4,Returning_Visitor,False,False
-1,-127.06,7,0.0,-29,-3712.65,0.03,0.066666667,0.0,-0.35,June,3,2,5,13,Returning_Visitor,True,False
0,-190.25,0,499.42,95,449.84,0.029166667,0.045833333,-22.24,0.05,Nov,1,8,6,3,Returning_Visitor,False,False
2,28.65,0,5.32,-4,-641.91,0.066666667,0.11,11.5,-0.06,Sep,1,8,1,3,Returning_Visitor,False,False
5,196.25,1,62.5,24,1144.89,0.01,0.02,1.19,0.06,Oct,4,1,1,2,Returning_Visitor,False,False
1,49.4,2,9.0,35,330.5333333,0.0,0.009090909,33.25,0.04,Sep,3,2,1,4,New_Visitor,True,False
0,38.54,0,19.18,18,-224.72,0.21,0.2,0.0,0.03,May,3,2,4,3,Returning_Visitor,False,False
0,10.75,0,-2.42,1,0.0,0.02,0.06,-4.06,0.0,Mar,3,2,3,1,Returning_Visitor,False,False
0,0.0,0,0.0,5,-640.32,-0.01,0.04,-7.94,0.02,May,1,8,7,3,Returning_Visitor,False,False
0,33.73,0,0.0,17,220.5,0.027272727,0.05,12.5,-0.01,Mar,1,1,7,1,Returning_Visitor,False,False
2,41.86,0,0.0,23,1426.37,-0.0,0.01,0.0,0.02,Oct,2,2,1,6,New_Visitor,False,False
0,0.0,1,0.0,28,2307.29,0.01,0.02,6.67,-0.01,Nov,2,2,1,10,Returning_Visitor,True,False
2,17.0,0,-14.29,27,260.2,0.0,0.0375,0.0,0.4,May,2,2,3,1,Returning_Visitor,False,False
1,21.25,0,0.0,34,1402.29,0.006737589,0.03,3.07,-0.01,Oct,2,2,2,2,Returning_Visitor,False,False
-1,0.0,0,18.35,68,2755.13,0.006527627,0.02055132,0.0,0.0,Nov,1,1,1,2,Returning_Visitor,False,False
-4,-90.82,0,0.0,15,936.1666667,0.04,0.09375,-2.08,0.0,Mar,2,2,3,1,Returning_Visitor,False,False
1,69.54,0,24.17,10,-952.3,-0.01,0.06,7.51,0.8,May,1,8,7,13,Returning_Visitor,False,False
2,36.61,1,168.2,-9,755.8769841,0.03,0.09,0.8,0.0,May,2,2,1,3,Returning_Visitor,False,False
1,132.61,0,0.0,108,1525.666667,0.0,0.006382979,107.2170213,0.3,Feb,3,2,2,4,Returning_Visitor,False,True
9,618.0666667,0,0.0,50,1342.083333,-0.01,0.02,28.06804986,-0.08,June,1,8,6,11,Returning_Visitor,True,True
2,40.0,0,93.66666667,54,1973.95,0.02,0.02,0.0,0.17,May,2,2,1,4,Returning_Visitor,False,False
2,217.18,0,13.92,22,469.54,0.0,0.008695652,14.00979215,0.01,Oct,2,2,9,2,New_Visitor,False,True
0,-61.92,0,0.0,6,-412.61,-0.0,0.016666667,8.17,0.2,May,2,2,7,1,New_Visitor,False,False
0,0.0,1,0.0,28,1411.9,0.0,0.02,11.85,0.04,Mar,2,2,1,2,Returning_Visitor,True,False
3,59.2,0,0.0,9,1125.6,0.016666667,0.05,0.0,0.09,Mar,2,2,1,5,Returning_Visitor,False,False
1,0.0,0,6.0,36,1615.08,0.0,0.03,0.0,0.0,Oct,2,2,9,2,Returning_Visitor,False,False
2,0.0,0,40.98,9,444.0,0.01,0.044444444,-10.85,0.04,Nov,3,2,6,13,Returning_Visitor,False,False
-2,-119.8,1,37.77,264,9125.71,0.0,0.02,0.0,0.01,Nov,2,2,1,2,Returning_Visitor,False,True
2,63.58,0,20.42,16,487.6666667,0.0,0.026315789,8.68,0.01,Mar,2,2,1,1,Returning_Visitor,False,False
2,27.46666667,1,245.8,28,1411.93,0.02,0.054666667,20.42600013,-0.04,Oct,2,2,9,1,Returning_Visitor,False,True
-2,-280.82,0,199.1,47,6186.17226,-0.02,0.03820917,1.65,-0.09,Dec,3,3,8,13,Returning_Visitor,False,False
14,316.3,1,263.87,168,4794.54,0.003575419,-0.02,38.09,-0.06,Jul,1,1,1,1,Returning_Visitor,False,False
15,1221.94,3,189.52,336,12595.62776,0.002376812,-0.0,5.56,-0.11,Jul,2,2,1,2,Returning_Visitor,True,True
3,140.55,-1,-63.72,149,8147.111565,-0.0,0.03,-13.15,-0.13,Nov,2,2,1,2,Returning_Visitor,False,False
1,0.0,0,19.48,5,621.7,0.01,0.04,0.0,0.03,Mar,2,2,1,1,Returning_Visitor,False,False
2,24.38,1,148.1,2,1400.7,0.004761905,0.05,-23.31,0.01,Oct,1,1,1,1,Returning_Visitor,False,False
0,8.62,0,0.0,-16,-409.76,0.11,0.15,-0.44,0.0,Feb,2,2,5,1,Returning_Visitor,False,False
0,23.68,-1,0.0,30,4262.966667,0.02,0.04,27.39,-0.14,Dec,1,1,7,2,Returning_Visitor,False,True
3,83.77,0,0.0,32,1378.34,0.0,0.01,0.03,0.0,Oct,1,1,9,2,Returning_Visitor,False,True
1,-83.57,0,-50.42,-44,-876.94,0.2,0.21,-4.0,-0.01,June,1,8,3,11,Returning_Visitor,True,False
1,123.0,0,0.0,18,181.5,-0.01,0.025,64.7325,0.0,Mar,2,4,1,2,New_Visitor,False,True
3,89.55,1,34.95,50,1685.24,0.0,0.019230769,0.24,0.0,Mar,2,2,1,2,Returning_Visitor,False,False
2,0.0,0,0.0,3,-192.86,0.04,0.08,1.99,0.0,Oct,1,1,9,3,Returning_Visitor,False,False
5,131.2,0,-8.38,55,2263.65,0.0,0.017287582,-5.69,0.0,Oct,2,2,9,1,Returning_Visitor,False,False
-1,0.0,0,12.44,39,303.79,-0.01,0.025,0.0,0.02,May,1,8,4,3,Returning_Visitor,False,False
0,0.0,0,15.34,1,-368.83,0.2,0.2,0.0,0.0,May,2,2,1,1,Returning_Visitor,False,False
-10,-125.06,0,0.0,28,-1088.4,-0.02,0.12,-14.38,0.74,June,2,7,1,7,Returning_Visitor,True,False
1,80.25,0,0.0,114,4073.14,8.14e-05,0.022685492,5.698711043,0.0,Nov,2,2,1,2,Returning_Visitor,False,False
0,-6.33,0,6.82,6,329.44,0.04,0.07,2.41,0.07,May,2,2,1,3,Returning_Visitor,False,False
14,1533.71,2,724.31,-51,1760.657143,-0.01,0.0254213,2.006032937,-0.31,Sep,2,7,6,4,New_Visitor,True,False
0,-9.51,0,-9.64,13,180.5,0.02,0.06,0.0,0.04,Mar,1,1,1,1,Returning_Visitor,False,False
-1,-100.5,0,-6.85,12,88.75,0.013333333,0.11,-17.53,1.0,May,3,2,3,1,Returning_Visitor,True,False
1,20.64,0,-9.79,5,240.5,0.03,0.07,-1.43,0.01,Oct,1,1,1,3,Returning_Visitor,False,False
0,-13.98,0,0.73,33,1261.91,0.00212766,0.03,3.3,0.0,Mar,2,2,1,1,Returning_Visitor,False,True
1,14.0,0,264.09,1,-2320.02,0.0,0.15,0.0,0.03,Nov,2,4,8,10,New_Visitor,False,False
2,33.5,0,0.0,23,492.89,0.0,0.017391304,4.38,0.02,Dec,2,2,7,2,Returning_Visitor,False,False
0,-33.82,2,75.65,50,2068.928571,0.0,0.03,-4.65,-0.01,Jul,2,2,5,2,Returning_Visitor,True,True
5,258.4,0,6.06,18,1257.16,0.03,0.033333333,0.0,0.02,Nov,4,1,1,2,Returning_Visitor,True,False
0,22.14,0,7.18,1,-356.68,0.2,0.2,0.19,0.01,May,3,2,1,3,Returning_Visitor,False,False
3,70.92,0,9.1,27,1273.083333,0.01,0.03,6.750968245,0.03,Dec,2,2,1,2,Returning_Visitor,False,True
10,648.97,9,1243.63,216,8502.93,0.007542901,0.04,-7.59,0.0,June,2,2,1,2,Returning_Visitor,False,True
2,72.8,0,16.91,21,677.6666667,0.01,0.03,0.0,0.0,Mar,2,2,3,2,Returning_Visitor,False,False
5,262.1212121,0,0.0,34,1617.79,0.01,0.020948132,6.01,0.01,Oct,2,2,1,2,Returning_Visitor,False,False
5,175.125,0,26.43,13,1089.01,0.0,0.02,0.0,0.0,Oct,1,1,1,7,New_Visitor,False,False
0,-38.52,0,0.0,19,330.1666667,0.02,0.06,1.04,0.0,Dec,2,2,9,2,Returning_Visitor,False,False
7,311.4090909,2,82.74,15,869.28,0.006635802,0.027174712,7.47,0.0,Mar,2,2,1,2,Returning_Visitor,True,False
0,0.0,0,0.0,24,566.7272727,0.01,0.07,-2.04,0.8,May,2,2,1,1,Returning_Visitor,False,False
1,30.82,-2,-85.97,106,6194.852381,0.015540541,0.02,14.51,0.0,Mar,2,2,9,1,Returning_Visitor,False,False
0,-185.75,4,-82.39,91,-3526.12,-0.01,0.022222222,0.0,0.0,Nov,2,5,7,2,Returning_Visitor,True,False
0,0.0,-1,-42.64,2,1164.46,0.2,0.21,0.0,0.0,Mar,2,2,2,13,Returning_Visitor,False,False
5,1775.05,0,197.61,11,370.4583333,-0.02,0.01,35.21,-0.11,Dec,4,7,1,2,Returning_Visitor,False,False
0,7.0,0,4.55,21,966.02,0.019047619,0.031746032,32.38852793,-0.0,Feb,2,2,2,2,Returning_Visitor,False,False
0,33.48,0,0.0,8,211.95,0.04375,0.08,-0.57,0.05,Oct,1,1,1,3,Returning_Visitor,False,True
0,-5.47,0,0.0,1,-237.2,0.2,0.2,-3.19,0.0,Dec,4,1,4,1,Returning_Visitor,False,False
0,0.0,0,-25.75,64,2675.62,0.017534722,0.04,2.67,-0.01,Nov,2,2,1,1,Returning_Visitor,False,False
3,206.98,0,-4.34,-1,39.25,0.0,0.05,0.0,0.08,Oct,4,1,1,1,Returning_Visitor,True,False
0,21.05,0,7.3,26,1112.72,0.009039548,0.03,0.0,0.0,Mar,2,2,3,2,Returning_Visitor,False,True
6,445.45,6,-79.41,43,470.8666667,0.027272727,0.045454545,16.31,0.0,Oct,2,2,9,13,Returning_Visitor,False,False
3,49.125,0,0.0,9,2173.16,0.010526316,0.015789474,-6.2,0.07,Oct,3,2,1,13,Returning_Visitor,False,False
2,279.0,0,43.68,27,553.3333333,0.0,0.0125,17.25,0.0,Jul,2,4,6,2,Returning_Visitor,False,False
0,8.62,0,0.0,10,-314.51,0.0,0.03,14.71,0.4,May,2,2,3,4,Returning_Visitor,False,False
14,34.0,1,-131.31,174,10599.87,0.006025974,0.07,-48.22,0.0,Nov,2,5,8,8,Returning_Visitor,True,False
0,0.0,1,57.07,2,-737.98,0.01,0.07,-3.66,0.0,Feb,2,8,3,3,Returning_Visitor,False,False
9,179.75,2,8.0,64,1876.333333,0.007246377,0.02,9.34,-0.08,Dec,2,1,9,2,Returning_Visitor,False,False
2,69.22,0,28.49,14,449.5,0.0125,0.04,2.88,0.0,Mar,2,2,9,1,Returning_Visitor,False,False
8,166.28,8,627.4583333,125,4394.57,-0.0,0.022385989,7.201209277,0.0,May,2,4,4,8,Returning_Visitor,False,True
3,120.0,0,0.0,18,880.44,-0.01,0.02,9.98,-0.02,Oct,1,3,7,2,New_Visitor,True,False
1,80.33,0,79.11,37,638.25,0.03,0.05,0.0,-0.05,Aug,2,2,4,2,Returning_Visitor,False,True
1,157.67,1,42.5,41,1206.74,0.009756098,0.02,0.0,0.01,Mar,3,2,1,2,Returning_Visitor,False,False
2,123.86,0,3.4,15,399.0,0.02,0.033333333,-0.16,0.05,Oct,4,1,1,4,Returning_Visitor,False,False
0,0.0,0,0.0,23,2223.23,0.01,0.02826087,25.95,0.0,May,2,2,7,2,Returning_Visitor,False,False
3,173.52,0,25.55,16,1273.06,0.0,0.01,0.0,0.0,Oct,1,1,9,2,New_Visitor,True,False
2,49.25,0,1.02,39,1436.55,0.01,0.029260777,-0.33,0.0,Nov,1,1,4,2,Returning_Visitor,True,False
0,12.24,0,-15.61,39,1095.25,0.0,0.02,3.94,0.0,Nov,2,2,1,2,Returning_Visitor,False,False
5,154.4,-1,0.0,28,1267.06,0.01,0.03,0.0,0.0,May,2,2,1,3,Returning_Visitor,False,False
12,264.07,5,14.0,89,-196.87,-0.01,0.003296703,8.22,-0.06,Nov,3,2,1,3,Returning_Visitor,True,False
3,197.86,1,30.23,29,1420.547902,0.015384615,0.04,-1.14,0.0,Oct,3,2,1,1,Returning_Visitor,False,False
8,345.8065476,3,108.64,119,3740.11,0.0,0.01,37.85,-0.02,Nov,2,2,3,2,Returning_Visitor,False,False
0,0.0,0,0.0,3,159.5,0.04,0.08,-4.61,0.0,Nov,1,1,6,2,Returning_Visitor,False,False
9,10.52,2,31.0,18,3173.29,0.0,0.007666667,37.6992,0.0,May,1,1,1,5,New_Visitor,False,False
7,35.62,2,29.0,20,253.94,0.0,0.01,45.04,0.0,Dec,2,2,1,6,Returning_Visitor,False,True
0,17.45,0,-28.01,7,277.1666667,0.03,0.06,0.0,0.0,Nov,2,2,2,2,Returning_Visitor,False,False
4,88.73,1,22.12,82,2160.65,0.005574913,0.019401736,0.0,0.02,Jul,2,1,1,2,Returning_Visitor,True,False
6,91.9,4,-15.31,23,581.56,0.0,0.01,78.66,0.01,Sep,3,2,1,2,New_Visitor,True,False
5,206.25,0,0.0,56,2271.44,0.01,0.011111111,10.17711218,-0.02,May,2,2,1,4,Returning_Visitor,False,True
0,-77.71,0,0.0,11,-161.54,0.071428571,0.11,-5.04,-0.01,Oct,1,1,3,3,Returning_Visitor,False,False
1,0.0,0,-18.46,9,212.5,0.0,0.03,0.0,0.0,Nov,1,8,1,11,Returning_Visitor,True,False
9,462.0,1,57.0,63,1621.152083,0.01,0.01,0.0,0.0,Oct,3,2,1,2,Returning_Visitor,False,False
9,89.47,6,0.0,186,911.5,-0.04,0.02,386.11,0.29,Sep,2,7,7,4,Returning_Visitor,False,False
2,60.54,4,0.0,32,-3856.69,0.005882353,0.035620915,194.04,0.6,Feb,2,10,7,2,Returning_Visitor,False,False
3,128.5,0,0.0,19,209.0,0.01,0.03,6.42,0.02,Mar,2,2,9,2,Returning_Visitor,False,False
1,64.38,1,94.81,15,847.76,0.01,0.05,-1.72,0.0,Jul,2,2,1,2,Returning_Visitor,False,True
0,0.0,0,0.0,2,73.0,0.05,0.1,0.0,0.01,Mar,2,2,9,1,Returning_Visitor,False,False
0,0.0,0,49.19,19,1161.9,0.02,0.06,0.0,0.0,Sep,1,8,6,2,Returning_Visitor,False,False
1,0.0,0,-8.77,52,1689.41,0.02,0.04,0.0,-0.03,Aug,2,2,4,3,Returning_Visitor,False,False
3,126.71,0,-92.81,81,2408.312828,0.002554278,0.04,11.23,0.07,Mar,2,4,1,2,Returning_Visitor,False,True
13,1069.99,1,13.65,83,4306.612355,0.001075269,0.019375648,-11.33,0.0,Oct,3,2,1,1,Returning_Visitor,True,True
4,197.97,0,0.0,34,1030.06,0.0,0.005952381,0.0,0.01,Oct,3,2,2,2,Returning_Visitor,False,False
6,218.23,1,16.81,27,277.0,0.0,0.03,0.0,0.0,Nov,4,1,1,1,Returning_Visitor,True,False
8,274.5,4,118.26,157,3509.65,-0.01,-0.01,69.61,-0.03,Mar,2,4,2,4,Returning_Visitor,True,False
1,3.05,0,0.0,1,0.0,0.22,0.2,-4.6,0.01,May,2,2,3,3,Returning_Visitor,False,False
1,0.0,-1,0.0,38,1978.7,0.032,0.05,0.0,0.01,Feb,2,1,1,3,Returning_Visitor,False,False
0,0.0,1,419.05,63,2077.56,0.02,0.06,-11.71,0.6,May,2,6,2,3,Returning_Visitor,False,False
3,90.65,0,0.0,28,1123.28,0.0,0.02,9.11,0.0,Mar,2,2,9,2,Returning_Visitor,False,False
1,24.57,0,18.42,4,357.35,0.02,0.05,-0.4,0.04,Mar,1,1,1,1,Returning_Visitor,False,False
2,46.4,0,0.0,8,518.63,0.02,0.05,0.0,0.04,Oct,1,1,1,1,Returning_Visitor,False,False
4,157.5,1,23.0,42,3503.025,0.005142857,0.02,10.52,0.0,May,2,2,4,2,Returning_Visitor,False,False
3,58.07,1,40.5,13,338.25,0.01,0.04,-3.13,0.09,Mar,1,1,1,3,Returning_Visitor,True,False
0,18.77,0,-11.96,1,-784.45,0.0,0.04,0.0,-0.01,Mar,1,8,7,1,Returning_Visitor,False,False
1,0.0,0,-36.25,-21,513.52,0.0,0.03,13.13,0.0,Feb,8,8,1,20,Returning_Visitor,False,False
3,124.38,0,3.76,38,1630.41,0.0,0.01,14.55428571,0.0,Oct,2,2,2,2,Returning_Visitor,False,True
2,91.87,0,23.58,32,1376.3,0.01,0.03,2.09,0.0,Oct,2,2,1,2,Returning_Visitor,False,False
5,323.17,1,839.41,-49,1697.34,0.01,0.016666667,-33.57,0.0,Dec,1,1,1,8,New_Visitor,True,False
1,0.0,0,0.0,31,1181.39,0.0,0.02,0.0,0.0,Oct,2,2,3,2,Returning_Visitor,False,False
2,92.32,0,0.0,23,1029.83,0.01,0.028571429,38.27331194,0.0,Mar,2,2,1,2,New_Visitor,False,True
1,115.0,0,0.0,27,2095.7,0.01,0.019166667,15.94,0.03,May,2,2,1,4,Returning_Visitor,False,False
0,44.3,0,0.0,17,1264.49,0.01,0.006666667,64.2879309,-0.02,May,1,2,4,2,New_Visitor,False,True
16,381.6731217,3,128.16,86,2799.31,0.02,0.022043153,3.885233567,0.0,June,2,1,8,2,Returning_Visitor,False,True
0,0.0,0,-74.26,7,289.5,0.0,0.04,4.1,0.07,Mar,2,2,1,1,Returning_Visitor,True,False
4,104.63,1,39.29,29,999.55,0.0,0.011111111,34.75023292,0.06,Mar,1,1,1,2,Returning_Visitor,True,True
2,32.5,0,0.0,3,429.29,0.04,0.05,3.0,0.06,Dec,1,1,4,2,Returning_Visitor,True,False
1,0.0,0,-2.46,27,1240.51,0.00952381,0.03,14.63523974,0.0,Mar,1,1,1,1,Returning_Visitor,False,True
2,4.0,-2,-88.42,38,661.4455285,0.04,0.09,-11.76,0.05,Nov,3,1,7,11,Returning_Visitor,True,False
4,44.5,1,44.66,8,568.25,0.01,0.033333333,-8.15,0.0,Oct,1,1,9,7,New_Visitor,False,False
0,-3.62,0,-23.65,21,1065.67,0.01,0.05,2.98,-0.0,Mar,2,2,1,1,Returning_Visitor,False,False
1,0.0,0,-1.83,20,895.67,-0.0,0.02,7.93,0.01,Mar,2,2,3,1,Returning_Visitor,False,False
0,0.0,-1,0.0,10,112.7083333,0.01,0.15,-2.94,0.0,Jul,3,3,5,11,Returning_Visitor,True,False
23,367.51,9,1311.56,-42,-2954.36,-0.01,-0.02,-13.95,0.0,Nov,2,2,9,3,New_Visitor,True,False
0,0.0,0,0.0,11,-485.15,0.02,0.063636364,0.0,0.01,Oct,2,2,3,4,Returning_Visitor,False,False
-1,0.0,0,2.69,42,415.92,-0.01,0.0,0.0,0.11,May,1,8,7,1,Returning_Visitor,False,False
1,0.0,1,0.0,20,905.1,0.0,-0.01,83.80837784,0.0,Oct,4,2,3,2,New_Visitor,False,True
1,-60.52,1,56.32,72,4281.78,0.02,0.02,42.96,0.07,June,2,2,1,13,Returning_Visitor,False,False
5,0.0,-1,192.62,63,4962.96,0.02,0.04,-53.84,-0.07,Oct,1,1,3,3,Returning_Visitor,False,False
4,220.67,1,-8.71,28,208.0,0.0,0.04,125.961749,0.05,Dec,2,4,1,6,New_Visitor,False,True
3,149.55,0,17.3,19,1269.99,0.02,0.05,0.0,0.04,Oct,4,1,1,1,Returning_Visitor,False,False
0,509.03,3,408.59,8,-980.3,0.0,0.03,53.988,0.7,May,2,5,2,18,Returning_Visitor,True,True
3,99.78,0,13.57,46,1380.166667,0.0,0.01,7.22,0.01,Mar,2,2,9,2,Returning_Visitor,False,False
0,-16.01,0,0.0,57,360.31,0.035087719,0.04,45.84,0.07,June,3,2,3,3,Returning_Visitor,False,False
3,23.0,0,47.41,19,1117.1,0.003508772,0.022807018,1.92,0.0,Mar,2,2,1,2,Returning_Visitor,False,False
-1,-26.26,0,-13.6,0,-3.12,0.012222222,0.026587302,17.58,-0.04,May,2,2,7,4,Returning_Visitor,False,False
2,50.29,1,-11.18,24,726.73,-0.0,0.016073781,4.22,0.0,Nov,2,2,1,2,New_Visitor,True,False
-5,0.0,0,0.0,22,58.73,0.0,0.07,0.0,0.6,Feb,3,2,3,6,Returning_Visitor,False,False
2,89.36,0,19.32,19,932.65,0.02,0.04,-0.55,0.04,Mar,1,1,1,1,Returning_Visitor,False,True
-1,0.0,0,-3.38,5,203.0,0.06,0.1,-0.44,0.14,May,3,2,1,3,Returning_Visitor,False,False
3,113.78,0,20.49,26,1319.18,0.02,0.04,-0.59,0.0,Mar,1,1,5,1,Returning_Visitor,False,False
3,0.0,0,-20.58,-4,390.11,0.014285714,0.05,-6.29,0.0,Dec,2,1,3,2,Returning_Visitor,False,False
0,29.38,0,4.13,1,-528.0,0.21,0.2,0.0,0.01,May,3,2,1,3,Returning_Visitor,False,False
6,221.8333333,1,36.87,39,841.7833333,0.01,0.017585825,0.0,0.0,Jul,3,2,8,2,Returning_Visitor,False,False
0,-49.4,0,0.0,12,-140.65,0.01,0.04,-1.03,-0.01,May,1,8,7,3,Returning_Visitor,False,False
0,33.13,0,-13.47,16,470.84,0.01,0.02,24.73875,0.0,May,2,2,5,1,New_Visitor,False,True
-2,0.0,0,96.5,-5,-527.9,0.007876231,0.03,-6.63,0.0,Dec,3,2,1,2,Returning_Visitor,False,True
12,123.19,1,-2.59,50,799.98,-0.01,0.016666667,0.0,0.0,Oct,2,4,3,3,Returning_Visitor,False,False
4,164.69,1,29.93,23,685.95,0.01,0.03,-0.42,0.0,Mar,3,2,1,1,Returning_Visitor,False,True
3,11.84,0,20.05,28,1271.66,0.0,0.03,-15.31,0.14,May,1,1,9,3,Returning_Visitor,False,True
-1,162.92,0,-19.26,3,64.53,-0.0,0.01,0.0,0.0,Dec,4,1,5,2,New_Visitor,True,False
13,561.32,-1,-238.43,57,3670.2,0.0,0.027272727,39.42,0.0,Dec,2,2,1,11,Returning_Visitor,True,False
1,88.60416667,0,-43.01,42,2503.69,-0.0,0.02,32.56725746,-0.04,Nov,2,4,2,10,Returning_Visitor,False,True
1,19.0,0,-100.42,38,605.6722222,0.003448276,0.12,-7.47,0.8,May,2,10,3,6,Returning_Visitor,False,False
0,45.86,0,-22.14,11,399.6666667,0.054545455,0.08,-3.14,0.01,Oct,2,2,1,2,Returning_Visitor,False,False
-1,0.0,0,-14.02,21,890.3,0.01,0.026666667,0.0,0.0,Mar,2,2,7,2,Returning_Visitor,False,False
0,-15.88,1,170.5833333,9,124.9583333,0.0,0.02,145.19,0.0,Dec,1,2,1,2,New_Visitor,False,False
0,-21.24,0,0.0,5,-307.97,0.02,-0.0,0.0,-0.05,May,2,2,5,4,New_Visitor,True,False
1,15.74,0,31.64,20,202.0,-0.0,0.01,17.56,0.01,Oct,1,1,3,4,Returning_Visitor,False,False
2,68.1,0,4.78,25,1227.13,0.0,0.02,17.78585727,0.0,Mar,2,2,1,2,Returning_Visitor,False,False
2,49.4,-1,-40.04,24,737.84,0.02,0.04,2.72,0.0,Mar,2,2,1,3,Returning_Visitor,True,False
1,105.18,0,0.0,24,81.41,0.01,0.02,111.2629939,0.0,Feb,2,2,1,4,New_Visitor,False,True
4,133.5833333,0,-6.39,24,1222.470924,0.01,0.02,6.094324324,0.24,May,3,2,2,4,Returning_Visitor,False,True
0,-33.21,-1,-19.82,50,1167.91,0.0,0.05,0.0,0.0,Aug,1,8,6,11,Returning_Visitor,True,False
2,58.13,0,54.0,10,866.69,0.0,0.02,0.0,0.03,Mar,2,2,9,2,Returning_Visitor,False,False
12,357.25,3,115.0,158,2010.09,-0.0,-0.02,57.81,0.44,May,2,4,5,4,Returning_Visitor,False,True
-5,-109.15,0,-51.71,17,141.5,0.01,0.07,6.19,0.6,May,2,2,1,6,Returning_Visitor,False,False
-5,-202.33,0,206.6,24,709.4333333,-0.01,-0.03,15.70942935,0.03,Aug,2,4,2,4,Other,False,True
0,23.21,0,0.0,4,111.61,0.02,0.05,-0.53,0.05,Mar,1,1,4,1,Returning_Visitor,True,False
5,0.0,0,-9.26,1,645.47,0.03,0.0,41.28,0.16,Feb,2,2,7,13,Returning_Visitor,False,False
2,78.08,0,24.07,21,1024.75,0.01,0.04,5.75,-0.01,Mar,2,2,9,1,Returning_Visitor,False,False
0,35.4,0,0.0,-12,0.0,0.2,0.2,0.27,0.04,Feb,1,1,2,4,Returning_Visitor,False,False
-1,18.2,0,-1.63,0,1799.61,0.0,0.066666667,0.0,0.0,Oct,2,4,1,5,New_Visitor,False,False
0,-33.02,2,89.99,9,795.66,-0.0,0.02,2.14,0.0,Nov,2,2,1,2,Returning_Visitor,True,False
2,79.6,3,768.41,11,1011.016667,0.018918919,0.043243243,-5.66,0.03,Feb,1,1,7,1,Returning_Visitor,False,True
1,72.29,0,0.0,12,617.66,0.016666667,0.05,2.33,0.0,Nov,1,1,1,2,Returning_Visitor,False,False
1,27.5,0,20.99,1,891.9,0.0,0.03,0.0,0.01,Oct,1,1,1,7,New_Visitor,False,True
4,45.41,0,16.2,16,1372.08,0.02,0.04,0.0,-0.02,Jul,2,2,1,13,Returning_Visitor,False,False
4,75.25,0,0.0,29,1255.3,0.0,0.02,0.0,0.01,Mar,2,2,3,1,Returning_Visitor,False,False
-2,0.0,0,3.7,5,161.5,0.01,0.05,1.86,0.01,Oct,2,2,1,2,Returning_Visitor,False,False
0,0.0,0,0.0,115,6793.383281,0.0,0.023198706,2.381971158,-0.06,Nov,2,2,2,2,Returning_Visitor,False,True
2,15.26,0,17.8,3,33.2,0.01,0.066666667,0.0,0.0,Mar,1,1,3,1,Returning_Visitor,False,False
5,110.0,10,1188.5,230,10949.25,0.004444444,0.015486639,4.09,0.0,Aug,2,2,9,14,Returning_Visitor,False,False
-2,-241.62,0,-54.51,121,135.225,-0.03,0.02,0.0,-0.1,Nov,3,2,2,10,Returning_Visitor,False,False
4,169.9,1,37.83333333,81,2200.04,0.01,0.02,0.0,0.0,Nov,2,2,1,2,Returning_Visitor,False,False
7,139.99,0,0.0,5,455.22,0.02,0.05,0.0,0.0,Mar,1,1,3,1,Returning_Visitor,False,False
0,-108.98,0,25.77,85,3731.079365,0.014942529,0.039042146,0.0,0.88,May,2,2,3,14,Returning_Visitor,True,False
0,0.0,1,0.0,-34,180.1470588,0.03,0.055555556,0.0,0.0,Nov,6,5,9,20,Returning_Visitor,False,False
-6,0.0,0,0.0,317,3346.35,0.04,0.046262626,0.0,1.25,June,3,5,2,1,Returning_Visitor,True,False
-1,0.0,0,0.0,2,54.5,0.08,0.12,-4.94,0.01,Mar,1,1,5,1,Returning_Visitor,False,False
1,43.0,0,-8.53,12,65.0,0.06,0.08,-3.88,0.0,May,2,2,4,3,Returning_Visitor,False,False
1,0.0,0,-20.12,9,340.5,0.01,0.03,-3.78,-0.0,Nov,2,2,4,1,New_Visitor,True,False
5,52.87,0,-10.47,14,516.5,0.01,0.043137255,-5.99,0.08,Dec,2,1,3,2,Returning_Visitor,False,False
3,99.92,0,0.0,38,883.55,0.01,0.04,0.0,0.01,Nov,2,2,1,1,Returning_Visitor,False,False
0,30.39,0,0.0,-4,-269.37,0.2,0.21,0.0,0.0,Mar,2,2,9,1,Returning_Visitor,False,False
1,0.0,0,8.02,16,559.52,0.01,0.04,3.09,0.01,Mar,2,2,3,1,Returning_Visitor,False,False
1,0.0,2,157.65,22,1904.183333,0.01,0.01,0.0,-0.05,May,1,8,1,11,Returning_Visitor,True,False
2,55.5,0,0.0,6,24.5,0.01,0.04,-4.35,0.03,Mar,3,2,2,1,Returning_Visitor,True,False
0,0.0,0,24.78,17,-249.43,0.02,0.09,0.0,0.85,May,3,2,1,3,Returning_Visitor,True,False
-1,23.99,0,0.0,10,63.45,0.21,0.2,2.69,0.0,May,2,2,1,4,Returning_Visitor,False,False
4,104.5,3,110.66,27,214.6922078,-0.0,0.04,0.0,0.62,May,3,2,1,2,Returning_Visitor,True,False
2,63.0,0,11.01,47,1113.27,0.01,0.02,0.41,-0.02,Nov,1,1,3,2,Returning_Visitor,False,False
5,42.6,0,-52.76,5,0.0,0.24,0.2,-4.78,0.03,Dec,1,1,4,1,Returning_Visitor,True,False
0,63.59,1,17.16,-9,64.20833333,0.0,0.0,0.0,0.09,Oct,3,2,9,10,Returning_Visitor,True,False
5,118.58,0,26.45,73,3374.916667,0.0,0.021388889,0.0,0.0,Oct,2,2,1,1,Returning_Visitor,False,False
1,0.0,0,-60.9,8,25.5,0.0,0.1,1.11,-0.07,Nov,1,8,1,11,Returning_Visitor,True,False
0,1.36,0,0.0,65,4218.916667,-0.01,0.02,26.24,-0.04,Dec,2,4,2,2,Returning_Visitor,False,False
3,109.22,0,0.71,30,1301.87,0.01,0.02,4.39,0.0,Oct,2,2,1,2,Returning_Visitor,False,False
2,103.6,0,-16.45,31,1003.38,0.068292683,0.09,8.23,0.05,Aug,1,1,4,1,Returning_Visitor,False,False
3,141.51,0,-4.57,30,1891.76,0.01,0.03,6.25,0.02,Oct,1,2,1,2,Returning_Visitor,False,False
1,25.94,0,0.0,14,24.0,0.02,0.05,2.98,0.0,Mar,2,2,9,1,Returning_Visitor,False,False
0,0.0,0,0.0,9,102.5,0.01,0.022222222,9.81,0.0,Mar,2,2,1,4,New_Visitor,True,False
4,59.52,1,0.0,3,21.0,-0.0,0.033333333,0.0,0.0,Nov,1,1,9,7,New_Visitor,True,False
0,51.1,1,155.14,-16,-1302.48,0.006766917,0.028754539,0.37,0.03,Dec,3,2,1,2,Returning_Visitor,False,False
0,0.0,0,-32.47,43,2118.47,0.01,0.04,3.21,-0.03,Nov,2,2,1,2,Returning_Visitor,False,False
4,588.2972222,0,0.0,44,683.88,-0.02,0.04,20.8,0.0,Mar,1,12,7,10,Returning_Visitor,False,False
1,53.71,0,0.0,15,623.9666667,0.0,0.01,10.89,0.05,Mar,2,2,1,6,New_Visitor,False,False
4,173.9666667,1,0.0,49,1810.12,0.02,0.03,2.79,0.0,Aug,2,2,1,2,Returning_Visitor,False,False
0,-0.5,0,9.55,12,74.0,0.02,0.06,0.47,0.02,Mar,2,1,9,1,Returning_Visitor,False,False
2,17.22,0,0.0,8,1261.32,0.01025641,0.03,9.78,0.0,Jul,2,2,4,1,Returning_Visitor,True,False
2,26.69,0,0.0,13,76.5,0.01,0.04,0.0,0.04,Mar,2,1,9,1,Returning_Visitor,False,False
2,105.03,0,0.0,40,1153.66,0.004878049,0.01624838,0.0,-0.04,Mar,1,1,3,2,Returning_Visitor,False,False
1,20.6,0,9.3,19,1007.9,0.0,0.005555556,0.0,0.0,Oct,2,2,9,2,New_Visitor,True,False
2,135.04,0,-50.02,21,-197.79,-0.01,-0.02,2.69,0.0,Oct,3,2,9,4,New_Visitor,True,False
2,0.0,1,-83.99,49,978.61,0.008163265,0.034693878,127.58,0.1,June,4,1,8,2,Returning_Visitor,False,False
2,0.0,0,0.0,24,977.43,0.02,0.05,0.0,-0.0,Oct,1,1,3,1,Returning_Visitor,False,False
3,-48.97,3,-40.94,18,-550.41,0.0,0.02,10.21771151,0.03,Nov,2,2,9,2,Returning_Visitor,True,True
1,0.0,0,0.0,13,0.0,0.2,0.2,-6.34,0.0,Nov,1,2,1,1,Returning_Visitor,False,False
7,245.01,0,-70.18,6,1268.3,0.017014925,0.01,0.0,0.0,Dec,3,2,4,13,Returning_Visitor,True,False
0,100.83,-1,-37.63,3,12.0,0.03,0.066666667,7.15,0.03,Mar,3,2,1,3,Returning_Visitor,True,False
-3,0.0,0,-104.11,2,-1143.43,0.0,0.05,-7.08,-0.09,Nov,3,2,9,1,Other,False,False
6,196.14,0,30.75,11,769.74,0.0,0.01,4.86,0.0,Oct,2,2,1,2,New_Visitor,True,False
2,-12.1,0,0.0,31,2749.15,-0.0,-0.01,0.0,-0.12,Nov,1,1,1,8,New_Visitor,True,True
3,341.6,0,31.23,7,1059.68,0.047619048,0.07,0.0,0.0,Oct,1,2,1,2,Returning_Visitor,False,False
2,98.33,0,3.13,22,816.68,0.01,0.03,0.0,0.0,Mar,3,2,2,1,Returning_Visitor,False,False
-3,596.34,4,816.23,7,-1076.01,0.0,0.04,9.04,0.15,Sep,2,5,4,8,New_Visitor,False,False
15,1011.361111,2,237.23,193,7544.68,0.0,0.006127451,10.38,0.0,Mar,3,2,4,2,Returning_Visitor,True,False
1,49.4,0,7.72,29,1384.13,0.0,0.003921569,26.57,-0.01,Oct,2,2,9,2,New_Visitor,True,False
2,0.0,0,-15.62,12,970.35,-0.0,-0.01,-10.13,0.13,May,2,2,3,4,New_Visitor,True,True
4,49.06,0,45.97,26,569.81,0.02,0.07,3.27,0.0,Jul,2,2,1,1,Returning_Visitor,False,False
1,428.49,1,90.51,80,1530.99,0.0,0.02,0.0,0.0,Nov,4,1,1,2,Returning_Visitor,False,False
6,615.25,-1,514.56,68,2524.719048,0.0,0.000175593,18.88,0.05,Mar,1,4,6,2,Returning_Visitor,False,False
-1,-15.61,-1,-63.7,8,0.0,0.2,0.2,1.21,0.0,Nov,2,2,1,13,Returning_Visitor,False,False
1,149.5,0,0.0,32,2062.82,0.038709677,0.062580645,7.636645161,0.2,May,2,2,3,2,Returning_Visitor,False,False
6,231.72,0,33.5,60,2719.654762,0.01,0.02,3.95,0.01,Oct,1,1,1,2,Returning_Visitor,False,False
5,153.59,0,0.0,70,2225.46,0.0,0.01,5.13,0.0,Nov,2,2,1,2,Returning_Visitor,False,True
0,45.0,0,101.21,18,1556.8,0.0,0.033333333,0.0,0.02,Dec,1,1,1,2,Returning_Visitor,False,False
0,0.0,0,-19.97,23,575.88,0.02,0.05,3.74,0.11,May,1,1,7,1,Returning_Visitor,False,False
6,279.0,0,24.86,13,0.0,0.01,0.02,3.55,0.02,Oct,3,2,1,2,Returning_Visitor,False,False
0,0.0,0,-10.84,40,1856.6,0.0,0.02,0.0,-0.0,Oct,2,2,1,2,Returning_Visitor,False,False
2,75.78,0,0.0,49,2196.14,0.01,0.03,2.56,-0.01,Nov,2,2,1,2,Returning_Visitor,False,False
3,92.72,0,-40.68,48,2006.688158,0.02,0.04,2.039270228,0.0,Aug,2,4,6,2,Returning_Visitor,False,False
1,109.75,1,52.68,25,103.5,0.0,0.01,50.24,-0.01,Dec,1,1,3,2,Returning_Visitor,False,False
3,300.62,2,0.0,19,1508.12,0.01,0.03,109.53,0.1,May,1,2,1,2,Returning_Visitor,False,False
2,14.0,0,0.0,22,156.0,0.0,0.02,6.83,0.0,Mar,1,1,3,1,Returning_Visitor,True,False
3,97.01,0,-13.84,40,1621.63,0.01,0.02,4.37,-0.02,Nov,2,2,1,2,Returning_Visitor,False,False
-3,143.5,2,-186.93,14,2199.976786,0.008333333,0.027665354,30.58,-0.12,Nov,7,1,1,2,Returning_Visitor,False,False
2,5.74,1,0.0,7,136.75,0.0,0.055555556,4.73,0.0,Aug,2,2,1,3,New_Visitor,False,False
0,0.0,-1,0.0,-3,918.3,0.01,0.05,0.0,0.02,Mar,3,2,8,2,Returning_Visitor,False,False
-1,68.04,0,-69.56,7,110.75,0.01,0.02,-2.12,-0.02,Oct,3,2,1,4,New_Visitor,True,False
0,16.76,0,0.0,29,750.88,0.02,0.03,24.27,-0.02,Dec,1,1,4,2,Returning_Visitor,False,False
5,89.14,1,62.86,21,1087.27,0.002821317,0.012414294,0.875047932,0.0,Mar,2,2,3,2,Returning_Visitor,False,False
3,0.0,0,-16.66,30,1623.94,0.01,0.04,0.0,0.0,Oct,2,4,6,1,Returning_Visitor,False,False
2,45.88,0,0.0,30,1315.41,0.008943089,0.04,3.69,0.0,Mar,2,2,1,1,Returning_Visitor,False,False
2,338.0,0,0.0,17,710.05,0.0125,0.0375,7.51,0.01,Mar,3,2,1,2,Returning_Visitor,False,True
-2,126.37,0,55.46,-30,-635.96,0.0,0.1,-1.97,0.0,May,3,2,6,20,Returning_Visitor,False,False
2,140.43,2,261.62,2,-2284.53,-0.02,0.009375,0.0,-0.05,Oct,3,2,1,1,Returning_Visitor,False,False
0,0.0,-1,-26.4,47,2549.25,0.03,0.1,-7.0,0.0,Nov,1,8,3,11,Returning_Visitor,True,False
0,0.0,0,3.94,29,1035.821429,0.003846154,0.034935897,3.14,0.0,Oct,2,2,1,2,Returning_Visitor,False,False
5,109.2,0,0.0,31,663.2777778,0.0,0.03,0.0,0.0,Oct,1,1,9,3,Returning_Visitor,False,False
2,10.3,1,38.0,10,31.11,0.02,0.15,0.0,1.47,May,1,4,2,2,Returning_Visitor,True,False
4,245.33,0,0.0,59,1623.84,0.01,0.021690178,-0.95,0.03,Oct,3,2,1,1,Returning_Visitor,False,False
2,0.0,-1,-18.47,20,339.54,0.03,0.07,-0.94,0.62,May,3,2,2,3,Returning_Visitor,True,False
0,-27.22,1,48.66,16,888.07,-0.01,0.03,8.09,-0.12,May,1,8,3,11,Returning_Visitor,False,False
5,342.75,0,0.0,12,-765.74,0.02,0.03,-15.19,-0.02,Nov,1,1,7,2,Returning_Visitor,False,False
1,35.52,0,-17.77,20,753.03,0.024162985,0.05,0.0,0.0,Oct,2,2,1,1,Returning_Visitor,False,False
-3,-3.23,0,0.0,8,-1490.92,0.01,0.021875,172.25,0.06,Sep,2,10,6,1,Returning_Visitor,False,True
0,0.0,0,0.0,33,1137.41,0.01,0.03,0.39,0.0,Oct,1,1,7,2,Returning_Visitor,False,False
0,18.15,0,-13.52,14,727.72,0.03,0.072115385,-0.02,0.05,Oct,2,2,1,1,Returning_Visitor,False,False
0,0.0,0,-8.69,15,436.1,0.03,0.07,4.41,-0.01,Mar,1,1,7,1,Returning_Visitor,False,False
4,38.7,1,-61.83,5,689.32,0.01,0.06,0.44,-0.04,June,2,9,2,13,Returning_Visitor,False,False
0,-15.83,-1,0.0,179,5996.025,0.02,0.038277778,0.0,0.52,May,2,2,9,4,Returning_Visitor,False,False
-2,-65.32,0,-28.47,1,0.0,0.04,0.1,-1.19,0.0,May,1,3,5,1,Returning_Visitor,False,False
0,2.96,0,-12.23,37,1690.41,0.01,0.04,3.98,-0.02,Nov,2,2,1,2,Returning_Visitor,False,False
2,292.2,0,0.0,25,1391.383333,0.01,0.03,18.84993357,0.01,Oct,3,2,1,2,Returning_Visitor,False,True
0,28.54,0,0.0,3,0.0,0.2,0.2,-1.21,0.03,May,2,2,1,3,Returning_Visitor,False,False
0,0.06,0,0.0,23,215.23,-0.0,0.02,0.0,0.0,Oct,1,1,7,1,Returning_Visitor,False,False
3,12.92,0,0.0,42,2596.37,0.014423077,0.0136723,13.95,0.48,May,2,2,1,13,Returning_Visitor,False,False
3,132.38,1,46.53,30,1268.34,0.005025126,0.023180221,0.0,-0.0,Oct,2,2,1,2,Returning_Visitor,False,False
1,-66.27,1,0.0,-18,-130.17,-0.02,0.03,0.0,0.03,Oct,1,8,3,11,Returning_Visitor,True,False
1,60.24,0,0.0,35,1453.34,0.01,0.041142857,1.99,0.0,Oct,2,2,1,1,Returning_Visitor,False,False
2,47.15,0,-9.4,30,314.73,0.0,0.03,0.0,0.4,May,3,2,3,4,Returning_Visitor,True,False
15,1165.17,-1,689.8333333,55,5101.14,-0.01,-0.02,3.358133333,0.03,Sep,1,1,6,2,Returning_Visitor,False,True
4,117.87,1,66.2,28,1365.216667,-0.0,0.01,11.29,0.02,Mar,2,2,1,2,Returning_Visitor,True,False
11,242.53,2,0.0,44,168.19,0.007719298,0.028421053,0.0,0.0,June,2,1,6,8,Returning_Visitor,False,False
1,-9.24,0,0.81,13,700.22,0.02,0.05,-6.36,0.07,May,2,2,5,3,Returning_Visitor,False,False
2,-9.11,0,39.22,29,-273.35,0.01,0.011764706,26.64,-0.01,Feb,2,1,1,8,Returning_Visitor,False,False
2,35.11,0,-25.63,2,-270.38,0.02,0.06,0.0,0.0,Nov,1,1,4,2,Returning_Visitor,True,False
3,15.0,0,27.7,11,246.0,0.02,0.054545455,0.0,0.0,Mar,1,1,9,8,Returning_Visitor,False,False
-2,-2.76,0,-20.83,5,1306.0,0.07,0.12,-7.65,0.05,May,2,2,1,1,Returning_Visitor,False,False
12,1135.8,0,0.0,49,3935.32,0.00952381,0.026984127,0.0,0.0,May,1,1,1,6,New_Visitor,False,False
0,-25.51,1,-50.85,17,182.0,-0.0,0.04,-1.13,0.0,Oct,1,1,4,16,Returning_Visitor,True,False
4,11.84,0,824.09,71,107.23,0.02,0.06,55.46963196,1.19,June,3,2,8,8,Returning_Visitor,False,True
8,258.17,0,0.0,83,1570.62,0.01,-0.01,7.12,0.04,Aug,1,1,7,4,Returning_Visitor,False,True
8,568.62,13,2154.01,30,4573.31,-0.01,0.012903226,0.0,0.08,Nov,3,6,2,13,Returning_Visitor,False,False
1,42.91,0,12.22,-2,225.0,0.01,0.085714286,1.75,0.01,Mar,2,4,4,1,Returning_Visitor,False,False
3,0.0,0,0.0,5,89.86666667,0.04,0.06,2.79,0.96,May,3,2,1,4,Returning_Visitor,True,False
5,69.17,2,0.0,23,458.61,0.01,0.02,8.63,0.0,Aug,2,2,1,3,New_Visitor,True,False
3,40.5,0,16.59,59,2594.11,0.0,0.04,10.31,0.0,Feb,3,1,8,3,Returning_Visitor,False,True
5,79.0,0,12.0,39,1603.333333,0.01,0.02,3.69,0.01,Mar,2,2,1,1,Returning_Visitor,False,False
-1,0.0,0,0.0,37,239.38,0.033333333,0.03,20.03,0.4,May,1,1,7,2,Returning_Visitor,False,False
0,3.73,0,0.0,21,428.02,0.018181818,0.06,2.37,0.0,Nov,1,1,1,4,Returning_Visitor,False,False
-1,0.0,0,8.79,-19,-1219.98,0.07,0.133333333,0.0,0.0,June,2,2,7,2,Returning_Visitor,False,False
6,215.25,-2,-79.46,29,672.125,0.01,-0.04,6.32,0.0,May,2,2,6,8,New_Visitor,False,True
1,17.0,0,0.0,30,1340.583333,0.01,0.04,3.94,0.0,Oct,2,2,1,1,Returning_Visitor,False,True
-2,-139.83,0,373.0,6,2823.6,0.0,0.05,-34.6,-0.15,Mar,2,4,9,3,Other,False,False
0,15.0,2,4.0,280,6740.557143,0.0,0.01,12.19,-0.04,Nov,2,2,1,1,Returning_Visitor,False,True
0,-2.28,0,-10.84,34,1674.66,0.0,0.03,7.02,0.0,Mar,2,2,1,2,Returning_Visitor,False,False
0,45.83,0,-32.79,21,652.69,0.01,0.07,10.19,0.6,May,2,4,1,2,Returning_Visitor,False,False
11,173.3,4,-79.87,41,5194.857143,0.02,0.01,34.29,0.0,Sep,3,2,9,20,Other,False,False
0,0.0,0,-11.72,55,2835.417641,0.00754386,0.04,0.0,0.0,Oct,2,2,1,2,Returning_Visitor,False,False
-12,144.13,0,0.0,1,0.0,0.01,0.05,6.28,0.25,May,3,6,2,2,Returning_Visitor,False,False
0,86.2,0,-10.37,48,1945.45,0.02,0.03,5.71,-0.03,May,2,2,4,4,Returning_Visitor,False,False
2,247.37,7,115.0,381,9495.29,0.001834947,0.019045831,243.0,0.0,Jul,2,10,1,2,Returning_Visitor,False,True
3,77.09,0,0.0,23,1002.78,0.01,0.04,3.35,-0.01,Mar,2,2,9,1,Returning_Visitor,False,False
2,0.0,0,3.55,7,360.75,0.02,0.05,0.0,0.09,Oct,1,1,1,4,Returning_Visitor,True,False
15,912.77,5,-56.29,-23,-3374.13,-0.01,0.03,0.129676893,-0.35,June,2,5,3,1,Returning_Visitor,True,False
3,77.46,1,0.0,23,1210.06,0.01,0.03,5.59,0.1,Mar,1,1,1,2,Returning_Visitor,True,False
1,0.0,0,179.05,17,465.6666667,0.0,0.005098039,-14.41,0.0,May,3,2,6,20,Returning_Visitor,True,False
3,0.0,-1,0.0,34,1453.46,0.01,0.03,-3.58,0.03,Dec,2,2,3,2,Returning_Visitor,False,False
1,10.67,0,-20.9,19,-209.05,-0.0,0.01,7.35,0.0,Mar,2,2,5,1,Returning_Visitor,True,False
1,284.0,0,0.0,-3,-489.48,0.0025,0.034166667,-3.0,0.0,Nov,1,1,3,2,Returning_Visitor,False,False
0,15.81,0,-28.31,13,633.85,0.03,0.05,7.09,-0.0,Feb,3,2,6,1,Returning_Visitor,False,False
15,254.28,2,357.0,70,-1611.24,-0.01,0.005345441,-5.4,0.1,Nov,2,2,3,2,Returning_Visitor,False,False
4,97.69,1,83.06,39,902.6527778,0.0,0.008852259,0.0,0.0,Oct,2,2,1,4,Returning_Visitor,True,False
-1,0.0,1,35.5,26,1165.5,0.01,0.04,0.0,0.0,Oct,2,2,1,2,Returning_Visitor,False,False
7,504.3,0,13.28,3,7.0,0.03,0.0625,0.0,0.0,Nov,1,2,1,2,Returning_Visitor,False,False
8,473.7,0,76.1,24,2101.691541,0.007435897,0.02,5.46,0.0,Oct,1,2,1,2,Returning_Visitor,False,False
0,0.0,5,322.4,44,1747.7,-0.02,-0.02,41.73,0.0,Mar,3,2,1,6,New_Visitor,False,False
0,0.0,0,0.0,30,407.75,0.01875,0.025833333,-1.95,0.0,May,4,1,4,3,Returning_Visitor,True,False
1,35.54,0,-18.96,22,481.35,0.01,0.04,-2.24,-0.0,Mar,3,2,3,1,Returning_Visitor,False,False
-2,0.0,1,163.56,46,1031.133333,0.01,0.034267293,0.0,-0.0,Nov,2,2,3,2,Returning_Visitor,False,False
0,0.0,0,54.83,5,455.92,0.01,0.04,0.0,0.04,Dec,2,2,1,2,New_Visitor,False,False
2,0.0,0,6.7,21,580.0833333,-0.0,0.01,3.33,0.0,Mar,2,2,1,2,Returning_Visitor,True,False
2,86.72,0,0.0,28,1198.25,0.01,0.024712644,5.16,-0.01,Nov,2,2,1,2,Returning_Visitor,False,True
1,0.0,1,68.05,-20,1942.69,0.02,0.02,154.32,-0.04,May,4,2,1,11,New_Visitor,False,False
0,31.34,0,-33.29,57,2163.96,0.039285714,0.06,0.0,-0.01,May,2,2,1,1,Returning_Visitor,False,False
0,-16.49,0,0.0,4,452.71,0.03,0.06,0.0,0.0,Dec,2,2,7,2,Returning_Visitor,False,False
0,1.0,0,47.13,3,155.9,-0.01,0.04,5.26,-0.07,Jul,8,13,6,20,Other,False,False
8,213.94,1,18.2,40,1253.58,0.0,0.01,0.0,0.0,Oct,2,2,9,2,Returning_Visitor,False,False
0,-14.0,0,0.0,1,0.0,0.2,0.19,0.0,-0.05,May,3,2,3,3,Returning_Visitor,False,False
4,163.0,0,3.67,5,668.71,-0.0,-0.01,-3.07,0.02,Oct,2,2,1,2,New_Visitor,True,False
0,32.96,0,-15.15,3,386.47,0.18,0.2,3.81,-0.01,Oct,1,2,5,2,Returning_Visitor,False,False
0,26.46,0,0.0,1,187.86,0.19,0.2,0.0,0.0,Feb,2,2,4,1,Returning_Visitor,False,False
0,-105.16,3,0.0,13,303.4,-0.03,-0.07,239.98,0.0,May,8,2,1,4,Returning_Visitor,False,True
0,8.23,0,-11.39,13,1183.55,0.01,0.028571429,7.44,0.0,Oct,2,2,1,6,New_Visitor,False,True
3,76.7,1,61.88,18,589.92,0.0,0.01,78.89,0.0,Sep,2,4,4,2,New_Visitor,False,True
0,0.0,0,-2.25,28,1759.35,0.007407407,0.04,3.39,0.01,Dec,3,2,1,1,New_Visitor,True,False
0,-51.54,-1,-90.56,42,47.4,0.0,-0.0,26.85210163,-0.1,Oct,3,2,7,4,Returning_Visitor,False,True
3,118.8,0,56.54,8,1369.1,0.01,0.01,26.34,0.01,Sep,2,2,6,2,Returning_Visitor,False,False
4,92.53,0,15.23,30,1139.15,0.01,0.03,2.73,0.0,May,3,2,1,3,Returning_Visitor,False,False
0,-17.12,0,11.62,35,1460.46,-0.0,0.022222222,0.0,0.01,Mar,2,2,9,1,Returning_Visitor,False,False
4,105.49,1,-25.2,198,6231.34,0.0,0.003266621,13.92,-0.03,Nov,2,2,1,2,Returning_Visitor,False,True
0,-7.79,0,0.0,26,302.96,-0.01,0.02,-0.24,0.0,Feb,1,8,6,3,Returning_Visitor,False,False
5,129.58,0,0.0,43,1490.2,0.01,0.014285714,34.01,0.0,Dec,1,1,1,4,Returning_Visitor,False,True
7,340.6111111,1,129.0,128,6482.27,0.005,0.0,8.052616667,0.0,May,2,2,4,2,Returning_Visitor,False,False
0,0.0,1,0.0,25,203.15,0.0,0.051111111,0.0,0.0,Nov,2,2,9,2,Returning_Visitor,False,False
4,126.08,0,13.08,31,1401.29,0.002272727,0.01,5.22,0.04,May,2,2,5,4,Returning_Visitor,False,True
7,86.27777778,2,21.0,80,1856.02,0.0,0.01,25.76598645,-0.07,Nov,1,1,1,4,Returning_Visitor,True,True
1,0.0,0,0.0,12,1111.2,0.01,0.06,0.0,0.0,Mar,2,4,6,2,Returning_Visitor,False,False
2,0.0,0,-91.6,4,-305.21,0.0,0.066666667,3.86,0.0,Nov,1,1,2,10,Returning_Visitor,True,False
14,381.69,6,1077.3,148,5080.47,-0.0,0.03,0.0,0.62,May,2,2,9,1,Returning_Visitor,False,False
2,57.01,0,0.0,10,704.48,0.01,0.033333333,2.47,0.02,Mar,2,2,1,2,Returning_Visitor,False,False
1,20.26,1,44.1,18,586.78,0.006060606,0.05,0.0,0.0,Jul,2,2,4,2,Returning_Visitor,False,False
3,99.24,0,0.0,23,864.0071429,0.01,0.03,13.52088614,0.02,Mar,2,2,1,2,Returning_Visitor,False,False
-1,26.5,0,0.0,3,110.0,0.066666667,0.1,0.0,0.02,May,3,2,1,1,Returning_Visitor,False,True
3,0.0,2,-35.19,-2,306.3333333,-0.01,0.04,-13.76,-0.04,Feb,2,8,7,13,Returning_Visitor,False,False
6,132.0,11,1652.0,40,1717.740476,0.03,0.06,2.58,0.0,Feb,3,2,5,2,Returning_Visitor,False,True
3,90.21,0,0.0,23,297.125,0.0,0.012068966,0.0,0.04,Oct,2,2,9,2,New_Visitor,False,False
4,-82.67,-1,0.0,50,3082.86,0.0,-0.01,40.27815244,0.1,Dec,2,2,1,6,New_Visitor,False,True
0,7.0,0,0.0,19,162.0,0.0,0.02,0.0,0.05,May,2,2,5,4,Returning_Visitor,False,False
3,136.44,0,62.83,45,1881.55,0.01,0.013140097,4.62,0.0,May,2,2,4,2,Returning_Visitor,False,False
1,-96.87,0,0.0,10,267.25,0.0,0.03,0.0,0.0,Mar,2,2,7,5,New_Visitor,True,False
0,0.0,4,53.12,22,-3041.39,-0.04,0.02,6.07,0.6,May,3,7,3,3,Returning_Visitor,True,False
0,0.0,0,7.51,22,1015.16,0.01,0.03,0.69,0.0,Mar,2,2,3,2,Returning_Visitor,False,False
1,-6.08,0,0.0,20,2955.47,0.023333333,0.03,0.48,0.05,Mar,3,2,1,13,Returning_Visitor,False,False
0,18.35,0,-3.02,48,1937.78,0.01,0.033469388,3.69,0.0,Nov,2,2,1,2,Returning_Visitor,False,True
1,45.59,0,0.0,18,494.0,0.01,0.042857143,4.23,0.04,Oct,2,2,1,1,Returning_Visitor,False,False
5,192.4333333,2,123.45,-12,178.68,-0.0,0.00625,0.0,-0.03,May,4,1,1,3,New_Visitor,True,False
-2,-134.63,0,57.37,103,1934.992857,-0.01,0.044501535,0.0,0.8,Aug,2,8,2,13,Returning_Visitor,False,False
1,18.2,0,9.0,21,400.64,0.024652778,0.04,0.0,0.01,Dec,1,1,5,2,Returning_Visitor,False,False
1,67.85,0,-14.64,22,599.5,0.01,0.04,-0.18,-0.01,Mar,3,2,3,1,Returning_Visitor,False,False
0,0.0,0,0.0,13,837.09,0.01,0.020095694,47.99199256,-0.0,Feb,2,2,2,2,Returning_Visitor,False,True
6,107.6666667,5,505.1666667,281,18037.52,0.008498915,0.029697173,-12.56,-0.09,Dec,2,2,1,2,New_Visitor,True,False
12,372.12,0,105.62,19,2024.56,0.016571429,0.02,3.72,0.04,Oct,1,1,1,1,Returning_Visitor,False,False
2,27.78,3,224.24,-16,281.0,0.01,0.042857143,0.0,0.05,May,2,2,1,2,Returning_Visitor,False,False
11,1652.94,-2,-162.24,205,7609.82065,0.0032,0.04,0.0,-0.08,Feb,3,2,1,2,Returning_Visitor,False,False
-1,0.0,0,0.0,12,1167.37,0.0,0.025,0.0,0.0,Mar,2,2,1,6,New_Visitor,False,False
0,-32.5,0,0.0,7,484.01,0.0,0.01,71.68,0.0,May,3,2,2,4,Returning_Visitor,False,False
1,27.61,0,0.0,2,256.9,0.04,0.07,0.0,0.03,Oct,1,1,1,3,Returning_Visitor,False,True
4,120.96,0,0.59,40,2249.3,0.01,0.00957265,0.0,0.03,May,2,2,4,2,Returning_Visitor,False,False
2,142.61,0,-32.84,20,1654.722222,0.028571429,0.03,31.178125,0.05,May,2,2,1,2,Returning_Visitor,False,False
0,0.0,0,11.88,4,0.0,0.02,0.07,0.0,0.0,Nov,2,2,1,1,Returning_Visitor,False,False
0,0.0,0,46.82,19,422.58,0.21,0.2,8.17,0.0,June,1,1,6,2,Returning_Visitor,False,False
2,182.26,3,475.98,-51,944.297619,0.0,0.0125,23.82,0.2,Sep,2,2,1,6,New_Visitor,False,False
0,14.81,0,-23.48,2,1142.81,0.0,0.1,8.34,0.07,Mar,2,4,2,1,Returning_Visitor,False,False
0,0.0,-1,0.0,83,3026.57,0.01,0.017351598,10.36,0.02,May,2,2,1,4,Returning_Visitor,False,True
0,0.0,-1,142.27,99,6850.81,0.01,0.038095238,-15.77,0.0,Nov,2,2,3,13,Returning_Visitor,False,False
0,0.0,0,-26.12,22,282.0833333,0.03,0.063636364,4.74,-0.04,Nov,2,2,4,2,Returning_Visitor,False,False
1,42.89,0,0.0,13,1239.48,0.01,0.03,0.0,0.0,Oct,2,2,1,6,New_Visitor,False,False
0,1.46,0,35.12,20,1049.54,0.01,0.04,4.76,0.02,Dec,2,2,1,2,Returning_Visitor,False,False
0,-90.66,0,-16.22,79,1608.214286,-0.01,0.01,0.0,0.0,May,1,8,3,3,Returning_Visitor,False,False
6,253.1,4,0.0,40,1591.888095,0.0,-0.0,48.66217061,0.0,Jul,2,2,3,10,Returning_Visitor,True,True
-1,0.0,0,-12.09,3,64.55,0.02,0.06,1.47,0.0,Oct,3,2,9,1,Returning_Visitor,False,False
2,0.0,-1,-39.7,-3,-1128.06,0.2,0.2,-2.42,0.08,Mar,3,2,4,3,Returning_Visitor,True,False
0,-58.89,0,0.0,9,242.75,0.0,0.03,0.0,0.01,Oct,2,2,7,1,New_Visitor,True,False
4,10.0,0,0.0,23,1135.06,0.01,0.07,12.76,0.09,May,2,4,1,3,Returning_Visitor,False,False
-1,-30.0,0,294.0,58,1979.3,0.0,0.024224806,19.73335395,0.06,Dec,2,1,2,8,Returning_Visitor,False,True
0,0.0,0,19.93,22,-248.48,-0.02,0.022222222,-10.17,-0.01,Mar,1,8,7,1,Returning_Visitor,False,False
-1,82.17,1,-101.94,-34,-195.6,0.0,0.05,113.3238614,0.0,Oct,1,2,1,2,Returning_Visitor,False,True
7,149.81,0,-48.07,24,1298.93,0.01,0.020833333,21.6,0.21,May,2,4,2,1,Returning_Visitor,False,False
0,0.0,0,-30.59,25,1208.333333,0.0,0.01,6.31,0.0,Nov,1,1,4,10,Returning_Visitor,True,False
3,106.72,1,28.61,32,818.38,0.0,0.014814815,0.0,0.0,Oct,2,2,9,2,Returning_Visitor,False,False
0,88.7,0,0.0,-7,-168.81,0.06,0.083095238,2.36,0.03,Feb,3,2,6,1,Returning_Visitor,False,False
1,131.87,1,-1.94,-3,99.7,0.03,0.07,12.59,0.2,May,1,1,1,2,Returning_Visitor,False,False
0,-2.7,0,0.0,8,55.0,0.03,0.08,-1.68,0.0,Mar,2,2,9,1,Returning_Visitor,False,False
0,-65.6,0,0.0,28,595.57,-0.01,0.03,0.0,0.0,May,1,8,3,3,Returning_Visitor,False,False
2,23.53333333,0,0.0,-6,-1138.6,0.06,0.09,15.33,0.0,June,3,2,2,3,Returning_Visitor,False,False
2,11.47,1,0.0,13,520.53,0.028571429,0.064285714,-13.92,0.04,Dec,2,8,3,10,Returning_Visitor,True,False
1,39.27,0,-20.57,26,533.71,0.01,0.03,6.5,0.2,Feb,2,2,3,2,Returning_Visitor,False,True
4,125.76,0,0.0,36,1400.438961,0.0,0.005951036,9.69,0.02,Oct,2,2,1,4,Returning_Visitor,False,False
12,250.0833333,2,30.5,15,-807.85,-0.0,0.007466851,10.11599409,0.05,Aug,2,2,9,3,Returning_Visitor,False,True
3,108.07,0,-0.66,30,709.8333333,0.02,0.04,5.73,0.02,Mar,1,1,7,1,Returning_Visitor,False,False
0,45.65,0,-11.0,4,-483.24,0.01,0.04,0.0,0.0,Oct,3,2,2,4,Returning_Visitor,False,False
0,0.0,0,0.0,5,-910.26,0.05,0.1,0.0,0.0,Oct,1,1,5,1,Returning_Visitor,False,False
2,54.88,0,8.08,27,1033.0,0.01,0.0375,2.88,0.0,Oct,2,2,1,2,Returning_Visitor,False,False
8,160.1,0,-85.15,21,2474.0,0.0,0.00952381,4.6,0.11,Oct,2,2,1,13,Returning_Visitor,False,False
3,430.8333333,1,-58.16,49,1112.23,0.04,0.028907563,33.09,-0.26,May,3,2,4,12,Returning_Visitor,False,True
1,17.0,0,0.0,15,321.8333333,0.02,0.05,1.05,0.04,Mar,2,1,1,1,Returning_Visitor,False,False
3,180.13,0,-16.83,5,141.2,-0.01,0.01,-10.63,0.01,Oct,3,2,7,1,New_Visitor,False,False
1,14.0,0,-25.11,37,1317.795833,0.01,0.03,5.83,0.0,Nov,2,2,2,2,Returning_Visitor,False,False
0,-46.27,0,0.0,20,795.87,-0.01,0.01,-5.65,0.04,Oct,2,2,9,4,New_Visitor,True,False
5,122.75,0,-19.51,17,191.0,0.0,0.028571429,0.0,0.03,Mar,2,4,6,2,Returning_Visitor,False,False
2,80.05,0,17.64,34,1300.3,0.01,0.039004329,0.95,0.0,Mar,2,2,1,1,Returning_Visitor,False,False
2,32.09,0,-11.96,24,304.5230769,0.01,0.03,-1.03,0.15,May,1,1,7,3,Returning_Visitor,False,False
0,0.0,0,0.0,20,1116.473333,0.03,0.05,0.0,-0.02,June,3,2,6,1,Returning_Visitor,False,False
2,0.0,0,-33.67,1,-773.26,0.22,0.2,0.0,0.0,Mar,1,1,4,3,Returning_Visitor,True,False
0,34.17,0,16.31,31,1241.75,0.0,0.008163265,14.9,0.0,Mar,2,2,1,2,Returning_Visitor,False,True
6,170.51,6,606.75,47,1809.8,0.007377049,0.01,9.417272131,0.38,May,3,2,4,8,Returning_Visitor,True,False
0,-19.81,0,-3.86,29,798.3,0.0,0.03,0.0,0.0,Oct,1,8,7,1,Returning_Visitor,False,False
8,942.44,0,0.0,263,5602.31,0.01,0.010526316,0.0,-0.09,Dec,4,8,6,3,Returning_Visitor,False,False
0,0.0,0,0.0,0,-724.47,0.2,0.2,0.0,0.07,Oct,3,2,6,1,Returning_Visitor,False,False
0,33.32,0,0.0,30,875.44,0.01,0.018181818,42.422531,0.0,Dec,2,2,1,2,Returning_Visitor,False,True
10,592.79,0,17.29,65,2111.341667,0.03,0.014492754,-9.3,-0.15,Nov,2,6,6,1,Returning_Visitor,False,True
3,118.28,0,925.58,9,639.0,0.04,0.06,81.2475,0.15,Nov,1,2,8,12,Returning_Visitor,False,True
2,0.0,0,0.0,8,29.16666667,0.0,0.03,0.0,0.02,Mar,2,2,3,1,Returning_Visitor,False,False
1,18.25,0,6.07,-11,95.0,0.025,0.09,3.33,0.02,Mar,2,4,3,1,Returning_Visitor,False,False
-7,-94.56,-1,-14.41,-13,-1029.34,0.01,0.055555556,-13.0,-0.09,Oct,2,10,6,1,Returning_Visitor,False,False
6,81.6,0,0.0,16,2598.44,0.02,0.019047619,17.0,0.03,Sep,2,2,4,5,New_Visitor,False,False
3,36.25,0,19.89,35,1362.66,0.018918919,0.027190827,2.31,-0.01,Mar,2,2,6,1,Returning_Visitor,False,False
2,71.71,0,9.72,30,1282.56,0.02,0.05,-0.12,0.0,Mar,2,2,1,1,Returning_Visitor,False,False
4,39.65,0,0.0,4,1131.78,0.02,0.05,0.0,0.0,May,2,2,3,1,Returning_Visitor,False,False
0,0.0,0,3.83,1,-220.16,0.2,0.21,0.0,0.01,Oct,2,2,4,1,Returning_Visitor,False,False
-2,-58.97,-1,0.0,4,838.07,0.02,0.053333333,9.64,0.01,Dec,2,2,9,2,New_Visitor,False,False
1,33.83,0,5.21,26,1069.9,0.0,0.05,1.8,-0.0,Mar,2,2,1,1,Returning_Visitor,False,False
4,19.0,0,-63.73,8,-3053.98,0.02,0.007407407,0.0,0.0,May,2,1,5,3,Returning_Visitor,False,False
0,1.76,0,0.0,16,815.8333333,0.0,0.01,0.0,0.24,May,2,2,1,4,New_Visitor,True,False
-3,-180.98,0,0.0,163,1166.683333,-0.02,0.0,-0.85,-0.0,Nov,1,8,7,3,Returning_Visitor,False,False
3,17.5,0,0.0,-7,0.0,0.01,0.04,-11.19,0.0,Dec,1,1,3,2,New_Visitor,True,False
1,0.0,0,0.0,7,492.82,0.01,0.03,0.0,0.02,Nov,2,2,2,2,New_Visitor,True,True
3,79.28,0,0.0,30,1351.27,0.0,0.022222222,0.0,0.0,Oct,2,2,1,1,Returning_Visitor,False,False
6,316.0,1,259.07,69,3704.94,0.01,0.027698413,-9.38,0.0,Nov,1,5,2,1,Returning_Visitor,False,False
10,247.3333333,8,369.0,-10,-3264.78,-0.0,0.01,41.08,-0.08,Mar,2,2,9,8,Returning_Visitor,False,True
-1,15.32,0,-6.07,4,39.25,0.028571429,0.07,-0.52,0.0,Oct,2,2,1,2,Returning_Visitor,False,False
0,26.3,0,0.0,3,217.45,0.0,0.1,11.36,0.1,Aug,1,12,2,3,Returning_Visitor,False,False
4,109.0,1,125.0,27,1529.67,-0.0,0.00952381,5.12,0.01,Oct,2,2,1,2,Returning_Visitor,False,False
-7,-101.58,-2,-58.24,-42,311.6133333,0.05,0.11,-4.53,0.19,Oct,3,2,2,13,New_Visitor,False,False
3,30.5,1,43.32,9,422.730303,0.02,0.03,26.98,0.15,May,3,2,2,4,Returning_Visitor,False,False
0,0.0,0,22.26,26,1591.0,0.0,0.016666667,0.0,0.0,Oct,2,2,9,2,Returning_Visitor,False,False
1,-69.33,0,-203.6,-43,-465.81,0.01,0.04,39.86,0.07,Nov,1,1,6,10,Returning_Visitor,True,False
4,152.27,1,38.33,60,1792.18,0.01,0.02,-2.23,0.0,Oct,3,2,1,2,Returning_Visitor,False,False
0,2.23,0,-21.83,60,1836.64,0.0,0.014754098,0.0,0.0,Nov,2,2,7,2,Returning_Visitor,False,False
1,35.54,0,-18.96,22,481.35,0.01,0.04,-2.24,-0.0,Mar,3,2,3,1,Returning_Visitor,False,False
0,0.0,1,-0.83,6,-1655.81,0.07,0.116666667,3.89,-0.03,Nov,1,1,1,3,Returning_Visitor,False,False
2,155.71,3,91.30357143,101,2756.19246,0.0,0.01765792,-7.8,-0.08,Oct,3,2,4,2,Returning_Visitor,True,False
16,756.65,3,223.15,221,6606.726779,0.02,-0.01,17.67,-0.19,Oct,4,1,4,4,Returning_Visitor,True,True
1,17.94,0,-16.23,1,-442.38,0.2,0.2,0.0,0.0,Oct,1,2,4,1,Returning_Visitor,False,False
3,172.61,0,0.0,25,889.0,0.02,0.04,-3.04,-0.02,Oct,3,2,4,1,Returning_Visitor,False,False
1,8.34,0,13.32,11,192.1666667,0.0,0.025,2.55,0.0,Mar,1,1,7,2,Returning_Visitor,True,False
5,103.73,-1,-32.58,55,2461.25,0.02,0.02,0.0,0.03,May,2,2,1,3,Returning_Visitor,False,False
8,178.1666667,0,17.0,52,4939.41,0.012280702,0.0,12.13161988,0.0,Sep,2,1,6,6,New_Visitor,False,False
6,37.99,0,0.0,29,1816.427273,0.0,-0.02,27.76,0.57,May,2,2,3,13,Returning_Visitor,False,False
2,80.7,0,-31.91,37,1738.18,0.01,0.03,7.0,-0.03,Nov,2,2,1,2,Returning_Visitor,False,False
0,-10.14,0,0.0,6,128.0,0.02,0.07,0.0,0.01,Mar,2,2,9,1,Returning_Visitor,False,False
1,30.44,0,0.0,3,321.5,0.01,0.05,1.95,0.0,Mar,3,2,3,1,Returning_Visitor,False,False
8,285.17,0,0.0,16,1649.64,0.02,0.02,6.37,0.06,May,2,2,1,1,Returning_Visitor,False,False
-1,-46.48,0,0.0,12,663.5,0.0,0.016666667,-16.15,0.15,Feb,2,8,6,8,New_Visitor,True,True
0,8.97,0,0.0,26,1008.63,0.01,0.05,1.1,0.0,Mar,2,2,9,1,Returning_Visitor,False,False
2,-18.64,0,807.03,0,-1449.56,0.0,0.1,0.0,1.22,Feb,2,2,1,3,Returning_Visitor,False,False
16,770.6,0,182.01,43,2604.42,0.007795699,-0.01,60.56,0.14,May,1,2,3,2,Returning_Visitor,False,False
1,-3.51,1,-16.72,-29,537.43,0.066666667,0.101666667,9.68,0.0,Dec,8,8,3,20,Returning_Visitor,False,False
1,11.56,1,87.59,7,77.33333333,0.0,0.04,0.0,0.0,Mar,2,4,1,2,Returning_Visitor,False,False
1,67.13,0,-3.57,3,253.74,0.04,0.07,0.0,0.0,Oct,1,1,1,3,Returning_Visitor,False,False
4,120.0,0,0.0,8,902.38,0.0,0.03,8.03,0.02,Oct,2,2,1,1,Returning_Visitor,False,False
0,0.0,0,-11.61,32,1242.57,0.008888889,0.023492063,0.76,0.0,Oct,3,2,3,2,Returning_Visitor,False,False
0,-19.89,0,40.75,5,-2549.45,0.2,0.2,0.0,0.04,Nov,2,2,4,1,Returning_Visitor,False,False
2,27.5,0,0.0,29,1026.450758,0.01,0.04,3.46,0.03,Dec,2,2,9,2,Returning_Visitor,False,False
0,0.0,0,-8.96,14,487.3209524,-0.0,0.002380952,47.32661324,0.0,Mar,2,2,1,2,New_Visitor,False,True
7,120.81,0,56.92,46,863.3468254,0.0,0.006730769,10.7,-0.0,Nov,2,4,4,1,Returning_Visitor,False,True
2,0.0,0,29.2,25,942.43,0.00125,0.03,4.42,0.03,Dec,2,2,1,2,Returning_Visitor,False,False
-1,0.0,0,0.0,86,4175.75,0.048333333,0.106,0.0,-0.08,Nov,2,2,1,1,Returning_Visitor,False,False
0,0.0,0,0.0,22,880.05,0.01,0.033333333,-0.27,0.02,Mar,1,1,4,2,Returning_Visitor,True,False
12,447.05,2,26.57,148,3985.23,-0.0,-0.01,13.5,-0.04,Jul,2,2,1,6,Returning_Visitor,False,False
3,78.6,0,-7.48,13,905.99,0.01,0.02,2.31,0.03,Oct,2,2,1,1,New_Visitor,True,True
3,92.38,0,0.0,38,1733.58,0.0,0.01,0.0,0.0,Oct,2,2,9,2,Returning_Visitor,False,True
0,0.0,2,-58.57,24,485.47,0.052564103,0.049224806,-14.99,0.03,Nov,1,1,1,3,Returning_Visitor,True,False
0,-7.45,0,-8.3,8,1383.35,0.19,0.2,0.0,0.03,Mar,2,2,9,13,Returning_Visitor,False,False
5,178.5,0,13.12,10,517.17,0.011764706,0.023529412,0.0,-0.03,Nov,2,2,1,2,Returning_Visitor,False,False
1,23.5,1,-11.88,123,3944.384921,0.0,0.017112135,0.58,-0.02,Nov,2,2,1,2,Returning_Visitor,False,False
2,128.2,0,29.51,13,836.89,0.015384615,0.04,22.55,0.0,May,4,1,1,4,Returning_Visitor,False,False
1,36.44,1,0.0,18,130.79,0.0,0.03374269,0.0,0.2,May,1,1,7,2,Returning_Visitor,False,False
1,33.62,0,-22.18,32,1263.333333,0.011764706,0.03,3.08,0.09,May,2,2,5,3,Returning_Visitor,False,True
1,60.64,0,-28.49,27,892.9679487,0.014814815,0.03,0.0,0.04,Mar,2,2,4,2,Returning_Visitor,True,False
6,217.03,0,54.19,6,262.0,0.02,0.01,2.21,0.0,May,2,2,4,1,New_Visitor,True,False
0,0.0,0,43.05,13,2660.52,0.038461538,0.04,0.0,0.0,Oct,3,2,1,13,Returning_Visitor,False,False
0,-34.49,0,-33.0,83,2277.15,0.0,0.02,0.0,-0.02,Nov,2,2,3,2,Returning_Visitor,False,False
0,0.0,0,35.1,19,923.22,0.0,0.0,0.0,0.02,May,1,1,7,2,Returning_Visitor,False,False
3,0.0,-1,0.0,49,2676.32,0.0,0.013178295,0.0,0.0,Oct,2,2,2,3,Returning_Visitor,True,False
0,37.78,0,-4.98,17,272.0,0.03,0.073333333,0.0,0.31,May,3,2,1,4,Returning_Visitor,False,False
1,-132.24,0,0.0,16,1403.720238,0.02,0.09,64.89,0.13,June,4,1,8,8,New_Visitor,False,True
3,0.0,0,-4.62,43,1245.57619,0.0,0.02,10.74,0.0,Oct,3,2,2,3,Returning_Visitor,True,False
0,195.27,0,228.12,131,856.3333333,-0.03,-0.03,-32.11,0.86,May,1,8,2,4,Returning_Visitor,True,False
2,22.37,0,-47.92,22,108.9166667,0.01,0.02,-2.81,0.0,Dec,1,1,6,2,Returning_Visitor,True,False
1,0.0,0,0.0,267,7143.7,0.010810811,0.018198198,0.0,0.21,Nov,1,2,4,1,Returning_Visitor,False,False
8,245.14,0,0.0,14,2867.98,0.0,0.01,0.0,0.0,May,2,2,3,5,New_Visitor,False,False
6,-104.18,4,-83.73,87,2506.24,-0.02,0.02454223,2.227278689,0.8,May,3,2,1,1,Returning_Visitor,True,False
-4,94.07,0,0.0,7,-1271.13,0.028571429,0.05,8.23,0.1,Dec,1,5,4,1,Returning_Visitor,True,False
5,628.37,-1,209.12,75,4139.47,0.03,0.012821256,8.569134167,0.0,May,4,2,6,2,Returning_Visitor,False,False
4,114.38,1,-39.27,20,1957.5,0.0,0.0,105.260972,0.0,Dec,1,1,3,10,Returning_Visitor,False,True
13,395.05,4,699.88,-89,-1219.61,0.01,0.034484127,-20.3,0.0,Dec,3,2,1,1,Returning_Visitor,False,False
2,51.62,1,13.95,32,1481.1,-0.0,0.05,-1.41,0.05,Mar,2,4,1,2,Returning_Visitor,False,False
1,58.7,0,-45.74,7,420.74,0.0,0.02,3.87,-0.02,Nov,3,2,2,2,New_Visitor,True,False
0,0.0,0,0.0,43,1783.25,0.01,0.03,3.15,-0.01,Mar,2,2,1,2,Returning_Visitor,False,False
2,66.0,0,0.0,30,1249.95,0.01,0.04,0.0,0.0,Oct,2,2,1,1,Returning_Visitor,False,True
-1,38.75,0,0.0,-3,0.0,0.07,0.1,-1.75,0.0,May,3,2,1,3,Returning_Visitor,False,False
3,125.13,0,0.0,30,1574.93,0.01,0.04,0.0,0.01,Mar,2,2,1,1,Returning_Visitor,False,False
-1,-60.42,0,-10.05,23,868.62,-0.01,0.009090909,32.96,-0.01,May,2,4,7,2,New_Visitor,False,False
2,45.52,0,-11.29,36,1223.36,0.005405405,0.02,0.0,0.0,Mar,2,2,9,3,Returning_Visitor,True,False
6,274.3333333,0,0.0,33,1004.21,-0.0,0.001960784,18.55,-0.0,Mar,1,1,3,2,Returning_Visitor,False,False
4,36.39,1,19.76,25,850.89,0.0,0.02,0.0,0.0,Mar,1,1,3,2,Returning_Visitor,True,False
2,117.98,0,-9.7,6,551.5,0.02,0.04,-4.82,0.0,Mar,3,2,4,1,Returning_Visitor,True,False
0,27.07,0,-33.82,21,320.65,0.02,0.05,3.87,0.0,Mar,3,2,1,3,Returning_Visitor,False,False
-3,194.41,3,89.5,10,249.0,-0.01,0.05,0.0,0.0,May,3,2,4,6,Returning_Visitor,False,False
3,90.48,0,0.0,15,718.8,0.0,0.01,5.15,-0.01,Nov,2,2,1,2,New_Visitor,True,False
1,-19.65,-1,-34.62,86,3908.03349,0.015178571,0.03,0.31,0.01,May,2,2,7,1,Returning_Visitor,False,False
3,47.0,1,0.0,20,-82.12,0.01,0.02,2.65,0.0,May,3,2,5,3,Returning_Visitor,True,False
4,118.88,1,81.63,29,1686.354994,0.01,0.03,0.0,0.02,Mar,2,2,1,2,Returning_Visitor,False,False
3,0.0,0,-27.59,154,4800.574762,0.01,0.032872807,0.0,0.04,Jul,2,2,1,1,Returning_Visitor,True,False
1,0.0,0,10.76,5,440.73,0.02,0.04,0.0,0.03,Oct,1,1,1,1,Returning_Visitor,False,False
2,116.5,0,26.6,15,1508.36,0.01,0.005882353,0.0,0.01,May,2,2,4,2,New_Visitor,True,False
-8,0.0,1,0.0,48,313.0,0.03,0.13,0.0,0.09,May,2,10,5,4,Returning_Visitor,False,False
0,-68.57,2,789.56,-47,1043.15,0.05,0.08125,0.0,-0.12,Nov,1,1,1,2,Returning_Visitor,False,False
3,132.85,0,23.31,23,832.0833333,0.01,0.05,-4.24,0.04,Oct,3,2,1,1,Returning_Visitor,False,False
0,-12.83,0,5.19,2,40.0,0.06,0.1,0.0,0.0,May,3,2,3,3,Returning_Visitor,False,False
2,62.17,0,20.71,33,1173.77,0.0,0.033333333,1.33,0.0,Oct,2,2,1,2,Returning_Visitor,False,False
10,266.3,0,0.0,57,177.5,0.0,-0.02,44.23,-0.01,June,2,2,4,3,New_Visitor,True,False
-1,0.0,0,-286.97,16,507.8333333,0.03,0.01,91.48,0.0,May,1,10,1,1,Returning_Visitor,False,False
11,289.6833333,0,0.0,30,678.4833333,0.02,0.032173913,6.3,0.02,Jul,2,2,1,1,Returning_Visitor,False,True
2,0.0,1,39.0,15,725.6,0.0,0.0125,8.55,0.0,Mar,2,2,1,1,Returning_Visitor,True,True
4,106.0,0,0.0,44,3594.93,0.03,0.028851852,0.0,0.08,Dec,2,2,1,13,Returning_Visitor,True,False
7,0.0,0,148.61,9,2146.58,0.02,0.04,0.0,0.0,Mar,3,2,8,1,Returning_Visitor,False,False
2,167.13,1,501.0,-81,-2718.27,0.01,0.035294118,0.0,0.09,Dec,2,10,2,1,New_Visitor,False,False
3,-5.56,1,-43.01,48,-106.97,-0.01,-0.02,11.62,0.0,Nov,3,2,1,8,New_Visitor,False,True
3,98.84,0,13.41,40,550.7095238,0.0,0.00952381,0.0,0.12,Sep,2,2,7,2,Returning_Visitor,False,False
6,108.0,0,43.66666667,118,2846.49,0.003252033,0.01,8.256572358,0.42,May,2,2,3,2,Returning_Visitor,False,False
1,0.0,0,10.79,11,142.4166667,0.0,0.036363636,1.48,0.03,Mar,2,2,1,1,Returning_Visitor,False,False
8,111.97,4,145.1666667,166,4554.692744,-0.01,0.004062416,80.1,-0.13,Mar,2,4,4,2,Returning_Visitor,False,False
0,-32.76,0,-3.83,8,390.96,0.01,0.04,0.0,0.04,Mar,3,2,1,1,Returning_Visitor,True,False
10,1660.88,3,321.6666667,436,12983.78771,0.02,0.006998399,1.088158231,0.09,Dec,4,8,2,8,New_Visitor,True,False
1,171.75,0,0.0,32,1433.41,0.0,0.0,0.0,0.0,Dec,4,1,7,2,New_Visitor,True,False
0,6.81,0,-25.13,18,1229.64,-0.0,0.0,9.08,0.0,Mar,2,2,1,2,New_Visitor,True,True
1,0.0,-1,7.14,20,2270.833333,0.0,-0.01,10.23187302,-0.01,Dec,2,2,1,6,New_Visitor,False,True
9,645.43,3,127.5,151,4289.43,0.002597403,0.01,4.074920999,0.0,Dec,2,2,4,2,Returning_Visitor,False,False
8,168.21,1,-2.4,71,2512.51742,0.006349206,0.01,0.0,0.0,Oct,2,2,1,1,Returning_Visitor,True,True
3,58.4,1,0.0,12,197.0,-0.0,0.02,46.16,0.02,Nov,2,4,2,12,Returning_Visitor,False,False
5,113.5,0,0.0,35,990.86,-0.01,0.01,61.94,-0.02,Mar,2,4,3,2,New_Visitor,False,False
1,59.5,0,0.0,6,159.0,-0.01,0.01,-11.82,0.03,Oct,3,2,1,5,New_Visitor,False,False
0,26.44,0,-9.19,1,0.0,0.02,0.07,4.4,0.04,Mar,2,2,1,1,Returning_Visitor,False,False
7,198.07,1,28.5,15,1047.0,0.010526316,0.03,10.72,0.0,Oct,1,2,1,2,Returning_Visitor,False,True
1,35.0,0,0.0,30,1437.47,0.01,0.016666667,10.56,0.0,May,1,1,2,4,Returning_Visitor,False,False
3,102.36,0,0.0,69,2464.294444,-0.01,-0.01,0.0,0.0,Oct,2,2,9,6,New_Visitor,False,False
1,151.23,1,49.5,45,1335.78,0.02,0.020512821,32.946,0.11,May,2,2,4,4,Returning_Visitor,False,True
1,559.74,0,62.19,73,-2202.04,0.0,0.0,258.5498732,0.0,Sep,2,6,3,4,New_Visitor,False,True
0,0.0,0,26.73,1,19.2,0.0,0.1,-7.55,0.0,Aug,1,12,6,1,Returning_Visitor,True,False
7,111.0,5,5.0,131,2612.39,-0.01,-0.01,7.513426372,0.0,Nov,2,1,1,8,Returning_Visitor,True,True
2,51.5,0,99.5,20,771.875,0.01,0.04,-4.7,-0.03,Jul,1,1,1,2,Returning_Visitor,False,False
0,-3.53,0,0.0,46,797.8333333,-0.0,0.01,24.6,0.01,Mar,2,2,3,2,Returning_Visitor,False,False
0,0.0,0,49.0,12,1225.0,0.0,0.03,2.67,0.01,Oct,1,1,1,8,New_Visitor,False,False
2,29.0,-1,-84.25,106,4563.77,0.02,0.02,8.51,-0.01,May,2,2,4,3,Returning_Visitor,False,False
2,61.82,0,0.0,30,1248.47,0.01,0.03,2.46,0.0,Mar,2,2,1,1,Returning_Visitor,False,True
3,106.73,0,33.65,32,1759.99,0.0,0.008870523,0.0,0.03,Oct,2,2,1,2,Returning_Visitor,False,False
1,26.0,1,61.31,106,3810.94,-0.02,0.0125,13.28,0.0,Jul,2,4,2,2,Returning_Visitor,False,False
1,17.67,0,-3.48,33,675.6846244,0.026634769,0.06,-1.6,-0.07,Jul,2,2,4,2,Returning_Visitor,True,False
10,298.0,-2,89.38,14,625.0,0.02,-0.02,0.39,0.0,May,1,1,6,8,Returning_Visitor,False,False
0,-13.35,1,0.0,49,2043.47,0.0,0.03,0.0,-0.02,Nov,2,2,1,2,Returning_Visitor,False,False
11,1360.85,1,-30.4,53,3445.0125,0.011897436,0.06,-9.9,-0.04,Dec,3,2,1,2,Returning_Visitor,False,False
0,0.0,6,5.82,2,-4433.2,0.0,0.1,-12.62,0.0,Aug,2,6,9,3,Returning_Visitor,False,False
7,533.5913534,-1,-30.69,80,5496.630355,0.010192616,0.025284123,5.145928873,-0.11,Nov,1,1,1,10,Returning_Visitor,False,False
-2,112.09,0,0.0,92,3658.5,0.02,0.05,0.0,-0.06,Mar,4,1,9,1,Returning_Visitor,False,False
1,-69.78,0,-6.04,40,822.1,0.0,0.02,-2.95,0.13,Sep,1,8,7,1,Returning_Visitor,True,False
0,534.37,0,-46.64,-111,-1286.27,-0.01,0.021428571,0.0,0.0,Feb,5,11,1,8,Returning_Visitor,False,False
0,0.0,0,-8.51,8,39.2,0.0,0.02,0.0,0.06,Mar,3,2,9,6,New_Visitor,False,False
0,0.0,0,-38.41,6,95.5,0.01,0.07,0.0,-0.09,Jul,2,9,7,13,Returning_Visitor,False,False
6,30.28,0,0.0,33,3033.689449,-0.0,0.015479685,99.22,-0.06,Nov,1,2,8,10,Returning_Visitor,False,False
13,1541.5,0,0.0,68,188.5,0.02,0.04,-4.54,0.15,May,2,2,9,4,New_Visitor,False,False
3,-1.42,3,14.07,30,2043.06,-0.01,0.09,16.7293697,0.12,Dec,2,4,3,2,New_Visitor,False,True
3,91.25,1,-64.86,95,2977.96,0.003960396,0.01,8.92,0.01,Nov,2,2,1,2,Returning_Visitor,True,True
1,24.26,0,-11.69,15,1390.583333,0.025,0.06,-0.74,-0.0,Oct,2,2,1,1,Returning_Visitor,False,False
2,0.0,0,0.0,1,100.25,0.04,0.066666667,-4.29,0.06,Dec,1,1,1,2,Returning_Visitor,True,False
-1,99.75,-1,0.82,24,1108.0,0.066666667,0.066666667,0.0,-0.1,Mar,2,2,4,2,Returning_Visitor,False,False
2,72.6,0,71.57,16,67.66666667,0.0,0.01,0.25,0.0,Dec,2,2,9,2,New_Visitor,False,False
0,19.46,0,0.0,28,403.8333333,0.01,0.03,0.0,0.03,Mar,1,1,1,4,Returning_Visitor,True,False
1,-3.4,0,112.52,74,131.5,0.0,0.003076923,9.88,1.0,May,2,2,1,4,Returning_Visitor,True,False
2,89.55,1,0.0,43,1621.2,0.0,0.021621622,4.66,-0.0,Nov,2,2,1,2,Returning_Visitor,False,False
1,48.625,0,0.0,2,211.4702381,0.03,0.05,7.25,0.0,Nov,2,2,6,2,Returning_Visitor,False,False
7,249.18,0,24.93,23,1906.59,0.02,0.046153846,0.0,0.0,Oct,1,2,1,1,Returning_Visitor,False,False
1,43.86,0,-67.71,51,1655.358333,0.0,0.013071895,15.1,0.04,Mar,2,2,1,2,Returning_Visitor,True,False
4,105.58,0,0.0,55,1871.24,-0.0,0.001212121,0.0,0.0,Oct,2,2,1,4,Returning_Visitor,True,False
4,42.56,0,79.46,12,1644.233333,0.0,0.015384615,-14.05,-0.01,Oct,1,1,9,5,New_Visitor,False,False
3,138.34,1,49.21,26,549.55,0.017241379,0.032758621,0.0,0.0,Oct,3,2,1,1,Returning_Visitor,False,False
0,0.0,0,2.35,14,664.5,0.02,0.06,0.0,0.0,Oct,4,1,1,3,Returning_Visitor,False,False
0,0.0,0,42.43,14,-1133.32,0.01,0.046153846,0.0,0.0,June,3,2,3,3,Returning_Visitor,False,False
4,1660.3,1,325.0,184,3717.67,0.0,0.04,10.17,0.34,Sep,2,5,1,2,Returning_Visitor,False,True
4,83.36,0,14.12,39,1579.59,0.0,0.01,4.61,0.0,Mar,2,2,1,2,Returning_Visitor,False,False
0,21.51,0,-45.29,66,2370.729167,0.015384615,0.04,1.88,0.0,Nov,2,2,1,2,Returning_Visitor,False,False
5,9.0,0,-4.06,111,3792.9,0.0,0.015775776,2.797414715,-0.01,Jul,3,2,8,2,Returning_Visitor,False,True
9,303.85,4,1000.7,46,1814.583333,0.003673469,-0.03,0.0,0.04,Mar,2,2,4,2,New_Visitor,True,False
9,278.54,0,-13.96,76,3909.36829,0.0,0.0,4.3,-0.03,Oct,2,2,2,2,Returning_Visitor,False,False
0,12.72,0,-11.44,-6,-402.26,0.08,0.116,7.01,0.01,Mar,1,1,9,1,Returning_Visitor,False,False
4,7.48,0,0.0,32,1350.03,0.0128,0.03,0.0,0.01,Aug,2,2,1,3,New_Visitor,True,False
3,16.77,0,366.33,4,2361.15,0.0,0.03,-1.58,0.0,Mar,1,1,1,3,Returning_Visitor,True,True
0,0.0,0,0.0,86,2029.23,0.0,0.03,-16.16,0.6,May,4,1,3,1,Returning_Visitor,True,True
0,24.45,1,30.66,21,946.96,0.02,0.06,0.21,-0.01,Nov,2,4,4,2,Returning_Visitor,False,False
2,35.51,-1,0.0,-3,0.0,0.2,0.19,-1.41,0.11,Mar,3,2,6,1,Returning_Visitor,True,False
1,63.7,0,0.0,7,277.1428571,0.01,0.05,6.08,0.03,Mar,2,2,1,1,Returning_Visitor,False,False
4,36.0,0,0.0,23,283.45,0.0,0.02,58.20233822,0.01,Dec,2,2,1,1,New_Visitor,False,True
0,0.0,0,-111.74,33,1327.91,0.02,0.04,44.06491359,0.02,Nov,4,1,8,2,New_Visitor,True,True
0,27.11,0,0.0,11,331.3,0.0,0.08,-0.74,0.0,Mar,1,8,3,11,Returning_Visitor,True,False
0,-2.53,2,265.19,-3,-1185.55,0.000854701,0.05,-11.83,0.0,Mar,2,4,4,2,Returning_Visitor,False,False
-3,34.79,3,102.0,-4,-689.94,0.0,0.077843137,0.0,0.2,Oct,3,2,1,6,Returning_Visitor,False,False
4,197.26,1,103.16,35,1295.008333,0.000892857,0.02,-6.72,-0.02,Oct,3,2,4,1,Returning_Visitor,True,True
3,140.79,1,-5.08,28,1372.6,0.01,0.02,33.9612,0.02,Mar,2,2,1,2,Returning_Visitor,False,True
1,48.64,0,-4.07,17,616.02,0.033333333,0.06,-0.05,0.03,Mar,1,1,1,1,Returning_Visitor,False,False
0,0.0,0,0.0,26,1048.82,0.01,0.03,2.73,-0.0,Oct,2,2,2,2,Returning_Visitor,False,True
0,0.0,0,6.34,27,1274.42,0.0,0.026652893,0.0,0.0,Mar,2,2,1,1,Returning_Visitor,False,False
1,0.0,0,0.0,6,491.97,0.0,0.03,7.21,0.0,Mar,2,2,9,1,Returning_Visitor,False,False
5,30.5,0,30.5,59,2431.242995,0.0,0.01,0.0,0.01,Nov,3,2,2,3,Returning_Visitor,False,False
4,42.93,0,0.0,32,197.2,-0.0,0.016666667,-4.43,0.04,Feb,1,8,7,3,Returning_Visitor,True,True
1,-4.93,0,27.98,40,1754.52,0.0,0.016666667,-12.29,0.0,Oct,4,1,3,3,Returning_Visitor,True,False
2,0.0,0,-104.26,7,46.33,-0.04,-0.02,-6.59,0.0,May,1,8,7,3,Returning_Visitor,True,False
4,-39.91,0,0.0,11,546.75,-0.01,0.054545455,0.0,0.0,Nov,2,2,3,1,Returning_Visitor,False,False
0,0.0,0,-84.66,54,1443.83,-0.02,0.00952381,139.65,0.0,Jul,4,2,8,2,New_Visitor,False,True
3,68.57,0,18.1,26,1266.03,0.01,0.04,0.0,0.0,Mar,2,2,1,1,Returning_Visitor,False,False
3,-5.42,1,0.0,2,-191.26,0.0,0.04,-4.17,0.8,May,3,2,2,4,New_Visitor,True,False
6,140.5,0,40.64,20,431.5,0.0,0.006666667,8.16,0.0,Mar,2,2,9,1,Returning_Visitor,False,False
1,6.0,0,0.0,41,634.6666667,0.012698413,0.024285714,-4.36,0.0,Aug,2,4,5,3,Returning_Visitor,False,False
4,62.73,0,0.0,48,1559.16,-0.01,0.006781609,0.0,-0.03,Oct,1,1,3,4,Returning_Visitor,False,False
0,-5.12,0,0.0,6,82.0,0.15,0.18,-1.74,-0.01,Mar,2,2,3,1,Returning_Visitor,False,False
4,167.13,0,-37.31,4,445.83,0.036,0.06,82.76,0.0,June,4,2,8,2,Returning_Visitor,False,False
1,-40.38,0,0.44,1,0.0,0.2,0.2,0.0,0.0,Nov,8,1,1,11,Returning_Visitor,True,False
4,140.45,1,10.4,25,717.87,0.03,0.05,6.83,-0.0,June,3,2,6,1,Returning_Visitor,True,False
4,81.63,0,0.0,55,2415.416667,0.0,0.02,0.0,0.0,Oct,2,2,3,2,Returning_Visitor,False,False
0,0.0,0,-0.74,25,1013.35,0.02,0.05,0.0,0.01,Mar,2,2,1,1,Returning_Visitor,False,False
1,43.12,0,14.78,18,750.95,-0.0,0.02,-5.21,0.0,Oct,2,2,5,1,New_Visitor,False,False
3,125.79,0,6.84,78,2063.642844,0.007407407,0.011934156,0.0,-0.01,Mar,3,2,6,1,Returning_Visitor,False,False
0,-14.08,0,44.19,16,1480.9,-0.0,0.022222222,-2.04,0.04,Mar,3,2,2,5,New_Visitor,False,True
0,30.37,0,-11.0,30,1398.08,0.01,0.05,3.62,-0.0,Oct,2,2,1,2,Returning_Visitor,False,False
0,60.05,0,5.85,19,850.58,0.01,0.05,-3.36,0.0,Oct,3,2,1,1,Returning_Visitor,False,True
3,87.62,0,45.21,32,1496.05,0.0,0.008333333,4.37,0.0,Dec,2,2,9,2,Returning_Visitor,False,False
7,285.9,0,62.17,31,1744.86,0.01,0.0125,7.85,0.02,Oct,2,2,1,2,Returning_Visitor,False,True
-6,-92.94,-1,0.0,60,53.05,0.0140625,-0.03,6.92,0.0,Nov,2,6,6,2,Returning_Visitor,False,False
1,33.99,0,-21.75,-4,137.0,0.06,0.1,0.0,0.0,Mar,1,1,1,1,Returning_Visitor,True,False
0,31.52,0,-18.04,8,326.5,0.03,0.07,2.34,0.04,Oct,4,1,1,3,Returning_Visitor,False,False
1,0.0,1,0.0,5,-605.56,0.0,0.1,2.79,0.8,May,2,4,7,2,Returning_Visitor,False,False
0,85.33333333,0,5.81,46,2656.55,0.01,0.02,8.024865728,0.0,Nov,2,2,1,10,Returning_Visitor,False,True
4,78.5,0,3.55,49,1897.833333,0.0127,0.011746032,0.0,0.02,Dec,2,2,1,2,Returning_Visitor,False,False
1,22.78,0,-53.55,11,689.9916667,0.0,0.026666667,-15.62,0.0,Nov,3,2,2,6,New_Visitor,False,False
4,0.0,1,39.66666667,40,1770.86,-0.01,0.015248796,16.35,0.0,Jul,2,4,6,2,Returning_Visitor,False,False
18,588.81,0,0.0,184,7706.546429,0.02,-0.01,6.738395238,0.0,May,2,2,2,8,Returning_Visitor,False,False
1,42.29,0,23.69,28,1470.02,0.01,0.027790788,0.0,0.0,Oct,2,2,1,2,Returning_Visitor,False,False
1,-35.07,2,117.42,15,195.1666667,0.0,0.03,-4.17,0.04,Mar,2,1,1,2,Returning_Visitor,True,False
2,0.0,1,21.4,23,1047.65,0.007843137,0.06,24.57349606,0.0,Jul,2,4,2,2,Returning_Visitor,False,True
3,9.1,0,-5.44,9,-820.14,0.0,0.01,6.32,0.0,Oct,3,2,2,4,Returning_Visitor,True,False
3,65.99,0,16.05,20,1215.84,0.005517241,0.05,1.963592426,0.0,Mar,2,4,1,2,Returning_Visitor,False,True
6,723.5,0,410.5,-5,968.12,-0.0,0.04,-0.11,0.0,Feb,2,5,2,4,Returning_Visitor,False,True
0,-53.14,-1,0.0,25,1101.5,0.02,0.07,-0.13,0.0,Dec,1,8,7,9,Returning_Visitor,True,False
3,0.0,1,13.49,149,3900.428571,-0.0,-0.0,4.73,-0.09,Nov,1,1,1,4,Returning_Visitor,True,False
1,0.0,-1,-152.77,-81,0.0,0.2,0.2,14.58,0.0,Nov,8,2,1,20,Returning_Visitor,True,False
1,0.0,0,-45.56,16,706.2,0.074774775,0.09,5.53,0.01,Sep,3,2,4,2,Returning_Visitor,False,False
3,22.7,0,-11.06,17,1650.85,-0.01,0.0,151.55,0.0,Mar,1,2,8,2,New_Visitor,False,False
0,16.56,0,-2.19,19,742.11,0.02,0.04,0.0,0.01,Oct,1,1,5,2,Returning_Visitor,False,False
1,39.79,0,10.97,9,136.2833333,0.0,0.04,17.07,0.0,Jul,2,4,2,2,Returning_Visitor,False,False
5,167.0,1,33.64,42,1623.19,-0.0,0.03,7.0,0.06,Oct,2,4,1,2,Returning_Visitor,False,False
4,0.0,0,-10.3,33,-508.29,-0.01,0.010638298,186.72,-0.01,Jul,4,2,8,4,New_Visitor,False,False
2,55.49,0,-26.51,17,344.3333333,0.005555556,0.030555556,18.46,0.0,May,2,4,4,3,Returning_Visitor,False,False
2,62.5,0,24.73,34,1253.176407,0.0,0.02,3.22,-0.01,Oct,2,2,1,2,Returning_Visitor,False,False
5,315.1449864,0,29.27,114,6255.017866,0.01,0.02,0.0,-0.07,Nov,1,2,1,2,Returning_Visitor,False,False
1,241.0,0,0.0,15,1185.03,0.02,0.046153846,4.47,-0.01,Oct,2,2,1,2,Returning_Visitor,False,False
2,98.49,0,0.0,29,1212.0,0.0,0.02,7.35,-0.0,Oct,2,4,4,2,Returning_Visitor,False,False
1,54.14,0,0.0,12,190.5,0.090909091,0.109090909,17.52,0.03,June,1,1,6,1,Returning_Visitor,True,False
9,193.42,1,-15.24,53,2016.564401,-0.0,0.02,33.41173784,-0.01,Jul,2,4,2,2,Returning_Visitor,False,True
0,0.0,-1,-58.27,8,-290.18,0.02,0.05625,14.33,0.22,Feb,3,2,6,3,Returning_Visitor,True,False
1,122.78,0,-7.68,18,729.14,0.02,0.04,5.79,0.03,Oct,4,1,1,2,Returning_Visitor,False,False
2,57.1,0,30.52,11,209.25,0.0,0.022222222,0.0,0.03,Oct,2,2,9,2,Returning_Visitor,False,False
2,0.0,0,50.33,30,1507.62,0.01,0.04,4.42,0.0,Mar,1,1,3,1,Returning_Visitor,False,False
1,-21.3,1,0.0,9,311.7,0.02,0.04,-3.41,0.09,Nov,3,2,1,13,Returning_Visitor,False,False
4,110.4,6,17.0,27,490.0,0.0,0.027272727,20.35,-0.12,Oct,2,2,1,10,Returning_Visitor,True,True
3,114.9,0,15.99,48,1957.25,0.0,0.015625,3.21,-0.01,Nov,2,2,1,2,Returning_Visitor,False,False
0,0.0,0,-20.19,14,1162.38,0.0,0.028571429,0.0,0.0,Oct,2,2,1,5,New_Visitor,False,False
7,156.9,2,1131.0,16,5492.366667,0.05,0.043948052,8.567142857,0.0,May,2,6,6,11,Returning_Visitor,False,False
4,64.46428571,0,0.0,54,2473.54,0.0,0.0125,12.06,0.0,Oct,2,2,1,1,Returning_Visitor,False,True
4,169.5,0,19.07,41,1557.916667,0.003773585,0.013207547,-5.64,0.01,Oct,1,1,3,4,Returning_Visitor,False,False
0,0.0,2,0.0,-30,1757.37,0.04,0.001449275,54.25,0.04,May,7,6,1,1,Returning_Visitor,False,False
2,165.1333333,-1,50.97,87,3220.336667,0.02,0.01,0.0,0.08,June,2,2,8,4,Returning_Visitor,False,True
3,102.32,0,0.0,12,924.12,0.028571429,0.042857143,1.05,0.03,Mar,1,2,1,1,Returning_Visitor,False,False
2,-59.32,-1,-20.72,30,950.39,0.027586207,0.064367816,0.0,0.0,Sep,1,8,6,3,Returning_Visitor,True,False
0,22.82,0,0.0,5,75.87,0.02,0.06,0.0,0.0,Mar,3,2,2,1,Returning_Visitor,False,False
6,109.31,2,165.6666667,17,1081.77,0.0,0.015583028,0.0,0.0,Mar,1,1,1,4,Returning_Visitor,True,False
3,0.0,0,0.0,16,630.75,0.0,0.01,-6.94,0.0,Mar,3,2,7,1,Returning_Visitor,True,False
8,220.49,0,481.36,40,1827.2,0.03,0.09,0.0,0.54,May,2,2,8,4,Returning_Visitor,False,False
0,78.25,0,0.0,-8,324.5,0.02,0.06,13.68,0.0,Mar,1,4,6,1,Returning_Visitor,False,False
8,251.39,0,53.35,34,1652.66,0.01,0.01443609,10.93482456,0.0,Mar,2,2,2,2,Returning_Visitor,False,False
7,120.5,0,30.18,19,1100.65,-0.0,0.00952381,17.59,-0.01,Mar,2,2,3,2,Returning_Visitor,False,False
5,117.7,0,51.64,48,2517.048459,0.0,0.019615385,0.0,-0.0,Oct,2,2,1,1,Returning_Visitor,False,False
6,47.4,2,623.48,23,-308.24,0.0,0.030434783,0.0,0.0,Nov,2,2,1,3,Returning_Visitor,False,False
3,16.86,0,2.22,20,93.7,0.02,0.071428571,-3.31,1.0,May,3,2,2,1,Returning_Visitor,True,False
0,0.0,0,0.0,8,846.2,0.01,0.09,33.22292729,-0.02,Jul,2,4,1,2,Returning_Visitor,False,True
0,0.0,0,0.0,70,1154.39,-0.01,0.0,0.0,0.0,Jul,1,1,7,2,Returning_Visitor,True,False
6,92.43,0,0.81,52,1199.22619,-0.0,0.01,0.0,0.01,Oct,2,2,3,1,Returning_Visitor,False,False
2,0.0,0,29.94,9,1167.02,0.02,0.05,18.1695357,0.0,Oct,1,1,1,7,New_Visitor,False,True
0,0.0,0,4.11,4,1440.0,0.03,0.1,-11.36,0.8,May,3,2,1,1,Returning_Visitor,True,False
2,126.7,0,3.23,32,990.38,0.0,0.02,0.89,0.0,Oct,3,2,2,2,Returning_Visitor,False,True
2,76.0,0,10.88,29,1312.44,0.01,0.03,1.82,0.0,Oct,2,2,1,2,Returning_Visitor,False,False
11,943.91,1,-194.42,132,7356.402381,0.004512276,0.017577031,9.193989222,0.0,Aug,1,1,2,10,Returning_Visitor,True,False
0,0.0,0,-4.77,15,139.8333333,0.01,0.03,5.39,0.0,Mar,3,2,3,1,Returning_Visitor,False,False
0,15.88,0,-18.88,19,831.25,0.02,0.05,2.43,0.0,Oct,2,2,1,1,Returning_Visitor,False,False
1,0.0,0,0.0,5,0.0,0.2,0.2,0.0,0.01,Oct,1,2,4,1,Returning_Visitor,False,False
1,10.96,0,0.0,13,135.0,0.0,0.02,0.0,0.05,May,3,2,7,3,Returning_Visitor,False,False
2,70.08,1,46.62,7,393.5,0.0,0.025,0.0,0.03,Oct,2,2,1,2,Returning_Visitor,False,False
0,-163.48,0,5.53,37,645.2,-0.01,0.04,-6.8,0.04,Jul,2,2,3,1,Returning_Visitor,True,False
-1,0.0,0,0.0,38,2006.12,0.02,0.04,0.0,-0.02,Mar,2,2,3,2,Returning_Visitor,False,False
5,996.85,0,106.36,87,1378.87,0.01,0.0,0.0,0.0,Sep,3,2,6,8,Returning_Visitor,False,False
1,-89.05,0,7.25,48,711.69,0.017391304,0.05,0.0,0.0,Dec,2,2,5,1,Returning_Visitor,False,False
3,99.19,1,32.12,29,1131.92,0.0,0.01,3.15,0.01,Oct,2,2,1,2,Returning_Visitor,False,True
5,66.13,3,0.0,20,111.0,-0.03,0.011111111,120.98,-0.0,Feb,1,3,3,8,New_Visitor,False,False
0,-64.25,-1,-27.58,56,1921.74,0.04,0.08,11.22,0.0,Aug,1,8,3,3,New_Visitor,True,False
2,30.0,0,0.0,77,2040.43,0.0,0.015696203,-10.97,0.66,May,4,1,6,8,Returning_Visitor,False,True
0,10.13,0,0.0,13,259.5,-0.01,0.03,-1.42,0.01,May,1,8,6,3,Returning_Visitor,False,False
7,218.29,3,-89.33,222,7554.31,0.01,-0.03,29.18,0.15,Feb,2,2,5,20,Returning_Visitor,False,False
0,-55.9,0,0.0,-4,0.0,-0.0,0.06,2.97,0.0,Mar,1,8,3,11,Returning_Visitor,True,False
1,13.73,0,0.0,74,2921.23,0.0,0.031306306,1.79,-0.03,Nov,2,2,1,2,Returning_Visitor,False,False
-1,24.0,0,-21.36,6,58.0,0.01,0.05,0.0,0.01,Mar,2,2,9,2,Returning_Visitor,False,False
9,932.59,0,-83.47,16,1391.39,0.0,0.013333333,32.49,0.02,Oct,4,2,1,13,Returning_Visitor,False,False
0,410.56,2,38.2,-49,-3080.25,-0.07,0.017363636,4.215363542,-0.09,Sep,2,1,2,1,Returning_Visitor,False,False
0,-44.72,1,382.16,7,638.0,0.04,0.08,-26.63,0.0,Oct,1,1,1,3,Returning_Visitor,False,False
4,143.69,0,-16.55,55,2498.19,0.01,0.006666667,3.78,-0.04,May,2,2,4,2,Returning_Visitor,False,True
-1,3.45,0,-34.61,7,792.15,0.02,0.05,3.4,0.06,May,1,1,4,2,Returning_Visitor,True,True
-2,33.22,0,0.0,3,-1549.29,0.0,0.06,0.0,0.0,Feb,3,7,3,3,Returning_Visitor,True,False
6,213.39,6,559.0833333,57,-892.51,0.0,0.029203072,10.68,0.0,Nov,2,2,1,2,Returning_Visitor,False,False
1,80.3,0,-13.65,12,970.53,0.01,0.04,1.95,0.01,Oct,2,2,1,2,Returning_Visitor,False,False
5,104.54,0,29.22,2,6.0,0.0,0.033333333,3.15,0.04,Mar,2,2,1,2,Returning_Visitor,False,False
1,46.49,0,0.0,19,1233.93,-0.0,-0.01,1.67,0.02,Oct,2,2,9,2,New_Visitor,True,True
0,0.0,0,0.0,65,1350.25,0.0,0.0,13.35,0.0,Jul,2,2,1,2,Returning_Visitor,True,False
3,0.0,0,0.0,13,1654.07,0.0,0.023076923,-2.56,0.16,May,2,2,3,1,Returning_Visitor,False,False
2,54.13,0,-18.32,12,591.45,0.018181818,0.03,3.91,0.0,Mar,3,2,2,2,Returning_Visitor,True,False
0,0.0,1,55.69,37,1112.08,0.0,0.02,15.97,0.01,Mar,1,1,3,2,Returning_Visitor,False,True
7,78.6,3,141.3,12,-415.07,-0.01,0.0,207.47,0.0,Sep,4,2,1,4,New_Visitor,False,False
0,0.0,0,6.93,10,331.47,0.03,0.06,0.38,0.02,Mar,1,1,9,1,Returning_Visitor,False,False
2,44.5,0,6.96,169,7012.266796,0.0,0.02,0.0,-0.04,Nov,2,2,1,2,Returning_Visitor,False,True
0,0.0,0,0.0,21,1003.0,0.01,0.04,2.75,0.0,Mar,2,2,9,1,Returning_Visitor,False,False
0,-69.81,0,0.0,51,904.66,-0.01,0.011764706,-3.68,-0.02,May,1,8,6,3,Returning_Visitor,False,True
5,217.64,0,-56.32,72,2004.87,-0.01,0.01,0.975803268,-0.0,Oct,4,1,7,1,Returning_Visitor,False,False
2,95.36,0,101.0,56,2095.22,0.010526316,0.022368421,-8.72,0.29,May,1,2,3,2,Returning_Visitor,False,False
0,0.0,0,0.0,7,971.0,0.02,0.06,-1.4,0.0,Mar,2,2,4,1,Returning_Visitor,False,False
2,66.98,0,-20.51,14,348.6666667,0.01,0.03,-1.4,0.02,Mar,3,2,2,1,Returning_Visitor,True,False
3,21.99,1,0.0,28,1285.02,0.0,0.02,2.94,0.03,Oct,2,2,1,2,Returning_Visitor,True,True
6,358.2583333,0,-58.41,130,5738.902193,0.01,0.02,4.69,0.0,May,2,2,1,2,Returning_Visitor,False,True
0,2.05,0,0.0,59,3194.94,0.0,0.03,0.0,0.0,Oct,2,2,1,1,Returning_Visitor,False,False
3,26.42,0,23.06,27,1656.66,0.008474576,0.019322034,-3.31,0.05,May,2,2,7,3,Returning_Visitor,False,False
5,169.99,0,-12.45,39,936.1333333,0.01,0.03,-1.0,0.0,Nov,2,2,4,2,Returning_Visitor,False,True
0,0.0,0,-25.3,-9,242.5,0.0,0.03,0.0,0.0,Dec,4,13,9,4,Other,False,False
-3,0.0,-1,-264.12,17,-853.12,0.011764706,0.041176471,0.0,-0.0,May,2,6,9,3,Other,False,False
0,0.0,-1,0.0,64,1298.20326,0.01,0.0,0.0,-0.06,Jul,1,1,3,4,Returning_Visitor,True,False
2,-47.77,0,-52.32,112,3301.222222,-0.0,0.02,0.0,-0.01,Nov,2,2,3,1,Returning_Visitor,False,False
9,158.3555639,6,-247.76,96,4162.538005,0.012378641,0.025287479,3.582981195,0.0,Sep,3,2,9,13,Returning_Visitor,True,False
5,95.1,3,116.8,53,1012.24,-0.0,-0.0,1.02,-0.01,Oct,2,2,5,2,Returning_Visitor,False,False
3,67.41,0,0.0,19,1101.66,0.0,0.03,0.0,-0.0,Oct,2,2,1,1,Returning_Visitor,False,False
2,119.18,0,-25.71,7,1029.36,0.0,0.01,8.95,0.0,Oct,2,2,1,2,New_Visitor,True,False
-2,-26.09,2,68.84,32,102.94,0.068571429,0.102285714,9.67,0.0,June,2,2,4,1,Returning_Visitor,False,False
0,0.0,0,479.63,134,3449.21,0.0,0.02,2.47,0.8,May,4,1,8,4,Returning_Visitor,False,False
0,52.74,0,33.75,9,820.99,0.033333333,0.027777778,9.56,-0.01,May,3,2,2,4,Returning_Visitor,False,False
2,138.31,0,31.7,31,992.39,0.0,0.02,99.74,-0.0,Feb,1,4,4,2,New_Visitor,False,False
13,1668.5,1,144.5,18,1012.1,0.0,0.017391304,-4.6,0.07,Feb,3,2,1,2,Returning_Visitor,False,True
4,139.26,0,61.06,15,1645.66,0.01,0.02125,14.1,0.02,Mar,2,2,2,2,Returning_Visitor,False,False
11,1351.01,-2,193.0,-13,1161.82,0.0,0.01,0.0,0.09,Mar,3,2,1,10,Returning_Visitor,False,False
2,68.57,0,-32.63,1,56.5,0.03,0.07,0.0,0.0,Nov,3,2,2,2,Returning_Visitor,False,False
13,1978.62,0,211.24,36,2362.5,0.0,0.06,-9.73,-0.27,Feb,2,5,1,4,Returning_Visitor,False,False
2,76.13,1,43.07,8,770.71,0.0,0.02,2.64,0.03,Oct,2,2,1,2,Returning_Visitor,False,False
0,0.0,0,0.0,35,1231.160256,0.01,0.03,5.33,-0.0,Mar,2,2,9,1,Returning_Visitor,False,False
3,64.71,0,16.5,27,1311.15,0.01,0.04,0.0,0.02,Mar,2,2,1,1,Returning_Visitor,False,False
0,0.0,0,-3.26,9,103.6666667,0.018181818,0.06,0.0,0.04,Oct,3,2,1,1,Returning_Visitor,False,False
4,110.75,0,60.93,32,1850.42,0.0,0.011458333,2.97,0.0,Oct,1,1,1,4,Returning_Visitor,False,False
9,430.79,0,-15.9,33,2510.5,0.0,0.013513514,79.94,0.0,Oct,1,2,1,5,New_Visitor,False,False
6,1196.46,3,60.5,4,448.1945887,0.0,0.07,34.3,-0.14,May,1,5,9,8,New_Visitor,False,False
-4,-91.91,0,0.0,-46,-1049.02,0.1,0.2,-7.47,0.0,Mar,1,1,9,5,New_Visitor,False,False
0,-9.24,0,0.89,13,-709.76,0.02,0.08,-1.35,-0.04,Jul,2,2,7,2,Returning_Visitor,False,False
6,93.36,0,0.0,48,1448.3,0.0,0.010359477,5.96,0.0,May,2,2,1,3,Returning_Visitor,False,False
2,11.0,0,-15.34,14,419.61,0.03,0.06,0.0,-0.01,Oct,4,1,1,3,Returning_Visitor,False,True
2,75.1,0,-3.37,7,102.7,0.0,0.011111111,0.0,0.03,Oct,2,2,3,2,Returning_Visitor,False,True
0,-24.44,0,0.0,5,13.0,0.1,0.13,0.0,0.0,Mar,1,1,7,1,Returning_Visitor,False,False
2,121.59,1,3.44,19,623.0266667,0.01,0.02,36.0824516,0.02,Mar,2,2,1,2,Returning_Visitor,False,False
4,89.59,4,32.76,26,380.1666667,0.01,0.03,39.56,0.0,May,3,2,1,1,Returning_Visitor,False,False
4,173.25,0,-15.12,25,1724.6,0.03,0.055,0.1,0.12,May,2,2,1,1,Returning_Visitor,False,False
2,40.31,0,13.57,22,106.71,0.02,0.07,2.49,0.6,May,2,2,1,2,Returning_Visitor,False,False
-1,0.0,0,-14.36,10,-1406.54,0.08,0.093333333,-3.92,0.0,Nov,1,1,7,2,Returning_Visitor,False,False
0,0.0,0,-24.24,16,574.77,0.03,0.072916667,0.0,0.0,Nov,2,2,1,1,Returning_Visitor,False,False
3,4.78,0,0.0,1,-876.68,0.2,0.2,0.93,0.4,May,1,1,3,3,Returning_Visitor,False,False
6,249.3916667,0,7.33,51,2582.699717,0.01,0.01,6.733744751,-0.02,Oct,2,2,1,2,Returning_Visitor,False,False
1,37.5,0,1.7,32,1186.82,0.01,0.04,1.39,0.0,Oct,2,2,1,2,Returning_Visitor,False,False
0,-7.45,0,-13.34,6,366.54,0.0,0.06,3.62,0.01,Mar,2,4,7,2,Returning_Visitor,False,False
1,2123.56,-1,173.49,98,1350.5,-0.01,0.03,-10.88,-0.19,June,4,5,2,2,Returning_Visitor,False,False
3,107.0,0,0.0,4,300.01,0.0,0.016666667,0.0,0.0,Oct,3,2,7,1,Returning_Visitor,False,False
0,-66.43,0,0.0,37,3646.89,0.0,0.014864865,-10.68,0.07,Oct,3,2,1,13,Returning_Visitor,False,False
6,116.6973684,-1,276.35,171,9405.836721,0.0,0.0,20.49,0.0,Nov,1,1,2,2,Returning_Visitor,False,True
4,113.9,0,61.09,28,2344.41,0.0,0.016666667,12.58722248,0.07,Sep,2,4,4,2,Returning_Visitor,False,True
5,1122.43,0,0.0,11,887.0,0.01,0.03,5.13,0.01,Sep,2,5,6,2,Returning_Visitor,False,False
2,4.0,0,-17.27,10,136.1,0.01,0.12,1.37,0.8,May,2,4,4,1,Returning_Visitor,False,False
7,199.3856838,0,54.06,28,1342.434295,0.0,0.0,3.78,0.06,Mar,1,1,2,4,Returning_Visitor,True,True
0,0.0,0,8.38,10,46.75,0.0,0.03,4.37,0.0,Mar,2,2,9,2,Returning_Visitor,False,False
0,-33.47,0,0.0,2,35.0,0.06,0.1,0.0,0.0,Oct,1,1,9,3,Returning_Visitor,False,False
1,0.0,0,-58.67,21,1819.4,0.01,0.028125,0.0,-0.03,Nov,2,2,1,1,New_Visitor,True,False
6,108.93,0,17.65,2,22.0,0.0,0.03,0.0,0.0,Mar,2,2,3,1,Returning_Visitor,False,False
6,122.85,0,0.0,72,1032.761905,0.0,0.001388889,0.0,0.29,May,2,4,9,8,New_Visitor,False,False
18,98.86,12,2026.95,-78,3163.096825,0.0,0.021393867,1.307682317,-0.03,Nov,1,1,1,13,Returning_Visitor,False,False
0,-18.32,-1,-49.48,3,56.5,0.02,0.05,0.0,0.07,Feb,3,2,2,3,Returning_Visitor,True,False
3,137.95,0,0.55,60,2276.52,0.01,0.01,16.43637285,-0.01,Mar,2,2,2,2,Returning_Visitor,False,True
0,-20.27,0,4.87,25,901.86,0.0,0.042857143,1.29,0.0,Mar,2,2,1,1,Returning_Visitor,False,False
3,139.81,2,0.0,15,580.9357143,0.02,0.05,6.14,0.0,Aug,2,2,1,2,Returning_Visitor,False,False
1,75.0,1,0.0,3,575.65,0.01,0.04,2.68,0.0,Oct,2,2,1,2,Returning_Visitor,False,False
1,101.53,0,3.0,197,6794.735417,0.01,0.01,4.08,-0.02,Nov,2,2,1,2,Returning_Visitor,False,True
8,407.57,0,-75.14,146,4469.69,0.02,0.04,3.05,-0.03,Nov,4,1,1,3,Returning_Visitor,True,False
2,45.5,0,0.0,-14,122.25,0.0,0.018181818,-11.03,0.0,Oct,2,2,7,2,New_Visitor,False,False
4,50.5,-1,0.0,70,2802.116667,0.01,0.03,1.82,0.0,Oct,2,2,1,3,Returning_Visitor,False,False
5,151.3333333,-1,0.0,11,91.99,0.01,0.01,10.98,0.0,Nov,1,2,6,2,Returning_Visitor,False,True
6,141.47,0,0.0,33,1343.58,0.0,0.01,0.0,0.0,Oct,2,2,1,2,Returning_Visitor,False,False
0,0.0,0,-4.21,12,913.18,0.02,0.06,0.0,0.0,Nov,2,2,1,1,Returning_Visitor,False,False
-1,-297.47,0,652.64,1,679.5666667,0.0,0.0,0.0,0.0,Nov,2,2,2,3,New_Visitor,False,False
4,191.8,0,0.0,31,1308.21,0.01,0.02,3.76,0.02,Oct,1,1,2,2,Returning_Visitor,False,False
9,400.0,-1,-10.86,20,917.32,0.0,-0.01,9.13,0.0,Dec,2,2,1,6,New_Visitor,False,True
0,-53.07,0,-3.57,29,1402.96,0.0,0.05,0.59,0.0,Oct,1,8,3,11,Returning_Visitor,True,True
0,20.68,0,-7.74,38,1917.87,0.0,0.017647059,-7.06,0.0,May,3,2,7,1,Returning_Visitor,False,False
3,91.24,0,0.0,36,1500.213333,0.0,0.02,6.38,0.0,Oct,2,2,1,2,Returning_Visitor,False,False
2,93.95,0,29.26,10,321.17,0.0,-0.02,30.02,0.0,May,2,2,9,4,New_Visitor,True,False
0,-22.74,0,0.0,7,-822.9,0.1,0.116666667,0.0,-0.02,Oct,1,1,5,3,Returning_Visitor,False,False
10,540.74,2,-289.0,30,1942.63,0.02,0.046875,22.49,0.0,Dec,2,2,1,13,Returning_Visitor,False,False
0,123.17,-1,-40.87,19,922.4006061,0.0,0.0,9.95,0.0,Mar,3,2,2,6,New_Visitor,False,True
0,-74.78,0,-4.48,127,4678.36,0.01,0.05,-5.83,0.0,Nov,2,2,1,1,Returning_Visitor,False,False
12,252.71,4,201.11,114,5619.384897,0.03,0.05,3.61382908,-0.03,May,2,2,1,3,Returning_Visitor,False,False
0,-15.16,0,-1.21,14,-1.13,0.02,0.06,0.0,0.4,Feb,2,2,3,1,Returning_Visitor,False,False
3,111.3,0,-13.15,66,2432.05,0.01,0.02,0.0,-0.01,Oct,2,2,1,2,Returning_Visitor,False,False
0,51.51,1,45.46,17,206.43,0.01,0.04,1.71,0.0,Mar,2,2,9,2,Returning_Visitor,False,False
0,4.1,0,34.85,12,574.0,0.02,0.05,9.28,0.0,May,2,4,1,4,Returning_Visitor,False,False
6,367.13,1,55.39,144,3906.95,0.02,0.02,0.0,-0.06,Dec,4,8,2,3,Returning_Visitor,True,False
21,388.7916667,1,395.25,17,1464.416667,0.02,0.034920635,-0.06,-0.03,Nov,1,1,2,3,Returning_Visitor,False,False
6,19.0,0,15.33,8,1175.73,0.0,0.014285714,0.0,0.07,May,2,2,3,3,Returning_Visitor,False,False
-2,-51.21,0,8.89,6,1126.12,0.08,0.122222222,0.0,0.0,May,2,2,3,1,Returning_Visitor,False,False
4,159.5,0,0.0,46,2750.18,0.0,0.003921569,0.0,0.0,May,2,2,7,2,Returning_Visitor,False,False
8,464.5,0,0.0,50,635.7238095,0.0,0.01,2.32,0.0,Jul,1,1,3,2,Returning_Visitor,False,False
5,0.0,1,44.9,69,2999.22,-0.01,0.002083333,93.77761706,0.03,Dec,1,1,1,2,New_Visitor,True,True
2,56.5,1,35.96,25,853.7,0.0,0.007301587,-0.33,0.0,Mar,1,1,7,2,Returning_Visitor,True,True
7,450.69,3,472.54,27,1121.25,0.01,0.042857143,-0.47,0.04,Dec,1,1,1,2,Returning_Visitor,False,False
6,134.0,1,8.77,43,1715.687897,0.0,0.02,0.0,0.0,Oct,2,2,9,1,Returning_Visitor,False,False
1,54.52,1,249.5,-15,1458.97619,0.027459219,0.07,-17.37,0.0,May,1,1,1,2,Returning_Visitor,False,False
0,36.33,0,0.0,3,-100.75,0.04,0.07,0.0,0.0,Nov,1,1,6,2,Returning_Visitor,False,False
3,34.43,0,27.24,23,1306.07,0.0,0.05,1.04,0.0,Mar,2,2,1,1,Returning_Visitor,False,False
0,40.36,0,0.0,26,778.24,0.0,0.02,-1.67,0.01,Mar,3,2,3,2,Returning_Visitor,False,False
0,51.36,0,0.0,-16,272.5,0.02,0.033333333,0.0,-0.03,Oct,1,1,5,2,New_Visitor,True,False
2,66.0,0,9.49,9,295.31,0.03,0.05952381,19.53495497,-0.02,Mar,1,1,3,2,Returning_Visitor,False,True
2,43.48,0,0.0,28,1346.92,0.01,0.04,0.0,-0.0,Mar,2,2,1,1,Returning_Visitor,False,False
3,76.89,0,30.23,26,1053.952381,0.01,0.03,0.0,0.0,Mar,2,2,1,1,Returning_Visitor,False,False
-7,-216.52,4,114.2,17,-4416.19,-0.03,-0.08,170.3,0.0,June,2,10,5,2,New_Visitor,True,False
1,24.3,0,28.21,7,157.5,0.0,0.03,4.3,0.02,Mar,2,2,9,1,Returning_Visitor,False,False
0,0.0,0,-0.97,1,0.0,0.2,0.2,0.0,0.02,May,2,2,1,1,Returning_Visitor,False,False
3,108.42,0,-50.32,45,1456.27381,0.0,0.018707483,13.53068367,0.08,May,2,2,9,4,Returning_Visitor,False,True
2,44.56,0,11.84,9,849.44,0.0,0.03,5.05,0.0,Mar,2,2,1,2,Returning_Visitor,False,False
0,13.6,1,41.5,98,2400.037843,0.000183655,0.02,1.68,0.01,Nov,2,2,1,2,Returning_Visitor,False,True
3,20.0,1,-1.77,13,442.0,0.01,0.020289855,42.28127491,0.05,Nov,3,2,1,13,Returning_Visitor,False,False
1,101.86,0,-27.81,28,586.3722222,0.0,0.004021164,11.05,0.02,Mar,3,2,2,2,Returning_Visitor,False,True
0,20.69,0,18.78,2,0.0,0.2,0.2,-3.41,0.02,May,2,2,1,3,Returning_Visitor,False,False
4,50.56,0,31.73,7,1268.11,0.0,0.02,0.0,0.05,Mar,2,2,1,5,New_Visitor,False,False
0,0.0,0,0.0,33,1633.42,0.01,0.03255814,4.61,0.01,Oct,2,2,1,1,Returning_Visitor,False,False
0,21.21,1,41.57,4,219.5,0.0,0.02,0.0,0.03,Oct,2,2,1,2,Returning_Visitor,False,False
-1,-38.05,0,0.0,5,56.0,0.04,0.08,0.0,-0.01,Oct,3,2,3,1,Returning_Visitor,False,False
3,0.0,1,74.6,89,1950.05,0.01025641,0.02039072,7.9,0.0,Jul,1,1,1,3,Returning_Visitor,True,False
6,54.67,0,0.0,31,2283.97,0.01,0.03,3.37,0.0,Dec,2,2,1,6,Returning_Visitor,False,False
0,121.49,0,0.0,133,5122.29,-0.02,0.013636364,140.6621366,0.0,Dec,3,4,1,11,New_Visitor,False,True
2,0.0,-1,31.23,69,2647.96,0.007123288,0.022355057,19.37,0.0,Dec,2,2,3,2,Returning_Visitor,False,False
3,71.17,0,0.0,31,1211.01,0.01,0.03,3.36,0.0,Mar,2,2,1,2,Returning_Visitor,False,False
8,337.9,1,6.0,33,1373.15,0.000902151,0.01,1.952553388,0.02,Oct,2,2,1,2,Returning_Visitor,False,False
0,20.19,0,0.0,-15,-572.5,0.05,0.1,0.0,0.0,Mar,3,2,1,1,Returning_Visitor,True,False
1,0.0,0,6.36,10,300.0,0.02,0.05,-0.83,0.0,Mar,2,1,1,1,Returning_Visitor,False,False
7,175.69,3,92.5,-7,359.1666667,0.0,0.018181818,58.16727273,0.0,Dec,1,1,9,5,New_Visitor,False,True
0,-99.03,-2,1.13,20,593.7019802,0.0,0.14,20.82613173,1.74,Feb,2,4,2,5,Returning_Visitor,True,True
4,130.36,0,30.82,17,562.6666667,0.009340659,0.03,0.0,0.0,May,2,2,1,3,Returning_Visitor,False,False
0,0.0,0,0.0,13,-244.22,0.0,0.03,-2.4,0.0,Oct,1,8,7,3,Returning_Visitor,False,False
0,0.0,1,-9.25,27,3178.583333,0.025,0.07,-10.97,0.05,May,2,2,1,1,Returning_Visitor,False,False
-1,64.36,0,0.0,17,365.5833333,0.02,0.04,0.0,0.0,May,3,2,2,4,Returning_Visitor,False,False
-2,0.0,0,0.0,32,833.28,0.02,0.04,0.0,0.05,May,2,2,9,4,Returning_Visitor,False,False
3,90.57,0,15.99,37,1615.96,0.00358209,0.014262023,4.22,0.0,Mar,2,2,1,2,Returning_Visitor,False,False
3,9.0,-1,0.0,106,6617.791228,-0.01,0.03,1.777492546,-0.16,Nov,2,2,1,1,Returning_Visitor,False,True
7,75.05,2,0.0,47,489.1452381,-0.0,0.01,27.38224222,0.0,Mar,2,4,5,2,Returning_Visitor,True,True
2,117.15,0,-15.71,22,461.7333333,0.01,0.01,33.60744027,0.0,Mar,2,2,2,2,Returning_Visitor,False,False
3,-234.74,5,146.0,56,2866.90202,-0.02,0.04,85.7528587,-0.04,Mar,2,4,2,2,New_Visitor,True,False
1,67.59,0,37.06,33,813.56,0.01827957,0.027002924,12.83,0.03,May,1,1,4,3,Returning_Visitor,False,False
0,0.0,0,-12.36,34,1584.25,0.01,0.05,2.4,-0.01,Oct,2,2,1,2,Returning_Visitor,False,False
7,210.63,0,19.1,89,2999.716667,0.01,0.01,12.86,0.02,Nov,2,2,2,4,Returning_Visitor,False,False
4,111.91,0,-2.99,48,2266.54,0.0,0.01,5.29,0.0,Oct,2,2,1,2,Returning_Visitor,False,False
5,68.0,0,5.28,28,818.5,0.007894737,0.028070175,2.45,0.05,May,2,2,9,3,Returning_Visitor,False,False
-1,-11.83,0,9.29,9,0.0,0.1,0.12,-5.72,0.03,May,2,2,5,3,Returning_Visitor,False,False
4,103.0,1,13.85,23,955.91,0.0,-0.0,17.6,-0.01,May,3,2,9,11,Returning_Visitor,False,False
6,251.29,0,-25.66,40,1365.09,-0.0,0.01,-4.67,0.02,Mar,1,1,3,2,Returning_Visitor,False,False
0,-5.32,0,0.0,28,418.21,0.01,0.03,-0.44,0.01,Oct,1,1,7,2,Returning_Visitor,False,False
2,34.29,0,0.0,18,360.5416667,0.011538462,0.05,2.32,0.0,Mar,2,2,3,1,Returning_Visitor,False,False
0,-36.63,0,2.98,0,0.0,0.02,0.07,0.0,0.0,Oct,2,2,1,3,Returning_Visitor,False,False
3,89.24,0,0.0,48,1953.11,0.0,0.02,6.67,0.0,Mar,2,2,1,2,Returning_Visitor,False,False
8,268.25,0,0.0,46,2426.791667,0.01,0.02,3.94,0.0,Oct,2,2,1,1,Returning_Visitor,False,True
3,80.11,0,0.0,31,1160.7,0.0,0.02,0.0,0.0,Mar,2,2,9,1,Returning_Visitor,False,False
1,36.96,1,-41.76,22,1362.44,0.01,0.01,0.0,0.0,Aug,2,2,4,6,New_Visitor,False,False
5,115.95,0,94.0,16,2086.81,0.005,0.03,0.0,0.13,May,1,1,1,3,Returning_Visitor,False,False
4,197.5,0,17.22,20,1156.96,0.011764706,0.03,4.32,0.0,Mar,2,2,1,2,Returning_Visitor,False,False
3,140.31,2,194.4,-31,194.4,0.02,0.05,0.0,0.0,Dec,1,1,1,6,New_Visitor,True,False
3,244.44,0,-6.66,16,871.8333333,0.01,0.002631579,0.0,0.0,Oct,1,1,7,2,New_Visitor,True,False
3,0.0,1,27.62,1,309.3666667,0.014285714,0.03,14.37785831,0.18,Sep,2,1,4,6,New_Visitor,False,True
0,110.13,0,-81.13,113,1957.77,0.02,0.004746377,62.72,0.0,Dec,2,10,6,2,Returning_Visitor,False,False
2,125.24,0,-14.03,8,1221.94,0.01,0.01,0.0,0.01,Oct,1,2,4,2,New_Visitor,True,False
1,81.33,0,0.0,14,349.5761905,-0.0,0.08,60.43737784,0.0,Nov,4,1,8,3,New_Visitor,False,True
0,7.67,0,0.0,3,0.0,0.2,0.2,5.07,0.0,Oct,1,1,3,2,Returning_Visitor,False,False
6,189.63,0,0.0,44,834.75,-0.0,-0.03,97.86083623,-0.06,Nov,2,2,1,2,New_Visitor,False,True
6,-255.42,3,399.36,-75,-645.6,-0.02,0.04,-5.73,-0.07,Oct,2,2,1,7,New_Visitor,False,False
1,0.0,1,53.72,46,1085.9,-0.0,0.007407407,0.85,0.0,Nov,2,2,9,2,Returning_Visitor,False,True
-6,-145.07,0,-29.73,12,77.8,0.04,0.08,43.09,0.0,Feb,2,2,1,3,Returning_Visitor,False,False
6,163.62,0,0.0,38,778.3583333,0.013793103,0.02,3.84,0.0,May,3,2,1,3,Returning_Visitor,False,False
7,22.0,2,616.02,29,1365.24,0.0,0.01,0.0,0.02,Nov,3,2,8,4,Returning_Visitor,False,False
3,55.69,0,-31.14,23,1155.78,0.02,0.04,5.3,0.03,Dec,2,2,1,2,Returning_Visitor,False,False
5,113.95,0,-53.92,168,6338.43,0.0,0.01875,0.0,0.8,May,2,2,1,6,Returning_Visitor,False,False
4,198.32,1,30.14,16,368.4666667,0.01,0.021568627,-5.83,0.03,Oct,4,1,4,1,Returning_Visitor,True,False
0,12.81,0,0.0,28,1356.4,0.01,0.04,3.06,0.01,Oct,2,2,1,1,Returning_Visitor,False,False
0,18.44,1,-100.01,1,337.79,0.2,0.2,16.16,0.05,Feb,8,2,9,20,Other,False,False
1,-9.0,0,-6.9,69,639.56,-0.0,0.027288961,15.49,0.8,May,2,2,1,4,Returning_Visitor,True,False
3,42.2,0,20.93,17,440.2261905,0.026315789,0.08,0.0,-0.07,Jul,3,2,6,1,Returning_Visitor,False,False
2,104.0,0,25.98,8,952.59,0.0,0.0,11.37,0.03,Oct,2,2,1,6,New_Visitor,False,False
0,5.86,0,0.0,29,1444.11,0.02,0.05,0.0,-0.0,Oct,2,2,1,2,Returning_Visitor,False,False
1,69.58,0,19.87,28,-547.31,0.0,0.018181818,8.97,0.0,Mar,3,2,5,1,Returning_Visitor,False,False
3,98.71,0,0.0,13,240.0,0.01,0.01,58.788,0.2,Feb,2,2,2,2,New_Visitor,False,True
4,103.29,1,55.72,17,696.18,-0.0,0.03,16.94643793,0.0,Mar,2,4,9,2,Returning_Visitor,False,True
6,141.5,3,474.5,46,1431.333333,0.003703704,0.015432099,6.076734568,0.0,May,1,1,4,4,Returning_Visitor,False,False
8,132.7,5,1426.3,130,6310.59,0.0,0.004594595,5.55,0.71,Feb,2,2,4,2,Returning_Visitor,True,False
3,99.0,1,0.0,23,831.6904762,0.02,0.03,-1.37,0.09,Oct,3,2,4,13,Returning_Visitor,False,False
0,39.31,0,0.0,50,1922.93,0.0,0.013793103,6.23,-0.01,Nov,2,2,1,2,Returning_Visitor,False,True
1,-12.43,0,0.0,25,4871.39,0.05,0.06,0.0,0.0,May,2,2,1,13,Returning_Visitor,False,False
0,7.94,0,-16.74,11,77.0,-0.0,0.05,0.0,0.0,Mar,4,8,2,3,Returning_Visitor,True,False
0,87.52,0,13.4,38,862.11,0.0,0.01,24.93,-0.01,Mar,1,1,7,2,Returning_Visitor,False,False
18,326.6,6,491.22,11,2433.15,-0.01,0.03,0.07,0.0,May,1,1,9,1,Returning_Visitor,False,False
6,87.64,0,0.0,39,1476.39,0.01,0.017802198,7.84,0.0,Oct,2,2,1,3,Returning_Visitor,False,False
1,7.0,0,0.0,43,1891.14,0.005405405,0.03,0.0,-0.0,Oct,2,2,1,2,Returning_Visitor,False,False
10,752.76,1,0.0,57,1008.916667,0.01,0.029239766,2.52,0.0,Feb,2,5,2,4,Returning_Visitor,True,False
8,206.28,4,126.31,31,-865.2,0.005405405,0.017488397,15.26399679,0.0,Nov,3,2,1,1,Returning_Visitor,True,False
11,379.55,0,10.8,41,1081.713333,0.03,0.028830409,9.44,0.0,Sep,2,2,4,1,Returning_Visitor,False,False
0,25.28,0,-10.13,12,1952.75,0.02,0.068333333,0.0,-0.01,Mar,2,2,1,1,Returning_Visitor,False,False
2,9.57,1,0.0,301,10497.15443,0.02,0.012825542,8.833510027,0.2,May,2,2,4,2,Returning_Visitor,False,False
2,146.9,0,443.71,45,3677.47,-0.0,0.02,4.023323663,0.0,Feb,2,2,8,2,Returning_Visitor,False,False
2,31.67,0,9.87,12,343.0,0.0,0.03,-2.0,0.02,Mar,1,1,7,1,Returning_Visitor,True,False
1,12.6,0,0.0,6,602.84,0.0,0.02,15.89480154,0.0,Mar,2,2,1,2,Returning_Visitor,False,True
-7,112.8,-6,-248.21,29,543.7333333,0.0,0.02,28.69843548,-0.58,Oct,3,7,6,15,New_Visitor,True,True
2,91.23,1,9.0,30,930.03,0.01,0.03,4.43,0.0,Oct,2,2,9,2,Returning_Visitor,False,True
4,141.0,0,0.41,74,4081.248718,0.002721088,0.02,2.13,-0.03,Oct,2,2,1,2,Returning_Visitor,False,False
5,102.94,1,58.77,46,1499.13,-0.0,0.011666667,1.18,0.0,Oct,2,2,1,1,Returning_Visitor,False,True
4,94.23333333,1,26.55,55,2144.92,0.001360544,0.005708347,4.04,-0.0,Oct,2,2,9,2,Returning_Visitor,False,False
0,253.43,0,10.85,8,272.6666667,0.03,0.04,8.48,0.0,May,3,2,1,4,Returning_Visitor,False,False
1,55.63,0,2.48,18,410.9166667,0.105263158,0.11,0.0,0.31,May,3,2,4,3,Returning_Visitor,True,False
5,51.74,1,-13.94,-3,280.9333333,0.03,0.022666667,38.03,0.05,June,2,2,1,13,Returning_Visitor,False,False
3,107.24,0,2.07,13,95.5,0.0,0.02,0.0,0.05,Oct,2,2,1,2,New_Visitor,True,False
0,2.3,0,-27.81,10,928.8,0.0,0.2,13.86,0.0,Jul,1,13,3,1,Other,False,False
3,53.4,0,-16.33,80,1988.27,0.0,0.0,5.6,-0.0,Oct,2,2,1,4,Returning_Visitor,False,False
0,42.49,0,447.5,6,330.0,0.04,0.06,0.0,0.0,Jul,3,1,8,8,Returning_Visitor,False,False
0,34.5,0,0.0,22,877.98,0.01,0.04,0.0,0.0,Oct,2,2,1,2,Returning_Visitor,False,False
2,20.3,0,0.0,1,0.0,0.2,0.2,-3.21,0.04,Aug,2,2,6,1,Returning_Visitor,False,False
3,113.01,0,-31.0,6,592.47,0.02,0.04,0.52,0.0,Mar,3,2,1,1,Returning_Visitor,True,False
4,141.18,1,0.0,38,1513.54,0.0,0.01,14.89210837,0.01,Mar,2,2,1,2,Returning_Visitor,False,True
5,224.42,8,1565.46,45,2904.01,0.0,0.00755102,0.46,0.0,Mar,3,2,4,2,Returning_Visitor,False,True
7,150.3571429,4,135.2,221,10416.48,0.02,0.0,50.67,0.0,Dec,2,5,3,5,Returning_Visitor,True,True
-2,-21.03,0,0.0,-6,-686.56,0.077777778,0.12,0.0,0.0,Mar,1,1,7,2,Returning_Visitor,False,False
1,54.86,1,4.0,51,946.3934211,0.0,0.02,35.65,0.01,Mar,1,1,3,2,Returning_Visitor,False,False
1,0.0,0,2.56,6,360.75,0.01,0.04,0.0,0.0,Mar,2,2,3,1,Returning_Visitor,False,False
5,335.8,-1,0.0,25,1086.38,0.01,0.003333333,-1.29,-0.03,Nov,2,2,1,2,New_Visitor,True,False
3,219.6,1,250.11,16,-321.9,0.011111111,-0.0,7.43,-0.03,Oct,4,2,6,4,Returning_Visitor,False,False
1,18.04,-1,-32.08,15,1075.77,0.0125,0.03,0.0,0.0,Mar,2,4,6,1,Returning_Visitor,False,False
1,-30.64,0,0.0,28,219.8,0.0,0.037931034,-3.05,0.0,Mar,2,2,1,3,Returning_Visitor,True,False
2,72.19,0,-47.41,20,861.33,0.036363636,0.072727273,0.46,0.01,Nov,1,1,4,1,Returning_Visitor,True,False
3,6.73,0,0.0,27,1244.95,0.0,0.008333333,0.0,-0.03,Feb,1,8,3,11,Returning_Visitor,True,False
0,0.0,0,0.0,40,1631.93,0.01,0.04,0.0,0.0,Nov,2,2,4,2,Returning_Visitor,False,False
8,237.0,0,37.13,16,2332.12,0.02,0.04,0.0,0.0,May,1,1,1,3,Returning_Visitor,False,False
2,149.6666667,0,1.13,13,688.43,0.01,0.03,4.12,0.0,Feb,3,2,6,2,Returning_Visitor,False,False
2,-214.68,0,1031.66,63,3498.65,0.00952381,0.03,0.0,0.03,Jul,3,2,1,3,Returning_Visitor,False,False
3,1530.22,10,1778.0,342,13259.29396,-0.02,0.008837606,0.0,0.34,May,3,6,4,2,Returning_Visitor,True,False
0,-13.92,0,0.0,29,-1001.86,0.0,0.006896552,1.75,-0.03,Nov,2,2,7,2,New_Visitor,False,True
6,99.6,1,90.71,52,2884.33,0.01,-0.0,4.504381818,0.0,May,2,1,4,11,Returning_Visitor,True,False
6,262.25,1,46.9,49,1918.9,0.01,0.01,43.3616369,0.0,Jul,1,1,1,2,Returning_Visitor,False,True
0,-104.62,0,93.96,63,5760.37,0.006410256,-0.0,0.65,0.0,May,2,2,4,13,Returning_Visitor,False,False
1,-42.59,1,14.0,19,1666.75,0.04,0.02,54.58,0.0,Nov,8,4,9,20,Other,False,False
0,23.83,-1,141.33,12,153.625,0.0,0.008333333,0.0,0.02,Mar,1,2,3,6,New_Visitor,False,True
2,40.25,0,-10.06,23,766.25,0.01,0.025,24.07951908,0.0,Mar,1,1,1,8,New_Visitor,False,True
-1,0.0,0,-10.72,32,1658.125,0.0,0.01,19.6055151,0.0,Nov,3,2,2,10,Returning_Visitor,False,False
1,12.0,0,0.0,17,213.0,0.01,0.05,0.1,0.0,Nov,2,2,4,2,Returning_Visitor,False,False
0,24.62,0,4.12,4,-428.82,0.21,0.2,0.0,0.01,May,3,2,1,3,Returning_Visitor,False,False
0,3.22,-1,0.0,29,4279.966667,0.044827586,0.072413793,0.0,0.01,Oct,2,2,1,1,Returning_Visitor,False,False
0,51.51,0,0.0,9,229.25,0.04,0.08,0.0,-0.06,Mar,1,1,7,2,Returning_Visitor,False,False
0,0.0,0,1.83,17,557.4,0.02,0.05,6.63,0.0,Jul,2,2,2,2,Returning_Visitor,False,True
2,58.15,0,0.0,9,998.95,0.02,0.045454545,1.36,0.0,Mar,2,2,1,3,Returning_Visitor,True,False
2,74.74,0,0.0,56,2208.47,0.0,0.012745098,0.0,-0.02,Nov,2,2,1,2,Returning_Visitor,False,False
1,166.5,0,27.0,21,547.47,0.044,0.07,-1.69,0.0,May,3,2,4,1,Returning_Visitor,False,False
7,234.72,0,0.0,37,1364.51,0.02,0.032193939,-2.85,0.0,Nov,3,2,1,1,Returning_Visitor,True,False
0,10.31,0,21.86,3,55.0,0.01,0.04,0.0,0.01,Mar,3,2,3,1,Returning_Visitor,False,False
2,139.0,0,5.65,5,274.7,0.01,0.03,3.82,0.01,Mar,2,2,1,2,Returning_Visitor,False,False
0,-5.39,0,0.0,11,1488.75,0.0,0.002352941,22.58,0.0,Aug,2,2,1,6,New_Visitor,False,False
1,-42.81,0,0.0,3,-230.0,0.03,0.1,-13.19,0.0,Mar,1,1,3,3,Returning_Visitor,True,False
11,821.12,2,64.0,379,14344.16,0.0,0.022857143,0.0,0.0,Dec,3,2,1,6,Returning_Visitor,False,False
0,121.7,0,33.54,-1,535.3459596,0.01,0.01,0.0,0.04,Oct,3,2,9,10,Returning_Visitor,False,False
1,44.59,0,0.0,-23,-468.13,0.006666667,0.074444444,-1.16,0.05,Mar,3,2,3,5,Returning_Visitor,False,True
0,69.44,0,0.0,6,73.75,0.01,0.03,2.56,0.0,Mar,3,2,3,2,Returning_Visitor,False,False
10,271.32,0,35.97,34,1647.65,0.006060606,0.02,-3.84,-0.03,Nov,3,2,8,2,Returning_Visitor,False,False
4,125.4,1,42.95,39,1929.63,0.006451613,0.010752688,4.8,0.01,Oct,2,2,1,2,Returning_Visitor,False,False
-2,21.5,0,-10.72,16,190.75,0.02,0.04,7.3,-0.02,May,3,2,2,4,Returning_Visitor,False,False
7,377.56,0,26.44,34,1615.75,0.02,0.03,3.96,0.05,Oct,4,1,1,1,Returning_Visitor,False,True
12,138.9166667,0,0.0,58,1352.75,0.0,-0.01,12.84,-0.02,Jul,2,1,7,2,Returning_Visitor,False,False
3,43.4,1,37.16,31,1082.65,0.01,0.02952381,-0.89,0.03,Mar,2,2,1,1,Returning_Visitor,True,False
2,79.0,0,-2.47,87,2668.725046,0.0,0.02,-1.9,0.0,Nov,2,2,1,2,Returning_Visitor,False,False
-1,0.0,0,-7.36,4,125.0,0.01,0.06,4.15,0.0,Oct,2,2,1,3,Returning_Visitor,False,False
0,0.0,0,0.0,7,117.5,0.0,0.01,0.0,0.03,Oct,2,2,1,3,New_Visitor,True,False
0,43.52,0,0.0,10,288.4333333,0.01,0.04,0.0,0.0,Oct,2,2,1,2,Returning_Visitor,False,False
4,134.39,1,48.45,41,1592.533333,-0.0,0.013580247,-9.5,0.0,Oct,3,2,1,3,Returning_Visitor,False,False
0,20.03,1,45.41,6,-929.24,0.2,0.22,0.0,-0.05,Nov,2,2,1,1,Returning_Visitor,False,False
13,105.33,2,-196.28,158,1872.3,0.001086957,0.03,-3.7,0.0,May,2,6,3,3,Returning_Visitor,False,False
2,122.82,1,49.73,24,952.91,0.01,0.026619133,0.0,0.0,Oct,2,2,1,2,Returning_Visitor,False,False
0,-3.07,0,0.57,28,1255.99,0.0,0.023529412,5.47,0.01,Mar,2,2,1,2,Returning_Visitor,False,False
9,160.0,1,46.12,33,1050.68,0.007272727,0.02,20.32388105,0.07,Mar,2,2,1,1,Returning_Visitor,True,True
-5,0.0,1,0.0,4,63.0,0.18,0.08,140.53,-0.33,Sep,2,6,1,11,Returning_Visitor,False,False
-1,13.0,0,0.0,16,-670.56,0.0,0.02,0.0,0.0,Oct,3,2,3,4,Returning_Visitor,False,False
1,22.46,0,-10.71,31,1535.71,0.024324324,0.06,0.0,-0.01,Nov,2,2,1,1,Returning_Visitor,False,False
2,140.95,0,0.0,16,986.87,0.02,0.021052632,68.20038032,-0.01,Feb,2,2,1,2,Returning_Visitor,False,False
2,49.18,0,5.3,12,1248.22,0.02,0.04,3.41,0.01,Mar,3,2,2,1,Returning_Visitor,False,False
3,21.74,0,0.0,29,1380.04,0.0,0.02,1.01,0.03,Mar,2,2,1,1,Returning_Visitor,True,True
3,45.68,0,0.0,22,131.0,0.0,0.03,0.0,0.0,Oct,1,1,9,3,Returning_Visitor,True,False
6,202.25,0,-40.62,28,1360.48,-0.0,-0.0,-0.66,-0.07,Oct,2,2,4,2,Returning_Visitor,True,True
1,-89.49,1,507.92,32,829.55,0.013432836,0.05,29.88386066,0.0,Jul,4,1,8,3,Returning_Visitor,False,False
1,25.9,0,-2.1,11,60.0,0.02,0.05,0.0,0.04,Mar,1,1,1,1,Returning_Visitor,False,False
3,49.5,0,0.0,15,350.25,0.01,0.03,0.0,0.0,Oct,1,1,1,7,New_Visitor,True,False
2,82.18,0,0.0,8,1188.2,0.03,0.06,-0.5,0.0,Mar,2,2,1,1,Returning_Visitor,False,False
1,0.0,0,3.75,23,645.91,0.014285714,0.04,0.0,0.02,Dec,2,2,5,2,Returning_Visitor,False,False
0,14.46,0,0.0,26,1343.99,0.0,0.020833333,1.79,0.0,Oct,2,2,9,2,Returning_Visitor,False,False
8,151.61,2,-246.1,93,5591.57,0.007692308,-0.01,43.16,-0.55,Aug,3,2,4,15,Returning_Visitor,False,False
4,317.0189394,2,126.75,338,9956.225533,0.03,0.02,-9.42,0.07,Dec,4,1,3,2,Returning_Visitor,True,True
3,214.6,1,26.42,51,1806.42,0.003225806,0.02,6.34,0.01,Aug,2,2,1,2,Returning_Visitor,False,False
0,2.0,0,-3.73,84,5149.434919,0.0,0.03,0.28,-0.04,Nov,2,2,1,2,Returning_Visitor,False,False
2,67.0,0,-10.73,16,274.25,0.01,0.035,0.34,0.0,Mar,3,2,3,2,Returning_Visitor,False,False
2,29.5,0,29.76,36,1653.395833,0.0,0.022839506,3.95,0.0,Oct,2,2,1,2,Returning_Visitor,False,False
4,84.14,0,-7.59,41,2168.81,0.0,0.01,1.49,0.0,Nov,1,1,2,4,Returning_Visitor,True,True
3,133.95,0,0.0,19,364.5333333,0.01,0.027,-4.0,-0.01,Nov,1,1,3,2,Returning_Visitor,False,False
12,413.34,0,-27.25,17,564.94,0.01,0.02,0.0,0.02,Oct,3,2,3,1,Returning_Visitor,False,False
0,58.39,0,-44.39,29,291.8,0.020689655,0.06,59.77,0.0,Mar,2,4,3,2,Returning_Visitor,False,False
0,36.55,0,0.0,23,852.07,0.02,0.03,6.81,0.0,May,1,1,1,4,Returning_Visitor,False,False
2,116.0,0,-9.31,26,1098.0,0.01,0.01,3.92,-0.03,Oct,1,1,9,18,Returning_Visitor,False,False
0,0.0,0,0.0,44,3133.55,0.0,0.007407407,0.0,0.0,Nov,2,2,3,10,Returning_Visitor,False,False
4,42.41,0,9.48,24,88.0,0.0,0.02,-1.91,0.03,Oct,1,1,9,3,Returning_Visitor,True,False
-2,63.7,0,-36.37,-16,631.6666667,0.0,0.027777778,39.73,0.0,May,1,2,1,6,New_Visitor,False,True
1,-78.29,0,-23.33,0,590.04,0.04,0.12,-3.48,0.0,Oct,1,8,3,11,Returning_Visitor,True,False
-2,-43.01,-1,7.63,2,1093.0,0.05,0.1125,-4.27,-0.01,Mar,2,2,9,1,Returning_Visitor,False,False
3,102.22,0,16.83,22,1102.16,0.01,0.03,0.0,0.04,Oct,1,1,1,1,Returning_Visitor,False,False
2,82.5,1,49.17,12,299.5,0.0,0.02,0.0,0.0,Mar,1,1,9,2,Returning_Visitor,True,False
0,74.39,0,0.0,-9,151.0,0.007692308,0.05,83.14,0.06,May,1,2,1,3,Returning_Visitor,False,False
4,37.08,0,69.08,21,1025.34,0.0,0.014285714,17.85338057,0.01,Dec,2,2,4,1,Returning_Visitor,False,True
3,42.64,1,24.48,58,1660.354762,0.003519062,0.01,12.59910233,0.03,Mar,2,2,1,1,Returning_Visitor,True,False
1,31.5,0,0.0,3,32.83333333,-0.0,0.01,-4.09,0.0,Oct,2,2,9,2,New_Visitor,False,False
5,154.2,2,86.52,12,269.5357143,0.004444444,0.03,-2.32,0.0,Oct,3,2,1,1,Returning_Visitor,False,False
2,7.0,0,-3.03,28,1892.0,0.03,0.05,0.0,0.0,May,2,2,1,3,Returning_Visitor,False,False
1,199.32,1,0.0,12,425.1666667,0.03,0.02,0.0,0.18,Mar,4,1,6,10,Returning_Visitor,True,False
3,50.57,0,0.0,21,1146.58,0.02,0.043174603,0.0,0.0,Mar,2,2,1,1,Returning_Visitor,True,True
-1,-15.52,0,-25.52,11,1435.0,0.054545455,0.109090909,-4.91,0.04,Oct,2,2,1,1,Returning_Visitor,False,False
-1,0.0,0,31.15,6,73.97,0.03,0.06,7.4,0.0,Mar,1,1,3,2,Returning_Visitor,False,False
3,96.18666667,0,32.97,30,1345.136667,0.01,0.03,1.85,0.01,Mar,2,2,1,2,Returning_Visitor,False,False
1,41.89,0,-21.65,6,183.875,0.01,0.04,5.7,0.01,Mar,2,2,2,2,Returning_Visitor,False,False
5,206.77,0,4.02,33,2161.133333,0.01,0.02,16.58165201,-0.05,Nov,2,2,1,2,Returning_Visitor,False,True
0,0.0,0,0.0,57,2712.0,0.011764706,0.007843137,24.7,0.0,Oct,1,1,1,12,Returning_Visitor,False,False
0,0.0,1,0.0,13,1314.083333,0.0,-0.01,10.67,0.0,Feb,3,2,9,20,Other,False,True
14,324.96,1,0.0,54,-2652.44,-0.01,-0.02,16.31,0.12,Nov,2,6,7,1,Returning_Visitor,False,True
1,0.0,0,0.0,13,-171.99,0.070588235,0.15,-2.28,1.0,May,2,2,1,1,Returning_Visitor,True,False
0,13.78,0,-25.63,13,215.0,0.04,0.07,0.0,-0.0,Mar,3,2,3,1,Returning_Visitor,False,False
-1,0.0,0,-13.76,3,731.85,0.01,0.05,6.33,0.0,Oct,1,2,1,5,New_Visitor,False,False
0,21.8,0,0.0,11,925.8988095,0.01,0.02952381,0.0,0.0,Nov,3,2,2,2,Returning_Visitor,False,False
0,0.0,0,55.78,5,-390.28,0.0,0.02,0.0,0.0,Dec,1,1,7,2,Returning_Visitor,False,False
2,40.0,0,17.97,4,724.88,0.01,0.033333333,4.29,0.02,Oct,2,2,1,1,Returning_Visitor,False,False
4,256.0,0,0.0,9,574.5,0.02,0.01,0.0,0.0,May,3,2,9,11,Returning_Visitor,False,False
2,57.5,0,37.78,16,1226.0,0.0,0.02,2.17,0.0,Mar,2,2,9,2,Returning_Visitor,False,True
0,0.0,0,0.0,2,142.65,0.2,0.2,0.55,0.0,Oct,1,1,3,4,Returning_Visitor,False,False
2,25.36,1,25.35,33,1426.79,0.0,0.03,0.0,0.0,Oct,4,1,3,1,Returning_Visitor,False,False
2,414.99,6,921.67,261,7578.58,0.055555556,0.068055556,0.0,0.31,May,3,2,4,20,Returning_Visitor,False,False
7,216.87,0,65.59,18,1040.46,0.01,0.02,7.15,-0.01,Mar,2,2,1,1,Returning_Visitor,False,False
0,5.37,0,3.0,29,1498.56,0.006666667,0.04,2.84,-0.01,Mar,2,2,1,2,Returning_Visitor,False,False
1,49.09,0,-34.93,14,1138.85,0.013333333,0.03,5.92,0.0,Oct,1,1,1,3,Returning_Visitor,False,False
7,0.0,6,1215.65,89,902.0,-0.01,0.007407407,18.38,0.84,Feb,2,7,2,7,Returning_Visitor,True,False
0,0.0,2,136.3,46,2158.5,0.019565217,0.02,126.28,0.76,May,1,2,7,10,Returning_Visitor,False,False
-1,-7.46,1,46.39,2,8.0,0.0,0.1,-6.76,0.0,Mar,2,4,5,2,Other,False,False
2,50.98,0,27.0,204,4829.625,0.004054054,0.01,48.60623685,-0.0,Nov,4,1,9,3,Returning_Visitor,False,True
4,70.01,0,-7.03,2,1243.06,0.0,0.04,0.0,0.0,Aug,3,2,8,2,New_Visitor,True,False
0,10.1,0,0.0,-1,-289.11,0.21,0.2,-1.18,0.04,Feb,1,1,3,3,Returning_Visitor,False,False
1,53.76,0,-13.97,1,0.0,0.04,0.09,0.42,0.03,Oct,3,2,1,1,Returning_Visitor,False,False
5,128.85,1,-36.37,55,1950.28,0.01,0.02,-4.3,0.0,Nov,3,2,1,1,Returning_Visitor,True,False
0,0.0,0,6.28,16,360.0,0.0,0.01875,5.45,0.02,Oct,2,2,9,2,Returning_Visitor,False,False
0,0.0,0,0.0,3,11.0,0.033333333,0.166666667,0.0,0.6,May,2,4,1,1,Returning_Visitor,False,False
3,68.91,0,23.77,25,1400.958333,0.0,0.04,4.28,0.0,Mar,2,4,2,2,Returning_Visitor,False,False
0,0.25,0,22.04,16,2515.1,0.053571429,0.070238095,-9.87,0.03,May,3,2,1,1,Returning_Visitor,False,False
14,574.55,0,-25.4,56,811.99,0.03,0.04,-6.13,-0.1,Oct,4,2,4,20,Returning_Visitor,True,False
0,33.06,0,-2.45,9,0.0,0.02,0.05,3.26,0.04,Mar,1,1,4,2,Returning_Visitor,False,False
6,126.28,0,35.74,6,658.59,0.020408163,0.07,9.83,0.0,Jul,2,4,1,1,Returning_Visitor,False,False
1,57.72,0,-28.21,47,2021.9,0.0,0.03,1.44,0.0,Mar,2,4,4,2,Returning_Visitor,False,False
4,141.6,0,33.43,68,2249.88,0.002985075,0.01,3.02,0.01,Oct,2,2,1,2,Returning_Visitor,False,True
-8,0.0,1,0.0,9,-181.56,0.04,0.11,2.58,0.31,May,4,1,1,2,Returning_Visitor,False,False
0,86.8,0,-7.2,15,-36.46,0.02,0.04,5.36,0.0,Nov,1,1,7,10,Returning_Visitor,False,False
3,127.0,0,0.0,28,1905.18,0.015384615,0.042307692,0.0,0.0,May,2,2,1,3,Returning_Visitor,False,False
5,172.0833333,1,84.75,26,486.1472222,0.0,0.0105,48.0136549,-0.03,June,2,2,4,1,Returning_Visitor,False,True
0,0.0,0,0.0,20,846.53,0.02,0.05,1.58,0.2,May,2,2,1,3,Returning_Visitor,False,False
-1,-79.67,0,0.0,29,140.17,0.02,0.066666667,-4.52,-0.01,Nov,2,2,3,4,Returning_Visitor,False,False
1,125.5,1,103.64,13,523.65,-0.01,0.023703704,-2.75,-0.11,Mar,1,8,3,9,Returning_Visitor,False,False
-2,-80.63,0,-41.98,43,-794.43,-0.01,0.06,31.21,1.0,May,1,1,3,2,Returning_Visitor,True,False
-1,6.0,0,-25.64,24,2058.32,0.02,0.058974359,0.0,0.06,May,2,2,4,1,Returning_Visitor,False,False
11,365.63,1,0.0,20,268.07,0.02,0.01,-3.53,0.05,Aug,2,2,1,1,New_Visitor,True,False
3,64.56,0,0.0,29,1331.47,0.01,0.04,0.0,0.0,Mar,2,2,1,1,Returning_Visitor,False,False
3,76.98,0,18.88,28,1255.19,0.01,0.03,0.1,0.03,Mar,2,2,1,2,Returning_Visitor,False,True
4,106.28,0,-15.45,29,1148.04,0.0,0.03,32.70730435,0.03,Mar,2,4,2,2,Returning_Visitor,False,True
0,0.0,0,-0.31,5,723.76,0.19,0.2,0.0,0.0,Feb,2,2,2,2,Returning_Visitor,False,False
16,90.0,1,1465.7,40,13104.59,0.0,0.013821138,0.0,0.02,Nov,2,10,7,11,Returning_Visitor,True,False
1,76.78,0,-17.8,26,1066.666667,0.025,0.05,0.0,-0.02,Oct,3,2,1,1,Returning_Visitor,False,False
4,74.18,0,0.0,3,165.33,-0.01,0.02,-21.22,0.03,Oct,4,1,3,3,New_Visitor,True,True
3,110.45,0,9.01,19,1661.23,0.0,0.0,3.58,0.0,May,2,2,9,4,New_Visitor,False,False
2,93.0,0,0.22,33,1310.472222,-0.0,0.02,0.0,0.4,May,2,4,6,2,Returning_Visitor,False,False
-3,-64.64,-1,0.0,-22,-17.56,0.01,0.057142857,-7.92,0.0,Mar,2,2,3,1,Returning_Visitor,False,False
2,0.0,0,0.0,42,2349.55,0.028253968,0.02856387,7.18,0.0,Oct,3,2,2,2,Returning_Visitor,False,False
0,0.0,0,-0.89,28,1107.922619,0.01,0.04,1.91,0.01,Mar,2,2,1,1,Returning_Visitor,False,True
0,-5.16,1,0.0,9,-64.75,0.03,0.074074074,2.88,0.03,Mar,2,2,5,1,Returning_Visitor,False,False
4,110.3,0,4.71,25,1534.47,0.012727273,0.02,4.28,0.03,Mar,2,2,1,1,Returning_Visitor,True,True
1,54.98,0,0.0,30,1454.64,0.0,0.006451613,13.15,0.01,Mar,2,2,9,2,New_Visitor,False,False
1,92.18,0,16.51,61,3380.691558,0.002666667,0.023772222,0.98,0.0,Mar,2,2,1,2,Returning_Visitor,False,False
0,42.03,0,0.0,14,-11.09,0.014285714,0.07,11.82,0.6,May,2,2,2,2,Returning_Visitor,False,False
4,89.95,0,0.0,43,1784.88,0.0,0.015,0.0,0.0,Oct,2,4,1,4,Returning_Visitor,False,False
2,112.47,0,-12.71,24,1244.833333,0.0,-0.01,10.36,-0.0,Oct,2,2,9,2,New_Visitor,True,False
2,0.0,0,-7.04,23,158.68,0.0,0.05,49.38,0.06,Feb,2,4,1,3,Returning_Visitor,False,False
1,34.14,0,0.0,60,1063.666667,0.02,0.049722222,-2.87,-0.01,Mar,2,2,9,3,Returning_Visitor,False,False
-2,0.0,0,0.0,-14,696.8,0.05,0.071428571,0.0,0.04,Oct,3,2,1,13,Returning_Visitor,False,False
1,0.0,0,622.49,-36,363.3181818,0.05,0.08,-23.53,0.0,Mar,1,1,1,3,Returning_Visitor,False,False
3,50.23,0,28.76,2,477.4,0.0,0.05,1.6,0.01,Mar,2,4,4,1,Returning_Visitor,False,False
3,71.28,0,5.27,8,484.0,0.0,0.01,0.0,0.0,May,2,2,5,3,Returning_Visitor,False,False
2,45.5,0,-2.62,27,1058.338095,0.01,0.04,3.93,-0.01,Mar,2,2,1,1,Returning_Visitor,False,True
0,0.0,0,-13.71,70,3971.515278,0.009009009,0.03,0.0,-0.04,Nov,2,2,1,2,Returning_Visitor,False,False
1,18.83333333,0,5.72,29,1558.18,0.01,0.04,0.0,0.0,Oct,2,2,1,1,Returning_Visitor,False,False
2,32.18,0,24.32,25,4.0,0.142857143,0.157142857,3.25,0.6,May,3,2,1,3,Returning_Visitor,True,False
1,27.83,0,-17.93,27,1397.5,0.011555556,0.04,4.28,-0.01,Feb,2,2,7,1,Returning_Visitor,False,False
0,0.0,0,84.53,62,685.75,-0.01,-0.0,0.0,0.0,Dec,2,7,4,3,Returning_Visitor,True,False
-4,-105.96,0,0.0,-12,1314.25,0.045833333,0.1,9.9,0.0,May,2,2,7,1,Returning_Visitor,False,False
10,262.02,0,-135.64,19,688.4533333,0.02,0.025904762,2.368830117,0.18,Sep,2,2,3,2,Returning_Visitor,False,False
-1,-13.78,0,-14.65,34,982.01,0.01,0.07,0.0,0.6,May,3,2,1,5,Returning_Visitor,False,False
14,125.0,0,0.0,-45,-1844.12,-0.01,0.032,-8.03,0.0,Nov,2,2,8,20,Returning_Visitor,True,False
4,64.5,0,0.0,36,766.2166667,-0.0,0.001851852,0.0,0.03,Dec,2,2,3,2,Returning_Visitor,False,False
1,92.6,0,-11.67,35,2185.87,0.0,0.01,8.53,0.0,Mar,2,2,1,6,New_Visitor,False,True
1,218.6,0,58.71,7,401.51,-0.0,0.0075,0.0,0.02,Oct,3,2,2,2,Returning_Visitor,False,False
4,107.125,-1,0.0,40,1206.79,0.01,0.002857143,16.43,0.01,Dec,2,2,9,2,Returning_Visitor,False,False
0,1.79,0,-11.81,41,1895.75,0.004356436,0.029287373,0.0,0.0,Oct,2,2,1,2,Returning_Visitor,False,False
3,13.0,1,53.59,11,554.77,0.02,0.05,-1.94,0.04,Dec,2,2,5,2,Returning_Visitor,False,False
3,107.4,0,0.0,34,1635.85,0.0,0.01,5.74,0.0,Oct,2,2,1,2,Returning_Visitor,False,False
0,-2.46,0,-6.89,25,1039.86,0.01,0.05,0.0,0.02,Mar,2,2,1,1,Returning_Visitor,False,False
1,56.29,0,41.48,25,1470.26,0.0,0.04,5.59,0.0,Mar,2,2,1,1,Returning_Visitor,False,False
2,62.98,0,0.0,15,1049.52,0.01,0.04,3.98,0.03,Oct,2,2,1,1,Returning_Visitor,False,False
1,36.02,0,0.0,19,537.0,0.02,0.05,0.0,0.09,May,2,2,9,3,Returning_Visitor,False,False
1,0.0,0,6.45,16,589.12,0.01,0.04,2.6,0.01,Mar,3,2,3,1,Returning_Visitor,False,False
2,32.72,0,0.0,28,1119.71,0.0,0.044,0.0,0.01,Mar,2,2,1,1,Returning_Visitor,False,False
5,170.84,0,0.0,22,1550.84,0.012903226,0.05,0.0,-0.04,Jul,3,2,8,2,Returning_Visitor,False,False
1,-4.0,1,0.0,33,987.44,0.0,0.03,1.77,0.01,Nov,3,2,1,2,Returning_Visitor,True,False
5,129.87,0,0.0,12,844.24,-0.0,0.01,0.0,0.03,Oct,2,2,3,2,New_Visitor,False,False
1,29.93,0,-16.69,37,1657.59,0.01,0.03,3.64,-0.02,Nov,2,2,1,2,Returning_Visitor,False,False
-1,-11.43,0,0.0,-8,-396.58,0.042857143,0.11,0.0,0.03,Feb,2,4,5,2,Returning_Visitor,False,False
4,86.15,0,0.0,21,1238.43,0.019047619,0.035714286,0.0,0.0,Mar,2,2,3,1,Returning_Visitor,False,False
0,20.05,0,-11.31,13,107.2,0.01,0.05,2.24,0.0,Oct,3,2,3,1,Returning_Visitor,False,False
0,-12.0,0,0.0,0,156.5,0.0,0.02,3.32,0.0,Mar,2,2,7,2,New_Visitor,False,True
3,131.0,0,9.0,28,1372.72,0.01,0.02,3.11,0.01,Oct,2,2,1,2,Returning_Visitor,False,False
11,645.6666667,0,0.0,25,1111.89,0.02,0.04,-3.64,0.09,Mar,1,1,1,1,Returning_Visitor,True,False
4,87.24,0,0.0,17,972.62,0.0,0.035294118,7.11,-0.01,Mar,2,2,3,1,Returning_Visitor,False,False
3,14.58,0,-21.34,67,4155.620833,0.002553191,0.02,1.01,0.0,Nov,2,2,1,10,Returning_Visitor,True,False
4,169.82,1,-117.92,328,6920.973243,0.005268892,0.0,0.742942737,0.02,Nov,4,1,3,3,Returning_Visitor,False,False
0,39.43,0,0.0,12,-189.8,0.02,0.033333333,0.0,-0.01,Oct,1,1,7,2,Returning_Visitor,False,False
4,77.75,0,0.0,30,1305.79,0.0,0.01,0.0,0.04,Mar,2,2,1,2,Returning_Visitor,False,False
0,0.0,0,-70.51,0,0.0,0.19,0.2,-4.4,0.05,Oct,1,2,1,5,Returning_Visitor,False,False
-1,93.41,1,-17.92,58,857.7355067,0.02,0.04,8.2,0.02,June,3,2,1,4,Returning_Visitor,True,False
-3,-155.28,0,13.06,11,713.0,-0.02,0.016666667,113.98,-0.11,Dec,2,10,2,11,Returning_Visitor,False,True
1,7.0,0,0.0,18,430.5,0.02,0.05,3.34,0.0,Mar,2,1,9,1,Returning_Visitor,False,False
0,-388.31,2,0.0,78,1461.833333,0.021052632,0.036842105,-9.7,0.22,Nov,2,2,1,1,Returning_Visitor,True,True
2,57.24,1,120.45,30,274.3,0.0,0.04,0.0,0.0,June,2,1,4,3,Returning_Visitor,False,False
0,14.72,0,0.59,46,1715.19,0.001626016,0.013132473,0.0,-0.01,Oct,3,2,2,2,Returning_Visitor,False,False
0,21.97,0,1.41,1,-456.12,0.2,0.2,-2.58,0.02,May,3,2,1,1,Returning_Visitor,False,False
0,6.24,0,-31.4,27,-80.91,0.090322581,0.11,0.0,0.06,Oct,3,2,1,3,Returning_Visitor,False,False
2,74.34,0,0.0,44,2747.616288,0.01,0.03,3.71,0.0,Nov,2,2,1,2,Returning_Visitor,False,False
0,39.28,0,-23.16,12,323.0,0.033333333,0.06,0.0,0.0,Mar,3,2,1,1,Returning_Visitor,True,False
-1,0.0,0,29.27,24,968.6924242,0.02,0.04,3.32,-0.02,Mar,1,1,7,2,Returning_Visitor,False,True
0,-191.54,1,493.51,43,806.125,-0.01,0.016666667,-15.58,0.0,Nov,1,1,4,3,Returning_Visitor,False,False
4,70.83333333,0,23.52,36,1353.31,0.003125,0.02,4.1,-0.01,Oct,2,2,1,2,Returning_Visitor,False,True
7,237.12,1,331.59,14,1530.4,0.0,0.02,0.0,0.09,Mar,1,1,1,7,Returning_Visitor,False,False
6,63.68333333,0,11.84,8,475.06,0.017857143,0.03,1.91,0.0,Mar,2,2,3,1,Returning_Visitor,False,False
1,30.65,0,27.85,38,821.07,0.01,0.06,4.760328465,0.0,Jul,2,4,4,2,Returning_Visitor,False,True
0,51.02,0,-10.55,39,1168.619841,0.02,0.03,3.3,0.0,Nov,1,1,4,2,Returning_Visitor,True,False
2,101.47,0,-9.23,27,945.14,0.01,0.03,0.0,0.0,Mar,3,2,2,1,Returning_Visitor,False,False
0,28.8,0,-67.35,19,543.775,0.0,0.01,0.0,0.0,Mar,3,2,3,2,New_Visitor,True,False
1,22.89,0,7.12,24,1108.99,0.0,0.03,1.32,0.01,Oct,2,2,3,2,Returning_Visitor,False,False
4,80.65,0,0.0,24,981.1666667,0.01,0.02,3.58,0.03,Mar,2,2,1,3,Returning_Visitor,True,False
3,78.32,0,0.0,11,894.57,-0.01,0.04,0.0,0.01,Oct,2,4,1,6,New_Visitor,False,False
1,23.1,0,0.0,10,-401.29,0.2,0.19,-1.07,0.03,May,1,1,4,3,Returning_Visitor,True,False
3,238.05,11,1488.0,30,3275.87381,0.0,0.010822511,30.07,0.18,Feb,3,2,3,10,Returning_Visitor,False,True
0,0.0,0,0.0,4,0.0,0.05,0.1,6.98,0.4,May,2,2,9,3,Returning_Visitor,False,False
2,75.55,0,0.0,31,1219.98,0.01,0.03,4.09,-0.0,Mar,2,2,1,2,Returning_Visitor,False,False
1,33.48,0,-16.05,22,1382.25,0.02,0.067517007,0.0,0.0,Oct,2,2,1,1,Returning_Visitor,False,False
0,-55.38,2,0.0,2,518.87,0.0,-0.06,227.29,0.0,May,6,10,1,2,Returning_Visitor,False,False
3,67.75,0,0.0,2,539.93,0.02,0.053333333,-4.37,0.03,Dec,1,1,9,6,New_Visitor,True,True
0,8.45,0,-0.95,26,1016.51,0.02,0.05,0.0,0.0,Mar,2,2,1,1,Returning_Visitor,False,False
1,11.0,0,0.0,7,351.36,0.03,0.06,0.0,0.03,May,3,2,2,3,Returning_Visitor,False,False
2,0.0,2,131.0,-6,-1035.4,-0.01,0.02,-9.79,0.0,Mar,3,2,9,2,Returning_Visitor,True,True
0,-226.98,0,760.81,-47,436.5,0.0,0.016666667,0.0,0.0,Nov,7,1,1,12,New_Visitor,True,False
-1,-51.57,0,-76.07,15,810.3333333,0.0,-0.0,104.78,0.0,Mar,2,2,3,12,Returning_Visitor,True,False
-2,20.98,0,-442.82,15,1243.04,0.0,0.014285714,89.39,-0.14,Nov,6,10,1,1,New_Visitor,False,False
2,62.99,-1,0.0,20,773.5595238,0.0,0.027572016,12.73,0.02,Mar,2,4,2,4,Returning_Visitor,False,True
2,176.34,0,319.41,5,298.0,0.01,0.028571429,0.0,0.49,Feb,3,2,8,4,Returning_Visitor,True,False
-2,-18.31,0,-4.11,15,257.1666667,0.05,0.08,-7.0,0.0,Oct,3,2,4,1,Returning_Visitor,False,False
7,147.5,-1,-22.44,-5,788.2666667,0.007142857,0.028571429,-5.56,-0.08,May,2,2,3,3,Returning_Visitor,False,True
2,164.5833333,0,-16.37,27,1683.9,0.01,0.01,10.77,0.0,Nov,2,2,1,10,Returning_Visitor,False,True
2,0.0,0,-22.5,1,1509.7,0.2,0.2,4.78,0.0,Mar,2,1,2,13,Returning_Visitor,True,False
2,113.5,0,11.54,37,1344.340476,0.0,0.005405405,11.77908986,-0.01,Oct,2,2,9,2,New_Visitor,False,True
0,56.3,0,-24.87,8,1461.84,0.025,0.04,10.02470626,0.0,Oct,4,2,2,2,Returning_Visitor,False,False
2,90.65,0,24.72,10,982.44,0.03,0.03,34.31,0.01,Sep,2,2,6,2,Returning_Visitor,False,False
2,34.42,0,-38.74,28,1401.17,0.007142857,0.066190476,0.21,0.56,May,2,2,1,1,Returning_Visitor,True,False
1,30.0,0,0.0,15,694.51,-0.0,0.02,0.0,0.04,Mar,3,2,3,1,Returning_Visitor,False,False
0,0.0,0,-78.02,-36,-328.04,-0.0,0.066666667,0.0,0.02,Mar,3,4,3,2,New_Visitor,True,False
1,-7.39,0,-20.68,68,1136.083333,-0.01,0.01,-1.58,-0.02,Nov,3,2,3,3,Returning_Visitor,False,True
0,0.0,0,0.0,38,-268.88,0.060655738,0.080437158,14.14,1.0,May,1,1,3,2,Returning_Visitor,True,False
5,147.28,0,23.89,33,1323.36,0.01,0.02,5.83,0.02,Mar,2,2,3,2,Returning_Visitor,False,False
2,81.61,0,30.04,1,0.0,0.03,0.05,3.36,0.0,Oct,1,1,1,4,Returning_Visitor,False,False
0,0.0,0,5.97,30,561.87,0.02,0.07,0.0,0.6,May,2,2,1,3,Returning_Visitor,True,False
4,100.08,0,0.0,30,1584.3,0.0,0.01,3.356892857,0.05,May,2,2,9,3,Returning_Visitor,False,False
12,1040.76,2,-4.73,59,1276.594048,0.0,0.06,-10.5,-0.02,Nov,4,1,1,2,Returning_Visitor,False,True
8,345.98,0,408.65,33,1513.01,0.03,0.03,-9.23,0.02,Mar,1,1,4,1,Returning_Visitor,False,False
3,27.0,-1,-52.28,25,558.0,0.0,-0.01,0.0,0.02,Oct,2,2,3,8,New_Visitor,False,False
4,111.35,0,48.42,30,1391.105556,0.001315789,0.01505848,0.0,0.03,Oct,2,2,1,2,Returning_Visitor,False,False
0,42.55,0,0.0,-14,267.5,0.02,0.04,-4.83,-0.06,Dec,3,2,9,3,Other,False,False
2,64.17,0,-2.28,14,572.061039,0.0,0.01,9.77,0.0,Oct,1,2,1,6,New_Visitor,False,False
7,53.0,1,818.87,66,4891.972222,0.0,0.02,0.0,0.0,June,2,2,8,1,Returning_Visitor,False,False
1,61.26,2,0.0,32,1342.75,-0.02,0.01,135.03,-0.03,Sep,1,1,4,2,Returning_Visitor,False,True
0,0.0,-1,-12.59,0,0.0,0.2,0.2,0.9,0.0,June,3,2,6,1,Returning_Visitor,True,False
0,0.0,0,0.0,46,1284.86,0.01,0.04,0.09,-0.02,Nov,2,2,1,2,Returning_Visitor,False,False
1,-23.0,2,39.5,156,4029.17,0.006289308,0.01,26.0,0.06,Jul,1,1,1,2,Returning_Visitor,True,False
0,-35.98,0,4.65,26,543.3,0.01,0.06,-5.17,1.0,May,3,2,2,2,Returning_Visitor,True,False
1,39.65,1,32.92,28,58.3,0.0,0.03,156.57,-0.01,Dec,1,2,1,2,New_Visitor,False,False
2,62.26,0,0.0,31,1986.82,0.006666667,0.04,0.48,0.05,May,2,2,5,1,Returning_Visitor,False,True
5,-0.76,0,-6.94,26,-614.78,-0.01,0.01,0.0,-0.02,Oct,3,2,3,3,Returning_Visitor,False,False
8,266.31,1,68.93,22,1224.24,0.0,0.019871795,3.86,0.0,Oct,1,1,1,2,Returning_Visitor,False,False
0,19.74,0,0.0,1,783.81,0.02,0.08,5.03,-0.0,Jul,2,4,6,2,Returning_Visitor,False,False
6,21.0,11,802.5,48,2073.916667,-0.02,0.02627451,0.0,0.0,Nov,2,1,3,10,Returning_Visitor,True,False
1,0.0,0,0.0,62,2759.51,0.0,0.02,5.1680996,-0.01,Nov,2,2,1,2,Returning_Visitor,False,True
0,0.0,0,-37.73,26,168.66,0.01,0.025,4.599,0.0,May,4,1,4,3,Returning_Visitor,True,True
0,40.62,0,0.0,7,365.75,0.0,0.0,-7.3,0.11,May,3,2,6,4,New_Visitor,True,False
0,35.92,0,-5.64,17,433.1333333,0.01,0.03,5.74,-0.01,May,3,2,1,4,Returning_Visitor,False,False
0,-50.08,1,90.28,1,1593.72,0.01,0.03,-12.15,0.12,Oct,3,2,1,13,Returning_Visitor,False,False
2,65.4,0,-1.07,37,1584.46,0.0,0.010990991,0.0,0.0,Oct,2,2,2,2,Returning_Visitor,False,False
6,229.3333333,1,115.25,21,1219.59,0.01,0.04,-10.91,0.04,Nov,1,1,1,2,Returning_Visitor,False,False
9,250.55,3,376.47,160,7261.54,0.0,-0.01,9.453449065,-0.04,May,2,2,7,2,Returning_Visitor,False,False
5,1652.0,-1,0.0,15,-1969.67,0.02,0.03,0.0,0.04,Mar,3,4,9,2,New_Visitor,False,False
2,416.88,3,-19.13,62,1279.333333,0.03,0.04,0.0,-0.04,Aug,2,5,1,9,Returning_Visitor,False,False
0,0.0,0,0.0,23,927.4,0.01,0.04,0.0,-0.0,Oct,2,2,1,1,Returning_Visitor,False,False
3,-21.66,-1,81.74,47,4320.69,0.0,0.0,12.62,0.0,May,2,2,6,3,Returning_Visitor,False,True
5,223.0,0,-22.45,32,1088.866667,0.01,0.02,0.42,0.05,Mar,3,2,1,1,Returning_Visitor,True,True
1,0.0,-2,97.49,63,5826.333333,-0.0,0.03,-26.41,0.0,Nov,1,1,1,3,Returning_Visitor,True,False
4,141.0,0,0.0,26,830.3411669,0.01,0.028456454,0.0,0.02,Oct,2,2,9,2,Returning_Visitor,False,False
1,-1.67,0,-46.1,-17,0.0,-0.01,0.02,4.28,0.0,May,1,8,1,3,Returning_Visitor,False,False
6,139.0,1,0.0,29,491.1,-0.0,-0.0,0.0,0.05,Oct,2,2,9,2,New_Visitor,True,False
6,195.32,0,5.59,41,1535.2,0.01,0.02,4.98,-0.01,Nov,2,2,1,2,Returning_Visitor,False,False
3,-164.82,2,33.0,21,-90.16,0.03,0.036956522,38.21,0.22,May,2,2,7,6,Returning_Visitor,False,False
3,98.15,0,14.94,25,1245.89,0.01,0.03,-1.62,0.0,Oct,1,1,1,1,Returning_Visitor,False,False
0,-9.43,0,-8.13,8,93.0,0.02,0.06,0.0,0.01,Mar,2,2,5,1,Returning_Visitor,False,False
2,55.92,0,-3.6,17,405.98,0.03,0.05,3.27,0.0,May,3,2,1,3,Returning_Visitor,False,False
2,45.0,0,0.0,10,772.95,0.0,0.02,3.69,0.0,Oct,2,2,1,2,Returning_Visitor,False,False
0,20.34,1,20.25,94,3085.25,0.0,0.02,0.0,0.0,Nov,2,2,9,2,Returning_Visitor,False,False
3,113.04,0,20.0,39,1632.54,0.01,0.02,3.46,-0.0,Oct,2,2,1,2,Returning_Visitor,False,False
3,82.6,0,-35.96,7,598.7611111,0.04,0.05,0.0,0.04,Sep,3,2,4,1,Returning_Visitor,False,False
0,-28.42,0,-22.07,39,2827.428571,0.01,0.015789474,40.25,0.0,May,3,2,2,4,Returning_Visitor,False,False
0,53.04,0,0.0,2,-600.58,0.0,0.05,82.82,0.22,Feb,2,4,2,3,Returning_Visitor,False,False
6,60.13636364,0,23.53,60,3708.383949,0.0,0.01,-1.69,0.02,Mar,2,2,1,2,Returning_Visitor,True,False
15,1093.0,2,113.89,43,799.1049417,-0.0,-0.01,-0.33,0.0,Mar,3,2,3,2,Returning_Visitor,True,False
4,176.9133333,1,14.07,86,3223.82,0.0,0.007887882,6.08,-0.02,Aug,2,2,6,2,Returning_Visitor,False,True
-1,-17.65,0,0.0,-8,0.0,0.03,0.05,5.63,0.31,May,3,2,5,13,Returning_Visitor,False,False
0,0.0,0,-27.46,88,4108.808442,0.007552448,0.03,0.0,-0.03,Oct,2,2,1,2,Returning_Visitor,False,True
1,23.0,0,0.0,18,431.9,0.010526316,0.04,4.52,0.02,Oct,2,2,9,2,Returning_Visitor,False,False
0,0.0,0,0.0,74,1268.266667,-0.0,0.04,0.0,0.0,Nov,2,2,2,10,Returning_Visitor,False,False
1,61.5,0,0.0,6,218.72,0.0,0.05,7.16,0.2,Mar,2,4,6,2,Returning_Visitor,False,False
4,86.67,0,41.0,27,1308.46,0.0,0.01,6.871308983,0.04,Mar,2,2,1,2,Returning_Visitor,False,True
5,204.1,0,0.0,31,1371.94,0.0,0.01,6.56,0.01,Oct,2,2,1,2,Returning_Visitor,False,False
0,123.45,1,62.12,-5,-1248.11,0.01,0.052631579,-8.58,0.13,May,4,1,6,4,Returning_Visitor,True,True
2,84.78,0,21.31,42,1909.9,0.0,0.007142857,8.96,-0.01,Oct,2,2,2,2,Returning_Visitor,False,False
2,244.2666667,0,-21.03,101,4484.669445,0.01,0.024055759,9.48,-0.08,Nov,1,1,1,10,Returning_Visitor,False,False
4,353.4,0,79.85,11,587.2,0.013333333,0.04,4.14,0.0,Jul,2,4,1,2,Returning_Visitor,False,False
1,27.68,1,35.14,1,593.28,0.0,0.04,0.0,0.0,Oct,2,2,1,2,Returning_Visitor,False,False
2,0.0,2,49.57,2,63.0,0.0,0.03,-0.86,0.0,Mar,3,2,1,1,Returning_Visitor,True,False
0,-12.59,0,9.03,13,238.24,0.046153846,0.061538462,0.0,0.0,Dec,2,1,5,2,Returning_Visitor,False,False
0,-159.82,0,23.99,8,255.0,0.0,0.0,-10.72,-0.03,May,1,1,3,3,New_Visitor,True,False
7,-219.23,5,-292.01,15,2091.35,0.048,0.04,13.74,0.0,May,3,8,3,15,Returning_Visitor,False,False
0,0.0,0,12.09,20,1117.83,0.00952381,0.023809524,0.0,0.0,Oct,2,2,3,2,Returning_Visitor,False,False
3,60.08333333,0,0.0,40,1356.49,0.0,0.01,46.62801597,0.0,Feb,2,2,2,4,Returning_Visitor,False,False
1,37.33333333,0,-7.47,40,1638.4,0.012121212,0.04,0.0,-0.02,Nov,2,2,1,2,Returning_Visitor,False,False
5,110.03,1,48.47,37,1501.41,-0.0,0.01175,22.59,0.0,Jul,2,4,2,2,Returning_Visitor,False,False
1,44.0,0,6.85,24,1015.4,0.01,0.025925926,3.63,-0.03,Mar,2,2,4,2,Returning_Visitor,True,False
0,0.0,0,-13.7,43,1192.22619,0.0,0.01,0.0,0.04,Mar,3,2,1,4,Returning_Visitor,True,False
2,45.61,0,3.46,13,641.62,0.02,0.06,0.0,0.01,Mar,2,2,1,1,Returning_Visitor,False,False
8,52.85,0,113.52,22,802.57,0.02,0.05,-5.07,0.0,Jul,2,2,1,3,Returning_Visitor,False,False
-3,0.0,0,0.0,4,-1335.19,0.0,0.05,-6.74,0.26,May,1,8,7,2,Returning_Visitor,False,False
9,628.3666667,4,0.0,131,5371.41,0.008889185,0.030612404,41.23,-0.17,Aug,1,1,2,2,Returning_Visitor,False,False
0,0.0,0,-13.45,16,950.8166667,0.032183908,0.07,1.32,0.0,Mar,2,2,1,1,Returning_Visitor,False,False
0,-30.19,0,81.65,4,317.35,0.06,0.1,-1.55,-0.01,May,1,1,1,3,Returning_Visitor,False,False
3,84.68,0,12.1,48,2416.060484,0.01,0.036664764,-0.46,-0.01,Oct,2,2,1,1,Returning_Visitor,False,True
0,16.0,0,-16.74,97,1785.95,-0.02,0.001587302,1.298232174,0.0,Feb,1,8,6,3,Returning_Visitor,False,False
11,320.0,0,-174.22,3,1771.78,0.01,0.0,0.0,-0.17,Dec,3,2,1,13,Returning_Visitor,False,False
0,-17.44,1,21.0,25,525.1666667,0.007692308,0.030769231,8.43,0.0,Mar,2,2,3,2,Returning_Visitor,True,False
1,216.77,2,0.0,64,2555.12381,0.0,-0.02,0.0,0.0,May,3,2,4,2,Returning_Visitor,True,False
0,0.0,0,0.0,4,660.92,-0.0,0.01,0.0,0.04,Mar,2,2,1,6,New_Visitor,False,False
1,93.35,1,36.6,25,724.81,0.0025,0.007916667,15.50362136,0.01,Mar,3,2,2,2,Returning_Visitor,True,False
4,98.91666667,1,15.63,64,1693.93,0.002654867,0.02,-2.78,-0.01,Nov,2,2,1,2,Returning_Visitor,False,False
5,69.98,0,61.46,47,2790.85,0.010416667,0.017638889,0.0,-0.04,May,1,1,2,3,Returning_Visitor,False,False
7,137.5,0,31.64,31,1585.04,0.008680556,0.03,-18.95,0.02,Oct,1,1,3,1,Returning_Visitor,False,False
3,-7.27,0,7.0,12,849.7444444,0.021929825,0.03,0.0,0.0,Sep,2,2,1,3,New_Visitor,True,False
0,-3.8,0,5.43,25,1009.9,0.01,0.04,0.96,0.01,Mar,2,2,1,1,Returning_Visitor,False,False
2,90.0,1,0.0,-7,-957.31,0.0,0.04,0.0,0.0,Nov,2,4,5,20,Other,False,False
7,176.5,1,59.43,29,1498.35,0.005263158,0.021992481,26.45082237,0.02,Mar,2,2,2,2,Returning_Visitor,False,True
5,264.9,1,14.8,27,718.9566667,0.0,0.01,-1.6,0.03,Oct,3,2,1,1,Returning_Visitor,False,False
1,11.0,0,18.7,9,253.0,0.02,0.06,3.17,0.01,Mar,2,2,9,1,Returning_Visitor,False,False
5,159.1666667,-1,-16.81,25,1564.95,0.02,0.028665325,7.62,0.0,Dec,2,2,1,2,Returning_Visitor,False,False
0,0.0,0,-16.04,33,1482.63,0.0,0.02,7.53,0.0,Mar,2,2,2,2,Returning_Visitor,False,False
5,190.0,0,0.0,12,307.6666667,-0.01,-0.0,6.2,0.0,Dec,2,2,9,6,New_Visitor,False,False
2,183.47,0,0.0,-7,7.0,0.0,0.1,0.0,0.0,Aug,3,13,7,13,Returning_Visitor,False,False
0,4.96,0,27.42,12,0.0,0.21,0.2,0.0,0.03,May,2,2,1,3,Returning_Visitor,False,False
0,0.0,1,67.85,4,719.4,0.0,0.03,0.0,0.06,Oct,1,1,1,2,Returning_Visitor,True,True
0,0.78,0,0.0,7,44.36,0.01,0.05,0.0,0.01,Mar,3,2,3,1,Returning_Visitor,False,False
-1,0.0,0,-7.19,13,-115.31,0.01,0.07,3.16,0.8,May,3,2,2,2,Returning_Visitor,False,False
3,75.47,1,31.78,36,930.0141026,0.01,0.016470588,1.19,0.0,Nov,1,1,4,2,Returning_Visitor,True,False
1,0.0,0,0.0,12,292.875,0.01,0.028333333,2.0,0.04,Oct,4,1,1,3,Returning_Visitor,True,False
4,74.0,0,0.0,49,2267.41,0.02,0.02,0.0,-0.04,Mar,3,2,6,1,Returning_Visitor,True,False
4,331.61,0,532.28,-23,489.7083333,-0.0,0.003846154,0.0,0.06,Dec,2,2,1,2,New_Visitor,False,False
4,125.6,0,0.0,47,1682.18,0.0,0.007142857,0.0,0.0,Oct,2,2,1,2,Returning_Visitor,False,False
6,54.45,0,-36.76,10,1380.84,0.0,0.0,19.66912605,0.0,Dec,2,2,2,2,Returning_Visitor,True,True
10,128.1142857,2,562.58,43,811.3809524,0.006122449,0.03,-14.68,-0.01,Nov,2,2,1,3,Returning_Visitor,True,False
0,0.0,0,0.0,7,333.33,0.0,0.05,1.34,0.0,Mar,3,2,2,3,Returning_Visitor,True,False
5,74.6,0,32.24,67,2284.42,0.0,0.03,-0.0,-0.02,Jul,2,2,1,1,Returning_Visitor,False,False
4,74.52,0,36.33333333,31,1572.76,0.0,0.03,4.09,0.03,Jul,2,4,2,2,Returning_Visitor,False,True
0,-3.79,0,6.99,-2,-243.58,0.21,0.2,-0.19,0.04,May,1,1,3,4,Returning_Visitor,False,False
1,0.0,0,141.5,-1,-359.53,0.02,0.06,3.940422761,0.0,Dec,2,4,4,2,Returning_Visitor,False,True
0,15.07,0,1.59,34,1469.02,0.01,0.027103099,5.41,-0.01,Mar,2,2,1,2,Returning_Visitor,False,False
8,779.73,5,817.41,70,-172.7,0.003333333,0.02,0.0,0.0,May,2,5,7,4,Returning_Visitor,False,False
3,63.2,2,297.8333333,120,2464.25,0.0,0.013128205,0.0,0.01,Jul,2,2,3,2,Returning_Visitor,False,False
1,31.25,0,-1.26,26,1470.208333,0.0,0.012222222,0.0,0.02,Oct,2,2,9,2,New_Visitor,False,True
1,379.79,0,86.07,15,387.4,0.0,0.004166667,0.0,0.0,June,2,2,1,2,New_Visitor,False,False
0,0.0,0,-17.18,26,1165.37,0.02,0.05,0.0,-0.01,Mar,2,2,1,1,Returning_Visitor,False,False
3,46.64,0,8.25,12,355.85,0.013333333,0.03,3.74,0.02,Nov,1,1,1,3,New_Visitor,True,False
10,148.25,4,1049.22,19,2572.82,-0.03,-0.03,-8.27,-0.09,Nov,1,1,4,7,New_Visitor,True,False
1,48.66666667,0,0.0,34,2686.46,0.02,0.04,0.75,0.0,Nov,2,2,1,9,Returning_Visitor,True,False
4,143.76,1,49.85,65,2581.07,0.003030303,0.02,0.0,0.0,Mar,2,2,9,2,Returning_Visitor,False,False
1,82.0,0,242.61,62,1243.17619,0.02,0.02,0.0,-0.03,Dec,1,1,5,2,Returning_Visitor,False,False
3,89.55,0,19.61,26,956.3333333,0.01,0.02,20.13907622,0.0,Mar,2,2,9,2,Returning_Visitor,False,False
5,52.94,-2,-26.67,-104,219.6,0.0,0.02,0.0,0.0,Oct,4,2,8,20,Returning_Visitor,False,False
3,92.69,0,38.68,16,1102.5,0.0,0.014285714,0.0,0.0,Oct,2,2,1,2,New_Visitor,False,False
12,182.6428571,3,974.27,109,3027.03,0.02,-0.01,37.59646822,0.28,Feb,2,2,7,4,Returning_Visitor,False,True
5,1107.27,0,19.62,59,149.16,0.02,0.02,0.0,0.0,Sep,2,5,2,2,Returning_Visitor,False,False
0,0.0,0,0.0,30,1228.74,0.0,0.014285714,-0.11,0.04,Mar,1,1,4,2,Returning_Visitor,True,False
1,197.4,0,-22.84,83,1631.4,0.027380952,0.03,0.0,-0.01,Nov,2,2,9,2,Returning_Visitor,False,False
2,225.84,0,-13.73,45,219.3333333,-0.01,0.011666667,0.0,0.0,Dec,1,8,7,2,Returning_Visitor,False,False
2,106.7,-1,4.0,107,4376.902655,0.02,0.021707552,3.08,-0.04,May,2,2,1,4,Returning_Visitor,False,False
2,15.0,0,0.0,45,1776.083333,0.0,0.04,13.71,-0.01,Oct,2,4,4,1,Returning_Visitor,False,False
3,147.28,1,-104.93,47,2454.45,0.0,0.015384615,31.75846154,-0.01,Mar,2,2,9,10,Returning_Visitor,False,True
1,33.5,0,-33.1,23,1168.35,0.009090909,0.04,29.38287135,0.01,Mar,2,4,2,2,Returning_Visitor,False,True
2,-70.61,0,0.0,7,1225.29,0.02,0.03,0.47,0.08,Oct,2,2,1,15,Returning_Visitor,False,False
1,0.0,0,1.5,19,-212.45,0.0,0.05,-5.7,0.0,Feb,1,8,3,3,Returning_Visitor,False,False
1,4.0,1,49.07,34,-146.03,0.0,0.027777778,-6.68,0.0,Aug,1,8,6,1,Returning_Visitor,False,False
10,137.5,1,32.5,145,3654.19,0.0,0.020769697,8.98,-0.06,Nov,3,2,1,3,Returning_Visitor,False,True
1,16.19,0,-19.45,32,58.7,-0.0,0.059803922,-3.72,0.8,May,3,2,3,5,Returning_Visitor,False,False
0,91.72,0,-2.75,12,206.5,0.03,0.06,9.0,0.19,May,3,2,1,4,Returning_Visitor,False,False
8,222.32,0,-18.76,20,1784.85,0.02,0.058821329,0.0,0.0,Mar,4,1,8,1,Returning_Visitor,True,True
2,74.69,-1,0.0,65,2174.64,0.01,0.025128205,6.5,0.0,Dec,2,2,1,2,Returning_Visitor,False,False
1,-8.24,0,0.0,79,1562.866667,-0.01,0.03,0.21,0.8,May,3,2,2,1,Returning_Visitor,True,False
1,54.4,0,0.0,-9,-450.5,0.07,0.125,0.0,0.0,Mar,1,2,3,1,Returning_Visitor,False,False
1,127.78,4,276.32,11,617.25,-0.01,0.01,0.0,0.0,Mar,3,2,2,2,Returning_Visitor,True,False
0,0.0,1,60.47,4,749.91,0.0,0.01,0.0,0.0,Oct,2,2,9,10,Returning_Visitor,False,False
2,118.78,0,0.0,33,1514.84,0.01,0.02,22.53693712,0.0,Mar,2,2,1,2,Returning_Visitor,False,False
0,0.0,0,0.0,44,851.27,0.01,0.027424242,0.0,0.0,Nov,1,1,3,2,Returning_Visitor,False,True
0,-4.2,0,32.52,22,1698.47,0.05,0.07,2.09,0.0,May,1,1,1,3,Returning_Visitor,False,False
1,3.68,0,0.0,7,-286.68,0.2,0.2,0.89,-0.03,Jul,1,1,3,1,Returning_Visitor,True,False
15,1022.51,4,671.34,26,1844.35,0.008333333,0.016666667,-8.22,0.0,Mar,2,5,1,1,Returning_Visitor,False,False
0,19.11,0,-21.6,2,-334.69,0.03,0.08,3.87,-0.01,Nov,3,2,1,1,Returning_Visitor,False,False
0,16.88,0,-30.62,1,0.0,0.02,0.07,-0.72,0.0,Nov,2,2,4,2,Returning_Visitor,False,False
0,0.0,0,0.0,3,-104.02,0.03,0.066666667,-2.15,0.02,Mar,2,1,9,1,Returning_Visitor,False,False
4,174.96,0,0.0,41,114.97,0.02,0.04,3.46,-0.04,Jul,3,2,4,1,Returning_Visitor,True,False
2,100.33,1,-25.13,29,249.65,0.01,0.1,-6.69,-0.01,May,2,2,4,20,Returning_Visitor,True,False
5,76.26,0,0.0,3,-132.38,0.04,0.133333333,41.82,0.46,May,3,2,8,17,Returning_Visitor,False,False
2,49.7,1,0.0,64,1991.822567,0.014830918,0.02,21.74053053,0.03,Mar,1,1,1,2,Returning_Visitor,True,False
3,179.0,-1,47.15,28,2306.77,0.0,0.011111111,0.0,0.0,Dec,2,2,1,2,New_Visitor,False,False
0,1.83,0,32.6,19,1409.33,0.013333333,0.03,7.11,-0.03,Oct,1,1,1,8,New_Visitor,False,False
-4,-199.7,-1,-141.96,36,-51.07,-0.05,0.07,3.32,1.33,May,4,3,7,3,Returning_Visitor,True,False
0,0.0,0,-3.14,16,-44.57,0.2,0.2,0.0,0.2,May,3,2,1,3,Returning_Visitor,False,False
2,91.59,0,0.0,24,1085.9,0.01,0.031871345,0.0,-0.0,Oct,2,2,4,2,Returning_Visitor,True,False
4,180.46,1,82.53,14,92.51,-0.02,0.01,-14.67,-0.0,Sep,1,8,3,4,Returning_Visitor,False,False
3,111.49,0,18.87,36,1599.01,0.0,0.01,12.15713406,0.0,Mar,2,2,2,2,Returning_Visitor,False,False
5,140.0,0,44.76,21,839.4166667,0.02,0.04,7.92,0.0,Dec,3,2,1,1,Returning_Visitor,False,True
0,-8.44,0,22.19,2,187.0,0.1,0.12,-2.0,-0.02,May,4,2,1,3,Returning_Visitor,False,False
2,0.0,0,0.73,77,1000.39,-0.01,0.011134752,44.03,0.6,May,2,2,3,2,Returning_Visitor,False,False
1,-7.48,1,123.3333333,34,-84.22,-0.01,-0.01,-10.52,-0.01,Sep,1,8,6,2,Returning_Visitor,False,False
12,483.3333333,1,85.36,69,3664.71,0.0,0.0,28.63,0.13,Dec,1,8,3,11,Returning_Visitor,True,False
3,95.0,-1,0.0,112,3679.128882,0.0,-0.0,10.79,0.0,Dec,2,2,7,2,Returning_Visitor,False,False
1,31.46,0,0.0,10,102.46,0.028571429,0.085714286,5.88,-0.01,Nov,1,8,6,9,Returning_Visitor,False,False
3,120.94,0,16.02,34,2091.480392,0.01,0.03,0.0,-0.01,Oct,2,2,1,2,Returning_Visitor,False,False
0,-81.0,0,0.0,16,699.68,0.0,0.053333333,0.0,0.0,Mar,3,2,3,3,Returning_Visitor,False,False
1,114.0,0,33.12,16,-133.9,0.092592593,0.114285714,0.0,0.34,May,3,2,4,3,Returning_Visitor,False,False
2,81.3,0,-27.82,1,1618.04,0.06,0.08,3.63,0.0,May,1,2,1,1,Returning_Visitor,False,False
1,50.61,0,-40.76,4,106.75,0.02,0.04,0.0,-0.05,Nov,3,2,2,2,Returning_Visitor,False,False
2,113.99,0,-1.77,25,863.15,0.01,0.0,9.94,0.0,May,2,2,7,2,Returning_Visitor,False,True
3,105.0,1,0.0,286,8847.21,0.004181185,-0.0,10.07,0.0,Nov,2,2,4,2,Returning_Visitor,False,True
2,74.87,0,-6.72,31,1546.41,0.02,0.04,5.13,0.0,May,2,2,1,3,Returning_Visitor,False,False
3,88.01,1,34.77,33,1642.94,0.0,0.021,3.22,0.0,Oct,2,2,1,2,Returning_Visitor,False,False
3,0.0,0,0.0,15,632.0,0.028571429,0.042857143,8.56,0.0,May,2,2,3,3,Returning_Visitor,False,False
-1,0.0,0,-1.52,0,267.5,0.05,0.09,-2.71,0.06,May,2,2,4,3,Returning_Visitor,False,False
-3,-35.92,0,5.44,2,-316.16,0.01,0.05,0.0,-0.03,Mar,2,2,7,2,Returning_Visitor,False,False
12,281.0,0,-56.03,6,1375.5,-0.02,-0.01,10.71,-0.07,Mar,3,2,8,1,Returning_Visitor,True,False
0,59.09,0,10.28,16,309.31,0.01,0.04,5.51,-0.0,Mar,3,2,3,1,Returning_Visitor,False,False
0,0.0,0,0.0,5,454.75,0.026666667,0.05,-0.49,0.0,May,3,2,1,3,Returning_Visitor,False,False
1,13.44,0,0.0,10,266.5,0.01,0.05,0.0,0.0,Mar,2,2,3,1,Returning_Visitor,False,False
11,1211.62,3,257.01,108,3621.08,0.016945141,0.026110286,3.401438792,0.0,Nov,1,1,1,2,Returning_Visitor,False,False
1,5.95,0,11.77,-4,535.38,0.19,0.2,0.0,0.04,Mar,2,2,3,9,Returning_Visitor,False,False
2,139.01,0,0.0,-6,202.8333333,0.0,0.013333333,2.89,0.11,May,2,2,7,2,Returning_Visitor,False,False
4,177.33,1,15.48,89,3137.24,0.0,0.01,5.133911853,0.01,Oct,2,2,1,2,Returning_Visitor,False,False
2,131.36,0,0.0,22,262.587619,0.01,0.01,0.0,0.0,Nov,2,2,4,2,New_Visitor,True,False
0,-148.8,1,58.0,41,2119.27,-0.01,0.028125,0.0,0.13,June,2,1,8,6,New_Visitor,False,False
6,118.0,0,652.16,-20,791.8,0.01,0.02,1.297677921,0.13,Sep,2,2,4,3,Returning_Visitor,False,False
1,40.05,0,-8.85,27,1383.7,0.022222222,0.05,0.0,-0.0,Oct,2,2,1,1,Returning_Visitor,False,False
0,0.0,0,-27.16,49,1384.016667,0.01,0.03,0.0,0.0,Nov,2,2,9,2,Returning_Visitor,False,False
2,41.52,0,5.56,15,212.1666667,0.0,0.01,5.68,0.0,Oct,2,2,9,2,New_Visitor,False,False
4,228.0,0,89.33333333,18,1204.67,0.0,0.01,79.95,0.0,Mar,1,4,4,2,New_Visitor,False,False
1,0.0,0,0.0,20,416.6666667,0.02,0.05,3.41,0.0,Nov,2,2,9,1,Returning_Visitor,False,False
0,9.41,0,-10.89,8,827.75,0.01,0.05,0.0,-0.01,Oct,2,4,4,2,Returning_Visitor,False,False
-2,63.0,0,-86.02,27,-1795.55,0.0,0.0,88.48,0.0,Dec,2,10,6,2,Returning_Visitor,False,False
0,-211.22,0,0.0,77,272.3333333,0.013333333,0.02,0.0,0.88,May,1,1,1,3,Returning_Visitor,True,False
3,114.88,0,0.0,36,1304.84,-0.0,0.02,0.0,0.01,Oct,1,1,3,2,Returning_Visitor,False,False
2,14.0,1,68.76,28,1254.44,0.0,0.03,0.0,0.02,Mar,2,2,1,1,Returning_Visitor,True,False
1,86.55,0,5.37,27,1702.64,0.011764706,0.012941176,7.64,-0.05,Nov,2,2,1,10,Returning_Visitor,False,True
1,0.0,1,-9.47,41,1321.322222,0.0,0.02,3.64,0.0,Oct,2,2,9,4,Returning_Visitor,False,False
0,15.5,0,0.0,19,550.0666667,0.0,0.01,17.28,0.03,Mar,2,2,9,6,New_Visitor,False,False
4,16.0,1,34.81,24,1631.09,0.0,0.01,-10.05,0.0,Oct,3,2,1,13,Returning_Visitor,False,False
0,8.48,0,0.0,8,-29.91,0.03,0.075,0.0,0.0,Mar,2,2,9,1,Returning_Visitor,False,False
1,2.6,0,4.69,1,169.43,0.2,0.2,-2.26,0.0,May,1,1,3,3,Returning_Visitor,False,False
7,-165.36,0,-43.07,20,3763.000758,0.02,-0.03,60.97,-0.03,Sep,2,4,9,8,Other,False,True
3,41.0,0,0.0,46,2749.666667,-0.0,0.005555556,0.0,-0.01,Mar,2,2,2,2,Returning_Visitor,True,False
1,0.0,0,0.0,5,-78.14,0.03,0.06,0.0,0.0,Nov,1,1,4,2,Returning_Visitor,False,False
4,111.54,1,35.72,11,976.0,0.0,0.02,0.0,0.01,May,3,2,1,3,Returning_Visitor,False,False
3,151.0,0,3.5,44,1836.4,0.01,0.03,3.14,-0.02,May,2,4,4,2,Returning_Visitor,False,False
5,40.55,0,22.91,10,1389.44,0.01,0.038888889,0.0,0.07,Mar,2,2,1,5,Returning_Visitor,False,False
3,129.75,0,22.43,58,2488.12,0.02,0.03,-5.97,-0.01,Aug,3,2,6,1,Returning_Visitor,False,False
2,54.3,1,0.0,42,1771.85,0.01,0.03,3.67,-0.01,Nov,2,2,1,2,Returning_Visitor,False,False
9,591.6636364,0,70.23,45,2504.413636,0.004918033,0.011662763,10.66,-0.0,Oct,1,2,2,2,Returning_Visitor,False,False
2,-0.64,2,0.0,26,599.5833333,0.0,0.01,9.33,-0.06,Feb,2,6,9,20,Other,False,False
3,86.78,0,25.93,34,1423.96,0.005405405,0.03,2.71,0.0,Mar,2,2,1,2,Returning_Visitor,False,False
2,14.5,0,10.05,26,672.875,0.0,0.032352941,2.8,0.0,Mar,2,2,9,1,Returning_Visitor,False,False
1,0.0,0,10.9,29,1031.08,0.0,0.02,0.0,0.0,Oct,2,2,3,2,Returning_Visitor,False,False
1,104.48,0,362.82,182,9951.359644,0.03,0.05,-27.01,0.0,Feb,2,2,1,1,Returning_Visitor,False,True
-2,-42.97,0,0.0,16,213.8,0.02,0.06875,0.0,0.0,Nov,2,2,1,4,Returning_Visitor,False,True
8,180.5,1,30.93,37,1725.13,0.0,0.03,-6.06,0.0,Oct,1,1,1,3,Returning_Visitor,True,False
0,48.0,0,165.08,-40,-33.71,0.05,0.1,-10.13,0.05,May,3,4,4,3,Returning_Visitor,False,False
5,158.54,1,0.0,26,137.0,-0.0,0.02,81.1,0.05,June,2,4,6,2,New_Visitor,True,False
0,25.65,0,15.91,27,1142.02,-0.0,0.014814815,9.37,0.01,Mar,2,2,1,2,Returning_Visitor,False,False
2,14.0,0,0.0,38,1441.910588,0.002469136,0.03,5.35,-0.0,Mar,2,2,3,2,Returning_Visitor,False,False
2,0.0,0,25.72,33,1738.472529,2.73e-05,0.04,0.0,0.0,Nov,2,4,4,2,Returning_Visitor,False,False
1,88.65,2,185.59,-12,-1870.36,0.003703704,0.15,3.01,-0.01,June,2,4,5,3,Other,False,False
4,63.64,1,0.0,42,1495.37,0.0,0.023696145,0.0,0.03,Mar,2,2,1,1,Returning_Visitor,True,False
2,60.16,0,0.0,30,1224.65,0.01,0.04,0.59,-0.0,Mar,2,2,1,1,Returning_Visitor,False,False
6,275.47,0,77.35,-4,446.9277778,0.0,0.0,-0.24,0.32,Feb,3,2,8,4,Returning_Visitor,False,False
1,14.91,0,20.31,-14,280.5,-0.0,0.01,-8.48,0.0,May,1,8,1,3,Returning_Visitor,False,False
0,6.23,0,0.0,9,350.8,0.02,0.06,-0.36,0.02,Mar,2,2,9,1,Returning_Visitor,False,False
0,0.0,0,19.01,13,148.37,0.02,0.08,-6.59,0.6,May,2,2,4,2,Returning_Visitor,True,False
1,26.08,0,0.0,5,67.0,0.01,0.04,0.0,0.03,Mar,2,2,3,2,Returning_Visitor,False,False
5,57.96,0,0.0,12,-571.79,0.015384615,0.030769231,0.0,-0.02,May,2,2,9,3,Returning_Visitor,False,False
0,0.0,0,-98.31,1,-148.57,0.19,0.2,2.46,0.24,Oct,1,1,1,6,Returning_Visitor,False,False
-2,-1.65,-1,-65.96,-102,-2550.65,0.025,0.11,-15.81,0.0,Nov,2,6,6,19,Returning_Visitor,True,False
0,47.34,0,2.52,-3,27.0,0.07,0.11,-1.46,0.06,May,3,2,1,3,Returning_Visitor,False,False
3,60.84,0,18.0,18,864.95,0.0,0.02,2.74,-0.0,Mar,2,2,3,1,Returning_Visitor,False,True
1,0.0,0,-10.62,23,575.11,0.01,0.05,7.95,0.03,Mar,2,4,7,2,Returning_Visitor,False,False
5,34.44242424,0,-19.35,38,297.85,0.04,0.07,0.0,0.07,June,2,1,1,3,Returning_Visitor,True,False
8,146.47,-1,0.0,24,1271.83,0.03,0.033333333,0.0,0.0,Dec,1,1,3,3,New_Visitor,True,False
0,0.0,-1,13.0,63,2088.56,0.01,0.015128205,0.0,-0.03,Aug,2,2,1,4,Returning_Visitor,False,False
-2,7.06,2,36.92,-25,-1313.03,0.057142857,0.12,-6.16,0.0,May,3,2,9,1,Returning_Visitor,False,False
12,311.4,5,434.3,414,23050.10414,0.02,0.011248517,0.0,0.04,Dec,2,2,3,6,New_Visitor,True,False
0,21.8,0,13.64,1,-69.15,0.01,0.04,3.48,0.04,Dec,3,2,1,2,Returning_Visitor,False,False
0,31.92,1,45.6,67,2568.675541,0.039047619,0.071984127,3.41,0.01,June,2,4,4,2,Returning_Visitor,False,True
0,71.76,0,0.0,16,0.0,0.21,0.2,0.0,-0.05,Feb,3,2,1,4,Returning_Visitor,False,False
1,-8.91,1,10.0,74,445.0,0.0,0.02,-4.38,-0.09,Nov,4,1,4,3,Returning_Visitor,True,False
5,186.81,0,-12.06,14,191.0,0.036363636,0.05,105.4,0.0,June,1,1,8,4,Returning_Visitor,False,False
-2,0.0,0,11.93,3,445.0,0.01,0.033333333,41.32,0.0,Mar,2,2,3,2,New_Visitor,False,False
0,0.0,0,7.1,6,0.0,0.21,0.2,0.0,0.0,May,3,2,2,3,Returning_Visitor,False,False
3,-75.81,1,728.76,173,8205.68794,0.01,0.039663918,-20.94,0.0,Nov,1,1,1,1,Returning_Visitor,False,True
2,64.54,0,48.78,48,379.4166667,0.002857143,0.0295,6.11,1.0,May,2,4,1,2,Returning_Visitor,True,False
0,-11.77,0,0.0,11,148.1666667,0.0,0.057142857,0.0,0.4,May,2,2,1,3,Returning_Visitor,False,False
0,19.64,0,-15.05,2,11.0,0.06,0.1,-2.64,0.05,Oct,3,2,1,3,Returning_Visitor,False,False
0,0.0,1,118.67,43,875.07,0.012878788,0.03,0.0,0.26,May,2,5,6,3,Returning_Visitor,True,False
4,85.4,1,19.34,20,-218.7,0.0,0.033333333,50.36347405,0.0,Jul,2,2,3,2,Returning_Visitor,False,True
5,145.55,0,-0.01,45,2151.0,0.0,0.03,3.78,0.0,Oct,2,2,1,1,Returning_Visitor,False,True
0,-10.6,0,0.77,45,1215.26,0.0,0.02,-1.66,-0.01,Nov,1,2,3,2,Returning_Visitor,False,False
3,66.4,0,31.84,28,957.74,-0.01,0.004761905,0.0,0.02,Dec,2,2,1,6,New_Visitor,False,False
0,0.0,0,-28.44,24,272.9,0.02,0.05,0.0,-0.06,Oct,1,1,7,1,Returning_Visitor,False,False
0,0.0,0,0.0,9,-604.0,0.0,0.02,-19.78,1.0,Feb,2,5,2,4,Returning_Visitor,True,True
0,65.68,0,455.44,112,-1150.29,-0.01,0.0,8.21,1.56,May,2,6,2,3,Returning_Visitor,True,False
2,-38.16,0,0.0,-129,-3802.85,0.0,0.025,0.0,0.05,Nov,5,2,1,1,New_Visitor,True,False
0,0.0,0,0.0,8,213.86,0.03,0.066666667,2.91,0.01,Mar,1,1,9,1,Returning_Visitor,False,False
0,0.0,0,0.0,24,1048.79,-0.01,0.008333333,9.83,-0.12,Oct,1,8,3,11,Returning_Visitor,False,False
4,82.91,0,0.0,9,820.63,0.0,0.03,0.0,0.0,Oct,1,1,9,7,Returning_Visitor,False,False
4,75.71,1,96.33333333,46,807.22,0.000571429,-0.01,2.690792571,0.04,Mar,3,2,2,4,Returning_Visitor,True,False
4,115.8888889,1,45.5,27,528.34,0.01,0.03,14.50274386,0.0,Nov,3,2,1,2,Returning_Visitor,False,False
0,19.94,0,10.34,23,954.21,0.21,0.2,7.31,0.2,May,1,1,3,2,Returning_Visitor,False,False
0,1.8,0,-19.76,11,841.39,0.02,0.063888889,0.0,0.0,Mar,2,2,4,1,Returning_Visitor,False,False
1,46.98,0,-11.67,57,2160.42,0.01,0.0275,3.55,0.0,Oct,2,2,1,2,Returning_Visitor,False,False
1,0.0,0,-14.43,20,343.22,0.0,0.033684211,0.0,0.8,May,4,2,2,4,Returning_Visitor,True,False
1,0.0,1,-0.08,-1,732.07,0.03,0.062641723,-8.16,0.02,Nov,3,2,1,13,Returning_Visitor,False,False
3,16.29,1,50.5,9,297.0833333,0.0,0.02,-2.37,0.0,Mar,2,2,1,2,Returning_Visitor,True,False
3,59.5,0,0.0,3,-625.03,0.033333333,0.05,1.87,0.0,Aug,1,8,7,11,Returning_Visitor,False,False
6,20.4,0,51.65,17,203.03,0.01,0.03,2.06,-0.07,Aug,2,2,3,3,Returning_Visitor,False,False
1,20.68,2,43.15,15,445.5,0.01,0.05,0.0,0.02,Nov,2,2,1,2,Returning_Visitor,False,False
-1,31.02,0,0.52,-5,954.0833333,0.03,0.061527778,-4.59,0.05,Oct,3,2,1,13,Returning_Visitor,False,False
2,64.31,0,17.59,21,805.0992979,0.02,0.04,8.781144231,0.0,Nov,2,2,1,2,Returning_Visitor,False,False
2,115.4,0,0.0,20,2846.833333,0.02,0.0475,0.0,-0.0,Oct,2,2,1,2,Returning_Visitor,False,False
0,0.0,0,-60.77,3,0.0,0.04,0.06,8.87,0.27,May,1,1,4,4,Returning_Visitor,True,False
6,513.8333333,-1,0.0,-4,-323.65,0.02,0.01754386,30.21878011,0.0,Jul,2,4,4,2,Returning_Visitor,False,True
3,82.57,1,0.0,40,-24.53,0.01,0.02,8.87,0.03,May,2,2,9,4,Returning_Visitor,False,False
-2,-43.57,0,0.0,1,1722.866667,0.01,0.075,4.4,0.07,June,2,2,6,1,Returning_Visitor,False,False
0,-47.5,3,416.0,-84,-4428.88,0.01,0.1,5.2,0.01,Jul,2,2,3,2,Returning_Visitor,False,False
3,82.42,1,33.31,24,182.4166667,0.0,0.01,3.5,0.02,Mar,3,2,3,2,Returning_Visitor,False,False
6,156.0,1,58.54,26,1033.066667,0.02,0.03,-13.08,0.0,May,1,1,4,3,Returning_Visitor,True,False
1,25.2,-1,-135.97,-54,238.5333333,0.0,-0.01,18.71,0.0,Oct,8,2,1,20,Returning_Visitor,False,True
1,4.0,1,25.96,38,1199.160606,-0.0,0.00070922,3.64,0.01,Oct,2,2,3,2,Returning_Visitor,False,False
2,16.35,0,3.84,1,327.45,0.13,0.2,0.0,0.39,Feb,1,1,3,1,Returning_Visitor,True,False
2,52.0,0,4.54,21,221.2,-0.0,0.001754386,33.92,0.0,Mar,2,2,4,6,New_Visitor,False,False
0,35.0,0,0.0,4,-56.58,0.0,0.04,5.24,-0.01,Mar,2,4,7,2,Returning_Visitor,False,False
0,0.0,0,0.0,2,114.62,0.04,0.08,0.87,0.0,Oct,1,1,1,4,Returning_Visitor,False,False
9,393.2666667,0,0.0,4,366.5833333,0.00952381,0.013809524,0.0,0.0,Dec,2,4,4,2,Returning_Visitor,False,False
1,0.0,0,23.23,27,1472.75,0.0,0.022222222,0.0,-0.01,Oct,2,2,2,1,Returning_Visitor,False,False
0,-8.32,0,0.0,56,3421.575758,0.01,0.02,0.0,-0.02,Nov,2,2,1,10,Returning_Visitor,False,False
4,141.25,-1,-40.54,112,3278.44,0.02,0.03,0.0,0.0,Dec,2,2,5,2,Returning_Visitor,False,False
3,103.13,1,23.41,50,1780.12,-0.0,0.006942149,4.41,0.0,Nov,2,2,1,2,Returning_Visitor,False,False
2,78.61,0,0.0,18,69.0,0.0,0.02,6.19,0.03,Oct,2,2,3,2,Returning_Visitor,False,False
0,0.0,0,12.25,2,208.5,0.02,0.07,4.46,0.07,Mar,3,2,1,5,Returning_Visitor,False,False
4,87.18,1,46.57,35,1486.52,0.0,0.02,2.77,0.0,Oct,2,2,1,2,Returning_Visitor,False,False
3,98.27,0,0.0,22,1135.166667,0.007407407,0.03,-0.62,0.16,May,1,1,1,3,Returning_Visitor,False,False
0,5.89,0,0.0,28,1219.79,-0.01,0.02,-6.77,0.04,Oct,3,2,3,1,Returning_Visitor,False,False
0,0.0,0,-1.53,1,316.99,0.04,0.08,0.0,0.04,Oct,1,1,1,1,Returning_Visitor,False,False
3,170.8333333,1,31.28,4,634.21,0.01,0.04,0.0,0.33,May,3,2,2,2,Returning_Visitor,False,False
2,41.39,0,0.0,3,264.59,0.02,0.05,-2.09,0.06,Mar,1,1,1,1,Returning_Visitor,False,False
-2,-80.84,0,33.16,-3,-348.92,0.01,0.04,0.0,0.05,Feb,1,1,4,8,Returning_Visitor,False,False
1,183.2,0,39.73,13,849.36,0.02,0.03,0.0,0.0,Mar,4,1,4,2,Returning_Visitor,True,False
0,0.0,0,-26.42,10,436.27,0.02,0.025,56.11,0.0,May,2,2,3,4,Returning_Visitor,False,False
7,704.93,4,68.12,144,3674.803673,0.01,0.01,-15.52,0.44,Aug,3,2,4,13,Returning_Visitor,False,False
1,33.45,1,18.63,23,892.42,0.01,0.04,0.0,0.0,Mar,1,1,4,2,Returning_Visitor,True,False
3,122.92,0,-12.3,30,1312.87,0.02,0.038461538,3.35,0.2,May,2,2,1,1,Returning_Visitor,False,False
0,0.0,1,-14.36,14,680.27,0.0,0.01,121.49,0.0,Sep,2,2,1,2,Returning_Visitor,False,False
20,1524.5,-1,85.82,109,3307.57,0.0,0.001851852,-3.68,0.0,May,4,1,4,3,Returning_Visitor,False,True
4,73.33333333,1,14.28,45,1543.75,0.0,0.02,0.0,-0.01,Nov,2,2,1,2,Returning_Visitor,False,False
3,45.0,0,-11.58,27,1595.04,0.02,0.05,0.33,0.07,May,2,2,1,3,Returning_Visitor,False,False
3,85.14,1,6.92,15,117.0,0.0,0.01,1.55,0.0,Nov,2,2,1,2,New_Visitor,True,False
3,74.05,2,0.0,15,92.33333333,-0.01,0.05,151.83,0.18,June,1,1,8,2,Returning_Visitor,False,False
0,0.0,0,-8.06,22,1388.67,-0.0,0.01,5.23,0.0,Oct,2,2,1,2,New_Visitor,False,True
8,253.43,0,-3.95,92,4447.110508,0.01,0.013146819,0.0,-0.01,May,2,2,1,2,Returning_Visitor,False,True
5,1023.0,0,111.92,107,4681.894444,0.02,0.04,0.0,-0.09,Aug,4,2,6,2,Returning_Visitor,False,False
4,93.19,1,60.66,28,1018.73,-0.0,0.007017544,-9.07,0.0,Oct,3,2,1,4,Returning_Visitor,True,False
0,-132.51,1,26.13,13,560.49,0.0,0.02,14.59,0.28,Mar,2,1,2,3,New_Visitor,True,False
5,123.5,2,117.12,37,-262.51,0.002,0.01,0.0,0.01,Oct,2,2,9,2,Returning_Visitor,False,False
0,2.36,0,5.07,26,862.7916667,0.0,0.02,4.94,0.02,Mar,2,2,1,2,Returning_Visitor,False,False
8,51.46,2,-84.53,20,2831.97,0.01,0.03,0.0,-0.27,Sep,2,4,4,5,New_Visitor,False,False
6,391.19,0,-221.81,93,2541.85,0.013333333,0.02,0.0,0.0,Nov,3,2,1,2,Returning_Visitor,True,False
1,44.0,0,11.35,22,1000.68,0.01,0.04,3.28,0.0,Mar,2,2,1,1,Returning_Visitor,False,True
2,38.0,0,0.0,27,125.55,0.0,0.05,79.0,0.6,May,1,4,6,2,Returning_Visitor,False,False
0,86.4,1,0.0,19,922.64,0.01,0.04,12.45,0.02,Mar,3,2,1,2,Returning_Visitor,False,False
0,0.0,9,1779.166667,12,1891.5,0.01,0.07,-9.65,0.6,Sep,2,2,9,10,New_Visitor,False,False
-1,-38.04,0,0.0,12,900.5,0.011538462,0.026923077,0.0,-0.03,Nov,1,1,1,6,Returning_Visitor,False,False
1,61.4,0,-8.38,36,1427.58,0.0,0.01,4.25,0.0,Oct,2,2,2,2,Returning_Visitor,False,False
1,13.59,0,0.0,-19,-1369.43,0.030769231,0.08,3.74,0.0,Nov,1,1,4,2,Returning_Visitor,False,False
1,4.0,2,0.0,15,377.5,0.0,0.002040816,69.7132141,0.0,Nov,8,4,9,20,Other,False,False
2,9.31,0,0.0,41,813.6016667,0.004878049,0.037398374,0.0,-0.01,Nov,1,1,3,1,Returning_Visitor,False,False
2,77.35,0,0.0,31,1226.54,0.01,0.03,4.06,0.0,Mar,2,2,1,2,Returning_Visitor,False,True
20,199.4562728,7,887.35,-11,1452.91,0.01,0.02,0.150650498,0.0,Aug,2,2,1,1,Returning_Visitor,False,False
3,41.2,1,-6.32,71,2632.189286,-0.0,0.008611111,2.81,0.0,Jul,2,2,1,2,Returning_Visitor,True,False
0,-178.49,0,830.85,36,1246.39,-0.0,0.050933333,-9.69,0.98,May,1,1,2,3,Returning_Visitor,False,False
0,-8.25,0,0.0,11,71.16666667,0.066666667,0.083333333,-0.21,0.0,Oct,1,1,9,1,Returning_Visitor,False,True
5,104.83,0,22.92,28,888.0,0.014285714,0.011428571,0.0,0.05,Mar,1,1,4,3,Returning_Visitor,True,False
0,-81.15,-1,-37.99,51,1066.339286,0.012195122,0.043292683,0.0,-0.03,Nov,2,2,3,4,Returning_Visitor,False,False
4,197.54,1,71.96,20,701.43,0.0,0.013333333,4.27,0.01,Oct,3,2,2,2,Returning_Visitor,False,False
4,72.53,3,80.0,15,779.4,-0.0,0.039945665,1.002042069,0.0,Nov,1,1,1,2,Returning_Visitor,False,True
6,54.42,0,38.81,34,1760.86,0.023809524,0.030213239,5.53,0.0,Jul,2,2,2,1,Returning_Visitor,True,False
2,97.88235294,0,-18.84,58,2293.59902,0.01,0.033973374,6.7485,-0.01,Feb,2,2,7,1,Returning_Visitor,False,True
0,8.11,0,-9.25,6,1210.62,0.0,0.033333333,0.0,0.0,May,4,8,2,3,Returning_Visitor,False,False
1,40.56,0,6.22,44,1891.55,0.008897485,0.029431012,2.98,0.0,Oct,2,2,9,2,Returning_Visitor,False,False
0,16.34,0,0.0,12,57.8,0.028571429,0.06,0.0,0.0,Mar,3,2,3,1,Returning_Visitor,False,False
1,29.2,1,12.47,4,680.09,0.014285714,0.03,125.8,-0.0,Sep,1,2,1,2,Returning_Visitor,False,True
4,35.0,1,614.79,87,20.0,0.03,0.04,10.85,0.12,Nov,4,2,6,3,Returning_Visitor,False,False
0,0.0,1,21.08,14,118.25,0.0,-0.0,91.41,0.02,Feb,2,2,3,2,New_Visitor,False,False
3,117.0,1,0.0,22,543.8,0.01,0.019047619,6.69,0.03,Mar,2,2,9,2,Returning_Visitor,False,False
2,23.2,0,0.0,3,-267.74,0.08,0.12,0.0,0.0,Nov,2,2,1,5,Returning_Visitor,False,False
2,92.87,0,-12.26,27,1642.08,0.0175,0.04,4.8,0.15,May,2,2,1,3,Returning_Visitor,False,False
0,0.0,0,0.05,8,931.35,0.02,0.06,17.5,-0.06,Dec,1,8,2,9,Returning_Visitor,False,False
2,38.5,0,23.14,10,952.02,0.026666667,0.06,0.0,0.04,Oct,1,1,1,1,Returning_Visitor,False,False
2,36.2,3,508.21,4,48.0,-0.02,-0.03,0.0,-0.17,Nov,1,1,1,4,New_Visitor,True,False
0,0.0,0,51.77,8,-751.03,0.05625,0.1,1.93,0.24,May,1,8,7,3,Returning_Visitor,False,False
6,215.69,0,0.0,35,1639.66,0.01,0.018513906,20.97239726,0.0,Oct,2,2,1,2,Returning_Visitor,False,True
0,23.35,0,0.0,15,755.25,0.026666667,0.05,0.71,0.0,Nov,1,1,1,2,Returning_Visitor,True,False
5,216.13,0,98.97,67,2413.754403,0.0,0.01,0.0,0.01,Dec,1,1,7,2,Returning_Visitor,False,False
4,57.43,0,0.0,30,331.55,0.0,0.017777778,0.0,0.0,Nov,4,1,1,3,Returning_Visitor,True,False
2,37.0,1,18.0,25,3928.24,0.0,0.007142857,0.0,0.0,May,2,2,2,2,New_Visitor,True,False
3,57.5,0,-35.78,95,3106.5,0.024722222,0.03,0.36,-0.01,Nov,3,2,1,1,Returning_Visitor,False,False
4,145.33,2,0.0,37,163.25,0.033333333,0.033333333,162.82,0.6,May,1,2,3,10,Returning_Visitor,False,False
0,0.0,0,11.74,22,1400.13,-0.0,0.01,5.43,0.02,Oct,2,2,1,6,New_Visitor,False,False
5,121.99,0,0.0,34,777.2125,0.0,0.0,11.4,0.01,Mar,2,2,1,2,Returning_Visitor,False,False
3,188.17,1,119.05,11,637.86,0.0,0.03,0.0,0.26,Mar,4,1,1,6,Returning_Visitor,False,False
1,19.0,1,40.81,50,2408.579762,0.0,0.03,1.38,0.0,Nov,2,2,1,2,Returning_Visitor,False,False
3,80.12,0,42.67,28,1318.12,0.0,0.02,1.83,0.03,Mar,2,2,1,2,Returning_Visitor,False,False
1,-22.36,1,24.35,33,375.5547619,0.04,0.07,-1.12,0.05,May,2,1,5,3,Returning_Visitor,False,True
0,-150.37,6,-138.73,2,44.4,0.0,0.08,112.44,-0.24,Sep,2,10,3,1,New_Visitor,False,False
0,27.7,0,51.56,49,927.97,0.0,0.01,0.0,-0.01,Nov,1,1,7,2,Returning_Visitor,False,False
5,169.5,1,59.48,36,990.4642857,-0.01,0.01,-2.5,0.0,Mar,1,1,3,2,Returning_Visitor,True,True
2,53.0,0,0.0,4,1865.98,0.02,0.031513142,-7.73,0.0,Oct,3,2,1,13,Returning_Visitor,False,False
1,129.36,0,0.0,6,341.36,0.0,0.0625,4.73,0.03,Mar,2,4,4,2,Returning_Visitor,False,False
-4,-119.9,2,449.0,107,1688.2494,0.0,0.016407828,2.385969641,0.0,June,2,4,4,1,Returning_Visitor,False,False
0,0.0,0,-17.95,50,2227.86,0.004545455,0.03,3.49,0.0,Nov,2,2,1,2,Returning_Visitor,False,False
2,347.18,2,50.0,30,-413.61,0.0,0.02125,27.21,-0.23,Mar,2,5,1,8,Returning_Visitor,False,False
0,0.0,0,0.0,4,1993.38,0.03,0.03,-4.66,0.16,May,3,2,4,13,Returning_Visitor,False,False
0,35.23,0,-2.14,1,0.0,0.22,0.2,-1.38,0.0,May,2,2,4,1,Returning_Visitor,False,False
0,-78.9,0,-9.22,90,1474.5,0.0,0.02,-1.75,-0.01,Oct,1,1,3,3,Returning_Visitor,False,False
0,8.79,1,0.0,16,732.11,0.00625,0.03,3.06,-0.02,Nov,3,2,2,2,Returning_Visitor,False,False
1,0.0,0,0.0,35,894.0,0.0,0.015384615,11.55,0.0,Mar,2,2,3,2,Returning_Visitor,False,False
0,63.75,0,0.0,25,774.7288136,0.0,0.02,0.68,0.02,May,1,8,6,1,Returning_Visitor,False,True
2,53.5,0,14.98,52,2019.828571,0.0,0.015734266,2.7,0.0,Nov,2,2,1,2,Returning_Visitor,False,False
0,212.47,0,0.0,-29,147.07,0.0,0.1,-5.28,0.0,May,2,4,4,1,Returning_Visitor,False,False
3,57.07,0,14.92,35,1484.69,0.0,0.03,0.0,-0.01,Mar,2,2,1,2,Returning_Visitor,False,False
8,248.5,5,1182.74,9,410.55,0.01,0.02,3.66,0.0,Dec,2,2,4,2,Returning_Visitor,False,False
0,-1.21,0,1.48,45,1898.55,0.0,0.03,0.0,0.0,Nov,2,2,1,1,Returning_Visitor,False,False
3,190.56,8,1676.79,143,2668.47,-0.03,0.02,0.0,1.31,May,1,1,3,6,Returning_Visitor,False,False
3,95.79,0,0.0,51,1670.71,0.01,0.025,0.0,-0.02,Nov,1,1,1,2,Returning_Visitor,False,False
2,67.0,0,13.31,42,652.99,-0.01,0.016666667,0.0,-0.04,Sep,1,8,6,1,Returning_Visitor,False,False
0,0.0,0,0.0,4,124.5,0.04,0.07,1.45,0.06,May,1,1,9,3,Returning_Visitor,False,False
0,0.0,0,13.2,30,-326.05,0.02,0.05,5.46,-0.04,Jul,3,2,2,2,Returning_Visitor,False,False
3,94.8,0,12.79,14,966.5,-0.0,0.02,-8.3,0.04,Mar,3,2,3,1,Returning_Visitor,False,False
9,1130.502941,0,-88.94,25,-3.99,0.0,0.05,20.30438949,0.01,Nov,1,2,1,2,New_Visitor,False,False
0,0.0,0,-13.28,12,1077.0,0.02,0.054545455,1.02,0.0,Oct,2,2,1,1,Returning_Visitor,False,False
0,38.56,0,-22.61,18,1069.93,0.023529412,0.03,13.2,0.03,May,2,2,7,2,Returning_Visitor,False,False
0,-25.92,0,0.0,45,841.83,0.0,0.05,4.39,0.0,Nov,2,4,4,1,Returning_Visitor,False,False
3,118.0,1,0.0,-15,96.25,-0.0,0.02,0.0,0.0,Dec,8,13,9,20,Other,False,False
2,122.33,0,1.93,5,0.0,0.02,0.05,-0.78,0.04,Oct,3,2,1,1,Returning_Visitor,False,False
3,134.39,0,-16.65,85,2664.7,0.003914141,0.01,43.71856886,0.0,Nov,1,1,1,4,Returning_Visitor,False,True
0,13.04,0,0.0,16,572.9,0.011111111,0.038888889,10.4,0.01,Dec,2,2,3,2,Returning_Visitor,False,False
6,90.59,3,869.0,34,771.5916667,-0.01,-0.01,5.08,0.0,Mar,2,4,4,4,Returning_Visitor,False,False
7,62.58,0,0.0,-10,1784.34,0.08,0.2,0.76,0.0,Nov,1,1,8,1,Returning_Visitor,False,False
2,25.35,0,0.0,-12,-531.36,0.2,0.2,-3.65,0.0,Mar,1,1,6,1,Returning_Visitor,True,False
9,249.5,0,0.0,49,2506.333333,0.01,0.041369048,13.99708333,0.56,Feb,2,4,2,6,Returning_Visitor,False,True
3,121.71,0,16.53,37,1729.45,0.0,0.008695652,87.25396293,-0.07,May,1,2,7,2,New_Visitor,False,True
1,25.22,0,50.48,28,2066.67,0.0,0.016666667,0.0,0.03,Mar,3,2,2,2,Returning_Visitor,True,False
4,91.28,0,-15.24,68,2241.844444,0.0,0.01,2.75,0.03,Oct,2,2,3,2,Returning_Visitor,False,False
-1,28.09,0,54.4,14,421.7857143,0.03,0.06,0.0,-0.03,Mar,1,1,7,2,Returning_Visitor,False,False
3,174.92,-1,11.0,92,738.51,0.03,0.026417863,14.97,0.6,May,3,2,4,3,Returning_Visitor,False,False
4,106.99,0,9.11,38,1524.702381,0.0,0.02,0.0,0.01,Mar,2,2,3,2,Returning_Visitor,False,False
2,93.02,0,40.91,23,501.6666667,0.01,0.04,4.25,0.05,Oct,1,1,1,2,Returning_Visitor,False,False
-1,-122.01,0,0.0,85,348.6,-0.01,0.03,0.0,0.0,Aug,1,8,7,3,Returning_Visitor,False,True
0,-12.64,0,0.0,3,61.75,0.02,0.066666667,-1.82,0.02,Feb,2,2,4,1,Returning_Visitor,False,False
0,12.06,0,-2.12,13,-534.46,0.1,0.14,-4.65,0.01,Nov,3,2,1,3,Returning_Visitor,False,False
0,0.0,0,0.0,22,1507.01,0.0,0.002272727,43.23,0.0,May,2,2,1,8,New_Visitor,False,False
1,48.5,0,-27.77,7,31.5,0.0,0.026666667,15.17,0.08,Dec,2,2,1,2,New_Visitor,True,False
0,31.97,0,0.0,-7,186.0666667,0.146666667,0.15952381,9.06,0.05,June,3,2,6,13,Returning_Visitor,False,False
6,190.4166667,0,117.8,78,3913.98703,0.01,0.03,-5.99,0.0,Nov,2,2,1,1,Returning_Visitor,False,False
2,-43.81,7,0.0,80,5180.33,-0.03,0.011330049,-47.34,0.08,Mar,2,4,9,6,Other,True,False
5,119.27,0,17.62,67,2611.44,0.0,0.010971792,0.0,0.0,Oct,2,2,1,1,Returning_Visitor,False,False
13,66.6,0,294.44,13,-1241.67,-0.02,0.013333333,3.43,-0.06,Oct,2,2,6,20,Returning_Visitor,False,False
0,-154.79,0,0.0,49,123.1666667,0.022222222,0.06,-15.79,-0.06,Nov,2,1,9,3,Returning_Visitor,False,False
-2,0.0,0,0.0,6,216.04,0.02,0.06,0.0,0.0,Oct,2,2,1,2,Returning_Visitor,False,False
9,89.16666667,0,-20.81,31,1595.42,0.01,0.013333333,7.46,0.03,Mar,2,2,3,2,Returning_Visitor,False,False
0,0.0,0,-48.92,1,47.66,0.2,0.21,2.83,-0.02,Dec,3,2,4,1,Returning_Visitor,False,False
3,78.97,0,0.0,53,2248.914286,0.01,0.029349567,6.57,-0.04,Jul,2,2,2,2,Returning_Visitor,False,True
8,731.43,9,545.65,58,717.6166667,-0.0,0.004761905,60.19477937,0.0,Sep,2,5,1,2,Returning_Visitor,True,True
0,15.71,0,0.0,23,455.0833333,-0.0,0.010526316,-9.18,0.0,Oct,4,1,7,4,Returning_Visitor,True,True
0,0.0,0,0.0,28,1074.17,0.01,0.04,1.5,0.0,Mar,2,2,9,1,Returning_Visitor,False,False
5,189.74,2,79.24,71,3439.733242,-0.0,-0.01,40.41,-0.09,May,2,2,4,2,New_Visitor,False,False
2,6.57,4,199.5,133,2146.49,0.01,0.02113009,0.0,0.02,Nov,2,2,4,2,Returning_Visitor,True,False
1,34.86,0,0.0,10,1009.4,0.018181818,0.065367965,2.14,0.0,Mar,2,2,1,1,Returning_Visitor,False,False
-1,0.0,0,0.0,5,424.68,0.04,0.07,0.0,0.09,May,3,2,2,3,Returning_Visitor,False,False
1,0.0,0,0.0,7,1780.99,0.0,0.025,17.79,0.0,June,2,2,6,5,Returning_Visitor,False,False
3,9.0,-1,0.0,18,558.1933333,0.0,0.02,0.0,-0.0,Mar,2,2,3,1,Returning_Visitor,False,False
1,0.0,0,0.0,29,244.1666667,0.0,0.030769231,-5.37,0.0,May,1,8,3,3,Returning_Visitor,False,False
1,78.35,0,-23.64,21,456.83,0.022916667,0.05,7.103020833,0.0,Mar,3,2,3,1,Returning_Visitor,False,True
-1,0.0,0,0.0,164,193.6666667,0.007407407,0.03,0.0,1.0,May,1,8,7,4,Returning_Visitor,True,False
2,59.5,0,0.0,26,813.0,0.03,0.05,0.0,-0.03,May,2,2,1,4,Returning_Visitor,False,False
3,19.72,1,123.11,68,1677.666667,0.01,0.03,-4.48,0.0,June,2,2,7,1,Returning_Visitor,False,False
2,0.0,0,0.0,28,1034.87,-0.0,0.01,2.62,0.0,Mar,2,2,4,2,Returning_Visitor,True,False
0,0.0,0,0.0,7,-605.94,0.06,0.09,-2.57,-0.02,Oct,1,1,9,3,Returning_Visitor,False,False
0,0.0,0,0.0,4,-625.56,0.1,0.13,1.49,0.02,Mar,1,1,1,3,Returning_Visitor,False,False
5,166.06,0,24.68,13,-607.88,-0.0,0.007692308,72.52283848,-0.02,Nov,2,4,4,2,Returning_Visitor,False,True
0,0.0,0,-10.78,20,987.1,0.02,0.05,3.79,0.03,Jul,2,2,1,1,Returning_Visitor,True,True
2,88.63,0,0.0,22,797.78,0.01,0.03,-1.62,0.0,Mar,3,2,2,1,Returning_Visitor,False,True
5,147.4,0,-13.04,12,1428.35,0.03,0.03,5.034409251,0.02,Sep,2,2,4,1,Returning_Visitor,False,True
1,97.5,1,0.0,5,634.2,0.01,0.04,2.97,0.03,Oct,2,2,1,2,Returning_Visitor,True,False
0,30.43,0,6.84,25,750.5904762,0.01,0.036957672,2.4,-0.01,Oct,2,2,1,2,Returning_Visitor,False,False
-1,-173.18,1,526.58,15,409.14,0.02,0.046666667,0.0,0.04,Jul,2,2,6,1,Returning_Visitor,False,False
0,0.0,0,0.0,35,1533.13,0.0,0.015530303,9.429362483,0.0,Mar,2,2,2,2,Returning_Visitor,False,False
8,242.69,0,0.0,207,5160.451362,0.002296651,-0.0,5.33,0.0,Nov,2,2,1,2,Returning_Visitor,False,False
2,90.35,0,25.79,21,1027.0,0.01,0.04,3.17,-0.01,Mar,2,2,9,2,Returning_Visitor,False,False
9,654.86,6,262.97,161,4985.82,0.0,0.01660575,11.14,0.0,Oct,2,2,1,2,Returning_Visitor,True,False
1,23.26,0,9.16,3,28.6,0.0,0.03,5.28,0.01,Mar,2,2,3,2,Returning_Visitor,False,False
1,-13.32,0,0.0,28,834.57,0.0,0.01,0.0,0.01,May,3,2,1,3,New_Visitor,True,False
0,0.0,0,27.01,20,434.96,0.00952381,0.013492063,0.0,0.03,Oct,2,2,9,2,New_Visitor,False,False
0,37.54,0,14.1,-9,-784.26,-0.0,0.08,0.0,0.11,May,1,8,2,3,Returning_Visitor,False,False
2,76.05,0,-13.83,22,627.52,0.01,0.04,0.05,0.0,Mar,3,2,2,1,Returning_Visitor,False,False
1,0.0,1,-2.41,22,376.5166667,0.0,0.03,3.29,0.0,Nov,2,2,2,2,Returning_Visitor,False,False
2,17.48,0,0.0,21,653.0,0.008333333,0.04,0.0,0.04,May,2,2,1,3,Returning_Visitor,False,False
0,10.88,0,28.4,18,5.0,0.02,0.07,4.21,-0.0,Jul,2,2,1,1,Returning_Visitor,False,False
0,11.52,0,0.0,29,1619.95,0.01,0.05,1.26,0.01,Mar,2,2,1,1,Returning_Visitor,False,False
0,0.0,1,84.5,42,1593.82,0.004545455,0.04,-5.68,-0.03,Nov,2,2,1,2,Returning_Visitor,False,False
7,329.297619,0,75.0,32,1816.07,0.010810811,0.025900901,6.2,0.01,May,2,2,1,4,Returning_Visitor,False,True
1,102.74,0,-18.86,9,1096.75,0.0,0.0,0.0,0.0,Nov,3,2,3,10,Returning_Visitor,False,False
9,852.45,0,0.0,44,1781.49,0.0,0.01,0.5,0.0,Mar,3,2,1,2,Returning_Visitor,False,False
2,86.87,0,27.58,26,1282.41,0.01,0.03,18.85086521,0.0,Mar,1,1,1,2,Returning_Visitor,False,True
1,81.6,0,12.52,45,1491.58,0.04,0.072659574,0.0,-0.06,Jul,3,2,6,1,Returning_Visitor,False,False
3,37.3,4,-93.29,-48,-1294.07,0.039495923,0.07,2.341419718,0.0,Oct,3,2,3,9,Returning_Visitor,True,False
0,30.55,0,0.0,1,98.56,0.03,0.06,1.42,0.02,Mar,1,1,9,1,Returning_Visitor,False,False
0,0.0,0,-12.25,7,186.47,0.05,0.07,4.14,0.08,May,3,2,1,3,Returning_Visitor,False,False
2,47.35,0,26.28,19,1117.22,0.009090909,0.041915584,0.9,0.0,Mar,2,2,1,1,Returning_Visitor,False,False
5,116.97,0,0.0,21,237.6666667,0.0,0.01,0.0,0.05,Oct,2,2,9,2,New_Visitor,False,False
9,316.31,4,1162.42,36,4052.36,-0.0,0.026186255,-5.11,0.25,Feb,2,2,1,3,Returning_Visitor,False,False
3,54.79,1,147.82,95,2072.991919,0.005952381,0.036507937,9.18,0.6,May,2,2,1,2,Returning_Visitor,False,False
2,113.48,6,258.0,61,5233.590476,0.009090909,-0.01,50.57,0.0,May,3,2,4,14,Returning_Visitor,False,False
10,779.0,-1,104.37,41,2873.79,0.02,0.02747619,6.344631767,-0.03,Aug,1,2,2,2,Returning_Visitor,False,False
0,0.0,0,0.0,6,-295.11,0.2,0.2,0.0,0.02,May,3,2,2,3,Returning_Visitor,False,False
1,0.0,0,11.64,32,1799.666667,0.02,0.05,-0.35,-0.05,May,1,1,1,3,Returning_Visitor,False,False
0,15.45,1,30.5,24,968.59,0.02,0.06,0.0,0.0,Nov,2,2,1,2,Returning_Visitor,False,False
0,0.0,0,51.13,65,1772.21,0.02,0.034058957,-1.63,0.0,Nov,1,1,2,2,Returning_Visitor,False,False
1,52.59,1,39.13,16,874.29,0.0,0.02,0.0,0.04,Mar,2,2,1,2,Returning_Visitor,True,False
1,27.83,0,25.48,-1,320.6,0.03,0.066666667,4.09,-0.01,Mar,1,1,3,2,Returning_Visitor,False,False
-3,-129.11,0,0.0,4,895.01,0.0,0.066666667,-1.11,0.37,May,3,2,2,3,Returning_Visitor,False,False
5,18.31,0,-118.63,196,5246.435176,0.002616034,0.011613896,21.03233592,-0.03,Nov,2,2,9,3,Returning_Visitor,False,True
6,115.8,0,4.48,60,1516.73,0.007936508,0.02,0.0,0.0,Oct,2,2,1,3,Returning_Visitor,False,False
0,4.69,0,424.62,4,1113.9,0.05,0.08,0.0,0.01,Mar,1,1,1,3,Returning_Visitor,False,False
2,-55.28,0,-66.61,142,4974.76,0.005666252,0.03,-4.22,0.0,Jul,2,2,1,1,Returning_Visitor,True,False
12,169.5,2,724.0,-6,2642.07,-0.01,0.023761905,-20.68,-0.0,Nov,1,1,8,1,New_Visitor,False,False
2,71.39,0,-1.65,5,148.25,0.03,0.08,0.0,0.0,Nov,2,2,1,1,Returning_Visitor,False,False
0,-38.96,-1,28.39,8,517.5416667,0.0,0.01,-10.75,-0.07,Dec,1,1,3,8,New_Visitor,False,True
1,4.0,0,0.0,27,1244.2,0.01,0.04,0.0,0.0,Mar,2,2,1,1,Returning_Visitor,False,False
3,136.8,0,0.0,43,1949.63,0.01,0.014283416,3.464444066,0.01,Oct,2,2,1,2,Returning_Visitor,False,True
3,22.0,1,49.0,24,602.1666667,0.0,0.008695652,0.0,0.04,Mar,2,2,9,2,Returning_Visitor,True,False
0,0.0,0,61.68,13,231.73,0.0,0.02,2.43,0.01,Dec,2,2,5,2,Returning_Visitor,False,False
0,35.71,0,-20.73,33,1387.267857,0.01,0.03,0.0,0.0,Oct,3,2,2,1,Returning_Visitor,False,False
1,20.34,0,21.57,25,513.83,0.01,0.04,-1.18,0.01,Oct,1,1,3,2,Returning_Visitor,False,False
1,67.52,0,-17.69,4,636.0,0.01,0.025,7.13,0.2,May,2,2,2,2,Returning_Visitor,False,False
0,0.0,0,0.0,5,339.53,0.2,0.2,3.17,0.0,Oct,1,1,3,2,Returning_Visitor,False,False
1,48.5,0,18.25,35,336.87,0.01,0.02,-9.09,-0.05,Nov,1,1,1,3,Returning_Visitor,False,True
0,-37.19,0,53.12,2,11.0,0.0,0.03,97.73,-0.03,Dec,2,4,2,2,Returning_Visitor,False,False
3,103.42,0,13.95,28,1375.133333,0.01,0.020689655,4.01,0.01,Oct,2,2,1,2,Returning_Visitor,False,True
7,181.19,2,79.55,32,656.7681818,0.0,0.03,-2.17,0.02,Nov,3,2,1,1,Returning_Visitor,False,False
3,49.33333333,5,303.25,7,148.5,0.0,0.03,0.0,0.29,Aug,3,2,2,6,Returning_Visitor,False,False
8,398.7,0,18.21,37,1678.28,0.01,0.01047619,-0.53,-0.0,May,2,2,1,2,Returning_Visitor,False,False
2,61.67,0,35.0,15,557.3333333,0.01,0.04,0.12,0.02,Mar,2,2,1,2,Returning_Visitor,False,True
6,177.05,1,44.19,34,2228.54,0.003571429,0.01,9.865125,0.0,May,2,2,1,4,Returning_Visitor,False,True
4,107.5333333,2,68.76,20,925.95,0.011764706,0.014705882,8.43,0.0,Mar,1,1,1,2,Returning_Visitor,True,False
0,0.0,0,0.0,10,-203.66,0.146666667,0.14,0.0,0.0,May,3,2,7,3,Returning_Visitor,False,False
1,143.13,0,0.0,14,967.72,0.01,0.03,31.3094364,0.0,Mar,2,2,1,2,Returning_Visitor,False,True
0,0.0,-1,0.0,26,31.2,0.08,0.1,4.75,-0.03,Aug,2,2,6,3,Returning_Visitor,False,False
0,14.8,0,-7.16,67,2473.52,0.0,0.01840796,15.99,0.03,May,2,2,1,4,Returning_Visitor,False,False
2,0.0,1,0.0,22,249.0,0.0,0.03,8.14,0.0,Mar,2,2,9,1,Returning_Visitor,False,False
5,147.55,1,60.33,19,742.6875,0.01,0.03,5.14,0.0,Mar,2,2,1,2,Returning_Visitor,False,True
4,81.58,0,0.0,29,1569.12,0.01,0.012857143,6.31,0.0,Mar,2,2,1,2,Returning_Visitor,True,False
-1,0.0,0,0.0,22,423.18,0.03,0.075,3.1,-0.03,Nov,2,2,3,2,Returning_Visitor,False,False
0,0.0,1,0.0,-35,517.1,0.01,0.1,0.0,0.0,Dec,3,8,3,13,Other,False,False
3,74.18,1,0.0,54,1805.88,0.006666667,0.005925926,0.0,0.0,Nov,2,2,1,2,Returning_Visitor,False,False
5,186.5,0,45.99,16,1140.91,0.02,0.04,2.14,0.0,Mar,2,2,1,1,Returning_Visitor,False,True
4,185.9904762,1,45.11,26,1251.93,0.01,0.020876741,3.64,0.0,Oct,2,2,1,2,Returning_Visitor,False,False
4,246.8,0,0.0,19,2031.87,0.04,0.05,0.0,0.0,Sep,3,2,4,1,Returning_Visitor,False,False
1,17.58,0,-27.59,9,689.88,0.0125,0.04,-8.72,-0.01,Oct,3,2,3,1,Returning_Visitor,False,False
8,317.28,2,-12.22,75,1822.841667,-0.01,0.01,27.11,-0.02,Dec,2,2,1,2,Returning_Visitor,False,False
8,1347.75,-2,-0.88,50,3410.875,0.019871795,0.05,0.0,0.0,Mar,4,2,1,2,Returning_Visitor,False,False
0,0.0,1,0.0,66,1624.75,0.013636364,0.025515152,7.88,0.0,Nov,2,2,5,2,Returning_Visitor,False,False
0,17.18,0,23.0,70,2476.86,0.0,0.03,2.66,-0.03,Nov,2,2,1,1,Returning_Visitor,False,False
-6,0.0,0,0.0,26,-2361.63,0.0,-0.03,92.4822063,0.25,Aug,2,6,7,12,Returning_Visitor,False,True
3,50.01,1,0.0,73,2784.8,0.0,0.01,6.135982448,0.02,Mar,2,2,1,2,Returning_Visitor,True,False
6,238.31,6,1343.25,50,4713.61,0.0,0.037170572,0.0,0.09,Feb,2,2,1,1,Returning_Visitor,False,False
5,105.0,0,0.0,35,999.0,-0.0,0.005714286,0.0,0.0,Oct,2,2,3,1,New_Visitor,False,False
1,79.62,0,20.2,6,82.77,0.05,0.08,110.55,0.0,Nov,4,2,8,2,Returning_Visitor,False,False
1,0.0,0,4.24,28,1006.257576,0.0,0.015196078,6.49,0.0,Mar,2,2,1,2,Returning_Visitor,False,False
4,304.32,1,0.0,189,4409.22,-0.01,-0.01,0.0,-0.04,Dec,4,8,3,1,Returning_Visitor,False,False
6,163.88,2,71.1,49,1276.76,0.0,0.0,19.4,-0.25,Oct,2,5,6,8,Returning_Visitor,False,True
0,0.0,0,0.0,7,532.65,0.0,0.066666667,4.51,0.03,Mar,2,2,9,1,Returning_Visitor,False,False
1,1677.67,0,194.18,2,511.25,0.0,0.02,36.93,-0.14,Dec,4,5,1,2,Returning_Visitor,False,True
3,79.6,1,0.0,23,1078.74,0.0,0.008214286,0.0,0.12,Sep,2,2,2,2,Returning_Visitor,False,False
8,331.24,2,-54.37,57,351.5,0.01,0.05,-3.57,0.07,Oct,2,2,5,20,Returning_Visitor,True,False
0,0.2,0,214.05,11,1821.31,0.02,0.06,-12.3,0.03,Mar,4,1,2,1,Returning_Visitor,False,False
14,283.25,0,78.84,104,1166.166667,-0.01,0.004761905,-12.68,0.0,Nov,1,1,6,20,Returning_Visitor,True,True
2,88.69,0,-8.89,33,1538.21,0.01,0.03,4.12,0.01,Oct,2,2,1,2,Returning_Visitor,False,True
0,0.0,1,0.0,41,1762.89,0.01,0.04,0.44,-0.01,Nov,2,2,1,2,Returning_Visitor,False,False
1,98.99,0,-59.26,33,1114.01,0.01,0.05,0.0,0.74,May,4,1,2,2,Returning_Visitor,True,False
0,31.97,0,5.32,1,-550.21,0.22,0.2,0.0,0.02,May,3,2,1,3,Returning_Visitor,False,False
0,4.92,0,36.34,25,295.85,0.0,0.008333333,2.44,-0.05,Sep,1,8,6,4,Returning_Visitor,False,False
4,134.5,5,330.0,7,1551.3,-0.03,-0.01,0.0,-0.1,Nov,1,1,1,6,New_Visitor,False,False
2,49.85,1,0.0,9,-181.27,-0.0,0.018181818,37.51854545,0.0,May,2,2,9,4,New_Visitor,False,True
11,129.86,11,722.52,38,3369.97,-0.0,0.02,18.09,-0.31,May,3,2,1,4,Returning_Visitor,True,False
0,-5.85,0,0.0,9,0.0,0.01,0.07,3.5,0.0,Mar,2,2,9,1,Returning_Visitor,False,False
13,135.1,3,-486.53,105,6695.24,0.022222222,0.030246914,101.01,-0.61,Aug,2,5,2,11,Returning_Visitor,True,False
0,0.0,0,0.0,13,2259.99,0.0,0.04,11.51,-0.13,Mar,2,2,1,1,New_Visitor,True,False
0,9.1,0,-28.03,12,-1231.5,0.066666667,0.11,0.0,0.01,Nov,4,1,1,3,Returning_Visitor,False,False
-2,0.0,0,41.24,6,140.45,0.2,0.18,-1.19,-0.07,May,3,2,1,4,Returning_Visitor,False,False
4,13.61904762,1,15.4,21,520.3333333,0.0,0.020322581,8.497935484,0.05,Mar,3,2,2,1,Returning_Visitor,True,False
4,18.6,1,0.0,21,833.12,0.0,0.013388945,37.42337649,0.02,Feb,2,2,4,1,New_Visitor,True,False
-1,23.93,0,19.49,4,759.6666667,0.013043478,0.04,12.65,0.0,May,2,2,1,4,Returning_Visitor,False,False
7,123.5,1,45.67,46,477.5,0.005,0.012,0.0,0.0,Oct,2,2,9,4,Returning_Visitor,False,False
4,57.0,0,4.99,36,1457.31,0.01,0.03,-5.18,0.09,May,2,2,3,3,Returning_Visitor,False,False
3,87.81,1,48.48,18,1090.533333,0.01,0.026086957,3.84,0.03,Oct,2,2,1,2,Returning_Visitor,False,True
1,93.12,0,-16.4,15,494.19,0.0,0.1,6.16,0.0,Nov,1,8,1,11,Returning_Visitor,True,False
0,11.32,0,5.81,7,58.0,0.02,0.066666667,-0.22,0.0,Mar,2,2,9,1,Returning_Visitor,False,False
3,62.36,0,-19.47,31,1334.47,-0.0,-0.0,3.38,0.02,Oct,2,2,1,4,New_Visitor,True,False
5,124.21,0,-42.55,9,1069.97381,0.01,0.012466437,-2.95,-0.01,Dec,2,1,3,10,Returning_Visitor,False,False
0,0.0,0,0.0,32,1461.04,0.01,0.033333333,4.74,0.01,Oct,2,2,1,2,Returning_Visitor,False,False
6,112.0,1,95.23,-2,1328.18,0.02,0.05,-5.8,0.16,Mar,1,1,1,5,Returning_Visitor,False,False
3,69.15,0,27.07,27,1196.66,0.01,0.03,0.48,0.02,Mar,2,2,1,2,Returning_Visitor,False,False
5,84.59,0,0.0,21,775.3333333,0.0,0.009090909,0.0,0.01,Mar,2,2,1,3,Returning_Visitor,True,False
0,0.0,0,92.34,32,2875.83,0.0,0.01,0.0,0.4,May,3,2,1,13,Returning_Visitor,False,False
2,70.6,0,0.0,30,1505.04,0.0,0.02,7.57,-0.02,Oct,2,2,1,1,Returning_Visitor,False,False
3,101.61,0,0.0,23,1050.32,0.01,0.03,0.0,0.04,Oct,1,1,1,1,Returning_Visitor,False,False
0,0.0,0,-14.71,1,5.83,0.01,0.06,13.7,0.01,Mar,2,4,7,2,Returning_Visitor,False,False
5,879.5,-1,-75.11,7,1088.91,0.02,0.04,18.01,0.0,Nov,4,2,1,10,Returning_Visitor,False,False
4,228.72,0,22.4,4,637.66,0.0,0.008333333,4.65,0.0,Oct,1,2,1,1,New_Visitor,False,False
3,85.01,0,-16.83,26,781.5,0.007692308,0.030769231,8.6,0.2,May,2,2,3,2,Returning_Visitor,False,False
2,34.9,1,0.0,-23,-583.22,0.005555556,0.024074074,76.51,0.0,May,2,4,3,2,Returning_Visitor,False,False
0,21.67,0,5.3,6,-98.69,0.2,0.2,0.42,0.01,May,2,2,1,3,Returning_Visitor,False,False
2,79.2,0,-21.56,34,1011.916667,0.01,0.018285714,5.13,-0.03,May,2,2,4,2,Returning_Visitor,True,False
0,21.0,0,8.84,31,1082.13,0.01010101,0.04,0.0,0.0,Oct,2,2,1,2,Returning_Visitor,False,False
6,231.59,1,25.96,6,287.2916667,0.0,0.0,66.41,0.0,May,1,4,6,2,New_Visitor,False,False
0,0.0,0,2.77,16,1042.37,0.03,0.06,0.0,0.03,Oct,1,1,1,2,Returning_Visitor,False,False
1,37.87,0,0.0,11,755.25,0.01,0.041666667,1.71,0.0,Mar,2,2,1,1,Returning_Visitor,False,True
2,62.47,-1,-37.8,32,958.25,-0.01,-0.01,28.52,0.0,Dec,2,2,1,6,New_Visitor,False,False
0,0.0,0,0.0,24,318.75,0.0,0.03,0.74,0.0,Nov,2,2,2,2,Returning_Visitor,False,True
2,3.1,0,0.0,5,30.4,0.05,0.08,0.0,-0.05,Aug,2,2,6,1,Returning_Visitor,False,False
0,-68.07,1,0.0,-5,-318.31,0.2,0.2,-9.28,0.0,Nov,1,1,1,13,Returning_Visitor,False,False
0,36.09,0,-22.63,18,504.2333333,0.02,0.06,3.71,0.01,Oct,3,2,1,1,Returning_Visitor,False,False
4,53.86,1,8.0,31,1152.58,0.0,0.025,3.12,0.04,Mar,2,2,1,1,Returning_Visitor,True,False
0,6.0,0,-15.03,25,302.9833333,0.018181818,0.06,0.0,0.6,May,2,2,3,2,Returning_Visitor,False,False
0,30.75,0,26.08,14,93.03,0.2,0.2,0.0,0.2,May,3,2,1,3,Returning_Visitor,False,False
7,96.0,5,99.0,58,1153.51,0.0,-0.0,43.0,0.0,Mar,3,2,1,2,Returning_Visitor,True,False
3,116.57,1,21.25,16,702.11,0.0,0.01,27.86366003,0.05,Mar,3,2,1,2,Returning_Visitor,True,False
0,159.55,0,82.34,3,185.0,0.025,0.033333333,0.0,0.04,Dec,3,2,7,10,Returning_Visitor,False,False
3,188.75,0,0.0,33,1852.29,0.005405405,0.02,10.03,0.0,Oct,1,1,1,2,Returning_Visitor,False,False
1,71.56,0,29.25,38,1849.66,0.0,0.007142857,11.37,0.0,Oct,2,2,1,2,Returning_Visitor,False,False
3,76.73,0,0.0,16,906.74,0.0,0.03,0.0,0.0,Oct,1,1,9,3,Returning_Visitor,False,False
9,372.93,0,29.66666667,28,2211.608333,0.008888889,0.010251724,45.12,0.03,Oct,4,2,2,1,Returning_Visitor,False,True
1,86.66,0,0.0,32,863.09,0.01,0.02,10.75,-0.02,May,3,2,1,4,Returning_Visitor,False,False
8,274.5,0,128.79,127,5883.040509,0.0,-0.0,0.0,0.53,May,1,1,6,6,Returning_Visitor,False,False
2,14.0,1,-40.39,35,950.66,0.01,0.08,0.0,0.8,May,2,4,1,6,Returning_Visitor,False,False
3,552.2,0,-130.19,-3,829.8,0.074418605,0.06,0.0,0.0,Feb,3,2,1,13,Returning_Visitor,False,False
7,204.5,2,37.74,52,1941.083333,0.01754386,0.029824561,25.28,0.44,May,1,8,2,13,Returning_Visitor,False,False
1,41.0,0,0.0,34,1337.245455,-0.0,0.02,-3.37,0.0,Oct,1,8,3,3,Returning_Visitor,False,False
9,236.8,0,0.0,-136,-2352.43,0.0,0.03,33.31,-0.38,Oct,1,5,1,20,Returning_Visitor,False,True
0,-208.94,3,62.75,24,-12.31,-0.01,0.038461538,72.06822266,0.11,Nov,1,1,8,2,Returning_Visitor,False,False
4,79.57,1,0.0,57,2223.4,0.0,0.01,3.84,-0.0,Nov,2,2,1,2,Returning_Visitor,True,True
0,0.0,0,0.0,45,1930.26,0.01,0.033333333,11.27,0.04,Mar,3,2,1,5,Returning_Visitor,False,False
11,1291.57,2,258.25,40,1352.833333,-0.01,0.015733333,-26.91,-0.17,Oct,3,6,1,4,Returning_Visitor,True,False
1,-29.72,0,261.79,54,286.0,0.02,0.03,0.98,-0.04,Nov,2,10,6,1,Returning_Visitor,False,False
0,128.64,-2,-108.98,5,1371.16,0.1,0.11,17.44,-0.02,Dec,3,2,7,10,Returning_Visitor,False,False
1,5.0,0,3.66,41,1704.56,-0.0,0.005654762,8.56,-0.0,Oct,2,2,3,2,Returning_Visitor,False,False
1,125.85,0,0.0,94,1576.205078,0.01,0.015506059,6.03,0.19,May,3,2,9,3,Returning_Visitor,False,False
0,0.0,3,37.06,32,2895.129762,0.001626016,0.02,142.23,-0.03,Oct,1,2,1,10,Returning_Visitor,False,True
1,0.0,1,56.89,15,598.6,0.0,0.04,0.0,0.0,Jul,2,2,1,1,Returning_Visitor,False,False
0,18.09,0,0.0,17,538.9666667,0.03,0.05,0.0,0.0,May,2,2,5,3,Returning_Visitor,False,False
8,174.5,0,-99.43,44,1731.46,0.0,0.006060606,0.0,0.0,Mar,1,1,3,2,Returning_Visitor,True,False
0,-22.98,0,0.0,4,128.5,0.07,0.114285714,-7.61,0.0,Mar,2,2,9,1,Returning_Visitor,False,False
2,69.83333333,0,0.0,133,4885.049069,0.0,0.01,15.95538838,0.0,Nov,2,2,1,2,Returning_Visitor,False,False
-1,0.0,0,0.0,41,800.18,0.0,0.01,58.74,-0.06,Dec,1,1,7,2,Returning_Visitor,False,False
-1,0.0,0,0.0,4,39.95,0.03,0.07,5.45,-0.01,Jul,2,2,1,1,Returning_Visitor,False,False
3,144.97,0,21.98,43,1746.8,0.01,0.02,-7.21,0.0,Oct,3,2,4,1,Returning_Visitor,False,False
0,0.0,0,-71.25,44,1901.78,0.0,0.02,14.12,0.0,Nov,1,1,1,2,New_Visitor,True,False
7,255.8,-1,0.0,85,6743.39876,0.013768116,0.03,0.0,0.0,May,2,2,2,2,Returning_Visitor,False,False
15,161.764411,5,227.25,287,6254.420122,-0.01,-0.01,91.99,1.26,May,2,2,3,2,Returning_Visitor,True,False
17,246.08,3,61.6,14,-1291.52,0.0,0.0,59.8,0.0,June,2,2,3,3,Returning_Visitor,False,True
2,58.02,0,-4.73,4,470.52,0.03,0.06,0.25,0.02,Mar,2,2,4,1,Returning_Visitor,True,False
2,86.88,0,-1.96,30,1374.23,0.01,0.03,3.99,0.0,Mar,2,2,1,2,Returning_Visitor,False,True
2,56.37,1,10.62,21,-33.87,0.016,0.06,17.72722287,0.06,Feb,2,4,5,2,Returning_Visitor,False,True
1,63.7,0,-27.63,40,2297.801282,0.01474359,0.05,2.96,0.4,May,2,2,1,2,Returning_Visitor,False,True
2,91.8,0,40.28,10,249.0,0.0,0.020833333,0.0,0.0,Oct,2,2,9,2,Returning_Visitor,False,False
4,100.0,0,53.76,18,954.9083333,0.0,0.02,0.0,0.03,Oct,2,2,1,2,Returning_Visitor,False,False
4,120.66,-1,0.0,25,2451.55,0.01,0.04,0.0,-0.03,Mar,2,4,2,1,Returning_Visitor,False,False
2,94.7,0,0.0,15,1098.2,-0.0,0.02,-2.45,0.0,Oct,2,2,1,2,Returning_Visitor,False,True
0,-40.28,0,20.91,5,-497.7,-0.0,0.04,0.0,0.0,Mar,1,1,7,1,Returning_Visitor,False,False
5,106.71,0,0.0,26,1465.07,0.01,0.06,12.99,0.03,Mar,2,4,2,1,Returning_Visitor,False,False
4,139.74,1,4.07,114,3515.92,0.006666667,0.016180556,3.16,0.0,Nov,2,2,1,2,Returning_Visitor,False,False
12,654.86,7,664.92,178,4781.55,0.0,0.00327381,0.0,0.0,May,3,6,2,8,Returning_Visitor,True,False
1,6.0,0,-0.33,9,89.5,0.02,0.05,2.43,0.04,Mar,1,1,9,1,Returning_Visitor,False,True
-2,0.0,0,0.0,-46,-447.01,0.02,0.12,0.0,0.0,Jul,1,5,2,5,Returning_Visitor,False,False
0,0.0,0,0.0,13,623.82,0.0,0.020833333,10.49,0.0,Mar,2,2,3,2,Returning_Visitor,False,False
0,27.33,0,0.0,2,-292.38,0.2,0.2,0.0,-0.02,Mar,3,2,9,1,Returning_Visitor,False,False
3,11.33333333,0,0.0,20,1993.73,0.0,0.03,0.0,0.07,Mar,2,2,1,5,Returning_Visitor,False,False
1,46.77,0,-15.49,13,166.0,0.03,0.06,0.0,0.01,Nov,3,2,1,1,Returning_Visitor,False,False
9,205.21,0,0.0,29,2083.07,0.01,0.04,0.0,-0.05,Jul,3,2,8,1,Returning_Visitor,False,False
0,0.0,0,39.88,6,102.0,0.0,0.03,0.0,0.12,May,2,2,9,3,New_Visitor,False,False
15,1433.04,3,108.28,23,2128.704568,0.005714286,0.04,16.19731984,0.0,Oct,2,2,1,2,Returning_Visitor,False,False
0,0.0,0,0.0,19,816.99,0.0,0.044736842,0.0,-0.0,Nov,2,2,1,2,Returning_Visitor,False,False
7,-20.54,2,841.38,21,612.75,0.0,0.03,-9.82,0.0,Jul,2,2,2,3,Returning_Visitor,False,True
6,296.0416667,-1,46.25,52,1573.4,0.036885246,0.061460507,-13.88,-0.02,Jul,1,1,3,1,Returning_Visitor,False,False
2,196.18,0,-71.49,4,0.0,0.04,0.1,0.0,0.0,Oct,4,1,1,1,Returning_Visitor,False,False
3,137.2,0,0.0,-32,1191.8875,0.0,0.02,-10.01,-0.04,Nov,3,2,8,10,Returning_Visitor,True,False
9,410.54,5,29.93,107,3613.42,0.003138528,0.03,5.866248908,0.0,June,2,1,1,8,Returning_Visitor,False,False
8,241.28,2,102.0,15,1185.24,0.007407407,0.015873016,14.12,0.0,Oct,1,1,1,2,Returning_Visitor,False,False
0,-37.99,0,-52.86,30,1101.3,-0.01,0.02,40.72,-0.01,Oct,2,4,3,1,New_Visitor,False,False
0,15.75,0,0.0,25,609.97,0.0,0.01,57.82,0.0,Dec,2,2,1,2,New_Visitor,False,False
-1,-15.07,0,0.0,-31,-1917.57,0.084615385,0.14,0.0,0.0,Mar,3,2,5,1,Returning_Visitor,False,False
0,52.86,2,110.83,-9,-1407.6,0.03,0.07,-10.35,0.1,May,1,8,7,4,Returning_Visitor,False,False
0,0.0,0,91.0,62,3006.883631,0.01,0.04,0.0,0.0,Jul,2,2,1,1,Returning_Visitor,False,False
3,0.0,0,0.0,4,166.07,0.08,0.09,14.93,0.17,May,2,2,4,3,Returning_Visitor,False,False
2,90.32,0,0.0,18,443.0,0.0,-0.01,24.2865,0.04,Mar,2,2,9,2,New_Visitor,False,True
3,281.9166667,0,6.0,83,2616.905952,0.01,0.033978772,0.0,-0.03,Nov,2,2,1,2,Returning_Visitor,False,True
3,0.35,0,11.07,14,1496.44,0.0,0.015384615,0.0,0.03,Mar,2,2,2,3,New_Visitor,True,False
1,48.02,0,-13.34,1,0.0,0.02,0.05,0.0,0.0,Nov,2,2,4,10,Returning_Visitor,False,False
0,0.0,0,0.0,19,522.39,0.01,0.04,-2.16,0.0,Mar,3,2,3,1,Returning_Visitor,False,False
-1,-82.19,0,0.0,-21,70.0,0.02,0.066666667,0.0,0.0,Jul,2,2,2,5,New_Visitor,False,False
2,155.55,0,27.98,50,3708.392857,0.01,0.03,11.7031641,0.0,Oct,4,1,2,2,Returning_Visitor,False,True
2,62.75,0,11.0,25,1456.45,0.02,0.04,0.0,0.1,May,2,2,1,3,Returning_Visitor,False,False
0,186.18,0,-55.86,50,2761.47,0.0,0.025,39.67,0.0,Oct,4,2,1,1,Returning_Visitor,False,False
0,41.16,0,-39.02,6,554.0,0.05,0.090123457,-0.95,0.04,Oct,1,1,1,1,Returning_Visitor,False,False
1,0.0,0,34.65,15,0.0,0.2,0.2,1.62,0.05,Dec,2,2,5,2,Returning_Visitor,False,False
1,0.0,0,0.0,32,-520.5,0.03,0.066547107,1.62,-0.04,Nov,1,1,9,3,Returning_Visitor,False,False
0,12.67,0,0.0,7,30.0,0.183333333,0.188888889,0.38,-0.02,May,2,2,1,3,Returning_Visitor,False,False
-2,-74.3,5,343.875,-50,-4071.98,-0.02,0.04,28.41708136,0.47,Oct,3,2,9,13,Returning_Visitor,False,True
2,22.62,0,0.0,19,-666.61,0.01,0.09,-7.96,1.0,May,3,2,1,1,Returning_Visitor,True,False
6,40.16666667,0,0.0,12,454.49,0.057142857,0.073412698,5.64,0.0,Mar,2,2,3,4,Returning_Visitor,False,False
1,26.0,1,6.0,103,3400.248897,-0.0,0.02,0.79,0.0,Nov,2,2,1,2,Returning_Visitor,False,False
2,42.0,-1,-30.93,16,602.0,0.014705882,0.04,0.0,-0.01,Oct,3,2,3,3,Returning_Visitor,False,False
0,46.74,0,0.0,-2,-845.85,0.18,0.2,10.57,0.0,Mar,3,2,3,1,Returning_Visitor,False,False
0,-86.73,-1,-29.87,31,-132.47,-0.04,0.01,-10.68,0.29,May,1,8,7,3,Returning_Visitor,True,False
-5,-97.44,1,-124.89,10,-1390.11,-0.02,0.03,77.42,0.51,Mar,2,2,3,2,Returning_Visitor,True,True
-1,49.52,0,13.93,4,7.0,0.14,0.15,-4.68,0.0,May,3,2,4,3,Returning_Visitor,False,False
2,57.6,0,23.18,16,381.6865079,0.01,0.06,10.08,0.04,Jul,2,4,2,2,Returning_Visitor,False,False
0,-2.18,0,1.16,25,1015.35,0.01,0.04,0.61,0.01,Mar,2,2,1,1,Returning_Visitor,False,False
0,0.0,2,0.0,86,2861.966667,0.0,0.034375,-1.34,0.01,Nov,2,2,9,2,Returning_Visitor,False,False
1,-101.5,0,0.0,12,250.25,0.05,0.083333333,0.0,0.01,Jul,1,8,1,3,Returning_Visitor,True,False
0,0.0,2,120.5,3,239.01,-0.0,0.025119048,0.0,0.02,Sep,1,8,2,2,Returning_Visitor,False,False
4,92.13,0,0.0,39,1263.9,0.0,0.01,25.57,0.02,Dec,2,2,9,2,Returning_Visitor,False,False
0,5.27,0,-14.68,6,-8.63,0.02,0.066666667,0.0,0.02,Oct,3,2,3,1,Returning_Visitor,False,False
0,-21.45,0,15.26,34,508.558547,0.01,0.027528909,0.0,0.02,Dec,2,2,7,2,Returning_Visitor,False,False
2,84.54,0,44.2,35,1553.53,0.01,0.03,-0.41,-0.02,Nov,2,2,1,2,Returning_Visitor,False,False
4,86.11,1,56.66,30,1187.5,0.0,0.016666667,3.53,0.01,Oct,2,2,1,2,Returning_Visitor,False,False
2,47.0,0,17.43,89,2618.57,0.0,0.004387373,0.46,-0.03,Nov,2,2,2,2,Returning_Visitor,False,True
5,295.85,1,56.99,10,657.2619048,0.0,0.06,119.55,0.07,Mar,1,4,2,2,New_Visitor,False,False
7,199.85,0,53.62,39,1267.453333,0.004761905,0.01,17.92758699,-0.03,Aug,2,2,2,4,Returning_Visitor,False,False
2,87.56,1,0.0,32,791.9166667,0.02,0.03,1.54,0.0,Aug,2,2,4,1,Returning_Visitor,True,False
7,214.8823529,0,-2.59,33,1182.106162,0.0,0.01,4.34,0.02,Oct,2,2,3,2,Returning_Visitor,False,False
-1,-13.76,0,0.0,1,1101.37,0.01,-0.03,0.0,0.13,May,5,2,4,20,Returning_Visitor,False,False
0,0.0,0,-28.65,17,98.3,0.07,0.08,0.0,0.0,May,1,1,5,3,Returning_Visitor,False,False
0,6.91,0,32.41,8,58.36,0.033333333,0.07,1.82,0.0,Mar,1,1,3,1,Returning_Visitor,False,False
3,61.11,0,30.01,9,643.44,0.02,0.06,2.92,0.0,Mar,2,2,9,1,Returning_Visitor,False,False
6,104.5,0,0.0,11,1206.75,0.03,0.06,-0.26,-0.0,Dec,4,1,4,5,New_Visitor,True,False
5,178.92,1,69.23,33,1017.576667,0.0,0.011842105,0.1,0.0,Mar,3,2,1,2,Returning_Visitor,False,False
0,0.0,0,-60.88,-37,-704.89,0.03,0.06,6.5,-0.03,Nov,1,1,6,2,Returning_Visitor,True,False
1,0.0,0,-2.57,47,1891.67,0.002777778,0.02,0.0,0.0,Nov,2,2,1,2,Returning_Visitor,False,False
3,29.38,0,28.11,94,2103.938772,0.0,0.02,1.47623044,-0.01,Jul,2,2,9,1,Returning_Visitor,False,False
2,48.43,-1,0.0,49,2259.736508,0.01,0.03,3.3,0.0,Dec,2,2,9,2,Returning_Visitor,False,True
3,95.59,0,20.76,26,1475.13,0.03,0.05,2.99,0.0,Aug,2,2,4,1,Returning_Visitor,False,False
4,221.68,-1,-60.01,57,2544.053571,0.01,0.015920398,62.40576241,0.0,Nov,4,2,1,2,New_Visitor,False,False
2,43.5,0,14.65,29,1253.25,0.01,0.03,0.0,0.01,Mar,2,2,1,1,Returning_Visitor,False,False
3,97.01,0,-13.84,40,1621.63,0.01,0.02,4.37,-0.02,Nov,2,2,1,2,Returning_Visitor,False,False
4,0.0,2,202.95,20,1157.4,0.0,0.01,139.12,0.0,Dec,1,2,3,2,New_Visitor,False,False
1,0.0,0,-31.62,37,-346.92,0.121621622,0.15,0.0,0.0,Jul,2,2,1,3,Returning_Visitor,True,False
0,0.0,0,-9.38,2,-187.99,0.2,0.2,0.0,0.03,Oct,3,2,2,1,Returning_Visitor,False,False
6,122.04,0,29.73,15,512.9,-0.01,0.00625,-16.59,0.01,Oct,1,1,3,8,Returning_Visitor,False,False
8,198.72,-1,-43.02,6,166.0,0.01,0.025,5.64,0.03,Jul,3,2,8,6,New_Visitor,True,True
2,28.5,-1,0.0,21,-1003.4,0.01,0.02,-18.47,0.0,Nov,4,2,6,20,Returning_Visitor,False,False
1,52.0,0,0.0,16,1491.26,0.0,0.01,0.0,0.03,Mar,2,2,1,6,New_Visitor,False,False
5,327.4,1,0.0,10,-482.87,-0.01,0.01,12.16,0.0,Dec,3,2,9,1,Returning_Visitor,False,False
2,67.86666667,0,7.19,25,1194.2,0.0,0.02,21.26,0.0,Oct,2,2,1,5,New_Visitor,False,False
0,-22.47,0,-10.69,0,166.0,0.03,0.071428571,-6.11,0.03,Mar,2,2,5,1,Returning_Visitor,False,False
0,0.0,0,8.85,6,99.0,0.19,0.192307692,-2.13,-0.01,May,2,2,1,1,Returning_Visitor,False,False
2,19.99,-1,-21.97,17,114.45,0.010526316,0.014035088,11.33,0.01,Mar,3,2,2,3,Returning_Visitor,True,False
3,0.0,0,0.0,23,49.5,0.02,0.016666667,0.0,0.08,Mar,2,2,3,2,Returning_Visitor,False,False
3,146.34,1,72.0,0,462.0,0.01,0.014285714,23.13,0.13,May,2,2,2,2,Returning_Visitor,False,True
1,102.78,0,0.0,35,535.25,0.0,0.01,48.6,-0.01,Dec,1,1,3,2,Returning_Visitor,False,False
0,0.0,0,-0.7,3,0.0,0.0,0.05,-10.16,-0.01,Mar,1,8,7,1,Returning_Visitor,False,False
2,61.69,0,17.89,12,140.0,0.0,0.033333333,4.06,0.01,Mar,3,2,3,1,Returning_Visitor,False,False
0,7.47,0,0.0,8,59.0,0.01,0.05,2.92,0.0,Mar,2,2,5,1,Returning_Visitor,False,False
7,222.75,0,82.89,31,1535.44,0.01,0.025098039,9.15,0.0,Dec,2,2,1,1,Returning_Visitor,False,False
0,-27.69,0,3.97,6,-30.66,0.025,0.075,-2.33,0.03,Mar,2,2,5,1,Returning_Visitor,False,False
0,0.0,0,-102.72,-1,140.24,-0.0,0.027868852,103.62,-0.08,Sep,3,4,1,7,New_Visitor,False,False
3,0.0,0,35.43,15,1151.64,-0.0,0.01,27.26,0.0,Mar,2,2,1,5,New_Visitor,False,False
0,-69.97,1,-238.99,-9,1167.39,0.0,-0.07,89.75,0.0,May,1,5,4,1,Returning_Visitor,True,False
-7,-128.48,0,0.0,4,403.0,0.06,0.1,0.0,0.0,May,3,2,3,15,Returning_Visitor,False,False
4,110.07,1,119.5,21,1109.36,0.0,0.016656739,2.24,0.02,Oct,2,2,1,2,Returning_Visitor,False,True
2,23.2,0,0.0,25,1433.09,-0.0,0.01,7.05,0.02,Oct,2,2,1,6,New_Visitor,False,False
2,0.0,2,168.49,-8,419.75,0.0,0.04,17.48,0.0,Dec,2,2,1,2,Returning_Visitor,False,False
5,127.57,0,0.0,24,176.8333333,0.0,0.0,6.21,0.0,Oct,2,2,9,4,New_Visitor,False,False
-1,0.0,0,-5.54,26,1132.791667,0.009090909,0.04,0.0,-0.02,Oct,4,1,7,1,Returning_Visitor,False,False
2,95.95,0,0.0,91,3383.55,0.008888889,0.023937057,2.73,-0.0,Oct,2,2,1,2,Returning_Visitor,False,False
2,92.98,0,16.65,28,2228.516667,0.0,0.008024691,7.42,0.0,Oct,2,2,4,2,Returning_Visitor,False,False
1,74.0,0,0.0,21,1945.28,0.01,-0.0,53.59,0.02,May,1,2,6,2,New_Visitor,False,False
6,142.5,1,48.5,14,733.25,0.0,0.02,151.05,0.01,June,1,2,8,2,Returning_Visitor,False,False
0,-58.61,0,-58.01,1,-684.91,0.24,0.2,-10.85,0.03,Mar,2,1,9,15,Returning_Visitor,True,False
0,0.0,0,0.0,-21,22.0,0.0,0.1,-3.03,0.0,Mar,2,4,9,3,Returning_Visitor,False,False
3,86.24,0,24.19,31,1483.39,-0.0,0.00137931,0.0,0.0,Oct,2,2,9,2,New_Visitor,True,True
3,33.0,1,1.13,45,1890.45,0.01,0.024444444,3.59,0.0,Oct,2,2,1,2,Returning_Visitor,False,False
9,265.4333333,0,-154.71,158,6801.9,0.003614458,0.01,0.0,0.16,Feb,2,2,8,2,Returning_Visitor,False,False
1,61.08,0,0.0,15,1180.0,0.01,0.03,37.69,-0.03,Oct,4,2,1,1,New_Visitor,False,False
9,169.05,4,1015.63,1,641.38,-0.01,0.021302211,0.78,-0.03,Mar,3,2,6,1,Returning_Visitor,False,False
0,-157.35,0,8.28,0,917.76,0.03,0.05,-0.66,0.0,Nov,1,1,7,10,Returning_Visitor,True,False
2,0.0,0,-89.24,4,999.01,0.01,0.05,0.0,0.6,May,4,1,5,3,Returning_Visitor,False,False
-1,0.0,0,0.0,12,513.25,0.0,0.01,5.3,0.0,Nov,1,2,1,6,New_Visitor,False,False
8,145.1,11,2166.5,20,1805.425,0.02,0.031138344,17.28,0.0,Mar,4,2,4,2,Returning_Visitor,False,False
1,9.0,0,0.0,36,1533.25,-0.0,0.006666667,22.47,0.0,Feb,2,2,2,2,Returning_Visitor,False,False
1,2.31,-1,101.03,22,1994.48,0.0,0.03,-1.35,0.02,Dec,2,2,1,1,Returning_Visitor,False,False
4,100.19,0,26.9,10,709.0,0.01,0.03,2.19,0.01,Mar,2,2,1,2,Returning_Visitor,False,False
2,36.4,0,-0.91,14,821.96,0.022222222,0.022222222,0.0,0.1,Mar,2,2,3,2,Returning_Visitor,True,False
4,90.75,0,38.2,88,2921.22,0.003409091,0.016287879,0.86,-0.01,Nov,2,2,1,1,Returning_Visitor,False,False
0,0.0,0,0.0,12,262.98,0.02,0.063636364,-1.76,0.02,Mar,2,2,9,1,Returning_Visitor,False,False
17,678.6,1,77.0,7,1021.619336,0.004545455,0.026479076,-18.85,0.0,Mar,1,1,3,1,Returning_Visitor,True,True
3,94.05,1,50.51,10,823.26,0.0,0.03,0.0,0.0,Oct,2,2,1,2,Returning_Visitor,False,False
4,93.15,0,-37.5,24,534.51,0.010967742,0.04,-6.06,-0.03,Nov,3,2,2,1,Returning_Visitor,True,False
1,4.35,0,0.0,12,917.64,0.0,0.041666667,0.0,0.0,Mar,2,2,1,1,Returning_Visitor,False,False
7,547.35,6,135.0,155,4013.52,0.005373737,0.012004543,112.6661365,0.41,Sep,3,2,3,2,New_Visitor,False,True
4,101.75,2,65.5,23,563.61,0.0,0.027235772,2.34,0.0,Nov,2,2,5,2,Returning_Visitor,False,False
16,1424.76,0,0.0,46,440.33,0.01,0.05,-6.74,0.0,Nov,1,2,1,2,Returning_Visitor,False,False
0,-3.95,0,14.8,12,910.84,0.0,0.018181818,5.12,0.0,Mar,2,2,1,2,Returning_Visitor,False,False
2,90.34,0,0.0,37,1940.293452,0.01717251,0.032369194,-1.21,0.0,Oct,1,1,1,2,Returning_Visitor,False,False
-2,0.0,0,-0.37,3,20.2,0.0,0.066666667,-2.62,0.0,Mar,3,2,9,1,Returning_Visitor,False,False
1,39.48,-1,-49.74,29,549.78,0.01,0.005555556,0.0,-0.0,May,3,2,4,7,New_Visitor,False,False
3,107.84,0,0.0,40,1850.116667,0.01,0.02,4.17,0.0,Oct,2,2,1,2,Returning_Visitor,False,True
3,96.47,1,56.47,60,2214.32,0.0,0.009230769,1.34,0.0,Nov,2,2,2,2,Returning_Visitor,False,True
-1,-11.4,1,21.18,23,118.5,0.0,0.042857143,-6.45,0.04,Feb,2,2,7,2,Returning_Visitor,False,False
-1,2.21,0,21.04,4,934.71,0.02,0.05,4.57,0.0,Mar,2,2,1,6,Returning_Visitor,False,False
0,0.0,0,0.0,3,119.0,0.04,0.08,-4.8,-0.02,Nov,1,1,6,2,Returning_Visitor,False,False
3,71.26,0,-10.02,2,0.0,0.02,0.05,0.0,0.0,Mar,3,2,1,3,Returning_Visitor,True,False
0,-0.89,0,-31.44,-14,0.0,0.2,0.2,-1.09,-0.02,Jul,3,2,3,13,Returning_Visitor,False,False
6,158.07,0,-117.13,25,1095.22,0.0,0.02,78.26,0.09,Jul,4,1,8,2,Returning_Visitor,True,False
1,-39.75,0,15.69,14,444.1,-0.01,0.016,0.0,0.02,May,1,8,2,3,Returning_Visitor,False,False
3,104.57,0,0.0,45,2122.26,-0.0,0.010416667,0.0,0.02,Mar,2,2,1,2,Returning_Visitor,True,False
1,137.9,0,0.0,22,625.09,0.0,0.013333333,0.0,0.03,Dec,3,2,1,2,Returning_Visitor,False,False
0,-6.76,0,0.0,13,688.46,0.01,0.046153846,0.0,0.0,Mar,3,2,1,1,Returning_Visitor,True,False
5,64.38,1,-37.32,17,1091.48,0.02,0.039,-1.34,0.04,Nov,2,2,1,13,Returning_Visitor,False,True
2,86.64,0,0.0,32,1364.46,-0.0,0.01,0.0,0.04,Dec,2,2,1,2,New_Visitor,True,False
5,202.15,0,13.58,15,1421.11,0.025,0.03,4.92,0.01,Mar,2,2,1,2,Returning_Visitor,False,False
2,71.46,0,0.0,27,832.0,0.01,0.03,4.52,0.0,Mar,2,2,9,2,Returning_Visitor,False,False
3,88.0,0,10.0,34,1390.388889,0.01,0.03,0.0,-0.0,Oct,2,2,1,2,Returning_Visitor,False,False
11,228.79,5,862.06,-75,-3658.31,-0.01,0.006407828,14.8513125,0.0,Feb,3,2,7,3,Returning_Visitor,False,True
4,122.34,0,0.0,29,1719.08,0.013793103,0.028965517,0.0,0.02,Mar,2,2,1,2,Returning_Visitor,True,False
0,21.43,0,-1.46,5,7.14,0.033333333,0.07,0.0,0.01,Mar,2,2,9,1,Returning_Visitor,False,False
4,77.33,0,0.0,45,1994.14,0.01,0.03,3.44,0.0,Mar,2,2,1,1,Returning_Visitor,False,False
0,-81.91,1,33.62,-14,60.4,0.0,0.07,-0.08,0.0,Nov,1,1,1,5,New_Visitor,True,False
5,281.0,0,0.0,28,453.75,0.0,0.005263158,0.0,0.0,Oct,2,2,5,2,Returning_Visitor,False,False
-1,0.0,1,-134.7,5,199.5,0.0,-0.02,73.87,0.01,Nov,5,2,1,3,Returning_Visitor,False,False
5,113.92,0,53.49,47,1985.86,0.0,0.02,0.0,0.01,Mar,2,2,9,1,Returning_Visitor,False,False
0,191.6,1,49.67,13,503.0,0.01,0.02,0.0,0.0,May,3,2,5,2,Returning_Visitor,False,False
0,82.45,1,0.0,-12,-4047.58,0.27,0.25,-22.99,0.14,Feb,2,5,1,3,Returning_Visitor,True,False
3,114.9,0,49.01,128,5946.275777,0.0,0.01,9.836180753,-0.04,June,2,2,2,2,Returning_Visitor,False,False
1,75.46,0,0.0,28,1152.93,0.02,0.04,1.51,0.0,May,2,2,4,2,Returning_Visitor,False,False
0,-7.34,-1,-20.94,14,1281.65,0.04,0.07,0.0,0.0,Mar,3,2,2,1,Returning_Visitor,False,False
6,68.92,1,37.24,25,2041.57,0.01,0.06,0.0,0.0,May,2,4,4,1,Returning_Visitor,False,False
2,-44.79,1,58.65,37,141.0,0.02,0.04,-3.01,-0.05,Aug,2,1,3,4,Returning_Visitor,False,False
0,0.0,0,0.0,23,1257.06,0.01,0.05,3.96,0.0,Mar,2,2,9,1,Returning_Visitor,False,False
2,24.5,1,28.9,219,4566.952839,0.01,-0.01,6.09,0.04,Nov,3,2,4,3,Returning_Visitor,False,False
0,0.0,0,0.0,110,4815.08,-0.0,0.013960708,0.0,0.0,Nov,2,2,1,2,Returning_Visitor,False,True
4,113.95,1,32.15,34,1456.63,0.0,0.009090909,-0.19,0.0,Oct,2,2,9,2,Returning_Visitor,False,True
0,-11.52,0,0.0,19,926.6333333,0.01,0.02962963,5.4,0.03,Mar,2,2,1,1,Returning_Visitor,True,False
-1,1.09,0,27.38,21,860.73,0.0,0.02,76.68,-0.02,Dec,1,1,1,2,New_Visitor,False,False
4,226.0,0,0.0,123,4836.486905,0.0,0.010714286,-2.01,-0.04,Nov,2,2,1,2,Returning_Visitor,False,True
-6,-89.19,-2,0.0,27,515.42,0.02,0.11,0.0,0.6,May,2,10,6,3,Returning_Visitor,False,False
3,68.28571429,1,-59.85,10,1394.95,0.02,0.02,13.24667166,-0.05,Nov,2,2,4,10,Returning_Visitor,True,True
6,-53.08,3,222.0,140,4685.49,0.01,0.05,-22.73,0.0,Jul,2,2,2,1,Returning_Visitor,True,False
2,148.99,0,4.26,35,1375.25,0.010526316,0.031578947,0.0,0.2,May,2,2,1,4,Returning_Visitor,False,False
7,967.1,0,-358.54,5,3597.88,0.0,0.028571429,40.69,-0.2,Dec,3,5,2,5,New_Visitor,False,False
0,51.04166667,0,5.95,1,458.42,0.0,0.02,-17.2,-0.03,Oct,1,1,1,8,New_Visitor,False,True
2,-12.85,1,0.0,2,40.5,0.0,-0.01,11.08,0.0,Dec,2,4,9,20,Other,False,False
0,24.41,0,0.81,18,1202.65,0.03,0.06,0.0,0.0,Oct,1,1,1,2,Returning_Visitor,False,False
2,0.0,0,27.16,51,1833.46,-0.0,0.01,0.0,-0.01,Nov,2,2,1,1,Returning_Visitor,False,False
4,195.53,0,-30.29,33,2052.61,0.006306306,0.01,5.185457275,0.09,May,2,2,6,2,Returning_Visitor,False,False
2,47.0,-1,0.0,17,178.68,0.04,0.06,0.0,0.0,Oct,1,1,9,3,Returning_Visitor,False,False
1,56.5,0,-35.96,41,1274.43,-0.01,0.0125,15.14864831,0.01,June,2,4,9,8,Other,False,True
3,159.44,0,0.0,8,1221.09,0.0,0.0125,0.0,0.02,Oct,2,2,1,2,New_Visitor,True,False
2,72.74,0,16.53,13,950.6666667,0.02,0.04,0.71,0.02,Mar,2,2,1,2,Returning_Visitor,False,False
3,103.28,0,0.0,34,1443.92,0.01,0.017058824,0.0,0.01,Oct,2,2,1,2,Returning_Visitor,False,False
6,114.24,0,0.0,18,292.5,0.0,0.01957672,0.0,0.0,Oct,2,2,5,1,Returning_Visitor,False,False
0,0.0,0,0.0,9,-165.83,0.05,0.08,-1.54,0.0,Oct,3,2,1,3,Returning_Visitor,False,False
1,7.91,0,-6.38,33,37.0,0.083333333,0.108333333,6.0,0.6,May,2,2,9,3,Returning_Visitor,False,False
0,20.75,0,-12.38,22,868.6785714,0.0,0.019722222,7.15,0.0,Mar,2,2,2,2,Returning_Visitor,False,False
4,112.71,0,23.53,39,1789.91,0.01,0.025666667,2.91,-0.01,Oct,2,2,1,1,Returning_Visitor,False,False
3,-114.13,2,14.2,21,359.23,0.05,0.05723545,-30.68,0.0,Nov,2,5,3,13,Returning_Visitor,False,False
0,12.2,0,0.0,21,1232.09,0.015789474,0.06,0.0,-0.01,Mar,2,4,4,1,Returning_Visitor,False,False
12,208.25,0,0.0,-45,-1809.28,0.000925926,0.04,0.0,0.0,Oct,1,2,4,16,Returning_Visitor,False,False
-6,-123.5,0,0.0,7,-215.65,0.0,0.057142857,17.38,-0.02,Nov,2,4,2,4,Returning_Visitor,False,True
0,0.0,0,0.0,47,2259.2,0.022222222,0.05,-1.68,0.2,May,2,2,7,1,Returning_Visitor,False,False
1,15.2,0,-25.18,53,2108.47,0.0,0.02,4.17,-0.01,Oct,2,2,1,2,Returning_Visitor,False,False
0,56.56,1,-22.42,32,889.73,0.036363636,0.040909091,27.31510469,0.02,June,3,2,1,1,Returning_Visitor,True,True
13,1366.47,1,79.72,60,1205.945238,0.01,0.01,49.84,0.0,Nov,1,4,3,2,Returning_Visitor,False,True
0,-35.92,0,5.86,6,-215.11,0.05,0.1,-0.75,-0.02,Mar,1,1,3,1,Returning_Visitor,False,False
0,16.73,0,0.0,29,349.51,-0.0,0.02,0.0,0.02,Oct,1,1,7,1,Returning_Visitor,False,False
0,0.0,0,15.26,24,706.55,0.00751634,0.03,0.0,0.05,Mar,1,1,6,2,Returning_Visitor,True,False
1,92.0,0,-35.84,38,1877.65,0.006896552,0.041810345,4.34,-0.0,May,2,4,4,4,Returning_Visitor,False,False
1,104.24,0,0.0,37,499.91,0.0,-0.02,90.9285217,-0.07,Nov,1,2,1,4,Returning_Visitor,False,True
0,0.0,0,0.0,2,468.54,0.03,0.07,0.0,0.0,Oct,1,2,1,1,Returning_Visitor,False,False
3,121.81,0,-12.84,24,844.66,0.02,0.04,0.18,0.0,Oct,4,1,1,3,Returning_Visitor,True,False
0,56.92,0,-12.53,109,4403.382777,0.01,0.011552302,7.18,0.0,Aug,2,2,6,2,Returning_Visitor,False,False
0,0.0,0,0.0,47,1653.6,0.016666667,0.027777778,10.97,0.0,Jul,2,2,2,2,Returning_Visitor,False,False
0,-15.93,0,0.0,26,987.5,0.0,0.02,7.83,0.0,Mar,2,2,3,1,Returning_Visitor,False,True
7,42.7,8,725.5,101,4713.8,-0.03,-0.01,-36.68,0.0,May,1,8,6,3,Returning_Visitor,True,True
2,21.0,1,0.0,18,657.1666667,0.0,0.025,24.06,0.0,May,2,2,1,4,Returning_Visitor,False,False
1,31.2,0,0.0,13,385.3,0.03,0.06,5.88,0.02,Oct,1,1,1,3,Returning_Visitor,False,False
12,509.53125,0,11.0,33,2032.599702,0.02,0.03,3.6,-0.02,Aug,2,2,1,1,Returning_Visitor,False,False
0,-41.01,0,0.0,5,23.0,0.11,0.15,-5.31,0.08,Nov,3,2,3,13,Returning_Visitor,False,False
2,992.7142857,4,809.5,145,6350.14,0.005714286,0.05,9.69917706,0.0,Feb,2,6,1,1,Returning_Visitor,False,True
11,403.49,2,91.5,-10,2.56,0.01,0.014667832,8.26,0.0,Oct,2,2,9,10,Returning_Visitor,False,True
-1,18.34,1,228.0,81,3028.62,0.009808489,0.029142563,48.84,0.0,Aug,1,2,2,2,Returning_Visitor,False,False
0,33.13,0,0.0,-6,-1316.5,0.2,0.2,-2.47,-0.01,Nov,3,2,2,11,Returning_Visitor,True,False
3,177.6,0,15.0,17,284.7833333,0.02,0.03,3.09,0.0,Mar,4,1,1,3,Returning_Visitor,True,True
1,0.0,-1,-79.92,23,975.75,-0.0,0.01,16.197,0.03,Dec,3,2,1,6,New_Visitor,True,False
1,0.0,0,54.57,28,1045.08,0.0,0.02,0.0,0.0,Mar,1,1,3,2,Returning_Visitor,False,False
-1,0.0,0,27.06,13,-80.68,0.22,0.2,0.0,0.0,May,3,2,4,3,Returning_Visitor,False,False
-1,66.87,0,-6.15,19,99.5,0.02,0.05,17.84,-0.02,Mar,1,1,7,2,Returning_Visitor,False,False
0,0.0,1,2.25,22,960.72,0.02,0.05,3.96,0.33,May,2,2,9,2,Returning_Visitor,False,False
5,-42.53,1,515.0,134,4719.49,0.0,0.008333333,-13.38,1.0,May,2,2,6,6,Returning_Visitor,False,False
-1,61.0,0,-8.63,19,-1033.56,-0.0,0.01,9.86,0.02,Feb,1,8,7,4,Returning_Visitor,True,True
7,0.0,1,573.49,30,599.9190476,0.0,0.004285714,0.0,0.0,Jul,2,2,8,4,Returning_Visitor,False,False
8,355.76,1,168.5,14,807.03,0.009090909,0.009090909,-12.27,0.02,Mar,1,1,3,6,Returning_Visitor,False,False
-4,-162.9,2,106.0,31,1508.521825,0.04,0.07,-13.32,0.06,Nov,3,2,1,13,Returning_Visitor,False,False
0,0.0,0,0.0,17,1760.01,0.05,0.08,-6.9,0.05,May,2,2,4,3,Returning_Visitor,False,False
1,78.67,0,0.0,24,753.09,0.01,0.04,-0.8,-0.01,Mar,3,2,2,1,Returning_Visitor,False,False
1,8.0,2,354.02,12,134.08,-0.0,0.024358974,0.0,0.08,Mar,2,4,3,2,Returning_Visitor,False,False
1,-57.52,6,0.0,23,-2169.87,0.0,0.021052632,76.78667659,-0.04,Nov,2,2,1,10,Returning_Visitor,True,True
0,-11.71,0,0.0,15,325.5,0.01,0.05,0.43,0.02,Mar,2,2,9,1,Returning_Visitor,False,False
0,0.0,0,0.0,26,938.43,0.0,0.017747748,-1.79,0.01,Mar,3,2,3,2,Returning_Visitor,False,False
0,0.0,0,-22.75,82,3247.433333,0.0,0.012804878,4.42,0.0,Nov,2,2,2,2,Returning_Visitor,False,False
4,180.27,0,0.0,34,835.66,0.039705882,0.059313725,0.0,0.03,Aug,3,2,1,3,Returning_Visitor,False,False
8,246.5,0,-166.63,123,2326.666667,0.0,0.04,5.015272727,0.87,May,2,4,3,2,Returning_Visitor,False,False
2,88.64,0,-71.53,9,232.8333333,0.01,0.04,21.64,0.32,May,1,1,3,1,Returning_Visitor,False,False
0,0.0,0,-13.05,6,24.0,0.01,0.05,3.26,0.01,Mar,2,2,5,1,Returning_Visitor,False,False
3,147.96,0,15.44,74,3237.114166,0.01,0.02,5.59,-0.01,Nov,4,1,2,2,Returning_Visitor,False,False
2,0.0,0,-30.93,15,0.0,0.02,0.04,0.74,0.01,May,3,2,2,3,Returning_Visitor,True,False
0,0.0,0,0.0,14,143.5,0.01,0.033333333,3.19,0.03,Mar,2,2,9,1,Returning_Visitor,False,False
-2,-140.66,0,37.76,67,5075.33,-0.0,0.023901833,0.0,-0.06,Nov,3,2,2,13,Returning_Visitor,False,False
1,7.0,2,384.87,17,-1964.72,0.0,0.019047619,0.0,0.0,Mar,3,2,2,8,Returning_Visitor,False,True
1,0.0,0,0.0,9,202.2,0.04,0.06875,0.0,0.01,Dec,2,1,5,2,Returning_Visitor,False,False
0,6.89,1,9.26,16,255.0,0.0,0.008333333,4.12,0.0,Mar,3,2,3,2,Returning_Visitor,True,False
0,0.0,0,20.9,8,44.4,0.01,0.05,0.0,0.0,Nov,2,2,1,1,Returning_Visitor,False,False
7,134.23,1,-95.81,51,2100.08,-0.0,0.04,32.73373471,0.0,Jul,2,4,1,5,New_Visitor,False,False
4,107.53,0,0.0,31,1339.48,0.0,0.011965812,13.25001247,0.03,Mar,2,2,1,2,Returning_Visitor,False,True
0,-7.03,0,6.45,-18,-1079.84,0.1,0.12,-1.44,0.0,May,2,2,4,3,Returning_Visitor,False,False
2,-9.02,0,-57.24,72,5793.52381,0.02,0.02,13.49,0.0,Feb,2,2,1,8,Returning_Visitor,False,False
0,36.1,1,37.44,14,582.67,0.01,0.03,0.0,-0.0,Mar,2,2,1,2,Returning_Visitor,False,False
0,53.87,0,0.0,1,2388.6,0.02,0.066666667,0.0,0.03,May,2,4,4,1,Returning_Visitor,False,False
1,44.1,0,11.3,28,1416.92,0.01,0.04,2.86,0.01,Oct,2,2,1,1,Returning_Visitor,False,False
0,48.81,0,0.0,40,1682.275,0.0,0.014285714,41.13336886,0.0,Dec,2,2,1,2,Returning_Visitor,False,True
3,103.0,0,-49.36,26,503.65,0.01,0.0,24.54706296,0.0,Nov,1,2,1,2,New_Visitor,True,True
2,45.03,0,-4.08,25,1202.64,0.01,0.04,3.27,-0.01,Mar,2,2,1,1,Returning_Visitor,False,False
4,103.625,1,578.22,14,1003.416667,0.0,0.018039216,0.0,0.2,Feb,2,1,3,8,New_Visitor,False,False
-1,0.0,0,7.98,16,155.43,0.0,0.026666667,0.0,-0.01,May,2,2,1,4,Returning_Visitor,False,False
5,28.58333333,0,13.51,22,649.8632035,0.01,0.04,7.86,0.04,Jul,3,2,1,5,Returning_Visitor,False,False
0,-23.91,-1,0.0,-41,-410.54,0.05,0.1,-7.28,0.0,Mar,2,2,3,1,Returning_Visitor,True,False
2,17.04,0,0.0,13,-185.39,0.0,0.02,0.0,0.06,Dec,2,2,9,2,New_Visitor,False,False
0,0.0,0,24.93,32,301.0,0.0,0.033333333,0.0,0.0,Nov,4,8,1,3,Returning_Visitor,False,False
10,374.1,0,6.66,45,2178.15,-0.0,-0.02,49.69,-0.05,Jul,2,2,3,2,New_Visitor,False,False
1,0.0,0,0.0,13,427.54,0.0,0.016666667,30.29,-0.03,Mar,1,1,3,2,Returning_Visitor,False,False
4,137.86,0,0.0,9,849.41,0.015384615,0.031538462,4.78,0.0,Oct,2,2,1,2,Returning_Visitor,False,False
3,88.28,0,22.39,17,2805.77,0.03,0.02,0.25,0.0,Mar,3,2,1,13,Returning_Visitor,False,False
4,137.91,0,35.55,23,1426.02,0.01,0.04,6.062330164,0.02,Mar,1,1,2,1,Returning_Visitor,False,False
5,106.59,1,0.0,27,879.75,0.0,0.05,21.07,0.02,Mar,2,4,1,1,Returning_Visitor,False,True
4,127.23,0,0.0,53,959.85,0.01,0.03,0.0,0.4,May,3,2,1,3,Returning_Visitor,True,False
-1,11.4,1,0.0,1,-17.82,0.2,0.2,-2.69,0.0,May,2,2,1,1,Returning_Visitor,False,False
0,0.0,0,54.38,-12,46.5,0.0,0.05,0.0,0.1,Oct,4,1,2,6,New_Visitor,False,False
0,0.0,0,0.69,7,999.8,0.03,0.06,0.34,0.0,Oct,1,2,1,1,Returning_Visitor,False,False
3,68.79,0,31.08,31,1460.35,0.0,0.037647059,0.0,0.0,Oct,2,2,1,1,Returning_Visitor,False,False
1,0.0,0,0.0,30,301.22,0.0,0.033333333,-5.03,0.01,May,1,8,3,3,Returning_Visitor,False,False
0,34.35,4,626.27,-99,-1960.44,0.04,0.1,-17.39,0.0,Feb,2,1,3,2,New_Visitor,False,False
0,33.41,0,-8.32,40,1710.54,0.01,0.04,5.15,-0.01,Mar,2,2,1,2,Returning_Visitor,False,False
4,121.65,0,-8.79,25,955.85,0.01,0.01,8.02,0.0,Feb,2,2,7,2,Returning_Visitor,False,False
2,145.57,0,28.2,79,4994.848002,0.01,0.036825949,0.0,-0.06,Nov,2,2,1,2,Returning_Visitor,False,False
3,81.2,0,0.0,28,1107.116667,0.0,0.03,6.5,0.01,Oct,2,2,1,1,Returning_Visitor,False,False
0,-39.35,0,-43.42,23,813.0519481,-0.02,0.011827957,9.311854839,0.0,May,1,8,2,3,Returning_Visitor,False,False
2,0.0,0,0.0,21,165.8,0.022222222,0.022222222,20.06,-0.01,Mar,1,1,7,1,Returning_Visitor,False,False
-1,-81.86,0,18.72,3,428.5,0.0,0.01,0.0,-0.03,Oct,1,1,9,8,New_Visitor,False,True
2,27.8,0,-44.93,44,1568.5,0.0,0.036363636,5.85,-0.02,Nov,2,2,1,2,Returning_Visitor,False,False
3,108.52,1,0.0,21,529.702381,0.0,0.005263158,12.57,0.0,Mar,2,2,9,2,Returning_Visitor,True,False
10,145.7708333,6,408.5,139,8718.45,-0.05,-0.06,67.39709637,0.0,Nov,2,2,3,6,New_Visitor,True,False
0,-58.54,0,-30.36,42,1783.32,0.0,0.01,0.0,0.0,Oct,2,2,1,3,Returning_Visitor,True,False
0,0.0,0,0.0,15,676.15,0.02,0.06,0.0,0.02,Mar,2,2,9,1,Returning_Visitor,False,False
0,0.0,-1,-16.73,46,1567.59,0.034782609,0.054710145,0.0,-0.03,Mar,1,2,3,1,Returning_Visitor,False,False
-8,-136.92,0,-91.28,42,-1333.85,0.01,0.03,-24.39,-0.17,Nov,2,5,4,3,Returning_Visitor,True,False
2,73.04,0,-16.31,43,1898.16,0.0,0.02,6.651334683,-0.02,Nov,2,2,1,2,Returning_Visitor,False,True
6,102.01,0,0.0,24,-38.62,-0.0,-0.01,25.47,0.1,Dec,2,2,1,6,New_Visitor,False,False
1,34.0,0,48.25,36,521.5,0.018181818,0.021212121,-0.16,0.0,Mar,2,2,5,2,Returning_Visitor,False,False
2,48.34,0,5.62,17,1394.666667,0.01,0.07,5.2,0.03,Mar,2,4,2,2,Returning_Visitor,False,False
0,0.0,0,17.66,28,1099.49,0.0,0.022222222,3.0,0.0,Mar,2,2,1,2,Returning_Visitor,False,False
2,7.82,1,41.13,18,397.8846154,0.005333333,0.03,-2.12,0.04,Mar,2,2,1,2,Returning_Visitor,True,False
2,31.35,0,0.0,47,3608.9,0.0,0.03,-3.1,0.0,Oct,2,2,3,2,Returning_Visitor,False,False
0,-39.73,3,121.43,32,804.1899134,0.029946524,0.06,11.17,0.06,Feb,1,1,4,2,Returning_Visitor,True,False
4,194.16,0,0.0,24,1563.46,0.007407407,0.023148148,46.77831787,0.05,Mar,1,2,2,2,Returning_Visitor,False,True
1,0.0,0,0.0,30,1282.66,0.0,0.02,0.0,0.01,Mar,2,2,1,1,Returning_Visitor,False,False
4,87.5,0,37.84,31,1279.166667,0.0,0.010810811,0.0,0.0,Oct,2,2,3,2,Returning_Visitor,False,False
0,0.0,0,0.0,1,-819.72,0.2,0.2,0.0,0.0,Nov,2,2,1,3,Returning_Visitor,False,False
0,-66.39,0,-9.36,19,10.99,-0.01,0.025,-6.44,-0.04,May,1,8,3,3,Returning_Visitor,False,False
3,79.82,0,0.0,30,1481.28,0.0,0.018055556,4.84,0.01,Oct,2,2,1,2,Returning_Visitor,False,False
9,206.67,6,1503.9,133,5650.13,0.0,0.01763475,5.907475939,0.8,Feb,2,2,9,2,Returning_Visitor,False,True
3,108.2,1,-2.99,16,1158.02,0.0,0.019047619,10.24,0.16,May,2,4,4,2,Returning_Visitor,False,True
12,197.31,2,1665.066667,78,8768.477228,0.014137484,0.0,-3.39,0.0,Jul,1,2,1,1,Returning_Visitor,False,True
7,245.17,0,22.38,33,542.79,0.01,-0.01,30.71,0.0,Dec,2,2,9,2,New_Visitor,False,False
3,96.42,0,0.0,14,102.0,0.066666667,0.074074074,-6.98,-0.01,Feb,3,2,4,1,Returning_Visitor,False,False
5,78.81,2,17.2,93,2237.48,-0.0,0.02,7.21,-0.02,Nov,2,2,9,1,Returning_Visitor,False,True
4,78.16,0,36.72,74,2396.690316,0.002699055,0.02,11.36,0.0,Jul,2,4,6,1,Returning_Visitor,False,False
0,-31.46,0,19.72,4,-1339.49,-0.0,0.028571429,-0.55,-0.05,Aug,1,8,7,3,Returning_Visitor,False,False
0,23.0,0,16.89,7,-622.6,0.0,0.05,0.0,0.0,May,2,2,9,3,Returning_Visitor,False,False
3,1423.73,-1,30.5,140,4668.23,0.03,0.03,-4.7,-0.06,May,2,6,1,2,Returning_Visitor,False,False
12,149.5,6,174.54,162,2598.991667,0.003278689,0.06,11.49,0.0,May,3,6,8,20,Returning_Visitor,True,False
0,-117.97,2,126.02,-16,599.3333333,0.008333333,0.016666667,0.52,-0.05,Feb,1,8,2,11,Returning_Visitor,True,True
2,98.0,3,0.0,20,-655.31,0.0,0.003333333,31.46,0.0,Feb,2,5,1,8,Returning_Visitor,True,False
-3,-31.66,0,25.95,-13,141.8333333,0.064285714,0.15,-4.25,0.01,Mar,2,2,9,1,Returning_Visitor,False,False
1,55.33,0,0.0,21,459.65,0.0,0.02,0.0,0.0,Oct,3,2,1,4,Returning_Visitor,False,False
12,1283.0,3,148.5,85,5472.57,0.0,0.02,42.06,0.0,Sep,2,2,1,2,New_Visitor,False,False
2,21.33333333,0,235.0,71,2753.378571,0.01,0.015201207,0.0,-0.05,Nov,2,2,1,2,Returning_Visitor,False,False
0,-1.68,0,-7.63,2,-200.81,0.04,0.07,1.66,0.03,Mar,1,1,5,1,Returning_Visitor,False,True
5,123.18,-1,-120.27,51,962.9,-0.01,-0.03,3.09,-0.03,Oct,2,2,9,8,New_Visitor,False,False
1,28.39,-1,-36.93,12,548.96,0.01,0.04,6.929826318,0.05,Mar,3,2,2,3,Returning_Visitor,True,True
0,-9.48,1,13.5,1,-2294.17,0.11,0.2,3.36,0.05,Nov,2,4,4,1,Returning_Visitor,False,False
0,0.0,1,0.0,37,1296.62,0.0,0.03,0.24,-0.03,Nov,2,2,4,1,Returning_Visitor,True,False
-1,-4.88,0,7.94,8,1842.69,0.09,0.1,-13.58,0.07,May,2,2,4,3,Returning_Visitor,False,False
4,117.21,0,21.82,17,977.95,0.02,0.031578947,0.0,-0.01,May,3,2,1,3,Returning_Visitor,False,False
2,-28.52,0,-117.7,-28,628.42,0.0,0.02,34.60160214,-0.1,Nov,1,2,6,10,Returning_Visitor,False,True
0,0.0,0,0.0,36,1587.81,0.004924242,0.04,0.0,0.0,Oct,2,2,1,1,Returning_Visitor,False,False
1,-59.65,2,52.25,1,273.32,-0.0,0.04,0.0,-0.05,Dec,1,8,3,2,Returning_Visitor,False,False
0,21.03,0,0.0,24,945.0108696,0.006334842,0.04,0.0,-0.01,Mar,2,2,9,1,Returning_Visitor,False,False
8,207.58,1,186.2333333,4,1088.636905,0.015456989,0.029589443,4.7,0.0,May,4,2,1,3,Returning_Visitor,False,False
3,69.15,0,27.07,27,1196.66,0.01,0.03,0.48,0.02,Mar,2,2,1,2,Returning_Visitor,False,False
1,14.0,0,-3.44,28,1060.451515,0.01,0.03,0.0,0.0,Oct,2,2,1,1,Returning_Visitor,False,False
1,21.5,0,36.68,28,1338.225,-0.01,0.03,-8.13,-0.02,May,1,8,2,3,Returning_Visitor,False,False
2,56.26,0,0.0,23,1065.55,0.01,0.04,0.0,-0.01,Mar,2,2,9,1,Returning_Visitor,False,False
7,371.08,1,80.01,19,1080.28,0.01,0.01,6.08,0.02,Oct,2,2,1,2,Returning_Visitor,False,False
2,68.33333333,1,0.0,51,1400.61,0.0,0.004444444,0.0,0.0,Oct,3,2,4,2,Returning_Visitor,True,False
10,360.46,0,78.54,27,1002.491667,0.01875,0.02,0.0,0.0,May,3,2,1,3,Returning_Visitor,False,False
0,-69.55,0,683.29,-33,116.8333333,0.03,0.08,0.0,0.6,May,4,1,1,3,Returning_Visitor,False,False
16,252.38,0,172.02,2,0.0,0.03,0.09,0.0,0.05,Oct,1,2,8,17,Returning_Visitor,False,False
10,136.19,0,0.0,61,1908.99,0.0,0.04,0.0,0.0,Feb,3,3,7,3,Returning_Visitor,True,False
5,43.5,0,-23.54,79,1718.52,0.0,0.02,4.8,-0.05,Nov,2,2,1,3,Returning_Visitor,False,False
2,26.66666667,0,14.35,47,1905.652754,0.01,0.04,-3.02,-0.01,Mar,2,2,5,1,Returning_Visitor,False,False
2,69.44,0,0.0,12,142.75,0.016666667,0.043055556,0.0,0.03,Oct,1,1,9,1,Returning_Visitor,False,False
0,0.0,0,-30.44,23,667.79,0.03,0.06,0.0,0.06,May,2,2,1,3,Returning_Visitor,False,False
1,46.94,0,0.0,14,503.6333333,0.013333333,0.04,0.0,0.0,Oct,2,2,1,1,Returning_Visitor,False,False
4,76.6,1,391.9,28,2592.35,0.014814815,0.022222222,45.19820194,-0.07,Aug,1,2,2,1,Returning_Visitor,False,True
-6,0.0,0,593.24,21,381.8,0.1,0.13,-4.8,0.17,June,3,2,2,4,Returning_Visitor,False,False
2,112.84,0,0.0,16,66.9,0.0,0.02,0.0,0.0,Mar,3,2,3,1,Returning_Visitor,False,False
-1,-38.18,0,4.55,4,82.75,0.028571429,0.085714286,0.0,0.0,Mar,2,2,3,1,Returning_Visitor,False,False
4,77.1,1,24.32,4,1017.46,0.0,-0.02,0.0,-0.03,May,2,2,4,6,New_Visitor,True,False
4,0.0,1,-5.09,1,0.0,-0.0,0.03,0.0,0.0,Nov,2,2,9,5,New_Visitor,False,False
-1,0.0,5,0.0,249,390.6666667,0.006666667,-0.01,67.01,0.2,Nov,3,6,7,1,Returning_Visitor,False,False
-1,19.01,0,0.0,4,265.85,0.02,0.05,0.5,-0.0,Mar,2,2,4,2,Returning_Visitor,False,False
11,278.36,1,-10.02,54,923.6757353,0.0,-0.0,21.34,0.0,Mar,2,2,9,2,Returning_Visitor,True,False
0,0.0,0,0.0,30,685.34,0.01,0.03,-0.74,0.03,Oct,2,1,1,4,Returning_Visitor,True,False
1,0.0,0,0.0,4,138.0,0.07,0.11,6.79,0.0,May,1,1,1,3,Returning_Visitor,False,False
1,49.21,1,35.0,28,705.1166667,0.01,0.03,0.0,0.0,Mar,2,2,1,2,Returning_Visitor,False,False
9,304.27,6,1117.08,128,5686.97,-0.0,0.02,7.47,0.45,Feb,2,2,1,2,Returning_Visitor,False,False
2,103.87,0,0.0,235,10046.80771,0.007670851,0.022527689,2.48,-0.08,Nov,2,2,1,2,Returning_Visitor,False,True
3,100.84,0,0.0,38,1450.75,0.0,0.01,4.69,0.01,Oct,2,2,1,2,Returning_Visitor,False,False
-2,-99.46,0,0.0,15,987.6,-0.0,0.02,8.524548919,0.0,Oct,1,1,9,8,New_Visitor,False,True
1,115.63,0,0.0,9,755.0,0.0,0.007407407,0.0,0.03,Oct,1,1,5,2,New_Visitor,True,False
-2,0.0,-1,301.82,-44,58.0,0.02,0.04,28.34,0.0,Nov,1,2,2,6,New_Visitor,False,False
2,46.0,0,0.0,13,637.98,0.0,0.02,4.0,0.02,Oct,2,2,9,2,Returning_Visitor,False,False
9,367.0,-1,0.0,-1,2387.990657,0.03,0.016080586,3.926014129,0.0,May,1,2,6,2,Returning_Visitor,False,True
15,1535.355556,-1,17.79,43,2074.68,0.03,0.043951451,0.0,0.0,May,2,2,5,1,Returning_Visitor,False,False
0,1.83,0,17.05,3,-106.55,0.0,0.033333333,10.33,0.02,Oct,2,2,9,6,New_Visitor,False,False
0,0.0,0,-2.36,37,1834.94,0.0,0.013513514,0.0,-0.01,Oct,2,2,1,2,Returning_Visitor,False,False
10,194.14,1,106.12,31,-963.15,0.017142857,0.03,15.108543,0.0,Nov,1,1,4,3,Returning_Visitor,True,False
0,3.2,0,0.0,22,1162.35,0.01,0.04,2.34,0.0,Mar,2,2,1,1,Returning_Visitor,False,False
1,3.0,1,43.79,14,1065.35,0.0,0.028571429,1.57,0.0,Oct,2,2,1,2,Returning_Visitor,False,False
-1,-56.65,0,-15.51,15,1661.833333,0.03,0.071666667,-0.93,0.0,Dec,2,2,1,2,Returning_Visitor,False,False
0,0.0,0,0.0,6,495.0,0.011111111,0.15,-0.49,0.8,May,2,4,1,1,Returning_Visitor,False,False
0,0.0,0,0.0,-5,15.0,0.01,0.08,8.02,0.03,Mar,2,4,6,2,Returning_Visitor,False,False
3,95.39,0,0.0,14,-151.94,0.0,0.02,-6.01,0.02,Nov,1,1,6,2,Returning_Visitor,False,False
4,106.4,0,0.0,31,1495.51,0.01,0.021875,4.49,0.0,Mar,2,2,1,2,Returning_Visitor,False,False
0,0.0,0,0.0,24,1263.66,0.036363636,0.054545455,0.0,0.0,May,2,2,1,1,Returning_Visitor,False,False
4,1799.85,0,-86.5,19,-490.33,-0.02,0.07,-22.15,0.0,Oct,4,1,1,2,New_Visitor,True,False
3,0.0,0,0.0,19,175.9166667,0.02,0.026666667,8.06,0.07,Oct,1,1,1,4,Returning_Visitor,True,False
-2,0.0,1,0.0,1,468.14,0.2,0.22,10.73,0.0,Mar,2,4,3,10,Returning_Visitor,False,False
0,37.49,0,110.53,19,0.0,0.2,0.2,0.0,0.0,June,1,1,7,4,Returning_Visitor,False,False
1,47.82,0,0.0,38,1152.62,0.037894737,0.07,0.0,0.2,Mar,1,1,9,1,Returning_Visitor,False,False
-1,-132.78,3,7.0,39,2447.548611,0.04,0.057999382,5.291989149,0.0,Nov,1,1,1,1,Returning_Visitor,True,False
2,87.83333333,0,8.99,67,4868.0,0.0,0.003174603,2.59,-0.04,Oct,2,2,6,2,Returning_Visitor,False,True
0,38.63,0,34.45,4,-119.56,0.2,0.2,0.0,-0.05,Mar,3,2,9,1,Returning_Visitor,False,False
0,32.99,0,0.0,3,0.0,0.24,0.2,0.0,-0.05,Feb,3,2,7,1,Returning_Visitor,False,False
6,345.0166667,0,0.0,90,2368.69,0.02,0.004861111,86.31034266,0.0,Jul,4,2,2,2,Returning_Visitor,False,False
1,-96.04,1,36.0,13,1079.97,0.018181818,0.026731602,2.89,-0.05,Oct,1,8,3,11,Returning_Visitor,True,False
6,72.1,0,14.54,26,117.26,0.0,0.01,5.89,-0.01,May,2,2,3,3,Returning_Visitor,False,False
2,34.2,0,0.0,6,369.77,0.03,0.066666667,-5.04,0.02,Mar,2,2,4,1,Returning_Visitor,True,False
0,20.0,0,0.0,28,1038.791667,0.006666667,0.04,5.73,0.0,Nov,2,2,1,2,Returning_Visitor,False,False
2,81.0,0,9.99,18,631.0,0.01,0.03,0.0,0.0,Oct,2,2,1,2,Returning_Visitor,False,False
1,73.0,0,0.0,31,1514.88,0.018181818,0.04,3.27,-0.02,Nov,2,2,1,2,Returning_Visitor,False,True
-4,0.0,0,0.0,7,-819.12,0.03,0.08,0.0,0.03,May,3,2,9,4,Returning_Visitor,False,False
0,-38.48,0,-29.48,-2,1345.33,0.068421053,0.131578947,-2.64,0.0,Jul,2,2,2,13,Returning_Visitor,False,False
5,134.5,1,80.22,18,362.5,0.0,0.013333333,-1.22,0.0,Oct,3,2,1,1,Returning_Visitor,True,False
0,0.0,0,11.39,14,353.7866667,0.0,0.016666667,-10.65,0.0,Oct,4,1,9,8,New_Visitor,True,True
0,38.04,0,-22.41,8,-1084.42,0.02,0.05,0.0,-0.0,Nov,1,1,7,2,Returning_Visitor,False,False
0,0.0,0,249.44,25,-2244.0,0.08,0.08,0.0,0.23,Aug,3,2,4,3,Returning_Visitor,True,False
10,746.53,3,216.8,59,2946.6,-0.0,0.007962529,20.5,0.0,May,4,1,6,2,Returning_Visitor,False,True
2,63.79166667,1,36.47,18,1013.77,0.017042607,0.03754386,12.00869742,0.0,Mar,2,2,3,2,Returning_Visitor,False,False
0,82.58,0,10.7,2,208.42,0.0,-0.0,23.42,0.0,Dec,3,1,4,10,Returning_Visitor,False,False
-1,-7.29,0,-5.57,3,60.0,0.02,0.066666667,-2.81,0.0,Oct,2,2,4,2,Returning_Visitor,False,False
5,54.0,-1,0.0,4,315.12,0.028571429,0.06,-4.85,-0.01,Mar,2,2,3,1,Returning_Visitor,False,False
4,96.8,1,119.24,9,976.79,0.01,0.04,0.0,0.03,Mar,1,1,1,2,Returning_Visitor,False,False
0,0.0,0,-16.09,3,-321.07,0.05,0.08,0.0,0.05,May,1,1,5,3,Returning_Visitor,False,False
8,121.6666667,1,-0.99,41,1496.41,0.0,0.01,5.33,0.04,Mar,2,2,3,2,Returning_Visitor,False,True
-1,0.0,0,-10.11,14,587.98,0.03,0.066666667,-0.4,0.06,May,2,2,1,3,Returning_Visitor,False,False
0,-7.24,0,29.0,1,553.15,0.034782609,0.08,-2.11,0.0,Mar,2,2,3,2,Returning_Visitor,False,False
0,0.0,1,79.94,16,2263.86,0.0,0.02,0.0,0.0,Mar,3,2,1,13,Returning_Visitor,False,False
-1,16.0,3,0.0,7,-3544.79,0.0,0.00952381,157.92,0.66,May,2,10,3,2,Returning_Visitor,False,False
6,111.5,-1,0.0,7,1317.03,0.0,-0.02,0.0,0.0,May,2,2,1,8,New_Visitor,False,False
2,61.22,0,-4.45,27,1105.05,0.01,0.03,3.76,-0.0,Oct,2,2,1,2,Returning_Visitor,False,True
0,163.51,0,-6.96,10,587.47,0.03,0.05,0.0,0.05,Oct,4,1,1,2,Returning_Visitor,False,False
3,0.0,1,117.25,96,3143.43,0.0,0.01,-9.31,0.03,Jul,2,2,1,1,Returning_Visitor,True,False
0,-26.44,0,0.0,61,2425.083333,0.010869565,0.03,-2.72,-0.04,Nov,1,1,3,2,Returning_Visitor,False,False
9,248.23,2,-80.21,44,2261.04,-0.01,-0.0,30.5,-0.0,Mar,2,2,9,6,Returning_Visitor,False,False
3,123.8,0,-14.38,23,902.2,0.01,0.02,3.35,0.0,Mar,3,2,2,1,Returning_Visitor,True,False
4,95.91,0,18.84,36,1683.7,0.011627907,0.032461962,0.0,-0.0,Oct,2,2,1,1,Returning_Visitor,False,False
2,36.5,-1,13.33,30,1668.116667,0.02,0.03,-0.19,0.0,Dec,2,2,4,2,Returning_Visitor,False,False
3,98.5,0,26.06,23,479.68,0.02,0.03,0.0,0.0,Dec,1,1,5,2,Returning_Visitor,False,False
3,145.21,1,29.23,21,576.3,0.01,0.04,0.0,0.04,Mar,3,2,1,1,Returning_Visitor,False,False
7,64.14285714,2,0.0,20,701.12,-0.0,0.0,28.93,0.0,Mar,2,2,1,2,Returning_Visitor,True,False
6,197.69,0,243.0,25,1971.194444,0.01,-0.01,20.51,0.08,May,2,2,1,4,Returning_Visitor,False,True
0,36.61,0,-54.09,36,1018.0,0.0,0.04,0.0,0.0,Nov,2,2,1,2,Returning_Visitor,False,False
2,112.0,0,0.0,26,959.8,0.0,0.0,0.0,0.0,Mar,3,2,3,2,Returning_Visitor,True,False
4,243.25,3,1475.25,-37,1321.51,0.0,0.012643678,1.8,0.22,Dec,1,2,2,2,New_Visitor,False,False
0,0.0,0,-20.38,9,146.375,0.075,0.0875,-7.07,0.0,May,3,2,1,3,Returning_Visitor,False,False
1,86.74,0,18.63,18,224.5,0.02,0.0625,0.0,0.49,May,3,2,1,4,Returning_Visitor,True,False
3,68.57,0,18.1,26,1266.03,0.01,0.04,0.0,0.0,Mar,2,2,1,1,Returning_Visitor,False,False
4,182.0833333,0,60.45,3,310.9,0.0,0.01,0.0,0.0,Oct,2,2,3,2,Returning_Visitor,False,False
1,19.35,0,0.91,19,689.36,0.010526316,0.04,0.0,0.03,Mar,3,2,3,1,Returning_Visitor,False,False
0,9.05,0,-27.89,9,58.2,0.01,0.044444444,0.0,0.02,Mar,3,2,3,1,Returning_Visitor,False,False
12,243.1666667,0,-96.85,34,-1787.48,0.0,-0.01,0.0,-0.09,Oct,1,5,3,7,Returning_Visitor,False,False
0,-29.66,0,109.6,8,-497.85,0.11,0.17,0.0,0.75,May,2,2,1,3,Returning_Visitor,False,False
2,-2.42,0,27.12,5,-12.21,0.02,0.05,-8.61,0.0,Dec,2,2,5,2,Returning_Visitor,False,False
0,-153.04,1,616.78,6,-664.54,0.03,-0.01,0.0,0.0,May,3,5,1,3,Returning_Visitor,False,False
3,-2.48,0,-25.47,2,41.4,0.02,0.07,-1.89,0.0,Sep,1,8,7,1,Returning_Visitor,False,False
4,242.8,6,322.7,92,238.6,0.01,0.02,18.9,0.34,Oct,2,2,9,2,Returning_Visitor,True,False
-1,0.0,0,0.0,-6,-629.13,0.04,0.081375661,0.0,0.0,Oct,3,2,9,1,Returning_Visitor,False,False
2,84.68,1,59.48,33,647.6666667,0.009090909,0.026060606,-4.34,0.04,May,3,2,4,3,Returning_Visitor,True,False
1,-23.89,3,-29.86,93,3066.07,0.004123711,0.03,9.58,0.01,Nov,1,1,1,2,Returning_Visitor,True,True
1,43.02,0,24.99,24,543.75,-0.0,0.0408,11.11,0.8,May,2,4,2,2,Returning_Visitor,True,False
0,2.25,0,-3.98,9,-569.57,0.122222222,0.144444444,4.19,-0.04,Aug,1,1,9,4,Returning_Visitor,False,False
1,0.0,1,40.1,104,2876.65,0.0,0.020833333,5.96,0.57,May,2,2,3,2,Returning_Visitor,False,False
5,153.74,0,0.0,37,1446.78,0.0,0.008333333,7.7,0.02,Oct,2,2,1,2,Returning_Visitor,False,False
2,97.79,0,-28.8,62,1883.866667,0.017460317,0.04,-1.71,0.0,Nov,2,2,1,2,Returning_Visitor,False,False
1,49.99,0,-55.64,16,1902.25,0.00625,0.04,0.0,-0.05,Aug,2,4,6,2,New_Visitor,True,False
2,3.89,0,3.19,11,803.25,0.0,0.02037037,2.0,-0.05,Aug,3,2,6,2,Returning_Visitor,True,False
0,36.96,0,60.0,11,4.71,0.00877193,0.06,0.0,0.8,May,2,2,2,2,Returning_Visitor,True,False
14,39.29,1,70.25,247,11213.58,0.011229304,0.07,0.0,0.0,Nov,2,4,6,1,Returning_Visitor,True,False
1,0.0,0,18.84,5,332.67,0.02,0.06,-2.95,0.01,Oct,1,1,9,1,Returning_Visitor,False,False
1,-4.06,0,-21.38,-4,-567.08,0.2,0.2,-5.09,0.0,Mar,1,1,7,1,Returning_Visitor,True,False
0,11.38,0,0.0,4,69.24,0.03,0.07,-0.27,0.03,Mar,1,1,1,1,Returning_Visitor,False,False
-1,0.0,0,-43.41,38,865.0,0.02,0.02,57.584,0.0,Feb,3,2,1,4,Returning_Visitor,False,False
0,6.48,0,0.0,11,395.79,0.2,0.2,0.0,0.0,Feb,2,1,7,2,Returning_Visitor,False,False
0,0.0,-1,0.0,-16,468.1666667,0.0,0.006060606,0.0,0.0,May,2,2,6,20,New_Visitor,True,False
6,200.3333333,1,62.95,9,1358.35,0.02,0.06,-7.04,0.0,Mar,1,1,1,1,Returning_Visitor,True,False
1,41.66,0,-19.27,12,271.28,0.02,0.05,4.44,0.0,Nov,2,2,2,2,Returning_Visitor,False,False
0,-9.77,1,13.1,62,519.06,0.01031746,0.022246642,2.69,-0.01,June,2,1,4,4,Returning_Visitor,True,False
-5,-97.04,0,-33.67,-44,58.4,0.0,0.1,-15.36,-0.02,Oct,2,4,1,6,New_Visitor,False,False
0,28.14,0,-26.47,64,2916.08,0.0,0.017283951,7.03,-0.02,Nov,2,2,1,2,Returning_Visitor,False,False
0,0.0,0,8.89,19,738.18,0.01,0.05,1.46,-0.0,Mar,2,2,9,1,Returning_Visitor,False,False
1,-45.6,-1,-39.13,13,541.0625,0.02,0.093809524,8.8,0.0,Dec,2,4,5,1,Returning_Visitor,False,False
1,-19.02,1,-59.04,109,3573.33,0.008181818,0.02,3.06,-0.0,Jul,2,2,1,1,Returning_Visitor,True,False
0,37.35,1,-228.81,18,1754.47,0.02,-0.02,0.0,0.0,May,2,5,1,1,Returning_Visitor,True,False
1,20.5,0,13.0,31,1452.01,0.01,0.04,1.5,0.0,Oct,2,2,1,1,Returning_Visitor,False,False
1,23.0,0,-23.74,78,2448.536054,0.01,0.02841508,5.81,0.0,Dec,2,1,3,2,Returning_Visitor,False,False
2,13.89,0,7.69,21,816.5,-0.01,0.01,0.0,0.0,Mar,2,1,9,6,New_Visitor,False,False
3,108.67,0,13.14,31,1521.96,0.004444444,0.013968254,10.48533333,0.0,Mar,2,2,1,2,Returning_Visitor,False,False
2,110.32,0,13.74,17,1123.57,0.02,0.04,-4.77,0.14,May,1,1,4,2,Returning_Visitor,False,False
1,40.61,0,0.0,10,571.32,0.01,0.04,2.81,0.0,Oct,2,2,1,1,Returning_Visitor,False,True
0,0.0,0,3.28,8,612.96,0.0,0.03,1.41,0.0,Oct,2,2,9,2,Returning_Visitor,False,False
2,26.49,0,-4.02,12,790.9,0.0,0.02,0.0,0.0,Oct,1,1,1,3,New_Visitor,True,False
2,52.62,0,20.79,31,1392.55,0.03,0.05,0.0,0.02,May,2,2,1,3,Returning_Visitor,False,False
3,84.91,0,1.43,29,1341.632619,0.01,0.02,4.76,0.0,Oct,2,2,1,2,Returning_Visitor,False,False
1,0.0,0,0.0,26,436.0,0.0,0.025,68.1974018,0.0,Dec,1,4,4,2,Returning_Visitor,False,True
5,64.25,2,282.0,18,-445.81,-0.0,0.01,-7.02,-0.03,Mar,3,2,2,4,Returning_Visitor,True,False
5,136.1,0,441.39,73,1424.804887,0.0,-0.01,4.53,0.09,Dec,1,1,6,4,Returning_Visitor,False,True
0,0.0,-1,11.51,12,810.0,0.01,0.04,40.32,-0.09,Oct,2,10,6,1,New_Visitor,False,False
3,16.0,0,58.5,-16,-1562.86,0.0,0.002777778,0.0,0.0,Nov,2,2,7,2,New_Visitor,True,False
2,127.74,0,-22.26,4,392.69,0.03,0.06,0.0,-0.02,May,3,2,4,1,Returning_Visitor,False,False
11,153.32,4,129.29,12,147.7333333,0.02,0.04,0.0,-0.19,Aug,3,2,1,3,Returning_Visitor,False,False
2,23.0,0,0.0,12,284.5,0.01,0.03,0.0,0.0,Dec,2,2,5,2,Returning_Visitor,False,False
6,94.1,0,0.0,92,4212.141886,0.01,0.02,6.664927724,0.0,Mar,1,1,2,1,Returning_Visitor,True,True
0,2.99,1,0.0,26,328.5,0.02,0.041666667,0.0,0.0,Nov,2,2,1,2,Returning_Visitor,False,False
-1,0.0,0,-18.55,30,1196.83,0.01,0.04,3.67,-0.01,Oct,2,2,1,2,Returning_Visitor,False,False
3,73.43,0,0.0,44,1909.35,0.01,0.03,4.02,0.0,Mar,2,2,1,2,Returning_Visitor,False,False
4,97.84,0,16.2,33,1432.0,0.0,0.016216216,0.0,0.03,Oct,2,2,1,2,Returning_Visitor,False,False
2,13.0,0,0.0,5,-894.31,0.02,0.04,0.0,0.0,Dec,1,8,3,4,Returning_Visitor,False,False
0,0.0,2,297.64,121,2163.132326,0.0,0.02,0.0,-0.06,Jul,2,2,4,2,Returning_Visitor,False,False
4,163.01,1,17.66,53,2247.608298,0.01,0.016751935,32.68969091,0.01,Mar,2,2,1,2,Returning_Visitor,False,False
4,70.35,0,0.0,33,629.8583333,-0.0,0.0,11.83,0.0,Oct,2,2,3,2,Returning_Visitor,False,False
0,0.0,0,0.0,27,228.9,0.01,0.04,3.51,-0.0,Mar,2,2,3,1,Returning_Visitor,False,False
1,58.11,0,9.52,14,245.1666667,-0.0,-0.0,3.21,0.06,Oct,2,2,9,6,New_Visitor,False,True
-1,19.61,0,-8.91,11,1297.05,0.03,0.05,6.91,0.04,May,3,2,6,2,Returning_Visitor,False,False
1,-72.32,0,62.04,26,-1725.85,0.2,0.2,0.0,-0.14,Nov,4,2,1,11,Returning_Visitor,False,True
2,-43.8,0,7.81,43,1257.9,0.01,0.020634921,5.0,-0.03,Sep,1,8,1,3,Returning_Visitor,False,False
13,1171.15,3,777.2,171,5341.784253,0.02,0.016398799,2.8,-0.01,Sep,3,2,4,2,Returning_Visitor,False,True
3,58.19,1,-42.69,18,583.88,0.051282051,0.11,-10.66,0.02,Nov,1,1,1,1,Returning_Visitor,True,False
1,21.5,2,88.06,14,395.66,-0.0,0.001904762,12.97,-0.21,May,1,1,9,8,New_Visitor,True,False
0,91.58,0,-9.28,9,59.0,0.01,0.03,7.49,-0.0,Mar,3,2,3,2,Returning_Visitor,False,False
0,-9.0,0,0.0,19,707.7,0.04,0.05,15.25,-0.06,June,3,2,6,1,Returning_Visitor,False,False
0,-24.31,0,0.0,9,953.8333333,0.0,0.01,45.25,-0.02,May,2,2,9,4,New_Visitor,False,True
2,71.39,0,0.0,31,1681.26,0.01,0.04,0.0,0.01,Oct,2,2,1,1,Returning_Visitor,False,False
8,856.8333333,3,0.0,12,-322.16,-0.0,0.02,0.0,-0.01,Mar,3,2,9,2,Returning_Visitor,True,False
-2,0.0,-2,-16.01,16,-1871.37,0.0,0.05,5.21,0.66,Feb,2,10,2,7,New_Visitor,False,False
7,63.92,1,112.97,44,1436.51,-0.01,0.014728682,0.0,0.08,Dec,2,4,1,2,Returning_Visitor,False,False
-4,-174.25,3,138.5,11,227.5,-0.05,-0.04,0.0,0.0,Mar,3,2,9,8,Returning_Visitor,True,False
1,-6.08,0,0.0,13,632.9,-0.0,0.010526316,-0.27,0.0,Mar,2,2,9,2,New_Visitor,True,False
-1,0.0,0,-26.87,48,2371.122222,0.01,0.04,4.37,-0.03,Oct,2,2,1,2,Returning_Visitor,False,False
4,85.0,1,0.0,10,599.0,0.02,0.04,8.01,0.1,May,2,2,1,3,Returning_Visitor,False,False
5,104.6545455,1,148.0,48,1029.170303,0.001724138,0.022131145,8.93,0.0,Jul,2,2,2,2,Returning_Visitor,False,False
0,-77.82,0,0.0,10,108.11,0.0,0.01,-17.75,-0.15,Mar,2,5,2,3,Returning_Visitor,True,False
0,0.0,0,0.0,38,1529.27,0.009895833,0.027936058,5.21,0.0,Oct,2,2,3,2,Returning_Visitor,False,False
0,-11.26,0,-25.27,11,494.22,0.005555556,0.03,2.28,0.0,Nov,2,2,1,2,New_Visitor,True,False
4,111.44,0,56.19,3,277.5,0.02,0.04,0.0,0.0,Mar,2,2,1,2,Returning_Visitor,False,False
3,106.8333333,1,96.0,16,373.4583333,0.01,0.028333333,0.0,0.02,Mar,1,1,1,2,Returning_Visitor,False,False
3,98.84,1,0.0,42,1608.36,0.0,0.023684211,3.19,0.0,Nov,2,2,1,2,Returning_Visitor,False,False
1,32.25,0,19.41,20,1582.41,0.01,0.02,14.05,0.06,Mar,2,2,1,6,New_Visitor,False,False
2,70.97,0,0.0,36,1443.72,0.01,0.03,4.22,-0.02,Nov,2,2,1,2,Returning_Visitor,False,False
0,0.0,0,-18.26,3,364.12,0.05,0.133333333,0.0,0.14,Nov,1,2,9,3,Other,False,False
11,361.4761905,1,68.0,148,4039.31,0.011149826,0.04,6.072158537,0.0,May,2,2,6,20,Returning_Visitor,False,False
2,58.38,0,0.0,6,127.4,0.0,0.05,1.82,0.05,Mar,2,4,6,2,Returning_Visitor,False,False
0,0.0,-1,0.0,4,437.25,0.069230769,0.102564103,0.0,-0.05,Mar,1,1,3,1,Returning_Visitor,False,False
5,141.77,0,-1.8,29,1152.05,0.003333333,0.0,35.60912359,0.01,Mar,2,2,3,2,Returning_Visitor,False,True
0,0.0,1,0.0,17,903.4305556,-0.01,0.021428571,133.85,0.02,Oct,1,1,1,8,New_Visitor,False,False
-1,0.0,0,-8.85,3,-460.35,0.044444444,0.09,2.58,0.01,Mar,1,1,5,1,Returning_Visitor,False,False
0,0.0,0,-31.8,-4,0.0,0.2,0.19,3.27,0.0,Nov,8,1,9,3,Returning_Visitor,False,False
0,6.0,0,7.84,11,354.8333333,0.02,0.06,0.0,0.0,Oct,2,2,1,1,Returning_Visitor,False,False
2,164.22,0,0.0,31,1446.67,0.022222222,0.04,-1.71,0.11,May,3,2,1,3,Returning_Visitor,False,False
2,14.79,0,0.0,15,1212.48,0.01,0.04,0.0,0.03,Dec,2,2,3,2,Returning_Visitor,False,False
10,554.75,0,-212.22,25,2175.96,-0.01,-0.04,-21.3,-0.12,Aug,1,1,3,8,New_Visitor,True,True
13,47.0,6,0.0,11,197.5,0.0,-0.01,0.0,0.0,May,3,2,1,3,New_Visitor,True,False
7,283.4,1,83.06,67,3014.290476,0.0,0.00781583,-6.26,-0.03,Oct,3,2,1,2,Returning_Visitor,False,False
4,102.94,1,21.62,42,753.6373626,0.0,0.011568627,31.63684138,0.0,Jul,2,2,1,2,Returning_Visitor,False,True
-7,52.33333333,1,239.0,7,472.28,-0.02,0.011764706,22.3,0.35,May,2,5,6,2,Returning_Visitor,False,False
-1,0.0,0,218.25,40,1259.71,0.007142857,0.04,-12.75,0.0,Nov,1,1,1,1,Returning_Visitor,False,True
10,492.1666667,0,99.98,2,1512.35,0.012698413,0.039761905,8.137274079,0.05,Feb,1,2,2,1,Returning_Visitor,False,True
2,8.0,0,15.68,24,543.5,0.007692308,0.038461538,0.0,0.0,Nov,2,2,3,2,Returning_Visitor,False,False
1,7.59,0,46.44,9,296.3928571,-0.0,0.025,-5.0,-0.04,May,1,8,6,3,Returning_Visitor,False,False
-3,0.0,0,0.0,359,6644.23,0.03,-0.0,76.77,1.06,Aug,2,10,6,4,Returning_Visitor,False,False
3,68.01,0,16.99,28,898.5,0.0,0.02,5.59,0.01,Mar,2,2,9,2,Returning_Visitor,False,False
6,101.8511111,0,53.08,43,1842.46,0.0,0.011448413,11.21,-0.01,May,2,2,1,3,Returning_Visitor,False,False
2,17.2,0,0.0,0,0.0,0.0,-0.01,0.0,0.06,Sep,3,2,2,4,New_Visitor,True,True
2,46.09,0,10.88,14,991.13,0.0,0.04,0.0,0.0,Mar,2,4,2,2,Returning_Visitor,False,False
0,15.0,0,0.0,33,782.97,0.01,0.06,0.0,0.6,May,2,2,1,1,Returning_Visitor,False,False
0,-4.96,0,-14.61,-8,-1141.12,0.066666667,0.09,-3.42,0.05,May,3,2,4,3,Returning_Visitor,False,False
4,101.08,0,20.95,27,1590.49,0.01,0.03,0.0,0.0,Nov,1,1,2,2,Returning_Visitor,False,False
3,44.17,0,41.04,37,-257.31,0.0,0.1,14.18,1.0,Feb,2,4,5,1,Returning_Visitor,False,False
2,8.79,0,-61.21,153,4214.779822,-0.0,0.02,11.31,-0.02,Nov,2,2,1,3,Returning_Visitor,False,False
2,-5.92,0,15.64,6,236.15,0.02,0.05,-4.03,0.01,Dec,2,2,5,2,Returning_Visitor,False,False
3,71.91,0,6.25,24,1121.52,0.0,0.027316655,0.0,0.01,Oct,2,2,3,2,Returning_Visitor,False,False
0,0.0,0,-21.18,10,710.01,0.01,0.04,0.0,-0.07,Oct,1,8,3,11,Returning_Visitor,False,False
1,0.0,0,0.0,56,2581.32,0.0,0.030128205,0.0,-0.03,Mar,2,4,4,5,Returning_Visitor,False,False
0,102.8,0,-53.76,-1,81.08333333,0.04,0.07,-0.63,0.0,Mar,3,2,1,2,Returning_Visitor,False,False
4,173.52,1,0.0,76,2244.45,0.009722222,0.022569444,0.0,0.0,Aug,3,2,6,1,Returning_Visitor,False,False
1,0.0,0,-18.42,24,362.27,0.0,-0.0,72.30208696,-0.01,Feb,2,2,9,4,New_Visitor,False,True
4,83.86,-1,40.66666667,17,964.81,0.0,0.02,-0.81,0.0,Mar,2,2,3,1,Returning_Visitor,False,True
0,0.0,0,0.0,28,385.5,0.087356322,0.1,0.0,0.06,May,2,2,4,3,Returning_Visitor,False,False
6,153.5,1,48.85,17,1048.492063,0.01,0.03,0.0,0.0,Mar,2,2,1,1,Returning_Visitor,True,False
6,305.0,0,0.0,16,290.34,0.01,0.01,-0.17,-0.01,Nov,2,2,1,2,New_Visitor,True,False
0,0.0,0,7.66,4,259.0,0.06,0.1,0.0,-0.01,Nov,3,2,8,4,Returning_Visitor,False,False
4,86.6,0,-57.35,32,-892.44,0.008888889,0.06,23.07,0.89,May,1,1,3,5,Returning_Visitor,False,False
0,0.0,0,0.0,15,804.56,0.01,0.05,0.0,-0.0,Mar,2,2,1,1,Returning_Visitor,False,False
4,99.99,0,0.0,10,381.3333333,0.01,0.04,10.13,0.0,Jul,2,4,2,2,Returning_Visitor,False,False
0,-1.57,0,0.0,26,947.46,0.01,0.03,-3.06,0.0,Mar,2,2,4,1,Returning_Visitor,True,True
5,161.69,0,47.15,37,1557.35,0.01,0.02,5.91,-0.01,Mar,2,2,1,1,Returning_Visitor,False,False
0,0.0,0,0.0,15,776.56,-0.01,0.0,0.0,0.02,Mar,1,1,7,1,Returning_Visitor,True,False
3,109.0,0,0.0,60,3116.5,0.0,0.005208333,9.87,0.0,Oct,2,2,1,2,Returning_Visitor,False,True
3,184.32,0,6.97,8,511.67,0.01,0.01,1.56,0.02,Nov,2,2,1,2,New_Visitor,False,False
3,114.23,0,18.58,18,1073.31002,0.02,0.04,0.0,0.0,Oct,1,1,1,3,Returning_Visitor,False,False
4,426.7,-2,-56.34,72,4140.333766,0.0,0.02,0.0,-0.22,Nov,3,2,4,2,New_Visitor,False,False
1,16.27,0,14.72,23,336.36,0.02,0.04,0.0,0.0,Dec,2,1,7,2,Returning_Visitor,False,False
4,264.0,0,0.0,4,-781.53,0.018181818,0.02,0.0,-0.06,Nov,1,1,7,2,Returning_Visitor,False,False
0,0.0,0,13.85,6,999.44,-0.01,0.013333333,0.0,0.0,Oct,2,2,3,2,New_Visitor,False,False
0,-84.21,1,5.0,24,279.0,-0.02,-0.02,32.69,0.0,Feb,2,10,7,8,New_Visitor,True,False
0,45.38,1,0.0,14,429.9166667,0.014285714,0.04,0.0,0.0,Nov,1,1,4,2,Returning_Visitor,True,False
0,0.0,0,-15.05,24,-499.22,0.03,0.06,20.29,0.0,Dec,1,1,5,1,Returning_Visitor,False,False
1,46.02,1,0.0,34,1081.19,-0.01,0.03,54.76629511,0.0,Dec,1,1,1,2,Returning_Visitor,False,True
1,0.0,0,0.0,6,992.95,0.016666667,0.06,1.91,0.01,Mar,2,2,1,1,Returning_Visitor,False,False
10,620.952381,0,7.67,84,2908.74,0.001726619,0.02,0.761076259,-0.01,Nov,1,2,2,2,Returning_Visitor,False,False
12,198.7727273,4,11.0,41,-318.54,0.010978836,0.0,29.87,0.0,Oct,2,2,4,5,Returning_Visitor,False,True
0,0.0,2,234.62,17,-1800.86,0.0,0.01,57.83,0.0,Sep,2,10,6,3,Returning_Visitor,False,False
5,107.03,0,63.46,34,1357.13,0.01,0.02,-6.66,0.0,Dec,2,1,7,2,Returning_Visitor,False,False
0,0.0,0,-56.68,-101,-1659.14,0.15,0.15,-5.59,-0.12,Nov,8,1,1,3,Returning_Visitor,False,False
1,0.0,0,8.59,28,1172.7,0.01,0.04,0.55,0.0,Mar,2,2,1,1,Returning_Visitor,False,False
5,240.8,1,4.0,20,279.8333333,0.01,0.03,7.9,0.02,Nov,2,2,1,2,Returning_Visitor,True,False
4,70.25,0,-7.59,22,1065.27,0.001162791,0.024031008,6.889766003,0.0,Mar,2,2,3,1,Returning_Visitor,False,False
2,38.82,0,13.92,19,501.7666667,0.01,0.04,0.64,0.03,Mar,2,1,1,1,Returning_Visitor,False,False
5,56.0,0,-6.71,15,1253.52,0.0,0.04,0.0,0.07,Mar,2,4,2,2,Returning_Visitor,True,False
0,0.0,0,-1.28,26,1343.23,0.01,0.04,2.18,0.02,Oct,2,2,1,1,Returning_Visitor,False,False
6,66.77272727,2,-4.81,62,2050.395743,0.01,0.11,-20.31,-0.24,May,2,2,4,17,Returning_Visitor,True,True
1,51.85,0,-16.94,26,639.4933333,0.01,0.05,3.35,-0.02,Nov,2,2,1,2,Returning_Visitor,False,False
10,76.16666667,0,0.0,17,-238.5,0.0,0.01,-3.81,0.02,Oct,3,2,2,3,Returning_Visitor,True,False
5,69.03333333,0,3.3,20,703.43,0.0,0.013793103,5.76,0.01,Oct,2,2,3,1,Returning_Visitor,False,False
5,128.6,0,44.1,51,2119.43,-0.0,0.00210649,12.95,-0.0,Oct,2,2,6,2,Returning_Visitor,False,True
-1,0.0,1,232.0,-1,343.2,0.01,0.006666667,0.0,0.08,May,2,2,4,8,New_Visitor,False,False
-1,0.0,0,0.0,8,860.55,0.04,0.07,0.0,-0.01,May,2,2,4,1,Returning_Visitor,False,False
1,3.5,1,31.59,20,309.1666667,0.0,0.001428571,146.86,0.06,Feb,2,4,6,12,Returning_Visitor,False,False
1,1566.6,0,86.18,-130,-5825.68,0.0,0.02,0.0,0.0,Oct,4,2,1,2,New_Visitor,False,False
0,30.25,1,0.0,13,1792.88,0.01,0.02,60.26309658,-0.07,Dec,8,8,1,20,New_Visitor,False,True
-10,0.0,2,321.85,-50,-2087.39,0.11,0.16,18.51505467,0.0,June,4,2,1,2,New_Visitor,False,True
0,17.22,0,0.0,-4,210.0,0.12,0.16,7.72,0.0,Mar,1,1,3,1,Returning_Visitor,False,False
1,-54.96,3,971.24,75,4421.39,0.02013261,0.04,4.374401266,0.2,May,1,1,8,1,Returning_Visitor,False,True
0,0.0,1,0.0,-22,-514.68,0.038095238,0.12,1.84,0.05,Mar,2,4,4,1,Returning_Visitor,False,False
3,106.36,0,15.38,20,718.37,0.01,0.04,0.0,0.04,Dec,3,2,1,1,Returning_Visitor,False,False
5,43.0,2,0.0,141,247.44,0.03,0.03,2.561538462,0.45,Oct,2,6,1,1,Returning_Visitor,True,False
3,0.0,0,36.07,21,1253.71,0.0,0.02,0.0,-0.0,Mar,2,2,3,1,Returning_Visitor,False,False
4,59.64,0,-53.18,5,0.0,0.04,0.08,1.09,0.0,Jul,2,2,1,1,Returning_Visitor,True,False
26,1192.78,1,560.16,-97,16.76,0.011054834,0.06,-38.66,0.08,Aug,1,2,2,1,Returning_Visitor,True,True
0,12.75,0,0.0,1,0.0,0.04,0.08,0.0,0.0,Mar,1,1,1,1,Returning_Visitor,False,False
1,42.0,0,-9.7,16,515.75,-0.0,-0.0,11.18,0.03,May,2,2,3,4,New_Visitor,False,False
0,-82.47,1,51.21,19,226.08,0.005,0.05,-15.24,0.08,Dec,2,1,3,2,Returning_Visitor,False,False
0,113.81,1,63.0,50,1734.86,0.01,-0.0,-4.32,0.02,May,3,2,4,20,Returning_Visitor,False,True
0,41.85,0,0.0,1,0.0,0.26,0.21,-0.42,0.0,Aug,3,2,2,11,Returning_Visitor,True,False
3,93.0,2,98.57,37,363.82,0.0,0.031709957,-1.49,0.01,Nov,3,2,1,2,Returning_Visitor,False,False
0,0.0,-1,0.0,6,894.48,0.02,0.033333333,13.22,0.0,Dec,2,2,1,2,New_Visitor,False,False
3,100.62,0,46.6,23,1059.0,0.01,0.03,0.0,0.0,Mar,2,2,3,2,Returning_Visitor,False,False
6,67.0,0,3.13,26,468.1916667,0.0,0.003278689,16.27,0.12,May,2,2,1,4,Returning_Visitor,True,False
-1,-16.26,0,1.44,3,292.32,0.028571429,0.06,0.0,0.0,Dec,3,2,1,2,Returning_Visitor,False,False
7,142.07,0,0.0,5,2097.14,0.030612245,0.02,0.0,0.1,Oct,2,2,1,13,Returning_Visitor,False,False
1,26.2,0,0.0,4,1034.5,0.0,0.05,11.49,0.0,Mar,2,2,1,5,New_Visitor,False,True
7,135.2,5,430.3333333,68,3974.534501,-0.01,-0.01,0.0,-0.01,Nov,3,2,6,13,Returning_Visitor,True,False
0,-118.76,2,-19.63,35,3155.05,0.01,-0.01,124.9045858,-0.23,Mar,2,6,2,5,New_Visitor,False,True
2,26.32,2,93.23,4,268.0,0.0,0.013333333,-2.75,-0.01,Oct,2,2,9,2,Returning_Visitor,False,False
3,55.68,0,0.0,15,1855.35,-0.01,-0.0,0.0,0.0,Mar,2,2,3,2,New_Visitor,True,False
0,65.51,0,-51.39,4,601.58,0.049318182,0.071645022,0.0,0.0,Dec,3,2,1,6,Returning_Visitor,False,False
7,265.97,1,9.0,183,3731.138116,0.02,0.07,0.0,0.1,May,3,2,6,20,Returning_Visitor,True,False
-2,-48.94,0,0.0,2,13.0,0.0,0.1,-2.96,0.11,Mar,2,4,5,2,Returning_Visitor,False,False
2,80.31,0,24.43,21,980.0,0.01,0.04,0.0,0.0,Mar,2,2,1,1,Returning_Visitor,False,False
-2,0.0,0,0.0,14,67.33333333,0.1,0.097142857,-0.17,0.02,May,3,2,1,3,Returning_Visitor,False,False
0,35.88,0,0.0,-3,0.0,0.19,0.2,0.0,0.0,May,2,2,1,1,Returning_Visitor,False,False
3,74.5,0,12.67,32,1399.52,0.0,0.02,-2.84,0.0,Oct,1,1,1,3,Returning_Visitor,False,False
3,111.0,0,-21.06,25,1146.22,0.025,0.029166667,4.71,0.0,Mar,2,2,1,4,Returning_Visitor,True,False
3,58.74,0,0.0,106,2988.29,0.006451613,0.02,5.793026792,-0.02,Nov,1,1,3,2,Returning_Visitor,False,True
1,-5.28,0,-355.05,55,3204.16,-0.02,0.006666667,14.48,0.47,Aug,3,4,1,1,New_Visitor,True,False
0,-60.68,0,0.0,-9,206.79,0.04,0.07,0.0,0.0,Dec,1,1,1,8,New_Visitor,True,False
3,83.62,0,0.0,7,296.1666667,0.01,0.04,8.37,0.02,Mar,2,2,9,2,Returning_Visitor,False,False
5,151.67,0,0.0,37,1441.33,0.0,0.007239057,8.01,0.0,Oct,2,2,1,2,Returning_Visitor,False,False
1,0.0,0,20.25,5,-165.77,0.01,0.06,0.43,0.0,Feb,1,8,6,3,Returning_Visitor,False,False
1,8.9,0,-11.29,52,1551.666667,0.001818182,0.01,9.45,0.02,Oct,2,2,3,2,Returning_Visitor,False,False
0,0.0,0,-25.16,1,0.0,0.07,0.09,0.0,-0.01,Oct,1,1,1,3,Returning_Visitor,False,False
3,41.0,0,-27.76,41,1130.84697,-0.01,0.01806184,-7.27,0.04,Feb,1,8,2,3,Returning_Visitor,True,False
2,50.0,1,10.25,57,1091.005876,-0.0,0.01,3.6,0.0,Nov,2,2,1,2,Returning_Visitor,False,False
4,190.29,0,0.0,14,1131.208333,0.0,0.015384615,-1.27,0.01,Oct,3,2,2,2,Returning_Visitor,False,True
2,103.73,0,-6.91,29,468.0,0.016666667,0.033333333,11.4,0.0,May,4,1,4,3,Returning_Visitor,True,False
6,-112.65,4,69.5,41,3013.58,-0.02,0.0,-14.8,0.01,Dec,2,2,9,7,Other,False,True
0,26.62,0,3.1,3,-468.3,0.0,0.03,-0.75,0.03,Mar,1,1,7,2,Returning_Visitor,False,False
0,32.81,0,27.74,1,-742.07,0.2,0.2,-4.53,0.0,Oct,3,2,1,3,Returning_Visitor,False,False
0,0.91,0,-21.79,31,457.4047799,0.02,0.08,4.3,0.8,May,1,2,2,2,Returning_Visitor,False,False
2,93.99,0,0.0,24,1538.85,0.02,0.04,0.98,0.03,May,2,2,1,1,Returning_Visitor,False,False
6,288.0,0,72.0,-13,475.3,0.010526316,0.01,77.72,0.0,Sep,2,2,2,2,Returning_Visitor,False,False
-1,0.0,0,15.16,39,1577.0,0.0,0.01,0.0,-0.01,Oct,1,1,7,2,Returning_Visitor,False,False
8,422.91,4,168.77,45,1998.444081,-0.01,0.01,2.842307011,-0.09,Oct,3,2,1,2,Returning_Visitor,True,False
0,29.71,0,-29.45,27,1783.41,0.02,0.05,0.0,0.08,May,2,2,1,3,Returning_Visitor,False,False
0,25.65,0,0.0,17,343.625,-0.01,0.005128205,0.0,0.0,Jul,2,1,2,6,New_Visitor,False,False
2,24.54,0,32.62,22,983.12,-0.0,0.015,0.0,0.11,May,1,1,3,3,Returning_Visitor,False,False
0,0.0,0,-21.16,11,149.0,0.01,0.033333333,10.37,-0.0,Mar,2,2,4,1,Returning_Visitor,False,True
7,177.69,0,-34.18,21,464.5833333,0.0,0.01,1.69,0.04,Mar,2,2,3,2,Returning_Visitor,False,False
3,188.29,0,34.41,32,2215.02,0.01,0.008,45.7,0.0,Sep,1,1,4,2,Returning_Visitor,False,False
8,238.78,0,0.0,17,2584.714286,0.011214953,-0.0,16.94046729,0.03,Mar,3,2,1,13,Returning_Visitor,False,False
1,0.0,0,18.97,21,757.13,0.00952381,0.04,3.79,0.03,Dec,2,2,1,2,Returning_Visitor,False,False
-1,-97.27,-1,0.0,-3,48.5,0.0,0.016666667,140.19,-0.13,May,2,4,6,3,New_Visitor,False,False
0,0.0,0,0.0,22,875.9333333,0.03,0.072395833,0.0,0.05,Feb,1,8,3,3,Returning_Visitor,False,False
0,17.7,0,-4.34,21,394.25,0.0,0.02,8.2,0.11,May,3,2,2,4,Returning_Visitor,False,False
3,91.0,0,27.53,59,3007.6875,0.01,0.03,0.0,0.0,Oct,3,2,1,2,Returning_Visitor,False,False
1,0.44,0,-37.85,2,965.54,-0.03,0.06,-5.76,0.0,Mar,2,13,2,13,Returning_Visitor,False,False
0,14.51,0,12.72,10,279.73,0.0,0.033333333,5.36,0.04,Dec,2,2,1,2,Returning_Visitor,False,False
2,56.2,0,8.61,102,3298.19,0.004692308,0.020329446,5.38,0.6,May,2,2,3,2,Returning_Visitor,False,False
0,-40.32,0,-4.85,17,75.5,0.03,0.066666667,-2.42,0.0,Dec,2,1,5,2,Returning_Visitor,False,False
4,108.45,0,39.97,18,557.4047619,0.013793103,0.034154351,18.07,0.02,Mar,2,4,6,2,Returning_Visitor,False,False
0,0.0,0,-21.06,100,4693.45,0.00952381,0.03,5.05,-0.03,Nov,2,2,1,10,Returning_Visitor,False,True
-1,0.0,0,-18.92,31,1467.45,0.01,0.04,4.58,0.0,Oct,2,2,1,2,Returning_Visitor,False,False
2,80.73,0,-31.98,42,1891.1,0.01,0.02,6.52,-0.03,Nov,2,2,1,2,Returning_Visitor,False,False
4,108.45,1,0.0,39,1779.886905,0.01,0.02,4.67,0.0,Mar,1,1,1,2,Returning_Visitor,True,False
0,43.44,1,6.98,19,138.58,-0.0,-0.0,64.33043478,0.02,May,2,2,9,4,New_Visitor,False,False
1,0.9,0,0.0,29,3206.87,0.02,0.03,-4.16,0.09,Oct,2,2,1,13,Returning_Visitor,False,False
-1,0.0,0,4.47,13,1496.833333,0.01,0.02,95.37,0.0,May,4,1,4,4,New_Visitor,False,True
-1,0.0,0,38.43,17,180.1666667,0.0,0.02,0.0,0.01,Mar,1,1,7,2,Returning_Visitor,False,False
0,2.71,0,3.39,20,732.02,0.2,0.2,0.0,0.0,Nov,1,1,3,10,Returning_Visitor,False,False
-1,-29.22,0,-0.36,1,8.0,0.02,0.07,-2.39,0.0,Mar,2,2,5,1,Returning_Visitor,False,False
5,279.83,1,0.0,54,1565.18,0.0,0.01,12.39,0.01,Nov,1,1,1,2,Returning_Visitor,True,False
4,106.86,0,0.0,48,1725.92,0.0,0.02,4.57,0.01,Oct,2,2,1,2,Returning_Visitor,False,False
2,28.0,0,70.11,51,2587.766667,0.02,0.007434641,112.28,0.07,Dec,4,2,3,10,Returning_Visitor,False,True
0,9.25,0,-11.89,9,351.17,0.058823529,0.09,0.0,0.0,May,2,2,9,1,Returning_Visitor,False,False
0,9.76,0,-16.78,10,390.9,0.02,0.066666667,0.0,0.02,Oct,2,2,9,1,Returning_Visitor,False,False
6,14.66,1,-17.21,266,7069.02,0.001687764,0.03,7.152750452,0.8,May,2,4,2,2,Returning_Visitor,False,False
7,187.86,1,196.0,8,438.5833333,-0.01,0.01,0.0,0.05,Mar,2,2,1,2,Returning_Visitor,False,False
4,24.0,1,39.38,36,1334.16,0.0,0.011111111,28.0,0.05,Mar,2,4,6,2,Returning_Visitor,False,False
4,110.4,1,-60.85,4,32.0,-0.01,0.03,-13.19,0.0,Dec,2,8,3,10,Returning_Visitor,False,False
6,145.41,1,48.29,11,988.41,0.02,0.045526366,-0.54,0.07,Mar,2,2,1,1,Returning_Visitor,True,False
-8,-16.4,-1,0.0,9,-2274.27,0.07,0.122222222,0.0,1.54,May,2,6,2,2,Returning_Visitor,True,False
10,295.6940559,2,-137.43,29,428.01,0.0,-0.04,-0.48,0.0,May,2,2,5,4,Returning_Visitor,True,True
0,10.79,0,7.12,5,0.0,0.2,0.2,-1.65,0.0,May,2,2,1,1,Returning_Visitor,False,False
3,93.01,0,0.0,33,1537.56,0.01,0.03,4.93,0.0,Oct,2,2,1,2,Returning_Visitor,False,False
1,107.54,0,30.52,-3,15.2,0.04,0.05,10.24,0.05,Feb,1,1,6,2,Returning_Visitor,False,False
1,54.41,0,0.0,42,2043.5,0.005555556,0.03,3.79,-0.01,Oct,2,2,1,2,Returning_Visitor,False,True
2,-19.55,0,0.0,44,645.34,0.01,0.05,0.0,-0.02,Jul,2,2,3,1,Returning_Visitor,False,False
2,52.0,0,0.0,54,1914.11,0.004,0.01,11.01,0.08,May,2,2,3,4,Returning_Visitor,False,False
4,-21.73,-1,0.0,21,2588.958333,0.01,0.011041667,0.0,-0.33,Nov,2,6,2,1,New_Visitor,True,False
0,-23.69,0,0.0,4,48.0,0.05,0.075,-1.22,0.0,May,2,1,5,3,Returning_Visitor,False,False
8,50.75,1,26.75,12,958.15,0.0,0.02,65.64,0.01,Mar,2,2,1,5,New_Visitor,False,False
6,196.57,0,110.06,-2,-1689.55,0.028571429,0.029761905,10.21,-0.04,Nov,3,2,2,4,Returning_Visitor,False,False
5,217.0,0,14.82,13,409.5,0.01,0.005555556,4.64,0.03,Oct,2,2,1,2,Returning_Visitor,False,False
0,57.3,0,33.33,16,29.15,0.02,0.04,0.0,0.0,Mar,1,1,7,2,Returning_Visitor,False,False
8,185.35,1,313.7,5,600.71,0.0,0.04,5.35,0.05,May,2,2,6,3,Returning_Visitor,False,False
2,40.39,2,100.34,7,372.0833333,0.0,0.02,-1.44,0.04,Oct,2,2,1,2,Returning_Visitor,True,False
6,352.2333333,0,0.0,42,2268.900677,0.01,0.02,0.0,0.0,Oct,2,2,1,2,Returning_Visitor,False,False
3,115.56,0,0.0,26,583.8333333,0.002631579,0.007894737,5.4,0.0,Oct,2,2,3,2,Returning_Visitor,False,False
4,75.4,0,0.0,26,1051.42,-0.0,0.019047619,29.3,0.03,Jul,2,4,2,2,Returning_Visitor,False,False
0,-55.84,1,14.55,25,25.17,0.0,0.057142857,-4.0,0.04,Nov,2,2,9,2,Returning_Visitor,False,False
5,12.89,0,0.0,-14,-733.3,-0.01,0.03,106.18,0.09,Mar,1,2,8,16,Returning_Visitor,False,False
-4,31.2,-1,42.4,13,134.45,-0.0,-0.01,27.75,-0.03,Mar,2,4,6,2,New_Visitor,False,False
6,105.06,0,25.08,26,2143.68,0.01,0.03,0.0,0.05,Mar,2,2,2,1,Returning_Visitor,False,False
0,0.0,0,-15.68,16,346.1333333,0.01,0.04,2.86,0.01,Oct,3,2,3,1,Returning_Visitor,False,False
7,64.6,2,28.7,58,1997.54,-0.01,0.018594104,0.0,-0.09,Nov,2,2,1,5,New_Visitor,True,False
1,260.0,0,-66.3,37,2582.35,0.01,0.03,0.0,0.0,May,2,2,9,2,New_Visitor,False,False
0,20.48,0,5.46,7,121.375,0.0,0.025,0.0,0.01,Dec,3,2,4,2,Returning_Visitor,True,False
3,91.26,0,41.27,20,1072.33,0.01,0.026231884,-0.05,0.07,Mar,1,1,1,2,Returning_Visitor,True,False
6,28.0,0,15.63,7,55.57,-0.01,0.04,-14.84,1.0,May,2,2,1,1,New_Visitor,True,False
0,120.81,1,-40.46,-9,83.5,0.02,0.03,88.88,0.03,Mar,2,2,1,10,Returning_Visitor,False,False
4,153.25,1,44.52,-2,-694.06,-0.0,0.0,2.95,0.0,Mar,2,2,5,2,Returning_Visitor,True,True
11,319.64,1,335.0,132,3583.166667,-0.0,-0.03,11.15734286,0.09,May,2,4,6,8,Returning_Visitor,False,False
4,101.83,1,47.96,22,714.9666667,0.01,0.03,-5.54,0.04,Oct,1,1,3,1,Returning_Visitor,False,False
-3,293.6333333,3,11.5,182,3539.944615,0.010209424,0.033524993,108.77,0.0,Dec,2,6,1,2,Returning_Visitor,False,False
-1,-40.24,0,0.0,27,946.24,0.03,0.080246914,0.0,-0.0,Mar,2,2,3,1,Returning_Visitor,False,False
3,105.76,0,0.0,35,1721.906667,0.01,0.02,5.54,0.02,Oct,2,2,1,2,Returning_Visitor,False,True
1,43.53,0,-23.91,6,213.04,0.022222222,0.05,-1.81,0.0,Mar,3,2,2,1,Returning_Visitor,False,False
0,16.22,0,0.0,5,1441.9,0.0,0.04,-33.95,0.0,Dec,2,5,2,3,Returning_Visitor,True,False
1,110.89,0,0.0,32,1699.073611,0.01,0.035614035,5.43,0.0,Dec,3,2,1,2,Returning_Visitor,False,False
1,34.93,0,0.0,31,1454.39,0.01,0.04,2.08,0.0,Oct,2,2,1,2,Returning_Visitor,False,True
3,140.5,0,0.0,24,756.22,0.01,0.03,0.64,0.0,Oct,3,2,2,2,Returning_Visitor,False,False
2,44.34,0,0.0,18,474.6818182,0.015384615,0.04,0.0,0.0,Mar,2,2,1,1,Returning_Visitor,False,False
5,80.25,1,35.25,51,1762.04,0.005797101,0.011111111,2.25,-0.01,Nov,2,2,1,2,Returning_Visitor,False,True
0,49.47,0,65.0,16,1428.4,0.01,0.016428571,-0.02,0.03,Mar,1,1,6,2,Returning_Visitor,True,False
1,82.16666667,0,-7.17,45,1942.85,0.02,0.025194363,15.15205714,-0.02,Feb,2,2,7,2,Returning_Visitor,False,False
1,31.52,0,57.42,1,-1351.7,0.2,0.21,-2.6,0.0,Nov,3,2,1,3,Returning_Visitor,False,False
2,74.58,2,84.37,20,1190.47,0.01,0.04,-2.22,0.04,Nov,1,1,1,2,Returning_Visitor,False,False
1,0.0,0,530.55,-28,17.0,0.05,0.08,0.0,0.05,Mar,4,1,8,4,Returning_Visitor,False,False
6,99.16,0,0.0,61,2605.3,0.0,0.00625,8.31,0.08,May,2,4,6,3,Returning_Visitor,False,True
2,-131.89,0,-81.78,21,454.3333333,0.0,0.04,0.0,-0.01,Nov,3,2,3,3,New_Visitor,True,False
1,0.0,0,3.65,24,648.0678571,0.016666667,0.05,2.98,0.01,Mar,2,2,3,1,Returning_Visitor,False,False
4,119.5,0,2.3,20,673.625,0.02,0.02,0.76,0.02,Dec,1,8,7,10,Returning_Visitor,True,False
1,31.87,0,10.75,6,161.6666667,0.02,0.05,0.0,0.0,Oct,2,2,9,2,Returning_Visitor,False,False
1,-57.42,2,64.38,8,71.0,0.02,0.02,0.0,0.1,Oct,3,2,4,13,Returning_Visitor,False,False
0,0.0,-1,-54.2,22,-426.66,0.04,0.06,-4.65,-0.02,Oct,1,1,5,3,Returning_Visitor,False,False
3,117.71,1,45.85,16,650.8083333,0.01,0.03,0.0,0.0,Oct,1,1,1,2,Returning_Visitor,True,True
0,66.05,0,26.76,37,1935.8,0.007692308,0.030769231,-0.14,0.05,Mar,1,3,6,2,Returning_Visitor,True,False
1,0.0,0,0.0,15,842.53,0.02,0.05,0.0,0.0,Mar,2,1,1,1,Returning_Visitor,False,False
5,102.2,0,432.2,192,7408.89,0.016949153,0.043785311,-30.2,0.0,Nov,2,4,3,1,Returning_Visitor,False,False
3,115.28,1,31.76,81,2745.21,0.011463415,0.015875182,0.0,-0.0,Nov,2,2,1,2,Returning_Visitor,False,True
1,138.5,0,0.0,21,201.35,0.0,0.01,16.16,0.0,Mar,2,4,6,2,Returning_Visitor,False,False
5,104.08,0,0.0,31,419.25,0.006818182,0.04,10.84,0.3,May,2,2,1,3,Returning_Visitor,False,False
3,53.25,2,-8.25,74,3057.809524,-0.01,0.01,10.09,0.0,May,1,1,5,1,Returning_Visitor,True,True
3,53.5,0,0.0,15,733.7,0.01,0.03,2.64,0.0,Mar,2,2,1,1,Returning_Visitor,True,False
0,-12.27,0,17.24,22,915.46,0.018181818,0.048484848,-5.17,0.0,Mar,3,2,3,1,Returning_Visitor,False,False
3,76.0,0,5.25,28,866.0,0.0,0.03,5.94,0.02,Mar,2,2,9,1,Returning_Visitor,False,False
2,55.72,0,4.32,16,214.8333333,0.01,0.04,0.0,0.04,Oct,2,2,1,3,Returning_Visitor,False,False
4,136.02,0,16.47,53,2146.25,0.0,0.01,5.04,0.0,Oct,2,2,1,2,Returning_Visitor,False,True
-3,0.0,-1,763.85,106,3207.08,0.2,0.2,-20.04,0.6,Feb,4,2,2,3,Returning_Visitor,False,False
0,-49.66,0,-23.71,17,51.0,0.06,0.07,-0.7,-0.02,May,1,1,9,3,Returning_Visitor,False,False
0,-33.85,0,11.4,62,2787.678571,0.01,0.03,2.08,0.0,Jul,2,2,1,1,Returning_Visitor,True,False
4,136.87,0,0.0,43,2112.97,0.0,0.01,6.39,0.01,Oct,2,2,1,2,Returning_Visitor,False,False
6,245.37,1,74.76,14,165.83,0.01,0.03,1.88,0.02,Mar,3,2,1,1,Returning_Visitor,False,False
0,-29.5,0,213.37,3,465.62,0.0,0.07,29.55,-0.01,Nov,1,4,9,4,Other,False,False
2,78.19,0,27.34,26,875.1559524,0.01,0.04,1.89,0.0,Mar,2,2,1,2,Returning_Visitor,False,True
5,0.0,-2,-162.09,8,2352.32,-0.01,0.16,0.0,0.0,Nov,3,3,4,11,New_Visitor,True,False
-1,-14.01,0,0.0,61,49.0,0.26,0.25,0.0,0.91,May,2,6,3,3,Returning_Visitor,False,False
2,83.03,0,-13.08,10,315.33,0.02,0.05,4.18,0.04,Oct,1,1,1,3,Returning_Visitor,True,False
6,72.38,0,61.97,21,1746.14,-0.0,0.004444444,9.253161679,0.02,Mar,1,1,9,7,New_Visitor,False,True
0,-25.89,0,0.0,2,8.06,0.0,0.01,8.67,0.05,May,3,2,3,4,Returning_Visitor,False,False
2,56.39,0,-11.55,32,1016.19,0.02,0.04,1.8,0.03,May,2,2,1,3,Returning_Visitor,False,False
0,61.0125,0,23.75,12,-553.24,0.0,0.03,0.52,0.0,Sep,1,8,6,2,Returning_Visitor,False,False
7,153.12,0,47.57,31,1662.35,0.01,0.018518519,-6.25,0.0,Oct,1,1,1,3,Returning_Visitor,False,True
0,74.24,0,-22.93,8,595.0,0.0,0.010526316,0.0,-0.04,Nov,1,2,9,2,New_Visitor,False,False
0,5.09,0,0.0,37,1944.34,0.01,0.05,0.0,-0.01,Oct,2,2,1,1,Returning_Visitor,False,False
3,101.98,1,32.25,31,1207.34,0.0,0.01,3.18,0.01,Oct,2,2,1,2,Returning_Visitor,False,False
0,-32.92,0,0.0,12,25.78,0.2,0.19,0.0,0.0,Nov,4,1,9,11,Returning_Visitor,True,False
-1,-11.81,0,-4.64,32,814.6071429,0.01,0.04,3.111047059,0.6,May,1,1,3,4,Returning_Visitor,False,True
0,32.47,0,0.0,30,1725.69,0.0,0.010344828,8.92,-0.01,Oct,2,2,1,2,New_Visitor,True,False
3,132.34,2,-19.41,22,423.01,0.0,0.02,34.43601877,0.0,Mar,2,2,9,2,Returning_Visitor,False,True
1,64.16,1,18.5,31,2702.390385,0.003076923,0.01,10.82,0.0,Oct,2,2,1,10,Returning_Visitor,False,True
2,81.4,0,5.49,28,1375.6,0.0,0.02,1.01,0.02,Oct,2,2,9,2,Returning_Visitor,False,False
0,116.05,0,0.0,15,404.43,0.03,0.03816999,21.39,-0.01,Sep,3,2,4,4,Returning_Visitor,False,False
0,0.0,-1,0.0,3,-252.96,0.23,0.2,-0.47,0.0,May,3,2,6,3,Returning_Visitor,False,False
1,32.28571429,0,-12.36,37,1639.42,0.01,0.028571429,4.97,0.0,Oct,2,2,1,2,Returning_Visitor,False,False
6,440.85,2,73.48,62,2066.72,-0.0,0.004916136,18.07,0.0,Oct,4,2,3,2,Returning_Visitor,False,True
1,55.06,0,0.0,10,-154.59,0.031818182,0.072727273,6.24,0.01,Nov,1,1,1,1,Returning_Visitor,False,False
5,0.0,3,26.0,38,-2107.99,0.0,-0.03,104.54,-0.02,Mar,2,2,5,4,New_Visitor,True,False
0,68.23,0,-41.11,-19,-1184.58,0.071428571,0.103333333,-5.53,0.0,Feb,3,2,4,3,Returning_Visitor,True,False
6,143.0,1,48.0,42,1482.77,-0.0,0.003333333,0.0,0.0,Mar,2,2,1,3,Returning_Visitor,True,False
5,153.46,1,73.53,10,106.3,0.0,0.01,0.0,0.04,Oct,2,2,1,2,Returning_Visitor,False,False
2,0.0,0,137.7,1,504.22,0.2,0.2,-3.35,-0.02,Feb,2,2,3,3,Returning_Visitor,False,False
3,334.6,0,14.54,20,1801.03,0.01,0.02,6.04,0.06,May,2,2,1,2,Returning_Visitor,False,False
2,128.59,0,0.0,32,648.84,0.0,0.004545455,87.35,-0.03,Mar,1,4,4,2,New_Visitor,True,False
4,97.78,0,0.0,36,1682.9,0.003278689,0.016721311,0.0,0.01,Oct,2,2,9,2,Returning_Visitor,False,False
0,-73.35,0,681.42,16,-1723.09,0.13,0.22,0.0,1.28,May,2,2,3,3,Returning_Visitor,False,False
3,19.06,0,0.0,3,507.84,0.0,0.03,0.0,0.0,Oct,2,2,3,1,Returning_Visitor,False,False
1,37.0,0,0.0,135,2533.833333,0.002531646,0.010230908,0.0,0.06,Aug,2,2,3,4,Returning_Visitor,False,False
3,109.0,1,-11.45,26,1289.01,0.01372549,0.02254902,19.1127451,0.01,May,2,2,9,4,Returning_Visitor,False,False
2,59.62,0,0.0,5,1169.96,0.02,0.05,3.86,0.01,Oct,1,1,4,5,New_Visitor,False,True
-2,-207.52,0,0.0,224,6483.0804,-0.0,0.012517824,3.83397413,0.37,Nov,2,2,2,1,Returning_Visitor,True,False
2,125.57,0,0.0,12,64.69,0.01,0.015384615,23.00459544,0.0,Jul,2,2,1,6,New_Visitor,False,True
0,0.0,0,0.0,1,28.47,0.2,0.19,0.0,0.01,May,2,2,1,3,Returning_Visitor,False,False
3,63.81,0,-51.19,3,744.51,-0.0,0.04,23.13,0.11,Mar,2,4,2,2,Returning_Visitor,True,True
0,34.02,1,55.0,35,2291.78,0.0,0.003225806,22.088,0.01,May,2,2,1,4,Returning_Visitor,False,True
2,6.56,0,46.75,3,1248.01,0.01,0.04,29.21,-0.03,June,2,2,8,2,New_Visitor,False,False
9,420.47,4,207.5,-43,595.0095238,0.0,0.01,0.0,-0.02,Nov,1,2,1,10,Returning_Visitor,False,False
0,0.0,0,2.0,12,299.5,0.02,0.06,0.0,0.0,Mar,2,2,9,1,Returning_Visitor,False,False
3,225.87,0,14.37,34,1679.833333,0.01,0.001086957,45.8293144,-0.03,Oct,1,2,4,2,New_Visitor,True,True
3,44.0,0,0.0,2,842.54,0.02,0.05,3.49,0.0,Oct,1,1,1,7,New_Visitor,True,False
-1,-39.75,0,10.59,2,459.0833333,0.004545455,0.084545455,-3.83,0.03,Mar,2,4,5,1,Returning_Visitor,False,False
0,37.11,1,2.82,-9,1022.384615,0.014634146,0.04,16.13,0.06,Nov,4,1,2,10,Returning_Visitor,True,False
0,11.26,0,-20.09,13,647.14,0.03,0.075,0.12,0.02,Oct,2,2,1,1,Returning_Visitor,False,False
0,0.0,0,14.38,12,471.5,-0.0,0.03,-2.59,-0.02,May,1,8,6,3,Returning_Visitor,False,False
1,74.72,-1,-36.28,12,1197.37,0.01,0.018181818,0.0,0.0,Oct,1,2,4,2,New_Visitor,True,False
1,0.0,0,15.69,13,1128.69,-0.0,0.06,0.0,0.0,Mar,2,4,4,1,Returning_Visitor,True,False
1,47.33333333,0,36.68,12,34.83333333,0.01,0.035714286,2.7,0.02,Mar,2,2,9,2,Returning_Visitor,False,False
1,0.0,0,-27.32,32,1080.047619,0.0,0.01015625,15.92,0.01,Mar,2,2,7,2,Returning_Visitor,False,False
4,136.2,0,40.99,43,2556.220833,0.01,0.02229101,1.49,0.01,Oct,2,2,1,2,Returning_Visitor,False,False
15,365.1111111,1,-86.82,178,5882.174206,0.02,0.03,1.033764021,0.0,May,2,2,5,1,Returning_Visitor,False,False
0,37.97,0,0.0,13,137.0,0.01,0.04,0.0,0.0,Mar,2,2,3,2,Returning_Visitor,False,True
0,0.0,0,-14.48,55,2780.609524,0.01,0.03,2.9,0.0,Oct,2,2,1,2,Returning_Visitor,False,False
3,105.73,0,5.07,31,1558.77,0.003140097,0.02,4.65,0.0,Oct,2,2,1,2,Returning_Visitor,False,False
1,-17.35,0,-12.31,6,314.4,-0.0,0.01,-11.01,-0.08,Oct,1,1,9,3,New_Visitor,True,False
11,369.07,0,0.0,47,2220.64,0.0,0.014285714,0.0,0.08,Mar,1,1,3,3,Returning_Visitor,True,False
0,-7.23,-1,12.0,45,209.67,0.0,0.1,0.0,1.59,May,2,4,2,6,Returning_Visitor,False,False
0,30.37,0,0.0,12,0.0,0.01,0.05,-2.41,-0.0,Mar,3,2,3,1,Returning_Visitor,False,False
2,61.04,0,-0.1,37,1249.8,0.01,0.04,-1.63,-0.0,Nov,1,1,4,2,Returning_Visitor,True,True
0,61.18,0,-13.57,-8,371.5,0.03,0.04,9.45,-0.03,Nov,2,2,2,10,Returning_Visitor,False,False
8,262.87,0,0.0,37,1631.92,0.01,0.01,5.53,0.03,Oct,2,2,1,1,Returning_Visitor,False,False
2,68.43,0,0.0,25,1118.79,-0.0,0.007407407,3.77,0.01,Nov,2,2,2,2,New_Visitor,False,True
0,0.0,0,0.0,-4,-298.53,0.066666667,0.1,7.84,0.05,May,1,1,1,3,Returning_Visitor,False,False
2,14.0,0,10.59,5,45.25,0.01,0.05,0.0,0.0,Mar,2,2,9,1,Returning_Visitor,False,False
5,252.33,0,62.41,33,778.8166667,0.03,0.022424242,0.0,-0.07,Dec,1,5,6,1,Returning_Visitor,False,False
0,77.53,1,50.5,6,191.14,0.0,0.06,0.0,0.02,Nov,3,2,1,2,Returning_Visitor,False,False
1,136.5,0,0.0,24,806.5,0.0,0.02,8.28,0.0,Aug,2,4,6,2,Returning_Visitor,False,False
3,80.14,0,41.2,28,1317.35,0.0,0.020991254,2.21,0.0,Mar,2,2,1,2,Returning_Visitor,False,False
1,43.68,0,16.02,23,702.125,0.01,0.018333333,3.58,0.02,Mar,2,2,1,2,Returning_Visitor,False,False
0,23.81,0,14.14,31,1674.0,-0.0,0.05,3.36,-0.01,Mar,2,4,4,1,Returning_Visitor,False,False
0,-11.73,1,0.0,33,479.89,-0.0,0.021428571,-2.48,0.0,Mar,4,1,1,3,Returning_Visitor,True,False
0,0.0,1,225.7666667,222,9630.209524,0.053355457,0.066158871,13.09,-0.15,June,7,13,2,17,Other,False,False
7,305.6666667,0,23.06,33,796.25,-0.0,0.01,0.0,0.0,Oct,1,1,3,2,Returning_Visitor,False,False
2,44.11,0,-17.27,15,276.7333333,0.010526316,0.0,69.46239458,0.04,Feb,2,2,1,4,New_Visitor,True,True
1,92.09,1,0.0,10,121.5,0.01,0.04,1.53,0.04,Nov,1,1,1,2,New_Visitor,True,False
9,410.55,0,-81.55,92,2791.060635,0.0,0.006917563,7.41,-0.0,Nov,2,2,3,2,Returning_Visitor,False,False
0,-16.03,0,0.0,19,0.0,0.2,0.2,0.0,0.0,Nov,2,2,1,3,Returning_Visitor,False,False
1,0.0,0,0.0,6,527.24,0.01,0.03,0.59,0.0,Mar,3,2,1,3,Returning_Visitor,True,False
3,63.09,0,0.0,53,1299.383333,0.0,-0.03,0.0,0.0,Oct,2,6,7,9,Returning_Visitor,False,False
0,0.0,0,172.77,6,202.0,0.03,0.05,0.0,-0.03,Mar,1,1,1,4,Returning_Visitor,False,False
-3,0.0,0,0.0,-13,22.0,0.07,0.12,3.03,0.0,May,3,2,3,1,Returning_Visitor,False,False
3,120.07,1,-21.98,30,763.27,0.0,-0.01,43.20756866,-0.03,Nov,2,2,9,12,Returning_Visitor,False,False
0,26.91,0,20.8,-1,0.0,0.2,0.19,-4.09,-0.0,May,2,2,1,3,Returning_Visitor,False,False
2,-23.85,0,0.0,14,1184.64,0.0,0.02,0.0,0.0,Mar,2,2,1,5,New_Visitor,False,False
7,490.5,-1,5.41,42,1634.85,0.01,0.01,4.2,0.02,Oct,2,2,1,2,New_Visitor,False,False
0,8.47,0,0.0,6,1638.5,0.083333333,0.116666667,-12.38,0.03,May,2,2,1,1,Returning_Visitor,False,False
0,82.07,0,-24.99,3,1828.04,0.03,0.05,53.83,0.02,Mar,4,2,2,10,Returning_Visitor,False,False
-1,0.0,0,0.0,3,-117.31,0.066666667,0.1,0.0,0.06,May,2,2,1,3,Returning_Visitor,False,False
8,245.0833333,0,27.7,93,3646.966667,0.005154639,0.01,9.3,0.06,May,2,2,6,2,Returning_Visitor,False,False
3,-78.14,0,29.0,26,162.66,-0.04,-0.04,12.0,0.0,Oct,2,2,3,3,New_Visitor,False,False
2,63.89,0,0.0,33,-179.83,0.1,0.13,7.12,0.77,May,3,2,1,4,Returning_Visitor,True,False
3,54.33333333,0,0.0,38,1646.22,0.0,0.025,4.09,0.0,Mar,2,2,1,1,Returning_Visitor,False,False
-2,0.0,0,-3.58,26,198.67,0.04,0.11,0.02,0.8,May,2,2,1,6,Returning_Visitor,False,False
1,69.62,0,0.0,14,2425.0,0.01,0.04,3.37,-0.0,Oct,2,2,1,2,Returning_Visitor,False,False
2,0.0,4,275.88,4,997.2878788,0.0,0.031897436,0.0,0.0,Aug,1,1,4,2,Returning_Visitor,True,False
2,90.1,0,0.0,20,643.05,0.0,0.01,9.74,0.0,Oct,1,2,9,4,New_Visitor,False,False
2,64.5,0,1.27,24,881.21,0.01,0.0186,7.61,0.02,Dec,2,2,1,2,Returning_Visitor,False,True
0,10.07,0,5.25,8,423.42,0.2,0.2,3.45,0.03,Oct,1,1,3,2,Returning_Visitor,False,False
2,1499.571429,-2,186.0,102,2905.943651,0.05,0.08,-9.13,0.0,Feb,3,6,7,1,Returning_Visitor,False,False
17,1279.27,0,62.07,78,1534.825143,-0.0,0.020699598,-3.16,-0.01,Nov,1,1,2,10,Returning_Visitor,False,True
5,203.68,0,15.56,67,3080.0,0.0,0.033333333,0.0,-0.05,Nov,1,1,1,1,Returning_Visitor,False,False
0,5.5,0,-16.22,22,1241.57,0.02,0.063636364,2.36,0.0,Oct,2,2,1,1,Returning_Visitor,False,False
1,0.0,0,12.69,12,86.0,0.01,0.04,-0.48,0.0,Mar,2,2,9,1,Returning_Visitor,False,False
3,126.84,0,-4.69,24,1297.96,0.0,0.02,6.9,0.02,Oct,1,2,9,2,Returning_Visitor,False,False
4,577.09,5,943.25,72,614.3,-0.0,0.019676875,0.0,0.4,Feb,2,5,2,8,Returning_Visitor,True,False
6,166.9318182,4,246.0,51,2042.87,-0.03,0.017471264,-33.94,0.0,May,2,2,4,19,Returning_Visitor,False,False
0,19.68,1,0.0,16,236.77,0.0,0.03,0.0,0.0,Oct,1,1,5,2,Returning_Visitor,True,False
3,123.52,1,25.6,28,208.8333333,0.0,0.0,70.31635146,0.02,Feb,2,2,9,2,Returning_Visitor,False,True
2,31.08,0,26.89,11,203.5,0.018181818,0.042424242,0.0,0.01,Mar,2,2,3,1,Returning_Visitor,False,False
6,192.02,1,0.0,37,1689.58,0.002666667,0.01,0.0,0.01,Oct,2,2,1,2,Returning_Visitor,False,False
1,0.0,0,0.0,19,983.12,0.01,0.06,0.0,-0.01,Oct,1,8,3,11,Returning_Visitor,True,False
4,175.0,0,10.0,21,301.99,0.007692308,0.037435897,3.77,0.0,Feb,1,1,7,1,Returning_Visitor,False,False
2,75.0,0,0.0,39,1773.375,0.01,0.03,28.11635484,0.0,Feb,2,2,1,4,Returning_Visitor,False,True
4,30.5,1,0.0,10,-468.14,-0.03,0.083333333,-36.79,0.0,Dec,3,3,4,3,Returning_Visitor,True,False
2,50.0,0,7.59,29,1541.52,0.01,0.04,0.0,0.02,Oct,2,2,1,1,Returning_Visitor,False,False
1,76.53,0,-21.74,64,3164.85,0.0,0.01,0.0,0.0,Nov,2,2,1,10,Returning_Visitor,False,False
5,71.19,0,72.19,87,2794.07,0.01,0.005,0.0,-0.04,Jul,2,2,2,4,Returning_Visitor,False,False
4,174.44,1,44.43,29,1747.92,0.01,0.01,12.455,0.0,May,2,2,4,2,Returning_Visitor,False,True
2,38.32,0,13.44,15,362.6333333,0.01,0.05,0.0,0.0,Mar,2,2,9,1,Returning_Visitor,False,False
4,49.5,0,0.0,19,180.5,0.0,0.03,8.04,0.0,Mar,2,2,3,1,Returning_Visitor,False,False
1,40.63,1,85.19,-2,-313.53,0.002061856,0.03,-14.03,-0.02,Dec,3,1,4,2,Returning_Visitor,True,False
1,0.0,2,0.0,-30,0.0,0.2,0.2,-0.82,0.0,May,1,1,1,2,Returning_Visitor,False,False
0,0.0,0,6.18,30,1451.65,0.0,0.04,2.05,0.0,Oct,2,4,4,2,Returning_Visitor,False,False
5,213.0,0,0.0,14,1531.79,0.0,0.03,4.56,0.07,Oct,1,2,1,5,New_Visitor,False,True
5,215.22,1,29.45,27,1583.596154,0.0,0.01,39.63270309,0.0,Feb,2,4,4,2,Returning_Visitor,False,False
5,75.25,-2,0.0,35,1261.79,0.005405405,0.014414414,0.0,-0.0,Dec,3,2,2,3,Returning_Visitor,False,False
0,-56.62,0,85.0,11,347.35,0.2,0.2,-11.05,0.11,May,1,1,3,3,Returning_Visitor,False,False
3,85.77,0,0.0,36,1653.33,0.0,0.02,0.0,0.0,Oct,2,2,1,1,Returning_Visitor,False,False
0,161.6685714,0,0.0,518,11976.72135,0.01,0.003837261,0.0,0.0,Nov,2,2,4,3,Returning_Visitor,False,False
1,0.0,0,-22.44,54,2131.81,0.0,0.02,4.29,0.0,Nov,2,2,1,2,Returning_Visitor,False,False
0,-10.47,0,0.0,37,1621.89,0.016666667,0.045833333,8.4,0.0,Aug,2,2,6,2,Returning_Visitor,False,False
2,-54.02,-2,0.0,2,-3150.16,0.05,0.13,0.0,-0.07,Nov,1,2,4,2,New_Visitor,True,True
3,116.1,0,97.66666667,22,1340.5,0.01,0.03,-2.84,-0.03,Mar,2,2,1,2,Returning_Visitor,False,False
2,56.4,1,97.81,32,2101.467925,0.006140351,0.03,5.16,0.0,Oct,1,1,1,2,Returning_Visitor,False,False
0,45.76,0,-9.15,8,554.43,0.01,0.04,3.36,0.0,Mar,2,2,1,2,Returning_Visitor,False,True
-7,21.71,0,776.43,-10,11.0,0.11,0.133333333,47.51,0.0,June,4,2,2,4,Returning_Visitor,False,False
2,5.1,0,0.0,2,8.0,0.07,0.13,4.71,-0.05,June,2,4,2,3,Returning_Visitor,False,False
5,101.58,0,0.0,21,1403.541667,0.0,0.00125,0.0,0.04,Dec,3,2,9,20,Other,False,False
10,151.18,-1,144.0,101,3348.19,0.02,0.02,2.153839297,0.0,Jul,3,1,8,3,Returning_Visitor,False,False
4,75.48,0,41.57,24,374.6,-0.0,-0.01,31.24,0.03,Feb,2,2,3,4,New_Visitor,False,False
0,0.0,0,-3.33,18,650.73,0.02,0.05,1.63,0.0,Mar,2,2,9,1,Returning_Visitor,False,False
3,130.52,0,-5.36,39,1282.7,0.01,0.03,39.42556512,-0.04,Jul,2,2,2,2,Returning_Visitor,False,True
4,32.7,1,0.0,27,687.1966667,-0.0,0.019393939,8.72,0.0,Nov,2,2,1,1,Returning_Visitor,False,False
-2,14.13,0,0.0,2,-337.39,0.08,0.1,0.0,0.0,Mar,1,1,4,2,Returning_Visitor,False,False
1,102.12,0,-43.19,6,536.34,0.03,0.062962963,29.65880372,0.01,Oct,1,2,1,2,Returning_Visitor,False,False
0,67.12,-1,0.0,1,94.4,0.04,0.06,0.0,0.0,Oct,1,2,9,2,New_Visitor,False,False
5,149.39,0,21.27,54,2024.23,0.005357143,0.022619048,2.59,0.0,Oct,2,4,4,2,Returning_Visitor,False,False
7,113.7,0,191.97,6,452.92,0.018181818,0.05,-6.93,-0.04,Oct,4,1,8,3,Returning_Visitor,False,False
0,89.02,1,24.64,12,363.09,0.01,0.03,0.0,0.02,Mar,3,2,2,2,Returning_Visitor,False,False
2,31.82,-1,-12.3,5,2217.12,-0.0,0.025,-9.38,-0.02,Dec,2,4,6,2,New_Visitor,True,True
4,44.5,0,376.5,49,1222.25,0.005185185,0.0,-5.54,0.0,Jul,2,2,2,4,Returning_Visitor,True,False
1,0.0,-2,-71.96,48,691.3572797,0.034873188,0.05,0.0,0.0,Mar,1,1,9,3,Returning_Visitor,False,False
-1,-33.63,1,0.0,8,1485.17,0.075,0.0875,1.07,0.17,May,2,2,1,13,Returning_Visitor,False,False
5,1617.84,1,0.0,14,472.87,0.0,0.028571429,52.74177636,0.0,Dec,4,5,1,10,Returning_Visitor,False,True
0,0.0,0,-8.27,50,3978.245833,0.01,0.01,9.05,0.0,Nov,2,2,1,10,Returning_Visitor,True,False
5,209.5,0,29.17,31,786.81,0.01,0.02,0.0,0.0,Nov,2,2,1,2,Returning_Visitor,False,False
0,0.0,0,0.0,5,276.0,0.02,0.06,0.0,0.03,Mar,1,1,1,1,Returning_Visitor,False,False
1,48.49,0,-21.9,32,1475.92,0.00952381,0.041269841,3.56,0.0,Mar,2,2,1,2,Returning_Visitor,False,False
0,0.0,0,0.0,3,-454.3,0.08,0.1,2.94,0.01,May,1,1,5,3,Returning_Visitor,False,False
3,57.56,0,17.64,30,1305.03,0.02,0.036666667,2.91,0.0,May,3,2,1,3,Returning_Visitor,False,False
2,53.27,1,118.1,10,-584.08,0.0,0.035714286,0.0,0.0,Mar,3,2,1,2,Returning_Visitor,False,False
1,42.67,0,0.0,15,497.0,0.02,0.047619048,10.62514286,0.03,Mar,2,2,1,3,Returning_Visitor,False,False
0,30.17,0,-13.56,28,1140.166667,0.032248521,0.032948718,0.0,-0.01,May,3,2,6,2,Returning_Visitor,False,False
1,92.84,0,-44.4,20,338.54,0.0,0.011111111,0.0,0.0,Mar,3,2,3,1,New_Visitor,True,False
1,114.25,0,-20.49,254,9126.982468,0.01,0.03,0.0,-0.02,Nov,2,2,1,2,Returning_Visitor,False,True
2,45.0,0,0.0,9,96.46666667,0.02,0.05,0.0,0.02,Mar,2,2,9,1,Returning_Visitor,False,False
0,-21.34,0,-22.69,-8,-660.42,0.19,0.2,-6.04,0.0,Mar,1,1,7,1,Returning_Visitor,True,False
6,249.34,0,0.0,110,5721.800123,0.0,0.02,-4.33,0.0,Oct,2,2,1,1,Returning_Visitor,False,False
0,25.06,0,7.2,21,1256.48,0.02,0.05,-1.16,0.04,Oct,1,1,1,2,Returning_Visitor,False,False
2,55.0,1,80.76,40,914.5060606,0.015384615,0.016666667,3.67,0.03,May,3,2,4,3,Returning_Visitor,False,False
0,38.83,0,-10.66,7,959.46,-0.0,0.0,0.0,0.0,Oct,2,2,9,2,New_Visitor,True,False
0,-4.9,0,9.33,9,426.5,0.0,0.02,0.0,0.05,Mar,2,2,9,6,New_Visitor,False,False
0,0.0,0,0.0,1,0.0,0.22,0.2,0.0,-0.03,Feb,3,2,2,3,Returning_Visitor,False,False
1,0.0,0,-3.74,36,1128.77,0.0,0.0,9.6,0.0,Oct,2,2,1,4,New_Visitor,True,False
0,28.04,0,4.55,7,-132.41,0.21,0.2,0.0,0.01,May,3,2,1,1,Returning_Visitor,False,False
1,0.0,0,10.22,27,1092.333333,0.02,0.04,0.0,0.0,Dec,2,1,5,2,Returning_Visitor,False,False
2,13.46,1,50.25,26,3439.67,0.008,0.0,10.61,0.0,May,3,2,4,13,Returning_Visitor,False,False
0,-35.12,0,-10.67,23,684.5,0.01,0.08,5.35,0.8,May,2,2,1,6,Returning_Visitor,False,False
2,0.0,0,21.92,23,948.5,0.0,0.03,-0.97,0.03,Mar,2,2,1,1,Returning_Visitor,True,False
0,47.63,0,0.0,38,1270.8,0.01,0.028571429,0.0,0.0,Oct,2,2,1,2,Returning_Visitor,False,False
3,47.0,1,51.0,60,463.4166667,-0.01,0.01,0.0,0.72,May,1,1,3,2,Returning_Visitor,True,False
1,4.0,2,-3.35,31,1513.52,0.03,0.02,8.708324324,-0.05,Feb,3,2,4,13,Returning_Visitor,True,False
4,199.0,0,-14.95,24,155.0,0.02,0.045454545,0.0,0.32,May,1,1,3,2,Returning_Visitor,False,False
4,177.3333333,0,66.64,70,2278.99,0.002898551,0.003457557,1.02,0.0,Nov,1,1,2,2,Returning_Visitor,False,False
0,25.27,0,-20.57,-9,57.0,0.03,0.075,63.1,0.08,Mar,1,1,1,8,New_Visitor,False,False
12,525.45,0,59.07,32,1796.68,0.02,0.020434783,13.28070081,0.03,Feb,1,1,1,4,Returning_Visitor,False,False
0,0.0,0,0.0,-38,-1091.83,0.09,0.2,0.25,0.03,Mar,2,4,1,1,Returning_Visitor,False,False
1,204.05,4,182.87,70,526.0,-0.01,-0.01,12.14,0.0,Oct,3,2,5,2,Returning_Visitor,False,False
1,17.34848485,0,7.14,15,291.2589744,0.01,0.05,3.11,0.0,Nov,2,2,9,2,Returning_Visitor,False,False
2,46.19,0,0.0,14,139.0,0.0,0.03,5.99,0.03,Mar,2,4,6,2,Returning_Visitor,False,True
1,0.0,0,0.0,28,1130.78,0.01,0.04,0.99,0.0,Mar,2,2,1,1,Returning_Visitor,False,False
0,0.0,1,-174.31,124,982.757619,0.0125,0.02,121.77,0.6,Sep,1,5,2,1,Returning_Visitor,False,False
4,76.89,0,0.0,26,1544.855159,0.01,0.03,0.0,0.02,Mar,3,2,1,1,Returning_Visitor,True,False
6,133.3333333,0,398.0,107,4653.190245,0.01,-0.02,6.017563943,0.0,Feb,3,4,6,8,Returning_Visitor,True,True
1,39.4,0,-51.15,28,513.88,0.003076923,0.015641026,42.22,-0.02,Oct,1,2,9,4,New_Visitor,False,False
0,0.0,0,-95.95,12,338.75,0.0,0.033333333,0.0,0.0,Nov,2,4,1,2,New_Visitor,False,False
2,83.45,0,24.69,12,1145.416667,0.02,0.05,0.0,0.02,Mar,2,2,1,2,Returning_Visitor,False,False
0,89.96,4,-160.55,193,5339.2,0.0,-0.06,151.5650523,-0.3,Feb,2,7,5,8,Returning_Visitor,False,True
2,83.0,-2,-63.95,3,-667.28,0.0,0.05,0.0,0.6,May,3,2,7,11,Returning_Visitor,True,False
5,62.6,0,0.0,11,1050.05,0.0,0.03,-12.3,0.02,Oct,1,1,9,7,New_Visitor,True,False
-2,17.25,0,0.0,28,527.8333333,0.0,0.02,32.84,0.0,Mar,2,4,2,4,Returning_Visitor,False,False
1,79.35,0,54.4,45,1688.73,0.017021277,0.04,-1.64,-0.03,Nov,2,2,1,2,Returning_Visitor,False,False
0,12.42,0,-122.14,12,696.82,0.0,-0.07,86.35,0.0,May,1,6,4,1,Returning_Visitor,False,False
0,0.0,0,0.0,20,528.0,0.02,0.04,6.24,0.19,May,3,2,2,4,Returning_Visitor,False,True
4,111.31,0,0.0,13,197.75,0.03,0.06,1.89,-0.0,Jul,3,2,2,1,Returning_Visitor,False,True
-1,0.0,1,48.58,3,-81.27,0.066666667,0.133333333,0.51,0.67,May,2,4,4,1,Returning_Visitor,False,False
1,77.01,0,0.0,21,2098.39,-0.02,0.008695652,-29.28,-0.2,Oct,2,2,4,20,Returning_Visitor,True,False
6,129.49,0,0.0,41,709.71,0.017391304,0.021614907,12.39204312,-0.03,Feb,1,8,6,3,Returning_Visitor,False,True
1,42.73,1,23.55,29,708.34,0.007142857,0.03,10.98707143,0.02,Oct,1,1,3,2,Returning_Visitor,False,True
-1,0.0,-1,20.22,42,2539.08,0.05,0.079573935,7.43,0.6,May,2,2,9,11,Returning_Visitor,False,False
-2,0.0,0,0.0,-10,13.0,0.05,0.1,0.0,0.01,Mar,3,2,3,1,Returning_Visitor,False,False
-5,-137.06,2,39.25,39,1406.95,0.01533101,0.07,4.24,0.0,Nov,3,2,5,9,Returning_Visitor,False,False
6,507.25,3,254.95,251,8249.106771,0.006940472,-0.0,6.12,-0.09,Nov,1,1,1,10,Returning_Visitor,False,True
5,39.5,3,62.25,339,14527.37,0.004778942,0.020193811,15.69,0.0,May,2,2,3,2,Returning_Visitor,True,False
5,97.11,0,-9.66,44,1047.7,0.01,0.013095238,0.34,0.0,Oct,1,1,1,3,Returning_Visitor,True,True
3,138.5,3,955.77,26,807.0833333,-0.05,0.011458333,0.0,0.72,Dec,3,2,4,8,Returning_Visitor,True,False
3,0.57,1,57.43,27,652.7,0.0,0.02962963,0.0,0.01,Jul,2,2,2,1,Returning_Visitor,True,False
2,8.24,0,33.21,1,1846.56,0.02,0.01,13.11,0.07,Mar,3,2,2,13,Returning_Visitor,False,False
1,33.96,0,0.0,23,1437.95,0.04,0.06,-1.74,0.0,May,2,2,1,3,Returning_Visitor,False,False
0,0.0,0,0.0,52,1385.16,0.0,0.02,0.0,-0.01,Nov,2,2,1,2,Returning_Visitor,False,False
8,421.0,0,63.31,11,110.5,0.01,0.011111111,13.06,0.03,Mar,2,2,1,2,Returning_Visitor,True,False
2,37.39,0,-2.54,30,1282.13,0.006766917,0.04,0.0,0.0,Mar,2,2,1,1,Returning_Visitor,False,False
6,189.2142857,1,261.0,10,1369.35,-0.01,-0.01,2.904177177,0.03,Sep,2,2,6,2,New_Visitor,False,False
2,58.29,0,-1.03,20,402.0,0.01,0.04,1.84,0.0,Nov,1,2,1,2,Returning_Visitor,False,True
0,15.65,1,47.12,16,445.0,0.0,0.02,-2.49,0.02,Mar,3,2,2,2,Returning_Visitor,True,False
0,7.31,0,-64.04,6,106.0,0.1,0.12,0.0,0.1,Mar,3,2,1,1,Returning_Visitor,True,False
6,168.31,0,37.27,25,901.0916667,-0.0,0.010111111,21.35,0.03,Mar,2,4,2,2,Returning_Visitor,False,False
-5,0.0,0,63.71,38,-779.59,-0.01,0.0,0.0,-0.0,Nov,2,4,6,2,Returning_Visitor,False,False
1,0.0,0,-27.66,13,201.87,0.01,0.1,7.17,0.8,May,2,4,1,2,Returning_Visitor,False,False
-1,-178.79,-1,-3.92,18,4093.430519,0.005816216,0.043499683,36.05,-0.02,Dec,1,8,8,13,New_Visitor,False,False
16,778.54,12,1764.99,88,6358.32,0.0,0.04,0.3,0.0,Dec,3,2,2,2,Returning_Visitor,True,False
7,440.1041667,0,70.6,12,1892.1,0.009230769,0.02,7.03,0.05,Oct,1,2,1,2,Returning_Visitor,False,False
0,0.0,0,-11.94,19,1042.0,0.044736842,0.08,0.0,0.07,May,2,2,1,1,Returning_Visitor,False,False
4,148.67,0,0.0,60,2686.402922,0.01,0.022713675,0.0,-0.02,Oct,2,2,5,2,Returning_Visitor,False,False
2,50.94,0,8.0,30,717.4666667,0.01,0.04,5.47,0.0,Nov,2,2,1,3,Returning_Visitor,False,False
0,24.92,0,0.0,1,0.0,0.2,0.2,-1.95,-0.01,Nov,3,2,2,1,Returning_Visitor,False,False
0,0.0,0,0.0,32,912.06,0.01,0.02,0.87,0.0,Oct,2,1,1,4,Returning_Visitor,True,False
12,217.0833333,1,12.99,90,2681.57,0.01,0.027807876,0.0,0.06,Oct,3,2,3,1,Returning_Visitor,False,False
5,7.07,0,-199.95,15,489.0,0.02,-0.04,81.334441,0.0,Dec,4,4,9,4,Other,False,True
0,-14.31,0,-37.17,-5,1001.9,0.06,0.093478261,-1.84,-0.01,Aug,3,2,1,13,Returning_Visitor,False,False
5,444.05,4,1151.93,68,2754.4,0.0,0.008695652,0.0,0.0,Feb,1,1,3,2,New_Visitor,False,False
5,117.63,0,0.0,59,2367.02,0.026984127,0.04,0.0,0.0,Oct,1,2,1,3,Returning_Visitor,False,False
3,78.0,0,0.0,31,1217.41,0.01,0.03,3.8,0.0,Mar,2,2,1,2,Returning_Visitor,False,False
3,74.41,0,0.0,15,876.49,0.01,0.033333333,0.0,-0.01,Nov,2,2,1,2,Returning_Visitor,False,False
12,672.0952381,2,86.0,23,560.54,-0.01,0.01,9.1,0.0,Oct,4,1,1,4,Returning_Visitor,False,False
3,56.29,0,7.99,13,665.97,0.007692308,0.03,0.0,0.02,Mar,2,2,3,2,Returning_Visitor,False,False
0,0.0,0,-20.31,39,2177.333333,-0.01,0.04,50.69,0.0,Dec,2,4,1,4,New_Visitor,False,False
2,92.65,0,0.0,36,2448.84,0.0,0.015714286,47.65907425,0.0,June,3,1,8,2,Returning_Visitor,False,False
1,13.09,-1,56.95,3,1634.48,0.0,-0.02,4.1,0.0,Oct,1,2,7,2,New_Visitor,True,True
0,0.0,0,15.81,46,2318.69,0.0,0.021959184,6.06,-0.0,Oct,2,2,1,2,Returning_Visitor,False,False
2,52.51,0,-6.95,44,283.5,0.0,0.030769231,5.27,0.4,May,2,2,5,1,Returning_Visitor,False,False
0,-1.25,0,13.36,2,0.0,0.03,0.07,0.03,0.0,Mar,1,1,9,1,Returning_Visitor,False,False
3,64.5,0,-17.96,14,671.625,0.01,0.030625,0.0,-0.02,Dec,1,8,3,11,Returning_Visitor,True,False
2,-194.55,4,231.875,-110,-3028.63,-0.01,-0.02,7.55,-0.03,Nov,2,2,1,1,New_Visitor,True,False
5,301.0,0,-5.24,22,1081.93,0.02,0.044507576,10.72117234,-0.01,Nov,2,2,1,2,Returning_Visitor,False,False
-1,-16.22,0,-34.21,-5,-477.36,0.0,0.04,28.5,0.0,Mar,2,4,7,1,Returning_Visitor,False,False
0,0.0,0,3.53,3,-634.0,0.111111111,0.1,0.0,0.2,May,3,2,6,3,Returning_Visitor,True,False
2,91.78,1,0.0,23,740.69,-0.0,0.05,69.64,-0.03,Jul,2,2,1,2,New_Visitor,False,False
1,12.0,0,-1.09,45,2226.14,0.0,0.05,0.0,0.0,Oct,2,4,4,1,Returning_Visitor,False,False
4,0.0,0,27.2,63,2271.16,0.0,0.02,-2.93,0.0,Mar,2,2,3,1,Returning_Visitor,False,True
6,344.0,0,74.4,22,1860.25,0.01,0.02,6.61,0.0,Oct,1,2,1,2,Returning_Visitor,False,True
2,81.41,0,0.0,38,2011.61,0.01,0.03,3.56,-0.01,Oct,2,2,1,1,Returning_Visitor,False,True
0,40.91,0,0.0,4,-574.78,0.0,0.05,0.0,-0.06,Nov,1,8,6,10,Returning_Visitor,False,False
0,0.0,0,0.0,6,-351.16,0.0,0.033333333,0.0,0.0,Oct,2,2,3,2,New_Visitor,False,True
-1,0.0,0,0.0,1,0.0,0.06,0.1,0.0,0.09,May,3,2,1,3,Returning_Visitor,False,False
3,161.63,7,1437.14,91,5030.81,0.01,0.03,0.0,0.0,Feb,2,2,4,1,Returning_Visitor,False,False
0,0.0,0,0.0,25,1002.14,0.02,0.05,0.0,0.0,Mar,2,2,9,1,Returning_Visitor,False,False
0,0.0,0,0.0,-28,447.7166667,0.0,0.011111111,0.0,0.04,Sep,3,2,1,5,New_Visitor,True,False
9,195.71,0,13.25,30,830.1,-0.0,-0.01,9.04,0.0,Oct,2,2,3,1,Returning_Visitor,False,False
0,16.86,0,0.0,24,1031.53,0.01,0.04,0.0,-0.0,Oct,2,2,1,1,Returning_Visitor,False,False
-2,0.0,0,-16.09,26,625.23,0.01,0.03,9.74,-0.02,May,3,2,2,4,Returning_Visitor,False,False
-2,39.52,0,0.0,13,89.0,0.05,0.1,35.1,0.05,Mar,4,1,2,1,Returning_Visitor,False,False
4,85.48223443,1,68.34,49,2060.97,0.0,0.018863427,0.154821253,0.0,Nov,2,2,1,2,Returning_Visitor,False,False
-1,16.33333333,0,0.0,22,505.54,0.02,0.04,9.15008,-0.01,Mar,1,1,7,2,Returning_Visitor,False,True
1,0.0,-1,0.0,25,-298.42,0.1,0.15,12.26,0.8,May,2,2,1,4,Returning_Visitor,True,False
-2,-175.0,0,-101.49,-22,50.54,0.111111111,0.177777778,0.0,0.0,May,3,8,2,15,Returning_Visitor,False,False
2,236.0,-1,25.27,20,1319.24,0.02,0.05,2.76,0.01,Mar,3,2,1,1,Returning_Visitor,False,False
3,72.95,1,22.44,70,2754.03,0.0,0.03,3.53,0.03,Jul,2,4,6,2,Returning_Visitor,False,False
4,135.5,0,0.0,37,1717.46,0.01,0.02,2.9,0.0,Oct,2,2,1,2,Returning_Visitor,False,False
2,-37.74,0,450.9,84,3923.586111,-0.01,0.013675718,0.0,0.01,Nov,2,2,8,2,Returning_Visitor,False,False
8,171.92,2,306.3333333,-10,-266.89,0.0,0.02,35.22,-0.0,Mar,2,4,2,2,Returning_Visitor,False,False
9,148.65,3,-342.28,131,4017.4,0.0,0.003125,104.69,0.0,Aug,3,4,1,5,New_Visitor,False,False
8,205.69,0,18.49,40,1912.88,0.007189542,0.01,-1.54,0.0,May,2,2,1,3,Returning_Visitor,False,False
1,65.5,1,0.0,72,2946.2,0.000675676,0.03,0.0,0.27,May,2,2,4,2,Returning_Visitor,False,False
6,71.04,3,26.22,10,-1896.35,-0.02,0.04,110.56,0.17,June,2,4,3,2,Returning_Visitor,False,False
5,136.0,0,32.7,27,1335.5,0.0,0.02,5.79,0.01,Mar,2,2,1,1,Returning_Visitor,False,True
1,0.0,0,-50.77,8,-412.1,0.06,0.094444444,-2.21,0.0,Nov,1,1,4,1,Returning_Visitor,True,False
-1,-3.03,0,0.0,-24,-1051.95,0.09,0.133333333,-8.21,0.05,Oct,3,2,1,1,Returning_Visitor,False,False
9,611.51,9,1822.83,71,3799.3,0.0,0.002666667,13.13,0.0,Jul,2,6,2,8,New_Visitor,False,False
0,0.0,0,0.0,1,-701.31,0.2,0.2,-1.6,0.0,May,3,2,1,3,Returning_Visitor,False,False
2,37.05,2,51.0,12,145.6666667,0.007692308,0.023076923,0.0,0.04,Mar,1,1,7,2,Returning_Visitor,False,False
-1,0.0,0,-36.9,7,-87.32,0.045454545,0.09,18.6,-0.01,Oct,1,1,9,1,Returning_Visitor,False,False
0,11.98,0,32.0,34,1632.63,0.0,0.02,6.9,0.01,Mar,2,2,3,2,Returning_Visitor,False,False
4,148.45,0,28.5,82,4729.065909,0.0,0.02,-0.06,-0.05,Nov,2,2,1,2,Returning_Visitor,False,True
5,204.75,0,0.0,43,1609.28,0.010119048,0.02,0.0,0.06,Oct,1,1,1,4,Returning_Visitor,False,False
2,67.73,0,0.0,20,1110.51,0.0,0.022222222,26.58,0.0,Mar,1,1,9,1,New_Visitor,True,True
3,147.0,0,17.41,3,24.0,0.01,0.03,1.3,0.0,Mar,3,2,2,1,Returning_Visitor,False,False
1,33.51,0,5.89,9,577.28,0.01,0.04,1.72,0.0,Oct,2,2,1,2,Returning_Visitor,False,False
0,301.84,0,0.0,24,1130.62,0.0,0.01,0.0,0.0,Mar,4,8,3,10,Returning_Visitor,True,False
2,11.85,1,101.22,19,580.68,0.0,0.040229885,2.26,0.01,Jul,2,2,1,1,Returning_Visitor,False,False
3,99.15,0,35.52,23,1409.5,0.01,0.04,-2.99,0.0,Oct,1,1,1,2,Returning_Visitor,False,False
2,69.72,2,125.03,-7,535.18,0.026666667,0.053333333,0.0,0.0,Mar,1,1,1,2,Returning_Visitor,False,False
12,106.89,0,6.95,121,1579.57,-0.01,-0.06,3.322866215,0.05,Nov,2,2,5,7,New_Visitor,False,False
4,237.8333333,2,23.0,26,-312.21,0.0,0.02,8.495651163,-0.0,Oct,3,2,9,2,Returning_Visitor,False,False
3,38.6,2,86.24,10,-195.5,-0.0,0.02,-8.68,0.29,May,3,2,3,4,Returning_Visitor,True,False
3,193.89,0,16.0,33,2269.0,0.02,0.03,0.05,0.0,May,2,2,4,2,Returning_Visitor,False,False
2,70.43,0,15.35,27,1456.61,0.01,0.04,0.0,0.02,Oct,2,2,1,1,Returning_Visitor,False,True
1,-43.25,-1,-50.29,16,692.22,-0.0,0.039354839,0.0,0.0,Oct,1,8,7,11,Returning_Visitor,True,False
2,85.62,0,0.0,32,1545.3,0.01,0.03,3.46,0.0,Oct,2,2,1,2,Returning_Visitor,False,False
0,0.0,0,10.77,34,458.81,-0.01,0.01,-0.96,-0.02,May,1,8,7,3,Returning_Visitor,False,False
2,49.3,0,0.0,9,283.7,0.018181818,0.036363636,6.4,0.0,Oct,1,1,9,2,Returning_Visitor,False,False
8,273.85,4,241.7,101,1975.125,-0.0,-0.01,0.0,-0.03,Oct,3,2,4,2,Returning_Visitor,True,False
4,156.0,0,0.0,60,1975.41,0.00808768,0.017066636,0.0,0.0,Aug,2,2,4,2,Returning_Visitor,False,False
0,13.84,0,0.0,4,-486.44,0.19,0.2,-1.82,0.02,Oct,2,2,4,1,Returning_Visitor,False,False
3,46.0,1,72.3,23,867.4642857,0.02,0.05,-1.06,0.1,May,3,2,1,3,Returning_Visitor,False,False
-5,-121.48,0,0.0,12,3608.43,0.015384615,0.08,-0.16,0.05,May,2,4,4,2,New_Visitor,False,False
0,53.77,0,-42.89,-27,-1332.03,0.08,0.133333333,-3.45,0.0,Mar,4,1,1,3,Returning_Visitor,True,False
6,49.18333333,0,0.0,44,2257.72,0.02,0.036774359,-5.81,0.05,Mar,3,2,2,1,Returning_Visitor,True,False
0,3.26,0,-13.93,17,1012.23,0.01,0.047058824,3.72,-0.01,Mar,2,2,1,1,Returning_Visitor,False,False
3,-11.14,6,320.06,36,-1624.08,0.005409357,0.01,2.22,-0.03,Nov,3,2,4,2,Returning_Visitor,True,True
5,94.69,0,0.0,76,3889.37,0.01,0.03,1.18,0.03,Aug,2,4,6,2,Returning_Visitor,False,True
5,113.6666667,0,2.0,26,589.6666667,0.0,0.003632479,0.0,0.01,Aug,3,2,6,1,Returning_Visitor,True,False
10,1079.44,4,256.5,86,4479.116226,0.0,0.026406456,2.356437292,-0.11,Nov,1,1,1,2,Returning_Visitor,False,False
3,82.84,0,0.0,18,8.0,0.0,0.02,0.0,0.0,Oct,1,1,9,3,Returning_Visitor,True,False
10,1071.4,4,401.54,315,12326.41,-0.01,0.019252583,0.0,-0.15,Nov,2,2,1,2,Returning_Visitor,False,False
4,89.42,0,-19.37,30,354.5833333,0.014285714,0.05,0.0,-0.01,Nov,1,1,5,1,Returning_Visitor,False,False
1,0.0,1,13.11,89,2407.0,0.01,0.01954023,7.42,-0.03,Aug,3,2,1,3,Returning_Visitor,False,False
0,-35.13,0,-18.42,1,0.0,0.2,0.2,0.0,0.03,Nov,1,1,3,11,Returning_Visitor,True,False
0,52.7,0,19.13,88,2802.29,0.02,0.03,0.0,-0.01,June,2,2,6,2,Returning_Visitor,False,False
0,23.83,0,-19.48,11,799.19,0.06,0.1,0.0,0.14,May,2,2,1,3,Returning_Visitor,False,False
6,231.0,1,23.1,104,3169.36,0.0,0.01,3.56,0.0,Nov,2,2,1,2,Returning_Visitor,False,False
1,48.47,0,0.0,21,584.1333333,0.02,0.04,1.88,0.0,Feb,2,2,4,1,Returning_Visitor,True,False
1,6.0,0,-18.55,16,950.69,0.011764706,0.026666667,5.4,0.0,Oct,2,2,1,4,Returning_Visitor,False,True
2,96.74,1,0.0,29,1485.81,0.01,0.02,0.0,0.0,Oct,2,2,1,2,Returning_Visitor,False,False
-13,267.5,-4,-91.66,7,8.0,0.085714286,0.085714286,25.22,0.05,Sep,2,6,4,13,Returning_Visitor,False,False
0,28.93,0,0.0,28,220.48,0.01,0.05,-3.95,0.83,May,1,1,2,2,Returning_Visitor,True,True
-7,0.0,-1,0.0,11,1055.5,0.01,0.04,0.0,0.22,May,3,2,6,18,Returning_Visitor,False,False
4,69.0,0,2.03,50,2478.47,0.0,0.03,2.973214286,0.02,May,2,2,4,3,Returning_Visitor,False,False
4,75.41666667,0,-109.41,21,1902.83,-0.0,0.1,35.41,0.0,Nov,1,3,4,10,New_Visitor,True,False
0,-36.75,0,117.35,-28,-1132.69,0.03,0.07,0.0,-0.06,Nov,1,1,4,2,Returning_Visitor,True,False
-2,-29.41,0,157.98,23,531.26,0.2,0.2,0.0,0.0,May,2,2,3,3,Returning_Visitor,False,False
0,0.0,0,0.0,41,1677.41,0.005405405,0.03,0.0,0.0,Nov,2,2,1,2,Returning_Visitor,False,False
-1,0.0,0,-13.42,10,407.04,0.04,0.08,-5.06,0.03,May,3,2,1,3,Returning_Visitor,False,False
2,13.1,0,-33.27,62,2414.45,0.0,0.020625,6.48,0.01,Mar,2,2,2,2,Returning_Visitor,False,False
0,-9.07,-1,0.0,35,1483.2,0.0,0.009387755,0.0,0.02,Dec,2,2,3,2,New_Visitor,False,False
4,101.24,0,0.0,42,1599.68,0.01,0.02,21.17,0.01,Dec,1,1,1,2,Returning_Visitor,False,False
5,124.64,2,-3.83,108,2971.254167,0.002197802,0.013631606,2.93,0.0,Oct,2,2,5,2,Returning_Visitor,False,True
0,23.66,0,-22.92,6,523.27,0.02,0.033333333,2.72,0.05,Oct,1,1,4,2,Returning_Visitor,True,False
8,408.4083333,1,-17.95,44,1353.68,0.01,0.017333333,4.79,0.0,Oct,2,2,9,2,Returning_Visitor,False,True
0,54.29,2,50.35,28,120.0,0.02,0.07,3.63,0.4,May,2,2,9,2,Returning_Visitor,False,False
8,744.71,0,285.0,90,3262.350896,0.02,0.010909616,0.0,0.01,Aug,4,2,6,2,Returning_Visitor,False,False
0,0.0,0,-89.46,118,4017.79,0.0,0.016468927,3.05990612,0.07,Oct,2,2,9,2,Returning_Visitor,False,True
5,391.2,3,1028.57,23,-2485.77,0.0,0.01,4.34,0.1,Nov,1,2,9,2,New_Visitor,False,True
-2,-45.62,0,0.0,1,321.5,0.04,0.125,-6.9,0.05,Feb,2,4,5,1,Returning_Visitor,False,False
0,6.52,0,0.0,8,1261.11,0.02,0.05,-2.18,0.02,Mar,3,2,2,1,Returning_Visitor,False,False
0,0.0,0,0.0,26,1085.891081,0.02,0.05,0.0,0.0,Oct,1,1,5,1,Returning_Visitor,False,False
7,-53.31,-3,-242.38,36,1778.663263,0.13,0.002857143,9.62,-0.25,Sep,2,1,4,8,New_Visitor,True,False
2,73.12,2,53.89,68,2663.56,0.0,0.019152047,3.1,0.0,Nov,2,2,1,2,Returning_Visitor,False,False
5,110.05,0,0.0,25,474.69,0.006896552,0.06,4.07,0.03,Sep,1,8,7,1,Returning_Visitor,False,False
6,142.3,0,-116.82,71,3250.66,0.01,0.007142857,0.0,0.32,May,2,2,2,6,Returning_Visitor,False,False
0,12.96,0,0.0,63,2526.23,0.0,0.014086022,15.09,0.0,Mar,2,2,3,2,Returning_Visitor,False,False
5,60.19,0,-59.72,18,771.38,-0.01,0.02,42.93595137,-0.02,Jul,4,1,8,7,New_Visitor,False,True
1,72.69,0,-57.84,28,2232.24,0.02,0.05,0.73,0.0,May,2,4,4,2,Returning_Visitor,False,False
3,26.0,0,-60.28,85,768.5,0.0,-0.01,15.08,0.0,Nov,2,2,4,4,Returning_Visitor,True,False
1,50.19,0,0.0,11,467.0,0.02,0.05,3.91,0.04,Oct,2,2,1,1,Returning_Visitor,False,True
3,66.37,0,31.98,21,1054.81,0.008333333,0.03,0.57,0.02,Mar,2,2,1,2,Returning_Visitor,False,False
4,11.0,1,469.25,44,2578.38,0.02,0.048201119,-42.93,0.04,Aug,2,1,1,3,Returning_Visitor,False,False
0,56.62,1,0.0,15,476.8666667,0.00952381,0.034126984,-3.37,0.05,Oct,3,2,1,1,Returning_Visitor,True,False
8,208.91,0,0.0,46,3058.56,0.004347826,0.02,0.0,-0.01,May,2,2,1,3,Returning_Visitor,False,False
0,0.0,0,-15.46,41,1700.47,0.01,0.04,5.53,-0.02,Nov,2,2,1,2,Returning_Visitor,False,False
1,58.72,0,35.67,26,1255.03,0.0,0.007150715,0.0,0.02,Oct,2,2,1,2,Returning_Visitor,True,True
0,0.0,0,3.03,3,597.24,0.01,0.07,0.0,0.01,Mar,2,2,1,1,Returning_Visitor,False,False
10,275.87,0,7.0,24,1326.48,0.01,0.020833333,5.83,0.03,Oct,2,2,1,1,Returning_Visitor,False,False
0,52.33,0,0.0,1,-857.09,0.2,0.18,0.0,0.0,May,3,2,4,3,Returning_Visitor,False,False
0,-22.9,-1,-59.84,11,714.5,0.02,0.04,0.0,0.0,Mar,3,2,2,4,Returning_Visitor,True,False
2,48.49,0,0.0,45,1028.33,0.002291667,0.03,0.0,-0.03,June,2,2,7,1,Returning_Visitor,False,False
2,105.62,0,21.19,12,89.88,0.0,0.015384615,8.4,0.0,Dec,3,2,1,2,Returning_Visitor,False,False
1,0.0,0,15.08,6,75.0,0.0,0.016666667,2.02,0.03,Oct,1,1,3,2,Returning_Visitor,False,False
10,718.31,3,101.05,53,1430.854167,-0.01,0.022957516,-3.6,0.0,Dec,3,2,1,2,Returning_Visitor,True,False
0,-115.2,0,0.0,16,1207.32,-0.01,0.02,-24.88,0.0,Nov,3,2,3,13,Returning_Visitor,False,False
3,102.46,0,0.0,37,1541.15,0.0,0.01,0.0,0.0,Oct,2,2,1,2,Returning_Visitor,False,False
2,71.0,0,19.19,57,2114.84,0.0,0.018891527,2.16,0.0,Oct,2,2,1,2,Returning_Visitor,False,True
10,363.3333333,0,-451.59,59,2012.900794,0.07,0.02,54.65714872,0.0,Dec,2,5,1,2,Returning_Visitor,False,False
3,0.0,1,64.48,49,1988.27,0.0,0.003846154,3.99,0.01,Nov,2,2,1,2,Returning_Visitor,False,False
0,-56.51,0,0.0,12,504.0,0.01,0.03,0.0,0.0,May,1,1,3,4,Returning_Visitor,False,False
4,67.67,0,-29.18,2,628.53,0.0,0.028571429,0.0,0.0,Mar,2,2,9,5,New_Visitor,False,False
1,0.0,0,0.0,45,2139.84,-0.0,0.005789474,5.32,0.06,Feb,1,8,1,11,Returning_Visitor,True,False
3,138.15,0,-11.76,14,601.31,0.01,0.025,0.58,0.0,Oct,3,2,2,2,Returning_Visitor,False,False
0,0.0,0,-16.4,16,291.18,0.0125,0.05,1.7,-0.03,Nov,2,2,1,2,Returning_Visitor,False,False
8,170.48,0,0.0,35,1839.5,0.02,0.03,4.88,-0.03,May,2,2,1,3,Returning_Visitor,False,False
9,234.76,2,46.66666667,42,1267.155556,0.0,0.017977208,1.16,0.0,Oct,1,1,1,2,Returning_Visitor,True,True
5,117.13,1,0.0,22,301.5,-0.01,0.018181818,37.99,0.07,Mar,2,4,2,2,Returning_Visitor,False,False
4,48.83333333,6,370.875,22,526.0281385,-0.01,0.02,35.78,0.6,May,1,1,4,2,Returning_Visitor,True,False
1,14.0,0,-5.24,21,1020.59,0.0,0.023333333,4.96,0.0,Oct,2,2,2,2,Returning_Visitor,False,False
3,0.0,0,28.85,19,743.06,0.0,0.011111111,-9.72,0.02,Oct,1,1,7,3,Returning_Visitor,True,False
4,168.62,0,0.0,36,580.56,0.0,0.02,46.2,0.02,Mar,4,1,1,7,Returning_Visitor,False,False
5,113.17,1,21.84,27,312.3333333,0.0,0.02,0.0,0.0,Oct,2,2,9,2,New_Visitor,False,False
0,-4.98,0,0.0,30,632.5833333,0.01,0.05,0.98,0.01,Mar,2,2,9,1,Returning_Visitor,False,False
0,-73.88,2,101.56,-3,376.0,0.03,0.040625,0.0,0.16,May,2,2,1,11,Returning_Visitor,True,True
0,0.0,0,0.0,15,606.8333333,0.031578947,0.07,0.39,0.0,Oct,2,2,9,1,Returning_Visitor,False,False
0,0.0,0,2.72,7,57.2,0.02,0.085714286,0.0,0.03,Dec,1,8,6,1,Returning_Visitor,True,False
3,111.69,0,32.14,30,976.79,0.01,0.035483871,8.51,0.27,Feb,1,1,1,3,Returning_Visitor,True,False
2,0.0,2,74.84,32,482.0,0.0,0.022222222,36.98,0.24,Feb,2,2,5,6,Returning_Visitor,False,False
-3,117.0,1,0.0,9,68.0,0.0,0.033333333,-10.51,0.06,May,2,1,1,8,New_Visitor,False,False
2,111.56,0,6.1,32,1675.48,0.01,0.03,3.26,0.0,Oct,2,2,1,2,Returning_Visitor,False,False
1,37.34,0,56.44,-10,0.0,0.2,0.19,-6.8,0.0,May,3,2,1,3,Returning_Visitor,False,False
-11,92.57142857,0,-85.87,38,-2699.43,0.0,0.035895135,109.52,0.46,June,2,10,6,2,Returning_Visitor,False,False
0,7.56,0,0.0,12,-59.56,0.04,0.0825,-3.93,0.02,Mar,2,1,9,1,Returning_Visitor,False,False
3,64.39,1,81.4,42,2045.84,0.02,0.04,-4.46,-0.01,Aug,2,2,1,4,Returning_Visitor,False,False
-1,-28.39,0,0.0,6,141.01,0.08,0.11952381,0.0,0.02,Feb,2,1,7,1,Returning_Visitor,False,False
0,0.0,0,0.0,9,867.0,0.022222222,0.06,0.0,0.0,Mar,2,2,1,1,Returning_Visitor,False,False
6,328.5,0,0.0,49,2382.428571,0.04,0.048227559,7.5,0.0,May,2,2,1,4,Returning_Visitor,False,False
5,114.3333333,0,0.0,55,1437.02,0.0,-0.01,15.38,0.0,May,2,2,3,4,Returning_Visitor,False,False
7,450.4,0,0.0,6,1080.39,0.01,0.0,4.58,0.0,May,2,2,9,2,New_Visitor,False,False
3,32.75,0,55.78,13,-32.54,0.02,0.024285714,76.79037287,0.15,Sep,2,2,1,2,New_Visitor,False,True
0,0.0,0,-1.02,10,776.08,0.0,0.03,4.48,0.0,Mar,2,2,1,2,Returning_Visitor,False,False
4,92.1,0,293.8,15,1368.14,0.01,0.022395833,0.0,-0.0,Jul,3,2,8,2,Returning_Visitor,False,True
4,0.0,-1,0.0,1,0.0,0.19,0.2,0.0,1.0,May,1,1,1,3,Returning_Visitor,True,False
9,458.41,0,52.58,19,2095.14,0.018918919,0.03,2.75,0.06,May,2,2,1,1,Returning_Visitor,False,False
7,381.75,0,77.11,37,2599.015278,0.02,0.03,5.31,0.0,Nov,1,1,1,2,Returning_Visitor,False,True
3,145.01,0,0.0,-7,649.18,0.04,0.05,13.75,0.04,Sep,3,2,4,5,New_Visitor,False,False
2,46.05,0,0.0,12,-1057.09,-0.01,0.042941176,33.1128,0.8,May,2,4,2,2,Returning_Visitor,False,False
3,125.35,1,12.79,20,777.05,0.0,0.02,1.16,0.03,Oct,2,2,9,2,Returning_Visitor,False,False
10,398.5727115,2,132.0,7,-423.6,0.00859375,0.028987132,0.0,0.08,Sep,1,8,1,3,Returning_Visitor,True,False
0,0.0,1,396.74,3,-595.34,0.03,0.11,-28.49,0.0,Nov,2,4,9,3,Other,False,False
1,-8.24,0,0.0,4,91.0,0.02,0.07,3.02,-0.02,Oct,1,8,3,11,Returning_Visitor,True,False
0,0.0,1,60.95,52,1784.516667,0.0016,0.020593939,-4.5,-0.01,Oct,1,1,3,2,Returning_Visitor,False,False
0,0.0,1,9.34,16,284.25,0.0,0.02,0.0,0.04,Mar,3,2,3,2,Returning_Visitor,True,False
8,277.6666667,0,32.0,32,1671.257393,0.005555556,0.02,0.0,0.06,May,2,2,1,3,Returning_Visitor,False,False
6,136.95,0,26.64,21,1767.17,0.01,-0.0,11.5,-0.02,May,2,2,9,3,New_Visitor,True,False
7,230.88,0,63.74,57,2971.435101,0.01,0.012303523,3.701618891,0.0,Oct,2,2,1,2,Returning_Visitor,False,False
0,-25.05,0,-15.6,-21,-2718.68,0.2,0.19,0.0,0.0,Oct,2,2,1,3,Returning_Visitor,True,False
1,223.4,1,82.5,24,873.64,0.0,0.006785714,4.67,0.0,Oct,3,2,1,2,Returning_Visitor,False,False
2,36.44,0,0.13,20,1147.83,0.01,0.04,0.0,0.0,Mar,2,2,1,1,Returning_Visitor,False,False
3,52.0,0,0.0,56,2559.02,0.01,0.02,13.11733918,0.05,May,2,2,1,3,Returning_Visitor,False,True
6,237.1,0,612.0,15,1464.58,0.04,0.046666667,0.0,0.11,Jul,1,1,8,8,Returning_Visitor,False,False
1,46.84,1,20.92,7,296.7666667,0.0,0.05,7.01,0.0,Aug,1,8,2,11,Returning_Visitor,False,False
0,0.0,0,0.0,-1,235.56,0.04,0.080952381,0.0,0.0,Feb,2,2,4,1,Returning_Visitor,False,False
1,16.2,1,45.56,40,753.27,0.010526316,0.02,13.64,0.0,Aug,2,1,3,4,Returning_Visitor,False,False
10,924.34,4,936.06,128,6049.75,0.008759124,0.022411525,0.0,0.0,Nov,1,2,1,2,Returning_Visitor,False,False
4,135.56,0,0.0,66,3556.61241,0.002061856,0.01,2.39,-0.02,Oct,1,1,3,2,Returning_Visitor,False,False
9,228.26,0,15.1,51,1390.77,0.019496855,0.036855346,3.24,0.0,Mar,2,4,4,1,Returning_Visitor,False,False
0,0.0,0,1.7,6,89.47,0.01,0.044444444,4.22,0.01,Mar,3,2,3,1,Returning_Visitor,False,False
4,71.79,0,-12.23,59,2152.23,0.0,0.01,3.73,0.02,Mar,2,2,1,1,Returning_Visitor,True,False
3,38.87,0,0.0,12,1264.93,-0.0,0.01,0.0,-0.04,Oct,1,1,9,1,New_Visitor,False,False
2,14.72,-2,-54.24,86,3476.58,0.05,0.050387597,13.29,0.0,Feb,2,2,7,3,Returning_Visitor,False,False
3,123.92,0,-13.54,29,1150.45,0.0,0.009737828,2.29,0.0,Oct,1,2,9,2,New_Visitor,False,False
0,0.0,-2,-60.93,73,197.3333333,0.00952381,-0.04,0.0,0.48,May,2,10,6,4,Returning_Visitor,True,False
9,399.8,-1,923.9,152,13485.45,0.0,-0.0,-21.99,0.0,Feb,1,1,8,4,Returning_Visitor,False,True
6,219.86,0,-0.22,42,584.87,0.0,0.0,26.65415979,0.0,Nov,1,1,3,2,Returning_Visitor,False,False
0,0.0,0,11.61,13,449.6,0.02,0.06,-0.97,0.01,Mar,2,2,9,1,Returning_Visitor,False,False
4,163.96,0,0.0,74,3067.53,0.01,0.020533333,0.0,0.0,Oct,2,2,1,2,Returning_Visitor,False,False
0,-1.31,0,-11.83,7,380.5,0.014285714,0.06,2.29,0.0,Mar,2,2,4,1,Returning_Visitor,False,False
3,80.59,0,31.65,35,876.13,0.0,0.02,0.46,0.02,Dec,2,2,7,2,Returning_Visitor,False,False
1,0.0,0,-21.57,76,5000.739116,0.003294118,0.02,-4.64,0.0,Mar,2,2,1,2,Returning_Visitor,True,False
5,236.78,0,0.0,75,4346.541667,0.003070175,0.023099415,5.34,-0.05,Mar,2,2,1,2,Returning_Visitor,True,False
8,212.42,0,8.0,37,1662.15,0.0,0.01,4.744206349,0.0,Jul,3,2,8,2,New_Visitor,True,False
-2,0.0,1,72.99,-6,196.0,0.0,-0.01,0.0,0.03,Mar,3,2,3,10,Returning_Visitor,True,False
0,0.0,0,0.0,39,1990.03,0.02,0.05,2.56,-0.01,Nov,2,2,1,2,Returning_Visitor,False,False
-2,2657.318056,2,488.34,224,135.72,0.02,0.02897116,4.76,0.0,Jul,2,5,1,2,Returning_Visitor,False,False
1,67.85,0,-14.64,22,599.5,0.01,0.04,-0.18,-0.01,Mar,3,2,3,1,Returning_Visitor,False,False
0,-562.27,10,0.0,9,127.5,-0.08,0.022222222,21.85,-0.54,Aug,2,7,2,11,Returning_Visitor,False,False
0,-39.13,0,-8.24,194,7762.16,0.003760684,0.017284446,4.99,-0.02,Nov,2,2,1,2,Returning_Visitor,False,True
3,72.25,0,12.81,38,1810.74,0.01,0.03,2.53,-0.01,Mar,2,2,1,1,Returning_Visitor,False,False
0,0.0,0,0.0,18,4293.4,0.03,0.064705882,-20.27,-0.11,Nov,2,2,3,10,Returning_Visitor,False,False
0,-13.25,0,45.56,35,515.68,0.02,0.057142857,64.95645099,0.0,Dec,2,4,1,2,Returning_Visitor,False,True
0,25.62,1,36.85,73,2693.78,0.0,0.019527027,0.34,0.0,Nov,2,2,5,2,Returning_Visitor,False,False
0,127.69,-2,-115.39,51,691.252381,0.013953488,-0.02,0.0,0.0,Oct,2,6,5,1,Returning_Visitor,False,False
2,43.41,0,0.11,26,1242.27,0.01,0.03,3.72,0.0,Mar,2,2,1,2,Returning_Visitor,False,True
6,113.25,0,19.0,23,9.24,0.022222222,0.03,95.35469341,-0.07,Dec,1,2,3,2,Returning_Visitor,False,True
6,108.57,1,89.0,51,3697.731633,0.01,0.015188129,-5.31,0.0,Mar,2,2,4,2,Returning_Visitor,True,True
6,245.34,2,165.28,60,2452.35,0.01,0.013347763,1.036090909,0.02,May,3,2,4,4,Returning_Visitor,True,False
2,113.38,0,75.57,13,1575.16,0.02,0.04,4.03,0.01,Mar,1,1,2,2,Returning_Visitor,False,False
0,0.0,0,22.08,13,754.37,0.01,0.035897436,0.92,0.0,Oct,2,2,9,2,Returning_Visitor,False,False
1,88.25,-2,0.0,1,-205.08,0.27,0.21,4.73,0.03,Mar,3,2,4,11,Returning_Visitor,True,False
0,0.0,0,0.0,36,1768.657051,0.01,0.04,1.81,0.0,Mar,2,2,1,2,Returning_Visitor,False,False
0,-5.24,-1,-29.27,-10,-733.75,0.051851852,0.08962963,12.59,0.0,Dec,3,2,4,1,Returning_Visitor,False,False
3,356.6,0,0.0,66,772.21,0.01,0.010133221,7.67,0.0,Jul,1,1,4,6,Returning_Visitor,False,False
-2,51.0,4,912.9,25,-303.57,0.02,0.03,15.66,0.0,Oct,2,10,4,4,Returning_Visitor,False,False
3,97.2,0,0.0,32,1547.625,0.01,0.013157895,6.99,0.01,Dec,2,2,1,2,Returning_Visitor,False,False
0,-52.68,0,0.0,3,889.63,0.01,0.05,11.06,-0.0,Oct,1,1,1,7,New_Visitor,False,True
-5,-21.6,-2,-84.69,8,108.5,-0.0,0.02,-6.21,-0.11,Oct,2,10,2,4,Returning_Visitor,False,False
0,9.06,0,0.0,25,982.74,0.02,0.05,1.46,0.01,Mar,2,2,9,1,Returning_Visitor,False,False
3,85.17,1,277.1333333,31,1925.16,0.01,0.04,0.0,0.01,Aug,2,4,4,2,Returning_Visitor,False,False
5,1119.6,2,103.12,5,60.5,-0.03,-0.0,64.17,0.08,Dec,1,1,2,6,New_Visitor,False,False
4,139.05,0,66.14,9,1330.89,0.02,0.03,0.0,0.0,Dec,4,1,1,5,New_Visitor,True,False
-2,-36.54,0,0.0,-17,-793.76,-0.0,0.011428571,0.0,0.0,Nov,1,1,9,8,New_Visitor,True,False
3,43.0,4,81.0,216,5091.890896,0.006521739,-0.0,0.0,-0.05,Nov,3,2,4,2,Returning_Visitor,True,True
-1,0.0,0,0.0,16,467.41,0.009090909,0.05,16.26,0.6,May,1,2,2,2,Returning_Visitor,False,False
3,70.15,0,-3.77,39,1979.35,0.01,0.03,2.64,0.0,Oct,2,2,1,2,Returning_Visitor,False,False
2,36.66,0,-4.28,29,1354.58,0.01,0.033760684,-4.1,0.07,May,2,2,5,3,Returning_Visitor,False,False
4,77.53,0,-29.1,10,1318.31,-0.0,-0.0,20.65287956,0.0,Mar,2,2,3,2,New_Visitor,True,True
0,0.0,0,-8.2,13,402.1666667,0.03,0.065,-1.68,0.0,Mar,2,1,9,1,Returning_Visitor,False,False
3,66.55,0,22.0,27,1356.28,-0.0,0.0,16.67,0.04,Mar,2,2,1,6,New_Visitor,False,False
0,0.0,0,9.24,12,392.5,0.0,0.02,21.34,-0.0,Oct,1,1,9,8,New_Visitor,False,True
6,238.4666667,1,50.03,24,1801.371429,0.0055,0.02,5.01,0.0,Mar,2,2,1,2,Returning_Visitor,True,False
-1,0.0,0,-36.25,18,140.0,0.05,0.06,15.18,-0.01,Sep,3,2,5,4,Returning_Visitor,False,False
1,33.78,0,0.0,12,277.22,0.2,0.2,0.0,0.02,Oct,1,1,1,3,Returning_Visitor,False,False
2,38.9,0,0.0,24,1239.949603,0.025,0.05,6.1287875,0.52,May,1,2,1,1,Returning_Visitor,True,True
11,1187.32,3,335.47,423,17086.23424,0.006293706,0.03,-20.98,-0.13,Nov,3,2,1,1,Returning_Visitor,True,False
-1,-117.34,0,0.0,84,1439.57,-0.01,0.02,-9.51,0.01,May,1,8,3,3,Returning_Visitor,False,True
3,103.8,0,6.19,58,314.2933333,0.0,0.013333333,8.7,-0.03,Jul,2,2,5,2,Returning_Visitor,True,True
3,-6.89,0,0.0,20,3074.69,0.0,0.01,0.0,0.05,Sep,2,2,1,5,New_Visitor,True,False
1,-194.27,1,800.4,138,4777.38,0.0,0.0,-17.56,0.0,Jul,2,2,6,1,Returning_Visitor,False,False
5,834.69,1,49.93,97,3439.34,0.002,0.03,9.93,0.0,Oct,4,2,3,2,Returning_Visitor,False,False
0,0.0,0,0.0,56,2574.725974,0.01,0.016621682,12.46,0.03,May,2,2,4,4,Returning_Visitor,False,False
1,27.71,0,0.0,10,316.6,0.02,0.06,0.0,0.04,Oct,2,2,1,1,Returning_Visitor,False,False
5,0.0,0,0.0,6,199.25,-0.0,0.033333333,0.0,0.0,Aug,2,4,1,3,New_Visitor,True,False
-2,-173.38,2,3.78,4,-2450.21,0.0,0.033333333,2.41,0.32,Aug,1,3,5,8,Returning_Visitor,False,False
2,-20.09,0,0.0,9,319.6666667,0.03,0.05,4.36,-0.02,May,1,1,1,3,Returning_Visitor,False,False
6,158.99,0,-10.91,-22,189.0,0.02,0.066666667,10.66,0.02,May,3,2,8,2,Returning_Visitor,False,False
9,331.86,0,38.86,9,1897.65,0.022685185,0.04,7.44,0.04,Oct,1,2,1,1,Returning_Visitor,False,True
3,-171.08,-2,34.78,37,378.22,-0.02,0.04,0.0,1.74,May,1,1,3,15,Returning_Visitor,True,False
0,-32.65,-1,-45.4,-4,1107.267857,0.058181818,0.07,-0.15,-0.01,Dec,1,1,3,2,Returning_Visitor,False,False
1,0.0,0,0.0,35,1404.75,0.0,0.02,4.44,0.0,Mar,2,2,1,2,Returning_Visitor,False,False
1,49.81,0,0.0,31,2581.208333,0.01,0.04,7.54,-0.03,Feb,2,2,6,1,Returning_Visitor,False,False
2,0.0,-1,28.0,15,1250.18,0.0,0.014285714,33.41,0.0,Dec,2,2,1,6,New_Visitor,False,True
3,0.0,0,616.18,-73,155.5,0.05,0.085714286,-32.97,0.0,Oct,1,1,2,3,Returning_Visitor,False,False
0,14.57,-1,0.0,-14,165.0,0.06,0.1,-7.7,0.0,Mar,3,2,2,1,Returning_Visitor,False,False
2,68.4,0,-1.03,27,337.5333333,0.01,0.02,12.48,0.0,Aug,2,2,7,2,Returning_Visitor,False,False
0,-10.55,0,0.0,-11,17.0,0.14,0.166666667,0.0,0.02,Oct,1,1,3,1,Returning_Visitor,False,False
4,56.13,0,254.9166667,-1,439.09,-0.0,0.01925038,0.0,0.06,Mar,2,2,1,6,Returning_Visitor,False,False
2,0.0,0,0.0,26,1062.34,-0.0,0.02,7.6,0.0,Mar,2,2,3,1,Returning_Visitor,False,False
0,0.0,0,0.0,16,337.72,0.01,0.04,-3.93,0.0,Mar,3,2,3,1,Returning_Visitor,False,False
-1,0.0,0,-1.58,3,81.75,0.01,0.033333333,0.0,0.0,Dec,3,2,1,2,Returning_Visitor,False,False
1,13.0,0,0.0,29,1413.08,0.02,0.04,8.887111111,0.03,May,3,2,1,3,Returning_Visitor,False,True
0,26.0,0,-0.73,40,1689.708333,0.0125,0.04,0.0,-0.02,Nov,2,2,1,2,Returning_Visitor,False,False
0,-33.48,0,41.22,32,562.1666667,0.0,0.07,-22.06,0.0,June,2,3,3,3,Returning_Visitor,False,False
0,0.0,0,-19.63,1,1247.55,0.2,0.2,0.0,-0.1,Dec,2,2,6,2,Returning_Visitor,False,False
11,50.22,1,718.65,92,4637.53842,-0.0,-0.01,17.28402947,0.0,Nov,4,1,8,3,Returning_Visitor,False,False
4,92.0,1,13.4,49,482.94,-0.0,0.004347826,7.42,0.02,Nov,3,2,1,1,New_Visitor,True,False
-1,47.4,0,0.0,5,238.2,0.01,0.04,-0.85,-0.0,Mar,2,2,5,2,Returning_Visitor,False,False
0,0.0,1,451.86,6,118.3333333,0.01,0.08,-16.47,0.0,Nov,3,2,1,3,Returning_Visitor,False,False
4,137.41,0,43.65,36,815.64,0.0,0.006666667,19.37005896,0.01,Dec,2,2,3,2,Returning_Visitor,False,True
0,0.0,0,0.0,26,933.32,0.03,0.07,0.0,0.01,Mar,1,1,5,1,Returning_Visitor,False,False
23,1220.914286,8,556.53,380,18171.79454,0.017486109,0.038980418,5.697658998,0.0,Aug,2,4,3,2,Returning_Visitor,False,False
0,0.0,0,0.0,4,36.0,0.01,0.05,0.89,0.01,Oct,3,2,3,1,Returning_Visitor,False,False
4,0.0,0,0.0,222,7306.26,0.008325792,0.02,4.789722625,0.0,Nov,3,2,2,1,Returning_Visitor,True,False
0,0.0,0,0.0,-69,-1670.0,-0.0,0.02,-35.98,0.0,Nov,3,2,3,6,New_Visitor,True,False
4,178.18,0,-37.63,10,934.26,0.01,0.022222222,10.06,0.0,Mar,2,2,1,2,Returning_Visitor,False,True
3,127.1,0,8.07,36,2110.98,0.0,0.03,0.0,-0.04,Oct,2,2,1,1,Returning_Visitor,False,False
0,0.0,0,-128.66,1,-517.16,0.0,0.1,-5.63,0.0,Nov,1,1,4,2,Returning_Visitor,True,False
2,133.66,1,19.63,5,90.33333333,0.01,0.04375,-1.58,0.0,Mar,3,2,1,1,Returning_Visitor,False,False
-3,33.0,0,-64.42,67,2729.71,0.006060606,0.02,123.05,-0.01,Mar,4,2,4,10,Returning_Visitor,False,False
-1,27.0,0,-10.31,-4,-235.11,0.04,0.08,0.0,0.08,May,3,2,7,3,Returning_Visitor,False,False
0,0.0,2,0.0,105,1747.03,0.022222222,0.0,0.0,0.03,May,2,6,4,3,Returning_Visitor,False,False
0,-21.88,0,0.0,1,493.11,0.25,0.2,0.0,0.02,Nov,8,1,9,3,Returning_Visitor,False,False
11,671.82,5,571.5,77,7631.46,0.0,0.01,4.11,-0.05,Mar,1,1,1,5,New_Visitor,True,True
2,0.0,0,28.18,19,1007.04,0.0,0.02,3.94,0.02,Mar,2,2,3,1,Returning_Visitor,False,False
1,6.0,0,5.14,18,1293.25,-0.01,0.00625,0.0,0.0,Mar,2,2,1,1,Returning_Visitor,True,False
2,84.01,0,4.73,22,523.25,0.01,0.03,4.64,0.0,Nov,2,2,1,2,Returning_Visitor,False,True
6,193.83,1,45.79,81,2961.483333,0.0,0.01,3.07,0.0,Nov,2,2,1,2,Returning_Visitor,False,False
1,64.6,0,-21.65,33,285.53,0.0,0.020286738,3.322666667,0.41,May,1,1,1,4,Returning_Visitor,True,False
5,96.38,2,81.0,25,597.24,0.01,0.04,4.07,0.02,June,2,2,4,1,Returning_Visitor,True,False
7,205.24,0,0.0,27,1860.04,0.0,0.01,13.98,0.0,Mar,2,4,2,2,Returning_Visitor,False,False
0,0.0,6,0.0,18,517.4238095,-0.05,-0.01,103.25,-0.31,Sep,3,5,9,1,Returning_Visitor,False,False
0,0.0,0,-8.93,3,80.41,0.01,0.05,1.9,0.0,Oct,3,2,3,1,Returning_Visitor,False,False
5,398.0666667,-1,28.6,17,313.61,0.01,0.01,2.52,0.0,Aug,2,2,3,4,Returning_Visitor,False,False
1,0.0,0,-53.98,3,-312.4,0.11,0.166666667,-1.15,0.03,Nov,1,1,1,1,Returning_Visitor,True,False
3,83.62,0,5.14,35,2048.96,0.02,0.04,0.61,0.0,May,2,2,1,3,Returning_Visitor,False,False
0,46.81,0,0.0,17,219.37,0.031932773,0.043075335,-2.43,-0.01,Mar,3,2,3,1,Returning_Visitor,False,False
0,26.79,0,5.3,12,140.4583333,0.028571429,0.07,1.87,0.02,Mar,1,1,9,1,Returning_Visitor,False,False
-1,-20.26,0,0.0,10,-567.11,0.02,0.07,3.94,0.0,Mar,2,2,5,1,Returning_Visitor,False,False
2,62.42,0,0.0,9,679.31,0.0,0.02,0.0,0.02,Oct,2,2,1,2,Returning_Visitor,False,False
1,156.1,1,3.69,6,722.25,0.02,0.04,52.96,0.22,Feb,1,1,1,2,Returning_Visitor,False,False
4,80.94,0,-5.82,33,1274.190476,0.0,0.009285714,5.87,0.03,Mar,2,2,1,1,Returning_Visitor,True,False
2,286.4642857,0,29.5,64,3349.44,0.008955224,-0.0,1.66,-0.03,Nov,3,2,1,10,Returning_Visitor,False,True
1,0.0,0,0.0,36,2327.53,0.01,0.03,0.0,-0.02,Nov,2,2,2,2,Returning_Visitor,False,False
2,76.43,0,-31.23,14,52.0,0.0,0.02,10.07,0.0,Oct,2,2,1,4,New_Visitor,True,False
0,0.0,0,32.02,-3,590.2,0.0,0.03968254,-8.06,0.05,Mar,3,2,3,1,Returning_Visitor,False,False
0,32.12,0,0.0,28,2076.966667,0.02,0.05,0.0,-0.01,Oct,2,2,1,2,Returning_Visitor,False,False
2,83.03,0,-8.35,32,596.0,0.016666667,0.03,0.0,0.01,May,2,1,5,4,Returning_Visitor,False,False
0,0.0,0,-40.93,8,277.5,0.02,0.04,42.03044096,0.02,Mar,2,2,2,2,Returning_Visitor,False,True
1,76.52,0,44.59,21,924.0,0.02,0.03,3.6,0.17,May,1,1,1,4,Returning_Visitor,False,False
0,12.9,0,-34.46,24,184.06,-0.01,-0.03,41.08,0.0,May,2,2,9,4,New_Visitor,True,False
3,102.72,0,47.77,24,1168.72,0.0,0.02,5.5,0.01,Mar,2,2,1,2,Returning_Visitor,False,False
0,1.01,0,30.0,14,513.57,0.0,0.03,-5.73,0.03,Oct,1,1,3,2,Returning_Visitor,False,False
10,549.0,5,608.45,134,5009.84,-0.01,0.013391698,2.568483894,0.12,Oct,2,2,1,2,Returning_Visitor,False,True
4,183.0,0,28.41,5,186.16,0.01,0.021621622,0.0,0.0,Oct,3,2,1,4,New_Visitor,True,False
-1,0.0,0,-51.12,3,-205.91,0.014285714,0.04,7.03,0.0,Nov,1,2,9,2,New_Visitor,True,True
6,88.4,2,99.79,18,236.0,0.0,0.02,0.6,0.08,Mar,3,2,1,3,Returning_Visitor,True,False
2,72.17,0,0.0,116,4553.18,0.009565217,0.020786749,2.71,-0.03,Nov,2,2,1,2,Returning_Visitor,False,False
2,20.0,0,-7.4,13,653.61,0.02,0.06,-0.67,0.02,Mar,2,2,9,1,Returning_Visitor,False,False
8,275.3333333,0,-7.44,19,602.81,0.0,-0.0,0.0,0.0,Mar,2,2,4,5,New_Visitor,False,True
2,44.47,2,53.0,8,-36.98,-0.0,0.018181818,0.53,0.0,Oct,3,2,1,2,Returning_Visitor,True,True
0,166.73,0,0.0,-6,0.0,0.05,0.07,60.48,-0.02,Mar,1,2,1,2,Returning_Visitor,False,False
6,322.41,1,63.0,8,3135.442572,0.01,0.01,77.68,0.0,Oct,1,1,1,10,Returning_Visitor,False,False
0,0.0,0,0.5,29,1006.94,0.0,0.02,6.56,0.0,Mar,2,2,3,2,Returning_Visitor,False,False
-2,0.0,0,0.0,62,1671.06,0.02,0.038888889,3.47,0.5,May,1,1,3,2,Returning_Visitor,False,False
-3,0.0,-1,0.0,26,86.4,0.0,0.01,11.13,0.0,Mar,3,2,1,8,New_Visitor,False,False
0,-30.98,0,0.0,8,931.93,0.01,0.041065574,1.46,0.17,June,3,2,2,13,Returning_Visitor,False,False
-1,-17.24,0,-1.53,-1,-725.65,0.066666667,0.1,-2.9,0.03,Oct,3,2,9,3,Returning_Visitor,False,False
0,0.0,0,-12.78,-20,34.2,0.05,0.1,-3.52,0.0,Oct,1,1,1,5,Returning_Visitor,False,False
-1,0.0,1,56.81,53,1189.053571,-0.0,0.027777778,-0.88,0.01,Sep,1,8,6,2,Returning_Visitor,False,False
3,199.35,0,26.25,33,1609.41,0.01,0.01,-2.77,0.0,May,2,2,4,2,New_Visitor,True,True
0,-162.44,3,447.5,3,-804.91,0.01,0.034482759,0.0,-0.1,June,1,1,1,3,Returning_Visitor,True,False
1,173.1666667,0,-65.12,28,182.22,0.0,0.013376623,54.121714,-0.04,Nov,1,2,1,2,New_Visitor,True,False
0,114.92,0,5.35,-21,59.91,0.05,0.15,3.56,0.0,Mar,3,4,1,1,Returning_Visitor,False,False
3,0.0,0,0.0,21,1542.11,0.0,0.05,0.0,0.03,Mar,2,4,2,2,Returning_Visitor,False,False
2,64.4,0,-8.21,53,2217.22,0.01,0.03,0.0,-0.02,Nov,2,2,1,2,Returning_Visitor,False,False
2,62.46666667,1,1.01,16,865.13,0.0,0.01,114.37,-0.02,Sep,2,2,1,2,Returning_Visitor,False,False
2,0.0,0,14.78,26,1880.88,0.01,0.04,0.0,0.0,Oct,3,2,2,1,Returning_Visitor,False,False
-4,0.0,1,0.0,-18,-4479.28,-0.03,0.01,61.52,0.05,May,3,3,7,12,Returning_Visitor,False,False
2,25.5,0,0.0,11,860.2083333,0.004081633,0.03,20.55,0.03,Mar,2,2,2,2,Returning_Visitor,True,False
2,256.55,0,0.0,16,1216.726667,0.03,0.04,27.45,0.0,Nov,4,2,1,2,New_Visitor,True,True
3,37.16,0,-0.03,27,1747.86,0.01,0.02,6.49,0.01,Mar,2,2,1,1,Returning_Visitor,True,False
3,75.73,0,25.28,24,1221.35,0.01,0.03,3.55,0.0,Mar,2,2,9,1,Returning_Visitor,False,True
-2,-21.71,0,54.87,-8,276.25,0.04,0.07,-13.55,-0.05,Dec,3,2,9,3,Other,False,True
0,0.0,0,0.0,33,1251.316667,0.0,0.02,2.73,0.01,Mar,2,2,3,2,Returning_Visitor,False,True
9,198.2585034,4,492.9,81,639.44,0.007231405,0.02,13.59,0.0,Nov,2,2,3,2,Returning_Visitor,False,False
4,79.91,1,60.47,24,1211.3,0.005882353,0.03,0.0,0.05,Mar,2,2,1,1,Returning_Visitor,True,False
4,136.75,0,0.0,33,1336.11,0.0,0.005405405,25.51,0.0,Mar,2,2,2,2,Returning_Visitor,False,True
6,12.88,1,365.25,-96,267.0,-0.01,0.021428571,-33.22,0.43,Dec,2,2,9,3,Other,True,False
3,0.0,0,468.27,24,316.5416667,0.01,0.02,0.0,-0.01,Dec,2,2,1,3,Returning_Visitor,False,False
2,114.32,0,1.12,17,549.9166667,0.02,0.04,-0.03,0.0,Oct,4,1,1,1,Returning_Visitor,False,False
0,0.0,0,0.0,11,2076.75,0.06,0.081818182,0.0,0.0,May,2,2,1,3,Returning_Visitor,False,False
-1,0.0,0,-6.63,3,277.98,0.02,0.06,0.94,0.01,Mar,2,2,5,1,Returning_Visitor,False,False
9,162.4911765,0,67.42,60,1644.08,0.01,0.020175439,20.71,0.84,May,2,2,1,8,Returning_Visitor,False,True
2,-49.11,2,90.75,56,3753.19449,0.0,0.05,-8.99,-0.02,Nov,2,2,1,1,New_Visitor,False,True
1,-88.04,0,14.76,11,685.27,0.0,0.03,-4.63,0.8,May,3,2,2,13,Returning_Visitor,True,False
0,87.15,0,-49.33,7,57.0,0.01,0.025,54.20146753,0.0,Nov,3,2,1,2,New_Visitor,False,True
3,39.0,-1,-62.13,30,458.93,-0.01,-0.0,0.0,0.0,Mar,2,2,3,3,Returning_Visitor,True,False
1,24.99,1,0.0,23,-87.44,0.0,0.04,46.98,0.51,Feb,1,1,1,2,Returning_Visitor,True,False
4,0.0,0,0.0,27,264.0833333,0.01,0.02,-6.09,0.17,Nov,3,2,2,1,Returning_Visitor,False,False
0,8.12,0,77.8,6,102.89,0.0,0.04,-13.01,0.0,Mar,1,1,3,2,Returning_Visitor,False,False
0,-53.7,2,0.0,6,54.65,0.0,0.05,0.0,0.0,Jul,2,2,1,2,Returning_Visitor,True,False
3,76.64,1,124.85,34,115.07,0.008823529,0.014313725,-10.15,-0.02,Nov,1,1,7,2,Returning_Visitor,False,False
1,0.0,0,15.47,26,1189.1,0.01,0.03,23.6645871,0.01,Dec,2,2,1,2,Returning_Visitor,False,True
3,0.0,1,-28.83,1,0.0,0.03,0.09,0.0,0.03,Nov,1,1,1,1,Returning_Visitor,True,False
4,142.39,1,48.94,44,1653.31,0.0,0.004444444,0.0,-0.01,Nov,2,2,2,2,Returning_Visitor,False,False
1,-27.19,0,13.05,5,-277.11,0.0,0.04,-3.29,-0.03,May,1,8,3,3,Returning_Visitor,False,False
17,42.43,13,808.5,107,3591.744196,-0.02,-0.01,10.63,-0.18,Nov,2,4,9,2,Returning_Visitor,True,False
1,32.8,0,0.0,15,138.75,-0.0,0.01,2.87,0.04,Oct,2,2,9,2,New_Visitor,False,False
9,103.9333333,0,0.0,14,988.45,0.012,0.05,0.0,0.0,Oct,1,1,1,3,Returning_Visitor,False,True
1,80.15,0,-26.07,20,279.7666667,-0.0,0.01,-1.49,0.04,Oct,2,2,3,2,New_Visitor,False,False
8,272.59,0,-63.12,12,-928.07,0.02,0.05,7.98,0.21,June,3,2,8,7,Returning_Visitor,False,False
6,100.91,4,178.0,5,121.5,-0.0,0.008333333,13.71,0.31,May,2,2,1,2,Returning_Visitor,True,False
1,75.39,0,27.11,24,583.0,0.02,0.04,3.27,-0.02,May,2,2,1,4,Returning_Visitor,False,False
5,163.59,0,0.0,27,1101.83,0.0,0.01,11.07,0.01,Mar,2,2,1,2,Returning_Visitor,False,False
5,178.69,0,0.0,40,142.0,0.0,0.002857143,0.0,0.0,Oct,3,2,1,4,Returning_Visitor,False,False
10,423.1,-1,32.21,68,2749.28,0.0,0.01,10.01,0.01,Nov,2,2,2,4,Returning_Visitor,False,False
1,30.0,0,0.0,27,1796.49,0.03,0.048412698,1.06,0.0,May,2,2,1,3,Returning_Visitor,False,False
8,164.34,0,0.0,25,359.15,0.0,-0.0,12.80819078,0.07,Dec,2,2,1,2,Returning_Visitor,True,False
2,5.96,1,27.98,6,0.0,0.01,0.04,-1.74,0.0,Mar,3,2,1,3,Returning_Visitor,True,False
-1,24.84,-1,-115.3,17,1873.01,0.21,0.2,0.0,0.29,May,3,2,6,13,Returning_Visitor,False,False
-1,0.0,0,-9.35,8,296.5,0.04,0.081818182,0.0,0.02,Oct,2,2,9,1,Returning_Visitor,False,False
0,0.0,0,-33.79,24,905.6,0.04,0.07,1.93,0.12,May,3,2,1,3,Returning_Visitor,False,False
1,38.8,0,17.33,14,214.0533333,0.02,0.05,0.71,0.02,Mar,2,2,9,1,Returning_Visitor,False,False
1,19.0,-1,0.0,-81,-2953.67,0.023809524,0.04015873,0.0,-0.05,Oct,1,6,1,1,Returning_Visitor,False,False
1,93.8,1,56.85,-22,892.19,0.02,0.03,5.81,-0.02,Feb,8,8,9,20,Returning_Visitor,False,False
5,148.07,0,0.0,23,1664.83,0.0,0.066666667,0.0,0.0,Oct,4,1,1,1,Returning_Visitor,False,False
2,47.55,0,23.25,19,447.0,0.01,0.04,0.53,0.02,Mar,2,2,1,1,Returning_Visitor,False,False
5,390.87,3,29.2,39,682.68,-0.0,0.02,4.75,-0.0,Oct,2,2,9,2,Returning_Visitor,False,False
0,0.0,1,-13.99,2,-231.08,0.02,0.07,0.0,0.0,Nov,2,2,1,2,Returning_Visitor,False,False
6,170.99,0,45.41,25,1450.53,0.010771277,0.03,2.08,0.02,Oct,2,2,1,1,Returning_Visitor,False,True
4,171.0,0,0.0,33,1699.5,0.00952381,0.04,0.0,0.01,Mar,2,2,1,2,Returning_Visitor,False,False
1,54.32,0,6.54,30,1268.83,0.01,0.04,0.0,-0.02,Oct,2,2,1,2,Returning_Visitor,False,False
5,102.47,0,0.0,11,567.17,0.0,0.023076923,0.0,0.0,Mar,2,2,4,2,Returning_Visitor,False,False
2,0.0,0,12.62,40,835.2380952,0.0,0.009811828,0.0,-0.01,Nov,2,2,1,3,Returning_Visitor,False,False
0,0.0,0,10.1,1,-885.98,0.21,0.2,0.0,0.0,May,3,2,2,3,Returning_Visitor,False,False
1,59.01,0,0.0,26,-928.99,-0.02,0.025789474,0.0,0.2,May,1,8,4,3,Returning_Visitor,True,False
0,41.56,0,-6.51,24,1712.416667,0.01,0.02,9.83,-0.04,Nov,2,2,1,10,Returning_Visitor,False,False
0,119.58,0,0.0,7,1303.84,0.03,0.042922078,3.229518182,0.08,May,3,2,6,2,Returning_Visitor,False,False
2,58.19,0,12.82,23,643.0,0.01,0.04,2.48,0.01,Mar,2,2,9,1,Returning_Visitor,False,False
5,88.0,0,-11.29,34,1403.51,0.0,0.01,4.0,0.0,Mar,2,2,3,1,Returning_Visitor,False,False
0,0.0,0,-21.54,8,633.72,0.01,0.03,11.34,0.02,May,2,2,7,2,Returning_Visitor,False,False
5,159.84,0,0.0,30,1621.23,-0.0,0.014814815,29.25,0.05,Mar,2,4,2,2,Returning_Visitor,False,False
1,22.2,0,0.0,14,-1245.82,0.0,0.001470588,142.55,0.0,Sep,2,4,7,4,New_Visitor,False,True
-10,0.0,0,0.0,4,469.42,0.03,0.06,44.15,0.0,Mar,3,2,1,10,Returning_Visitor,False,False
3,17.16,1,41.92,28,606.4166667,0.0,0.02,-0.62,0.0,Mar,2,2,1,3,Returning_Visitor,True,False
1,0.0,0,0.0,18,314.75,0.03,0.046666667,0.0,0.03,May,3,2,1,3,Returning_Visitor,False,False
-1,-4.06,0,0.0,-2,100.0,0.075,0.125,0.0,0.06,May,2,2,1,3,Returning_Visitor,False,False
1,130.45,4,850.1,157,4864.22,0.02,0.019816374,5.87,0.0,Feb,2,2,7,4,Returning_Visitor,False,True
-1,-12.11,0,0.0,22,-688.9,0.133333333,0.13,0.0,0.11,May,3,2,4,3,Returning_Visitor,False,False
-4,-183.77,2,72.5,311,7569.248612,0.007646236,0.016468484,4.770910365,0.03,Nov,3,2,4,3,Returning_Visitor,True,False
0,0.0,0,0.0,7,383.43,0.2,0.2,3.93,0.0,Oct,1,1,3,2,Returning_Visitor,False,False
1,48.82,0,30.53,32,1307.27,0.0,0.02,7.78,-0.0,Oct,1,1,3,2,Returning_Visitor,False,False
4,268.14,0,-59.62,50,2554.26,0.006,0.017238095,12.92,0.01,Nov,1,1,4,10,Returning_Visitor,True,True
2,20.08,0,0.0,11,316.6666667,0.02,0.07,6.49,0.8,Feb,2,2,2,1,Returning_Visitor,True,False
0,0.0,0,10.17,26,1128.66,0.02,0.05,-3.12,0.0,Oct,3,2,1,1,Returning_Visitor,False,False
0,0.0,1,15.0,25,641.67,0.0,0.03,0.0,-0.0,Oct,3,2,3,2,Returning_Visitor,False,False
13,112.2666667,3,875.11,49,2904.33,-0.01,0.003508772,-11.09,0.0,Mar,2,2,1,1,Returning_Visitor,False,False
1,60.63,2,27.0,31,1463.8,0.019047619,0.04,30.81857956,0.07,Mar,2,2,3,2,Returning_Visitor,False,True
3,15.53,0,-51.28,4,323.18,0.002857143,0.01,-11.34,0.03,Dec,3,2,9,7,Other,False,False
0,29.34,0,18.22,84,3729.93,0.0,0.03,5.92,0.0,Nov,1,1,1,1,Returning_Visitor,False,False
4,236.25,0,0.0,41,1955.783333,0.0,0.002439024,21.07980488,-0.01,Oct,1,1,6,2,Returning_Visitor,False,True
3,0.0,3,155.42,30,248.8333333,0.01,0.0225,0.0,-0.28,Nov,2,5,6,7,Returning_Visitor,True,False
0,27.47,0,-9.45,1,-60.38,0.2,0.21,0.0,0.03,May,3,2,6,1,Returning_Visitor,False,False
2,0.0,0,10.29,-10,0.0,0.01,0.08,0.0,0.04,Mar,2,4,3,1,Returning_Visitor,False,False
1,11.22,0,23.15,19,1620.51,0.01,0.028333333,7.31,0.05,Mar,2,2,1,6,New_Visitor,False,False
0,-115.21,1,0.0,-100,-4146.75,0.04,0.13,0.0,0.14,Nov,2,2,3,8,New_Visitor,False,False
4,-12.2,1,678.09,6,173.0,0.02,0.01,0.0,0.0,Jul,1,2,2,2,Returning_Visitor,False,False
4,128.34,0,-7.0,21,1294.566667,0.01,0.04,-2.15,0.04,Oct,1,1,9,1,Returning_Visitor,False,False
0,0.0,0,16.17,14,0.0,0.02,0.05,11.31,-0.03,Mar,1,1,7,1,Returning_Visitor,False,False
1,23.0,0,0.0,34,1381.67,0.0,0.02,6.81,0.0,Mar,2,2,3,2,Returning_Visitor,False,False
6,147.4583333,0,216.5,67,1587.765598,-0.0,0.01,26.42,0.0,Dec,2,2,3,2,Returning_Visitor,False,False
0,0.0,0,-10.92,17,718.66,0.028571429,0.06,-0.72,0.01,Mar,2,2,1,1,Returning_Visitor,False,False
1,0.0,0,-27.77,62,2460.11,-0.0,0.02,0.0,0.4,May,2,4,6,2,Returning_Visitor,False,False
0,96.3,1,113.45,50,1375.93,0.02,0.03,0.0,0.0,Mar,2,5,2,1,Returning_Visitor,False,False
2,73.68,0,23.06,13,1629.04,0.0,0.04,0.0,0.0,May,2,2,4,4,Returning_Visitor,False,False
2,63.08,0,7.0,23,704.7,0.0,0.012,7.35,0.0,Oct,3,2,1,4,Returning_Visitor,False,False
1,34.2,0,0.0,27,809.6933333,0.01,0.03,3.39,0.0,Oct,3,2,2,2,Returning_Visitor,False,False
0,0.0,0,0.0,15,296.67,0.01,0.04,10.33,0.0,Mar,2,2,7,2,Returning_Visitor,False,False
0,0.0,0,-14.19,4,249.0,0.0,0.025,23.63,-0.0,Oct,2,2,1,1,Returning_Visitor,False,False
2,40.0,0,0.0,24,839.5,0.0,0.06,12.45,0.01,Mar,2,4,4,1,Returning_Visitor,False,False
6,-211.15,4,343.0,157,4461.28524,-0.0,0.03,31.85608032,0.46,Feb,2,4,4,6,Returning_Visitor,False,True
5,389.0,0,0.0,-2,310.5,0.0,0.02,0.0,0.0,May,2,4,2,4,New_Visitor,False,False
7,88.54,0,118.06,28,4109.79,0.0,0.02,-15.72,-0.01,May,1,1,6,3,Returning_Visitor,False,True
-1,0.0,0,0.0,61,2056.15,0.004347826,0.03,0.0,0.0,Nov,1,1,4,1,Returning_Visitor,False,False
3,143.17,0,-4.69,93,3856.82978,0.04,0.06218704,14.74,0.04,June,2,2,1,1,Returning_Visitor,False,False
4,104.73,0,7.89,28,1017.22,0.0,0.004166667,9.61,0.0,Oct,2,2,3,2,Returning_Visitor,False,True
0,-36.87,0,0.0,35,2539.08,0.005714286,0.03,0.0,0.0,Mar,2,2,2,2,Returning_Visitor,False,False
7,201.96,1,0.0,30,1010.375,0.011764706,0.02,0.0,-0.02,Nov,2,2,1,2,Returning_Visitor,False,False
3,106.75,0,29.64,38,1644.81,0.0,0.02,4.33,-0.01,Oct,2,2,1,2,Returning_Visitor,False,False
7,242.85,9,909.25,141,6371.48,-0.0,0.015719446,0.0,-0.16,Aug,2,2,1,2,Returning_Visitor,False,False
0,0.0,0,12.96,1,0.0,0.2,0.2,0.0,0.01,May,3,2,1,3,Returning_Visitor,False,False
0,-1.89,0,-16.43,15,848.44,0.02,0.055119048,0.0,-0.0,Mar,2,2,4,1,Returning_Visitor,False,False
22,1153.682251,3,26.19,205,3484.95,-0.02,0.008801049,17.2,0.07,Sep,2,12,3,3,Returning_Visitor,False,False
0,0.0,0,-9.51,-7,78.1,0.15,0.171428571,0.0,0.0,May,2,2,4,1,Returning_Visitor,False,False
4,103.87,0,0.0,46,1937.33,0.0,0.010971006,2.915511628,0.0,Oct,2,2,1,2,Returning_Visitor,False,False
2,37.78,0,-10.71,24,1016.69,0.033333333,0.066666667,0.24,0.0,May,2,2,1,1,Returning_Visitor,False,False
0,0.0,0,-12.38,-9,-1581.29,0.2,0.19,0.0,0.04,June,2,2,4,4,Returning_Visitor,True,False
3,83.63,0,0.0,19,488.0,0.0,0.01,0.0,0.06,May,2,2,5,3,New_Visitor,False,False
1,55.6,0,0.0,23,677.42,0.01,0.04,-2.2,-0.0,Mar,3,2,2,1,Returning_Visitor,False,False
0,64.19,1,-255.19,31,1242.7,0.0,0.04,101.78,0.0,Nov,2,4,1,10,Returning_Visitor,True,False
0,1.26,0,0.0,16,0.0,0.01,0.06,2.74,-0.01,Mar,2,4,5,1,Returning_Visitor,False,False
0,0.0,0,10.33,30,480.5,-0.0,0.01,6.34,0.07,Mar,2,2,1,6,New_Visitor,False,False
4,70.6,2,0.0,57,213.0157143,-0.02,0.02,79.51302667,0.04,Mar,2,4,1,2,Returning_Visitor,False,True
13,234.5666667,0,0.0,80,1553.07,0.016091954,0.03,-0.62,0.0,Oct,2,2,3,3,Returning_Visitor,False,False
2,14.0,0,-21.6,28,857.95,0.02,0.04,0.0,0.0,Oct,4,1,1,3,Returning_Visitor,True,False
0,0.0,0,0.0,10,72.0,0.025,0.06,0.84,0.11,May,2,1,9,3,Returning_Visitor,False,False
0,0.0,0,-34.09,16,881.37,0.02,0.06,0.0,-0.03,Nov,2,2,1,2,Returning_Visitor,False,False
0,-83.53,0,-49.99,20,457.5833333,0.02,0.044444444,0.0,0.24,May,2,1,4,3,Returning_Visitor,True,False
1,30.12,1,56.0,48,2135.1,-0.01,0.002222222,10.25,0.0,Nov,2,2,6,2,Returning_Visitor,False,True
0,-6.95,0,0.0,52,361.55,0.0,0.1,7.31,1.0,May,1,8,3,9,Returning_Visitor,True,False
0,0.0,0,0.0,23,0.0,0.01,0.07,-0.63,0.91,May,3,2,7,3,Returning_Visitor,False,False
4,210.97,0,0.0,152,6852.87,0.005228758,0.018756793,27.44,-0.04,Nov,2,2,4,10,Returning_Visitor,True,False
8,253.02,1,0.0,33,1282.96,0.01,0.02,8.08,0.04,Oct,2,2,1,2,Returning_Visitor,False,False
3,60.62,0,4.78,24,1085.91,0.022222222,0.041975309,0.0,0.0,Mar,2,2,3,1,Returning_Visitor,False,False
6,105.6333333,1,105.95,8,-215.48,0.0,0.02,0.88,0.0,Nov,2,2,1,2,Returning_Visitor,False,False
3,59.0,0,52.04,10,1030.12,-0.0,0.018181818,-30.68,0.38,May,1,1,1,7,New_Visitor,True,True
0,73.14,0,-25.3,27,501.5,0.0,0.02,7.94,-0.04,Nov,4,1,1,8,New_Visitor,False,False
10,229.7,-1,166.0,86,1992.5,0.02,0.008587569,2.087782738,-0.07,June,2,2,7,1,Returning_Visitor,False,False
1,9.35,1,59.5,37,1801.6,0.0,0.02,0.0,0.03,Nov,1,2,1,2,New_Visitor,True,False
3,25.56,1,13.61,84,2992.74,0.0,0.02,1.37,0.02,Jul,2,2,1,1,Returning_Visitor,True,True
4,141.83,0,-52.78,111,4446.303175,0.001538462,0.01,3.333835543,0.03,Oct,2,2,3,2,Returning_Visitor,False,False
8,243.39,1,39.6,-4,699.91,0.033333333,0.06,0.0,0.05,Oct,2,2,1,1,Returning_Visitor,False,False
1,43.37,0,-16.27,16,672.8794872,0.021428571,0.05,0.0,0.02,Oct,4,1,1,3,Returning_Visitor,True,False
3,51.0,0,0.0,26,536.0,0.007407407,0.04,0.0,0.0,Nov,2,2,9,2,Returning_Visitor,False,False
0,31.68,0,0.0,3,-461.15,0.2,0.2,0.0,-0.05,Nov,3,2,3,9,Returning_Visitor,False,False
7,246.252381,2,56.5,102,2273.14,0.01,0.01,-1.79,0.0,Nov,3,2,1,1,Returning_Visitor,True,False
-1,0.0,0,0.0,3,310.72,0.04,0.07,0.0,0.03,May,3,2,1,3,Returning_Visitor,False,False
2,961.89,3,1180.54,22,209.0,0.0,0.03,0.0,0.41,Sep,3,5,6,2,Returning_Visitor,False,False
5,161.19,1,90.38,29,1073.5,0.0,0.01,42.58,0.04,Feb,2,4,1,4,Returning_Visitor,False,False
0,62.87,0,5.57,23,896.33,0.01,0.020512821,0.0,0.12,May,2,2,7,2,Returning_Visitor,False,False
3,27.08,0,0.0,21,1343.23,0.0,0.03,0.0,0.0,Mar,2,2,1,5,Returning_Visitor,False,False
-1,0.0,0,-19.47,7,0.0,0.2,0.2,0.0,0.0,Oct,1,1,7,2,Returning_Visitor,False,False
5,27.24,2,554.12,3,-372.39,0.0,0.05,-5.69,0.0,Jul,2,2,1,1,Returning_Visitor,False,False
-4,47.33333333,1,16.47,65,3775.66,0.004545455,0.02,3.19,-0.02,Oct,3,2,1,10,Returning_Visitor,False,False
6,185.58,0,21.29,23,1729.716667,0.005050505,0.03,6.322599996,0.0,Jul,3,2,8,2,Returning_Visitor,False,False
6,303.8666667,0,47.03,72,2516.86,0.007042254,0.01,5.0,0.0,Nov,2,2,1,2,Returning_Visitor,False,False
3,11.0,0,541.34,20,2870.26,0.02,0.034848485,-17.5,0.0,Nov,1,1,6,1,Returning_Visitor,False,False
7,247.77,0,-72.27,195,5046.11,0.001937543,-0.0,3.38287678,-0.05,Nov,2,2,1,4,Returning_Visitor,False,False
9,144.5,3,150.33,56,416.5,-0.02,-0.02,31.08,0.26,Oct,2,2,3,4,Returning_Visitor,True,False
5,93.59,1,0.0,8,323.5,0.0,0.04,23.235,0.06,Mar,1,1,9,5,New_Visitor,False,True
4,226.46,0,0.0,20,721.14,0.0,0.01,3.19,0.06,Mar,3,2,1,5,New_Visitor,False,False
1,-32.02,0,-28.05,108,3487.12471,0.0,0.009519461,5.64,-0.02,Nov,3,2,1,3,Returning_Visitor,True,False
5,52.5,0,44.09,19,812.875,0.0,0.003333333,20.67,0.01,Nov,3,4,2,4,New_Visitor,True,False
0,0.0,0,-1.93,3,150.0,0.01,0.05,1.74,0.02,Mar,2,2,5,1,Returning_Visitor,False,False
0,0.0,0,8.06,10,672.5142857,0.01,0.018181818,-0.92,-0.04,Sep,1,8,7,1,Returning_Visitor,False,True
0,31.0,0,-151.56,170,5321.441032,0.0,0.02,25.74700712,0.01,Nov,2,2,1,2,Returning_Visitor,False,True
6,180.52,0,36.47,5,979.32,0.033333333,0.05,0.0,0.0,Mar,1,1,1,1,Returning_Visitor,True,False
2,104.8,0,24.77,38,1866.107143,0.01,0.025,1.4,0.0,Oct,2,2,1,2,Returning_Visitor,False,False
4,27.0,0,0.0,17,79.25,0.01,0.04,5.11,0.0,Mar,2,2,7,1,Returning_Visitor,False,False
2,124.0,0,0.0,13,495.0,0.0,0.028571429,0.22,-0.05,Feb,3,4,6,1,Returning_Visitor,False,False
0,0.0,0,5.64,20,785.73,0.01,0.04,1.56,0.0,Mar,2,2,9,1,Returning_Visitor,False,False
1,22.74,0,0.0,4,52.76,0.02,0.05,0.0,0.0,Nov,1,1,1,7,New_Visitor,True,False
0,10.63,0,0.0,6,185.5,0.01,0.05,1.42,0.01,Oct,3,2,3,1,Returning_Visitor,False,False
2,136.03,0,-53.89,23,1432.223333,0.0,-0.01,69.43043195,0.0,Mar,2,2,1,10,Returning_Visitor,False,True
0,34.11,0,0.0,0,-4.83,0.2,0.19,0.0,0.01,May,2,2,1,3,Returning_Visitor,False,False
0,0.0,0,0.0,66,4766.021032,-0.01,0.009213483,0.0,0.0,Dec,2,2,1,6,New_Visitor,False,False
1,27.77,0,0.0,13,287.3333333,0.0,0.0,13.7,0.06,Mar,2,2,1,6,New_Visitor,False,False
1,80.98,0,0.0,36,1824.84,0.02,0.05,2.05,-0.05,Aug,2,2,4,1,Returning_Visitor,False,False
5,209.0625,0,38.58,18,1079.18,0.005128205,0.026238576,3.72,0.0,Oct,2,2,1,2,Returning_Visitor,False,False
2,0.0,0,-17.41,70,1120.82,-0.02,0.0,-2.03,-0.11,Mar,1,8,3,3,Returning_Visitor,False,False
6,87.85,1,10.57,109,2925.677607,0.005504587,0.0156734,0.58,0.0,Nov,2,2,3,2,Returning_Visitor,False,False
0,0.0,0,-7.68,7,232.6666667,0.02,0.06,1.66,0.01,Mar,2,2,5,1,Returning_Visitor,False,False
18,203.9166667,4,789.81,55,-2438.51,-0.0,0.012520167,-7.16,-0.12,Nov,2,1,1,3,Returning_Visitor,True,True
12,1307.675,12,1873.57,517,27009.85943,0.01,0.014593571,8.36,-0.06,Nov,1,1,3,14,Returning_Visitor,False,True
4,104.4,0,19.76,51,2034.18,0.0,0.012113703,1.87,0.01,Oct,2,2,9,2,Returning_Visitor,False,True
1,0.0,0,115.78,89,3296.602091,0.01,0.02,0.0,0.0,Dec,1,1,4,1,Returning_Visitor,False,False
4,132.46,0,40.48,27,1658.12,0.01,0.03,0.0,0.0,Oct,2,2,1,2,Returning_Visitor,False,False
0,46.26,0,-11.25,18,140.48,0.02,0.044444444,2.8,0.01,Dec,3,2,9,2,Returning_Visitor,False,True
1,-30.62,2,464.875,20,1375.1,0.002173913,0.0,14.78,-0.04,Nov,4,2,2,2,Returning_Visitor,True,False
0,-27.66,0,0.0,16,154.8333333,-0.0,0.00625,40.97,-0.02,Feb,2,4,7,3,Returning_Visitor,False,False
3,0.0,0,-2.88,28,621.4166667,0.0,0.03,0.0,0.03,Oct,1,1,3,3,Returning_Visitor,False,False
2,0.0,1,21.0,15,498.5,0.0,0.05,32.1908,0.06,Mar,2,4,2,2,Returning_Visitor,False,True
-1,172.05,2,187.67,58,1803.57,0.05,0.046264368,4.24,0.03,May,2,6,4,20,Other,False,False
6,90.25,0,0.0,86,3036.4,0.0,0.02,8.15,0.0,Jul,2,4,6,1,Returning_Visitor,False,False
0,0.0,-2,-88.49,4,-719.78,0.25,0.21,6.88,0.14,Mar,3,2,4,11,Returning_Visitor,True,False
1,68.6,0,0.0,37,1735.31,0.01,0.03,0.23,-0.01,Oct,2,2,1,2,Returning_Visitor,False,False
1,4.0,0,1.15,33,995.07,0.01,0.04,0.0,-0.02,Jul,2,2,9,2,Returning_Visitor,False,False
2,896.23,1,-154.92,159,3239.46,-0.02,-0.06,77.45,-0.07,Feb,1,5,1,2,New_Visitor,True,False
3,53.39,0,-9.41,22,928.48,0.0,0.02,7.28,0.01,Mar,2,2,3,1,Returning_Visitor,False,False
4,38.65,0,2.06,20,465.8333333,0.0,0.024242424,0.0,0.04,Mar,2,2,1,1,Returning_Visitor,True,False
4,95.87,1,0.0,81,2833.814103,0.00021645,0.03,2.33,-0.03,Nov,4,1,1,3,Returning_Visitor,True,False
-1,0.0,0,0.0,5,145.5,0.0,0.05,8.73,0.0,Mar,2,4,3,2,Returning_Visitor,False,False
0,0.0,-2,-26.61,1,-691.67,0.01,0.1,4.92,0.6,Oct,1,8,7,13,Returning_Visitor,False,False
4,121.85,1,52.22,16,777.87,0.0,0.01,0.0,0.03,Oct,2,2,1,2,Returning_Visitor,False,False
-1,62.0,1,172.0,-2,264.0,0.03,0.06,0.0,0.03,May,3,2,4,2,Returning_Visitor,False,False
0,0.0,0,0.0,25,937.47,0.0,0.04,2.66,0.01,Mar,2,2,1,1,Returning_Visitor,False,True
1,55.8,0,0.0,24,1190.14,-0.0,0.0,0.0,0.02,Mar,2,2,9,6,New_Visitor,False,False
3,94.17,0,18.25,15,1418.25,0.02,0.05,0.0,0.0,Mar,2,2,1,1,Returning_Visitor,False,False
1,54.5,0,21.87,11,1055.75,0.02,0.05,-0.37,0.01,Mar,2,2,1,2,Returning_Visitor,False,False
-8,-300.73,0,31.0,401,12600.86,0.0,0.01,0.0,0.0,Nov,2,2,1,2,Returning_Visitor,False,True
0,0.0,0,0.0,36,3135.55,0.06,0.05,44.31,0.0,Nov,8,4,9,20,Other,False,False
0,17.76,0,0.0,10,323.5,-0.0,0.01,0.0,0.04,Oct,2,2,9,6,New_Visitor,False,False
3,64.0,-1,-23.21,48,653.37,0.016666667,0.03,1.44,-0.04,Nov,2,2,3,4,Returning_Visitor,False,False
14,886.46,2,41.6,36,1584.770476,-0.02,-0.05,164.6,-0.08,Oct,1,1,7,2,New_Visitor,False,False
5,142.75,0,13.54,76,1523.57803,0.01,0.021101928,2.98,0.0,Jul,2,2,1,3,Returning_Visitor,False,False
1,25.4,0,24.21,32,1550.51,0.005405405,0.021846847,5.677286486,0.01,Oct,2,2,2,2,Returning_Visitor,False,False
0,-101.4,1,-16.74,237,7469.75,0.01,0.04,0.43,0.0,Nov,1,1,1,9,Returning_Visitor,True,False
2,0.0,0,-58.28,49,1814.75,0.0,0.01,4.85,0.01,Oct,3,2,1,3,Returning_Visitor,True,False
11,239.6,2,236.1,50,981.5083333,0.0,0.0,0.0,-0.06,Nov,3,2,2,3,Returning_Visitor,True,False
3,85.35,0,0.0,16,92.38,0.0,0.02,88.39,0.04,Feb,2,4,2,4,Returning_Visitor,False,False
4,133.16,1,44.0,14,549.5,0.0,0.013333333,34.99,0.2,Feb,2,4,2,2,Returning_Visitor,False,True
1,-96.7,-1,0.0,23,156.5333333,0.01,0.04375,44.47,-0.12,Mar,2,2,3,3,Returning_Visitor,False,False
5,129.5,0,26.11,33,1983.5,0.01,0.02,5.25,0.02,Mar,2,2,2,1,Returning_Visitor,False,False
0,20.74,0,0.0,12,441.8,0.02,0.06,1.71,0.0,Mar,2,2,9,1,Returning_Visitor,False,False
-6,-223.54,0,0.0,162,3178.66,0.02,0.05,54.0486956,0.0,Nov,2,5,7,2,Returning_Visitor,False,True
2,42.0,0,0.0,33,1436.8,0.002857143,0.02,0.0,0.0,Mar,2,2,1,1,Returning_Visitor,False,False
0,0.0,2,153.12,41,13.22,0.004651163,0.009302326,4.27,-0.0,Mar,3,2,2,2,Returning_Visitor,True,False
12,218.04,3,-49.1,69,914.1666667,-0.02,-0.03,78.3,0.0,Mar,1,1,5,2,Returning_Visitor,True,False
6,119.76,2,-73.59,69,2697.022104,-0.01,0.009471471,1.798669862,0.0,Oct,2,2,9,2,Returning_Visitor,False,False
3,94.95,1,3.24,47,2026.17,0.0,0.015384615,4.05,-0.02,Nov,2,2,1,2,Returning_Visitor,False,True
0,33.58,0,22.17,27,1093.08,-0.01,0.0,10.53,0.03,Mar,2,2,9,6,New_Visitor,True,False
1,0.0,-1,-82.15,1,4190.75,-0.0,0.074369748,-14.67,0.0,May,2,2,8,2,Returning_Visitor,False,False
0,0.0,0,3.57,105,2286.99,-0.02,0.0,-2.85,0.12,Feb,1,8,6,1,Returning_Visitor,True,False
2,49.14,0,0.0,30,1217.430556,0.01,0.04,0.0,-0.01,Mar,2,2,1,1,Returning_Visitor,False,False
2,64.21,0,-2.83,35,1353.35,0.015196078,0.04,0.0,0.0,Nov,2,2,1,2,Returning_Visitor,False,False
3,106.44,0,38.64,25,946.5952381,0.0,0.013333333,0.0,0.0,Oct,2,2,1,2,Returning_Visitor,False,False
4,0.0,0,0.0,425,12265.62,-0.01,0.014583333,0.19,-0.01,Nov,1,1,1,1,Returning_Visitor,False,True
0,-11.66,0,0.0,42,1560.16,0.01,0.04,-5.33,0.0,Mar,4,1,1,3,Returning_Visitor,True,True
0,0.0,0,-20.88,59,2195.283333,0.01,0.04,-3.23,0.0,Nov,2,2,1,2,Returning_Visitor,False,True
7,178.0,0,0.0,17,110.0,0.0,0.016666667,-10.89,0.2,May,3,2,6,20,Returning_Visitor,True,False
1,47.85,1,0.0,19,795.67,0.01,0.04,0.0,0.01,Mar,2,4,4,2,Returning_Visitor,False,False
3,109.49,0,0.0,24,1031.07,0.01,0.041319444,-0.42,0.0,Mar,3,2,1,1,Returning_Visitor,False,False
2,62.37,1,0.0,16,102.0,0.01,0.04,6.84,0.0,Oct,2,2,9,1,Returning_Visitor,False,False
4,62.28,0,1.57,29,1096.65,0.0,0.02,2.36,0.01,Mar,2,2,3,1,Returning_Visitor,False,False
2,85.9,1,148.71,18,-510.66,0.0,0.005555556,-12.08,-0.01,Dec,1,8,2,2,Returning_Visitor,False,False
3,61.32,1,0.0,55,1870.49,0.01,0.021212121,7.291757576,0.06,Mar,1,1,1,2,Returning_Visitor,True,False
0,20.33,0,0.0,17,1628.5,0.004166667,0.020625,0.0,0.2,May,2,2,1,2,Returning_Visitor,False,False
7,294.5,1,84.31,29,1034.583333,0.0,0.015196078,9.877647059,0.02,Mar,2,4,4,2,Returning_Visitor,False,True
3,0.0,1,26.33,28,1384.071429,-0.0,0.032380952,7.7,0.04,Jul,2,4,2,2,Returning_Visitor,False,True
1,10.0,1,45.47,29,970.36,0.013793103,0.044827586,-0.06,0.57,May,2,2,1,2,Returning_Visitor,True,False
0,-22.24,0,1.55,42,1361.833333,0.0,0.029166667,-0.52,-0.01,Oct,3,2,7,1,Returning_Visitor,False,False
0,0.0,0,0.0,14,1664.42,0.0,0.028571429,9.91,-0.01,Oct,2,2,1,10,Returning_Visitor,False,False
3,80.0,0,38.94,28,1274.64,0.003773585,0.02,2.31,0.02,Mar,2,2,1,2,Returning_Visitor,False,False
0,0.0,0,-17.94,7,-441.36,0.23,0.2,0.78,0.04,Dec,3,2,4,1,Returning_Visitor,False,False
2,24.92,2,114.16,2,-215.29,0.003381995,0.03,-5.67,0.03,Oct,3,2,1,2,Returning_Visitor,True,False
1,63.7,0,-17.91,26,1200.18,0.01,0.04,4.34,-0.01,Nov,2,2,1,2,Returning_Visitor,False,False
0,0.0,0,0.0,67,2684.15,-0.01,0.02,-0.04,0.0,Nov,2,2,1,10,Returning_Visitor,False,True
4,115.0,0,0.0,12,2003.13,0.003636364,0.008484848,0.0,0.26,May,1,1,2,6,New_Visitor,False,False
7,440.4615385,0,9.44,30,1273.87,0.012544803,0.03,2.04,0.0,Nov,2,2,1,2,Returning_Visitor,False,False
1,30.7,6,1066.25,94,1877.63,0.01,0.020833333,0.0,0.0,Aug,2,5,6,4,Returning_Visitor,True,False
0,0.0,0,28.55,12,465.04,0.0,0.02,0.0,0.0,Mar,2,2,7,2,Returning_Visitor,False,False
4,108.7,0,0.0,38,1695.39,0.000888889,0.01426455,7.7,0.0,Oct,2,2,1,2,Returning_Visitor,False,False
9,307.67,0,54.05,29,1430.26,0.01,0.01,6.79,0.01,Oct,2,2,1,2,Returning_Visitor,False,False
-2,0.0,-1,-27.91,-31,-1862.15,0.09,0.133333333,0.0,0.08,Mar,3,2,7,1,Returning_Visitor,False,False
0,3.71,0,-33.24,1,-552.2,0.13,0.2,0.0,0.09,Oct,2,4,4,1,Returning_Visitor,False,False
1,7.67,0,0.0,5,76.0,0.05,0.1,2.42,-0.02,Oct,1,1,9,3,Returning_Visitor,False,False
6,318.2,0,0.0,19,414.8666667,0.01,0.03,0.0,0.02,Nov,2,2,1,2,Returning_Visitor,False,False
0,-99.97,0,0.0,3,138.0,0.1,0.111111111,-12.65,0.0,Nov,4,1,1,3,Returning_Visitor,False,False
2,61.58,0,0.0,11,829.18,0.0,0.02,6.53,0.0,Oct,2,2,1,2,Returning_Visitor,False,True
3,196.6,-2,-159.33,0,1249.33,0.0,0.03,0.0,0.0,Nov,2,2,1,5,New_Visitor,True,False
1,0.0,0,-31.1,30,236.18,0.0,0.02,2.64,0.0,May,2,2,5,3,Returning_Visitor,False,False
4,79.54,0,0.0,60,180.67,0.01,0.03,17.21022568,0.0,Jul,2,2,1,3,Returning_Visitor,True,False
1,19.44,0,-13.54,14,1135.54,0.0,0.014285714,31.22,0.0,Feb,8,13,9,20,Other,False,True
2,3.1,0,-46.85,14,0.0,0.2,0.21,0.0,0.0,Nov,2,2,1,13,Returning_Visitor,False,False
1,0.0,0,0.0,5,234.02,0.03,0.06,0.8,0.03,Mar,1,1,1,1,Returning_Visitor,False,False
3,23.99,1,10.98,22,486.5,-0.0,0.030666667,0.0,-0.03,Oct,1,8,3,11,Returning_Visitor,True,False
4,56.91,0,-23.8,38,1165.46,0.02195122,0.030226481,1.73,0.03,May,2,2,1,3,Returning_Visitor,False,False
2,-10.68,0,0.0,24,734.59,-0.01,-0.0,-2.12,0.05,Dec,2,2,9,2,New_Visitor,True,True
5,161.68,0,46.71,29,1612.983333,0.005882353,0.013697479,0.0,0.0,Oct,2,2,1,2,Returning_Visitor,False,False
1,210.13,0,48.44,39,581.9419883,0.0,0.000732601,25.8,-0.03,May,2,2,5,2,New_Visitor,False,True
0,38.08,0,-4.96,89,3614.105147,0.006439394,0.020569813,0.94,0.1,Mar,1,1,2,2,Returning_Visitor,True,False
1,112.125,0,-34.87,45,3459.479978,0.01,0.01,8.87,0.0,Nov,2,2,1,10,Returning_Visitor,True,True
5,51.86,2,43.5,22,1259.872817,0.013333333,0.025185185,0.0,0.07,Mar,2,2,3,2,Returning_Visitor,False,False
13,279.52,4,874.03,26,-983.36,0.004373522,-0.0,-3.26,0.04,Nov,2,2,4,1,Returning_Visitor,False,True
-2,36.26,0,0.0,4,-920.3,0.05,0.075,0.0,0.0,Feb,4,1,4,3,Returning_Visitor,True,False
5,166.75,0,32.26,54,2881.133333,0.0,0.002985075,4.01,-0.0,Oct,2,2,1,2,Returning_Visitor,False,True
1,64.86,0,0.0,1,-404.33,0.016825397,0.07,6.18,0.0,May,1,8,6,3,Returning_Visitor,False,False
1,44.58,0,0.0,22,950.22,0.019565217,0.053623188,-0.17,0.0,Mar,2,2,1,1,Returning_Visitor,False,False
6,316.8333333,1,13.0,73,3085.007143,-0.0,-0.0,-1.74,0.57,May,3,2,1,13,Returning_Visitor,False,False
-4,480.34,5,819.62,21,358.25,0.01,0.07,7.83,0.18,Sep,2,5,4,2,Returning_Visitor,False,False
4,157.44,0,37.05,22,1212.441667,0.002898551,0.03,3.07,0.06,Oct,4,1,2,1,Returning_Visitor,False,False
0,95.82,1,-25.94,16,565.4166667,0.028571429,0.027380952,0.0,0.04,Nov,3,2,1,10,Returning_Visitor,True,False
2,64.28,0,-35.11,28,968.76,0.0,0.010935374,13.71812571,0.06,May,3,2,6,3,Returning_Visitor,False,False
0,0.0,0,-32.27,11,287.5,0.01,0.05,3.93,0.03,Oct,1,2,9,1,Returning_Visitor,False,False
0,0.0,0,0.0,29,1509.83,0.02,0.063333333,0.0,-0.01,Nov,2,2,1,1,Returning_Visitor,False,False
2,118.24,0,0.0,17,52.0,0.05,0.07,0.0,0.16,Feb,1,1,1,8,Returning_Visitor,False,False
3,53.38,0,13.74,22,684.75,0.01,0.03,0.0,0.03,Mar,2,2,1,1,Returning_Visitor,False,False
1,74.27,0,0.0,10,197.0,0.02,0.04,0.14,0.0,Oct,2,2,9,2,Returning_Visitor,False,False
0,0.0,0,0.0,39,1474.78,0.0,0.03,4.78,0.0,Mar,2,2,1,2,Returning_Visitor,False,False
4,0.0,0,0.0,6,642.55,0.0,0.01,0.0,0.02,May,3,2,3,3,Returning_Visitor,True,False
2,85.32,0,7.67,31,1609.4,0.01,0.03,4.33,0.01,Oct,2,2,1,1,Returning_Visitor,False,False
4,51.5,0,44.25,12,549.25,0.0,0.015384615,0.0,0.0,Mar,2,2,2,3,Returning_Visitor,True,False
0,0.0,0,0.0,-41,-2537.72,0.0,0.03,20.42,0.16,Aug,2,4,9,3,Other,False,False
2,0.0,0,64.71,10,516.75,0.02,0.06,2.28,0.06,Dec,4,1,4,1,Returning_Visitor,True,False
2,72.13,0,0.0,17,505.3333333,0.03,0.07,3.29,0.4,May,2,2,1,3,Returning_Visitor,False,False
-2,0.0,-1,-75.26,5,48.0,0.08,0.093333333,6.57,0.08,Nov,3,2,6,13,Returning_Visitor,False,False
2,61.9,0,-45.65,41,963.0,0.01,0.02,21.54,0.09,May,2,4,4,3,Returning_Visitor,False,False
2,0.0,0,9.05,18,914.62,0.02,0.04,0.0,0.03,Oct,1,1,1,1,Returning_Visitor,False,False
1,68.71,0,-2.9,22,892.9166667,0.0,0.011428571,3.21,0.03,Oct,2,2,9,2,New_Visitor,False,False
10,815.7666667,3,618.0,129,6657.151362,0.010917582,0.02,0.0,-0.13,Feb,4,1,1,4,Returning_Visitor,True,False
5,0.61,4,68.5,43,922.31,-0.01,0.038988095,14.44,0.04,Oct,2,4,4,2,Returning_Visitor,True,False
0,0.0,0,-39.34,28,2763.25,0.0,-0.0,-2.53,0.0,May,2,2,4,6,New_Visitor,False,False
0,-31.71,0,-44.57,-7,12.0,0.07,0.1,0.21,0.02,Aug,2,2,1,13,Returning_Visitor,False,False
1,25.0,0,0.0,14,397.0,0.0,0.02,17.19,0.01,Oct,1,1,3,4,Returning_Visitor,False,True
1,28.2,0,0.18,35,1293.25,0.017142857,0.04,8.435206908,0.01,Mar,2,2,1,1,Returning_Visitor,False,False
0,24.33,2,232.7333333,23,1669.024978,-0.01,0.02,-3.02,-0.0,Nov,2,2,1,2,New_Visitor,False,False
-2,24.28,0,-49.78,1,1079.54,0.2,0.2,0.0,0.16,May,3,2,1,13,Returning_Visitor,False,False
0,-12.66,0,5.92,20,1609.91,0.01,0.04,0.0,0.0,Mar,2,2,1,1,Returning_Visitor,True,False
1,-0.14,0,15.39,32,1795.13,0.010526316,0.05,-7.9,0.0,May,2,4,4,4,Returning_Visitor,False,False
8,396.09,0,-50.6,520,14213.63652,0.01,0.010072239,-25.27,0.02,Nov,2,6,3,8,Returning_Visitor,True,True
1,0.0,0,11.65,20,877.64,0.01,0.04,-0.55,0.0,Mar,2,2,1,1,Returning_Visitor,False,False
0,-1.64,1,0.0,12,580.25,0.022222222,0.06,0.0,0.12,Mar,2,2,1,2,Returning_Visitor,True,False
4,71.7,0,0.0,8,1595.0,0.07,0.127272727,-4.99,0.0,Jul,3,2,2,13,Returning_Visitor,False,False
0,8.3,0,-12.01,3,-1131.36,0.1,0.133333333,0.0,0.02,Oct,3,2,1,3,Returning_Visitor,False,False
5,530.99,4,235.6,158,3202.56,0.006451613,-0.05,44.04,-0.21,Oct,3,2,1,4,Returning_Visitor,False,False
6,154.0,1,47.74,8,-75.06,0.0,0.03,27.93478267,0.01,Jul,2,4,1,2,Returning_Visitor,False,True
0,35.89,0,-26.5,2,-28.08,0.056140351,0.09,10.02,0.02,Mar,1,1,5,1,Returning_Visitor,False,False
1,6.0,0,7.58,39,1512.57,0.008333333,0.0375,0.0,0.0,Mar,2,2,9,1,Returning_Visitor,False,False
4,57.94,0,0.0,5,381.6666667,0.0,0.03,0.0,0.03,Mar,1,1,3,1,Returning_Visitor,True,False
6,310.0666667,0,49.4,31,1427.03,0.003013699,0.01,48.30461627,0.01,Feb,1,4,2,2,Returning_Visitor,False,True
3,78.95,0,1.52,15,644.61,0.0,0.011111111,4.9,-0.0,Nov,2,2,1,6,New_Visitor,False,False
0,3.12,0,-18.53,12,304.75,0.02,0.09,0.0,0.8,May,3,2,2,2,Returning_Visitor,False,False
0,0.0,0,-0.58,1,0.0,0.02,0.07,0.0,0.0,Nov,2,2,1,1,Returning_Visitor,False,False
6,76.76666667,2,9.0,-18,-162.22,-0.02,0.038095238,-19.4,0.04,Sep,2,8,2,5,Returning_Visitor,False,False
3,45.0,1,78.08,10,485.8333333,0.008,0.04,0.0,0.02,Mar,2,2,1,2,Returning_Visitor,True,False
3,48.65,0,-6.84,20,1107.97,-0.0,0.02,0.0,0.01,Mar,2,2,3,1,Returning_Visitor,False,False
-1,-23.66,1,3.93,141,2623.580864,0.01,0.004244028,3.24,0.0,Nov,2,2,5,2,Returning_Visitor,False,False
2,74.09,0,-10.17,22,867.2,0.01,0.02,5.43,-0.02,Feb,2,2,7,2,Returning_Visitor,False,True
4,47.3,1,72.38,32,1870.966667,0.0,0.02,0.97,0.0,Mar,2,2,1,2,Returning_Visitor,False,False
12,699.43,2,-246.61,256,12412.64,0.0,0.01,0.0,0.0,Oct,2,10,4,5,Returning_Visitor,False,False
4,57.0,0,299.81,5,284.25,0.0,0.02,0.0,-0.0,Mar,3,2,8,4,Returning_Visitor,False,False
2,32.98,1,130.12,7,95.95,0.02,0.04,-11.8,0.0,Dec,1,1,1,2,Returning_Visitor,False,False
2,38.49,0,0.0,9,570.42,0.033333333,0.06,-2.49,0.05,Mar,2,2,1,1,Returning_Visitor,True,False
2,112.62,0,-20.57,102,3608.42,0.01,0.019800052,11.43180835,0.0,Nov,2,2,1,2,Returning_Visitor,False,False
6,1922.0,0,112.55,78,941.672619,-0.01,0.03,0.0,0.0,Mar,4,5,1,1,Returning_Visitor,False,False
0,54.0,0,-0.61,66,1514.83631,0.022887324,0.044913928,2.2,0.0,Nov,2,2,9,2,Returning_Visitor,False,False
1,29.28,0,0.0,-6,791.88,0.2,0.2,1.85,0.0,Dec,3,2,7,10,Returning_Visitor,True,False
1,10.87,1,12.51,28,1405.23,-0.0,0.06,-4.34,0.0,Mar,2,4,1,2,Returning_Visitor,False,False
3,0.0,0,0.0,53,1170.733333,0.01,0.025454545,23.94,0.05,Aug,2,4,6,4,Returning_Visitor,False,True
0,0.0,0,0.0,16,400.6666667,0.02,0.05,3.15,0.01,Oct,2,2,9,2,Returning_Visitor,False,False
3,99.5,0,0.0,32,1332.09,0.0,0.017222222,5.38,0.02,Oct,2,2,1,2,Returning_Visitor,False,False
0,-16.61,0,11.37,1,0.0,0.21,0.2,-1.25,0.04,May,1,1,3,3,Returning_Visitor,False,False
4,80.0,0,-10.81,98,1081.66,0.0,0.01,30.8,0.6,May,1,2,3,4,Returning_Visitor,False,False
3,77.0,0,-106.3,-10,-1650.07,0.00212766,0.03,124.92,0.32,Mar,2,2,3,9,Returning_Visitor,True,False
2,48.55,1,-34.52,32,1608.38,0.01,0.02,42.70505393,0.01,Dec,8,13,9,20,Other,False,True
0,8.96,1,-34.86,1,0.0,-0.0,0.02,19.19,0.0,Dec,8,13,9,20,Other,False,False
5,107.5,5,0.0,31,2221.0,0.002857143,0.03,0.0,0.0,Nov,2,2,9,10,Returning_Visitor,True,False
-1,50.18,0,23.21,66,513.9404762,0.01,0.03,62.866,0.52,May,2,4,6,4,Returning_Visitor,False,False
0,-99.89,2,151.44,13,1301.57,-0.01,0.015384615,1.55,0.03,Nov,1,1,1,6,New_Visitor,False,True
0,43.83,0,-9.09,18,562.54,0.01,0.02,0.0,-0.02,May,2,2,7,2,Returning_Visitor,False,False
17,189.71,4,1221.64,-6,422.25,0.03,0.0,11.80233651,-0.27,May,1,1,1,3,Returning_Visitor,False,False
-6,-271.33,2,121.09,28,1229.69,0.0,0.028519936,53.94,0.35,Feb,3,2,2,13,Returning_Visitor,False,True
5,-89.72,3,84.0,46,4923.45,0.012,0.026,57.82,0.0,Mar,2,1,3,13,Returning_Visitor,True,False
1,19.1,0,0.0,21,2063.11,0.0,0.00952381,0.0,-0.03,Nov,1,1,2,2,New_Visitor,True,False
3,165.02,0,0.0,51,2136.0,0.01,0.008333333,0.0,0.2,May,2,2,3,2,Returning_Visitor,False,False
1,32.0,0,25.43,30,1074.46,0.01,0.03,0.66,0.02,Oct,2,2,1,4,Returning_Visitor,True,False
36,992.05,0,-587.4,49,3374.016667,0.0,0.003703704,73.08,-0.26,Nov,2,4,3,13,Returning_Visitor,False,True
0,-42.85,0,-5.65,27,212.8,-0.0,0.04,-2.87,0.0,Feb,1,8,7,3,Returning_Visitor,False,False
2,0.0,0,20.13,60,3025.333333,0.0,0.009375,0.0,0.0,Oct,1,1,1,4,Returning_Visitor,True,False
5,181.275,0,65.0,29,1960.27,0.01,0.024543027,1.05,0.02,Oct,1,1,1,2,Returning_Visitor,False,False
0,-133.99,4,47.11,-7,51.0,0.0,0.04,0.0,0.0,Feb,3,2,3,13,Returning_Visitor,False,False
0,0.0,0,46.06,75,2795.9,0.01,0.01,12.34,-0.06,Nov,3,2,2,2,Returning_Visitor,False,False
6,234.23,0,0.06,34,1879.14,0.0,0.01375,16.81772593,0.0,Oct,2,2,1,2,Returning_Visitor,False,True
0,0.0,0,0.0,18,257.0,0.02,0.06,-1.65,0.0,Nov,1,1,2,2,Returning_Visitor,False,False
0,-21.73,0,7.0,16,140.17,0.015686275,0.071568627,0.0,0.0,Dec,1,8,3,1,Returning_Visitor,False,False
3,64.91,0,19.39,46,1446.55,0.007007576,0.03,0.0,-0.0,June,2,2,6,2,Returning_Visitor,False,False
17,118.57,0,-128.48,85,1852.63,0.0,0.01,0.0,1.15,May,2,4,3,6,Returning_Visitor,True,False
0,8.03,0,0.0,1,-25.07,0.02,0.05,0.0,0.01,Oct,3,2,3,1,Returning_Visitor,False,False
4,116.0,2,-123.95,27,740.09,0.01,0.04,26.93792373,0.0,May,2,5,5,6,Returning_Visitor,False,False
0,26.76,0,0.0,8,584.0,0.022222222,0.03968254,37.6,0.0,Feb,1,1,3,1,Returning_Visitor,False,True
1,-111.92,0,-110.11,226,2504.870761,-0.01,0.036429937,0.0,-0.0,Nov,1,1,1,11,Returning_Visitor,True,False
7,159.29,0,18.95,111,2765.2,0.01,0.01,0.0,0.04,Jul,2,2,2,3,Returning_Visitor,False,False
0,0.0,0,0.0,37,1595.2,0.01,0.03,4.05,-0.02,Nov,2,2,2,2,Returning_Visitor,False,False
-1,0.0,0,-21.79,20,761.75,0.01,0.04,5.17,0.0,Mar,2,2,1,2,Returning_Visitor,False,False
3,143.8,1,66.91,7,506.97,0.03,0.055555556,0.0,0.0,May,3,2,1,3,Returning_Visitor,False,False
2,67.0,0,0.0,7,234.6384615,0.03,0.064935065,5.87,0.0,Mar,1,1,3,1,Returning_Visitor,False,False
1,26.69,0,9.55,30,1198.9,0.008175105,0.03,1.59,0.01,Mar,2,2,1,1,Returning_Visitor,False,False
5,-174.19,1,794.96,-72,250.8,0.0,0.01,0.0,0.13,Aug,4,2,6,3,Returning_Visitor,False,False
1,30.45,0,8.46,19,942.3958333,0.01,0.03,0.0,0.0,Dec,2,2,1,2,Returning_Visitor,False,False
11,-125.17,9,322.8,51,467.98,0.009105691,0.024303938,-2.55,0.0,Aug,2,1,5,1,Returning_Visitor,True,False
-3,205.7,0,-45.0,10,-2066.24,0.011764706,-0.03,30.77,0.09,Oct,2,6,5,1,Returning_Visitor,True,True
0,0.0,0,-14.8,7,251.6666667,-0.0,0.011428571,0.0,0.04,Mar,3,2,3,2,Returning_Visitor,True,False
2,40.5,0,0.0,89,2691.23,0.003863636,0.01,98.07,0.0,Dec,4,1,9,3,New_Visitor,False,False
1,0.0,1,96.62,25,1380.66,0.0,0.024,0.0,-0.02,Mar,2,2,3,2,Returning_Visitor,False,False
3,97.2,0,22.36,12,197.2,0.030769231,0.038461538,4.04,-0.01,May,2,2,9,2,Returning_Visitor,False,False
7,213.17,4,0.0,71,3260.51,0.0,0.011944444,1.533539275,0.0,Sep,3,2,9,20,Other,False,False
1,38.48,0,0.0,15,24.38,0.02,0.09,3.83,0.8,May,2,2,1,2,Returning_Visitor,False,False
4,50.5,3,54.0,9,-1215.99,-0.01,0.006589147,161.37,0.0,Mar,1,2,1,2,Returning_Visitor,False,False
3,97.03,0,0.0,20,1095.4,0.016666667,0.04,1.37,0.0,Oct,1,1,1,1,Returning_Visitor,False,False
1,61.25,0,34.6,21,923.19,0.013793103,0.04,0.18,0.0,Oct,2,2,1,2,Returning_Visitor,False,False
2,0.0,0,0.0,14,315.7797619,0.02,0.04,-3.32,0.05,Mar,1,1,1,3,Returning_Visitor,True,False
1,73.6,0,31.2,30,1387.12,0.01,0.02,49.45,0.0,Sep,2,2,2,2,Returning_Visitor,False,False
2,74.43,0,7.83,20,946.95,0.01,0.04,0.0,-0.0,Oct,2,2,1,2,Returning_Visitor,False,False
1,61.07,0,-8.35,22,1355.27,0.0,-0.0,0.0,0.0,Oct,2,2,9,2,New_Visitor,True,False
3,-152.1,1,788.0,111,844.99,0.000423729,0.00814597,2.514977953,-0.08,Nov,2,10,4,3,Returning_Visitor,False,False
9,603.8,4,1102.72,95,5018.328289,-0.0,0.03,-10.69,0.0,Oct,3,2,6,1,Returning_Visitor,False,False
-2,14.0,2,114.89,276,6732.124414,0.008018648,-0.0,-10.41,-0.04,Nov,1,8,3,11,Returning_Visitor,False,False
5,335.62,2,31.0,47,1541.327451,-0.01,0.05,21.47,0.4,May,3,7,8,4,Returning_Visitor,False,False
1,5.41,0,0.0,-46,220.3333333,0.0,0.002197802,31.18,0.08,May,4,2,8,16,Returning_Visitor,False,False
9,197.69,0,12.75,35,1014.42,-0.0,-0.01,9.581561053,0.02,Oct,2,2,3,3,Returning_Visitor,False,True
0,0.0,0,2.48,19,711.7,0.02,0.05,1.34,-0.01,Mar,2,2,9,1,Returning_Visitor,False,False
2,155.55,0,0.0,25,938.66,0.0,0.010526316,68.52,0.0,Oct,2,4,1,2,New_Visitor,False,False
4,92.0,0,7.46,28,1232.97,0.0,0.03,-1.8,0.01,Mar,2,2,3,1,Returning_Visitor,False,False
4,113.16,1,-0.22,35,1164.35,0.013978495,0.02734255,-3.1,0.0,Nov,1,1,1,2,Returning_Visitor,True,True
0,13.24,0,-9.44,13,121.0,0.01,0.05,0.0,0.01,Oct,3,2,9,1,Returning_Visitor,False,False
3,87.55,0,3.37,37,1957.85,0.005555556,0.02,0.0,0.0,Oct,2,2,1,2,Returning_Visitor,False,False
4,131.93,0,0.0,1,31.2,0.01,0.04,0.0,0.02,Oct,2,4,4,2,New_Visitor,True,False
12,1311.27,0,0.0,35,1990.19,0.02,0.05,5.61,0.02,Feb,1,1,1,2,Returning_Visitor,False,False
3,-177.47,3,51.39,56,5188.22,0.02,0.03,0.0,0.0,May,2,2,1,13,Returning_Visitor,False,False
7,48.22,0,0.0,41,-43.26,-0.02,-0.05,92.07,0.0,Dec,2,2,9,8,New_Visitor,False,False
3,94.7,0,44.78,20,1580.75,0.01,0.03,0.0,0.0,Oct,1,1,1,2,Returning_Visitor,False,False
5,140.8,4,957.97,71,1740.052778,-0.01,-0.04,14.85,-0.12,Nov,1,1,4,2,New_Visitor,True,False
4,215.4,0,0.0,29,1340.19,0.01,0.01,5.15,0.02,Oct,2,2,1,2,Returning_Visitor,False,False
-1,0.0,0,-17.3,23,1754.76,0.03,0.066666667,1.6,0.0,May,2,2,1,3,Returning_Visitor,False,True
2,90.38,0,0.0,5,158.5,0.02,0.05,3.95,0.08,Mar,1,1,1,1,Returning_Visitor,True,False
3,-100.02,0,161.31,8,168.2,0.0,0.033333333,4.78307258,1.77,Sep,2,7,7,5,New_Visitor,True,True
1,57.0,1,35.66,19,773.62,0.01,0.018181818,29.94,0.05,Mar,4,1,2,2,Returning_Visitor,True,False
3,117.14,0,0.0,32,970.4192641,0.008571429,0.025088095,6.51,0.03,Oct,2,2,1,4,Returning_Visitor,True,True
10,389.76,1,426.2,10,111.67,0.01,0.02,8.12,0.14,Feb,2,2,3,2,Returning_Visitor,False,True
6,-139.12,1,-12.94,263,7793.158685,-0.01,0.02,5.94,1.32,May,2,2,1,8,Returning_Visitor,True,True
4,0.0,0,234.07,351,19015.97,0.01,0.014814815,57.03508179,0.0,Aug,2,10,2,1,Returning_Visitor,True,True
6,136.29,1,48.35,41,710.6666667,0.0,0.002173913,0.0,0.1,May,2,4,5,4,Returning_Visitor,False,False
1,64.4,0,29.92,25,1014.34,0.01,0.03,0.55,-0.0,Mar,2,2,1,2,Returning_Visitor,False,False
2,45.0,0,0.0,27,183.0,0.0,0.03,22.32,0.01,Feb,2,4,6,4,Returning_Visitor,False,False
10,1172.0,1,0.0,24,1244.066667,-0.0,0.03,0.0,0.02,Oct,1,1,9,6,New_Visitor,False,False
4,74.4,2,6.81,-11,-615.16,0.01,0.06,0.0,0.0,Sep,2,8,3,2,Returning_Visitor,False,False
4,80.26,0,0.0,34,1499.59,0.0,0.01,0.0,0.0,Oct,2,2,1,2,Returning_Visitor,False,False
0,0.0,6,0.0,181,499.88,0.02,0.02,91.43,0.13,Jul,2,5,4,2,Returning_Visitor,True,False
2,54.83333333,0,0.0,26,986.9166667,0.01,0.03,4.24,0.0,Oct,2,2,1,2,Returning_Visitor,False,False
5,97.33333333,2,447.5,-40,967.625,0.0,0.02,0.0,0.0,May,1,1,1,4,New_Visitor,False,False
3,58.12,0,0.0,31,747.24,0.01,0.055555556,0.0,-0.01,Nov,2,4,4,2,Returning_Visitor,False,False
2,-6.72,-1,-102.87,83,3029.34,0.0,0.006504065,17.59,0.2,May,2,2,3,3,Returning_Visitor,False,False
3,28.51,0,20.76,1,84.0,0.0,0.04,-7.88,0.0,Oct,2,2,7,1,Returning_Visitor,False,False
2,36.0,0,-19.31,22,807.07,0.02,0.04,8.78,0.01,Oct,4,1,2,3,Returning_Visitor,False,False
3,0.0,0,0.0,40,1768.18,0.0,0.03,0.0,-0.05,Oct,1,1,1,3,Returning_Visitor,True,False
5,149.03,0,0.0,41,2315.76,0.0,0.010526316,0.22,0.01,May,2,2,9,3,Returning_Visitor,False,True
3,80.61,0,38.8,18,1546.85,0.01,0.04,0.0,0.0,Mar,2,2,1,1,Returning_Visitor,False,False
3,91.77,1,37.0,27,1096.99,0.0,0.02,0.0,0.0,Oct,2,2,1,2,Returning_Visitor,False,False
5,151.49,4,192.94,48,104.24,0.0,0.006593407,39.38,0.0,May,2,4,5,2,Returning_Visitor,False,False
0,0.0,0,0.0,35,918.5416667,-0.0,0.005315315,-9.56,0.02,Oct,1,1,7,4,Returning_Visitor,True,True
3,50.7,2,49.17,17,-1341.32,0.004761905,0.020740741,163.73,0.6,May,1,2,3,2,Returning_Visitor,False,False
0,0.0,1,25.25,15,120.79,-0.0,0.00952381,7.53,0.03,Mar,2,2,9,2,New_Visitor,True,True
3,58.4,0,0.0,24,1481.98,0.03,0.05617284,1.696968944,0.04,Mar,3,2,1,1,Returning_Visitor,True,False
-1,-18.68,0,0.0,-5,62.0,0.12,0.16,2.08,-0.02,Mar,1,2,3,1,Returning_Visitor,False,False
0,16.42,0,0.0,302,8160.34,0.02,0.0,22.52,0.0,Nov,4,1,1,3,Returning_Visitor,False,False
0,0.0,0,-11.84,-38,-1428.58,-0.03,0.1,0.0,0.0,Sep,2,12,6,3,Returning_Visitor,False,False
3,180.93,1,51.0,12,1234.68,0.01,0.02,46.53017511,0.01,Mar,2,2,1,2,Returning_Visitor,False,False
0,27.0,0,-37.93,4,114.27,0.01,0.11,1.9,0.6,May,2,4,1,1,Returning_Visitor,False,True
7,80.22,1,-220.83,164,5293.824709,0.02,0.04,2.524993961,0.2,May,2,2,3,2,Returning_Visitor,False,False
1,78.0,0,14.9,32,1436.03,0.0125,0.039583333,8.07853125,-0.01,May,2,2,4,2,Returning_Visitor,False,True
3,133.97,2,163.89,-12,-1074.39,0.005128205,0.029795821,-0.77,0.0,Mar,3,2,9,2,Returning_Visitor,True,False
0,-76.02,0,0.0,25,2365.29,0.066666667,0.08,0.0,0.07,Feb,2,2,3,13,Returning_Visitor,False,False
1,-3.28,0,36.95,1,-324.75,0.02345679,0.08,5.41,0.0,Feb,1,8,2,3,Returning_Visitor,False,False
2,46.65,1,85.91,12,637.4,0.0,0.02,-0.46,0.04,Oct,2,2,1,2,Returning_Visitor,True,True
-4,36.3,0,-58.52,1,0.0,0.04,0.093333333,0.0,0.0,Jul,3,2,1,6,Returning_Visitor,False,True
4,228.0,0,34.43,23,1266.267677,0.02,0.037765568,0.0,0.0,Oct,2,2,1,2,Returning_Visitor,False,False
1,77.62,0,0.0,22,716.13,0.01,0.04,-0.62,-0.01,Oct,3,2,2,1,Returning_Visitor,False,False
0,13.79,0,0.0,13,680.34,-0.0,0.01,0.0,0.0,Oct,2,2,1,2,New_Visitor,True,False
0,41.09,0,0.0,20,1815.279762,0.012280702,0.029239766,3.42,-0.01,Oct,2,2,1,2,Returning_Visitor,False,False
1,0.0,-2,144.88,9,4185.23,0.43,0.28,0.0,0.0,Nov,8,1,1,3,Returning_Visitor,False,False
11,222.3,0,0.0,38,3779.444444,0.0,0.05,0.0,-0.05,Dec,3,2,1,5,New_Visitor,False,False
0,9.53,0,53.67,29,1485.99,-0.0,0.013793103,0.0,0.0,Mar,1,1,3,2,Returning_Visitor,False,False
13,313.0909091,4,1547.12,132,4306.46,0.001494396,0.01,8.868449011,1.29,May,1,2,3,2,Returning_Visitor,False,False
2,211.48,0,52.02,10,195.46,0.0,0.02,3.46,0.05,Dec,3,2,1,2,Returning_Visitor,False,False
0,-7.75,0,13.34,3,87.25,0.02,0.06,0.0,0.03,Mar,1,1,9,1,Returning_Visitor,False,False
1,11.04,0,5.92,19,1518.04,0.0,0.028571429,13.89,0.0,Mar,2,2,1,6,New_Visitor,False,False
0,0.0,0,-26.86,20,684.3333333,0.018181818,0.063636364,9.93,0.19,Feb,2,4,5,1,Returning_Visitor,False,False
1,62.23,0,0.0,24,1717.52,0.02,0.05,0.0,0.08,May,2,2,1,3,Returning_Visitor,False,False
0,0.0,0,0.0,38,472.3611111,-0.0,0.02,46.41,-0.01,Dec,1,1,9,2,New_Visitor,False,False
6,0.0,0,-317.29,7,578.2,0.0,-0.01,35.58,-0.19,Feb,2,5,3,13,Returning_Visitor,False,True
2,371.62,1,131.93,41,1332.45,0.0,0.01,17.06,-0.21,Dec,2,5,2,4,Returning_Visitor,False,False
5,209.25,1,0.0,18,1172.82,0.0,0.01,10.31,0.03,Oct,1,1,1,2,Returning_Visitor,True,False
6,91.98484848,-1,58.95238095,54,2407.322811,0.01,0.010418719,0.0,-0.04,Oct,2,2,1,4,Returning_Visitor,False,False
2,7.0,0,0.0,21,541.2071429,0.01,0.029320988,0.0,0.0,Oct,1,1,1,3,Returning_Visitor,True,False
3,122.13,0,13.0,55,2250.67,0.015577078,0.019159146,9.139760775,-0.01,Oct,2,2,1,2,Returning_Visitor,False,False
1,102.48,0,-51.91,14,1129.33,0.01,0.028571429,3.89,0.04,Dec,3,2,1,2,New_Visitor,True,False
2,85.16,1,72.42,22,1449.0,0.0,0.022727273,2.71,0.0,Oct,1,1,1,2,Returning_Visitor,False,True
4,122.21,-1,0.0,2,22.0,0.033333333,0.022222222,0.0,0.0,Dec,1,1,7,6,New_Visitor,False,False
2,61.42,0,0.0,30,1262.4,0.02,0.05,0.0,-0.0,Mar,2,2,1,1,Returning_Visitor,False,False
3,53.48,0,26.74,44,910.04,0.02,0.06,5.316109207,-0.06,Jul,2,2,1,1,Returning_Visitor,False,False
4,139.83,-1,0.26,53,4048.583333,0.01,0.015490196,2.01,0.0,Dec,2,2,1,2,Returning_Visitor,False,False
10,148.07,0,-215.64,140,1115.878205,-0.02,-0.02,0.0,-0.08,Nov,3,2,1,11,New_Visitor,True,False
1,116.0,0,3.07,23,1365.16,0.008695652,0.02,27.81913043,0.0,Mar,2,2,1,2,Returning_Visitor,False,True
9,183.7083333,1,17.0,80,2630.81,0.002463054,0.02,18.28,0.21,May,1,1,3,3,Returning_Visitor,False,False
3,147.0,1,42.39,3,35.0,0.02,0.04,4.79,0.0,Oct,2,2,1,2,Returning_Visitor,False,False
3,71.17,0,0.0,31,1211.01,0.01,0.03,3.36,0.0,Mar,2,2,1,2,Returning_Visitor,False,False
0,-162.12,1,97.0,286,8060.963948,0.002923977,-0.0,10.02,0.13,Nov,2,2,7,2,Returning_Visitor,False,False
6,255.51,3,520.23,19,-665.15,-0.01,0.05,11.32,0.56,May,3,2,1,3,Returning_Visitor,False,False
0,-4.7,1,0.0,40,655.87,0.0,0.02,0.0,0.0,Nov,1,1,3,2,Returning_Visitor,False,False
3,24.04,0,25.76,24,1897.53,0.0,0.011764706,2.27,0.03,May,2,2,6,1,New_Visitor,False,False
4,82.05,1,106.46,30,310.3355556,0.0,0.01,14.64,0.0,Jul,2,2,2,2,Returning_Visitor,True,True
3,81.05,0,-15.34,34,1560.96,0.0,0.01,-2.35,0.04,Oct,1,1,9,4,Returning_Visitor,False,False
0,-24.25,0,0.0,8,-1007.25,0.13,0.15,-0.8,-0.0,Nov,1,1,5,3,Returning_Visitor,False,False
22,0.0,8,228.49,483,19692.05,0.0,-0.08,0.0,0.0,Nov,2,5,3,11,Returning_Visitor,True,False
0,0.0,0,11.92,1,0.0,0.2,0.21,-0.32,-0.02,Mar,2,2,3,1,Returning_Visitor,False,False
1,149.41,1,38.83,87,1985.0,-0.02,-0.02,0.0,0.0,Nov,4,1,7,6,New_Visitor,False,False
2,71.31,0,0.0,37,1453.03,0.01,0.03,3.801288988,0.0,Nov,2,2,1,2,Returning_Visitor,False,True
3,135.02,0,16.44,24,1381.733333,0.01,0.03,0.0,0.0,Mar,3,2,1,1,Returning_Visitor,False,False
-1,0.0,-1,0.0,47,1093.833333,0.0,0.01,31.3,0.05,Mar,2,4,2,4,Returning_Visitor,False,False
1,84.44,0,15.59,19,457.9,0.02,0.04,0.0,0.05,Oct,1,1,1,4,Returning_Visitor,False,False
0,63.5,0,0.0,8,1065.33,0.0,0.02,50.16,0.0,May,2,2,1,2,New_Visitor,False,False
-2,-31.93,0,0.0,6,28.0,0.09,0.133333333,-5.06,0.12,May,2,2,4,1,Returning_Visitor,False,False
5,721.17,1,153.41,21,611.01,0.02,0.03,0.0,0.0,May,3,2,4,2,Returning_Visitor,False,False
8,117.5,0,-86.15,17,2805.76,0.0,0.019047619,0.64,-0.06,Jul,2,2,2,13,Returning_Visitor,False,False
1,72.79,2,232.9,34,-522.12,0.02,0.071018519,-3.86,0.8,May,3,2,4,2,Returning_Visitor,True,False
8,-11.18,1,-162.53,66,2954.759524,0.02,0.049396552,0.0,0.6,May,2,2,3,6,Returning_Visitor,False,False
-3,0.0,0,-32.12,-9,1890.34,0.028571429,0.09,15.47,0.0,May,3,2,8,2,Returning_Visitor,False,False
2,13.0,0,0.0,28,1380.166667,0.0,0.02,2.49,0.0,Mar,3,2,2,2,Returning_Visitor,True,False
0,0.0,0,-8.27,22,950.94,0.0,0.02,8.75,0.02,Oct,4,1,2,4,Returning_Visitor,False,False
0,21.75,0,16.41,22,649.25,0.0,0.015384615,11.3,0.02,Mar,2,2,9,2,Returning_Visitor,False,False
3,-326.27,0,1007.97,-111,1470.416667,0.0,-0.01,0.0,0.0,May,1,2,6,3,New_Visitor,False,False
-8,-67.03,-2,0.0,38,1075.759524,0.01,-0.03,147.28,0.13,May,3,6,7,11,Returning_Visitor,False,False
1,55.0,0,0.0,16,790.34,0.01,0.033333333,18.8649,0.0,Mar,2,2,2,2,Returning_Visitor,False,False
4,128.77,0,44.31,35,1778.48,0.0,0.0110199,9.41,0.02,Oct,2,2,1,2,Returning_Visitor,False,False
3,160.49,2,0.0,14,95.5,-0.01,0.02,168.14,0.06,Feb,1,2,1,2,Returning_Visitor,False,False
6,123.5416667,0,6.27,12,189.0,0.0,0.014285714,-8.2,0.08,Dec,2,1,3,2,Returning_Visitor,False,False
4,7.82,2,51.29,48,1030.73,0.0,0.03,-2.8,0.02,Aug,1,1,1,3,Returning_Visitor,True,False
1,100.18,0,21.05,22,259.6666667,0.0,0.01,8.43,-0.0,Mar,1,1,7,2,Returning_Visitor,False,False
4,0.0,0,0.0,52,824.8333333,0.0,0.04,10.57,0.8,May,2,2,2,6,Returning_Visitor,False,False
3,187.23,0,-33.43,30,1515.0,0.01,0.04,-4.0,0.05,Mar,1,1,1,2,Returning_Visitor,True,True
0,6.08,0,0.0,0,-1209.46,0.26,0.25,0.0,0.6,May,2,2,3,3,Returning_Visitor,False,False
3,157.29,1,139.0,3,1664.0,0.01,0.03,16.88069613,0.05,Mar,1,1,1,2,Returning_Visitor,False,True
6,62.75,0,72.58,33,1508.79,0.007083333,0.016529882,0.0,0.0,Mar,2,2,2,1,Returning_Visitor,False,False
0,221.52,-1,28.0,1,-757.77,0.066666667,0.133333333,21.86,0.6,May,3,2,8,3,Returning_Visitor,False,False
0,0.0,1,91.8,12,454.0,0.0,0.05,0.0,0.0,Mar,2,4,4,2,Returning_Visitor,False,False
2,0.0,3,146.84,57,790.6,0.007017544,0.03,0.97,-0.01,Jul,3,2,1,2,Returning_Visitor,True,False
1,0.0,0,15.36,32,1455.71,0.0,0.031666667,0.0,0.0,Mar,2,2,9,1,Returning_Visitor,False,False
4,136.98,0,0.0,13,242.0,0.0,0.018181818,24.29,0.17,May,3,2,8,4,Returning_Visitor,False,True
0,0.0,0,0.0,8,177.5,0.033333333,0.08,0.0,0.0,Mar,2,2,9,1,Returning_Visitor,False,False
1,65.31,0,1.57,13,104.0,0.01,0.033333333,5.05,0.01,Mar,3,2,3,1,Returning_Visitor,False,False
1,146.0,0,0.0,14,221.4,0.06,0.09,-5.03,0.05,May,3,2,1,3,Returning_Visitor,False,False
0,-55.21,0,0.0,55,2040.83,0.0,0.025454545,-0.35,0.01,Mar,3,2,1,1,Returning_Visitor,True,False
9,312.26,0,738.0833333,70,2228.707287,0.005853659,-0.05,-4.17,-0.03,Mar,1,1,6,2,New_Visitor,False,False
1,195.4,2,294.6,93,3255.43,0.02,0.026687598,29.44,0.0,Dec,2,2,9,1,Returning_Visitor,False,True
0,0.0,0,-25.99,14,0.0,0.0,0.04,-3.0,-0.03,Oct,1,8,7,3,Returning_Visitor,False,False
-1,-4.91,0,0.0,-8,7.0,0.02,0.1,0.0,0.09,May,2,4,4,2,Returning_Visitor,False,False
1,35.07,0,-15.59,10,128.5,0.030555556,0.06,0.0,0.01,Oct,3,2,9,1,Returning_Visitor,False,False
-1,0.0,0,-116.99,-40,-888.86,0.0,0.0,-0.53,-0.13,Mar,1,5,1,1,Returning_Visitor,True,False
4,198.52,0,0.0,13,-522.38,0.01,0.02,41.422095,-0.04,Nov,2,4,4,2,New_Visitor,False,True
3,109.6,0,20.65,27,1140.791667,0.01,0.020707071,4.76,0.0,Oct,2,2,1,2,Returning_Visitor,False,True
1,49.58,0,-23.56,10,0.0,0.01,0.04,0.4,0.0,Mar,3,2,2,1,Returning_Visitor,False,False
3,73.3,0,31.54,32,1330.66,0.004347826,0.02,2.12,0.0,Mar,2,2,1,2,Returning_Visitor,False,False
7,345.39,0,-5.71,51,1513.53,0.0,0.011671335,-2.28,0.0,Oct,3,2,1,3,Returning_Visitor,False,True
1,50.48,0,-25.72,13,430.56,0.02,0.05,5.78,-0.02,Nov,2,2,2,2,Returning_Visitor,False,False
2,58.81,0,-12.41,31,1210.0,0.01,0.03,0.0,-0.0,Oct,2,2,1,1,Returning_Visitor,False,False
1,141.29,0,-71.91,15,487.5,0.02,0.04,66.64,0.14,Feb,1,1,1,2,Returning_Visitor,False,False
0,24.82,0,-12.14,25,1060.64,0.02,0.04,0.0,0.0,Oct,1,1,4,2,Returning_Visitor,True,False
1,30.0,0,11.62,17,597.6,0.01,0.04,2.91,0.0,Mar,2,2,9,1,Returning_Visitor,False,False
7,97.95,0,7.36,21,668.5,-0.0,0.007407407,0.0,0.0,Oct,2,2,3,1,Returning_Visitor,False,False
9,244.25,0,0.0,110,4783.74,-0.01,0.030496867,11.10333103,0.0,Jul,2,7,1,1,Returning_Visitor,True,False
2,38.31,0,0.0,25,231.42,0.05862069,0.095402299,-4.99,0.8,May,2,2,1,1,Returning_Visitor,True,False
0,26.29,0,-16.09,4,103.5,0.02,0.06,0.0,-0.01,Nov,2,2,1,2,Returning_Visitor,False,False
1,8.0,0,4.85,34,1569.98,0.0,0.05,-0.3,0.01,Mar,2,2,1,1,Returning_Visitor,False,False
0,0.0,1,21.23,17,308.0,0.0,0.025,35.091,0.04,Mar,2,2,1,2,Returning_Visitor,False,True
5,66.55,0,0.0,-27,0.0,0.13,0.2,0.0,0.0,Nov,2,2,8,2,Returning_Visitor,False,False
5,86.75,0,38.22,25,1802.27,0.0,0.02,11.36,0.02,Mar,2,2,2,2,Returning_Visitor,False,True
1,-45.18,0,242.8,-4,934.15,0.014814815,0.034567901,0.0,-0.01,May,1,1,1,3,Returning_Visitor,False,False
0,0.0,0,-12.57,25,997.6,0.01,0.04,3.8,0.0,Oct,2,2,2,2,Returning_Visitor,False,False
-5,0.0,0,0.0,65,491.75,-0.01,0.027777778,160.67,-0.04,Dec,2,10,6,11,New_Visitor,False,False
0,-81.13,1,125.1,-3,452.5833333,-0.01,-0.0,107.94,-0.04,June,2,4,2,4,New_Visitor,False,True
0,0.0,0,-21.64,-15,276.39,0.04,0.13,0.0,0.02,Mar,2,4,1,1,Returning_Visitor,False,False
-2,0.0,-1,0.0,-19,209.8333333,0.002173913,0.03,-18.39,0.0,May,3,4,6,13,Returning_Visitor,False,False
0,3.34,0,0.0,3,-470.43,0.041666667,0.08,-5.41,0.01,Oct,3,2,3,1,Returning_Visitor,False,False
5,54.5,0,48.68,68,3135.517677,0.0,0.01146836,4.095288919,0.0,Nov,2,2,2,1,Returning_Visitor,False,False
2,37.0,0,16.45,30,1216.25,0.002666667,0.02,18.56148,0.01,Mar,2,2,1,2,Returning_Visitor,False,False
7,311.25,0,25.65,34,1440.13,0.001973684,0.01,10.12,0.08,Dec,2,2,1,2,Returning_Visitor,False,False
0,0.0,0,-26.73,5,578.49,0.0,0.04,0.0,0.01,Oct,2,2,1,1,Returning_Visitor,False,False
3,172.81,2,7.0,-24,-3156.62,-0.01,0.02,6.69,0.19,June,3,1,6,13,Returning_Visitor,False,False
-6,-7.8,1,0.0,2,-4843.62,0.0,0.1,0.0,0.39,Nov,2,7,3,12,Returning_Visitor,False,False
5,259.27,1,12.0,-21,1373.95,0.01,0.0,0.0,0.0,May,1,1,2,2,New_Visitor,True,False
-2,-33.33,0,0.0,8,111.0,0.07,0.125,-6.66,0.02,Oct,2,2,9,1,Returning_Visitor,False,False
1,406.08,2,98.73,-13,104.25,-0.02,0.02,25.12,-0.14,Feb,1,5,1,6,New_Visitor,False,False
3,63.4,2,-14.75,-10,-166.92,0.01,0.06,0.0,-0.04,Feb,2,8,6,13,Returning_Visitor,False,False
0,0.0,0,-21.26,19,1151.37,0.001360544,0.01,3.609398514,0.0,Mar,2,2,1,1,New_Visitor,True,True
-2,0.0,2,102.29,11,624.0,0.02,0.046153846,5.67,0.02,May,3,2,4,4,Returning_Visitor,False,False
3,24.86,1,36.86,23,997.93,0.0,0.03,-0.88,0.04,Mar,2,2,1,1,Returning_Visitor,True,False
-2,22.9,0,0.0,-8,-4508.4,0.09,0.22,23.81,1.25,May,2,10,7,3,Returning_Visitor,True,True
-1,0.0,0,-29.45,1,0.0,0.04,0.07,0.0,0.0,May,2,2,5,1,Returning_Visitor,False,False
1,52.88,0,0.0,-20,0.0,0.2,0.22,0.0,-0.05,Mar,2,4,1,2,Returning_Visitor,False,False
13,183.47,2,197.35,154,6936.38,0.00867052,0.017328726,2.22,-0.32,Nov,1,1,2,3,Returning_Visitor,False,True
3,55.65,0,37.03,13,311.79,0.01,0.02,34.03997536,0.06,Mar,2,2,2,5,New_Visitor,False,True
7,64.89,3,56.9,80,1242.063095,-0.0,0.02,37.86,0.0,Feb,2,4,5,1,Returning_Visitor,False,False
1,0.0,0,0.0,33,1463.36,0.02,0.05,-0.27,0.01,Mar,2,2,9,1,Returning_Visitor,False,False
4,117.6666667,0,-25.45,74,1540.290115,0.00617284,0.016237507,0.0,-0.01,Aug,3,2,7,1,Returning_Visitor,False,False
3,0.0,0,474.37,223,7071.25,-0.0,-0.0,-29.01,0.0,Nov,1,1,3,1,Returning_Visitor,False,False
2,95.99,2,110.44,98,2920.51,0.01,0.02,0.28,0.0,Nov,2,2,7,2,Returning_Visitor,False,False
4,82.0,0,0.0,32,1268.96,0.02,0.03,5.16,0.02,May,3,2,2,3,Returning_Visitor,False,False
1,0.0,0,104.93,9,336.8833333,-0.01,-0.0,-4.89,0.0,Sep,1,8,6,4,Returning_Visitor,False,True
2,47.4,0,-8.46,14,0.0,0.02,0.05,4.21,0.01,Nov,2,2,9,1,Returning_Visitor,False,False
3,69.01,1,18.27,81,2171.35,-0.01,0.00617284,0.0,0.0,Sep,1,8,2,3,Returning_Visitor,False,True
-1,0.0,0,21.77,17,665.94,0.01,0.02745098,0.0,-0.02,Oct,2,2,2,2,Returning_Visitor,False,False
3,187.92,0,33.56,37,1988.23,0.0,0.007997558,12.59,0.0,Oct,1,1,1,2,New_Visitor,True,False
0,74.75,0,12.98,2,266.0166667,0.02,0.06,0.0,0.03,Mar,3,2,1,1,Returning_Visitor,True,False
3,0.0,0,0.0,3,1287.71,0.0,0.066666667,-17.4,0.0,Dec,2,1,3,2,Returning_Visitor,True,False
3,87.85,0,-73.44,22,1558.94,0.01,0.030434783,6.96,0.03,Aug,2,2,1,6,New_Visitor,False,False
-9,293.5785714,3,-44.87,122,-451.44,-0.0,0.018923933,15.66,-0.17,Nov,2,5,4,2,Returning_Visitor,False,True
3,87.49,0,14.91,35,1552.82,0.01,0.017521368,4.28,0.01,Mar,2,2,1,2,Returning_Visitor,False,False
3,116.93,0,4.57,4,-691.85,0.05,0.11,0.0,-0.03,Jul,3,2,4,1,Returning_Visitor,True,False
2,0.0,0,13.13,12,1027.0,-0.0,0.04,15.16,0.0,Mar,2,4,2,1,Returning_Visitor,False,False
0,16.23,0,0.0,23,988.83,0.02,0.04,-2.05,0.0,Oct,1,1,9,2,Returning_Visitor,False,False
2,13.2,0,0.0,229,3713.61,-0.01,-0.01,62.13,0.99,May,4,1,3,3,Returning_Visitor,True,False
2,12.83333333,1,27.74,39,1626.07,0.0,0.012941176,0.82,0.01,Oct,2,2,9,2,Returning_Visitor,False,False
1,40.53,0,0.0,34,1786.74,0.0,0.013541667,6.49,0.0,Oct,2,2,1,2,Returning_Visitor,False,False
5,81.8,0,32.16,16,198.75,0.0,0.01,0.0,0.03,Mar,2,2,3,2,Returning_Visitor,False,False
0,-49.26,1,4.55,-5,105.45,0.0,0.066666667,-3.71,0.06,Mar,3,2,1,1,Returning_Visitor,True,False
3,118.27,1,65.28,18,1249.866144,0.0055,0.02577466,1.04,0.01,Oct,2,2,1,2,Returning_Visitor,False,False
4,121.67,0,20.17,37,1863.31,0.005547653,0.006061121,8.3,0.0,Oct,2,2,1,2,Returning_Visitor,False,False
4,46.45833333,0,-15.99,29,1521.22,0.0,0.06,-1.52,0.0,Mar,2,4,3,1,Returning_Visitor,False,True
4,367.0,5,1302.49,118,6773.2,0.03,0.04,-0.09,0.0,Sep,2,2,4,2,Returning_Visitor,False,False
-2,148.34,0,0.0,12,633.75,0.0,0.019047619,32.43717827,0.0,Dec,2,10,3,1,New_Visitor,True,True
0,-50.23,0,1.91,25,-125.88,0.0,0.02,0.0,-0.02,Nov,2,2,3,4,Returning_Visitor,False,False
0,0.0,0,-11.77,25,1023.81,0.01,0.04,3.11,-0.0,Oct,2,2,1,1,Returning_Visitor,False,False
0,0.0,0,750.54,1,0.0,0.2,0.2,-11.82,0.3,Aug,1,1,2,3,Returning_Visitor,False,False
0,-33.35,0,-34.24,2,-1662.15,0.0,0.05,0.0,-0.03,Nov,2,7,2,4,Returning_Visitor,False,False
3,59.87,-1,-0.53,41,2246.166667,0.016923077,0.05,-7.37,0.2,May,1,1,1,3,Returning_Visitor,False,False
2,0.0,0,-0.68,25,1034.31,0.0,0.01,8.4,0.0,Mar,2,2,3,2,Returning_Visitor,False,False
3,14.21,0,0.0,25,1109.233333,0.02,0.001666667,61.30486592,0.12,June,2,2,6,5,New_Visitor,False,True
1,0.0,0,57.15,-5,1379.49,0.02,0.02,0.0,0.0,Feb,3,2,6,13,Returning_Visitor,False,False
2,80.78,0,0.0,28,1403.22,0.01,0.03,6.89,0.01,Mar,2,2,9,2,Returning_Visitor,False,False
2,-77.38,0,0.0,41,812.44,0.007692308,0.018376068,-14.58,0.0,Nov,2,1,3,11,Returning_Visitor,True,False
2,77.02,0,0.0,26,1080.64,0.021052632,0.036842105,0.0,-0.0,Oct,2,2,1,1,Returning_Visitor,False,False
2,-42.18,0,0.0,6,-1445.98,0.17,0.2,0.0,0.0,Nov,1,1,3,3,Returning_Visitor,False,False
0,5.93,0,0.0,8,62.0,0.03,0.06,0.0,0.04,Mar,1,1,1,1,Returning_Visitor,False,False
1,70.5,3,-93.44,-29,-259.93,0.0,-0.03,115.7819471,-0.07,Nov,7,5,9,1,New_Visitor,True,True
1,19.0,0,11.0,37,1961.0,0.0,0.019230769,0.0,0.0,Oct,2,2,1,2,Returning_Visitor,False,False
3,2.33,1,15.52,-7,26.5,0.0,0.05,-15.56,0.0,Dec,3,1,1,1,New_Visitor,True,False
3,166.0,-1,-22.86,35,3308.6,0.0,0.03,-3.6,0.0,May,2,4,6,1,Returning_Visitor,False,False
0,0.0,1,0.0,6,80.79,0.0,0.01,0.0,0.0,May,3,2,3,4,Returning_Visitor,True,False
0,23.18,0,0.0,27,1160.67,0.01,0.04,1.22,-0.01,Mar,2,2,1,2,Returning_Visitor,False,True
3,76.0,0,-3.59,29,1645.64,0.02,0.04,0.62,0.04,May,2,2,1,3,Returning_Visitor,False,True
-3,-95.92,0,9.04,7,520.47,0.03,0.06,0.0,0.01,Oct,3,2,3,11,Returning_Visitor,False,True
0,0.0,1,30.97,1,102.0,0.01,0.05,8.88,0.4,May,2,2,3,2,Returning_Visitor,False,False
0,77.67,0,0.0,22,1111.1,0.02,0.057518519,0.18,0.4,May,2,2,1,2,Returning_Visitor,False,False
10,122.51,2,-7.42,26,561.4,-0.01,0.007142857,53.88782441,0.0,Nov,2,2,1,5,New_Visitor,False,True
0,23.0,1,-23.51,39,2335.49,0.01,0.01,20.5924708,-0.05,Nov,2,2,1,12,Returning_Visitor,True,True
4,75.6,3,5.56,10,888.07,0.02,0.018380231,0.0,0.0,Oct,3,2,1,13,Returning_Visitor,False,False
2,63.18,0,-3.46,28,1123.2,0.01,0.03,3.7,0.0,Oct,2,2,1,2,Returning_Visitor,False,False
7,175.9345238,4,324.13,229,6073.52,0.00373444,-0.01,14.28,-0.13,Nov,2,2,1,2,Returning_Visitor,False,True
1,0.0,0,-6.17,3,98.0,0.03,0.06,1.06,0.0,Dec,3,2,1,2,Returning_Visitor,False,False
17,224.3,9,487.0,-30,1845.958333,0.002531646,-0.0,38.46,-0.38,May,2,2,1,8,Returning_Visitor,True,True
6,163.6666667,-2,403.0,25,5018.16,0.007142857,-0.01,-21.42,-0.1,Mar,4,1,8,8,New_Visitor,False,False
3,72.68,0,16.98,87,2549.54,0.000189394,0.019568765,14.49,0.0,Dec,2,2,9,2,Returning_Visitor,False,False
0,38.21,0,0.0,7,-161.44,0.01,0.05,3.7,0.0,May,1,8,6,3,Returning_Visitor,False,False
0,15.79,0,0.0,17,641.23,0.01,0.03,1.75,-0.02,Mar,2,2,7,2,Returning_Visitor,False,False
0,3.32,0,-14.27,23,1185.3,0.01,0.05,0.0,-0.01,Mar,2,2,1,1,Returning_Visitor,False,False
0,-20.64,0,0.0,36,861.59,-0.01,0.03,-3.38,-0.02,May,1,8,2,3,Returning_Visitor,False,False
1,36.66,0,-25.11,19,647.5,0.01,0.04,1.65,0.13,May,1,1,7,1,Returning_Visitor,False,False
0,0.0,0,0.0,-2,-331.44,0.04,0.088,0.0,0.03,Mar,2,2,9,1,Returning_Visitor,False,False
1,30.24,0,2.94,13,939.95,0.01,0.04,0.0,0.0,Mar,2,2,1,1,Returning_Visitor,False,False
0,0.0,0,-88.4,2,-1412.91,-0.06,0.1,-32.45,-0.02,Nov,2,12,3,3,New_Visitor,True,False
2,53.5,0,-26.75,26,1097.05,0.0,0.02,28.97,0.0,May,2,4,5,1,New_Visitor,False,False
0,1.35,0,38.58,11,1530.4,0.02,0.05,0.0,0.0,Mar,3,2,2,1,Returning_Visitor,False,False
1,64.16,0,0.0,17,380.8066667,0.01,0.03,0.6,0.02,Mar,2,2,3,2,Returning_Visitor,False,False
6,199.7,1,0.0,14,122.1666667,-0.01,0.02,0.0,0.02,Oct,4,1,9,5,New_Visitor,True,False
2,39.5,0,4.42,34,852.44,0.02,0.03,23.60518919,0.02,Feb,2,2,1,4,Returning_Visitor,False,True
0,29.34,0,34.2,1,0.0,0.22,0.2,-4.87,0.04,May,1,1,1,3,Returning_Visitor,False,False
2,81.81,0,45.89,50,1572.486399,0.0,0.019939881,-7.61,0.0,Nov,2,2,1,2,Returning_Visitor,False,False
1,0.0,0,0.93,30,1878.28,0.02,0.04,4.12,-0.01,Nov,3,2,2,1,Returning_Visitor,False,False
0,71.28,0,-14.78,33,900.98,0.02,0.04,6.99,0.0,Nov,4,1,2,2,Returning_Visitor,False,False
0,0.0,0,0.0,125,1197.8,0.0,0.01,-2.94,0.11,Aug,2,2,4,20,Returning_Visitor,False,False
6,138.55,-1,0.0,32,2574.92,0.02,0.04,0.0,0.02,Oct,2,2,2,1,Returning_Visitor,False,False
1,24.77,1,25.64,46,300.67,-0.0,0.025714286,-0.52,0.0,Nov,2,2,9,2,New_Visitor,False,False
-1,-39.05,0,21.14,2,442.5,0.05,0.08,0.0,0.0,May,3,2,1,3,Returning_Visitor,False,False
0,52.38,0,-100.13,7,504.43,-0.0,0.07,62.91,-0.07,Oct,4,3,1,3,New_Visitor,False,False
0,0.0,0,37.19,29,240.75,-0.0,0.02,0.0,0.04,Mar,2,2,9,1,Returning_Visitor,False,False
0,-23.95,0,0.0,36,862.96,0.01,0.033015873,0.0,0.0,Oct,1,1,3,1,Returning_Visitor,False,False
1,61.78,0,20.65,19,702.66,0.01,0.03,0.0,0.01,Mar,2,2,9,1,Returning_Visitor,False,False
5,162.37,0,51.72,77,3458.76,0.0,-0.0,18.17,0.0,May,1,1,6,3,Returning_Visitor,False,False
2,254.39,0,-74.56,46,3040.55,0.02,0.019148936,23.46,-0.05,Jul,3,2,2,10,Returning_Visitor,False,True
1,37.0,0,-6.99,9,224.25,0.01,0.05,1.85,-0.04,Nov,2,4,4,2,Returning_Visitor,False,False
0,-129.97,0,534.12,24,-2281.22,-0.04,0.02,0.0,1.51,May,1,1,7,4,Returning_Visitor,True,False
2,89.05,0,6.42,70,2611.07,0.01,0.02,3.02,0.0,Nov,2,2,1,2,Returning_Visitor,False,True
-4,634.11,0,0.0,30,-1022.18,-0.01,0.011428571,36.39286104,-0.06,Oct,2,10,9,10,New_Visitor,False,True
2,75.58,0,-0.3,-16,747.58,0.0,0.044444444,11.66,0.06,Aug,8,8,1,4,Returning_Visitor,False,False
2,59.97,0,0.0,10,358.2,0.0,0.01,5.97,0.0,Oct,2,2,9,4,New_Visitor,False,False
0,-34.19,0,0.0,11,4.0,0.0,0.03,0.0,0.02,Mar,2,2,7,1,Returning_Visitor,False,False
0,26.42,0,0.0,2,192.5,0.05,0.075,0.0,0.06,May,3,2,2,3,Returning_Visitor,False,False
0,0.0,0,9.78,23,1377.24,0.0,0.01,46.00643478,0.02,Feb,2,2,1,2,New_Visitor,False,True
0,52.27,1,8.18,12,545.86,0.02,0.05,0.0,0.0,Oct,2,2,1,2,Returning_Visitor,False,False
1,26.44,0,0.0,30,1547.233333,0.0,0.01,2.27,0.03,Mar,2,2,1,2,New_Visitor,True,True
-1,371.47,0,-72.19,3,55.0,0.044444444,0.07,-31.12,0.0,Sep,3,5,1,3,Returning_Visitor,True,False
2,52.0,0,34.67,18,1258.5,0.01,0.04,-1.3,0.02,Oct,1,1,1,2,Returning_Visitor,False,False
0,45.41,0,-36.99,80,2934.08,0.01875,0.041944444,0.0,-0.01,Nov,2,2,1,2,Returning_Visitor,False,False
0,13.47,1,8.74,13,128.75,-0.01,0.03,147.3,0.11,Feb,1,2,3,2,Returning_Visitor,False,False
-2,-69.95,0,13.0,15,1891.16,0.01,0.04,0.0,0.0,Mar,1,1,4,6,New_Visitor,True,False
1,6.0,0,-6.81,97,2645.67,0.005666667,0.015870587,6.19,0.0,Jul,2,2,1,1,Returning_Visitor,True,False
0,0.0,0,19.73,18,1041.47,0.0,0.022222222,8.55,-0.0,Mar,2,2,1,2,Returning_Visitor,False,False
0,0.0,1,0.0,13,190.25,0.030769231,0.05,5.1,0.07,Aug,3,2,4,13,Returning_Visitor,False,False
8,381.5,1,22.2,19,717.15,0.012549679,0.022587818,0.0,0.04,Mar,3,2,1,2,Returning_Visitor,True,False
-1,0.0,0,-11.99,1,-655.51,0.05,0.1,0.0,0.02,Oct,2,2,5,1,Returning_Visitor,False,False
5,186.6666667,1,64.0,129,3452.83,0.0,0.015,0.0,0.04,Aug,3,2,4,3,Returning_Visitor,False,True
3,36.62,1,17.33333333,29,874.5833333,0.0,0.01,1.76,0.03,Mar,2,2,1,2,Returning_Visitor,True,True
0,102.67,2,116.11,13,112.0,0.0,0.02,0.0,0.05,May,3,2,4,3,Returning_Visitor,True,False
0,0.0,-1,-128.99,-53,-887.72,0.2,0.19,0.0,0.0,Nov,7,1,9,3,Returning_Visitor,True,False
2,83.0,0,13.42,40,1675.46,-0.0,0.005882353,12.06,0.0,Mar,2,2,2,2,Returning_Visitor,False,False
2,56.14,0,6.5,40,99.0,-0.01,0.04,69.33,0.07,Feb,2,4,1,3,Returning_Visitor,False,False
3,79.0,0,25.21,38,1703.84,0.004878049,0.02,5.58,-0.01,Mar,2,2,3,2,Returning_Visitor,False,False
4,104.21,0,0.0,23,1720.51,0.01,0.03,0.0,0.02,Mar,2,2,1,1,Returning_Visitor,True,True
3,201.15,0,-16.21,40,506.1833333,0.01,0.01,96.75,0.0,Dec,1,2,1,2,New_Visitor,False,False
0,0.0,0,18.67,5,-35.07,0.08,0.07,62.88,0.0,Feb,1,1,7,2,Returning_Visitor,False,False
2,118.02,6,1005.25,6,2654.46,-0.0,0.04,2.19,0.08,Feb,2,1,4,2,Returning_Visitor,False,False
2,5.5,0,509.02,118,4375.24,0.0,0.01,-8.87,0.01,Jul,2,2,2,3,Returning_Visitor,False,False
5,162.66,1,80.67,28,1283.71,0.009090909,0.02,4.646503212,0.0,Oct,2,2,1,2,Returning_Visitor,False,False
8,314.6,1,0.0,32,2088.443506,0.006343284,0.023522862,54.07524113,0.2,May,4,2,8,2,Returning_Visitor,False,True
2,0.0,0,0.0,2,371.63,0.0,0.02,0.0,0.0,Mar,2,2,3,1,Returning_Visitor,False,False
0,0.0,0,-17.7,28,697.5166667,0.0,0.02,0.0,0.0,Oct,3,2,3,2,Returning_Visitor,False,False
0,0.0,0,0.0,28,1513.47,0.02,0.05,0.0,0.0,Oct,2,2,1,1,Returning_Visitor,False,False
3,158.09,0,14.58,42,3127.078788,0.01,0.021287825,3.4,0.0,Oct,2,2,1,2,Returning_Visitor,False,False
0,-2.99,2,67.86,3,-554.79,0.038095238,0.15,0.0,1.21,May,3,2,1,2,Returning_Visitor,True,False
1,0.0,0,-2.62,4,262.74,0.03,0.06,0.0,0.03,Dec,3,2,1,2,Returning_Visitor,False,False
2,47.0,0,0.0,42,1528.382468,-0.01,0.004761905,17.69657143,1.0,May,1,1,1,14,Returning_Visitor,True,True
4,119.56,0,-40.93,42,2899.52,0.0,0.03,-2.5,0.0,May,2,4,4,1,Returning_Visitor,False,False
0,0.0,0,22.67,7,753.36,0.0,0.02,2.75,0.02,Mar,2,2,1,2,Returning_Visitor,False,False
1,41.61,0,-12.29,69,2124.726768,0.002898551,0.02,0.0,0.0,Nov,2,2,1,2,Returning_Visitor,False,False
4,-87.3,0,584.0,25,-1066.02,0.018070818,0.043950617,-21.22,1.9,May,1,1,2,8,Returning_Visitor,True,False
20,1352.21,0,0.0,-65,-2653.11,0.02,0.09,-19.57,0.0,Dec,2,5,2,1,Returning_Visitor,False,False
0,0.0,0,0.0,14,0.0,0.06,0.09,0.0,-0.03,Oct,1,1,9,3,Returning_Visitor,False,False
5,487.5,1,0.0,11,601.32,-0.01,0.015384615,0.0,0.0,Sep,1,8,3,11,New_Visitor,True,False
2,118.0,0,0.0,4,140.29,0.01,0.02,8.87,0.0,Mar,1,1,7,2,Returning_Visitor,False,False
0,0.0,0,82.5,-9,-154.8,0.01,0.055555556,-19.87,0.05,Dec,3,2,6,1,Returning_Visitor,False,False
2,151.28,0,17.66666667,23,891.53,0.0,0.02,69.17,-0.03,Mar,1,4,1,2,New_Visitor,False,False
0,0.0,0,0.0,0,56.33333333,0.03,0.07,0.0,0.13,May,2,2,9,1,Returning_Visitor,False,False
2,-42.7,0,-11.17,19,168.5285714,-0.02,0.01,-11.95,-0.05,Oct,1,8,3,3,Returning_Visitor,False,False
0,1.08,0,0.0,-17,-1482.87,0.093333333,0.11,0.0,0.0,May,3,2,9,3,Returning_Visitor,False,False
-5,-109.06,0,0.0,7,108.25,-0.0,0.0,106.87,0.0,Feb,2,2,7,2,New_Visitor,False,False
4,144.35,0,34.25,31,1643.9,0.007309999,0.013519938,0.0,0.02,Oct,2,2,1,2,Returning_Visitor,False,False
9,-87.69,5,124.2666667,19,-2081.77,0.0,0.0025,-1.78,0.0,Dec,2,1,3,4,New_Visitor,True,False
4,148.99,1,26.07,82,2555.6,0.0,0.01,4.667079268,0.01,Oct,2,2,1,2,Returning_Visitor,False,True
13,342.99,4,718.1,48,825.1401515,-0.01,-0.03,0.0,0.0,Nov,2,4,3,2,New_Visitor,False,False
0,4.76,3,68.5,-5,-3899.63,-0.0,0.034950263,69.13,0.44,June,3,2,3,6,New_Visitor,False,False
1,-38.03,0,0.0,48,579.3,0.0,0.009090909,0.0,-0.03,Sep,1,8,6,1,Returning_Visitor,False,False
1,68.62,0,0.0,65,3220.16,0.0,0.007901699,0.0,0.0,Nov,2,2,2,2,Returning_Visitor,False,False
0,0.0,0,82.86,10,273.75,0.02,0.05,11.08,0.05,Jul,1,1,2,2,Returning_Visitor,False,True
9,190.21,2,131.86,28,349.1166667,-0.0,0.023484848,39.41924911,0.02,Aug,2,4,1,4,Returning_Visitor,False,False
2,73.77,0,-6.21,8,73.21428571,0.03,0.06,3.83,0.0,Oct,1,1,1,3,Returning_Visitor,False,False
2,0.0,0,0.0,25,25.0,0.12,0.16,0.0,0.8,May,2,2,9,1,Returning_Visitor,True,False
0,71.74,0,0.0,42,2622.93,0.003478261,0.007207729,13.06,-0.07,Nov,2,2,4,10,Returning_Visitor,False,True
0,-19.57,0,-30.29,3,-420.78,0.03,0.08,7.62,0.03,Mar,1,1,7,1,Returning_Visitor,True,False
4,87.76,0,0.0,30,861.53,0.0,0.005069124,0.0,0.0,Dec,1,1,7,2,New_Visitor,True,False
1,107.74,0,0.0,2,97.6,0.0,0.016666667,0.0,0.0,Mar,3,2,1,6,New_Visitor,False,False
0,78.55,0,442.12,19,-1288.37,0.0,0.010526316,0.0,0.8,May,2,2,1,8,New_Visitor,False,False
3,106.69,1,0.0,10,421.6,0.02,0.06,-4.79,0.01,Nov,1,1,1,2,Returning_Visitor,True,False
0,-7.7,1,14.0,104,7181.877778,0.008843537,0.023737786,-3.05,0.0,May,2,2,1,2,Returning_Visitor,False,False
9,671.0833333,0,0.0,32,1403.828355,0.0,0.003153153,13.78,0.0,Oct,1,2,1,2,Returning_Visitor,False,True
3,33.08,1,0.0,126,2645.833333,-0.0,0.01597088,11.32,0.6,May,2,2,9,2,Returning_Visitor,False,False
7,892.24,3,15.98,7,-271.85,0.0,0.03,-2.99,-0.29,Nov,2,5,3,8,New_Visitor,False,False
4,289.75,0,0.0,36,1652.34,0.004320988,0.01,2.77,0.0,Oct,3,2,2,2,Returning_Visitor,False,True
0,-2.19,1,69.19,-2,0.0,0.2,0.2,-3.23,-0.03,Mar,2,2,3,1,Returning_Visitor,False,False
3,-0.39,0,-38.41,-44,374.4166667,0.033333333,0.076086957,22.72,0.0,Dec,3,2,1,13,Returning_Visitor,False,False
-1,0.0,0,56.28,3,820.67,0.2,0.2,0.0,0.0,Mar,2,2,3,1,Returning_Visitor,False,False
12,206.57,0,0.0,9,429.64,0.0,0.009090909,7.68745056,0.0,Oct,2,2,3,3,Returning_Visitor,False,True
0,0.0,0,0.38,35,1521.46,0.01,0.04,2.38,-0.01,Oct,2,2,9,2,Returning_Visitor,False,False
-2,0.0,0,-30.08,3,275.0,0.02,0.05,3.53,0.02,Oct,3,2,1,2,Returning_Visitor,False,True
2,21.0,0,1.44,11,365.3,0.0,0.016666667,1.47,-0.01,May,3,2,2,3,New_Visitor,True,False
4,133.4,-1,25.16,55,2666.066667,0.002272727,0.01,17.06291074,-0.01,Dec,2,2,3,2,Returning_Visitor,False,False
1,0.0,0,1.16,17,532.75,0.01,0.046666667,0.0,-0.03,Mar,1,8,6,3,Returning_Visitor,False,False
3,137.61,0,37.15,25,1260.81,0.01,-0.0,50.57,0.0,Sep,2,2,1,2,Returning_Visitor,False,False
0,0.0,0,0.0,4,-309.01,0.0125,0.07,0.0,0.0,May,1,8,6,3,Returning_Visitor,False,False
-1,20.82,0,0.0,16,631.86,0.03,0.07,0.0,0.07,May,3,2,1,3,Returning_Visitor,False,False
0,0.0,0,92.05,31,-532.99,0.038596491,0.05,16.86,0.01,June,2,2,3,4,Returning_Visitor,False,False
0,-0.6,0,-86.5,22,-545.85,0.0,0.04,51.28,0.4,Feb,1,1,7,1,Returning_Visitor,False,False
12,54.0,4,1046.54,-39,998.36,-0.0,-0.02,-13.44,0.0,Sep,2,4,9,4,Returning_Visitor,False,False
3,44.92,0,23.15,13,376.5,0.0,0.03,0.0,0.02,Mar,2,2,3,1,Returning_Visitor,False,False
8,129.6666667,0,12.85,49,1649.58,0.006451613,0.0,8.43,0.3,May,2,2,1,4,Returning_Visitor,True,False
5,142.49,1,71.25,10,283.9,0.01,0.03,11.14,0.02,Dec,2,2,1,2,Returning_Visitor,False,False
1,56.74,0,25.91,24,491.5833333,0.01,0.02,45.9675105,0.0,Dec,2,2,1,2,Returning_Visitor,False,True
0,3.89,0,0.0,10,0.0,0.2,0.22,1.98,-0.06,Jul,2,2,2,1,Returning_Visitor,False,False
2,40.13636364,0,11.14,35,1405.3,0.0,0.012593985,3.56,0.0,Nov,2,2,2,2,Returning_Visitor,False,True
2,32.23,0,6.01,10,804.44,0.01,0.036666667,0.0,-0.01,Mar,2,2,4,1,Returning_Visitor,False,False
0,0.39,0,52.3,10,463.0,0.016190476,0.05,14.77,0.0,Mar,2,2,3,1,Returning_Visitor,False,False
3,35.0,3,32.5,16,-71.67,0.012382578,0.05,0.0,0.03,Nov,3,2,1,1,Returning_Visitor,True,False
2,0.0,0,0.0,17,727.42,0.0,0.02,2.35,0.0,Mar,3,2,2,2,Returning_Visitor,True,False
2,83.79,0,13.13,38,2159.004167,0.013684211,0.03,1.31,0.0,Oct,2,2,1,2,Returning_Visitor,False,False
4,28.5,1,55.09,22,1122.7,0.01,0.03,0.0,0.05,Mar,2,2,1,1,Returning_Visitor,True,False
4,52.63,-1,23.37,25,1380.21,0.00952381,0.03,0.63,0.03,Dec,2,2,1,1,Returning_Visitor,False,False
0,0.0,0,0.0,4,47.5,0.02,0.05,-3.62,0.0,Nov,1,1,6,2,Returning_Visitor,False,False
1,29.99,0,24.72,7,64.0,0.03,0.06,0.0,-0.0,Nov,2,2,1,2,Returning_Visitor,False,False
1,74.94,0,0.0,12,0.0,0.02,0.04,4.57,0.06,Mar,1,1,4,2,Returning_Visitor,True,False
2,23.0,0,38.18,53,1695.34,0.034545455,0.054839161,-10.71,-0.04,Nov,2,2,1,1,Returning_Visitor,False,False
0,0.0,0,0.0,-34,-2100.42,0.04,0.1,0.0,0.0,Mar,3,2,3,1,Returning_Visitor,False,False
0,0.0,0,13.5,3,114.16,0.0,0.02,1.88,0.0,Mar,3,2,3,2,Returning_Visitor,False,False
3,133.8,0,0.0,10,-1396.02,0.04,0.08,9.98,-0.05,Jul,1,1,7,1,Returning_Visitor,False,False
3,19.34,0,0.0,29,1064.92,-0.0,0.02,0.88,0.03,Mar,2,2,1,1,Returning_Visitor,True,False
1,0.0,0,0.0,26,366.75,0.014,0.04,2.78,0.0,Oct,1,1,7,1,Returning_Visitor,False,False
0,-13.8,0,4.93,19,983.18,0.02,0.066666667,-0.56,-0.01,Nov,2,2,3,1,Returning_Visitor,False,False
1,0.0,0,0.0,27,1181.26,0.01,0.04,0.62,0.02,Mar,2,2,1,1,Returning_Visitor,False,False
0,-90.35,0,0.0,36,1931.0,-0.0,0.012319347,0.0,0.72,May,3,2,1,13,Returning_Visitor,True,False
2,56.32,0,2.77,24,661.9166667,0.01,0.04,0.0,0.0,Nov,2,2,1,2,Returning_Visitor,False,False
0,-25.31,0,0.0,20,1244.14,-0.0,0.01,4.68,0.0,Nov,2,2,1,6,New_Visitor,False,False
1,-9.38,0,-44.45,37,1678.77,0.0,0.022727273,6.89,0.0,Nov,2,2,1,2,Returning_Visitor,True,False
-2,-67.07,2,78.46,7,2431.92,0.04,0.085714286,-17.85,0.12,May,2,2,4,3,Returning_Visitor,False,False
0,0.0,0,0.0,40,694.0178571,0.0,0.0175,17.74,0.05,Jul,2,2,9,6,New_Visitor,False,False
3,102.0,0,0.0,19,1502.47,0.02,0.035897436,0.0,0.0,Dec,1,1,4,2,Returning_Visitor,True,False
4,122.0,0,26.08,8,177.25,0.01,0.025,3.17,0.02,Mar,2,2,1,2,Returning_Visitor,False,False
0,-1.04,0,-4.12,8,96.625,0.01,0.05,0.0,0.01,Mar,2,2,9,1,Returning_Visitor,False,False
5,134.16,7,49.39,20,234.9666667,0.0,0.033333333,0.0,0.0,May,3,2,9,13,Returning_Visitor,False,False
0,25.57,0,-23.73,20,856.87,0.03,0.066666667,1.31,0.01,Oct,2,2,1,1,Returning_Visitor,False,False
0,0.0,-1,-34.16,29,1765.49,0.02,0.04,7.81,0.0,Feb,2,2,1,3,Returning_Visitor,False,False
0,7.42,1,508.11,21,-679.75,0.07,0.104545455,0.0,0.0,Jul,4,1,1,3,Returning_Visitor,False,False
3,0.0,-2,-104.93,5,22.0,0.02,0.06,-1.7,0.0,Dec,1,8,7,5,Returning_Visitor,True,False
2,76.49,0,0.0,30,817.14,0.01,0.04,1.51,0.0,Oct,2,2,9,1,Returning_Visitor,False,False
0,0.0,0,-6.9,24,1031.18,0.01,0.05,0.0,0.02,Mar,2,2,1,1,Returning_Visitor,False,False
-3,0.0,0,0.0,13,48.0,0.0,0.05,137.59,0.0,Mar,4,2,1,1,New_Visitor,False,False
0,27.5,1,-47.82,-7,528.77,0.01,0.040162037,71.12,0.0,Mar,2,4,1,10,Returning_Visitor,False,False
1,31.34,0,0.0,6,57.31,0.05,0.08,-0.47,0.02,Mar,1,1,1,1,Returning_Visitor,False,False
1,52.4,1,74.91,16,176.1,0.0,0.011764706,3.91,0.05,Oct,2,2,1,2,Returning_Visitor,True,False
1,17.94545455,1,6.0,40,1623.78,0.0,0.014267677,0.0,0.01,Oct,2,2,5,2,Returning_Visitor,False,True
-1,0.0,0,-7.59,-5,8.73,0.05,0.1,2.02,0.03,Mar,2,2,1,1,Returning_Visitor,False,False
1,87.18,0,0.0,21,876.21,0.017391304,0.04,0.0,0.05,Oct,1,1,4,2,Returning_Visitor,True,False
3,254.1,0,0.0,8,-54.25,0.0,0.01,0.86,0.0,Mar,3,2,4,2,Returning_Visitor,True,False
0,1.55,0,3.2,-10,-2362.61,0.114285714,0.128571429,1.11,0.0,Jul,3,2,7,1,Returning_Visitor,True,False
5,151.9,0,-5.64,46,1929.12,0.01,0.01884058,4.6,0.03,Mar,2,2,3,2,Returning_Visitor,False,True
2,19.7,0,40.32,37,305.2083333,-0.01,0.010784314,0.0,0.05,Mar,2,4,7,2,Returning_Visitor,False,False
0,19.36,0,0.0,25,734.25,0.01,0.04,3.31,0.0,Oct,2,2,9,1,Returning_Visitor,False,True
2,25.39,0,81.89,3,815.06,0.0,0.0,55.89978908,0.0,Sep,1,1,3,8,New_Visitor,False,False
2,12.79,0,0.0,11,357.0,0.01,0.036363636,0.0,0.0,Dec,2,2,5,2,Returning_Visitor,False,False
3,20.05,1,-30.14,91,3309.448776,0.0,0.020476218,0.0,0.0,Nov,2,2,1,2,Returning_Visitor,True,True
6,-386.79,4,134.5,93,5787.28,-0.03,0.05,2.29,1.4,May,2,2,3,13,Returning_Visitor,True,False
2,32.55,-1,0.0,7,543.0,0.01,0.01,8.68,0.0,Dec,2,2,1,6,New_Visitor,False,False
5,116.5416667,4,208.6666667,134,1813.250382,-0.01,0.011897547,3.63,0.0,Nov,1,1,2,4,Returning_Visitor,True,True
0,0.0,0,-9.62,11,193.5,0.02,0.05,-3.38,0.01,Oct,3,2,3,1,Returning_Visitor,False,False
0,-36.97,1,-9.22,25,1433.083333,-0.0,0.02,26.46,-0.04,Oct,3,2,9,11,Returning_Visitor,False,False
8,-303.22,7,0.0,44,778.9666667,-0.0,0.01,37.92414395,0.0,Aug,2,1,4,11,Returning_Visitor,True,True
4,143.0,1,20.5,60,386.15,0.0,0.015384615,-14.53,0.0,Mar,3,1,7,8,Returning_Visitor,False,True
0,-55.91,0,0.0,12,1012.2,0.0,0.033333333,0.0,0.01,Mar,2,2,7,1,New_Visitor,False,False
0,1.05,1,-2.9,8,-214.75,0.0,0.058333333,-0.28,0.0,Nov,2,2,1,2,Returning_Visitor,False,False
1,0.3,0,0.0,1,60.5,0.1,0.15,-0.43,0.0,Nov,1,1,1,1,Returning_Visitor,False,False
4,47.83333333,-1,0.0,69,3319.73,-0.01,-0.01,0.0,0.0,Nov,2,2,3,2,New_Visitor,False,False
4,51.87,0,6.5,21,1582.14,-0.0,0.010666667,2.78,0.0,Oct,2,2,3,1,Returning_Visitor,False,False
1,31.49,0,4.86,10,75.0,0.05,0.09,0.78,-0.0,Nov,2,2,1,1,Returning_Visitor,False,False
0,0.0,0,0.0,27,1375.85,0.0,0.03,0.0,-0.0,Mar,2,2,1,2,Returning_Visitor,False,False
8,164.4666667,-2,-59.9,30,26.7,0.022222222,-0.02,0.0,0.04,Dec,3,2,1,4,New_Visitor,True,False
1,35.75,0,-0.49,25,1234.02,0.01,0.04,0.0,-0.0,Mar,2,2,1,1,Returning_Visitor,False,False
0,0.0,0,0.0,30,160.5,0.0,0.06,0.0,0.8,May,2,2,3,2,Returning_Visitor,False,False
1,44.81,0,0.0,23,1599.6,0.02,0.05,-0.64,0.09,May,2,2,1,3,Returning_Visitor,False,False
0,10.31,0,0.0,21,1041.733333,0.01,0.04,1.26,0.01,Mar,2,2,1,1,Returning_Visitor,False,False
2,30.5,0,45.47,20,880.49,0.0,0.05,-27.97,0.0,May,2,2,6,19,Returning_Visitor,True,False
3,114.4,0,-2.28,33,1372.0,0.005405405,0.02,4.39,0.01,Oct,2,2,1,2,Returning_Visitor,False,False
8,255.12,0,0.0,107,3739.635556,0.0,0.0,5.47,0.0,Oct,2,2,1,2,Returning_Visitor,False,False
3,60.71,0,10.27,17,1016.18,0.0,0.05,5.18,0.02,Mar,2,4,2,2,Returning_Visitor,False,False
2,78.64980843,0,47.98,93,4185.096695,0.01,0.03,1.4,-0.07,Jul,2,2,1,2,Returning_Visitor,False,True
0,47.59,0,0.0,8,-229.0,0.05625,0.08,32.4,0.0,Feb,1,1,7,1,Returning_Visitor,False,False
7,102.2,1,54.12,32,1412.27,0.01,0.005714286,25.19,0.0,Feb,2,4,4,5,New_Visitor,False,True
1,0.0,1,-28.98,30,2767.625,0.04,0.02,65.54,0.0,Jul,8,4,9,20,Other,False,True
2,42.22,0,-26.96,72,5072.395938,0.007667474,0.01,16.42,0.2,Feb,2,2,2,6,Returning_Visitor,False,False
0,24.44,0,-19.16,23,995.42,0.028571429,0.07,0.0,-0.0,Oct,2,2,1,1,Returning_Visitor,False,False
6,145.96,1,131.97,58,1761.83,0.0,0.0,33.83646892,-0.01,June,2,4,6,1,Returning_Visitor,False,True
1,0.0,0,212.5,-3,1198.75,0.0,0.04,-8.89,-0.01,Mar,2,4,4,2,Returning_Visitor,False,False
0,4.4,0,36.52,8,345.1,-0.01,0.025,0.0,-0.01,Mar,2,4,7,2,Returning_Visitor,False,False
0,0.0,0,-8.19,6,183.5,0.0,0.01,0.0,0.0,Oct,2,2,9,6,New_Visitor,False,False
0,33.47,0,-58.78,14,1857.78,0.02,0.06,-3.84,0.0,May,2,4,4,2,Returning_Visitor,False,False
0,-120.31,0,35.98,28,3145.04,0.01,0.000446429,-1.32,-0.05,Nov,1,1,6,10,Returning_Visitor,True,False
1,21.47,0,-2.94,15,356.0,0.011111111,0.05,0.0,0.2,Mar,2,2,3,1,Returning_Visitor,False,False
3,122.25,0,16.34,50,1915.79,0.0,0.018657031,0.0,-0.03,Nov,2,2,4,2,Returning_Visitor,False,False
3,123.13,0,49.14,25,1617.94,0.01,0.02,9.46,0.0,May,2,2,1,4,Returning_Visitor,False,False
1,67.88,0,28.54,20,776.09,0.01,0.03,5.33,-0.01,Mar,1,1,3,2,Returning_Visitor,False,False
-1,-19.9,0,10.71,-3,-797.94,0.061111111,0.111111111,4.74,0.01,Sep,1,8,6,4,Returning_Visitor,False,False
1,38.31,2,44.0,1,-1282.13,-0.01,0.03,149.71,0.1,Mar,2,4,3,2,New_Visitor,False,False
7,266.7,0,31.64,21,843.0166667,0.0,-0.01,9.542515706,0.0,Sep,2,2,1,4,Returning_Visitor,False,False
1,89.38,0,0.0,7,-298.71,0.028571429,0.057142857,6.32,0.6,May,2,2,1,2,Returning_Visitor,False,False
8,262.59,3,47.75,61,-538.81,-0.01,-0.01,17.49721917,-0.04,Oct,1,1,9,2,Returning_Visitor,True,False
2,244.66,0,0.0,7,1673.99,0.03,0.029004329,60.69,0.0,Mar,1,2,1,10,Returning_Visitor,False,False
3,86.41,0,0.0,24,1763.43,0.007692308,0.015262515,16.21,0.0,May,2,2,6,1,Returning_Visitor,False,False
2,80.14,0,-3.7,36,1834.083333,0.01,0.03125,3.14,-0.01,Oct,2,2,1,2,Returning_Visitor,False,False
1,44.05,0,0.0,28,1139.91,0.01,0.04,0.0,-0.0,Oct,2,2,1,1,Returning_Visitor,False,True
0,0.0,0,-12.34,52,2189.0,0.01,0.04,0.0,-0.01,Nov,2,2,1,2,Returning_Visitor,False,False
1,94.33,-1,66.28,14,609.3488095,0.0,0.005263158,21.83,0.03,Dec,2,2,1,2,New_Visitor,False,False
6,-54.56,0,0.0,31,217.7611111,0.0125,0.025,-21.57,0.0,Oct,2,1,5,7,Returning_Visitor,False,False
2,11.0,0,0.0,55,2562.083333,0.004255319,0.03,0.0,-0.01,Mar,2,2,1,1,Returning_Visitor,False,False
3,107.05,0,54.19,27,945.63,0.0,0.014003044,0.0,0.04,Dec,2,1,9,2,New_Visitor,False,False
5,110.3,1,660.28,78,3621.606667,-0.03,0.006024096,-12.68,-0.0,Jul,2,4,4,1,Returning_Visitor,False,False
-1,0.0,0,0.69,-3,-784.05,0.066666667,0.11,-2.17,0.04,May,3,2,5,3,Returning_Visitor,False,False
1,75.94,0,-41.66,72,2347.716667,0.028169014,0.04,0.0,0.04,May,3,2,4,3,Returning_Visitor,False,False
1,8.22,2,22.0,16,-76.76,-0.0,0.04,0.0,0.0,Oct,1,1,5,2,Returning_Visitor,False,False
0,0.0,0,0.0,27,641.5,0.01,0.0375,-3.97,0.13,May,4,1,2,3,Returning_Visitor,True,False
0,49.9,0,0.0,8,541.5,0.03,0.07,2.72,0.0,May,2,2,4,1,Returning_Visitor,False,False
6,71.5,0,-6.21,24,1532.2,0.009929078,0.03,7.24,0.0,Oct,2,2,1,1,Returning_Visitor,False,True
4,149.52,0,42.61,66,2355.34,0.0,0.01,7.23,0.0,Mar,2,2,9,2,Returning_Visitor,False,False
1,50.09,0,429.52,5,71.0,0.0,0.033333333,0.0,0.0,Mar,2,10,6,1,Returning_Visitor,False,False
4,152.82,1,56.5,10,999.18,0.01,0.03,2.95,0.0,Mar,1,1,1,2,Returning_Visitor,False,False
11,251.3090909,2,1655.4,80,1249.048358,0.02,0.02,8.517221252,1.24,Sep,2,2,7,4,Returning_Visitor,False,False
0,0.0,-2,0.0,27,657.6666667,0.013636364,0.11,-3.04,0.8,May,2,4,1,3,Returning_Visitor,True,False
0,0.0,0,-0.53,3,-48.84,0.03,0.08,-0.14,0.0,Mar,1,2,5,1,Returning_Visitor,False,False
2,156.52,0,37.3,63,4792.380767,0.01,0.02,41.55801982,0.0,Mar,1,2,2,2,Returning_Visitor,False,True
0,56.63,0,0.0,9,985.84,0.0,0.022222222,2.71,0.0,Oct,2,2,1,2,New_Visitor,True,False
12,0.0,16,1210.397619,24,279.8571429,0.003174603,0.03,0.0,0.0,Mar,3,2,1,8,Returning_Visitor,True,False
1,-6.8,0,-13.01,47,1330.375,-0.01,0.01,69.07,-0.03,Dec,2,4,4,2,New_Visitor,False,False
3,146.1,0,0.0,22,1523.17,0.009090909,0.04,2.3,0.02,Mar,2,2,1,2,Returning_Visitor,False,False
0,0.0,0,0.0,22,24.0,0.0,0.04,0.53,0.0,Feb,1,8,6,3,Returning_Visitor,False,False
3,145.2,0,8.68,11,1646.366667,0.0,0.02,1.89,-0.0,Oct,2,2,4,2,Returning_Visitor,False,False
2,69.3,0,0.0,27,1252.25,0.01,0.03,0.0,0.0,Oct,2,2,1,2,Returning_Visitor,False,False
0,2.31,0,0.07,-8,386.85,-0.0,0.04,32.42,0.02,Mar,2,4,2,2,New_Visitor,False,False
6,299.45,1,51.67,54,2055.99,0.01,0.01,16.96885494,0.02,Oct,2,2,1,2,Returning_Visitor,False,False
5,65.0,0,0.0,56,2688.36,0.01,0.020512821,3.55,0.0,May,2,4,6,3,Returning_Visitor,False,False
1,-19.72,0,-59.69,10,-212.41,0.03,0.08,6.45,-0.04,Jul,2,2,4,1,Returning_Visitor,True,False
0,0.0,0,-28.65,17,98.3,0.07,0.08,0.0,0.0,May,1,1,5,3,Returning_Visitor,False,False
0,27.43,0,-4.28,37,1414.42,0.02,0.04,0.66,0.01,Oct,1,1,7,1,Returning_Visitor,False,False
1,25.74,0,1.07,18,25.8,0.0,0.04,0.0,0.0,Jul,1,1,1,7,New_Visitor,True,False
3,82.46666667,0,10.23,35,153.9,0.016666667,0.016666667,9.15,-0.03,Jul,2,2,2,2,Returning_Visitor,True,True
0,-36.33,1,18.0,85,1736.447368,-0.0,0.06,8.18,0.6,May,2,4,1,2,Returning_Visitor,False,False
0,23.27,0,-1.92,16,596.52,0.04,0.07,0.0,0.0,May,4,1,1,3,Returning_Visitor,False,False
0,-52.98,2,95.85,5,-848.21,-0.01,0.02,7.209305119,-0.02,Mar,1,1,5,2,Returning_Visitor,True,False
1,17.22,0,33.78,34,1004.3,0.0,0.023128655,9.68,-0.01,Dec,3,2,1,1,Returning_Visitor,False,False
2,0.0,0,9.15,5,19.0,0.03,0.06,0.0,0.07,May,2,2,1,3,Returning_Visitor,False,False
0,-76.19,-1,-41.21,12,817.68,-0.02,0.015384615,71.488,0.0,May,2,4,2,3,New_Visitor,False,True
3,90.96,0,70.02,6,892.0,0.0,0.03,0.0,0.02,Mar,2,2,1,2,Returning_Visitor,False,False
3,103.15,0,26.89,29,1167.321429,0.0,0.018915344,1.69,0.01,Oct,2,2,9,2,Returning_Visitor,False,False
0,-12.48,0,0.0,7,511.26,0.0,0.022222222,20.19,0.0,Feb,2,2,7,2,New_Visitor,False,False
0,0.0,-1,-12.8,-8,344.78,0.033333333,0.066666667,6.96,0.01,Mar,2,2,2,1,Returning_Visitor,False,False
2,38.05,0,16.82,7,556.64,0.02,0.05,-1.56,0.0,Mar,2,2,1,1,Returning_Visitor,False,False
5,172.56,0,122.5,11,-148.68,0.0,0.01,39.68,0.0,Dec,1,1,3,2,Returning_Visitor,False,False
3,280.68,1,53.0,16,388.7444444,0.06,0.08,0.0,0.0,May,1,1,1,1,Returning_Visitor,False,False
2,61.85,0,0.0,30,1539.63,-0.0,0.0,15.04,0.0,Oct,2,2,9,6,New_Visitor,False,False
2,72.74,0,42.21,27,652.5,0.0,0.01,17.34,0.0,Dec,2,2,3,2,Returning_Visitor,False,False
-1,0.0,0,0.0,4,-7.87,0.02,0.05,3.32,0.02,Dec,3,2,1,2,Returning_Visitor,False,True
1,25.25,0,16.3,32,1438.71,0.011351351,0.04,-0.13,-0.01,Feb,2,2,7,1,Returning_Visitor,False,False
2,113.06,1,35.86,40,1313.38,0.01,0.02,2.02,0.0,Oct,2,2,1,2,Returning_Visitor,False,False
4,126.72,0,28.05,29,1279.24,0.01,0.017241379,9.08,0.02,Mar,2,2,3,2,Returning_Visitor,False,False
0,-27.86,0,3.29,8,136.1666667,0.02,0.06,-1.33,0.0,Mar,2,2,5,1,Returning_Visitor,False,False
-2,-70.1,0,0.0,-5,1037.35,0.01,0.066666667,3.04,0.0,Jul,2,4,4,2,Returning_Visitor,True,False
2,131.25,0,-53.98,41,961.25,0.0,0.02,0.0,0.04,Oct,2,2,1,2,Returning_Visitor,True,False
3,57.5,0,-47.53,84,2261.16,-0.0,0.007575758,16.56314545,0.0,May,2,4,7,4,Returning_Visitor,False,False
0,14.0,0,0.0,8,288.0,0.01,0.04,0.0,-0.01,Mar,2,2,4,1,Returning_Visitor,True,False
2,69.18,0,0.0,34,1533.06,0.01,0.04,0.0,0.0,Nov,2,2,1,1,Returning_Visitor,False,False
6,186.41,0,0.0,43,1846.12,0.0,0.01,10.75,0.0,Oct,2,2,1,2,Returning_Visitor,False,True
3,67.95,0,111.5,42,2582.97,0.0,0.02,8.51,0.11,Mar,2,4,4,6,Returning_Visitor,False,False
0,37.89,0,0.0,20,528.25,0.01,0.03,0.0,0.0,Oct,2,2,5,2,Returning_Visitor,False,False
2,46.5,1,377.0,-29,3633.32,-0.0,0.060606061,0.0,0.23,May,1,1,8,8,Returning_Visitor,False,False
3,25.17,0,0.0,9,-22.34,0.0,-0.0,70.28,0.0,May,2,4,3,4,New_Visitor,False,False
2,0.0,1,653.8,-30,231.75,0.0,0.016666667,0.0,0.03,Nov,1,2,2,1,Returning_Visitor,False,False
-1,5.45,0,0.0,3,130.75,0.04,0.08,-0.87,0.05,May,3,2,1,3,Returning_Visitor,False,False
1,-11.12,0,0.0,11,861.04,0.0,0.027272727,-5.46,0.0,Nov,3,2,4,13,Returning_Visitor,False,False
4,56.63333333,1,309.7333333,-13,1339.37,0.0,0.03,0.0,-0.06,Aug,2,2,6,1,Returning_Visitor,False,False
3,79.52,0,17.11,39,1662.25,0.0,0.022222222,0.0,0.0,Oct,2,2,1,2,Returning_Visitor,False,False
8,306.57,0,86.0,21,1839.62,0.014516129,0.027557013,5.97,-0.01,Nov,1,1,1,2,Returning_Visitor,False,True
2,4.5,1,0.0,61,1788.24,0.0,0.02,33.6501,0.37,May,2,2,3,2,Returning_Visitor,False,False
7,157.59,0,37.43,8,1309.47,0.01,0.03,-9.34,-0.06,Mar,3,2,6,1,Returning_Visitor,True,False
23,394.1,4,489.6,30,-3884.62,-0.02,-0.02,17.19073913,-0.06,Dec,3,2,3,3,Returning_Visitor,False,False
6,357.24,0,75.17,10,1773.53,0.02,0.02,6.92,0.02,Aug,1,1,4,2,New_Visitor,True,False
2,96.95,0,0.0,3,901.21,0.0,0.05,-5.18,0.02,Mar,3,2,1,1,New_Visitor,True,False
4,167.6,0,19.9,101,5178.531731,0.01,0.02,0.0,0.0,Oct,2,2,1,2,Returning_Visitor,False,True
1,37.96,0,11.41,16,233.1666667,0.02,0.05,11.12205139,0.0,Mar,1,1,9,1,Returning_Visitor,False,False
1,45.99,0,-21.58,20,965.37,0.03,0.04,3.9,-0.01,Feb,3,2,6,1,Returning_Visitor,False,False
2,37.25,0,0.0,11,-57.66,0.0,0.015384615,27.88,0.03,Dec,2,2,3,2,New_Visitor,False,False
0,0.0,0,0.0,11,857.37,0.02,0.06,-0.56,0.0,Mar,2,2,4,1,Returning_Visitor,False,False
2,-42.33,-1,0.0,-4,473.2833333,-0.01,-0.0,-22.11,0.0,Oct,2,2,1,8,New_Visitor,False,False
4,93.29,1,76.28,133,2765.444444,0.0,0.01,33.9,0.69,May,2,2,3,2,Returning_Visitor,False,False
2,134.54,0,19.62,21,114.6,0.0,0.01,3.4,0.0,Mar,1,1,7,2,Returning_Visitor,False,False
9,192.9204545,1,114.5,60,1394.236526,0.0,0.003030303,63.64653548,0.06,Dec,2,2,1,2,Returning_Visitor,False,True
1,30.77,0,8.9,8,271.0,0.018181818,0.06,0.0,0.04,Oct,2,2,1,1,Returning_Visitor,False,False
2,82.0,0,41.96,14,886.55,0.02,0.04,-0.03,0.0,Dec,2,2,1,2,Returning_Visitor,False,False
0,5.47,0,0.0,18,875.8,0.02,0.05,0.0,0.03,Mar,2,2,1,1,Returning_Visitor,False,False
0,40.05,1,69.22,-4,0.0,0.02,0.08,-11.51,0.17,Mar,4,1,1,5,Returning_Visitor,False,False
0,10.21,1,0.0,-13,-373.9,0.11,0.15,-5.42,0.16,May,2,2,1,1,Returning_Visitor,False,False
3,22.08,2,30.94,30,1433.634921,0.0,0.02,0.0,0.02,Nov,2,2,1,2,Returning_Visitor,True,False
2,54.63,0,3.42,15,629.16,0.01,0.031111111,4.22,-0.02,Nov,2,2,2,2,Returning_Visitor,False,False
1,34.35,0,31.25,1,-469.54,0.21,0.2,0.0,0.01,May,3,2,1,3,Returning_Visitor,False,False
0,62.0,0,-16.24,71,3815.166667,0.02,0.03,0.0,-0.03,May,2,2,4,2,Returning_Visitor,False,False
3,115.97,0,-3.29,47,2656.183333,0.01,0.02,3.06,0.0,Oct,2,2,1,2,Returning_Visitor,False,False
3,273.24,1,0.0,8,412.1666667,0.01,0.0125,-4.39,0.1,May,3,2,4,6,Returning_Visitor,False,False
0,0.0,0,-16.68,75,4339.366667,0.009009009,0.04,0.73,-0.04,Nov,2,2,1,2,Returning_Visitor,False,False
-1,30.0,1,148.5,24,442.59,0.007407407,0.014814815,10.10222222,0.0,Mar,1,8,7,10,Returning_Visitor,False,False
6,380.4333333,1,-60.48,52,1035.17,0.004651163,0.014728682,0.0,0.0,Nov,2,2,5,2,Returning_Visitor,False,False
4,-30.42,2,92.33,16,411.9375,0.00952381,0.00952381,0.0,-0.3,Nov,1,5,6,19,New_Visitor,True,False
12,212.04,0,0.0,12,1715.08,-0.0,0.019230769,0.0,0.09,Oct,2,4,8,2,Returning_Visitor,False,False
-7,0.0,0,65.94,19,-1548.74,0.0,0.03,-21.64,0.0,May,2,1,5,8,New_Visitor,False,True
1,50.64,0,0.0,50,1125.15,0.0,0.0,6.89,0.16,May,3,2,6,4,Returning_Visitor,False,False
6,228.48,0,46.48,17,592.55,0.0,0.01,10.14,0.0,Dec,2,2,1,2,Returning_Visitor,False,False
2,22.0,0,8.1,21,996.89,0.025,0.0375,-1.41,0.05,Mar,2,2,1,1,Returning_Visitor,True,False
0,-4.53,0,-21.92,3,-10.03,0.02,0.05,-3.46,0.02,Oct,3,2,3,1,Returning_Visitor,False,False
2,40.2,2,26.1,21,1410.31,0.0,0.04,0.0,0.14,Oct,2,2,3,2,Returning_Visitor,False,False
2,-76.94,0,78.76,41,4204.433333,0.009722222,0.021345899,0.770991864,0.1,Mar,2,2,1,13,Returning_Visitor,False,False
0,23.6,0,-111.13,-29,-740.65,0.030769231,0.18,0.0,0.6,May,2,4,2,6,Returning_Visitor,False,False
-1,0.0,0,0.0,33,1146.5,0.006976744,0.035271318,3.0,0.19,May,2,2,1,4,Returning_Visitor,False,False
5,86.75,0,38.22,25,1802.27,0.0,0.02,11.36,0.02,Mar,2,2,2,2,Returning_Visitor,False,False
2,259.27,0,0.0,8,1022.4,0.02,0.02,15.19,-0.04,Aug,2,2,1,2,New_Visitor,False,True
0,68.6,0,0.0,15,593.75,0.0,-0.01,92.9394993,0.0,Nov,1,1,3,12,Returning_Visitor,True,True
0,99.65,0,24.99,1,-1061.94,-0.0,0.03,-1.55,0.02,Sep,1,8,6,2,Returning_Visitor,False,False
2,131.26,0,-19.35,22,913.59,-0.01,0.01,0.0,0.01,Mar,3,2,1,5,New_Visitor,False,False
0,0.0,5,497.8333333,26,4513.36,0.01,-0.04,19.63,0.93,May,3,6,2,6,Returning_Visitor,True,False
7,320.66,0,61.09,42,1749.44,0.01,0.01,9.68,0.0,Mar,2,2,1,2,Returning_Visitor,False,False
0,0.0,0,0.0,16,463.15,0.05,0.066666667,0.1,0.03,Oct,1,1,1,3,Returning_Visitor,False,False
3,135.25,0,0.0,26,1577.2,0.01,0.02,33.44471217,0.0,Oct,1,1,1,2,Returning_Visitor,False,False
1,10.0,0,-12.53,21,1236.94,0.02,0.05,6.28,0.09,May,2,2,1,3,Returning_Visitor,False,False
4,-23.61,0,0.0,6,142.5,0.0,0.06,-35.36,0.0,Dec,3,3,4,2,Returning_Visitor,True,False
0,-22.84,0,0.0,10,863.23,0.0,0.05,0.0,-0.01,Nov,4,1,1,7,New_Visitor,True,False
-1,19.9,0,4.15,6,65.43,0.02,0.06,0.0,-0.02,Oct,2,2,1,2,Returning_Visitor,False,False
0,-40.69,2,38.2,121,3362.749679,0.0,0.03,1.42,-0.02,Jul,2,2,4,2,Returning_Visitor,True,False
2,90.36,0,26.53,29,1305.65,0.01,0.03,2.01,-0.0,Mar,2,2,1,2,Returning_Visitor,False,False
-2,6.53,0,-15.98,22,-305.08,0.053333333,0.07,0.0,-0.02,Oct,1,1,4,4,Returning_Visitor,False,False
0,34.63,0,15.26,1,0.0,0.2,0.2,0.0,0.0,May,2,2,1,3,Returning_Visitor,False,False
3,195.96,0,312.18,6,557.83,0.02,0.025,45.25,-0.07,Dec,1,1,3,2,Returning_Visitor,False,False
2,87.99,0,0.57,29,1268.27,0.0,0.006896552,0.0,0.0,Oct,2,2,7,2,Returning_Visitor,False,False
-2,0.0,0,-36.02,2,-74.69,0.05,0.1,-5.94,0.05,Oct,3,2,9,1,Returning_Visitor,False,False
10,121.62,7,546.5,37,2146.96,-0.01,0.01,19.46,-0.04,Dec,3,2,1,8,New_Visitor,True,True
3,80.04,0,0.0,36,1571.77,0.0,0.01,0.0,0.02,Oct,2,2,9,2,Returning_Visitor,False,False
-2,-0.6,0,0.0,-2,0.0,0.18,0.2,2.32,-0.03,Oct,2,2,4,2,Returning_Visitor,False,False
2,268.08,0,-382.87,13,420.2466667,0.042105263,0.1,0.0,0.0,Sep,3,2,1,13,Returning_Visitor,True,True
0,5.85,0,-21.26,2,1651.77,0.06,0.15,-6.02,0.01,Jul,3,2,3,13,Returning_Visitor,False,False
0,0.0,-2,451.72,2,-880.4,0.1,0.15,-25.93,1.61,May,2,10,2,3,Returning_Visitor,True,False
1,63.0,0,-29.32,11,467.61,0.0,-0.0,0.0,-0.01,May,2,2,5,3,New_Visitor,False,False
3,77.45,0,0.0,33,1321.22,0.01,0.03,3.51,0.0,Mar,2,2,1,2,Returning_Visitor,False,False
3,274.34,2,572.03,20,457.25,0.009090909,0.03,19.39,0.1,Dec,2,2,1,2,Returning_Visitor,False,True
-1,54.93,0,-10.55,17,245.4,0.025,0.05,5.22,0.09,May,3,2,1,4,Returning_Visitor,False,False
2,90.58,0,0.0,39,1582.64,0.01,0.02,4.29,-0.0,Oct,2,2,1,2,Returning_Visitor,False,False
7,128.1666667,1,41.31,184,2735.78,0.01,-0.0,0.936979167,0.4,May,2,2,9,3,Returning_Visitor,True,False
0,0.0,0,-63.66,8,120.5,0.01,0.03,0.0,0.03,Mar,3,2,3,2,Returning_Visitor,False,False
-1,-23.79,0,0.0,4,104.47,0.110714286,0.130952381,-1.35,0.0,Feb,2,2,7,1,Returning_Visitor,False,True
0,0.0,0,0.0,74,2266.67,0.0,0.024324324,0.0,-0.04,Nov,2,2,5,10,Returning_Visitor,False,False
1,67.14,0,11.16,20,812.0,0.01,0.03,5.35,0.0,Mar,2,2,9,2,Returning_Visitor,False,False
2,30.65,2,108.63,16,-465.22,-0.0,0.03,-3.28,0.01,Mar,3,2,2,2,Returning_Visitor,True,False
2,67.96,0,8.48,15,532.85,0.01,0.04,0.74,0.0,Dec,2,2,4,2,Returning_Visitor,False,False
-1,-52.06,-1,-5.88,16,1923.08,0.0,0.025,0.0,0.07,Dec,2,2,1,2,New_Visitor,True,False
0,-98.77,-1,0.0,54,1052.93,0.033333333,0.07,-1.19,0.9,May,3,2,2,3,Returning_Visitor,True,False
6,-212.27,0,26.81,72,3651.22,0.0,-0.0,0.0,1.05,May,2,2,3,13,Returning_Visitor,True,False
-1,0.0,0,-2.99,12,-396.79,0.1,0.108333333,6.52,0.0,May,1,1,9,4,Returning_Visitor,False,False
9,363.875,0,-30.26,67,3234.46,0.005555556,0.02,0.0,0.09,May,2,2,4,1,Returning_Visitor,False,False
3,175.38,1,0.0,49,1143.348504,0.01,0.03,8.92,0.07,Oct,1,1,1,2,Returning_Visitor,True,False
0,45.86,0,5.86,9,34.0,0.01,0.04,0.0,0.02,Mar,3,2,3,1,Returning_Visitor,False,False
1,0.0,0,0.0,26,1074.25,0.01,0.04,4.28,0.0,Oct,1,1,3,1,Returning_Visitor,False,False
1,0.0,0,0.0,12,414.57,-0.0,0.016666667,0.0,0.02,Mar,2,2,3,2,Returning_Visitor,False,False
4,-124.35,0,0.0,44,2436.106169,0.006036217,0.01,12.02904527,0.0,Nov,2,2,3,6,New_Visitor,False,False
0,-1.64,0,-6.94,8,318.39,0.025,0.0625,0.0,0.02,Mar,2,2,5,1,Returning_Visitor,False,False
2,211.03,2,358.6,35,676.2666667,0.005128205,-0.01,94.42,-0.07,Nov,1,2,2,2,New_Visitor,False,False
2,51.08,0,-1.38,33,1367.91,0.01,0.04,2.38,-0.01,Oct,2,2,1,2,Returning_Visitor,False,False
0,0.0,0,-2.46,36,1818.68,0.02,0.05,0.0,0.0,Nov,2,2,1,2,Returning_Visitor,False,False
4,70.17,0,7.22,28,1388.89,0.01,0.02,3.03,0.03,Mar,2,2,1,1,Returning_Visitor,True,False
-2,7.95,1,0.0,-4,-1270.64,0.0,0.1,0.0,0.36,Mar,2,4,3,2,Returning_Visitor,False,False
2,78.62,1,0.0,45,1743.517857,0.0,0.03,4.59,0.0,Nov,2,2,1,2,Returning_Visitor,False,False
3,159.13,4,140.98,8,-2843.09,-0.01,0.038888889,-11.02,0.0,Oct,3,1,5,2,Returning_Visitor,False,False
1,35.75,0,0.0,7,1173.0,0.0,0.07,76.7809411,0.0,Mar,2,4,2,2,Returning_Visitor,False,False
1,30.36,0,0.0,1,66.55,0.03,0.07,0.0,0.04,Mar,1,1,1,1,Returning_Visitor,False,False
0,-6.41,0,-76.29,27,-695.14,0.0,0.03,68.84,0.0,Feb,2,2,5,4,Returning_Visitor,False,False
0,18.87,0,-15.98,2,33.0,0.02,0.1,1.37,0.66,May,2,4,1,2,Returning_Visitor,False,False
2,111.76,0,0.0,42,1803.584127,0.03,0.04,0.0,0.04,May,3,2,1,3,Returning_Visitor,False,False
1,29.2,1,333.42,13,60.64,0.0,0.03,-15.34,0.0,Jul,4,1,1,4,Returning_Visitor,True,False
1,0.0,0,2.34,-9,0.0,0.2,0.21,0.21,0.03,Mar,2,2,3,9,Returning_Visitor,True,False
4,30.19,2,39.0,124,1809.82,0.0,0.004761905,57.63,0.0,June,2,4,4,4,Returning_Visitor,False,True
7,198.35,-1,21.25,89,2743.819189,0.01,0.01,7.345321739,0.02,Nov,2,2,2,4,Returning_Visitor,False,False
-1,-96.79,-1,-79.14,232,1539.0,-0.02,0.030769231,0.0,1.29,Oct,2,10,3,1,Returning_Visitor,False,False
1,383.8,0,91.96,11,580.48,0.0,0.01,0.0,0.05,Dec,2,2,9,2,New_Visitor,False,False
0,22.68,0,0.0,23,-94.11,0.019047619,0.05,17.94,0.02,June,2,2,1,3,Returning_Visitor,False,False
0,-19.02,0,0.0,2,-151.73,0.01,0.03,-9.35,0.0,Oct,3,1,1,4,Returning_Visitor,True,False
3,44.0,0,0.0,10,1363.25,-0.0,0.0,0.0,0.0,Mar,2,2,1,6,New_Visitor,False,False
1,0.0,0,0.0,24,742.28,0.02,0.04,3.34,0.0,Dec,2,2,5,2,Returning_Visitor,False,False
-13,0.0,0,0.0,57,4708.33,0.0,0.1,-29.22,-0.41,May,2,10,4,2,Returning_Visitor,False,False
0,0.0,0,1.59,5,207.89,0.2,0.2,0.0,0.01,May,2,2,1,1,Returning_Visitor,False,False
12,791.74,8,1452.71,6,1928.29,-0.0,0.023333333,4.83,-0.18,Jul,2,5,2,3,Returning_Visitor,True,False
8,822.6666667,2,225.3333333,1,1681.02,0.0,0.02745098,-3.78,-0.0,Aug,4,1,2,2,Returning_Visitor,False,False
3,78.0,0,25.61,21,406.8,0.01,0.03,1.77,0.03,Mar,2,2,1,1,Returning_Visitor,False,False
2,38.37,0,0.0,11,165.4,0.02,0.05,0.0,0.0,Mar,1,1,1,1,Returning_Visitor,False,False
0,26.58,0,-28.36,7,914.5,0.04,0.08,0.0,0.0,Nov,1,2,4,2,Returning_Visitor,False,False
0,0.0,0,33.7,17,2899.42,0.047058824,0.076470588,-10.56,-0.09,May,2,2,1,3,Returning_Visitor,False,False
1,13.31,0,0.0,6,654.2,0.0,0.03,0.0,0.0,Mar,2,2,1,2,Returning_Visitor,False,True
0,0.0,0,0.0,21,932.0,0.011764706,0.052941176,-6.35,0.8,May,1,2,2,2,Returning_Visitor,False,False
5,125.25,0,44.5,42,1887.04,0.003508772,0.012962963,5.0,-0.0,Oct,2,2,1,1,Returning_Visitor,False,False
1,14.0,0,4.41,7,936.69,-0.0,0.02,0.0,0.02,Oct,2,2,1,6,New_Visitor,False,False
0,-23.23,1,0.0,40,113.6666667,0.0,0.025,0.0,-0.04,Nov,2,2,4,2,Returning_Visitor,True,False
0,8.31,0,0.0,24,1273.52,0.022222222,0.055555556,0.0,0.07,May,3,2,1,3,Returning_Visitor,False,False
-1,0.0,0,0.0,7,76.0,0.0,0.0,0.0,0.08,May,2,2,5,8,New_Visitor,False,False
0,-51.32,1,36.96,16,-38.08,0.003956044,0.05,-7.88,0.53,May,3,2,1,4,Returning_Visitor,True,False
0,-32.31,0,-13.49,9,177.3333333,0.066666667,0.19,0.0,1.0,May,3,4,2,1,Returning_Visitor,True,False
2,0.0,-1,0.0,22,1257.73,0.0,0.03,0.0,0.01,Mar,2,2,3,1,Returning_Visitor,False,False
-7,0.0,2,59.42,-83,0.0,-0.04,0.17,-34.31,0.0,Feb,3,3,8,5,Returning_Visitor,False,False
0,-27.96,0,51.42,7,2415.29,0.025,0.05,0.0,0.09,Mar,3,2,1,13,Returning_Visitor,False,False
0,0.0,0,606.95,25,1690.977778,0.03,0.037333333,0.0,0.02,Jul,1,1,8,4,Returning_Visitor,False,False
8,352.4,0,81.61,40,2556.89,0.011764706,0.02,11.09,-0.02,May,2,2,1,4,Returning_Visitor,False,False
-2,0.0,0,0.0,0,450.8333333,0.04375,0.09,0.0,0.06,May,2,2,4,3,Returning_Visitor,False,False
-4,827.18,1,0.0,13,269.2333333,-0.02,-0.01,18.05,0.0,May,2,10,3,4,New_Visitor,False,False
7,55.29,2,54.76,59,1190.418903,-0.0,0.01,7.530107143,0.47,May,2,2,1,4,Returning_Visitor,True,False
0,30.28,0,8.38,23,778.1666667,0.01,0.05,0.18,-0.01,Mar,2,2,1,2,Returning_Visitor,False,False
2,59.82,0,-2.92,44,1666.03,0.004545455,0.03,3.41,0.0,Nov,2,2,1,2,Returning_Visitor,False,False
3,5.0,0,-162.63,49,2081.94,0.004347826,0.02,0.0,0.53,May,2,2,1,6,New_Visitor,True,False
1,0.0,-1,-35.45,52,3389.8,0.032478632,0.06,-1.15,-0.03,Mar,2,2,1,1,Returning_Visitor,False,False
0,0.0,0,28.03,2,96.37,0.21,0.2,-5.23,0.01,May,2,2,1,3,Returning_Visitor,False,False
0,0.0,0,0.0,47,902.77,0.01,0.03,0.0,-0.01,Oct,3,2,3,1,Returning_Visitor,False,False
3,40.41,0,-26.8,98,3968.96,-0.01,0.02,0.0,0.0,Jul,3,2,8,2,Returning_Visitor,False,False
3,27.48,0,40.88,-1,45.0,0.0,0.03,3.1,0.0,Mar,2,2,3,1,Returning_Visitor,False,False
4,71.96,1,137.7,34,1334.551371,-0.0,0.007309582,0.0,0.0,Mar,2,4,4,2,Returning_Visitor,True,False
0,42.24,0,34.0,13,273.44,-0.0,0.02,0.0,0.05,Mar,2,2,9,2,New_Visitor,False,False
5,38.57777778,1,130.62,7,584.3777778,0.0,0.064351852,0.0,0.02,Jul,1,1,1,1,Returning_Visitor,False,True
5,156.97,0,0.0,50,1463.48,0.004081633,0.0,48.26,0.0,June,2,2,2,4,Returning_Visitor,False,False
0,83.29,0,0.0,8,82.0,0.03,0.057142857,0.0,0.07,Oct,4,1,1,3,Returning_Visitor,True,False
4,124.34,0,28.98,30,2127.27,0.01,0.02,6.4,0.0,Oct,3,2,2,2,Returning_Visitor,False,False
1,0.0,0,154.93,16,1268.33,0.02,0.03,-2.06,-0.01,Dec,1,1,6,2,Returning_Visitor,False,False
2,53.13,0,36.17,18,427.1666667,0.0,0.03,0.0,0.06,Mar,3,2,1,3,Returning_Visitor,True,False
2,69.43,0,-44.87,2,681.5,0.01,0.06,0.0,0.04,Oct,2,4,1,2,Returning_Visitor,False,False
1,19.0,0,0.0,120,3786.84,0.0,0.02,1.9,0.0,Nov,2,2,1,1,Returning_Visitor,False,False
0,0.0,0,0.0,41,1514.45,0.04,0.04,0.0,0.0,Jul,3,2,3,13,Returning_Visitor,False,False
3,115.65,1,67.14,10,1208.84,0.0,0.016666667,0.48,0.03,Oct,1,1,1,2,Returning_Visitor,False,False
3,94.18,0,10.97,26,385.0,0.0,0.02,9.45,0.6,May,3,2,3,2,Returning_Visitor,False,False
9,94.5,0,-13.38,51,24.83,0.016969697,0.014709835,-3.81,0.0,Nov,3,2,3,3,Returning_Visitor,False,True
2,57.33,0,14.45,21,747.0428571,0.017777778,0.05,0.0,0.0,Mar,2,2,1,1,Returning_Visitor,False,False
8,52.13,1,39.51,48,2074.401905,0.0,0.03,-6.61,0.0,Aug,2,2,3,1,Returning_Visitor,False,False
0,0.0,0,18.2,16,394.5580952,0.0,0.03,0.0,0.0,Nov,2,2,1,2,Returning_Visitor,False,False
0,-7.16,0,-6.74,18,1030.0,0.01,0.05,0.0,0.01,Mar,2,2,1,1,Returning_Visitor,False,False
4,0.0,1,133.31,25,783.6666667,0.006060606,0.027272727,0.0,0.0,Aug,2,2,1,3,Returning_Visitor,False,False
-3,-36.5,0,-50.13,-18,-1277.8,-0.0,0.05,74.14,0.03,Feb,2,4,7,2,Returning_Visitor,False,True
0,0.0,0,-26.49,24,1352.42,0.04,0.06,2.45,0.0,May,3,2,1,3,Returning_Visitor,False,False
6,76.19,0,-19.29,43,3778.345,0.010687023,0.05,-24.91,-0.07,Oct,2,2,1,1,Returning_Visitor,False,True
5,46.14285714,4,181.66,103,1346.630231,-0.0,-0.0,0.0,0.0,Nov,2,2,4,2,Returning_Visitor,True,False
0,0.0,0,-26.77,19,244.09,0.02,0.03125,22.319125,0.08,Mar,1,1,1,4,Returning_Visitor,True,False
1,6.0,0,14.15,28,1074.48,0.01,0.05,-0.3,0.0,Mar,2,2,9,1,Returning_Visitor,False,False
2,0.0,0,20.07,21,1499.89,0.019047619,0.021428571,0.0,0.0,Oct,1,2,3,1,Returning_Visitor,False,False
3,103.88,0,35.77,34,641.2,0.01,0.03,26.18852293,0.0,Jul,2,2,1,2,Returning_Visitor,False,True
3,0.0,0,-51.66,13,517.4,0.0,0.02,1.96,-0.01,Nov,2,2,2,4,Returning_Visitor,True,True
0,45.36,1,0.0,31,1450.71,0.01,0.022222222,18.79,0.15,May,1,2,3,2,Returning_Visitor,False,False
3,153.19,0,-4.28,37,1649.18,0.01,0.02,0.0,-0.0,Oct,2,2,2,2,Returning_Visitor,False,False
0,-8.76,0,-5.97,23,418.48,0.04,0.06,1.44,-0.01,Aug,2,2,4,1,Returning_Visitor,False,False
0,21.36,0,-15.71,26,1118.01,0.01,0.04,3.56,-0.0,Oct,2,2,1,2,Returning_Visitor,False,False
1,61.47,-1,-50.64,108,5459.967105,0.03,0.064680923,0.0,-0.08,Nov,1,1,1,1,Returning_Visitor,False,False
1,50.33333333,0,0.0,8,604.34,0.03,0.05,2.73,0.11,May,1,1,1,3,Returning_Visitor,False,False
5,174.0,0,0.0,30,1307.666667,0.01,0.03,3.6,0.0,Oct,2,2,1,2,Returning_Visitor,False,False
0,-14.16,0,0.0,4,47.0,0.1,0.14,0.0,0.0,Oct,1,1,7,1,Returning_Visitor,False,False
2,32.0,0,0.0,50,1245.3,0.004,0.0,1.67,0.0,Mar,2,2,7,2,Returning_Visitor,True,False
3,443.23,2,876.27,22,3277.39,0.0,0.04,-3.33,0.65,May,3,6,2,6,Returning_Visitor,False,True
5,106.27,1,125.0952381,17,318.0730159,0.008695652,0.05,-1.54,0.03,Jul,3,1,8,2,Returning_Visitor,False,False
7,98.73333333,2,229.8,151,2342.22,0.03,0.01,5.88595629,-0.2,Nov,3,5,6,4,Returning_Visitor,False,False
4,121.04,1,61.63,36,1610.916667,-0.0,0.007142857,7.08,0.0,Oct,2,2,1,2,Returning_Visitor,False,False
2,71.375,1,0.0,59,2335.633333,0.01,0.03,2.51591586,-0.02,Nov,1,1,9,11,Returning_Visitor,True,True
1,-103.34,0,534.69,9,3925.61,0.0,0.03,0.0,0.0,Sep,2,2,1,3,Returning_Visitor,False,False
0,15.09,0,-15.93,5,103.0,0.0,0.03,0.0,0.01,Nov,3,2,1,2,New_Visitor,False,False
4,83.5,0,0.0,9,430.5,0.0,0.02,13.71,0.04,Oct,2,2,1,5,Returning_Visitor,False,False
0,0.0,0,-4.14,10,-518.56,0.0,0.04,-2.63,0.0,Feb,1,8,7,3,Returning_Visitor,False,False
4,110.5,1,89.3,5,-39.99,0.0,0.01,10.01,0.0,Dec,2,2,1,2,Returning_Visitor,False,False
-2,-86.51,2,66.28,17,1548.08631,0.0,0.025925926,22.92341151,0.06,Mar,1,1,4,2,Returning_Visitor,True,False
1,-31.4,-1,20.0,84,1854.915556,0.004210526,0.03,3.170426459,-0.06,Jul,2,1,7,1,Returning_Visitor,False,False
1,44.7,0,13.43,10,519.5,0.02,0.06,0.23,0.0,Mar,1,1,1,1,Returning_Visitor,False,False
2,0.0,1,0.0,41,446.4166667,0.01,0.04,1.14,0.01,Nov,3,2,1,2,Returning_Visitor,False,False
3,73.76,0,-32.69,0,0.0,0.01,0.04,-0.52,0.0,Mar,3,2,6,1,Returning_Visitor,True,False
-1,0.0,0,-43.16,26,212.8333333,0.01,0.04,18.27,0.4,May,1,1,3,2,Returning_Visitor,False,False
9,196.21,0,30.05,25,852.13,0.016326531,0.03,4.54,0.0,Jul,2,2,1,1,Returning_Visitor,False,False
1,5.0,1,39.01,9,561.0940141,0.03,0.052507716,-0.27,0.05,Jul,2,2,1,13,Returning_Visitor,True,False
3,99.32,1,76.29,1,982.25,0.0,0.03,0.0,0.0,Oct,1,1,1,2,Returning_Visitor,False,False
0,0.0,0,0.0,3,144.66,0.03,0.075,3.31,0.0,Mar,2,2,3,1,Returning_Visitor,False,False
3,128.16,1,43.52,27,1274.41,0.0,0.03,0.0,0.0,Nov,1,1,1,2,Returning_Visitor,False,True
2,114.64,0,0.0,12,1095.86,0.066666667,0.07,0.0,0.21,Oct,4,2,1,1,Returning_Visitor,False,False
6,86.0,0,0.0,39,1334.01,0.0,0.026666667,23.6393946,0.0,Mar,2,2,2,3,Returning_Visitor,False,True
0,72.5,0,0.0,10,533.52,0.02,0.018181818,100.0963636,0.0,May,3,4,6,2,Returning_Visitor,False,True
3,82.81,1,35.33,23,1119.91,0.01,0.02,-0.21,0.0,Mar,1,1,1,2,Returning_Visitor,True,False
0,-0.44,0,-5.17,30,365.4,0.0,0.03,4.97,0.01,Mar,2,2,9,1,Returning_Visitor,False,False
2,106.8,0,-8.79,20,1575.13,0.0,0.00625,0.0,0.03,Oct,1,2,3,2,New_Visitor,False,False
0,0.0,0,0.0,18,391.5833333,0.0,0.01,5.67,0.03,Oct,2,2,9,2,New_Visitor,False,False
2,110.9,2,18.0,1,46.0,0.0,0.0,0.0,0.0,Oct,3,2,9,10,Returning_Visitor,False,False
1,33.0,0,-0.71,30,1796.43,0.0,0.01,0.0,0.0,Oct,2,2,1,6,New_Visitor,False,True
2,16.9,0,0.0,3,-65.72,0.2,0.2,0.53,0.11,May,1,1,3,3,Returning_Visitor,False,False
3,22.69,0,-12.51,6,410.91,0.01,0.04,0.0,0.0,Mar,3,2,2,1,Returning_Visitor,True,False
2,84.33333333,1,8.79,55,3323.53,0.01,0.0,56.51,0.0,May,4,2,6,2,Returning_Visitor,False,False
3,132.15,0,0.0,30,1224.75,0.0,0.007142857,7.77,0.02,Oct,2,2,1,2,Returning_Visitor,False,True
1,120.82,0,-109.17,331,9839.38,-0.01,0.0,165.86,0.12,Sep,2,7,7,4,Returning_Visitor,False,False
5,237.25,1,0.0,12,454.2261905,-0.01,0.06,0.0,0.42,May,2,6,8,16,Returning_Visitor,True,False
3,-225.08,5,176.0,43,1420.733333,-0.03,0.0,102.3538378,-0.15,May,2,4,7,4,New_Visitor,False,True
-2,-27.76,0,-39.18,3,-1355.01,0.1,0.14,0.0,-0.02,Nov,1,1,7,2,Returning_Visitor,False,False
0,-18.06,0,-2.43,29,1162.36,0.0,0.04,0.0,0.01,Mar,2,2,1,1,Returning_Visitor,False,False
0,-39.41,0,-10.41,3,835.64,0.01,0.066666667,10.22,0.07,Dec,2,2,1,2,New_Visitor,False,False
2,131.5,0,40.04,40,1960.475,0.007407407,0.024074074,4.83,-0.01,Nov,1,1,1,2,Returning_Visitor,False,True
2,93.19,0,53.3,23,1117.333333,0.0,0.02,4.97,0.0,Mar,2,2,1,2,Returning_Visitor,False,False
1,41.41,0,0.0,10,503.35,0.01,0.04,2.92,0.01,Oct,2,2,1,1,Returning_Visitor,False,True
0,-4.88,0,6.72,62,2294.27,0.003225806,0.03,0.0,-0.02,Jul,2,2,4,1,Returning_Visitor,False,False
4,133.28,0,36.82,45,1948.713745,0.001724138,0.02,14.69293103,-0.0,Mar,2,2,1,2,Returning_Visitor,False,True
5,142.0,0,0.0,31,1586.92,0.015,0.02,0.0,-0.01,Oct,2,2,3,2,Returning_Visitor,False,False
4,114.81,1,49.47,33,1363.41,0.00167364,0.02,1.7,0.0,Oct,2,2,1,2,Returning_Visitor,False,True
1,0.0,0,0.0,24,951.94,0.0,0.02,9.5,0.02,Dec,2,2,1,2,Returning_Visitor,False,False
3,57.43,0,13.96,43,1824.69,0.01,0.03,2.4,0.06,Oct,4,1,2,3,Returning_Visitor,False,False
3,-16.0,0,0.0,5,-1261.68,0.0,0.02,134.24,0.0,Dec,3,2,8,16,Returning_Visitor,False,False
1,20.72,-1,0.0,12,1706.23,0.01,0.030769231,13.83,0.0,Dec,2,2,1,6,New_Visitor,False,False
1,201.81,0,36.69,30,1864.97,0.0,0.0,101.21,-0.01,May,1,2,4,2,New_Visitor,False,False
14,720.92,9,1401.8,79,1069.16829,-0.0,0.013,0.0,-0.11,Jul,2,5,1,3,Returning_Visitor,True,False
-3,80.5,-1,-109.12,-43,-1510.44,0.06,0.11,0.0,-0.03,Nov,4,2,1,6,New_Visitor,False,False
1,40.5,0,0.0,133,4815.701606,0.003731343,0.011738458,-1.34,-0.03,Nov,2,2,3,2,Returning_Visitor,False,True
0,148.25,-2,-28.19,22,179.9583333,0.02,-0.01,-10.26,0.0,May,1,1,5,8,New_Visitor,True,True
0,-29.06,0,29.25,8,17.0,0.0,0.04,-4.66,0.0,May,1,8,2,3,Returning_Visitor,False,False
0,37.23,0,-26.72,37,1492.27,0.02,0.04,1.28,0.0,Oct,2,2,1,2,Returning_Visitor,False,False
5,239.65,4,1223.67,132,4096.15859,0.012738095,0.01,8.960747931,0.32,Dec,2,2,5,2,Returning_Visitor,False,True
-2,5.0,1,28.36,125,3507.010877,0.0,0.013874153,0.0,-0.04,Nov,4,1,1,2,Returning_Visitor,False,False
1,-69.47,4,-131.12,127,1065.12,0.004347826,0.005555556,56.79,0.0,Aug,2,2,5,2,Returning_Visitor,True,False
7,398.0,0,78.44,27,1827.6,0.02,0.03,7.32,0.0,Oct,1,2,1,2,Returning_Visitor,False,True
1,45.4,0,73.52,47,1073.16,0.019512195,0.05,-18.05,0.0,Oct,4,1,3,3,Returning_Visitor,False,False
4,101.27,1,55.58,16,529.3333333,0.0,0.03,52.17,0.0,Mar,1,4,2,2,Returning_Visitor,False,False
3,104.21,0,29.05,32,1425.583333,0.01,0.03,2.31,0.0,Mar,2,2,1,2,Returning_Visitor,False,False
0,0.0,1,-34.12,8,237.42,0.01,0.108333333,0.0,-0.04,Nov,3,12,1,3,Returning_Visitor,False,True
3,82.95,1,53.94,15,608.4166667,0.0,0.02,6.15,0.0,Oct,2,2,1,2,Returning_Visitor,False,False
5,46.0,2,71.03,33,35.71,0.0,0.01547619,10.84440741,0.01,Mar,2,1,9,2,Returning_Visitor,True,False
4,84.86,0,-43.28,31,127.0,-0.0,0.016666667,0.0,0.15,May,2,4,4,3,Returning_Visitor,False,False
2,92.79,0,87.56,9,772.73,0.022222222,0.044444444,0.0,0.0,Mar,1,1,3,2,Returning_Visitor,False,False
0,0.0,0,-2.68,12,342.73,0.018181818,0.054545455,-1.45,0.02,Mar,2,2,3,1,Returning_Visitor,False,False
2,80.12,1,21.16,20,864.36,0.01,0.01955353,1.6,-0.04,Oct,2,2,4,2,Returning_Visitor,True,False
0,-5.87,4,84.25,45,2596.204762,0.006103286,0.04,-2.27,-0.04,Oct,2,2,1,2,Returning_Visitor,True,False
1,38.5,0,0.0,15,292.15,0.03,0.07,0.0,0.0,Nov,1,1,1,2,Returning_Visitor,False,False
3,108.75,0,-8.08,29,1314.31,-0.0,0.02,-7.18,0.04,Oct,3,2,3,1,Returning_Visitor,False,False
5,279.28,0,0.0,13,577.22,-0.0,0.0,16.81,0.01,Oct,1,2,3,2,New_Visitor,False,True
1,0.0,0,-14.23,1,0.0,0.03,0.07,0.0,0.04,Oct,4,1,1,3,Returning_Visitor,True,False
0,-20.52,0,29.65,-9,-727.21,0.031578947,0.07,0.0,0.07,May,1,1,3,3,Returning_Visitor,False,False
6,96.0,3,753.54,50,2091.662821,0.0,-0.01,6.147633803,0.0,Nov,3,2,6,4,Returning_Visitor,True,False
0,83.45,0,0.0,69,3998.333333,0.002439024,0.041869919,0.0,-0.05,May,2,2,4,1,Returning_Visitor,False,False
2,11.0,0,71.39,38,811.75,0.02,0.04,0.0,-0.02,June,3,2,2,3,Returning_Visitor,False,False
1,0.0,0,0.0,21,312.6666667,0.01,0.033333333,3.85,0.06,Oct,1,1,1,4,Returning_Visitor,True,False
2,66.25,0,30.33,2,6.0,0.0,0.02,2.27,0.03,Oct,2,2,9,2,Returning_Visitor,False,False
4,106.07,0,50.37,46,2423.75,0.0,0.02,-4.87,0.0,Oct,1,1,3,2,Returning_Visitor,False,True
1,53.87,0,-5.51,20,929.05,0.01,0.04,3.24,-0.0,Oct,2,2,1,2,Returning_Visitor,False,False
5,162.83,1,90.01,3,972.49,0.0,0.02,4.1,0.04,Oct,1,2,1,2,Returning_Visitor,True,False
2,131.02,0,0.0,15,931.53,0.01,0.03,16.36,0.12,May,4,1,2,3,Returning_Visitor,False,False
11,498.6,0,66.61,25,681.47,0.01,0.01,5.689147469,-0.02,Jul,2,2,4,1,Returning_Visitor,True,True
1,0.0,0,-68.07,-39,-2180.48,0.07,0.116666667,0.0,0.0,Nov,4,1,9,3,Other,False,True
2,34.2,2,136.27,18,-96.56,-0.01,0.017894737,5.24,0.01,Mar,2,2,1,2,Returning_Visitor,False,False
4,112.0,0,59.45,4,111.6666667,0.0,0.03,0.0,0.03,Mar,2,2,1,1,Returning_Visitor,False,False
0,0.0,0,0.0,38,1545.64,0.01,0.03,4.02,0.0,Nov,2,2,2,2,Returning_Visitor,False,False
0,14.74,0,-36.46,9,1239.92,0.0,0.01,29.31555556,-0.02,May,2,2,1,4,Returning_Visitor,True,True
1,9.0,0,-76.12,12,1099.56,0.0,0.023076923,9.641076923,0.4,May,2,2,4,2,New_Visitor,True,True
1,41.31,-1,4.0,18,711.3630952,-0.0,0.002040816,0.0,0.02,Oct,2,2,9,6,New_Visitor,False,False
2,78.2,0,0.0,23,1147.03,0.017391304,0.032608696,3.21,0.02,Mar,2,2,1,2,Returning_Visitor,False,False
1,0.0,1,6.38,17,954.4702381,0.01,0.05,-4.89,0.08,Mar,3,2,1,1,Returning_Visitor,True,False
1,11.0,-1,0.0,51,1377.62,0.010588235,0.022643039,-5.8,0.0,Mar,3,1,6,3,Returning_Visitor,True,False
6,748.23,0,0.0,25,349.6969697,0.0,0.02,20.83,0.0,Oct,1,2,1,2,New_Visitor,False,False
3,36.0,0,16.67,19,1661.75,0.0,0.023529412,-4.5,0.02,Oct,2,2,3,2,Returning_Visitor,False,False
6,296.17,0,0.0,31,441.7916667,0.02,0.018181818,18.16,0.0,Oct,4,1,1,3,Returning_Visitor,False,False
1,0.0,0,0.0,17,797.03,0.05,0.075,-0.58,0.0,Oct,1,2,1,1,Returning_Visitor,False,False
0,27.7,0,0.0,15,638.89,0.025,0.05,-0.27,0.03,Mar,1,1,1,1,Returning_Visitor,False,False
0,0.0,0,-18.04,26,1131.46,0.01,0.04,2.47,0.0,Mar,2,2,1,1,Returning_Visitor,False,False
0,25.53,0,24.18,1,0.0,0.2,0.21,-1.1,0.03,Feb,2,2,4,1,Returning_Visitor,False,False
1,59.51,0,-5.96,-71,-3457.16,0.2,0.19,0.0,0.0,Mar,3,2,1,3,Returning_Visitor,True,False
0,0.0,1,33.19,5,382.74,0.0,0.0125,10.48,0.0,Mar,2,2,1,2,Returning_Visitor,True,False
0,38.04,1,2.04,28,105.6166667,0.02,0.06,-5.8,0.0,Nov,1,1,4,2,Returning_Visitor,False,False
9,154.23,0,-43.98,185,4409.3,0.01,0.011546722,11.67,-0.01,Nov,2,2,1,3,Returning_Visitor,True,True
-6,94.83333333,8,1115.86,96,-470.53,0.02,0.06,24.08,0.35,June,2,5,1,4,Returning_Visitor,True,False
4,41.98,1,29.2,77,4318.668082,0.002520046,0.04,6.41,0.01,Jul,2,4,1,2,Returning_Visitor,True,False
11,281.75,2,144.5,249,7009.095996,0.0,0.03,-15.94,1.08,May,2,2,1,3,Returning_Visitor,True,False
0,-41.68,0,4.78,20,800.05,0.01,0.04,-3.58,0.0,Dec,2,1,3,2,Returning_Visitor,False,False
1,81.0,1,0.0,31,914.5,0.0,0.014285714,7.1,-0.05,Oct,1,8,2,11,Returning_Visitor,True,True
2,47.5,0,-3.51,36,472.4166667,0.02,0.032985131,-4.81,-0.03,May,2,1,5,3,Returning_Visitor,False,False
0,0.0,0,-12.12,-9,234.8,0.05,0.119230769,-6.98,-0.02,Jul,3,2,3,13,Returning_Visitor,False,False
0,14.23,0,-1.27,22,795.3611111,0.03,0.07,0.88,0.0,May,3,2,1,3,Returning_Visitor,False,False
0,22.43,0,3.78,6,-374.81,0.21,0.2,0.0,0.02,May,3,2,1,3,Returning_Visitor,False,False
1,0.0,0,0.0,11,398.6944444,0.014814815,0.059259259,-1.63,-0.03,Nov,4,8,1,3,Returning_Visitor,False,False
4,106.6,0,0.0,32,1518.72,0.0,0.01,5.83,0.01,Mar,2,2,1,2,Returning_Visitor,False,False
3,120.3,0,0.0,46,1249.84,0.01,0.02,5.07,-0.02,May,2,2,4,4,Returning_Visitor,True,False
0,-8.57,0,-9.63,26,1157.37,0.01,0.05,7.29,0.0,Oct,1,8,3,11,Returning_Visitor,False,False
5,95.0,1,28.83,26,540.99,0.02,0.03,0.0,0.0,Mar,3,2,1,3,Returning_Visitor,True,False
3,196.4,0,10.04,9,-564.55,-0.01,-0.01,-2.88,0.0,Sep,1,8,6,2,Returning_Visitor,False,False
0,0.0,0,902.28,40,291.2,0.16,0.186666667,0.0,0.77,Feb,3,2,8,3,Returning_Visitor,False,False
9,332.8,2,980.16,148,4010.064286,0.01,0.01,5.03,0.84,May,1,2,7,2,Returning_Visitor,False,False
3,123.59,0,44.0,35,1304.21,0.01352657,0.021901262,1.71,-0.02,Mar,2,2,2,2,Returning_Visitor,False,False
3,57.4,0,0.0,21,928.6,0.0,0.008695652,46.07,-0.01,Sep,2,4,4,1,New_Visitor,False,False
-12,0.0,-3,-2.1,3,-2839.91,0.04,0.1,0.0,1.14,Sep,3,6,1,11,Returning_Visitor,True,False
3,45.01,0,20.83,37,70.0,0.0,0.033333333,4.94,0.8,May,3,2,2,2,Returning_Visitor,True,False
0,0.0,0,0.0,97,3840.98,0.0,0.02,3.02,-0.02,Nov,2,2,1,2,Returning_Visitor,False,False
-1,-10.68,0,0.0,8,382.25,0.018181818,0.063636364,1.26,0.0,Mar,2,2,4,1,Returning_Visitor,False,False
5,215.0,0,-40.5,17,1481.429167,0.03,0.04,56.31760103,0.0,Feb,4,1,1,11,Returning_Visitor,True,True
2,34.67,0,0.0,7,-190.22,0.03,0.06,0.9,0.03,Oct,1,1,1,3,Returning_Visitor,True,False
1,8.0,0,0.0,27,1137.56,0.0,0.019047619,12.03,0.02,Mar,2,2,3,2,Returning_Visitor,False,False
6,178.98,0,0.0,12,807.13,0.0,0.001666667,0.0,0.01,Mar,3,2,2,20,Returning_Visitor,True,False
1,33.5,0,0.0,34,1181.85119,0.01,0.03515625,0.0,0.0,Oct,2,2,9,1,Returning_Visitor,False,True
2,58.0,0,45.66,11,1686.07,0.02,0.04,2.43,0.0,Mar,3,2,2,1,Returning_Visitor,False,True
0,0.0,0,-1.84,25,1033.01,0.01,0.04,0.0,0.02,Mar,2,2,1,1,Returning_Visitor,False,False
6,264.8095238,0,3.98,35,1375.18,0.009756098,0.035656214,0.0,0.05,Dec,2,2,1,2,Returning_Visitor,False,False
1,8.0,6,46.94,35,-36.29,0.06,0.06,0.0,0.12,May,2,5,5,9,Returning_Visitor,True,False
3,49.5,0,-34.84,45,1672.94,-0.01,0.03,20.97144,0.0,Mar,2,4,3,2,Returning_Visitor,False,True
1,7.0,-1,-21.02,29,2040.79,0.0,0.025,11.87,0.0,Mar,2,2,2,2,Returning_Visitor,False,False
17,159.95,4,255.5,45,-804.25,-0.01,-0.01,19.95,0.43,May,2,2,3,3,Returning_Visitor,False,False
-1,31.97,0,8.22,-2,55.5,0.0,0.04,0.0,0.07,Mar,2,2,1,6,New_Visitor,False,False
4,15.0,0,0.0,12,551.13,0.030769231,0.048717949,0.0,0.0,Mar,1,1,1,3,Returning_Visitor,True,False
0,-40.56,-1,0.0,28,97.16666667,0.04,0.033333333,0.0,0.0,May,1,1,5,3,Returning_Visitor,False,False
-2,152.75,6,145.8,127,5056.51,0.01,0.017025608,33.85339122,0.0,Aug,3,5,2,9,Returning_Visitor,True,True
1,24.0,0,60.05,11,408.92,0.016666667,0.05,0.0,-0.02,Mar,1,1,3,2,Returning_Visitor,False,False
2,0.0,0,-77.66,-18,-1225.31,0.2,0.19,0.0,0.05,Dec,2,2,4,2,Returning_Visitor,True,False
2,68.79,0,-15.29,23,852.7666667,0.02,0.04,3.63,0.04,May,2,2,1,3,Returning_Visitor,False,False
0,6.82,0,-2.37,16,1235.52,0.0,0.02,0.0,0.0,Nov,2,2,1,6,New_Visitor,False,False
4,167.65,1,23.2,23,777.54,0.02,0.041156463,0.0,-0.01,Feb,3,2,4,1,Returning_Visitor,False,False
6,119.84,1,93.23,51,2041.23355,-0.01,0.00786268,5.911452178,0.0,Nov,2,4,6,2,Returning_Visitor,False,True
2,19.8,0,37.55,2,1253.88,0.0125,0.05,-19.52,0.0,Sep,2,8,6,5,New_Visitor,False,True
3,67.2,0,-118.56,46,1461.34,0.0,0.012244898,103.58,0.0,Jul,4,2,8,2,Returning_Visitor,False,True
0,4.0,0,2.02,5,185.8333333,0.03,0.07,0.0,0.0,Mar,1,1,9,1,Returning_Visitor,False,False
2,0.92,1,70.83,37,758.4428571,-0.02,0.02,-13.46,0.0,Mar,1,8,3,1,Returning_Visitor,False,False
2,65.4,0,0.0,22,1307.14,0.017857143,0.05,0.0,0.0,Oct,2,2,9,1,Returning_Visitor,False,False
3,84.81,1,99.74,22,811.06,0.0,0.02,-3.4,-0.0,Oct,2,2,4,2,Returning_Visitor,True,True
2,-40.68,0,-48.04,27,58.02,-0.02,-0.0,7.868980948,-0.07,Nov,1,8,6,9,Returning_Visitor,False,True
3,155.5,3,121.0,8,591.82,-0.0,0.01,24.14,0.0,Oct,2,2,1,10,Returning_Visitor,False,False
1,5.0,0,0.0,21,454.53,0.06,0.08,0.0,0.27,May,3,2,4,3,Returning_Visitor,False,False
-4,-15.54,0,0.0,-23,109.5,0.08,0.13,0.0,0.4,May,3,2,1,13,Returning_Visitor,False,False
4,173.34,0,-29.94,53,2465.18,0.0,0.0125,4.04,0.01,Oct,2,2,1,2,Returning_Visitor,False,False
0,22.91666667,0,-21.44,15,221.25,0.014814815,0.05,1.95,-0.02,Nov,2,2,2,2,Returning_Visitor,False,False
1,38.48,0,13.3,8,148.75,0.01,0.05,0.0,0.0,Mar,2,2,9,1,Returning_Visitor,False,False
0,45.0,1,2.12,25,819.8333333,0.0,0.01,13.39,0.0,May,3,2,7,4,Returning_Visitor,False,False
4,77.17,1,45.75,20,255.75,0.0,0.028421053,0.0,0.01,Oct,2,2,9,2,Returning_Visitor,False,False
2,66.67,0,0.0,5,220.2666667,0.03,0.06,2.54,0.0,Oct,4,1,1,7,New_Visitor,True,True
2,28.76,0,45.29,14,175.6666667,0.0,0.03,0.0,0.03,Mar,2,2,3,2,Returning_Visitor,False,False
1,0.0,1,-22.5,10,383.5,-0.0,0.04,0.0,-0.04,Nov,1,1,9,6,New_Visitor,True,False
7,198.69,0,-115.62,9,396.1666667,0.01,0.04,0.0,-0.01,Nov,3,2,8,13,Returning_Visitor,False,False
2,0.0,0,-108.23,2,826.65,0.0,0.05,10.77,0.11,Oct,2,4,3,2,Returning_Visitor,True,False
0,0.0,0,0.0,12,1041.1,0.03,0.05,2.47,-0.02,Feb,3,2,6,1,Returning_Visitor,False,False
8,132.94,1,9.81,16,742.2095238,0.0,0.04,-6.39,0.07,Nov,1,1,3,5,New_Visitor,True,True
1,34.97,0,36.56,32,690.2541667,0.01,0.03,10.05608631,0.0,Dec,2,2,9,2,Returning_Visitor,False,False
5,127.8,0,0.0,76,766.8238095,0.0,0.0,-2.94,0.26,Aug,1,8,4,1,Returning_Visitor,False,True
0,0.0,-3,0.0,1,0.0,-0.03,0.09,0.0,1.92,May,1,10,3,13,New_Visitor,True,False
0,0.0,0,11.96,7,-565.1,0.01,0.06,1.87,-0.0,Mar,2,4,5,1,Returning_Visitor,False,False
2,81.0,1,0.0,19,285.6166667,0.01,0.05,3.78,0.0,Nov,2,2,1,2,Returning_Visitor,False,False
0,41.59,0,0.0,16,1271.92,0.0,0.03,6.4,0.0,Oct,2,2,1,2,Returning_Visitor,False,False
0,39.0,0,0.0,13,176.8,0.01,0.0375,0.34,0.0,Mar,3,2,3,1,Returning_Visitor,False,False
15,349.4,2,-188.44,98,2806.829918,0.01314475,0.039029125,20.79,0.1,Nov,2,2,1,2,Returning_Visitor,True,False
-2,-63.99,0,0.0,-1,829.43,0.0,0.04,-5.31,-0.01,Oct,1,1,7,2,New_Visitor,True,False
3,68.51,0,0.0,32,1530.32,0.0,0.02,5.49,0.0,Mar,2,2,1,2,Returning_Visitor,False,False
0,0.0,0,-116.68,-60,-6072.54,0.006060606,0.11,-34.82,-0.11,Oct,2,4,5,3,Returning_Visitor,False,False
0,19.12,0,0.0,25,1041.18,0.01,0.04,2.44,-0.0,Oct,3,2,1,2,Returning_Visitor,False,False
8,145.09,0,276.0,-17,641.8,0.006451613,0.013978495,0.0,0.01,Oct,4,2,1,3,Returning_Visitor,True,False
0,-31.66,0,0.0,2,0.0,0.22,0.2,6.17,0.05,Nov,8,1,9,3,Returning_Visitor,False,False
13,839.88,5,224.06,180,8217.678753,0.01,0.01,76.45,0.16,Sep,2,2,3,10,Returning_Visitor,False,True
5,94.15,0,2.02,29,1024.62,0.0,0.01,5.73,0.02,Oct,2,2,3,2,Returning_Visitor,False,False
4,123.4,0,0.13,32,847.46,0.005,0.02,3.81,0.01,Oct,1,1,9,1,Returning_Visitor,False,False
2,48.97619048,1,138.24,40,1202.76,0.0,0.016324111,-4.27,0.0,Dec,1,1,4,2,Returning_Visitor,False,False
2,0.0,0,0.0,46,2787.75,0.02,0.04,1.04,0.0,Oct,1,1,1,3,Returning_Visitor,False,False
2,73.26,0,12.14,21,504.0833333,0.0,0.019047619,4.99,0.01,Oct,3,2,2,2,Returning_Visitor,False,False
4,108.65,0,0.0,31,1230.82,0.0,0.0,-2.6,0.02,Nov,2,2,1,6,New_Visitor,False,False
0,0.0,0,0.0,39,1636.18,0.0,0.020243418,7.97,-0.01,Mar,2,2,2,2,Returning_Visitor,False,False
-2,-22.81,0,0.0,6,-744.99,0.066666667,0.11,0.0,0.06,Mar,3,2,3,1,Returning_Visitor,False,False
1,34.91666667,0,-6.86,21,966.07,0.02,0.05,0.0,0.0,Oct,2,2,1,1,Returning_Visitor,False,False
0,-74.4,0,0.0,21,499.5,0.0,0.08,-5.63,0.8,May,2,2,1,5,Returning_Visitor,False,False
7,212.62,1,36.43,11,1227.75,0.0,0.015277778,58.06,0.28,May,1,1,8,10,Returning_Visitor,False,True
2,0.0,0,15.75,35,1321.93,0.0,0.029411765,0.0,-0.0,Mar,2,2,3,1,Returning_Visitor,False,False
2,47.0,0,0.0,4,34.5,0.0,0.026666667,0.0,0.01,Oct,3,2,3,1,Returning_Visitor,False,False
0,17.9,0,-18.25,13,355.1666667,0.02,0.056410256,1.9,0.0,Oct,3,2,9,1,Returning_Visitor,False,False
1,51.05,0,-7.23,28,1154.01,0.01,0.04,3.44,-0.0,Oct,2,2,1,2,Returning_Visitor,False,False
0,0.0,1,-5.91,1,-490.02,0.1,0.2,2.48,0.0,Mar,2,4,1,2,Returning_Visitor,False,False
-1,0.0,0,0.0,7,-99.73,0.028571429,0.07,-4.86,0.0,Nov,1,1,6,2,Returning_Visitor,False,False
3,85.92,0,23.54,45,1683.66,0.004038462,0.021947073,2.2,-0.01,Mar,2,2,1,2,Returning_Visitor,False,True
0,-57.79,1,348.39,47,47.0,0.03,0.08,0.0,-0.06,Nov,2,2,9,3,Returning_Visitor,False,False
0,14.62,1,27.86,41,1507.7,0.01,0.035714286,0.0,-0.01,Nov,2,2,1,2,Returning_Visitor,False,False
3,120.51,0,0.0,12,1282.06,0.02,0.028205128,4.76,0.0,May,2,2,1,4,Returning_Visitor,False,False
3,109.77,0,0.0,35,1770.05,0.007526882,0.019247312,8.126193548,-0.0,Oct,2,2,1,2,Returning_Visitor,False,True
-3,-180.16,-1,-51.23,7,-2377.7,0.028571429,0.03,0.0,-0.13,Oct,4,1,7,3,Returning_Visitor,False,False
1,0.0,0,26.11,14,-65.22,0.036363636,0.08,5.82,0.04,May,1,1,2,3,Returning_Visitor,False,False
3,62.29,1,0.0,33,1820.566667,0.0,0.04,-5.62,0.04,May,2,2,4,19,Returning_Visitor,False,False
-5,-84.77,0,1.22,-9,249.27,0.02,0.066666667,10.36,0.05,May,2,2,1,4,Returning_Visitor,False,False
6,-140.73,5,936.89,-4,-882.39,0.0,-0.01,0.0,-0.26,Nov,1,1,1,3,Returning_Visitor,False,True
5,162.22,0,20.63,49,2980.889179,0.001851852,0.010139398,3.45,0.0,May,2,2,4,4,Returning_Visitor,False,False
10,156.02,0,126.5,51,1853.286538,0.01,0.01,-20.12,0.0,Dec,1,1,6,1,Returning_Visitor,False,False
2,83.25,1,0.0,152,4993.35,0.0,0.005971036,4.25,0.0,Nov,2,2,1,2,Returning_Visitor,False,True
3,66.67,0,0.0,26,1296.183333,0.02,0.060344828,-0.95,-0.02,Mar,2,2,1,1,Returning_Visitor,False,False
9,377.5128205,0,265.0,60,2062.890972,0.02,0.026580162,6.11,0.03,Nov,1,2,1,1,Returning_Visitor,False,True
4,44.78,0,-36.23,3,9.57,0.2,0.2,0.0,0.0,Dec,1,1,4,1,Returning_Visitor,False,False
0,0.0,1,-10.65,-8,401.38,0.01,0.015636704,7.77,0.05,Mar,3,2,3,10,Returning_Visitor,True,False
3,104.09,0,0.0,25,655.7833333,0.0,0.013782051,17.61,0.01,Mar,1,1,3,2,Returning_Visitor,False,False
2,91.0,2,232.8,246,7684.29,0.03,0.024959839,12.4,0.0,Aug,1,1,4,3,Returning_Visitor,False,False
0,-6.19,0,-6.48,10,308.59,0.05,0.08,0.0,0.06,May,1,1,1,3,Returning_Visitor,False,False
8,88.0,12,1174.0,85,6014.398401,0.01,0.02,12.51,-0.25,Feb,3,2,1,2,Returning_Visitor,True,True
0,27.75,0,0.0,13,457.94,0.02,0.05,1.48,0.03,Oct,4,1,1,3,Returning_Visitor,False,False
24,245.54,0,-428.11,7,-3331.11,-0.01,0.018181818,0.0,0.0,Nov,2,5,1,7,New_Visitor,True,False
0,0.0,-1,14.19,19,295.8333333,0.0,0.010526316,0.0,0.07,Dec,3,2,1,6,New_Visitor,False,False
0,0.0,0,0.0,5,767.82,-0.0,0.05,2.99,0.0,Oct,1,8,3,11,Returning_Visitor,True,True
0,0.0,1,-37.42,-29,-43.14,0.0,0.2,0.0,0.0,Dec,2,13,3,13,Other,False,False
1,-37.18,0,23.09,10,240.4166667,0.018181818,0.04,44.07,0.0,Feb,1,1,3,4,New_Visitor,True,False
4,139.61,0,37.39,46,2636.513492,0.01,0.02,1.52,-0.01,Oct,2,2,1,2,Returning_Visitor,False,False
1,0.0,4,21.0,43,3055.4,0.02,0.018115942,14.1,0.62,May,2,6,2,1,Returning_Visitor,True,False
1,97.75,0,41.76,53,2241.5,-0.0,0.026923077,0.0,0.4,May,4,2,1,20,Other,False,False
2,375.1,0,-36.1,22,-2765.88,0.018181818,0.031818182,0.0,0.0,Mar,1,5,7,1,Returning_Visitor,False,False
4,90.36,1,42.45,25,1330.54,0.0,0.03,8.01,0.0,Mar,2,4,2,2,Returning_Visitor,False,False
5,72.57333333,10,208.6,27,1478.78,0.005,0.029166667,0.0,0.32,Sep,2,12,3,14,Returning_Visitor,False,True
4,164.57,0,13.25,45,1093.72,0.005333333,0.01,-4.15,0.02,Oct,4,1,1,4,Returning_Visitor,False,False
0,0.0,0,0.0,4,52.0,0.03,0.07,0.84,0.0,Mar,1,1,9,1,Returning_Visitor,False,False
10,216.74,0,47.02,16,690.5666667,0.0,0.03,-4.43,-0.0,Jul,3,4,8,2,Returning_Visitor,False,True
7,82.31,0,75.96,18,1389.92,0.0,-0.01,23.24,0.2,May,1,1,1,7,New_Visitor,False,False
4,90.13,0,37.83,35,1487.77,0.0,0.0125,4.29,0.0,Mar,2,2,1,2,Returning_Visitor,False,False
0,68.25,0,0.0,122,1945.321429,0.02,0.033333333,0.0,0.24,May,2,4,1,4,Returning_Visitor,False,False
1,7.0,0,4.74,36,1170.99,0.01,0.0375,0.0,0.0,Oct,2,2,9,2,Returning_Visitor,False,False
3,79.41,0,0.0,25,320.5,0.0,0.02,0.0,0.05,Oct,1,1,3,4,Returning_Visitor,False,False
2,57.72,0,0.0,25,1394.21,0.0,0.01,11.13171429,0.02,Oct,2,2,1,2,New_Visitor,False,True
0,0.0,0,-21.2,30,989.93,0.0,0.04,10.96,0.04,Oct,4,1,1,3,Returning_Visitor,True,False
1,46.92,0,1.71,41,730.45,0.03,0.06,14.64,0.15,Feb,2,1,4,3,Returning_Visitor,False,True
0,0.0,-1,-38.44,66,3888.166667,0.02,0.031111111,0.0,0.0,Mar,2,2,3,1,Returning_Visitor,False,False
2,98.75,0,-10.92,22,683.1653846,0.01,0.04,4.39,0.01,Oct,2,2,1,2,Returning_Visitor,False,False
0,0.0,0,17.05,29,555.05,0.0,0.047183099,0.0,0.6,May,2,2,1,2,Returning_Visitor,False,False
0,0.0,0,0.0,60,2529.12,0.013793103,0.04,1.84,-0.01,Nov,2,2,1,1,Returning_Visitor,False,False
0,0.0,0,8.7,18,1432.34,0.01,0.05,3.77,0.0,Mar,2,2,1,1,Returning_Visitor,False,False
3,174.51,0,-0.56,29,300.6666667,0.01,0.025,0.09,0.0,Oct,3,2,1,4,Returning_Visitor,False,False
0,-1.61,0,0.0,26,337.14,0.04,0.086538462,-3.7,0.01,Mar,2,2,9,1,Returning_Visitor,False,False
5,16.2,1,7.42,43,1148.166667,0.01,0.06,7.518979759,0.0,Nov,2,2,1,1,Returning_Visitor,False,True
0,0.0,0,0.0,29,232.0,0.02,0.06,0.0,-0.0,Jul,1,1,6,2,Returning_Visitor,True,False
3,103.86,1,40.1,26,646.41,0.0,0.04,54.85543,0.0,June,2,4,2,2,Returning_Visitor,False,False
1,65.16666667,0,-78.88,31,-296.44,0.0,0.008823529,118.52,0.3,May,3,2,8,4,Returning_Visitor,False,False
1,43.54,0,4.0,17,887.19,-0.01,0.010526316,37.31,0.01,Mar,2,4,6,2,Returning_Visitor,False,False
2,118.2,0,0.0,18,1748.0,0.02,0.04,6.55,0.1,May,2,2,1,1,Returning_Visitor,False,False
0,16.45,0,2.82,1,0.0,0.2,0.2,-3.74,-0.0,Oct,2,2,4,1,Returning_Visitor,False,False
-4,0.0,0,0.0,2,31.58,0.01,0.05,0.0,-0.01,Nov,2,2,9,2,New_Visitor,False,False
0,0.0,0,0.0,-8,378.3,0.05,0.09,-6.92,0.11,Mar,1,1,1,2,Returning_Visitor,True,False
1,31.68,0,16.01,10,5.333333333,0.033333333,0.07,0.0,-0.01,Nov,2,2,1,1,Returning_Visitor,False,False
1,33.0,0,0.0,11,182.5833333,0.0,0.03,5.87,0.0,Mar,2,2,9,1,Returning_Visitor,False,False
1,46.38,1,-58.44,16,1095.658333,0.017857143,0.01547619,60.73155753,0.0,Mar,1,1,1,10,Returning_Visitor,True,True
0,0.0,1,52.93,-31,-2113.31,0.0,0.1,-7.97,0.09,Mar,3,2,3,1,Returning_Visitor,False,False
1,21.43,0,0.0,3,1017.03,0.01,0.025,3.45,0.05,Mar,2,2,1,6,New_Visitor,False,False
1,-0.43,0,0.0,4,7.0,0.0,0.05,2.55,0.0,Mar,2,2,9,1,Returning_Visitor,False,False
0,0.0,0,0.0,12,276.0,0.01,0.05,2.41,0.0,Mar,2,2,1,1,Returning_Visitor,False,False
-1,0.0,0,0.0,1,0.0,0.2,0.2,-2.88,0.05,May,2,2,1,1,Returning_Visitor,False,False
2,80.93,2,30.0,29,1114.916667,-0.01,0.03,0.0,0.0,Mar,3,2,5,2,Returning_Visitor,False,False
0,0.0,0,0.0,5,-167.16,0.04,0.08,0.17,0.02,Mar,1,1,9,1,Returning_Visitor,False,False
0,34.67,0,-6.9,9,249.41,0.02,0.05,2.04,0.0,Nov,1,1,1,2,Returning_Visitor,False,False
0,-24.19,0,-29.57,1,0.5,0.0,0.066666667,0.0,0.0,Nov,3,2,2,13,Returning_Visitor,False,False
2,71.51,0,15.59,34,1554.84,0.0,0.02,5.69,0.0,Oct,2,2,1,2,Returning_Visitor,False,False
1,62.58,0,-19.69,20,498.43,0.018181818,0.04,-0.72,-0.01,Mar,3,2,3,1,Returning_Visitor,False,False
1,59.98,0,0.0,23,1738.38,0.066666667,0.133333333,0.0,0.03,Aug,2,2,1,1,Returning_Visitor,False,False
6,171.5,3,178.5,80,966.74,0.0,0.0,-0.86,0.0,Nov,2,2,5,2,Returning_Visitor,False,True
-2,0.0,0,23.95,14,473.09,0.02,0.04,27.48,0.01,Mar,1,1,2,2,Returning_Visitor,False,False
0,0.0,0,-20.0,23,864.4583333,0.01,0.03,-0.37,0.0,Mar,3,2,2,1,Returning_Visitor,False,False
1,0.0,0,9.95,33,1261.36,0.003827751,0.03,1.68,0.01,Mar,2,2,1,1,Returning_Visitor,False,False
1,0.0,0,10.94,36,1329.7,0.0,0.02,2.68,0.0,Mar,2,2,1,1,Returning_Visitor,False,True
5,95.325,0,27.01,25,743.6666667,0.01,0.02,19.4281,0.01,Jul,2,2,2,2,Returning_Visitor,False,True
0,0.0,0,0.0,9,511.61,0.02,0.055555556,-1.76,0.01,Mar,2,2,9,1,Returning_Visitor,False,False
2,77.2,0,0.0,42,1603.07,0.01,0.03,2.11,-0.01,Oct,2,2,1,2,Returning_Visitor,False,False
0,0.0,1,18.65,1,845.35,0.02,0.03,9.74,0.05,Mar,1,1,4,10,Returning_Visitor,True,False
0,0.65,0,0.0,25,1044.42,0.01,0.04,0.0,0.02,Mar,2,2,1,1,Returning_Visitor,False,False
6,289.99,0,0.0,11,1573.0,0.0,0.0,15.54,0.0,Oct,4,2,2,2,Returning_Visitor,False,False
5,99.66666667,0,0.0,44,1594.55,0.01,0.022222222,5.9,0.0,Oct,2,2,2,1,Returning_Visitor,False,False
0,0.0,0,-0.94,3,-21.12,0.05,0.09,0.0,0.07,May,2,2,1,3,Returning_Visitor,False,False
5,87.8,0,0.0,38,1931.2,0.0,0.01,3.26,0.02,Mar,2,2,1,3,Returning_Visitor,True,True
0,74.47,0,0.0,-2,226.0,0.03,0.08,2.71,0.06,Mar,4,1,1,1,Returning_Visitor,True,False
4,255.19,0,-183.98,35,1162.16,0.0,-0.0,33.06,0.04,Dec,1,1,3,8,New_Visitor,True,False
0,0.0,0,0.0,4,108.0,0.02,0.05,2.1,0.02,Mar,2,2,9,1,Returning_Visitor,False,False
8,793.75,-2,0.0,53,3186.958333,0.01,0.03,5.17,-0.09,Nov,1,2,1,2,Returning_Visitor,False,False
1,59.5,0,2.85,18,646.1666667,0.0,0.03,7.13,0.0,Mar,2,4,4,2,Returning_Visitor,False,False
-3,-140.78,0,-83.9,241,7838.556598,0.01,-0.0,0.0,0.0,Nov,3,2,6,2,Returning_Visitor,True,False
1,132.4,0,-23.29,-8,51.5,0.0,0.0,0.0,0.01,Oct,3,2,7,10,Returning_Visitor,False,False
0,37.1,-1,-10.39,2,0.0,0.0,0.08,5.78,0.6,May,1,8,7,13,Returning_Visitor,False,False
0,13.0,1,0.0,51,4651.612222,0.004155844,0.0,6.62,-0.14,Feb,2,4,9,4,Other,False,False
4,0.0,2,193.25,-24,-368.98,0.01,0.03,-11.66,0.04,Mar,3,2,1,2,Returning_Visitor,True,False
2,50.76,0,24.52,17,495.1,0.01,0.05,0.48,0.0,Mar,2,2,1,1,Returning_Visitor,False,False
3,70.27,0,0.0,28,819.2715686,0.007972028,0.07,6.59,0.7,May,2,4,1,2,Returning_Visitor,False,False
4,-50.53,0,-26.48,125,1935.335516,0.0,0.008031496,0.0,0.0,Nov,3,2,3,3,Returning_Visitor,False,False
0,-8.69,0,-5.04,18,198.58,0.01,0.04,-0.56,0.0,Oct,1,1,7,1,Returning_Visitor,False,False
1,0.0,0,-11.7,35,1516.37,0.01,0.04,3.92,0.0,Oct,2,2,1,1,Returning_Visitor,False,False
1,0.0,1,27.4,6,69.0,0.0,0.04,0.0,0.0,Nov,2,4,4,2,Returning_Visitor,False,False
1,0.0,0,6.45,6,755.65,0.0,0.05,0.0,-0.0,Mar,2,4,4,1,Returning_Visitor,False,False
0,-58.65,0,-10.55,-9,18.2,0.02,0.07,0.76,-0.03,Sep,1,8,6,1,Returning_Visitor,False,False
1,52.04,0,-31.05,32,1592.38,0.006451613,0.010056926,17.05922581,0.02,May,2,2,5,4,Returning_Visitor,False,True
5,115.0,0,0.0,33,1243.17,0.01,0.02,5.88,-0.0,Mar,2,2,1,2,Returning_Visitor,False,False
6,241.6666667,0,7.08,43,1686.74,0.01,0.014565217,8.224168543,0.0,Mar,2,2,3,2,Returning_Visitor,False,False
8,273.0,1,138.39,4,384.4,0.03,0.05,0.0,0.1,May,1,1,1,3,Returning_Visitor,False,False
-2,0.0,0,0.0,-5,152.6,0.044444444,0.09,0.0,0.0,Feb,2,2,1,3,Returning_Visitor,False,False
2,0.0,1,0.0,7,12.76,0.0,0.01,86.388,0.0,Mar,2,2,1,2,New_Visitor,True,True
3,5.53,0,131.0,53,2279.94,0.0,0.02,-14.15,-0.05,Nov,1,1,2,4,Returning_Visitor,False,False
4,44.1,0,-62.09,25,317.71,-0.0,0.022124542,0.0,0.34,May,3,2,3,3,Returning_Visitor,True,False
0,9.87,0,0.0,24,2644.52,0.03,0.03,9.26,-0.0,Feb,3,2,4,13,Returning_Visitor,False,False
1,32.75,0,109.33,43,4475.2,0.02,0.03,2.44,0.04,Mar,2,2,1,13,Returning_Visitor,False,False
-2,0.0,0,0.0,9,859.65,0.004545455,0.027272727,2.59,0.0,Oct,2,2,9,2,New_Visitor,False,False
0,-4.1,0,9.89,43,1436.48,0.020930233,0.051162791,2.23,-0.03,Jul,2,2,2,2,Returning_Visitor,False,False
0,0.0,0,37.64,4,0.0,0.21,0.2,-5.1,0.01,May,3,2,1,3,Returning_Visitor,False,False
4,97.72,0,1.32,9,794.93,0.01,0.022222222,3.56,-0.0,Oct,2,2,9,2,Returning_Visitor,False,True
6,83.83,0,0.0,63,1276.843158,0.0,0.006712329,10.07,0.0,Jul,2,2,8,2,Returning_Visitor,False,True
3,100.36,1,51.02,12,687.4833333,0.0,0.03,-2.44,0.05,Oct,1,1,1,2,Returning_Visitor,False,False
1,80.45,0,-33.32,33,1225.28,0.017948718,0.05,48.7880688,-0.03,Jul,1,2,2,2,Returning_Visitor,False,True
12,512.09,-1,14.37,260,6065.016218,0.01,0.009265038,-7.33,-0.07,Nov,1,1,2,4,Returning_Visitor,False,True
13,1588.14,5,985.4833333,179,7648.9,0.0,0.08,3.11,-0.13,Nov,1,5,1,3,Returning_Visitor,True,False
