Administrative,Administrative_Duration,Informational,Informational_Duration,ProductRelated,ProductRelated_Duration,BounceRates,ExitRates,PageValues,SpecialDay,Month,OperatingSystems,Browser,Region,TrafficType,VisitorType,Weekend,Revenue
6,260.09,3,105.37,52,3697.35,0.0,0.03,27.37,0.0,Nov,2,2,1,1,Returning_Visitor,True,False
0,-205.34,0,29.99,3,0.0,-0.02,0.03,-1.59,0.0,May,2,1,1,3,Returning_Visitor,False,False
-2,-97.85,0,61.16,23,900.92,0.03,0.07,0.0,0.6,May,1,1,8,1,Returning_Visitor,False,False
0,170.37,0,0.0,1,358.84,0.2,0.22,-35.02,0.0,Nov,1,1,9,1,Returning_Visitor,False,False
13,519.35,2,201.97,67,6483.78,0.0,0.02,-5.71,0.07,May,2,2,3,3,Returning_Visitor,False,False
-5,-64.23,0,0.0,33,0.0,0.19,0.2,9.88,0.47,May,2,1,1,3,Returning_Visitor,False,False
2,283.07,2,121.41,45,1655.08,0.07,0.09,1.32,0.0,June,1,1,3,3,Returning_Visitor,False,False
0,-41.41,0,0.0,2,126.0,0.0,0.04,27.76,0.27,May,3,2,9,5,New_Visitor,False,False
-1,0.0,0,0.0,47,2369.82,0.0,0.02,16.16,-0.12,Feb,2,2,5,2,Returning_Visitor,True,True
4,100.9,0,-19.13,-8,19.0,0.03,0.06,1.97,0.5,May,2,2,9,1,Returning_Visitor,False,False
7,51.5,-1,-419.49,49,1954.75,0.0,0.0,27.65,0.01,Dec,2,2,9,2,Returning_Visitor,False,False
2,-98.36,0,0.0,-72,97.0,-0.01,0.03,0.0,0.12,May,1,3,6,2,Returning_Visitor,False,False
3,238.39,1,0.0,33,231.23,0.0,0.03,0.0,0.0,Nov,3,2,1,2,New_Visitor,False,False
2,-79.64,0,78.19,7,-850.84,0.02,0.08,21.73,0.22,May,1,1,7,1,Returning_Visitor,False,False
0,0.0,0,9.79,1,487.0,-0.03,-0.01,20.78,0.01,Nov,2,1,1,2,Returning_Visitor,True,False
0,133.74,0,-95.17,12,1352.08,0.14,0.17,0.0,0.6,May,2,2,1,3,Returning_Visitor,False,False
3,-49.53,0,176.87,75,1851.16,0.0,0.01,35.79,0.09,Nov,2,2,2,3,Returning_Visitor,True,False
-1,0.0,0,-20.18,77,1474.13,0.0,-0.01,0.0,0.0,Dec,3,6,3,2,Returning_Visitor,False,False
0,0.0,-1,-47.48,6,638.27,0.03,0.07,32.89,-0.21,Nov,3,2,2,2,Returning_Visitor,False,True
6,392.51,3,173.95,98,2437.56,0.02,0.03,0.0,0.0,Mar,3,2,8,3,Returning_Visitor,False,False
0,0.0,-1,-159.89,29,647.03,0.07,0.1,31.75,0.17,Mar,1,1,3,11,Returning_Visitor,True,True
4,81.6,1,-71.35,32,2230.6,-0.0,0.02,0.05,0.0,Mar,2,2,1,1,Returning_Visitor,False,False
6,108.0,0,0.0,37,1551.83,0.02,0.06,19.37,0.0,Mar,2,2,2,1,Returning_Visitor,False,False
-2,0.0,1,-6.59,54,1717.34,-0.01,0.02,0.0,0.25,Aug,3,2,4,1,Returning_Visitor,False,False
7,229.87,3,0.0,55,1558.64,0.03,0.03,29.92,0.0,Nov,2,1,4,2,Returning_Visitor,True,False
0,99.47,1,188.09,44,1631.59,0.07,0.07,-12.11,0.1,Sep,2,6,1,1,Returning_Visitor,False,True
2,28.0,1,82.91,74,2868.77,-0.04,0.0,-15.82,0.17,May,2,2,1,4,Returning_Visitor,True,True
2,9.46,0,23.86,10,1019.12,0.0,0.07,0.0,0.8,May,1,1,1,5,New_Visitor,False,False
0,0.0,0,0.0,22,584.5,0.01,0.04,0.0,0.0,Nov,4,2,9,4,New_Visitor,True,False
0,0.0,0,63.22,-32,0.0,0.2,0.2,7.33,-0.04,Dec,2,2,2,1,Returning_Visitor,True,False
2,-121.04,2,0.0,41,740.71,0.0,0.02,0.0,-0.33,Nov,1,1,3,2,Returning_Visitor,False,True
3,45.26,0,-101.51,36,947.88,0.0,0.06,12.29,0.0,Mar,2,2,1,8,Returning_Visitor,False,False
6,301.08,-1,0.0,42,1538.06,-0.03,-0.04,-25.72,0.0,Nov,3,2,3,4,New_Visitor,False,False
0,88.19,0,-24.49,1,0.0,0.04,0.09,0.0,0.0,Nov,8,13,9,2,Returning_Visitor,False,False
6,440.74,0,93.1,34,2755.46,0.0,0.02,23.24,-0.31,Dec,1,1,3,2,New_Visitor,True,True
0,-14.44,0,-129.14,4,66.0,0.0,0.02,12.93,-0.0,Dec,3,2,4,1,Returning_Visitor,False,False
10,484.68,8,1312.4,47,743.48,0.0,-0.0,9.28,-0.21,Nov,2,2,4,6,New_Visitor,True,True
9,459.17,4,320.36,401,15097.23,0.01,0.0,3.55,0.0,Nov,2,2,4,1,Returning_Visitor,False,True
2,59.53,0,-274.69,9,183.65,0.09,0.1,0.0,-0.08,Sep,3,6,4,3,Returning_Visitor,False,False
-1,-468.68,1,-47.24,10,320.27,0.0,0.07,17.8,0.15,Oct,3,2,3,20,Returning_Visitor,False,True
0,37.92,-1,0.0,18,103.83,0.04,0.07,-6.5,0.27,May,2,2,3,9,Returning_Visitor,False,False
1,236.57,0,-77.64,42,1178.42,0.0,0.02,8.39,-0.32,Feb,1,1,3,2,Returning_Visitor,False,True
2,219.7,0,0.0,60,1494.5,0.04,0.06,0.0,0.0,Mar,2,2,7,2,Returning_Visitor,False,False
3,0.0,0,0.0,49,1296.0,0.07,0.08,-10.23,0.0,Nov,1,1,2,3,Returning_Visitor,False,False
-1,-140.29,0,88.75,14,858.2,0.03,0.04,5.34,0.0,Nov,4,1,3,13,Returning_Visitor,False,True
0,110.35,0,0.0,-4,-499.23,0.01,0.07,0.0,0.0,Mar,3,2,8,1,New_Visitor,True,False
1,176.25,0,-75.01,13,1183.05,-0.04,0.01,0.77,0.22,Feb,2,2,3,1,Returning_Visitor,False,False
0,55.34,3,162.0,46,481.67,0.02,0.04,32.65,-0.1,Mar,2,7,1,2,Returning_Visitor,False,False
-2,-46.91,0,-78.21,11,243.67,-0.11,-0.07,0.0,-0.26,Mar,1,1,2,3,Returning_Visitor,False,False
8,593.47,1,142.13,39,2063.64,-0.0,-0.01,112.44,-0.05,Sep,3,2,4,6,Returning_Visitor,False,False
5,27.1,3,250.57,43,1689.58,-0.03,0.01,16.91,0.0,May,3,2,3,3,Returning_Visitor,False,True
2,-129.65,2,211.75,-16,669.97,-0.01,0.02,5.3,0.37,Mar,3,2,6,13,Returning_Visitor,True,False
0,4.76,1,-212.81,12,276.0,0.0,0.01,17.73,-0.29,Jul,4,5,2,1,New_Visitor,False,False
1,-141.81,2,153.17,9,250.5,0.05,0.04,0.98,0.0,Mar,2,2,1,1,Returning_Visitor,True,False
2,-98.33,0,-201.6,6,162.75,0.02,0.06,0.0,0.23,Nov,4,1,1,1,Returning_Visitor,True,False
1,87.5,2,214.08,30,381.36,0.12,0.16,26.26,0.8,May,2,2,3,4,Returning_Visitor,False,False
10,438.72,0,0.0,85,3794.44,0.01,0.02,5.79,0.32,Feb,2,2,1,2,Returning_Visitor,False,False
4,55.59,3,255.91,-2,543.92,0.06,0.07,49.36,0.0,Nov,2,2,9,7,Returning_Visitor,True,True
0,142.42,2,164.16,52,610.6,0.04,0.06,5.51,0.0,Feb,4,1,1,2,Returning_Visitor,False,False
4,0.0,0,127.22,78,4108.75,0.02,0.02,-11.25,0.02,Nov,2,4,6,3,New_Visitor,False,False
6,271.14,0,0.0,97,3912.08,0.01,0.03,-21.3,0.0,Sep,2,2,1,6,Returning_Visitor,False,True
0,42.0,0,52.51,23,347.39,0.03,0.02,48.88,0.0,May,1,5,3,1,Returning_Visitor,False,False
3,71.8,0,0.0,13,210.5,0.03,0.06,5.81,0.0,Sep,3,2,1,1,Returning_Visitor,False,False
0,2.53,2,79.5,46,1284.72,0.1,0.15,0.0,1.0,May,2,2,1,6,Returning_Visitor,False,False
6,0.0,0,-27.25,11,-240.41,0.1,0.1,31.72,0.0,Mar,4,2,1,4,Returning_Visitor,True,False
-2,97.78,-2,-235.62,2,1434.91,0.0,0.05,0.16,0.0,Dec,1,1,1,2,Returning_Visitor,False,False
1,9.0,0,19.43,72,3026.91,0.03,-0.0,43.03,0.0,Dec,1,1,9,2,New_Visitor,False,True
3,0.0,0,-58.93,4,568.48,-0.02,-0.01,1.89,0.01,May,2,2,1,7,Returning_Visitor,False,False
3,150.0,0,0.0,-29,-211.56,0.01,0.02,0.0,0.08,Nov,3,2,3,13,Returning_Visitor,False,False
3,214.64,1,190.85,1,0.0,0.21,0.2,0.0,0.0,Oct,1,1,3,3,Returning_Visitor,False,False
9,265.69,2,0.0,56,1895.13,0.01,-0.01,48.56,-0.45,Dec,3,2,1,2,Returning_Visitor,True,False
2,0.0,0,-91.22,26,1327.47,-0.04,0.01,35.98,-0.02,Aug,2,2,1,4,Returning_Visitor,False,True
0,-94.56,6,176.63,21,484.85,-0.02,0.01,17.24,0.03,Nov,2,1,2,2,Returning_Visitor,True,False
1,39.7,0,-20.53,14,681.21,-0.02,0.02,0.0,0.0,June,3,2,3,3,Returning_Visitor,False,False
0,-82.1,0,-22.56,-15,-990.97,0.02,0.04,0.0,0.0,Mar,2,2,4,2,Returning_Visitor,False,False
4,270.83,2,283.57,40,1464.74,0.0,0.03,5.94,0.4,May,2,2,3,1,Returning_Visitor,False,False
-1,0.0,0,25.21,-1,196.5,0.0,0.02,-10.64,0.18,Mar,2,2,4,10,Returning_Visitor,False,False
9,292.2,1,44.8,75,1377.62,0.09,0.07,0.0,0.0,May,2,2,8,3,Returning_Visitor,False,False
0,-63.08,1,0.0,4,476.0,0.03,0.1,0.0,0.26,May,3,4,1,2,Returning_Visitor,False,False
1,0.0,0,203.22,65,2556.62,0.01,0.03,27.21,-0.13,Oct,3,4,9,15,Returning_Visitor,True,False
0,0.0,-1,0.0,16,-618.92,-0.01,0.01,0.0,0.0,Dec,2,2,4,2,New_Visitor,False,False
-2,0.0,1,0.0,-35,-1152.68,-0.03,0.0,3.93,-0.38,Nov,3,4,2,2,Returning_Visitor,True,False
8,374.82,1,35.54,9,535.47,0.0,0.04,-26.59,0.21,May,3,2,4,2,Returning_Visitor,False,False
2,40.34,0,0.0,-33,58.0,0.04,0.04,-14.36,0.0,Aug,2,2,4,3,Returning_Visitor,False,False
0,0.0,-2,0.0,11,-865.34,0.0,0.01,0.0,0.03,Nov,2,2,9,1,Returning_Visitor,False,False
2,262.89,0,34.87,6,117.0,0.14,0.17,-12.49,-0.22,Dec,2,2,3,1,Returning_Visitor,False,False
0,-88.24,-1,-189.53,16,1062.67,-0.0,0.01,17.2,0.0,Sep,1,1,1,2,New_Visitor,False,True
-3,-8.19,1,246.47,1,0.0,0.0,0.07,0.0,0.16,Mar,2,2,1,2,Returning_Visitor,False,False
9,450.5,0,20.6,43,1854.85,-0.0,-0.0,0.0,-0.16,Oct,1,2,5,2,New_Visitor,False,False
5,173.26,1,0.0,49,1465.56,0.02,0.05,8.53,0.16,Nov,3,2,1,1,Returning_Visitor,True,True
0,75.49,0,-153.49,14,443.83,0.0,0.02,0.0,0.06,Sep,1,1,2,4,New_Visitor,True,False
1,-167.74,-2,-281.89,103,4313.07,0.04,0.04,5.05,0.0,Jul,2,2,1,4,Returning_Visitor,False,False
6,299.0,1,41.0,20,-325.84,0.0,0.0,0.0,0.0,May,2,1,4,2,New_Visitor,False,False
3,0.0,0,0.0,12,281.5,0.02,0.02,0.0,0.0,Mar,3,2,7,2,Returning_Visitor,True,False
0,-127.46,0,0.0,-17,214.25,0.0,-0.0,0.0,-0.23,Dec,2,2,1,2,Returning_Visitor,False,False
0,62.46,-1,-4.96,14,-276.26,0.04,0.06,18.69,0.09,Mar,2,2,3,1,Returning_Visitor,False,False
5,128.45,0,136.83,11,342.0,0.0,0.03,20.15,0.0,May,2,2,5,1,New_Visitor,False,False
10,286.52,1,11.0,29,1066.6,0.0,0.02,0.0,0.22,Mar,2,2,7,5,Returning_Visitor,False,False
0,40.0,-1,-127.31,-2,176.82,0.02,0.07,0.0,0.0,Feb,2,2,1,1,Returning_Visitor,False,False
0,48.5,2,32.0,45,746.89,0.02,0.03,0.0,0.13,Nov,1,1,7,2,Returning_Visitor,False,False
-5,-249.99,-1,0.0,-35,-2112.66,0.0,0.08,-20.28,0.0,May,4,1,3,3,Returning_Visitor,True,False
3,146.26,1,0.0,17,557.69,-0.01,0.01,24.22,-0.12,Dec,3,2,1,2,Returning_Visitor,False,True
0,0.16,-2,-27.46,54,1661.85,0.01,0.04,0.0,0.07,Aug,2,2,3,1,New_Visitor,True,False
27,867.83,8,126.5,584,20172.62,0.0,-0.05,4.51,0.09,Aug,2,4,3,8,Returning_Visitor,False,False
0,52.5,0,66.27,50,1212.76,0.01,0.07,8.55,0.0,Mar,2,2,1,2,Returning_Visitor,False,False
4,118.8,0,60.86,-1,-591.21,0.05,0.05,-17.78,-0.16,Oct,2,2,1,2,Returning_Visitor,False,False
0,-35.56,-1,0.0,1,0.0,0.2,0.2,0.0,0.21,May,2,2,6,10,Returning_Visitor,False,False
6,294.2,3,319.03,60,1779.84,0.01,0.04,1.42,0.0,Nov,3,6,6,2,Returning_Visitor,False,False
4,101.73,0,-10.2,17,213.5,0.0,0.05,0.0,-0.4,Aug,1,2,2,3,Returning_Visitor,True,False
5,235.07,0,0.0,17,-309.57,-0.01,0.02,128.83,0.0,Dec,1,2,4,2,New_Visitor,False,True
1,7.1,1,0.0,16,-652.85,0.0,0.05,41.07,0.0,Nov,2,5,2,4,Returning_Visitor,False,False
2,144.5,0,-8.53,52,917.47,-0.01,0.03,10.96,0.18,Aug,2,2,3,2,Returning_Visitor,True,False
0,0.0,0,0.0,6,0.0,0.19,0.2,2.2,-0.13,Feb,2,2,1,1,Returning_Visitor,False,False
9,162.05,-1,-93.8,27,399.69,-0.02,0.01,11.41,0.13,Mar,3,1,1,2,Returning_Visitor,False,False
9,340.36,1,0.0,130,4059.11,0.05,0.03,-5.74,0.0,Nov,3,2,9,1,Returning_Visitor,True,False
0,0.0,-1,0.0,10,794.54,0.0,0.05,-17.47,0.26,Oct,2,2,1,2,Returning_Visitor,False,True
2,135.0,1,2.0,21,711.57,0.0,0.01,0.0,-0.1,Feb,3,2,7,2,Returning_Visitor,False,False
-1,-33.72,0,11.32,9,228.5,-0.02,0.04,0.0,0.2,Aug,2,10,7,3,Returning_Visitor,False,False
0,-73.1,0,92.9,1,0.0,0.2,0.2,0.0,0.0,June,1,1,1,2,Returning_Visitor,True,False
2,99.5,1,153.11,11,532.25,-0.01,-0.01,0.0,0.03,Oct,2,10,4,2,Returning_Visitor,True,False
10,431.72,1,-127.66,52,1476.5,0.04,0.06,1.68,0.37,May,2,6,3,1,Returning_Visitor,False,False
2,21.25,1,178.35,23,1576.57,0.02,0.04,11.08,-0.05,Aug,2,2,2,2,New_Visitor,False,False
2,87.25,0,0.0,36,872.33,0.03,0.06,0.0,0.29,May,2,2,5,1,Returning_Visitor,False,False
9,305.91,3,56.58,101,5475.71,0.0,-0.0,-17.7,-0.26,Feb,3,2,3,2,Returning_Visitor,True,True
3,145.12,2,143.41,45,2910.63,0.01,0.02,25.05,-0.03,Feb,1,1,3,2,New_Visitor,False,True
0,0.0,0,-78.86,-28,0.0,0.14,0.2,-2.18,0.27,May,3,2,1,13,Returning_Visitor,True,False
3,169.32,-1,0.0,24,613.48,0.0,0.03,0.0,0.12,Mar,3,2,2,2,Returning_Visitor,False,False
-2,-222.41,-1,-9.66,50,1906.8,-0.02,0.02,22.63,0.28,May,2,4,2,11,Returning_Visitor,False,True
7,334.25,3,92.17,2,70.75,-0.02,0.01,7.35,0.0,Dec,1,1,6,2,Returning_Visitor,False,False
5,91.7,0,0.0,2,30.4,0.02,0.02,43.23,-0.12,Oct,1,8,6,20,Returning_Visitor,True,True
-2,-272.04,-1,0.82,66,2370.1,0.04,0.07,-5.6,0.0,Nov,2,2,2,3,Returning_Visitor,False,False
6,248.67,2,328.56,59,1956.65,0.0,0.01,9.51,0.0,May,3,2,1,11,Returning_Visitor,False,True
5,270.49,1,108.46,4,45.0,0.1,0.1,-22.03,0.0,Jul,3,2,1,1,Returning_Visitor,False,False
3,138.05,0,-214.63,15,14.0,0.02,0.03,14.09,0.0,Feb,2,7,7,5,Returning_Visitor,False,False
7,78.36,3,518.77,257,12158.2,0.01,-0.01,0.0,0.0,Jul,4,2,3,2,Returning_Visitor,False,True
3,78.53,0,61.63,-25,1164.69,0.0,0.02,29.58,0.0,Dec,2,2,3,1,Returning_Visitor,False,False
-1,0.0,-1,0.0,12,1412.08,0.0,0.01,0.0,-0.22,Mar,2,4,6,2,Returning_Visitor,False,False
0,0.0,1,0.0,56,2170.19,0.08,0.09,12.21,0.11,Aug,3,2,1,3,Returning_Visitor,True,False
0,-397.89,0,0.0,21,-74.35,0.07,0.1,-9.76,0.02,Oct,2,4,2,2,Returning_Visitor,False,False
1,251.11,1,13.5,24,1118.17,0.06,0.06,-7.05,0.0,Oct,4,1,1,3,Returning_Visitor,False,False
0,0.0,0,-74.17,39,932.39,-0.04,0.03,7.7,-0.03,Nov,2,1,9,2,Returning_Visitor,True,False
3,-270.69,0,0.0,25,136.81,0.18,0.2,-24.21,0.15,Oct,1,3,2,1,Returning_Visitor,True,False
7,379.67,1,50.93,48,2016.26,0.0,0.01,-0.94,0.0,Oct,2,2,7,2,Returning_Visitor,False,False
1,17.3,0,0.0,25,919.9,0.04,0.02,7.94,0.0,June,2,2,4,2,Returning_Visitor,False,True
-2,0.0,0,-138.23,0,905.49,0.11,0.13,-6.95,0.38,Mar,3,2,2,13,Returning_Visitor,False,False
0,0.0,1,0.0,15,1053.73,-0.02,0.01,0.0,-0.01,Mar,2,2,1,9,Returning_Visitor,False,False
3,-107.93,-1,118.47,27,629.4,0.0,0.03,-20.19,-0.34,Dec,2,2,3,2,Returning_Visitor,False,False
0,2.53,0,0.0,-13,169.99,0.01,0.04,42.88,0.33,May,2,2,1,2,New_Visitor,True,True
6,323.95,6,251.67,133,5889.05,0.01,0.02,0.0,-0.22,Nov,2,2,4,1,Returning_Visitor,False,False
5,0.0,0,0.0,-9,261.86,-0.01,0.03,35.82,0.11,Nov,3,2,2,11,Returning_Visitor,False,False
3,69.04,-2,46.5,12,257.42,0.01,0.04,0.0,0.0,Nov,1,2,7,3,Returning_Visitor,False,False
2,-194.7,2,107.64,34,22.84,0.17,0.2,-21.04,0.09,May,3,2,2,3,Returning_Visitor,True,True
3,238.82,1,266.76,85,3158.46,0.01,0.0,-17.65,0.17,Nov,1,1,2,14,Returning_Visitor,False,False
-2,-36.61,0,0.0,31,1204.54,0.01,0.02,-16.51,0.3,Nov,2,1,6,3,New_Visitor,False,False
-2,0.0,0,0.0,32,45.0,0.0,0.03,14.26,0.39,May,2,2,1,6,Returning_Visitor,False,False
3,69.16,0,-97.67,9,536.97,-0.01,0.02,0.0,-0.15,Dec,2,4,8,4,New_Visitor,True,False
1,0.0,0,0.0,23,1023.39,0.03,0.04,-11.79,-0.09,June,2,2,7,1,Returning_Visitor,False,False
5,141.0,2,0.0,91,2417.6,0.02,0.01,3.32,0.0,Feb,3,2,3,3,Returning_Visitor,True,True
0,0.0,0,0.0,41,647.82,0.02,0.03,3.21,0.23,May,1,1,1,1,Returning_Visitor,False,False
5,251.62,0,10.92,8,117.0,0.08,0.1,0.0,0.0,Aug,3,2,9,3,Returning_Visitor,False,False
2,54.79,0,-60.9,35,1712.76,-0.02,-0.0,-10.76,0.0,Nov,2,2,6,2,Returning_Visitor,True,True
0,59.09,5,571.62,37,2789.17,0.02,0.06,-20.67,-0.01,May,2,2,1,2,Returning_Visitor,False,True
3,-27.26,1,65.51,27,406.67,0.0,0.02,3.46,0.0,Sep,1,1,1,2,New_Visitor,True,False
2,108.0,0,0.0,41,2735.08,0.05,0.04,0.0,-0.34,Mar,3,2,1,3,Returning_Visitor,False,False
0,0.0,-1,186.21,-7,0.0,0.03,0.07,0.0,0.0,Nov,2,2,1,2,Returning_Visitor,True,False
2,40.0,0,-1.32,24,3830.0,-0.04,0.0,11.25,0.1,Sep,1,1,3,8,Returning_Visitor,True,True
6,414.39,-1,-132.94,9,-94.41,0.02,0.03,21.86,0.02,May,3,2,1,4,Returning_Visitor,False,False
2,-16.69,0,-150.09,8,17.0,0.07,0.07,32.25,0.18,May,2,2,1,3,Returning_Visitor,False,False
0,249.28,0,81.42,18,1168.98,-0.01,0.01,-16.9,-0.04,Oct,4,1,2,4,Returning_Visitor,True,False
5,221.19,1,85.07,7,1775.59,0.03,0.07,5.34,-0.04,Sep,3,2,7,2,Returning_Visitor,False,False
2,-5.56,2,100.91,72,3120.21,0.0,0.02,16.34,0.09,Jul,3,2,3,2,Returning_Visitor,False,False
0,0.0,0,111.93,15,506.0,0.03,0.04,0.0,-0.19,Aug,3,2,1,3,New_Visitor,False,False
0,0.0,0,-124.58,26,2412.52,0.1,0.15,0.0,0.8,May,7,9,3,1,Returning_Visitor,False,False
7,270.3,0,-22.27,61,1777.7,0.02,0.07,14.74,0.19,Oct,3,2,1,1,Returning_Visitor,False,False
1,-189.12,0,-49.75,7,451.93,0.07,0.08,1.58,0.4,May,3,2,1,2,Returning_Visitor,False,False
-6,0.0,0,34.13,10,1230.37,0.0,0.07,30.42,0.14,May,1,5,1,4,Returning_Visitor,False,False
0,0.0,0,78.1,17,689.51,0.07,0.09,0.0,0.45,May,3,2,4,7,Returning_Visitor,False,False
2,45.0,0,45.93,24,1662.73,0.0,0.03,24.36,0.14,Oct,2,2,1,13,Returning_Visitor,True,False
2,122.81,1,82.02,2,0.0,0.09,0.1,36.92,-0.09,Oct,2,2,1,3,Returning_Visitor,False,False
2,0.0,3,101.2,26,2728.85,0.05,0.07,45.14,0.0,Mar,2,4,3,6,Returning_Visitor,False,False
1,246.63,2,226.9,41,1021.52,0.01,0.02,13.83,0.2,Feb,1,1,3,2,New_Visitor,True,False
3,44.75,1,53.79,107,3074.85,0.03,0.04,5.22,0.0,Nov,2,2,4,1,Returning_Visitor,False,False
0,-26.49,0,0.0,1,67.0,0.01,0.05,-26.0,0.0,Dec,2,2,1,2,Returning_Visitor,False,False
0,39.59,0,-19.76,36,1900.43,0.01,0.03,12.13,-0.09,Dec,2,2,1,2,Returning_Visitor,False,False
14,564.9,4,299.51,142,5322.41,-0.0,0.0,-20.01,0.0,Nov,3,6,1,8,Returning_Visitor,False,False
1,11.5,0,5.18,19,733.51,0.01,0.03,2.9,0.0,Nov,2,2,7,2,Returning_Visitor,False,False
0,-64.29,0,144.87,134,5245.28,0.03,0.02,22.16,0.0,Aug,3,2,3,4,Returning_Visitor,True,False
6,308.71,0,0.0,24,1071.52,0.08,0.08,0.0,-0.01,May,2,2,3,11,Returning_Visitor,False,False
2,16.17,0,157.89,36,1992.92,0.03,0.04,0.0,-0.0,Mar,1,2,3,1,Returning_Visitor,False,False
0,-43.84,4,281.57,330,11208.36,0.01,-0.0,0.0,0.0,Nov,1,1,1,2,Returning_Visitor,True,True
0,0.0,-1,-151.41,89,5044.76,0.01,0.07,0.0,0.33,May,1,1,6,5,Returning_Visitor,False,False
1,112.25,2,46.0,55,1170.71,-0.01,0.0,0.0,0.0,Feb,1,1,1,6,Returning_Visitor,False,False
6,249.31,1,3.31,24,1961.67,-0.01,0.03,0.0,0.13,Oct,2,6,9,3,Returning_Visitor,False,False
0,216.6,1,0.0,35,2881.88,0.0,0.04,10.72,0.33,Jul,3,2,1,6,Returning_Visitor,False,False
0,-22.15,5,303.63,8,197.9,-0.0,0.05,-16.86,0.04,May,1,2,3,4,Returning_Visitor,True,True
2,12.0,1,0.0,31,547.5,0.0,0.05,-2.95,0.8,May,2,2,4,18,Returning_Visitor,False,False
0,0.0,-2,0.0,-23,-625.18,0.0,0.04,7.28,-0.16,Feb,3,2,9,4,Returning_Visitor,False,False
1,0.0,1,-49.39,21,1960.98,0.01,0.02,0.0,-0.07,May,2,2,2,2,Returning_Visitor,False,False
6,738.0,1,87.61,21,2268.44,0.0,0.02,0.0,0.53,May,2,1,1,3,Returning_Visitor,True,False
2,164.01,0,0.0,-20,420.2,0.01,0.02,-20.56,0.09,Sep,3,2,9,2,New_Visitor,False,False
-1,85.0,0,0.0,21,567.45,0.04,0.07,0.0,1.0,May,3,2,3,4,Returning_Visitor,True,False
3,19.11,-1,-14.42,88,3258.8,-0.01,0.04,0.0,0.0,Nov,1,1,1,3,Returning_Visitor,False,False
2,-38.08,1,15.51,8,254.0,0.07,0.11,0.0,0.26,May,2,2,2,13,Returning_Visitor,False,False
1,38.59,1,-74.21,73,3431.76,0.02,0.01,0.0,0.05,Dec,1,1,3,6,Returning_Visitor,False,True
5,99.8,2,466.4,36,839.73,0.0,0.01,-13.73,0.0,Nov,4,2,3,1,Returning_Visitor,False,True
-1,0.0,0,-126.0,-17,260.3,0.03,0.01,16.32,0.16,May,3,2,9,11,Returning_Visitor,True,True
8,24.28,0,26.2,60,3297.49,0.01,0.02,14.52,0.0,Aug,3,2,6,1,Returning_Visitor,False,False
2,222.99,1,-151.99,-31,357.89,-0.01,0.04,14.25,-0.02,May,3,2,1,2,Returning_Visitor,False,False
1,23.0,1,0.0,15,1240.31,0.0,0.03,0.0,-0.07,Nov,2,2,1,2,Returning_Visitor,False,False
-1,-79.8,0,0.0,135,3700.5,0.0,-0.0,3.58,0.0,May,2,10,4,4,Returning_Visitor,False,False
0,-100.56,0,0.0,6,250.73,0.0,0.02,2.92,0.0,Jul,4,5,1,4,New_Visitor,False,False
3,127.5,0,324.3,33,1889.31,-0.02,0.01,13.59,-0.44,Nov,2,2,1,1,Returning_Visitor,False,False
7,232.33,1,0.0,71,1621.51,-0.01,0.05,0.0,0.8,May,2,2,4,4,Returning_Visitor,False,False
0,0.0,1,0.0,-21,-100.08,0.02,0.07,-4.26,0.1,Mar,3,2,3,2,Returning_Visitor,False,False
2,64.5,1,0.0,59,2696.11,-0.02,0.02,-10.31,0.0,Nov,3,2,1,2,Returning_Visitor,False,True
2,0.0,0,-79.59,3,170.67,-0.01,0.0,0.0,0.0,Dec,3,2,1,9,New_Visitor,False,False
3,232.25,0,85.74,112,2905.98,0.0,0.04,-1.2,0.0,Oct,3,2,1,2,Returning_Visitor,True,False
8,395.9,1,104.73,95,3167.09,-0.01,0.04,16.55,0.8,May,2,2,4,1,Returning_Visitor,False,False
0,-16.07,0,0.0,51,2778.32,0.01,0.02,26.26,0.05,Nov,1,2,3,4,Returning_Visitor,True,False
3,120.6,3,324.4,148,5434.28,0.01,0.01,50.94,0.46,Dec,3,2,3,9,Returning_Visitor,False,False
8,282.9,0,139.38,85,3570.23,-0.07,-0.04,0.0,0.0,Sep,3,2,2,6,Returning_Visitor,False,False
9,173.54,5,109.75,146,5350.34,0.05,0.06,0.0,0.0,Nov,2,2,8,14,Returning_Visitor,True,False
11,357.31,2,0.0,40,1501.66,0.0,0.01,8.23,-0.2,Feb,3,2,8,6,New_Visitor,False,False
6,145.14,2,0.0,-8,-18.29,0.01,0.03,6.84,-0.04,Nov,1,1,9,2,Returning_Visitor,True,False
3,332.3,1,-37.7,31,574.3,0.0,0.04,-4.66,0.0,Feb,2,1,4,2,New_Visitor,False,False
-1,54.58,0,0.0,3,-711.78,0.03,0.07,36.5,0.14,Mar,3,2,1,1,Returning_Visitor,False,False
-2,-216.28,0,0.0,22,957.45,0.06,0.08,-26.88,0.8,May,2,2,1,3,Returning_Visitor,False,False
0,0.0,0,0.0,26,0.0,0.2,0.2,3.31,0.0,June,2,2,7,1,Returning_Visitor,False,False
0,18.47,1,28.34,11,783.57,0.0,0.01,62.08,-0.24,Nov,2,2,1,6,New_Visitor,False,True
5,85.92,3,0.0,30,1531.38,0.03,0.05,0.0,0.0,Oct,1,1,1,1,Returning_Visitor,False,False
3,103.31,0,0.0,25,-660.27,0.01,0.02,1.25,-0.07,Nov,1,1,4,4,Returning_Visitor,False,False
5,-91.29,-1,-25.19,15,1341.33,0.0,0.01,64.25,0.1,Nov,3,2,1,2,Returning_Visitor,False,False
2,106.82,0,0.0,85,2472.26,0.02,0.02,27.27,-0.04,Nov,2,6,1,1,Returning_Visitor,False,True
3,33.89,0,-246.67,56,2253.09,0.0,0.01,-7.34,0.46,Nov,3,2,1,1,Returning_Visitor,False,False
1,164.23,-2,-133.95,9,-39.55,0.0,0.01,29.62,0.25,May,2,2,1,10,Returning_Visitor,False,True
10,396.96,3,14.66,239,9247.38,-0.02,0.03,7.98,-0.07,Jul,2,4,7,5,Returning_Visitor,False,False
3,55.5,0,-2.16,36,1076.5,0.01,0.01,2.68,-0.3,Jul,4,3,1,2,Returning_Visitor,False,False
0,0.0,-4,-230.85,3,145.0,0.07,0.08,14.52,0.03,June,2,2,1,3,Returning_Visitor,False,False
5,133.47,2,199.4,59,3778.44,-0.02,0.02,5.01,0.07,Oct,2,2,3,13,Returning_Visitor,False,False
4,194.15,2,125.0,16,571.3,-0.02,0.0,76.8,0.11,Mar,2,2,7,2,Returning_Visitor,True,False
6,274.39,2,27.75,109,5400.2,-0.0,0.02,-48.38,0.02,Jul,2,2,1,2,Returning_Visitor,False,True
0,-119.2,0,0.0,57,2078.82,-0.01,0.05,0.0,0.0,May,2,2,4,5,Returning_Visitor,False,False
5,216.25,1,89.16,39,1825.84,0.02,0.01,16.42,0.0,Feb,3,2,1,2,Returning_Visitor,True,False
4,382.79,0,-146.06,24,562.3,-0.02,-0.01,19.38,-0.31,Jul,1,1,3,2,New_Visitor,False,True
5,117.0,1,0.0,13,309.93,-0.05,0.01,0.0,0.27,Mar,2,2,2,13,New_Visitor,False,False
0,-178.68,-2,143.49,3,-2.49,0.14,0.13,28.38,0.1,May,2,2,7,5,Returning_Visitor,False,False
5,249.7,0,0.0,19,44.67,0.05,0.02,57.87,0.06,Mar,2,4,2,4,Returning_Visitor,False,False
1,234.81,0,42.15,-3,135.0,0.05,0.1,0.0,0.0,May,1,1,4,4,Returning_Visitor,False,False
-1,0.0,-1,-188.19,4,-16.14,0.0,0.01,7.74,-0.03,June,3,6,1,3,Returning_Visitor,True,False
0,151.35,0,-7.08,-14,186.5,-0.04,0.02,0.0,-0.23,Dec,2,2,3,4,Returning_Visitor,True,False
1,156.14,0,92.02,18,1138.71,-0.07,-0.03,-28.41,-0.07,Mar,3,2,3,1,New_Visitor,False,False
4,20.71,2,0.0,4,71.29,0.04,0.06,0.0,0.0,Nov,2,2,1,3,Returning_Visitor,False,False
0,89.13,0,0.0,7,1678.61,-0.01,0.03,0.0,0.1,Oct,3,2,3,2,Returning_Visitor,False,False
1,17.0,-1,-30.36,30,1448.93,0.12,0.12,0.0,0.13,Dec,3,2,1,13,Returning_Visitor,False,False
3,214.67,1,112.0,-18,452.83,0.06,0.07,0.0,0.0,May,3,2,1,3,Returning_Visitor,False,False
3,89.6,0,0.0,8,496.25,0.0,0.03,0.0,0.0,Dec,2,2,1,4,Returning_Visitor,False,False
7,204.39,2,187.0,11,712.55,0.02,0.02,8.88,0.06,May,3,2,6,3,Returning_Visitor,False,False
3,-312.41,0,-32.68,58,1075.71,0.0,0.03,0.0,-0.17,Sep,3,2,3,7,Returning_Visitor,False,False
0,0.0,1,0.0,-15,459.67,0.08,0.1,0.0,0.0,Nov,2,2,1,3,Returning_Visitor,True,False
3,22.33,2,210.8,105,4136.04,0.01,0.02,0.0,0.19,Oct,2,2,8,2,Returning_Visitor,True,False
8,325.09,2,311.13,52,2581.36,0.01,0.01,-3.24,-0.01,Oct,2,2,1,1,Returning_Visitor,True,False
5,152.34,2,-41.92,-7,1371.63,-0.01,0.01,44.71,0.0,Feb,4,1,2,8,Returning_Visitor,False,True
3,462.27,2,307.79,4,1542.44,0.08,0.07,12.28,-0.01,Dec,3,2,8,2,Returning_Visitor,False,False
2,89.5,2,246.67,3,-462.05,0.04,0.06,12.39,0.0,Mar,1,1,1,3,Returning_Visitor,False,False
5,-31.28,2,149.59,12,1746.66,0.01,0.03,2.52,-0.31,Feb,3,2,3,2,Returning_Visitor,True,False
4,145.26,0,44.5,9,1115.27,0.0,0.04,11.85,0.31,Dec,1,1,4,10,Returning_Visitor,False,False
4,-116.18,0,0.0,35,328.78,0.01,0.04,26.55,0.17,Feb,3,2,1,3,Returning_Visitor,True,False
0,0.0,0,-56.28,30,852.0,0.0,0.01,0.0,0.56,May,3,2,3,10,Returning_Visitor,True,False
0,-59.86,1,203.59,18,797.17,0.02,0.01,21.67,-0.08,Dec,1,3,2,4,New_Visitor,True,False
3,0.0,2,190.81,48,2068.66,0.0,0.05,0.0,0.13,May,2,2,4,11,Returning_Visitor,False,False
5,319.69,1,69.6,55,1176.1,0.0,0.0,-13.27,0.0,Feb,1,1,9,2,New_Visitor,False,False
10,1427.02,2,99.8,110,4729.25,0.01,0.03,13.68,0.0,Aug,1,1,9,4,New_Visitor,False,False
1,14.0,0,0.0,65,2130.45,0.02,0.02,-4.13,0.34,May,3,2,1,1,Returning_Visitor,True,False
0,0.0,1,19.97,44,289.9,0.0,0.02,0.0,0.34,Nov,3,2,1,1,Returning_Visitor,False,False
3,143.79,-1,-179.77,10,232.5,0.04,0.03,51.45,0.0,Mar,3,2,3,14,Returning_Visitor,False,False
0,-267.61,0,-128.11,32,-132.79,-0.01,0.01,25.73,0.17,Dec,2,2,2,1,Returning_Visitor,True,False
5,122.1,4,329.46,167,8701.85,0.0,0.03,31.41,0.04,Nov,2,2,3,2,New_Visitor,False,False
0,-3.63,-1,0.0,-13,550.17,0.01,0.05,23.11,0.34,Feb,2,2,1,1,Returning_Visitor,False,False
2,29.45,0,0.0,9,-177.1,0.01,0.03,19.74,0.24,Feb,3,2,9,2,New_Visitor,True,False
-3,-35.44,0,63.16,-8,368.6,0.0,0.05,-39.2,0.19,Feb,2,2,1,2,Returning_Visitor,False,False
0,96.14,-2,57.24,11,893.96,0.03,0.06,36.24,0.34,Aug,2,2,3,13,New_Visitor,False,False
9,125.63,6,75.0,312,13379.37,0.0,0.01,15.05,0.35,Nov,2,2,1,2,Returning_Visitor,False,False
0,53.18,0,0.0,-84,-4437.11,0.2,0.2,21.79,-0.11,Nov,2,2,9,13,Returning_Visitor,False,False
8,370.09,0,0.0,-19,338.27,0.03,0.04,23.07,-0.49,Mar,2,2,1,3,Returning_Visitor,False,False
0,0.0,0,19.66,6,167.5,-0.01,0.04,0.0,0.0,Mar,2,2,2,1,Returning_Visitor,False,False
0,237.56,1,120.36,19,351.4,0.04,0.05,0.0,0.01,Feb,3,2,1,7,Returning_Visitor,False,False
0,11.27,0,0.0,41,1827.84,0.01,0.03,-7.13,0.0,Nov,4,2,3,1,Returning_Visitor,False,False
2,15.2,2,-74.82,13,94.2,0.04,0.06,-3.28,0.0,Mar,2,2,6,1,Returning_Visitor,False,False
0,0.0,0,-193.34,2,1737.98,0.0,0.04,65.05,-0.09,Jul,2,1,1,1,Returning_Visitor,False,False
2,0.0,0,-138.96,5,-602.03,0.06,0.1,-17.03,-0.21,Nov,3,2,1,9,Returning_Visitor,True,False
-1,11.0,1,0.0,20,1166.33,0.01,0.03,-15.9,0.25,Nov,2,2,9,2,Returning_Visitor,True,True
3,180.01,0,-55.58,55,1203.53,0.06,0.08,0.0,0.0,Nov,4,1,1,3,Returning_Visitor,True,False
3,214.59,0,31.52,-3,859.17,0.0,0.03,9.29,0.1,May,2,4,1,4,Returning_Visitor,False,False
1,3.0,0,0.0,28,271.12,0.0,0.01,0.0,0.09,Feb,4,1,1,7,New_Visitor,False,False
3,63.98,3,196.02,91,1746.11,0.03,0.06,1.34,0.0,Nov,2,2,1,2,Returning_Visitor,False,False
5,412.55,0,0.0,-29,-1542.63,0.13,0.19,0.0,-0.14,Dec,3,2,9,20,Returning_Visitor,False,False
0,-73.62,0,4.99,50,1586.06,0.02,0.07,35.46,0.18,Sep,3,2,6,2,Returning_Visitor,False,False
3,58.52,0,-38.76,14,931.5,0.0,0.02,18.69,0.0,May,2,2,1,1,Returning_Visitor,False,False
-1,0.0,0,0.0,11,0.0,0.2,0.2,-30.18,0.18,May,2,4,4,3,Returning_Visitor,False,False
2,208.26,0,-174.32,26,851.0,0.0,0.02,11.12,0.0,Nov,3,2,4,2,New_Visitor,True,True
2,102.96,0,-78.15,64,2194.67,0.01,0.0,14.71,0.0,Mar,2,2,3,1,Returning_Visitor,False,False
1,0.0,0,0.0,-8,5.0,-0.02,0.02,15.25,0.0,Dec,1,1,3,1,Returning_Visitor,True,False
3,43.0,1,74.95,11,-1539.77,0.0,0.05,-35.73,-0.14,Mar,3,1,2,3,Returning_Visitor,False,False
1,7.49,2,190.29,9,1421.67,-0.03,-0.01,-17.2,0.19,Feb,2,4,6,2,Returning_Visitor,False,False
10,274.25,3,196.08,61,2788.82,0.0,0.01,17.13,-0.35,Mar,2,2,1,2,Returning_Visitor,False,True
3,107.27,0,0.0,15,1101.51,-0.01,0.03,22.4,-0.25,Nov,2,2,1,2,Returning_Visitor,False,False
9,295.3,1,-153.14,10,498.9,0.0,0.02,31.12,0.12,Oct,4,1,4,7,Returning_Visitor,False,True
0,15.1,1,0.0,9,248.05,0.01,0.05,0.0,-0.08,Sep,3,2,4,2,New_Visitor,False,False
-5,-298.51,0,8.96,-27,-896.21,-0.0,0.04,0.0,0.16,Feb,3,2,4,6,Returning_Visitor,False,False
0,0.0,0,0.0,6,77.0,0.08,0.12,0.0,0.0,Nov,2,2,1,13,Returning_Visitor,False,False
0,-73.78,1,0.0,11,0.0,-0.01,0.02,7.58,0.0,Nov,2,2,2,3,Returning_Visitor,False,False
1,0.0,1,39.26,9,47.5,0.0,0.06,0.0,0.12,May,2,2,1,3,Returning_Visitor,True,False
3,52.0,0,0.0,2,-1013.98,-0.0,0.0,0.0,0.0,May,1,1,2,3,Returning_Visitor,False,False
0,0.0,0,-192.85,-45,-986.58,0.08,0.08,5.02,0.0,Feb,3,2,1,9,Returning_Visitor,True,False
5,247.71,0,195.99,-3,519.05,0.03,0.05,12.55,-0.04,Mar,2,2,3,1,Returning_Visitor,False,True
5,52.09,2,199.09,23,269.9,0.0,0.01,38.26,-0.35,Nov,1,1,9,1,Returning_Visitor,False,False
6,224.0,0,45.95,33,689.69,0.01,0.02,0.0,0.18,May,3,2,1,4,Returning_Visitor,True,False
3,127.84,-1,-90.13,63,2600.19,-0.02,0.01,0.0,0.0,Dec,1,1,4,1,New_Visitor,False,False
5,96.75,1,0.0,48,3048.05,-0.04,0.01,-19.86,0.02,May,2,2,1,14,Returning_Visitor,False,False
-2,106.09,0,82.58,6,492.15,0.05,0.1,38.93,-0.14,Dec,1,1,1,8,Returning_Visitor,True,False
5,322.83,0,52.88,28,768.86,0.01,0.01,0.0,-0.03,Dec,2,2,3,1,Returning_Visitor,True,False
4,40.5,2,1415.0,40,1642.8,0.01,0.02,26.8,-0.33,Mar,2,2,1,8,Returning_Visitor,True,False
1,-81.21,0,9.63,24,1380.76,0.02,0.06,-5.1,0.32,Sep,2,2,1,13,Returning_Visitor,False,False
0,-20.02,3,0.0,27,1122.12,0.0,0.02,0.0,0.3,May,2,7,1,4,New_Visitor,True,False
3,68.42,-1,0.0,2,3.0,0.04,0.1,4.75,0.0,Dec,3,2,9,2,Returning_Visitor,False,False
1,10.0,-1,-53.49,21,548.28,0.05,0.07,0.0,0.0,Mar,2,4,1,15,Returning_Visitor,False,False
0,-59.36,-1,51.76,62,3544.25,-0.02,0.02,0.0,-0.11,Jul,2,2,1,3,Returning_Visitor,False,False
15,449.25,2,0.0,26,632.25,-0.0,0.02,48.27,-0.1,Oct,4,2,3,2,Returning_Visitor,False,False
2,0.0,0,0.0,-31,929.14,-0.02,0.02,45.46,0.26,Sep,1,2,6,2,Returning_Visitor,True,True
12,223.06,3,419.3,211,9287.34,0.0,0.02,36.95,0.0,Mar,2,2,4,1,Returning_Visitor,True,False
0,0.0,-1,0.0,-28,-1263.36,0.03,0.08,8.62,0.0,Nov,1,2,1,1,Returning_Visitor,False,False
1,0.0,3,118.0,-1,224.39,0.04,0.06,26.77,-0.17,Nov,3,2,1,2,New_Visitor,False,False
6,309.12,0,0.0,31,1324.13,0.0,0.02,32.5,-0.12,Nov,2,2,1,2,Returning_Visitor,True,False
6,487.0,0,138.42,39,958.48,0.0,0.02,11.79,0.23,May,2,2,9,2,Returning_Visitor,False,False
3,65.5,0,18.48,39,850.67,0.01,0.04,15.0,0.13,Nov,2,2,1,2,Returning_Visitor,False,False
5,68.0,1,168.96,32,1195.58,0.02,0.04,13.26,0.1,May,2,5,3,2,Returning_Visitor,True,True
2,155.75,0,76.94,85,2599.19,0.01,0.03,18.4,0.0,Nov,2,4,1,10,Returning_Visitor,False,False
0,0.0,0,0.0,-19,-401.46,0.06,0.1,29.49,0.0,Feb,2,13,9,2,Returning_Visitor,False,False
3,0.0,1,0.0,46,449.33,-0.01,-0.0,0.0,0.18,May,2,1,1,3,New_Visitor,True,False
0,-181.47,0,32.22,-21,-1492.22,0.06,0.06,22.59,0.0,Nov,2,2,1,2,New_Visitor,False,False
0,17.91,0,0.0,22,283.08,-0.05,0.0,-9.0,-0.01,Sep,1,1,1,2,New_Visitor,False,True
2,364.88,0,0.0,-19,637.54,0.01,0.03,-28.13,0.8,Nov,2,2,1,4,Returning_Visitor,False,False
2,342.5,1,0.0,20,11.41,-0.07,-0.03,-9.38,-0.12,Mar,1,1,8,2,Returning_Visitor,True,False
0,-27.67,-1,0.0,-32,-1109.25,-0.02,0.02,0.0,0.0,Mar,2,4,6,8,Returning_Visitor,False,False
1,88.72,0,146.48,111,3510.88,0.02,0.03,-24.78,0.0,Nov,3,2,3,1,Returning_Visitor,False,False
3,302.19,-1,0.0,1,152.95,0.1,0.13,0.0,0.56,May,2,2,1,3,Returning_Visitor,False,False
7,365.32,0,0.0,55,237.0,0.0,0.01,0.0,-0.0,June,2,2,7,3,Returning_Visitor,True,False
4,79.75,0,-15.87,51,2278.7,0.02,0.04,0.0,0.26,Mar,2,2,7,2,Returning_Visitor,False,False
-7,-339.9,0,0.0,-40,-2220.02,0.0,0.02,5.09,0.0,Nov,1,1,1,4,Returning_Visitor,False,True
4,90.4,0,0.0,32,1478.07,0.02,0.03,8.95,-0.05,Dec,2,2,4,2,Returning_Visitor,False,False
1,62.5,2,196.0,14,585.18,0.0,0.01,0.0,-0.19,Nov,2,2,6,4,New_Visitor,False,False
10,199.0,0,120.64,23,1739.07,-0.12,-0.1,44.86,-0.01,Nov,2,2,9,6,New_Visitor,False,True
0,0.0,-3,-220.65,7,151.42,0.07,0.07,0.0,0.29,Aug,4,13,9,20,Returning_Visitor,False,False
9,203.89,1,13.89,99,3506.98,0.0,0.01,-23.61,-0.2,Mar,2,2,1,2,Returning_Visitor,False,False
0,68.87,1,-104.08,8,-17.27,0.04,0.07,0.0,0.0,May,3,2,3,1,New_Visitor,False,False
7,56.3,-1,0.0,28,315.4,0.0,0.01,0.0,0.0,Feb,3,2,1,2,Returning_Visitor,True,False
0,15.0,0,46.18,44,3020.59,0.0,0.02,37.0,0.2,May,2,2,7,1,Returning_Visitor,False,False
2,7.0,0,-42.32,38,467.95,0.04,0.07,-4.39,0.0,May,1,5,1,4,Returning_Visitor,False,False
-2,140.0,0,0.0,-71,-1949.33,0.1,0.15,15.66,-0.03,Mar,1,1,4,2,New_Visitor,True,False
10,218.43,2,110.25,70,1585.61,-0.01,0.02,-5.16,0.0,Jul,2,2,4,1,Returning_Visitor,True,False
2,0.0,2,44.0,83,2345.21,0.05,0.07,0.0,0.0,Mar,3,1,1,13,Returning_Visitor,True,False
3,273.95,0,0.0,17,2375.14,0.0,0.01,0.0,-0.16,Dec,2,6,1,1,Returning_Visitor,False,True
1,81.4,0,80.78,90,4208.75,0.04,0.06,33.02,-0.03,June,2,2,9,1,Returning_Visitor,True,False
5,-27.34,-1,-235.52,23,1232.73,-0.03,0.01,6.05,-0.27,Nov,4,1,3,19,Returning_Visitor,False,True
-1,0.0,1,0.0,24,1657.47,0.0,0.0,-6.92,0.28,Nov,4,1,1,3,New_Visitor,False,True
0,-180.69,0,0.0,51,2620.67,0.0,0.03,4.41,0.1,May,2,2,4,2,Returning_Visitor,True,False
4,0.0,0,87.55,7,314.5,0.13,0.13,0.0,0.0,Feb,2,2,3,1,Returning_Visitor,False,False
0,112.6,1,0.0,26,1730.91,0.0,0.03,-36.74,-0.38,Feb,1,1,1,8,Returning_Visitor,True,True
-6,-195.88,-1,0.0,38,1192.87,0.0,0.02,22.24,0.0,Aug,3,2,1,1,Returning_Visitor,False,False
0,-61.17,2,38.2,28,873.0,0.0,0.02,0.0,0.41,Sep,1,1,1,2,Returning_Visitor,False,False
7,189.19,1,-110.76,22,661.63,-0.06,0.01,0.0,0.22,May,2,1,4,2,Returning_Visitor,False,False
2,216.84,0,0.81,54,1845.17,0.01,0.05,2.12,0.02,Mar,3,2,3,1,Returning_Visitor,True,False
1,90.96,0,0.0,10,109.19,-0.03,-0.01,2.68,0.09,May,1,1,1,2,Returning_Visitor,True,False
9,417.25,1,0.0,42,1863.72,0.0,0.01,0.0,1.0,May,4,1,4,3,Returning_Visitor,True,False
0,-120.96,0,-103.28,-55,-2452.89,0.01,0.11,0.0,0.16,Nov,2,2,1,1,New_Visitor,False,False
12,356.78,2,266.88,255,8650.05,0.01,-0.02,1.98,0.0,Nov,2,2,9,3,Returning_Visitor,False,False
0,0.0,0,233.24,3,5.0,0.02,0.05,16.09,0.0,Dec,1,1,1,4,Returning_Visitor,True,False
10,356.95,2,62.17,138,4042.95,0.0,0.01,11.49,0.34,Aug,1,1,1,2,Returning_Visitor,False,True
2,0.0,0,0.0,7,48.0,0.08,0.09,0.0,-0.09,Nov,1,1,7,3,Returning_Visitor,True,False
0,-260.32,0,-99.27,95,2225.65,-0.02,0.01,46.93,0.09,May,2,7,5,1,Returning_Visitor,True,False
0,-145.18,0,-91.73,112,2684.99,0.0,0.02,25.76,0.8,May,2,2,1,13,Returning_Visitor,True,False
0,322.41,0,-72.3,1,1025.54,0.2,0.18,0.0,-0.09,June,3,2,9,8,Returning_Visitor,False,False
8,75.6,0,226.77,34,178.59,0.01,0.01,-14.9,0.0,Aug,3,2,1,3,Returning_Visitor,True,False
0,89.83,1,0.0,4,878.29,0.0,0.05,0.0,0.19,Mar,1,1,1,1,Returning_Visitor,True,False
5,91.32,-1,0.0,29,1352.98,0.01,0.02,8.48,0.0,Nov,1,2,6,1,Returning_Visitor,True,False
9,267.62,2,204.36,79,2844.23,0.0,0.02,28.37,0.0,May,3,2,1,3,Returning_Visitor,False,False
6,245.93,2,232.07,30,1333.8,-0.02,0.02,8.07,0.01,Nov,2,2,1,7,Returning_Visitor,False,False
2,29.0,0,113.0,-30,536.04,-0.01,0.0,15.42,0.0,Sep,2,4,3,2,Returning_Visitor,False,False
-2,-104.24,-2,-145.77,-74,-2356.82,0.04,0.05,0.0,-0.14,Mar,3,1,4,8,Returning_Visitor,False,False
0,75.1,0,0.0,34,929.78,0.08,0.09,5.65,0.4,Oct,3,2,1,2,Returning_Visitor,False,False
0,0.0,0,0.0,7,-534.27,0.07,0.08,0.0,-0.04,Sep,4,1,4,10,Returning_Visitor,False,False
2,0.0,0,-208.2,-19,56.0,0.11,0.15,-4.66,-0.25,Dec,2,2,1,1,Returning_Visitor,False,False
0,-139.04,0,0.0,12,211.33,0.01,0.0,16.63,-0.17,Jul,2,6,3,2,New_Visitor,True,False
0,6.42,-2,0.0,12,-229.11,0.0,0.02,17.87,0.0,Nov,1,1,3,4,Returning_Visitor,False,False
0,-6.71,-1,-213.08,9,1334.03,0.04,0.1,0.0,-0.05,Oct,1,1,2,1,Returning_Visitor,True,False
8,361.44,0,-104.21,36,1176.77,-0.05,-0.04,-9.75,0.19,May,2,4,1,4,New_Visitor,False,False
6,18.77,1,0.0,33,-1355.02,0.01,0.04,0.0,0.0,Oct,2,2,4,1,Returning_Visitor,False,False
3,159.0,1,55.5,23,1215.02,0.08,0.1,0.0,-0.1,Mar,3,2,4,14,Returning_Visitor,False,False
5,-59.09,1,-20.85,68,1390.87,0.03,0.01,-4.34,0.0,Jul,3,2,3,2,Returning_Visitor,False,True
0,-73.08,0,81.51,16,425.34,0.01,0.04,-10.36,-0.12,Dec,2,2,3,13,Returning_Visitor,False,False
2,175.47,1,30.88,42,472.94,0.0,0.03,-29.93,0.09,Nov,2,2,5,13,Returning_Visitor,True,True
0,0.0,0,0.0,20,115.25,0.07,0.11,-0.49,0.0,Nov,3,2,2,1,New_Visitor,True,False
2,82.65,1,-84.29,119,4990.96,0.0,0.01,30.82,0.37,May,2,2,6,6,New_Visitor,False,True
3,63.0,0,149.45,31,770.58,0.01,0.06,-26.72,0.0,Dec,2,2,5,8,New_Visitor,False,False
2,0.0,0,0.0,5,230.82,-0.05,0.0,19.03,0.0,Dec,1,1,3,8,Returning_Visitor,False,False
0,0.0,0,34.33,9,743.88,0.0,0.01,30.72,0.24,Dec,2,2,3,2,New_Visitor,True,False
5,151.1,2,20.0,22,392.6,0.07,0.06,-9.14,0.0,Oct,3,2,9,3,Returning_Visitor,False,False
4,55.0,3,17.25,100,2810.03,0.02,0.01,-10.78,-0.11,Dec,3,4,1,6,New_Visitor,False,False
2,0.0,-1,0.0,8,441.96,0.01,0.03,42.85,0.0,Aug,3,2,7,11,Returning_Visitor,True,False
2,0.0,0,0.0,91,3967.34,0.0,0.03,0.0,-0.0,Aug,2,6,4,1,Returning_Visitor,False,False
-4,-386.54,0,125.15,16,229.85,0.11,0.16,2.58,0.0,Nov,3,2,3,10,Returning_Visitor,False,False
5,131.85,0,-24.65,28,690.96,0.0,0.02,-15.09,-0.21,Oct,3,2,1,4,Returning_Visitor,True,False
0,185.62,0,-87.12,22,1640.96,0.01,0.04,11.09,0.28,Mar,2,2,7,1,Returning_Visitor,True,False
1,0.0,0,-104.88,40,952.97,0.0,0.01,-4.93,-0.35,Mar,4,1,1,2,New_Visitor,False,False
-3,26.45,0,0.0,13,-298.91,0.0,0.03,0.0,-0.16,Feb,2,2,2,13,Returning_Visitor,False,False
8,276.14,1,33.9,125,4421.32,0.05,0.06,0.0,0.0,Nov,2,2,3,1,Returning_Visitor,True,False
20,1036.49,24,1498.03,326,12712.11,0.0,0.02,-12.3,0.18,May,2,1,2,14,Returning_Visitor,True,False
8,195.32,0,17.63,31,1044.69,0.0,0.02,54.25,-0.37,Mar,2,4,1,1,Returning_Visitor,False,False
-3,0.0,2,105.16,11,687.5,0.05,0.04,-5.84,0.04,Feb,3,2,1,2,Returning_Visitor,True,False
0,161.01,0,196.04,4,2.33,0.15,0.16,0.0,0.0,May,3,2,2,13,Returning_Visitor,False,False
2,0.0,0,-65.64,5,1248.93,0.09,0.08,-8.53,0.0,Mar,2,2,4,10,Returning_Visitor,True,False
3,90.2,1,74.33,83,1479.84,0.13,0.14,-27.94,0.29,May,2,2,1,5,Returning_Visitor,False,False
4,77.1,6,60.3,5,828.92,0.07,0.11,12.97,0.1,Oct,3,6,2,3,Returning_Visitor,False,False
2,0.0,0,0.0,30,2098.09,0.0,0.07,0.0,0.1,Aug,3,2,7,1,Returning_Visitor,False,False
0,211.83,2,0.0,34,805.46,0.1,0.14,35.73,0.0,Mar,1,1,3,20,Returning_Visitor,True,False
4,340.89,1,0.0,30,735.58,0.02,0.01,33.64,0.0,Mar,2,2,4,2,New_Visitor,False,False
3,0.0,0,0.0,3,-1511.93,0.1,0.1,-17.03,0.0,Oct,3,2,2,5,Returning_Visitor,False,False
0,0.0,1,148.24,3,65.0,0.1,0.12,0.0,0.29,May,2,2,1,15,Returning_Visitor,False,False
2,53.64,0,-52.31,7,639.0,-0.01,0.02,39.7,0.0,Dec,2,2,7,10,Returning_Visitor,False,False
3,26.0,2,13.21,19,576.08,0.01,0.04,-13.73,0.29,Mar,2,2,2,2,Returning_Visitor,True,True
1,43.4,1,129.36,14,14.74,0.01,0.01,29.4,0.0,Dec,3,2,7,13,Returning_Visitor,False,False
1,-320.74,1,17.75,58,2222.37,-0.0,0.02,7.73,0.35,Oct,2,2,3,1,Returning_Visitor,True,False
0,0.0,1,-0.63,12,459.0,0.0,0.02,0.0,0.0,Mar,2,2,6,5,Returning_Visitor,False,False
4,413.61,0,0.0,58,1696.2,0.01,0.04,9.7,0.39,Nov,2,2,2,2,Returning_Visitor,False,False
0,-78.28,0,-164.87,1,98.31,0.07,0.1,0.0,-0.17,Dec,2,2,2,1,Returning_Visitor,False,False
3,37.5,0,75.05,66,1775.89,0.0,0.01,-21.98,-0.05,May,1,1,9,2,Returning_Visitor,True,True
3,136.95,-1,-10.11,33,1265.06,0.06,0.11,-19.15,0.0,Dec,2,2,7,1,Returning_Visitor,False,True
1,0.0,0,-123.77,4,-667.93,0.0,0.03,0.0,0.1,Jul,1,6,4,1,Returning_Visitor,False,False
9,261.74,0,17.79,9,753.24,0.05,0.04,-2.85,0.18,Aug,2,2,7,3,Returning_Visitor,False,False
3,115.48,0,-39.04,10,1267.07,0.04,0.03,23.35,0.37,May,2,2,4,6,New_Visitor,False,False
2,45.83,1,0.0,39,1484.43,-0.03,0.01,6.21,-0.07,Nov,2,2,1,1,Returning_Visitor,False,False
0,164.51,2,262.83,110,4508.37,0.01,0.04,4.76,0.07,Aug,2,2,3,2,Returning_Visitor,False,False
-7,-275.89,0,43.21,-5,160.25,0.01,0.08,-3.33,0.09,Mar,3,2,1,1,New_Visitor,False,False
-4,-158.96,0,216.7,9,614.75,0.02,0.04,-23.02,-0.2,Jul,2,4,3,2,Returning_Visitor,False,False
8,99.01,1,53.32,14,186.17,-0.02,0.01,0.0,0.18,May,2,2,1,1,Returning_Visitor,False,False
0,-49.01,0,0.0,11,499.4,0.01,0.03,0.0,0.33,Mar,2,2,2,1,Returning_Visitor,True,False
5,252.81,2,78.5,63,1771.6,0.04,0.03,2.64,-0.28,Nov,1,1,1,10,Returning_Visitor,True,True
3,-53.1,-1,39.87,35,1126.67,0.05,0.06,15.92,0.01,Oct,1,2,5,2,Returning_Visitor,True,False
-4,0.0,-2,-176.09,-18,-1344.72,0.03,0.08,0.0,0.4,May,2,2,4,4,Returning_Visitor,False,False
1,-10.14,0,-97.46,61,2863.17,0.07,0.1,0.0,0.11,Mar,2,2,3,1,Returning_Visitor,False,False
5,428.25,0,144.29,-1,-858.08,0.17,0.2,0.0,0.0,Dec,3,13,3,20,Returning_Visitor,False,False
7,212.46,-1,72.87,12,107.0,-0.05,-0.06,0.0,-0.15,Mar,1,2,4,4,Returning_Visitor,False,False
1,46.04,-2,-66.72,13,1243.04,0.0,0.01,0.0,0.0,Sep,1,1,4,2,Returning_Visitor,True,False
2,123.2,0,-91.31,55,1816.08,0.01,0.03,-6.05,0.62,June,2,2,4,5,Returning_Visitor,False,False
-1,-125.13,0,-56.31,1,0.0,0.2,0.19,16.11,0.07,Feb,1,1,3,13,Returning_Visitor,False,False
9,72.56,3,121.58,336,11763.82,0.03,0.01,0.07,0.14,Mar,2,2,7,3,Returning_Visitor,False,True
3,-141.97,-2,-65.95,70,2103.66,-0.03,0.0,0.0,0.0,Feb,2,2,9,5,Returning_Visitor,False,False
0,5.74,-1,-4.96,43,2130.08,0.1,0.11,-3.91,0.0,Nov,1,1,1,1,Returning_Visitor,False,True
3,246.91,0,-78.41,2,1537.32,0.03,0.07,1.09,0.0,Nov,1,2,2,3,Returning_Visitor,False,False
-2,0.0,1,0.0,57,2978.95,-0.02,0.02,0.0,0.0,Dec,1,1,1,4,Returning_Visitor,False,False
-2,0.0,2,0.0,5,1501.85,0.01,0.02,29.02,0.0,Sep,3,2,3,4,Returning_Visitor,False,False
5,233.25,2,161.31,80,2277.56,0.01,0.03,0.0,0.0,Mar,2,4,7,3,New_Visitor,True,False
4,130.0,0,0.0,37,818.79,0.0,0.01,18.61,-0.07,Sep,2,6,1,2,Returning_Visitor,False,False
0,0.0,0,0.0,40,1304.8,-0.02,0.04,23.5,0.0,Mar,1,1,4,1,New_Visitor,False,False
1,0.0,2,197.22,39,17.2,0.08,0.15,-40.13,0.0,Nov,2,2,4,4,Returning_Visitor,False,False
2,0.0,1,12.0,45,1064.12,0.0,0.03,39.65,0.0,Dec,2,4,1,3,Returning_Visitor,True,True
3,92.99,0,0.0,34,819.33,0.0,0.0,25.26,0.22,Dec,2,2,2,2,New_Visitor,False,True
-2,-323.59,0,-42.32,-28,-1036.06,0.01,0.03,1.75,-0.34,Dec,3,2,3,6,Returning_Visitor,False,False
-1,100.1,2,179.29,122,6141.43,0.01,-0.0,0.0,0.25,May,2,2,2,4,New_Visitor,False,False
0,-153.91,0,93.06,5,249.0,0.0,0.04,15.84,-0.07,Mar,2,2,2,3,Returning_Visitor,False,False
3,0.0,0,26.39,33,1102.85,-0.03,0.03,0.0,0.01,Nov,2,2,4,4,Returning_Visitor,False,False
0,55.5,0,93.24,8,158.25,0.03,0.02,0.0,0.0,Mar,2,2,2,2,Returning_Visitor,False,False
6,54.28,-1,146.34,23,279.39,-0.04,-0.02,-2.99,0.05,Nov,3,2,4,1,Returning_Visitor,False,False
0,-100.28,0,0.0,66,1330.67,0.01,0.01,0.0,-0.06,Nov,1,1,1,3,New_Visitor,False,False
0,-20.9,0,-209.76,-7,135.13,-0.04,0.01,11.5,0.0,May,1,5,2,4,Returning_Visitor,False,False
-5,0.0,-1,0.0,-53,-1059.24,0.2,0.2,10.2,0.0,Oct,3,2,3,15,New_Visitor,False,False
0,-87.34,0,0.0,13,0.0,0.17,0.2,0.0,0.0,Feb,3,2,1,1,Returning_Visitor,True,False
-1,0.0,0,33.17,42,473.83,0.0,0.02,8.7,-0.05,Oct,1,1,1,4,Returning_Visitor,False,False
4,90.09,0,76.89,-5,436.0,0.0,0.01,-16.39,0.0,Nov,2,2,3,8,Returning_Visitor,False,False
6,402.33,2,183.68,34,1983.99,-0.02,0.03,0.0,0.0,Mar,3,2,2,8,New_Visitor,False,False
-2,25.13,0,-39.44,-22,-1077.2,0.13,0.14,-20.83,0.05,Oct,3,2,2,13,Returning_Visitor,False,False
5,187.17,2,389.61,22,1316.13,0.02,0.01,22.46,0.02,Nov,3,2,1,5,Returning_Visitor,True,True
7,494.41,6,256.98,93,2989.49,0.0,-0.0,21.95,0.0,Feb,1,2,1,8,New_Visitor,True,True
8,108.38,3,256.08,65,2932.32,0.0,0.01,-18.96,0.13,Aug,1,2,1,1,Returning_Visitor,False,False
0,0.0,0,21.14,0,-946.9,0.1,0.13,-0.41,0.04,May,2,2,1,9,Returning_Visitor,False,False
5,223.0,3,107.87,27,1460.57,0.0,0.05,0.0,0.02,Mar,2,2,8,6,New_Visitor,True,False
4,66.69,0,0.0,12,505.55,0.0,0.02,-12.81,0.0,Oct,1,1,6,4,New_Visitor,False,False
2,34.2,0,191.3,11,-382.46,-0.1,-0.06,-7.99,-0.01,Oct,1,1,1,4,New_Visitor,False,False
8,367.67,0,72.97,58,2657.45,0.01,0.03,1.39,0.34,Oct,2,4,2,15,Returning_Visitor,True,False
5,206.35,0,-257.4,17,478.83,0.05,0.05,-5.85,0.0,Mar,1,1,1,4,Returning_Visitor,False,False
0,-76.02,-1,0.0,10,236.0,0.02,0.05,0.0,0.47,Mar,1,1,1,3,Returning_Visitor,False,False
4,46.96,1,144.15,11,447.19,0.05,0.05,3.53,0.32,May,2,2,7,11,Returning_Visitor,True,False
2,-87.64,0,0.0,17,586.1,0.02,0.05,31.9,-0.01,Aug,2,2,3,13,Returning_Visitor,False,False
0,0.0,0,-15.96,62,1954.13,0.19,0.2,-30.08,0.18,Nov,1,1,2,5,Returning_Visitor,False,False
-1,-97.88,1,171.59,-19,-588.57,0.05,0.08,0.0,0.6,May,2,2,3,5,Returning_Visitor,False,False
4,0.0,0,-99.97,27,-86.26,-0.0,0.01,0.0,0.02,May,2,2,3,4,Returning_Visitor,True,False
5,26.12,0,161.99,-19,252.75,0.05,0.06,0.0,0.25,May,2,2,2,15,Returning_Visitor,False,False
0,12.49,1,140.0,49,3332.21,-0.04,-0.02,-17.84,0.6,May,3,2,3,6,Returning_Visitor,False,False
1,7.0,1,-14.64,19,803.0,0.03,0.05,-7.37,0.0,Nov,2,2,3,13,Returning_Visitor,False,True
0,0.0,-1,74.19,-50,-1385.17,0.11,0.13,-11.05,0.0,Dec,3,2,3,6,Returning_Visitor,False,False
0,0.0,0,-119.46,12,222.3,0.01,0.03,0.05,0.27,June,3,2,9,2,Returning_Visitor,True,False
3,119.0,-2,0.0,-50,-1676.14,0.0,0.03,2.41,-0.2,Nov,2,2,3,4,New_Visitor,False,True
2,-8.9,0,0.0,25,278.14,-0.0,0.01,77.46,-0.05,Aug,2,2,7,2,New_Visitor,True,False
0,-308.44,-2,0.0,9,89.0,0.03,0.06,-6.97,0.0,Nov,3,2,1,2,Returning_Visitor,False,False
4,127.13,0,-59.93,76,2509.25,0.02,0.01,11.28,0.0,Nov,3,2,3,1,Returning_Visitor,False,True
2,129.0,0,0.0,16,1835.5,0.02,0.07,9.87,0.15,Aug,2,2,1,6,Returning_Visitor,False,False
-1,0.0,0,92.75,13,2159.35,0.0,0.05,17.32,0.6,May,1,1,1,3,Returning_Visitor,False,False
0,0.0,0,0.0,3,-556.42,0.01,0.07,-11.15,-0.18,Nov,1,1,6,3,Returning_Visitor,False,False
0,11.37,0,5.76,-1,-564.58,0.04,0.07,0.0,0.0,Jul,2,2,3,7,Returning_Visitor,False,False
0,46.6,0,0.0,1,0.0,0.17,0.2,0.0,0.0,Nov,1,1,7,5,Returning_Visitor,False,False
6,130.5,0,17.15,78,1876.08,0.0,-0.0,12.12,-0.22,Jul,3,2,9,2,New_Visitor,False,False
1,40.38,0,134.32,24,2078.48,0.01,0.04,-8.63,-0.07,Nov,3,2,1,2,Returning_Visitor,True,True
6,162.75,1,141.77,70,2453.18,-0.01,0.01,29.07,-0.18,Nov,2,2,4,6,Returning_Visitor,False,True
3,0.0,-2,-95.09,12,412.88,0.0,0.02,0.0,0.0,Oct,3,2,3,7,Returning_Visitor,True,False
8,64.29,1,0.0,137,3770.92,0.0,-0.02,-12.36,0.06,Nov,2,1,6,1,Returning_Visitor,False,False
-2,0.0,0,0.0,65,574.67,0.01,0.02,-27.28,0.0,Mar,1,1,1,3,Returning_Visitor,False,False
2,94.0,1,0.0,-31,-660.21,0.05,0.08,0.0,-0.29,Mar,3,2,1,4,Returning_Visitor,False,False
5,246.77,0,-11.65,21,670.7,-0.02,0.02,9.13,-0.14,Oct,2,2,7,2,Returning_Visitor,False,False
8,52.84,2,0.0,132,3723.07,-0.05,-0.05,0.0,-0.08,Dec,1,1,2,1,Returning_Visitor,False,False
9,2.4,2,133.93,75,913.43,0.01,0.02,0.0,0.0,Mar,3,2,6,1,Returning_Visitor,False,False
1,57.25,0,-122.43,87,3314.28,0.01,0.02,21.4,0.04,Nov,1,1,1,2,Returning_Visitor,True,True
4,0.0,0,103.11,-18,785.79,0.13,0.15,3.2,-0.43,Nov,4,3,5,8,New_Visitor,False,False
2,0.0,0,0.0,30,2274.84,0.01,0.01,0.0,0.0,Dec,2,2,1,2,Returning_Visitor,True,False
1,9.0,0,0.0,17,1220.89,0.08,0.09,28.86,0.0,Nov,4,2,3,1,Returning_Visitor,False,False
0,86.34,0,0.0,-20,473.0,0.02,0.03,51.01,0.28,Aug,1,2,3,6,Returning_Visitor,False,False
1,15.27,-2,-239.21,30,623.17,0.06,0.06,-40.41,0.15,Mar,2,2,1,9,Returning_Visitor,False,False
0,51.12,2,84.58,1,0.0,0.2,0.18,0.0,0.44,Feb,2,2,2,2,Returning_Visitor,False,False
0,0.0,1,0.0,101,4901.11,0.01,0.03,0.0,-0.14,Nov,3,2,2,6,New_Visitor,False,False
2,-53.68,0,-50.32,23,164.5,0.06,0.09,-8.31,0.4,Aug,3,2,1,4,Returning_Visitor,False,False
5,270.32,-1,-67.88,5,20.0,0.05,0.09,0.0,0.08,Aug,3,2,3,1,Returning_Visitor,False,False
5,73.94,0,-40.6,9,126.71,0.04,0.04,-3.97,-0.17,Dec,3,2,5,6,Returning_Visitor,False,False
0,-168.56,0,11.88,30,612.58,0.02,0.01,0.0,0.21,May,3,2,1,13,Returning_Visitor,False,False
3,59.8,0,25.24,15,1513.93,-0.02,0.01,1.59,0.0,Sep,2,2,3,4,New_Visitor,False,False
0,17.93,0,-66.12,9,-259.99,0.03,0.03,-16.02,0.0,May,1,1,8,2,Returning_Visitor,False,False
0,-22.02,0,154.07,20,135.5,0.14,0.17,0.0,0.42,May,1,1,9,3,Returning_Visitor,False,False
0,-116.1,0,200.28,37,781.36,0.1,0.07,25.6,-0.03,Mar,2,2,6,1,Returning_Visitor,False,False
2,82.34,2,163.85,45,3287.31,0.0,0.02,9.9,0.0,Feb,1,1,1,2,New_Visitor,False,True
0,97.11,2,374.54,25,511.61,0.02,0.04,22.34,0.12,Nov,1,5,2,4,Returning_Visitor,False,False
6,195.5,1,96.05,11,1028.53,-0.0,0.03,-0.21,0.0,Nov,3,2,3,13,Returning_Visitor,False,False
-1,-77.2,-1,17.0,10,209.33,-0.02,0.02,0.0,0.0,Oct,1,1,8,2,Returning_Visitor,False,False
0,0.0,1,59.99,75,3014.45,0.03,0.05,3.06,0.8,May,2,2,1,2,Returning_Visitor,False,False
6,297.75,3,352.5,40,2422.38,0.01,0.05,13.48,0.23,May,3,1,9,8,Returning_Visitor,False,True
0,123.62,0,-103.32,-14,23.0,0.0,-0.0,25.18,0.07,Nov,3,2,1,4,Returning_Visitor,False,False
6,82.01,2,24.28,162,6117.81,0.0,0.02,22.36,0.05,Mar,2,2,1,1,Returning_Visitor,False,False
0,76.63,0,47.43,11,437.83,0.0,0.03,7.14,-0.2,Nov,1,3,4,4,New_Visitor,False,False
4,247.35,0,-140.22,13,1800.2,-0.01,0.01,2.63,0.0,Sep,2,2,1,2,Returning_Visitor,False,False
7,95.5,0,-110.6,-14,-1874.01,0.0,0.0,0.0,0.0,Oct,2,2,1,8,New_Visitor,False,False
4,110.27,0,62.29,-2,1580.8,0.05,0.05,2.96,0.16,Jul,2,2,1,1,Returning_Visitor,False,False
0,-31.55,0,0.0,19,791.0,0.06,0.08,4.9,0.16,Feb,2,2,4,1,Returning_Visitor,True,False
0,-252.83,0,81.0,24,2777.42,-0.04,0.03,-24.27,0.0,Feb,2,1,2,10,Returning_Visitor,False,True
7,82.77,1,47.0,331,15025.23,0.0,-0.0,1.27,-0.15,Nov,3,2,1,2,Returning_Visitor,True,False
2,128.8,1,49.3,15,700.55,-0.04,0.01,0.0,0.26,May,2,2,6,2,Returning_Visitor,False,False
1,57.7,-1,0.0,29,736.97,0.03,0.05,10.58,0.0,May,1,2,1,4,New_Visitor,False,False
7,94.08,0,102.28,16,589.88,0.0,0.01,29.08,0.02,Dec,2,6,1,1,Returning_Visitor,True,False
3,-120.1,0,162.29,14,512.5,0.06,0.09,-5.87,0.07,Nov,2,2,7,1,Returning_Visitor,False,False
4,217.77,-1,65.81,12,539.5,-0.0,0.01,0.0,-0.15,Dec,2,13,4,2,Other,False,False
2,69.2,-1,-37.02,21,962.3,0.07,0.1,-1.61,0.42,May,2,6,1,3,Returning_Visitor,False,False
2,15.67,0,-68.28,90,3093.69,0.04,0.05,-8.38,0.58,Feb,2,2,3,2,Returning_Visitor,False,False
4,281.87,0,0.0,65,624.62,-0.0,0.02,24.72,0.18,Jul,2,2,2,2,Returning_Visitor,True,False
12,263.35,1,-133.76,44,2035.05,0.06,0.06,0.0,0.0,Dec,3,2,3,2,New_Visitor,False,False
0,0.0,-1,-237.18,9,-344.59,-0.01,0.03,15.96,0.16,Dec,4,2,9,1,Returning_Visitor,False,False
1,194.5,1,248.53,13,539.91,-0.01,0.02,0.0,-0.22,Dec,2,2,4,10,Returning_Visitor,True,False
2,206.3,0,0.0,0,-952.02,0.2,0.19,-43.83,0.54,May,4,1,1,3,Returning_Visitor,True,False
1,-87.94,0,0.0,73,3431.29,-0.01,-0.01,39.69,0.0,Aug,3,2,9,2,New_Visitor,True,False
0,0.0,1,65.09,-28,1171.11,0.0,0.1,0.0,0.0,May,2,2,1,3,Returning_Visitor,False,False
2,-80.32,0,43.81,2,0.0,0.16,0.2,16.63,0.42,May,4,2,2,13,Returning_Visitor,False,False
0,111.79,1,170.02,-1,-1282.73,-0.02,0.01,11.18,0.0,Feb,2,4,6,8,New_Visitor,False,False
4,107.75,1,0.0,15,1308.6,0.03,0.06,30.48,0.0,Oct,2,2,8,1,New_Visitor,False,False
1,6.0,0,0.0,25,-1104.35,0.04,0.09,-4.35,0.0,Mar,2,5,4,3,Returning_Visitor,False,False
11,73.42,2,0.0,64,1573.73,0.03,0.01,0.0,-0.21,Nov,2,4,1,2,Returning_Visitor,False,False
3,335.5,1,127.58,21,96.0,0.0,0.02,0.0,0.17,Oct,1,1,6,15,Returning_Visitor,False,False
1,22.0,0,116.38,4,-435.63,0.12,0.12,0.0,0.0,June,2,10,2,3,Returning_Visitor,True,False
0,0.0,-1,-256.95,59,720.47,0.01,0.01,15.08,-0.14,Mar,2,5,1,1,Returning_Visitor,False,False
5,60.8,0,-22.64,-6,20.6,0.0,0.03,4.13,0.36,Aug,2,2,2,5,New_Visitor,True,False
0,-225.7,0,27.83,-6,-764.44,0.07,0.1,-24.3,-0.13,Mar,4,1,2,2,Returning_Visitor,True,False
4,199.33,2,187.57,74,4461.82,0.01,0.03,0.0,0.0,Sep,2,2,4,2,Returning_Visitor,False,False
1,-14.49,0,0.0,22,849.83,0.0,-0.02,16.75,-0.06,Mar,2,2,1,2,Returning_Visitor,False,False
4,103.9,1,87.94,160,7959.91,0.06,0.04,0.0,0.2,Aug,2,1,3,13,Returning_Visitor,False,False
2,11.57,0,0.0,69,887.83,-0.11,-0.07,-2.84,0.12,Aug,2,4,7,3,Returning_Visitor,False,False
5,70.13,0,0.0,3,513.28,0.17,0.2,-30.48,0.16,Aug,3,2,1,1,Returning_Visitor,False,False
5,28.24,3,0.0,91,3725.7,0.01,0.02,0.0,0.0,May,2,2,6,2,New_Visitor,False,False
9,174.48,0,183.6,43,1816.68,-0.02,0.01,-6.01,0.44,Nov,1,2,6,2,Returning_Visitor,True,True
0,0.0,0,23.94,25,-282.09,0.01,-0.0,8.03,0.21,May,1,1,3,2,Returning_Visitor,False,False
1,0.0,2,-65.16,5,-319.33,-0.0,0.01,44.16,0.07,May,4,1,4,2,Returning_Visitor,False,False
0,-28.06,1,0.0,-5,0.0,0.02,0.04,0.0,-0.02,Feb,1,1,1,2,Returning_Visitor,False,False
-2,-163.77,1,51.0,90,3246.03,0.0,0.06,-5.36,0.34,Jul,2,2,4,1,Returning_Visitor,False,False
4,210.0,0,-140.3,17,756.61,0.0,0.05,0.0,0.0,Mar,4,1,1,2,Returning_Visitor,False,False
2,35.2,1,199.05,1,521.87,0.07,0.1,-11.46,0.0,June,2,2,7,2,Returning_Visitor,True,False
5,188.47,0,-265.63,22,213.71,0.03,0.07,0.0,0.14,Nov,3,2,1,8,Returning_Visitor,False,False
1,-28.55,2,135.29,24,54.38,-0.02,0.0,15.59,0.0,Mar,3,4,1,2,New_Visitor,True,False
5,394.35,-1,-23.3,3,575.87,0.0,0.04,29.65,0.06,Sep,1,1,2,2,Returning_Visitor,False,False
0,-34.01,1,107.08,34,1781.65,0.0,0.0,0.0,0.18,Oct,2,2,4,2,Returning_Visitor,False,False
4,33.0,0,-115.11,91,3487.54,0.02,0.02,-2.84,0.0,Nov,2,2,3,1,Returning_Visitor,False,False
5,165.85,0,51.69,25,1769.93,0.02,0.02,0.0,0.27,Oct,2,2,1,1,Returning_Visitor,False,False
-1,0.0,0,0.0,2,0.0,0.13,0.2,23.0,0.17,Aug,2,2,1,1,Returning_Visitor,False,False
7,-3.07,0,58.29,57,1730.6,0.04,0.05,0.0,0.31,May,2,2,1,3,Returning_Visitor,False,False
0,-28.05,1,162.23,18,1149.58,0.03,0.05,11.29,0.0,Nov,2,6,3,2,Returning_Visitor,False,True
4,44.0,0,0.0,90,3308.79,0.08,0.12,0.0,0.05,Feb,4,1,1,1,Returning_Visitor,False,False
5,214.43,3,373.69,135,4462.56,0.0,0.01,0.0,0.0,Mar,1,1,1,3,Returning_Visitor,False,False
3,0.0,0,-5.56,8,158.42,0.0,0.01,0.0,-0.08,June,2,2,1,2,Returning_Visitor,True,False
0,-152.49,0,0.0,12,154.8,-0.01,0.03,17.86,-0.1,Mar,2,2,4,1,Returning_Visitor,False,True
9,234.43,0,35.4,20,654.29,0.03,0.04,3.14,0.06,Nov,2,2,4,1,Returning_Visitor,False,False
1,0.0,0,-90.59,4,0.0,-0.07,-0.03,0.0,0.38,Feb,4,1,2,8,Returning_Visitor,True,False
11,366.64,0,0.0,186,6975.89,0.0,0.03,14.46,0.01,Aug,2,2,3,2,Returning_Visitor,False,True
0,7.54,0,0.0,17,1065.63,-0.01,0.01,0.0,0.6,May,2,2,2,2,New_Visitor,True,False
6,265.77,3,343.96,109,2934.24,0.06,0.02,22.81,-0.12,Nov,1,1,4,2,Returning_Visitor,False,False
2,-20.77,-1,0.0,65,2886.84,-0.01,0.03,0.0,0.0,Dec,2,2,4,3,Returning_Visitor,False,False
2,63.2,2,112.8,26,34.97,-0.01,0.02,0.0,0.1,Mar,4,5,3,20,Returning_Visitor,False,False
-1,-112.3,0,-129.16,25,1339.32,0.0,0.0,0.0,0.27,May,4,5,1,3,Returning_Visitor,False,False
3,60.73,-2,-75.09,61,661.66,0.01,0.04,0.0,0.1,Mar,2,2,3,1,Returning_Visitor,False,False
-1,-41.47,1,0.0,26,1660.0,0.02,0.08,12.03,0.02,Nov,3,2,9,4,Returning_Visitor,True,False
3,0.0,0,302.64,93,3748.71,-0.03,0.02,0.0,0.0,Mar,3,2,6,1,Returning_Visitor,False,False
1,104.3,0,0.0,61,1512.53,0.03,0.04,16.63,0.0,Dec,2,1,4,1,Returning_Visitor,False,False
-3,78.35,0,183.89,6,264.4,0.04,0.07,-23.92,-0.01,Jul,2,2,7,2,Returning_Visitor,False,False
7,66.33,0,0.0,21,-14.31,-0.0,0.04,-3.62,0.0,Nov,2,2,6,4,Returning_Visitor,False,True
0,0.0,1,159.49,19,2282.16,0.0,0.0,13.63,0.04,Mar,2,2,1,4,Returning_Visitor,True,True
0,78.5,0,3.28,66,1266.12,-0.01,0.01,16.73,-0.04,Oct,1,2,1,8,Returning_Visitor,False,False
6,105.42,0,-112.16,73,2297.09,-0.02,0.02,11.57,-0.41,Jul,1,1,2,4,Returning_Visitor,False,False
6,424.87,0,-65.96,9,264.75,0.0,0.01,-24.45,0.0,Mar,1,1,2,3,Returning_Visitor,False,False
6,228.35,0,166.67,7,-903.63,0.04,0.05,-1.72,0.0,Feb,3,2,2,13,New_Visitor,False,False
-2,16.13,0,4.19,10,413.0,0.0,0.02,-23.06,0.0,May,1,1,1,2,Returning_Visitor,True,False
7,160.1,1,29.37,47,1682.87,0.0,0.01,5.7,0.0,Aug,2,2,6,10,Returning_Visitor,False,True
2,183.79,0,0.0,1,-1149.73,0.09,0.09,11.25,0.0,Sep,3,2,1,6,Returning_Visitor,False,False
2,109.45,1,-3.27,15,0.0,0.17,0.2,0.0,0.19,Feb,3,2,4,5,Returning_Visitor,True,False
1,0.0,0,32.96,14,982.12,0.03,0.07,0.0,0.6,May,2,2,2,2,Returning_Visitor,False,False
2,-47.35,1,0.0,36,2321.19,0.07,0.1,0.0,-0.11,Nov,3,2,4,1,Returning_Visitor,False,False
4,130.03,2,67.99,58,1272.18,0.01,0.03,-20.3,0.0,Nov,2,2,7,6,Returning_Visitor,False,False
1,293.62,0,42.2,-47,-1394.54,0.07,0.1,16.35,-0.1,Mar,2,5,4,3,Returning_Visitor,False,False
4,-83.46,0,-195.77,-11,-104.42,0.03,0.05,44.48,0.0,Aug,1,1,1,4,Returning_Visitor,True,True
1,0.0,-1,76.5,22,1437.53,0.05,0.08,-1.72,0.01,Oct,1,1,3,1,Returning_Visitor,False,False
0,-31.9,1,0.0,12,121.5,0.03,0.07,37.87,0.15,May,1,2,4,2,Returning_Visitor,True,False
8,-33.44,2,0.0,89,3010.96,0.04,0.09,15.15,-0.15,Feb,2,4,1,1,Returning_Visitor,False,False
5,177.29,0,0.0,74,2459.4,0.04,0.06,0.0,-0.09,Aug,2,2,4,9,Returning_Visitor,False,False
0,27.25,1,257.79,12,655.17,-0.0,0.04,0.11,0.0,May,2,2,2,5,New_Visitor,False,False
0,-95.83,0,0.0,32,1035.08,0.0,0.03,0.0,0.0,Oct,2,10,1,4,Returning_Visitor,True,False
0,211.69,0,0.0,72,2022.25,0.05,0.08,2.13,0.45,May,2,2,1,13,Returning_Visitor,False,False
4,-16.49,1,45.72,30,1992.83,-0.01,0.0,-51.92,0.0,Mar,2,2,1,3,Returning_Visitor,False,True
4,0.0,0,0.0,7,1091.12,0.01,0.06,0.0,-0.2,Mar,3,2,2,3,Returning_Visitor,True,False
0,-79.62,-1,-219.08,27,839.67,0.02,0.04,0.0,0.4,May,3,2,3,3,Returning_Visitor,False,False
0,0.0,0,0.0,7,63.43,0.0,0.1,0.0,0.8,May,2,2,9,3,Returning_Visitor,False,False
-3,127.04,0,149.96,10,242.08,0.0,0.01,0.0,0.0,Oct,2,5,7,2,Returning_Visitor,True,False
10,299.22,3,144.52,80,2574.31,0.0,0.04,4.42,0.1,Oct,2,2,6,1,Returning_Visitor,False,False
0,106.38,0,-125.67,-19,-847.24,0.07,0.11,5.43,0.04,Mar,2,2,1,1,Returning_Visitor,True,False
3,29.0,0,81.38,30,11.0,0.08,0.06,-1.63,0.11,Oct,3,4,7,8,Returning_Visitor,True,False
3,180.59,0,-72.72,-6,49.5,0.05,0.09,0.0,0.12,Feb,3,2,1,2,Returning_Visitor,False,False
3,99.0,0,143.98,47,1579.16,-0.01,0.02,0.0,0.0,Oct,3,2,7,2,Returning_Visitor,False,False
2,75.0,0,-267.45,34,1930.33,0.01,0.02,0.0,0.0,Jul,2,2,4,2,Returning_Visitor,False,False
0,128.24,0,11.29,45,1740.78,0.08,0.1,0.0,0.0,May,2,5,9,6,New_Visitor,False,False
3,387.32,-1,0.0,-15,-251.26,0.02,0.03,0.0,0.0,Oct,3,2,1,8,New_Visitor,False,False
-3,-128.99,1,71.0,41,1331.79,0.08,0.1,-11.41,0.0,Mar,2,2,1,1,Returning_Visitor,True,False
-2,33.52,-1,-111.66,64,1461.76,0.0,0.05,0.0,0.33,Nov,2,2,3,1,Returning_Visitor,False,False
0,0.0,2,0.0,12,1232.03,0.0,0.04,8.22,0.01,May,2,4,2,2,Returning_Visitor,False,True
4,526.85,2,199.43,266,9810.42,-0.04,-0.07,0.25,-0.03,Feb,2,4,1,1,Returning_Visitor,True,False
0,37.25,-2,-146.4,22,1448.81,0.0,0.01,9.19,-0.06,Aug,2,2,3,3,Returning_Visitor,False,False
12,683.0,0,0.0,-17,586.16,0.01,0.04,30.58,0.0,Nov,2,2,4,15,Returning_Visitor,False,True
14,578.5,2,913.0,124,3614.77,-0.06,-0.07,22.08,-0.17,Oct,2,2,4,4,Returning_Visitor,False,True
9,276.44,0,-155.06,17,314.0,0.0,0.03,17.24,0.03,Dec,1,1,3,3,Returning_Visitor,True,False
1,-18.32,0,0.0,22,1397.0,0.06,0.08,3.26,0.24,May,2,2,7,8,Returning_Visitor,False,True
2,34.79,-1,0.0,6,-500.32,0.05,0.03,1.13,-0.16,Nov,1,5,1,4,Returning_Visitor,True,False
5,380.15,1,202.12,65,2019.77,0.03,0.02,4.23,0.0,Mar,1,1,2,2,Returning_Visitor,True,False
9,426.2,4,222.0,30,2860.28,-0.01,0.03,-6.55,0.0,Oct,2,2,1,7,Returning_Visitor,False,False
0,160.86,0,-61.88,-3,-1592.15,0.01,0.03,8.98,0.0,Sep,2,2,8,6,Returning_Visitor,False,True
2,0.0,-1,0.0,2,11.5,0.01,0.02,1.97,-0.14,Mar,3,2,4,2,Returning_Visitor,True,False
0,0.0,0,27.43,2,700.67,-0.01,0.02,19.77,0.24,May,3,2,7,1,Returning_Visitor,True,False
7,189.56,1,167.89,178,6067.04,-0.04,-0.03,-9.22,0.22,May,2,2,3,1,Returning_Visitor,False,False
-2,0.0,-1,-99.33,9,203.25,0.01,0.03,-1.6,-0.13,Nov,1,1,1,1,Returning_Visitor,False,False
1,127.66,-1,-205.88,5,819.5,-0.03,0.01,43.89,0.0,Mar,1,1,2,2,Returning_Visitor,False,False
14,525.74,0,-218.91,-2,26.0,0.01,0.05,0.0,0.15,May,4,1,2,3,Returning_Visitor,False,False
6,175.47,1,-150.15,31,1296.72,0.0,-0.02,70.02,0.07,Feb,2,2,7,14,New_Visitor,False,True
15,869.17,2,280.14,73,3178.83,0.01,-0.01,-10.91,0.0,Nov,2,2,1,4,Returning_Visitor,False,False
5,353.83,-1,-21.73,89,2889.95,0.07,0.1,0.0,0.0,May,1,1,4,5,Returning_Visitor,False,False
2,0.0,0,0.0,-15,-719.98,-0.01,-0.0,15.97,-0.15,Dec,3,2,1,6,New_Visitor,True,False
7,72.33,3,9.0,26,1083.71,0.01,0.03,0.0,0.0,Nov,1,1,1,6,New_Visitor,False,True
8,352.68,5,53.0,145,5610.45,-0.04,-0.03,0.0,0.33,May,2,2,7,4,Returning_Visitor,False,False
2,11.0,1,-199.69,11,-930.44,0.02,0.02,0.0,-0.12,Dec,1,1,6,2,Returning_Visitor,False,False
3,0.0,0,37.4,-26,-467.48,0.09,0.1,4.74,0.05,Feb,2,2,4,3,Returning_Visitor,False,False
-1,0.0,0,0.0,-4,268.75,0.03,0.03,13.43,0.41,Dec,1,1,3,1,Returning_Visitor,False,False
0,7.88,1,174.31,-56,-1554.03,-0.01,0.02,0.0,0.0,Mar,2,2,4,9,Returning_Visitor,False,False
5,58.78,-1,0.0,-32,-2565.75,0.0,0.05,21.49,0.0,Oct,4,1,1,4,New_Visitor,False,False
-1,32.99,0,-80.48,-42,-1145.71,0.2,0.2,-11.46,0.08,Dec,2,2,1,1,Returning_Visitor,False,False
2,0.0,0,-28.87,4,819.22,0.03,0.1,22.85,0.0,Nov,2,5,4,11,Returning_Visitor,False,False
3,14.55,1,179.04,41,1406.98,0.01,0.04,-0.64,0.0,Nov,3,2,1,1,New_Visitor,True,False
-1,-101.7,-2,-95.84,-21,-1355.48,0.0,0.01,5.0,0.06,Mar,2,2,4,2,Returning_Visitor,False,True
3,0.0,0,0.0,39,1347.05,-0.01,0.02,0.0,-0.04,Nov,1,1,9,2,Returning_Visitor,False,True
2,0.0,0,-138.89,12,284.5,0.02,0.03,128.47,0.29,Dec,2,2,4,10,Returning_Visitor,True,True
2,13.0,0,0.0,57,1924.61,0.04,0.07,-45.53,-0.08,Jul,2,2,2,1,New_Visitor,False,False
0,-233.93,-1,-144.34,14,375.0,0.06,0.1,-6.52,0.0,Feb,3,2,2,1,Returning_Visitor,True,False
4,74.4,0,-47.46,42,800.83,-0.08,-0.06,26.64,0.0,Oct,2,2,4,2,New_Visitor,True,True
0,0.0,0,0.0,-58,-1347.57,0.0,0.03,0.0,0.0,Nov,1,1,4,2,Returning_Visitor,False,False
1,0.0,1,246.36,8,28.45,0.06,0.06,-28.89,0.3,Feb,2,5,7,9,Returning_Visitor,True,False
5,0.0,2,21.0,17,478.13,0.02,0.07,22.16,0.01,Feb,3,2,1,5,Returning_Visitor,True,False
5,204.99,2,-6.31,123,5395.86,0.03,0.06,0.0,0.0,Aug,4,1,3,3,Returning_Visitor,True,False
2,355.1,0,0.0,8,726.0,0.08,0.11,0.0,0.6,Feb,2,2,7,19,Returning_Visitor,False,False
5,0.0,1,0.0,12,-635.5,0.02,0.04,0.0,0.2,May,4,2,8,18,Returning_Visitor,False,False
-1,0.0,0,-50.75,0,276.0,-0.02,0.01,-7.72,0.35,May,2,2,1,1,Returning_Visitor,False,False
2,187.68,2,99.6,57,1614.7,0.05,0.04,-14.29,0.02,Oct,1,2,2,2,New_Visitor,True,False
-6,7.0,0,2.0,14,-136.96,0.11,0.16,0.0,0.8,May,1,1,1,4,Returning_Visitor,False,False
0,0.0,0,-129.98,1,0.0,0.2,0.21,0.0,0.0,Nov,2,2,6,2,Returning_Visitor,False,False
4,215.6,2,111.75,10,347.0,0.05,0.1,0.0,-0.32,Dec,1,1,1,1,Returning_Visitor,False,False
0,-107.33,0,0.0,-6,72.75,0.02,0.04,0.0,-0.39,Jul,1,1,1,2,New_Visitor,True,False
-1,-90.48,-2,-136.19,24,342.0,0.02,0.05,7.26,0.0,Oct,2,2,1,2,Returning_Visitor,False,False
-1,-39.32,1,-51.73,97,4153.28,0.0,0.02,18.97,0.25,May,3,2,4,2,Returning_Visitor,True,False
3,15.0,0,-231.25,52,1620.4,0.08,0.09,27.81,0.17,Sep,1,1,8,2,Returning_Visitor,False,False
3,290.45,-1,-214.99,12,211.1,0.01,0.0,0.0,0.06,Nov,3,2,1,2,Returning_Visitor,True,False
0,0.0,0,-38.62,4,15.0,0.09,0.15,0.0,0.43,Oct,1,1,2,6,Returning_Visitor,False,False
5,111.08,1,31.25,95,3645.42,-0.01,-0.01,16.29,0.14,Jul,2,4,4,2,Returning_Visitor,False,False
4,95.38,2,62.0,-3,1453.94,-0.05,-0.02,0.0,0.17,Mar,2,5,6,4,Returning_Visitor,False,False
0,16.39,0,133.69,14,0.0,0.07,0.09,28.5,0.0,Oct,3,2,6,1,Returning_Visitor,True,False
2,47.67,0,-123.99,24,72.33,0.0,0.04,0.0,0.0,Dec,1,1,8,2,Returning_Visitor,False,False
4,0.0,0,0.0,-20,943.84,0.0,0.03,-2.45,-0.12,Dec,3,2,6,2,Returning_Visitor,True,False
0,257.84,-1,0.0,12,1322.87,0.01,0.05,-37.98,0.41,May,2,5,3,2,Returning_Visitor,False,False
2,93.39,6,131.0,63,2611.65,0.0,0.01,0.0,-0.02,Oct,1,1,9,2,Returning_Visitor,False,False
16,1388.75,2,15.37,65,1373.75,0.0,0.02,9.23,-0.09,May,1,1,7,2,New_Visitor,False,False
10,154.79,2,-64.17,48,1714.87,0.01,0.06,1.46,0.39,Dec,1,1,1,5,Returning_Visitor,False,False
5,7.0,0,-11.03,15,533.11,0.01,0.04,4.31,-0.2,Nov,2,2,1,2,Returning_Visitor,False,False
9,574.45,3,336.46,61,2688.86,0.0,0.03,36.96,0.05,Sep,3,2,3,3,Returning_Visitor,True,True
1,-66.07,0,-48.89,17,787.2,-0.06,0.01,-15.78,0.4,May,2,2,6,2,Returning_Visitor,False,False
1,6.0,-2,-352.58,15,139.73,0.04,0.06,-3.72,0.0,Mar,2,2,3,3,Returning_Visitor,False,True
-7,0.0,0,45.04,3,536.73,-0.01,0.01,3.71,0.0,Jul,1,1,3,4,New_Visitor,False,True
0,-30.91,-1,0.0,-37,372.83,0.0,0.04,0.0,-0.45,Mar,1,1,1,4,New_Visitor,False,False
2,179.91,0,0.0,-11,-131.95,0.06,0.09,14.32,1.0,May,2,2,1,1,Returning_Visitor,False,False
-1,54.16,0,0.0,-3,478.53,0.13,0.18,-23.06,0.0,May,2,1,1,2,Returning_Visitor,False,False
0,0.0,0,-88.34,4,462.0,0.01,0.02,15.53,-0.03,Jul,1,6,1,2,Returning_Visitor,False,False
0,-91.71,-2,0.0,11,189.25,0.02,0.05,-1.07,0.0,Mar,4,3,5,1,Returning_Visitor,False,False
0,-80.63,0,0.0,47,1910.86,0.0,0.02,9.55,0.0,Nov,1,1,6,1,Returning_Visitor,False,True
0,-15.41,0,0.0,73,3236.35,0.03,0.06,16.15,0.32,Nov,1,1,1,2,New_Visitor,False,False
6,49.5,0,0.0,260,7852.2,0.01,0.02,0.47,-0.07,Aug,1,2,1,2,Returning_Visitor,False,True
-2,0.0,1,37.45,3,1261.67,0.11,0.14,0.0,0.14,Jul,4,1,3,3,Returning_Visitor,False,False
10,314.66,0,-62.82,101,3017.4,-0.01,-0.04,9.86,-0.11,Dec,2,2,1,2,Returning_Visitor,False,True
2,0.0,2,65.02,38,729.0,-0.04,-0.02,0.0,0.03,Dec,3,2,1,8,New_Visitor,True,False
0,11.42,0,-70.9,13,443.0,0.03,0.05,-16.16,0.44,May,2,2,1,1,New_Visitor,False,False
6,65.58,0,0.0,16,362.75,0.06,0.07,-19.98,0.0,June,2,5,3,8,New_Visitor,False,False
2,0.0,0,-29.28,60,1049.05,0.0,0.01,0.0,0.2,May,2,2,1,20,Returning_Visitor,True,False
4,0.0,2,148.5,72,3205.2,0.01,0.02,40.49,-0.26,Oct,2,1,2,2,Returning_Visitor,True,False
2,325.97,0,-108.28,22,1483.63,-0.01,0.01,19.29,0.2,Aug,3,2,3,4,Returning_Visitor,True,True
9,421.97,1,0.0,128,2787.69,0.02,0.01,24.53,-0.34,Jul,3,2,9,11,Returning_Visitor,True,False
0,14.35,-1,-193.69,1,207.57,-0.03,0.03,0.0,0.07,Oct,2,2,4,2,Returning_Visitor,False,False
4,227.71,-1,-63.04,36,1531.2,-0.05,-0.05,14.38,0.0,Aug,2,4,6,2,Returning_Visitor,False,False
-2,0.0,1,269.58,76,3105.06,0.02,0.04,21.7,0.46,May,2,2,3,3,Returning_Visitor,True,False
-1,49.2,1,379.0,5,74.6,-0.04,-0.02,8.33,0.0,Sep,2,2,8,5,New_Visitor,False,False
8,193.48,0,0.0,8,-886.06,0.03,0.04,104.2,0.16,Sep,2,2,7,2,Returning_Visitor,False,True
-3,29.75,1,0.0,12,1696.49,-0.04,0.01,24.16,0.0,Nov,2,2,2,3,New_Visitor,False,True
0,0.0,0,-21.48,11,-44.77,0.11,0.15,-2.88,0.12,May,2,2,1,1,Returning_Visitor,True,False
-1,0.0,0,0.0,41,2759.25,0.07,0.1,0.0,0.02,Nov,4,2,7,3,New_Visitor,False,False
6,158.57,1,6.0,79,3444.24,-0.04,-0.0,-27.22,-0.08,Aug,2,2,2,3,Returning_Visitor,False,False
0,0.0,1,117.21,50,1377.63,0.03,0.05,1.4,-0.22,Nov,2,6,1,1,Returning_Visitor,True,True
0,0.0,-1,-136.1,1,223.82,-0.01,0.0,0.0,-0.35,Dec,2,2,9,10,New_Visitor,True,False
-3,35.5,0,0.0,14,1193.86,0.03,0.02,0.0,0.54,May,2,2,6,2,Returning_Visitor,False,False
1,86.73,1,-6.29,18,237.26,0.01,0.05,1.12,0.08,Nov,3,2,7,2,Returning_Visitor,False,False
12,468.03,0,16.0,26,1542.73,0.01,0.03,78.35,-0.18,May,2,2,9,2,New_Visitor,True,True
4,281.99,3,204.63,56,1755.35,0.02,0.02,17.14,0.05,Jul,1,1,2,10,Returning_Visitor,False,False
2,206.33,-1,0.0,-10,86.4,0.0,0.02,-14.0,0.29,Oct,1,1,1,2,Returning_Visitor,False,False
0,-97.35,0,0.0,128,2968.59,0.01,0.01,16.19,0.0,Nov,2,2,6,3,Returning_Visitor,True,False
1,296.71,0,34.46,-10,1002.85,0.0,0.01,41.13,0.39,Nov,3,2,1,2,Returning_Visitor,False,False
1,82.0,0,55.4,18,-302.94,0.04,0.06,0.0,0.0,Jul,3,2,7,10,New_Visitor,False,False
3,247.2,1,109.51,137,5553.82,0.01,0.04,24.23,0.27,Oct,2,4,1,2,Returning_Visitor,False,False
-3,119.3,0,0.0,26,145.2,0.02,0.02,-22.41,0.0,Aug,3,2,7,2,Returning_Visitor,False,False
1,5.0,2,96.21,16,521.5,0.04,0.07,0.0,0.0,May,2,4,7,3,Returning_Visitor,False,False
0,47.24,0,0.0,9,-554.63,0.16,0.15,11.05,0.0,May,1,1,4,3,Returning_Visitor,True,False
2,-153.73,-1,0.0,90,1543.12,0.05,0.04,-21.82,0.0,Oct,2,2,3,2,Returning_Visitor,False,False
2,63.96,-2,0.0,32,2106.3,0.02,0.05,0.0,0.36,Dec,2,2,2,3,Returning_Visitor,False,False
-2,0.0,0,145.5,-1,56.0,0.02,0.03,10.82,0.8,May,2,2,2,2,New_Visitor,False,False
1,187.21,0,76.0,27,787.54,0.07,0.11,0.0,0.0,Mar,2,2,1,2,Returning_Visitor,False,False
4,64.6,0,0.0,47,1135.44,-0.02,0.01,-7.18,-0.39,Feb,2,2,1,3,Returning_Visitor,False,False
0,106.5,0,0.0,74,3227.5,-0.11,-0.05,6.66,-0.03,Oct,2,2,3,2,Returning_Visitor,False,True
-2,109.33,0,81.59,14,1045.0,0.0,0.03,0.0,0.14,Mar,2,6,4,2,Returning_Visitor,False,False
2,0.0,1,-82.45,8,722.03,-0.01,-0.0,0.0,0.0,Mar,2,2,7,6,New_Visitor,False,False
7,401.4,2,308.02,50,1198.26,0.02,0.03,-22.4,0.08,Sep,2,2,6,1,Returning_Visitor,False,False
-1,0.0,0,0.0,18,0.0,0.09,0.1,-1.26,0.28,May,3,2,3,2,Returning_Visitor,True,False
-2,60.0,0,114.0,15,494.5,0.0,0.02,3.85,0.0,Feb,1,1,2,9,Returning_Visitor,False,False
2,241.79,-1,31.51,4,157.2,0.08,0.1,-1.23,0.17,Feb,1,8,1,2,Returning_Visitor,True,False
2,24.2,2,22.5,3,477.12,-0.03,0.03,-10.86,0.17,Sep,2,2,3,2,New_Visitor,False,False
2,200.81,0,0.93,23,941.7,0.01,0.01,9.33,0.17,Nov,2,2,4,4,New_Visitor,False,True
-1,-144.21,0,0.0,28,1142.62,0.07,0.08,5.42,-0.02,Dec,3,2,3,1,Returning_Visitor,False,True
5,53.0,1,0.0,13,417.0,0.0,0.01,72.79,0.4,Aug,1,1,2,4,New_Visitor,False,True
-1,0.0,0,32.62,17,600.5,0.05,0.04,28.32,-0.01,Feb,2,2,3,10,Returning_Visitor,False,False
6,143.7,0,0.0,52,2715.0,0.0,0.01,31.6,0.0,Feb,2,2,4,2,New_Visitor,False,True
0,0.0,1,134.66,31,619.77,-0.0,0.01,-1.79,0.0,May,2,2,2,2,Returning_Visitor,False,False
2,0.0,0,12.7,4,94.5,0.0,0.02,0.0,0.06,Nov,2,2,7,1,Returning_Visitor,False,False
10,515.61,2,85.14,89,3779.93,-0.03,-0.07,33.39,0.19,Feb,3,2,9,2,Returning_Visitor,True,True
0,-39.11,1,57.41,13,526.75,0.03,0.03,0.0,0.0,Jul,2,5,2,3,Returning_Visitor,True,False
0,0.0,0,145.84,43,2091.63,0.01,0.02,0.0,0.4,Dec,2,2,1,13,Returning_Visitor,False,False
0,389.43,1,0.0,25,1949.66,0.02,0.03,8.65,0.12,Nov,1,1,1,10,Returning_Visitor,False,False
2,0.0,0,-170.31,3,77.0,0.0,0.07,13.98,0.0,Mar,3,6,1,2,Returning_Visitor,True,False
3,209.99,0,0.0,98,2410.13,0.09,0.07,0.0,0.36,Feb,2,4,3,4,Returning_Visitor,False,False
11,524.47,1,85.51,20,-9.67,-0.02,0.03,12.63,0.0,Sep,2,2,3,4,Returning_Visitor,False,False
5,401.15,0,65.59,38,1067.77,0.03,0.05,2.35,-0.29,Sep,2,2,7,1,New_Visitor,False,False
-4,0.0,0,216.04,-5,-163.38,0.03,0.05,8.39,0.0,Dec,1,2,1,13,New_Visitor,False,False
7,196.31,-1,-90.91,33,1034.31,-0.06,-0.06,0.0,-0.1,Dec,3,2,1,2,Returning_Visitor,False,False
9,506.33,1,266.3,238,10340.37,0.03,0.02,8.81,-0.01,Dec,2,2,4,1,Returning_Visitor,False,False
3,168.4,1,-78.53,10,556.42,0.0,0.04,7.02,0.3,Nov,4,2,5,2,New_Visitor,False,False
0,-396.0,1,-5.75,23,60.0,0.05,0.08,0.0,0.21,May,4,1,1,17,Returning_Visitor,False,False
6,143.51,1,19.56,22,1359.96,0.03,0.07,30.75,-0.29,Mar,2,2,1,3,Returning_Visitor,False,False
0,-19.78,0,25.0,-5,388.0,0.02,0.09,0.0,0.6,Feb,1,2,3,6,New_Visitor,False,False
3,326.13,0,158.15,87,3991.99,0.0,0.04,-1.17,0.33,Mar,2,2,1,3,Returning_Visitor,False,False
2,115.5,1,6.62,17,77.45,-0.01,0.01,18.62,-0.07,Mar,2,2,6,14,Returning_Visitor,True,True
4,58.4,1,85.68,62,2991.24,0.05,0.03,24.72,-0.03,Mar,2,2,1,1,New_Visitor,True,True
-1,-328.79,0,0.0,49,1707.67,-0.1,-0.06,24.1,0.0,Dec,2,2,1,2,Returning_Visitor,False,True
3,189.48,1,303.2,91,3328.9,-0.0,0.03,0.0,0.16,Oct,2,2,1,2,Returning_Visitor,False,False
0,83.57,0,0.0,-5,-2187.01,-0.0,0.04,2.16,0.8,Aug,2,2,6,3,Returning_Visitor,True,False
0,3.08,0,0.0,26,778.0,0.04,0.06,0.0,0.16,May,1,1,2,3,Returning_Visitor,False,False
5,82.0,1,137.5,118,2595.1,0.0,0.01,19.09,0.0,Feb,2,2,4,6,Returning_Visitor,True,True
3,77.67,1,0.0,101,4590.43,-0.0,0.02,-14.96,0.0,Aug,3,2,2,1,New_Visitor,False,False
4,0.0,0,0.0,1,-272.09,0.14,0.2,-15.18,0.06,Mar,2,2,2,1,Returning_Visitor,False,False
0,0.0,0,0.0,0,824.0,0.06,0.1,-19.1,-0.0,Jul,2,2,3,1,Returning_Visitor,False,False
0,0.0,0,0.0,-38,-1038.71,0.05,0.1,-2.73,-0.08,Mar,2,6,6,4,Returning_Visitor,False,False
2,165.0,0,6.74,44,1670.48,-0.01,0.02,0.0,0.04,Aug,2,2,1,2,Returning_Visitor,False,False
2,90.04,0,-9.7,74,2749.49,0.0,0.01,22.71,-0.05,Jul,2,2,3,8,Returning_Visitor,False,False
5,248.85,1,0.0,8,1268.0,0.01,0.02,0.0,0.0,Nov,2,2,3,2,Returning_Visitor,True,False
4,7.31,0,-124.42,64,2504.68,0.0,0.03,19.62,0.0,Aug,2,4,5,1,Returning_Visitor,False,False
2,0.0,2,55.4,16,654.88,0.04,0.02,22.41,-0.03,Nov,2,2,6,1,Returning_Visitor,False,False
0,-184.79,2,88.6,35,682.18,0.03,0.03,46.95,0.0,May,2,6,3,4,Returning_Visitor,True,False
0,0.0,0,25.23,35,-278.07,-0.01,0.06,0.0,0.36,Aug,1,1,6,6,Returning_Visitor,False,False
4,96.88,0,-66.52,12,672.7,0.0,0.0,26.51,0.0,Nov,2,2,3,2,Returning_Visitor,False,True
0,0.0,1,-17.33,15,2159.11,0.01,0.05,0.0,0.0,Mar,3,2,1,4,Returning_Visitor,False,False
0,-167.77,0,-269.16,-3,116.8,0.09,0.11,25.9,-0.27,Jul,2,4,2,2,Returning_Visitor,False,False
0,18.0,-1,0.0,30,505.6,0.0,0.0,14.85,0.0,Dec,1,1,3,3,Returning_Visitor,False,False
0,-41.22,0,68.23,-19,-347.56,0.0,0.1,-41.78,0.19,May,2,2,9,3,New_Visitor,False,False
7,203.63,1,0.0,42,1505.39,0.03,0.03,25.1,0.0,Dec,2,2,1,1,Returning_Visitor,True,False
0,0.0,0,-43.12,10,428.67,0.07,0.09,36.26,0.04,May,1,2,1,2,New_Visitor,False,True
0,226.59,-1,-90.32,7,816.41,0.0,0.05,0.0,0.8,May,2,5,7,2,New_Visitor,False,False
-1,220.84,1,0.0,2,0.0,0.03,0.09,0.0,0.0,Nov,2,2,1,4,Returning_Visitor,False,False
0,83.9,0,-32.38,12,783.69,0.01,0.04,-9.63,-0.06,Nov,2,2,3,2,Returning_Visitor,False,False
4,-0.39,1,50.29,85,1623.54,0.05,0.04,19.21,-0.01,Mar,2,2,2,2,Returning_Visitor,False,False
6,0.0,0,0.0,-31,-351.67,0.13,0.2,0.0,0.46,May,2,2,2,1,Returning_Visitor,True,False
0,0.0,0,0.0,7,-84.76,0.0,0.04,17.13,-0.04,Nov,1,2,7,4,Returning_Visitor,True,True
2,191.5,-2,38.5,63,3902.66,0.01,0.02,22.59,0.0,Nov,3,2,3,1,Returning_Visitor,False,False
0,67.17,0,-17.93,1,48.16,0.01,0.01,-19.23,-0.01,Nov,2,2,3,13,New_Visitor,True,False
6,161.35,0,18.48,37,1449.68,0.04,0.03,-6.84,0.51,Aug,2,2,4,2,Returning_Visitor,False,False
0,0.0,-1,0.0,-19,-1825.68,0.01,0.04,0.0,-0.17,Mar,2,2,6,3,Returning_Visitor,False,True
1,156.5,0,0.0,52,1832.69,0.02,0.02,13.54,0.0,Aug,2,2,4,2,Returning_Visitor,False,False
0,61.2,0,0.0,-6,-874.77,0.01,0.02,0.0,0.0,Nov,1,2,2,4,New_Visitor,False,False
4,-9.25,0,61.0,66,1680.04,-0.02,0.01,4.92,0.01,Nov,2,10,4,2,Returning_Visitor,False,False
1,37.24,0,22.8,-25,-1386.11,0.04,0.06,-15.56,0.0,Dec,1,2,4,2,Returning_Visitor,False,False
-2,0.0,1,10.07,-7,-174.88,-0.06,-0.06,109.18,0.02,Nov,2,2,1,2,New_Visitor,True,True
1,56.33,1,-19.59,53,1844.65,0.02,0.01,0.0,0.0,Nov,4,1,1,3,Returning_Visitor,False,False
4,-21.56,1,10.0,4,-232.62,0.0,0.04,-3.65,0.0,Mar,2,2,1,5,New_Visitor,False,False
6,196.21,1,-45.27,55,2626.8,0.0,0.04,-1.05,-0.25,Nov,1,2,4,14,Returning_Visitor,False,True
0,0.0,0,0.0,10,242.58,-0.0,0.03,0.0,0.0,Nov,2,1,9,2,Returning_Visitor,False,False
0,0.0,-1,0.0,-12,168.0,0.03,0.08,31.49,0.0,Feb,3,2,1,13,Returning_Visitor,False,False
8,109.57,3,0.0,374,11727.67,0.0,0.01,6.42,-0.33,Nov,2,2,7,1,Returning_Visitor,True,False
0,197.92,2,129.55,54,2613.99,0.13,0.16,-30.15,0.4,May,3,2,2,7,Returning_Visitor,False,False
4,11.95,2,171.0,74,2914.13,0.02,0.0,1.84,0.0,Aug,1,1,1,4,Returning_Visitor,True,False
2,8.0,1,-35.35,14,-411.36,0.0,0.06,-13.77,0.0,Mar,2,2,2,9,Returning_Visitor,False,True
1,80.34,-1,0.0,8,673.03,0.0,0.01,31.34,-0.18,Nov,1,2,7,2,Returning_Visitor,False,False
1,177.24,1,-27.94,109,3602.75,0.0,0.01,-5.73,-0.13,Mar,1,1,6,3,Returning_Visitor,False,True
-2,108.83,1,75.88,17,-349.27,0.07,0.13,-7.22,0.0,Feb,2,1,1,8,Returning_Visitor,False,True
6,348.26,2,351.95,122,2880.3,0.06,0.05,26.83,0.1,May,4,1,1,2,Returning_Visitor,True,False
3,102.69,1,128.88,40,1231.5,-0.01,0.02,2.1,0.0,Feb,4,1,9,8,New_Visitor,False,True
7,243.75,1,1073.0,33,4931.2,-0.02,-0.0,-12.87,-0.22,Nov,3,2,3,2,Returning_Visitor,True,False
-1,0.0,0,201.67,6,684.92,0.02,0.0,0.0,0.0,Mar,2,2,4,2,Returning_Visitor,True,False
2,147.42,0,-74.35,15,533.62,0.01,0.01,32.23,0.0,Feb,2,2,3,2,New_Visitor,True,False
0,0.0,0,0.0,40,574.26,0.01,0.07,4.56,0.0,Mar,2,2,9,1,Returning_Visitor,False,False
2,19.0,0,0.0,28,771.82,-0.0,0.01,21.21,0.0,Dec,3,2,4,2,Returning_Visitor,False,True
0,18.21,0,154.0,8,885.6,-0.02,0.0,45.49,0.07,Feb,1,1,4,1,New_Visitor,True,True
6,475.1,1,0.0,77,1582.75,0.04,0.08,54.18,0.03,Dec,1,1,2,1,Returning_Visitor,True,False
4,-61.01,0,115.16,8,61.76,-0.01,0.02,9.37,-0.03,Dec,2,2,1,1,Returning_Visitor,False,False
0,5.75,1,61.55,61,2122.66,0.0,0.03,9.29,-0.36,Nov,2,2,6,10,Returning_Visitor,True,True
0,-5.02,1,0.0,3,-68.0,0.0,0.03,4.16,0.04,Nov,2,2,1,2,Returning_Visitor,False,False
6,214.25,1,90.08,108,4656.33,-0.0,0.01,9.73,0.0,Sep,2,2,1,10,Returning_Visitor,False,False
-3,-128.19,0,-92.82,50,2256.39,0.05,0.1,0.0,0.0,Mar,3,2,4,2,Returning_Visitor,False,False
9,414.7,2,105.64,219,7044.06,0.0,-0.02,3.85,0.0,Oct,2,2,1,13,Returning_Visitor,False,True
0,-58.11,0,-12.99,48,1217.53,0.07,0.07,11.83,0.23,Dec,3,2,3,2,Returning_Visitor,False,True
5,68.43,2,0.0,97,2950.96,0.01,0.03,0.0,0.0,Nov,3,2,4,1,Returning_Visitor,False,False
-1,81.37,0,0.0,7,-796.14,0.02,0.04,-4.92,0.0,Sep,2,7,7,3,Returning_Visitor,False,False
0,-149.16,2,86.82,152,4988.2,0.01,0.03,-6.17,-0.03,Nov,2,2,4,1,Returning_Visitor,False,False
0,-79.13,0,23.26,17,542.22,0.01,0.02,8.86,-0.16,Jul,3,2,2,13,Returning_Visitor,False,False
7,131.37,3,256.2,84,5016.42,-0.0,0.0,6.77,-0.1,Nov,2,2,1,4,Returning_Visitor,False,False
-1,137.92,1,7.32,80,3163.14,-0.02,0.01,32.22,0.0,Feb,1,2,7,4,New_Visitor,False,True
0,30.0,-1,98.0,14,1044.67,0.0,0.01,26.0,0.0,Nov,1,1,1,9,Returning_Visitor,False,False
1,58.07,0,0.0,-35,-787.33,-0.02,0.04,0.0,-0.02,May,1,1,1,10,Returning_Visitor,False,False
-2,-139.62,0,-7.02,-53,-1997.17,0.04,0.12,14.67,0.23,Oct,2,2,2,13,Returning_Visitor,False,True
1,30.2,-1,40.27,41,1662.3,-0.01,0.04,0.0,0.0,Oct,1,4,3,1,Returning_Visitor,False,False
4,251.22,2,96.8,-8,600.57,-0.05,0.02,40.13,0.0,Mar,2,2,3,4,Returning_Visitor,False,False
6,221.97,0,34.89,43,1650.42,0.01,0.04,11.01,0.0,Feb,2,2,2,8,Returning_Visitor,False,False
5,142.5,1,237.87,22,1404.04,0.02,0.04,-32.26,-0.06,Nov,2,5,1,11,Returning_Visitor,True,True
5,0.0,2,-150.33,85,3798.8,-0.01,0.02,0.0,0.0,Mar,3,2,9,1,Returning_Visitor,False,False
0,0.0,0,0.0,-20,-596.74,0.03,0.07,0.0,0.16,Feb,1,2,6,4,New_Visitor,False,False
3,10.0,1,-165.35,48,1829.94,0.01,0.03,29.37,0.15,Dec,1,2,3,2,Returning_Visitor,True,False
1,4.0,0,0.0,42,244.0,0.02,0.05,3.3,0.28,Oct,2,2,1,1,Returning_Visitor,False,True
0,0.0,0,-226.69,18,345.12,0.04,0.07,0.0,0.0,Oct,2,2,3,13,Returning_Visitor,False,False
-3,0.0,0,168.89,-11,-997.43,0.01,0.02,0.0,0.02,Feb,2,2,1,2,New_Visitor,False,False
-2,-116.41,1,0.0,59,3111.68,-0.0,0.01,-16.38,-0.22,Oct,2,2,1,1,Returning_Visitor,False,False
0,-51.07,1,0.0,41,806.12,0.01,0.05,0.81,0.0,Nov,1,1,4,4,Returning_Visitor,True,False
3,187.0,0,-60.92,117,3887.82,-0.01,0.01,16.72,0.51,May,2,2,3,10,Returning_Visitor,False,False
3,183.83,0,-37.51,25,243.17,0.06,0.07,1.47,0.05,Aug,2,2,4,3,Returning_Visitor,False,False
4,46.5,0,45.65,17,1113.82,0.01,0.02,-35.76,-0.12,Dec,3,2,4,13,Returning_Visitor,False,False
-2,54.39,0,0.0,15,-620.28,0.04,0.04,13.23,0.2,May,2,4,6,4,Returning_Visitor,False,False
5,323.5,0,0.0,231,7812.94,-0.0,0.0,0.0,0.31,Nov,2,2,3,2,Returning_Visitor,False,False
0,0.0,0,-49.02,-11,779.5,0.09,0.13,19.56,0.03,Oct,2,2,7,2,Returning_Visitor,False,True
2,34.16,0,0.0,19,813.1,0.0,0.01,14.93,0.36,May,3,2,1,2,Returning_Visitor,False,True
0,-112.67,0,0.0,10,0.0,0.2,0.2,0.0,0.22,May,1,1,1,1,Returning_Visitor,False,False
-1,0.0,0,0.0,-46,-2477.6,0.0,0.01,0.0,0.3,Feb,3,2,1,10,Returning_Visitor,False,False
1,-27.14,3,62.0,11,196.2,0.0,0.03,0.0,-0.12,Mar,2,2,1,10,Returning_Visitor,False,False
11,413.04,0,-93.52,52,1864.41,-0.02,0.02,40.66,0.0,Nov,1,1,1,12,Returning_Visitor,True,False
0,0.0,0,0.0,-37,-2590.9,0.01,0.0,0.0,0.0,Oct,1,1,1,2,Returning_Visitor,False,False
2,236.22,0,0.0,18,63.6,0.09,0.09,4.99,0.0,Nov,1,1,4,1,Returning_Visitor,False,False
5,34.3,0,48.8,46,1570.14,0.01,0.02,0.0,0.0,Feb,3,2,8,2,Returning_Visitor,False,False
0,0.0,-1,0.0,13,153.85,0.02,0.05,-35.03,0.19,May,2,1,1,3,Returning_Visitor,False,False
5,274.54,3,301.52,116,6225.99,0.0,0.03,-18.49,0.0,Nov,2,2,3,2,Returning_Visitor,True,True
0,0.0,0,70.03,66,2841.79,0.2,0.2,0.0,0.45,Mar,3,2,3,3,Returning_Visitor,True,False
4,230.67,1,-14.56,66,1078.26,0.02,0.01,25.91,0.3,Nov,1,1,3,2,Returning_Visitor,False,True
0,6.58,0,-9.36,66,2222.42,0.01,0.05,0.0,0.0,Oct,1,2,1,4,Returning_Visitor,False,False
5,225.53,3,169.2,22,517.66,0.01,0.04,56.13,0.04,Feb,3,2,1,2,Returning_Visitor,True,False
6,298.67,0,0.0,-78,-2129.02,-0.04,-0.02,25.1,-0.04,Dec,1,1,1,4,New_Visitor,False,False
0,0.0,0,0.0,21,-745.61,0.2,0.22,19.28,0.12,May,1,1,3,7,Returning_Visitor,False,False
1,211.33,0,0.0,13,1032.12,0.0,0.02,-6.24,-0.1,Nov,2,6,2,2,Returning_Visitor,False,False
2,26.75,1,0.0,103,1924.24,0.01,0.03,-8.29,0.0,Nov,3,2,1,1,Returning_Visitor,False,False
1,0.0,1,129.12,47,1117.64,-0.04,-0.02,-3.96,0.09,Oct,1,1,6,2,Returning_Visitor,False,False
2,-4.64,2,0.0,130,4849.79,0.01,0.01,-18.53,0.13,Mar,4,1,1,4,Returning_Visitor,False,False
0,68.58,0,0.0,7,422.04,0.02,0.02,23.33,0.06,Feb,3,2,1,8,Returning_Visitor,True,False
0,0.0,1,0.0,28,744.86,0.02,0.02,25.27,0.06,Dec,4,1,1,6,Returning_Visitor,False,False
1,142.33,-1,47.02,15,259.51,-0.05,0.02,59.61,0.0,Mar,2,2,4,2,New_Visitor,False,True
6,197.25,0,-34.88,63,3296.94,0.0,0.01,19.76,0.0,Oct,1,2,1,1,Returning_Visitor,True,False
3,70.25,1,-133.07,58,2045.8,0.08,0.07,-2.02,0.12,Nov,1,1,2,2,Returning_Visitor,False,True
-3,-208.34,0,0.0,27,0.0,0.15,0.11,-11.03,0.0,Dec,2,2,1,1,Returning_Visitor,True,False
2,86.03,0,10.16,7,-307.29,0.07,0.1,0.0,-0.04,Dec,3,2,6,1,New_Visitor,True,False
1,0.0,2,307.87,-1,684.07,0.2,0.22,-4.5,0.43,May,1,1,1,5,Returning_Visitor,False,False
0,0.0,0,3.0,19,194.75,-0.02,0.03,-9.57,-0.19,Dec,2,2,4,4,Returning_Visitor,False,False
8,213.75,2,45.5,121,3431.58,0.0,-0.02,21.96,-0.02,Oct,1,1,6,2,Returning_Visitor,False,True
5,33.28,0,0.0,10,1097.27,-0.02,0.0,59.99,0.26,Mar,2,2,4,2,Returning_Visitor,False,True
1,46.5,2,213.95,39,2085.97,0.0,0.02,5.9,0.0,Nov,2,2,1,2,Returning_Visitor,False,False
7,145.0,1,0.0,6,96.0,0.0,0.01,0.0,0.09,Feb,4,1,1,4,New_Visitor,False,False
2,0.0,-1,-43.85,27,1366.18,-0.06,-0.03,-32.59,0.0,Feb,2,2,1,6,Returning_Visitor,False,False
8,251.77,2,0.0,14,291.17,0.02,0.02,0.0,0.24,Dec,4,1,6,2,Returning_Visitor,False,False
2,66.0,-2,0.0,36,-777.01,0.0,0.02,2.44,0.14,Nov,2,1,2,4,New_Visitor,True,False
3,115.11,2,-42.9,117,4562.47,-0.01,0.02,5.16,0.22,May,2,2,3,3,Returning_Visitor,True,False
3,0.0,0,2.22,-23,-414.04,0.0,0.02,22.76,0.05,June,2,2,1,2,Returning_Visitor,False,False
0,160.0,0,-89.62,29,1948.37,-0.01,0.01,78.57,0.0,Sep,2,2,3,2,New_Visitor,False,True
9,319.78,10,692.36,63,1986.55,0.03,0.07,-0.56,0.19,Feb,2,1,1,2,Returning_Visitor,False,False
1,-120.48,-1,0.0,53,2135.02,-0.01,0.0,15.89,-0.09,Jul,3,2,8,2,Returning_Visitor,True,False
0,-39.63,3,222.58,17,349.38,0.01,0.02,22.53,-0.04,Nov,3,2,1,20,Returning_Visitor,False,False
2,422.75,0,89.0,86,2104.31,0.01,-0.0,8.29,0.46,May,2,2,4,4,Returning_Visitor,False,False
-3,-153.59,0,126.37,45,2455.63,0.09,0.12,0.0,0.0,Mar,3,2,1,2,Returning_Visitor,False,False
2,168.82,-2,-6.04,75,1659.32,0.0,0.0,4.29,-0.26,Nov,1,2,9,2,Returning_Visitor,True,True
2,328.67,0,22.2,15,643.5,0.0,0.01,-3.47,-0.05,Sep,3,2,1,6,New_Visitor,True,False
6,76.33,2,40.62,89,1545.95,0.0,0.01,0.0,0.19,Mar,2,6,1,7,Returning_Visitor,False,False
3,0.0,-1,-154.74,39,1237.93,-0.0,0.03,58.36,0.14,Aug,4,2,4,1,Returning_Visitor,True,False
6,168.93,1,136.71,13,826.74,0.0,0.05,0.0,0.0,Dec,2,2,4,1,Returning_Visitor,False,False
-5,-24.32,-1,0.0,18,1993.52,0.03,0.07,-27.5,0.0,Mar,3,1,4,1,Returning_Visitor,False,False
3,31.12,0,-116.61,27,173.5,0.0,0.01,0.0,0.0,Dec,2,2,2,2,Returning_Visitor,False,False
-1,64.09,1,22.76,51,1947.06,0.05,0.11,0.0,0.8,May,2,2,1,1,Returning_Visitor,False,False
7,253.16,0,190.99,37,552.04,0.01,0.01,0.0,0.0,Aug,1,1,6,1,Returning_Visitor,False,False
0,0.0,3,167.25,9,185.52,0.04,0.09,0.0,0.14,Mar,3,2,2,5,Returning_Visitor,False,False
3,52.33,0,0.0,-35,-252.4,0.03,0.05,0.0,0.0,May,2,2,5,1,New_Visitor,False,False
0,218.77,-2,-201.34,7,949.68,-0.02,0.03,-8.28,0.3,Dec,2,2,1,9,Returning_Visitor,False,False
0,-183.66,-1,51.46,-22,-1195.17,0.0,0.04,14.33,0.05,May,2,2,6,1,Returning_Visitor,False,True
8,225.42,1,-100.98,61,1910.17,0.05,0.11,0.0,0.0,Dec,3,2,3,1,New_Visitor,False,False
0,-30.17,0,0.0,3,-1270.46,0.18,0.2,-4.49,0.13,Feb,2,2,2,13,Returning_Visitor,True,False
1,-68.67,0,154.16,2,13.25,-0.02,-0.01,0.0,0.09,Nov,2,2,1,1,Returning_Visitor,False,False
-2,0.0,0,65.91,-49,-1980.98,0.01,0.07,5.99,0.0,Dec,2,2,9,1,New_Visitor,True,False
0,0.0,1,137.73,65,1647.0,0.02,0.04,-0.05,0.0,May,1,2,2,1,Returning_Visitor,True,True
4,176.16,0,-40.94,87,1961.19,-0.0,0.0,-9.52,0.13,Feb,1,2,4,6,Returning_Visitor,True,False
0,24.76,0,235.97,10,-208.48,0.01,0.02,-12.3,0.0,June,2,2,1,2,Returning_Visitor,False,False
5,124.57,1,83.81,34,1367.0,-0.01,0.0,-5.13,-0.56,Feb,3,2,3,2,Returning_Visitor,False,False
8,201.33,0,5.0,133,6066.77,-0.08,-0.06,0.0,0.4,Feb,1,1,9,2,Returning_Visitor,False,False
5,72.5,2,276.8,35,1554.24,-0.05,0.02,10.32,0.1,Nov,1,1,4,2,Returning_Visitor,False,True
7,113.24,-1,0.0,24,431.5,0.01,0.02,-12.47,0.22,Oct,1,1,1,4,New_Visitor,False,False
4,165.47,1,56.0,60,1256.72,0.04,0.06,23.92,0.0,Aug,2,2,1,3,Returning_Visitor,True,False
3,0.0,0,107.37,64,1983.23,0.03,0.04,0.0,0.0,May,3,4,9,3,New_Visitor,False,False
2,131.05,2,170.15,9,84.1,-0.01,0.01,-6.1,0.08,Sep,2,2,1,2,New_Visitor,False,False
4,184.66,2,1.0,93,4324.74,0.02,0.03,8.18,0.24,Oct,2,2,1,2,Returning_Visitor,False,False
3,309.22,1,120.0,87,1363.26,0.05,0.06,30.81,0.13,Feb,1,3,3,1,New_Visitor,False,True
-3,0.0,0,0.0,1,1381.61,0.01,0.06,-9.56,0.0,Nov,1,1,4,10,Returning_Visitor,False,False
2,30.5,-1,18.0,15,1003.8,0.0,0.03,31.76,0.0,Feb,2,2,4,2,Returning_Visitor,False,True
1,-190.47,1,72.67,30,737.96,0.1,0.1,0.0,0.0,Sep,2,6,4,4,Returning_Visitor,False,True
-1,0.0,0,115.39,6,151.0,0.0,0.08,0.0,0.41,May,4,1,7,6,Returning_Visitor,False,False
1,90.0,0,0.0,64,2929.35,0.06,0.08,23.01,0.0,Feb,1,9,3,1,Other,False,False
0,160.22,2,84.26,-43,-2212.23,0.03,0.08,-13.04,0.23,Jul,4,1,1,2,Returning_Visitor,False,False
0,0.0,0,0.0,78,2820.3,0.0,-0.0,13.64,0.0,Mar,2,5,1,2,Returning_Visitor,False,False
-5,-30.66,0,0.0,-24,561.5,0.0,0.06,5.36,0.24,Dec,2,4,1,1,Returning_Visitor,False,False
1,42.0,0,0.0,51,1482.15,-0.03,0.02,0.0,0.01,Jul,3,2,7,2,Returning_Visitor,False,False
5,251.61,0,0.0,56,2253.13,-0.04,0.01,12.8,0.09,Oct,2,2,4,2,Returning_Visitor,False,False
1,613.67,0,0.0,88,2332.52,0.16,0.1,14.66,0.0,Feb,4,2,3,10,Returning_Visitor,False,False
7,85.55,1,-86.63,7,358.4,0.0,0.02,2.41,-0.2,Jul,2,2,2,1,New_Visitor,True,False
3,0.0,0,129.41,16,1926.13,0.04,0.09,18.04,0.0,Mar,2,2,1,1,Returning_Visitor,False,False
-4,-97.47,0,0.0,12,407.0,0.0,0.03,0.0,-0.03,Dec,2,6,5,2,Returning_Visitor,False,False
2,89.67,0,-194.13,14,401.51,0.02,0.03,25.13,0.0,Feb,4,1,9,2,Returning_Visitor,True,False
9,252.66,0,0.0,22,1782.53,0.0,-0.0,42.31,0.11,May,2,2,1,2,Returning_Visitor,True,False
-2,0.0,0,0.0,59,2580.69,0.02,0.03,0.0,0.27,Feb,1,5,1,3,Returning_Visitor,False,False
0,122.7,1,0.0,28,177.8,0.0,0.03,-28.83,0.3,May,2,6,1,3,New_Visitor,True,False
-1,-172.1,0,0.0,1,145.68,-0.04,0.03,-9.32,0.14,Mar,3,2,2,2,New_Visitor,False,False
7,316.72,2,842.3,62,2542.88,0.01,0.04,-7.97,0.0,Nov,3,2,1,2,Returning_Visitor,True,True
3,0.0,-2,-122.68,65,2505.23,-0.02,0.0,0.0,0.0,Nov,2,4,2,1,Returning_Visitor,False,False
7,263.24,0,0.0,116,4656.1,-0.0,0.0,2.55,0.14,Aug,2,2,1,2,Returning_Visitor,False,False
7,106.02,2,209.7,23,814.0,-0.06,-0.01,22.98,0.06,Nov,1,1,4,1,Returning_Visitor,True,False
2,180.69,1,16.94,51,1068.36,0.0,0.04,7.57,0.0,Nov,2,2,2,2,Returning_Visitor,False,False
0,0.0,-1,0.0,-2,-1412.3,0.02,0.03,0.0,-0.05,May,2,2,6,3,Returning_Visitor,False,False
4,104.56,0,0.0,37,2156.35,0.0,0.0,0.0,-0.19,Nov,2,2,9,1,Returning_Visitor,False,False
4,270.06,0,0.0,40,2438.84,-0.03,-0.02,15.48,0.34,May,3,2,1,2,New_Visitor,False,False
0,81.89,2,267.17,6,-391.27,-0.03,-0.01,0.0,0.0,Jul,1,1,2,1,Returning_Visitor,False,False
3,32.0,0,0.0,6,209.0,0.01,0.02,12.26,0.0,Jul,2,2,4,2,New_Visitor,False,False
0,21.05,0,-119.25,-14,-632.3,0.0,0.05,12.2,0.0,May,2,2,3,1,Returning_Visitor,False,False
6,184.37,-1,199.31,49,52.27,0.0,0.03,-0.88,0.1,Oct,2,2,1,1,Returning_Visitor,False,False
0,74.02,-1,3.43,17,343.84,0.01,0.05,-7.15,0.4,Mar,2,2,9,8,Returning_Visitor,False,False
5,81.67,0,24.41,43,875.0,-0.08,-0.05,31.81,0.34,Oct,2,2,4,1,Returning_Visitor,False,False
-3,-65.93,0,3.0,4,326.28,0.08,0.1,0.0,0.03,Oct,2,2,4,2,Returning_Visitor,False,False
0,-5.58,0,0.0,19,881.17,0.01,0.02,-6.33,0.6,Feb,1,2,2,4,Returning_Visitor,False,False
9,195.72,0,-20.6,17,426.4,0.0,-0.01,9.64,0.0,Oct,2,2,7,2,Returning_Visitor,False,False
5,136.3,1,76.46,49,2707.32,0.02,0.05,25.83,0.0,Oct,1,1,3,2,Returning_Visitor,False,False
3,225.7,0,-50.82,-12,249.0,0.04,0.06,0.34,0.19,Nov,3,2,8,3,Returning_Visitor,False,False
3,55.5,-1,-60.63,48,1726.4,0.0,0.03,23.08,0.05,Nov,2,2,6,3,New_Visitor,False,True
0,-43.4,-1,0.0,4,114.57,0.0,0.03,-28.02,0.0,Mar,2,2,1,6,Returning_Visitor,False,False
1,0.0,0,-69.75,-4,-1410.71,0.06,0.09,18.35,-0.2,Sep,1,1,1,3,Returning_Visitor,False,False
0,42.0,-1,0.0,9,218.0,0.0,0.0,-12.23,0.2,May,2,2,1,2,New_Visitor,False,False
-2,0.0,1,6.26,25,184.62,0.02,0.02,10.3,0.25,Feb,2,4,1,3,Returning_Visitor,False,False
11,473.14,1,39.5,206,8864.04,0.03,0.04,9.96,0.0,Nov,2,2,1,3,Returning_Visitor,True,True
4,19.68,0,-13.76,24,0.0,-0.05,-0.01,11.76,0.0,Jul,2,2,1,2,Returning_Visitor,True,False
10,342.14,0,130.92,40,1260.52,-0.05,0.0,-46.04,0.0,Nov,2,2,7,3,Returning_Visitor,False,True
2,52.33,-2,-31.04,22,386.85,0.2,0.21,1.11,0.0,Aug,1,1,7,3,Returning_Visitor,False,False
3,150.6,1,261.05,86,3213.19,-0.05,-0.02,-22.68,-0.08,Mar,2,1,1,9,Returning_Visitor,False,False
2,99.2,0,-62.83,75,4721.97,0.03,0.06,0.0,0.23,Oct,2,2,1,1,Returning_Visitor,True,False
4,126.86,1,144.55,46,997.71,-0.12,-0.05,26.12,0.0,Aug,2,2,1,2,Returning_Visitor,False,False
0,-12.75,0,105.52,1,0.0,0.2,0.19,0.0,0.0,Aug,2,2,3,1,Returning_Visitor,False,False
0,-31.2,0,6.65,1,0.0,0.16,0.2,6.32,0.07,Nov,1,1,4,1,Returning_Visitor,False,False
3,103.6,0,0.0,30,1220.67,0.08,0.09,0.0,0.0,Aug,2,2,3,1,Returning_Visitor,False,False
3,-77.88,-1,0.0,1,149.12,-0.04,0.02,1.79,-0.06,Nov,2,2,1,2,Returning_Visitor,True,False
0,128.01,0,-186.36,-19,728.85,0.0,0.0,0.0,0.0,Oct,1,1,4,1,Returning_Visitor,False,False
2,0.0,0,-31.41,9,386.25,-0.05,-0.04,42.36,0.0,Dec,3,2,6,2,New_Visitor,True,False
1,139.98,0,0.0,8,-280.38,0.04,0.1,0.0,0.0,June,2,2,3,9,Returning_Visitor,False,False
0,-91.57,1,36.33,38,554.93,0.01,0.02,-8.65,0.05,Nov,2,2,4,2,Returning_Visitor,False,False
0,0.0,-1,0.0,4,1579.05,0.03,0.05,-2.08,0.11,Nov,2,2,7,1,Returning_Visitor,True,False
1,0.0,0,-59.64,21,1059.9,0.0,0.01,0.0,0.8,Feb,2,2,1,3,Returning_Visitor,False,False
2,54.5,-1,0.0,51,1534.83,0.01,0.02,9.46,0.13,Feb,3,2,8,10,Returning_Visitor,True,False
13,525.71,1,58.43,45,3328.9,-0.06,-0.04,20.31,-0.18,Oct,1,2,4,1,Returning_Visitor,False,False
0,107.23,1,83.96,90,1690.26,0.01,0.01,-1.23,0.0,Sep,3,2,7,2,Returning_Visitor,False,False
0,-322.33,-2,-144.9,15,162.62,-0.01,0.04,0.0,-0.05,Nov,2,2,3,9,Returning_Visitor,False,False
-1,0.0,1,70.74,3,-1291.15,0.2,0.22,0.0,0.39,May,2,2,1,3,Returning_Visitor,False,False
2,167.47,0,0.0,51,1921.1,0.02,0.03,27.84,0.09,Jul,1,1,1,1,New_Visitor,False,False
0,34.01,-1,-53.71,19,214.33,0.03,0.06,51.84,0.0,Nov,1,1,5,3,Returning_Visitor,False,False
3,41.2,0,0.0,21,942.8,0.0,0.01,0.0,0.19,May,1,1,4,5,New_Visitor,False,False
1,272.36,0,-45.25,27,463.83,-0.02,0.01,0.0,0.36,May,1,2,3,4,New_Visitor,False,False
1,201.65,0,178.33,72,2403.25,0.01,0.05,28.79,-0.06,Dec,1,2,3,3,Returning_Visitor,False,False
2,196.61,-1,-129.14,47,2244.42,0.0,0.01,0.0,0.02,Aug,2,2,7,8,Returning_Visitor,False,False
0,78.9,0,191.6,9,-181.34,0.04,0.08,0.0,-0.36,Dec,3,3,2,4,Returning_Visitor,True,False
2,-28.09,0,0.0,17,673.52,0.01,0.03,-16.16,-0.12,Aug,1,4,2,3,Returning_Visitor,False,False
0,139.46,1,-98.82,23,996.25,-0.04,0.01,0.0,0.0,Nov,1,1,3,3,Returning_Visitor,False,False
5,248.8,2,116.0,26,595.34,0.03,0.05,10.17,0.49,May,3,2,1,5,Returning_Visitor,False,False
4,385.18,3,75.5,-33,-384.97,0.0,0.05,6.92,0.17,May,2,2,1,5,Returning_Visitor,False,False
5,421.7,3,161.52,46,390.46,0.0,0.02,25.92,0.0,Dec,2,2,6,2,Returning_Visitor,False,False
5,271.41,0,0.0,56,2237.43,0.0,0.03,21.16,0.17,Nov,3,2,3,1,Returning_Visitor,False,False
1,0.0,0,0.0,16,50.83,-0.02,0.0,13.59,0.0,Oct,4,1,9,2,New_Visitor,False,False
3,19.0,0,30.45,12,652.57,-0.04,0.01,14.18,-0.38,Feb,3,2,1,6,Returning_Visitor,False,True
2,175.81,-1,52.17,42,462.2,0.07,0.06,-13.07,-0.18,Mar,2,2,1,1,Returning_Visitor,False,False
0,0.0,2,6.0,39,720.15,0.05,0.07,0.0,0.27,Dec,2,2,9,2,Returning_Visitor,False,False
7,204.04,0,0.0,57,2741.57,0.01,0.02,58.54,0.05,Sep,2,1,1,3,Returning_Visitor,False,True
-1,-92.8,0,-225.99,14,121.0,0.03,0.07,44.33,0.19,Mar,2,2,1,4,New_Visitor,False,False
-3,-270.69,0,103.71,6,169.0,0.0,0.03,0.0,0.4,Oct,1,1,3,1,Returning_Visitor,True,False
13,654.78,6,604.8,149,5106.06,0.0,-0.01,-3.93,0.0,Mar,2,2,1,5,Returning_Visitor,True,True
0,-112.25,0,-28.28,1,-228.51,0.19,0.2,-0.26,-0.03,Oct,1,1,1,3,Returning_Visitor,False,False
2,73.96,-1,0.0,28,2524.0,0.01,0.07,0.0,0.22,May,2,2,2,3,Returning_Visitor,True,False
18,579.26,0,0.0,52,1113.9,0.05,0.03,-43.55,0.16,Aug,2,10,7,6,Returning_Visitor,False,False
-2,0.0,0,-110.67,6,-233.31,0.07,0.07,0.0,0.27,Feb,2,2,1,3,Returning_Visitor,False,False
-3,183.25,-1,21.0,20,651.4,0.0,0.04,-43.69,0.0,Feb,1,1,7,5,Returning_Visitor,False,False
4,87.0,5,242.75,172,6778.17,0.0,0.01,-7.72,0.0,Nov,2,5,3,6,Returning_Visitor,True,False
2,68.0,0,98.29,27,870.67,0.0,0.02,14.48,0.0,May,3,2,3,3,Returning_Visitor,False,False
0,0.0,0,0.0,8,128.5,0.0,0.02,8.97,0.02,Mar,2,4,1,10,Returning_Visitor,False,False
0,0.0,-1,-195.86,10,1110.86,0.2,0.2,-33.71,0.16,Oct,1,1,3,3,Returning_Visitor,False,False
2,54.84,3,228.5,42,2041.39,-0.07,-0.04,8.16,0.0,Oct,2,2,7,2,Returning_Visitor,True,True
0,0.0,0,0.0,113,4115.23,0.04,0.02,0.0,0.29,May,2,2,3,9,Returning_Visitor,False,False
1,-206.92,-1,0.0,4,-327.25,0.06,0.09,41.56,0.8,May,2,2,1,1,New_Visitor,False,False
6,175.87,0,-56.74,3,5.0,0.03,0.04,-6.43,0.05,Aug,2,1,1,4,New_Visitor,True,False
-3,0.0,0,0.0,1,442.87,0.17,0.2,0.0,0.8,May,2,2,3,1,Returning_Visitor,False,False
4,19.0,2,172.01,100,4632.71,-0.03,-0.02,0.0,0.0,Feb,2,2,1,6,Returning_Visitor,False,False
5,224.8,1,0.0,30,974.9,0.05,0.04,23.22,0.0,Nov,2,2,3,4,New_Visitor,True,False
8,113.51,0,0.0,163,4947.31,-0.04,-0.03,19.27,0.25,Nov,3,2,3,2,Returning_Visitor,True,False
0,-220.68,0,-60.76,5,75.0,0.03,0.07,5.13,0.19,Mar,2,2,1,3,Returning_Visitor,False,False
2,60.4,1,138.95,-6,67.92,-0.02,0.01,1.1,-0.08,Nov,2,2,4,6,New_Visitor,False,False
0,153.54,0,112.15,-20,0.0,0.2,0.24,-20.72,0.34,Feb,3,2,1,13,Returning_Visitor,False,False
-5,16.67,0,-98.17,11,343.37,0.0,0.04,20.37,0.0,Mar,3,2,1,1,Returning_Visitor,False,False
1,0.0,1,17.52,45,2803.66,0.14,0.2,-33.17,-0.02,Nov,3,4,3,15,Returning_Visitor,False,False
7,205.94,-1,-41.23,-38,-1672.56,0.01,0.01,-7.48,0.4,May,4,1,1,20,Returning_Visitor,False,False
7,120.46,0,0.0,71,2405.05,-0.03,0.01,10.7,0.31,Nov,2,2,7,10,Returning_Visitor,False,True
2,339.61,0,11.62,15,641.16,-0.04,-0.01,-3.95,0.17,Dec,3,2,3,1,Returning_Visitor,False,False
0,-127.35,0,161.29,5,1448.67,0.04,0.05,0.0,0.22,Mar,3,2,7,5,Returning_Visitor,True,False
-3,-107.42,1,0.0,19,880.8,0.04,0.03,-27.97,0.12,Nov,3,1,6,10,Returning_Visitor,False,False
3,167.41,2,73.68,47,1512.57,0.01,0.01,27.61,0.16,May,1,1,3,2,New_Visitor,True,False
5,10.31,0,92.32,20,968.75,0.02,0.04,-23.88,0.0,May,1,2,1,1,Returning_Visitor,True,True
3,5.0,0,49.94,63,2731.5,0.0,0.04,50.48,0.0,Jul,3,2,9,2,Returning_Visitor,False,False
-1,-48.6,0,0.0,56,2434.39,0.06,0.07,5.79,0.0,Jul,2,2,2,2,Returning_Visitor,False,False
4,54.62,0,10.14,31,538.72,0.04,0.1,-23.33,0.09,Dec,4,1,3,1,Returning_Visitor,False,False
5,-64.48,-1,0.0,17,743.05,0.0,0.05,6.21,0.0,May,1,1,6,1,Returning_Visitor,False,False
-1,-18.9,0,-15.43,6,99.07,0.04,0.07,-3.63,-0.3,Feb,1,1,9,2,Returning_Visitor,False,False
2,7.0,0,-177.51,20,2149.24,0.01,0.03,21.53,0.22,Nov,2,2,1,10,Returning_Visitor,False,False
2,23.67,0,-205.34,22,1190.77,-0.03,0.01,43.29,-0.02,Nov,2,2,3,2,New_Visitor,False,False
-2,108.27,0,74.82,42,1524.5,0.2,0.2,-5.65,-0.24,Jul,3,2,1,1,Returning_Visitor,True,False
0,-8.37,0,-29.55,14,-1214.48,-0.04,0.01,0.0,-0.24,Sep,3,2,1,2,Returning_Visitor,False,False
2,542.18,2,197.77,-37,-822.87,0.08,0.08,0.0,0.0,May,2,4,1,4,Returning_Visitor,False,False
-3,0.0,0,12.87,53,2012.88,0.07,0.1,0.0,0.0,Sep,2,2,4,5,Returning_Visitor,False,False
1,3.33,-1,0.0,16,930.3,0.06,0.11,0.0,-0.07,Mar,2,5,4,1,New_Visitor,True,False
-5,-214.95,0,0.0,16,877.67,0.02,0.07,5.69,0.0,Oct,2,2,1,2,Returning_Visitor,False,False
3,106.67,0,-29.43,-9,577.65,0.01,0.03,-1.77,0.05,Jul,4,2,3,13,Returning_Visitor,False,False
0,0.0,0,-87.08,-10,-72.56,0.2,0.2,0.0,-0.21,Nov,3,2,1,2,Returning_Visitor,False,False
0,0.0,0,0.0,1,0.0,0.2,0.2,-16.13,0.0,Dec,1,1,1,3,Returning_Visitor,True,False
3,-44.83,0,0.0,22,1263.86,0.08,0.06,-36.05,0.0,Nov,3,2,6,3,Returning_Visitor,False,True
0,128.83,0,-179.77,28,433.01,0.0,0.03,0.0,-0.11,Mar,1,5,1,4,Returning_Visitor,True,False
5,69.4,1,25.2,18,1009.55,0.02,0.0,-11.87,-0.3,Jul,3,2,2,2,Returning_Visitor,False,False
0,1.2,-1,-133.75,56,2587.15,-0.0,0.02,20.72,0.0,Aug,2,2,7,2,New_Visitor,False,False
4,323.5,0,0.0,17,1391.44,-0.04,-0.04,-3.54,-0.0,Nov,2,1,3,2,New_Visitor,False,False
0,0.0,0,304.75,-60,-1807.02,0.02,0.05,36.81,0.02,May,3,2,1,1,New_Visitor,False,False
-1,12.02,0,10.0,43,1384.75,0.0,0.0,48.42,-0.24,May,2,13,9,20,Other,False,True
1,26.96,1,-91.77,23,646.7,0.03,0.03,-27.58,0.0,Dec,2,2,1,2,Returning_Visitor,False,False
2,-175.43,0,0.0,18,217.0,0.01,0.06,-13.2,0.8,May,2,4,1,1,Returning_Visitor,False,False
2,170.74,1,55.0,38,3209.32,0.0,0.06,-18.59,0.0,Oct,3,2,3,9,Returning_Visitor,True,False
-1,-164.58,-2,-272.62,-23,163.0,0.0,0.08,38.39,0.22,May,2,2,9,2,New_Visitor,False,False
-3,-177.76,-1,0.0,20,143.58,0.02,0.05,17.05,-0.08,Nov,2,2,5,1,Returning_Visitor,False,False
-1,17.79,1,-0.58,21,878.62,0.07,0.11,2.54,0.0,Dec,2,2,1,2,Returning_Visitor,False,True
2,68.09,2,70.5,75,3043.07,0.01,0.03,-7.19,0.39,Mar,2,2,1,2,Returning_Visitor,False,False
1,54.92,0,126.91,50,1260.67,0.06,0.11,0.0,-0.38,Feb,4,2,6,4,Returning_Visitor,False,False
8,111.54,1,226.0,12,1664.15,0.0,0.02,6.69,-0.11,Dec,4,1,1,2,Returning_Visitor,False,True
3,200.5,0,0.0,18,837.42,0.09,0.11,19.66,0.0,Mar,2,2,3,9,Returning_Visitor,False,True
3,86.57,0,0.0,9,1331.0,0.08,0.11,0.0,-0.3,Jul,2,4,4,6,New_Visitor,False,False
3,0.0,0,0.0,26,652.51,0.0,0.03,0.0,0.0,May,3,4,7,10,Returning_Visitor,False,False
0,264.86,0,0.0,22,999.8,0.0,0.05,0.0,0.0,Mar,2,4,3,3,Returning_Visitor,False,False
3,272.16,1,-121.56,-34,-2243.1,0.0,0.01,0.0,-0.55,Nov,4,5,3,6,Returning_Visitor,True,False
4,18.0,2,84.44,22,213.61,0.02,0.01,31.25,0.14,May,1,2,4,2,New_Visitor,True,False
0,7.7,0,113.58,3,-307.78,0.0,0.03,0.0,0.03,Mar,2,2,6,2,Returning_Visitor,False,False
0,8.21,0,62.5,166,6083.85,0.0,0.01,7.62,0.0,Feb,2,2,1,4,Returning_Visitor,False,True
1,0.0,0,62.13,26,27.5,0.04,0.08,0.0,0.21,Mar,2,2,6,3,Returning_Visitor,False,False
8,22.62,-2,-61.28,-11,-29.71,-0.05,-0.01,0.0,-0.12,Nov,3,2,2,7,Returning_Visitor,True,False
3,353.97,-1,42.23,91,2778.05,0.01,0.05,23.81,0.0,Aug,2,2,1,3,Returning_Visitor,False,False
0,-106.76,1,112.65,18,1473.33,0.01,0.04,0.0,0.04,Mar,1,1,1,2,Returning_Visitor,False,False
0,62.0,-1,103.2,13,392.93,0.01,0.02,0.0,0.0,Mar,2,2,3,2,Returning_Visitor,False,False
2,94.6,0,108.8,42,1673.68,0.0,0.03,-10.33,0.09,Mar,2,4,1,2,New_Visitor,True,False
1,91.76,1,133.9,82,4117.98,0.01,0.02,0.0,0.19,Aug,2,2,1,13,Returning_Visitor,False,False
6,251.77,0,0.0,13,169.85,0.02,0.04,-3.83,0.0,Feb,3,2,1,2,Returning_Visitor,False,False
3,113.1,0,0.0,17,237.61,0.02,0.03,94.1,0.19,May,1,1,7,4,Returning_Visitor,False,True
4,109.83,1,198.92,24,1067.8,-0.0,0.01,-7.77,0.0,May,3,2,2,4,Returning_Visitor,False,False
7,93.62,0,-114.53,27,739.16,-0.04,-0.02,0.56,-0.2,Jul,3,2,9,2,New_Visitor,False,False
0,19.8,-1,0.0,12,683.26,0.19,0.2,-12.45,0.38,May,2,3,3,4,Returning_Visitor,False,False
0,0.0,0,0.0,13,1178.5,0.03,0.03,-1.68,0.0,Aug,3,2,4,2,Returning_Visitor,False,False
7,561.5,2,31.0,95,4255.26,0.05,0.03,50.09,-0.23,Nov,4,1,4,13,Returning_Visitor,True,True
2,98.66,-1,0.0,1,44.5,0.07,0.07,0.0,-0.18,Mar,3,1,1,1,Returning_Visitor,False,False
8,-38.83,2,-49.97,79,3829.62,-0.0,-0.0,0.0,0.32,Aug,3,2,2,2,Returning_Visitor,False,False
2,99.93,1,428.67,60,2690.72,0.03,0.05,-5.29,-0.01,May,1,1,9,3,Returning_Visitor,False,False
1,128.35,2,296.35,68,3165.82,0.04,0.02,44.57,0.0,Nov,3,2,9,1,Returning_Visitor,False,True
0,0.0,0,163.07,40,0.0,0.17,0.17,15.75,0.4,Feb,2,4,3,1,Returning_Visitor,False,False
0,0.0,0,-91.62,4,135.5,0.0,0.07,-23.66,-0.07,Mar,2,2,3,14,Returning_Visitor,False,False
3,35.49,-1,0.0,-4,606.67,0.01,0.03,18.98,-0.13,Mar,2,5,7,11,Returning_Visitor,True,False
-3,-133.08,2,113.81,95,4820.4,-0.01,-0.0,-15.95,0.0,Oct,3,2,1,2,Returning_Visitor,True,False
6,242.58,2,21.6,105,4468.9,-0.02,0.01,17.4,0.0,Aug,3,2,1,2,Returning_Visitor,False,False
0,113.8,0,23.23,15,336.14,0.0,0.01,27.56,-0.05,Nov,2,4,9,1,Returning_Visitor,False,False
1,0.0,1,0.0,2,12.0,0.03,0.03,-0.94,0.0,Mar,2,10,2,10,Returning_Visitor,False,False
1,-30.44,0,104.65,28,2234.47,0.01,0.02,17.46,0.0,Mar,1,2,3,1,Returning_Visitor,False,False
5,283.02,0,-30.48,21,1338.93,0.0,0.01,-11.11,0.12,Dec,2,2,1,5,Returning_Visitor,False,False
0,119.15,2,0.0,9,268.5,0.06,0.1,5.84,-0.05,Feb,2,2,1,6,Returning_Visitor,False,False
8,359.16,3,226.5,12,368.9,0.11,0.15,26.26,0.0,Oct,3,2,1,3,Returning_Visitor,True,False
6,174.75,1,123.0,-3,1269.16,0.01,0.03,19.96,-0.37,Sep,1,1,1,3,Returning_Visitor,False,True
1,0.0,0,27.0,45,1749.43,0.02,0.05,24.0,-0.24,Feb,3,1,7,2,Returning_Visitor,False,False
1,3.37,1,0.0,24,2237.72,0.0,0.04,20.41,0.0,May,1,1,7,4,Returning_Visitor,False,False
3,55.54,0,112.31,61,5900.35,0.0,0.01,0.0,-0.0,Mar,2,2,4,10,Returning_Visitor,False,False
2,0.0,0,0.0,72,2256.49,0.01,0.02,0.0,0.19,Nov,1,8,1,1,New_Visitor,False,True
5,40.9,1,0.0,9,392.77,0.02,0.03,-9.63,0.04,Jul,2,1,1,5,Returning_Visitor,True,False
1,76.15,1,117.14,67,1682.72,-0.01,0.02,0.68,0.0,Feb,2,2,2,4,Returning_Visitor,False,False
3,-141.08,2,126.42,74,2631.1,0.0,0.01,-12.69,0.0,Aug,2,2,4,4,Returning_Visitor,False,False
0,33.09,1,94.54,53,2834.61,0.01,0.02,-9.36,-0.22,Jul,2,6,7,4,Returning_Visitor,False,False
5,141.2,1,27.86,7,518.03,-0.0,0.03,30.85,-0.06,Feb,2,2,9,6,Returning_Visitor,False,False
0,0.0,0,-115.7,60,2127.57,0.03,0.02,0.0,0.12,Dec,3,2,3,4,Returning_Visitor,False,False
2,39.5,4,231.35,15,3098.3,-0.0,0.02,4.5,-0.0,May,3,4,7,2,Returning_Visitor,True,False
3,216.6,0,-32.89,12,895.98,-0.0,0.01,13.61,0.0,Mar,3,2,6,10,Returning_Visitor,False,False
12,451.28,10,664.72,131,4938.15,0.01,0.02,3.17,-0.16,Nov,3,4,2,2,Returning_Visitor,False,True
3,50.21,2,3.31,44,1621.83,-0.02,0.02,2.03,0.0,Oct,2,2,1,2,Returning_Visitor,False,False
0,0.0,2,100.05,18,894.58,0.0,0.01,-8.47,0.0,May,2,2,1,1,Returning_Visitor,False,False
1,-11.88,0,-23.31,-40,-2460.3,0.2,0.23,-61.07,0.26,Nov,2,2,3,1,Returning_Visitor,False,False
4,38.0,0,20.0,57,1498.47,-0.0,-0.0,0.0,0.03,Feb,1,2,6,2,Returning_Visitor,True,False
0,0.0,1,-78.46,8,-77.29,0.0,0.05,-22.79,0.0,Mar,2,2,3,1,Returning_Visitor,False,False
3,0.0,2,78.53,25,661.14,0.01,0.01,15.06,-0.15,Nov,2,2,3,10,New_Visitor,False,True
-1,186.5,-1,123.39,81,3106.01,-0.01,0.03,0.0,0.0,Oct,3,2,1,3,Returning_Visitor,False,False
0,0.0,2,0.0,11,116.5,0.03,0.08,0.0,0.0,Jul,2,2,1,1,Returning_Visitor,False,False
5,0.0,2,107.05,-14,-443.59,-0.03,0.01,-12.75,0.0,Mar,3,2,2,3,Returning_Visitor,False,False
1,217.57,0,143.28,56,2279.22,0.0,-0.01,7.02,0.0,Feb,3,2,7,4,Returning_Visitor,False,False
2,194.59,0,-48.01,82,3672.65,0.02,0.02,-14.63,0.0,Feb,1,1,1,2,Returning_Visitor,False,False
1,160.2,0,234.65,43,1568.32,0.02,0.02,28.06,0.0,Oct,1,1,3,2,Returning_Visitor,True,False
3,120.21,2,75.62,81,3183.88,0.01,0.05,26.34,-0.12,Oct,2,2,1,3,Returning_Visitor,False,True
3,375.8,0,-102.26,51,889.0,0.05,0.07,-17.14,0.25,Feb,2,2,7,7,Returning_Visitor,False,False
-4,-114.3,1,25.59,23,441.0,0.07,0.1,0.0,0.0,May,4,1,1,2,Returning_Visitor,False,False
2,59.72,0,98.08,14,308.5,0.01,0.01,-0.99,0.0,Nov,2,2,4,2,New_Visitor,True,False
0,149.7,0,0.0,29,216.17,0.04,0.06,23.98,0.27,May,2,2,9,3,Returning_Visitor,False,False
0,0.0,0,0.0,20,1066.17,0.0,0.01,8.34,0.05,Aug,2,4,4,2,Returning_Visitor,False,False
10,263.01,1,0.0,27,1812.31,0.07,0.08,19.19,0.0,Dec,3,2,1,3,New_Visitor,False,False
3,66.4,1,41.2,138,4031.56,0.03,0.01,16.15,0.0,Nov,2,2,4,1,Returning_Visitor,False,False
4,91.2,0,262.74,29,1395.59,0.07,0.07,-10.82,0.0,Nov,2,2,1,6,New_Visitor,True,False
3,50.27,1,89.37,56,1671.58,0.0,0.02,10.28,0.29,Oct,2,2,1,2,Returning_Visitor,False,False
3,-60.73,0,0.0,53,2981.17,-0.08,-0.02,-7.03,-0.06,Feb,2,2,4,1,Returning_Visitor,False,False
3,52.0,0,181.63,93,2966.14,0.0,0.03,-14.34,0.1,May,2,2,4,1,Returning_Visitor,False,False
6,131.36,1,-89.48,32,929.91,0.01,0.04,25.02,0.0,Feb,1,1,3,3,Returning_Visitor,False,False
-2,0.0,0,0.0,18,0.0,0.17,0.2,0.0,0.18,Oct,3,2,3,1,Returning_Visitor,False,False
0,-159.78,0,-185.42,9,188.47,-0.03,0.04,-2.96,0.07,Nov,3,2,9,1,Returning_Visitor,False,False
0,0.0,1,162.27,23,375.0,0.0,0.01,0.0,-0.2,Mar,4,1,1,1,Returning_Visitor,True,False
2,190.97,0,0.0,63,1339.9,-0.01,-0.01,8.44,0.0,Sep,2,5,1,4,Returning_Visitor,False,True
4,418.11,0,100.85,6,643.88,0.0,0.0,6.35,-0.33,Feb,3,2,1,2,Returning_Visitor,True,False
6,258.12,0,0.0,25,-935.93,0.06,0.08,0.0,0.16,May,3,2,1,7,Returning_Visitor,True,False
5,72.5,0,0.0,46,649.31,0.0,0.01,-37.23,-0.11,Nov,2,7,2,3,Returning_Visitor,True,True
2,7.0,1,0.0,14,183.33,0.0,0.01,-17.58,0.22,Feb,2,2,1,3,Returning_Visitor,False,False
4,89.43,0,0.0,47,1178.67,0.06,0.05,0.0,0.08,Aug,1,1,1,3,Returning_Visitor,True,False
4,17.0,0,117.56,88,5043.47,0.05,0.07,38.39,0.37,Aug,2,2,1,1,Returning_Visitor,False,False
3,119.0,1,62.73,25,413.72,0.0,0.03,15.4,-0.29,Jul,1,1,7,2,New_Visitor,False,False
2,-352.76,0,0.0,45,1720.0,-0.03,0.01,60.29,0.0,Mar,2,2,2,1,Returning_Visitor,True,True
5,82.0,1,-63.1,85,906.37,0.01,0.03,35.41,0.32,Aug,2,2,4,3,Returning_Visitor,False,False
8,876.23,1,27.82,27,1588.67,0.0,0.04,-5.9,0.32,May,2,2,5,3,New_Visitor,False,False
0,0.0,1,0.0,40,730.48,0.07,0.11,9.98,0.0,Nov,1,1,7,9,Returning_Visitor,False,False
-1,139.98,0,0.0,-33,-1848.9,0.02,0.01,-8.21,0.0,Feb,4,2,1,2,New_Visitor,True,False
8,130.55,-1,183.68,1,385.75,0.0,0.01,0.0,0.03,Feb,2,2,6,4,New_Visitor,False,False
1,0.0,0,-49.0,4,157.5,0.11,0.11,1.65,0.0,May,1,1,9,9,Returning_Visitor,False,False
0,0.0,-2,-178.39,-133,-4734.38,-0.01,0.02,0.0,0.0,Sep,3,2,6,3,New_Visitor,True,False
0,0.0,-1,0.0,-36,-637.32,0.1,0.17,0.0,0.0,Nov,3,2,7,10,Returning_Visitor,False,False
0,187.41,-2,0.0,3,136.5,-0.05,-0.03,24.82,-0.03,Dec,1,13,4,3,Other,False,False
4,330.4,0,0.0,3,1420.16,-0.02,0.04,0.0,-0.15,Dec,2,4,3,2,Returning_Visitor,False,False
11,299.2,1,211.55,114,3518.84,-0.01,0.02,8.47,-0.17,Nov,2,2,1,1,Returning_Visitor,False,False
0,-85.01,-1,0.0,25,186.96,0.03,0.02,5.12,0.0,Nov,2,2,9,11,New_Visitor,False,True
0,13.08,2,101.82,42,2047.55,0.04,0.03,0.0,0.31,Nov,2,2,6,2,Returning_Visitor,True,False
0,0.0,-3,-101.93,-8,0.0,0.19,0.2,-4.9,0.0,Nov,2,2,4,15,Returning_Visitor,False,False
2,158.86,1,98.39,41,746.9,-0.01,0.03,-4.06,0.43,Mar,2,2,4,1,Returning_Visitor,False,False
3,223.0,0,0.0,30,392.4,0.0,0.04,0.0,0.28,May,1,1,1,4,Returning_Visitor,False,False
0,0.0,1,0.0,53,507.33,0.01,-0.0,24.92,0.17,May,2,2,1,6,New_Visitor,False,False
1,190.5,0,65.68,30,2375.08,0.0,0.01,-7.98,0.26,Dec,2,2,3,2,Returning_Visitor,False,True
2,23.0,1,0.0,27,309.07,0.01,0.06,1.87,0.01,Oct,2,2,3,1,Returning_Visitor,True,False
-4,0.0,0,247.87,11,1550.75,0.0,0.01,3.98,0.3,May,2,2,1,4,Returning_Visitor,True,False
0,58.58,1,0.0,26,-1430.39,0.08,0.09,0.0,0.0,Mar,1,5,6,3,Returning_Visitor,False,False
0,7.38,1,43.17,-5,906.3,0.05,0.06,20.92,0.0,Sep,1,1,1,1,Returning_Visitor,False,False
9,259.45,0,-60.65,44,630.32,0.12,0.14,14.34,-0.04,Nov,1,1,8,2,Returning_Visitor,False,False
0,74.99,2,1.59,27,875.5,0.0,0.05,-17.77,-0.28,May,4,2,1,3,Returning_Visitor,True,False
8,247.65,3,207.76,46,1920.64,0.01,0.04,26.24,0.0,Nov,3,2,1,3,Returning_Visitor,False,False
2,362.87,-2,0.0,19,1563.13,-0.01,0.07,-3.74,0.0,May,2,2,5,1,Returning_Visitor,False,False
0,0.0,0,-80.23,2,1062.67,0.09,0.1,-18.72,0.38,Feb,2,2,3,14,Returning_Visitor,True,False
1,174.75,1,104.14,88,3201.19,0.0,0.02,8.28,-0.08,Nov,1,1,8,10,Returning_Visitor,True,False
6,304.58,-1,-175.73,23,1007.23,-0.01,0.03,19.57,0.0,Oct,2,2,1,1,Returning_Visitor,False,False
-1,0.0,0,0.0,119,4772.38,0.02,0.04,13.28,0.0,Oct,2,2,3,1,Returning_Visitor,False,True
4,315.61,5,275.11,129,5604.98,0.0,0.02,-11.23,0.46,Oct,1,1,1,3,Returning_Visitor,False,True
0,-163.42,0,0.0,59,3009.56,0.0,0.04,0.0,0.35,May,3,3,1,4,Returning_Visitor,True,False
1,-288.83,0,-2.02,9,160.76,-0.04,-0.01,39.47,0.0,Aug,1,2,1,2,New_Visitor,False,True
7,310.0,0,18.72,16,123.28,-0.02,0.01,0.0,0.11,Aug,1,1,2,4,Returning_Visitor,False,False
-3,14.0,-1,0.0,47,2045.02,-0.03,0.02,-5.38,0.0,June,2,6,2,1,Returning_Visitor,False,False
5,115.13,0,-48.58,27,1099.99,0.0,0.01,30.27,0.06,May,2,2,2,8,Returning_Visitor,False,True
4,166.33,1,0.0,29,820.67,0.0,0.02,0.0,0.17,Oct,2,4,8,4,Returning_Visitor,True,True
3,255.77,0,10.0,64,817.02,0.0,0.01,14.84,0.17,May,2,2,5,4,New_Visitor,False,False
2,-104.43,0,0.0,26,991.71,0.04,0.03,0.0,-0.08,Mar,2,2,1,10,Returning_Visitor,False,False
7,337.58,2,-120.37,32,443.5,0.01,0.03,0.0,0.08,Dec,2,2,6,5,Returning_Visitor,False,False
1,0.0,2,0.0,89,3480.81,0.02,0.01,24.14,-0.09,Nov,4,2,4,7,Returning_Visitor,True,True
6,33.2,-2,0.0,-23,-550.89,0.01,0.04,32.7,-0.02,Oct,3,2,6,1,Returning_Visitor,False,True
5,58.12,2,183.17,29,1701.92,0.07,0.05,15.17,0.0,May,2,2,6,1,Returning_Visitor,False,False
7,228.25,1,0.0,86,2657.86,0.11,0.12,13.78,0.09,Dec,2,2,1,1,Returning_Visitor,False,False
0,-127.27,0,103.17,-2,1899.85,0.02,0.01,-18.49,0.05,Nov,1,2,2,2,Returning_Visitor,False,False
15,1230.33,7,376.08,65,3147.25,0.01,0.03,0.23,-0.18,Dec,1,1,6,2,Returning_Visitor,False,True
3,48.0,1,58.5,-47,-840.37,0.08,0.05,93.53,0.0,Nov,4,1,4,2,Returning_Visitor,False,True
3,24.19,0,-44.91,25,1040.75,-0.0,0.02,0.0,-0.04,Dec,3,2,3,6,New_Visitor,True,False
2,-1.17,1,0.0,17,1886.32,0.0,0.04,0.0,0.11,Feb,2,2,1,5,New_Visitor,False,False
0,0.0,0,-16.67,11,199.78,0.01,0.03,0.0,-0.19,Mar,2,2,2,2,New_Visitor,False,False
3,109.14,0,9.41,-11,44.0,0.0,0.05,21.15,0.25,May,3,2,4,1,Returning_Visitor,False,False
4,58.5,0,-240.1,17,281.67,0.01,0.0,-8.43,0.0,May,2,1,3,1,Returning_Visitor,False,False
4,36.5,0,0.0,17,663.31,-0.03,0.01,0.0,0.08,Aug,2,2,7,4,Returning_Visitor,False,False
3,55.84,0,46.46,-2,-429.09,0.0,0.02,0.0,0.0,Aug,3,2,1,6,Returning_Visitor,False,False
2,97.28,0,0.0,43,821.28,0.02,0.02,-31.19,0.01,May,1,2,1,2,Returning_Visitor,False,False
7,445.35,2,-85.61,19,455.22,-0.02,-0.02,7.22,0.0,Feb,3,6,1,2,Returning_Visitor,False,False
-3,-313.72,-1,0.0,3,116.75,-0.03,-0.01,28.8,-0.0,May,2,2,4,11,Returning_Visitor,True,False
8,188.01,2,-23.23,55,461.81,0.06,0.03,0.0,-0.12,Mar,1,3,1,1,Returning_Visitor,False,False
4,0.0,0,36.57,8,-315.32,-0.02,0.01,20.24,0.0,Feb,1,5,2,4,Returning_Visitor,True,False
3,118.41,1,35.0,64,3278.02,0.0,0.0,23.03,0.03,May,2,2,6,2,Returning_Visitor,False,True
0,-115.63,0,121.9,82,4703.79,0.01,0.03,0.0,-0.24,Feb,3,2,8,2,Returning_Visitor,False,False
1,137.0,1,218.66,6,944.17,-0.0,0.03,-14.84,0.3,Oct,2,2,9,4,Returning_Visitor,True,True
2,18.0,1,-79.53,60,1332.25,-0.05,-0.03,0.0,0.0,May,2,2,2,2,New_Visitor,False,False
2,19.28,-1,0.0,-23,396.5,0.02,0.07,10.43,0.12,Feb,1,1,3,8,New_Visitor,False,False
2,364.6,0,0.0,6,183.0,0.0,0.04,15.53,0.0,Dec,2,4,4,1,Returning_Visitor,False,False
11,532.31,3,163.33,118,3094.98,0.01,0.02,12.76,0.0,Nov,1,1,4,20,Returning_Visitor,False,True
2,-40.98,-1,74.67,23,922.95,0.05,0.07,7.07,0.0,May,2,2,2,3,Returning_Visitor,True,False
7,221.1,0,176.89,3,-149.23,0.07,0.09,28.51,0.43,May,2,2,1,4,Returning_Visitor,False,False
6,101.62,2,79.99,182,7097.58,0.0,0.02,-4.33,0.14,Feb,2,2,3,13,Returning_Visitor,False,True
9,286.35,1,25.0,73,2725.0,-0.01,0.02,0.0,-0.08,Nov,3,6,3,2,Returning_Visitor,True,False
4,171.48,0,0.0,22,1525.0,0.06,0.08,12.12,-0.3,Mar,1,1,1,1,Returning_Visitor,False,True
1,23.0,2,104.6,40,1311.07,0.0,0.04,-11.09,0.35,May,2,2,3,2,Returning_Visitor,True,False
2,138.08,3,161.01,7,75.6,0.0,0.02,0.0,-0.26,Feb,4,1,4,2,Returning_Visitor,True,False
-1,155.0,0,0.0,20,1581.84,0.01,0.04,0.0,0.15,May,2,2,7,3,Returning_Visitor,False,False
5,209.37,-2,-172.25,7,240.71,0.02,0.06,21.09,0.0,Mar,3,2,2,1,Returning_Visitor,True,False
2,72.13,0,0.0,17,640.74,-0.02,-0.02,0.0,0.0,Aug,2,2,6,3,New_Visitor,False,False
6,331.9,2,10.97,113,3855.8,0.03,0.03,10.06,0.04,Mar,2,2,1,2,Returning_Visitor,False,False
-2,31.57,0,-74.0,94,2535.52,0.01,0.04,-31.08,0.09,Sep,2,2,1,13,Returning_Visitor,False,False
5,299.1,1,188.49,127,3958.39,0.04,0.01,-14.03,0.0,June,2,2,1,1,Returning_Visitor,False,False
0,-7.92,0,0.0,2,-150.21,0.0,0.04,0.0,0.2,Nov,2,2,7,3,Returning_Visitor,True,False
6,420.78,1,26.5,37,1874.84,0.1,0.08,-8.7,0.0,Nov,3,2,7,5,Returning_Visitor,False,False
-2,-41.56,0,-69.92,1,0.0,-0.02,0.01,0.0,0.17,Mar,2,2,1,1,Returning_Visitor,False,False
0,0.0,0,0.0,49,1554.07,0.01,0.03,0.0,0.07,Feb,2,6,1,6,New_Visitor,False,False
4,224.74,0,0.0,35,1130.81,0.02,0.02,21.09,0.06,Dec,3,2,9,2,Returning_Visitor,False,False
1,12.17,2,254.05,26,1342.5,0.03,0.09,0.0,0.22,May,2,2,9,18,Returning_Visitor,True,False
2,220.35,2,-12.42,3,654.8,0.0,0.07,-1.6,0.0,Nov,3,2,3,1,Returning_Visitor,False,False
3,86.0,0,95.85,29,1197.67,0.0,0.03,0.0,0.13,May,2,2,2,5,Returning_Visitor,False,False
0,0.0,0,74.43,15,1431.07,0.0,0.1,0.0,0.0,Oct,1,1,4,3,Returning_Visitor,True,False
4,205.28,0,174.99,69,3596.93,0.0,0.03,0.0,0.0,May,1,1,9,4,Returning_Visitor,False,False
4,69.29,0,-20.7,20,2958.98,0.01,0.04,-12.55,0.0,Jul,2,2,1,2,Returning_Visitor,False,False
8,237.81,1,0.57,67,1982.91,0.0,0.02,-3.87,-0.24,Feb,3,2,2,2,Returning_Visitor,False,False
0,-75.86,0,-219.23,13,1608.7,-0.02,0.0,-21.6,-0.07,Dec,2,1,6,2,New_Visitor,False,False
3,-12.74,-1,-110.38,8,178.75,0.07,0.1,0.0,0.14,Aug,4,1,1,3,Returning_Visitor,False,False
0,-9.46,0,144.17,-9,582.5,0.0,0.01,15.78,0.0,May,2,4,1,4,Returning_Visitor,False,False
0,0.0,0,17.08,-23,127.5,0.02,0.03,-9.97,0.0,Nov,2,2,6,3,Returning_Visitor,False,False
1,0.0,0,34.92,20,800.83,-0.0,0.0,-5.34,0.2,Feb,3,2,1,3,Returning_Visitor,False,False
0,-152.44,0,0.0,59,2701.3,-0.0,0.04,0.0,1.0,May,2,2,1,1,Returning_Visitor,True,False
0,0.0,0,287.05,39,181.5,0.0,0.03,5.59,-0.28,Jul,1,1,2,2,Returning_Visitor,True,False
3,31.88,0,0.0,34,606.2,0.0,0.05,17.98,0.0,May,2,2,7,2,New_Visitor,True,False
1,77.23,0,-85.13,-6,-774.83,0.11,0.13,0.0,0.0,June,1,8,2,3,New_Visitor,True,False
9,266.42,1,28.2,24,1448.56,0.02,0.0,44.36,-0.29,May,2,2,1,2,Returning_Visitor,False,True
0,-130.18,0,82.19,10,342.17,-0.01,0.02,11.48,-0.1,Nov,2,2,1,1,Returning_Visitor,True,True
1,0.0,0,129.83,22,2124.47,0.02,0.02,0.0,0.0,Oct,2,10,7,15,Returning_Visitor,False,False
0,-71.25,0,0.0,2,825.33,0.07,0.11,1.46,0.1,Jul,2,2,8,4,Returning_Visitor,False,True
6,359.0,0,-110.76,95,3763.46,0.05,0.06,-1.61,0.0,Jul,2,2,7,1,Returning_Visitor,False,False
0,87.01,0,-35.38,13,197.0,0.05,0.06,28.62,0.0,Oct,3,2,7,1,Returning_Visitor,True,False
0,7.34,0,47.26,47,762.55,-0.03,0.02,-1.44,0.0,Mar,2,2,4,14,Returning_Visitor,True,False
6,145.32,1,0.0,54,216.33,0.04,0.05,60.03,0.21,Sep,3,2,1,2,Returning_Visitor,False,False
0,107.87,1,65.02,1,-536.75,0.0,0.01,40.42,0.0,Mar,3,2,7,1,Returning_Visitor,False,False
1,-2.9,3,0.0,59,2759.0,-0.02,0.03,-34.93,0.36,Feb,2,2,1,2,Returning_Visitor,False,False
-2,0.0,0,-10.39,30,691.75,0.0,0.04,-14.64,0.0,Jul,3,2,1,2,Returning_Visitor,False,False
0,0.0,1,0.0,12,584.33,-0.0,0.02,12.59,0.44,Feb,2,2,3,8,Returning_Visitor,False,False
1,128.0,2,136.17,31,1778.66,0.04,0.06,0.0,0.0,Dec,3,2,8,9,Returning_Visitor,True,False
2,5.78,0,-70.02,54,2236.61,0.02,0.02,39.81,0.0,Oct,3,2,1,3,Returning_Visitor,True,False
9,487.78,-1,-92.59,106,3671.75,0.01,0.02,43.01,0.0,Dec,3,2,3,2,Returning_Visitor,False,False
-1,200.21,2,87.01,-14,19.0,0.07,0.1,9.15,0.09,May,1,5,1,11,Returning_Visitor,False,False
4,38.5,1,-23.69,14,582.0,0.0,0.01,24.31,0.0,Sep,2,2,2,4,Returning_Visitor,True,False
0,0.0,1,213.87,-3,-326.67,0.0,0.01,0.0,-0.07,May,3,4,4,4,New_Visitor,False,False
-1,16.2,-1,-10.54,4,60.6,0.02,0.05,-10.94,0.15,Feb,2,2,5,3,Returning_Visitor,False,True
3,62.67,1,179.6,95,3989.49,0.07,0.05,0.0,0.28,May,2,2,1,3,Returning_Visitor,True,False
-1,-114.38,1,0.0,-15,112.0,0.0,0.03,0.0,-0.05,Mar,1,1,1,2,Returning_Visitor,False,False
0,61.31,1,0.0,44,2347.21,0.08,0.13,0.0,0.0,Nov,2,2,3,1,Returning_Visitor,True,False
2,334.17,2,38.89,2,1963.32,0.0,0.02,9.43,0.0,Mar,4,2,6,2,Returning_Visitor,False,False
4,9.89,0,15.66,16,195.5,0.04,0.07,12.45,0.0,Nov,2,2,4,14,Returning_Visitor,False,False
1,-33.43,-1,50.02,-8,399.8,0.02,0.06,42.26,-0.23,Mar,1,5,7,3,Returning_Visitor,True,False
0,-166.85,0,-44.29,28,107.17,0.0,0.01,9.34,0.0,Nov,2,1,1,2,New_Visitor,False,False
7,375.18,0,0.0,4,101.8,0.01,0.01,42.13,0.34,Nov,3,2,6,2,Returning_Visitor,False,False
-1,-174.7,0,0.0,-14,450.0,0.05,0.07,-1.34,0.0,Mar,1,1,9,7,Returning_Visitor,True,False
0,-196.97,0,0.0,-22,-2571.44,0.0,0.05,-11.23,0.12,Aug,2,7,1,4,Returning_Visitor,True,False
1,0.0,0,0.0,15,609.41,0.05,0.07,-1.66,0.0,Jul,2,2,2,10,New_Visitor,False,False
1,-98.01,0,43.49,8,102.15,0.0,0.01,26.18,0.0,Nov,1,1,1,2,New_Visitor,True,False
0,94.18,1,0.0,85,3062.49,0.11,0.13,-3.69,0.0,Feb,2,2,1,3,Returning_Visitor,False,True
1,0.0,0,0.0,11,153.75,-0.1,-0.07,-22.91,-0.14,Nov,2,2,2,4,Returning_Visitor,False,False
0,25.51,0,-51.93,26,1480.94,0.02,0.03,26.13,-0.06,Nov,3,2,9,4,New_Visitor,False,False
0,6.82,0,-44.13,-5,546.67,-0.05,0.0,-34.14,0.0,Dec,3,2,1,2,Returning_Visitor,False,False
5,162.14,-2,-16.2,24,50.57,-0.04,-0.02,0.0,0.25,Oct,1,1,1,3,Returning_Visitor,False,False
3,117.85,0,140.66,9,1372.61,0.02,0.03,29.46,0.0,Aug,1,1,1,5,Returning_Visitor,False,False
0,6.77,1,0.0,4,251.0,0.05,0.1,-40.14,0.2,May,2,2,1,3,New_Visitor,False,False
4,199.51,0,-287.75,65,1108.37,-0.04,-0.02,7.83,0.05,Aug,2,10,1,2,Returning_Visitor,False,True
0,0.0,0,0.0,8,207.17,0.08,0.08,0.0,0.6,Feb,2,2,7,3,Returning_Visitor,False,False
7,0.0,-1,-83.61,11,88.5,0.03,0.02,0.0,-0.31,Aug,2,2,1,3,New_Visitor,True,False
0,75.06,0,0.0,33,984.14,0.03,0.04,7.81,0.15,June,1,1,1,2,Returning_Visitor,False,False
4,30.05,0,54.73,12,2435.74,0.03,0.07,-15.08,-0.27,Dec,3,1,3,9,Returning_Visitor,False,False
0,-145.45,0,0.0,32,2757.4,-0.03,0.02,-9.76,-0.12,Nov,2,2,2,2,Returning_Visitor,False,False
2,115.95,1,184.09,60,2186.15,0.01,0.01,30.79,0.0,Nov,2,2,1,2,New_Visitor,False,False
-4,-440.79,0,-31.36,36,1435.25,0.0,0.03,0.0,0.07,Nov,3,2,4,2,Returning_Visitor,False,False
3,-27.97,0,0.0,9,626.6,0.0,0.02,29.02,0.0,Nov,2,2,9,2,New_Visitor,True,False
0,118.62,0,0.0,71,2384.56,0.04,0.06,0.0,0.29,May,2,5,1,1,Returning_Visitor,False,False
1,-28.15,2,279.5,48,1693.71,0.0,0.01,11.48,0.2,May,3,2,2,14,Returning_Visitor,True,True
-3,0.0,0,94.45,-63,-952.46,0.05,0.09,0.0,-0.08,Nov,3,2,8,2,New_Visitor,False,False
1,0.0,0,-43.6,-5,98.33,-0.01,0.03,29.79,0.0,May,2,4,1,2,Returning_Visitor,False,False
6,51.0,1,50.92,18,835.51,0.01,0.02,23.05,-0.1,May,2,4,2,4,Returning_Visitor,True,True
3,136.5,0,0.0,30,2171.87,-0.0,0.02,23.33,0.04,Dec,1,1,3,1,Returning_Visitor,False,False
3,183.79,0,-77.86,49,923.03,0.05,0.04,5.93,-0.27,Dec,1,2,2,2,Returning_Visitor,False,True
2,167.4,0,18.21,8,733.08,-0.04,0.02,-11.2,-0.06,Oct,1,2,1,4,Returning_Visitor,False,False
5,294.7,2,329.5,59,1786.67,-0.0,0.01,9.54,-0.12,Dec,3,2,8,1,New_Visitor,False,False
6,427.97,-1,7.6,17,1417.47,0.01,0.01,28.3,0.27,Nov,2,2,1,4,Returning_Visitor,False,False
2,97.0,0,0.0,1,418.23,-0.04,0.01,9.45,-0.13,Jul,1,1,1,2,Returning_Visitor,False,False
2,33.38,0,0.0,69,2619.11,0.01,0.02,18.67,0.0,May,2,2,3,4,Returning_Visitor,True,False
0,-126.17,0,200.29,48,535.25,0.0,0.01,0.0,0.0,Jul,3,2,4,3,Returning_Visitor,False,False
-1,-10.79,0,-45.03,37,-838.32,0.02,0.04,36.13,0.0,May,2,2,1,4,Returning_Visitor,False,False
2,23.1,0,0.0,17,-111.8,0.0,0.04,0.0,-0.16,Aug,3,6,1,1,Returning_Visitor,False,False
-1,-38.25,1,92.24,-24,-1209.8,0.08,0.07,5.19,-0.03,Sep,1,1,4,1,Returning_Visitor,False,False
2,19.6,2,167.15,-15,559.7,0.0,0.04,9.5,-0.18,Feb,3,2,1,5,Returning_Visitor,False,False
0,0.0,2,-148.18,32,2069.22,0.01,0.04,21.02,0.0,Jul,3,2,1,1,Returning_Visitor,False,False
0,-88.46,0,0.0,7,-635.26,0.11,0.14,32.71,-0.32,Feb,2,2,4,3,Returning_Visitor,True,False
1,90.11,0,-70.94,23,297.5,0.1,0.14,0.0,-0.1,Oct,1,1,3,1,Returning_Visitor,True,False
7,115.4,5,182.91,50,1514.7,0.01,0.03,4.7,0.08,June,4,1,4,5,Returning_Visitor,True,False
0,139.99,2,236.4,13,490.83,0.0,0.04,12.47,0.11,Sep,3,2,1,2,Returning_Visitor,True,False
0,82.11,-1,7.0,18,598.87,0.0,0.03,18.9,0.15,May,1,1,9,6,New_Visitor,False,False
-1,-123.78,-1,0.31,11,2040.64,0.0,0.04,36.44,0.0,May,3,2,1,9,Returning_Visitor,False,False
5,109.91,0,-6.33,12,-654.6,0.0,0.01,0.0,0.0,Nov,2,2,4,4,Returning_Visitor,False,False
4,-122.24,3,321.0,31,2083.76,-0.02,0.05,0.0,-0.01,Dec,1,1,1,1,Returning_Visitor,False,False
6,-30.21,1,0.0,13,159.47,0.02,0.03,0.0,-0.02,Feb,2,4,2,5,Returning_Visitor,False,False
3,309.41,-1,0.0,-16,-417.31,0.2,0.19,-32.55,-0.13,Oct,2,4,3,1,Returning_Visitor,False,False
2,294.22,0,79.14,51,2232.79,0.0,-0.0,-13.61,-0.11,Dec,2,2,7,2,Returning_Visitor,False,False
2,146.03,1,113.53,1,68.5,0.0,0.05,0.0,-0.18,Mar,1,1,1,6,Returning_Visitor,True,False
4,65.0,0,-6.4,140,4187.74,0.0,0.01,0.0,0.03,Aug,2,2,7,3,Returning_Visitor,False,False
0,-121.97,-1,-14.05,1,-401.09,0.0,0.03,0.0,-0.06,Mar,2,2,7,1,Returning_Visitor,False,False
1,4.0,0,-50.16,45,-96.13,0.0,0.03,28.97,0.05,May,3,2,1,7,Returning_Visitor,False,False
4,173.05,0,173.92,34,1058.19,0.09,0.09,-6.43,0.25,Nov,1,2,2,1,Returning_Visitor,False,False
2,-6.46,1,-2.23,-39,-1768.79,0.0,0.02,-16.09,-0.2,Mar,4,1,4,14,Returning_Visitor,False,True
0,40.52,0,0.0,17,632.63,-0.02,0.02,15.41,0.16,Nov,3,2,7,2,Returning_Visitor,True,False
3,0.0,0,38.25,2,328.46,0.04,0.11,0.0,-0.1,Nov,2,2,1,2,New_Visitor,False,False
8,233.02,2,0.0,84,2150.43,0.06,0.09,-4.12,0.0,Nov,1,1,1,3,Returning_Visitor,False,False
5,62.09,2,0.0,55,2831.56,0.0,-0.01,-1.64,0.0,May,4,2,3,14,Returning_Visitor,False,False
4,89.0,1,254.84,29,1183.23,0.06,0.07,0.0,0.14,Feb,3,2,9,6,Returning_Visitor,False,False
1,0.0,0,0.0,2,490.7,0.0,0.04,0.0,0.07,Jul,3,2,3,13,Returning_Visitor,False,False
5,117.32,3,151.84,230,8993.86,0.02,0.02,-16.18,0.0,Jul,3,2,6,1,Returning_Visitor,False,False
2,0.0,0,54.39,15,463.33,0.04,0.07,24.2,0.0,Mar,2,2,4,1,Returning_Visitor,False,False
4,30.2,0,-34.4,0,630.33,0.11,0.14,7.04,0.02,Oct,2,2,6,1,Returning_Visitor,False,False
4,35.12,0,0.0,31,1975.46,-0.01,0.01,0.0,0.0,Feb,2,2,4,3,Returning_Visitor,False,False
7,302.0,1,0.0,29,833.01,-0.04,0.0,0.0,0.4,Aug,2,2,3,4,Returning_Visitor,False,False
-1,0.0,0,0.0,7,242.75,0.06,0.09,0.0,-0.04,May,3,2,1,11,Returning_Visitor,True,False
3,21.55,1,18.46,7,851.32,0.02,0.03,0.0,-0.34,Jul,3,2,3,2,Returning_Visitor,False,False
-3,77.98,0,81.43,18,-408.84,-0.05,0.01,0.0,0.19,Mar,2,2,5,3,Returning_Visitor,False,False
5,136.32,0,161.41,16,132.5,0.11,0.11,4.97,0.14,May,2,2,4,7,Returning_Visitor,True,False
5,198.71,4,247.41,103,5080.94,0.07,0.06,0.0,0.0,Mar,2,2,1,10,Returning_Visitor,False,False
-1,-126.75,0,-283.62,58,2862.92,0.01,0.06,-3.88,0.0,Feb,1,1,6,1,Returning_Visitor,False,False
-3,-105.33,0,-41.72,24,1809.24,0.03,0.06,25.19,-0.05,Aug,2,5,1,1,Returning_Visitor,False,False
3,-190.73,1,58.88,9,-641.44,0.01,0.07,-24.71,0.0,Feb,1,1,6,2,New_Visitor,True,False
3,-50.74,0,-16.46,107,4509.85,0.0,0.02,4.42,-0.08,Nov,2,2,5,1,New_Visitor,True,False
0,0.0,0,114.7,4,1981.53,0.0,0.07,-11.9,0.25,Oct,2,2,2,1,Returning_Visitor,False,True
0,-163.32,1,-76.5,42,1746.7,0.0,0.04,3.96,0.0,Jul,2,2,4,1,Returning_Visitor,False,False
-4,0.0,0,45.17,3,0.0,0.2,0.2,-27.0,0.0,May,3,2,9,19,Returning_Visitor,False,False
3,116.05,1,169.13,70,2489.2,0.0,0.0,0.0,0.0,Oct,4,1,1,4,Returning_Visitor,False,False
4,0.0,2,166.8,45,2176.28,0.04,0.06,0.0,0.0,May,2,2,1,4,Returning_Visitor,False,False
3,0.0,0,-55.87,-6,-1772.32,0.01,0.03,-3.7,0.0,Feb,1,1,4,3,Returning_Visitor,False,False
0,-50.53,2,200.02,39,2148.31,0.02,0.06,6.47,0.0,May,2,2,1,4,Returning_Visitor,False,False
0,0.0,0,-74.76,-23,-1294.76,0.2,0.2,-7.17,0.04,Aug,2,2,3,5,Returning_Visitor,False,False
0,-62.14,0,0.0,35,1132.94,-0.01,0.05,0.0,0.0,Mar,2,6,2,2,Returning_Visitor,True,False
1,0.0,0,0.0,8,136.52,-0.04,0.03,-4.47,0.12,Mar,3,2,8,2,Returning_Visitor,False,False
2,-9.05,1,-42.73,52,1366.06,0.01,0.04,21.24,-0.21,Feb,2,2,1,2,New_Visitor,False,False
7,94.4,3,0.0,61,4501.43,0.02,0.05,0.0,0.2,May,4,5,1,8,Returning_Visitor,False,False
-3,0.0,0,-86.39,6,31.96,-0.0,0.04,0.0,0.08,Feb,2,2,2,2,Returning_Visitor,False,False
1,-6.91,1,-40.86,-11,25.2,0.0,-0.01,9.73,0.01,Dec,2,2,9,6,New_Visitor,False,False
0,-142.59,0,-181.35,5,-1399.89,0.02,0.04,33.52,0.0,Dec,3,2,7,1,Returning_Visitor,False,False
3,0.0,0,0.0,17,551.25,0.0,0.02,9.35,-0.36,Jul,2,1,1,4,New_Visitor,True,False
6,68.84,1,0.0,54,834.67,0.01,0.02,0.0,0.0,Feb,1,1,4,2,Returning_Visitor,False,False
1,20.2,0,275.87,77,3107.17,-0.01,0.02,-8.63,0.03,Dec,2,2,1,1,Returning_Visitor,True,True
0,0.0,-1,-71.95,4,-717.55,0.01,0.03,28.14,0.04,Nov,2,2,1,2,Returning_Visitor,False,False
2,56.07,2,104.53,25,2852.0,0.01,0.04,0.0,0.07,Mar,2,1,1,3,Returning_Visitor,False,False
1,-261.03,1,196.63,10,402.62,0.0,0.02,30.28,0.27,Mar,1,1,3,7,New_Visitor,False,False
-1,187.76,0,141.71,4,50.0,0.09,0.08,50.32,0.0,Aug,2,2,8,4,Returning_Visitor,True,False
0,0.0,2,69.34,45,1271.33,-0.0,0.05,0.0,0.32,May,2,2,7,2,Returning_Visitor,True,False
4,64.5,0,5.96,101,4707.77,0.0,-0.02,-20.01,0.0,Nov,2,2,9,2,Returning_Visitor,False,False
3,-23.03,0,0.0,38,689.65,0.02,0.02,16.04,0.0,Aug,2,2,7,3,New_Visitor,True,True
10,704.87,2,52.29,187,6959.22,0.0,0.02,2.87,0.0,Oct,2,2,1,2,New_Visitor,False,False
3,158.33,-2,9.0,9,-825.21,-0.02,-0.01,0.0,0.0,Mar,3,2,1,2,Returning_Visitor,False,False
6,376.82,0,-203.7,20,331.89,0.0,0.0,4.29,-0.15,Feb,1,2,3,1,Returning_Visitor,False,False
5,235.78,0,-35.61,45,1313.76,0.01,-0.02,0.0,-0.33,Oct,2,2,1,2,Returning_Visitor,True,False
0,54.3,0,0.0,28,210.0,0.0,0.06,-6.77,0.16,Mar,3,2,7,1,Returning_Visitor,False,False
0,146.73,2,69.15,2,399.5,0.0,0.03,0.0,0.3,Mar,3,2,3,1,Returning_Visitor,True,False
5,-112.55,1,116.48,93,2720.27,0.01,0.02,0.0,0.08,Nov,2,2,4,1,Returning_Visitor,True,False
6,-25.57,0,0.0,7,855.0,0.02,0.03,19.25,0.2,May,2,2,9,1,Returning_Visitor,False,False
5,248.5,0,0.0,11,1250.9,-0.02,0.0,47.84,0.0,Mar,3,1,3,6,Returning_Visitor,False,False
0,22.93,0,95.4,3,-462.91,0.07,0.1,0.0,-0.08,Nov,2,2,1,9,Returning_Visitor,True,False
1,0.0,2,279.67,49,2477.36,0.0,0.03,-28.11,0.0,Nov,2,1,2,2,New_Visitor,False,False
7,163.43,0,0.0,47,1077.51,-0.0,0.01,2.84,-0.13,Nov,3,2,7,15,Returning_Visitor,False,False
8,111.0,0,0.0,88,3768.59,0.01,0.06,-9.1,0.0,Dec,2,2,3,12,Returning_Visitor,False,True
3,134.68,1,141.5,64,2867.75,0.0,0.0,-37.06,0.0,Nov,1,1,1,4,Returning_Visitor,True,False
3,14.5,2,120.61,58,3291.25,0.01,0.04,19.32,-0.02,May,2,2,2,3,Returning_Visitor,False,False
4,249.37,0,-80.51,93,2388.14,-0.07,-0.08,0.0,0.17,Mar,1,1,1,2,Returning_Visitor,False,False
3,-68.93,1,0.0,19,1171.33,0.0,0.02,0.0,0.0,May,2,2,2,2,Returning_Visitor,True,False
4,61.0,0,0.0,2,-1639.36,0.0,0.01,-16.04,0.33,May,2,2,1,3,Returning_Visitor,False,False
-2,0.0,-1,-196.32,1,74.5,0.04,0.08,0.0,0.37,May,1,1,1,3,Returning_Visitor,True,False
0,0.0,1,0.0,53,1544.05,0.02,0.03,0.0,1.0,May,2,2,2,3,Returning_Visitor,False,False
0,99.05,1,162.03,-30,531.04,0.03,0.03,0.65,0.08,Dec,4,1,1,3,Returning_Visitor,False,False
1,1.91,0,-4.91,-14,-304.69,0.05,0.08,14.47,0.08,Nov,2,2,6,9,Returning_Visitor,False,False
1,40.92,1,79.61,74,2062.17,0.07,0.07,-1.31,0.19,Feb,2,2,3,2,Returning_Visitor,False,False
2,97.0,1,0.0,4,-1330.1,-0.04,-0.02,0.0,0.17,Feb,2,2,6,4,New_Visitor,False,False
6,40.8,1,12.0,34,96.0,0.03,0.02,26.07,0.0,Aug,3,2,4,4,Returning_Visitor,False,False
4,64.33,1,13.0,-24,-173.19,-0.01,0.01,26.55,0.09,Mar,2,4,1,3,New_Visitor,True,True
1,0.0,1,0.0,-24,-1549.56,0.2,0.22,0.0,0.27,Feb,2,5,3,3,Returning_Visitor,False,False
3,195.48,0,0.0,-8,-338.02,-0.02,0.03,-11.86,0.0,Feb,1,3,3,3,Returning_Visitor,False,False
10,215.24,2,245.17,101,3558.58,0.01,0.01,-27.03,-0.03,Sep,2,1,1,3,Returning_Visitor,True,True
0,0.0,1,0.0,63,1658.02,0.01,0.02,5.24,-0.2,Dec,2,4,1,7,Returning_Visitor,True,False
2,96.58,1,101.94,30,478.0,0.01,0.04,-16.83,0.22,Feb,3,2,1,3,Returning_Visitor,False,False
-2,0.0,-1,-211.92,19,1234.53,0.0,0.02,3.96,0.0,Feb,1,2,5,3,Returning_Visitor,False,False
4,6.87,0,201.9,35,1810.23,0.0,-0.01,17.86,0.25,Aug,2,2,1,4,Returning_Visitor,False,True
0,64.03,0,0.0,2,15.0,0.0,0.1,53.11,0.0,Mar,4,1,6,10,Returning_Visitor,False,False
-1,130.15,1,283.73,46,1038.92,-0.01,0.03,16.96,0.0,Mar,2,2,6,1,Returning_Visitor,False,True
1,101.36,1,188.45,15,-979.25,0.04,0.03,-2.39,-0.04,May,3,2,1,1,Returning_Visitor,True,False
4,183.06,1,99.0,96,3629.26,0.02,0.02,0.0,0.28,Nov,2,2,4,14,Returning_Visitor,False,False
9,170.59,0,108.89,43,1738.25,0.0,0.04,18.54,0.08,May,2,1,1,3,Returning_Visitor,False,False
4,-3.74,0,74.67,67,1876.28,0.0,-0.05,0.0,0.03,Nov,3,2,1,9,Returning_Visitor,False,False
5,124.05,-3,-222.68,86,4046.25,0.06,0.06,31.15,0.12,May,2,2,3,13,Returning_Visitor,True,False
7,166.29,3,-83.58,36,1238.57,0.01,0.01,4.75,0.26,Aug,1,1,1,10,Returning_Visitor,False,True
1,52.4,0,-43.61,86,1581.69,0.0,0.02,15.84,-0.11,Nov,1,1,7,2,Returning_Visitor,True,True
3,49.5,0,0.0,5,-337.03,0.01,0.03,17.68,-0.52,Feb,2,2,9,6,Returning_Visitor,False,True
2,-104.05,1,21.5,33,1829.18,0.09,0.1,16.07,-0.06,May,2,4,1,6,Returning_Visitor,False,True
0,15.42,2,330.9,44,2726.11,0.08,0.11,0.0,0.0,Mar,2,4,6,2,Returning_Visitor,False,False
8,551.79,0,88.28,87,2711.27,0.04,0.04,0.0,0.37,June,2,2,5,3,Returning_Visitor,False,False
-1,8.89,-1,-12.24,-98,-2464.25,0.01,0.05,11.95,0.11,May,4,1,1,10,Returning_Visitor,True,False
5,197.43,-2,0.0,18,430.29,0.04,0.03,19.83,0.0,Oct,2,2,3,13,Returning_Visitor,True,True
2,22.2,0,128.46,41,1491.83,0.06,0.07,0.0,0.04,Dec,2,2,8,2,Returning_Visitor,False,False
0,108.42,0,12.55,17,1653.74,0.06,0.06,11.51,-0.28,Feb,1,1,1,2,Returning_Visitor,False,False
7,91.97,2,39.18,141,5182.2,0.0,0.02,17.74,-0.17,Dec,2,5,9,2,Returning_Visitor,False,False
-1,-140.81,1,53.3,64,1981.87,0.02,0.02,0.0,0.11,Sep,1,1,6,2,New_Visitor,True,False
4,192.82,0,0.0,50,2428.35,0.09,0.09,9.44,0.23,Feb,2,5,7,3,Returning_Visitor,True,False
5,256.1,-1,99.7,4,1247.38,0.0,0.01,-2.14,0.0,Dec,1,1,6,2,Returning_Visitor,False,False
-2,0.0,0,69.23,30,244.5,0.0,0.01,35.13,0.0,Nov,2,2,3,2,New_Visitor,False,False
1,-38.85,2,112.93,22,367.38,-0.04,0.01,11.1,0.0,May,4,1,4,14,Returning_Visitor,True,False
1,0.0,-1,-11.1,44,1203.85,0.05,0.08,-0.33,0.25,May,3,2,7,1,New_Visitor,False,False
0,-173.87,0,0.0,110,3538.79,0.02,0.05,0.0,-0.04,Nov,2,2,3,5,Returning_Visitor,False,False
2,-42.23,1,117.56,12,418.09,0.01,0.03,-9.39,-0.11,Feb,2,1,2,2,Returning_Visitor,False,False
0,0.0,-1,77.22,-25,-590.39,-0.01,0.03,0.0,-0.1,Dec,2,2,7,2,Returning_Visitor,False,False
1,14.31,0,0.0,8,556.0,0.01,0.02,44.91,-0.14,Dec,3,2,2,2,Returning_Visitor,True,False
3,108.79,2,0.0,73,2767.37,0.0,0.0,12.66,0.22,Dec,4,1,1,2,Returning_Visitor,False,False
0,0.0,0,-33.63,73,3531.75,-0.02,0.02,12.2,0.34,May,2,2,9,3,Returning_Visitor,False,False
3,168.72,0,0.0,-20,-1266.45,0.04,0.06,0.0,-0.0,Dec,2,2,1,2,New_Visitor,False,False
2,-109.48,1,0.0,25,268.0,0.07,0.04,3.32,-0.09,Nov,2,2,3,5,Returning_Visitor,True,False
4,169.75,1,0.0,20,1006.67,0.1,0.11,4.88,0.6,May,1,1,9,7,Returning_Visitor,False,False
3,0.0,2,0.0,42,1192.32,-0.07,-0.05,10.71,0.0,Nov,2,6,1,3,Returning_Visitor,False,False
3,276.41,0,-171.05,283,10644.46,-0.04,-0.04,9.15,0.0,Nov,2,2,1,13,Returning_Visitor,False,False
-3,-178.34,0,-247.94,9,1085.58,0.09,0.17,0.0,0.23,Feb,3,2,1,2,Returning_Visitor,False,False
1,148.66,2,34.81,20,462.64,0.01,0.03,3.51,0.0,Dec,3,2,1,2,Returning_Visitor,False,False
1,-82.78,0,0.0,19,734.58,0.02,0.05,0.0,0.0,Sep,2,2,1,6,Returning_Visitor,True,False
0,175.46,-1,-49.13,4,365.17,-0.01,0.02,0.0,0.07,Nov,2,2,1,3,Returning_Visitor,False,False
0,-229.39,0,0.0,-2,10.0,0.1,0.1,0.0,0.21,May,3,2,2,2,Returning_Visitor,True,False
2,-53.71,1,202.95,76,2067.03,-0.04,-0.0,-3.19,-0.06,Nov,1,1,2,4,Returning_Visitor,False,False
6,0.0,0,0.0,6,852.76,-0.02,0.03,15.75,0.52,May,3,2,3,6,Returning_Visitor,True,False
4,171.08,0,0.0,13,952.29,0.03,0.01,-3.24,0.27,Dec,2,2,2,3,Returning_Visitor,False,True
6,0.0,-1,-34.03,22,25.0,0.01,0.03,0.0,-0.0,Aug,2,2,1,7,Returning_Visitor,False,False
9,246.01,2,54.48,49,1783.12,0.0,-0.0,0.0,0.0,Nov,3,2,7,1,Returning_Visitor,False,False
1,10.36,1,0.0,53,523.99,0.04,0.04,7.44,0.03,Feb,2,5,7,3,Returning_Visitor,False,False
3,140.63,2,136.55,26,465.42,0.0,0.02,12.79,0.0,Aug,1,4,3,1,Returning_Visitor,False,False
5,41.96,1,0.0,36,902.4,0.02,0.03,25.8,0.0,Nov,2,2,1,4,Returning_Visitor,False,False
0,198.38,1,297.29,15,41.0,0.04,0.06,6.86,0.0,Jul,3,5,4,1,Returning_Visitor,True,False
1,15.8,2,97.8,32,2660.61,0.01,0.04,21.13,0.14,Feb,2,2,3,2,Returning_Visitor,False,True
3,0.0,1,157.85,60,1051.17,0.0,0.01,6.07,0.13,Nov,1,1,2,9,Returning_Visitor,False,True
5,78.23,3,125.67,65,1690.79,0.05,0.06,11.35,-0.32,Aug,2,2,2,3,Returning_Visitor,False,False
1,62.14,3,283.12,24,512.07,0.01,0.03,-2.37,0.66,Aug,2,2,1,4,Returning_Visitor,True,False
9,268.04,0,0.0,117,1953.54,0.01,-0.02,2.77,0.31,Aug,1,1,2,9,Returning_Visitor,True,False
0,0.0,1,158.15,59,1560.6,-0.06,0.01,-2.93,0.14,Mar,2,2,1,3,Returning_Visitor,False,False
7,223.14,0,0.0,37,739.82,0.08,0.1,61.07,0.19,Oct,2,2,5,6,New_Visitor,False,True
2,0.0,1,0.0,115,4388.51,-0.04,-0.03,0.0,0.4,May,2,2,1,4,Returning_Visitor,True,False
5,380.8,0,0.0,63,2653.2,0.05,0.03,0.0,0.04,Aug,1,1,2,1,Returning_Visitor,False,False
5,43.5,-1,-56.46,6,110.33,0.0,0.02,12.45,-0.01,May,2,2,3,8,Returning_Visitor,False,False
3,111.09,1,176.83,32,269.57,0.01,0.01,0.0,0.07,Dec,2,2,1,2,Returning_Visitor,False,False
4,37.39,2,202.27,23,2659.99,0.0,0.02,11.28,0.0,Nov,2,2,9,1,Returning_Visitor,False,False
8,225.36,0,-123.06,25,929.2,0.0,0.03,12.07,0.03,May,2,2,5,2,Returning_Visitor,True,False
-1,-91.59,0,117.61,14,466.5,0.0,0.02,0.64,0.0,Nov,2,2,4,12,Returning_Visitor,True,False
1,-41.68,2,222.09,12,122.67,0.0,0.01,0.0,0.4,May,1,1,1,2,New_Visitor,True,False
-1,-177.85,1,59.71,27,2359.8,0.0,0.05,0.0,0.2,May,1,1,1,1,Returning_Visitor,False,False
4,327.61,1,-128.86,6,474.33,-0.04,-0.01,0.0,-0.09,Oct,3,2,1,3,Returning_Visitor,False,False
3,98.0,-1,87.8,94,2555.99,-0.0,0.01,9.58,0.16,Mar,1,2,1,1,Returning_Visitor,False,False
-1,155.93,0,5.65,31,835.58,0.0,0.01,-4.49,0.0,Nov,2,2,4,2,Returning_Visitor,False,True
-1,-83.73,1,0.0,70,2427.69,0.02,0.03,0.0,0.21,Feb,4,2,3,2,Returning_Visitor,True,False
11,535.22,0,0.0,181,5740.98,-0.08,-0.07,30.44,0.0,May,2,2,1,2,Returning_Visitor,False,True
2,-96.26,0,-115.99,30,1181.81,0.0,0.02,0.0,-0.28,Dec,2,2,4,1,Returning_Visitor,False,False
2,81.65,0,0.0,38,937.87,0.02,0.04,0.0,0.0,Dec,3,2,3,2,Returning_Visitor,True,False
9,419.18,3,302.81,250,10278.9,0.0,0.02,4.58,0.11,Nov,2,2,9,3,Returning_Visitor,False,False
5,0.0,-1,-154.64,13,1411.01,-0.04,-0.02,125.89,0.0,Mar,2,2,4,2,Returning_Visitor,True,True
0,41.94,0,58.3,32,1317.43,0.04,0.08,0.0,0.0,June,2,2,1,2,Returning_Visitor,False,False
0,28.92,2,243.19,50,1919.04,0.08,0.1,-7.8,0.17,May,2,2,1,1,Returning_Visitor,False,False
0,129.05,1,0.0,61,1673.65,0.04,0.03,11.64,-0.05,Nov,3,2,3,4,Returning_Visitor,False,False
2,264.24,1,78.53,16,1998.32,0.07,0.08,0.0,0.0,Oct,4,8,9,2,Returning_Visitor,True,False
0,165.12,1,230.1,26,1037.5,0.03,0.06,47.27,0.0,Mar,2,2,4,2,Returning_Visitor,True,False
4,124.46,1,5.31,-2,1702.92,0.03,0.01,0.0,0.0,Nov,2,4,3,2,Returning_Visitor,True,False
1,132.11,0,0.0,2,158.5,0.0,0.04,24.9,0.0,Dec,2,2,1,2,Returning_Visitor,True,False
1,145.64,0,0.0,2,-324.03,-0.01,0.02,8.47,0.0,Dec,2,2,1,2,Returning_Visitor,False,True
9,395.16,1,52.59,66,501.07,0.0,0.02,0.0,0.08,Aug,1,5,6,11,Returning_Visitor,False,True
4,353.84,0,33.75,13,280.74,0.01,0.04,22.67,0.19,Dec,1,1,4,1,New_Visitor,False,True
-2,-123.81,0,0.0,1,0.0,0.2,0.2,0.0,0.0,Mar,2,2,3,7,Returning_Visitor,False,False
0,0.0,0,0.0,62,4391.67,0.03,0.06,0.0,0.0,June,2,2,2,1,Returning_Visitor,False,False
3,18.9,0,0.0,29,1846.64,0.01,0.04,30.8,0.0,Mar,3,2,9,7,Returning_Visitor,False,False
2,25.0,-1,-49.79,5,1250.21,0.05,0.08,0.0,0.6,May,2,2,1,1,Returning_Visitor,True,False
8,351.77,0,-123.23,21,591.9,0.03,0.06,32.84,0.0,Dec,3,2,3,2,Returning_Visitor,True,False
7,279.23,1,179.56,47,1940.58,0.0,0.01,0.0,0.19,May,1,1,4,3,Returning_Visitor,True,False
0,0.0,0,233.94,19,1774.62,-0.04,-0.02,0.0,0.15,May,2,2,1,1,Returning_Visitor,False,False
1,12.1,0,0.0,4,-493.43,0.03,0.07,-17.76,0.0,Nov,1,1,1,7,Returning_Visitor,True,False
2,56.32,-2,65.55,25,943.26,0.03,0.04,6.31,-0.15,May,1,1,5,1,Returning_Visitor,False,True
3,-31.28,0,5.5,141,5857.06,0.02,0.01,0.0,0.0,Dec,1,1,9,8,Returning_Visitor,False,False
11,136.33,0,72.5,35,1552.5,0.08,0.11,14.38,0.0,May,2,2,3,4,Returning_Visitor,False,False
3,229.02,0,-13.53,66,3245.42,0.06,0.1,-12.25,0.0,May,1,1,1,1,Returning_Visitor,False,False
14,424.72,3,291.2,132,4100.26,0.01,-0.01,12.48,0.0,Oct,2,1,1,2,Returning_Visitor,False,False
0,-48.35,0,86.68,27,586.38,0.03,0.05,-11.5,-0.29,Nov,2,4,4,3,Returning_Visitor,False,False
-3,-175.51,0,0.0,5,50.5,0.08,0.11,3.69,0.14,Mar,2,2,1,1,Returning_Visitor,True,False
1,57.0,0,59.5,-9,553.17,-0.02,0.01,-8.36,0.0,May,4,1,1,3,Returning_Visitor,True,False
0,356.75,1,83.36,23,489.25,0.01,0.03,0.0,0.0,Mar,2,2,5,2,Returning_Visitor,False,False
8,399.6,0,43.41,64,1127.61,0.03,0.03,20.65,0.06,Aug,2,2,1,1,Returning_Visitor,False,False
3,106.0,1,-61.66,9,386.85,-0.01,0.01,-1.55,0.06,Aug,3,2,4,4,Returning_Visitor,False,False
-1,0.0,0,0.0,-19,-2894.89,0.2,0.19,-3.49,0.0,May,2,2,1,7,Returning_Visitor,False,False
1,-216.06,2,153.0,98,3283.17,-0.01,0.01,25.08,0.0,Dec,2,2,2,2,Returning_Visitor,True,False
5,297.27,0,19.61,85,1694.16,0.0,0.02,5.56,0.0,May,2,2,9,2,Returning_Visitor,False,False
1,-116.62,0,42.86,79,3256.08,-0.02,0.03,0.0,0.0,Nov,2,2,8,1,Returning_Visitor,False,False
-4,0.0,0,78.43,-30,-1158.35,0.06,0.09,18.87,0.0,Aug,1,2,7,2,Returning_Visitor,False,True
0,0.0,0,0.0,-15,-711.59,0.03,0.08,0.0,0.52,Sep,2,2,1,4,Returning_Visitor,False,False
8,342.03,0,0.0,41,2147.73,0.0,0.03,4.72,0.6,May,1,1,1,4,Returning_Visitor,False,False
7,98.83,2,0.0,47,1644.86,0.02,0.03,0.0,0.01,Feb,2,5,1,3,Returning_Visitor,True,False
0,0.0,0,0.0,99,3349.91,0.0,0.01,0.0,0.6,Aug,3,2,1,9,Returning_Visitor,False,False
7,342.65,1,-14.57,23,819.59,-0.01,0.03,24.87,0.01,May,2,2,1,3,Returning_Visitor,False,False
4,0.0,1,85.0,1,193.23,0.07,0.07,-0.05,0.11,May,2,2,6,1,Returning_Visitor,False,False
3,62.0,0,54.68,65,2038.0,-0.0,-0.01,30.9,0.21,Nov,1,1,9,2,New_Visitor,True,False
3,169.62,0,-20.88,27,1121.16,0.04,0.03,-9.31,0.0,Sep,1,1,4,2,Returning_Visitor,False,True
4,0.0,1,0.0,14,124.75,0.0,0.03,0.0,0.27,Oct,2,6,4,1,Returning_Visitor,True,False
1,27.0,0,0.0,-14,467.0,-0.08,-0.04,-4.82,0.14,Dec,1,1,4,4,New_Visitor,True,False
0,0.0,2,92.64,129,4759.32,0.01,0.01,-27.52,0.0,Nov,2,2,4,6,Returning_Visitor,False,True
0,0.0,1,181.76,7,318.25,0.01,0.04,19.63,0.04,Mar,2,5,1,2,Returning_Visitor,False,True
1,0.0,-2,0.0,11,303.5,0.05,0.08,6.57,-0.11,Dec,4,1,3,2,Returning_Visitor,True,False
4,11.0,0,0.0,-35,-461.44,0.0,0.03,3.65,0.01,Sep,1,1,1,2,Returning_Visitor,True,False
10,237.66,-1,18.4,107,3136.58,0.0,-0.0,5.65,-0.12,Oct,3,2,1,2,Returning_Visitor,True,False
4,413.67,0,0.0,2,419.85,0.07,0.08,0.0,0.13,Dec,2,2,2,1,Returning_Visitor,False,False
3,319.4,1,251.8,53,2527.7,-0.02,0.01,11.22,0.0,Feb,2,2,9,2,Returning_Visitor,False,True
1,257.21,0,-148.58,38,1251.93,0.0,0.0,-47.08,0.07,Nov,1,1,1,9,Returning_Visitor,False,False
-3,96.77,0,175.22,-5,50.62,0.02,0.05,0.0,-0.24,Dec,2,2,2,9,Returning_Visitor,True,False
0,-4.4,0,-88.63,15,1957.17,0.11,0.14,-2.74,0.0,Aug,1,1,1,2,Returning_Visitor,False,False
-2,-152.64,1,-149.51,1,-241.72,0.2,0.23,0.0,0.0,Mar,1,1,8,1,Returning_Visitor,False,False
-3,13.97,2,0.0,6,-131.36,0.0,0.03,-5.93,0.14,Mar,2,4,8,6,Returning_Visitor,True,False
3,-63.0,1,0.0,76,3176.46,0.0,0.02,33.86,0.0,May,2,2,4,1,Returning_Visitor,False,False
3,78.6,0,-25.19,27,784.73,0.0,0.05,24.17,-0.02,Nov,3,6,3,4,Returning_Visitor,False,False
4,501.08,3,223.48,15,1162.05,0.0,0.03,1.57,-0.2,Dec,2,5,1,2,Returning_Visitor,False,True
6,-25.07,1,-54.84,16,401.95,0.0,0.03,0.58,0.0,Mar,1,1,1,2,Returning_Visitor,False,False
2,363.39,1,77.96,69,2752.08,-0.03,0.01,0.0,-0.13,Nov,3,2,2,10,New_Visitor,True,True
-1,0.0,0,-110.13,1,0.0,0.01,0.05,2.73,0.04,Feb,3,2,1,3,Returning_Visitor,True,False
4,226.11,2,141.88,29,1293.65,-0.03,0.02,1.48,0.0,Nov,2,2,2,2,Returning_Visitor,False,False
0,0.0,3,-6.1,18,1456.92,0.04,0.05,0.0,0.0,May,1,1,3,10,Returning_Visitor,False,False
-1,102.51,1,-77.72,-23,-323.63,0.0,0.02,0.0,0.3,May,1,3,1,3,Returning_Visitor,True,False
11,82.23,0,42.53,58,951.43,0.0,-0.01,1.56,1.0,May,2,2,1,1,Returning_Visitor,True,False
0,0.0,1,0.0,3,482.5,0.0,0.06,0.0,0.21,Mar,1,2,1,1,Returning_Visitor,True,False
0,141.31,0,62.63,22,429.63,-0.04,0.01,-9.73,0.25,May,2,4,1,2,Returning_Visitor,True,False
0,69.41,0,0.0,75,1454.54,0.12,0.11,0.0,0.0,Nov,2,2,3,9,Returning_Visitor,False,False
3,136.03,0,0.0,-52,-2945.1,0.0,0.05,22.64,0.1,Mar,2,2,1,2,New_Visitor,True,False
0,0.0,0,0.0,1,-426.14,-0.11,-0.09,2.08,0.04,Feb,1,1,3,2,New_Visitor,True,False
0,0.0,0,-168.86,2,92.0,0.08,0.1,-8.05,0.17,Mar,3,2,1,6,Returning_Visitor,False,False
0,0.0,1,137.48,7,228.0,0.0,0.03,12.66,0.0,Mar,1,1,6,2,Returning_Visitor,True,False
2,102.87,3,232.91,-2,1566.01,0.04,0.1,-11.87,0.13,Dec,2,2,1,2,Returning_Visitor,False,True
6,280.74,1,0.0,11,2235.49,0.01,0.05,-25.67,-0.0,Oct,1,2,1,1,Returning_Visitor,False,False
5,0.0,1,-55.11,87,3391.65,0.0,-0.0,25.75,0.0,Aug,3,2,6,1,Returning_Visitor,True,True
0,-56.48,0,105.35,27,104.0,0.07,0.09,-7.84,0.0,May,2,2,4,7,New_Visitor,False,False
6,168.0,1,0.0,31,995.57,0.04,0.02,0.0,0.15,May,3,2,6,13,Returning_Visitor,False,False
3,95.24,-1,8.24,3,61.5,0.07,0.1,-9.87,0.17,Dec,1,2,3,8,Returning_Visitor,False,False
0,148.67,0,0.0,26,1750.32,-0.01,0.03,19.78,0.8,May,2,2,2,11,Returning_Visitor,False,False
3,81.6,0,0.0,1,27.2,0.0,0.04,-38.13,-0.21,Nov,3,2,1,1,New_Visitor,False,True
6,228.2,2,0.0,7,1345.79,0.0,0.03,0.0,0.0,Nov,2,2,3,2,Returning_Visitor,False,False
-1,0.0,1,16.98,32,12.95,0.0,0.05,0.0,0.0,Feb,2,2,3,2,New_Visitor,True,False
9,179.28,3,17.38,155,5276.59,-0.05,-0.05,26.65,0.0,Dec,2,2,5,14,Returning_Visitor,True,False
2,162.0,-1,-176.89,45,204.5,0.01,0.02,-0.93,-0.08,Mar,1,1,9,1,Returning_Visitor,False,False
10,265.04,1,104.36,38,2213.54,-0.02,0.04,6.7,0.0,Aug,1,1,1,3,Returning_Visitor,False,False
5,206.23,0,0.0,36,1146.46,0.0,0.01,29.54,0.0,Mar,3,2,9,10,New_Visitor,False,False
1,0.0,0,90.15,-13,-1209.58,0.06,0.06,0.0,0.26,Aug,2,2,1,5,Returning_Visitor,False,False
-2,-222.66,1,-201.58,30,1803.58,0.05,0.1,-12.7,0.0,Feb,3,2,1,1,Returning_Visitor,False,False
0,0.0,0,0.0,14,419.38,0.02,0.04,23.6,0.0,Dec,3,2,8,1,Returning_Visitor,False,False
0,-59.97,-1,0.0,68,1546.52,0.03,0.03,-2.21,0.16,May,2,2,6,2,Returning_Visitor,True,False
4,-206.04,0,0.0,7,-1185.68,0.0,0.02,33.98,0.0,Nov,2,2,3,2,Returning_Visitor,False,True
4,124.91,0,0.0,-8,757.81,0.04,0.08,4.85,0.72,May,2,2,1,4,Returning_Visitor,False,True
0,38.0,1,0.0,8,986.83,0.01,0.04,37.11,-0.17,May,2,2,2,4,Returning_Visitor,False,False
0,0.0,-1,-197.84,-6,0.0,0.03,0.05,0.0,-0.02,Nov,1,1,4,2,Returning_Visitor,False,False
3,0.0,0,6.0,91,3150.48,-0.01,0.02,0.0,-0.01,May,2,2,2,10,Returning_Visitor,False,False
-1,14.0,1,19.0,21,248.8,-0.03,0.02,8.93,0.0,Feb,4,1,2,2,Returning_Visitor,True,True
4,250.9,1,0.0,35,-149.75,0.0,0.03,0.0,0.0,Nov,2,2,1,2,New_Visitor,False,False
1,146.5,0,0.0,58,2163.13,-0.04,0.0,21.42,0.0,Nov,3,2,8,3,Returning_Visitor,False,True
6,38.5,0,15.0,54,1766.86,0.0,0.01,15.6,0.8,May,2,2,4,3,Returning_Visitor,False,False
8,62.09,2,100.2,17,1770.8,0.03,0.04,24.74,0.0,Nov,2,2,1,2,Returning_Visitor,False,False
2,41.27,0,12.66,22,1445.46,0.0,0.01,-5.85,0.0,Nov,3,2,5,10,Returning_Visitor,False,True
1,46.5,0,103.55,40,2338.95,0.02,0.02,-7.47,0.08,Nov,3,2,9,9,Returning_Visitor,False,True
2,0.0,-2,-310.78,7,649.5,-0.01,0.02,-8.49,-0.17,Dec,3,4,9,2,Returning_Visitor,False,True
-1,-113.08,2,272.67,9,385.29,0.02,0.06,-21.32,0.06,May,1,5,4,3,Returning_Visitor,True,False
0,38.19,-2,-153.3,-11,88.0,-0.01,0.04,21.69,0.6,May,2,2,2,3,Returning_Visitor,False,False
-2,0.0,2,0.0,14,222.4,0.02,0.02,0.0,-0.01,Feb,1,1,1,2,Returning_Visitor,False,False
-2,-93.77,0,0.0,19,500.79,0.0,0.03,-1.01,0.0,Sep,1,1,1,2,Returning_Visitor,False,False
5,378.44,1,-89.8,-20,146.75,-0.01,0.02,-5.7,-0.04,Feb,3,2,1,2,New_Visitor,False,False
2,0.0,1,-21.66,17,958.41,0.07,0.08,0.0,0.07,Nov,1,1,3,3,Returning_Visitor,False,False
4,-179.29,0,234.88,16,-503.29,-0.01,0.02,12.53,0.0,Mar,1,1,1,9,Returning_Visitor,False,True
0,0.0,0,0.0,42,1274.84,0.0,0.01,0.0,0.09,Oct,2,2,1,10,Returning_Visitor,False,False
-2,57.52,0,0.0,7,50.5,0.11,0.1,0.0,0.06,Feb,3,2,1,3,Returning_Visitor,True,False
3,90.17,2,0.0,70,2239.77,-0.01,0.02,6.28,0.0,Feb,2,2,1,2,Returning_Visitor,True,True
-1,12.97,1,89.14,56,1395.63,0.06,0.08,13.42,0.33,Feb,2,2,1,1,New_Visitor,False,False
2,-162.25,1,-83.78,1,613.9,0.0,0.03,3.73,0.0,Mar,2,2,1,2,Returning_Visitor,False,False
-1,0.0,0,159.71,-18,64.0,0.09,0.11,5.04,0.0,Feb,2,2,2,1,Returning_Visitor,False,False
3,56.4,0,255.08,57,3166.33,0.0,0.04,4.86,0.0,Feb,2,2,1,6,Returning_Visitor,True,False
1,56.0,-3,-83.25,17,-516.96,0.03,0.03,0.0,0.23,May,1,2,4,3,Returning_Visitor,False,False
6,315.17,1,20.0,10,436.08,0.01,0.01,0.0,0.0,Nov,3,2,7,2,Returning_Visitor,False,True
0,231.95,0,-5.78,46,1847.61,0.04,0.09,-27.72,0.0,Aug,3,2,1,3,Returning_Visitor,False,False
4,40.97,1,131.13,39,930.41,0.0,0.0,8.9,0.0,Nov,2,2,2,1,Returning_Visitor,True,False
5,47.34,2,45.62,21,1052.01,0.09,0.06,0.0,0.0,Feb,3,2,6,9,Returning_Visitor,True,True
5,396.67,-2,0.0,-26,-2022.25,0.04,0.05,0.0,0.0,Jul,3,2,7,4,New_Visitor,True,False
1,250.5,0,40.14,31,-70.96,0.07,0.07,0.0,0.06,June,2,2,1,9,Returning_Visitor,False,False
0,-124.67,2,0.0,-6,1373.3,0.0,0.1,13.0,0.49,Mar,2,2,1,1,Returning_Visitor,False,False
0,62.79,0,26.0,4,817.42,0.06,0.11,-0.93,0.0,Mar,2,5,9,1,Returning_Visitor,False,False
-1,36.52,-1,-224.12,34,381.36,0.1,0.12,0.0,0.17,Feb,2,2,1,9,Returning_Visitor,False,False
0,-71.1,0,0.0,-35,-730.8,0.04,0.09,0.01,0.0,Mar,3,2,6,10,Returning_Visitor,True,False
5,0.0,-1,0.0,66,2263.87,-0.03,0.02,2.64,0.4,May,2,2,1,2,Returning_Visitor,True,False
0,67.99,2,0.0,1,583.17,0.01,0.03,0.0,0.19,May,2,2,1,3,Returning_Visitor,False,False
4,16.67,0,-192.42,-39,-2680.7,0.04,0.09,5.4,-0.0,Mar,2,4,4,5,Returning_Visitor,False,False
0,176.44,0,0.0,1,-401.53,0.2,0.18,-10.42,0.37,Sep,2,2,7,1,Returning_Visitor,False,False
3,108.81,0,0.0,50,1422.18,-0.02,0.03,26.81,-0.21,Mar,2,2,3,14,New_Visitor,False,False
1,-22.69,0,0.0,36,1301.3,0.07,0.06,-19.3,0.28,Feb,2,2,6,3,Returning_Visitor,False,False
-1,2.23,-1,0.0,6,13.0,0.15,0.17,-6.03,0.1,Nov,2,2,1,4,Returning_Visitor,False,False
2,-77.18,-1,131.56,23,1183.9,0.04,0.06,-10.38,-0.2,Nov,2,2,6,2,New_Visitor,False,False
3,68.36,1,105.43,34,1254.0,0.0,0.01,17.48,-0.33,Nov,2,2,4,2,New_Visitor,False,False
0,0.76,0,121.61,3,333.0,0.0,0.07,0.0,-0.14,Mar,2,2,2,1,Returning_Visitor,True,False
1,0.0,0,-33.81,4,55.0,0.1,0.12,0.0,0.0,Mar,1,1,1,1,New_Visitor,False,False
1,0.0,0,-197.97,1,0.0,0.18,0.2,0.0,0.0,Feb,2,2,2,5,Returning_Visitor,True,False
-1,-133.3,1,-85.97,7,103.52,0.0,0.01,-23.36,-0.1,Nov,3,2,2,2,Returning_Visitor,True,False
11,328.25,6,366.01,501,17322.02,-0.07,-0.12,1.72,0.0,Nov,2,2,6,2,Returning_Visitor,False,True
7,56.5,1,0.0,96,4803.83,-0.02,0.0,16.72,0.0,Nov,1,1,3,1,Returning_Visitor,True,False
2,67.6,-2,-97.63,-58,-2571.73,0.07,0.08,32.16,0.27,Mar,3,2,9,5,Returning_Visitor,True,False
3,152.02,2,315.62,63,3304.74,0.07,0.09,-6.74,0.0,May,3,2,1,13,Returning_Visitor,True,False
4,177.14,-1,0.0,-12,588.07,0.0,0.02,0.0,0.0,Nov,3,1,3,2,Returning_Visitor,False,False
0,0.0,0,-222.07,15,597.78,0.03,0.04,-24.21,0.06,May,2,4,1,4,Returning_Visitor,False,False
5,375.59,2,35.21,139,5107.03,0.02,0.02,8.3,0.04,Jul,3,2,1,1,Returning_Visitor,False,False
4,186.67,2,0.0,73,1606.31,-0.0,0.07,0.0,-0.05,Nov,2,2,8,6,Returning_Visitor,True,False
2,119.0,4,354.85,41,1629.35,0.0,0.01,-4.05,-0.15,Jul,2,6,2,2,Returning_Visitor,False,False
4,132.37,0,-141.04,38,3192.09,0.0,0.04,27.92,0.0,Mar,2,2,2,1,Returning_Visitor,True,False
3,77.0,-1,0.0,24,731.53,0.04,0.05,-20.26,0.0,Mar,2,2,4,11,Returning_Visitor,False,False
0,0.0,-1,-72.12,3,1831.49,0.07,0.09,0.0,0.02,Aug,2,2,9,3,Returning_Visitor,False,False
-3,0.0,5,417.91,2,1477.62,-0.06,-0.02,3.67,0.0,Sep,2,2,4,2,Returning_Visitor,False,False
0,17.42,-1,114.31,27,1185.19,0.05,0.04,-15.92,0.0,Dec,1,1,1,2,Returning_Visitor,False,False
7,378.09,0,-140.67,19,393.41,0.03,0.02,0.0,0.0,Jul,1,1,4,4,Returning_Visitor,False,True
0,126.52,1,18.86,18,1453.95,0.0,0.04,0.0,-0.01,May,1,2,9,2,Returning_Visitor,False,False
0,0.0,-1,0.0,3,469.19,0.07,0.1,12.61,0.6,May,1,1,1,3,Returning_Visitor,False,False
3,338.58,0,124.73,49,2570.51,0.03,-0.0,0.0,0.13,Nov,2,2,1,1,Returning_Visitor,False,False
4,523.92,1,173.5,25,-413.9,-0.01,0.04,0.0,0.0,Mar,2,2,4,4,Returning_Visitor,False,False
3,299.53,3,108.0,40,562.67,-0.04,-0.01,0.0,0.06,May,2,2,4,2,New_Visitor,False,False
2,120.9,0,-126.69,7,1623.59,-0.0,0.0,9.08,-0.09,Mar,2,2,1,2,Returning_Visitor,False,False
4,190.26,0,-41.61,124,4475.66,0.07,0.07,-12.41,0.2,Aug,1,1,4,1,Returning_Visitor,True,False
1,-48.52,-1,14.0,31,898.49,0.1,0.08,0.0,0.0,Sep,2,1,1,2,Returning_Visitor,False,False
0,0.0,1,0.0,1,504.1,0.2,0.2,-1.35,-0.02,Oct,1,1,1,1,Returning_Visitor,True,False
6,251.82,0,-178.65,21,1166.17,-0.0,0.01,-24.65,-0.47,Dec,2,2,1,1,Returning_Visitor,False,True
5,0.0,0,-119.85,-3,122.4,0.03,0.07,0.0,0.14,Oct,2,2,2,2,New_Visitor,True,False
0,-14.24,1,-141.02,3,-1105.01,0.07,0.09,0.0,0.0,June,4,2,1,2,Returning_Visitor,True,False
6,202.4,1,0.0,70,2006.05,0.01,0.03,8.05,-0.07,May,1,5,2,11,Returning_Visitor,False,False
11,429.36,2,160.4,81,3452.94,0.01,0.02,21.98,0.24,Aug,3,2,3,6,Returning_Visitor,True,False
5,179.5,1,-52.88,36,2713.08,-0.01,-0.0,-3.32,0.0,May,2,2,2,2,Returning_Visitor,False,False
0,108.47,0,43.48,103,2516.83,0.09,0.12,2.2,0.4,May,2,2,3,7,Returning_Visitor,True,False
0,-122.0,-1,-121.1,13,772.75,0.02,0.06,2.63,0.0,Mar,2,2,7,1,Returning_Visitor,False,False
0,15.26,0,22.67,3,863.33,0.0,0.03,18.96,0.0,Feb,3,2,4,2,Returning_Visitor,True,False
-1,238.4,0,20.87,21,132.23,-0.03,0.01,-11.49,0.0,Mar,3,2,1,10,Returning_Visitor,False,False
1,49.5,0,-87.68,46,1279.75,0.03,0.02,0.0,-0.04,Dec,2,5,1,2,New_Visitor,False,False
5,0.0,2,0.0,-3,1534.21,-0.03,0.02,22.94,0.0,May,3,2,2,3,Returning_Visitor,False,True
0,-152.49,0,-222.31,-3,-880.23,0.04,0.05,0.0,0.12,Mar,8,13,1,1,Other,False,False
5,163.84,0,12.05,8,219.0,0.0,-0.01,27.55,0.0,Feb,2,5,3,2,Returning_Visitor,False,False
0,-72.45,0,-52.1,-12,181.75,0.0,0.04,-18.76,0.0,Dec,3,2,4,11,Returning_Visitor,False,False
-2,92.11,1,0.0,12,-829.65,0.0,0.08,0.0,0.08,May,4,1,3,13,Returning_Visitor,False,False
0,0.0,0,0.0,3,55.0,0.0,0.07,0.0,0.0,Mar,2,2,4,3,Returning_Visitor,False,False
6,144.0,1,0.0,7,597.94,0.0,0.04,0.0,0.0,May,2,1,1,7,Returning_Visitor,False,False
7,184.69,0,189.67,-6,750.17,0.0,0.01,0.0,-0.23,Mar,3,2,4,13,New_Visitor,False,False
3,270.2,1,191.52,24,1410.89,0.05,0.06,7.02,0.0,Sep,2,2,2,10,Returning_Visitor,False,False
1,4.0,0,0.0,-12,-1137.89,0.0,0.02,0.0,0.0,Nov,2,2,6,2,Returning_Visitor,False,False
5,323.64,3,215.0,24,1850.12,0.01,0.02,-0.17,0.42,May,3,2,4,13,Returning_Visitor,True,True
0,174.08,0,0.0,46,1652.49,-0.02,-0.01,0.0,0.34,Feb,2,2,3,5,New_Visitor,False,False
0,212.33,2,250.67,42,641.69,0.08,0.06,29.94,0.34,Nov,4,1,1,1,Returning_Visitor,False,False
0,112.2,1,48.54,23,701.0,0.0,0.03,22.03,0.8,Aug,2,5,6,6,Returning_Visitor,False,False
2,269.48,0,0.0,-13,-236.35,0.0,0.01,34.85,0.29,Oct,3,2,6,13,Returning_Visitor,False,False
6,171.34,1,-8.93,61,1332.7,-0.04,-0.02,-20.36,-0.25,Dec,3,4,3,2,Returning_Visitor,True,False
7,36.0,4,395.0,49,3619.04,0.0,0.02,-32.56,-0.05,Mar,3,2,6,1,Returning_Visitor,False,False
6,197.43,0,-76.21,66,2519.95,-0.02,0.02,17.2,0.0,May,2,2,2,3,Returning_Visitor,False,False
8,338.22,4,67.5,178,6838.55,0.0,0.02,0.0,-0.07,Nov,2,2,1,8,Returning_Visitor,False,True
1,32.79,0,-200.38,45,679.99,0.0,0.05,-20.55,0.0,Sep,2,2,1,2,Returning_Visitor,True,True
18,1946.0,0,0.0,31,731.0,0.02,0.01,0.0,-0.33,Mar,2,2,4,6,New_Visitor,False,False
-1,159.33,0,-10.96,30,520.67,-0.02,0.01,43.61,0.14,Mar,2,2,1,2,Returning_Visitor,True,False
0,0.0,0,-6.28,2,17.0,0.01,0.03,0.0,0.13,May,3,5,4,13,Returning_Visitor,False,False
0,0.0,0,-90.62,9,35.2,0.08,0.13,0.0,0.22,May,2,2,2,7,Returning_Visitor,True,False
0,286.65,0,0.0,72,614.39,0.01,0.02,15.99,0.04,Dec,2,2,9,2,Returning_Visitor,True,False
1,-9.28,0,42.69,2,5.0,0.0,0.03,4.17,0.0,Aug,2,2,2,10,Returning_Visitor,False,False
3,14.4,0,177.27,20,1002.37,-0.0,-0.0,47.58,0.0,Mar,2,2,1,4,Returning_Visitor,False,True
3,-62.39,1,-56.88,58,1959.88,0.01,0.02,-10.65,0.0,Nov,3,2,2,5,Returning_Visitor,True,False
0,0.0,0,0.0,25,582.09,0.08,0.09,11.32,-0.16,Mar,3,2,1,13,New_Visitor,False,False
5,0.0,0,0.0,2,-340.2,0.03,0.05,0.0,0.08,June,3,2,3,3,Returning_Visitor,True,False
1,0.0,0,-25.49,24,488.11,-0.02,0.01,-12.93,-0.33,Jul,3,2,3,3,Returning_Visitor,False,False
0,-303.34,0,-111.77,22,918.11,0.08,0.08,-3.29,0.27,May,1,1,1,3,Returning_Visitor,False,False
3,0.0,0,0.0,5,-415.97,0.0,0.02,6.67,-0.23,Dec,1,1,7,2,New_Visitor,False,False
0,42.8,0,-65.29,38,1160.06,0.2,0.22,-10.04,0.18,May,1,1,3,6,Returning_Visitor,False,False
6,321.35,0,0.0,13,1933.61,0.07,0.06,-11.43,-0.12,Jul,3,2,3,1,Returning_Visitor,False,False
2,242.47,0,-169.11,22,650.67,0.03,0.07,26.97,0.15,Oct,2,2,2,2,Returning_Visitor,False,False
5,187.27,-1,-62.36,-14,-1015.97,0.0,0.02,21.5,0.0,May,3,2,1,2,Returning_Visitor,False,False
0,-133.05,-1,0.0,8,228.0,-0.01,0.01,30.09,0.0,Jul,2,2,9,2,Returning_Visitor,False,False
1,2.61,1,59.45,58,3037.05,-0.0,-0.0,-0.08,0.0,Nov,2,2,1,2,Returning_Visitor,True,False
0,179.11,0,-49.4,-10,0.0,0.2,0.19,-10.21,0.0,Mar,1,1,7,4,Returning_Visitor,False,False
7,422.29,1,17.68,45,2658.97,-0.04,-0.04,42.27,-0.09,Dec,1,1,1,2,Returning_Visitor,False,False
0,151.83,1,57.26,64,3379.57,0.0,0.03,0.53,0.0,Sep,1,2,4,4,New_Visitor,False,False
3,53.5,0,-45.87,82,2623.0,0.02,0.03,0.91,0.07,Sep,1,2,1,4,Returning_Visitor,False,False
-3,19.47,-1,153.83,0,548.25,0.02,0.05,53.69,0.29,May,2,2,1,2,Returning_Visitor,False,False
5,210.32,0,34.9,26,53.64,-0.01,0.03,-11.82,0.25,Aug,2,2,3,1,Returning_Visitor,True,False
0,301.87,0,-146.62,-53,-2276.69,0.13,0.2,-11.75,0.5,May,3,2,3,3,Returning_Visitor,False,False
0,0.0,0,14.21,30,18.86,0.02,0.05,-1.21,0.0,Dec,2,2,2,3,Returning_Visitor,True,False
0,0.0,-1,-9.38,11,453.33,0.02,0.03,33.62,0.8,May,2,6,1,3,Returning_Visitor,True,False
-4,-212.32,0,88.99,-45,-1150.74,0.1,0.08,33.2,-0.1,Mar,3,2,1,4,Returning_Visitor,False,False
0,-36.43,0,0.0,-23,72.5,0.06,0.07,0.0,-0.2,Nov,1,1,1,2,Returning_Visitor,False,False
0,124.9,0,0.0,30,835.83,0.03,0.05,0.0,0.0,Mar,4,1,3,2,Returning_Visitor,False,False
1,-109.86,1,0.0,40,1295.54,0.03,0.04,0.0,0.05,June,2,2,6,9,Returning_Visitor,False,False
0,60.61,0,-13.7,40,242.75,-0.02,0.0,24.17,0.36,Oct,4,8,1,18,New_Visitor,True,False
9,482.57,1,137.34,146,4331.02,0.01,0.02,21.28,0.0,Feb,2,2,9,1,New_Visitor,False,False
-2,0.0,2,-69.14,62,705.83,-0.07,-0.04,24.14,0.14,Mar,3,2,1,4,Returning_Visitor,False,False
2,67.91,0,0.0,49,689.38,0.0,0.04,100.78,0.32,May,3,2,3,3,Returning_Visitor,False,True
10,242.65,1,-36.2,199,7428.18,0.0,0.02,6.98,0.16,Aug,2,2,3,3,Returning_Visitor,True,False
10,263.36,1,60.07,37,2554.23,0.01,0.04,-17.72,0.0,Nov,2,2,1,9,Returning_Visitor,False,True
1,0.0,1,0.0,4,-541.13,0.09,0.12,0.0,0.29,May,3,2,3,13,Returning_Visitor,False,False
0,0.0,0,-193.95,1,-588.96,0.2,0.22,-1.75,0.0,May,3,2,1,3,Returning_Visitor,False,False
4,-83.14,0,0.0,22,448.5,-0.02,0.03,13.83,0.48,May,3,6,1,2,Returning_Visitor,True,False
0,112.99,-1,148.76,2,926.65,0.16,0.15,-2.08,0.8,May,2,2,4,2,Returning_Visitor,False,False
0,-5.7,0,0.95,48,2330.31,0.0,0.02,0.0,0.06,May,3,2,1,3,Returning_Visitor,False,False
7,307.0,0,107.1,-10,-247.66,0.02,0.06,25.23,0.0,Dec,1,1,2,2,Returning_Visitor,False,False
3,0.0,1,0.0,100,3525.78,0.0,-0.02,0.0,0.0,Dec,3,2,2,10,Returning_Visitor,False,False
4,126.0,-1,-89.0,59,1129.58,0.0,0.01,0.0,0.13,Aug,2,2,1,13,Returning_Visitor,True,False
9,509.83,2,74.51,41,1438.85,0.02,0.03,9.6,-0.18,Oct,1,3,3,3,Returning_Visitor,False,False
0,0.0,-2,-60.88,91,4157.63,0.01,0.03,0.0,0.0,Feb,1,1,2,13,Returning_Visitor,False,False
4,132.6,2,204.15,51,839.21,0.01,0.05,12.97,-0.24,Mar,1,1,3,4,Returning_Visitor,False,True
3,99.75,-2,0.0,80,2520.06,0.01,0.01,0.13,0.0,Nov,2,2,6,3,Returning_Visitor,False,True
3,0.0,0,0.0,14,183.67,0.0,0.01,0.0,-0.07,Mar,2,2,4,1,Returning_Visitor,False,False
6,197.8,0,55.38,48,3332.29,-0.03,0.01,8.06,0.0,Aug,1,1,1,6,Returning_Visitor,True,False
4,0.0,2,401.4,24,546.0,-0.02,0.02,-7.28,-0.2,Oct,2,6,1,2,Returning_Visitor,False,False
3,124.0,0,0.0,29,1772.14,0.0,0.03,6.26,0.0,Dec,3,2,1,1,Returning_Visitor,False,False
7,606.0,1,33.0,26,631.46,0.0,0.03,16.39,0.04,Sep,1,1,1,2,Returning_Visitor,False,False
3,154.0,0,0.0,-5,367.25,-0.0,0.02,0.0,0.01,Jul,3,2,3,3,Returning_Visitor,True,False
0,-119.47,0,-180.65,59,1850.39,0.02,0.03,8.71,0.0,Dec,2,2,1,2,Returning_Visitor,False,False
2,153.9,1,60.01,-42,1024.48,0.06,0.08,-16.01,0.0,May,1,1,9,5,Returning_Visitor,False,False
0,-112.69,0,0.0,40,411.08,0.02,0.02,0.0,0.25,Nov,3,2,7,9,Returning_Visitor,False,False
0,9.72,1,0.0,53,1900.68,0.01,0.02,0.0,-0.0,Nov,2,2,3,14,Returning_Visitor,True,True
16,427.07,3,114.92,122,5177.67,0.01,0.02,86.58,0.0,Nov,1,1,1,3,Returning_Visitor,False,False
1,0.0,1,122.56,79,3129.39,0.01,0.03,0.0,0.0,Feb,2,2,1,3,New_Visitor,False,False
2,61.0,0,99.08,5,97.0,0.0,0.06,0.0,0.0,Mar,2,2,1,1,Returning_Visitor,False,False
5,0.0,2,179.76,99,3700.13,-0.01,-0.02,52.14,0.0,Nov,3,2,4,6,New_Visitor,False,False
0,25.35,0,0.0,-42,694.3,-0.05,-0.01,11.99,0.0,Oct,1,1,1,2,New_Visitor,False,True
2,243.7,3,49.5,92,2964.65,0.01,-0.01,0.0,0.34,Jul,3,2,1,13,Returning_Visitor,False,False
0,211.48,2,121.54,50,2479.34,0.07,0.07,-25.12,0.43,Mar,2,2,6,7,Returning_Visitor,False,False
-1,99.43,2,0.0,3,25.0,0.07,0.13,-18.27,1.0,May,1,2,1,15,Returning_Visitor,False,False
-4,73.9,-1,0.0,-13,-733.3,0.11,0.1,-25.85,0.0,Aug,2,2,2,3,Returning_Visitor,False,False
2,145.2,0,-104.55,-28,-224.91,0.04,0.03,20.84,0.13,Sep,4,2,1,1,Returning_Visitor,True,False
7,119.57,0,0.0,2,68.67,0.0,0.03,0.0,0.3,May,1,1,1,8,Returning_Visitor,False,False
3,223.33,0,19.75,37,1118.99,-0.01,0.02,-1.72,0.0,Nov,2,2,1,2,Returning_Visitor,False,False
1,-82.91,0,-117.0,10,631.81,0.0,0.02,22.99,0.14,May,3,2,2,1,Returning_Visitor,False,True
4,-54.49,0,-173.6,55,-459.55,0.06,0.05,0.0,0.0,Dec,1,1,9,8,Returning_Visitor,True,False
1,19.0,0,78.99,11,811.72,0.02,0.03,-3.38,0.0,May,3,4,9,2,Returning_Visitor,False,True
0,0.0,1,140.89,49,2492.17,-0.02,0.0,12.74,-0.13,Nov,1,1,1,1,Returning_Visitor,False,False
7,323.07,4,234.34,61,2895.45,0.03,0.02,27.62,0.0,May,1,1,8,2,Returning_Visitor,True,False
-1,-113.95,0,125.57,47,526.33,0.02,0.06,0.0,-0.03,Mar,1,1,3,1,Returning_Visitor,False,False
-8,-130.68,-3,-268.09,-33,-1160.79,-0.02,0.03,0.0,-0.07,Jul,4,1,3,3,Returning_Visitor,False,False
0,0.0,0,42.4,61,1820.67,-0.0,-0.0,0.0,0.0,May,2,2,6,2,Returning_Visitor,False,False
0,0.0,1,55.65,36,402.33,-0.03,-0.01,-19.84,-0.01,May,2,2,3,1,Returning_Visitor,False,False
-2,-202.58,0,-73.96,12,0.0,0.16,0.2,32.79,0.26,Dec,3,2,1,5,Returning_Visitor,True,False
0,0.0,0,81.93,-7,623.2,0.02,0.04,29.78,0.21,May,2,5,1,1,Returning_Visitor,False,False
5,117.08,2,128.18,48,1584.84,0.04,0.01,8.26,0.0,Dec,3,2,1,2,Returning_Visitor,False,False
-3,-314.6,0,143.0,19,97.0,0.05,0.04,12.13,0.0,Mar,2,2,9,1,Returning_Visitor,False,False
0,0.0,0,0.0,5,108.0,0.07,0.1,-2.32,0.2,Aug,1,1,1,6,Returning_Visitor,False,False
0,0.0,-2,0.0,-6,409.3,0.01,0.01,18.56,0.1,Sep,3,2,3,4,Returning_Visitor,False,False
3,84.35,2,199.79,105,4240.04,0.0,0.01,1.26,-0.09,Jul,2,2,1,5,Returning_Visitor,True,False
-5,-252.84,-1,-48.31,25,1909.15,0.05,0.08,-5.11,0.26,Sep,3,2,4,2,Returning_Visitor,True,False
7,110.34,0,0.0,44,1769.53,0.0,0.01,11.33,0.12,Oct,1,1,4,1,Returning_Visitor,False,True
1,-154.86,0,-18.43,14,-14.78,-0.02,0.02,17.4,0.39,Feb,1,1,6,1,New_Visitor,False,True
0,159.2,0,-33.25,17,415.05,0.03,0.02,24.63,0.0,May,3,2,8,2,Returning_Visitor,False,True
2,349.33,0,0.0,-21,306.0,0.0,0.04,24.13,-0.37,Dec,4,2,9,10,New_Visitor,True,False
3,18.13,0,122.95,14,1743.37,-0.02,0.02,78.93,0.11,Aug,2,2,2,1,Returning_Visitor,True,True
11,238.78,1,9.0,23,920.56,-0.04,-0.01,56.26,-0.17,Nov,3,2,3,2,Returning_Visitor,True,True
2,3.0,0,63.5,-3,-417.01,0.0,0.03,5.53,0.07,Dec,2,2,2,2,New_Visitor,True,False
-1,78.2,0,0.0,24,1799.6,0.02,0.02,14.24,0.19,Jul,3,1,9,15,Returning_Visitor,True,False
1,7.0,-1,-58.47,56,1644.0,0.05,0.03,0.0,0.01,Mar,4,1,9,10,Returning_Visitor,False,False
-1,-171.85,0,0.0,-24,-1019.47,-0.0,0.02,0.0,0.0,Nov,4,1,1,3,Returning_Visitor,False,False
1,-4.9,1,151.97,26,933.33,-0.03,-0.01,1.85,0.07,Jul,2,2,1,13,Returning_Visitor,False,False
-4,-357.79,0,0.0,-48,-1518.79,0.05,0.1,5.27,0.49,May,1,1,1,9,Returning_Visitor,True,False
2,75.92,0,-153.0,61,1432.72,0.01,0.06,25.14,0.0,Mar,2,2,1,1,Returning_Visitor,False,False
2,121.42,1,7.48,16,792.75,-0.03,0.01,-15.17,0.0,Nov,3,1,4,4,Returning_Visitor,False,False
7,307.82,3,152.49,17,180.33,0.0,0.02,0.0,0.26,May,2,6,7,7,Returning_Visitor,True,False
0,0.0,0,-253.8,1,0.0,0.2,0.19,0.0,-0.17,Nov,4,5,1,1,Returning_Visitor,True,False
0,-72.85,-1,0.0,4,330.84,0.05,0.05,1.65,0.08,Mar,8,13,9,17,Other,False,False
4,89.19,1,180.89,15,585.65,0.0,0.05,15.17,0.13,Dec,8,1,3,4,New_Visitor,True,False
-4,-96.45,-2,-276.39,16,1106.33,-0.02,0.03,-15.36,0.0,Mar,1,1,3,4,Returning_Visitor,False,False
0,0.0,0,-56.47,4,-758.37,0.02,0.08,0.0,-0.12,Dec,4,1,6,10,Returning_Visitor,True,False
-5,-127.26,0,49.18,15,1522.06,0.01,0.03,-40.03,0.42,Mar,2,1,1,1,Returning_Visitor,False,False
1,115.25,0,0.0,84,3282.19,0.01,0.04,-3.13,0.0,May,3,2,1,11,Returning_Visitor,False,False
0,-109.48,1,0.0,-10,1211.02,0.0,0.05,0.0,0.0,Feb,4,1,1,2,Returning_Visitor,False,False
5,107.94,1,6.0,-1,885.93,0.0,0.03,12.18,-0.23,Jul,1,1,6,1,Returning_Visitor,False,True
4,127.79,1,10.6,56,1697.88,-0.05,-0.02,0.0,0.31,Sep,2,2,1,7,Returning_Visitor,False,False
0,-114.02,1,255.34,39,1218.59,0.03,0.02,31.49,0.11,Oct,3,2,1,12,Returning_Visitor,False,False
1,0.0,-1,0.0,50,418.33,0.13,0.14,-24.7,0.26,May,1,1,4,5,Returning_Visitor,False,False
0,0.0,1,251.96,-12,0.0,0.01,0.06,20.37,-0.2,Mar,3,2,1,3,Returning_Visitor,True,False
5,304.07,1,120.73,31,1251.94,0.0,0.0,24.17,0.0,Mar,3,2,9,4,Returning_Visitor,False,False
-1,0.0,0,-78.25,16,332.0,0.0,0.03,22.06,0.0,Mar,2,2,2,8,New_Visitor,False,True
0,120.0,0,64.0,52,1859.08,0.07,0.08,17.25,0.04,Mar,2,2,2,3,Returning_Visitor,False,True
0,74.25,2,84.0,37,1671.55,0.0,0.01,69.79,0.18,May,4,2,4,2,New_Visitor,False,False
2,-4.11,1,151.47,18,1929.61,0.2,0.21,0.0,0.0,Oct,2,2,4,5,Returning_Visitor,True,False
1,152.42,0,154.01,58,2217.07,0.07,0.08,-30.09,0.27,May,2,2,7,4,Returning_Visitor,False,False
1,0.0,0,-143.49,44,671.87,0.02,0.02,0.0,0.0,Nov,1,1,7,2,Returning_Visitor,False,False
0,37.5,0,-8.31,55,2648.52,0.08,0.1,4.53,-0.07,Oct,1,1,3,4,Returning_Visitor,False,False
2,218.67,0,142.0,88,2706.23,0.0,0.02,8.71,0.0,Jul,2,2,2,10,Returning_Visitor,True,True
-1,57.88,-1,81.92,5,-940.73,0.04,0.08,0.0,0.4,Feb,2,6,6,11,Returning_Visitor,False,False
0,0.0,0,0.0,-12,-9.5,0.01,0.04,0.0,0.6,May,2,4,1,3,Returning_Visitor,False,False
-1,116.96,2,256.59,81,833.37,-0.03,0.01,17.47,0.0,Mar,1,1,1,4,Returning_Visitor,False,True
6,0.0,-1,0.0,8,1726.66,0.0,0.01,0.0,-0.15,Nov,2,2,1,4,Returning_Visitor,True,False
9,109.79,2,-32.26,31,1345.8,-0.01,0.01,23.9,0.0,Nov,2,2,6,2,Returning_Visitor,True,True
2,85.56,0,0.0,45,598.3,-0.02,-0.02,0.0,0.05,Dec,2,5,9,3,Returning_Visitor,False,False
14,359.29,3,166.13,162,5432.84,-0.06,-0.06,2.99,0.05,Sep,2,1,6,3,Returning_Visitor,True,False
2,230.22,1,288.75,3,548.33,-0.04,-0.01,48.05,0.0,Nov,2,2,2,2,Returning_Visitor,False,False
0,123.59,-1,-38.91,1,-1273.23,0.2,0.2,0.0,0.0,Nov,1,1,7,3,Returning_Visitor,True,False
0,-193.52,0,0.0,46,935.25,-0.0,0.01,0.0,0.0,Jul,2,2,1,2,New_Visitor,False,False
7,351.24,1,124.03,35,9.0,0.0,0.04,6.04,0.06,May,2,1,2,4,New_Visitor,False,False
1,142.2,0,0.0,24,313.35,-0.01,0.0,-21.45,-0.25,Dec,4,1,6,1,New_Visitor,False,False
0,-62.94,0,0.0,13,371.0,0.0,-0.01,23.84,-0.05,Dec,2,2,4,10,Returning_Visitor,False,False
1,0.0,0,7.8,5,70.0,0.04,0.07,16.33,0.1,May,1,2,6,3,Returning_Visitor,False,False
0,27.98,0,0.0,30,1254.3,0.01,0.04,25.0,0.0,Mar,1,1,3,2,Returning_Visitor,True,False
4,120.12,1,0.0,21,778.4,-0.0,0.03,0.0,0.8,May,2,2,2,4,Returning_Visitor,False,False
1,-76.61,0,59.11,-30,74.19,0.0,0.03,26.23,0.38,May,2,2,1,4,Returning_Visitor,False,True
-6,-171.93,1,-230.76,-18,372.6,0.0,0.03,23.72,0.07,Mar,3,1,1,3,Returning_Visitor,True,True
6,358.93,0,0.0,89,2395.9,0.01,0.02,2.74,0.12,Feb,2,2,2,4,Returning_Visitor,False,False
0,0.0,0,36.47,6,180.67,0.04,0.03,12.09,0.14,Feb,4,1,1,4,Returning_Visitor,False,False
-1,85.97,0,0.0,13,342.92,-0.0,0.03,0.0,-0.08,Mar,3,1,3,2,Returning_Visitor,True,False
2,0.0,0,0.0,6,1791.36,0.04,0.07,-6.02,0.0,Aug,1,1,7,3,Returning_Visitor,True,False
6,199.82,1,0.0,51,2156.53,-0.0,0.0,9.36,-0.16,Dec,2,2,1,2,Returning_Visitor,False,True
0,0.0,0,0.0,1,24.5,0.04,0.04,-34.11,-0.01,Dec,2,2,3,1,New_Visitor,False,False
3,40.17,1,70.22,112,788.54,0.0,0.02,-16.65,0.05,Dec,4,1,4,2,Returning_Visitor,False,False
8,321.34,0,0.0,20,139.29,0.01,0.03,17.39,0.2,Nov,2,2,3,3,Returning_Visitor,False,True
0,0.0,0,-124.6,27,1022.35,0.0,0.06,3.14,-0.13,Jul,4,1,2,2,New_Visitor,False,False
-1,-77.71,2,135.24,35,1244.34,0.02,0.04,0.0,0.06,Nov,2,5,3,1,New_Visitor,True,False
0,103.35,-1,57.16,22,1634.94,-0.0,0.03,0.0,0.4,Aug,2,2,1,2,Returning_Visitor,False,False
0,-127.32,0,-13.68,3,188.0,0.06,0.09,-27.02,-0.22,Dec,1,1,2,1,Returning_Visitor,False,False
5,29.12,1,75.78,27,0.0,0.2,0.2,4.24,0.0,May,1,1,6,1,Returning_Visitor,False,False
2,223.7,2,314.0,36,1487.7,0.0,0.02,-13.42,0.46,Mar,2,3,1,1,Returning_Visitor,True,False
0,-21.39,0,4.27,71,2281.58,0.02,0.05,4.27,0.0,Dec,2,2,2,3,Returning_Visitor,False,False
1,-82.85,0,0.0,25,674.25,0.0,0.02,-4.33,0.0,Mar,2,2,1,2,Returning_Visitor,True,False
1,15.2,0,15.93,31,2725.71,0.01,0.04,-7.63,-0.13,Nov,2,2,4,2,Returning_Visitor,False,True
1,297.27,0,28.84,6,1478.69,0.0,0.04,24.16,0.2,Aug,3,4,9,2,Returning_Visitor,False,False
4,57.5,-1,0.0,43,1594.55,-0.06,-0.01,7.11,0.0,May,2,4,6,13,Returning_Visitor,False,False
2,73.89,0,0.0,39,2163.6,0.02,0.03,0.0,0.0,Oct,2,2,1,1,Returning_Visitor,False,False
10,359.2,0,0.0,96,1304.97,-0.02,0.01,6.18,0.0,Oct,4,1,1,3,New_Visitor,False,False
7,297.81,1,0.0,28,1347.22,0.02,0.02,-5.49,-0.16,Jul,1,1,3,2,Returning_Visitor,False,False
3,120.7,0,-49.75,53,2174.46,0.01,0.03,-3.82,0.22,May,1,1,1,4,Returning_Visitor,False,False
6,394.39,2,138.31,51,937.06,0.05,0.09,-20.96,0.22,Oct,2,2,2,8,Returning_Visitor,False,False
1,188.04,0,-82.75,74,1448.33,0.0,0.0,5.07,0.5,May,2,4,3,2,New_Visitor,True,False
-1,60.96,0,0.0,12,-97.3,0.06,0.08,-31.49,0.12,June,2,2,4,7,New_Visitor,False,False
7,73.46,0,0.0,87,2907.9,0.0,0.04,38.0,0.0,Nov,2,5,1,2,Returning_Visitor,False,True
6,136.86,1,-65.08,44,332.58,0.0,0.0,17.38,-0.17,Feb,8,13,9,20,Other,False,False
2,71.3,1,-30.2,18,813.8,0.02,0.05,0.0,0.02,Jul,3,2,8,1,Returning_Visitor,True,False
2,51.09,0,-29.15,36,979.0,0.02,0.04,24.77,0.17,Oct,1,5,1,3,Returning_Visitor,True,False
3,214.0,1,0.0,-48,-1644.83,0.0,0.04,0.0,0.0,Mar,1,1,1,2,Returning_Visitor,False,False
2,34.25,0,0.0,55,2531.58,0.0,0.03,0.0,-0.12,Nov,2,2,3,13,Returning_Visitor,False,False
2,0.0,0,-226.75,-12,-342.41,0.02,0.09,-4.82,0.0,Mar,2,5,1,4,Returning_Visitor,False,False
0,0.0,1,4.19,16,760.88,0.02,0.04,0.0,0.0,Mar,4,2,1,4,Returning_Visitor,False,False
6,430.99,2,182.06,15,-76.35,0.0,0.04,-40.44,0.0,Mar,1,1,7,2,Returning_Visitor,False,False
2,7.0,0,-44.59,68,1619.72,0.04,0.03,0.0,0.0,Mar,3,4,7,2,Returning_Visitor,False,False
2,203.84,1,170.34,20,114.0,0.06,0.06,-18.55,0.09,Oct,3,2,1,3,Returning_Visitor,False,False
3,121.55,4,696.2,37,1305.53,0.07,0.08,-0.12,-0.1,Jul,1,2,4,2,Returning_Visitor,True,True
6,136.56,2,217.88,102,4004.8,-0.04,-0.02,8.57,-0.34,Aug,3,4,2,4,Returning_Visitor,True,True
2,35.96,0,0.0,1,-182.93,0.02,0.06,11.48,-0.11,Dec,4,1,9,2,Returning_Visitor,True,False
1,85.63,1,280.04,42,2142.75,0.0,0.01,4.9,0.0,Dec,2,2,1,1,Returning_Visitor,False,False
-3,-71.21,0,12.52,5,192.08,0.04,0.07,39.24,0.09,Feb,2,2,2,2,Returning_Visitor,False,False
11,524.75,4,258.62,141,6309.43,0.01,0.01,22.04,0.0,Nov,2,2,1,2,Returning_Visitor,True,True
0,-74.48,0,0.0,12,1462.67,0.0,0.07,17.21,0.8,May,2,2,2,2,Returning_Visitor,False,False
1,56.0,0,-217.16,73,1766.98,0.04,0.03,18.84,0.17,Feb,1,1,1,13,Returning_Visitor,False,False
0,0.0,0,-53.95,11,769.5,0.0,0.05,11.55,0.0,Dec,2,2,4,2,Returning_Visitor,True,False
2,212.83,2,164.96,56,1885.19,0.0,0.05,-16.45,0.0,Jul,3,2,1,18,Returning_Visitor,False,False
4,91.46,0,27.97,-6,387.79,0.02,0.07,-11.22,0.11,Dec,3,2,3,5,Returning_Visitor,True,False
2,-40.07,0,-131.39,9,729.0,0.01,0.03,0.0,0.0,May,2,6,3,3,New_Visitor,True,False
3,36.0,0,0.0,9,-275.22,0.04,0.07,0.0,0.0,June,2,2,1,2,New_Visitor,False,False
6,250.45,2,192.93,45,-22.15,-0.01,0.01,19.4,0.0,Mar,2,1,1,4,Returning_Visitor,False,False
1,106.33,2,100.49,23,590.53,0.0,0.0,0.0,0.32,Sep,2,2,3,4,New_Visitor,False,False
3,0.0,0,0.0,87,1285.63,0.02,0.02,12.19,0.0,Nov,2,2,4,2,Returning_Visitor,True,True
4,44.08,1,91.38,14,333.99,0.0,0.0,17.07,0.0,Aug,3,2,3,4,Returning_Visitor,False,False
0,-106.45,2,34.95,31,87.5,-0.0,0.03,6.94,0.6,May,2,2,3,2,Returning_Visitor,False,False
0,0.0,2,-121.49,7,963.0,0.13,0.13,-22.4,0.35,May,2,2,1,3,Returning_Visitor,False,False
2,67.17,0,-147.65,61,1661.3,-0.01,0.02,0.0,0.16,Feb,2,1,3,3,Returning_Visitor,True,False
3,95.81,0,0.0,52,2937.62,0.04,0.05,-3.65,0.4,Feb,1,2,1,3,Returning_Visitor,False,False
0,0.0,0,-177.51,8,641.84,0.05,0.07,0.0,0.28,May,2,2,1,3,Returning_Visitor,False,False
3,89.5,1,0.0,119,4005.93,0.06,0.06,22.08,0.17,Aug,3,2,3,2,Returning_Visitor,False,False
8,0.0,2,124.2,131,4749.93,0.04,0.04,0.0,-0.13,Jul,3,2,3,1,Returning_Visitor,False,False
0,0.0,2,256.34,4,118.0,0.05,0.09,0.0,-0.48,Dec,1,1,1,3,Returning_Visitor,False,False
7,434.34,0,15.25,60,2184.48,0.0,-0.01,11.67,0.0,Nov,2,1,4,4,Returning_Visitor,False,False
0,241.65,0,0.0,27,783.25,-0.02,-0.02,-20.02,0.13,May,2,2,7,3,Returning_Visitor,False,False
7,17.06,1,124.97,21,459.67,0.09,0.09,-8.11,0.0,Jul,2,2,1,2,Returning_Visitor,False,True
4,26.0,0,13.88,48,1538.23,0.0,0.01,3.37,0.0,May,2,2,5,3,New_Visitor,True,False
4,360.28,2,199.66,111,3222.17,0.0,-0.03,-11.2,0.12,Aug,2,10,2,3,Returning_Visitor,False,False
-5,0.0,0,116.98,2,115.0,-0.01,0.04,-3.58,0.45,Mar,2,2,1,1,New_Visitor,True,False
0,152.5,0,0.0,-9,-269.48,0.03,0.05,-8.51,0.35,Nov,1,1,1,4,Returning_Visitor,False,False
-3,65.42,0,0.0,-21,-204.85,0.02,0.09,-17.03,0.15,Feb,1,1,2,8,Returning_Visitor,False,True
2,44.55,-1,-156.24,-33,-1568.67,0.03,0.07,0.0,0.05,Nov,2,2,1,1,Returning_Visitor,False,True
0,82.5,2,419.0,22,1005.81,-0.07,-0.02,14.11,0.18,Mar,3,2,3,11,New_Visitor,True,False
0,130.18,0,-189.53,31,1383.17,0.07,0.08,32.56,0.4,Feb,2,4,3,6,Returning_Visitor,False,False
2,91.0,2,188.56,42,2583.65,0.02,0.03,45.75,0.0,Mar,2,2,1,10,Returning_Visitor,False,True
-3,30.11,0,-19.92,-18,-290.25,0.2,0.21,7.56,0.0,Dec,2,2,1,1,Returning_Visitor,True,False
0,210.35,0,172.4,7,-1132.29,0.04,0.1,27.01,0.17,Mar,3,2,6,9,Returning_Visitor,True,False
3,192.23,0,-123.8,85,2450.69,0.03,0.05,2.64,0.08,Aug,1,3,3,3,New_Visitor,False,False
3,0.0,0,86.45,21,41.0,-0.0,0.01,6.27,0.0,Aug,3,2,2,1,Returning_Visitor,False,False
0,49.5,-1,32.56,10,351.75,0.03,0.05,6.96,0.03,Dec,1,1,1,4,Returning_Visitor,True,False
10,450.64,3,55.5,103,3411.96,0.07,0.05,7.83,0.02,Nov,1,2,7,13,Returning_Visitor,False,True
12,184.42,1,-98.81,69,1130.92,0.01,0.01,18.23,0.0,Aug,4,1,1,1,Returning_Visitor,False,False
2,71.07,-1,53.48,34,817.43,0.0,0.01,0.0,0.0,Nov,2,2,3,2,Returning_Visitor,False,False
4,0.0,1,0.0,56,2944.89,-0.03,0.02,15.85,-0.06,May,3,2,1,3,Returning_Visitor,True,False
4,266.65,1,216.12,-5,640.37,0.02,0.01,52.7,-0.33,Mar,4,1,1,9,New_Visitor,True,False
0,22.5,-1,-139.85,-18,111.42,0.0,0.04,0.0,0.17,May,3,2,3,2,Returning_Visitor,False,False
0,-76.75,1,26.25,14,598.01,0.12,0.14,0.0,0.0,Jul,2,1,2,3,Returning_Visitor,True,False
8,224.93,0,184.11,37,143.5,-0.06,-0.03,0.0,0.0,Dec,2,2,8,10,Returning_Visitor,True,False
-2,10.15,0,0.0,4,-297.13,0.05,0.06,-9.08,0.0,May,1,1,7,6,Returning_Visitor,False,False
3,229.42,-1,0.0,3,426.67,0.0,0.03,0.0,0.14,Oct,2,4,3,1,Returning_Visitor,False,False
0,38.0,0,0.0,53,1198.41,-0.01,0.01,-3.0,0.08,Mar,2,2,1,2,Returning_Visitor,True,False
3,37.62,1,-76.42,41,796.0,0.1,0.1,15.15,0.0,Dec,2,2,5,1,Returning_Visitor,False,False
0,0.0,1,-14.81,14,701.98,0.0,0.03,45.93,0.0,Feb,2,2,7,1,Returning_Visitor,False,True
4,221.49,0,0.0,7,1158.93,0.0,-0.01,8.48,0.0,Oct,1,1,4,4,Returning_Visitor,True,False
0,0.0,0,0.0,20,1958.83,0.01,0.04,10.06,0.18,Dec,2,2,2,1,Returning_Visitor,False,False
1,65.94,0,0.0,25,958.41,0.02,0.04,0.0,0.0,Dec,2,2,9,6,Returning_Visitor,False,False
4,230.04,-1,80.48,5,488.5,0.03,0.03,0.0,0.0,May,2,2,7,2,Returning_Visitor,False,False
0,0.0,1,252.09,40,587.69,0.06,0.06,36.6,0.8,May,2,1,1,3,Returning_Visitor,False,False
4,326.13,-2,0.0,5,829.16,0.05,0.07,10.05,0.0,Nov,3,2,1,3,Returning_Visitor,False,False
2,124.31,-1,0.0,3,335.87,-0.01,0.01,0.0,0.13,May,2,2,6,10,Returning_Visitor,False,False
6,274.0,0,-73.1,6,1917.29,0.12,0.12,0.0,0.0,Mar,2,2,3,8,Returning_Visitor,False,False
5,393.52,0,0.0,14,1253.42,-0.01,0.03,19.54,0.0,May,2,2,3,4,Returning_Visitor,False,False
0,-211.93,-1,-141.51,-15,434.5,-0.01,0.02,28.12,0.0,Mar,2,4,7,2,Returning_Visitor,False,False
4,62.88,0,-106.74,5,-26.34,0.03,0.07,-16.34,-0.25,Jul,1,1,3,9,Returning_Visitor,False,False
4,47.63,0,0.0,28,2299.17,-0.03,0.01,19.23,0.0,Mar,3,2,2,1,Returning_Visitor,False,False
6,245.17,0,114.5,129,3506.27,0.04,0.05,11.42,0.0,May,2,4,1,4,Returning_Visitor,False,False
10,667.44,1,0.0,88,369.1,0.05,0.01,0.0,-0.11,Sep,2,2,1,6,Returning_Visitor,True,False
0,-54.2,0,-75.91,-31,33.11,0.03,0.04,16.15,-0.05,Dec,2,2,1,2,Returning_Visitor,False,False
0,-107.09,0,-46.21,25,374.29,-0.0,0.01,0.0,0.11,Mar,2,2,1,4,Returning_Visitor,True,False
1,-132.5,0,0.0,-9,551.17,0.02,0.04,-13.48,0.0,Nov,3,2,6,3,Returning_Visitor,True,False
1,130.0,2,124.69,19,481.23,0.06,0.08,-6.62,0.03,Mar,2,2,3,2,Returning_Visitor,True,False
7,399.25,1,298.0,-46,-948.44,0.01,0.01,10.13,-0.3,Dec,3,2,4,2,Returning_Visitor,False,False
0,0.0,0,-191.89,23,174.96,0.03,0.05,0.0,0.04,Dec,2,2,2,2,Returning_Visitor,False,False
3,0.0,-1,-245.84,23,64.6,0.0,0.08,-9.34,0.0,Jul,2,2,2,13,Returning_Visitor,True,False
6,73.3,1,0.0,-26,-399.69,-0.01,0.06,9.46,0.0,Feb,2,2,2,1,Returning_Visitor,True,False
0,0.0,-1,0.0,2,-528.35,0.01,0.02,-12.34,0.0,May,1,1,4,4,Returning_Visitor,True,False
0,73.88,0,0.0,31,804.04,0.0,0.0,-6.03,0.0,Oct,4,2,1,2,Returning_Visitor,False,False
4,65.07,0,0.0,-18,184.0,0.0,0.02,6.26,0.31,Feb,1,1,4,2,New_Visitor,False,False
2,80.38,0,0.0,58,1873.62,0.04,0.02,22.6,0.0,Dec,2,2,8,11,Returning_Visitor,False,False
7,227.6,2,0.0,115,5284.82,0.01,0.0,38.34,0.27,Dec,2,2,1,2,Returning_Visitor,False,False
1,44.1,0,-128.89,21,706.76,0.04,0.06,0.0,0.0,Nov,1,1,1,3,Returning_Visitor,False,False
1,-272.11,1,167.58,72,1916.9,0.1,0.11,11.19,0.2,May,2,2,6,1,Returning_Visitor,False,True
1,5.0,0,-142.56,65,1533.73,-0.0,0.01,30.14,0.09,May,2,2,4,4,Returning_Visitor,True,False
1,67.35,-1,0.0,-7,1075.27,0.05,0.08,3.16,0.07,Feb,3,2,4,2,Returning_Visitor,True,False
-2,-78.02,0,-31.07,5,447.05,0.01,0.03,0.0,-0.08,Dec,2,2,3,1,New_Visitor,False,True
3,106.94,0,-228.73,29,628.09,0.02,0.01,4.89,0.0,Mar,2,5,5,4,Returning_Visitor,False,False
0,52.85,1,56.0,17,1385.83,-0.01,0.02,39.86,0.0,Mar,1,1,1,2,Returning_Visitor,False,True
0,0.0,0,-1.66,12,1527.4,0.02,-0.01,33.21,0.0,May,2,2,3,4,Returning_Visitor,False,False
0,0.0,1,7.92,10,363.51,0.0,0.02,18.48,-0.09,Feb,2,2,7,4,Returning_Visitor,False,False
0,-62.11,0,-151.55,8,202.33,0.0,0.02,0.0,0.32,May,3,2,3,2,Returning_Visitor,True,False
0,0.0,0,0.0,46,1799.97,0.0,0.04,19.69,0.25,Sep,2,2,4,3,Returning_Visitor,True,False
0,-36.42,0,0.0,-11,-3.44,-0.01,0.01,0.0,-0.07,Mar,3,2,1,2,Returning_Visitor,False,False
3,141.79,2,277.82,117,4751.29,0.0,0.01,12.5,0.0,Feb,1,2,1,3,Returning_Visitor,False,True
3,0.0,0,0.0,11,2566.83,-0.0,0.02,53.99,0.23,Mar,3,2,1,3,Returning_Visitor,False,True
4,322.91,0,247.45,34,1996.82,0.01,0.02,21.62,0.0,Nov,2,2,2,2,Returning_Visitor,False,False
0,-30.81,0,0.0,23,68.4,0.13,0.14,0.0,-0.21,Jul,2,4,2,1,Returning_Visitor,False,False
1,176.44,0,52.9,44,2894.18,0.04,0.08,1.9,-0.29,June,2,2,4,5,Returning_Visitor,False,True
0,41.46,1,74.6,34,652.92,0.04,0.07,7.01,0.01,May,1,1,6,1,Returning_Visitor,True,False
41,3398.75,6,674.21,315,12320.45,0.0,-0.02,6.68,-0.07,Dec,2,2,5,2,New_Visitor,False,False
-2,0.0,1,57.46,-11,99.0,0.11,0.14,0.0,0.42,May,1,2,7,4,Returning_Visitor,False,False
4,21.83,0,48.73,-1,229.91,0.0,0.03,0.0,-0.02,Feb,2,2,4,2,Returning_Visitor,False,False
10,192.67,3,74.37,153,6270.01,0.0,0.01,5.91,0.0,Jul,2,2,4,1,Returning_Visitor,False,False
4,495.17,0,0.0,7,988.26,0.01,-0.0,0.0,0.0,May,1,1,3,2,New_Visitor,False,False
2,0.0,2,0.0,16,145.62,0.01,0.02,0.0,0.0,Mar,2,2,1,2,Returning_Visitor,False,False
3,42.0,2,134.17,32,1266.5,0.0,0.04,0.2,0.0,Mar,2,2,6,1,Returning_Visitor,False,False
5,203.02,0,222.07,69,4646.7,0.03,0.01,10.51,0.14,Oct,2,4,4,3,Returning_Visitor,False,False
2,-38.71,2,0.0,2,37.2,0.04,0.06,0.0,0.0,May,1,1,1,2,Returning_Visitor,True,False
-3,-97.39,-1,-29.62,3,1225.5,0.02,0.04,-16.44,-0.08,Mar,1,2,9,1,Returning_Visitor,False,False
0,151.25,0,0.0,-6,0.0,0.15,0.2,3.81,0.47,Oct,2,2,4,1,Returning_Visitor,True,False
0,112.18,0,0.0,56,2543.42,-0.01,0.01,11.24,0.0,Nov,3,4,4,4,Returning_Visitor,False,False
0,0.0,0,215.37,6,428.1,0.0,0.0,87.9,-0.03,Feb,4,13,5,20,Other,False,True
0,0.0,1,80.58,37,851.33,0.01,0.03,0.0,0.2,May,4,1,1,4,Returning_Visitor,False,False
3,-9.2,0,-124.95,19,1398.76,0.0,0.03,60.52,0.0,Mar,2,2,2,3,New_Visitor,False,True
4,46.87,0,31.12,9,246.4,-0.08,-0.04,7.43,0.0,May,3,2,4,2,Returning_Visitor,False,False
-1,156.7,0,-29.59,-14,-236.13,0.0,0.07,2.15,0.0,Oct,2,2,3,1,Returning_Visitor,True,False
4,-117.09,0,54.23,38,390.77,0.02,0.06,-10.19,-0.02,Feb,3,2,7,1,New_Visitor,False,False
-1,-149.34,0,59.69,14,634.0,-0.02,0.01,53.99,0.31,May,3,2,8,1,New_Visitor,True,False
1,15.2,1,55.4,7,1878.42,-0.02,0.0,0.0,0.15,Nov,2,2,2,1,Returning_Visitor,False,False
11,308.36,0,-40.02,23,-911.96,-0.07,-0.08,287.95,-0.16,Feb,1,2,1,2,New_Visitor,False,True
4,70.5,-1,0.0,24,1344.84,-0.04,-0.0,13.06,0.04,Jul,1,1,6,2,New_Visitor,False,False
2,197.88,0,-176.19,-30,-1350.15,0.02,0.06,32.99,0.0,Nov,2,2,1,4,Returning_Visitor,False,True
-4,30.75,2,362.01,10,790.66,0.01,0.02,29.87,0.0,Nov,2,5,3,2,New_Visitor,False,False
0,-83.82,0,-202.51,5,-1133.54,0.04,0.06,0.0,0.0,Mar,1,1,9,3,Returning_Visitor,False,False
0,44.82,0,0.0,32,651.31,0.09,0.09,0.0,0.14,May,2,4,2,3,Returning_Visitor,False,False
2,70.6,-1,-85.35,26,571.35,0.07,0.05,42.55,0.0,Dec,2,2,1,5,Returning_Visitor,False,False
5,102.07,2,180.82,142,6223.87,-0.06,0.01,-6.65,-0.01,Feb,2,2,9,1,Returning_Visitor,False,True
4,122.35,1,109.0,54,3498.87,-0.05,-0.0,37.58,0.0,Dec,2,2,1,6,Returning_Visitor,True,False
4,31.19,1,0.0,-4,134.68,0.0,0.03,0.0,-0.01,Nov,3,2,1,2,Returning_Visitor,False,False
1,77.5,0,0.0,35,2061.69,0.0,0.03,0.0,0.0,Mar,3,2,5,3,Returning_Visitor,False,False
-2,37.0,0,32.05,74,3043.92,0.03,0.05,24.48,0.0,Mar,2,2,1,10,Returning_Visitor,False,False
0,0.0,-1,4.84,10,1599.94,0.0,0.06,2.36,0.0,May,1,1,4,4,Returning_Visitor,False,False
0,10.79,0,0.0,7,-676.18,0.12,0.16,22.64,0.18,Mar,2,4,1,6,Returning_Visitor,False,False
3,46.4,-1,0.0,16,477.53,0.0,0.02,22.96,0.0,Aug,3,2,3,2,Returning_Visitor,False,True
2,168.17,-1,-29.57,30,1348.83,-0.03,0.0,0.0,0.4,May,3,2,1,6,Returning_Visitor,False,False
2,0.0,0,-90.76,25,697.56,0.05,0.08,-18.07,-0.38,Dec,1,2,7,1,Returning_Visitor,False,True
8,227.53,3,292.68,51,3025.52,0.06,0.06,7.37,-0.09,Mar,3,2,9,6,Returning_Visitor,False,True
0,12.6,1,-42.0,49,1365.31,0.06,0.1,-32.82,0.0,Mar,2,1,2,3,Returning_Visitor,False,False
0,0.0,0,36.5,46,376.45,0.05,0.07,11.08,0.0,Mar,2,1,6,3,New_Visitor,False,False
-1,0.0,0,0.0,34,0.0,0.18,0.2,-0.18,-0.02,Nov,1,1,1,9,Returning_Visitor,False,False
0,0.0,1,86.31,14,1634.77,0.07,0.06,-16.99,0.0,Oct,2,2,2,6,New_Visitor,False,False
1,12.83,0,0.0,12,19.0,0.1,0.13,0.0,0.06,Nov,2,2,6,3,Returning_Visitor,False,False
3,-45.06,0,0.0,19,490.52,0.04,0.03,0.0,0.16,Aug,3,2,9,3,Returning_Visitor,False,False
6,161.25,1,177.65,31,844.68,0.0,0.01,59.97,0.2,May,2,2,4,6,New_Visitor,False,True
3,340.37,1,241.75,14,187.92,0.1,0.09,0.0,-0.05,Dec,4,1,1,10,Returning_Visitor,False,False
5,75.91,2,0.0,27,1838.15,0.01,0.03,30.37,-0.01,Sep,3,2,1,4,Returning_Visitor,True,False
0,-171.95,1,207.74,24,864.0,0.17,0.2,-2.48,0.0,Aug,2,2,1,3,Returning_Visitor,False,False
5,36.26,0,0.0,34,2348.81,-0.08,-0.05,0.0,0.0,Oct,3,2,4,13,Returning_Visitor,True,False
3,130.56,1,0.0,1,-386.3,0.0,0.05,-10.46,0.0,Nov,2,1,3,5,New_Visitor,False,True
0,-63.86,0,0.0,3,-1011.91,0.01,0.08,14.03,0.23,May,2,2,6,3,Returning_Visitor,False,False
6,333.54,0,178.68,12,1328.48,0.03,0.04,19.63,-0.12,Dec,1,2,5,4,New_Visitor,False,True
4,69.48,0,-64.71,37,1786.46,0.04,0.04,11.4,0.0,Mar,3,1,2,1,Returning_Visitor,True,False
0,-8.48,0,45.43,-30,-609.4,-0.04,0.02,6.06,0.12,Oct,2,1,3,3,Returning_Visitor,False,False
1,76.0,1,13.54,36,821.33,0.06,0.07,10.61,0.0,May,2,2,9,11,Returning_Visitor,False,False
0,0.0,0,0.0,30,1375.88,0.05,0.08,-1.29,0.0,Mar,1,1,1,4,Returning_Visitor,True,False
21,1640.59,0,0.0,52,1380.82,0.02,0.01,10.78,0.0,May,3,2,9,4,New_Visitor,False,False
5,13.43,2,34.3,65,1713.22,-0.06,-0.03,9.9,0.0,Mar,2,5,6,6,New_Visitor,True,False
-3,0.0,0,0.0,0,20.2,0.03,0.08,-0.93,0.0,Feb,2,2,1,1,Returning_Visitor,False,False
3,113.62,0,0.0,3,778.81,0.03,0.05,-5.13,0.04,May,1,1,1,4,New_Visitor,False,True
0,0.0,2,48.16,15,1200.74,0.01,0.04,-21.79,0.07,May,2,2,1,2,New_Visitor,False,False
0,0.0,0,0.0,16,953.5,0.0,0.01,50.01,0.21,May,2,2,9,4,New_Visitor,False,True
0,115.97,-2,-18.21,12,-507.69,-0.06,-0.02,15.77,-0.02,Mar,2,2,7,2,New_Visitor,True,False
2,78.89,0,0.0,58,2629.3,0.01,0.01,8.22,-0.06,Dec,2,2,2,10,Returning_Visitor,False,True
-1,-8.13,0,-79.52,36,0.0,0.12,0.14,1.22,-0.12,Mar,2,2,1,1,Returning_Visitor,False,False
13,344.49,4,271.25,90,3394.15,0.0,-0.01,-3.45,0.0,Nov,3,2,4,2,Returning_Visitor,False,False
2,281.76,2,225.11,24,1494.08,-0.01,0.03,0.0,0.07,Nov,3,2,2,3,Returning_Visitor,True,False
10,527.0,3,191.1,113,4539.67,0.0,0.01,-23.72,0.16,May,3,2,1,2,Returning_Visitor,False,False
3,79.6,1,-15.99,46,2559.71,0.0,0.0,27.7,-0.08,Oct,2,2,4,10,Returning_Visitor,False,True
0,0.0,0,0.0,0,0.0,0.18,0.18,0.0,0.11,Oct,2,2,7,13,Returning_Visitor,False,False
-1,0.0,0,0.0,-5,343.52,-0.01,0.03,0.0,0.0,May,3,2,1,1,Returning_Visitor,True,False
-2,-256.73,0,19.76,15,675.83,-0.05,0.0,0.0,0.15,May,2,10,1,1,Returning_Visitor,True,False
5,454.0,0,17.0,29,1514.6,0.02,0.03,-12.37,-0.2,May,2,2,1,12,Returning_Visitor,False,False
0,-142.44,1,0.0,8,767.59,0.05,0.06,13.87,0.28,Mar,2,2,1,4,Returning_Visitor,False,False
6,296.0,2,59.7,9,386.92,0.0,0.03,57.74,0.0,May,3,2,4,4,New_Visitor,True,True
4,198.63,2,44.55,15,1616.09,0.0,0.04,16.72,0.2,May,6,2,4,6,Returning_Visitor,False,False
2,47.0,1,0.0,20,738.91,0.01,0.04,0.0,0.15,May,2,2,1,12,Returning_Visitor,False,False
0,175.61,-2,-32.53,-78,-3167.5,0.0,0.05,0.0,-0.17,Mar,2,4,2,2,New_Visitor,False,False
3,257.82,4,254.79,14,352.84,0.06,0.07,13.83,0.6,May,2,2,3,2,New_Visitor,False,False
0,189.99,0,-155.97,12,261.53,0.02,0.04,34.49,0.01,Nov,3,2,3,11,Returning_Visitor,True,True
2,40.2,0,132.31,3,41.3,0.0,0.04,35.43,0.04,Oct,2,2,7,2,New_Visitor,True,False
3,-164.57,0,0.0,15,-565.3,-0.04,0.01,4.96,0.0,Mar,4,1,1,1,Returning_Visitor,True,False
0,0.0,0,0.0,64,1417.67,0.02,0.05,0.0,1.0,May,2,2,3,4,New_Visitor,True,False
1,-112.86,0,-35.11,18,313.8,0.02,0.03,0.0,-0.22,Nov,2,2,3,3,Returning_Visitor,False,False
2,-4.09,0,-52.39,2,2179.63,0.0,0.1,-32.6,0.0,Aug,2,2,1,9,Returning_Visitor,True,False
-2,50.76,0,0.0,31,806.5,0.0,0.02,9.75,0.0,Mar,2,4,7,4,Returning_Visitor,False,True
6,82.14,0,0.0,44,95.74,0.03,0.05,-15.12,0.04,Nov,2,2,9,2,Returning_Visitor,False,False
-4,0.0,0,9.08,-28,5.0,0.07,0.13,12.89,0.0,Sep,2,2,4,4,Returning_Visitor,False,False
2,35.3,0,17.72,3,-1076.53,0.03,0.06,0.0,0.0,Jul,1,2,3,2,Returning_Visitor,False,True
9,476.2,1,257.62,123,5969.57,0.0,0.01,4.68,0.0,Nov,2,2,1,2,Returning_Visitor,False,True
1,-21.73,0,11.91,33,-859.12,-0.01,0.02,-17.42,0.17,May,2,2,7,1,Returning_Visitor,False,False
1,6.54,0,76.96,-10,-502.47,-0.01,0.01,25.56,0.1,Oct,3,2,4,3,Returning_Visitor,True,False
3,69.5,0,-64.15,4,-204.34,0.05,0.08,1.09,0.12,Feb,4,1,4,3,Returning_Visitor,False,False
1,44.0,0,0.0,19,0.0,-0.01,0.01,-2.86,0.38,Sep,1,1,1,6,Returning_Visitor,False,True
0,137.41,-1,0.0,-24,-1989.88,0.04,0.03,0.0,0.11,Feb,1,1,4,5,New_Visitor,False,False
5,105.92,0,37.04,6,-1376.11,0.05,0.09,0.0,0.0,Mar,1,2,4,1,Returning_Visitor,False,False
1,-55.79,-2,-223.29,3,22.5,0.0,0.07,0.0,0.23,May,3,2,2,2,Returning_Visitor,True,False
1,55.0,-1,-136.94,2,422.98,0.06,0.06,30.03,0.01,Dec,2,10,6,2,New_Visitor,False,True
9,240.52,2,277.63,17,829.19,0.04,0.04,9.1,-0.04,May,1,2,1,8,Returning_Visitor,True,False
-3,0.0,-1,56.0,9,964.61,-0.01,0.03,0.0,-0.32,Oct,2,2,4,3,New_Visitor,True,False
2,20.52,0,182.15,35,1090.49,0.04,0.04,-13.21,-0.08,Mar,1,1,3,10,Returning_Visitor,True,False
-6,-300.84,-4,-224.95,-48,-2028.19,0.0,0.01,32.02,0.21,Nov,1,1,2,3,Returning_Visitor,True,False
3,217.29,0,-153.38,75,3351.67,0.0,-0.0,23.15,0.26,Dec,1,5,3,6,New_Visitor,False,True
5,-0.89,2,238.6,19,1328.5,0.06,0.1,-6.48,0.09,Nov,3,2,1,13,Returning_Visitor,False,False
1,16.54,0,-24.0,37,633.27,0.01,0.01,-12.8,0.0,Feb,2,2,4,14,Returning_Visitor,False,False
10,251.14,2,175.73,5,1437.56,0.0,-0.01,0.0,-0.11,Mar,3,2,1,8,Returning_Visitor,False,False
0,0.0,1,38.38,1,3.83,0.2,0.2,-8.36,0.15,Dec,2,2,3,2,Returning_Visitor,True,False
2,154.5,0,-266.69,7,-167.34,-0.05,-0.03,19.11,0.0,Mar,1,5,2,2,New_Visitor,False,False
7,139.09,3,227.72,95,3950.58,0.0,0.02,-9.45,0.04,Dec,2,2,1,2,Returning_Visitor,False,False
1,-38.2,1,1.93,45,1487.92,0.01,0.01,12.32,0.0,May,2,2,4,4,Returning_Visitor,False,False
2,354.4,1,0.0,2,-15.87,0.0,0.07,17.98,-0.21,Dec,2,2,2,1,Returning_Visitor,False,False
-3,146.38,0,0.0,4,1827.24,-0.02,0.0,11.1,0.0,Oct,1,1,1,2,Returning_Visitor,False,True
0,0.0,0,92.12,37,1644.78,0.07,0.04,4.06,0.0,Nov,4,5,9,20,Returning_Visitor,False,False
-2,0.0,0,57.59,1,-908.18,0.15,0.2,-37.42,0.0,Aug,1,2,1,1,Returning_Visitor,True,False
3,0.0,-1,0.0,10,234.0,0.02,0.09,21.7,0.07,May,2,2,7,2,Returning_Visitor,False,False
2,158.36,0,-22.18,6,1564.0,0.08,0.06,7.96,0.0,May,3,2,1,13,Returning_Visitor,False,False
3,4.0,1,-147.27,36,322.79,0.07,0.13,4.52,0.0,Mar,2,2,3,10,Returning_Visitor,False,False
5,282.81,0,-1.58,70,3230.42,0.02,0.02,-9.18,0.0,Nov,1,2,7,2,Returning_Visitor,True,False
-3,34.5,1,0.0,-10,277.04,0.01,0.07,12.0,0.0,Oct,4,1,1,8,Returning_Visitor,False,False
1,0.0,-1,120.26,1,0.0,0.17,0.2,0.0,-0.06,Sep,2,2,4,1,Returning_Visitor,False,False
2,-38.08,0,0.0,50,1477.15,0.08,0.07,-18.84,0.02,Dec,1,1,4,1,Returning_Visitor,False,False
0,-61.82,0,-29.46,3,466.38,-0.01,0.02,14.53,0.2,Mar,2,2,4,2,Returning_Visitor,False,False
7,119.0,1,116.39,67,3392.82,-0.03,0.01,0.9,0.16,May,2,2,7,1,Returning_Visitor,False,False
0,125.17,1,0.0,27,2339.24,0.06,0.11,0.0,0.14,Mar,2,2,1,4,New_Visitor,True,False
0,0.0,3,118.64,14,255.0,0.05,0.07,24.85,0.01,Mar,3,2,9,11,Returning_Visitor,False,False
0,0.0,0,224.3,50,2617.23,0.01,0.0,53.23,0.0,Oct,1,1,1,2,Returning_Visitor,True,True
2,231.1,1,139.3,25,815.48,0.01,0.04,17.73,0.21,May,2,2,1,1,Returning_Visitor,False,False
3,23.0,2,0.0,9,91.0,-0.02,-0.01,0.0,0.0,Jul,2,2,4,1,Returning_Visitor,True,False
4,60.37,3,189.3,89,3817.43,0.0,0.04,2.85,0.02,June,2,2,2,4,Returning_Visitor,False,True
3,150.21,0,0.0,25,221.21,-0.05,-0.02,0.0,-0.05,Dec,2,2,1,6,Returning_Visitor,False,False
5,392.38,6,505.6,188,7995.0,0.0,0.02,28.0,0.29,Nov,2,2,1,2,Returning_Visitor,True,False
11,524.86,3,56.5,33,2070.62,0.0,0.06,25.02,0.08,Mar,2,2,1,2,Returning_Visitor,False,True
3,9.37,3,55.0,24,281.42,0.0,0.05,0.0,0.0,Nov,3,2,4,2,Returning_Visitor,False,False
-1,-84.6,0,8.16,12,186.0,0.0,0.07,0.0,0.24,Aug,1,1,1,4,New_Visitor,False,False
9,174.21,1,105.06,151,5443.74,0.02,0.02,0.0,-0.16,Nov,1,2,3,2,Returning_Visitor,True,False
3,-175.06,0,-22.56,10,314.85,0.0,0.03,8.56,-0.21,Dec,2,2,1,2,New_Visitor,False,True
5,272.72,1,88.9,80,2997.62,0.01,0.01,-5.56,0.03,June,3,2,3,2,Returning_Visitor,False,False
3,0.0,1,0.0,71,2747.14,0.12,0.12,-4.92,0.19,Nov,8,13,3,4,Returning_Visitor,False,False
4,210.5,0,0.0,131,4361.11,0.01,0.04,8.96,0.0,Nov,2,2,2,1,Returning_Visitor,False,False
2,4.56,2,58.16,7,1906.49,0.05,0.09,5.4,0.4,May,2,2,6,13,New_Visitor,False,False
-1,0.0,1,284.72,-30,-10.8,-0.04,0.03,0.0,1.0,May,4,2,1,8,Returning_Visitor,False,False
1,-20.09,0,-27.07,10,-100.57,0.0,0.05,6.09,0.0,Dec,3,2,1,6,New_Visitor,False,False
1,47.5,-1,0.0,10,1202.88,0.08,0.09,0.0,0.43,May,2,2,8,3,Returning_Visitor,True,False
2,-7.41,2,0.0,67,968.64,0.08,0.1,-18.66,0.0,Feb,3,2,2,1,Returning_Visitor,True,False
0,0.0,0,0.0,30,99.84,0.07,0.11,-21.51,0.34,May,2,2,3,1,Returning_Visitor,True,False
3,88.02,-2,-80.62,56,1063.54,-0.0,0.02,-6.44,0.0,May,2,2,3,4,Returning_Visitor,False,False
3,23.05,0,129.87,38,2430.45,0.02,0.04,38.94,0.0,Dec,3,2,1,11,Returning_Visitor,True,False
2,-24.71,0,0.0,95,3893.37,0.03,0.04,13.29,-0.01,Nov,2,2,3,2,Returning_Visitor,False,True
-1,-258.43,0,145.86,15,117.35,0.05,0.09,0.0,0.26,May,3,2,4,2,Returning_Visitor,False,False
3,0.0,1,-90.89,-8,61.33,0.01,0.02,26.03,0.0,Dec,2,2,4,2,Returning_Visitor,True,False
2,25.53,0,-141.93,44,2802.88,0.0,-0.0,36.28,-0.07,Feb,3,2,7,5,New_Visitor,True,False
11,334.38,0,-40.08,69,1841.24,0.03,0.03,13.0,-0.04,Nov,2,2,5,1,Returning_Visitor,False,False
1,0.0,0,0.0,1,-323.55,0.19,0.2,-12.7,0.02,Feb,4,1,7,3,Returning_Visitor,False,False
0,6.0,0,-97.74,28,1503.25,0.0,0.03,0.0,0.11,Oct,2,2,6,2,Returning_Visitor,True,False
7,350.15,1,18.41,103,3812.37,0.01,-0.01,33.58,-0.17,Nov,3,2,3,3,New_Visitor,False,False
10,231.84,3,112.09,228,10580.34,-0.01,-0.02,-0.59,0.2,Nov,2,2,1,1,Returning_Visitor,False,False
-2,-376.88,0,-1.21,25,20.0,0.12,0.14,30.13,0.24,Aug,2,2,2,1,Returning_Visitor,True,False
-1,18.0,0,-149.37,-6,180.75,0.0,0.01,-15.23,0.01,Mar,2,2,1,1,Returning_Visitor,False,False
1,0.0,0,0.0,26,26.0,0.05,0.05,-12.23,0.18,May,2,1,1,6,Returning_Visitor,True,False
4,99.88,0,90.0,-3,776.02,0.0,0.01,0.0,-0.2,Mar,2,1,4,2,Returning_Visitor,True,False
1,158.17,1,0.0,1,0.0,0.2,0.2,17.0,0.29,May,1,2,3,1,Returning_Visitor,False,False
0,114.81,-1,0.0,1,-546.34,0.16,0.2,-33.41,-0.11,Nov,2,2,5,10,Returning_Visitor,False,False
1,-115.31,2,115.0,50,1404.46,-0.03,-0.03,-4.2,0.0,Dec,2,5,2,2,Returning_Visitor,True,False
7,152.7,3,237.21,140,5481.33,0.01,0.01,0.0,-0.05,Nov,2,2,2,4,Returning_Visitor,True,False
-1,-165.89,0,0.0,50,1288.13,0.04,0.06,25.49,-0.07,Oct,2,10,3,4,Returning_Visitor,False,True
4,52.67,-1,-187.99,41,1657.71,0.01,0.02,0.0,0.2,May,2,2,1,6,Returning_Visitor,False,False
-3,-260.08,0,296.66,9,129.33,0.04,0.06,0.0,0.6,May,2,6,7,3,Returning_Visitor,False,False
2,54.5,0,0.0,52,1599.99,-0.01,0.0,11.55,0.11,May,2,4,6,2,Returning_Visitor,False,True
0,-64.46,0,0.0,2,21.0,0.03,0.05,0.0,0.0,May,3,2,5,3,New_Visitor,False,False
0,-147.04,0,-92.19,-9,-2289.06,0.07,0.09,0.0,0.17,Feb,2,2,6,3,Returning_Visitor,False,False
2,87.12,0,0.0,15,948.34,0.02,0.04,-2.97,-0.06,Nov,2,4,9,2,Returning_Visitor,False,False
0,0.0,1,66.51,21,-235.07,0.02,0.06,25.82,-0.47,Dec,2,2,1,2,Returning_Visitor,True,False
3,-118.04,1,50.81,109,3624.06,-0.02,-0.0,11.22,0.1,Nov,2,2,3,2,Returning_Visitor,False,True
3,29.94,2,34.0,27,1407.2,0.02,0.06,-0.35,0.6,May,2,2,9,4,Returning_Visitor,False,True
8,135.79,1,0.0,38,454.29,-0.03,0.01,0.0,0.6,Oct,2,2,2,7,Returning_Visitor,True,False
2,143.25,-1,0.0,38,2508.41,-0.01,-0.01,-8.42,-0.19,Nov,2,4,7,1,Returning_Visitor,False,True
0,304.88,0,0.0,0,121.7,0.03,0.06,5.4,0.0,Mar,1,1,1,3,Returning_Visitor,False,True
0,-29.64,0,-30.32,36,0.0,-0.01,-0.0,-7.63,0.48,Oct,2,1,2,10,Returning_Visitor,False,False
0,0.0,1,0.0,-13,385.5,0.01,0.02,14.67,0.0,Nov,2,2,9,4,Returning_Visitor,False,False
2,-108.47,0,-71.88,12,1330.31,0.0,0.02,3.92,0.0,Aug,3,2,5,8,New_Visitor,True,True
3,-41.1,2,-10.8,24,1275.9,0.05,0.1,3.98,0.03,May,1,2,1,8,Returning_Visitor,False,False
4,117.45,2,181.38,88,1616.99,-0.0,0.01,6.94,0.55,May,2,2,6,7,Returning_Visitor,False,True
9,850.0,2,100.5,73,1893.47,0.0,0.02,14.91,0.24,Oct,2,4,5,4,Returning_Visitor,False,False
3,167.77,1,224.32,90,3586.83,0.0,0.03,6.52,0.0,Oct,2,2,1,2,Returning_Visitor,False,False
-1,0.0,0,0.0,-11,-741.69,0.03,0.06,36.35,0.25,Nov,2,5,6,2,New_Visitor,False,False
5,354.46,3,464.52,35,1621.77,0.01,0.04,0.0,0.09,Mar,2,2,4,2,Returning_Visitor,True,False
5,0.0,2,224.32,53,2461.47,0.0,-0.0,-9.37,-0.21,Aug,2,2,6,2,Returning_Visitor,True,True
1,63.5,0,0.0,-14,-1532.02,0.07,0.08,0.0,-0.24,Dec,1,1,1,1,New_Visitor,True,False
2,79.33,1,242.06,5,1142.82,0.03,0.02,-7.75,0.0,May,2,2,6,3,Returning_Visitor,False,False
-1,132.09,0,29.72,3,1082.21,-0.0,0.04,13.37,0.1,May,1,4,3,19,Other,False,False
0,18.81,1,131.41,1,0.0,0.06,0.1,29.79,0.13,Dec,3,2,5,4,New_Visitor,False,False
3,168.46,0,-9.22,37,183.1,0.0,0.01,12.78,0.09,Jul,1,1,3,2,New_Visitor,False,False
-3,-128.72,0,64.59,-51,-2073.89,0.1,0.13,17.72,0.21,May,1,1,4,20,Returning_Visitor,False,False
5,72.42,2,257.99,46,1143.66,0.0,0.05,4.23,0.08,May,1,1,2,3,Returning_Visitor,True,False
2,5.0,0,0.0,-11,205.16,0.08,0.08,0.0,0.3,May,2,2,4,3,New_Visitor,True,False
8,0.78,1,80.05,17,420.52,0.02,0.04,0.0,0.16,Mar,2,2,3,2,Returning_Visitor,True,False
4,269.37,0,122.71,41,2096.66,-0.04,0.02,34.77,0.07,Oct,2,2,8,2,Returning_Visitor,True,False
1,24.2,0,0.0,0,0.0,0.0,0.01,0.0,0.0,Nov,1,1,1,4,Returning_Visitor,True,True
3,273.58,0,-185.49,15,851.89,0.0,0.01,11.66,0.0,Feb,2,2,3,2,Returning_Visitor,True,True
0,47.43,0,-136.33,7,-949.87,-0.0,0.03,-18.23,-0.02,Jul,1,1,1,3,Returning_Visitor,True,False
4,-178.04,1,77.38,20,581.5,0.02,0.05,0.0,-0.22,Sep,2,2,1,1,Returning_Visitor,False,False
4,75.87,0,0.0,-19,-1790.08,-0.01,0.02,-12.86,-0.21,Oct,3,2,7,4,Returning_Visitor,False,False
0,0.0,1,-42.1,12,76.67,0.02,0.04,0.0,0.11,Nov,2,2,3,13,Returning_Visitor,False,False
5,126.81,0,-125.13,32,795.0,0.06,0.11,0.0,0.0,May,2,2,9,6,New_Visitor,False,False
10,498.9,4,250.06,115,3804.37,0.02,0.01,7.14,0.0,Mar,4,2,4,5,Returning_Visitor,False,False
-3,0.0,0,-120.6,-5,0.0,0.2,0.17,0.14,0.21,Aug,2,2,1,1,Returning_Visitor,True,False
6,411.98,-2,62.06,26,1342.82,0.03,0.02,-7.09,-0.25,Nov,2,2,3,1,New_Visitor,False,True
4,249.61,1,51.68,5,61.4,0.0,0.04,-6.53,0.0,Oct,1,1,2,4,Returning_Visitor,False,False
-1,0.0,1,0.0,29,1301.87,0.03,0.05,0.0,-0.16,Sep,3,2,3,2,New_Visitor,True,False
3,47.0,0,0.0,-7,-125.81,-0.02,0.01,29.95,-0.02,Feb,2,2,2,2,Returning_Visitor,False,False
-5,0.0,-1,30.38,24,-304.68,0.04,0.07,7.89,0.2,Sep,2,2,1,9,Returning_Visitor,False,True
-3,8.41,1,78.55,15,618.25,-0.01,0.03,0.0,0.0,Oct,2,2,3,2,New_Visitor,False,False
0,49.45,0,98.22,45,1163.01,0.06,0.1,0.0,0.13,May,2,6,1,3,Returning_Visitor,False,False
3,79.06,0,225.15,54,432.05,0.0,0.03,9.33,0.2,Mar,2,4,4,2,New_Visitor,False,False
-2,90.21,-1,0.0,4,499.56,0.12,0.13,5.24,0.24,Nov,1,1,1,15,Returning_Visitor,False,False
6,183.25,1,111.68,60,1883.44,0.06,0.02,6.19,-0.2,Nov,3,2,3,6,Returning_Visitor,False,True
1,23.2,-1,-13.51,27,443.61,0.04,0.06,43.3,0.02,Jul,2,2,6,3,Returning_Visitor,False,True
0,0.0,1,0.0,12,57.0,0.03,0.05,12.8,-0.05,May,3,5,1,7,Returning_Visitor,False,False
3,80.07,1,15.5,61,1703.1,0.01,0.02,38.03,-0.08,Nov,3,2,3,1,Returning_Visitor,True,False
2,289.45,1,0.0,1,-1108.94,0.2,0.18,10.87,0.13,Nov,2,4,7,2,Returning_Visitor,False,False
-1,0.0,1,-175.88,5,68.79,-0.04,-0.03,0.0,0.38,Oct,2,1,1,4,Returning_Visitor,False,False
2,157.13,0,8.62,-35,-610.4,0.0,0.04,0.0,0.03,May,2,2,1,3,Returning_Visitor,False,False
4,475.17,1,55.27,21,868.02,0.03,0.01,-7.35,-0.15,Dec,1,1,6,3,Returning_Visitor,False,True
8,459.33,0,0.0,52,2408.82,0.0,0.02,81.2,0.0,Dec,2,2,1,5,Returning_Visitor,True,True
9,260.98,3,81.41,230,7187.83,-0.02,-0.03,2.66,0.0,Feb,1,1,6,4,Returning_Visitor,False,False
6,454.35,4,404.99,293,14150.55,0.01,0.03,3.98,0.07,Nov,2,2,3,2,Returning_Visitor,False,True
-1,0.0,1,176.34,58,2353.37,0.03,0.02,-46.87,-0.33,Oct,1,2,4,1,Returning_Visitor,False,False
0,-136.22,1,0.0,-6,-60.56,-0.02,0.03,-8.0,0.06,May,2,2,3,1,Returning_Visitor,False,True
0,0.0,0,0.0,-32,65.4,0.09,0.1,23.94,0.0,Dec,2,2,1,13,Returning_Visitor,False,False
0,-307.47,-1,0.0,44,1294.6,0.0,0.02,9.79,0.0,Aug,3,2,6,2,Returning_Visitor,False,False
-1,-63.01,1,62.78,43,1742.33,0.0,0.04,0.0,0.44,May,1,5,4,2,Returning_Visitor,True,False
2,-29.47,1,0.0,27,872.4,0.0,0.02,0.0,-0.22,Mar,3,2,1,4,Returning_Visitor,False,False
0,44.0,2,0.0,18,257.9,0.07,0.04,17.51,0.04,Oct,1,1,1,20,Returning_Visitor,False,False
0,50.07,2,0.0,6,127.5,0.0,0.02,12.38,0.14,Dec,2,2,7,13,Returning_Visitor,False,False
8,160.5,2,70.67,26,721.0,0.0,-0.0,27.24,0.0,Mar,2,2,1,1,Returning_Visitor,False,False
2,9.5,0,37.7,25,2127.57,0.01,0.04,3.3,0.09,June,3,2,3,3,Returning_Visitor,False,False
2,208.05,3,259.46,31,1745.91,0.0,0.04,31.14,-0.17,Oct,2,2,1,5,Returning_Visitor,True,False
4,353.5,2,318.92,24,1277.28,0.0,0.03,41.66,-0.23,Nov,4,1,2,2,Returning_Visitor,True,False
2,154.36,1,11.0,54,1299.2,-0.01,0.02,0.0,0.26,Oct,1,1,4,4,Returning_Visitor,True,False
0,151.99,-1,-108.01,11,-1405.15,0.0,0.04,-14.29,-0.17,Dec,2,1,1,2,Returning_Visitor,True,False
1,0.0,-1,0.0,10,-322.45,0.01,0.03,17.83,-0.4,Mar,1,1,5,2,Returning_Visitor,False,True
3,307.09,1,0.0,12,493.32,-0.01,0.02,15.51,-0.17,Feb,3,2,2,6,New_Visitor,False,False
0,0.0,0,0.0,2,0.0,-0.04,0.0,0.0,0.15,Dec,3,2,6,2,Returning_Visitor,False,False
4,307.61,4,162.67,98,4258.4,0.01,0.07,8.49,0.18,Jul,2,2,2,6,Returning_Visitor,True,False
8,312.35,2,122.12,71,3008.24,0.02,0.01,0.0,-0.12,Feb,1,1,1,3,Returning_Visitor,False,False
0,0.0,0,44.78,65,3457.72,0.02,0.05,-16.25,1.0,May,2,2,1,13,Returning_Visitor,False,False
-2,53.4,1,0.0,59,2232.94,0.0,0.02,0.0,0.0,Feb,1,1,2,2,Returning_Visitor,False,False
0,130.16,1,0.0,44,917.42,0.05,0.11,-5.36,0.0,Feb,2,2,9,3,Returning_Visitor,False,False
4,62.67,-1,-102.47,82,2396.59,0.01,0.02,0.0,0.19,Dec,1,1,1,2,Returning_Visitor,False,False
6,410.45,0,105.89,51,1915.33,0.09,0.08,-11.76,0.0,Sep,2,5,1,3,Returning_Visitor,False,False
0,193.4,0,136.43,3,364.7,-0.0,0.03,0.0,0.0,Sep,2,4,2,4,Returning_Visitor,False,False
1,74.55,0,-121.5,2,34.0,0.03,0.06,0.0,0.09,Feb,2,2,2,3,Returning_Visitor,False,False
1,0.0,-1,-68.94,-28,-396.51,0.04,0.08,12.98,0.0,Nov,2,1,1,2,Returning_Visitor,True,False
13,532.68,4,236.97,108,3324.03,0.01,0.05,32.96,-0.04,May,2,2,1,2,Returning_Visitor,True,True
11,400.54,4,184.37,149,4968.83,0.01,0.02,0.0,0.0,Aug,1,1,3,2,Returning_Visitor,True,False
1,0.0,2,128.4,90,3904.91,0.02,0.06,0.0,0.0,Nov,2,2,7,1,Returning_Visitor,False,True
0,-81.54,0,0.0,44,266.8,-0.02,0.0,34.64,0.0,Oct,2,2,1,1,Returning_Visitor,True,False
0,65.24,-1,0.0,4,1030.36,0.05,0.08,0.0,0.0,Nov,3,2,1,13,Returning_Visitor,False,False
0,110.77,0,0.0,29,1038.71,0.03,0.04,1.73,0.0,May,1,1,9,6,Returning_Visitor,False,False
0,0.0,1,0.0,1,0.0,0.2,0.2,11.72,0.1,May,2,2,1,13,Returning_Visitor,False,False
0,7.0,1,57.93,-18,677.46,0.2,0.2,6.18,-0.03,Mar,3,2,3,2,Returning_Visitor,False,False
4,120.0,1,-50.4,13,293.0,-0.01,0.01,-24.66,0.04,Nov,2,1,1,2,Returning_Visitor,False,False
8,218.27,1,321.16,53,1854.24,-0.01,0.02,22.22,0.1,Nov,3,2,9,6,Returning_Visitor,False,False
-2,-84.35,0,0.0,7,329.62,0.0,0.01,0.0,-0.13,Nov,2,1,1,2,New_Visitor,False,False
12,279.77,0,0.0,-7,436.86,-0.01,0.01,4.75,0.12,Oct,2,2,7,10,Returning_Visitor,False,False
7,488.46,0,52.18,45,1007.05,0.01,0.02,0.0,-0.0,Oct,2,2,3,4,Returning_Visitor,False,False
0,40.55,-2,0.0,14,-422.75,0.04,0.04,-27.47,0.04,Mar,3,2,1,10,Returning_Visitor,False,False
9,301.42,1,122.16,14,212.83,0.01,-0.0,34.74,0.13,Mar,3,2,1,2,New_Visitor,True,False
2,-27.35,-1,-104.67,-47,-1071.59,0.01,0.05,5.7,-0.08,May,3,4,4,2,New_Visitor,False,False
2,303.7,0,0.0,55,3572.24,0.01,0.01,18.65,0.0,Oct,3,2,3,4,Returning_Visitor,False,False
0,-1.22,0,15.13,-12,298.69,0.17,0.14,0.0,0.0,May,2,2,3,7,Returning_Visitor,False,False
-1,0.0,0,0.0,18,1199.3,0.04,0.06,0.0,0.0,Mar,2,3,1,1,Returning_Visitor,False,False
4,159.21,0,38.33,-32,148.72,0.03,0.03,17.02,0.0,Nov,1,1,1,2,New_Visitor,False,False
4,5.0,2,17.0,126,4659.19,0.01,0.0,12.68,0.0,Mar,2,2,3,4,Returning_Visitor,True,False
3,126.5,0,-31.82,4,150.36,0.01,0.0,0.0,-0.15,Oct,1,1,3,4,New_Visitor,True,False
0,47.42,0,6.0,40,1509.76,0.07,0.08,-21.46,0.15,Oct,2,2,3,3,Returning_Visitor,True,False
9,360.89,1,-65.77,115,6235.07,-0.03,0.02,7.16,0.0,Nov,1,1,1,18,Returning_Visitor,False,False
7,29.0,-1,-167.1,23,935.0,0.0,0.03,4.35,0.12,May,1,2,1,2,New_Visitor,False,False
0,-125.36,0,-179.1,2,15.0,0.0,0.1,10.63,0.33,Sep,2,2,3,5,New_Visitor,False,False
3,67.4,2,41.57,4,256.19,0.0,0.05,36.55,0.12,Dec,2,2,1,20,Returning_Visitor,False,True
0,-63.67,0,0.0,-37,129.5,0.02,0.06,0.0,0.0,Nov,2,2,3,2,Returning_Visitor,False,False
0,0.0,0,0.0,13,-832.43,0.0,0.01,0.0,0.01,May,4,2,3,2,Returning_Visitor,False,False
9,412.13,0,1.74,2,225.26,0.01,0.01,26.76,0.0,Oct,1,1,1,2,Returning_Visitor,False,False
4,92.6,0,0.0,8,536.68,-0.04,0.0,0.0,0.0,Dec,1,1,1,3,Returning_Visitor,True,False
2,-112.4,0,0.0,12,-429.72,0.02,0.04,0.0,0.07,Oct,3,2,3,11,New_Visitor,False,False
5,-24.99,0,0.0,18,494.67,0.0,0.02,37.77,-0.22,Jul,2,3,9,2,Returning_Visitor,False,True
6,130.64,0,-217.21,29,590.35,0.04,0.07,30.33,0.0,Oct,2,2,1,5,Returning_Visitor,False,False
2,101.8,1,120.0,60,2801.92,0.0,0.02,0.0,0.4,May,3,2,3,2,Returning_Visitor,True,False
1,28.02,0,139.39,-18,0.0,0.0,0.02,-4.93,-0.53,Oct,3,2,6,2,New_Visitor,True,True
5,0.0,0,50.38,-21,-775.13,0.05,0.1,27.84,0.45,May,2,2,2,1,Returning_Visitor,False,False
1,0.0,0,9.04,47,313.02,-0.01,0.02,1.99,0.38,Nov,1,1,4,2,Returning_Visitor,False,False
0,0.0,2,160.63,5,171.5,0.0,0.02,18.65,0.0,May,3,2,1,1,Returning_Visitor,False,False
-4,144.79,0,153.49,2,0.0,0.2,0.21,-4.24,0.32,May,4,1,4,3,Returning_Visitor,False,False
9,295.41,2,94.68,44,328.62,0.03,0.05,-25.03,0.06,Aug,2,2,3,6,Returning_Visitor,False,True
2,0.0,0,136.5,38,469.1,0.01,0.02,-11.47,0.23,May,2,4,4,2,Returning_Visitor,False,False
6,154.01,0,0.0,25,303.5,0.06,0.07,87.9,0.11,Aug,2,13,3,4,Returning_Visitor,True,True
1,0.0,0,0.0,11,60.9,0.08,0.1,0.0,0.33,Feb,1,1,1,3,Returning_Visitor,False,False
5,505.0,1,-47.87,85,2197.2,0.08,0.03,-13.63,0.8,May,3,2,3,13,Returning_Visitor,False,False
3,230.48,2,1005.0,70,3472.13,0.06,0.05,0.0,0.16,May,2,2,4,4,Returning_Visitor,False,False
8,430.37,1,177.58,35,742.5,-0.02,0.01,48.14,0.05,Mar,3,2,3,2,Returning_Visitor,True,False
2,219.43,1,-33.54,64,2629.82,-0.01,0.01,26.96,0.23,Dec,2,2,3,1,Returning_Visitor,False,False
3,198.17,0,-6.94,116,4104.08,0.01,0.02,26.11,0.0,Aug,2,2,7,2,Returning_Visitor,False,True
0,0.0,-1,-254.35,-3,-433.83,0.01,0.02,-23.02,0.06,May,2,2,7,1,Returning_Visitor,False,False
0,214.95,2,10.0,81,2305.38,0.0,0.04,14.53,0.1,Nov,2,2,1,13,Returning_Visitor,True,False
2,0.0,-1,0.0,14,208.9,0.0,0.01,0.0,-0.04,Nov,4,2,6,11,Returning_Visitor,True,False
2,0.0,0,-64.14,-29,-1348.68,0.01,0.03,0.0,-0.08,May,2,2,5,1,Returning_Visitor,False,False
0,117.5,1,125.03,-16,-542.76,0.04,0.07,15.58,0.01,Nov,4,2,6,3,Returning_Visitor,True,True
2,-4.09,1,0.0,13,-16.04,0.0,0.01,18.85,0.07,Aug,4,1,9,3,Returning_Visitor,False,True
0,0.0,0,-63.95,-16,396.28,0.05,0.07,0.0,0.05,Oct,3,2,8,6,New_Visitor,False,False
2,-11.79,1,14.68,17,-416.05,0.03,0.03,0.0,0.0,May,2,2,1,2,New_Visitor,False,False
-1,54.12,1,127.05,-14,-1262.05,0.04,0.08,5.3,0.31,Sep,3,2,9,2,Returning_Visitor,False,False
3,319.33,0,15.42,0,267.75,-0.01,0.02,26.92,0.0,Dec,2,2,6,2,New_Visitor,True,False
2,11.74,0,0.0,66,2041.63,0.01,0.05,0.0,0.0,Sep,2,2,3,3,Returning_Visitor,False,False
5,220.65,1,153.23,115,4833.32,0.0,-0.02,6.56,0.0,Nov,2,2,2,5,Returning_Visitor,True,True
1,11.0,3,181.75,79,2735.95,-0.02,-0.0,5.48,0.0,Nov,1,1,1,14,Returning_Visitor,False,False
2,150.88,-1,-135.75,10,42.0,0.0,0.03,0.0,0.0,Mar,2,2,6,1,Returning_Visitor,False,False
0,6.37,0,-75.49,4,-243.61,0.03,0.02,3.62,0.0,Mar,1,1,1,2,Returning_Visitor,False,False
4,71.26,-1,80.12,1,123.75,0.0,0.01,17.87,-0.08,Oct,2,2,7,5,Returning_Visitor,False,False
1,-60.56,0,12.03,48,2545.83,0.06,0.06,0.0,0.0,June,4,1,1,13,Returning_Visitor,False,False
0,0.0,0,21.15,7,2428.12,0.02,0.04,0.0,0.0,Mar,2,2,1,1,Returning_Visitor,False,False
-1,-57.2,0,193.76,23,92.93,0.0,0.01,0.0,-0.02,Mar,2,1,1,2,Returning_Visitor,False,False
0,-122.36,0,0.0,23,1001.3,0.03,0.06,20.22,0.0,Feb,2,2,9,2,Returning_Visitor,False,False
1,-110.46,1,34.24,61,2183.5,0.0,0.0,20.55,-0.06,Mar,1,1,6,1,Returning_Visitor,False,False
4,175.52,4,437.5,55,1984.02,0.06,0.07,14.23,0.0,Sep,2,2,9,6,Returning_Visitor,True,False
8,168.01,2,0.0,48,1913.93,0.0,0.04,0.0,0.0,Dec,2,2,1,2,Returning_Visitor,False,False
-2,9.0,1,116.1,37,1346.31,0.02,0.11,4.76,0.0,Oct,1,1,9,1,Returning_Visitor,False,False
1,192.5,0,0.0,32,1841.11,0.0,0.01,0.0,-0.17,Oct,3,2,4,9,Returning_Visitor,True,False
6,23.71,0,-102.36,27,455.37,-0.01,0.03,35.77,-0.03,Nov,3,3,8,2,Returning_Visitor,False,False
5,232.4,1,0.0,97,3138.55,0.04,0.07,-28.77,0.0,May,1,1,1,2,Returning_Visitor,True,False
0,77.68,2,0.0,49,2077.17,0.02,0.07,-11.12,0.0,Jul,2,2,6,3,Returning_Visitor,True,False
0,145.16,0,0.0,-11,183.67,0.05,0.06,0.0,0.0,Feb,1,1,4,4,Returning_Visitor,False,False
-1,0.0,0,-60.31,14,24.71,0.02,0.06,0.0,0.09,Jul,1,1,4,3,Returning_Visitor,False,False
5,0.0,0,-21.21,4,197.42,0.02,0.03,-15.28,0.08,Nov,4,1,1,1,Returning_Visitor,True,False
2,-100.72,2,8.0,50,1917.26,0.08,0.09,3.48,0.0,Nov,1,1,7,3,Returning_Visitor,True,False
0,160.53,-1,-100.13,21,1385.67,-0.02,0.02,-17.1,-0.03,Mar,3,2,3,1,Returning_Visitor,False,False
0,6.62,0,-0.94,6,-526.25,0.0,0.01,-29.74,0.0,Nov,2,2,8,2,New_Visitor,False,False
5,76.25,0,-72.95,22,1075.25,0.01,0.07,-1.84,0.08,Dec,2,2,2,5,New_Visitor,False,False
0,15.44,0,-48.02,19,362.0,0.0,0.01,0.0,0.04,Nov,2,2,7,5,New_Visitor,False,False
4,102.39,0,94.92,9,867.78,-0.02,0.0,9.12,-0.03,Dec,2,6,2,1,Returning_Visitor,False,False
3,45.54,1,39.0,91,3059.01,0.01,0.02,10.53,0.12,Nov,2,2,1,2,Returning_Visitor,False,True
2,64.98,0,0.0,23,808.04,0.06,0.04,47.49,-0.08,Dec,2,2,7,8,Returning_Visitor,True,False
0,118.03,1,0.0,24,567.25,-0.0,0.01,0.0,0.02,Dec,1,1,1,2,Returning_Visitor,False,False
-3,21.2,0,0.0,53,2224.63,0.03,0.04,-13.76,-0.2,Nov,2,2,1,3,Returning_Visitor,False,False
5,446.92,1,34.2,69,2383.01,0.0,-0.01,30.43,-0.28,Feb,2,2,9,2,Returning_Visitor,False,False
2,0.0,2,34.32,98,4380.43,0.02,0.03,7.61,0.0,Dec,1,3,4,4,New_Visitor,False,False
2,-55.61,-1,101.27,5,47.3,-0.01,0.02,45.83,-0.01,May,2,2,1,3,New_Visitor,False,True
6,148.0,0,-207.32,8,-178.38,0.0,0.04,48.54,0.11,Dec,3,2,2,1,Returning_Visitor,False,False
7,123.43,0,-25.24,-8,-1232.72,-0.01,-0.0,9.25,0.0,Oct,2,2,4,9,Returning_Visitor,True,False
0,-72.91,1,0.0,4,712.9,0.07,0.08,0.0,0.05,Feb,2,2,1,3,Returning_Visitor,False,False
0,0.0,0,0.0,23,356.8,0.02,0.05,-12.72,0.0,Mar,2,2,2,9,Returning_Visitor,True,False
5,-114.95,1,0.0,3,422.5,-0.04,-0.01,45.44,0.0,May,1,1,4,2,Returning_Visitor,True,False
4,228.41,1,0.0,39,1285.65,0.06,0.05,0.0,0.0,Nov,1,1,2,1,Returning_Visitor,False,False
0,259.64,1,244.73,-55,-1544.97,0.02,0.06,0.0,0.09,Nov,3,2,1,13,Returning_Visitor,True,False
7,189.1,1,188.93,34,483.28,0.02,0.03,0.0,-0.12,Mar,1,1,3,12,New_Visitor,True,False
-2,0.0,0,0.0,34,920.55,0.01,0.06,0.0,-0.09,June,3,2,2,1,Returning_Visitor,True,False
1,-74.62,0,0.0,42,963.94,0.0,0.01,27.13,0.18,May,2,10,1,4,Returning_Visitor,False,False
4,41.33,0,0.0,136,4738.06,0.01,0.01,0.0,0.8,Aug,3,2,4,4,Returning_Visitor,False,False
6,0.0,-1,0.0,2,14.0,0.01,0.06,14.53,-0.3,Dec,2,2,1,1,Returning_Visitor,False,False
0,0.0,0,0.0,29,1211.62,0.0,0.0,100.73,-0.07,Nov,4,1,5,2,Returning_Visitor,False,True
0,-163.31,-1,0.0,35,26.5,0.04,0.04,35.02,-0.16,Mar,3,2,2,6,Returning_Visitor,True,False
6,197.8,1,10.0,105,4175.35,-0.02,0.03,21.1,-0.4,Dec,2,2,1,2,Returning_Visitor,False,False
-6,-55.49,0,219.42,16,795.78,0.02,0.01,-12.86,0.0,Sep,2,4,3,4,Returning_Visitor,False,False
0,0.0,0,165.94,40,1694.23,0.05,0.04,0.0,0.17,Dec,1,1,2,2,Returning_Visitor,False,False
5,25.6,3,303.85,95,4274.9,0.0,0.0,-4.91,-0.07,Jul,1,1,4,4,Returning_Visitor,False,False
1,702.0,-1,-59.22,38,2193.15,0.2,0.18,9.09,0.0,Oct,1,1,3,5,Returning_Visitor,False,True
1,0.0,1,117.92,12,462.56,0.0,0.02,10.3,0.09,Dec,3,2,7,3,New_Visitor,False,False
-1,0.0,0,0.0,35,187.56,0.09,0.1,-1.39,0.0,Mar,3,2,2,6,Returning_Visitor,False,False
1,-78.73,0,0.0,24,1772.88,-0.01,0.02,39.69,0.0,May,3,2,1,13,Returning_Visitor,False,False
4,4.81,3,0.0,41,1919.55,0.01,0.03,28.03,0.03,Nov,2,2,2,6,Returning_Visitor,False,False
5,50.31,1,60.5,31,618.75,0.01,0.05,0.0,0.0,Oct,2,2,1,8,Returning_Visitor,False,False
8,95.25,0,0.0,86,2098.16,0.03,0.02,18.65,0.11,Mar,2,2,4,3,Returning_Visitor,False,False
1,-154.62,0,0.0,7,254.11,0.04,0.07,0.0,-0.06,Dec,4,1,1,1,Returning_Visitor,True,False
-3,-116.15,1,0.0,4,667.17,0.05,0.08,12.09,0.0,Feb,2,2,1,1,Returning_Visitor,False,False
7,416.43,1,0.0,28,1826.8,0.01,0.01,37.55,0.0,Mar,2,2,5,1,Returning_Visitor,False,False
4,389.54,2,37.4,90,4923.56,0.02,0.03,72.52,0.0,May,2,2,5,4,Returning_Visitor,False,True
5,256.76,0,72.1,31,1218.26,0.0,0.03,4.08,-0.29,Nov,2,2,1,10,Returning_Visitor,False,False
4,-73.33,0,-29.73,76,2793.53,0.0,0.02,1.82,0.0,May,1,1,2,3,Returning_Visitor,False,False
3,66.93,-1,-170.6,5,-850.86,0.0,0.05,-43.27,0.0,Dec,3,2,2,10,New_Visitor,False,False
3,216.45,1,183.89,34,545.1,0.01,0.04,-28.78,0.0,Jul,3,2,3,4,Returning_Visitor,False,False
1,0.0,0,31.45,1,1043.62,0.2,0.2,0.0,-0.03,Nov,2,2,7,13,Returning_Visitor,True,False
4,163.2,0,38.92,-7,481.52,0.03,0.07,6.61,-0.15,Nov,2,4,2,7,New_Visitor,False,False
-1,21.75,1,0.0,40,2103.8,0.08,0.12,-35.87,0.0,Oct,2,2,2,10,Returning_Visitor,False,False
8,10.0,1,234.18,34,-12.11,0.06,0.11,23.1,0.16,Feb,2,2,4,1,New_Visitor,True,False
1,108.61,-1,-32.09,75,1461.12,0.01,0.03,25.76,0.51,May,3,2,1,4,Returning_Visitor,False,False
6,250.43,0,57.67,61,2385.49,0.01,0.02,82.43,-0.01,Mar,3,2,3,1,Returning_Visitor,True,False
0,3.2,0,0.0,59,1759.79,0.0,0.02,0.0,0.37,May,2,2,2,2,Returning_Visitor,False,False
0,-98.89,-2,-369.2,-32,0.0,0.16,0.14,-7.77,0.08,Dec,8,13,9,11,Returning_Visitor,False,False
1,-14.63,1,-61.74,26,1524.32,0.06,0.1,-15.01,0.04,Oct,1,1,1,12,Returning_Visitor,True,False
0,60.87,1,0.0,-47,-1174.97,0.01,0.03,8.95,0.8,May,2,2,3,11,Returning_Visitor,False,False
0,114.38,0,0.0,1,0.0,0.01,0.04,33.65,-0.38,Dec,3,5,1,4,Returning_Visitor,False,False
6,60.47,1,91.17,26,872.83,-0.03,0.01,81.03,0.0,Nov,2,4,1,8,New_Visitor,False,True
1,0.0,0,0.0,-61,-1135.62,-0.01,0.04,0.33,0.03,Aug,1,3,1,2,Returning_Visitor,True,False
0,0.0,-1,-86.93,14,157.31,0.16,0.14,0.0,0.6,May,2,2,7,3,Returning_Visitor,False,False
4,79.26,4,140.0,26,832.83,0.0,0.04,22.81,0.36,Sep,2,2,1,8,Returning_Visitor,False,False
9,157.25,2,11.5,31,1063.42,-0.12,-0.08,0.0,0.0,May,2,2,1,2,Returning_Visitor,False,False
0,-112.42,0,72.26,-42,-230.03,0.01,0.03,13.83,-0.01,May,2,2,2,4,Returning_Visitor,True,False
7,257.4,0,-83.05,36,244.73,-0.02,0.02,37.82,0.0,Nov,1,1,4,2,New_Visitor,False,False
4,172.23,0,0.0,7,1721.67,0.02,0.04,0.0,0.01,Mar,2,2,1,1,Returning_Visitor,False,False
5,302.73,2,256.88,12,329.21,-0.0,0.03,0.0,0.17,Aug,3,2,1,2,Returning_Visitor,False,False
6,251.0,2,-66.46,97,4326.67,0.01,0.02,0.0,-0.11,Dec,2,2,1,2,Returning_Visitor,False,False
2,0.0,0,-120.5,3,231.85,0.0,0.01,-5.49,0.2,Aug,4,1,1,3,Returning_Visitor,False,False
0,136.0,2,120.13,30,995.45,0.0,0.02,47.26,0.01,Nov,2,2,4,9,Returning_Visitor,False,True
6,160.5,2,197.65,10,-718.62,0.03,0.02,8.42,0.49,Feb,1,1,6,2,Returning_Visitor,False,False
0,-242.93,0,0.0,-21,-1093.37,0.01,0.06,0.0,-0.06,Mar,3,2,6,3,Returning_Visitor,False,False
4,66.69,1,16.0,18,463.5,0.0,0.0,25.95,0.0,Feb,1,1,1,6,Returning_Visitor,False,False
0,-232.5,1,0.0,22,-541.77,-0.01,0.01,26.68,0.21,May,1,2,1,1,Returning_Visitor,False,False
0,0.0,-1,0.0,2,67.0,-0.02,0.02,23.89,0.0,Mar,1,1,7,2,Returning_Visitor,False,False
1,0.0,-1,0.0,44,2755.33,0.0,0.02,0.0,0.18,Aug,2,2,1,3,Returning_Visitor,False,False
4,666.2,2,336.3,27,1343.31,-0.01,0.01,-18.52,0.0,Oct,3,6,3,3,Returning_Visitor,False,False
6,336.92,1,116.06,150,4838.77,0.0,0.05,33.33,0.28,Mar,2,2,5,5,Returning_Visitor,False,False
3,0.0,-1,90.11,-3,219.5,-0.03,0.01,0.0,0.08,May,1,1,2,2,New_Visitor,False,False
-1,212.48,0,-72.01,-8,-238.55,0.04,0.07,1.39,0.32,Dec,3,2,6,3,Returning_Visitor,True,False
-2,-16.96,0,0.0,-56,-2202.35,0.11,0.12,15.95,0.24,May,1,1,1,18,Returning_Visitor,False,True
13,368.91,1,237.69,95,2398.25,-0.04,-0.04,-9.15,0.0,Oct,3,2,9,2,Returning_Visitor,False,False
0,0.0,0,0.0,16,719.28,0.05,0.09,0.0,0.0,May,2,2,3,3,Returning_Visitor,False,False
0,-120.08,0,41.94,30,94.8,0.04,0.07,0.0,0.1,Nov,3,2,7,13,Returning_Visitor,False,False
4,220.4,0,0.0,14,1723.0,0.04,0.02,7.22,-0.08,Feb,3,2,9,6,Returning_Visitor,False,False
-1,90.62,1,39.55,3,2189.77,-0.02,0.01,29.88,0.11,May,2,2,3,12,Returning_Visitor,True,False
3,290.84,0,117.86,45,1812.07,0.02,0.02,23.07,0.09,May,2,2,1,5,New_Visitor,True,False
3,-4.02,1,88.13,17,116.89,-0.02,0.01,-6.82,-0.01,Oct,2,2,1,2,New_Visitor,False,False
2,0.0,-1,33.69,19,85.67,-0.05,0.01,24.72,0.0,Mar,1,1,6,1,Returning_Visitor,False,False
2,0.0,0,0.0,59,1846.4,0.21,0.2,0.0,0.0,Sep,3,5,3,7,Returning_Visitor,False,False
4,297.29,0,-72.97,23,1514.04,0.09,0.12,0.0,-0.01,Nov,2,2,4,3,Returning_Visitor,False,False
0,0.0,1,0.0,38,2143.44,0.02,0.03,0.0,0.6,May,2,2,5,11,Returning_Visitor,False,False
-2,6.0,0,38.54,14,1183.0,-0.07,-0.01,16.51,0.0,Oct,2,2,4,6,New_Visitor,True,True
-1,0.0,1,97.7,10,747.34,0.0,0.04,0.0,0.11,May,2,2,1,1,Returning_Visitor,False,True
0,0.0,1,124.43,0,115.67,0.06,0.07,32.68,0.0,May,3,2,1,3,Returning_Visitor,False,False
0,-27.68,1,0.0,8,1215.14,0.02,0.04,37.16,0.0,Dec,3,2,1,1,Returning_Visitor,False,False
5,103.6,1,27.2,99,3167.32,-0.04,0.0,12.37,0.0,Oct,2,2,1,2,Returning_Visitor,False,True
1,102.17,2,20.0,33,224.59,0.0,0.04,0.0,0.0,May,2,2,7,2,Returning_Visitor,False,False
16,932.8,2,0.0,58,991.72,0.01,0.02,0.0,-0.16,Sep,1,1,7,6,New_Visitor,False,False
1,21.2,1,149.08,17,1123.25,0.01,0.02,30.05,0.14,Sep,2,2,1,4,Returning_Visitor,False,True
0,-80.18,0,-133.59,-44,-2339.55,0.2,0.21,-4.0,0.07,May,1,1,1,4,Returning_Visitor,True,False
0,137.27,1,158.87,131,5254.16,0.06,0.02,-27.67,0.16,Nov,2,2,3,2,Returning_Visitor,False,False
0,0.0,0,0.0,6,262.17,0.0,0.02,-53.29,0.0,Oct,3,2,1,2,Returning_Visitor,True,False
-2,19.83,0,0.0,34,545.08,0.0,0.06,9.84,0.0,Jul,3,2,9,2,Returning_Visitor,False,True
-1,-176.3,0,-63.16,1,345.68,0.02,0.08,-2.82,0.16,May,1,1,1,3,Returning_Visitor,False,False
-1,-19.58,-1,0.0,6,-344.82,0.0,0.05,0.0,0.6,Feb,2,2,1,2,New_Visitor,True,False
4,109.44,3,89.53,106,4131.16,0.01,0.04,-22.28,0.0,Feb,4,2,1,6,Returning_Visitor,False,False
2,83.82,0,123.99,19,584.53,0.07,0.05,0.0,-0.06,Oct,4,2,1,2,Returning_Visitor,True,False
0,-280.22,0,0.0,22,662.67,0.05,0.11,0.0,0.4,May,2,2,5,5,Returning_Visitor,True,False
2,0.0,1,35.89,98,4373.85,0.01,0.03,-4.82,0.15,Dec,2,2,4,3,Returning_Visitor,True,False
5,-20.93,1,0.0,21,436.68,0.01,0.05,0.0,0.0,Oct,2,2,1,3,Returning_Visitor,False,False
1,-219.44,-1,-313.31,20,497.8,0.01,0.03,33.19,0.06,Feb,3,6,1,2,Returning_Visitor,False,False
0,-40.7,0,-36.01,29,1141.18,0.01,0.03,12.95,-0.12,Mar,3,2,1,9,Returning_Visitor,False,False
-1,167.89,0,0.0,-9,754.92,0.0,0.02,0.0,0.0,May,3,2,6,2,Returning_Visitor,False,False
1,2.96,-1,175.58,4,30.42,0.0,0.0,0.0,0.08,Feb,2,2,1,3,Returning_Visitor,False,False
-2,43.14,0,94.75,104,3534.75,-0.04,0.0,0.0,-0.01,Nov,2,2,9,3,Returning_Visitor,False,False
-1,176.49,1,217.02,95,4628.76,0.0,0.02,10.25,0.0,Nov,3,2,2,10,Returning_Visitor,True,True
7,456.9,1,79.72,47,1122.87,0.0,0.01,12.12,-0.25,Nov,1,5,7,2,Returning_Visitor,False,True
0,64.51,1,214.93,21,1252.82,-0.02,-0.01,13.59,0.22,Oct,4,1,3,2,Returning_Visitor,True,True
0,-22.28,1,0.0,34,429.04,0.09,0.1,0.0,0.13,June,2,2,2,2,New_Visitor,False,False
0,0.0,0,0.0,-5,-1416.47,0.02,0.01,0.0,0.05,Oct,1,1,4,4,Returning_Visitor,True,False
5,406.7,1,-168.36,23,1010.25,0.01,0.03,31.82,-0.1,Dec,3,6,1,10,Returning_Visitor,True,True
3,171.91,-1,18.0,10,409.47,-0.02,0.04,21.24,0.11,Oct,2,2,1,2,Returning_Visitor,False,False
1,46.5,0,16.83,22,578.81,0.0,0.04,0.0,0.0,Mar,1,1,3,2,New_Visitor,False,False
0,0.0,0,0.0,2,4.0,0.0,0.1,-8.93,0.0,Mar,3,2,1,1,Returning_Visitor,False,False
2,-20.08,0,0.0,23,129.96,0.0,-0.0,0.0,0.0,Jul,2,1,6,1,Returning_Visitor,True,False
8,803.47,0,0.0,30,1240.16,0.0,0.03,15.74,0.11,Feb,2,2,2,10,Returning_Visitor,False,False
1,117.51,2,132.24,-6,536.32,0.04,0.06,0.0,-0.38,Dec,1,1,1,2,Returning_Visitor,False,False
0,-37.47,-1,-16.9,8,-1079.15,0.0,0.05,2.7,0.18,Mar,3,2,7,10,Returning_Visitor,True,False
6,95.92,0,-97.92,19,1859.41,0.03,0.02,28.13,-0.18,Dec,2,2,3,2,Returning_Visitor,False,False
0,0.0,0,153.05,76,2731.57,-0.01,0.01,7.82,0.0,May,3,2,6,2,Returning_Visitor,False,False
8,117.02,0,-200.18,25,252.89,0.0,0.01,3.34,0.4,May,2,6,1,6,Returning_Visitor,False,False
-2,-102.14,-2,-122.4,30,2040.17,-0.04,0.02,-1.43,0.07,Dec,2,2,8,2,New_Visitor,False,True
6,205.0,1,-44.46,20,1736.8,0.0,0.0,30.12,0.0,Nov,2,2,1,2,Returning_Visitor,False,False
11,542.37,0,-137.34,77,2133.41,0.0,0.04,0.0,0.0,Mar,1,1,1,2,New_Visitor,False,False
3,78.0,1,0.0,22,2086.94,0.0,0.02,19.1,0.0,Dec,1,1,3,3,Returning_Visitor,True,True
0,67.15,1,0.0,45,2347.33,-0.03,0.02,1.88,0.05,Dec,2,4,1,2,Returning_Visitor,False,False
4,291.96,4,52.4,149,6747.41,-0.02,0.02,-25.79,-0.12,Nov,2,2,6,2,Returning_Visitor,False,False
5,36.87,0,0.0,35,2025.89,0.03,0.04,11.76,0.3,Oct,2,2,2,3,Returning_Visitor,True,False
0,0.0,0,-74.49,66,1670.87,-0.01,-0.01,-5.19,1.0,Aug,2,2,7,4,Returning_Visitor,False,False
1,-167.79,0,-35.25,11,118.47,0.0,0.01,5.51,0.18,Mar,2,2,2,9,Returning_Visitor,False,False
2,78.56,0,0.0,8,261.6,-0.02,-0.03,30.28,0.0,May,3,1,1,2,Returning_Visitor,True,False
3,34.5,0,-47.34,17,491.83,-0.02,0.0,-9.8,-0.04,Dec,2,4,1,1,New_Visitor,False,False
5,45.94,2,16.0,165,5371.48,-0.01,-0.02,3.51,-0.4,Feb,1,1,6,3,Returning_Visitor,False,True
0,0.0,0,0.0,-27,-2148.73,0.06,0.07,15.78,0.6,May,4,1,1,12,Returning_Visitor,False,False
2,118.92,0,17.97,3,45.33,0.02,0.02,-19.38,-0.1,Sep,3,2,9,4,Returning_Visitor,False,False
10,511.5,0,57.28,73,2107.24,0.0,0.01,30.09,0.24,May,2,2,7,3,Returning_Visitor,True,False
-2,-120.35,0,-153.81,-19,85.75,0.03,0.05,4.08,0.44,Oct,2,2,1,4,Returning_Visitor,True,False
5,324.37,-1,0.0,46,2644.73,0.01,0.07,27.66,0.14,May,2,4,1,7,Returning_Visitor,False,True
0,0.0,0,-39.43,9,214.75,-0.01,0.02,-2.91,0.25,Mar,1,1,3,2,Returning_Visitor,True,False
9,397.55,4,336.8,534,18504.13,-0.13,-0.15,10.08,0.22,Nov,2,2,1,2,Returning_Visitor,False,True
5,63.6,0,0.0,43,1848.52,0.01,0.03,0.0,0.0,Aug,1,1,1,4,Returning_Visitor,True,False
5,86.6,0,-230.79,35,596.03,0.0,0.01,0.0,-0.1,Dec,2,5,1,8,New_Visitor,False,False
1,-184.75,1,-10.12,28,2339.37,0.02,0.03,0.0,-0.03,Nov,4,1,1,11,New_Visitor,True,False
2,17.71,0,113.32,-46,-1557.21,0.13,0.14,0.0,0.0,May,3,2,1,1,Returning_Visitor,False,False
2,28.0,2,0.33,27,1253.33,0.0,0.01,39.72,0.0,Mar,1,1,1,2,Returning_Visitor,False,True
0,119.62,0,0.0,63,3371.05,0.0,0.06,-3.73,0.26,Aug,4,1,1,3,Returning_Visitor,False,False
3,210.34,1,-144.3,26,-110.63,0.02,0.02,0.0,0.15,Jul,3,2,4,10,Returning_Visitor,False,False
4,142.08,0,0.0,91,4217.02,0.03,0.06,13.78,0.06,Mar,2,4,9,9,Returning_Visitor,False,False
-1,-63.59,1,88.58,38,892.19,0.01,0.04,3.21,0.2,Mar,1,1,1,2,Returning_Visitor,False,False
4,0.0,1,-28.49,30,480.61,0.06,0.04,0.0,0.0,Dec,2,1,3,3,Returning_Visitor,False,False
4,292.84,2,220.08,20,709.34,0.01,0.03,7.96,0.04,Mar,2,2,1,2,Returning_Visitor,False,False
3,53.87,0,88.0,86,3567.62,0.0,0.0,42.42,0.22,Aug,1,1,2,4,Returning_Visitor,False,True
4,228.84,-1,176.79,13,-598.52,0.0,0.01,27.7,0.0,Nov,2,2,1,2,Returning_Visitor,True,False
2,0.0,0,0.0,-9,102.75,-0.01,0.03,21.69,-0.19,Dec,2,2,1,10,Returning_Visitor,False,False
0,129.56,-1,0.0,39,452.83,0.0,0.04,0.0,-0.21,Mar,3,4,6,2,Returning_Visitor,True,False
1,34.0,0,68.56,7,-163.89,-0.0,0.01,-7.0,-0.17,Mar,2,4,2,8,Returning_Visitor,False,True
8,522.25,0,-7.69,-30,-1271.25,0.05,0.07,-8.78,0.0,Oct,2,2,2,2,Returning_Visitor,False,False
3,68.74,1,15.94,65,3603.08,0.01,0.02,8.42,0.23,Aug,2,2,3,8,Returning_Visitor,True,False
0,-100.69,1,0.0,5,170.0,0.08,0.08,0.0,0.02,May,1,1,2,3,New_Visitor,True,False
3,62.51,5,869.0,150,4690.68,-0.03,-0.02,4.44,0.16,Mar,2,2,3,4,Returning_Visitor,False,False
1,-9.23,0,66.97,54,1470.97,-0.05,-0.01,19.22,-0.11,Feb,2,2,1,2,Returning_Visitor,False,False
1,0.0,0,-34.22,7,81.41,0.1,0.11,-13.19,0.24,June,3,2,2,3,Returning_Visitor,False,False
1,58.0,0,0.0,-23,-677.74,-0.02,0.01,4.38,0.0,Mar,2,2,8,2,New_Visitor,False,False
2,-130.77,-1,90.12,-40,-1004.95,0.04,0.07,0.0,0.0,Mar,2,2,3,1,Returning_Visitor,False,False
2,166.23,2,216.0,17,1243.5,0.01,0.07,32.81,0.1,Mar,2,2,3,2,New_Visitor,True,True
0,-118.05,0,0.0,-4,38.39,0.2,0.2,-16.1,0.27,May,1,1,7,3,Returning_Visitor,True,False
-3,0.0,0,0.0,-14,178.83,0.07,0.08,0.0,-0.01,Oct,2,2,1,2,Returning_Visitor,False,False
3,34.99,3,118.43,152,5273.4,-0.01,0.01,12.65,-0.34,Nov,2,1,4,4,Returning_Visitor,False,True
3,306.15,2,0.0,65,1623.5,-0.01,0.0,49.39,0.6,May,2,2,1,1,New_Visitor,True,True
3,86.91,1,50.5,30,1089.29,0.0,0.0,9.96,0.18,Nov,2,2,2,10,Returning_Visitor,False,False
0,422.91,2,0.0,10,891.61,0.02,0.04,0.0,0.0,Mar,2,4,1,10,Returning_Visitor,False,False
1,51.83,1,0.0,22,-11.6,0.03,0.06,-20.01,0.47,May,2,5,8,13,Returning_Visitor,False,False
0,0.0,0,130.55,1,-447.29,0.01,0.01,32.77,0.0,Nov,2,2,2,1,Returning_Visitor,False,False
-2,0.0,0,0.0,1,1393.93,0.15,0.2,0.0,0.0,Nov,3,2,3,3,Returning_Visitor,False,False
5,49.1,0,153.74,19,1322.91,-0.06,-0.03,-31.07,0.0,Nov,3,2,2,4,Returning_Visitor,False,False
-1,-10.72,0,-32.29,6,815.0,-0.01,0.03,4.37,0.02,May,1,2,1,4,Returning_Visitor,False,False
3,0.0,0,-234.29,1,-1865.97,0.01,0.04,0.0,-0.02,Jul,2,2,6,1,Returning_Visitor,True,False
2,64.0,1,0.0,26,-700.32,-0.01,-0.02,-7.35,0.0,Dec,4,1,2,4,Returning_Visitor,False,False
0,-20.06,1,-25.92,-56,-2276.11,0.02,0.05,0.0,0.05,Nov,1,1,1,2,Returning_Visitor,False,True
0,0.0,0,-23.36,8,1103.06,0.0,0.03,-21.6,0.0,Nov,2,2,2,4,Returning_Visitor,False,True
7,208.44,0,66.53,21,2419.68,0.0,0.03,-9.82,0.0,Aug,3,2,4,1,Returning_Visitor,True,False
-1,28.8,0,-27.65,21,-283.67,0.03,0.03,-0.47,0.0,Dec,1,1,3,1,New_Visitor,False,False
0,96.82,0,128.9,38,1157.98,0.0,0.01,0.0,-0.19,Nov,2,2,7,10,Returning_Visitor,False,False
4,40.6,1,103.33,63,340.92,0.0,-0.01,0.0,0.13,Aug,2,2,1,2,Returning_Visitor,False,False
8,385.57,2,0.0,50,623.76,-0.01,-0.02,33.65,-0.17,Nov,2,2,7,4,Returning_Visitor,False,False
5,-7.9,1,59.77,117,4627.49,0.0,-0.01,0.0,-0.4,Nov,3,2,1,4,Returning_Visitor,False,True
1,0.0,-1,-331.13,88,3417.65,0.0,0.02,-7.09,-0.17,Jul,2,2,5,2,New_Visitor,True,False
4,97.0,0,0.0,23,24.26,-0.02,0.01,-11.03,-0.25,Nov,2,1,7,2,New_Visitor,False,False
4,0.0,2,305.06,79,2608.24,-0.01,0.01,21.95,0.0,May,2,1,1,8,Returning_Visitor,False,False
0,-226.62,0,1.41,12,-350.8,0.0,0.03,0.0,0.47,Feb,1,1,1,4,Returning_Visitor,False,False
3,29.63,0,161.35,-32,-1105.08,0.01,0.02,0.0,-0.07,Nov,3,2,1,3,Returning_Visitor,False,True
0,65.98,2,0.0,-21,0.0,0.2,0.23,4.1,0.0,Nov,1,7,1,15,Returning_Visitor,True,False
0,0.0,0,17.91,28,934.45,0.0,0.01,0.0,-0.12,Mar,2,6,2,2,Returning_Visitor,False,False
7,178.92,2,52.0,12,699.25,-0.04,0.01,0.0,0.02,May,1,1,1,3,Returning_Visitor,False,False
5,250.67,0,0.0,5,29.5,0.04,0.06,32.33,0.0,Dec,1,1,4,2,Returning_Visitor,True,False
1,49.0,-2,-114.11,56,1985.88,0.01,0.03,10.04,-0.18,Feb,3,2,4,2,Returning_Visitor,False,False
4,35.72,1,-29.12,9,1154.71,-0.01,0.03,0.0,0.04,Nov,2,2,1,1,Returning_Visitor,False,False
4,53.4,0,0.0,65,2246.88,0.05,0.1,-7.63,0.19,May,1,1,4,4,Returning_Visitor,False,False
7,309.97,1,0.0,40,1656.85,0.02,0.02,0.0,0.44,May,1,1,2,3,Returning_Visitor,False,False
0,223.48,0,184.82,65,2207.62,0.01,0.04,0.0,0.27,May,2,2,3,4,Returning_Visitor,False,False
-1,-293.96,-1,0.0,-10,609.7,0.03,0.03,-20.99,0.07,Feb,2,2,3,1,Returning_Visitor,False,False
3,0.0,1,27.0,87,4160.73,-0.02,0.01,21.12,0.38,May,3,2,1,3,Returning_Visitor,False,False
-6,-281.91,0,7.03,-3,753.0,-0.01,0.01,-1.29,0.0,Mar,2,2,2,4,Returning_Visitor,False,False
0,0.0,1,0.0,50,197.38,0.03,0.06,-7.96,0.0,Feb,2,6,1,1,Returning_Visitor,False,False
2,-58.71,0,0.0,71,1630.85,0.04,0.08,0.0,0.0,Oct,1,1,1,2,Returning_Visitor,False,False
5,44.2,3,272.5,30,2093.96,0.01,0.06,11.48,0.0,May,3,2,3,1,Returning_Visitor,True,True
3,176.0,2,0.0,21,654.5,-0.04,0.03,37.24,0.2,Jul,1,1,2,2,Returning_Visitor,False,False
1,74.0,1,0.0,9,602.24,0.0,0.03,21.55,-0.14,Mar,1,1,9,3,Returning_Visitor,False,False
3,105.03,2,80.0,10,246.79,0.0,0.02,15.33,0.37,Feb,2,2,2,1,Returning_Visitor,False,False
0,64.87,0,107.11,25,1225.86,0.01,0.05,0.0,0.4,Nov,1,2,2,14,Returning_Visitor,True,False
3,175.59,0,85.78,39,1867.03,0.0,0.01,16.34,0.0,Nov,2,2,1,4,Returning_Visitor,False,False
0,57.33,0,0.0,-30,-1562.79,0.06,0.08,3.28,0.0,Dec,2,2,9,15,Returning_Visitor,False,False
4,103.0,0,0.0,32,2245.04,-0.0,0.01,0.0,0.0,Oct,2,2,2,1,Returning_Visitor,False,False
6,256.74,0,-91.17,18,849.5,0.0,0.0,0.0,0.26,Mar,2,2,1,1,Returning_Visitor,False,False
0,0.0,0,0.0,10,1530.2,0.01,0.04,0.0,-0.18,Nov,2,2,3,2,Returning_Visitor,False,False
7,141.75,2,135.94,52,1787.91,0.01,0.04,0.0,0.13,Nov,1,1,1,2,Returning_Visitor,False,False
0,7.63,0,99.33,47,2493.99,-0.0,0.02,-9.44,-0.04,Dec,2,2,4,1,Returning_Visitor,False,True
4,125.48,1,0.0,38,955.38,0.0,0.01,0.0,-0.24,Feb,2,2,2,2,New_Visitor,True,False
-3,-140.0,0,0.0,-57,-2412.56,0.03,0.02,34.27,0.0,May,1,1,4,4,New_Visitor,False,False
-4,-70.97,1,-28.69,-5,70.47,0.06,0.09,0.0,0.0,Nov,2,2,1,4,Returning_Visitor,False,False
0,63.77,1,493.59,32,2598.52,0.2,0.19,6.76,0.0,Mar,4,5,1,3,Returning_Visitor,False,False
3,-22.79,0,0.0,-16,582.58,-0.04,0.01,27.45,-0.08,Nov,1,1,3,2,Returning_Visitor,False,False
6,134.03,4,82.5,22,1087.99,-0.02,0.02,9.42,0.13,Feb,3,2,6,2,Returning_Visitor,False,False
-2,-154.96,-1,0.0,20,-577.0,0.07,0.07,8.99,-0.02,Nov,3,2,3,13,Returning_Visitor,False,False
0,297.12,0,-193.26,4,206.5,0.06,0.05,0.0,0.0,Dec,1,1,3,8,Returning_Visitor,False,False
0,0.0,0,-128.6,4,-116.96,0.11,0.13,-8.81,0.0,Jul,3,6,9,13,Returning_Visitor,False,False
2,61.01,0,-15.89,66,1252.76,0.07,0.08,0.0,-0.06,Nov,2,4,2,1,New_Visitor,False,False
-2,152.07,0,0.0,60,744.17,0.03,0.06,6.99,0.0,Oct,2,6,4,2,Returning_Visitor,False,False
1,2.0,0,0.0,21,1335.74,0.0,0.0,5.8,0.0,Oct,3,2,7,1,Returning_Visitor,False,True
2,161.0,1,0.0,28,313.5,0.0,0.01,25.61,0.04,Feb,2,2,6,1,Returning_Visitor,True,False
8,349.41,0,0.0,122,2577.45,-0.01,-0.04,-16.81,0.0,Nov,3,2,1,1,Returning_Visitor,False,True
1,-228.94,0,-165.44,57,1518.15,0.0,0.01,47.0,-0.26,Jul,7,13,4,20,Other,False,False
3,237.37,-2,-187.42,31,866.7,-0.01,0.03,-42.71,0.0,May,2,2,6,3,Returning_Visitor,False,True
8,371.5,2,50.63,22,2178.67,0.06,0.11,15.0,0.0,Feb,1,1,1,13,Returning_Visitor,False,False
0,27.67,1,0.0,44,1750.37,0.02,0.01,0.0,0.0,June,4,1,3,9,Returning_Visitor,False,False
0,-13.93,0,86.31,60,1072.54,-0.03,0.0,11.99,1.0,May,1,8,4,11,New_Visitor,False,True
0,0.0,0,-161.05,13,900.22,-0.02,0.01,14.12,0.0,Aug,2,6,4,4,Returning_Visitor,False,True
2,0.0,1,0.0,4,-251.69,0.0,0.07,3.22,-0.1,Mar,3,2,4,1,Returning_Visitor,False,False
-3,13.0,0,155.34,9,558.53,0.01,0.03,0.0,0.19,Dec,3,5,1,14,Returning_Visitor,False,False
6,330.81,0,0.0,10,1229.0,0.01,0.04,-7.86,0.33,Oct,2,2,1,14,Returning_Visitor,False,True
2,329.89,1,115.93,43,1912.75,0.01,0.01,-3.31,0.0,Nov,3,2,1,14,Returning_Visitor,False,False
2,100.83,0,49.34,6,-3.33,-0.01,0.01,5.79,0.0,Dec,2,2,2,2,Returning_Visitor,False,False
3,16.64,2,0.0,102,5543.46,0.0,0.01,0.0,0.15,Oct,1,2,1,2,Returning_Visitor,False,False
2,245.49,0,156.81,70,2012.66,0.0,0.02,44.96,0.0,Aug,2,6,3,5,New_Visitor,True,False
0,87.04,1,0.0,20,1482.09,0.0,0.01,21.72,0.08,Dec,3,2,3,6,Returning_Visitor,False,True
3,22.28,3,183.27,49,2110.12,-0.0,0.0,9.04,-0.07,Mar,2,2,1,1,Returning_Visitor,False,True
7,471.42,1,-200.31,74,2961.57,0.03,0.01,0.0,0.0,Sep,3,2,1,2,Returning_Visitor,False,False
4,218.0,2,-111.96,13,284.5,0.0,0.0,0.0,0.0,Nov,1,1,4,2,Returning_Visitor,False,False
5,206.0,1,0.0,-24,-1063.79,-0.03,0.02,0.0,-0.29,Nov,4,1,1,4,New_Visitor,False,False
0,0.0,0,131.65,1,0.0,0.16,0.2,-22.39,0.16,Aug,2,2,1,3,Returning_Visitor,True,False
2,111.6,1,-115.27,14,741.97,0.02,0.05,0.0,0.8,May,2,1,3,2,Returning_Visitor,False,False
2,0.0,0,-170.11,35,586.85,-0.0,0.02,1.52,-0.13,Mar,3,2,1,1,Returning_Visitor,True,False
7,223.87,3,23.0,111,3807.43,0.0,0.02,-0.13,-0.06,Jul,2,2,7,6,New_Visitor,True,False
1,92.36,-3,-78.15,60,2017.86,0.09,0.1,10.25,-0.21,Jul,1,5,1,4,Returning_Visitor,False,False
0,0.0,-2,-88.65,1,-1034.21,0.11,0.15,0.0,0.0,Mar,4,1,8,2,Returning_Visitor,False,False
2,-217.76,0,-157.28,11,-339.77,0.0,0.03,0.0,0.3,Aug,1,1,1,2,Returning_Visitor,False,False
3,80.03,1,0.0,50,1493.35,0.05,0.04,25.81,-0.08,Mar,2,2,1,2,Returning_Visitor,False,False
9,462.36,5,205.0,84,2600.86,0.07,0.08,38.93,0.01,Jul,2,2,1,11,Returning_Visitor,False,True
0,-108.98,0,-52.18,7,43.7,0.05,0.06,15.37,0.38,May,2,2,1,4,Returning_Visitor,False,False
5,157.5,0,271.84,103,2174.33,0.0,0.02,7.73,-0.31,Nov,1,1,1,2,Returning_Visitor,False,False
5,-110.61,0,-237.84,6,584.6,0.0,0.02,37.95,0.18,Sep,2,2,1,4,Returning_Visitor,False,False
-5,-384.25,-1,-86.38,4,-957.02,0.19,0.2,0.0,0.0,Mar,2,4,3,1,Returning_Visitor,True,False
-2,26.0,1,-113.07,12,486.92,0.02,0.04,0.0,0.32,Aug,1,1,1,3,Returning_Visitor,True,False
5,195.79,0,-89.82,6,26.0,0.07,0.1,-31.6,0.0,Nov,3,2,2,13,Returning_Visitor,False,False
3,-132.07,0,0.0,12,170.53,-0.01,0.0,37.97,0.11,Aug,2,2,7,4,New_Visitor,False,True
-2,0.0,0,209.87,48,1304.67,0.02,0.05,-37.38,0.6,May,2,2,1,14,Returning_Visitor,False,False
4,0.0,0,0.0,47,636.7,0.0,-0.01,-30.71,-0.14,Feb,2,2,1,3,Returning_Visitor,True,False
0,57.76,0,0.0,8,-1129.65,0.0,0.01,0.0,-0.05,Nov,2,2,3,4,Returning_Visitor,False,False
0,186.77,0,0.0,15,281.74,0.04,0.01,57.82,0.08,Nov,2,4,1,3,New_Visitor,False,True
-2,0.0,2,0.0,24,255.32,0.02,0.04,0.0,0.35,May,2,2,8,6,Returning_Visitor,False,False
0,-154.74,0,-139.99,-12,0.0,0.2,0.21,-24.34,0.0,Dec,4,1,1,3,Returning_Visitor,True,False
0,0.0,0,-234.74,10,163.5,-0.02,0.02,10.63,0.0,Nov,3,6,6,3,Returning_Visitor,False,False
8,203.0,-2,-244.17,28,635.15,-0.04,-0.02,0.0,0.21,May,2,2,1,1,Returning_Visitor,True,False
3,100.36,2,187.43,9,1069.63,0.0,0.02,-8.36,0.08,Nov,4,1,1,2,Returning_Visitor,False,False
8,116.97,9,2252.03,172,8444.09,-0.08,-0.09,0.0,-0.11,Oct,2,2,4,2,Returning_Visitor,True,False
1,-10.37,1,-245.7,-19,273.5,0.0,0.06,6.07,0.3,May,2,2,1,3,Returning_Visitor,True,False
0,-108.45,-1,0.0,28,108.0,0.05,0.07,0.22,-0.17,Mar,2,2,2,13,Returning_Visitor,True,False
-1,34.0,0,0.0,56,2456.3,-0.03,0.0,8.5,-0.29,May,2,2,7,11,Returning_Visitor,False,False
2,0.0,0,114.03,-13,-274.85,0.06,0.04,-26.98,0.0,Jul,3,2,4,10,Returning_Visitor,True,False
-4,-201.51,0,54.17,11,0.0,0.2,0.2,0.0,0.0,Dec,8,13,1,20,Other,False,False
15,1629.33,3,214.5,112,3600.85,0.0,0.05,8.98,-0.05,Jul,2,1,3,3,Returning_Visitor,False,False
0,-10.93,0,0.0,6,423.18,0.01,0.03,0.0,0.24,Nov,3,2,7,10,Returning_Visitor,False,False
-1,0.0,0,0.0,2,80.0,0.04,0.03,0.0,0.38,May,2,6,2,3,Returning_Visitor,False,False
-4,-256.42,0,-149.57,29,600.37,0.01,0.02,18.25,0.0,Jul,4,2,9,10,Returning_Visitor,True,False
8,43.69,2,7.0,25,591.89,0.01,-0.0,165.62,-0.05,May,1,1,9,4,New_Visitor,True,True
0,-239.13,0,225.37,9,730.08,0.02,0.05,-26.22,0.0,Nov,2,2,6,4,Returning_Visitor,True,False
4,200.71,0,0.0,2,-1657.61,0.0,0.05,42.5,0.19,May,4,1,1,2,Returning_Visitor,False,False
0,56.41,3,161.6,38,555.89,0.0,0.03,27.83,0.0,Mar,1,5,2,2,Returning_Visitor,False,True
5,247.87,0,-31.56,87,1431.0,0.0,0.02,6.13,-0.2,Jul,3,1,2,3,Returning_Visitor,False,False
1,188.17,-1,0.0,-18,-401.34,0.01,0.01,-3.96,0.2,Mar,2,5,6,2,Returning_Visitor,False,True
0,-26.04,0,99.37,-10,0.0,0.2,0.2,0.0,0.01,Mar,2,6,7,3,Returning_Visitor,False,False
2,234.78,0,11.0,55,2329.07,-0.04,-0.03,4.01,0.0,Mar,1,3,1,2,Returning_Visitor,False,False
2,0.0,-1,27.83,4,-399.02,-0.1,-0.11,28.62,-0.06,Dec,3,5,7,12,Returning_Visitor,False,False
1,-4.51,0,0.0,52,2376.86,0.03,0.05,13.33,0.12,Aug,3,2,3,2,Returning_Visitor,False,False
-3,-50.71,1,18.76,20,-302.27,0.04,0.06,2.05,0.0,Mar,2,6,6,2,Returning_Visitor,True,False
0,-81.53,1,0.0,-14,90.67,0.0,0.05,0.0,0.0,May,2,2,1,6,Returning_Visitor,False,False
0,0.0,1,234.0,67,1612.33,0.01,-0.02,0.0,0.25,Nov,2,2,1,1,Returning_Visitor,True,False
0,3.28,1,176.83,5,649.5,0.03,0.06,30.06,0.0,May,3,2,1,2,Returning_Visitor,False,False
2,0.0,0,-200.36,-111,-3822.54,0.0,0.2,0.0,0.0,Aug,2,2,5,1,New_Visitor,False,False
2,0.0,1,-15.38,21,1642.33,0.04,0.08,0.0,0.0,Nov,4,1,1,2,Returning_Visitor,False,False
2,0.0,0,147.24,4,117.0,0.15,0.15,-6.86,0.42,May,2,2,3,13,Returning_Visitor,False,False
0,0.0,1,140.31,3,258.5,-0.04,-0.03,30.02,-0.29,Feb,1,1,4,2,Returning_Visitor,True,False
6,213.12,1,204.35,69,1182.43,0.0,0.0,19.72,-0.09,Nov,2,2,1,1,Returning_Visitor,False,True
9,98.27,3,144.5,37,632.73,0.02,0.03,-12.1,0.21,Feb,3,2,2,1,Returning_Visitor,False,True
6,3.0,0,92.61,7,159.75,-0.04,-0.02,0.0,0.0,Mar,3,2,3,2,Returning_Visitor,False,True
9,295.32,5,482.59,172,6423.8,-0.02,0.01,1.48,0.32,Nov,3,2,2,2,Returning_Visitor,False,True
-4,49.86,-3,-77.62,-37,-1514.54,0.02,0.02,-12.25,0.24,May,2,2,7,2,Returning_Visitor,False,True
1,3.0,0,0.0,1,577.17,-0.03,0.02,0.0,0.2,Nov,4,1,3,4,Returning_Visitor,False,False
-2,-48.73,1,0.0,13,1708.42,0.01,0.04,5.4,0.0,Sep,2,2,1,3,Returning_Visitor,False,False
0,52.14,-1,-92.86,9,82.5,0.08,0.1,0.0,0.15,Dec,2,2,3,3,Returning_Visitor,False,False
0,11.92,-1,-227.33,3,-631.07,0.1,0.12,0.0,0.6,May,2,1,1,7,Returning_Visitor,False,False
5,0.0,2,283.98,-19,-732.8,0.02,0.05,0.0,0.0,Mar,1,1,1,9,Returning_Visitor,True,False
2,0.0,0,0.0,77,2386.74,0.0,-0.0,0.0,0.0,Feb,2,1,3,2,New_Visitor,True,False
9,320.17,0,0.0,63,2199.5,0.0,-0.02,0.0,0.12,Dec,2,2,6,10,New_Visitor,False,False
3,151.59,-1,0.0,7,-2349.24,0.0,0.02,0.0,0.0,Mar,2,2,2,2,New_Visitor,True,False
1,140.57,1,0.0,3,1023.07,-0.01,0.03,0.0,0.11,Nov,2,2,1,3,Returning_Visitor,False,False
3,180.56,1,-42.64,19,93.5,0.11,0.14,-13.21,0.12,Sep,1,1,1,3,Returning_Visitor,False,False
3,183.6,0,91.27,73,3608.45,0.02,0.01,43.75,0.0,Nov,2,2,5,2,New_Visitor,True,True
-1,230.3,1,0.0,3,46.0,0.03,0.05,0.0,0.0,Dec,4,2,9,10,Returning_Visitor,False,False
2,98.25,0,0.0,10,9.62,0.02,0.01,0.0,0.0,Mar,2,2,2,9,Returning_Visitor,False,False
12,430.16,5,622.4,154,4525.4,0.0,0.01,-7.32,0.0,Nov,2,2,1,2,Returning_Visitor,True,False
-2,-192.87,1,60.49,68,2573.53,-0.02,0.01,-35.91,0.02,Nov,1,1,2,7,Returning_Visitor,False,False
3,155.08,0,-90.16,49,1151.1,-0.01,0.03,-5.16,0.0,Nov,2,2,3,1,Returning_Visitor,False,False
6,572.58,1,214.25,100,4121.56,0.0,0.01,-1.41,0.53,May,2,2,1,2,Returning_Visitor,True,True
5,67.47,0,0.0,40,737.29,0.0,0.02,0.0,0.0,Mar,3,1,1,4,Returning_Visitor,True,False
3,-45.0,1,0.0,16,901.02,0.12,0.11,9.38,0.0,May,3,4,9,4,Returning_Visitor,True,False
1,0.0,0,0.0,24,485.28,0.0,0.05,-35.6,1.0,May,3,2,4,4,Returning_Visitor,True,False
0,0.0,0,0.0,89,3417.19,-0.01,-0.01,0.0,0.0,Mar,2,2,2,7,Returning_Visitor,False,False
0,154.69,0,35.12,24,443.45,-0.03,-0.03,8.89,-0.03,June,3,2,4,2,Returning_Visitor,False,False
2,164.59,-1,-138.98,-51,-1275.03,0.02,0.0,-5.92,0.0,Nov,1,1,1,3,Returning_Visitor,True,False
0,-33.36,0,0.0,49,1684.56,0.07,0.09,3.41,0.05,Mar,2,2,1,4,Returning_Visitor,True,False
4,0.0,0,0.0,-4,-17.33,-0.02,0.03,49.53,0.0,Mar,2,10,4,2,Returning_Visitor,False,False
2,7.44,-1,204.91,88,2755.67,0.0,0.03,0.0,0.0,Mar,2,2,7,2,Returning_Visitor,False,False
2,175.58,-1,0.0,44,601.97,-0.03,0.01,42.53,0.22,May,3,2,7,13,Returning_Visitor,False,False
8,43.45,0,33.31,30,2958.34,0.0,0.01,27.61,0.27,Oct,2,2,4,3,Returning_Visitor,False,False
0,168.84,1,11.73,24,210.4,0.0,0.02,-12.42,0.0,Nov,2,2,9,8,New_Visitor,False,False
13,428.02,2,11.0,242,10338.67,0.02,0.02,21.41,-0.09,Feb,2,2,2,1,Returning_Visitor,False,False
1,-2.47,3,169.37,45,2555.65,-0.01,0.02,0.0,-0.12,Dec,1,1,1,10,Returning_Visitor,True,False
2,-8.69,-1,0.0,11,1750.69,0.01,0.03,27.6,0.28,May,2,2,3,3,Returning_Visitor,False,False
0,0.0,-2,0.0,48,1607.19,0.0,0.01,21.52,0.0,Dec,1,1,1,2,Returning_Visitor,False,True
7,631.47,1,29.0,28,848.07,0.01,0.03,38.06,0.11,May,3,2,1,4,New_Visitor,False,False
3,165.77,0,0.0,1,-212.81,0.13,0.15,24.77,0.0,Dec,4,2,9,13,Returning_Visitor,False,False
0,-68.82,2,0.0,62,990.5,0.05,0.06,0.0,0.0,Mar,3,2,7,3,Returning_Visitor,False,False
3,165.44,0,57.03,53,2163.92,0.0,0.04,-15.14,0.27,May,2,2,3,2,Returning_Visitor,False,True
0,24.65,3,0.0,53,1217.23,0.11,0.12,-10.62,0.2,Nov,3,2,2,13,Returning_Visitor,False,False
15,304.58,1,0.0,33,148.24,0.07,0.02,22.19,-0.09,Jul,3,2,8,2,Returning_Visitor,True,False
7,194.4,0,-34.6,16,46.2,0.01,0.04,0.0,0.0,Feb,2,2,4,5,Returning_Visitor,False,False
0,0.0,0,-146.53,5,156.0,0.01,0.07,15.72,0.0,Feb,4,1,1,4,Returning_Visitor,True,False
4,291.12,0,0.0,33,1643.35,0.1,0.12,0.0,0.0,Dec,2,2,9,13,Returning_Visitor,False,False
-2,0.0,0,14.83,2,1046.83,0.16,0.2,8.14,0.19,Dec,1,1,5,11,Returning_Visitor,False,False
0,-95.69,0,212.69,60,2129.31,0.0,-0.0,34.12,0.2,May,2,1,4,4,Returning_Visitor,False,False
-5,-226.53,0,0.0,9,837.67,-0.04,0.02,0.0,0.0,Jul,3,2,3,4,Returning_Visitor,False,False
-2,73.5,-1,0.0,59,1949.65,0.05,0.07,26.23,0.12,Dec,2,2,1,13,Returning_Visitor,False,False
5,185.0,6,384.43,6,133.33,0.0,0.05,0.0,0.0,Mar,3,2,3,5,Returning_Visitor,False,False
1,0.0,0,0.0,4,858.45,0.16,0.2,-9.08,0.32,May,2,2,9,2,Returning_Visitor,True,False
0,0.0,1,200.8,50,1735.6,-0.02,0.01,9.38,0.2,May,3,2,3,1,New_Visitor,True,False
1,91.89,-1,0.0,10,-55.32,0.05,0.05,-3.18,-0.07,Mar,3,2,1,3,Returning_Visitor,False,False
7,309.14,3,92.92,65,5478.53,0.01,0.04,8.09,0.43,May,2,2,7,6,Returning_Visitor,False,False
4,271.2,0,-11.82,-10,144.6,0.04,0.04,0.0,0.0,Oct,3,2,1,2,Returning_Visitor,False,False
0,-16.05,2,0.0,42,1218.1,0.02,0.03,0.0,0.0,Nov,2,2,2,1,New_Visitor,False,False
2,83.52,-2,67.04,-19,571.74,0.01,0.04,0.0,0.0,Mar,2,2,1,13,Returning_Visitor,False,False
10,290.33,2,149.19,12,1155.7,0.02,0.02,2.05,-0.05,May,4,1,5,6,Returning_Visitor,False,False
2,0.0,1,105.31,19,68.88,0.11,0.16,-2.74,0.8,Aug,2,2,1,7,Returning_Visitor,False,False
0,115.7,0,-40.74,-26,-505.8,0.0,0.02,0.0,0.0,Mar,2,2,3,1,Returning_Visitor,False,False
3,110.0,0,14.5,38,884.33,0.07,0.1,17.95,0.31,Oct,1,3,1,2,Returning_Visitor,False,False
-1,0.0,0,101.67,2,-1091.71,0.2,0.2,-11.02,0.0,Mar,4,1,1,1,Returning_Visitor,True,False
0,-111.32,-1,-117.11,33,1423.29,0.02,0.06,-1.04,-0.09,Nov,4,2,1,3,Returning_Visitor,False,False
5,613.5,0,346.28,470,16555.19,0.06,0.0,23.76,-0.24,Feb,4,1,4,2,Returning_Visitor,True,True
-3,-128.37,1,0.0,15,118.75,-0.02,0.03,0.0,0.0,Feb,2,2,1,10,Returning_Visitor,True,False
0,0.0,0,0.0,41,724.77,0.0,0.01,-35.76,0.0,Nov,3,6,4,3,Returning_Visitor,True,False
3,-294.65,0,-170.42,49,2199.52,-0.01,0.04,-19.27,-0.0,Oct,2,2,3,1,Returning_Visitor,False,False
3,-201.39,-2,-47.08,17,1321.85,-0.01,0.02,17.05,0.0,Mar,2,2,3,4,Returning_Visitor,False,False
4,97.45,2,9.9,67,2162.84,0.03,0.07,12.07,0.59,Nov,3,2,1,11,Returning_Visitor,False,False
5,130.33,1,-81.65,24,207.71,-0.01,0.0,1.89,0.0,May,1,1,1,1,Returning_Visitor,False,False
0,38.0,0,-230.92,3,-107.7,0.07,0.08,9.36,-0.14,Nov,2,2,1,10,Returning_Visitor,False,True
-4,6.0,0,0.0,44,2011.31,0.0,0.01,15.6,0.0,Nov,2,2,1,3,Returning_Visitor,False,False
3,229.25,0,-62.28,29,761.02,-0.02,0.03,0.0,0.21,Feb,1,2,9,3,Returning_Visitor,False,False
3,288.1,0,55.46,34,1220.0,-0.01,-0.0,0.0,0.6,May,2,2,5,2,Returning_Visitor,False,False
7,125.52,3,100.0,95,2175.99,0.0,0.05,5.26,-0.32,Mar,2,2,3,1,Returning_Visitor,False,False
0,0.0,0,-0.24,25,2166.12,0.0,-0.01,49.4,0.0,May,3,2,4,12,Returning_Visitor,True,False
0,13.39,-1,0.0,8,135.83,0.01,0.04,13.74,0.13,Oct,2,1,7,3,Returning_Visitor,False,False
-3,-146.63,0,0.0,49,499.75,0.01,0.03,4.64,0.13,Jul,2,2,4,2,Returning_Visitor,False,True
1,155.6,2,0.0,17,248.6,0.0,0.05,11.12,0.03,May,3,2,3,2,Returning_Visitor,False,False
0,0.0,1,0.0,20,689.43,0.0,0.03,0.0,0.23,Mar,2,2,2,6,Returning_Visitor,True,False
3,147.61,1,156.6,16,1522.82,0.02,0.05,6.02,0.17,Oct,2,2,2,2,Returning_Visitor,False,False
0,140.51,0,0.0,-4,338.2,-0.05,-0.01,0.0,0.0,Oct,1,1,1,2,Returning_Visitor,True,False
0,6.52,0,116.16,13,-289.98,0.09,0.14,-8.86,0.02,Nov,3,2,5,1,Returning_Visitor,True,False
4,98.6,0,96.96,26,1200.2,0.01,0.03,18.41,-0.3,Nov,1,1,1,1,Returning_Visitor,True,False
3,62.24,0,0.0,7,689.69,0.03,0.04,-9.43,0.09,Nov,2,2,1,2,Returning_Visitor,False,False
6,503.43,2,-72.36,82,2961.97,0.0,0.03,-16.13,0.08,Mar,2,2,7,1,Returning_Visitor,False,False
1,-41.27,0,112.2,-32,-845.04,0.12,0.16,23.37,0.04,Aug,3,2,4,1,Returning_Visitor,False,False
0,221.69,0,-239.72,-61,-2275.81,-0.01,0.04,31.41,0.0,Dec,2,2,3,2,New_Visitor,False,True
-3,-72.69,-1,0.0,-70,-1857.15,0.0,0.03,28.82,-0.19,Nov,2,2,9,2,New_Visitor,False,False
1,0.0,0,175.54,50,3002.9,-0.0,0.01,-19.07,0.36,Mar,1,1,1,3,Returning_Visitor,False,False
6,69.86,1,-16.98,110,4610.15,0.0,0.06,15.15,0.0,Aug,2,2,3,6,Returning_Visitor,True,False
-2,0.0,0,-21.91,-53,-2159.94,0.03,0.04,0.0,0.0,May,2,2,2,11,Returning_Visitor,True,False
2,30.5,1,16.88,2,296.0,0.02,0.06,0.36,-0.09,Mar,3,2,2,2,Returning_Visitor,True,False
0,212.39,1,0.0,-4,215.3,0.03,0.03,0.0,0.0,Oct,1,1,1,1,Returning_Visitor,True,False
0,0.0,1,213.9,28,1008.25,-0.0,0.01,5.63,0.0,Feb,2,2,6,4,Returning_Visitor,False,True
0,7.49,0,-100.74,42,19.0,-0.08,-0.06,3.98,0.0,Nov,2,2,9,3,Returning_Visitor,False,False
0,0.0,0,-3.94,-4,-574.76,0.0,0.04,-12.05,0.19,Mar,3,2,3,1,New_Visitor,False,True
2,227.21,3,232.17,100,3826.49,-0.0,0.02,24.52,-0.15,Jul,3,6,3,1,Returning_Visitor,False,False
2,-79.91,0,55.94,66,1808.22,-0.01,0.03,-6.93,-0.04,Oct,4,1,1,2,Returning_Visitor,False,False
1,10.0,0,0.0,45,1440.3,0.01,0.01,3.29,0.0,Dec,2,2,4,9,Returning_Visitor,False,False
0,-10.62,1,-42.13,28,859.33,-0.07,-0.06,7.94,-0.09,Nov,1,1,6,2,Returning_Visitor,False,True
5,215.09,0,90.84,4,52.3,0.0,0.05,-0.16,0.22,Nov,3,2,1,5,Returning_Visitor,False,False
2,-20.55,0,14.98,11,369.17,0.01,0.02,0.0,-0.1,Oct,2,2,1,1,Returning_Visitor,True,False
0,0.0,2,102.06,159,4668.05,0.01,0.03,-23.62,0.4,May,1,1,2,2,Returning_Visitor,False,False
-3,-158.16,0,0.0,29,267.8,0.04,0.06,0.0,0.03,Sep,2,2,1,9,Returning_Visitor,False,False
0,0.0,0,1.78,57,2314.44,0.09,0.12,0.0,0.31,Feb,2,2,3,13,Returning_Visitor,False,False
2,2.0,-1,112.41,106,3279.69,0.01,0.02,-5.93,0.0,Mar,2,2,2,3,Returning_Visitor,False,False
4,-10.48,2,350.22,130,4449.51,0.01,0.01,30.46,0.0,Dec,1,2,7,2,Returning_Visitor,False,False
1,-108.05,0,0.0,30,1281.85,0.0,-0.03,0.0,0.04,Nov,2,6,6,1,Returning_Visitor,False,False
0,0.0,0,0.09,-8,-93.04,0.07,0.11,-8.18,0.44,Feb,3,1,1,3,Returning_Visitor,False,False
0,-151.3,0,12.12,16,502.0,-0.06,0.01,0.0,-0.01,Feb,2,2,6,2,New_Visitor,True,False
8,726.0,0,0.0,47,2765.77,0.06,0.07,0.0,0.0,Feb,2,2,3,1,Returning_Visitor,False,False
4,195.38,0,-107.52,12,405.1,0.0,0.0,18.31,0.0,Nov,2,2,7,2,Returning_Visitor,False,False
3,122.0,0,0.0,34,1493.39,-0.02,0.02,0.0,0.0,Aug,2,2,2,11,New_Visitor,False,False
11,466.87,10,1767.67,142,6787.32,0.03,0.03,1.11,0.02,Nov,2,2,3,2,Returning_Visitor,True,True
0,0.0,1,-21.02,4,1587.01,0.0,0.04,0.0,0.0,Dec,1,1,1,2,Returning_Visitor,False,False
0,59.22,0,0.0,-11,0.0,-0.01,0.05,6.84,0.01,Mar,3,2,7,2,Returning_Visitor,False,False
5,346.71,3,263.28,124,4198.98,0.02,0.02,45.7,0.0,Nov,2,2,9,2,Returning_Visitor,True,False
4,28.2,0,0.0,6,0.0,0.0,-0.02,2.74,-0.03,Sep,1,1,1,5,Returning_Visitor,False,True
6,161.0,0,0.0,110,3865.84,0.04,0.02,0.82,0.0,Feb,2,2,1,2,Returning_Visitor,False,True
6,85.67,1,-5.07,25,939.79,-0.05,-0.01,11.52,0.0,Jul,2,2,7,2,New_Visitor,False,True
1,9.0,0,82.0,72,2253.71,0.04,0.04,3.32,-0.1,Dec,3,2,8,6,Returning_Visitor,True,False
5,-10.16,0,41.26,2,706.11,0.0,-0.01,0.0,0.0,Nov,1,1,1,9,Returning_Visitor,False,False
1,3.03,0,0.0,9,167.37,0.0,0.04,0.0,1.0,May,2,2,3,4,Returning_Visitor,False,False
0,0.0,0,-22.6,-7,21.0,0.07,0.1,-11.89,0.16,May,3,2,1,4,Returning_Visitor,False,False
2,228.57,0,-124.37,11,814.81,-0.03,0.02,-9.67,-0.17,Sep,2,1,3,10,New_Visitor,False,False
1,12.39,0,0.0,1,368.3,0.0,0.02,0.0,0.33,May,1,1,1,1,New_Visitor,True,False
2,0.0,1,61.48,53,489.51,-0.01,0.04,-4.67,0.0,Nov,2,2,2,2,Returning_Visitor,False,False
4,305.24,0,-113.45,38,585.37,0.02,0.04,-44.45,0.0,Nov,2,1,3,3,Returning_Visitor,False,False
-1,0.0,1,0.0,43,812.3,0.03,0.03,30.75,0.0,Oct,1,1,4,10,Returning_Visitor,False,False
0,17.56,1,208.67,16,1027.66,0.11,0.12,-8.99,-0.19,Jul,1,5,1,3,Returning_Visitor,False,False
0,0.0,0,-84.91,7,87.71,0.04,0.09,12.81,0.03,Mar,2,2,1,9,New_Visitor,False,False
5,391.3,3,216.88,24,2000.31,0.0,-0.01,21.75,0.05,Aug,2,2,1,2,Returning_Visitor,False,True
4,0.0,2,242.37,39,1047.1,0.18,0.2,-21.33,0.0,Sep,2,2,7,1,Returning_Visitor,True,False
-1,11.3,-1,0.0,3,998.95,0.04,0.04,5.27,0.12,Aug,2,2,3,2,New_Visitor,False,False
0,87.93,0,0.0,-38,-1441.7,0.0,0.05,23.28,0.02,May,1,2,6,4,Returning_Visitor,True,False
1,0.0,0,28.29,14,1481.58,0.1,0.1,-31.02,-0.07,Nov,3,2,6,6,Returning_Visitor,False,False
0,0.0,-1,0.0,12,2232.21,-0.05,-0.02,4.01,0.01,Dec,2,5,1,3,Returning_Visitor,False,True
2,315.7,0,0.0,5,111.0,0.04,0.06,34.39,0.12,Nov,2,2,1,2,New_Visitor,False,False
3,82.6,-1,-226.31,10,14.51,0.0,0.04,27.19,0.0,Sep,2,2,7,2,New_Visitor,False,True
0,0.0,0,0.0,12,0.0,0.06,0.06,0.0,0.0,Nov,4,2,3,13,Returning_Visitor,False,False
0,0.0,-1,15.0,-34,-1663.66,0.04,0.05,20.3,-0.26,Mar,2,1,1,3,Returning_Visitor,False,False
3,37.5,1,0.0,18,-335.57,0.0,0.01,8.22,-0.02,Oct,3,2,3,2,New_Visitor,True,True
-3,-158.92,0,0.0,18,706.05,0.01,0.04,-2.59,0.37,Nov,1,8,2,11,Returning_Visitor,False,False
0,0.0,2,209.96,30,988.87,-0.04,0.01,0.0,0.0,Mar,1,1,3,3,Returning_Visitor,False,False
0,21.2,0,0.0,-9,0.0,0.05,0.1,0.0,-0.14,Sep,2,1,6,5,Returning_Visitor,False,False
3,221.54,2,224.84,93,4620.09,0.0,-0.02,19.03,0.0,Dec,1,2,7,2,New_Visitor,True,False
0,-129.31,1,0.0,39,1134.22,0.06,0.05,0.0,0.0,May,3,2,1,4,Returning_Visitor,False,False
8,321.02,2,0.0,71,2736.21,0.01,0.01,43.4,-0.38,Nov,2,5,1,1,New_Visitor,False,False
5,241.54,1,180.72,130,4869.68,0.02,-0.02,-5.82,-0.23,Dec,2,2,4,2,Returning_Visitor,True,True
3,85.2,-1,127.28,12,280.5,-0.01,0.03,-19.06,0.0,Nov,2,1,4,3,Returning_Visitor,False,False
5,267.17,0,126.56,39,881.44,0.05,0.05,20.12,0.34,Nov,2,2,4,3,Returning_Visitor,False,False
4,276.95,0,0.0,22,93.88,0.02,0.04,28.16,0.1,Nov,2,2,3,8,Returning_Visitor,False,False
0,5.6,0,0.0,23,-843.08,0.0,0.03,0.0,-0.37,Dec,1,1,1,2,Returning_Visitor,False,False
21,157.89,2,84.8,168,5015.85,-0.0,0.0,18.14,0.02,May,2,2,7,2,Returning_Visitor,False,False
7,416.55,1,-51.84,20,1688.14,0.02,0.04,0.0,0.0,Mar,2,2,6,10,Returning_Visitor,False,False
3,66.33,-2,-213.63,15,424.83,0.02,0.02,0.0,0.0,Oct,3,2,1,6,New_Visitor,False,False
1,298.79,0,0.0,29,-147.53,-0.01,-0.01,9.69,-0.03,Dec,3,2,4,1,Returning_Visitor,False,False
-1,19.06,-1,-235.86,10,291.01,0.2,0.21,0.0,0.8,May,3,2,1,11,Returning_Visitor,False,False
6,184.93,4,225.87,76,3993.14,0.01,0.01,-5.6,-0.06,Nov,2,2,1,2,Returning_Visitor,True,True
4,324.5,0,0.0,-4,86.39,0.0,0.02,30.01,0.0,Mar,1,2,4,10,Returning_Visitor,False,True
0,72.67,0,0.0,-10,55.0,0.02,0.08,7.32,0.2,May,2,2,6,1,Returning_Visitor,False,False
4,274.77,0,-14.55,21,2179.67,-0.02,0.0,0.0,-0.22,Oct,2,2,1,2,New_Visitor,False,False
5,60.0,1,179.44,23,647.67,0.02,0.03,0.0,0.22,May,2,4,1,2,Returning_Visitor,True,False
0,0.0,0,-156.88,3,-732.41,0.02,0.07,9.28,0.0,Oct,2,2,9,3,New_Visitor,False,False
5,58.57,-1,-326.11,91,3107.84,0.03,0.02,14.88,-0.13,Jul,2,2,1,1,Returning_Visitor,False,True
0,172.57,0,-219.82,94,2445.38,0.08,0.12,0.0,0.15,Dec,2,2,1,3,Returning_Visitor,False,False
2,58.86,0,0.0,20,493.31,0.02,0.03,3.84,0.0,May,2,5,3,2,Returning_Visitor,False,False
-3,-174.49,0,-173.36,-18,-391.77,0.0,0.04,11.59,0.0,Mar,2,2,2,1,New_Visitor,True,False
5,280.1,0,37.44,26,1033.83,0.01,0.0,5.18,0.17,Sep,1,1,1,1,Returning_Visitor,True,True
3,174.6,0,-8.98,-1,251.2,-0.03,-0.01,-18.13,0.3,Aug,1,1,6,2,Returning_Visitor,False,False
3,13.0,1,0.0,25,2109.13,0.04,0.04,13.13,-0.09,Nov,3,2,1,3,Returning_Visitor,False,False
0,0.0,0,0.0,25,2503.92,0.02,0.01,0.0,-0.11,Sep,2,2,4,5,Returning_Visitor,False,False
6,492.57,0,1.76,37,1356.44,-0.01,-0.03,5.98,-0.04,Mar,3,2,3,6,New_Visitor,False,False
0,-154.07,0,0.0,1,1034.1,0.2,0.23,0.0,0.0,May,1,2,4,1,Returning_Visitor,True,False
3,21.1,2,341.6,79,2668.71,0.02,0.05,8.51,0.0,May,1,1,6,3,Returning_Visitor,False,False
1,-1.84,0,320.55,-1,88.0,0.09,0.12,11.83,0.8,May,2,2,1,6,Returning_Visitor,True,False
3,89.53,0,-128.47,4,214.04,-0.09,-0.07,-4.29,0.0,Feb,2,2,1,2,New_Visitor,True,False
2,-12.47,0,0.0,7,203.5,0.06,0.05,0.0,-0.1,May,4,1,1,2,New_Visitor,True,False
2,64.0,0,0.0,41,371.23,0.0,0.03,21.68,0.0,Aug,2,2,9,10,Returning_Visitor,False,False
0,58.09,-3,-159.06,9,-535.29,0.02,0.01,-2.65,0.27,Mar,2,2,7,10,Returning_Visitor,False,False
4,-11.51,2,139.77,83,3584.52,0.07,0.04,35.31,0.11,Nov,4,1,1,3,Returning_Visitor,False,False
1,9.27,0,0.0,7,1252.77,0.07,0.05,3.44,-0.02,May,3,2,3,5,Returning_Visitor,False,False
0,-194.17,1,0.0,21,21.0,0.03,0.1,0.0,1.0,May,2,2,3,4,Returning_Visitor,False,False
2,0.0,0,68.62,55,1640.09,-0.01,-0.01,16.75,0.2,Mar,1,1,4,2,Returning_Visitor,False,False
2,76.0,1,96.44,60,1373.2,0.07,0.08,-2.3,0.09,Mar,2,4,4,12,Returning_Visitor,False,False
0,134.0,0,0.0,12,0.0,0.14,0.2,-16.2,0.26,Feb,2,2,4,1,Returning_Visitor,False,False
11,771.93,2,214.17,82,2831.22,0.0,0.01,52.05,-0.19,Aug,3,2,1,2,New_Visitor,False,True
0,-20.79,0,0.0,70,2988.42,0.03,0.05,0.0,0.2,Oct,1,1,2,13,Returning_Visitor,True,False
2,-75.6,2,196.6,53,2242.44,0.0,0.02,10.16,0.0,Aug,3,7,3,2,Returning_Visitor,False,False
4,419.56,1,6.0,87,2349.1,0.02,0.05,13.15,0.0,Jul,2,2,1,3,Returning_Visitor,False,False
-1,0.0,0,44.03,4,-1124.46,0.08,0.1,-30.55,0.0,Dec,1,3,3,13,Returning_Visitor,False,False
3,268.79,3,188.0,71,2418.53,0.04,0.04,-0.54,0.0,Feb,2,6,4,6,Returning_Visitor,False,False
-1,20.87,0,105.55,15,452.8,0.0,0.05,29.61,-0.14,Nov,1,2,1,10,Returning_Visitor,False,True
5,240.38,0,0.0,64,2399.21,0.08,0.07,0.0,0.4,May,1,1,3,4,Returning_Visitor,False,False
-2,-33.42,-1,-175.33,1,0.0,0.2,0.22,-6.49,0.08,Dec,1,2,9,4,Returning_Visitor,False,False
4,0.0,0,0.0,14,-778.68,0.03,0.02,37.76,0.0,Nov,3,2,6,2,New_Visitor,False,False
2,357.03,2,206.89,36,1514.89,0.03,0.05,31.35,0.08,Nov,2,1,7,13,Returning_Visitor,False,False
-3,-21.13,0,-30.61,6,87.66,0.09,0.09,9.39,0.0,Nov,2,2,7,2,Returning_Visitor,False,True
6,260.1,0,0.0,36,1296.92,0.0,0.05,1.34,0.0,Nov,2,2,7,1,Returning_Visitor,False,False
5,135.58,2,60.0,91,2345.59,0.03,0.01,7.91,-0.04,Dec,2,2,4,2,Returning_Visitor,False,False
-3,93.6,0,-134.35,-89,-3608.62,0.07,0.1,-26.43,0.26,Sep,2,2,1,3,Returning_Visitor,False,False
8,0.0,1,0.0,19,691.84,-0.01,0.01,0.0,0.0,Mar,2,6,2,2,Returning_Visitor,True,False
14,521.66,7,636.75,123,4685.24,-0.01,0.02,27.79,0.0,Nov,2,2,1,2,Returning_Visitor,False,True
2,130.28,1,145.6,67,2734.97,0.06,0.06,27.37,0.0,Nov,2,2,1,1,Returning_Visitor,False,True
6,739.12,-2,0.0,19,832.93,-0.0,0.02,-3.1,-0.22,Aug,1,1,7,2,New_Visitor,False,False
4,105.0,1,54.66,43,3017.96,0.05,0.06,0.0,0.0,Jul,2,1,2,2,Returning_Visitor,True,False
6,326.94,1,0.0,29,274.43,0.0,0.02,0.0,0.8,May,2,2,3,3,Returning_Visitor,False,False
7,75.6,2,652.8,97,3339.92,-0.03,-0.06,0.0,0.09,May,2,2,9,5,New_Visitor,True,False
3,23.17,0,-109.35,12,838.39,-0.01,0.01,-10.08,0.0,Mar,3,4,1,1,Returning_Visitor,True,False
1,300.37,0,-69.77,8,-568.89,0.0,0.02,28.05,-0.02,May,2,2,1,8,Returning_Visitor,False,True
5,-12.07,0,-14.33,30,2379.03,0.0,0.03,0.0,0.0,Mar,2,4,1,1,Returning_Visitor,False,False
4,56.0,3,88.0,26,1734.78,-0.02,0.01,0.0,0.24,May,2,2,1,1,Returning_Visitor,False,False
3,63.69,1,0.0,19,556.52,-0.03,0.01,-2.48,0.0,Mar,2,2,3,2,New_Visitor,False,True
4,76.0,1,0.0,98,5106.26,0.02,0.02,0.0,-0.08,Nov,2,2,1,2,Returning_Visitor,True,False
-1,0.0,0,0.0,-15,0.0,0.2,0.19,0.0,0.8,May,3,2,1,13,Returning_Visitor,False,False
0,-302.68,0,65.72,61,2337.4,0.03,0.05,0.0,0.0,Feb,3,2,1,11,Returning_Visitor,True,False
6,212.0,1,32.24,53,2001.64,-0.0,0.0,28.66,0.1,May,1,1,1,6,Returning_Visitor,False,False
0,112.1,2,13.75,8,450.14,0.03,0.04,0.0,0.0,Mar,3,2,3,10,Returning_Visitor,False,False
5,32.0,3,96.34,59,1407.5,0.01,0.03,-3.33,0.0,Nov,3,2,3,13,Returning_Visitor,True,True
4,28.73,0,-50.98,113,2868.52,-0.02,0.04,8.15,0.0,June,2,2,2,2,Returning_Visitor,False,True
2,-6.82,0,0.0,4,36.0,0.0,0.03,0.0,0.29,May,2,4,1,1,Returning_Visitor,False,False
-1,-66.92,0,0.0,39,1429.5,-0.01,0.02,-28.69,0.23,June,2,2,4,3,Returning_Visitor,False,False
3,89.67,0,-63.07,0,608.96,0.01,0.05,11.55,0.0,Sep,2,2,2,3,Returning_Visitor,False,False
8,71.67,0,0.0,3,364.42,0.01,0.08,0.0,0.42,May,2,2,3,5,Returning_Visitor,False,False
1,97.13,0,141.0,52,1975.26,0.0,0.0,0.0,-0.03,May,3,2,1,9,Returning_Visitor,False,False
0,0.0,0,94.0,10,393.0,0.02,0.06,10.84,0.0,May,2,2,4,3,Returning_Visitor,True,False
3,105.42,1,-6.79,8,54.5,0.1,0.1,30.12,0.24,Dec,2,2,1,2,New_Visitor,True,False
1,97.6,0,0.0,5,1992.1,0.07,0.11,2.9,0.0,Jul,2,2,1,3,Returning_Visitor,False,False
9,278.84,2,0.0,45,1596.41,0.0,0.02,33.62,0.05,Sep,4,1,1,1,New_Visitor,False,False
0,0.0,0,-144.5,-29,-350.21,0.0,0.02,14.71,0.54,May,2,2,1,1,Returning_Visitor,True,False
3,252.13,0,0.0,54,935.28,0.0,0.01,0.0,0.2,May,2,10,6,1,Returning_Visitor,True,False
0,0.0,1,125.24,5,87.0,0.06,0.09,0.0,0.6,May,3,2,3,3,Returning_Visitor,False,False
6,168.09,1,-158.43,31,496.97,0.0,-0.0,-7.77,0.14,Oct,2,2,5,2,Returning_Visitor,False,False
0,14.48,0,-27.51,84,1700.73,-0.1,-0.07,30.31,0.21,Nov,2,6,7,2,Returning_Visitor,True,False
2,-49.95,-2,-302.69,18,740.68,-0.0,0.02,0.0,0.0,Dec,2,2,1,1,Returning_Visitor,False,False
0,12.62,1,-80.13,29,1911.84,-0.02,0.01,20.37,-0.01,Nov,2,2,1,12,Returning_Visitor,False,True
4,293.08,1,162.27,57,1676.99,0.05,0.06,-8.28,0.0,Dec,1,1,7,3,Returning_Visitor,True,False
1,44.0,0,-19.67,56,2075.98,0.0,0.01,16.01,0.54,May,2,2,2,3,New_Visitor,False,True
-1,93.18,0,76.26,20,306.67,0.13,0.14,-11.41,0.0,Feb,2,2,1,1,Returning_Visitor,False,False
3,51.0,2,68.75,3,-679.89,0.03,0.01,-1.16,0.35,Dec,2,2,9,2,New_Visitor,False,False
5,225.0,0,-38.85,6,184.91,0.0,0.01,20.5,0.0,Oct,3,2,1,6,New_Visitor,False,False
0,-262.38,0,0.0,32,990.92,0.01,0.01,-29.07,-0.08,Dec,2,2,2,2,Returning_Visitor,False,False
5,268.9,1,47.22,73,1335.47,0.04,0.06,12.65,0.0,Mar,1,1,1,4,Returning_Visitor,False,True
1,141.31,0,-223.78,91,2718.2,0.02,0.03,-15.03,0.0,Sep,1,1,3,2,Returning_Visitor,False,False
0,-107.97,-1,0.0,11,749.92,0.01,0.05,0.0,0.0,Oct,2,2,3,4,Returning_Visitor,False,False
0,32.9,0,0.0,84,2621.15,0.01,0.04,0.0,0.0,Feb,4,1,1,9,Returning_Visitor,False,True
4,-35.66,1,0.0,79,1832.61,-0.01,-0.01,0.0,0.0,Nov,1,1,3,2,New_Visitor,False,False
2,-3.5,1,0.0,63,1903.67,0.01,0.02,4.82,0.22,May,1,1,1,1,Returning_Visitor,True,False
1,46.4,0,-11.83,13,942.67,0.0,0.02,0.0,0.0,Jul,2,2,1,4,Returning_Visitor,False,False
3,73.63,0,0.0,26,1286.44,-0.11,-0.08,0.0,0.09,Nov,2,2,7,8,New_Visitor,False,False
-3,-140.32,1,0.0,31,2149.74,0.02,0.03,0.86,0.0,Dec,2,5,6,2,Returning_Visitor,False,False
6,106.18,1,59.55,14,-490.59,0.03,0.07,42.73,0.15,Nov,4,2,6,3,New_Visitor,False,False
2,72.24,0,126.16,131,4034.87,0.07,0.08,-23.61,0.26,Jul,3,2,3,1,Returning_Visitor,False,False
5,112.07,1,161.5,64,2280.95,0.01,0.01,33.69,0.12,Feb,2,2,9,2,Returning_Visitor,False,False
10,141.04,1,213.0,134,4741.49,0.01,0.03,0.0,-0.27,Jul,2,2,4,1,Returning_Visitor,False,False
1,136.4,0,0.0,9,358.73,0.08,0.07,0.0,-0.09,Nov,3,2,1,2,Returning_Visitor,False,False
5,296.12,1,26.5,79,5057.18,0.02,0.02,17.79,-0.16,May,1,1,2,10,New_Visitor,False,True
0,0.0,0,-24.55,1,-1419.74,0.2,0.2,-4.93,0.28,June,1,1,1,7,Returning_Visitor,False,False
3,-53.95,0,122.15,51,1695.05,0.0,0.0,-4.0,0.0,May,3,7,1,4,New_Visitor,False,True
5,0.0,0,-116.6,-36,34.33,0.05,0.05,7.07,0.6,May,2,2,4,3,Returning_Visitor,False,False
3,224.0,2,79.76,80,3871.52,-0.01,0.01,2.21,0.14,May,3,2,2,2,Returning_Visitor,False,True
7,63.17,-2,0.0,104,4797.99,0.01,0.01,8.07,0.05,May,2,2,3,1,Returning_Visitor,False,False
3,205.87,-1,-43.65,68,399.0,0.07,0.06,0.0,0.02,Oct,2,6,6,19,Returning_Visitor,False,False
2,-9.3,0,68.78,35,1143.43,0.07,0.09,0.0,0.0,Oct,3,2,2,13,Returning_Visitor,False,False
0,-40.57,0,0.0,16,-371.6,0.0,0.0,0.0,0.0,Nov,2,2,3,6,New_Visitor,False,False
-2,246.02,0,-122.2,25,1651.91,0.05,0.07,19.55,0.0,Dec,3,2,2,10,Returning_Visitor,False,False
2,98.23,3,184.51,4,806.03,0.0,0.03,0.0,0.17,Oct,2,5,6,2,Returning_Visitor,False,False
3,69.74,0,0.0,3,841.24,0.0,0.0,13.66,0.0,Feb,2,2,1,2,Returning_Visitor,False,False
0,202.33,0,33.57,60,3200.84,0.01,0.03,-0.41,0.03,Aug,3,2,2,4,Returning_Visitor,False,False
5,132.83,1,8.0,118,2968.9,0.02,0.0,0.0,0.0,Nov,3,2,1,1,Returning_Visitor,True,False
2,28.37,1,-70.51,42,817.44,-0.01,-0.03,11.98,0.0,Sep,2,2,1,2,Returning_Visitor,False,False
9,442.74,-1,0.0,35,1874.14,0.0,-0.01,-34.18,0.22,Nov,1,1,2,2,Returning_Visitor,False,False
3,0.0,0,0.0,-14,-1604.03,0.06,0.09,36.2,0.0,Nov,2,1,7,4,Returning_Visitor,False,False
4,32.88,0,144.63,37,2745.78,0.02,0.03,-12.47,0.03,Nov,2,2,1,1,Returning_Visitor,False,False
2,235.0,0,0.0,23,1431.83,0.04,0.04,45.61,0.02,May,2,2,4,2,Returning_Visitor,False,True
0,0.0,0,32.74,16,-1779.36,-0.0,0.02,-10.14,0.06,Feb,2,2,2,4,New_Visitor,True,False
5,251.0,4,685.25,177,8729.07,-0.02,0.01,9.42,0.2,Nov,1,2,2,2,Returning_Visitor,False,False
-5,1.91,-2,-18.35,-34,557.58,-0.03,0.01,24.41,0.14,May,3,4,1,4,Returning_Visitor,False,False
1,-189.91,3,434.86,5,383.12,0.04,0.11,0.0,0.22,May,3,2,1,1,Returning_Visitor,False,False
-1,-82.65,0,183.46,18,61.93,0.05,0.07,13.21,0.0,May,2,2,6,11,Returning_Visitor,False,False
4,39.5,0,-28.77,-6,1103.21,0.04,0.05,36.56,0.0,Dec,1,2,2,2,Returning_Visitor,False,False
0,0.0,1,44.91,1,0.0,0.17,0.2,-12.77,0.01,Feb,1,1,3,3,Returning_Visitor,False,False
0,0.0,1,93.62,48,1494.67,0.04,0.05,0.0,0.08,Feb,2,2,4,6,Returning_Visitor,False,False
6,0.0,1,166.42,21,1050.25,0.03,0.03,0.0,-0.01,Dec,1,1,6,2,Returning_Visitor,True,False
12,381.84,0,129.96,60,1325.13,0.02,0.01,-3.66,0.11,May,2,2,6,7,Returning_Visitor,True,False
4,-29.02,-2,0.0,20,-30.2,-0.03,0.01,-26.65,0.0,Mar,4,1,1,3,Returning_Visitor,True,True
3,17.06,2,0.0,7,1327.29,0.0,0.02,13.74,0.49,May,1,1,9,13,New_Visitor,False,True
1,163.33,0,-59.95,96,3058.85,0.01,0.05,8.41,0.0,Dec,1,1,1,1,Returning_Visitor,False,False
0,53.54,0,-179.77,13,941.43,-0.03,-0.0,0.24,0.16,Feb,2,6,9,3,Returning_Visitor,False,False
8,209.51,0,-93.32,10,108.0,-0.02,0.01,1.35,0.23,Aug,2,2,4,3,Returning_Visitor,False,False
0,-264.26,3,137.24,47,2709.33,0.0,0.03,10.69,0.0,Nov,2,2,1,1,Returning_Visitor,False,False
1,0.0,0,315.35,64,2297.86,-0.02,0.02,17.06,-0.1,Mar,2,2,1,2,Returning_Visitor,False,True
6,276.75,1,-17.75,-13,342.12,-0.01,-0.01,0.0,0.04,Nov,2,1,3,7,New_Visitor,False,False
3,90.5,1,115.12,47,1688.55,0.03,0.03,-11.1,-0.04,Dec,2,2,3,6,Returning_Visitor,False,False
6,289.83,0,0.0,41,2204.36,0.0,0.02,6.78,0.0,Feb,3,2,1,2,Returning_Visitor,False,False
-1,-133.55,0,-75.7,43,2022.86,-0.0,0.03,0.0,-0.23,Dec,3,2,6,1,Returning_Visitor,True,False
1,-124.2,2,-5.39,-4,136.67,-0.05,-0.03,0.0,0.03,Nov,4,2,2,10,Returning_Visitor,True,False
1,28.88,1,0.0,95,4334.82,0.0,0.04,-20.54,0.0,Dec,1,2,3,1,Returning_Visitor,False,False
5,136.12,2,41.91,6,965.24,-0.02,0.01,0.0,0.0,May,1,1,1,2,Returning_Visitor,False,False
6,298.26,0,20.1,-13,180.38,0.0,0.03,0.0,-0.05,Mar,3,2,3,2,Returning_Visitor,False,False
3,-39.53,2,190.07,11,1097.48,0.0,0.04,5.03,0.0,Oct,4,1,9,8,New_Visitor,False,False
14,1261.92,1,243.41,30,1956.02,-0.02,-0.05,0.0,0.6,Feb,2,2,3,4,Returning_Visitor,False,False
2,0.0,0,-6.04,7,1307.27,0.02,0.05,0.0,0.51,Feb,3,2,4,3,New_Visitor,True,False
0,0.0,0,-4.34,11,976.2,0.02,0.05,0.0,0.0,Mar,2,2,9,9,Returning_Visitor,False,False
4,0.0,0,0.0,-48,-1776.06,0.09,0.12,1.49,0.0,May,1,1,6,3,Returning_Visitor,False,False
-1,-120.19,1,88.13,14,759.19,0.0,0.05,7.26,0.19,Nov,3,4,6,2,Returning_Visitor,False,False
-1,-181.72,0,0.0,-14,-1024.41,0.06,0.09,-7.37,0.0,May,2,2,1,4,Returning_Visitor,True,True
4,106.5,-1,0.0,12,-512.19,0.02,0.03,0.0,-0.09,May,2,2,9,2,Returning_Visitor,False,False
0,-58.95,0,0.0,3,941.75,0.07,0.13,0.0,0.0,Oct,3,2,9,3,Returning_Visitor,False,False
7,11.7,1,216.83,47,2479.34,0.02,0.03,0.0,0.0,Mar,4,2,6,10,Returning_Visitor,False,False
0,-58.98,1,1.21,5,178.0,0.02,0.03,0.0,0.07,Aug,3,2,3,2,Returning_Visitor,True,False
-2,-162.05,0,0.0,1,0.0,0.02,0.05,0.0,0.16,Mar,2,2,3,1,Returning_Visitor,False,False
12,351.46,4,276.88,155,6033.25,0.02,0.03,-10.52,0.05,Oct,3,2,6,1,Returning_Visitor,False,False
1,102.2,0,6.97,-13,226.4,0.02,0.08,13.27,-0.14,May,3,2,1,2,Returning_Visitor,False,False
1,202.0,1,0.0,34,1567.27,0.0,0.07,0.0,0.0,Dec,2,2,3,6,New_Visitor,False,False
0,0.0,0,-257.65,32,1036.4,0.03,0.05,0.0,0.12,Oct,2,2,3,1,Returning_Visitor,False,False
0,139.02,1,0.0,45,2039.37,0.0,0.03,16.63,0.0,Oct,2,2,1,4,Returning_Visitor,False,True
6,215.38,1,0.0,21,13.25,0.0,0.04,-4.67,-0.09,Feb,1,1,1,1,Returning_Visitor,False,False
3,27.0,-1,-89.71,0,-926.42,0.03,0.05,0.0,-0.07,Nov,2,2,2,3,New_Visitor,True,True
3,0.0,0,21.99,32,1069.54,0.09,0.08,6.55,-0.04,May,1,1,1,3,Returning_Visitor,False,False
0,144.32,-2,-168.33,-26,-1711.85,0.0,0.03,0.0,0.0,Nov,4,1,2,3,Returning_Visitor,True,False
4,0.0,1,0.0,96,2612.19,0.04,0.05,23.55,0.11,Aug,2,5,2,13,Returning_Visitor,False,False
3,169.78,2,26.5,149,6001.17,0.01,-0.0,0.0,0.0,Nov,3,2,1,2,Returning_Visitor,False,True
9,183.3,2,70.35,46,2104.36,-0.02,0.01,33.65,-0.02,Oct,1,1,9,8,Returning_Visitor,True,False
1,-92.42,-1,0.0,29,-399.4,0.01,0.0,12.51,-0.12,Nov,2,2,8,3,New_Visitor,False,False
0,78.0,2,117.19,11,-104.44,0.11,0.12,11.45,-0.16,Nov,4,1,3,2,Returning_Visitor,False,False
9,194.42,2,20.0,77,1569.17,-0.03,-0.01,36.57,0.0,Dec,3,2,9,6,Returning_Visitor,False,False
2,0.0,-1,0.0,0,514.14,-0.04,0.01,21.19,0.28,May,1,1,6,2,Returning_Visitor,True,False
4,7.24,0,218.67,6,1249.54,0.15,0.15,7.12,0.6,May,2,2,1,13,Returning_Visitor,False,False
2,-23.39,0,0.0,19,716.95,0.01,0.02,0.0,0.0,May,1,5,3,2,Returning_Visitor,False,False
2,-4.11,2,0.0,28,1725.37,0.02,0.02,-10.11,-0.04,Dec,1,1,6,1,Returning_Visitor,True,False
2,95.45,-1,0.0,-22,-286.43,0.02,0.04,-13.53,0.15,Mar,1,1,2,10,Returning_Visitor,True,False
1,316.46,0,-0.01,12,845.5,0.0,0.01,0.0,-0.22,Mar,4,1,1,11,Returning_Visitor,False,False
0,227.61,0,108.0,-53,0.0,0.16,0.2,0.0,0.0,Mar,3,2,4,1,Returning_Visitor,False,False
0,-229.5,1,-23.33,29,703.16,0.0,0.04,2.65,0.0,Nov,2,2,1,3,Returning_Visitor,False,False
3,45.83,0,-25.14,19,893.14,0.0,0.01,49.39,0.0,Feb,2,5,2,6,Returning_Visitor,True,True
4,138.58,1,0.0,84,4402.25,-0.12,-0.09,246.76,-0.15,Oct,4,1,8,2,Returning_Visitor,False,False
7,231.3,4,322.23,102,3503.04,0.0,0.01,35.18,-0.03,Nov,2,1,3,4,Returning_Visitor,False,False
10,565.72,2,246.87,135,4990.23,0.03,0.07,0.0,0.36,May,1,1,6,3,Returning_Visitor,True,False
0,111.0,0,0.0,56,274.58,-0.01,0.02,-8.99,0.0,Nov,1,1,2,2,Returning_Visitor,True,False
5,123.89,-1,0.0,5,244.7,0.02,0.03,1.48,0.0,May,2,2,2,1,Returning_Visitor,False,False
-1,18.0,0,0.0,-36,-1393.4,0.07,0.12,0.0,0.0,Feb,1,13,9,3,Returning_Visitor,False,False
6,142.17,3,217.93,80,5426.02,-0.01,0.01,-13.49,0.04,May,2,2,1,2,Returning_Visitor,False,False
0,0.0,0,-72.91,5,1405.6,0.03,0.06,0.0,0.0,Feb,2,2,1,9,New_Visitor,False,False
0,155.95,0,0.0,3,569.1,0.0,0.02,1.46,-0.22,Oct,1,1,9,3,Returning_Visitor,False,False
0,199.15,0,0.0,11,-110.43,0.02,0.06,0.0,0.34,Dec,3,2,7,2,Returning_Visitor,False,False
8,206.0,2,132.0,40,1750.33,0.03,0.01,23.82,0.23,Nov,4,1,1,6,Returning_Visitor,False,False
8,49.8,1,-57.46,92,2607.1,0.01,0.02,5.69,0.0,Nov,2,1,3,1,Returning_Visitor,False,False
2,0.0,0,35.29,5,-352.37,0.0,0.03,-1.21,-0.07,Mar,2,2,2,2,Returning_Visitor,True,False
-1,-152.76,0,-82.94,36,476.71,0.04,0.09,0.0,-0.09,Mar,3,2,6,2,Returning_Visitor,True,False
6,-6.65,0,0.0,5,225.68,0.0,0.01,0.0,0.0,May,3,10,2,2,Returning_Visitor,False,False
2,57.5,0,0.0,-42,-1290.82,-0.01,0.01,19.3,0.13,Nov,2,2,1,3,Returning_Visitor,False,True
5,277.8,0,88.88,-12,503.19,0.0,0.04,3.53,-0.1,Feb,1,2,1,2,Returning_Visitor,True,True
4,-47.52,0,-99.16,66,2327.96,0.0,0.02,12.54,-0.03,Oct,4,2,1,10,Returning_Visitor,False,True
4,194.48,-1,45.5,-84,-3601.58,0.01,0.02,-9.1,0.0,Oct,1,1,1,2,Returning_Visitor,True,False
4,-41.94,0,200.13,8,273.0,0.07,0.07,9.44,0.41,May,3,4,1,1,Returning_Visitor,False,False
6,108.58,1,-0.43,67,2480.9,0.07,0.05,0.0,0.15,Nov,2,2,2,5,Returning_Visitor,False,False
-1,52.47,0,-137.99,-39,-1009.1,0.07,0.13,-12.64,0.09,Dec,2,2,3,1,Returning_Visitor,False,False
0,0.0,0,-26.69,-16,-761.78,0.01,-0.0,-20.39,0.0,Jul,3,2,3,1,Returning_Visitor,False,False
0,-141.47,1,-29.68,8,357.25,0.02,0.06,-11.8,0.0,Mar,2,1,4,2,Returning_Visitor,False,False
5,156.2,0,122.98,6,1343.31,0.0,0.05,32.22,0.0,Sep,1,1,3,3,Returning_Visitor,False,True
1,68.16,0,66.33,24,671.09,-0.03,-0.01,21.74,0.25,May,1,1,3,2,Returning_Visitor,False,False
-2,31.33,-2,-33.94,33,1077.87,0.03,0.05,0.0,0.26,Nov,2,2,1,4,Returning_Visitor,False,False
1,-85.37,0,19.0,-7,754.32,0.04,0.07,0.0,-0.17,Mar,2,2,1,10,Returning_Visitor,False,False
0,76.71,0,0.0,6,-1297.51,0.06,0.05,-5.34,0.4,Oct,3,2,3,3,Returning_Visitor,False,False
2,-92.22,0,-76.42,33,573.0,-0.1,-0.06,28.08,0.08,May,2,2,2,4,Returning_Visitor,False,False
3,143.17,1,0.0,50,1987.92,-0.02,0.01,13.61,-0.08,Mar,3,2,4,2,Returning_Visitor,False,True
6,112.83,2,243.0,19,681.62,-0.02,0.01,-5.27,-0.03,May,3,2,1,2,Returning_Visitor,True,True
6,-90.9,1,0.0,35,2235.83,0.0,0.04,50.08,0.0,Nov,2,5,1,2,Returning_Visitor,False,True
8,429.36,2,-43.15,64,3429.64,0.05,0.05,22.31,0.0,Nov,3,2,4,10,Returning_Visitor,False,True
11,1013.89,1,128.39,89,4170.5,0.0,0.02,41.68,-0.14,Feb,3,2,3,2,New_Visitor,False,False
0,-79.21,0,-100.51,25,0.0,0.2,0.24,-14.49,0.0,May,3,2,1,3,Returning_Visitor,False,False
2,33.4,0,81.49,35,-308.63,0.0,0.01,0.0,-0.19,Nov,1,2,1,3,Returning_Visitor,True,False
2,180.02,0,-73.91,7,383.81,0.06,0.08,29.73,0.0,Dec,2,2,1,1,Returning_Visitor,False,False
7,323.55,1,167.2,46,1044.8,0.02,0.01,0.0,0.0,May,3,4,7,8,Returning_Visitor,False,False
1,16.0,1,97.83,25,765.04,0.03,0.02,19.11,-0.09,Dec,1,1,4,2,Returning_Visitor,False,False
0,0.0,1,86.48,8,-682.49,0.0,-0.01,-13.99,-0.16,Oct,2,2,2,4,New_Visitor,False,True
2,31.0,2,-3.31,74,3072.32,-0.04,0.01,-8.63,0.15,Oct,1,2,3,1,Returning_Visitor,False,False
3,78.86,0,-11.08,25,1432.62,0.02,0.03,0.0,0.21,Feb,3,2,9,2,New_Visitor,False,False
2,182.68,-1,0.0,158,5090.17,0.0,0.03,0.0,0.03,Feb,2,2,2,10,Returning_Visitor,False,False
4,435.08,6,470.99,20,1559.19,0.0,0.02,-32.11,0.42,May,2,2,1,10,Returning_Visitor,False,True
0,-287.49,0,0.0,3,293.27,0.08,0.1,0.0,0.0,Nov,2,2,3,1,Returning_Visitor,False,False
6,265.4,0,-224.45,27,161.6,0.0,0.02,0.0,0.0,Nov,2,1,3,2,New_Visitor,True,False
1,23.54,0,118.7,48,108.0,0.0,0.03,0.59,0.0,May,2,2,2,4,Returning_Visitor,True,False
4,0.0,0,0.0,29,2197.27,0.2,0.2,0.0,-0.04,Jul,2,2,1,2,Returning_Visitor,False,False
0,213.39,0,40.03,7,147.25,-0.0,0.03,0.0,0.0,Mar,1,1,6,3,Returning_Visitor,False,False
4,178.0,2,175.09,17,-258.23,0.05,0.07,-13.06,0.0,Mar,3,2,1,9,Returning_Visitor,False,False
0,0.0,0,0.0,-58,-2960.28,0.0,0.04,0.0,0.0,Dec,3,2,9,13,Returning_Visitor,False,False
3,15.75,0,0.0,35,1261.66,-0.0,0.01,17.06,0.11,May,2,2,9,2,Returning_Visitor,True,False
3,46.5,-1,53.13,5,345.5,-0.01,0.03,3.57,-0.14,Mar,1,2,7,10,Returning_Visitor,False,False
0,0.0,0,0.0,47,1475.37,0.01,0.03,37.31,-0.02,Mar,1,1,4,2,Returning_Visitor,False,False
0,217.85,6,97.17,64,3466.79,0.02,0.05,0.0,-0.09,Nov,3,2,1,13,Returning_Visitor,False,False
1,70.5,1,0.0,14,1108.64,0.0,-0.0,43.46,-0.17,Mar,1,3,4,4,New_Visitor,False,False
1,7.84,0,-56.53,66,1761.64,0.0,0.01,-5.36,0.0,May,2,2,4,4,Returning_Visitor,False,True
2,0.0,-1,0.0,7,712.23,0.0,0.03,25.4,0.0,Nov,3,2,1,2,Returning_Visitor,True,False
0,78.72,0,46.89,-16,60.5,0.02,0.04,26.33,0.0,Mar,2,2,3,1,Returning_Visitor,False,False
-2,-131.4,1,0.0,12,1250.78,0.0,0.03,26.01,0.0,Feb,1,1,1,2,Returning_Visitor,False,False
5,0.0,1,152.45,56,1288.56,0.0,0.02,16.11,0.0,Jul,2,4,6,2,Returning_Visitor,False,False
1,-3.82,1,88.64,10,456.29,0.1,0.08,0.0,0.2,May,2,2,1,1,New_Visitor,False,False
0,-179.56,0,137.85,67,1915.16,-0.04,0.02,-11.52,-0.04,Mar,3,2,2,3,Returning_Visitor,False,False
1,37.0,0,-108.89,25,1270.17,0.01,0.02,2.96,0.02,May,2,2,1,11,Returning_Visitor,False,False
8,404.6,0,0.0,98,3842.99,0.04,0.05,0.0,0.0,Feb,3,4,9,3,Returning_Visitor,False,False
2,46.96,1,-7.16,71,642.5,0.03,0.0,9.1,0.27,Nov,3,2,3,10,Returning_Visitor,True,False
1,54.5,0,-113.77,-2,66.5,0.03,0.03,0.0,-0.16,Dec,8,13,9,20,Other,False,False
3,-115.29,1,136.1,40,1311.81,0.0,0.01,-42.25,-0.02,Dec,3,7,3,5,Returning_Visitor,False,False
2,232.7,0,56.67,5,-715.95,0.04,0.05,0.0,0.17,May,3,5,1,4,New_Visitor,False,False
0,-21.12,0,0.0,4,0.0,0.02,0.08,-22.24,0.36,Aug,3,1,1,2,Returning_Visitor,False,False
4,48.0,-2,-95.25,14,11.0,0.0,0.01,0.0,0.0,Oct,2,2,6,2,New_Visitor,False,False
5,12.0,1,8.73,13,510.0,0.0,0.02,35.15,0.5,May,1,1,2,4,Returning_Visitor,True,False
2,75.05,0,0.0,13,743.65,-0.02,0.04,4.48,0.0,Aug,3,2,5,2,Returning_Visitor,False,False
3,100.43,-1,-188.42,17,392.17,0.02,0.01,4.76,0.2,Aug,2,2,6,2,Returning_Visitor,False,False
1,-28.77,0,68.13,68,2932.85,0.09,0.11,-33.68,0.08,June,2,1,1,3,Returning_Visitor,False,False
0,-67.89,0,0.0,-20,-1221.42,0.0,0.04,0.0,0.14,Jul,2,2,1,9,New_Visitor,False,True
1,0.0,0,0.0,0,406.0,0.05,0.06,0.0,-0.0,May,2,2,3,13,Returning_Visitor,False,False
0,-181.54,0,-7.32,-30,-275.91,0.0,0.1,0.0,0.22,Oct,1,2,1,1,Returning_Visitor,False,False
4,383.24,0,171.55,19,300.31,0.0,0.03,9.75,0.16,May,2,2,1,4,Returning_Visitor,False,False
-1,6.82,2,168.91,15,1349.0,0.0,0.01,16.65,0.0,Feb,2,1,9,3,Returning_Visitor,True,False
0,0.0,0,-231.33,47,116.0,0.0,0.04,0.0,0.0,May,2,2,2,1,Returning_Visitor,False,False
5,34.52,2,213.78,39,1302.5,0.0,0.02,-6.06,0.0,Nov,1,1,4,1,Returning_Visitor,False,False
0,0.0,0,-11.95,26,944.84,0.04,0.05,0.0,0.21,May,3,2,1,11,Returning_Visitor,False,False
5,106.68,1,25.0,46,2014.01,0.03,0.03,6.39,0.09,May,2,2,6,2,New_Visitor,True,False
-3,-53.67,0,189.31,12,1226.36,0.0,0.06,10.37,0.32,Aug,3,2,8,6,Returning_Visitor,False,True
5,359.78,0,0.0,51,2174.38,0.01,0.02,-26.85,-0.08,Jul,3,2,6,1,Returning_Visitor,False,False
1,58.07,1,0.0,2,802.26,0.03,0.05,0.0,-0.08,Dec,3,2,5,2,Returning_Visitor,False,False
4,-75.35,1,0.0,22,549.58,0.01,0.04,-19.07,0.0,Sep,1,5,4,9,Returning_Visitor,True,False
0,79.65,0,-51.91,-18,463.5,0.12,0.11,0.0,0.11,Nov,3,2,1,3,Returning_Visitor,False,False
1,-51.93,0,153.59,-6,306.27,-0.03,-0.01,0.0,0.2,May,2,2,7,2,Returning_Visitor,False,False
8,90.63,0,-211.7,94,3521.36,0.02,0.02,6.49,0.0,Nov,2,2,1,1,Returning_Visitor,False,False
0,-116.06,0,-4.76,-9,1128.89,0.13,0.12,-5.76,0.06,Nov,3,2,5,2,Returning_Visitor,False,False
2,19.67,0,0.0,14,512.11,0.03,0.03,-22.35,0.35,Sep,3,2,3,2,New_Visitor,False,False
7,-43.78,0,0.0,40,1917.18,0.0,0.01,0.0,0.0,Mar,2,2,3,2,New_Visitor,True,False
4,121.68,-1,-88.98,10,415.31,0.0,0.04,38.08,-0.33,Dec,2,2,2,9,Returning_Visitor,False,False
2,350.96,1,10.48,16,1033.29,0.0,0.05,26.5,0.02,Feb,2,1,1,3,Returning_Visitor,True,False
4,0.0,2,9.28,6,561.49,0.03,0.08,14.52,0.0,Mar,1,1,1,10,Returning_Visitor,False,False
2,18.0,0,-53.84,30,1177.43,0.0,0.04,0.0,0.34,Oct,1,3,1,2,Returning_Visitor,False,False
4,100.26,2,0.0,25,125.0,0.03,0.06,0.0,0.0,Dec,2,2,1,6,Returning_Visitor,False,False
2,-92.0,1,14.25,28,1313.41,0.03,0.05,0.0,0.0,Dec,3,2,1,13,Returning_Visitor,False,False
1,0.0,0,9.73,-10,21.0,0.0,0.05,14.42,0.06,Dec,2,2,6,3,Returning_Visitor,True,False
-1,13.0,0,211.07,10,266.38,0.02,0.07,35.43,0.0,Mar,2,2,1,3,Returning_Visitor,False,False
4,26.49,3,759.5,23,1291.35,0.02,0.02,-25.97,0.15,Dec,4,3,4,1,Returning_Visitor,False,False
1,320.89,0,107.48,45,151.3,0.01,0.02,8.25,0.43,Jul,3,2,1,9,Returning_Visitor,False,False
-4,-283.57,0,-206.72,-22,-882.97,0.02,0.04,1.99,0.28,Nov,2,2,1,13,New_Visitor,False,False
0,0.0,0,-10.93,46,1815.41,0.04,0.05,3.19,0.42,Mar,2,2,3,4,Returning_Visitor,False,False
0,105.13,-1,0.0,-28,-301.01,-0.01,0.05,29.04,0.0,Mar,2,2,4,2,Returning_Visitor,False,False
1,31.47,1,90.89,2,17.0,0.02,0.02,-23.32,0.14,Mar,3,2,3,2,Returning_Visitor,False,False
0,9.81,0,-52.07,48,1067.21,-0.01,0.01,-8.23,0.24,Oct,1,1,2,2,Returning_Visitor,True,False
1,86.45,0,0.0,55,2846.3,0.05,0.08,5.38,0.0,Mar,1,1,1,1,Returning_Visitor,False,False
4,-50.58,0,46.82,5,51.2,0.0,0.01,-6.21,0.04,Feb,1,1,1,2,Returning_Visitor,False,True
3,32.1,0,113.56,3,529.52,0.03,0.03,0.0,-0.13,June,2,2,6,5,Returning_Visitor,False,False
1,29.5,0,36.16,26,917.97,-0.0,0.02,21.82,0.0,Nov,4,1,1,2,Returning_Visitor,False,True
1,0.0,0,5.04,52,2341.58,0.03,0.02,22.9,0.07,May,2,2,4,4,Returning_Visitor,False,True
6,188.94,0,-120.16,17,802.91,-0.05,-0.01,-17.52,0.0,Feb,3,2,6,3,Returning_Visitor,False,False
3,189.25,-1,-37.88,25,2354.0,0.01,0.01,10.58,-0.13,Mar,3,2,3,2,Returning_Visitor,True,True
6,213.29,1,90.11,100,3424.21,0.03,0.02,24.29,-0.32,Nov,2,2,2,3,Returning_Visitor,False,True
0,-76.74,0,-23.55,9,0.0,0.2,0.2,-31.39,0.4,Mar,2,2,1,1,Returning_Visitor,False,False
0,182.17,0,86.74,19,-387.17,0.01,0.04,0.0,-0.2,Nov,2,1,2,6,Returning_Visitor,False,False
1,28.2,3,74.09,64,2805.04,-0.02,0.01,75.63,0.51,Aug,2,2,4,1,New_Visitor,True,True
0,0.0,0,0.0,2,533.02,0.0,0.1,0.0,0.0,Mar,2,2,1,2,Returning_Visitor,False,False
3,95.33,0,86.4,5,-32.66,0.04,0.06,0.0,-0.11,Nov,3,2,3,1,Returning_Visitor,False,False
0,244.26,0,-37.76,0,136.75,0.01,0.04,0.0,0.0,May,3,2,9,6,Returning_Visitor,False,False
8,0.0,1,0.0,-3,464.67,0.0,0.04,38.25,0.27,May,2,2,1,2,Returning_Visitor,False,False
0,-210.86,1,0.0,18,640.88,0.0,0.01,42.28,0.0,June,2,2,1,9,Returning_Visitor,False,True
0,-82.18,0,151.03,16,-722.01,0.03,0.05,-16.42,0.0,Mar,2,2,1,2,Returning_Visitor,False,False
0,46.01,1,-156.34,28,683.3,0.1,0.09,0.0,0.34,Nov,3,2,3,1,New_Visitor,False,False
0,58.63,0,138.91,41,132.0,0.04,0.06,0.0,-0.11,May,3,1,1,2,Returning_Visitor,True,False
0,0.0,-1,-224.99,0,509.5,-0.01,0.02,33.33,0.0,Jul,3,2,6,3,Returning_Visitor,False,False
0,44.28,0,-130.03,9,326.0,-0.0,0.01,0.0,0.08,May,3,6,5,6,Returning_Visitor,False,False
5,211.61,0,-17.77,39,794.71,0.1,0.11,9.45,-0.06,Sep,1,2,4,1,Returning_Visitor,False,False
5,188.3,1,67.32,45,1668.13,0.0,0.01,24.45,0.0,Sep,2,2,2,9,Returning_Visitor,False,False
11,570.25,0,-4.36,39,2294.84,-0.01,-0.0,18.62,-0.08,Nov,2,1,1,1,Returning_Visitor,False,True
0,207.61,0,204.11,15,501.7,0.08,0.13,-20.63,0.66,May,2,6,3,3,Returning_Visitor,False,False
1,26.57,0,0.0,2,-758.76,0.2,0.19,-11.43,0.11,Aug,2,2,1,3,Returning_Visitor,False,False
0,0.0,0,38.0,2,367.2,0.2,0.2,0.0,0.0,May,2,2,1,1,Returning_Visitor,False,False
0,-16.79,-1,0.0,17,849.88,0.03,0.05,0.0,0.2,Feb,2,2,1,2,Returning_Visitor,False,False
1,3.77,0,10.48,15,228.8,0.02,0.03,22.39,0.0,Oct,2,2,1,2,Returning_Visitor,False,False
5,0.0,-2,-252.28,-3,291.0,0.0,0.03,-18.36,0.0,Nov,1,2,7,6,Returning_Visitor,False,False
4,82.0,-1,-133.7,59,3323.17,0.04,0.02,23.88,0.0,May,3,2,4,13,Returning_Visitor,False,True
0,99.12,0,-38.41,25,770.03,0.01,0.03,5.1,0.35,Aug,3,3,1,4,Returning_Visitor,False,False
1,-110.19,0,0.0,16,-1386.32,0.04,0.07,0.67,0.0,Feb,2,1,7,1,Returning_Visitor,False,False
3,7.29,0,66.28,13,949.0,-0.03,0.02,0.0,0.34,Dec,3,2,5,2,Returning_Visitor,False,False
2,229.57,0,203.39,9,801.53,0.11,0.16,0.0,0.0,Feb,2,2,1,1,Returning_Visitor,False,False
3,0.0,0,-50.48,7,199.5,0.0,0.06,11.27,0.07,Nov,2,4,1,2,Returning_Visitor,True,True
5,51.0,0,0.0,44,1480.26,-0.0,0.01,-8.86,0.06,Feb,2,2,1,3,Returning_Visitor,False,False
3,91.55,1,7.0,77,3175.53,0.01,0.05,-11.57,0.42,Nov,2,2,4,1,Returning_Visitor,False,False
-2,121.56,0,0.0,16,480.37,-0.03,0.02,7.71,0.0,Jul,2,2,2,4,New_Visitor,False,False
2,-4.72,1,0.0,3,74.0,-0.06,0.02,0.0,0.0,Aug,2,2,2,2,Returning_Visitor,True,False
0,259.55,0,20.41,13,420.78,0.02,0.05,-48.26,0.0,Nov,2,2,3,9,Returning_Visitor,False,False
2,298.43,0,0.0,20,536.62,0.0,0.0,11.0,0.0,Aug,1,2,4,8,New_Visitor,False,False
2,179.13,1,0.0,27,1035.85,0.07,0.06,0.0,0.26,Nov,2,2,4,1,Returning_Visitor,False,False
2,261.07,1,45.93,64,1431.24,0.02,0.03,10.69,0.56,May,3,2,4,1,Returning_Visitor,False,False
-1,0.0,0,-104.27,-4,196.33,0.01,0.02,-42.1,-0.06,Oct,1,1,1,2,Returning_Visitor,False,False
2,417.92,0,30.69,4,505.0,0.0,0.05,7.62,-0.1,Mar,1,5,9,3,Returning_Visitor,False,False
14,509.71,0,0.0,117,3256.51,0.0,-0.03,13.76,-0.01,Nov,2,2,7,2,Returning_Visitor,False,True
0,-14.8,0,126.9,6,-57.46,-0.01,0.02,1.59,0.24,May,3,2,1,2,Returning_Visitor,False,False
2,-85.59,0,108.89,36,243.47,0.02,0.06,3.72,0.17,Aug,2,2,2,2,Returning_Visitor,False,False
2,-144.25,0,0.0,48,2186.26,0.01,0.03,28.07,0.0,Dec,2,4,1,9,Returning_Visitor,False,False
3,0.0,0,0.0,6,903.36,0.05,0.05,37.39,0.0,Oct,3,2,1,3,New_Visitor,False,False
1,-1.78,0,19.14,30,2701.32,0.01,0.01,24.59,0.0,Nov,2,2,9,2,Returning_Visitor,False,False
-4,130.7,1,3.19,29,1513.23,0.0,0.02,12.25,0.0,Mar,2,2,1,4,Returning_Visitor,False,False
9,341.11,-1,-69.02,45,2004.37,-0.03,-0.05,24.14,-0.25,Dec,2,2,6,2,Returning_Visitor,False,False
3,55.79,0,0.0,11,453.28,-0.06,0.0,24.47,0.0,Oct,2,2,7,2,New_Visitor,False,False
0,0.0,0,7.89,25,278.29,0.03,0.08,0.0,0.0,May,2,2,2,2,Returning_Visitor,True,False
4,0.0,1,47.54,36,-159.85,0.04,0.07,0.0,0.42,Sep,1,1,9,13,New_Visitor,False,False
3,181.27,0,16.0,-16,-707.54,0.01,0.02,33.27,0.0,Dec,2,2,7,2,Returning_Visitor,False,False
6,125.78,0,0.0,5,-1129.74,0.0,0.04,-0.27,0.12,Nov,4,1,2,5,Returning_Visitor,False,True
3,203.5,0,0.0,8,369.73,0.0,0.05,-15.96,0.01,May,1,1,2,2,Returning_Visitor,False,False
3,0.0,1,22.2,34,240.6,0.04,0.07,0.0,0.0,Feb,2,2,1,13,Returning_Visitor,False,False
2,199.75,1,-8.33,8,331.4,0.04,0.08,0.0,0.19,Mar,2,2,2,10,Returning_Visitor,True,False
0,0.0,0,0.0,31,976.64,0.01,0.02,0.0,0.0,Sep,1,1,4,2,New_Visitor,False,False
-1,0.0,0,223.89,69,1629.3,0.04,0.05,0.0,0.13,Feb,3,4,1,1,Returning_Visitor,False,False
6,214.92,1,0.0,6,413.0,0.02,0.01,9.19,-0.34,Oct,4,1,4,4,Returning_Visitor,True,False
4,141.76,1,48.32,29,76.0,0.02,0.06,0.0,0.22,Feb,2,2,6,2,Returning_Visitor,False,False
5,63.0,1,16.0,187,5442.01,0.0,0.01,32.1,-0.0,May,1,1,9,1,Returning_Visitor,True,False
4,86.7,0,-23.61,16,381.21,0.01,0.02,0.0,-0.09,May,3,2,9,2,Returning_Visitor,True,False
6,21.94,1,-0.08,28,2778.33,-0.01,0.02,-4.32,0.0,May,2,2,2,7,New_Visitor,False,False
11,340.78,3,0.0,326,11945.63,-0.01,-0.03,12.53,0.19,Nov,2,2,2,10,Returning_Visitor,True,True
7,469.64,1,0.0,37,2431.94,0.01,0.02,44.16,-0.24,Dec,3,2,1,2,Returning_Visitor,False,True
0,0.0,1,0.0,64,1945.01,0.0,0.02,0.0,0.02,Mar,2,2,2,1,Returning_Visitor,False,False
1,95.5,-1,0.0,7,381.5,0.0,0.03,0.0,0.0,Jul,1,1,7,2,Returning_Visitor,False,False
7,304.32,3,193.78,114,3494.83,0.0,0.02,-2.67,0.04,Oct,1,1,1,2,Returning_Visitor,False,False
3,272.16,-1,-52.29,60,1476.95,0.0,0.04,35.99,0.16,Nov,2,2,2,2,Returning_Visitor,True,True
5,299.53,0,0.0,4,1874.76,0.0,0.01,0.0,0.0,May,2,2,5,4,Returning_Visitor,False,False
10,159.39,1,243.51,33,950.54,-0.03,0.01,7.32,0.0,Aug,2,2,1,2,Returning_Visitor,False,False
-2,24.43,7,278.17,81,3767.65,0.05,0.07,8.63,0.0,Mar,3,2,1,7,Returning_Visitor,False,True
-1,107.84,-1,-40.27,49,673.64,0.07,0.07,-26.44,0.12,Nov,1,1,1,2,Returning_Visitor,False,False
-1,0.0,1,0.0,42,428.0,0.01,0.05,20.69,0.0,Feb,1,2,3,6,Returning_Visitor,False,True
2,254.6,0,0.0,43,1589.18,0.1,0.1,0.0,0.0,Nov,2,5,1,3,Returning_Visitor,True,False
3,124.0,-1,-131.92,7,173.0,0.0,0.02,0.0,0.0,Mar,1,1,4,2,Returning_Visitor,True,False
1,4.0,0,0.0,4,67.25,0.01,0.01,15.59,0.06,Oct,2,2,2,2,Returning_Visitor,False,False
3,36.17,1,36.5,17,888.36,0.09,0.11,0.0,0.32,Mar,2,2,3,1,Returning_Visitor,False,False
0,0.0,1,-5.84,-8,-320.77,0.07,0.09,21.96,0.02,Aug,1,1,3,2,Returning_Visitor,False,False
0,181.97,1,0.0,8,819.03,0.07,0.08,0.0,0.0,May,3,2,1,2,Returning_Visitor,False,False
0,-9.8,-1,0.0,5,571.88,0.03,0.05,0.0,0.15,Nov,1,1,2,10,Returning_Visitor,False,False
10,975.65,2,-75.79,53,2562.89,0.01,0.02,0.0,0.0,Sep,2,2,8,4,New_Visitor,True,False
3,16.0,0,253.85,45,2639.03,0.01,0.04,0.0,0.2,Mar,2,10,6,2,Returning_Visitor,False,True
3,400.97,0,93.3,2,343.52,0.0,0.04,0.0,0.1,May,2,2,1,5,New_Visitor,False,False
4,104.25,2,0.0,38,1429.88,-0.06,-0.03,27.04,0.23,Aug,2,2,2,3,Returning_Visitor,False,True
7,201.62,2,79.71,65,740.51,0.0,0.02,-0.43,0.0,Nov,1,1,1,3,Returning_Visitor,True,False
3,-28.49,3,12.03,61,1095.68,0.01,0.01,-6.48,-0.03,Mar,1,1,1,4,Returning_Visitor,False,False
1,0.0,1,0.0,4,47.0,-0.05,-0.02,0.0,-0.25,Jul,2,4,9,4,New_Visitor,True,False
-2,-68.13,0,-188.66,20,940.35,0.1,0.09,-25.82,-0.13,Jul,2,2,2,5,New_Visitor,False,False
3,0.0,0,-77.51,24,324.29,0.0,0.06,0.0,0.24,May,1,1,3,4,New_Visitor,True,False
2,84.74,1,61.4,81,1507.45,-0.02,0.01,0.0,0.0,Dec,2,2,1,1,Returning_Visitor,False,False
3,-15.31,0,0.0,3,72.0,0.0,0.05,43.9,-0.13,Aug,2,2,7,4,Returning_Visitor,False,False
2,131.45,0,-15.89,11,2112.03,0.07,0.11,-13.37,0.29,Feb,2,2,7,2,Returning_Visitor,False,False
0,0.0,1,0.0,12,112.0,0.0,0.07,10.61,0.2,Mar,3,2,1,1,New_Visitor,True,False
5,246.72,2,37.0,129,5066.74,0.0,0.01,5.79,0.17,Feb,2,2,4,3,Returning_Visitor,False,False
2,112.37,1,-92.81,3,-932.46,0.0,-0.01,0.0,0.0,May,4,5,1,2,Returning_Visitor,False,False
1,23.0,0,0.0,-24,-564.18,0.0,0.03,-4.47,0.0,Nov,2,2,1,13,New_Visitor,False,False
2,182.88,0,0.0,24,171.09,-0.02,0.03,0.0,-0.11,Nov,3,2,1,1,Returning_Visitor,False,False
0,-100.56,1,48.73,65,2545.83,0.01,0.02,0.0,0.0,Nov,2,2,1,2,New_Visitor,False,False
4,25.36,0,-20.77,23,1516.97,0.11,0.11,-6.57,-0.01,May,2,2,7,1,Returning_Visitor,False,False
10,454.85,3,258.19,91,3693.17,-0.01,0.03,25.19,0.17,May,2,2,1,8,New_Visitor,False,True
13,517.09,0,-13.2,30,234.02,-0.08,-0.1,-4.68,0.0,Sep,2,2,1,3,Returning_Visitor,False,False
4,85.52,1,310.49,3,171.59,-0.0,0.02,-19.52,-0.21,Jul,3,2,9,5,New_Visitor,False,False
0,-11.01,2,0.33,-9,562.01,0.0,0.0,0.0,-0.14,Nov,1,1,6,3,New_Visitor,False,False
0,30.73,0,-3.94,35,1098.89,0.1,0.13,21.73,0.2,Feb,2,2,9,2,Returning_Visitor,False,True
8,347.31,2,192.97,134,5567.88,0.01,0.02,4.43,0.0,Aug,1,1,1,3,Returning_Visitor,False,True
-3,0.0,-1,0.0,-26,0.0,0.16,0.2,6.65,0.0,June,4,1,1,3,Returning_Visitor,True,False
7,149.43,3,88.5,143,6449.46,0.01,0.07,-11.27,0.03,Nov,2,2,6,1,Returning_Visitor,False,True
3,57.87,0,0.0,37,1437.36,-0.06,-0.04,42.39,0.0,Mar,2,4,2,2,Returning_Visitor,True,True
0,0.0,-1,0.0,8,347.67,0.09,0.1,15.79,-0.04,Feb,2,1,1,3,Returning_Visitor,True,False
2,33.87,-1,-107.6,-14,76.25,0.01,0.05,28.94,0.0,Oct,4,1,1,2,Returning_Visitor,False,True
6,83.5,2,162.41,11,1721.14,0.0,0.01,36.15,0.25,Feb,3,2,1,6,New_Visitor,False,False
3,118.7,1,26.0,41,1019.29,0.03,0.06,0.0,-0.11,May,3,2,7,3,Returning_Visitor,False,False
3,-265.16,1,0.0,6,-219.73,0.0,0.02,17.47,0.0,May,2,2,6,9,Returning_Visitor,False,False
7,46.2,-1,-179.22,22,196.86,0.01,0.01,3.28,-0.0,Feb,2,2,1,3,New_Visitor,False,False
5,128.54,3,366.12,55,2400.78,-0.02,0.01,35.09,0.03,Nov,3,2,3,1,Returning_Visitor,False,False
0,0.0,0,31.42,-16,105.0,0.0,0.03,0.0,0.08,Dec,2,6,2,3,Returning_Visitor,False,False
0,48.98,1,-89.21,1,339.17,0.2,0.21,7.54,0.1,Mar,3,2,1,1,Returning_Visitor,True,False
-1,204.04,0,0.0,47,1326.25,0.01,0.03,-13.59,0.37,Mar,2,2,1,8,Returning_Visitor,True,True
0,374.75,0,0.0,4,0.0,0.2,0.2,0.0,0.13,Mar,3,1,3,5,Returning_Visitor,False,False
4,264.13,1,57.52,47,906.12,0.01,0.03,17.05,-0.01,Aug,3,5,4,8,New_Visitor,True,False
7,239.15,3,234.55,3,371.94,-0.0,0.02,12.36,-0.08,Nov,2,2,4,2,Returning_Visitor,True,False
0,61.97,-1,0.0,-45,-2806.78,0.02,0.01,17.65,0.0,Feb,2,2,4,3,Returning_Visitor,False,False
6,119.27,0,-152.98,97,1805.6,0.01,-0.01,28.81,0.0,May,2,2,2,3,Returning_Visitor,True,False
3,181.97,0,-32.55,-3,810.0,0.0,0.05,10.68,0.0,Nov,2,2,2,2,Returning_Visitor,False,False
3,35.48,1,-148.57,6,117.5,0.0,0.07,0.0,0.0,Jul,2,2,1,5,Returning_Visitor,False,False
-1,15.56,0,-18.9,23,-177.2,-0.01,0.01,-14.08,0.0,Dec,2,1,1,2,Returning_Visitor,False,False
0,0.0,0,61.51,31,540.28,0.0,0.04,0.0,0.0,Nov,2,2,9,3,Returning_Visitor,False,False
0,0.0,-1,0.0,-7,-786.34,0.02,0.06,-6.22,0.03,May,2,10,4,1,Returning_Visitor,False,False
1,-240.79,2,12.27,82,2551.64,-0.01,0.04,-0.29,0.33,Nov,1,1,3,3,Returning_Visitor,True,False
4,168.66,3,273.0,56,2386.0,-0.05,-0.07,1.36,0.0,Dec,2,2,6,2,New_Visitor,False,True
8,116.33,1,-0.47,147,4080.52,0.0,-0.0,-2.8,-0.07,Aug,3,2,5,8,Returning_Visitor,False,True
3,81.41,0,139.81,43,654.07,0.0,0.03,-24.27,0.0,Jul,3,2,7,1,Returning_Visitor,False,False
12,98.85,1,129.0,1,22.05,0.0,0.02,8.71,0.0,Oct,2,2,1,1,Returning_Visitor,False,False
3,0.0,-1,0.0,49,1851.04,0.16,0.2,19.27,0.45,Feb,1,1,2,4,Returning_Visitor,True,False
2,49.74,0,0.0,3,511.01,0.0,0.03,17.5,0.0,Oct,1,2,3,13,Returning_Visitor,False,False
0,-169.63,0,0.0,22,1013.67,0.0,0.01,-1.53,0.24,May,2,2,2,13,Returning_Visitor,False,False
0,28.42,0,0.0,1,-857.14,0.2,0.2,0.0,0.05,May,1,2,6,4,Returning_Visitor,True,False
0,0.0,-1,-20.57,-51,-2348.44,0.04,0.06,0.0,0.0,Mar,2,2,1,3,Returning_Visitor,False,False
-1,0.0,-1,64.87,61,1842.82,0.04,0.07,2.41,0.17,Dec,1,1,4,2,Returning_Visitor,True,False
2,62.5,0,-103.18,17,775.33,0.03,0.05,0.0,0.0,Nov,2,2,3,5,Returning_Visitor,True,True
0,180.48,-2,0.0,7,-1128.08,0.02,0.04,34.55,0.24,Mar,1,5,3,2,New_Visitor,False,False
8,72.25,0,0.86,51,1622.86,0.04,0.04,-5.2,0.0,Mar,2,2,2,2,Returning_Visitor,True,False
0,0.0,0,-216.05,27,530.32,0.01,0.07,22.68,-0.01,Dec,1,1,2,19,Returning_Visitor,False,False
-2,0.0,0,190.76,16,2166.23,0.07,0.12,-26.01,-0.02,Mar,2,5,7,1,Returning_Visitor,False,False
1,-140.11,0,80.04,-48,-865.86,0.01,0.01,0.0,0.0,May,2,4,1,2,New_Visitor,True,False
-2,0.0,2,-11.63,2,510.03,0.09,0.15,-9.59,0.61,May,3,2,1,4,Returning_Visitor,False,False
6,164.95,1,123.37,-15,0.0,0.16,0.2,6.75,0.21,May,4,1,9,2,Returning_Visitor,True,False
0,0.0,0,0.0,9,1589.13,0.08,0.07,21.67,-0.09,Dec,2,4,9,4,Returning_Visitor,False,False
3,175.21,2,133.81,41,1918.9,0.0,0.04,5.94,0.02,Nov,1,1,1,2,Returning_Visitor,False,False
1,0.0,2,-52.96,-1,259.16,-0.02,-0.0,-0.12,0.8,May,2,2,9,4,New_Visitor,False,False
0,0.0,0,-153.35,45,514.42,0.0,0.06,0.0,0.0,Feb,2,2,4,1,Returning_Visitor,False,False
3,45.11,-2,-35.93,16,386.44,0.0,0.05,6.91,0.39,Aug,4,1,4,12,Returning_Visitor,False,False
5,-36.69,0,-82.83,33,1623.07,0.0,0.02,25.12,0.0,Nov,2,1,2,1,Returning_Visitor,True,True
2,0.0,2,163.99,-13,418.38,0.01,0.01,13.33,0.0,Dec,2,2,1,4,Returning_Visitor,False,True
-1,250.8,2,270.6,20,1424.4,0.03,0.04,43.38,0.09,Dec,2,2,1,2,Returning_Visitor,False,True
7,377.38,0,-211.74,73,1941.81,-0.03,0.0,36.56,0.12,Mar,3,2,3,2,Returning_Visitor,False,False
2,133.0,0,0.0,-36,-1528.5,0.01,0.01,0.0,0.09,May,1,1,1,2,Returning_Visitor,False,False
2,107.69,1,0.0,12,896.5,0.05,0.09,-6.55,0.02,Oct,1,3,1,5,Returning_Visitor,False,True
1,77.68,0,49.14,94,3088.05,-0.03,-0.01,-24.81,0.0,Jul,2,2,2,1,Returning_Visitor,True,False
3,138.16,-1,-131.06,53,1469.7,-0.0,0.02,-13.29,-0.07,Mar,2,6,1,4,Returning_Visitor,False,False
0,0.0,0,-11.73,32,1552.43,0.08,0.07,0.0,0.21,May,2,2,1,7,New_Visitor,False,False
2,0.0,1,59.8,8,-1148.55,0.0,0.07,10.77,-0.05,Nov,2,2,1,6,New_Visitor,False,False
2,-5.87,1,-205.03,30,1526.22,0.0,0.02,-14.32,0.0,Oct,2,2,1,3,Returning_Visitor,False,False
5,-23.46,1,-40.79,6,1020.65,0.0,0.08,4.59,0.0,Feb,4,1,1,3,Returning_Visitor,True,False
1,-107.36,0,0.0,5,71.5,0.07,0.13,-1.99,0.14,Nov,2,2,3,3,Returning_Visitor,False,False
4,354.23,4,481.24,90,4524.52,-0.03,-0.03,0.0,0.0,Nov,1,2,5,10,Returning_Visitor,False,False
12,278.19,2,0.0,121,3751.35,0.03,0.0,-14.51,0.09,Feb,2,2,1,5,Returning_Visitor,False,False
7,116.0,1,0.0,48,1720.93,0.0,0.03,21.34,0.0,Aug,2,2,1,2,Returning_Visitor,False,False
4,334.2,0,5.8,37,1686.0,0.01,-0.0,20.33,0.0,Nov,3,2,2,11,Returning_Visitor,False,False
0,-121.71,1,126.42,85,2606.56,0.0,0.07,-33.89,0.17,Nov,2,2,1,6,Returning_Visitor,True,False
-5,-50.76,-1,0.0,-19,0.0,0.02,0.08,-6.62,0.4,Feb,1,2,1,5,Returning_Visitor,False,False
-3,0.0,0,-74.59,1,0.0,0.18,0.2,-18.74,0.0,Oct,4,2,1,2,Returning_Visitor,False,False
-1,-211.7,0,82.11,25,710.91,-0.02,0.03,-6.54,-0.0,Jul,2,2,8,3,Returning_Visitor,False,False
-1,61.34,2,-47.07,25,858.52,0.2,0.2,0.0,0.42,Dec,8,13,9,17,Other,False,False
3,170.0,0,-254.32,-23,-1053.62,-0.02,-0.01,29.36,-0.03,Oct,3,2,1,2,Returning_Visitor,False,True
-2,-76.26,-1,-306.26,-15,-1495.37,0.2,0.21,0.0,0.16,May,1,4,1,8,Returning_Visitor,False,False
0,-129.2,0,18.66,-20,-151.11,0.02,0.02,24.06,0.0,Mar,2,2,3,4,Returning_Visitor,False,False
0,151.25,1,168.04,-1,24.0,0.11,0.13,0.0,0.4,May,1,1,1,3,Returning_Visitor,False,False
2,27.82,0,-38.19,-26,-2045.24,-0.0,0.05,8.1,0.0,Mar,3,2,3,2,Returning_Visitor,False,False
2,56.6,0,154.67,14,612.82,-0.01,0.0,-10.67,0.0,Oct,2,1,1,4,New_Visitor,False,False
1,62.14,0,0.0,-3,192.93,-0.05,0.01,0.0,-0.1,Mar,2,2,1,4,Returning_Visitor,True,False
1,294.26,2,195.37,39,13.0,0.09,0.11,-2.52,0.39,May,2,2,1,3,Returning_Visitor,False,False
-4,-28.85,0,0.0,9,415.25,0.03,0.05,6.8,0.0,Dec,2,2,1,1,Returning_Visitor,False,False
4,0.0,0,0.0,13,-616.61,-0.0,0.03,0.0,0.2,Oct,3,2,9,2,Returning_Visitor,False,False
1,56.67,0,-101.88,43,2248.95,0.0,0.02,0.0,0.0,May,1,1,4,1,Returning_Visitor,True,False
-1,-117.47,0,0.0,98,2442.63,0.11,0.1,11.1,0.6,May,2,2,2,13,Returning_Visitor,False,False
2,32.0,0,0.0,16,887.28,0.15,0.17,-13.26,0.0,May,2,2,1,3,Returning_Visitor,True,False
-2,77.22,0,75.39,-59,885.57,0.11,0.11,19.3,0.4,Dec,3,2,2,2,Returning_Visitor,True,False
1,-2.77,0,0.0,36,1504.29,0.0,0.03,-17.24,-0.0,Oct,2,4,4,5,Returning_Visitor,True,False
0,-266.64,0,0.0,45,1324.86,0.1,0.1,17.77,0.15,May,2,2,9,1,Returning_Visitor,False,False
3,29.0,0,0.0,34,1132.66,0.01,0.03,0.21,-0.16,Mar,1,1,1,5,New_Visitor,False,False
0,0.0,0,-3.54,37,1475.34,0.06,0.07,0.0,0.0,Jul,2,2,1,2,Returning_Visitor,False,False
0,0.0,0,0.0,1,14.0,0.07,0.1,-28.9,0.29,May,2,2,3,1,Returning_Visitor,False,False
6,63.02,0,125.16,63,3060.06,0.02,0.04,21.68,0.0,Oct,2,2,1,5,Returning_Visitor,True,False
4,300.68,0,107.79,63,1803.76,-0.0,0.02,5.38,0.2,May,3,2,1,7,Returning_Visitor,True,False
0,-93.03,-1,-161.22,27,-147.9,0.03,0.04,4.34,0.0,May,1,1,6,3,Returning_Visitor,True,False
0,0.0,0,-81.82,22,663.24,0.0,0.05,0.0,0.0,May,2,2,1,6,Returning_Visitor,False,False
5,231.11,1,23.26,17,596.08,0.06,0.09,0.0,-0.26,Dec,2,6,1,1,Returning_Visitor,False,False
0,0.0,-1,0.0,109,4208.82,0.03,0.01,24.17,0.2,Mar,3,2,2,2,Returning_Visitor,False,False
6,199.47,0,-53.76,62,1371.79,-0.02,-0.0,0.79,0.42,May,2,2,1,6,New_Visitor,True,False
6,68.47,0,-6.18,55,2555.82,0.01,0.01,0.0,0.0,Oct,2,2,4,2,Returning_Visitor,False,False
3,214.26,0,48.5,-56,-2364.66,0.03,0.06,9.55,0.08,Oct,2,2,3,11,Returning_Visitor,False,False
6,47.61,1,0.0,3,-1488.62,0.01,0.07,0.0,0.28,Oct,2,2,3,4,New_Visitor,False,False
3,922.75,0,-83.03,81,4681.42,0.02,0.05,-2.07,0.05,Nov,2,2,1,4,Returning_Visitor,False,False
-3,0.0,1,0.0,-48,218.0,0.01,0.04,0.13,-0.02,Jul,2,4,1,2,Returning_Visitor,False,False
8,224.91,4,317.49,136,6193.83,0.01,0.04,2.05,0.0,May,1,1,1,1,Returning_Visitor,True,False
0,-40.65,1,32.0,50,891.47,0.0,0.05,6.47,0.0,Mar,2,2,3,1,Returning_Visitor,False,False
-4,107.45,0,0.0,8,358.0,0.0,0.02,1.15,0.21,Dec,2,2,3,2,Returning_Visitor,True,False
1,0.0,0,0.0,27,668.37,0.02,0.06,0.0,-0.08,Aug,2,2,6,6,Returning_Visitor,False,False
2,267.0,0,-90.19,8,-438.25,0.04,0.06,0.0,0.27,May,1,2,1,4,Returning_Visitor,False,False
0,0.0,0,-74.88,12,1265.42,-0.01,0.02,9.56,-0.19,Mar,2,2,7,1,Returning_Visitor,True,False
3,170.53,-1,-88.04,21,26.0,0.01,0.03,-26.73,0.14,May,1,1,6,4,New_Visitor,False,False
7,95.17,3,-5.61,46,824.16,-0.03,0.01,14.79,0.18,June,3,6,3,11,Returning_Visitor,True,False
0,-98.18,0,-132.13,1,305.39,0.2,0.2,-28.88,0.2,Mar,2,2,7,1,Returning_Visitor,False,False
0,-117.9,-1,0.0,5,902.74,0.03,0.04,26.9,0.08,Dec,2,2,2,2,Returning_Visitor,False,False
1,108.8,-1,0.0,15,542.0,0.02,0.08,21.5,0.0,Nov,3,2,3,3,Returning_Visitor,True,False
0,0.0,-2,-131.23,29,1117.0,-0.0,0.03,0.0,0.0,May,4,2,3,6,Returning_Visitor,False,False
2,58.4,-1,0.0,-16,303.1,0.07,0.07,16.89,0.15,Oct,3,2,3,3,Returning_Visitor,False,True
0,-20.61,2,184.27,57,1813.43,0.01,0.04,-21.7,0.28,Mar,2,2,1,2,New_Visitor,False,True
0,0.0,0,-171.64,28,63.0,-0.0,0.07,33.88,0.8,Mar,3,2,4,1,Returning_Visitor,False,False
3,189.79,0,0.0,-7,1911.61,0.05,0.08,-12.06,0.0,Mar,3,2,2,10,Returning_Visitor,True,False
2,48.71,-1,-135.98,32,1140.15,0.03,0.04,34.78,0.08,Nov,1,1,9,10,Returning_Visitor,False,False
3,174.27,1,-14.3,27,1103.3,0.0,0.01,43.9,0.14,May,2,2,2,2,Returning_Visitor,False,True
-2,-180.05,3,198.71,-23,112.08,0.1,0.13,39.92,-0.0,Dec,3,2,1,1,Returning_Visitor,False,False
-1,0.0,0,-60.49,13,298.5,0.01,0.01,-8.23,0.0,May,1,1,3,1,Returning_Visitor,False,False
4,32.9,1,-86.31,19,-503.13,0.04,0.05,27.75,0.14,Dec,2,2,1,3,Returning_Visitor,False,False
1,246.76,-1,-200.04,-49,-179.74,0.03,0.04,-11.7,0.0,Dec,1,1,4,4,Returning_Visitor,False,False
2,82.6,0,44.2,54,1908.36,0.0,-0.01,2.5,0.0,Aug,1,1,3,2,New_Visitor,True,False
14,531.93,3,86.49,83,4475.6,-0.06,-0.03,45.91,0.15,May,2,2,6,2,Returning_Visitor,False,False
4,6.59,0,-35.64,-21,109.0,0.0,0.03,42.52,-0.08,Oct,3,2,9,4,New_Visitor,True,False
6,-70.9,-1,0.0,46,534.29,0.04,0.06,-14.27,0.0,Oct,3,2,9,1,Returning_Visitor,False,False
7,130.94,0,-125.45,92,3345.71,0.04,0.06,20.8,0.06,May,3,2,4,1,Returning_Visitor,True,False
0,-52.71,0,98.37,10,-506.62,-0.0,0.02,-5.25,0.39,May,2,6,2,2,New_Visitor,False,False
3,267.8,0,0.0,6,616.5,0.03,0.05,0.0,0.45,Mar,2,2,3,6,Returning_Visitor,False,False
0,30.82,2,143.88,14,1429.91,0.01,0.05,0.0,-0.09,Nov,3,4,1,2,New_Visitor,False,False
2,151.07,0,-164.87,27,2806.08,-0.01,0.02,0.0,0.8,May,2,2,6,2,Returning_Visitor,False,False
4,31.35,1,62.79,-34,-1706.24,0.0,0.02,38.95,0.0,Nov,2,2,1,2,Returning_Visitor,True,False
-6,-109.12,0,77.84,47,1820.31,0.0,0.02,-14.77,0.0,Mar,1,1,6,9,New_Visitor,False,False
2,171.78,0,0.0,-22,0.0,0.03,0.04,24.8,0.16,Dec,2,1,3,1,Returning_Visitor,False,False
3,118.54,0,-218.48,2,-1823.87,0.0,0.0,-6.07,0.0,Dec,2,2,6,2,New_Visitor,False,False
3,0.0,1,221.01,16,314.04,0.0,0.05,0.0,0.0,May,3,2,2,1,Returning_Visitor,True,False
1,119.04,0,39.36,11,631.26,0.03,0.05,0.0,0.13,Dec,2,2,1,5,New_Visitor,False,False
3,39.13,2,15.1,13,1100.47,0.0,0.01,24.75,0.0,Nov,3,2,2,6,Returning_Visitor,True,True
1,0.0,2,182.46,-3,236.0,0.02,0.04,0.0,0.0,May,2,1,1,2,New_Visitor,False,False
1,0.0,0,-6.72,13,1873.82,-0.0,0.05,0.0,-0.14,Feb,2,2,1,10,Returning_Visitor,False,False
1,-210.44,0,87.98,30,41.0,0.11,0.15,5.95,0.4,May,2,2,1,1,Returning_Visitor,False,False
5,0.0,-1,0.0,4,356.21,0.01,0.03,25.58,0.6,May,2,10,1,4,Returning_Visitor,False,False
5,68.81,-1,-67.81,17,475.67,0.0,0.02,-21.83,-0.22,May,1,1,3,2,Returning_Visitor,False,False
4,408.12,0,0.0,25,-184.47,0.0,0.02,23.73,0.0,Dec,4,2,1,18,Returning_Visitor,False,False
1,0.0,0,0.0,44,547.0,-0.06,-0.03,0.0,0.3,Sep,2,2,1,13,Returning_Visitor,False,False
6,160.58,1,235.8,52,3324.24,0.0,-0.01,64.08,0.03,Nov,2,2,2,7,New_Visitor,False,False
2,-48.22,0,0.0,7,0.0,-0.05,-0.01,-1.02,-0.07,Nov,3,6,1,12,Returning_Visitor,False,False
9,213.25,1,-29.45,97,1935.89,0.0,-0.03,0.0,0.0,Jul,1,1,4,4,Returning_Visitor,True,False
-4,0.0,-1,0.0,25,1229.25,0.03,0.04,0.0,1.0,May,3,2,1,2,Returning_Visitor,False,False
4,-69.13,0,0.0,48,2939.62,-0.07,-0.03,-1.44,0.4,Aug,2,2,8,14,Returning_Visitor,False,True
0,39.55,1,202.12,28,2064.65,0.05,0.07,4.5,-0.03,Mar,3,4,4,1,Returning_Visitor,False,False
6,60.0,2,61.0,40,1031.7,0.0,0.01,33.15,0.0,Feb,3,6,4,2,Returning_Visitor,True,True
3,960.0,0,107.17,26,1857.04,0.07,0.09,0.0,0.46,Mar,2,2,5,1,New_Visitor,False,False
0,-35.3,0,0.0,4,-466.05,0.01,0.02,-22.13,-0.29,Nov,3,2,3,2,New_Visitor,False,False
4,126.21,1,-68.49,-5,198.25,0.02,0.04,24.08,0.11,Nov,1,8,1,6,Returning_Visitor,False,False
-3,121.79,-1,-145.27,-2,0.0,-0.01,0.01,-1.1,0.0,Dec,1,1,1,2,Returning_Visitor,False,False
3,331.39,0,0.0,10,1045.29,0.17,0.2,0.0,-0.01,June,2,2,9,13,Returning_Visitor,False,False
1,87.09,2,5.0,74,1958.48,0.17,0.16,0.0,0.39,Aug,2,2,4,13,Returning_Visitor,False,False
3,71.79,2,99.39,67,2324.82,0.05,0.08,8.71,0.21,May,3,2,7,13,Returning_Visitor,False,True
1,5.0,0,0.0,13,582.85,0.02,0.07,0.0,-0.0,Mar,3,2,2,9,Returning_Visitor,True,False
1,12.0,0,67.2,38,2138.38,0.0,0.05,0.0,0.0,Feb,2,2,7,1,Returning_Visitor,False,False
0,-135.99,0,0.0,-46,-2041.65,0.04,0.06,0.0,0.05,Jul,4,1,9,2,Returning_Visitor,False,False
5,228.58,-1,-12.18,-43,-1070.99,-0.01,0.01,-1.14,-0.05,May,3,2,3,2,Returning_Visitor,True,True
3,140.48,2,96.51,142,4564.41,-0.04,-0.04,0.0,0.0,Nov,2,2,1,2,Returning_Visitor,True,False
0,33.44,-1,58.78,33,2268.21,0.05,0.07,-38.09,0.0,Mar,2,2,3,2,Returning_Visitor,False,True
5,191.54,2,241.93,46,2511.92,-0.09,-0.05,-2.93,0.09,Nov,2,2,1,2,Returning_Visitor,False,True
5,-63.33,1,0.0,10,116.0,-0.06,-0.01,33.1,0.0,Nov,2,2,2,2,New_Visitor,False,False
-1,40.48,0,0.0,23,150.69,0.2,0.17,19.88,0.0,Jul,2,2,1,2,Returning_Visitor,False,False
9,403.08,3,167.13,97,3664.83,0.01,0.02,-5.61,0.08,Aug,3,2,2,4,Returning_Visitor,False,False
0,89.05,0,0.0,81,3287.0,0.04,0.08,0.0,-0.2,Dec,2,5,1,2,Returning_Visitor,False,False
1,28.0,1,118.71,13,224.5,0.03,0.05,-6.57,0.35,May,1,1,1,8,Returning_Visitor,False,False
3,65.0,0,-53.14,53,2134.65,-0.04,0.0,44.56,-0.29,Feb,8,13,9,1,Other,False,False
-2,9.0,0,-132.9,22,169.5,-0.02,-0.01,20.56,0.0,Mar,3,4,4,4,Returning_Visitor,True,False
5,71.08,1,143.38,24,1249.71,0.0,0.01,-2.66,-0.07,Mar,2,2,3,2,New_Visitor,True,True
0,0.0,1,0.0,34,2890.86,0.0,0.01,7.56,-0.18,Mar,3,2,6,1,Returning_Visitor,True,False
4,196.66,0,24.14,2,34.0,0.05,0.07,0.0,0.06,May,1,1,9,3,New_Visitor,False,False
0,0.0,1,16.22,14,1264.74,0.0,0.01,13.17,0.0,Nov,1,1,3,10,Returning_Visitor,False,False
1,-88.66,2,165.2,88,2296.25,0.0,0.04,0.0,0.01,Nov,2,2,4,3,Returning_Visitor,True,False
4,166.0,0,55.0,-6,118.12,0.0,0.02,29.68,0.08,Oct,2,2,1,5,New_Visitor,False,False
-1,79.94,0,-125.87,5,716.61,0.09,0.12,8.63,-0.18,Nov,1,1,2,1,Returning_Visitor,False,False
0,77.29,0,17.31,16,528.58,0.0,0.04,43.86,-0.09,Feb,1,13,1,20,Other,False,False
2,303.81,-1,0.0,-27,-817.54,0.02,0.04,-4.71,-0.19,Oct,3,2,4,1,Returning_Visitor,True,True
0,15.57,-2,24.78,-60,-3121.51,0.2,0.22,-6.89,0.7,May,2,2,5,1,Returning_Visitor,False,False
0,6.51,0,-158.73,4,1245.0,0.05,0.09,11.04,0.02,Oct,4,2,5,6,Returning_Visitor,False,False
4,9.09,3,180.43,45,1789.29,-0.01,0.01,0.0,0.06,Oct,1,2,1,4,Returning_Visitor,False,False
-1,0.0,0,51.56,5,1752.28,0.03,0.04,0.0,0.0,Jul,4,7,1,2,New_Visitor,True,False
-2,0.0,1,0.0,-1,0.0,0.2,0.21,0.0,0.32,May,3,2,1,13,Returning_Visitor,False,False
0,-155.37,0,0.0,-25,66.69,0.0,0.02,0.0,0.0,Sep,2,6,4,3,Returning_Visitor,False,False
1,0.0,-1,-57.81,21,1078.85,0.0,0.01,0.0,-0.11,Mar,2,2,6,9,New_Visitor,False,False
-3,-7.71,0,-143.56,1,0.0,0.11,0.12,3.02,0.2,Oct,2,2,6,1,Returning_Visitor,False,False
4,94.33,0,0.0,6,505.24,0.12,0.15,0.32,0.05,Aug,3,2,1,13,Returning_Visitor,False,False
1,117.51,0,0.0,12,446.19,0.02,0.04,0.0,0.04,Nov,8,9,7,2,Returning_Visitor,False,True
1,-37.67,0,29.58,72,2092.67,0.02,0.03,20.18,0.04,Oct,2,2,1,2,New_Visitor,False,False
8,247.14,1,-18.7,55,1080.27,-0.02,0.03,24.73,0.6,Feb,2,2,7,6,New_Visitor,False,False
1,102.08,0,0.0,21,863.17,0.0,0.02,1.44,-0.21,Dec,1,1,1,2,Returning_Visitor,True,False
6,371.24,-1,-149.21,-2,221.0,0.0,0.02,-19.14,-0.05,Mar,3,2,1,2,Returning_Visitor,True,False
13,323.62,4,287.42,101,4217.4,-0.01,0.02,25.58,-0.1,Dec,3,2,1,3,Returning_Visitor,False,False
5,275.44,0,-173.93,32,162.53,-0.01,0.0,39.28,0.0,Feb,4,1,1,2,Returning_Visitor,True,True
0,-366.98,0,-71.82,-21,611.26,0.04,0.11,0.0,0.28,Mar,2,2,4,1,Returning_Visitor,False,False
0,0.0,0,-29.65,-10,0.0,-0.01,0.03,7.26,0.41,Aug,3,2,3,3,Returning_Visitor,True,False
0,-77.23,0,-241.0,-9,-760.42,0.04,0.08,0.0,0.0,Nov,2,2,3,10,Returning_Visitor,False,False
0,-220.24,1,9.18,7,63.0,0.03,0.07,0.0,-0.08,Dec,2,2,6,2,Returning_Visitor,False,False
3,0.0,0,0.0,23,1528.41,0.01,0.08,0.0,0.0,Dec,2,2,1,1,Returning_Visitor,False,False
0,272.44,0,-72.26,31,822.65,0.02,0.03,0.0,0.28,Oct,1,1,1,4,New_Visitor,False,False
0,-267.29,0,53.74,-38,107.93,0.0,0.01,34.98,0.38,May,3,2,7,2,Returning_Visitor,False,False
0,0.0,0,0.0,5,109.0,0.0,0.04,16.89,0.3,May,2,1,1,4,Returning_Visitor,False,False
2,13.5,-3,-125.35,13,-592.98,0.02,0.05,-24.22,-0.05,Mar,2,2,1,2,Returning_Visitor,False,False
3,53.4,1,-44.16,1,166.89,0.01,0.04,-11.83,0.22,Aug,2,2,7,1,New_Visitor,False,False
3,173.66,0,8.77,20,590.81,0.02,0.02,0.0,-0.02,Jul,2,1,3,3,Returning_Visitor,False,False
0,0.0,2,189.95,15,636.5,-0.05,-0.02,6.34,0.0,Oct,2,2,2,5,Returning_Visitor,False,False
5,39.4,2,210.32,-16,-100.0,-0.04,0.02,2.05,-0.01,Oct,2,4,1,3,Returning_Visitor,True,False
6,282.25,1,7.67,115,3561.14,0.04,0.02,78.2,-0.07,Nov,2,2,9,2,Returning_Visitor,False,True
2,117.0,0,0.89,98,3770.45,-0.05,-0.03,-4.56,0.0,Nov,2,2,9,2,Returning_Visitor,True,False
2,23.0,0,0.0,50,1623.5,-0.02,0.01,5.46,-0.0,Nov,2,2,3,8,Returning_Visitor,False,False
1,91.25,0,-117.87,56,1697.56,0.0,0.01,3.78,0.07,Nov,1,2,4,1,Returning_Visitor,True,True
5,105.0,1,-61.19,59,1125.9,0.0,0.01,0.0,0.0,Feb,3,2,2,2,Returning_Visitor,False,False
2,0.0,0,-96.55,55,853.42,0.01,-0.01,-3.43,0.0,Sep,1,1,7,2,Returning_Visitor,True,True
0,0.0,0,-105.35,4,873.09,0.0,0.02,36.28,0.17,Dec,2,2,1,2,Returning_Visitor,False,False
0,180.92,3,218.56,112,3068.14,0.0,0.02,27.72,-0.09,Nov,2,2,1,2,Returning_Visitor,False,False
1,-180.6,0,-188.36,3,-411.45,0.06,0.1,0.0,0.8,May,2,2,6,4,Returning_Visitor,False,False
1,101.5,1,136.91,18,441.24,0.18,0.17,15.45,0.0,Jul,3,2,4,1,Returning_Visitor,False,False
2,0.0,0,36.33,41,734.64,0.05,0.07,4.19,0.42,Aug,2,2,1,4,Returning_Visitor,False,False
1,4.0,-1,-92.32,28,-24.33,0.0,0.03,13.14,0.0,Oct,2,2,2,1,New_Visitor,False,False
6,76.31,1,30.37,104,3047.92,0.02,0.02,6.93,0.0,Nov,2,2,1,2,Returning_Visitor,False,False
0,0.0,-2,0.0,7,361.16,0.05,0.04,-13.58,0.0,May,1,2,1,4,Returning_Visitor,True,False
10,205.77,0,-25.26,105,4462.88,-0.0,0.02,5.05,0.06,Nov,1,2,5,8,Returning_Visitor,False,False
2,143.22,0,0.0,43,1239.13,0.03,0.03,12.6,0.03,Jul,4,1,1,4,Returning_Visitor,True,True
-5,0.0,0,272.62,-6,166.67,0.02,0.06,0.0,-0.01,Mar,1,1,6,2,Returning_Visitor,True,False
5,72.26,0,9.95,29,467.92,0.01,0.02,26.68,0.0,Oct,2,2,1,2,Returning_Visitor,True,False
0,260.94,-2,0.0,8,140.0,0.0,0.03,-12.46,0.0,May,2,6,3,3,New_Visitor,False,False
8,293.85,2,0.0,51,1968.29,0.01,0.05,40.12,0.0,Mar,1,1,4,3,Returning_Visitor,True,False
0,75.35,0,0.0,44,1598.69,0.03,0.03,17.19,0.07,Mar,2,2,2,3,Returning_Visitor,False,False
5,123.06,1,187.14,53,1918.35,-0.0,0.02,-2.01,0.0,Nov,2,6,4,4,Returning_Visitor,False,True
1,-133.4,1,-8.77,-34,-251.38,0.06,0.04,16.84,-0.17,Sep,4,1,6,1,Returning_Visitor,False,False
0,2.0,0,13.6,31,773.58,0.02,0.02,12.72,-0.26,Nov,3,2,2,4,Returning_Visitor,False,False
0,-32.2,2,-64.98,26,1833.85,0.08,0.12,0.0,0.0,Oct,2,2,3,6,Returning_Visitor,False,False
2,-5.48,0,0.0,-29,-1446.44,0.03,0.05,8.91,-0.07,Feb,2,6,3,2,Returning_Visitor,False,False
0,-310.97,3,185.44,97,1835.56,0.01,0.03,15.5,-0.25,Nov,2,2,3,2,Returning_Visitor,False,False
0,72.48,0,0.0,1,958.53,0.16,0.2,0.0,0.6,May,3,2,3,13,Returning_Visitor,False,False
-3,-266.71,0,71.27,5,28.0,0.12,0.16,23.81,0.4,May,3,2,4,3,Returning_Visitor,False,False
7,156.96,0,2.32,21,835.07,0.03,0.03,33.43,0.11,May,3,2,7,8,New_Visitor,False,False
-1,0.0,0,0.0,-23,1046.41,0.13,0.17,-15.25,0.24,May,1,1,1,4,Returning_Visitor,False,False
0,0.0,0,-35.83,11,223.0,0.09,0.09,0.0,-0.25,Dec,1,1,3,2,Returning_Visitor,False,False
2,-54.83,1,0.0,-21,-195.77,0.01,0.02,12.16,0.41,May,1,1,2,2,Returning_Visitor,False,True
0,-212.42,0,-13.76,7,271.92,0.0,0.03,3.61,0.23,Dec,2,2,4,1,Returning_Visitor,False,False
4,130.17,1,31.5,65,5410.96,0.03,0.06,0.0,0.2,Nov,3,2,3,2,Returning_Visitor,False,False
4,337.12,0,127.1,-16,-211.58,0.0,0.02,0.0,0.0,May,1,1,9,4,Returning_Visitor,False,False
0,0.0,0,0.0,22,865.84,0.04,0.03,13.72,0.27,June,4,1,1,9,Returning_Visitor,False,False
10,586.65,3,263.67,51,3796.95,0.06,0.07,-8.17,0.0,May,4,1,1,2,Returning_Visitor,True,False
0,125.72,0,0.0,-15,384.0,0.04,0.05,0.0,-0.15,Dec,2,4,2,4,Returning_Visitor,False,False
2,229.08,0,0.0,74,2644.78,0.2,0.2,0.0,0.0,Dec,2,5,1,6,Returning_Visitor,False,False
7,258.26,0,-0.7,1,0.0,0.2,0.21,-5.88,0.0,Feb,2,1,2,3,Returning_Visitor,False,False
1,0.0,0,-40.86,11,-294.2,0.0,0.02,10.4,0.04,May,1,5,7,4,Returning_Visitor,True,False
0,-90.47,0,0.0,1,526.31,0.14,0.2,34.5,0.0,May,3,2,1,3,New_Visitor,True,False
0,33.47,-1,22.69,27,1124.73,0.01,0.0,-0.28,0.27,Mar,1,1,1,4,New_Visitor,False,False
11,387.08,4,261.06,169,8276.29,0.0,0.02,8.17,-0.09,Nov,4,1,2,2,Returning_Visitor,False,False
1,0.0,0,2.26,2,15.0,0.0,0.05,-39.75,-0.12,Oct,2,2,2,2,Returning_Visitor,False,False
2,0.0,0,1.28,37,5208.65,0.0,0.01,30.77,0.29,Oct,3,2,3,6,Returning_Visitor,False,False
5,180.13,1,111.85,180,6512.01,-0.1,-0.09,9.23,-0.29,Nov,2,2,1,4,New_Visitor,True,False
5,267.06,0,77.29,8,95.0,0.0,0.03,0.0,-0.3,Feb,1,1,1,2,New_Visitor,False,False
-2,0.0,0,-208.15,14,80.83,0.06,0.12,-20.99,0.13,May,3,2,4,1,Returning_Visitor,False,False
6,595.1,3,221.66,19,240.89,0.01,0.01,0.0,0.0,May,2,3,2,4,Returning_Visitor,False,False
5,108.08,-1,0.0,26,1024.85,-0.02,0.0,18.27,0.22,Feb,2,2,9,2,Returning_Visitor,False,False
5,113.71,0,-48.38,22,518.12,0.01,0.01,0.0,0.08,Mar,2,2,7,2,Returning_Visitor,False,False
1,-45.04,1,-6.55,47,1350.26,0.0,0.06,43.8,0.03,Oct,2,2,1,1,Returning_Visitor,False,False
0,109.95,1,0.0,44,3231.96,-0.0,0.02,-6.18,0.05,Nov,4,1,1,3,New_Visitor,False,False
0,0.0,-1,0.0,19,98.34,0.06,0.07,-17.21,0.1,Mar,2,2,2,13,Returning_Visitor,False,False
-1,-46.53,0,0.0,24,928.0,0.02,0.02,38.45,-0.02,Aug,1,1,6,2,Returning_Visitor,False,True
0,100.5,1,153.85,69,4279.11,0.0,0.02,10.99,0.0,Dec,4,1,1,3,Returning_Visitor,False,False
2,443.49,-2,-135.78,-15,0.0,-0.04,0.01,27.37,0.0,Mar,4,1,9,2,Returning_Visitor,False,False
4,204.4,0,-31.35,4,117.0,0.0,0.04,0.0,0.0,Mar,2,2,4,2,New_Visitor,False,False
-3,0.0,1,19.62,14,0.0,-0.04,0.0,0.0,0.48,Feb,2,2,1,3,Returning_Visitor,False,False
2,46.5,0,-46.27,90,2220.81,-0.02,0.01,16.88,0.13,Nov,3,2,1,10,Returning_Visitor,False,False
17,975.75,0,17.11,105,3970.7,0.01,0.02,8.02,0.6,May,2,2,1,4,Returning_Visitor,False,False
6,81.12,1,-128.32,79,3692.85,0.0,0.01,10.78,0.0,May,1,2,1,2,Returning_Visitor,False,False
0,16.86,0,143.01,37,684.73,0.01,0.04,0.0,0.01,Mar,1,2,9,14,Returning_Visitor,False,False
0,0.0,-1,-76.76,6,268.4,-0.01,0.02,0.0,-0.07,Mar,2,10,3,3,Returning_Visitor,False,False
6,135.79,0,-65.16,237,6984.94,0.0,0.0,-1.45,0.24,Nov,2,2,1,2,Returning_Visitor,False,False
-1,-68.64,0,0.0,-18,440.0,0.01,0.03,-5.05,0.15,Feb,1,1,4,5,Returning_Visitor,False,False
-1,0.0,-1,-84.53,-15,-801.79,0.01,0.03,0.0,0.0,Dec,2,2,3,2,Returning_Visitor,False,False
-3,-155.93,0,0.0,0,89.5,0.04,0.06,18.24,0.19,May,3,2,7,3,Returning_Visitor,False,False
-2,-6.64,0,0.0,20,791.67,0.01,0.01,1.27,0.0,Dec,2,2,6,2,Returning_Visitor,False,True
0,0.0,0,17.19,51,2077.81,0.0,0.02,0.0,0.0,Jul,2,2,1,1,Returning_Visitor,False,False
-1,87.51,0,-14.16,49,789.96,0.05,0.08,0.0,-0.07,Mar,2,2,1,3,Returning_Visitor,False,False
0,-157.88,2,-37.5,12,1262.48,0.02,0.04,0.0,0.09,Aug,1,2,3,10,Returning_Visitor,False,False
5,265.75,0,-43.43,31,168.75,0.14,0.17,0.0,0.0,Feb,1,1,1,2,Returning_Visitor,False,False
0,171.7,0,11.12,55,1232.68,0.05,0.04,0.0,0.34,Sep,3,2,2,4,Returning_Visitor,True,False
0,-23.6,0,0.0,1,-1022.84,0.07,0.08,0.0,0.0,Jul,1,1,3,3,Returning_Visitor,True,False
0,-41.07,1,0.0,-3,557.17,0.08,0.14,0.0,0.0,May,3,2,1,1,Returning_Visitor,False,False
2,220.64,0,0.0,10,-105.47,0.03,0.08,0.0,0.03,May,2,2,7,1,Returning_Visitor,False,False
10,85.04,0,3.6,72,2139.16,0.0,0.01,6.15,-0.29,Nov,2,2,7,2,Returning_Visitor,False,False
1,96.67,-2,-187.48,57,1605.88,0.06,0.05,-3.74,0.0,Jul,2,2,2,10,Returning_Visitor,False,True
0,54.34,1,0.0,9,964.06,0.06,0.09,0.0,0.8,May,2,2,1,6,Returning_Visitor,False,False
-1,11.0,1,256.42,19,694.32,0.08,0.1,-23.59,0.29,Feb,3,10,1,3,Returning_Visitor,True,False
1,102.92,0,0.0,14,1032.52,0.0,0.06,-6.73,-0.09,Dec,2,2,7,1,Returning_Visitor,False,False
5,210.67,3,127.0,-6,568.61,0.01,0.02,41.44,0.0,Mar,1,5,1,2,Returning_Visitor,False,False
0,52.5,0,-95.34,17,1120.47,0.01,0.04,19.18,0.0,Nov,2,2,3,2,Returning_Visitor,False,False
-4,-172.69,-1,-111.64,44,1646.45,0.01,0.04,-8.55,0.14,Nov,2,2,4,4,Returning_Visitor,False,False
11,406.42,0,-31.91,21,42.27,0.03,0.04,-6.71,0.0,Oct,3,2,6,3,Returning_Visitor,True,False
3,322.0,1,25.38,1,1244.18,0.02,0.05,-14.12,0.23,Nov,1,1,1,2,Returning_Visitor,False,False
2,14.45,-1,0.0,41,2047.95,0.1,0.12,0.0,0.36,Aug,2,2,3,1,Returning_Visitor,False,False
3,481.45,-1,-352.7,13,-163.24,-0.05,-0.06,43.8,0.02,Aug,3,4,4,8,Returning_Visitor,False,False
5,401.57,0,0.0,40,4.0,0.0,0.02,-4.04,-0.27,Dec,2,5,9,1,Returning_Visitor,False,False
2,75.66,2,75.32,97,4804.41,0.05,0.05,0.0,0.0,Dec,2,5,3,10,Returning_Visitor,False,False
0,114.54,0,-146.54,9,281.5,-0.04,0.01,-0.47,0.0,Oct,4,1,1,2,New_Visitor,False,False
4,0.0,0,0.0,25,1344.29,-0.01,0.01,16.61,-0.1,Nov,3,2,1,8,Returning_Visitor,False,False
0,83.9,0,179.89,9,250.2,0.02,0.03,0.0,0.0,May,4,2,4,1,Returning_Visitor,False,False
5,46.5,0,0.0,-3,26.0,0.0,0.02,11.13,0.0,Nov,2,2,7,2,Returning_Visitor,False,True
0,59.0,1,-53.65,41,136.0,0.13,0.15,-13.45,0.8,May,3,2,1,15,Returning_Visitor,False,False
4,119.33,1,106.77,174,5602.59,0.04,0.03,29.15,0.08,Nov,2,2,4,14,Returning_Visitor,False,False
5,70.33,0,117.47,25,1106.1,-0.05,0.0,7.56,-0.29,Nov,2,2,3,2,New_Visitor,True,False
0,124.82,1,-2.73,16,65.5,0.07,0.1,-8.02,0.0,Nov,3,2,3,13,Returning_Visitor,False,False
4,199.7,0,129.05,26,1644.85,0.0,0.02,4.99,0.0,May,2,2,1,6,Returning_Visitor,False,False
5,157.87,3,360.0,28,1093.8,0.02,0.04,-7.56,0.06,May,2,2,1,6,Returning_Visitor,False,False
1,0.0,0,0.0,13,80.0,0.02,0.05,13.49,0.13,Mar,3,2,1,9,Returning_Visitor,True,False
3,114.63,2,245.23,31,2421.96,0.01,0.01,5.01,0.12,May,2,2,9,8,Returning_Visitor,False,True
5,354.5,-1,0.0,14,275.0,0.1,0.13,0.3,0.0,Nov,1,5,1,20,Returning_Visitor,False,False
2,117.8,0,0.0,65,2032.4,0.01,0.03,-14.17,0.07,Aug,2,2,6,4,Returning_Visitor,False,False
0,244.57,0,0.0,9,74.26,-0.01,0.03,0.0,0.36,May,2,2,5,3,Returning_Visitor,False,False
2,85.57,1,13.32,28,1546.24,0.0,0.02,19.71,0.0,Nov,2,2,1,10,Returning_Visitor,True,True
0,103.15,0,-121.38,-20,-885.55,0.05,0.07,-11.14,0.15,May,6,2,3,5,Returning_Visitor,False,False
0,33.67,1,83.79,2,-371.92,0.08,0.1,-30.4,0.07,Sep,4,1,1,4,Returning_Visitor,False,False
-1,-39.76,1,0.0,13,350.83,0.02,0.03,7.15,0.6,May,3,2,9,2,Returning_Visitor,False,False
5,47.0,1,2.0,41,2582.7,0.01,0.01,-29.07,0.0,May,2,2,1,2,Returning_Visitor,True,False
12,410.4,1,174.03,75,2084.18,0.02,0.02,12.07,0.3,Aug,1,1,2,2,Returning_Visitor,False,False
0,0.0,0,0.0,43,63.0,-0.01,0.01,-19.05,0.0,May,2,2,4,4,Returning_Visitor,True,False
3,0.0,1,110.28,34,3190.92,0.02,0.06,23.99,0.01,Mar,3,4,4,1,Returning_Visitor,True,True
0,81.71,-1,-307.79,-36,-997.15,0.03,0.07,-19.61,0.23,Dec,2,2,2,2,Returning_Visitor,False,False
5,69.9,2,0.0,62,797.71,0.02,0.02,-7.52,0.21,Aug,1,1,3,6,Returning_Visitor,False,False
5,57.33,3,121.94,222,6942.78,0.02,0.03,2.78,0.0,Nov,2,2,3,1,Returning_Visitor,False,False
3,0.0,2,147.5,45,1850.31,0.05,0.03,9.25,0.0,Dec,1,1,3,2,Returning_Visitor,True,False
0,0.0,1,23.29,12,161.61,-0.01,0.02,2.58,0.0,Dec,1,1,9,2,New_Visitor,True,True
3,0.0,1,0.0,26,-871.31,0.02,0.06,-6.0,0.03,Oct,2,2,1,2,Returning_Visitor,True,False
0,-162.75,-1,0.0,19,1154.71,0.05,0.08,11.37,-0.13,Mar,2,1,4,6,Returning_Visitor,False,False
3,397.83,0,21.68,11,1249.63,-0.02,-0.0,0.0,0.0,Nov,3,2,3,4,Returning_Visitor,False,False
1,45.02,-2,-71.25,24,626.15,-0.0,0.01,17.02,-0.11,Oct,2,2,9,2,Returning_Visitor,False,False
2,302.8,1,0.0,7,1224.82,0.05,0.06,0.0,-0.02,Mar,2,2,9,5,Returning_Visitor,False,False
9,63.33,0,-14.9,13,556.67,-0.02,0.01,13.94,0.0,Mar,2,2,5,2,Returning_Visitor,False,True
4,-11.42,0,-54.48,31,2364.65,0.09,0.1,0.0,0.0,Jul,1,2,1,3,Returning_Visitor,False,False
-4,53.3,0,-8.23,-11,-358.18,-0.0,0.02,-6.81,0.12,Oct,3,2,8,2,Returning_Visitor,False,True
0,-33.62,0,89.51,6,-101.73,-0.04,0.02,0.0,-0.08,Feb,3,2,6,2,Returning_Visitor,False,False
0,-85.27,0,-197.58,5,-51.6,-0.04,0.0,0.0,0.39,Feb,2,2,1,4,New_Visitor,True,False
-1,-33.41,0,-11.16,20,447.5,0.02,0.04,-10.79,-0.0,Oct,2,2,1,1,Returning_Visitor,False,False
7,398.29,2,112.04,91,2303.54,0.03,0.04,17.04,-0.1,Mar,3,2,2,2,Returning_Visitor,False,False
10,384.1,0,0.0,26,2988.88,0.05,0.0,26.11,0.0,Sep,3,2,1,14,Returning_Visitor,False,False
4,-32.95,-1,123.5,14,454.18,0.0,0.0,20.92,-0.11,Oct,2,2,1,1,Returning_Visitor,False,True
2,36.5,0,0.0,80,3016.12,-0.0,0.01,10.1,0.18,Nov,4,2,3,2,Returning_Visitor,False,True
0,0.0,1,197.65,19,725.49,0.0,0.0,0.0,0.0,May,1,1,6,3,New_Visitor,False,False
16,476.08,0,0.0,50,443.75,0.06,0.03,0.0,0.0,Aug,2,2,7,13,Returning_Visitor,True,False
6,199.81,0,-83.89,6,-1045.3,0.05,0.07,0.0,0.08,Feb,1,1,3,11,Returning_Visitor,False,False
3,14.17,0,305.26,6,78.67,0.0,-0.0,0.0,0.17,May,1,2,3,4,New_Visitor,False,False
2,93.1,0,-4.93,10,935.86,0.01,0.06,-29.15,-0.42,Jul,2,1,1,2,Returning_Visitor,True,False
0,0.0,-1,0.0,20,320.24,0.06,0.11,9.1,0.23,May,1,1,1,1,Returning_Visitor,False,False
0,0.0,0,0.0,2,764.83,0.08,0.1,-20.71,-0.21,Dec,1,1,1,4,Returning_Visitor,False,False
13,964.25,1,55.8,68,3502.8,0.03,0.05,0.0,0.0,Dec,1,1,5,5,Returning_Visitor,True,False
2,108.41,1,0.0,28,811.86,0.0,-0.01,0.0,0.1,Nov,2,1,4,8,New_Visitor,True,False
0,0.0,0,51.73,7,1140.2,-0.03,-0.01,-4.64,-0.26,Nov,2,2,1,10,Returning_Visitor,False,False
6,270.4,1,0.0,21,504.32,0.0,0.0,20.58,-0.06,Feb,2,2,4,1,Returning_Visitor,False,False
6,24.96,1,130.4,26,39.5,0.0,0.02,-39.62,0.0,June,2,2,4,1,Returning_Visitor,False,False
0,0.0,0,-92.65,88,2846.79,0.0,0.04,26.69,0.12,Oct,2,2,7,5,Returning_Visitor,False,False
2,0.0,1,-10.25,19,348.03,0.08,0.12,38.98,-0.19,Oct,1,1,1,3,Returning_Visitor,False,False
3,82.5,0,0.0,24,933.84,0.03,0.05,0.0,-0.04,Nov,2,2,1,5,Returning_Visitor,False,False
1,178.13,-1,125.15,42,600.64,0.01,0.04,0.0,0.0,May,1,1,4,1,Returning_Visitor,False,False
0,0.0,0,235.3,-13,0.0,0.04,0.11,0.0,0.4,Oct,1,3,6,3,Returning_Visitor,True,False
0,25.56,1,0.0,26,1313.12,0.09,0.12,0.37,-0.02,Dec,1,1,1,2,Returning_Visitor,False,False
24,468.1,2,191.87,189,3428.53,-0.06,-0.08,0.87,-0.51,June,1,1,2,1,Returning_Visitor,True,False
1,4.0,0,0.0,36,1840.83,0.04,0.03,-9.94,0.0,May,1,1,1,3,Returning_Visitor,False,True
0,179.65,0,-4.65,-30,-1025.96,0.04,0.07,-14.6,0.08,Feb,4,1,3,3,Returning_Visitor,False,False
3,0.0,-1,-71.38,13,-1279.41,-0.02,0.01,19.03,0.41,May,3,2,1,13,Returning_Visitor,False,False
7,511.73,4,280.5,149,3851.65,0.0,0.02,11.38,0.0,Nov,3,6,7,2,Returning_Visitor,False,True
4,99.5,0,0.0,46,953.07,0.0,0.01,0.0,0.17,May,4,2,6,3,Returning_Visitor,True,False
9,326.98,1,270.02,50,1950.64,0.01,0.02,3.46,-0.23,Dec,1,1,1,1,Returning_Visitor,False,True
0,87.17,0,51.87,15,602.18,-0.03,0.0,3.16,0.15,Mar,2,4,1,3,Returning_Visitor,False,True
0,0.0,0,22.03,-20,-1482.66,-0.07,-0.07,14.5,-0.07,Mar,1,4,4,2,Returning_Visitor,False,False
3,10.0,0,-10.62,82,706.3,0.0,-0.02,0.0,-0.15,Nov,2,1,4,1,Returning_Visitor,True,False
5,315.38,0,88.56,104,3280.31,0.0,0.03,-6.39,0.0,Mar,3,2,5,2,New_Visitor,False,False
-4,-150.12,0,21.48,13,376.41,0.2,0.24,0.0,0.2,Aug,2,2,4,5,Returning_Visitor,True,False
0,0.0,0,203.39,4,1662.42,-0.04,-0.01,0.0,0.15,May,2,2,4,2,Returning_Visitor,False,False
0,324.41,1,-19.73,18,281.19,0.04,0.02,0.0,0.0,Dec,2,4,1,8,New_Visitor,False,False
6,0.0,2,-34.09,47,1907.36,0.0,0.04,0.0,0.36,May,2,2,1,6,New_Visitor,True,False
7,24.36,1,297.04,31,2381.07,0.0,0.01,29.51,-0.11,Nov,2,2,1,3,Returning_Visitor,False,False
1,-161.02,1,14.0,98,2556.38,0.01,0.01,1.82,0.08,May,1,1,2,4,Returning_Visitor,True,False
6,86.0,0,-196.22,23,667.84,0.04,0.05,0.0,0.0,May,2,2,4,4,Returning_Visitor,False,False
2,0.0,0,91.88,-35,152.25,0.03,0.03,0.0,0.15,Feb,1,1,3,2,Returning_Visitor,False,False
0,-78.71,-2,-140.7,6,-753.13,0.03,0.03,0.0,0.0,June,2,2,4,4,Returning_Visitor,False,False
0,0.0,1,64.2,18,1803.67,0.08,0.07,0.0,-0.11,Dec,3,5,1,8,Returning_Visitor,False,False
7,72.0,1,0.0,10,343.0,-0.02,0.01,14.07,0.0,Nov,3,1,6,2,Returning_Visitor,False,False
0,147.87,1,0.0,60,1666.64,-0.02,0.0,0.0,0.0,Mar,2,2,1,2,Returning_Visitor,False,False
0,-40.09,-1,0.0,8,188.57,0.02,0.06,0.0,-0.0,Nov,4,1,3,9,Returning_Visitor,True,False
2,246.13,0,0.0,-17,504.08,0.11,0.13,36.08,0.0,Oct,1,1,1,3,Returning_Visitor,False,True
2,0.0,0,0.0,17,1172.03,0.02,0.05,0.0,-0.02,Oct,2,2,3,10,Returning_Visitor,True,False
3,0.0,1,-55.46,44,2284.49,0.04,0.05,0.0,-0.06,Oct,3,2,2,9,Returning_Visitor,False,False
0,-49.47,-1,-95.16,33,172.32,0.2,0.21,0.0,0.05,Dec,3,2,1,14,Returning_Visitor,True,False
0,163.14,0,0.0,-87,-1326.3,0.2,0.2,17.82,0.0,Mar,2,2,4,9,Returning_Visitor,False,False
-2,-175.37,1,57.22,21,1762.48,0.07,0.11,0.0,0.0,Feb,2,2,1,2,Returning_Visitor,False,False
1,51.76,0,0.0,62,2351.33,0.05,0.08,2.51,0.48,May,4,2,9,3,Returning_Visitor,False,False
1,3.0,-1,0.0,-49,-235.09,0.0,0.03,0.0,0.6,June,1,2,4,1,Returning_Visitor,False,False
-1,22.33,-3,-366.73,4,214.0,0.07,0.04,9.62,0.0,Feb,3,2,3,6,Returning_Visitor,True,False
-1,102.25,-2,0.0,16,530.62,0.08,0.08,-6.56,0.29,Nov,2,5,7,3,Returning_Visitor,True,False
-1,-120.32,0,-27.91,-3,434.58,0.01,0.04,14.17,0.02,Dec,1,2,1,2,Returning_Visitor,False,False
5,120.34,1,-102.44,18,666.27,0.0,-0.01,52.91,-0.02,Nov,1,1,3,2,Returning_Visitor,True,False
1,115.47,0,-121.55,40,2837.45,0.03,0.05,7.43,0.2,May,3,2,1,3,Returning_Visitor,True,False
3,104.08,0,0.0,97,1684.27,0.02,0.02,0.35,0.0,Nov,3,2,1,2,New_Visitor,True,False
10,282.21,1,-39.17,67,1632.51,-0.05,0.02,0.0,0.0,Sep,2,2,2,10,Returning_Visitor,False,False
-2,-309.26,0,0.0,-56,-3415.38,0.14,0.2,-13.88,0.0,Mar,2,2,2,3,Returning_Visitor,False,False
0,66.37,-2,14.91,3,1038.14,0.07,0.1,0.0,-0.0,May,3,2,4,2,Returning_Visitor,True,False
2,163.76,-2,0.0,-1,-987.42,0.03,0.06,40.24,-0.02,Dec,3,2,7,3,Returning_Visitor,True,False
0,-190.08,2,129.5,12,1249.75,0.05,0.09,0.0,0.22,Feb,2,2,1,2,Returning_Visitor,False,False
-2,179.38,1,116.51,8,564.54,0.12,0.13,1.96,0.18,Sep,2,2,1,5,Returning_Visitor,False,False
0,267.98,-1,0.0,-36,197.0,0.0,0.03,0.0,0.0,Dec,1,2,9,1,Returning_Visitor,False,False
4,367.25,3,400.38,-9,-1031.75,0.03,0.08,-7.49,0.35,May,2,1,2,1,Returning_Visitor,True,True
5,0.0,1,0.0,16,285.06,0.05,0.06,0.0,-0.15,Aug,2,2,2,3,Returning_Visitor,False,False
1,11.17,0,63.5,28,2245.33,-0.0,-0.0,-6.03,0.0,Mar,2,2,9,4,Returning_Visitor,False,True
0,59.97,0,-100.44,3,456.26,0.0,0.03,0.0,0.17,Mar,2,2,3,10,Returning_Visitor,False,False
3,313.54,-1,0.0,7,-1145.62,0.07,0.1,28.42,0.0,Sep,2,2,1,4,Returning_Visitor,False,True
0,0.0,0,-109.8,6,622.37,-0.01,0.07,-2.86,0.45,Mar,1,1,4,1,Returning_Visitor,False,False
-1,93.8,-2,0.0,42,526.69,-0.04,-0.02,8.57,-0.03,Mar,3,1,9,4,Returning_Visitor,True,False
0,0.0,0,-20.71,2,18.0,-0.01,0.04,-11.88,0.0,Jul,2,5,3,4,Returning_Visitor,False,False
2,-104.69,0,0.0,3,-600.05,0.01,0.03,17.97,0.0,Mar,1,1,1,1,New_Visitor,True,True
-2,0.0,0,-127.74,1,0.0,0.13,0.2,0.0,0.0,Sep,3,1,1,3,Returning_Visitor,True,False
0,0.0,1,110.2,64,3117.25,-0.03,0.0,-11.84,-0.07,Aug,3,2,3,7,New_Visitor,True,False
7,253.92,2,122.96,38,2118.33,-0.05,-0.02,9.11,0.0,Dec,2,5,1,4,Returning_Visitor,False,False
-2,0.0,0,-64.85,54,2861.65,-0.06,-0.01,27.63,0.08,Dec,1,1,4,3,Returning_Visitor,False,False
0,-107.74,-1,-56.83,13,1394.06,0.06,0.08,-24.03,-0.26,Mar,2,2,1,2,Returning_Visitor,False,False
0,0.0,-1,-104.63,19,-147.67,0.06,0.06,10.52,0.0,Mar,3,2,3,4,Returning_Visitor,False,True
2,-88.37,3,218.79,32,1343.14,0.01,0.02,0.0,-0.09,Dec,2,6,1,2,Returning_Visitor,False,False
0,6.72,2,0.0,41,0.0,0.2,0.22,10.74,0.0,Mar,3,1,1,1,Returning_Visitor,True,False
2,0.0,2,0.0,103,3357.05,-0.02,-0.0,-19.79,0.0,Nov,2,2,1,1,Returning_Visitor,True,False
-2,-225.38,-1,-285.04,8,-537.38,0.07,0.11,7.86,0.13,Dec,2,2,9,8,Returning_Visitor,False,False
3,78.64,0,24.14,1,0.0,0.02,0.01,0.38,0.25,Aug,3,2,8,8,New_Visitor,False,False
2,0.0,0,0.0,-11,42.0,0.03,0.06,1.58,0.0,Jul,2,2,4,12,Returning_Visitor,False,False
15,686.54,2,116.02,96,4272.84,0.04,0.04,11.79,0.01,May,1,1,7,4,New_Visitor,False,False
-2,-85.48,0,0.0,4,39.59,0.0,0.02,22.1,0.4,Mar,1,2,1,2,Returning_Visitor,False,False
8,326.37,1,0.0,90,4052.36,0.05,0.06,14.99,0.0,Sep,2,2,4,3,Returning_Visitor,False,True
3,0.0,0,0.0,23,95.5,0.0,0.0,0.0,0.09,Oct,2,4,1,2,Returning_Visitor,True,False
0,0.0,-1,0.0,44,1180.02,-0.01,0.05,12.56,0.0,Mar,3,2,6,1,Returning_Visitor,False,False
7,431.23,0,9.0,76,4256.18,0.01,-0.01,15.74,0.17,May,2,4,2,8,Returning_Visitor,False,False
0,0.0,0,39.26,5,43.9,0.0,0.03,0.0,-0.21,Nov,2,2,1,2,Returning_Visitor,False,False
3,24.0,0,0.0,23,147.0,0.02,0.03,14.9,0.03,Jul,2,6,6,2,Returning_Visitor,False,False
1,-108.61,1,128.29,99,4877.26,-0.06,-0.04,0.0,0.3,May,2,2,1,6,Returning_Visitor,True,False
1,163.39,1,0.0,36,2455.52,0.01,0.04,0.0,0.37,Mar,3,2,3,4,Returning_Visitor,False,False
0,0.0,2,0.0,-33,-319.78,0.06,0.1,-4.42,-0.18,Jul,2,4,1,3,Returning_Visitor,False,False
8,531.84,1,154.5,52,1056.5,0.02,0.05,0.0,0.0,Mar,4,2,1,2,Returning_Visitor,False,False
2,107.61,2,149.42,27,1695.43,0.02,0.06,6.94,0.0,Mar,2,2,3,10,Returning_Visitor,False,False
1,74.55,3,0.0,29,86.6,0.05,0.09,-5.2,0.0,Dec,2,2,9,2,Returning_Visitor,False,False
0,0.0,1,140.6,137,5205.04,-0.08,-0.07,0.0,0.29,Jul,2,2,1,3,Returning_Visitor,False,False
4,234.71,1,52.24,13,1273.98,-0.1,-0.07,-0.3,0.14,Sep,3,1,1,2,Returning_Visitor,False,False
4,28.2,0,-1.72,16,-778.99,0.05,0.05,0.0,0.13,Feb,2,4,1,4,Returning_Visitor,False,False
1,0.0,2,93.59,33,889.37,0.0,0.01,-24.74,0.17,Oct,2,2,3,2,Returning_Visitor,False,True
4,235.43,3,189.23,16,624.76,0.01,0.03,0.0,0.0,Mar,2,2,1,4,Returning_Visitor,False,False
6,57.61,-1,0.0,40,1440.03,0.02,0.05,18.96,-0.07,Jul,2,2,1,4,Returning_Visitor,False,False
4,70.08,0,21.72,-61,-1964.24,0.0,0.04,19.07,0.09,Jul,1,2,1,10,Returning_Visitor,False,False
7,304.21,1,57.38,82,4362.01,0.0,0.01,6.05,-0.03,Sep,2,3,1,2,Returning_Visitor,False,False
5,123.88,2,339.14,13,1373.47,0.01,0.02,1.77,0.0,Dec,2,2,1,2,Returning_Visitor,False,False
14,651.99,4,359.19,258,9200.14,0.0,-0.02,33.61,0.35,Aug,2,2,9,2,Returning_Visitor,False,True
6,384.79,0,0.0,37,1841.12,-0.03,0.02,-24.75,0.0,Feb,2,2,1,4,Returning_Visitor,False,False
5,60.5,0,0.0,57,388.9,0.0,0.03,0.0,0.0,Feb,2,2,1,20,Returning_Visitor,True,True
1,0.0,1,68.82,38,1174.49,-0.01,0.0,-19.41,0.0,Nov,2,2,1,2,Returning_Visitor,True,False
1,43.4,1,25.86,24,528.18,0.06,0.1,0.0,0.09,Nov,1,1,1,3,New_Visitor,False,False
4,88.45,1,0.0,36,884.24,0.0,0.02,0.0,0.4,May,3,2,7,14,Returning_Visitor,False,False
6,139.78,3,89.5,54,2788.59,0.02,0.02,7.45,0.05,Sep,3,2,3,1,Returning_Visitor,False,False
0,0.0,0,-109.85,5,-474.43,0.0,0.02,0.0,0.0,Nov,1,1,1,3,Returning_Visitor,False,False
2,287.95,1,-83.72,19,864.83,-0.03,0.0,-10.95,-0.07,Mar,2,1,2,10,Returning_Visitor,False,False
4,213.42,1,-36.9,122,4749.59,-0.01,0.01,-8.18,0.0,Nov,3,2,2,1,Returning_Visitor,False,False
0,0.0,-1,0.0,-14,966.04,0.0,0.04,14.5,-0.05,Nov,2,2,1,1,Returning_Visitor,False,False
1,71.6,0,-20.42,7,-132.31,-0.0,0.01,0.0,0.0,Feb,3,1,7,3,Returning_Visitor,True,False
4,319.23,2,0.0,16,1359.44,-0.0,0.01,0.0,0.06,May,1,2,1,4,Returning_Visitor,False,False
0,-128.55,0,0.0,-15,-506.28,0.11,0.13,0.0,0.03,Aug,3,2,7,3,Returning_Visitor,False,False
4,-120.73,1,90.27,93,3446.29,0.06,0.08,12.87,0.0,Mar,2,2,1,13,Returning_Visitor,False,False
-1,0.0,0,-110.43,28,1030.38,0.0,-0.01,15.89,-0.22,Nov,2,4,2,10,Returning_Visitor,False,True
0,0.0,1,111.55,11,578.93,0.03,0.05,0.0,-0.16,Jul,2,2,4,1,Returning_Visitor,True,False
3,111.39,0,99.68,35,175.18,-0.01,0.03,0.0,0.0,Dec,3,2,8,5,New_Visitor,False,False
0,286.83,0,-100.6,19,716.13,0.13,0.11,37.47,0.0,Dec,7,13,1,20,Other,True,False
1,79.43,0,56.5,15,378.5,0.0,0.04,11.64,0.09,Dec,3,2,7,2,Returning_Visitor,True,False
2,40.0,0,-112.59,47,1000.85,-0.06,-0.05,23.79,-0.1,Nov,1,5,4,2,New_Visitor,True,False
0,90.22,0,-113.12,15,1777.52,0.01,0.03,0.0,0.32,Nov,3,2,1,10,Returning_Visitor,False,False
1,176.67,2,153.0,45,1780.07,-0.05,0.0,11.6,0.0,May,1,1,7,3,Returning_Visitor,True,True
0,0.0,0,0.0,-31,-993.27,0.0,0.1,11.61,0.23,Mar,4,1,1,3,Returning_Visitor,False,False
1,71.38,-2,-209.78,2,166.0,0.0,0.04,0.0,0.0,Dec,1,13,1,11,Returning_Visitor,False,False
-4,-156.03,1,0.0,-19,469.49,0.04,0.07,9.86,0.0,Mar,2,2,3,2,Returning_Visitor,False,False
5,145.6,0,0.0,10,476.01,0.02,0.05,0.04,0.2,Feb,2,2,2,2,Returning_Visitor,False,False
-2,0.0,0,0.0,2,44.0,0.08,0.11,0.0,0.0,Mar,3,2,2,2,Returning_Visitor,True,False
5,258.99,2,34.0,100,3999.71,0.01,0.03,29.09,0.34,Nov,2,2,1,13,Returning_Visitor,False,False
6,162.07,3,84.95,69,1979.71,0.04,0.05,5.37,0.4,Mar,4,1,1,2,Returning_Visitor,False,False
0,0.0,7,840.58,109,4055.56,-0.02,0.02,0.12,0.04,Mar,2,6,2,4,Returning_Visitor,False,False
1,0.0,0,0.0,37,606.5,0.03,0.04,-12.47,0.28,Nov,1,1,2,7,Returning_Visitor,True,False
0,0.0,0,0.0,36,1073.95,-0.0,-0.01,50.83,0.13,May,1,1,7,1,Returning_Visitor,False,False
0,0.0,0,76.26,38,558.62,-0.01,0.0,-2.07,0.0,Dec,2,6,2,2,New_Visitor,False,False
2,0.0,1,0.0,-14,526.5,0.02,0.05,-21.65,0.01,Dec,2,2,2,13,Returning_Visitor,False,False
2,81.7,2,83.94,91,2054.33,0.0,0.01,34.08,-0.21,Dec,2,2,2,2,Returning_Visitor,False,False
0,-82.08,0,61.3,-8,895.36,-0.03,0.01,0.0,0.0,Feb,4,1,3,2,Returning_Visitor,True,False
0,138.27,0,-91.11,11,-84.29,0.15,0.2,0.0,0.0,Nov,2,2,8,1,Returning_Visitor,False,False
0,-10.9,0,0.0,1,-1031.28,0.2,0.2,-18.89,0.29,Feb,2,2,1,1,Returning_Visitor,False,False
8,240.2,0,-90.72,51,692.67,0.0,-0.0,146.24,-0.21,Feb,2,2,7,2,Returning_Visitor,False,True
-2,98.54,-1,-42.96,18,1796.58,0.08,0.06,26.8,0.0,Nov,2,2,6,1,Returning_Visitor,False,False
16,1064.0,0,10.0,47,117.86,0.07,0.03,31.59,0.0,Nov,2,5,3,4,Returning_Visitor,False,False
-1,-398.97,3,160.27,65,1693.19,0.02,-0.0,0.0,0.0,Aug,2,2,2,2,Returning_Visitor,False,False
2,0.0,0,120.81,-15,-208.69,0.02,0.02,-12.77,0.1,Jul,1,8,3,1,Returning_Visitor,True,False
6,347.75,0,-258.41,21,-508.91,0.05,0.07,24.99,0.0,Dec,8,13,9,20,Other,False,False
8,389.5,0,0.0,16,1100.3,0.0,0.04,25.57,-0.06,Nov,4,1,1,3,Returning_Visitor,False,False
8,255.92,0,0.0,255,8550.84,0.02,-0.01,-6.19,0.02,Nov,2,2,1,2,Returning_Visitor,False,False
0,52.1,0,80.4,12,70.0,-0.06,-0.02,0.0,0.43,May,1,1,3,3,Returning_Visitor,False,False
3,39.3,1,-46.03,22,316.2,0.02,0.04,21.12,0.22,Feb,2,2,3,6,Returning_Visitor,False,False
5,52.84,0,46.19,26,-422.26,0.01,0.03,28.31,0.0,Jul,2,2,3,1,New_Visitor,False,False
-1,0.0,0,-238.35,44,1826.57,0.07,0.09,18.12,0.15,Mar,3,2,2,1,Returning_Visitor,False,False
-3,0.0,0,0.0,35,167.83,0.03,0.05,41.37,-0.27,Nov,2,2,1,2,Returning_Visitor,False,False
-1,36.0,-1,52.52,-17,89.19,0.0,0.01,16.4,0.0,Mar,2,6,2,1,New_Visitor,False,False
0,0.0,0,0.0,-3,42.2,0.01,0.04,0.0,-0.07,Mar,2,2,1,1,Returning_Visitor,False,False
7,384.72,0,-35.36,6,78.5,0.0,0.03,-17.12,0.26,May,3,2,7,9,Returning_Visitor,False,False
5,257.38,0,0.0,38,2058.31,-0.03,0.01,0.0,0.0,Nov,1,2,1,2,Returning_Visitor,False,False
2,103.52,0,75.28,28,425.1,-0.02,0.0,0.0,0.07,Dec,2,2,2,2,Returning_Visitor,False,False
4,287.85,2,64.37,4,794.56,0.02,0.04,-8.71,0.0,Nov,3,2,9,2,Returning_Visitor,False,False
4,232.34,-1,-106.52,13,504.03,-0.01,0.0,0.0,0.0,Sep,1,1,4,2,New_Visitor,False,False
6,279.5,2,178.17,19,1614.53,0.02,0.01,-0.73,0.0,Sep,2,2,4,2,Returning_Visitor,True,False
12,257.75,1,0.0,3,97.5,-0.0,0.02,-21.66,0.52,Dec,2,1,1,8,Returning_Visitor,False,True
6,89.47,1,97.59,52,928.97,0.0,0.01,-11.08,0.0,Sep,3,6,1,2,Returning_Visitor,True,False
6,0.0,1,0.0,97,2355.2,-0.0,0.03,0.0,0.0,Nov,3,2,6,1,Returning_Visitor,True,True
0,85.0,-1,-233.47,2,413.8,0.04,0.12,0.0,0.0,Mar,1,1,1,2,New_Visitor,True,False
0,182.15,0,40.43,4,19.6,0.09,0.11,-15.41,0.0,Nov,2,2,6,10,Returning_Visitor,True,False
-1,-14.65,-1,35.0,-8,1067.08,0.02,0.03,16.34,-0.2,Mar,3,2,6,1,Returning_Visitor,False,False
0,185.53,-1,0.0,24,748.67,0.0,0.02,0.0,0.19,Mar,2,2,6,10,New_Visitor,False,False
-1,75.6,1,179.63,27,1248.14,0.08,0.08,0.0,0.0,Feb,2,2,9,2,Returning_Visitor,False,False
6,327.98,0,-172.29,42,1760.09,0.0,0.0,-4.93,-0.0,Nov,2,2,1,8,New_Visitor,True,True
-2,-197.21,1,148.07,-40,-1072.16,0.1,0.13,23.86,0.04,Mar,2,2,1,1,Returning_Visitor,False,True
2,-13.64,0,0.0,81,1879.07,0.04,0.04,9.28,0.0,Mar,3,2,1,4,Returning_Visitor,False,False
2,115.35,-1,0.0,-6,-1949.82,-0.01,0.02,14.02,0.0,Feb,2,4,1,1,Returning_Visitor,False,False
0,0.0,1,-110.47,39,794.16,-0.0,0.01,35.02,-0.04,Aug,3,2,1,4,Returning_Visitor,False,False
0,253.55,0,108.75,36,2324.53,0.03,0.05,15.72,-0.09,Dec,2,2,1,9,Returning_Visitor,True,False
5,169.04,-1,0.0,44,1285.64,0.0,0.02,0.0,-0.05,Dec,4,8,3,10,Returning_Visitor,False,False
12,611.32,12,1511.7,465,21857.05,-0.04,-0.04,-2.57,-0.27,Sep,2,2,1,4,Returning_Visitor,True,False
-1,32.0,2,134.95,50,1904.0,0.0,0.03,11.35,0.04,Nov,2,2,3,3,Returning_Visitor,False,True
2,-75.54,0,162.46,70,2949.16,0.07,0.09,2.88,-0.14,Dec,2,5,4,2,Returning_Visitor,True,False
0,27.61,0,0.0,4,132.0,0.01,0.04,22.37,0.0,Mar,4,1,1,3,Returning_Visitor,True,False
2,54.32,0,0.0,36,646.29,0.0,0.02,-11.46,-0.15,Oct,2,4,7,4,Returning_Visitor,False,False
0,-48.47,3,232.61,11,126.67,0.07,0.11,40.24,0.4,May,4,1,1,1,Returning_Visitor,False,False
2,38.33,0,0.0,79,2277.38,0.01,0.03,12.76,0.29,May,2,2,2,3,Returning_Visitor,False,False
10,458.54,1,46.4,271,9952.16,0.01,-0.04,0.04,0.0,Jul,2,2,8,2,Returning_Visitor,False,False
10,457.26,2,0.0,45,1749.0,-0.01,-0.0,0.0,0.07,Dec,2,4,2,2,New_Visitor,False,False
3,122.08,0,183.23,5,318.74,0.01,0.03,-29.42,-0.22,Nov,2,2,1,8,New_Visitor,False,False
6,276.18,0,0.0,47,2788.42,0.01,0.01,0.0,0.0,Mar,1,1,4,9,Returning_Visitor,False,False
5,299.54,0,0.0,73,2440.05,0.0,0.04,4.25,0.04,May,2,2,5,1,Returning_Visitor,False,False
1,0.0,2,0.0,38,2464.9,0.11,0.12,-1.25,0.03,May,2,2,3,4,Returning_Visitor,False,False
4,102.73,1,73.83,11,53.98,0.01,0.04,0.0,0.0,May,1,2,1,2,New_Visitor,False,True
-2,-37.64,1,-31.11,24,1310.71,0.0,0.01,0.0,0.0,Dec,1,2,1,2,New_Visitor,False,False
0,27.74,0,0.0,-21,76.75,-0.02,0.02,15.14,0.0,May,1,2,8,2,New_Visitor,False,True
5,161.99,0,0.0,3,2003.24,0.0,0.03,26.54,-0.01,Nov,2,2,2,2,New_Visitor,True,False
-2,0.0,2,0.0,11,1526.42,0.03,0.02,3.65,0.07,Jul,1,1,1,4,Returning_Visitor,True,False
0,34.96,0,0.0,-16,-1433.05,0.0,0.02,0.0,0.0,Aug,1,1,4,4,Returning_Visitor,False,False
1,234.0,2,0.0,63,2110.64,-0.01,0.03,0.0,0.13,Mar,4,1,3,9,Returning_Visitor,False,False
-3,-150.49,0,-233.55,-45,-3027.23,0.05,0.08,-16.3,0.0,Nov,2,4,3,5,New_Visitor,True,False
5,144.26,2,0.0,21,-310.65,0.0,0.05,-8.21,-0.02,Feb,3,2,9,5,Returning_Visitor,True,False
-2,-208.98,0,-105.34,8,123.0,0.0,0.01,59.99,0.09,June,2,2,1,1,New_Visitor,False,True
0,0.0,0,0.0,20,1245.5,0.03,0.06,-3.71,0.0,Oct,1,1,4,1,Returning_Visitor,False,False
-2,0.0,0,0.0,-44,-294.17,0.06,0.07,0.0,0.32,Feb,2,5,1,1,Returning_Visitor,True,False
4,-74.22,1,58.93,-4,-494.16,0.01,0.04,40.61,-0.02,Aug,1,3,4,1,New_Visitor,False,False
11,525.69,1,43.61,124,3641.21,0.0,0.01,-21.77,0.0,Mar,2,2,1,2,Returning_Visitor,False,True
6,24.54,0,54.58,44,2516.78,-0.01,0.02,-7.0,0.05,May,4,1,1,1,Returning_Visitor,False,True
0,-134.73,-1,0.0,26,1056.11,0.0,0.02,0.0,0.11,May,2,2,3,3,New_Visitor,False,False
0,0.0,0,29.27,62,1736.17,0.0,0.03,-15.25,-0.2,Mar,1,1,1,3,Returning_Visitor,True,False
4,15.0,1,-18.49,32,1876.48,0.05,0.04,-18.28,0.0,May,2,2,1,3,New_Visitor,False,True
-2,74.09,0,0.0,37,1406.02,0.01,0.02,4.47,0.0,Dec,2,4,9,1,Returning_Visitor,False,False
0,-116.4,0,-150.06,37,773.85,-0.09,-0.09,39.92,0.0,Jul,1,2,6,1,Returning_Visitor,True,False
0,-191.87,0,-166.52,92,2761.82,0.0,0.01,0.0,0.0,Mar,2,2,1,3,Returning_Visitor,False,False
0,0.0,0,75.68,-5,480.25,0.01,0.01,0.0,0.0,Aug,2,2,4,1,Returning_Visitor,False,False
2,-201.64,-1,-9.08,48,698.67,0.0,0.05,-10.18,0.0,Nov,4,2,1,11,Returning_Visitor,False,True
3,-277.28,0,55.54,-40,-940.61,-0.02,0.03,10.21,0.0,May,3,2,4,3,Returning_Visitor,True,True
-2,0.0,0,83.08,10,913.8,-0.0,0.02,0.0,-0.0,Nov,4,2,1,2,Returning_Visitor,False,False
1,47.95,0,0.0,51,1428.02,0.01,0.02,0.0,0.14,Aug,2,2,3,4,Returning_Visitor,False,False
1,65.56,0,150.86,2,134.0,0.01,0.03,32.84,0.8,Feb,3,2,2,2,Returning_Visitor,False,False
2,28.06,0,-70.07,16,-663.06,0.06,0.07,4.73,0.0,Mar,2,2,4,4,Returning_Visitor,False,False
1,15.2,2,13.0,-12,-577.32,-0.05,0.03,2.28,0.0,June,2,2,1,3,Returning_Visitor,True,False
1,249.76,1,0.0,14,449.4,-0.03,-0.01,25.33,0.0,Mar,1,2,1,2,Returning_Visitor,False,False
1,-5.15,-2,-360.23,8,358.0,0.1,0.13,12.02,1.0,May,1,1,1,15,Returning_Visitor,False,False
8,509.22,3,273.5,53,2565.8,0.0,-0.03,40.95,0.04,Nov,2,1,3,2,Returning_Visitor,True,False
2,79.26,0,0.0,3,17.0,0.08,0.08,0.0,0.0,May,2,2,1,3,Returning_Visitor,False,False
0,-103.98,0,-33.93,88,3515.51,0.2,0.2,0.0,0.0,Aug,3,2,4,3,Returning_Visitor,False,False
2,-161.25,0,0.0,19,1601.4,-0.01,0.01,35.4,0.0,May,2,2,1,2,Returning_Visitor,True,False
0,0.0,0,28.43,1,548.03,0.04,0.06,0.0,-0.02,Nov,3,2,6,2,Returning_Visitor,False,False
-3,11.86,0,0.0,65,3161.11,0.05,0.06,23.69,0.02,Nov,1,1,3,5,Returning_Visitor,False,False
3,0.0,1,0.0,1,-766.3,0.18,0.2,-24.95,0.0,Nov,3,2,3,1,Returning_Visitor,False,False
0,-150.89,-1,-166.95,81,3981.89,0.07,0.12,0.0,-0.03,Oct,2,2,8,1,Returning_Visitor,False,False
1,-8.38,0,0.0,48,1481.11,0.0,0.01,12.01,0.0,Dec,2,2,4,1,Returning_Visitor,True,False
1,0.0,-2,-221.56,4,-1612.74,0.04,0.05,0.0,-0.03,Feb,3,2,9,10,Returning_Visitor,False,False
0,0.0,0,0.0,-17,-973.45,0.03,0.08,-1.56,0.0,Dec,3,1,1,1,Returning_Visitor,False,False
3,204.2,0,0.0,31,776.01,0.01,0.02,22.67,-0.16,Nov,1,1,6,12,Returning_Visitor,False,False
5,23.2,0,-41.47,27,0.0,-0.01,0.03,0.0,-0.15,Oct,2,4,2,3,Returning_Visitor,False,True
-2,0.0,0,361.0,8,1084.49,0.02,0.02,21.87,0.0,Jul,1,8,3,1,Returning_Visitor,True,False
2,-75.95,-1,-258.63,8,86.87,0.09,0.1,15.27,0.0,Mar,3,2,1,2,Returning_Visitor,False,False
3,0.0,0,-57.4,10,182.0,0.0,0.01,0.0,0.0,May,3,2,6,1,Returning_Visitor,False,False
4,27.25,0,-67.09,-18,31.5,0.06,0.07,16.99,0.0,May,2,2,2,5,Returning_Visitor,False,True
0,0.0,-2,-225.78,7,1385.57,-0.0,0.05,-6.96,0.19,Dec,2,2,7,1,Returning_Visitor,False,False
1,-19.96,0,-51.68,30,289.85,0.0,0.06,57.96,0.0,Mar,2,2,3,1,Returning_Visitor,False,True
6,360.76,0,24.07,-50,-1973.41,0.0,-0.0,5.16,0.0,Mar,3,2,1,2,Returning_Visitor,False,False
4,239.93,1,97.59,60,-1.69,0.06,0.03,25.51,0.0,Dec,3,2,1,13,Returning_Visitor,False,False
1,113.23,1,0.0,-2,515.86,0.04,0.07,0.0,0.8,Sep,1,1,3,1,Returning_Visitor,False,False
9,333.07,1,0.0,6,657.5,0.0,0.01,0.0,0.11,May,3,2,1,5,Returning_Visitor,True,False
2,357.95,2,255.89,55,1576.18,0.06,0.08,-3.7,0.14,May,2,4,9,4,Returning_Visitor,True,True
2,83.21,1,228.43,19,1651.93,0.06,0.1,36.53,1.0,Aug,1,2,3,4,Returning_Visitor,True,False
1,149.93,1,101.48,5,183.96,0.05,0.08,3.3,0.07,Feb,3,2,1,4,Returning_Visitor,False,False
3,106.09,1,141.67,44,890.0,0.03,0.07,12.93,0.4,May,3,2,2,5,Returning_Visitor,False,False
7,446.31,1,0.0,41,572.04,0.0,0.01,27.54,0.0,Dec,3,2,5,2,New_Visitor,False,True
0,140.02,2,335.43,28,1935.98,0.0,0.02,12.04,0.0,Dec,4,2,5,11,Returning_Visitor,False,True
1,90.0,1,-30.94,8,-205.42,0.01,0.02,-18.35,0.0,Feb,1,1,2,7,Returning_Visitor,False,False
-1,177.0,2,500.0,88,2663.82,-0.03,-0.01,5.48,0.6,May,3,2,8,4,Returning_Visitor,False,False
2,92.0,1,139.8,39,277.03,0.01,0.03,0.0,0.14,May,3,6,6,2,Returning_Visitor,False,False
8,308.59,0,114.04,70,2790.07,0.05,0.03,0.38,-0.11,Feb,1,1,3,2,Returning_Visitor,False,False
1,-129.44,0,41.57,38,1364.68,0.0,0.0,0.0,-0.23,Nov,2,2,1,5,New_Visitor,False,False
-1,-126.5,2,0.0,-19,531.5,-0.01,0.02,44.92,0.26,May,3,6,9,3,Returning_Visitor,False,False
0,218.75,0,0.0,1,0.0,0.2,0.2,7.17,-0.13,Sep,1,1,1,1,Returning_Visitor,True,False
10,431.54,2,141.1,141,6241.69,-0.02,0.02,2.04,0.24,Aug,2,2,6,10,Returning_Visitor,False,True
-6,-359.03,0,-9.78,13,409.84,-0.02,0.01,20.1,0.07,Feb,1,1,1,4,New_Visitor,False,True
1,169.79,0,48.01,3,127.6,-0.04,0.02,0.0,-0.1,May,2,2,1,4,New_Visitor,False,False
1,0.0,3,130.06,12,355.17,-0.02,0.04,18.03,0.0,Mar,2,2,1,2,Returning_Visitor,False,True
0,118.62,1,-37.06,7,601.79,-0.01,0.01,-0.49,0.8,Oct,2,2,3,4,Returning_Visitor,True,False
-3,0.0,0,0.0,24,724.15,0.02,0.06,0.0,0.15,Nov,3,1,4,2,Returning_Visitor,False,False
0,-94.02,1,77.07,79,2335.12,0.0,0.03,28.77,0.04,Nov,2,2,6,3,New_Visitor,False,False
-1,-77.94,0,0.0,54,801.51,0.01,0.01,18.91,0.2,Mar,1,1,3,3,New_Visitor,False,False
3,74.97,0,0.0,20,1469.67,-0.01,-0.0,0.0,0.22,May,1,1,1,11,Returning_Visitor,False,False
3,-54.56,-1,0.0,-24,-2138.9,0.03,0.06,10.97,0.36,May,4,2,1,2,Returning_Visitor,False,False
3,199.83,1,-2.73,1,1522.89,0.06,0.06,-1.15,0.0,Aug,2,5,2,1,Returning_Visitor,True,False
2,133.02,0,136.41,53,863.4,0.04,0.09,0.0,0.37,Aug,2,1,3,11,New_Visitor,False,False
2,53.5,0,0.0,36,559.38,0.0,-0.01,0.0,0.03,Jul,2,2,3,4,New_Visitor,True,False
0,161.47,-2,86.18,-7,-861.99,0.02,0.04,1.1,0.16,Dec,4,1,7,1,Returning_Visitor,False,False
3,29.0,3,315.06,41,803.51,0.0,0.03,0.0,0.37,May,3,2,1,4,Returning_Visitor,True,False
0,-138.11,3,81.76,-21,-1561.13,0.2,0.2,0.0,-0.42,Dec,1,1,1,8,Returning_Visitor,False,False
6,210.6,-2,-176.5,8,-11.52,0.05,0.07,33.0,-0.22,Dec,8,13,3,20,Other,False,True
1,19.0,-1,-40.17,7,250.08,0.0,0.03,34.78,0.0,Mar,2,2,1,2,New_Visitor,False,False
2,45.5,1,0.0,2,-607.92,0.07,0.05,24.56,0.24,Oct,2,2,1,3,Returning_Visitor,False,False
3,231.59,0,0.0,37,936.42,0.01,0.04,0.0,-0.14,Jul,1,1,4,1,Returning_Visitor,False,False
-5,-10.67,0,0.0,24,362.53,0.01,0.03,2.08,0.09,Oct,2,2,5,20,Returning_Visitor,False,False
3,384.03,1,261.95,17,-24.75,0.0,0.01,4.89,-0.14,May,2,2,7,2,Returning_Visitor,False,False
0,156.47,3,297.36,142,4048.17,0.04,0.01,0.0,0.28,Sep,2,2,1,5,New_Visitor,False,False
2,-74.42,0,0.0,21,-648.1,0.04,0.06,-5.65,0.0,Mar,1,1,6,1,New_Visitor,True,False
1,0.0,0,-142.53,30,360.47,0.01,0.07,-9.76,0.11,Nov,1,1,1,3,Returning_Visitor,False,False
1,-32.99,0,0.0,15,1055.83,0.0,0.02,0.0,0.0,Jul,2,2,3,2,New_Visitor,False,False
0,-186.32,-1,0.0,-6,159.2,0.05,0.07,8.17,0.03,Mar,2,2,2,2,Returning_Visitor,True,False
0,113.62,0,-67.99,16,694.79,0.03,0.05,-14.6,0.14,Nov,2,2,6,13,Returning_Visitor,False,False
3,28.65,2,11.19,9,75.05,0.11,0.11,-0.13,0.23,May,3,2,1,7,Returning_Visitor,False,False
6,199.09,2,61.07,53,2223.23,-0.08,-0.08,13.66,-0.15,Aug,1,1,2,8,Returning_Visitor,False,False
3,49.4,2,9.0,11,330.53,-0.02,0.01,0.0,0.02,Sep,2,2,6,4,New_Visitor,True,False
0,-100.04,-1,-110.03,1,0.0,0.01,0.05,2.76,-0.24,Feb,3,2,2,3,Returning_Visitor,True,False
-1,-27.02,1,-28.49,1,229.71,0.19,0.2,4.06,-0.11,Dec,3,2,6,1,Returning_Visitor,False,False
0,-53.67,0,0.0,30,1144.0,0.0,0.02,-2.29,1.0,Aug,1,1,4,3,Returning_Visitor,False,False
1,18.1,1,0.0,11,963.04,0.03,0.07,-5.63,0.06,Dec,2,5,7,1,Returning_Visitor,True,False
3,188.99,0,0.0,4,464.4,0.0,-0.0,-22.97,0.18,May,2,2,1,1,New_Visitor,True,False
4,0.0,0,0.0,40,1140.63,0.01,0.01,-4.63,0.0,Nov,3,2,1,1,Returning_Visitor,True,False
-3,-41.14,0,206.68,14,260.2,0.08,0.13,-11.66,-0.12,Jul,1,1,3,4,Returning_Visitor,False,False
2,204.04,-1,0.0,92,2716.52,0.01,0.04,8.91,0.08,Oct,2,2,3,2,Returning_Visitor,True,False
6,230.15,3,231.5,101,4060.24,0.01,0.02,30.12,-0.26,Jul,1,1,1,2,Returning_Visitor,False,False
3,206.67,0,47.84,24,936.17,0.02,0.09,-10.43,0.0,Nov,2,2,1,1,Returning_Visitor,False,False
0,0.0,0,-147.31,25,450.0,-0.03,0.05,14.16,-0.06,Mar,2,2,6,6,Returning_Visitor,True,False
4,167.45,-1,-12.39,33,2024.48,0.03,0.07,11.62,-0.01,Oct,2,2,3,3,Returning_Visitor,False,False
4,203.46,0,0.0,29,1525.67,0.0,0.01,107.22,0.14,Mar,2,2,1,4,Returning_Visitor,False,True
13,618.07,3,135.27,84,1342.08,-0.03,0.0,28.07,-0.16,June,2,2,1,2,Returning_Visitor,False,True
2,-12.04,1,93.67,54,1976.88,0.04,0.05,-25.26,0.3,May,3,2,3,13,Returning_Visitor,False,False
-1,-180.85,0,127.56,15,469.54,-0.04,0.01,8.16,0.18,Dec,2,2,9,4,New_Visitor,False,True
0,-75.06,0,-12.03,-11,156.0,0.04,0.05,15.84,0.2,Nov,3,2,3,1,Returning_Visitor,False,False
2,0.0,0,68.86,15,-71.54,0.0,0.02,-16.46,-0.11,Mar,3,2,1,2,New_Visitor,False,False
5,-100.8,0,0.0,9,1261.7,0.01,0.03,0.0,0.04,Jul,2,2,1,5,Returning_Visitor,False,False
0,0.0,0,62.62,-5,-900.29,0.0,0.02,27.31,-0.12,Nov,3,1,2,1,Returning_Visitor,True,False
4,262.48,0,0.0,-10,444.0,0.11,0.11,21.77,0.0,Nov,3,1,1,1,Returning_Visitor,True,False
6,337.85,4,212.71,264,10926.78,0.01,-0.0,4.98,-0.1,Nov,2,2,1,2,Returning_Visitor,False,True
4,238.15,1,-21.99,23,869.38,0.01,0.03,13.34,0.0,May,1,1,4,3,Returning_Visitor,False,False
1,-141.92,0,4.13,28,524.06,0.01,0.02,20.43,0.0,Oct,2,1,7,3,Returning_Visitor,False,True
4,191.43,4,305.86,94,2815.53,0.02,0.01,12.22,0.0,Dec,3,2,1,4,Returning_Visitor,False,False
6,88.19,5,218.65,74,3266.45,-0.03,0.03,37.44,-0.33,Jul,2,2,9,2,Returning_Visitor,False,False
8,318.3,3,337.88,332,12595.63,0.0,0.01,2.71,0.19,Nov,2,2,2,11,Returning_Visitor,True,True
8,263.25,1,24.7,149,5105.74,0.01,0.03,0.0,-0.08,Nov,1,2,1,2,Returning_Visitor,False,False
0,0.0,0,0.0,-34,-914.46,0.04,0.04,0.0,0.0,Mar,1,1,1,3,Returning_Visitor,False,False
2,91.41,-1,-246.01,39,739.91,0.01,-0.0,26.41,0.17,Sep,1,1,9,2,Returning_Visitor,True,False
3,-24.66,-1,0.0,13,16.0,0.1,0.12,25.8,0.1,Oct,2,2,5,1,Returning_Visitor,True,False
0,0.0,1,8.34,43,2442.57,0.0,0.01,6.26,0.19,Dec,2,10,7,1,Returning_Visitor,False,True
1,298.38,1,-127.02,-3,272.01,-0.03,0.01,-5.96,0.0,Mar,1,1,9,20,Returning_Visitor,True,True
-3,0.0,0,0.0,1,690.72,-0.0,0.08,4.05,0.27,May,2,2,3,1,Returning_Visitor,True,False
5,225.77,0,92.6,7,-560.15,0.01,0.02,19.36,0.15,May,2,2,1,2,New_Visitor,False,True
3,230.49,4,740.0,100,4181.3,0.02,0.02,-25.49,-0.06,Mar,2,2,3,2,Returning_Visitor,True,False
0,65.28,1,0.0,3,1184.31,0.01,0.06,0.0,0.54,May,2,2,4,7,Returning_Visitor,False,False
4,202.1,0,-114.09,47,1348.44,0.0,0.03,16.42,0.04,May,4,1,1,1,Returning_Visitor,False,False
0,-50.39,1,0.0,21,289.75,0.07,0.09,0.0,0.0,May,1,1,4,4,New_Visitor,False,False
-2,0.0,0,0.0,1,-179.88,0.19,0.2,3.39,0.0,May,2,2,1,2,Returning_Visitor,False,False
0,-147.37,1,0.0,16,-641.72,0.1,0.12,-1.54,0.09,Mar,2,2,1,1,Returning_Visitor,False,False
5,29.12,0,-34.64,-3,789.84,-0.02,0.02,5.7,0.17,Mar,3,2,3,1,Returning_Visitor,False,False
0,228.0,0,0.0,-11,-301.87,0.01,0.05,0.0,0.2,May,2,2,1,2,Returning_Visitor,False,False
14,603.9,1,52.4,46,1760.66,0.02,0.03,48.48,0.0,Mar,3,4,9,1,Returning_Visitor,True,False
-5,-129.54,0,-81.11,1,-846.25,0.05,0.09,-4.16,0.63,May,1,2,1,13,Returning_Visitor,False,False
5,197.67,3,198.88,46,344.14,0.01,0.02,0.0,1.0,Feb,3,2,1,2,Returning_Visitor,False,False
2,0.0,0,0.0,16,685.29,0.08,0.11,14.42,0.33,May,1,1,1,9,Returning_Visitor,False,False
0,-30.43,0,0.0,32,1002.18,0.0,0.02,8.04,0.35,Nov,2,2,3,1,Returning_Visitor,False,True
1,14.0,1,-4.14,1,-740.65,0.1,0.15,0.0,0.0,Oct,1,1,1,10,Returning_Visitor,False,False
1,33.5,1,-167.71,12,398.4,-0.01,0.02,64.24,0.0,Sep,2,6,1,2,Returning_Visitor,True,False
0,0.0,2,76.0,47,2425.71,0.01,0.01,1.96,0.51,May,2,2,6,6,New_Visitor,False,True
2,49.85,0,70.23,18,-147.42,-0.05,0.0,0.0,0.0,Oct,1,1,3,3,Returning_Visitor,False,False
0,38.54,-1,-52.93,1,-478.59,0.03,0.08,0.0,0.23,Nov,2,1,5,5,Returning_Visitor,False,False
4,332.17,2,-130.58,18,78.52,0.02,0.04,-4.86,0.0,May,1,1,9,2,Returning_Visitor,False,True
13,559.14,5,991.25,216,7761.03,0.01,0.02,42.47,0.02,Nov,2,2,6,6,Returning_Visitor,True,True
3,0.0,3,218.31,10,58.42,-0.1,-0.08,0.0,0.0,Mar,3,2,7,2,Returning_Visitor,True,False
5,262.12,1,0.0,117,7468.86,0.02,0.02,-16.94,0.1,Oct,3,2,5,2,Returning_Visitor,False,False
2,175.12,0,0.0,7,278.76,0.0,-0.01,4.65,0.32,Nov,1,1,3,8,Returning_Visitor,False,False
0,141.21,0,161.12,7,330.17,0.0,0.02,0.0,0.3,Aug,2,2,3,4,Returning_Visitor,False,False
0,-100.01,0,-27.87,76,4233.48,-0.05,-0.02,3.54,0.15,Mar,2,4,1,2,Returning_Visitor,True,False
0,-65.66,-2,0.0,24,566.73,-0.04,-0.02,0.0,0.04,Mar,2,2,2,13,Returning_Visitor,False,False
1,12.0,-2,11.0,39,2253.01,0.03,0.03,-2.2,0.0,Feb,2,2,9,2,Returning_Visitor,False,False
4,129.92,1,0.0,17,258.29,0.0,0.02,0.0,-0.08,Jul,1,5,3,6,Returning_Visitor,False,False
-1,0.0,0,-37.59,3,-1013.83,0.18,0.2,2.91,0.07,Mar,2,2,5,13,Returning_Visitor,False,False
3,152.91,0,0.0,3,370.46,0.0,0.01,19.28,0.24,Dec,3,2,2,2,Returning_Visitor,False,False
3,7.0,1,25.17,97,3158.14,0.05,0.07,20.4,0.12,Jul,2,2,9,5,Returning_Visitor,False,False
0,-142.23,0,0.0,40,1760.56,-0.01,0.04,49.73,-0.08,Nov,3,2,7,2,Returning_Visitor,False,True
0,0.0,1,74.67,1,-657.69,0.2,0.21,2.9,0.09,Dec,3,2,1,2,Returning_Visitor,True,False
0,108.53,2,242.74,69,3038.38,0.08,0.1,0.0,0.14,Mar,2,2,7,8,Returning_Visitor,False,False
0,0.75,0,0.0,5,1599.88,0.0,0.01,0.0,-0.27,Nov,2,2,3,4,Returning_Visitor,False,False
7,347.37,2,162.52,132,6150.24,0.01,0.01,0.0,0.0,Nov,2,2,5,2,Returning_Visitor,False,True
5,254.18,1,149.68,-9,-1254.96,0.11,0.14,14.21,0.06,May,1,1,4,13,Returning_Visitor,False,False
3,49.12,0,150.8,41,2101.32,0.0,0.02,0.0,0.0,Jul,3,2,3,13,Returning_Visitor,False,False
3,279.0,2,0.0,125,5067.25,0.0,-0.01,0.0,0.0,Dec,1,1,3,2,Returning_Visitor,True,False
1,0.0,1,200.12,28,225.47,0.0,0.05,0.0,-0.04,May,1,5,4,1,Returning_Visitor,False,False
5,292.25,2,9.0,114,4994.25,-0.01,-0.02,1.85,0.0,Nov,3,2,2,2,Returning_Visitor,True,False
1,0.0,2,0.0,20,24.0,0.0,0.04,-3.26,0.0,May,2,2,3,2,Returning_Visitor,False,False
1,-50.38,0,22.33,0,-1728.03,0.01,0.02,16.69,-0.03,Mar,3,2,9,2,New_Visitor,False,False
2,66.7,-1,0.0,15,449.5,0.05,0.09,-26.57,0.0,Dec,3,2,2,1,Returning_Visitor,False,False
0,121.26,0,24.55,-62,-2149.25,0.0,0.02,1.33,0.0,Nov,3,2,1,2,Returning_Visitor,False,True
3,-105.21,1,0.0,136,5463.19,0.01,0.01,0.0,0.0,Oct,3,3,9,2,Returning_Visitor,False,False
0,-63.84,-1,-139.77,37,1377.52,0.03,0.06,0.0,0.01,Nov,2,2,6,2,New_Visitor,False,True
1,6.05,2,136.32,41,1119.54,-0.0,0.04,-0.86,0.03,Nov,2,2,1,3,Returning_Visitor,False,False
0,130.92,0,-191.37,6,399.0,0.0,0.04,-6.56,0.26,May,3,2,1,1,Returning_Visitor,False,False
-1,257.75,0,-6.87,23,1313.42,0.0,0.03,4.08,-0.09,Jul,2,2,1,2,Returning_Visitor,False,False
-2,-96.32,-1,0.0,16,-1515.47,0.0,0.04,0.0,0.17,Oct,1,1,7,1,Returning_Visitor,True,False
8,49.25,2,130.39,31,1899.1,0.01,0.06,-12.94,0.0,Oct,4,1,1,2,New_Visitor,True,False
0,0.0,0,0.0,10,-338.37,0.0,0.04,-17.69,0.0,Feb,1,2,1,2,Returning_Visitor,False,False
7,171.31,0,72.19,51,1267.06,-0.01,-0.01,12.32,0.0,Aug,3,2,3,8,Returning_Visitor,False,False
3,34.0,1,153.26,89,4248.54,0.05,0.06,-48.03,0.15,Dec,2,2,7,6,Returning_Visitor,True,False
5,69.49,-1,-132.69,36,1420.55,0.03,0.04,4.91,0.02,May,2,2,9,3,Returning_Visitor,False,False
9,345.81,0,58.47,99,4023.17,0.01,0.03,15.13,0.32,Oct,2,2,3,13,Returning_Visitor,False,False
0,-86.9,1,99.33,3,159.5,0.01,0.07,32.21,0.23,Sep,2,2,1,3,Returning_Visitor,False,False
3,7.89,2,31.0,21,374.38,0.0,0.01,37.7,-0.05,Mar,1,2,1,9,Returning_Visitor,False,False
2,537.87,2,204.11,17,629.17,0.01,0.07,18.22,0.21,Feb,2,1,1,6,Returning_Visitor,False,True
0,141.55,0,-53.4,7,64.08,0.03,0.05,2.38,-0.04,Mar,3,2,2,13,Returning_Visitor,False,False
4,446.45,3,179.3,82,2899.72,0.01,0.02,-17.28,-0.02,Feb,3,2,1,2,Returning_Visitor,False,False
2,108.41,1,0.0,69,3383.08,0.01,0.03,0.0,0.09,Sep,2,2,1,2,New_Visitor,True,False
4,140.72,1,122.06,56,910.85,0.01,0.0,10.18,0.0,May,1,3,4,4,Returning_Visitor,False,True
0,24.8,0,0.0,7,162.25,0.05,0.07,17.69,0.1,Sep,2,6,9,3,Returning_Visitor,False,False
2,0.0,0,-17.65,7,109.73,0.0,0.05,36.86,-0.25,Nov,2,2,1,4,Returning_Visitor,True,False
8,362.81,2,57.0,63,1621.15,0.01,0.03,0.0,0.02,Feb,3,2,6,1,Returning_Visitor,False,False
0,37.0,1,0.0,-11,911.5,0.04,0.07,2.91,0.39,May,2,2,3,4,Returning_Visitor,False,False
2,109.8,1,0.0,6,509.56,0.06,0.04,19.76,-0.01,Nov,2,2,4,4,New_Visitor,False,False
-1,201.75,0,0.0,44,1061.46,0.07,0.11,-38.16,0.17,Nov,2,2,3,10,Returning_Visitor,False,False
0,47.17,2,230.49,85,3229.25,-0.03,0.02,-6.32,0.0,Mar,2,2,6,1,Returning_Visitor,False,True
2,0.0,0,0.0,2,73.0,0.04,0.07,9.07,0.04,Feb,3,2,9,1,Returning_Visitor,False,False
0,0.0,0,-75.47,13,1725.68,0.06,0.07,0.0,0.04,Sep,1,8,9,7,Returning_Visitor,False,False
4,0.0,1,71.47,40,1183.76,0.02,0.04,-10.46,0.0,Aug,2,2,3,13,Returning_Visitor,False,False
5,46.27,2,264.28,81,1830.77,0.08,0.11,-7.82,0.02,Oct,2,2,4,2,Returning_Visitor,True,True
-1,-183.86,2,-54.66,83,4306.61,-0.01,0.02,-8.68,0.05,Nov,4,1,2,1,Returning_Visitor,True,True
8,302.94,1,0.0,29,1030.06,0.07,0.06,0.0,0.32,Aug,3,2,6,1,Returning_Visitor,False,False
5,135.32,0,-71.27,13,972.46,0.04,0.02,14.56,0.28,Nov,1,1,1,8,Returning_Visitor,True,False
6,274.5,2,131.86,76,3937.12,-0.01,0.0,0.0,0.29,May,2,2,2,4,Returning_Visitor,True,False
-1,-132.18,-1,-43.26,-2,14.14,0.14,0.2,-42.17,0.0,Jul,1,1,1,7,Returning_Visitor,True,False
6,154.58,1,0.0,71,1978.7,0.03,0.05,0.0,0.0,Aug,2,2,9,3,Returning_Visitor,False,False
3,54.1,3,275.55,42,2782.71,0.04,0.06,0.0,0.6,Aug,3,4,1,3,Returning_Visitor,False,False
0,-78.82,0,213.36,12,1513.8,0.0,0.05,14.19,0.0,Feb,2,2,6,2,Returning_Visitor,False,False
-1,-61.05,0,-118.69,4,121.5,0.02,0.05,-2.78,-0.12,Nov,1,1,4,8,Returning_Visitor,False,False
1,46.4,0,-34.55,8,349.0,-0.03,-0.03,0.0,0.25,Jul,1,1,1,4,Returning_Visitor,True,False
7,68.23,4,196.19,42,3503.02,-0.02,0.02,21.76,0.0,Oct,2,2,1,2,Returning_Visitor,False,False
5,30.77,0,40.5,14,338.25,0.0,0.0,0.0,-0.02,Dec,1,1,1,10,Returning_Visitor,True,False
2,0.0,0,0.0,-7,612.56,0.2,0.22,0.0,0.0,Aug,4,1,2,3,Returning_Visitor,False,False
0,0.0,0,0.0,14,404.34,0.0,0.03,20.26,0.19,Feb,1,1,3,7,Returning_Visitor,True,False
3,-88.35,0,-57.84,53,2389.46,0.0,0.01,14.55,0.0,Nov,2,2,4,9,Returning_Visitor,False,True
0,23.55,2,31.79,26,1383.17,0.04,0.04,21.06,0.24,Sep,2,2,4,1,New_Visitor,False,False
-3,-41.05,1,0.0,-7,181.3,0.0,0.05,0.0,0.15,Dec,1,1,9,8,New_Visitor,False,False
1,0.0,0,253.83,8,874.2,0.02,0.01,9.18,0.11,May,3,2,9,3,Returning_Visitor,True,False
1,25.7,0,-146.31,-9,143.3,0.0,0.03,14.01,0.0,Jul,2,2,1,1,Returning_Visitor,False,True
1,254.8,0,14.02,-23,-524.31,0.01,0.05,7.84,-0.2,May,1,1,7,3,Returning_Visitor,False,False
3,44.3,0,0.0,17,741.44,0.01,0.01,-12.21,-0.05,Aug,3,2,1,2,Returning_Visitor,False,True
1,381.67,3,332.08,15,1618.4,0.05,0.07,11.61,-0.45,Jul,3,2,8,2,Returning_Visitor,False,True
3,300.49,0,-109.14,37,111.71,0.01,0.01,0.0,0.08,Oct,1,1,9,1,Returning_Visitor,True,False
4,133.98,0,0.0,14,108.09,0.04,0.05,34.75,-0.05,Aug,1,2,2,4,Returning_Visitor,False,True
2,32.5,0,64.08,-44,39.0,-0.04,0.01,17.89,0.0,Dec,1,1,1,2,Returning_Visitor,True,False
0,0.0,0,-97.43,22,681.58,0.07,0.09,-4.38,-0.31,Oct,1,1,1,9,Returning_Visitor,True,True
0,-40.42,0,37.52,14,661.45,0.07,0.09,-17.13,0.0,Nov,2,2,1,11,Returning_Visitor,False,False
4,273.79,-1,66.5,21,324.53,0.02,0.03,26.45,0.07,Nov,2,2,2,5,Returning_Visitor,True,False
0,125.92,1,-54.15,2,-373.06,-0.01,0.01,0.0,-0.01,Oct,2,1,2,4,Returning_Visitor,False,False
5,-146.68,1,-77.35,4,0.0,0.06,0.08,0.0,0.39,June,2,2,1,3,Returning_Visitor,False,False
3,323.58,0,0.0,6,1302.73,0.04,0.02,-12.21,0.0,May,3,2,6,11,Returning_Visitor,True,False
4,88.41,1,75.23,27,429.58,-0.06,-0.04,14.31,-0.02,Nov,2,2,1,3,Returning_Visitor,False,False
1,0.0,0,-72.28,11,222.23,0.05,0.09,0.0,0.36,Oct,2,2,2,4,Returning_Visitor,True,False
2,0.0,0,-14.89,42,1064.62,0.01,0.02,0.0,0.04,Dec,2,10,3,1,Returning_Visitor,False,False
0,328.86,0,141.19,32,905.1,0.0,0.0,83.81,0.0,Dec,1,1,6,2,New_Visitor,True,True
1,56.4,1,7.0,50,2163.57,-0.0,0.03,-7.31,0.0,Oct,2,2,9,13,Returning_Visitor,False,False
-1,0.0,-1,-9.41,-5,-740.47,0.02,0.06,-1.12,0.07,Aug,1,2,3,1,New_Visitor,False,False
0,0.0,0,0.0,53,2705.3,0.03,0.05,125.96,0.0,Dec,2,2,4,2,Returning_Visitor,False,True
0,25.57,1,185.23,38,2026.48,0.01,0.07,0.0,0.04,May,2,2,9,1,Returning_Visitor,False,False
-2,0.0,0,0.0,-48,-1528.1,-0.02,0.03,53.99,0.0,May,2,2,9,4,New_Visitor,True,True
2,14.0,0,-27.12,46,2729.62,0.05,0.06,-5.31,0.0,Mar,3,2,1,1,Returning_Visitor,True,False
1,77.68,1,268.09,57,820.36,0.05,0.06,0.93,0.0,June,3,2,3,13,Returning_Visitor,False,False
5,349.39,1,0.0,33,1292.96,-0.05,-0.01,17.69,-0.14,Mar,1,1,1,2,Returning_Visitor,False,False
1,42.0,1,47.0,36,1206.99,-0.01,0.01,-26.02,0.0,Aug,2,2,7,4,Returning_Visitor,True,False
4,377.95,1,154.06,78,3091.01,0.02,0.06,11.59,-0.04,Nov,3,2,1,2,Returning_Visitor,False,False
0,-74.02,1,0.0,6,83.0,0.03,0.05,-17.91,0.6,May,2,2,4,6,Returning_Visitor,False,False
3,-11.04,0,-71.79,19,976.34,-0.01,0.01,20.8,0.26,May,2,2,7,2,Returning_Visitor,True,True
1,-90.97,0,-110.86,2,233.64,-0.01,0.02,-2.35,0.2,May,2,4,1,3,Returning_Visitor,False,False
-1,4.0,0,0.0,17,895.63,0.06,0.05,0.0,0.0,June,2,1,4,1,Returning_Visitor,False,False
0,0.0,0,100.7,7,428.51,0.01,0.03,0.0,-0.03,Jul,2,2,3,3,Returning_Visitor,False,False
0,0.0,2,164.73,14,0.0,0.2,0.2,0.0,0.18,Mar,2,6,9,1,Returning_Visitor,False,False
4,221.83,1,-76.98,38,841.78,-0.0,0.02,0.0,0.28,Dec,1,1,8,13,Returning_Visitor,False,False
0,-21.37,0,14.68,-86,-3346.03,0.14,0.2,-11.12,0.6,May,1,1,1,3,Returning_Visitor,False,False
-2,0.0,0,-43.85,5,170.23,-0.01,0.01,-6.46,0.0,Feb,2,2,5,2,New_Visitor,True,True
0,-83.62,1,-12.03,119,4071.36,0.03,0.06,-15.23,0.0,Dec,3,2,9,1,Returning_Visitor,False,True
4,0.0,0,36.51,6,671.67,0.0,0.02,-9.04,-0.48,Jul,2,4,3,4,Returning_Visitor,True,False
4,55.75,0,-38.57,19,478.27,0.0,0.02,7.14,0.0,Mar,3,2,7,9,Returning_Visitor,True,True
1,11.97,0,44.71,85,1618.62,0.0,0.01,2.66,0.03,Feb,1,1,1,2,New_Visitor,False,True
1,-68.05,0,-31.29,-77,-3162.77,0.0,0.01,0.0,-0.1,Nov,4,1,1,2,Returning_Visitor,True,False
1,439.89,0,-21.82,69,3046.72,0.01,0.05,0.0,0.18,Mar,2,2,1,6,Returning_Visitor,True,False
1,88.6,0,0.0,66,2997.0,0.0,0.04,32.57,0.0,Oct,3,2,2,2,Returning_Visitor,False,True
1,-89.03,0,74.32,17,605.67,-0.0,0.03,34.66,-0.3,Nov,2,2,3,3,Returning_Visitor,False,False
2,10.99,0,11.3,11,399.67,0.05,0.07,-1.73,0.39,May,2,2,2,3,New_Visitor,False,False
2,0.0,0,9.31,43,677.0,0.0,0.03,-23.07,0.1,Oct,3,2,4,14,Returning_Visitor,False,False
5,416.3,1,170.58,124,4900.94,0.0,0.01,6.03,0.22,May,2,2,3,2,Returning_Visitor,False,False
4,243.85,0,-52.94,5,99.67,0.03,0.04,0.0,0.6,May,1,1,5,4,Returning_Visitor,False,False
0,77.35,0,0.0,74,2634.17,0.0,0.01,-7.73,0.0,Oct,1,1,3,1,Returning_Visitor,True,False
5,110.76,1,3.0,75,858.95,0.04,0.05,17.79,-0.01,Mar,2,2,9,3,Returning_Visitor,False,False
5,0.0,1,128.51,0,1552.83,-0.01,0.02,19.87,0.0,Nov,1,1,1,3,Returning_Visitor,False,False
1,64.5,-1,0.0,44,1719.41,0.0,0.01,111.26,0.0,Nov,2,2,5,2,New_Visitor,True,True
1,187.5,2,64.0,80,2253.95,0.04,0.03,6.09,0.0,Dec,1,1,2,4,Returning_Visitor,False,True
0,0.0,-1,0.0,3,545.39,0.03,0.07,0.0,-0.19,May,1,1,1,4,Returning_Visitor,False,False
4,42.0,1,219.71,6,420.0,0.0,0.04,0.0,0.23,Mar,3,2,7,1,Returning_Visitor,False,False
2,406.45,2,216.17,45,1892.34,-0.0,0.03,6.93,-0.5,Dec,2,2,9,3,New_Visitor,False,True
2,6.68,0,0.0,24,141.5,0.08,0.12,0.0,-0.03,Sep,3,2,1,9,Returning_Visitor,False,False
2,72.04,0,168.73,32,265.18,0.01,0.02,15.71,-0.05,Dec,2,2,2,1,Returning_Visitor,True,True
0,41.58,0,-31.36,4,132.5,0.04,0.07,0.0,-0.56,Nov,2,2,4,1,Returning_Visitor,False,False
-1,80.25,1,0.0,1,525.72,0.05,0.11,14.71,0.43,Feb,2,2,7,13,Returning_Visitor,False,False
0,0.0,0,0.0,31,2156.0,-0.05,-0.01,0.0,-0.15,Sep,2,6,2,2,Returning_Visitor,False,False
0,0.0,0,-106.82,1,0.0,0.2,0.21,0.0,-0.14,Oct,2,2,3,1,Returning_Visitor,False,False
1,245.74,2,157.77,49,2248.75,0.0,0.02,17.99,0.0,Nov,1,1,1,4,Returning_Visitor,False,False
0,0.0,1,29.0,9,1181.52,-0.01,0.02,-0.05,0.54,Mar,2,2,4,4,Returning_Visitor,False,False
7,314.29,1,126.35,34,1011.02,-0.01,0.02,5.13,0.0,Oct,2,2,7,1,Returning_Visitor,False,True
0,0.0,0,0.0,17,-130.92,0.02,0.02,-5.53,0.24,May,3,2,1,3,Returning_Visitor,False,False
2,272.84,-2,-143.34,-1,10.0,0.0,0.04,0.0,-0.02,Mar,1,1,2,3,Returning_Visitor,False,True
4,82.0,0,306.57,-23,637.41,0.03,0.08,0.0,-0.19,Jul,3,2,1,5,Returning_Visitor,False,False
1,-119.53,-1,0.0,33,524.1,0.09,0.11,0.0,0.06,Aug,2,6,3,3,Returning_Visitor,False,False
0,151.24,-1,135.87,54,1877.32,0.02,0.03,60.73,-0.25,Feb,3,2,4,2,Returning_Visitor,False,False
0,-49.49,0,86.54,155,6793.38,-0.0,0.01,2.38,-0.15,Nov,2,2,1,2,Returning_Visitor,False,True
5,428.58,0,-0.25,3,-589.54,0.02,0.07,0.0,-0.05,Aug,1,1,3,4,New_Visitor,False,False
5,190.03,3,140.68,230,7242.87,0.0,-0.02,-14.49,0.0,Nov,2,2,1,2,Returning_Visitor,False,False
0,0.0,0,38.59,-39,135.22,0.0,0.04,0.0,-0.21,Feb,1,1,5,10,Returning_Visitor,False,False
0,28.0,0,37.83,79,2870.45,0.07,0.05,-11.72,0.0,May,2,2,1,2,Returning_Visitor,False,False
7,251.75,0,-90.49,5,50.0,0.04,0.05,18.73,-0.0,Dec,2,1,2,2,Returning_Visitor,False,False
3,50.67,1,0.0,24,259.52,0.01,0.04,-2.68,1.0,May,2,2,3,2,Returning_Visitor,False,False
5,48.54,0,-228.15,45,2098.19,0.03,0.06,0.0,0.38,May,6,2,3,20,New_Visitor,False,False
8,200.66,3,424.57,66,6100.53,0.01,0.03,0.0,0.06,Oct,1,1,3,4,Returning_Visitor,False,False
-2,-117.22,0,0.0,9,-194.48,0.1,0.1,1.79,0.13,Dec,3,2,9,6,Returning_Visitor,False,False
1,43.0,1,0.0,45,395.55,-0.03,-0.03,47.0,0.12,May,2,2,4,4,Returning_Visitor,False,False
9,178.64,0,-55.57,7,-55.54,0.0,0.01,0.0,0.0,Dec,2,2,4,3,New_Visitor,True,False
1,-143.9,0,31.38,14,1177.72,0.02,0.04,18.72,0.0,Mar,2,2,3,7,Returning_Visitor,False,False
-5,-285.3,1,0.0,90,2819.06,0.02,0.04,-20.95,0.33,Mar,2,1,1,3,Returning_Visitor,False,False
-1,34.1,-1,224.66,-11,0.0,0.14,0.2,0.0,0.16,May,2,2,3,3,New_Visitor,False,False
-3,-81.2,1,368.33,-8,0.0,0.16,0.2,0.0,-0.09,Mar,3,2,9,1,Returning_Visitor,False,False
0,228.38,0,227.23,40,1904.18,0.02,0.03,0.0,-0.11,Aug,2,2,2,4,Returning_Visitor,True,False
-7,-111.34,-1,124.51,4,24.5,0.02,0.06,10.06,1.0,Aug,3,2,6,10,Returning_Visitor,True,False
0,0.0,-2,0.0,96,3707.61,-0.0,0.04,-28.36,0.19,May,3,2,1,3,Returning_Visitor,True,False
0,0.0,0,78.3,-6,0.0,-0.01,0.01,0.99,-0.18,Feb,1,1,1,4,Returning_Visitor,False,False
2,-31.5,3,261.83,6,214.69,-0.05,0.03,21.93,0.0,May,3,2,1,15,Returning_Visitor,False,False
-1,63.0,0,86.14,-9,43.75,0.02,0.05,0.0,0.0,Nov,1,2,3,2,New_Visitor,False,False
2,0.0,0,0.0,-44,-863.98,0.14,0.2,26.62,-0.25,Feb,2,2,1,1,Returning_Visitor,True,False
9,316.14,0,-108.55,6,823.93,0.0,0.0,19.07,-0.2,Nov,3,2,7,10,Returning_Visitor,True,False
6,172.0,0,7.26,61,2056.15,0.0,0.02,-9.04,0.0,May,2,2,7,1,Returning_Visitor,False,False
0,0.0,0,0.0,66,2281.68,0.08,0.1,10.71,0.0,Nov,1,1,3,3,New_Visitor,False,False
0,148.65,1,0.0,88,4218.92,0.01,0.04,0.0,0.09,Mar,3,2,9,6,Returning_Visitor,False,False
4,11.47,0,0.0,16,485.8,0.05,0.05,24.35,0.0,Mar,2,5,2,1,Returning_Visitor,True,False
2,171.95,0,-117.19,39,981.97,0.02,0.04,0.04,0.0,Aug,2,2,1,3,Returning_Visitor,False,False
7,452.5,1,0.0,18,400.79,0.06,0.02,0.0,0.0,May,1,1,4,2,Returning_Visitor,False,False
5,34.0,0,-84.26,0,24.0,0.0,0.02,0.0,0.0,May,1,1,1,4,Returning_Visitor,False,False
0,0.0,0,-67.55,9,-437.25,0.0,0.04,0.0,0.08,Feb,2,2,2,3,Returning_Visitor,False,False
4,54.5,0,-182.74,3,-236.56,0.0,0.03,15.32,0.0,Mar,1,1,2,2,Returning_Visitor,False,False
9,521.74,1,0.0,101,4597.58,0.01,0.0,0.0,0.0,May,3,2,5,4,Returning_Visitor,False,False
0,45.13,0,-194.39,5,-29.77,0.05,0.06,-10.03,-0.09,Nov,4,2,7,9,Returning_Visitor,True,False
4,-175.22,0,0.0,15,203.66,0.04,0.04,-14.79,0.0,Dec,2,12,8,5,Returning_Visitor,True,False
0,0.0,0,63.5,28,-148.54,0.02,0.05,-3.58,0.29,May,3,2,1,6,Returning_Visitor,False,False
5,66.65,0,94.0,17,930.37,0.02,0.04,24.38,0.14,Oct,1,1,3,4,Returning_Visitor,True,False
-3,10.25,-1,-100.37,-34,-1282.2,0.11,0.15,0.0,-0.18,Mar,2,2,1,1,Returning_Visitor,False,False
3,77.5,2,0.0,65,2518.27,0.01,0.01,17.7,0.0,Nov,3,2,2,4,New_Visitor,False,False
0,-106.45,0,-113.11,3,183.2,0.04,0.09,-45.83,0.3,May,1,1,2,5,Returning_Visitor,True,False
2,-57.53,0,0.0,3,-607.84,0.0,0.02,0.0,0.0,Mar,2,2,2,1,Returning_Visitor,False,False
-6,-317.44,1,0.0,19,1007.9,-0.02,0.01,-5.66,0.0,Oct,1,1,1,4,Returning_Visitor,False,False
-1,-126.75,-1,-38.84,19,246.39,0.04,0.1,2.09,0.0,May,2,2,2,4,Returning_Visitor,True,False
0,0.0,0,0.0,49,1178.31,0.01,0.01,2.5,-0.02,Nov,3,2,2,1,Returning_Visitor,True,False
0,0.0,0,108.48,-12,845.11,0.0,0.1,0.0,0.14,Mar,1,1,1,3,Returning_Visitor,False,False
5,245.82,-1,10.0,-23,237.18,0.0,0.04,10.22,0.0,Mar,1,1,1,3,Returning_Visitor,False,True
-1,0.0,0,-303.53,2,1271.59,0.2,0.19,7.32,0.0,Aug,3,2,7,5,Returning_Visitor,True,False
3,6.47,2,288.94,30,2837.23,0.02,0.04,0.0,0.0,Oct,1,1,2,13,Returning_Visitor,False,False
0,0.0,0,0.0,3,833.0,0.05,0.07,0.0,0.25,Feb,3,2,1,3,Returning_Visitor,True,False
0,-147.7,1,-8.01,2,-330.95,-0.01,0.04,-25.15,0.27,May,1,1,2,4,Returning_Visitor,False,False
6,98.07,-1,-37.91,11,310.31,0.0,0.0,-6.11,0.07,Oct,2,2,2,2,Returning_Visitor,False,False
0,0.0,0,0.0,56,2852.1,0.01,0.02,6.68,0.0,Nov,2,2,9,2,Returning_Visitor,True,True
1,-170.63,0,0.0,81,3989.48,0.05,0.06,0.0,-0.02,Nov,3,2,1,1,Returning_Visitor,False,False
2,95.03,-1,0.0,-5,56.7,0.02,0.03,4.21,-0.01,Feb,3,2,7,4,Returning_Visitor,False,False
1,321.23,0,0.0,79,3153.92,0.0,0.04,0.0,-0.06,Sep,2,2,3,2,New_Visitor,False,False
0,-72.37,2,355.45,54,512.14,-0.04,-0.02,37.42,-0.14,Mar,3,2,7,2,New_Visitor,True,False
1,202.47,0,0.0,-11,-115.39,0.01,0.04,3.68,-0.21,Oct,2,2,4,2,Returning_Visitor,False,False
0,-4.69,0,339.79,9,-4.8,-0.04,-0.01,53.99,0.0,May,1,1,1,4,Returning_Visitor,False,True
6,344.75,0,28.86,84,2897.35,0.04,0.07,11.88,-0.2,Jul,1,1,3,3,Returning_Visitor,True,False
1,112.32,0,26.26,68,3313.55,0.0,-0.0,-19.21,-0.1,Nov,4,1,1,2,Returning_Visitor,True,False
6,615.25,2,293.15,58,2336.68,0.06,0.08,0.0,-0.11,Mar,2,2,1,1,Returning_Visitor,False,False
0,21.11,0,-54.32,1,0.0,0.03,0.07,0.0,0.0,Nov,3,2,3,13,Returning_Visitor,False,False
1,-16.07,0,34.35,32,1562.33,0.04,0.06,28.53,0.2,Mar,3,2,3,1,Returning_Visitor,False,False
6,169.31,2,-0.14,50,1563.18,0.03,0.02,0.77,0.0,Sep,1,1,1,1,Returning_Visitor,True,False
2,106.58,0,-30.96,11,939.78,0.01,0.03,39.31,0.14,Aug,2,2,1,4,New_Visitor,False,True
-1,128.3,2,199.69,3,61.5,0.0,0.05,27.98,0.05,Dec,1,1,1,8,Returning_Visitor,False,False
0,-234.91,0,0.0,75,2677.04,0.08,0.1,-22.74,-0.03,Oct,1,1,8,1,Returning_Visitor,False,False
3,166.97,0,-125.74,0,0.0,0.02,0.04,21.19,0.32,Oct,3,2,1,8,Returning_Visitor,True,False
0,93.79,1,-11.94,45,1100.11,0.02,0.02,18.7,0.19,Oct,3,2,2,2,Returning_Visitor,True,False
3,241.46,0,-3.87,72,3346.97,0.01,0.01,12.57,-0.02,Nov,3,1,1,6,Returning_Visitor,False,False
1,222.2,1,0.0,61,1523.32,0.0,0.04,2.04,0.0,Aug,2,2,3,3,Returning_Visitor,False,False
-3,0.0,0,59.47,-7,886.57,0.0,0.04,-36.61,0.0,Dec,1,1,2,2,Returning_Visitor,True,False
-2,-160.87,-1,0.0,68,3283.72,0.01,0.03,4.69,0.17,Feb,1,1,2,4,Returning_Visitor,False,False
4,80.01,0,0.0,70,3394.55,-0.03,-0.04,27.96,0.0,Nov,2,2,3,2,Returning_Visitor,True,False
1,77.83,0,97.8,4,812.1,0.05,0.08,21.14,0.32,Dec,2,2,3,4,Returning_Visitor,False,False
6,143.5,2,-19.93,57,2199.98,0.01,0.03,3.39,0.02,Nov,1,1,1,1,Returning_Visitor,True,False
2,-110.25,2,13.79,63,1504.21,0.0,0.04,7.82,0.16,Aug,2,2,2,1,Returning_Visitor,False,False
3,-61.62,0,-59.03,15,1298.5,-0.01,0.04,0.36,0.0,May,3,2,4,1,New_Visitor,False,False
1,114.73,2,127.0,7,110.75,-0.02,0.03,0.0,0.25,May,3,2,3,9,Returning_Visitor,False,False
0,0.0,-1,-51.37,-31,891.5,0.0,0.02,13.47,-0.16,May,1,2,1,2,Returning_Visitor,False,False
9,216.23,4,216.32,310,10713.96,-0.1,-0.1,0.88,-0.0,Sep,2,2,3,2,Returning_Visitor,False,False
0,-7.65,1,-104.38,-30,-1832.54,0.06,0.06,0.0,0.0,Feb,2,6,3,9,Returning_Visitor,False,False
-1,124.12,0,87.7,47,1988.66,0.04,0.03,14.36,0.01,Dec,2,2,4,2,Returning_Visitor,False,False
4,338.0,0,-126.71,17,651.4,0.01,0.03,19.24,0.8,May,2,2,2,7,Returning_Visitor,True,True
7,210.48,-1,-69.06,2,-40.33,0.0,0.07,28.89,0.07,Mar,3,2,4,1,New_Visitor,False,False
3,154.6,0,-278.78,9,479.1,-0.03,0.01,0.0,-0.14,Mar,3,2,2,1,Returning_Visitor,False,False
7,44.76,2,85.42,123,4834.11,0.09,0.1,0.0,-0.23,Nov,2,1,1,1,New_Visitor,False,False
7,237.56,0,-122.91,28,1035.82,0.0,0.03,0.0,0.0,May,1,7,1,3,Returning_Visitor,False,False
6,109.2,0,-108.77,31,663.28,0.01,-0.0,0.0,0.0,Oct,2,3,1,1,Returning_Visitor,False,False
0,0.0,1,38.0,-2,311.0,0.02,0.04,0.0,0.0,May,2,10,4,4,Returning_Visitor,False,False
4,220.82,0,61.66,59,4200.6,0.02,0.02,29.44,0.38,Sep,3,2,3,3,Returning_Visitor,False,False
6,234.13,0,155.5,26,694.3,-0.08,-0.05,0.35,-0.11,Nov,2,2,4,4,Returning_Visitor,False,False
2,105.0,0,-50.56,16,305.43,0.0,-0.0,0.0,0.19,Aug,1,8,4,4,Returning_Visitor,False,False
6,342.75,4,169.58,91,2969.53,0.0,-0.0,-5.75,0.34,May,3,2,3,2,Returning_Visitor,False,False
4,332.17,2,117.12,164,6212.78,0.04,0.06,17.91,0.23,Sep,3,2,9,14,Returning_Visitor,True,False
2,37.0,0,137.73,28,446.07,0.04,0.02,9.92,0.0,Sep,2,2,3,1,Returning_Visitor,True,True
3,0.0,-1,0.0,7,0.0,0.2,0.2,0.0,0.27,May,1,4,5,1,Returning_Visitor,False,False
4,153.4,2,186.43,24,200.0,0.03,0.11,-20.94,0.8,May,2,2,3,6,Returning_Visitor,False,False
1,-169.67,0,0.0,12,-139.44,0.03,0.04,0.0,0.0,June,2,1,1,3,Returning_Visitor,False,False
1,73.61,-2,-68.39,5,42.0,0.04,0.08,-16.94,0.0,May,2,2,5,2,Returning_Visitor,False,False
5,289.1,0,107.31,179,7287.76,-0.01,0.03,0.0,0.02,Nov,1,2,8,4,Returning_Visitor,True,False
1,-8.59,-2,-8.61,1,-200.52,0.16,0.17,-9.53,0.17,May,1,3,3,1,Returning_Visitor,False,False
0,-21.4,1,162.64,20,1590.14,0.06,0.09,12.63,0.0,Nov,1,1,1,7,New_Visitor,False,False
6,138.74,0,0.0,27,1391.38,0.0,0.01,-6.63,0.29,Oct,3,2,1,2,Returning_Visitor,False,True
0,0.0,1,-26.11,3,0.0,0.01,0.04,28.58,0.04,Sep,2,2,1,6,Returning_Visitor,False,False
0,0.0,-1,-142.87,14,788.66,0.05,0.07,-17.2,0.25,May,1,1,2,4,Returning_Visitor,False,False
1,25.2,1,125.25,54,1960.59,-0.01,0.01,11.75,0.32,May,3,2,4,13,Returning_Visitor,False,False
1,169.35,2,264.75,39,287.22,0.01,0.02,8.38,0.26,Oct,3,2,1,2,Returning_Visitor,True,False
0,0.0,0,-16.82,53,1121.85,0.02,0.05,0.0,-0.02,Aug,1,1,3,1,Returning_Visitor,False,False
-2,-114.07,1,0.0,41,1742.88,0.03,0.04,0.0,-0.17,June,2,2,3,3,Returning_Visitor,False,False
2,-86.86,1,151.96,10,182.17,0.0,0.03,0.0,-0.05,May,3,2,1,3,Returning_Visitor,False,False
-3,-1.11,0,153.76,17,1874.14,-0.03,0.01,31.07,0.18,May,1,1,1,4,Returning_Visitor,False,True
3,221.5,2,174.38,28,1365.22,0.0,0.01,0.6,0.0,Mar,2,2,1,2,Returning_Visitor,False,False
11,466.19,3,379.23,44,2038.05,0.01,-0.01,0.0,-0.26,Nov,2,2,3,9,Returning_Visitor,True,False
-2,-66.96,-1,0.0,52,127.17,0.09,0.12,0.0,0.8,May,3,2,1,7,Returning_Visitor,False,False
2,218.82,0,-67.73,5,168.85,-0.03,0.03,-13.48,0.27,Feb,2,2,1,4,Returning_Visitor,False,False
2,302.79,0,0.0,18,0.0,0.1,0.1,0.0,0.15,Nov,2,2,7,9,Returning_Visitor,False,False
3,259.48,0,0.0,-9,2948.32,0.08,0.12,0.0,-0.24,Mar,3,2,1,18,Returning_Visitor,False,False
8,47.65,0,-113.27,39,1306.0,0.03,0.07,10.27,0.25,Oct,4,1,3,13,Returning_Visitor,False,False
3,0.0,0,-284.87,7,-667.65,0.0,0.04,0.0,0.16,May,1,1,1,6,Returning_Visitor,False,False
-1,0.0,-1,-1.21,17,323.46,0.06,0.09,23.64,-0.03,Oct,2,4,4,1,Returning_Visitor,False,False
2,90.59,0,0.0,-50,-610.22,0.02,0.03,55.47,0.23,Nov,2,2,5,2,Returning_Visitor,False,True
8,227.46,0,0.0,43,1495.58,0.02,0.0,-11.09,-0.3,Feb,2,2,2,6,New_Visitor,True,True
8,321.6,0,0.0,43,1151.2,-0.01,0.02,1.91,0.0,May,2,2,9,9,Returning_Visitor,False,False
5,55.29,0,69.27,25,1590.4,0.02,0.09,0.0,0.0,Aug,4,1,4,1,Returning_Visitor,True,False
0,0.0,0,0.0,5,89.87,0.04,0.06,0.0,0.21,Oct,2,2,5,4,Returning_Visitor,True,False
2,254.22,0,33.18,16,458.61,0.01,0.03,12.46,0.0,Oct,3,2,1,4,Returning_Visitor,False,False
3,195.11,0,18.57,20,888.98,0.0,0.01,38.27,0.0,Nov,2,1,8,2,New_Visitor,False,True
5,43.97,0,12.0,54,942.45,0.01,0.01,39.32,0.4,Sep,2,2,6,4,Returning_Visitor,False,False
0,0.0,0,-44.47,-25,-126.07,0.04,0.05,8.59,0.4,May,1,1,1,4,Returning_Visitor,True,False
0,18.76,0,-13.98,11,145.0,0.05,0.07,36.53,0.0,Aug,1,1,1,3,Returning_Visitor,False,False
0,-32.8,0,185.42,3,-596.79,0.07,0.13,25.53,0.15,May,2,2,7,6,Returning_Visitor,False,False
6,215.25,1,70.44,29,2341.84,-0.01,0.0,-13.57,0.0,May,2,2,7,11,New_Visitor,True,True
1,-127.93,-3,-212.07,58,1340.58,0.06,0.07,28.01,0.0,Feb,3,2,3,1,Returning_Visitor,True,True
1,-120.26,2,221.45,59,2074.78,-0.03,0.01,0.0,0.0,Mar,2,2,1,2,Returning_Visitor,False,False
3,334.67,2,28.39,108,5016.71,0.03,0.05,24.8,0.0,Nov,2,2,6,6,Returning_Visitor,False,True
1,51.15,0,14.73,7,157.5,0.09,0.12,0.0,0.04,Jul,2,2,7,13,Returning_Visitor,False,False
4,338.35,0,-21.28,115,4780.57,0.0,-0.01,-29.37,0.43,May,1,2,4,13,Returning_Visitor,False,False
11,455.07,2,306.1,41,1047.98,0.0,0.01,22.66,0.0,Oct,2,2,1,4,Returning_Visitor,False,False
0,-95.55,4,224.63,65,1807.13,0.01,0.02,0.72,0.23,Nov,3,2,2,2,Returning_Visitor,False,False
0,0.0,-1,-12.89,1,-542.15,-0.01,0.03,21.21,0.0,Aug,2,2,2,3,Returning_Visitor,False,False
3,86.2,1,161.96,74,3003.42,-0.01,-0.01,35.02,0.34,May,1,1,3,11,Returning_Visitor,False,False
6,166.92,7,115.0,184,7424.41,0.03,0.02,8.92,0.1,May,3,2,7,2,Returning_Visitor,False,True
-5,-185.52,1,0.0,1,0.0,0.16,0.2,-33.83,0.22,Mar,2,2,1,1,Returning_Visitor,False,False
0,-67.02,0,-159.36,7,564.2,0.03,0.01,0.0,0.03,Nov,1,1,1,2,New_Visitor,True,False
12,390.03,1,0.0,85,2138.48,0.02,0.03,0.13,0.2,Dec,2,5,3,1,Returning_Visitor,False,False
-2,0.0,0,32.12,2,801.58,0.01,0.04,-1.72,1.0,Feb,2,2,1,2,Returning_Visitor,True,False
1,-19.63,2,86.96,27,1550.18,0.06,0.08,0.0,-0.05,Oct,2,2,1,3,Returning_Visitor,False,False
2,-49.52,1,0.0,46,811.76,-0.02,0.03,9.68,0.12,Dec,2,2,3,2,Returning_Visitor,True,False
4,113.64,0,49.79,19,-189.13,0.02,0.05,0.0,0.28,Mar,2,4,2,1,Returning_Visitor,True,False
1,157.75,1,0.0,18,2014.42,0.03,0.09,6.21,0.0,Mar,1,1,5,1,Returning_Visitor,True,False
0,-88.33,-1,-124.77,-100,-3360.9,0.07,0.12,0.0,-0.02,Dec,3,2,6,1,Returning_Visitor,True,False
8,370.64,3,357.0,46,2588.24,0.0,0.01,2.53,0.0,Mar,2,2,3,2,Returning_Visitor,False,False
0,-56.29,-1,100.63,39,902.65,0.0,0.03,0.0,0.11,Dec,3,2,3,2,Returning_Visitor,False,False
0,0.0,1,68.69,130,3313.46,0.03,0.03,0.0,0.0,Sep,2,2,3,3,Returning_Visitor,False,False
4,29.22,0,-146.34,3,316.64,0.04,0.04,-16.22,-0.14,Feb,3,2,1,3,Returning_Visitor,False,False
5,473.7,2,128.02,59,2101.69,0.07,0.06,-7.18,0.0,Jul,3,2,2,3,Returning_Visitor,False,False
0,-279.72,1,69.94,14,1747.7,0.01,0.02,0.0,-0.28,Feb,2,4,5,1,Returning_Visitor,False,False
7,301.99,0,0.0,20,1116.51,0.02,0.03,12.0,0.22,Feb,3,2,1,3,Returning_Visitor,False,False
3,128.53,3,229.82,36,1567.97,0.0,0.04,0.0,0.0,Mar,1,3,2,10,Returning_Visitor,True,False
6,8.94,1,24.5,72,1031.13,0.05,0.03,5.09,-0.14,Nov,2,2,3,2,New_Visitor,True,False
4,383.64,1,-69.22,16,1498.47,0.01,0.04,0.0,0.25,May,4,2,4,2,New_Visitor,False,False
0,-269.95,0,82.7,8,580.08,-0.02,0.02,0.0,0.0,Oct,2,2,1,2,Returning_Visitor,True,False
-7,58.5,0,-31.45,28,2824.19,-0.01,0.04,11.27,0.71,May,1,1,1,3,Returning_Visitor,False,True
7,0.0,2,360.58,7,815.72,-0.02,0.01,10.48,0.1,Nov,3,2,5,6,Returning_Visitor,False,False
0,93.58,0,10.81,-38,-1143.18,0.04,0.06,-5.6,0.19,Feb,2,2,7,4,Returning_Visitor,False,False
1,211.08,0,0.0,32,688.27,-0.08,-0.02,7.65,0.0,Mar,3,2,9,2,Returning_Visitor,False,False
-1,0.0,0,-15.14,-16,155.9,-0.01,0.04,-4.4,0.0,Nov,2,2,4,1,Returning_Visitor,False,False
8,433.03,1,318.1,198,6868.33,0.0,0.02,-10.44,0.34,Mar,2,2,9,1,Returning_Visitor,False,False
7,319.66,0,0.0,44,2131.43,-0.0,0.03,33.5,0.0,Oct,1,1,3,3,Returning_Visitor,False,False
4,242.15,0,4.66,19,25.0,0.02,0.02,0.0,0.0,Sep,3,2,1,2,Returning_Visitor,True,False
0,0.0,0,-34.77,-11,0.0,0.2,0.2,0.0,0.0,Mar,1,5,4,1,Returning_Visitor,False,False
0,109.43,-1,0.0,1,0.0,-0.02,-0.01,19.62,0.31,Nov,2,2,2,1,Returning_Visitor,False,False
4,0.0,-1,5.81,13,303.4,-0.03,-0.01,5.17,0.11,May,2,2,3,4,Returning_Visitor,False,True
2,-89.26,0,0.0,24,642.0,-0.01,0.02,-15.77,0.04,Dec,2,2,7,2,Returning_Visitor,False,True
5,93.8,0,-121.1,45,2139.7,0.01,0.0,20.28,0.35,Feb,1,1,2,2,Returning_Visitor,False,True
0,0.0,0,0.0,27,799.38,-0.03,-0.01,20.38,0.0,Dec,4,1,9,2,Returning_Visitor,True,False
3,0.0,0,0.0,73,1617.31,0.0,0.07,-8.46,0.25,Oct,2,2,3,6,Returning_Visitor,False,True
4,118.8,1,0.0,107,3394.52,0.03,0.01,0.0,0.0,Jul,2,2,1,2,Returning_Visitor,False,False
4,-14.55,0,-18.31,40,2824.05,0.0,0.01,1.79,0.0,Dec,3,2,4,2,Returning_Visitor,False,False
0,71.85,0,0.0,65,3681.06,0.07,0.06,-4.47,-0.25,Mar,2,2,3,1,Returning_Visitor,False,False
2,131.5,1,19.0,62,4162.08,-0.01,0.0,-21.95,0.17,Feb,2,2,1,2,New_Visitor,False,True
6,260.12,1,0.0,-16,226.06,0.04,0.09,0.0,0.0,Feb,2,2,1,1,Returning_Visitor,True,False
5,635.76,0,123.72,6,-391.29,0.0,0.02,20.22,0.0,Jul,1,1,4,6,New_Visitor,False,True
7,287.11,2,129.0,69,4516.59,0.16,0.16,8.05,-0.19,Nov,2,2,2,5,Returning_Visitor,False,False
4,3.99,0,-1.49,6,203.15,0.03,0.05,0.0,0.06,Nov,3,2,7,2,Returning_Visitor,False,False
2,-113.86,0,-289.49,80,2161.58,0.02,0.04,-15.16,0.52,Oct,2,2,2,2,Returning_Visitor,True,True
7,86.28,2,21.0,28,1168.1,0.0,0.02,25.77,-0.28,Nov,2,2,1,5,Returning_Visitor,True,True
0,-105.68,0,32.74,54,3518.36,0.08,0.08,0.0,-0.05,May,2,4,3,4,New_Visitor,False,False
-2,12.35,-2,-174.81,-73,-2308.22,0.03,0.07,-7.1,0.31,Feb,2,6,2,2,Returning_Visitor,False,False
5,548.31,6,640.01,158,6188.47,-0.04,-0.04,18.81,0.11,May,3,2,1,4,Returning_Visitor,False,False
1,12.44,0,0.0,10,218.68,0.02,0.03,-2.77,-0.1,Dec,2,2,1,2,Returning_Visitor,True,False
0,5.36,1,142.4,-13,-516.35,0.01,0.06,-8.23,0.51,May,4,2,1,2,Returning_Visitor,False,False
1,25.74,0,-13.47,23,943.84,0.01,0.01,13.52,0.0,Nov,2,4,2,1,Returning_Visitor,False,False
-7,-132.34,0,0.0,-16,-308.12,0.05,0.1,-19.88,0.04,Dec,2,2,1,2,Returning_Visitor,True,True
1,0.0,-1,-68.16,12,2132.11,0.03,0.08,-16.46,-0.06,May,2,6,7,2,Returning_Visitor,False,False
8,316.56,2,1652.0,43,1717.74,-0.02,-0.03,9.07,0.0,Dec,3,2,5,2,Returning_Visitor,False,True
6,4.44,0,-145.83,23,297.12,-0.11,-0.06,-5.45,0.0,Nov,2,2,2,4,New_Visitor,True,False
2,-61.64,0,-115.7,-12,-1376.83,0.0,0.0,-2.06,0.11,Sep,3,2,3,1,New_Visitor,False,True
1,34.02,1,-10.65,2,-1071.83,-0.03,0.0,21.49,0.0,Dec,2,4,9,4,Returning_Visitor,False,False
0,-206.09,2,215.8,24,1639.37,0.0,0.01,1.89,0.0,Jul,2,2,1,2,Returning_Visitor,False,False
2,185.54,0,0.0,60,2491.72,0.0,0.01,0.0,-0.25,Nov,2,2,7,3,Returning_Visitor,True,False
7,429.18,0,0.0,100,3613.06,0.0,0.01,1.75,0.24,May,3,2,3,1,Returning_Visitor,False,False
2,81.31,1,0.0,15,539.82,0.08,0.1,22.23,-0.19,Aug,3,2,3,1,Returning_Visitor,False,False
-1,-213.28,1,0.0,20,147.11,0.02,0.04,8.56,-0.12,Aug,3,2,2,3,Returning_Visitor,True,False
0,0.0,1,9.0,87,2089.24,0.0,0.03,26.52,-0.02,Nov,2,2,1,2,Returning_Visitor,True,True
1,0.0,0,-14.48,-2,494.0,0.0,0.04,-13.78,0.07,Mar,1,1,1,3,New_Visitor,False,False
8,219.64,2,-229.54,126,4477.56,0.03,0.03,6.85,0.03,Mar,4,1,1,6,New_Visitor,False,False
3,0.0,0,0.0,43,259.54,0.03,0.03,2.83,0.8,May,3,2,1,2,Returning_Visitor,False,False
4,108.31,-1,-109.72,30,1626.28,0.02,0.02,16.19,0.0,Dec,2,2,6,3,Returning_Visitor,False,False
0,0.0,0,0.0,1,-874.01,0.2,0.2,-44.64,0.0,Dec,2,2,3,1,Returning_Visitor,False,False
2,0.0,0,0.0,13,-367.56,0.07,0.07,47.99,0.01,Nov,2,2,4,4,Returning_Visitor,False,True
5,107.67,10,505.17,281,9841.91,-0.02,-0.03,0.0,-0.17,Dec,2,2,7,4,Returning_Visitor,False,False
12,271.3,3,267.15,90,2004.49,0.02,0.03,18.41,0.15,Nov,1,1,1,1,Returning_Visitor,False,False
3,2.0,2,254.49,10,1287.02,0.0,0.04,-5.9,0.27,May,1,2,1,2,Returning_Visitor,False,False
-1,-213.0,-1,-107.16,-19,231.18,0.0,0.06,3.06,0.0,Feb,1,1,5,1,New_Visitor,True,False
0,0.0,-1,-375.9,8,138.38,-0.01,0.02,0.0,0.0,Dec,2,2,1,2,Returning_Visitor,False,False
0,-16.72,0,36.38,-6,1125.63,0.0,0.03,0.0,0.15,Nov,2,2,2,13,Returning_Visitor,False,False
6,46.4,0,0.0,24,1957.95,0.02,0.02,11.94,0.0,Aug,2,2,1,2,New_Visitor,False,True
4,319.34,0,171.69,14,444.45,0.0,0.01,-22.29,-0.23,Oct,1,1,3,2,Returning_Visitor,False,False
4,480.53,1,106.0,22,1724.33,-0.02,0.03,31.18,-0.11,Dec,2,2,1,2,Returning_Visitor,False,False
0,-177.86,2,-5.56,29,0.0,0.08,0.08,0.0,0.05,Dec,2,2,1,1,Returning_Visitor,False,False
-6,-197.27,0,0.0,-13,-40.19,0.16,0.2,-11.5,0.0,June,3,2,1,13,Returning_Visitor,False,False
4,98.29,3,47.67,13,1428.34,0.07,0.09,15.34,0.0,Oct,3,2,3,6,New_Visitor,True,False
0,-116.52,0,22.59,2,-460.62,0.0,0.02,-10.96,0.0,Sep,2,4,1,1,Returning_Visitor,False,False
-2,0.0,0,-58.25,26,1289.25,0.07,0.09,-0.03,0.8,May,2,2,1,6,Returning_Visitor,False,True
4,-6.24,0,60.23,42,3127.33,0.03,0.04,-12.86,-0.01,Nov,3,2,3,6,Returning_Visitor,False,False
5,163.31,0,107.31,55,2651.6,0.04,0.07,11.4,0.2,Mar,3,2,7,1,Returning_Visitor,False,False
1,89.0,0,0.0,3,417.75,0.01,0.03,28.67,0.0,Oct,1,1,4,2,New_Visitor,False,False
9,-78.9,1,0.0,22,228.76,0.01,0.02,0.0,-0.1,Oct,2,2,1,2,Returning_Visitor,True,False
6,28.5,3,0.0,79,3736.47,-0.05,0.01,29.95,-0.12,Jul,1,1,4,2,Returning_Visitor,True,False
7,208.3,0,203.99,40,1973.8,-0.06,-0.05,48.66,0.0,May,2,2,2,2,Returning_Visitor,False,True
0,37.3,0,18.86,3,62.0,0.0,0.0,0.0,-0.07,Sep,2,2,1,1,Returning_Visitor,False,False
-4,0.0,1,181.11,-39,0.0,0.2,0.24,0.0,0.0,May,4,1,8,7,Returning_Visitor,False,False
2,-248.96,-2,0.0,9,242.75,0.0,0.07,0.0,0.0,Nov,4,5,5,2,Returning_Visitor,False,False
2,10.0,-1,0.0,29,660.82,0.0,0.02,55.92,0.24,May,1,1,6,3,Returning_Visitor,True,False
3,87.21,2,96.71,63,1979.3,0.0,0.02,19.73,0.21,Nov,2,2,2,11,Returning_Visitor,True,True
0,0.0,0,27.73,61,2287.98,0.0,0.02,9.37,0.0,Mar,2,2,6,1,Returning_Visitor,True,False
1,0.0,0,0.0,91,1690.96,-0.06,-0.06,113.32,0.0,Oct,2,2,4,2,New_Visitor,True,True
5,-139.81,0,6.29,24,597.83,0.05,0.1,0.0,-0.28,Mar,3,2,2,1,Returning_Visitor,True,False
5,108.2,1,0.0,60,1514.55,0.02,0.01,-6.17,0.0,Nov,1,1,4,15,Returning_Visitor,False,False
4,15.52,-1,7.0,24,1051.29,0.0,0.04,0.0,0.0,Dec,2,2,9,2,Returning_Visitor,False,False
1,192.07,1,146.57,24,620.13,-0.02,0.02,0.0,0.0,Oct,3,2,5,2,Returning_Visitor,False,False
4,122.26,2,0.0,64,2708.76,0.05,0.07,18.44,0.2,Nov,2,2,4,5,Returning_Visitor,False,False
0,-241.89,0,0.0,31,55.0,0.07,0.06,36.44,0.33,Feb,3,2,1,13,Returning_Visitor,False,False
0,-140.72,-1,-67.12,7,82.15,-0.01,-0.01,0.38,0.0,May,1,1,1,2,Returning_Visitor,False,False
1,6.95,0,0.0,43,2963.24,0.01,0.07,-2.25,0.23,Nov,2,2,2,1,New_Visitor,False,False
0,0.0,1,0.0,63,2501.12,0.05,0.04,0.0,0.0,Feb,1,8,3,4,Returning_Visitor,False,False
9,269.8,2,181.38,112,3845.72,0.0,0.01,60.43,0.2,Nov,2,2,9,4,Returning_Visitor,False,True
3,31.0,2,0.0,57,1400.44,-0.02,0.0,23.62,0.0,Jul,2,4,9,6,Returning_Visitor,False,False
11,250.08,2,35.89,49,672.1,0.0,0.01,32.59,0.0,Feb,2,2,9,13,Returning_Visitor,False,True
0,170.71,0,84.45,30,-483.07,0.03,0.05,0.0,0.26,May,1,1,2,8,Returning_Visitor,False,False
0,38.18,0,0.0,53,1270.21,0.05,0.05,30.06,0.6,May,1,1,7,4,Returning_Visitor,False,False
1,81.04,4,0.0,118,5188.52,0.09,0.1,-3.45,0.28,June,2,2,7,1,Returning_Visitor,False,False
2,219.59,0,58.47,34,2604.84,0.01,0.04,7.94,0.02,Dec,2,2,3,1,Returning_Visitor,True,False
1,0.0,0,-145.7,-26,-1873.1,0.03,0.08,-16.14,-0.02,June,2,2,4,11,New_Visitor,False,False
3,276.47,1,130.67,49,1643.05,0.02,0.04,33.65,0.26,Feb,3,2,1,4,Returning_Visitor,False,True
1,17.0,0,-19.12,12,1659.32,-0.01,0.03,-3.98,0.35,May,2,2,2,1,Returning_Visitor,False,False
-2,-312.72,-1,-114.39,5,-423.36,0.04,0.06,0.0,0.0,Nov,3,2,7,1,New_Visitor,False,False
5,185.66,0,126.8,32,2311.74,0.03,0.02,0.0,0.0,Oct,2,2,4,1,New_Visitor,False,False
0,0.0,1,90.99,0,125.27,-0.02,0.02,0.0,0.0,Dec,3,2,7,4,Returning_Visitor,False,False
0,28.98,-1,0.0,3,578.86,0.0,0.06,-5.96,0.0,Nov,2,2,7,2,New_Visitor,False,False
1,197.74,0,-42.46,63,1767.4,0.01,0.04,0.0,0.04,Jul,3,2,3,3,Returning_Visitor,False,False
3,-11.66,0,0.0,24,304.52,0.0,0.01,-11.85,0.07,May,1,1,1,2,Returning_Visitor,False,False
1,0.0,0,0.0,20,840.76,0.0,0.03,0.0,0.13,Oct,3,2,6,6,Returning_Visitor,False,False
0,134.81,0,-176.65,1,-405.04,0.2,0.21,0.0,0.11,Dec,1,1,4,1,Returning_Visitor,False,False
5,-11.57,0,-36.68,50,1241.75,-0.01,0.01,47.84,-0.06,Oct,2,2,1,2,Returning_Visitor,False,True
7,275.91,6,454.15,100,4634.55,-0.02,-0.01,31.09,0.0,Feb,2,2,4,1,Returning_Visitor,True,False
3,185.35,0,-117.62,15,-695.27,0.07,0.08,-24.1,0.02,Nov,3,2,1,7,Returning_Visitor,False,False
0,-108.79,0,-13.4,65,3251.11,0.02,-0.0,1.72,-0.13,Dec,2,2,9,3,Returning_Visitor,False,False
0,0.0,0,0.0,17,0.0,0.2,0.2,0.0,0.0,Aug,3,2,2,1,Returning_Visitor,True,False
5,0.0,1,64.7,114,3105.63,0.0,0.02,42.42,0.0,Nov,2,2,6,10,Returning_Visitor,False,True
10,-27.3,0,83.19,36,3314.73,0.0,0.01,11.44,0.0,Feb,2,2,1,4,Returning_Visitor,False,True
0,-58.43,1,0.0,9,639.0,0.03,0.02,-11.61,0.28,Aug,1,1,2,9,Returning_Visitor,True,True
-1,-35.61,0,75.42,26,29.17,0.03,0.1,16.35,-0.15,Oct,2,6,3,13,Returning_Visitor,True,False
4,302.63,1,213.88,78,3373.13,0.03,0.06,35.22,0.0,Dec,2,2,3,15,Returning_Visitor,False,False
2,42.75,1,0.0,31,2364.51,-0.02,-0.0,-2.49,0.6,May,2,4,1,2,Returning_Visitor,False,False
0,-22.64,0,-118.44,-2,308.7,0.08,0.11,2.26,0.0,Dec,2,4,2,3,New_Visitor,False,False
3,36.25,1,10.0,7,-370.07,-0.01,0.05,-6.63,-0.06,May,3,2,3,2,Returning_Visitor,False,False
2,114.18,1,160.7,2,686.29,0.04,0.09,10.55,-0.05,Dec,2,1,1,1,Returning_Visitor,False,False
2,104.26,0,43.73,4,110.0,0.0,0.05,0.96,-0.28,Feb,1,5,4,2,Returning_Visitor,False,False
6,274.84,1,0.0,136,4379.72,0.2,0.2,0.0,0.02,Aug,2,2,1,1,Returning_Visitor,False,False
0,-11.45,-1,0.0,-42,-553.9,-0.1,-0.02,52.57,-0.41,Dec,2,2,5,2,Returning_Visitor,False,False
4,283.83,0,-2.07,38,205.0,0.09,0.09,12.1,0.0,Mar,3,5,1,13,Returning_Visitor,False,False
3,-133.79,0,0.0,2,344.0,-0.04,0.01,-21.87,0.1,Mar,3,4,2,2,Returning_Visitor,False,False
1,0.0,0,0.0,90,2757.62,0.01,0.01,0.0,0.0,Aug,3,4,2,1,Returning_Visitor,False,False
0,11.38,-1,-12.69,27,1166.68,0.01,-0.0,-18.98,-0.04,Nov,3,2,7,1,Returning_Visitor,False,False
0,0.0,-1,-123.0,-26,-1062.42,0.01,0.05,0.0,0.3,Jul,1,1,7,3,New_Visitor,True,False
6,0.0,1,194.58,86,2773.83,-0.03,-0.03,-7.1,0.08,Mar,3,2,4,2,Returning_Visitor,True,True
-1,35.5,0,56.07,88,3245.56,0.0,0.02,-30.47,0.02,Feb,2,2,9,2,New_Visitor,False,False
5,316.0,2,0.0,69,2033.8,0.01,0.01,-0.09,0.0,Nov,2,5,1,2,Returning_Visitor,False,False
11,375.78,3,369.0,90,4181.19,-0.05,0.0,-4.08,0.18,Mar,2,2,3,2,Returning_Visitor,False,True
0,0.0,-1,-84.31,7,182.27,0.02,0.06,18.86,0.09,Mar,2,2,3,2,Returning_Visitor,False,False
1,125.79,0,0.0,46,1178.38,0.0,0.0,28.55,0.26,May,2,2,2,3,Returning_Visitor,False,False
0,109.0,0,-23.91,1,34.0,-0.01,0.01,30.73,0.0,May,2,2,1,4,Returning_Visitor,True,False
1,143.54,0,16.05,39,1266.86,0.05,0.05,-4.42,0.04,Dec,3,2,7,1,Returning_Visitor,False,False
-1,30.5,-1,0.99,30,-67.52,-0.01,0.01,0.0,0.27,May,4,2,4,4,Returning_Visitor,False,False
0,0.0,0,-82.28,13,454.5,0.06,0.08,9.47,-0.02,Dec,3,2,1,3,Returning_Visitor,False,False
0,0.0,0,0.0,-52,-963.24,0.0,0.07,7.32,-0.05,Nov,1,1,1,2,Returning_Visitor,False,False
3,10.19,0,62.77,60,1581.43,0.01,0.01,0.0,-0.28,Nov,3,2,2,1,New_Visitor,False,False
3,110.45,2,58.43,60,1243.82,0.01,0.06,0.0,-0.03,Nov,2,2,7,1,Returning_Visitor,False,False
-2,0.0,1,337.56,1,-179.44,0.2,0.23,0.0,0.15,June,2,2,3,13,Returning_Visitor,False,False
0,125.9,2,0.0,-19,-382.27,0.1,0.12,0.0,0.07,Oct,2,2,3,2,Returning_Visitor,False,False
7,299.98,3,91.3,94,4149.97,0.01,0.02,13.65,0.0,Nov,1,1,1,3,Returning_Visitor,True,False
16,715.5,3,232.95,221,7939.71,0.01,0.02,4.08,0.0,Oct,2,1,3,1,Returning_Visitor,False,True
-1,0.0,0,0.0,25,0.0,0.17,0.2,9.38,0.06,Dec,1,1,1,1,Returning_Visitor,True,False
0,88.16,0,0.0,25,860.03,0.02,0.04,3.72,-0.01,Oct,3,2,1,2,Returning_Visitor,True,False
2,0.0,1,15.75,8,-128.29,0.11,0.13,-7.31,0.0,Nov,1,1,9,1,Returning_Visitor,False,False
3,70.02,0,-11.93,63,1082.86,0.0,-0.0,18.46,0.23,May,3,2,8,3,Returning_Visitor,True,False
7,193.78,3,346.23,52,1868.04,-0.08,-0.06,12.13,0.0,Dec,4,1,1,6,Returning_Visitor,False,False
3,61.94,-1,0.0,61,1816.43,0.03,0.02,2.99,0.0,Nov,3,2,2,2,Returning_Visitor,False,False
0,0.0,0,0.0,37,1265.69,0.0,0.02,12.13,0.0,Nov,4,5,6,2,Returning_Visitor,False,False
0,0.0,0,165.85,7,451.32,0.0,0.02,13.71,0.03,Mar,1,1,2,1,Returning_Visitor,False,False
4,69.96,1,0.0,62,2447.23,0.08,0.1,27.32,0.08,Mar,3,2,1,13,Returning_Visitor,False,False
6,224.0,2,0.0,16,1676.76,0.02,0.02,2.23,0.16,Oct,3,2,7,2,Returning_Visitor,False,False
1,-44.99,0,0.0,29,663.5,0.0,0.02,-3.89,-0.03,May,2,2,1,1,New_Visitor,False,True
0,0.0,0,142.62,24,1456.87,0.1,0.13,0.0,0.0,May,3,2,3,3,New_Visitor,False,False
0,113.34,2,101.56,-15,-553.08,0.06,0.1,13.61,0.26,Aug,2,2,3,8,New_Visitor,False,False
10,770.6,2,52.36,52,1760.79,0.01,0.02,0.0,0.0,May,3,2,1,2,Returning_Visitor,False,False
2,57.93,1,93.72,8,98.57,0.07,0.1,0.0,0.13,Sep,1,1,6,1,Returning_Visitor,True,False
-1,-151.8,1,224.15,-19,77.33,0.0,0.02,0.0,0.28,Mar,3,2,4,2,Returning_Visitor,False,False
0,0.0,0,0.0,3,-517.45,0.06,0.12,0.0,0.06,Nov,1,1,4,1,Returning_Visitor,False,False
-1,120.0,0,0.0,17,-1880.46,-0.02,0.01,-24.03,-0.33,Mar,1,1,4,2,Returning_Visitor,False,False
0,-96.05,0,0.0,17,114.53,0.03,0.06,9.81,0.0,May,3,2,1,4,Returning_Visitor,False,False
0,50.85,0,-12.76,17,449.03,0.19,0.2,25.92,0.0,Feb,3,2,1,1,Returning_Visitor,False,False
0,-118.49,1,-21.13,47,1026.45,0.02,0.04,9.91,0.05,Dec,2,2,7,2,Returning_Visitor,True,False
2,84.64,0,-73.57,31,487.32,0.1,0.14,20.17,-0.23,Oct,3,2,1,10,Returning_Visitor,False,True
13,484.87,1,0.0,98,4319.13,0.0,0.01,40.01,-0.09,Dec,2,2,4,1,Returning_Visitor,False,True
2,-39.73,1,33.92,32,1109.08,0.0,0.03,0.0,-0.15,Nov,2,2,1,2,Returning_Visitor,True,False
0,0.0,-2,-214.9,19,519.54,0.1,0.11,50.71,1.0,May,2,2,1,5,Returning_Visitor,False,False
-2,0.0,2,0.0,6,100.0,-0.06,0.0,0.0,0.0,May,2,2,6,18,Returning_Visitor,True,False
12,171.29,2,272.69,213,7949.1,0.0,0.0,0.0,0.0,Nov,2,2,1,1,Returning_Visitor,False,False
-3,-43.17,0,0.0,-50,-4033.53,0.06,0.08,0.0,0.0,Oct,1,1,5,8,New_Visitor,False,True
3,5.96,1,0.0,-19,15.24,0.0,0.05,0.0,-0.04,Sep,3,2,1,2,Returning_Visitor,False,True
9,322.35,2,91.2,24,1017.78,0.02,0.04,0.0,0.0,Nov,2,2,1,4,Returning_Visitor,True,False
0,0.0,1,155.12,1,0.0,0.03,0.05,-21.08,-0.05,Nov,2,2,7,8,Returning_Visitor,True,False
9,316.5,2,281.22,10,-75.34,0.01,0.05,-11.85,0.13,Aug,1,1,1,11,New_Visitor,False,False
2,47.5,1,242.89,76,3944.38,-0.03,-0.02,2.57,0.08,Nov,2,2,3,2,Returning_Visitor,False,False
-2,-11.42,1,256.45,13,231.5,0.09,0.1,0.0,0.0,May,1,1,3,4,Returning_Visitor,False,False
2,131.0,1,0.0,1,-178.3,-0.04,0.02,31.86,0.02,May,3,2,2,9,Returning_Visitor,True,False
1,33.4,0,0.0,34,827.34,0.02,0.02,60.34,0.6,May,2,2,6,2,Returning_Visitor,False,True
0,0.0,2,0.0,18,1250.99,0.01,0.02,-1.83,0.0,Dec,2,2,3,2,Returning_Visitor,True,False
6,312.76,0,0.0,20,262.0,0.0,0.05,0.0,0.0,May,3,2,4,10,New_Visitor,True,False
-2,-23.54,0,0.0,-6,390.5,0.04,0.04,24.82,0.0,Sep,3,2,1,13,Returning_Visitor,False,False
0,0.0,1,0.0,39,661.64,-0.03,0.0,18.74,-0.07,Nov,1,2,3,2,New_Visitor,False,False
3,0.0,-1,-50.22,3,923.22,-0.03,0.0,0.0,0.04,Aug,1,1,1,3,Returning_Visitor,False,False
-1,0.0,0,0.0,57,831.61,0.04,0.06,-6.13,0.0,Feb,2,2,2,2,Returning_Visitor,False,False
1,174.0,0,0.0,9,272.0,0.05,0.11,0.0,-0.06,May,2,1,3,3,Returning_Visitor,False,False
1,27.5,1,0.0,49,2412.6,0.02,0.04,-17.04,-0.09,May,1,5,2,8,Returning_Visitor,False,True
3,-78.07,2,0.0,20,1551.78,0.0,0.02,-4.13,0.0,Nov,3,2,9,3,Returning_Visitor,False,False
0,291.86,0,0.0,10,-264.3,0.06,0.09,0.0,0.13,Mar,2,2,2,4,Returning_Visitor,True,False
2,213.5,0,16.95,6,108.92,0.01,0.02,23.37,0.0,Oct,3,2,1,2,Returning_Visitor,True,False
2,0.0,1,61.29,36,1648.12,0.06,0.05,0.0,0.0,Nov,1,1,4,1,Returning_Visitor,False,False
1,222.47,-1,0.0,-7,-1235.65,0.0,0.0,0.0,-0.13,Dec,1,1,3,5,New_Visitor,True,False
6,484.8,1,101.5,75,2797.21,0.0,0.04,2.23,0.05,May,2,2,1,2,Returning_Visitor,False,False
-3,0.0,0,119.67,-79,-1650.89,-0.05,-0.0,-37.94,0.25,Mar,2,2,2,4,Returning_Visitor,True,False
2,208.98,0,10.67,-8,-1.86,0.0,0.05,6.22,0.0,Nov,4,1,6,2,Returning_Visitor,True,False
4,900.5,0,82.13,13,2332.65,-0.03,0.01,-24.66,-0.02,Dec,1,1,3,10,Returning_Visitor,False,True
8,469.47,2,256.28,157,5451.74,0.01,0.02,11.11,0.0,Nov,2,2,1,2,Returning_Visitor,False,False
1,1.33,0,88.93,32,2062.24,-0.02,0.02,25.0,0.05,Mar,2,2,1,2,Returning_Visitor,False,False
1,169.24,2,98.36,7,80.5,0.08,0.1,0.0,0.0,Nov,3,2,4,3,Returning_Visitor,True,False
-4,-179.69,0,0.0,-14,-439.12,0.0,-0.01,0.0,-0.25,Nov,2,2,4,2,Returning_Visitor,False,False
-2,-11.46,0,0.0,8,207.56,0.0,0.06,15.77,-0.09,Nov,2,1,1,14,Returning_Visitor,False,True
1,0.0,1,-66.31,-37,0.0,0.17,0.2,13.24,-0.25,Mar,3,5,3,1,Returning_Visitor,False,False
0,0.0,-1,0.0,6,226.0,0.02,0.04,0.0,-0.11,Mar,3,2,1,2,Returning_Visitor,False,False
-1,70.3,2,0.0,23,2612.86,-0.04,-0.01,0.0,0.28,Sep,2,2,7,2,New_Visitor,False,False
1,29.5,0,143.43,2,486.58,0.02,0.03,-2.84,0.19,Feb,2,4,9,2,Returning_Visitor,False,False
1,4.5,-1,-274.8,47,2698.21,0.0,0.0,0.0,-0.24,Feb,1,1,3,2,New_Visitor,False,False
1,-375.11,0,0.0,-123,-4587.12,0.03,0.01,37.09,-0.13,Feb,4,1,1,1,New_Visitor,True,False
10,342.85,0,-66.5,-5,551.5,0.03,0.08,9.06,-0.18,Feb,3,2,2,3,New_Visitor,True,False
5,-67.49,-2,0.0,5,-405.72,-0.01,0.05,0.0,-0.29,Oct,3,2,2,3,Returning_Visitor,False,False
1,297.29,0,185.03,-18,-897.0,0.07,0.09,-5.92,0.31,May,3,2,7,6,Returning_Visitor,False,False
5,78.9,0,0.0,115,5023.1,0.0,0.02,-29.07,0.0,Oct,2,2,4,2,New_Visitor,False,False
2,213.97,4,484.97,92,4314.75,0.02,0.02,-4.15,0.07,May,2,2,7,2,Returning_Visitor,False,False
1,-91.3,0,-3.68,44,2154.96,0.07,0.08,0.0,0.01,Nov,2,4,1,3,Returning_Visitor,True,False
2,0.0,1,91.37,85,3257.12,-0.01,0.04,0.0,0.23,Dec,3,2,2,2,Returning_Visitor,False,False
4,0.0,-1,57.43,154,7680.05,0.01,0.03,0.0,0.0,Jul,2,2,2,1,Returning_Visitor,True,False
4,0.0,0,-40.61,5,485.7,-0.01,0.01,13.25,0.02,Sep,2,1,4,3,Returning_Visitor,False,False
1,105.22,2,133.12,15,320.25,-0.01,0.01,19.9,-0.08,Mar,1,1,4,2,Returning_Visitor,True,False
0,-51.78,1,0.0,3,-402.08,0.06,0.09,0.0,0.0,Oct,3,10,4,4,Returning_Visitor,True,False
5,0.0,1,59.12,54,2474.81,0.05,0.08,25.0,0.0,May,3,2,1,2,Returning_Visitor,False,False
0,0.0,-1,-141.65,48,832.08,0.04,0.06,0.0,0.0,Mar,3,2,1,3,Returning_Visitor,False,False
0,-73.01,0,-20.32,10,1660.25,0.0,0.01,-7.18,-0.01,Aug,3,2,1,4,Returning_Visitor,False,False
4,271.68,0,-123.25,13,1649.0,0.0,0.02,0.0,0.0,Feb,2,2,1,2,Returning_Visitor,False,False
4,250.41,0,6.42,13,27.2,0.0,0.03,-5.05,0.15,Feb,2,2,4,4,Returning_Visitor,False,False
-4,-52.81,0,0.0,75,3554.08,0.0,0.03,2.43,0.09,May,3,4,1,3,Returning_Visitor,False,False
6,288.48,0,33.52,52,2061.84,0.04,0.03,11.12,-0.04,Oct,2,2,3,1,Returning_Visitor,False,True
-1,66.08,3,39.0,15,52.3,-0.04,0.01,-12.36,0.17,Aug,3,2,3,18,Returning_Visitor,True,True
7,56.14,0,0.0,29,646.83,0.01,0.02,0.0,0.0,Nov,3,2,1,13,Returning_Visitor,False,False
0,0.0,0,130.2,7,1453.24,0.06,0.13,0.0,0.03,Sep,3,2,8,1,Returning_Visitor,True,False
5,113.0,3,501.0,123,4203.16,0.0,-0.0,4.98,-0.13,Nov,2,10,2,2,Returning_Visitor,False,False
5,140.25,4,282.0,27,213.5,0.0,0.01,3.84,0.01,Oct,2,2,5,1,Returning_Visitor,False,True
3,42.54,0,-144.58,103,3085.19,-0.06,-0.05,10.14,0.0,May,2,2,6,2,Returning_Visitor,False,False
2,108.0,0,43.67,118,5059.83,0.0,0.02,8.26,0.41,May,2,2,3,4,Returning_Visitor,True,False
5,97.19,0,0.0,11,606.52,0.0,0.0,-14.51,0.04,May,2,6,4,2,Returning_Visitor,False,False
5,171.9,4,190.95,52,2701.56,0.0,0.01,0.03,-0.18,Sep,2,2,4,1,Returning_Visitor,False,False
1,-26.57,0,0.0,-1,612.0,0.0,-0.02,0.0,0.0,Aug,3,2,1,6,New_Visitor,False,False
7,316.14,7,537.03,267,12983.79,-0.0,0.01,40.67,0.0,Nov,3,2,3,8,New_Visitor,False,False
2,24.33,0,-99.46,32,2144.47,-0.08,-0.05,-2.06,0.0,Oct,4,2,1,2,New_Visitor,False,False
7,217.98,0,-1.56,39,2463.38,-0.04,0.0,33.5,0.11,Oct,4,1,3,4,Returning_Visitor,False,True
2,48.17,0,116.52,105,3787.67,0.02,0.02,-9.91,0.07,Aug,2,4,3,4,Returning_Visitor,False,True
3,214.4,3,127.5,151,7700.5,0.0,0.0,26.16,0.26,Nov,2,2,1,2,Returning_Visitor,False,False
4,174.91,2,115.53,71,2706.49,-0.02,0.02,-22.51,0.0,Oct,2,1,1,4,Returning_Visitor,True,True
0,-323.28,0,0.0,12,1695.11,0.0,0.03,0.0,-0.12,Nov,2,2,2,4,Returning_Visitor,False,False
2,-62.28,0,175.2,13,437.2,0.0,0.06,-10.27,0.14,Mar,1,1,4,5,Returning_Visitor,False,False
3,30.4,1,136.73,6,-1142.08,0.01,0.01,0.0,-0.06,Dec,3,2,4,2,Returning_Visitor,False,False
0,47.86,-1,0.0,41,0.0,0.2,0.17,0.0,0.0,Mar,1,5,9,1,Returning_Visitor,False,False
7,113.75,1,81.87,79,2484.03,-0.1,-0.07,6.7,-0.2,Feb,2,2,9,4,New_Visitor,False,True
1,-10.56,0,63.2,-11,233.17,-0.01,0.02,0.0,0.1,Feb,2,1,1,4,Returning_Visitor,True,False
10,138.75,0,-50.98,69,2464.29,0.0,0.02,-2.4,0.14,Feb,2,2,3,2,New_Visitor,True,False
5,219.94,2,69.31,11,-113.19,0.0,0.01,32.95,0.2,May,2,2,4,4,Returning_Visitor,False,True
7,228.74,0,-8.59,1,891.57,0.0,-0.02,258.55,0.0,Dec,2,2,3,2,Returning_Visitor,False,True
0,101.28,-1,0.0,50,1240.42,0.0,0.0,17.45,0.25,Aug,1,1,2,1,Returning_Visitor,False,False
6,166.63,2,5.0,131,5396.26,-0.04,-0.04,7.51,0.0,Aug,1,2,2,2,Returning_Visitor,False,True
1,51.5,0,171.88,43,1724.01,0.05,0.07,-4.51,0.0,Dec,2,2,3,2,Returning_Visitor,False,False
5,108.15,1,-27.34,53,1476.61,0.0,0.02,-12.56,-0.18,Feb,4,2,3,6,New_Visitor,False,False
1,-91.15,0,0.0,14,1107.4,-0.01,0.02,0.0,0.0,May,1,1,3,2,Returning_Visitor,False,False
7,327.66,1,-95.47,33,2840.52,0.04,0.09,6.46,0.23,May,2,2,7,1,Returning_Visitor,True,False
6,223.16,0,-144.19,99,2930.72,0.01,0.01,0.0,0.01,Nov,4,1,4,1,Returning_Visitor,True,True
0,0.44,0,-69.11,0,-447.31,0.04,0.05,0.0,0.35,Mar,3,2,1,5,Returning_Visitor,False,False
1,152.16,1,46.9,16,638.83,0.0,0.02,-2.5,0.06,Sep,1,1,7,9,Returning_Visitor,False,False
5,-151.41,1,-25.49,20,-14.83,0.03,0.05,-5.78,0.0,Jul,1,1,2,3,Returning_Visitor,False,False
5,298.0,1,50.27,10,625.0,0.01,0.01,0.0,0.18,May,1,1,2,2,Returning_Visitor,True,False
2,121.06,0,0.0,5,27.2,0.03,0.04,0.0,0.01,Feb,3,2,1,2,Returning_Visitor,False,False
4,8.45,1,35.38,-34,-457.17,-0.01,0.03,0.0,0.09,Oct,2,2,6,2,New_Visitor,False,False
-3,0.0,-1,-73.39,2,-316.12,0.06,0.1,-21.58,0.0,Mar,1,1,1,1,Returning_Visitor,False,False
6,533.59,4,333.5,85,2588.0,0.01,-0.01,5.44,0.0,Aug,3,2,1,2,Returning_Visitor,False,False
0,0.0,2,60.31,41,1284.08,0.03,0.05,0.0,-0.08,Mar,2,1,3,1,Returning_Visitor,True,False
-1,31.22,0,0.0,22,787.24,0.0,0.04,-1.08,0.0,Sep,1,2,2,1,Returning_Visitor,True,False
0,82.71,1,108.32,16,337.11,0.06,0.06,24.95,-0.25,Feb,2,3,1,8,Returning_Visitor,False,False
1,0.0,0,0.0,4,39.2,0.0,0.05,-17.78,0.0,Nov,2,2,3,2,Returning_Visitor,False,False
4,0.0,0,0.0,6,95.5,0.0,0.04,-14.8,0.02,Mar,2,2,7,3,Returning_Visitor,True,False
2,0.0,1,20.12,-9,-859.29,-0.02,0.01,0.0,0.0,Nov,4,1,3,2,New_Visitor,False,False
6,1541.5,1,-105.35,8,2026.69,0.0,0.02,0.0,0.3,May,1,5,5,4,Returning_Visitor,False,False
3,33.51,1,108.28,-12,-1243.64,0.0,-0.0,16.73,-0.1,Dec,3,2,3,2,New_Visitor,False,True
3,91.25,0,193.93,95,2900.79,0.0,0.02,14.13,0.0,Feb,2,2,1,2,Returning_Visitor,True,True
0,-148.52,1,-52.06,15,1390.58,0.01,0.05,-1.28,-0.1,Feb,3,2,4,1,Returning_Visitor,False,False
4,129.55,0,70.81,4,450.01,0.07,0.08,-2.78,0.03,May,3,2,3,2,Returning_Visitor,True,False
0,0.0,5,844.0,102,4759.56,0.05,0.07,29.8,0.25,Mar,2,2,4,2,Returning_Visitor,True,False
1,29.25,0,0.0,3,59.12,0.0,0.02,0.0,-0.19,Feb,8,13,9,20,Other,False,False
3,0.0,0,0.0,28,504.02,-0.0,0.02,0.0,0.05,Feb,4,1,3,4,Returning_Visitor,False,False
-4,-317.69,0,7.41,-22,131.5,-0.02,0.01,20.65,1.0,May,2,2,1,4,Returning_Visitor,True,False
3,21.68,-1,-107.43,35,529.29,0.01,0.03,2.77,0.0,Mar,2,2,1,10,Returning_Visitor,False,False
3,258.65,0,0.0,14,950.59,0.03,0.04,-0.4,0.01,May,1,4,1,2,Returning_Visitor,False,False
1,-143.69,-1,246.8,23,-340.35,0.04,0.05,0.0,-0.33,Nov,3,2,1,5,Returning_Visitor,False,False
0,45.39,1,17.6,69,2418.48,0.0,0.01,-15.48,0.0,Feb,2,2,1,2,Returning_Visitor,True,False
0,0.0,0,0.0,-5,-138.18,-0.03,0.0,0.0,0.13,Aug,2,2,9,2,New_Visitor,False,False
1,260.12,0,0.0,16,-190.81,0.01,0.02,0.0,-0.03,Mar,1,1,1,2,New_Visitor,False,False
6,184.38,0,0.0,43,549.55,0.07,0.05,-5.76,0.0,Aug,4,2,3,11,Returning_Visitor,True,False
5,248.45,0,145.06,17,664.5,0.02,0.01,0.0,0.0,Dec,2,2,4,2,Returning_Visitor,False,False
3,0.0,1,0.0,-6,328.9,0.02,0.06,0.0,0.0,Mar,2,2,1,3,Returning_Visitor,False,False
22,1660.3,4,301.29,197,6260.47,-0.09,-0.12,15.72,-0.05,Sep,2,2,1,4,Returning_Visitor,False,True
0,232.4,1,0.0,3,19.25,0.0,0.03,-9.57,0.0,Nov,3,2,8,2,Returning_Visitor,False,False
7,46.51,1,8.0,67,1511.39,0.02,0.01,26.75,0.0,Jul,2,2,2,3,Returning_Visitor,True,False
4,91.85,0,0.0,40,2451.87,0.0,0.03,2.8,0.4,May,2,2,2,3,Returning_Visitor,False,True
1,189.24,1,353.39,46,2276.68,0.0,0.03,0.0,0.0,Mar,2,2,6,1,Returning_Visitor,False,False
2,-113.47,2,64.79,139,3909.37,0.06,0.04,9.93,0.0,May,3,2,1,1,Returning_Visitor,False,False
2,278.62,0,-101.47,11,334.0,0.08,0.05,0.0,0.0,May,1,1,3,13,Returning_Visitor,False,False
3,191.15,0,0.0,24,809.43,0.01,0.04,0.0,-0.03,Aug,3,4,2,3,Returning_Visitor,True,False
3,47.0,0,89.21,6,-444.45,0.0,0.04,-27.02,0.07,Aug,4,1,7,3,New_Visitor,True,True
7,281.84,0,137.7,58,1340.75,0.0,-0.01,-5.55,0.6,May,2,2,9,2,New_Visitor,False,True
0,0.0,1,105.8,44,1706.41,0.0,0.04,3.27,0.0,Sep,2,6,7,2,Returning_Visitor,False,False
3,-74.04,0,88.1,34,0.0,0.06,0.08,3.7,0.03,Feb,3,2,1,5,Returning_Visitor,True,False
5,139.0,0,5.94,118,4758.82,0.0,-0.02,31.78,0.0,Nov,3,2,2,9,Returning_Visitor,False,False
1,40.73,0,142.38,39,2359.38,-0.03,0.01,-24.09,-0.13,Dec,2,2,6,14,Returning_Visitor,False,True
0,-207.77,0,0.0,33,1996.82,0.0,0.01,44.06,0.0,Nov,4,1,6,1,Returning_Visitor,False,True
2,90.24,0,0.0,10,331.3,0.0,-0.0,-17.15,-0.09,Jul,1,8,1,1,Returning_Visitor,True,False
0,189.72,2,445.0,38,996.52,0.06,0.04,-2.28,0.21,Mar,2,2,2,5,Returning_Visitor,False,False
4,84.0,1,102.0,11,478.5,0.1,0.08,-15.55,0.0,Oct,3,2,1,6,Returning_Visitor,False,False
4,37.25,1,121.63,4,-836.69,-0.0,0.05,-33.79,0.0,May,2,1,4,2,Returning_Visitor,False,True
2,13.0,1,0.0,34,2875.08,0.01,0.05,33.96,0.47,May,2,2,2,6,Returning_Visitor,False,True
3,162.17,0,-2.94,104,2975.01,0.03,0.02,0.0,0.34,Nov,2,2,3,1,Returning_Visitor,True,False
0,-48.38,0,0.0,118,4492.31,-0.07,0.01,0.0,0.0,Nov,2,2,1,1,Returning_Visitor,False,True
5,304.58,0,113.84,22,480.97,0.0,0.01,0.0,0.09,Dec,2,1,4,3,Returning_Visitor,True,False
0,0.0,1,51.64,51,696.75,0.0,-0.01,25.46,-0.1,Feb,2,2,3,4,Returning_Visitor,True,False
0,30.5,-1,-146.06,-12,56.93,0.0,0.06,-4.46,-0.11,Mar,1,1,2,3,Returning_Visitor,False,False
-2,-149.3,0,0.0,8,197.2,0.0,0.03,38.99,-0.03,Jul,1,1,1,4,Returning_Visitor,False,True
8,175.54,0,199.79,11,271.72,0.0,0.02,0.0,-0.11,Dec,1,1,3,2,New_Visitor,False,False
-2,203.32,1,-60.38,21,1865.64,0.01,0.07,31.55,0.0,Mar,2,2,1,4,Returning_Visitor,True,False
0,-130.39,-1,-41.17,15,-9.94,0.04,0.06,-3.47,-0.15,Dec,2,2,1,10,Returning_Visitor,False,False
-1,-176.42,0,0.0,23,517.04,-0.05,-0.03,23.3,0.0,Mar,2,2,4,2,Returning_Visitor,False,True
0,0.0,0,0.0,16,2007.0,0.02,0.03,18.02,-0.15,Nov,3,1,1,1,Returning_Visitor,False,False
3,148.0,0,-89.06,-4,74.67,0.03,0.06,-14.52,0.8,May,3,2,3,4,Returning_Visitor,False,False
2,117.49,0,0.0,68,4045.11,0.0,0.01,12.77,0.32,Feb,3,2,2,1,Returning_Visitor,False,False
1,6.0,0,0.0,44,574.4,0.01,-0.01,9.41,0.0,May,2,4,3,3,Returning_Visitor,False,False
4,-159.69,-1,-159.63,36,2056.89,0.0,0.01,0.0,0.0,Nov,4,1,2,2,Returning_Visitor,False,False
2,70.45,-1,-58.22,21,82.0,0.15,0.15,0.0,0.6,Aug,2,2,3,1,Returning_Visitor,False,False
1,54.43,0,-102.36,22,-117.95,0.04,0.05,7.3,0.0,Feb,2,2,2,2,Returning_Visitor,True,False
4,0.0,0,0.0,63,2353.53,-0.05,-0.01,0.0,0.0,Nov,2,2,1,13,Returning_Visitor,False,False
0,187.21,1,0.0,4,53.4,0.06,0.06,-11.22,0.0,June,3,2,3,13,Returning_Visitor,False,False
2,0.0,1,65.35,55,1669.44,-0.01,0.02,2.45,0.0,Nov,2,2,2,4,Returning_Visitor,True,False
1,-238.52,0,23.5,-38,-1053.19,0.04,0.08,-21.72,0.0,Nov,2,2,1,1,Returning_Visitor,False,False
6,440.28,1,17.72,18,-464.36,0.0,0.0,22.48,0.08,Sep,2,2,5,2,New_Visitor,False,False
8,335.54,-1,-165.33,78,2063.64,0.03,0.01,19.35,-0.16,Feb,2,2,1,1,Returning_Visitor,False,False
0,-180.67,-1,0.0,5,-1651.99,0.03,0.03,24.16,0.0,Aug,3,2,3,1,New_Visitor,False,True
0,0.0,0,0.0,2,670.76,0.15,0.2,-3.1,0.0,Feb,2,2,4,7,Returning_Visitor,False,False
1,91.22,-3,0.0,19,989.33,0.0,0.03,25.11,0.0,Aug,3,2,7,5,New_Visitor,True,True
7,120.38,0,0.0,20,446.38,0.0,0.01,45.87,-0.17,Dec,3,2,7,2,New_Visitor,False,False
6,302.93,2,166.86,-12,291.3,0.0,0.01,53.11,-0.31,Nov,2,2,4,2,New_Visitor,False,True
4,33.83,1,12.19,91,2433.73,0.01,0.02,45.14,0.11,Nov,2,2,2,4,Returning_Visitor,False,False
0,0.0,0,-47.0,6,403.18,0.07,0.1,0.0,-0.0,Nov,1,1,1,2,Returning_Visitor,False,False
1,0.0,1,122.67,8,326.5,0.1,0.12,0.0,0.0,Mar,1,1,2,1,Returning_Visitor,False,False
0,0.0,0,-110.65,-15,-1893.09,0.0,0.04,-17.73,0.8,May,2,2,1,13,Returning_Visitor,False,False
6,85.33,3,274.5,209,8591.59,-0.06,-0.02,26.78,-0.02,Nov,2,2,7,2,Returning_Visitor,False,True
4,68.64,0,-211.54,57,1897.83,0.01,0.01,0.0,0.09,Dec,1,1,4,1,Returning_Visitor,False,False
1,-217.49,0,106.01,12,689.99,-0.02,0.03,1.86,0.08,May,1,1,1,2,Returning_Visitor,False,False
2,103.87,2,375.48,102,3509.13,-0.01,0.02,-13.18,0.12,May,2,2,6,2,Returning_Visitor,True,False
8,252.91,3,223.74,163,7706.55,0.0,0.01,-12.54,0.0,May,2,2,2,10,Returning_Visitor,False,False
1,283.43,1,0.0,62,3444.02,0.0,0.03,19.27,0.0,May,2,2,7,1,Returning_Visitor,True,False
3,-27.11,1,6.0,9,1001.93,0.03,0.02,10.09,-0.08,June,4,1,1,8,Returning_Visitor,True,False
-1,0.0,-1,-182.94,0,1121.43,-0.01,0.02,24.57,0.22,Oct,2,4,9,14,New_Visitor,False,True
4,147.91,0,-131.07,9,1694.15,0.07,0.03,0.83,0.0,Mar,2,5,2,2,Returning_Visitor,False,False
9,287.67,1,20.0,137,5380.69,0.04,0.02,25.16,0.1,Jul,3,2,2,10,Returning_Visitor,False,True
4,203.78,2,10.61,98,3469.05,0.02,0.04,-7.78,0.16,Nov,1,5,1,2,Returning_Visitor,False,True
5,114.05,0,0.0,25,2071.73,0.02,0.03,9.25,0.05,Oct,4,1,7,1,Returning_Visitor,True,False
1,183.48,1,82.25,34,3900.43,0.04,0.08,0.0,0.33,Nov,1,1,1,4,Returning_Visitor,False,False
2,-37.42,-1,-15.46,1,-682.84,0.09,0.12,0.0,0.0,Oct,3,2,2,6,Returning_Visitor,True,False
0,-152.53,2,2.19,-22,-34.4,0.07,0.09,0.0,0.13,Nov,2,2,1,2,Returning_Visitor,False,False
5,187.39,2,70.08,2,19.0,0.03,0.06,8.88,0.19,May,4,1,8,2,New_Visitor,True,False
0,-138.45,0,0.0,1,321.01,0.2,0.2,-17.84,0.23,May,1,1,1,3,Returning_Visitor,False,False
1,18.1,2,-26.01,9,246.59,0.11,0.15,2.06,0.17,June,1,2,8,1,Returning_Visitor,False,False
3,167.0,1,206.32,42,1246.12,0.01,0.01,28.28,0.0,May,3,2,1,3,Returning_Visitor,False,False
0,0.0,0,-18.97,49,3286.9,0.0,0.03,0.14,-0.23,Dec,2,2,3,6,New_Visitor,True,False
4,0.0,1,79.86,108,3549.34,0.0,0.03,-3.58,0.0,May,2,2,1,5,Returning_Visitor,False,False
3,85.67,0,60.89,43,1253.18,0.0,0.04,-1.23,0.0,Nov,2,2,6,2,Returning_Visitor,True,False
2,56.57,0,97.25,-39,-1619.96,-0.03,0.01,-13.78,0.0,May,2,2,2,2,Returning_Visitor,False,False
1,241.0,1,25.93,39,2666.0,0.01,0.05,-2.59,0.2,Nov,2,1,1,3,Returning_Visitor,False,False
2,127.55,0,155.41,13,660.67,0.0,0.01,0.0,0.31,May,2,4,3,4,Returning_Visitor,False,False
7,117.31,0,-93.75,12,190.5,-0.02,0.01,26.01,0.0,Dec,2,2,4,9,Returning_Visitor,False,False
9,87.8,2,19.71,120,2016.56,-0.05,-0.05,32.76,0.28,Feb,1,1,7,2,Returning_Visitor,False,True
3,43.88,1,35.42,8,1092.9,0.0,0.06,27.03,0.0,May,3,2,1,4,Returning_Visitor,True,False
0,-76.48,-1,-140.86,2,81.65,0.0,0.04,10.27,0.0,Nov,4,1,7,2,Returning_Visitor,False,False
5,132.0,0,145.96,27,209.25,0.0,0.02,9.91,-0.08,Nov,2,2,7,3,Returning_Visitor,True,False
5,0.0,2,92.53,86,2496.5,-0.04,-0.04,0.0,0.0,May,1,1,6,4,Returning_Visitor,True,False
2,-44.93,0,0.0,24,579.16,-0.02,0.02,12.41,0.0,June,2,2,4,5,New_Visitor,False,False
0,-144.35,1,124.77,7,-824.72,0.07,0.11,15.66,0.0,Mar,2,2,4,1,Returning_Visitor,False,True
2,27.2,2,0.0,45,976.33,-0.03,0.02,0.93,0.0,Oct,1,1,3,3,Returning_Visitor,False,False
0,192.75,0,0.0,61,1340.91,0.0,0.06,-3.33,0.31,Nov,2,2,1,3,Returning_Visitor,False,False
2,-228.09,2,198.57,137,5492.37,0.06,0.05,8.57,0.19,Nov,2,2,1,1,Returning_Visitor,False,False
4,64.46,1,0.0,57,1648.27,0.0,0.05,36.35,-0.11,Mar,3,2,3,2,Returning_Visitor,False,True
7,28.66,2,228.88,67,1557.92,0.01,0.01,-36.25,0.01,May,3,1,1,1,Returning_Visitor,True,False
6,104.25,1,127.1,118,2789.87,0.0,0.0,0.0,0.8,Aug,3,2,1,1,Returning_Visitor,False,False
-1,1.36,0,0.0,11,1516.95,0.0,0.02,-0.18,0.0,June,2,2,2,14,Returning_Visitor,False,True
-1,75.17,0,0.0,10,115.17,0.03,0.07,0.0,-0.03,Mar,1,1,1,1,New_Visitor,True,False
2,-62.05,0,-78.37,30,2559.43,0.03,0.06,-24.24,0.0,Mar,3,2,1,4,Returning_Visitor,False,False
-2,0.0,0,-82.31,47,2113.4,0.07,0.09,0.0,0.0,Mar,2,2,2,2,Returning_Visitor,False,False
4,48.83,4,428.29,46,365.77,0.0,0.02,0.0,0.25,Nov,3,1,1,2,Returning_Visitor,True,False
0,142.33,0,0.0,46,630.75,0.0,0.04,-27.84,0.15,Jul,2,2,1,1,Returning_Visitor,False,False
-4,-40.74,-1,-64.67,40,2087.77,0.0,0.05,-9.23,0.04,Mar,2,2,3,2,Returning_Visitor,False,False
0,0.0,1,165.25,4,324.5,-0.0,0.02,0.0,0.0,Feb,3,2,6,1,Returning_Visitor,False,False
8,154.29,2,0.0,57,991.37,-0.03,0.01,10.93,-0.17,Nov,3,2,2,2,Returning_Visitor,False,False
7,341.4,1,0.0,77,3746.08,0.02,0.04,-10.62,-0.03,May,2,2,3,1,Returning_Visitor,False,False
-2,74.0,0,283.01,37,2517.05,-0.01,0.02,0.0,0.0,May,2,2,1,1,Returning_Visitor,True,False
2,57.87,1,277.37,44,347.85,0.01,0.03,0.0,0.28,Feb,2,2,1,3,Returning_Visitor,False,False
0,0.0,0,0.0,7,93.7,0.09,0.07,15.07,0.08,Feb,3,2,1,4,Returning_Visitor,False,False
0,0.0,0,7.08,46,846.2,-0.02,0.03,13.1,0.24,Aug,1,2,1,2,Returning_Visitor,False,True
3,245.6,0,-72.3,-32,519.87,0.0,0.03,20.4,0.12,Oct,1,1,1,4,Returning_Visitor,False,False
6,135.15,1,65.59,52,1199.23,0.01,0.02,18.15,0.36,Feb,3,2,1,13,Returning_Visitor,False,False
0,12.9,0,-60.15,58,3119.25,0.0,0.04,42.72,0.0,Nov,3,2,9,2,Returning_Visitor,False,True
0,0.0,0,26.5,4,1448.62,0.03,0.07,2.07,0.11,May,2,1,5,1,Returning_Visitor,False,False
2,83.9,-1,0.0,13,1367.96,-0.02,0.01,215.01,0.25,May,3,2,4,4,Returning_Visitor,True,True
3,95.15,0,96.2,27,1038.85,0.0,0.01,39.1,0.0,Feb,2,1,4,1,New_Visitor,False,False
7,135.67,4,134.65,132,3554.67,0.01,0.02,9.19,0.0,Nov,2,2,4,10,New_Visitor,False,False
1,0.0,1,209.57,15,139.83,0.04,0.06,-4.86,0.21,Mar,2,2,6,1,Returning_Visitor,False,False
5,135.64,1,82.98,124,3341.71,0.01,0.02,0.0,0.2,May,2,2,4,4,Returning_Visitor,True,False
3,0.0,0,-48.62,1,-1638.6,0.2,0.2,0.0,0.29,Oct,2,2,2,5,Returning_Visitor,False,False
1,136.13,1,0.0,47,135.0,-0.03,0.01,2.35,0.28,Aug,2,2,1,6,Returning_Visitor,True,False
3,305.05,1,0.0,7,-39.37,0.0,0.02,15.75,0.0,Dec,2,2,2,4,New_Visitor,True,False
0,0.0,-1,59.75,12,645.2,0.01,0.06,0.0,0.0,Nov,2,2,1,1,Returning_Visitor,False,False
0,-10.79,0,146.33,10,265.17,0.03,0.02,0.0,0.0,Mar,2,2,4,2,Returning_Visitor,True,False
6,5.58,1,0.0,87,2262.98,0.02,0.03,19.75,-0.05,Feb,2,2,4,3,Returning_Visitor,False,False
0,0.0,0,145.3,10,1055.73,0.01,0.05,0.0,0.0,Oct,2,2,5,1,Returning_Visitor,False,False
0,-182.27,2,0.0,16,1716.87,0.03,0.01,92.9,0.0,Oct,3,2,3,2,Returning_Visitor,False,True
6,288.99,-1,-181.37,4,111.0,-0.01,0.01,0.0,0.0,Dec,2,2,3,8,New_Visitor,False,False
2,90.38,0,0.0,11,1423.79,0.02,0.03,-7.1,0.0,Oct,3,2,1,11,Returning_Visitor,False,False
3,30.0,0,36.89,77,2531.34,0.0,0.02,1.89,0.0,Nov,1,1,3,1,Returning_Visitor,False,True
4,273.73,0,112.12,31,1598.41,0.01,0.05,-29.42,0.0,Dec,2,2,1,1,Returning_Visitor,False,False
4,122.0,3,52.71,55,1040.33,-0.01,0.0,-12.27,-0.06,Mar,2,2,1,2,New_Visitor,False,False
-7,-413.52,-1,51.3,-67,-2133.15,0.16,0.2,0.0,0.0,June,1,8,2,1,Returning_Visitor,False,False
0,-143.3,0,0.0,-69,-2579.38,0.04,0.07,0.41,-0.13,Nov,2,2,1,1,Returning_Visitor,False,False
3,66.1,1,2.02,23,58.0,0.0,0.02,9.82,0.0,Mar,2,2,4,2,Returning_Visitor,False,False
3,0.0,0,-40.53,45,1760.11,0.0,0.01,0.0,-0.41,Nov,4,4,9,5,Returning_Visitor,True,False
4,252.23,2,38.2,147,6684.52,0.01,0.0,-19.74,0.34,Aug,2,2,3,1,Returning_Visitor,False,False
0,9.0,0,9.92,13,638.0,0.04,0.05,0.0,0.0,Mar,1,1,3,4,Returning_Visitor,False,False
2,-210.09,0,0.0,62,1407.38,0.0,0.01,30.82,0.0,Mar,2,2,1,4,Returning_Visitor,True,True
-1,0.0,0,0.0,90,3744.34,0.04,0.06,8.38,0.0,Mar,3,2,7,2,Returning_Visitor,False,True
0,148.51,-2,-155.34,32,162.98,0.0,0.04,0.0,0.1,Nov,2,2,3,1,Returning_Visitor,True,False
12,1449.67,3,258.18,107,5037.16,0.01,-0.01,-22.14,-0.18,Dec,2,2,9,4,Returning_Visitor,False,False
8,215.5,1,175.75,51,245.6,-0.01,0.01,-20.36,-0.1,Oct,2,2,1,5,Returning_Visitor,False,False
-3,-26.97,-2,-182.62,-15,6.0,0.0,0.03,6.06,0.0,Mar,2,4,2,2,Returning_Visitor,False,False
2,-14.26,3,242.27,28,1327.67,-0.0,-0.0,11.2,0.0,Nov,2,2,4,2,Returning_Visitor,False,True
0,138.34,1,0.0,3,54.21,0.0,0.0,30.91,0.0,Jul,1,1,1,13,Returning_Visitor,False,False
3,46.83,-1,-48.7,18,231.5,0.0,0.01,0.0,0.34,May,2,4,4,8,Returning_Visitor,True,False
0,42.33,-1,-88.12,-15,-969.53,-0.0,0.04,26.32,0.0,Nov,3,2,1,1,Returning_Visitor,True,False
0,36.6,0,21.55,37,2159.58,0.05,0.08,-15.91,0.0,Feb,1,1,1,2,Returning_Visitor,False,True
-4,-58.75,0,-87.18,-111,-4218.86,0.1,0.14,18.68,0.0,Sep,2,2,1,3,Returning_Visitor,False,False
0,28.3,1,-45.98,36,1324.33,0.0,0.04,-2.09,0.0,June,3,2,3,13,Returning_Visitor,False,False
10,327.86,0,32.35,137,5223.55,0.01,0.02,0.0,0.15,May,1,2,1,10,Returning_Visitor,False,True
0,0.0,0,0.0,21,1003.0,0.0,0.0,-2.12,-0.23,Mar,1,1,1,2,Returning_Visitor,False,False
1,4.0,-1,-131.36,41,1544.46,-0.05,-0.03,-26.65,0.08,May,1,2,2,3,New_Visitor,False,True
8,342.17,1,0.91,79,3220.89,-0.0,-0.0,46.38,0.01,Oct,4,1,2,1,Returning_Visitor,True,False
2,-213.44,1,-113.83,16,1086.07,0.01,0.04,14.84,0.16,May,2,2,3,2,Returning_Visitor,False,False
1,75.89,0,0.0,36,971.0,0.02,0.01,-32.45,-0.13,Mar,2,1,2,2,New_Visitor,False,False
1,10.0,-1,-256.45,4,348.67,0.04,0.05,18.75,-0.35,Feb,2,2,1,1,Returning_Visitor,False,False
0,0.0,0,-48.66,27,1009.38,0.06,0.09,0.0,0.0,Nov,2,1,7,2,Returning_Visitor,False,True
6,358.26,3,238.31,64,5738.9,0.0,0.02,35.56,0.13,Oct,2,2,1,6,Returning_Visitor,False,True
0,-74.62,1,33.4,35,1466.28,0.04,0.08,-10.07,0.25,Oct,2,2,4,3,Returning_Visitor,False,False
4,124.44,0,13.82,50,2109.28,0.02,0.02,0.0,0.24,Nov,2,2,1,1,Returning_Visitor,False,False
3,150.66,0,0.0,55,936.13,0.0,-0.01,23.28,0.01,Nov,2,2,3,1,Returning_Visitor,False,True
0,0.0,0,0.0,2,242.5,-0.06,-0.0,25.72,0.0,Feb,8,13,9,20,Other,False,False
0,102.42,0,-87.79,17,54.86,0.03,0.04,0.0,0.0,Mar,4,1,1,6,Returning_Visitor,False,False
0,0.0,1,0.0,32,801.25,0.01,0.04,-16.17,-0.27,Jul,1,1,1,3,Returning_Visitor,False,False
0,-119.92,-2,0.0,63,3301.22,-0.05,-0.02,0.0,0.24,Nov,2,2,3,1,Returning_Visitor,False,False
4,-8.72,1,57.62,96,4162.54,0.01,0.03,3.58,0.03,Sep,2,2,5,13,Returning_Visitor,False,False
7,81.53,1,71.41,20,96.13,0.0,0.02,10.53,0.0,Oct,1,5,9,2,Returning_Visitor,True,False
1,40.25,0,0.0,19,1080.61,0.0,0.01,13.87,0.0,Dec,2,2,1,1,New_Visitor,False,False
5,157.26,0,-112.07,7,1180.91,0.0,0.01,0.0,0.0,Feb,2,2,1,4,Returning_Visitor,True,False
10,195.41,2,47.0,32,1010.14,0.06,0.1,0.0,0.08,May,1,1,4,4,Returning_Visitor,False,False
2,0.0,2,214.58,32,996.44,-0.05,0.02,0.0,0.8,May,2,2,1,2,Returning_Visitor,False,False
0,-38.24,1,33.75,9,313.93,-0.09,-0.05,-22.63,0.28,Dec,3,2,2,2,Returning_Visitor,False,False
-2,15.14,1,31.7,9,1695.44,0.07,0.13,0.0,0.42,Oct,1,2,3,2,Returning_Visitor,False,False
17,1668.5,3,35.0,189,7379.23,0.03,0.03,13.03,0.33,Aug,2,2,1,6,Returning_Visitor,False,True
1,87.01,0,3.86,56,1093.14,0.1,0.11,-18.51,0.0,Mar,2,2,2,2,Returning_Visitor,False,False
2,62.0,-1,8.9,29,139.0,0.0,0.01,0.0,-0.25,Feb,3,2,1,10,Returning_Visitor,False,False
-1,-18.71,1,138.39,21,391.24,0.0,0.1,-15.51,0.1,Nov,2,2,3,3,Returning_Visitor,False,False
5,69.41,2,118.04,36,2068.17,0.0,0.02,35.09,0.03,May,2,2,2,4,Returning_Visitor,True,False
1,28.0,0,27.27,8,162.4,0.0,0.01,0.0,-0.08,Mar,2,2,1,1,New_Visitor,False,False
0,0.0,0,-154.99,35,1231.16,0.01,0.02,0.0,0.02,Jul,2,1,5,3,Returning_Visitor,False,False
1,105.32,0,-26.34,25,1003.66,-0.03,0.02,-11.94,0.09,Jul,2,2,1,10,Returning_Visitor,True,False
0,175.4,2,-55.34,-36,-503.49,0.02,0.06,-1.75,0.0,Feb,2,2,1,2,New_Visitor,False,False
0,0.0,1,-110.33,-4,893.45,0.1,0.14,-3.19,0.3,Oct,1,1,6,5,Returning_Visitor,True,False
5,468.26,1,153.3,110,4481.19,0.0,0.01,9.39,0.13,Feb,1,1,6,3,Returning_Visitor,False,False
6,270.03,2,147.19,35,407.21,-0.02,-0.02,50.11,0.0,Nov,2,2,2,8,New_Visitor,False,False
0,-141.5,0,-53.29,6,-309.59,-0.07,-0.02,7.95,0.0,Oct,1,1,1,1,New_Visitor,True,False
0,-231.93,0,162.48,26,472.43,0.03,0.03,20.76,-0.04,Jul,2,2,1,6,Returning_Visitor,True,False
0,-0.12,2,0.0,23,950.1,0.0,0.01,-21.5,0.0,Dec,2,2,9,3,Returning_Visitor,False,False
2,45.81,0,-41.78,-12,-158.29,0.14,0.17,-5.13,0.0,Aug,2,2,6,3,Returning_Visitor,False,True
-1,75.1,1,137.44,7,102.7,0.02,0.07,0.0,0.0,Sep,2,2,6,2,Returning_Visitor,False,True
1,262.78,2,255.17,68,2876.17,0.01,0.04,12.88,0.2,Mar,1,1,1,1,Returning_Visitor,True,False
2,61.98,0,-182.28,26,928.54,0.0,0.01,36.08,0.0,Nov,2,2,9,1,Returning_Visitor,False,False
0,134.69,2,131.9,26,-382.53,0.0,0.02,-16.57,0.0,May,4,1,1,1,Returning_Visitor,False,False
4,173.25,0,0.0,38,2041.08,0.05,0.06,14.98,0.01,Nov,3,2,1,3,Returning_Visitor,False,False
0,193.2,-1,0.0,27,1810.72,0.02,0.04,-0.51,0.06,Nov,2,2,3,11,Returning_Visitor,True,False
-1,50.98,0,13.53,81,2655.89,0.08,0.09,21.82,-0.02,Nov,2,2,1,2,Returning_Visitor,False,False
-2,40.26,-1,0.0,16,420.96,0.04,0.07,0.0,0.0,Nov,2,2,3,2,Returning_Visitor,False,False
0,135.82,0,0.0,-21,-544.75,0.17,0.2,11.54,0.4,May,1,1,1,15,Returning_Visitor,False,False
6,249.39,1,103.0,39,2582.7,0.04,0.04,6.73,0.0,May,2,2,1,1,Returning_Visitor,False,False
1,-48.84,0,0.0,45,1993.91,0.01,0.02,0.0,0.18,Nov,2,2,2,2,Returning_Visitor,False,False
0,7.29,1,0.0,15,914.96,0.0,0.03,0.0,0.0,Nov,2,1,1,3,Returning_Visitor,False,False
0,0.0,-1,-153.85,35,237.85,0.01,0.02,-13.94,0.0,Aug,1,5,2,1,Returning_Visitor,False,False
3,54.13,1,-17.32,4,557.63,0.06,0.07,0.0,0.0,Sep,1,1,4,2,New_Visitor,True,False
0,-5.1,0,43.2,37,2296.25,0.0,0.01,0.0,0.25,Feb,2,2,1,13,Returning_Visitor,False,False
6,44.88,2,296.21,217,9405.84,0.01,0.02,39.48,0.0,Mar,2,2,7,2,Returning_Visitor,False,True
1,248.9,2,251.93,9,630.65,-0.03,0.02,-31.06,0.0,Oct,1,1,1,4,Returning_Visitor,False,True
2,0.0,0,0.0,8,887.0,-0.05,-0.02,0.88,0.11,Nov,2,5,1,10,Returning_Visitor,True,False
3,-89.9,-1,-149.46,60,1296.94,0.06,0.04,9.21,0.8,June,2,2,2,4,Returning_Visitor,False,False
4,260.68,0,44.97,111,4156.04,0.0,0.02,22.02,0.12,Jul,2,2,4,2,Returning_Visitor,True,True
0,-14.43,1,55.99,-2,-23.7,0.0,0.07,-0.19,-0.05,Nov,1,1,4,4,Returning_Visitor,True,False
4,0.0,1,54.05,-7,35.0,0.1,0.1,0.0,0.0,Oct,1,1,6,3,Returning_Visitor,False,False
0,0.0,1,0.0,48,1864.71,0.01,0.03,-3.29,0.0,Nov,3,2,6,6,Returning_Visitor,False,False
-1,0.0,-1,0.0,-9,-564.75,0.0,0.1,0.0,0.11,Mar,2,2,6,1,Returning_Visitor,False,False
6,349.73,0,0.0,20,-24.82,0.0,0.0,13.37,0.0,May,2,4,9,2,New_Visitor,True,False
18,1012.5,6,313.98,178,7631.35,-0.02,-0.04,70.57,0.11,Dec,2,2,1,2,Returning_Visitor,False,False
4,211.15,-1,-130.66,-40,-850.56,-0.0,0.02,19.31,-0.19,Dec,3,2,2,2,New_Visitor,False,False
-1,-88.15,0,0.0,34,1521.15,0.0,-0.01,9.33,0.09,May,2,4,1,4,Returning_Visitor,False,True
-3,-45.88,-2,-137.16,16,1369.62,0.1,0.12,0.0,0.1,Sep,1,1,9,13,New_Visitor,False,False
3,20.2,0,27.82,45,580.94,-0.0,0.02,0.0,0.0,Jul,2,2,1,2,Returning_Visitor,False,False
3,123.81,0,0.0,60,2072.25,-0.05,-0.05,-2.63,0.0,May,2,2,1,1,Returning_Visitor,False,False
14,1028.83,3,206.97,135,6744.85,0.02,0.02,53.23,0.0,Dec,2,2,7,1,Returning_Visitor,False,True
4,407.57,-1,261.02,27,210.21,0.08,0.1,46.5,0.0,Aug,4,1,4,2,Returning_Visitor,False,False
5,45.5,0,-29.5,65,1499.45,-0.02,-0.04,0.0,-0.14,Nov,2,2,7,2,New_Visitor,False,False
2,-37.03,0,0.0,70,1587.54,0.0,0.01,19.39,-0.37,Nov,1,1,2,3,Returning_Visitor,False,False
5,211.85,2,144.05,43,283.33,0.03,0.04,30.85,0.0,Nov,1,2,3,20,Returning_Visitor,False,True
2,87.33,0,84.39,18,363.64,0.0,-0.01,15.96,0.01,Mar,3,2,6,1,Returning_Visitor,True,False
0,0.0,-1,-83.06,12,130.5,0.0,0.01,0.0,-0.13,Mar,4,7,1,4,Returning_Visitor,False,False
1,-8.39,0,2.73,20,679.57,0.0,0.01,31.85,-0.11,Nov,2,6,7,2,Returning_Visitor,False,False
5,446.19,3,133.98,62,2475.61,0.0,0.02,14.37,0.19,Feb,1,1,1,14,Returning_Visitor,False,False
2,331.47,1,10.26,20,2282.57,-0.0,0.01,22.13,0.26,Oct,2,4,3,2,Returning_Visitor,False,True
4,24.5,0,0.0,29,749.12,0.01,0.03,0.0,0.0,Nov,1,1,6,2,New_Visitor,False,True
7,90.06,1,106.58,6,440.17,0.07,0.09,0.0,0.17,May,1,2,9,4,Returning_Visitor,False,False
0,81.27,0,80.01,14,758.35,0.0,0.0,3.65,0.2,Aug,1,1,1,2,Returning_Visitor,False,False
4,48.0,1,47.02,50,3192.47,-0.05,-0.01,34.66,0.0,May,2,2,9,4,Returning_Visitor,False,False
0,-278.27,0,-36.33,6,879.33,0.1,0.14,13.15,0.17,May,3,2,6,13,Returning_Visitor,False,False
0,274.21,6,889.5,14,2319.87,0.12,0.11,0.0,0.33,Feb,2,2,9,3,Returning_Visitor,False,False
0,0.0,4,594.13,39,1055.37,-0.11,-0.09,154.1,-0.05,Feb,1,1,1,8,New_Visitor,False,True
0,0.0,1,46.9,4,1486.13,0.0,0.03,0.53,0.1,Nov,2,2,3,1,Returning_Visitor,False,False
6,472.92,4,24.0,140,5619.38,0.02,0.04,3.61,-0.1,Nov,2,2,1,2,Returning_Visitor,False,False
-5,-271.31,0,-71.0,14,43.0,0.08,0.08,0.0,0.03,Mar,3,2,1,3,Returning_Visitor,False,False
3,-32.84,1,10.33,46,1859.5,0.01,0.06,5.42,0.4,May,2,2,2,13,Returning_Visitor,True,False
7,0.0,0,0.0,11,-874.81,0.04,0.05,11.59,0.0,Oct,2,5,6,3,New_Visitor,False,False
2,0.0,0,-1.7,12,984.22,0.05,0.08,0.0,0.0,May,2,2,1,15,Returning_Visitor,False,False
-3,0.0,0,-50.65,-55,0.0,0.16,0.2,0.0,0.24,May,3,2,9,1,Returning_Visitor,False,False
8,388.79,1,339.91,17,1872.99,0.03,0.07,0.0,-0.29,Nov,2,2,4,1,Returning_Visitor,True,False
0,19.0,0,26.6,25,52.1,-0.02,0.01,0.0,0.6,Dec,2,2,1,4,Returning_Visitor,False,False
5,73.01,0,0.0,8,25.0,0.13,0.12,0.0,0.0,Mar,3,2,3,4,Returning_Visitor,False,False
7,-138.04,0,-2.01,20,-198.82,-0.02,0.02,-12.14,-0.17,Mar,2,2,2,1,New_Visitor,False,False
1,151.19,-1,-114.1,22,635.72,-0.01,0.0,14.96,-0.01,Jul,1,1,1,2,New_Visitor,True,False
0,-127.7,0,0.0,-45,-1208.42,0.0,0.0,15.04,-0.24,Dec,1,1,1,2,Returning_Visitor,True,True
2,-64.74,1,28.75,-21,-1558.31,-0.04,0.01,-31.54,0.07,Nov,4,1,9,8,Returning_Visitor,True,True
0,53.06,1,-48.25,-38,-783.77,0.06,0.05,39.52,0.0,Feb,3,2,1,2,Returning_Visitor,False,False
6,362.48,1,81.33,29,1715.69,0.08,0.12,20.9,-0.26,May,2,2,9,1,Returning_Visitor,False,False
0,134.27,-2,61.46,27,1458.98,0.02,0.04,0.0,0.11,Nov,1,1,1,10,Returning_Visitor,False,False
2,-234.21,0,0.0,3,-574.16,0.11,0.12,11.52,0.2,Nov,1,1,6,1,Returning_Visitor,True,False
3,0.0,0,0.0,4,105.0,0.0,0.02,-8.71,0.0,Nov,2,5,3,1,Returning_Visitor,False,False
0,76.79,1,-63.36,19,692.92,0.0,0.04,21.37,-0.02,Nov,1,1,2,1,Returning_Visitor,False,False
0,-104.45,0,0.0,-9,272.5,0.0,-0.0,2.76,0.0,May,1,1,6,2,Returning_Visitor,False,False
2,-31.38,0,-152.78,-9,191.14,-0.01,0.06,19.53,0.0,Oct,3,6,6,2,Returning_Visitor,False,True
0,165.85,1,139.36,5,63.0,0.01,0.04,7.1,0.12,May,2,6,1,2,Returning_Visitor,False,False
1,0.0,0,-88.08,49,1053.95,0.01,-0.02,0.0,0.0,Nov,1,1,1,2,Returning_Visitor,False,False
9,360.92,0,114.2,119,3975.65,0.01,0.0,0.0,0.17,Nov,2,2,3,5,New_Visitor,True,False
1,30.0,-1,-43.78,11,-81.45,0.01,0.04,-0.58,0.26,Mar,2,2,2,2,New_Visitor,False,False
0,-30.54,-1,-95.82,1,0.0,0.2,0.2,0.0,0.0,May,1,1,1,7,Returning_Visitor,False,False
5,219.25,1,109.0,63,1456.27,-0.01,-0.02,13.53,0.0,Mar,2,2,1,4,Returning_Visitor,True,True
4,90.02,1,199.73,9,-29.91,0.0,0.05,0.0,-0.04,Nov,2,2,1,10,Returning_Visitor,False,False
0,0.0,1,-146.2,32,1562.0,0.0,0.07,0.0,-0.23,Oct,2,1,1,4,Returning_Visitor,False,True
4,480.88,0,0.0,25,442.0,0.01,0.03,2.72,-0.21,Nov,2,2,1,2,Returning_Visitor,False,False
1,183.0,0,0.0,28,1980.87,0.05,0.0,0.0,-0.12,Nov,1,2,3,10,Returning_Visitor,False,True
0,157.33,0,-9.47,-6,-556.66,0.2,0.22,3.68,0.0,May,2,2,9,6,Returning_Visitor,False,False
4,134.1,0,0.0,21,110.3,0.08,0.15,0.39,0.13,June,2,2,1,5,Returning_Visitor,False,False
0,0.0,0,-36.46,12,618.69,0.1,0.13,1.51,0.6,Aug,2,2,7,3,Returning_Visitor,True,False
4,0.0,0,77.06,93,4842.97,0.01,0.01,2.43,0.09,Mar,2,2,2,2,Returning_Visitor,False,False
0,0.0,0,-24.91,6,56.0,0.04,0.08,-39.25,-0.05,Jul,3,2,9,1,Returning_Visitor,True,False
0,0.0,-1,0.0,23,1451.22,0.0,0.04,0.0,-0.04,Jul,1,1,1,4,Returning_Visitor,False,False
0,0.0,3,-24.89,40,2123.0,0.01,0.04,0.0,-0.01,Mar,2,2,1,6,Returning_Visitor,False,False
0,238.32,3,221.79,23,761.38,0.0,0.01,23.53,0.0,Dec,1,1,1,4,Returning_Visitor,False,True
8,238.16,4,185.46,33,-15.6,-0.01,0.01,-10.98,0.23,Oct,2,2,1,6,Returning_Visitor,False,False
1,0.0,0,-50.59,17,85.94,0.01,0.06,12.12,-0.28,May,3,2,2,3,Returning_Visitor,True,False
2,127.17,1,6.0,-16,283.34,0.0,0.04,25.55,0.0,May,2,2,4,2,Returning_Visitor,True,False
0,169.01,-1,0.0,10,156.11,0.07,0.1,11.05,0.05,Jul,3,2,1,13,Returning_Visitor,False,False
0,-35.07,1,0.0,25,-65.78,0.0,0.05,13.42,0.0,Aug,2,2,1,1,Returning_Visitor,True,False
7,219.16,3,92.5,9,359.17,-0.11,-0.08,58.17,0.51,May,1,1,1,2,Returning_Visitor,False,True
6,167.79,0,-26.7,63,2156.73,-0.01,0.01,20.83,0.05,May,3,5,4,5,Returning_Visitor,True,True
0,0.0,1,248.94,42,1773.16,0.08,0.14,0.0,0.0,May,2,2,1,13,Returning_Visitor,False,False
0,7.57,-2,0.0,2,-1086.5,0.11,0.1,0.0,0.11,Mar,2,2,6,1,Returning_Visitor,False,False
11,351.02,1,113.0,109,3178.58,-0.07,-0.06,0.0,0.0,June,2,2,1,1,Returning_Visitor,False,False
2,77.1,-1,0.0,37,1036.72,0.02,0.04,0.0,0.44,Oct,2,10,1,4,Returning_Visitor,False,False
0,135.98,0,0.0,32,1901.51,-0.01,0.01,-15.32,0.01,May,4,2,1,2,Returning_Visitor,False,False
0,76.0,0,15.74,66,1248.49,0.04,0.01,9.83,0.35,May,3,2,5,2,Returning_Visitor,False,False
2,9.0,2,102.21,183,6617.79,0.01,0.02,-15.82,0.1,Oct,2,2,1,1,Returning_Visitor,True,True
7,413.2,0,46.7,12,489.15,0.01,0.02,-11.56,-0.03,Feb,2,2,5,2,Returning_Visitor,False,True
3,365.03,1,0.0,9,979.31,0.0,0.03,8.33,0.0,Mar,2,4,1,2,Returning_Visitor,False,False
3,155.73,1,146.0,56,1076.7,0.02,0.01,85.75,0.0,Mar,1,3,9,2,Returning_Visitor,True,False
11,358.85,1,13.0,89,1904.65,0.0,0.03,29.81,-0.07,Oct,1,1,9,3,Returning_Visitor,False,False
0,0.0,1,0.0,45,2028.54,0.01,0.05,18.32,0.0,Nov,2,2,1,3,Returning_Visitor,False,False
8,115.54,0,0.0,61,2999.72,-0.06,0.0,0.0,-0.29,Nov,3,2,2,5,Returning_Visitor,False,False
0,-191.02,-1,0.0,12,-291.54,0.0,0.01,20.59,-0.09,Feb,2,2,6,2,Returning_Visitor,False,False
5,220.5,1,107.6,31,818.5,0.03,0.04,0.0,0.8,Aug,2,2,1,14,Returning_Visitor,False,False
-4,0.0,-1,-11.86,1,0.0,0.15,0.2,-28.0,0.0,June,2,2,1,1,Returning_Visitor,True,False
4,103.0,0,13.59,46,2798.83,0.0,0.05,-17.42,0.0,Jul,1,2,5,11,Returning_Visitor,False,False
6,373.19,0,160.8,7,603.26,0.02,0.03,7.7,0.0,Dec,1,2,2,2,Returning_Visitor,False,False
-1,0.0,0,135.98,8,71.6,0.03,0.07,0.0,-0.02,Feb,3,2,9,15,Returning_Visitor,False,False
3,176.58,0,0.0,24,-124.09,0.01,0.01,54.5,-0.05,Aug,1,1,2,4,Returning_Visitor,False,False
-1,0.0,-2,-153.11,1,0.0,0.2,0.2,-9.19,0.0,Feb,2,2,4,1,Returning_Visitor,True,False
0,38.45,0,-125.91,48,2740.13,-0.02,0.03,15.36,-0.0,Mar,2,2,1,10,Returning_Visitor,False,False
5,268.25,0,0.0,87,2426.79,0.0,0.01,13.71,0.13,Nov,2,6,4,8,New_Visitor,False,True
11,407.83,0,3.75,92,1948.28,0.04,0.03,0.0,0.0,Mar,2,2,6,10,Returning_Visitor,False,False
-3,-205.2,-1,-32.53,20,-1004.51,-0.01,-0.0,24.14,0.01,Nov,2,2,1,1,New_Visitor,False,False
5,233.1,4,94.0,59,1603.5,0.07,0.1,0.0,0.05,May,3,2,1,2,Returning_Visitor,False,False
3,197.5,0,0.0,17,343.25,0.06,0.07,13.43,-0.06,Dec,2,6,4,2,Returning_Visitor,False,False
4,250.8,2,142.47,30,194.4,0.03,0.05,0.0,-0.05,Aug,2,2,1,1,Returning_Visitor,True,False
3,-29.38,0,2.17,30,871.83,0.0,0.0,-18.87,0.0,Oct,4,1,1,2,New_Visitor,False,False
0,217.22,1,143.08,25,309.37,0.01,0.02,14.38,0.41,Sep,2,2,1,2,New_Visitor,False,True
5,25.7,0,-46.62,35,1336.72,-0.01,0.0,81.76,0.0,Dec,2,10,1,6,Returning_Visitor,False,False
-1,12.0,2,0.0,-2,60.0,0.0,0.02,-0.6,0.1,Mar,2,2,3,2,New_Visitor,False,False
1,86.6,1,0.0,33,1220.79,-0.06,0.0,2.28,0.27,Jul,1,1,1,3,New_Visitor,False,True
0,60.67,0,-75.13,2,-188.54,0.13,0.2,0.0,0.27,Feb,4,1,4,1,Returning_Visitor,False,False
7,239.3,2,56.27,77,2664.45,0.0,0.01,31.2,0.0,Sep,2,2,3,7,Returning_Visitor,False,True
7,132.22,-1,-93.14,46,403.32,-0.03,0.0,33.05,0.23,Oct,3,2,7,2,New_Visitor,False,False
5,222.18,0,74.92,29,1085.9,0.0,-0.03,-2.77,-0.04,Feb,2,3,1,4,New_Visitor,False,True
0,0.0,1,-86.02,12,547.33,-0.01,0.03,0.0,0.06,May,1,1,1,4,Returning_Visitor,False,False
1,-10.44,0,0.0,121,4093.76,0.01,0.02,18.66,0.0,May,2,2,9,3,Returning_Visitor,False,False
4,162.91,0,134.85,29,631.41,0.0,-0.0,22.27,0.0,Aug,3,2,9,2,Returning_Visitor,False,False
6,138.5,2,0.0,11,1596.04,0.01,0.03,4.99,0.0,Aug,1,8,1,4,Returning_Visitor,True,False
0,0.0,1,0.0,78,2129.33,-0.0,0.02,0.0,0.48,Oct,2,2,9,6,Returning_Visitor,False,False
2,76.6,0,0.0,16,368.47,0.09,0.11,0.0,-0.01,Nov,4,1,1,1,Returning_Visitor,True,False
-2,0.0,2,0.0,37,1118.65,0.0,0.02,0.0,0.0,Mar,2,2,6,2,Returning_Visitor,False,False
0,154.91,0,-101.29,-12,0.0,0.2,0.2,0.0,0.03,Dec,3,4,2,1,Other,False,False
3,0.0,0,0.0,11,24.66,0.06,0.08,0.58,0.13,May,2,2,3,7,Returning_Visitor,False,False
3,8.8,0,0.0,70,3312.37,0.03,0.02,1.96,0.0,Jul,3,2,2,5,Returning_Visitor,False,False
4,82.51,0,0.0,-30,-2353.71,-0.04,0.02,0.0,0.0,Feb,2,2,1,2,Returning_Visitor,False,False
2,0.0,1,0.0,-25,676.0,0.0,0.05,-1.5,0.03,Mar,2,2,1,11,Returning_Visitor,False,False
-1,-32.48,-1,-125.9,-10,554.57,0.07,0.1,0.0,0.0,Feb,2,2,4,1,Returning_Visitor,False,False
-5,49.45,-1,0.0,8,240.0,0.03,0.03,-17.65,-0.08,Oct,2,2,9,2,New_Visitor,False,True
4,432.63,0,7.0,75,3087.0,0.0,0.01,17.27,0.0,Mar,2,2,3,10,Returning_Visitor,False,True
0,141.5,3,474.5,46,1431.33,0.0,0.04,6.08,0.09,Oct,1,1,1,2,Returning_Visitor,True,False
7,-12.46,0,100.25,62,1573.23,0.0,0.04,5.24,-0.07,Mar,2,2,6,1,Returning_Visitor,True,False
4,306.44,0,23.29,-39,-840.37,0.0,0.02,5.89,0.19,Feb,3,2,4,13,Returning_Visitor,False,False
3,0.0,0,0.0,30,2451.18,-0.08,-0.06,-42.29,0.0,Nov,1,1,5,3,Returning_Visitor,False,True
3,149.0,2,-47.67,25,1294.18,-0.02,0.03,17.25,0.46,May,3,2,4,2,Returning_Visitor,False,False
0,205.04,-1,-77.14,3,130.42,0.06,0.05,18.6,0.0,Nov,4,1,6,3,Returning_Visitor,True,False
5,0.0,1,93.29,10,266.55,-0.01,0.01,-38.27,0.0,Mar,1,1,1,2,Returning_Visitor,False,False
-4,60.0,6,459.0,17,1370.07,0.02,0.04,-3.54,0.0,Mar,1,1,1,1,Returning_Visitor,False,False
3,15.09,0,114.84,36,680.7,0.01,0.04,6.64,0.0,Mar,2,1,7,3,Returning_Visitor,False,False
3,7.0,1,-43.45,39,3931.42,0.07,0.06,0.0,-0.03,Nov,3,2,1,1,Returning_Visitor,False,False
4,20.0,0,0.0,57,2024.48,0.0,0.03,5.3,-0.08,Feb,2,2,2,4,Returning_Visitor,True,False
6,222.88,2,95.33,42,1622.88,0.01,0.02,-4.39,0.0,Nov,3,6,1,2,Returning_Visitor,False,False
10,362.3,2,110.1,136,5299.67,0.01,0.04,16.34,0.0,Jul,2,2,1,4,Returning_Visitor,True,False
0,123.2,2,60.89,117,4507.89,0.03,0.07,0.0,0.17,Nov,2,1,4,1,Returning_Visitor,False,False
5,254.65,0,0.0,21,1372.75,0.0,0.01,1.88,-0.02,Nov,2,2,3,2,Returning_Visitor,False,False
2,-14.35,0,-30.92,55,1714.49,0.01,0.02,-5.91,0.0,Oct,1,4,1,2,Returning_Visitor,False,False
4,83.32,1,115.68,54,3759.17,0.01,0.03,0.0,0.0,Nov,2,2,3,2,Returning_Visitor,True,False
1,25.23,0,0.0,40,140.7,-0.01,0.01,18.72,0.11,Nov,2,10,3,2,New_Visitor,True,True
1,13.38,0,0.0,8,543.73,-0.03,-0.02,30.14,0.42,Oct,2,2,6,2,Returning_Visitor,True,True
1,75.86,-1,-176.37,77,1944.78,0.0,0.0,-15.2,0.41,Oct,2,2,1,2,Returning_Visitor,False,True
7,434.33,2,184.81,119,4081.25,0.0,0.0,5.38,0.29,Oct,2,2,6,2,Returning_Visitor,False,False
4,-71.27,1,209.59,21,-9.52,-0.01,0.01,3.31,-0.17,Nov,1,2,1,1,Returning_Visitor,True,True
4,94.23,0,117.97,43,349.98,0.06,0.1,4.68,0.48,Aug,2,2,1,3,Returning_Visitor,False,False
0,59.69,0,-243.24,35,-8.24,-0.05,-0.07,0.0,0.04,May,1,1,7,4,New_Visitor,True,False
0,0.0,-1,0.0,-82,-1784.34,0.11,0.19,0.0,0.28,May,2,2,4,2,Returning_Visitor,True,False
-3,-191.07,-1,0.0,-4,280.93,0.09,0.09,5.93,0.4,May,2,2,1,13,Returning_Visitor,False,False
0,29.02,-1,-114.67,5,397.37,0.0,0.0,0.0,0.0,Dec,3,2,1,9,Returning_Visitor,True,False
0,0.0,0,0.0,-21,351.72,0.18,0.2,0.0,-0.22,Sep,1,1,1,1,Returning_Visitor,False,False
3,53.4,0,12.33,24,292.0,-0.04,0.0,0.0,-0.04,Nov,3,2,1,4,Returning_Visitor,False,False
3,-83.32,2,0.0,-7,330.0,0.07,0.1,0.0,-0.07,Nov,3,2,2,10,Returning_Visitor,False,False
0,34.5,0,125.08,98,3150.61,0.01,0.04,26.14,0.0,Aug,2,2,1,2,Returning_Visitor,False,False
0,137.12,-3,-99.67,-21,-1118.26,0.16,0.2,12.89,0.0,Aug,3,2,7,1,Returning_Visitor,False,False
5,248.09,1,0.0,6,2329.11,0.0,0.06,1.64,0.07,May,2,2,1,2,Returning_Visitor,False,False
-3,-72.51,-2,-298.29,27,1212.81,0.0,0.02,6.63,-0.01,Mar,2,2,1,2,Returning_Visitor,False,True
5,139.68,1,163.43,19,409.76,0.09,0.1,-20.11,0.14,May,2,2,1,9,Returning_Visitor,False,True
4,-64.52,3,395.77,221,8980.08,0.01,0.02,1.58,0.07,Nov,2,5,1,1,Returning_Visitor,True,True
0,0.0,0,-168.94,9,1987.86,0.05,0.06,18.85,-0.28,Nov,1,1,3,4,Returning_Visitor,False,False
7,229.38,1,41.61,24,946.39,0.11,0.09,10.37,-0.21,Oct,3,2,3,2,Returning_Visitor,False,False
0,0.0,2,0.0,-18,360.75,0.04,0.06,17.03,-0.2,Feb,4,2,4,6,Returning_Visitor,True,False
6,335.8,0,0.0,31,910.41,0.0,0.0,0.0,0.16,Nov,3,2,1,6,Returning_Visitor,False,False
6,350.72,0,-65.13,53,2124.83,-0.03,0.01,-1.05,0.05,Oct,1,1,1,1,Returning_Visitor,False,False
4,96.95,0,0.0,49,482.0,0.11,0.07,10.74,-0.08,Mar,2,2,6,1,Returning_Visitor,False,False
1,0.0,0,0.0,14,219.8,0.0,0.04,35.88,0.0,Nov,4,1,1,1,New_Visitor,False,False
2,107.43,-1,0.0,0,775.79,-0.04,-0.02,0.0,-0.07,Dec,1,1,1,3,Returning_Visitor,False,False
5,86.45,0,0.0,10,-106.55,0.0,0.01,11.16,1.0,May,1,8,1,4,Returning_Visitor,True,False
0,0.0,-2,-272.36,-16,-915.43,0.03,0.04,-6.23,0.19,May,2,2,3,2,Returning_Visitor,False,False
0,-101.16,1,87.7,16,379.3,0.04,0.1,10.02,0.0,Jul,1,1,1,3,Returning_Visitor,False,False
2,280.1,0,0.0,75,2562.37,0.07,0.06,-14.67,0.21,May,2,2,6,3,New_Visitor,False,False
3,45.8,0,0.0,63,2435.7,0.05,0.05,8.21,0.0,Nov,3,2,4,9,Returning_Visitor,False,False
3,13.74,11,1778.0,362,13259.29,0.01,0.01,21.38,0.0,Jul,2,2,1,2,Returning_Visitor,True,False
0,-167.68,0,-8.42,29,1655.06,0.07,0.07,29.61,-0.14,Dec,2,2,9,2,Returning_Visitor,False,True
6,140.0,0,106.57,97,3587.64,-0.01,0.01,-7.38,0.38,May,2,2,4,11,Returning_Visitor,False,False
6,106.12,3,298.0,82,3221.44,0.0,0.05,14.49,-0.03,Oct,4,1,1,2,Returning_Visitor,False,True
0,-289.96,0,-137.15,52,1622.43,0.01,0.02,19.2,0.11,Feb,2,2,3,1,Returning_Visitor,False,False
0,62.36,0,101.35,-1,1666.75,0.0,0.02,60.48,-0.19,Nov,4,13,1,20,Other,False,False
-1,0.0,1,280.67,59,3217.52,0.08,0.08,0.0,-0.15,Nov,2,2,1,1,Returning_Visitor,True,True
4,40.25,0,0.0,13,766.25,0.01,0.04,17.45,0.0,Jul,1,1,2,8,New_Visitor,True,True
12,526.45,0,-4.02,69,3038.37,0.0,0.03,-7.55,0.0,Oct,2,2,3,2,Returning_Visitor,True,False
1,12.0,1,0.0,55,1737.91,0.06,0.08,0.0,0.12,Nov,2,2,6,13,Returning_Visitor,True,False
0,0.0,0,75.3,-23,-113.88,0.15,0.2,11.97,0.04,Nov,2,2,2,7,Returning_Visitor,False,False
0,0.0,0,0.0,76,4279.97,0.04,0.05,-6.16,0.25,Dec,2,2,1,1,Returning_Visitor,True,False
0,184.0,0,-7.13,63,1872.38,0.01,0.05,-2.54,0.15,Mar,2,2,1,2,Returning_Visitor,False,False
0,0.0,1,0.0,17,-957.15,0.0,0.04,43.11,0.16,Feb,1,2,1,2,New_Visitor,False,True
7,100.92,0,-27.89,9,168.02,0.06,0.09,-5.21,0.25,Oct,3,2,3,1,Returning_Visitor,False,False
2,34.2,0,130.96,31,2855.17,0.02,0.01,0.0,0.13,Nov,2,2,2,1,Returning_Visitor,False,False
2,-36.35,1,-0.59,64,2104.49,0.04,0.05,0.0,0.13,May,3,2,4,3,Returning_Visitor,False,False
0,62.69,0,1.16,27,393.79,0.0,0.03,0.0,0.07,Nov,3,2,2,6,Returning_Visitor,False,False
0,141.24,0,-61.12,3,55.0,0.03,0.08,0.0,-0.11,Mar,3,2,3,3,Returning_Visitor,False,False
5,295.36,0,135.98,57,2944.09,-0.0,0.03,0.0,-0.37,Nov,1,5,3,2,New_Visitor,True,False
-1,170.15,0,0.0,11,-210.54,0.0,0.0,0.0,0.3,May,2,2,1,4,Returning_Visitor,True,False
1,70.99,0,0.0,-27,22.0,0.0,0.1,7.5,0.0,Sep,3,2,3,11,Returning_Visitor,False,False
6,230.33,2,64.0,104,6135.09,0.0,0.02,0.0,0.24,Feb,3,2,1,2,Returning_Visitor,False,False
3,180.58,0,-48.63,26,535.35,0.01,0.03,0.0,0.3,May,2,5,3,10,Returning_Visitor,False,False
1,81.97,1,50.82,3,14.33,0.01,0.07,0.0,-0.02,May,3,2,1,5,Returning_Visitor,True,True
-5,-274.13,-2,-119.91,11,73.75,0.02,0.04,0.0,0.11,Mar,3,2,7,2,Returning_Visitor,False,False
1,216.6,0,16.15,32,1097.1,0.01,0.01,0.0,0.3,May,1,1,7,2,Returning_Visitor,False,False
7,318.67,1,126.72,27,643.69,0.01,-0.01,37.61,0.25,Sep,2,2,1,2,Returning_Visitor,True,False
0,42.03,1,-250.36,21,190.75,0.0,0.02,0.0,0.24,Feb,2,2,2,2,Returning_Visitor,False,False
1,73.23,3,226.11,184,7710.73,0.0,0.04,10.76,0.08,Aug,4,1,4,4,Returning_Visitor,False,True
2,39.24,0,0.45,14,1352.75,-0.02,-0.02,37.76,0.08,Sep,3,2,2,2,New_Visitor,False,False
3,229.02,0,-103.26,41,2024.8,0.01,0.03,36.85,0.2,Sep,4,2,3,3,Returning_Visitor,True,False
4,79.0,1,-59.33,137,5886.4,0.0,0.02,0.0,0.23,Oct,2,2,3,2,Returning_Visitor,True,False
-1,-0.41,0,7.48,7,125.0,0.0,0.03,0.0,0.12,Mar,2,2,5,6,Returning_Visitor,False,False
0,0.0,0,-64.89,7,616.6,0.0,0.04,-23.66,0.2,May,4,1,1,3,Returning_Visitor,True,False
3,0.0,0,0.0,4,288.43,0.01,0.07,-0.04,0.24,Aug,1,1,1,2,Returning_Visitor,True,False
4,134.39,1,67.47,26,968.91,0.0,0.03,27.98,0.24,Oct,3,2,1,5,Returning_Visitor,False,False
0,51.43,1,0.0,93,3603.47,0.05,0.11,47.18,0.34,May,2,2,8,6,Returning_Visitor,False,False
1,-63.58,0,-118.19,9,236.3,-0.06,0.01,18.12,0.09,Nov,2,1,1,4,New_Visitor,False,False
4,20.06,1,0.0,26,1606.83,0.03,0.02,-8.03,-0.1,Feb,3,2,4,1,Returning_Visitor,False,False
0,18.74,0,0.0,26,910.23,0.0,0.03,1.62,0.0,Feb,2,2,7,4,Returning_Visitor,False,False
9,321.28,0,0.0,78,3946.01,0.02,0.01,3.54,-0.33,Mar,2,1,4,2,Returning_Visitor,False,True
0,58.32,0,0.0,10,63.0,0.02,0.05,6.17,-0.29,Nov,2,6,1,3,Returning_Visitor,False,False
1,30.47,0,-68.32,-5,346.39,-0.01,-0.01,19.66,-0.07,Feb,3,2,3,4,Returning_Visitor,False,False
0,-200.8,0,-148.91,37,2151.1,0.02,0.05,53.33,0.01,Feb,2,2,1,1,Returning_Visitor,False,False
2,95.0,0,160.89,23,1031.08,0.0,-0.03,68.2,0.06,Dec,2,5,1,10,Returning_Visitor,False,False
8,313.13,2,154.14,12,144.5,0.01,0.05,0.0,0.0,Mar,3,2,2,1,Returning_Visitor,True,False
3,-192.64,0,-5.2,-7,1046.92,0.06,0.1,20.24,-0.1,Aug,2,2,2,1,Returning_Visitor,True,True
3,109.0,0,-50.64,2,-697.06,0.0,0.03,0.0,0.27,May,1,1,3,3,Returning_Visitor,False,False
12,349.89,0,132.12,84,2613.71,0.01,-0.01,0.0,0.43,Nov,3,2,4,2,Returning_Visitor,False,True
0,114.12,0,13.0,64,1602.94,0.01,0.03,8.13,0.0,Nov,3,2,1,2,Returning_Visitor,False,False
0,0.0,-1,0.0,2,60.0,0.09,0.08,0.0,-0.16,Mar,1,2,3,1,Returning_Visitor,False,False
1,-124.98,0,18.4,34,-453.96,0.01,0.04,-6.85,0.0,May,2,2,1,7,New_Visitor,True,False
2,-77.85,0,31.27,8,822.63,-0.01,0.03,0.0,0.16,Oct,2,2,8,1,Returning_Visitor,True,False
1,159.71,0,71.94,43,1690.78,0.0,0.03,21.37,0.0,Nov,1,1,2,4,Returning_Visitor,False,False
0,-52.97,0,0.0,39,1435.38,0.03,0.06,4.29,0.0,Aug,3,2,4,2,Returning_Visitor,False,False
6,364.5,0,0.0,-11,-933.58,0.01,0.01,-32.58,0.06,May,2,2,4,2,Returning_Visitor,True,False
7,317.02,3,328.96,238,9956.23,0.01,-0.03,-5.06,0.0,Nov,2,2,3,2,Returning_Visitor,True,True
3,-51.59,1,163.01,59,1792.61,-0.02,-0.0,14.24,0.09,Feb,2,2,3,10,Returning_Visitor,True,False
10,302.71,0,0.0,143,4830.23,0.03,0.03,0.0,0.02,Nov,2,2,1,1,Returning_Visitor,True,False
2,77.18,-1,0.0,7,274.25,0.05,0.07,0.0,0.0,Nov,2,2,1,3,Returning_Visitor,True,False
4,29.5,2,161.95,33,1328.56,0.01,0.02,18.06,0.0,Aug,3,2,1,1,Returning_Visitor,True,False
4,61.0,-1,59.95,16,502.5,-0.06,-0.02,71.94,-0.14,Mar,1,1,1,2,Returning_Visitor,True,True
3,132.14,0,84.41,19,-379.91,0.0,0.01,0.0,-0.16,Jul,1,1,3,2,Returning_Visitor,False,False
5,155.91,0,9.66,-7,231.0,0.02,0.04,0.0,0.0,Sep,3,2,3,7,Returning_Visitor,True,False
0,189.67,1,40.99,47,2544.73,0.0,0.03,0.0,0.47,Aug,2,2,3,4,Returning_Visitor,False,False
3,0.0,0,0.0,23,310.17,0.0,0.01,11.18,0.1,Mar,1,2,2,3,Returning_Visitor,False,False
12,551.4,1,0.0,30,817.32,0.04,0.02,-4.23,0.0,Oct,1,1,2,7,Returning_Visitor,False,False
4,41.67,0,0.0,28,341.46,-0.01,0.01,4.7,0.0,Dec,2,2,3,5,New_Visitor,True,False
8,489.08,2,58.21,101,3207.34,0.0,0.02,24.65,0.0,Dec,1,1,1,14,Returning_Visitor,False,False
1,86.82,0,84.66,83,3705.65,0.0,0.03,56.32,0.37,May,3,2,1,3,Returning_Visitor,False,True
1,-26.82,0,0.0,5,545.52,0.09,0.12,39.8,0.27,Feb,1,1,9,3,Returning_Visitor,False,False
0,-25.23,2,109.13,22,1093.0,0.04,0.09,-17.57,0.18,Feb,3,2,1,1,Returning_Visitor,False,False
1,0.0,0,-5.9,21,1570.4,0.01,0.05,-10.2,0.23,Feb,1,1,1,3,Returning_Visitor,True,False
-1,-340.92,0,0.0,8,299.5,0.0,0.08,0.0,-0.05,Dec,2,1,6,3,Returning_Visitor,True,False
-1,22.51,0,0.0,3,151.0,0.1,0.16,0.0,1.0,May,1,1,6,1,Returning_Visitor,True,False
4,356.5,0,90.46,15,1992.92,-0.01,0.01,31.16,0.39,Dec,3,2,1,1,New_Visitor,True,True
2,98.48,0,-133.97,49,1660.35,0.02,0.04,-6.81,-0.24,May,2,2,3,7,Returning_Visitor,False,False
1,201.27,2,0.0,7,32.83,0.04,0.05,0.0,0.0,Mar,2,2,4,4,New_Visitor,True,False
5,153.77,0,-48.1,121,4331.71,-0.01,0.01,35.28,0.28,Aug,2,2,1,9,Returning_Visitor,False,False
1,7.0,1,140.08,48,1528.89,0.03,0.07,0.0,0.07,May,2,1,1,1,Returning_Visitor,True,False
-3,-220.5,1,0.0,12,649.24,0.0,0.0,0.0,0.0,May,1,1,3,3,Returning_Visitor,False,False
3,0.0,0,0.0,63,3430.33,0.03,0.04,0.0,0.0,Nov,1,1,1,1,Returning_Visitor,False,True
1,0.0,1,70.01,14,831.73,0.05,0.1,-1.27,-0.19,Mar,3,2,1,1,Returning_Visitor,True,False
4,-62.99,0,-110.32,21,84.0,0.0,0.01,9.96,-0.23,Mar,1,1,1,7,Returning_Visitor,False,False
5,96.19,1,21.6,54,1345.14,0.03,0.05,42.07,0.0,Jul,2,2,1,2,Returning_Visitor,False,False
1,257.28,0,0.0,12,183.88,0.01,0.04,0.0,0.0,Dec,2,2,1,2,Returning_Visitor,True,False
5,128.5,2,128.77,24,1468.02,0.01,0.02,16.58,-0.25,Oct,2,4,3,1,Returning_Visitor,True,True
2,36.67,0,-165.42,17,132.63,-0.0,0.06,0.0,0.0,Mar,1,1,6,2,Returning_Visitor,False,False
3,39.1,1,0.0,13,76.07,0.07,0.07,21.26,-0.25,May,8,12,3,20,Returning_Visitor,False,True
3,238.95,1,77.45,54,5972.42,0.03,0.08,8.36,-0.16,Nov,2,6,3,3,Returning_Visitor,False,True
0,0.0,-1,0.0,-72,-1529.31,0.07,0.1,0.0,0.19,May,3,2,1,2,Returning_Visitor,True,False
0,-124.65,0,-37.29,15,215.0,0.04,0.07,0.0,0.15,Nov,2,2,5,2,Returning_Visitor,False,False
3,110.04,0,0.0,31,51.5,0.02,0.04,0.0,0.0,Dec,2,4,5,2,New_Visitor,False,False
7,0.0,2,-101.54,20,485.19,0.0,0.03,-23.6,-0.03,Aug,3,2,2,2,Returning_Visitor,False,False
-1,-87.57,0,-57.5,43,187.5,0.0,0.04,0.01,0.02,Dec,1,2,2,2,New_Visitor,True,False
0,40.0,2,220.08,104,4054.64,-0.0,0.03,0.0,-0.2,Jul,1,1,1,7,Returning_Visitor,False,False
2,-116.9,0,-138.28,17,574.5,0.0,0.03,29.78,0.0,Dec,3,3,8,4,New_Visitor,False,False
6,348.36,2,115.84,16,910.73,0.0,0.02,143.48,0.0,Dec,3,2,1,2,New_Visitor,True,True
0,0.0,0,0.0,23,0.0,0.2,0.22,15.38,0.0,Jul,2,4,3,3,Returning_Visitor,False,False
2,56.73,0,149.48,-34,284.65,-0.03,0.0,53.49,-0.17,Oct,2,2,3,4,New_Visitor,False,False
0,269.21,0,0.0,21,210.2,0.06,0.07,7.33,0.0,Feb,2,2,7,20,Returning_Visitor,False,False
2,8.37,1,-147.6,52,3346.6,0.01,0.04,3.8,0.0,Mar,3,2,6,1,Returning_Visitor,False,False
6,322.96,1,23.33,20,1005.95,0.01,0.02,5.59,0.8,May,2,2,2,5,Returning_Visitor,True,False
1,-31.82,0,0.0,14,387.77,-0.0,0.03,4.97,-0.14,Oct,1,8,9,4,New_Visitor,False,False
-3,36.0,1,0.0,-54,-915.69,-0.0,0.05,-1.22,0.0,Feb,2,7,2,4,Returning_Visitor,False,False
0,106.79,0,11.55,54,2158.5,0.1,0.07,0.0,-0.03,Nov,2,2,7,10,Returning_Visitor,False,False
0,284.62,0,190.56,51,1707.06,0.03,0.08,14.99,0.16,May,2,2,5,1,Returning_Visitor,False,False
4,188.83,1,257.12,64,3274.48,0.0,-0.01,48.61,0.09,Aug,3,2,2,3,New_Visitor,False,True
4,75.63,0,-166.31,-18,-1370.21,-0.04,-0.02,12.8,-0.14,Nov,1,1,9,4,New_Visitor,False,False
0,-75.57,2,0.0,1,0.0,0.12,0.14,10.69,0.0,Feb,4,1,1,4,Returning_Visitor,False,False
0,0.0,0,0.24,2,0.0,0.15,0.2,0.0,0.11,Nov,3,2,3,4,Returning_Visitor,False,False
5,8.0,0,0.0,40,1837.45,0.02,0.04,0.0,0.0,Nov,3,2,9,13,Returning_Visitor,False,False
0,-18.94,0,-12.13,16,249.35,0.0,0.02,14.84,-0.08,Sep,2,2,2,3,New_Visitor,False,False
0,-138.83,0,-11.53,4,707.83,0.05,0.07,0.0,0.6,May,2,4,1,6,Returning_Visitor,False,False
4,155.9,0,-57.62,25,1400.96,0.03,0.03,-19.68,0.0,Dec,2,2,6,2,Returning_Visitor,False,False
0,-62.99,0,0.0,53,2515.1,0.05,0.07,-36.72,0.15,Feb,3,2,2,3,Returning_Visitor,False,False
8,416.02,1,135.11,15,571.42,-0.02,0.0,25.97,0.25,Feb,3,2,3,2,New_Visitor,False,False
0,0.0,0,-46.32,3,672.8,0.11,0.16,8.24,0.0,May,2,1,6,2,Returning_Visitor,True,False
6,358.08,1,160.35,93,4120.03,0.0,0.01,16.14,-0.18,Mar,2,2,2,1,Returning_Visitor,True,False
1,35.43,1,-3.78,91,3647.8,0.0,-0.01,-0.65,-0.07,Nov,2,2,4,2,Returning_Visitor,False,False
0,-22.0,0,-95.23,8,809.25,0.0,0.01,-39.44,0.0,Feb,2,2,3,2,New_Visitor,False,True
0,0.0,0,0.0,9,531.0,0.0,0.01,8.68,0.8,Aug,4,1,9,5,Returning_Visitor,False,False
6,41.73,2,0.0,79,3766.58,-0.04,-0.02,25.04,0.03,Jul,1,1,7,10,Returning_Visitor,True,False
4,127.0,1,177.82,16,614.21,0.02,0.04,30.78,0.0,Jul,1,1,1,4,Returning_Visitor,False,False
5,172.08,1,-33.82,115,6269.34,-0.03,0.01,48.01,0.21,Oct,2,2,1,1,New_Visitor,False,True
5,234.07,-1,29.23,-19,267.0,0.08,0.12,0.0,-0.08,May,2,2,6,1,Returning_Visitor,False,False
0,0.0,0,168.51,12,1545.39,0.06,0.09,49.94,-0.37,Oct,2,2,3,1,Returning_Visitor,True,False
0,236.81,-1,0.0,-8,-959.86,-0.01,0.04,0.0,-0.11,Mar,1,2,1,2,Returning_Visitor,False,False
0,154.05,1,132.64,36,1031.65,-0.0,0.01,-11.96,0.21,May,3,2,3,3,Returning_Visitor,True,False
3,-33.4,1,-39.86,1,1314.24,0.11,0.14,0.62,0.1,May,2,2,1,3,Returning_Visitor,False,False
11,454.48,1,67.12,33,668.03,0.0,0.03,48.62,0.35,Feb,2,1,9,8,New_Visitor,False,False
0,-277.73,0,-57.49,-72,-3330.36,0.0,0.03,7.26,0.0,Nov,4,2,3,2,New_Visitor,True,False
7,156.9,2,33.53,36,1211.74,0.0,0.01,16.2,0.0,Feb,2,2,7,6,New_Visitor,False,True
4,101.67,0,91.88,22,265.72,-0.02,0.02,-12.92,0.0,Oct,3,4,4,4,Returning_Visitor,False,True
-2,-304.31,1,0.0,-32,-1312.81,0.03,0.07,0.0,0.0,Nov,2,2,2,1,Returning_Visitor,False,False
2,240.85,1,-12.63,50,1686.2,0.0,0.02,0.0,0.07,June,2,2,1,14,Returning_Visitor,False,False
-1,48.0,0,182.29,26,1066.67,-0.01,-0.04,9.51,-0.3,Oct,3,2,8,4,Returning_Visitor,False,False
3,63.4,-1,-100.76,36,393.52,0.0,0.0,42.29,-0.16,Aug,2,4,1,3,New_Visitor,False,True
0,-44.72,0,0.0,-19,-178.65,0.0,0.06,-2.11,0.0,Dec,2,2,1,13,Returning_Visitor,False,False
-3,-35.98,1,119.32,33,2189.06,0.02,0.06,-30.2,0.4,May,2,2,6,13,New_Visitor,False,False
0,39.36,0,0.0,3,-86.21,0.05,0.11,0.0,-0.24,May,2,2,2,1,New_Visitor,False,False
7,370.48,0,-101.44,101,2674.33,0.07,0.02,30.61,0.04,Dec,3,2,3,4,Returning_Visitor,True,False
1,-249.16,0,179.2,28,1107.92,0.01,0.01,226.68,0.0,Dec,8,13,9,20,Other,False,True
-3,-139.4,1,0.0,-10,373.37,0.01,0.07,12.5,-0.2,Nov,2,2,1,2,Returning_Visitor,True,False
4,160.08,0,-120.22,3,-326.58,0.0,0.02,21.41,-0.14,Mar,3,2,7,2,Returning_Visitor,True,True
1,8.5,0,65.32,37,659.2,0.0,0.02,9.65,0.0,Sep,2,6,3,3,New_Visitor,True,False
-1,7.0,0,0.0,66,2586.59,-0.01,0.02,0.0,-0.03,Mar,2,2,3,10,Returning_Visitor,False,False
0,101.87,2,0.0,14,2530.5,0.01,0.04,0.0,0.11,May,2,2,9,2,Returning_Visitor,False,False
0,-34.58,-1,-25.5,13,196.17,-0.03,0.02,33.74,-0.03,May,4,4,9,2,Returning_Visitor,True,False
-1,91.0,3,226.47,78,2381.71,0.0,0.01,0.0,0.16,Nov,2,2,1,2,Returning_Visitor,False,False
1,0.0,0,0.0,10,-304.03,0.09,0.1,0.0,-0.05,Dec,2,2,1,3,Returning_Visitor,True,False
2,61.26,1,0.0,60,3333.94,0.08,0.08,-12.16,0.0,Jul,2,2,2,1,Returning_Visitor,True,False
1,0.0,1,59.06,-13,193.59,0.03,0.07,0.0,0.13,Mar,3,2,3,4,Returning_Visitor,True,False
0,172.67,1,-50.82,14,638.32,0.05,0.07,27.89,-0.02,Dec,1,2,1,1,Returning_Visitor,False,False
5,11.74,0,16.17,23,161.2,-0.01,0.01,-12.74,0.0,Oct,2,4,6,6,Returning_Visitor,False,False
3,260.89,0,-73.09,2,484.0,0.0,0.02,3.38,0.03,Oct,4,2,5,14,Returning_Visitor,False,False
6,94.52,0,0.0,71,4641.98,0.0,0.01,-8.94,0.0,June,2,1,6,1,Returning_Visitor,False,True
4,0.0,0,30.22,-5,699.54,0.01,0.06,4.94,0.16,Nov,2,2,6,2,Returning_Visitor,False,False
1,30.94,1,11.42,2,2838.76,0.02,0.03,29.21,0.0,Oct,3,2,4,14,Returning_Visitor,False,False
-3,-92.73,-1,-31.26,-21,429.29,0.07,0.09,0.0,0.08,Jul,2,6,6,7,Returning_Visitor,True,False
1,131.04,0,0.0,58,2697.5,0.01,0.04,-3.94,0.19,May,2,4,9,11,Returning_Visitor,False,False
0,-130.96,0,102.47,21,685.75,-0.01,0.04,14.19,0.14,Oct,1,2,2,3,Returning_Visitor,False,False
2,-16.93,1,0.0,-1,-46.72,0.08,0.1,19.27,0.0,Mar,2,2,1,1,Returning_Visitor,False,False
4,262.02,0,0.0,3,-232.16,0.05,0.06,-11.74,0.0,Sep,3,2,1,1,Returning_Visitor,False,False
5,355.27,-1,-80.54,125,4639.41,0.01,0.02,27.74,0.6,Sep,3,2,1,4,Returning_Visitor,False,False
1,-169.55,1,-65.39,55,2387.95,-0.02,0.01,0.0,0.0,Jul,1,1,1,13,Returning_Visitor,False,False
1,64.5,0,0.0,33,897.27,0.0,0.01,0.0,0.48,Feb,2,2,3,2,New_Visitor,False,False
6,158.04,2,123.19,60,2821.23,0.01,0.03,6.61,0.18,Nov,2,2,1,6,New_Visitor,False,True
1,218.6,1,0.0,-3,513.16,0.02,0.01,7.48,0.26,Feb,3,2,2,6,Returning_Visitor,True,False
4,107.12,0,0.0,34,124.7,0.1,0.12,10.02,0.0,May,3,2,2,13,Returning_Visitor,False,False
-2,0.0,1,0.0,65,2912.08,0.02,0.08,0.0,-0.03,Nov,3,2,4,1,Returning_Visitor,False,False
0,13.0,2,28.5,29,1251.64,-0.04,0.0,34.7,-0.13,Dec,2,2,3,2,Returning_Visitor,True,False
2,28.0,-1,0.0,14,163.38,-0.03,0.0,0.0,0.0,Dec,2,2,3,2,New_Visitor,False,False
0,0.0,0,-42.0,6,125.58,0.0,0.02,-25.9,0.38,May,2,2,2,2,Returning_Visitor,False,False
2,69.5,1,285.71,38,226.5,0.02,0.01,12.96,0.0,Jul,3,2,2,13,Returning_Visitor,False,False
2,0.0,-1,-51.1,15,384.0,-0.01,0.01,0.0,0.0,Dec,2,2,1,14,Returning_Visitor,False,False
0,-149.01,1,184.43,20,537.0,0.01,0.01,1.23,0.07,Feb,2,2,3,2,Returning_Visitor,False,False
-1,13.02,0,0.0,-53,-2435.64,0.2,0.21,0.0,0.0,Feb,2,2,3,1,Returning_Visitor,False,False
4,0.0,0,0.0,98,3683.61,0.01,0.04,-6.59,0.14,Nov,3,2,3,2,Returning_Visitor,False,False
0,116.0,2,212.49,32,1350.26,0.01,0.05,-23.6,0.0,Oct,1,1,4,2,Returning_Visitor,True,False
1,4.0,1,0.0,56,2309.41,0.01,0.05,15.54,0.36,Nov,2,2,2,3,Returning_Visitor,True,False
2,27.2,0,0.0,6,280.02,-0.03,-0.01,0.0,0.0,Jul,2,2,3,11,Returning_Visitor,True,False
3,243.98,0,0.0,42,-91.58,0.02,0.03,11.64,-0.04,Mar,2,2,1,1,New_Visitor,False,False
-2,-42.23,0,0.0,21,1636.5,0.07,0.08,0.0,0.32,May,2,2,2,3,Returning_Visitor,True,False
2,0.0,0,0.0,21,1372.7,-0.02,0.04,0.0,0.0,May,4,1,1,1,Returning_Visitor,True,False
3,81.6,1,247.97,80,2431.65,0.01,0.03,28.87,0.0,Nov,3,2,1,4,Returning_Visitor,False,False
-1,0.0,0,-87.28,5,129.3,0.04,0.06,6.79,0.21,Mar,3,4,4,1,Returning_Visitor,False,True
5,90.96,1,9.0,10,237.75,0.03,0.01,22.57,-0.3,Dec,2,10,4,2,New_Visitor,False,False
7,192.56,1,82.03,25,1986.1,-0.05,-0.05,39.26,0.0,Jul,1,1,3,3,Returning_Visitor,True,False
-1,126.91,0,0.0,28,2012.75,0.01,0.0,0.0,-0.04,Oct,2,6,4,14,Returning_Visitor,False,False
-2,-150.43,0,0.0,91,3064.97,0.1,0.13,0.0,0.23,Nov,1,2,1,9,Returning_Visitor,True,False
15,543.35,6,335.47,182,7940.79,0.01,0.0,0.74,0.0,Nov,3,10,3,2,Returning_Visitor,True,False
2,-109.13,0,0.0,12,525.59,-0.03,-0.02,32.06,-0.11,Feb,1,1,1,2,Returning_Visitor,False,False
0,-24.96,0,-45.87,46,404.0,0.0,0.03,-19.44,0.27,May,3,2,1,1,Returning_Visitor,True,False
0,0.0,0,-102.96,30,0.0,0.2,0.2,10.29,-0.08,June,1,1,9,5,Returning_Visitor,False,False
4,81.5,0,13.88,0,-797.2,0.02,0.04,-16.76,0.14,Feb,2,2,1,9,Returning_Visitor,False,False
6,139.49,0,0.0,-24,-1706.68,-0.03,-0.03,113.98,0.0,May,3,2,1,2,Returning_Visitor,False,True
3,7.0,0,-175.9,15,1073.87,0.0,0.02,0.85,0.18,Mar,2,1,2,2,Returning_Visitor,False,False
1,6.54,0,0.0,82,3308.79,0.0,0.05,23.82,0.09,Mar,2,2,1,1,Returning_Visitor,True,True
0,-32.11,0,-122.04,7,366.82,0.08,0.08,20.23,-0.21,Jul,2,2,3,1,Returning_Visitor,False,False
5,0.0,2,75.25,156,7453.77,0.0,0.0,0.0,0.0,Nov,2,6,9,2,Returning_Visitor,True,False
2,286.24,2,46.78,1,0.0,0.2,0.21,-2.23,0.03,Mar,3,2,1,1,Returning_Visitor,False,False
3,333.76,0,89.71,54,2221.04,0.06,0.08,9.71,-0.07,Dec,3,2,2,13,Returning_Visitor,False,False
0,204.52,2,136.88,54,2747.62,-0.05,-0.0,-26.57,-0.21,Oct,2,2,4,2,Returning_Visitor,False,False
0,0.0,0,-110.72,12,2149.64,0.03,0.07,0.0,0.33,May,3,2,1,3,Returning_Visitor,False,False
0,11.78,0,0.0,24,968.69,0.0,0.04,0.94,0.04,Nov,4,1,9,2,New_Visitor,False,True
0,152.46,0,17.75,24,-491.78,0.08,0.08,24.69,0.13,Oct,1,1,1,3,Returning_Visitor,False,False
3,70.83,0,-249.98,27,650.32,0.0,-0.0,23.55,0.0,Mar,3,2,1,2,Returning_Visitor,True,True
0,-11.74,1,4.55,12,1147.51,0.0,0.05,-2.94,0.24,Feb,1,1,4,2,Returning_Visitor,False,False
6,470.51,0,-58.87,6,129.76,0.04,0.07,23.03,-0.08,Mar,3,2,3,6,Returning_Visitor,False,False
0,-222.66,0,0.0,46,2314.16,0.02,0.03,14.16,-0.31,Jul,2,2,1,2,Returning_Visitor,True,True
5,0.0,0,-276.18,57,1168.62,0.02,0.03,-16.35,-0.26,May,1,1,4,5,Returning_Visitor,False,False
0,126.0,0,0.0,6,369.61,0.05,0.04,26.75,0.0,Nov,4,4,5,3,Returning_Visitor,False,False
4,208.27,-1,-236.86,40,543.78,0.0,0.0,-11.11,0.45,Oct,2,2,3,1,Returning_Visitor,False,False
5,20.2,-1,-14.09,18,227.6,-0.0,0.0,7.75,0.0,Feb,3,2,3,3,Returning_Visitor,False,False
0,14.03,0,196.94,24,2267.0,0.01,0.05,-1.59,0.26,May,2,2,1,11,Returning_Visitor,False,False
3,424.0,0,0.0,3,-1362.78,0.06,0.09,9.21,-0.16,Dec,2,4,3,2,New_Visitor,False,False
-3,0.0,1,199.0,1,-152.7,0.2,0.18,-11.22,0.05,May,1,1,4,2,Returning_Visitor,False,False
3,293.0,5,424.27,104,5474.46,-0.02,0.01,1.56,-0.13,Nov,2,2,3,12,Returning_Visitor,False,True
-2,-200.01,-1,8.32,-38,-1638.27,0.01,0.05,13.02,-0.06,Feb,2,2,1,6,Returning_Visitor,True,False
0,0.0,1,0.0,-39,-3143.87,0.0,0.05,-9.4,-0.2,May,4,1,6,10,Returning_Visitor,False,False
4,57.3,-1,0.0,25,1673.71,0.05,0.14,0.0,0.0,June,2,2,1,1,Returning_Visitor,False,False
4,0.0,-1,0.0,2,900.08,0.05,0.1,-38.24,0.0,May,3,2,7,13,Returning_Visitor,False,False
-1,35.66,0,0.0,37,19.25,0.04,0.05,0.0,-0.15,Dec,1,5,1,2,New_Visitor,False,True
1,13.52,0,0.0,4,247.0,0.04,0.05,0.0,0.2,Aug,2,2,1,2,Returning_Visitor,False,False
3,54.94,0,79.01,58,950.0,-0.04,-0.03,0.0,0.0,Oct,2,2,2,1,Returning_Visitor,False,False
1,100.78,-1,131.0,0,868.42,0.01,0.08,21.64,0.21,Nov,1,1,7,2,Returning_Visitor,True,True
1,110.32,0,0.0,5,436.5,0.09,0.1,0.0,0.0,Mar,4,1,4,2,Returning_Visitor,True,False
3,17.5,0,80.45,27,810.33,0.0,0.01,0.0,0.0,Nov,2,2,2,11,New_Visitor,False,False
-1,0.0,0,6.18,5,455.5,-0.02,0.01,0.0,0.34,May,2,2,3,4,New_Visitor,True,False
3,132.67,1,52.35,25,-894.17,0.04,0.07,5.17,0.15,May,3,2,2,4,Returning_Visitor,True,True
0,-195.62,0,-116.27,36,1639.5,0.0,0.03,0.0,-0.13,Nov,2,2,1,4,Returning_Visitor,True,False
2,-176.25,0,0.0,30,2022.03,-0.02,0.04,20.06,0.0,Aug,2,1,7,3,Returning_Visitor,False,False
4,357.34,1,-11.01,25,788.27,0.01,0.03,0.31,-0.25,Feb,3,2,3,3,Returning_Visitor,False,True
9,164.58,2,154.52,82,1489.53,0.03,0.04,16.86,0.0,Feb,2,2,1,3,Returning_Visitor,False,True
0,0.0,-2,-354.07,1,-1851.57,0.2,0.19,8.95,-0.02,Nov,3,2,7,13,Returning_Visitor,False,False
2,313.37,-1,-111.91,-7,362.7,0.0,0.04,11.78,0.0,Dec,2,5,3,2,Returning_Visitor,True,True
5,20.3,-1,-195.7,11,-129.63,0.04,0.04,28.71,0.02,Mar,2,2,2,1,Returning_Visitor,False,False
2,9.79,1,130.66,10,-615.84,0.09,0.08,-7.25,0.01,Sep,2,2,3,2,Returning_Visitor,True,False
0,-186.99,-2,-176.71,22,628.5,0.01,0.03,0.0,0.0,Aug,3,2,9,1,Returning_Visitor,False,False
2,-1.92,0,117.98,78,1740.14,0.02,0.02,-1.98,-0.12,Jul,4,2,3,3,Returning_Visitor,False,False
-3,0.0,0,139.62,40,899.05,-0.02,0.01,0.0,0.31,Nov,1,2,3,2,New_Visitor,True,False
7,109.04,1,0.0,87,3170.71,0.0,0.04,0.33,0.28,Oct,3,2,3,14,Returning_Visitor,True,True
0,128.58,0,-223.19,63,1471.86,0.05,0.07,0.0,0.39,May,2,2,3,4,Returning_Visitor,False,False
1,32.0,2,393.54,71,1727.14,0.0,0.02,3.06,0.08,Mar,2,2,3,2,Returning_Visitor,True,False
-1,60.77,-1,0.0,1,0.0,0.2,0.19,-35.37,0.0,Mar,2,2,7,9,Returning_Visitor,True,False
0,-73.36,2,0.0,30,1184.5,0.01,0.05,0.0,-0.11,Feb,2,2,1,2,Returning_Visitor,True,False
1,9.02,0,-159.44,13,1584.3,-0.04,0.02,9.23,-0.1,Mar,3,2,1,13,Returning_Visitor,True,False
-2,-0.9,2,288.38,60,2263.54,0.09,0.07,4.3,-0.03,Nov,4,1,7,4,Returning_Visitor,True,True
3,-35.02,2,218.39,33,765.85,0.03,0.03,-5.71,0.0,Mar,1,1,4,1,Returning_Visitor,False,False
2,-32.81,1,-81.56,41,2349.29,0.05,0.05,0.0,-0.18,Oct,2,2,3,2,Returning_Visitor,False,False
2,24.0,0,123.77,-79,-2728.05,0.12,0.14,0.0,0.0,Sep,1,1,2,5,Returning_Visitor,True,False
0,6.63,0,-89.54,-3,1473.92,0.06,0.06,34.76,0.09,Oct,2,2,3,9,Returning_Visitor,False,False
3,0.0,2,32.0,18,572.06,0.0,0.01,0.0,-0.06,Dec,2,2,1,6,Returning_Visitor,False,False
5,53.0,2,97.0,66,4891.97,-0.01,0.02,0.0,0.0,May,2,2,8,2,Returning_Visitor,False,False
3,22.8,0,137.34,81,1342.75,0.0,-0.02,-24.71,0.06,Sep,3,2,6,3,Returning_Visitor,False,True
1,0.0,0,63.08,19,0.0,0.2,0.2,-7.31,0.0,Sep,3,2,1,1,Returning_Visitor,False,False
0,0.0,0,0.0,7,0.0,-0.04,-0.02,0.0,0.02,Aug,3,1,4,5,New_Visitor,False,False
6,119.11,2,39.5,156,5262.22,0.01,0.02,-4.6,0.09,Nov,1,2,7,2,Returning_Visitor,False,False
4,0.0,1,0.0,-3,-336.01,0.02,0.03,0.0,-0.18,May,2,2,3,2,New_Visitor,False,False
2,2.08,0,0.0,47,2287.05,0.0,0.03,34.6,-0.22,Nov,1,2,2,2,Returning_Visitor,False,False
3,74.0,0,130.2,39,1708.08,-0.01,0.01,-13.54,0.22,Dec,1,2,7,2,Returning_Visitor,False,True
5,100.0,1,235.48,7,-58.34,0.02,0.03,3.24,0.2,Aug,2,2,3,7,New_Visitor,True,False
3,-4.15,1,0.0,36,1065.29,0.0,0.05,13.38,0.28,Jul,1,1,2,5,Returning_Visitor,True,False
3,0.0,0,0.0,-6,6.92,0.2,0.23,-1.28,-0.03,Mar,2,2,3,3,Returning_Visitor,False,False
4,21.0,5,802.5,48,2073.92,0.05,0.05,0.0,0.0,Nov,3,6,2,2,Returning_Visitor,False,False
8,306.98,1,0.0,73,3299.52,-0.01,0.01,6.24,0.32,Oct,2,2,7,2,Returning_Visitor,False,True
0,-58.95,0,0.0,-22,308.52,0.0,0.02,8.27,0.0,Oct,4,1,1,2,Returning_Visitor,True,True
6,44.49,0,-133.37,25,-302.19,-0.01,0.0,38.17,-0.16,Feb,1,1,1,4,Returning_Visitor,True,False
0,0.0,-2,-113.81,34,343.73,0.02,0.06,0.0,1.0,May,3,2,4,3,Returning_Visitor,False,False
-3,-146.37,1,241.76,3,717.0,0.02,0.06,0.0,0.18,May,2,2,4,2,New_Visitor,False,False
11,351.76,0,0.0,82,2097.42,-0.06,-0.08,24.99,0.12,Oct,2,2,1,2,Returning_Visitor,False,False
11,539.24,4,115.25,28,1474.53,-0.02,0.01,12.8,-0.17,Oct,4,1,1,8,Returning_Visitor,False,False
10,659.51,0,-143.27,78,2006.59,0.0,0.01,9.45,0.0,Dec,2,2,2,2,Returning_Visitor,True,False
5,299.1,0,0.0,44,990.3,0.02,0.01,44.71,0.05,Dec,8,13,9,20,Other,False,False
5,10.0,1,-65.98,52,2802.19,-0.01,0.04,0.0,0.1,Sep,2,2,2,3,Returning_Visitor,False,False
3,0.0,0,-320.15,37,356.17,-0.08,-0.04,-1.01,0.11,Feb,2,2,1,2,Returning_Visitor,False,False
6,69.0,1,18.65,113,3258.43,0.02,0.01,11.73,0.15,Oct,2,2,6,1,Returning_Visitor,False,True
2,0.0,0,-124.6,12,-152.8,-0.02,-0.02,16.16,-0.05,Mar,3,2,1,2,Returning_Visitor,True,True
9,567.7,2,251.32,113,4777.28,0.0,0.03,0.0,-0.11,Nov,2,2,1,2,Returning_Visitor,False,False
6,141.0,0,0.0,26,830.34,0.0,0.03,25.44,0.0,May,2,2,4,3,Returning_Visitor,False,False
0,-259.38,1,10.5,2,0.0,0.04,0.07,-16.21,-0.2,Aug,1,1,1,3,Returning_Visitor,False,False
2,357.61,0,-30.18,113,3377.38,0.0,0.01,0.0,0.0,Mar,2,2,7,2,New_Visitor,False,False
1,129.02,2,10.81,56,755.42,0.12,0.13,-7.95,0.22,Oct,1,1,1,1,Returning_Visitor,True,False
1,0.0,2,33.0,18,1277.83,0.12,0.09,-9.93,0.02,Oct,2,5,7,6,Returning_Visitor,True,False
3,302.19,-1,-11.39,-19,-174.33,0.02,0.09,0.0,0.14,Feb,1,1,3,2,Returning_Visitor,False,False
0,80.03,1,0.0,8,93.0,0.0,0.05,-12.98,0.0,Dec,2,5,1,1,Returning_Visitor,False,False
1,0.0,2,0.0,20,419.6,0.04,0.07,0.0,0.27,Aug,2,2,3,3,Returning_Visitor,False,False
2,-94.5,0,0.0,30,579.33,0.05,0.07,20.19,0.0,May,2,2,2,3,Returning_Visitor,False,False
5,0.0,0,98.67,60,1729.44,-0.03,0.01,0.0,0.0,Mar,2,2,1,3,Returning_Visitor,False,False
2,19.61,0,58.72,39,3172.68,0.01,0.02,16.42,0.18,Nov,3,2,5,2,New_Visitor,False,False
3,82.6,0,0.0,16,-100.91,0.0,0.03,0.0,0.0,Feb,1,1,2,4,Returning_Visitor,False,False
-3,-354.0,0,-60.91,39,1125.63,0.02,0.05,11.33,0.09,Feb,2,2,1,2,Returning_Visitor,False,False
1,145.26,0,26.59,26,1620.83,0.04,0.04,30.26,0.31,Dec,3,2,3,3,Returning_Visitor,False,False
6,188.96,2,242.24,83,3708.38,0.04,0.03,-6.2,0.0,Oct,1,2,7,2,Returning_Visitor,True,False
3,238.68,0,0.0,33,663.41,-0.01,-0.0,43.05,0.07,May,3,2,9,2,Returning_Visitor,True,False
4,176.91,1,40.8,34,110.7,-0.0,0.01,-22.78,-0.28,Mar,3,4,3,2,Returning_Visitor,False,True
1,0.0,-1,0.0,1,-458.0,0.07,0.1,0.0,0.13,Nov,3,2,5,13,Returning_Visitor,False,False
6,214.72,1,180.77,145,4108.81,-0.04,-0.01,0.0,0.0,Feb,3,2,4,2,Returning_Visitor,True,True
1,79.83,0,-40.68,25,431.9,-0.04,-0.0,0.0,0.28,Jul,4,2,7,10,Returning_Visitor,False,False
0,0.0,0,204.96,89,4035.61,0.01,0.01,0.0,-0.07,Mar,2,2,4,10,Returning_Visitor,False,False
3,61.5,0,0.0,14,-837.12,0.0,0.02,18.21,0.31,May,2,10,1,2,Returning_Visitor,False,False
-2,99.61,0,0.0,5,1544.63,0.0,0.01,3.45,-0.17,Dec,4,1,1,2,Returning_Visitor,True,True
7,204.1,2,178.33,50,325.05,0.0,0.03,0.0,0.0,Sep,2,2,1,2,Returning_Visitor,False,False
3,0.0,0,70.03,19,1043.46,0.02,0.05,-7.01,0.0,Aug,4,1,1,4,Returning_Visitor,True,True
2,-193.55,-1,0.0,-15,-2744.0,0.0,0.05,-11.29,-0.07,Aug,3,2,1,1,Returning_Visitor,False,False
4,141.62,1,116.9,-2,-91.52,0.01,0.02,34.68,0.07,Jul,3,2,2,10,Returning_Visitor,False,False
4,322.0,2,-131.27,13,-444.02,-0.0,0.04,0.0,0.0,Jul,2,2,3,3,Returning_Visitor,False,False
2,0.0,1,0.0,0,1022.16,0.0,0.05,0.0,-0.11,Mar,2,2,1,1,Returning_Visitor,True,False
0,-116.75,0,53.13,43,63.0,0.04,0.04,0.0,0.0,Oct,3,2,1,1,Returning_Visitor,False,False
3,0.0,0,-82.15,19,468.33,-0.01,0.01,0.0,0.0,Mar,2,2,3,1,Returning_Visitor,False,False
0,457.32,0,-168.38,-94,-4053.55,0.0,0.07,0.0,0.29,Mar,2,5,8,2,Returning_Visitor,False,False
0,286.83,-1,-17.6,15,-13.78,0.05,0.05,0.0,0.0,Mar,2,2,4,4,Returning_Visitor,False,False
0,0.0,-1,0.0,96,4199.13,-0.06,-0.04,0.0,0.0,Dec,2,2,6,10,Returning_Visitor,False,False
4,234.49,1,198.63,74,3485.69,0.02,0.03,46.63,0.0,Dec,2,2,1,2,Returning_Visitor,False,False
2,37.33,1,-4.95,-29,-1837.7,0.01,0.02,0.0,0.0,Mar,1,1,1,14,Returning_Visitor,True,False
5,42.17,0,-124.9,17,490.53,0.01,0.01,23.51,-0.17,May,2,1,4,2,Returning_Visitor,True,False
6,44.0,2,99.14,14,672.5,0.01,0.04,0.0,0.0,Oct,2,2,2,1,Returning_Visitor,True,False
3,250.21,-1,9.28,27,1192.23,-0.01,0.0,0.0,0.0,Nov,3,2,3,2,Returning_Visitor,False,False
2,226.92,0,-1.11,50,1096.39,0.01,0.04,0.0,0.0,May,2,1,1,1,Returning_Visitor,True,False
8,548.52,3,33.5,24,1714.78,0.02,0.03,0.0,0.0,Feb,2,2,1,15,Returning_Visitor,False,False
0,-79.1,0,-69.42,-50,-753.92,0.0,0.05,0.0,0.05,Oct,1,1,1,2,Returning_Visitor,False,False
8,505.82,1,47.41,131,5315.81,-0.0,0.04,0.0,-0.03,Nov,1,1,1,2,Returning_Visitor,False,False
0,42.9,0,84.3,28,978.62,0.02,0.05,8.45,-0.23,Dec,1,1,9,1,Returning_Visitor,True,False
0,-27.55,0,0.0,2,7.0,-0.02,0.0,-12.32,-0.16,Nov,2,2,1,3,Returning_Visitor,False,False
4,-10.96,1,0.0,75,2416.06,0.01,0.05,-2.6,0.28,Aug,3,2,2,3,Returning_Visitor,False,True
8,351.08,0,105.63,63,3908.75,-0.02,0.0,23.54,-0.16,Feb,2,2,1,6,New_Visitor,False,False
11,320.0,2,0.0,29,776.17,-0.01,0.01,-6.6,-0.12,Dec,3,2,1,13,Returning_Visitor,False,False
0,0.0,1,16.53,-15,-177.7,0.01,0.03,-8.23,-0.07,Feb,2,2,3,2,New_Visitor,False,False
2,-19.23,0,0.0,88,2555.12,0.04,0.05,-0.98,0.14,May,2,4,2,2,Returning_Visitor,False,False
0,-47.29,0,10.17,4,44.0,0.05,0.06,5.15,0.2,May,1,1,1,3,Returning_Visitor,False,False
1,-52.64,1,-78.13,80,1983.23,-0.04,-0.01,15.5,0.0,June,2,2,1,2,Returning_Visitor,False,False
4,125.56,1,0.41,48,1139.94,-0.01,0.03,7.75,-0.06,Nov,3,2,6,2,Returning_Visitor,False,False
0,65.36,0,0.0,22,825.34,0.1,0.1,0.0,0.19,May,1,1,5,9,Returning_Visitor,False,False
3,208.64,3,234.28,40,2464.88,0.04,0.02,1.62,0.23,Mar,2,2,9,2,New_Visitor,True,False
3,109.87,1,-162.32,33,849.74,0.13,0.11,0.0,0.0,Sep,2,2,2,13,Returning_Visitor,False,False
1,-79.74,1,0.0,-16,18.0,0.05,0.1,0.0,0.02,Nov,2,2,4,13,Returning_Visitor,False,False
1,-12.05,0,82.68,-4,677.0,0.03,0.04,0.0,-0.14,Nov,8,4,9,20,Returning_Visitor,False,False
2,18.24,0,0.0,34,-226.24,-0.01,0.03,-3.09,0.0,Feb,1,1,3,9,Returning_Visitor,False,True
10,81.07,1,14.74,92,4432.93,0.01,0.02,9.85,-0.19,Nov,2,2,6,4,Returning_Visitor,False,False
-2,11.0,0,-49.31,15,253.0,0.08,0.11,-21.27,-0.15,Mar,2,2,3,3,Returning_Visitor,True,False
5,159.17,1,51.33,69,2766.94,0.0,0.03,-39.47,0.04,Aug,1,1,6,1,Returning_Visitor,True,False
0,7.42,1,214.74,-2,250.51,-0.01,0.02,0.0,0.0,Nov,2,2,1,2,Returning_Visitor,False,False
2,190.0,0,-32.17,-3,822.23,-0.01,0.01,0.0,-0.11,Oct,3,4,9,8,New_Visitor,False,False
1,364.53,0,132.68,51,2358.02,0.06,0.1,-20.81,0.0,Aug,3,6,3,3,Returning_Visitor,False,False
1,0.0,0,71.55,31,0.0,0.2,0.19,-12.13,0.13,June,2,2,9,1,Returning_Visitor,True,False
4,0.0,2,-57.56,40,1378.23,0.06,0.1,0.0,-0.04,Sep,1,1,1,2,Returning_Visitor,False,True
0,-31.55,0,0.0,7,88.33,0.0,0.02,0.0,0.32,Oct,1,1,1,1,Returning_Visitor,True,False
-3,-136.86,0,-92.25,13,0.0,0.2,0.22,0.0,0.8,Feb,3,2,2,4,Returning_Visitor,False,False
4,409.55,3,51.2,61,930.01,0.0,0.02,0.0,-0.03,Nov,2,1,3,1,Returning_Visitor,False,False
5,70.69,0,0.0,42,292.88,0.0,0.02,4.82,-0.11,Feb,4,2,3,2,Returning_Visitor,True,False
3,4.55,0,-46.99,49,1616.08,0.0,0.02,0.0,0.0,Mar,2,2,6,2,Returning_Visitor,False,False
0,0.0,1,-78.29,31,2736.74,0.05,0.1,-12.57,0.09,Dec,1,1,1,2,New_Visitor,True,False
4,207.71,0,0.0,28,363.25,0.0,0.01,0.0,0.21,Sep,2,2,1,2,Returning_Visitor,False,False
8,123.46,4,270.39,39,1433.05,0.0,0.02,19.67,0.0,Dec,2,2,2,7,Returning_Visitor,False,True
3,200.14,-2,51.22,43,1128.71,0.01,0.02,0.9,0.13,Oct,2,2,5,2,Returning_Visitor,False,False
0,0.0,1,-47.13,38,647.91,-0.08,-0.04,0.0,0.23,May,2,2,2,10,Returning_Visitor,False,False
2,24.17,1,-76.53,53,2067.98,0.02,0.05,25.23,0.14,Aug,2,2,6,1,Returning_Visitor,False,False
8,332.77,1,53.52,31,1124.92,0.03,0.04,22.94,0.24,May,2,2,2,5,New_Visitor,False,True
0,0.0,0,-210.65,39,1016.31,0.02,0.04,0.0,-0.1,Nov,1,1,3,4,Returning_Visitor,False,False
-2,128.95,1,141.5,58,3044.05,0.0,0.0,7.8,0.01,Jul,2,2,1,2,Returning_Visitor,False,True
1,0.0,0,-104.65,0,-474.37,0.15,0.15,0.0,-0.28,Jul,2,2,7,1,Returning_Visitor,False,False
1,217.39,0,236.85,49,2385.67,0.0,0.04,7.04,0.0,Oct,2,2,7,1,Returning_Visitor,False,False
4,184.15,2,176.16,62,2762.99,0.03,0.03,12.37,0.0,Dec,2,2,6,2,Returning_Visitor,False,False
1,-28.53,0,19.65,-23,-574.52,0.0,0.03,-15.84,0.0,Mar,3,2,3,10,New_Visitor,False,True
3,108.8,1,0.0,15,387.4,-0.01,0.0,29.36,0.23,Mar,3,2,1,1,Returning_Visitor,False,False
0,0.0,1,215.7,2,181.33,0.03,0.07,15.96,0.0,Mar,2,2,4,2,Returning_Visitor,True,False
4,249.86,0,-50.32,-28,355.85,0.07,0.11,13.86,0.22,Nov,1,1,1,1,Returning_Visitor,True,False
5,498.44,3,185.5,19,505.32,-0.0,0.01,2.49,0.04,Mar,1,1,1,1,Returning_Visitor,False,False
2,48.67,0,0.0,48,1991.08,-0.0,0.0,0.0,0.0,Feb,2,2,6,3,Returning_Visitor,True,False
6,171.9,1,0.0,85,3067.35,-0.02,0.01,0.0,-0.09,Nov,3,2,1,1,Returning_Visitor,False,False
3,82.0,0,0.0,69,1243.18,-0.0,0.02,17.05,-0.38,Dec,4,1,1,2,Returning_Visitor,False,False
4,85.28,0,0.0,138,4728.93,0.06,0.06,15.21,0.36,Nov,2,2,7,1,Returning_Visitor,False,False
2,102.87,0,-102.93,5,636.27,0.0,0.04,34.9,0.0,Oct,2,2,1,20,Returning_Visitor,False,False
1,-31.66,0,0.0,29,1102.5,-0.01,0.02,-5.38,0.0,Aug,1,1,6,3,Returning_Visitor,False,False
11,375.96,3,119.38,64,2671.07,0.02,0.02,37.6,0.0,Nov,2,6,6,2,Returning_Visitor,False,True
0,0.0,0,0.0,-25,153.0,0.0,0.05,-3.76,0.0,Mar,1,1,6,1,Returning_Visitor,False,False
-1,0.0,0,0.0,6,148.5,0.0,0.04,-17.03,0.13,May,1,1,1,15,Returning_Visitor,False,False
6,430.44,1,35.1,68,1631.4,0.08,0.07,0.0,-0.16,Oct,2,2,3,5,New_Visitor,False,False
0,0.0,0,-136.57,20,876.63,0.0,0.04,12.58,0.27,Mar,1,3,7,2,New_Visitor,True,False
1,109.17,0,4.0,26,1386.04,0.01,0.02,-23.43,0.0,Sep,2,2,4,10,Returning_Visitor,False,False
-2,15.0,-1,-174.57,47,2535.6,0.0,0.01,9.99,0.47,Oct,2,1,2,4,Returning_Visitor,False,False
1,9.0,1,49.0,25,1599.66,0.0,0.02,31.76,0.33,May,2,2,4,6,Returning_Visitor,False,True
2,74.35,0,-52.33,72,2931.76,-0.0,0.01,-12.01,-0.03,Dec,2,2,1,3,Returning_Visitor,False,True
1,180.62,0,111.72,7,1076.65,0.11,0.12,11.79,0.36,May,1,1,4,5,Returning_Visitor,True,False
6,372.92,0,0.0,23,809.63,0.0,0.02,39.9,0.36,Feb,2,2,1,1,Returning_Visitor,False,False
-1,4.0,0,136.84,11,236.0,-0.01,0.02,-9.55,0.05,Jul,3,2,1,2,Returning_Visitor,False,False
2,137.5,1,74.96,138,6165.88,0.0,0.03,0.0,0.19,May,4,2,3,2,Returning_Visitor,False,True
0,109.07,-1,0.0,33,663.23,0.03,0.06,8.64,0.8,May,3,2,3,2,Returning_Visitor,False,False
0,88.83,0,0.0,-28,-1032.02,0.04,0.08,-4.52,0.11,Oct,2,2,1,1,Returning_Visitor,False,False
2,122.1,0,0.0,27,1072.92,0.02,0.04,0.0,0.0,Dec,4,1,8,2,Returning_Visitor,False,True
7,374.31,-1,-165.58,65,1931.51,0.03,0.03,0.0,-0.05,Dec,2,2,3,2,Returning_Visitor,False,False
0,209.65,0,-18.67,-11,1562.87,-0.01,0.02,0.0,0.47,May,3,2,3,13,Returning_Visitor,False,False
-1,-4.89,1,71.88,36,351.4,0.06,0.09,-12.74,-0.03,Oct,1,5,3,3,Returning_Visitor,False,False
2,-257.11,0,256.1,-11,-305.11,0.02,0.04,-10.63,-0.31,Nov,2,2,4,2,Returning_Visitor,True,False
-3,0.0,-2,-78.3,4,640.19,0.0,0.04,2.14,-0.06,Nov,2,4,7,10,Returning_Visitor,False,False
1,179.54,0,143.17,-26,-763.37,-0.01,0.01,9.15,-0.22,Jul,2,2,6,2,New_Visitor,False,False
5,427.79,1,0.0,44,2807.16,0.03,0.05,0.0,0.05,Nov,1,1,4,2,Returning_Visitor,True,True
0,82.08,0,0.0,42,2744.86,-0.01,-0.0,17.58,0.52,Aug,2,6,2,6,Returning_Visitor,False,False
-1,238.39,-1,-57.17,5,1100.68,0.2,0.22,-24.92,0.0,May,1,1,7,9,Returning_Visitor,True,False
0,227.69,4,158.29,18,1716.37,-0.01,0.02,1.48,0.24,Nov,2,2,1,1,Returning_Visitor,False,False
-2,76.94,0,-254.74,-13,0.0,0.2,0.21,0.0,0.0,Nov,3,2,1,1,Returning_Visitor,False,False
0,-68.57,0,0.0,-8,-678.12,0.2,0.2,-34.77,0.08,Feb,4,2,4,9,Returning_Visitor,False,False
7,0.0,0,0.0,3,997.72,-0.04,-0.02,0.0,-0.31,Mar,2,2,1,2,Returning_Visitor,False,False
0,0.0,0,-61.76,32,1245.16,0.2,0.2,0.0,0.27,Feb,2,2,3,1,Returning_Visitor,True,False
3,228.04,-1,-169.13,15,270.57,0.04,0.08,-13.11,0.0,May,2,2,1,1,Returning_Visitor,False,False
1,0.0,0,0.0,3,-385.85,0.08,0.09,0.0,0.03,Oct,4,12,8,3,Returning_Visitor,False,False
4,148.89,0,0.0,24,-672.3,0.01,0.01,21.74,-0.29,Nov,1,1,1,1,Returning_Visitor,True,False
3,179.0,0,0.0,15,751.26,0.0,-0.01,22.94,0.06,Dec,1,1,1,4,Returning_Visitor,False,False
5,355.5,2,57.08,18,134.9,0.0,0.0,-12.45,0.0,Aug,3,2,1,1,Returning_Visitor,True,False
6,242.63,0,47.93,77,2438.93,0.01,0.02,0.0,-0.26,Nov,1,7,1,8,Returning_Visitor,True,False
1,-150.92,0,0.0,3,2894.36,0.03,0.05,0.0,0.2,May,3,2,1,4,Returning_Visitor,False,False
8,307.58,0,0.0,37,1787.4,0.01,0.03,19.24,0.0,Mar,2,2,2,1,Returning_Visitor,False,False
4,12.96,0,108.0,14,282.93,0.0,0.01,-2.96,0.27,May,3,2,4,4,Returning_Visitor,True,False
3,231.9,-1,-135.24,27,188.3,0.0,0.01,20.27,0.0,Sep,4,2,6,5,Returning_Visitor,False,False
4,140.0,0,0.0,21,854.04,0.02,0.01,30.84,0.0,Jul,3,2,6,1,Returning_Visitor,False,True
7,76.91,0,0.0,2,187.0,0.1,0.12,-29.14,0.0,Jul,3,2,3,1,Returning_Visitor,False,False
0,-103.9,0,0.0,47,1541.27,0.0,0.03,0.0,0.6,May,2,2,4,10,Returning_Visitor,False,False
4,11.0,-1,123.33,34,1958.71,0.02,0.09,1.3,0.0,Oct,2,4,3,1,Returning_Visitor,False,False
-2,-172.81,1,43.79,26,606.33,-0.02,0.02,8.98,0.0,Feb,2,1,5,6,Returning_Visitor,True,False
4,32.11,0,3.01,54,1247.2,-0.01,0.01,-2.04,0.0,Oct,2,2,7,3,Returning_Visitor,False,False
1,27.33,0,0.0,-27,-283.99,0.07,0.05,11.76,0.0,Dec,1,1,1,3,Returning_Visitor,False,False
-1,0.0,0,29.28,3,690.62,0.03,0.09,-0.58,0.0,Oct,4,1,8,3,Returning_Visitor,False,False
-2,-84.59,1,72.05,5,66.0,0.0,0.05,0.0,0.35,Aug,2,2,1,3,Returning_Visitor,False,False
2,114.0,0,-103.21,24,1144.98,0.09,0.11,0.0,0.35,Mar,2,2,9,3,Returning_Visitor,False,False
0,0.0,0,0.0,35,466.75,0.0,0.03,0.0,0.0,Nov,3,2,9,4,Returning_Visitor,True,False
1,-222.68,-1,-154.38,27,465.41,-0.02,-0.01,-13.88,0.1,Mar,2,2,3,3,Returning_Visitor,False,False
6,163.92,1,0.0,3,-823.98,-0.0,0.03,75.51,0.12,Feb,3,2,9,4,Returning_Visitor,False,True
11,105.0,4,0.0,286,9952.35,-0.1,-0.11,-2.7,-0.04,Nov,2,2,1,2,Returning_Visitor,False,True
3,0.0,2,257.0,40,279.55,-0.03,-0.03,3.89,0.0,Nov,1,2,1,3,Returning_Visitor,False,False
0,0.0,0,0.0,4,979.02,0.0,0.02,0.0,0.21,Jul,2,2,1,2,Returning_Visitor,False,False
1,-100.64,0,116.79,14,-538.94,0.13,0.13,0.0,0.0,Feb,2,2,9,3,Returning_Visitor,False,False
0,0.0,0,-46.13,-54,-757.19,0.02,0.03,1.8,-0.02,Oct,2,2,3,9,Returning_Visitor,False,False
0,199.76,0,0.0,-8,31.0,0.0,0.04,0.0,0.0,Oct,1,2,7,2,Returning_Visitor,True,False
5,174.04,0,0.0,13,145.0,0.01,0.02,11.21,0.11,Mar,2,2,8,8,Returning_Visitor,False,False
5,504.0,0,0.0,-10,922.08,0.02,0.02,20.43,-0.12,Mar,3,2,3,12,Returning_Visitor,True,False
3,-75.27,-1,0.0,15,454.75,0.0,0.03,5.65,0.05,Jul,3,2,3,1,Returning_Visitor,False,False
6,118.12,-1,48.21,39,266.5,0.03,0.04,-36.29,-0.28,Nov,1,1,3,4,Returning_Visitor,False,False
0,60.28,1,81.8,32,-14.79,0.05,0.04,3.4,0.0,May,4,1,1,4,Returning_Visitor,True,False
-2,52.88,0,7.52,3,0.0,0.2,0.21,0.0,0.01,Nov,4,1,3,3,Returning_Visitor,False,False
4,90.0,0,0.0,3,1042.74,-0.01,0.02,0.0,0.0,May,3,4,7,2,Returning_Visitor,True,False
2,17.33,2,250.6,89,4032.22,0.02,0.03,21.93,0.0,Nov,2,2,1,2,Returning_Visitor,False,False
5,187.69,0,0.0,14,1883.34,-0.03,0.0,4.23,-0.33,Nov,1,2,4,2,Returning_Visitor,False,False
0,211.0,2,58.0,41,2078.67,-0.01,0.03,-30.37,0.0,May,2,6,1,1,Returning_Visitor,False,False
3,6.19,0,138.15,32,1152.12,0.02,0.04,22.07,0.38,Oct,2,2,1,9,Returning_Visitor,False,False
2,0.0,0,-35.94,70,1851.78,0.02,0.03,-22.9,0.0,Jul,2,2,2,1,Returning_Visitor,False,False
0,134.23,-1,0.0,34,316.52,0.0,-0.01,12.74,0.0,Mar,3,2,2,2,Returning_Visitor,False,False
2,44.5,0,-3.62,17,212.17,-0.03,0.01,0.0,-0.17,Mar,3,2,6,2,Returning_Visitor,True,False
5,228.0,2,54.36,18,-651.36,0.0,0.03,-7.99,0.2,Sep,1,1,6,4,Returning_Visitor,False,False
1,0.0,0,-130.78,67,2638.11,0.0,0.02,-29.75,0.2,May,2,2,1,3,Returning_Visitor,False,False
0,0.0,0,-167.39,-23,493.75,0.0,0.02,-2.68,0.07,Nov,2,2,4,2,New_Visitor,True,False
-5,-157.04,0,229.3,41,458.5,-0.01,0.01,39.47,0.0,Dec,2,2,1,2,Returning_Visitor,True,False
0,0.0,1,-247.73,36,1083.47,0.01,0.02,18.07,0.29,May,1,1,1,3,Returning_Visitor,True,False
2,60.79,-1,0.0,19,-476.25,0.01,-0.01,8.98,0.0,June,1,3,3,8,Returning_Visitor,True,False
1,50.0,-1,-169.2,0,91.35,0.0,0.01,0.0,0.08,June,2,2,3,8,New_Visitor,True,False
10,229.0,0,195.18,13,760.77,0.01,0.02,7.45,0.0,Nov,2,2,1,1,Returning_Visitor,False,True
0,0.0,1,32.2,38,1321.32,0.08,0.1,19.34,0.0,Oct,2,2,9,10,Returning_Visitor,False,False
-1,-63.16,0,-339.75,28,550.07,0.01,0.04,15.05,0.12,Mar,2,2,4,4,Returning_Visitor,False,False
3,196.79,0,-81.67,20,1004.38,0.0,0.02,-5.89,0.0,Oct,2,1,4,13,Returning_Visitor,True,False
0,-95.67,0,0.0,-38,-773.43,0.11,0.11,32.94,0.0,Feb,2,2,3,1,Returning_Visitor,False,False
0,83.95,0,-80.53,1,0.0,-0.02,0.01,2.2,0.0,Jul,1,1,1,3,Returning_Visitor,False,False
4,114.03,0,303.45,125,3548.05,0.06,0.06,15.85,0.14,Feb,2,13,9,3,Other,False,True
3,41.0,0,0.0,46,2749.67,0.0,0.02,26.85,-0.12,Mar,3,2,1,2,Returning_Visitor,False,False
0,186.36,0,33.94,4,124.0,0.0,-0.0,-7.59,0.0,Feb,1,1,1,11,Returning_Visitor,False,False
0,-30.7,-1,-113.88,17,976.0,0.0,0.03,52.69,0.22,June,2,2,1,1,Returning_Visitor,False,False
0,39.7,0,51.28,46,1406.1,0.0,0.01,0.0,-0.09,Mar,1,1,1,1,Returning_Visitor,False,False
0,-17.49,0,0.0,0,151.08,0.04,0.05,36.05,0.18,May,1,2,1,8,New_Visitor,False,False
4,106.58,1,0.0,36,1687.31,0.03,0.02,0.0,0.25,Oct,3,4,6,2,Returning_Visitor,False,False
0,-203.25,0,-5.09,-7,15.0,0.0,0.04,4.78,-0.18,Feb,2,2,1,4,Returning_Visitor,False,False
2,241.02,0,-103.88,56,2504.41,-0.0,0.01,8.18,0.2,May,2,4,1,9,Returning_Visitor,False,False
0,5.36,0,-48.82,24,599.58,0.0,0.03,0.0,0.34,Feb,2,2,6,6,New_Visitor,True,False
2,0.0,0,-124.01,-23,854.55,-0.04,0.0,-12.2,0.0,Dec,2,2,2,4,Returning_Visitor,False,False
3,14.5,5,1007.5,26,672.88,-0.02,0.03,-13.89,-0.3,Nov,2,2,1,2,Returning_Visitor,True,False
0,0.0,0,0.0,22,798.4,0.0,0.02,-8.04,0.0,Jul,3,2,9,4,Returning_Visitor,False,False
4,13.36,1,-33.76,212,9951.36,0.0,0.02,3.25,0.0,Jul,2,2,1,5,Returning_Visitor,False,True
4,209.99,1,19.33,53,1461.79,0.01,0.01,0.0,0.47,Aug,3,2,1,3,Returning_Visitor,False,True
4,147.29,0,70.77,30,531.06,0.0,0.02,0.0,0.0,Nov,1,1,3,4,Returning_Visitor,False,False
0,48.0,0,0.0,-5,66.5,-0.01,0.06,0.0,0.06,May,2,2,3,1,Returning_Visitor,False,False
1,43.2,0,53.43,7,-285.91,0.03,0.07,0.0,0.0,June,1,2,6,2,New_Visitor,False,False
2,268.38,1,24.0,56,1547.5,0.0,0.01,18.99,0.25,Mar,3,2,4,2,Returning_Visitor,False,False
2,14.0,-2,0.0,50,814.92,0.0,0.01,2.77,0.0,Mar,2,2,3,1,New_Visitor,False,False
2,0.0,3,44.0,107,3665.55,0.02,0.03,-7.24,0.01,Nov,2,2,9,2,Returning_Visitor,False,False
2,-0.71,2,468.4,35,1388.0,0.0,0.06,-48.57,0.13,Oct,2,2,5,3,Returning_Visitor,False,False
3,75.31,0,-109.94,57,2017.52,0.01,0.01,0.0,0.0,Nov,2,2,2,2,New_Visitor,True,False
0,16.23,0,16.44,5,672.5,0.04,0.07,-15.22,0.0,Oct,2,2,1,3,Returning_Visitor,False,False
-3,141.81,-1,117.72,24,-134.04,0.0,0.04,0.0,1.0,May,2,2,8,14,Returning_Visitor,True,False
2,130.5,1,24.66,16,280.5,0.04,0.06,25.34,0.0,Mar,1,1,5,2,Returning_Visitor,False,False
3,49.16,0,34.46,38,205.08,0.0,0.02,-13.27,0.08,Nov,2,2,6,4,Returning_Visitor,False,False
-2,0.0,-2,-246.41,7,495.11,0.03,0.06,40.11,-0.16,Jul,3,2,4,1,New_Visitor,False,False
1,0.0,0,0.0,53,301.85,-0.01,0.03,0.0,-0.22,Dec,2,2,4,2,Returning_Visitor,False,False
4,210.65,0,0.0,42,1010.45,-0.01,0.01,0.0,0.3,Mar,2,6,1,1,Returning_Visitor,False,False
5,0.0,0,-172.07,1,-1382.55,-0.02,0.01,7.78,0.32,May,3,2,2,6,Returning_Visitor,False,False
-1,0.0,0,28.43,12,2117.35,0.02,0.02,-22.12,0.12,Feb,1,1,2,7,Returning_Visitor,False,False
0,97.81,0,0.0,3,27.0,0.07,0.1,-21.98,0.6,May,2,2,7,3,Returning_Visitor,False,False
4,213.84,0,-28.97,9,918.73,0.04,0.04,-26.94,0.0,May,2,2,1,4,Returning_Visitor,False,True
-4,0.0,0,0.0,5,359.23,0.03,0.06,4.73,0.0,May,4,2,6,11,Returning_Visitor,False,False
1,-8.31,0,0.0,23,17.03,0.0,0.04,-7.18,0.0,Aug,2,1,1,1,Returning_Visitor,True,False
0,0.0,0,23.38,13,579.0,0.05,0.04,20.22,-0.21,Mar,1,1,7,10,Returning_Visitor,True,False
0,0.0,0,13.0,30,92.66,0.01,0.02,-7.74,0.37,May,3,2,6,4,Returning_Visitor,False,False
3,0.0,2,478.92,15,204.0,0.02,0.05,19.01,0.0,Nov,3,2,1,13,Returning_Visitor,False,False
10,464.12,5,228.36,486,16611.28,-0.04,-0.1,11.04,-0.07,Nov,2,2,1,2,Returning_Visitor,True,False
2,0.0,1,36.37,43,0.0,0.06,0.08,28.21,0.0,Aug,2,2,1,1,Returning_Visitor,False,False
2,94.88,1,36.2,25,2568.68,0.02,0.02,4.0,0.0,Oct,3,4,9,8,Returning_Visitor,True,True
0,0.0,0,51.63,1,652.8,0.01,0.06,-2.46,0.38,Feb,3,2,9,13,Returning_Visitor,False,False
3,-19.39,-1,10.0,18,445.0,0.0,0.0,0.0,-0.04,Oct,1,1,3,3,Returning_Visitor,False,False
-1,0.0,-1,-98.38,11,1305.06,0.04,0.04,45.41,0.0,Nov,3,2,8,2,Returning_Visitor,False,False
4,0.0,1,86.98,24,246.88,-0.01,0.03,13.35,0.0,Aug,2,2,1,2,New_Visitor,False,False
-2,0.0,1,231.72,44,0.0,0.02,0.03,17.93,0.08,Nov,2,3,4,10,New_Visitor,False,False
9,53.0,3,9.5,218,7059.25,-0.0,-0.02,1.18,0.43,Nov,2,2,3,3,Returning_Visitor,False,True
3,289.72,-1,0.0,55,379.42,0.0,0.03,29.53,0.36,May,2,2,1,2,Returning_Visitor,False,False
0,0.0,2,0.0,7,2155.19,0.03,0.06,20.81,0.4,Nov,1,1,1,20,Returning_Visitor,False,False
3,0.0,0,0.0,2,11.0,-0.04,-0.01,-1.14,0.45,Aug,2,2,2,3,Returning_Visitor,False,False
5,256.11,1,203.19,43,2437.52,0.07,0.08,0.0,-0.0,May,4,1,3,2,Returning_Visitor,True,False
1,190.84,0,-117.82,5,785.83,0.07,0.07,50.36,0.0,Jul,4,1,3,4,Returning_Visitor,False,True
3,73.0,1,59.57,18,2151.0,-0.03,0.02,10.07,0.0,Feb,2,5,4,1,Returning_Visitor,False,True
9,277.25,0,0.0,20,1170.17,-0.03,-0.03,16.36,0.0,Aug,3,2,3,2,Returning_Visitor,True,False
6,-50.25,0,0.0,22,1483.28,-0.01,0.0,0.0,0.06,Feb,3,2,5,6,Returning_Visitor,False,False
0,0.0,1,-79.34,8,732.26,0.05,0.08,0.0,-0.1,May,1,1,9,2,New_Visitor,False,False
-2,-82.44,-2,0.0,20,909.61,0.08,0.1,17.54,-0.11,May,2,2,3,5,Returning_Visitor,False,True
4,65.68,1,42.4,12,285.68,0.0,0.04,0.0,0.28,Aug,2,6,3,3,Returning_Visitor,True,False
2,34.67,1,53.23,23,609.05,0.0,0.01,15.65,-0.08,Aug,2,2,6,1,Returning_Visitor,False,False
9,211.18,-1,0.0,25,795.24,-0.0,0.04,0.0,0.04,Nov,1,1,1,3,Returning_Visitor,True,False
0,0.0,1,150.38,80,3451.61,0.0,0.01,19.19,0.14,Nov,3,2,1,5,Returning_Visitor,True,False
2,-101.18,0,3.04,9,-59.48,0.0,0.01,25.13,0.0,Dec,1,1,2,2,Returning_Visitor,False,False
4,149.72,1,96.33,46,2088.35,0.0,0.03,23.0,0.28,May,2,2,3,4,Returning_Visitor,False,False
4,115.89,1,21.43,120,3528.95,0.0,0.01,14.5,-0.17,Nov,3,2,1,2,Returning_Visitor,False,False
3,120.95,-1,108.25,32,924.67,0.2,0.19,0.0,0.46,Nov,3,2,3,5,Returning_Visitor,False,False
-4,-187.83,-1,0.0,-7,-1159.48,0.04,0.06,20.16,0.07,Aug,2,2,1,2,Returning_Visitor,False,False
1,12.78,0,-25.22,57,1173.55,-0.03,-0.02,6.91,0.06,May,2,2,1,2,Returning_Visitor,False,False
5,212.76,0,60.09,20,248.42,0.03,0.03,-8.48,0.1,Feb,3,2,7,13,Returning_Visitor,True,False
0,-58.25,1,0.0,35,1766.83,0.02,0.03,-9.39,-0.03,Nov,2,2,1,3,Returning_Visitor,False,False
3,63.25,0,7.0,-23,-1241.03,-0.0,0.01,3.69,-0.33,Nov,2,7,6,8,New_Visitor,False,False
3,59.5,0,0.0,40,2056.81,0.03,0.05,0.0,0.0,Aug,3,2,1,2,New_Visitor,False,False
-2,-33.38,1,0.0,6,747.0,0.03,0.05,-16.41,0.0,Nov,2,2,3,5,Returning_Visitor,False,False
1,201.63,2,44.5,48,2631.56,-0.02,0.02,0.0,0.0,Feb,2,2,2,1,Returning_Visitor,False,False
3,48.84,-1,0.0,25,954.08,0.03,0.06,120.59,0.0,Mar,3,2,1,1,Returning_Visitor,False,False
4,159.31,0,-64.83,48,2851.78,0.0,0.01,8.78,0.0,May,1,2,9,2,Returning_Visitor,False,False
0,0.0,-1,-176.01,-17,246.9,0.09,0.1,0.0,0.25,Dec,3,2,3,1,Returning_Visitor,False,False
0,44.79,0,67.81,30,973.59,-0.02,0.05,-15.63,0.22,Feb,1,1,7,1,Returning_Visitor,False,False
0,165.68,1,221.56,28,1519.12,0.0,0.02,14.37,0.0,Mar,2,4,1,2,Returning_Visitor,False,True
2,69.05,2,0.0,49,906.4,-0.07,-0.04,17.4,-0.08,Dec,2,2,9,2,Returning_Visitor,False,False
0,175.77,0,-5.51,9,1722.87,0.04,0.09,-13.99,0.2,Oct,2,2,7,1,Returning_Visitor,False,False
3,0.0,1,63.54,20,2148.27,0.02,0.03,33.78,0.0,Nov,2,2,3,6,New_Visitor,False,False
0,16.09,0,-27.39,24,1255.78,0.07,0.07,0.0,-0.0,May,3,2,9,2,Returning_Visitor,False,False
2,156.0,1,201.0,14,348.54,0.01,0.01,19.6,0.32,May,1,1,6,3,Returning_Visitor,False,False
2,25.2,0,-8.72,45,238.53,0.0,0.01,36.7,-0.21,Jul,1,3,1,20,Returning_Visitor,True,True
3,190.52,2,186.14,87,5012.28,0.0,0.02,0.0,0.08,May,3,2,1,2,New_Visitor,False,False
0,0.0,0,82.59,-12,0.0,0.15,0.2,-19.93,0.0,May,3,4,3,1,Returning_Visitor,True,False
0,52.0,0,-44.71,17,221.2,0.06,0.09,0.0,-0.12,Dec,1,1,4,6,New_Visitor,False,False
5,192.87,0,0.0,16,1615.39,-0.05,-0.01,0.0,-0.1,Jul,2,2,1,2,Returning_Visitor,False,False
0,40.33,1,0.0,31,995.19,0.05,0.11,11.53,0.0,May,4,1,3,1,Returning_Visitor,False,False
-1,-98.21,0,0.0,26,979.96,-0.05,-0.02,6.99,0.41,Aug,2,2,6,1,New_Visitor,False,False
0,134.69,0,27.99,27,780.17,-0.02,-0.01,0.0,-0.31,Mar,2,4,7,2,Returning_Visitor,False,False
0,0.0,0,0.0,38,1982.18,0.0,0.01,2.56,0.0,May,2,2,1,2,New_Visitor,True,False
2,79.67,4,402.27,97,3662.73,0.01,0.03,21.1,0.23,Mar,2,2,1,2,New_Visitor,False,False
2,54.07,-2,0.0,-72,-2642.23,-0.04,0.01,0.0,-0.13,Nov,2,2,3,3,New_Visitor,True,False
0,-100.03,0,0.0,4,69.0,0.0,0.04,9.06,0.0,Mar,3,2,1,3,New_Visitor,False,False
7,481.45,4,284.75,101,2615.12,0.0,0.02,48.22,0.0,May,2,2,3,6,New_Visitor,True,False
-4,63.64,0,0.0,10,389.65,0.01,0.02,8.59,0.0,May,2,2,5,11,Returning_Visitor,True,False
-1,-11.29,0,0.0,45,2224.51,-0.02,-0.02,-6.28,0.02,Feb,1,1,2,4,Returning_Visitor,True,False
6,381.53,1,127.14,18,803.58,0.01,0.03,-13.29,0.07,Nov,2,2,3,2,Returning_Visitor,False,False
0,-14.08,1,0.0,37,0.0,0.06,0.1,0.0,0.0,Mar,3,2,2,1,Returning_Visitor,False,False
4,46.28,1,39.0,-11,45.33,0.0,0.01,0.0,-0.04,May,3,2,1,2,Returning_Visitor,False,False
0,-30.62,1,0.0,3,-16.1,0.2,0.2,-19.49,0.16,Feb,1,1,1,3,Returning_Visitor,False,False
4,0.0,0,0.0,-23,-1479.83,0.02,0.02,0.0,0.07,Nov,1,2,6,8,Returning_Visitor,False,False
-2,0.0,0,0.0,31,1678.78,0.07,0.1,-23.94,0.0,Dec,1,1,4,2,Returning_Visitor,False,False
0,104.26,1,0.0,29,978.0,0.01,0.02,-3.57,-0.15,Feb,3,2,3,2,New_Visitor,True,False
7,112.09,4,445.47,57,3674.8,0.02,0.02,5.61,0.0,Oct,3,2,1,2,Returning_Visitor,False,False
-6,-48.68,0,0.0,-13,173.5,0.03,0.07,-6.36,0.33,Mar,1,3,4,3,Returning_Visitor,False,False
3,28.3,2,137.8,46,2878.89,0.02,0.04,0.0,0.09,Mar,2,2,3,3,New_Visitor,False,False
0,-211.97,-2,0.0,-45,-1968.84,0.05,0.05,-5.39,0.45,Feb,3,2,1,1,Returning_Visitor,True,False
8,341.35,2,91.0,109,2597.11,0.0,-0.02,12.89,0.0,May,2,2,1,1,Returning_Visitor,False,True
2,43.42,1,14.61,52,2291.86,0.0,0.02,-7.49,0.12,Feb,2,2,9,6,Returning_Visitor,False,False
3,102.86,2,0.0,24,1288.07,0.02,0.01,18.5,-0.25,Jul,2,4,3,4,Returning_Visitor,False,False
6,248.18,-1,0.0,9,117.0,0.01,0.02,12.53,0.16,Feb,2,2,1,2,Returning_Visitor,True,False
3,35.83,0,0.0,83,3491.36,0.01,0.05,0.0,0.0,Dec,1,1,4,2,Returning_Visitor,False,False
0,-4.85,0,0.0,21,825.32,0.0,0.02,36.37,-0.12,Aug,1,1,5,11,Returning_Visitor,False,True
5,318.8,4,350.26,107,3080.07,-0.0,0.01,8.61,-0.17,Nov,2,5,2,3,Returning_Visitor,False,True
5,260.97,0,70.87,46,1706.55,-0.03,-0.04,10.46,0.25,Jul,2,2,7,13,Returning_Visitor,False,False
12,293.15,2,0.0,48,949.26,0.0,0.0,47.3,0.04,Oct,3,2,1,2,Returning_Visitor,True,False
0,119.52,2,210.65,-32,364.35,0.0,0.05,0.0,0.0,May,2,1,1,2,Returning_Visitor,True,False
5,123.5,2,66.97,37,1012.88,0.0,-0.0,13.59,0.08,May,2,2,9,13,Returning_Visitor,False,False
0,22.21,0,-130.53,-19,713.3,0.07,0.11,-18.34,0.37,Aug,1,1,1,15,New_Visitor,False,False
5,216.72,1,17.0,23,-967.43,-0.02,0.01,11.84,-0.16,Aug,2,2,4,1,Returning_Visitor,False,False
7,240.17,0,-7.25,73,2268.62,-0.04,-0.02,0.0,0.02,Aug,2,1,1,1,Returning_Visitor,False,False
2,7.5,1,264.06,25,673.26,0.07,0.1,7.09,0.0,Mar,2,2,1,2,Returning_Visitor,True,True
2,269.24,0,26.77,61,2905.71,0.0,0.03,79.0,0.6,May,2,2,4,2,Returning_Visitor,False,False
0,0.0,2,250.98,50,1396.84,0.0,0.03,0.0,0.0,Feb,3,2,4,8,Returning_Visitor,False,False
0,0.0,8,1779.17,105,5396.74,0.01,0.02,19.48,0.31,May,2,2,6,5,Returning_Visitor,False,False
1,-9.55,-1,0.0,57,2830.92,-0.02,0.03,0.0,-0.02,Dec,2,2,2,2,Returning_Visitor,False,False
11,222.07,1,0.0,49,1648.84,0.0,0.05,8.3,-0.18,Oct,2,5,4,2,Returning_Visitor,False,False
6,-147.79,0,0.0,-15,-657.45,0.02,0.06,16.67,0.0,Feb,1,1,1,1,Returning_Visitor,True,False
8,197.6,1,-80.9,15,1553.1,0.0,0.03,-17.91,-0.16,May,4,3,9,20,Returning_Visitor,False,False
2,-134.68,0,106.04,38,161.44,0.02,0.02,0.0,-0.26,Nov,1,1,3,1,Returning_Visitor,True,False
4,225.25,1,69.89,83,3367.04,0.08,0.07,-7.28,0.44,May,2,2,3,8,Returning_Visitor,False,True
6,199.46,7,299.03,157,6481.2,0.01,0.02,0.15,0.0,Jul,2,2,1,1,Returning_Visitor,True,False
8,194.33,2,245.03,111,2632.19,-0.03,-0.01,-9.49,0.0,Oct,4,1,1,4,Returning_Visitor,True,False
0,94.1,3,303.46,-16,-406.7,-0.09,-0.07,0.0,0.14,May,2,1,3,2,Returning_Visitor,False,False
0,0.0,1,156.49,56,1985.15,0.08,0.08,-30.0,0.0,Oct,3,4,3,13,Returning_Visitor,False,True
8,168.17,0,-161.78,61,3355.2,0.01,0.04,0.0,0.07,Aug,2,2,1,3,Returning_Visitor,False,False
0,0.0,0,52.4,32,1066.34,0.01,0.03,12.93,0.0,Oct,3,2,2,2,Returning_Visitor,False,False
0,316.12,1,-59.15,50,2302.13,-0.04,-0.01,0.0,0.0,Feb,3,2,2,12,Returning_Visitor,False,False
1,0.0,3,182.6,125,4546.12,0.02,0.04,1.0,0.0,Jul,1,1,1,3,Returning_Visitor,False,True
2,135.97,3,434.72,60,3778.41,0.02,0.03,-15.29,0.16,Nov,2,1,1,10,Returning_Visitor,False,False
6,362.54,0,-73.4,71,2293.6,0.01,0.05,6.75,0.36,May,2,2,1,4,Returning_Visitor,False,True
5,0.0,-2,-77.26,6,241.0,0.03,0.03,0.0,0.0,Dec,2,2,2,3,Returning_Visitor,False,False
1,20.36,0,97.09,81,2820.95,0.03,0.03,17.12,0.02,Jul,3,2,1,10,Returning_Visitor,False,False
1,0.0,0,0.0,8,745.38,0.03,0.06,0.0,0.17,May,2,2,4,3,Returning_Visitor,False,False
5,193.39,-1,-217.63,34,126.93,0.01,0.04,30.44,0.0,Oct,2,2,1,4,Returning_Visitor,False,True
4,33.0,0,69.63,49,650.0,0.05,0.04,-28.57,0.0,Nov,2,2,3,3,Returning_Visitor,False,False
2,0.0,0,-85.89,-1,118.25,-0.01,0.02,9.46,0.0,Nov,2,2,3,2,New_Visitor,False,False
3,117.0,1,0.0,117,4113.55,-0.02,0.0,0.0,0.0,Oct,2,2,2,2,Returning_Visitor,False,False
-1,23.2,-2,-229.97,-36,-743.31,0.11,0.15,0.0,0.1,Aug,2,2,3,5,Returning_Visitor,False,False
9,362.0,3,392.26,162,5863.59,0.07,0.03,24.61,-0.02,May,2,2,1,4,Returning_Visitor,False,False
0,0.0,0,-165.67,55,2451.1,0.0,0.02,0.03,0.19,Dec,1,1,1,1,Returning_Visitor,False,False
2,38.5,0,-41.31,20,770.31,0.03,0.05,-24.54,0.3,Nov,2,2,1,3,Returning_Visitor,False,False
-2,36.2,3,52.0,3,48.0,0.06,0.06,0.0,0.01,Mar,4,5,1,3,Returning_Visitor,True,False
0,156.21,0,9.53,12,329.02,0.09,0.14,6.12,0.01,Sep,3,1,7,3,Returning_Visitor,False,False
6,57.5,0,-168.79,91,2508.75,-0.0,0.04,0.44,0.23,May,2,2,9,6,Returning_Visitor,False,True
0,328.53,2,18.26,28,675.85,0.03,0.04,0.0,0.0,Nov,2,2,3,2,Returning_Visitor,True,False
1,185.28,1,-24.49,67,2968.06,-0.0,0.03,0.0,-0.03,Oct,1,1,6,1,Returning_Visitor,False,False
2,-42.49,1,-37.25,53,539.84,0.01,0.02,-26.92,0.03,June,1,1,1,4,Returning_Visitor,False,False
3,118.78,1,129.08,54,1476.25,0.0,0.02,33.6,0.1,May,1,2,2,2,Returning_Visitor,True,False
3,491.14,1,197.27,51,2772.28,0.02,0.05,12.14,-0.26,Dec,2,2,4,2,New_Visitor,False,False
6,310.44,1,0.0,24,163.25,0.04,0.03,17.56,0.6,Oct,1,1,1,2,New_Visitor,False,False
0,0.0,0,12.9,-10,533.7,-0.02,0.02,11.74,-0.26,Dec,1,1,3,2,New_Visitor,False,False
5,107.0,0,0.0,-119,-4801.71,0.0,0.05,0.0,0.0,Dec,2,2,3,3,Returning_Visitor,False,False
1,-24.23,0,0.0,83,3141.06,-0.04,0.01,0.0,0.05,May,2,2,1,2,Returning_Visitor,False,False
3,224.22,1,14.0,74,2493.16,0.06,0.05,-19.12,0.0,Nov,4,1,2,1,Returning_Visitor,True,False
-1,120.0,1,85.0,33,1850.2,0.0,0.04,32.48,0.0,May,2,4,5,2,Returning_Visitor,False,False
1,68.35,0,0.0,-18,159.49,-0.02,0.01,16.86,-0.12,Dec,2,2,5,3,Returning_Visitor,False,True
4,105.79,0,-142.27,2,822.76,0.0,0.02,0.0,-0.01,Aug,2,10,4,5,Returning_Visitor,True,False
0,0.0,0,67.53,-15,112.0,-0.01,0.03,0.03,0.0,Sep,1,1,2,2,New_Visitor,False,False
2,269.57,1,105.0,35,229.08,0.01,0.03,9.93,0.0,Dec,1,1,1,4,Returning_Visitor,True,True
-1,-176.85,0,3.52,70,2542.82,0.02,0.03,-15.2,0.0,May,3,2,5,3,Returning_Visitor,True,False
2,-21.93,0,166.77,-8,341.36,0.01,0.06,30.87,0.14,Nov,1,1,3,4,Returning_Visitor,False,False
6,174.46,2,151.52,118,5445.3,0.0,0.01,-29.44,0.0,June,3,2,3,2,Returning_Visitor,True,False
0,-35.04,0,4.48,40,970.01,-0.04,0.01,4.59,0.37,May,2,2,6,3,Returning_Visitor,False,False
1,208.0,2,93.88,30,-653.2,0.0,0.01,-6.18,0.0,May,3,2,1,14,Returning_Visitor,False,False
0,418.34,-1,0.0,4,107.0,0.05,0.05,6.9,0.24,May,3,2,7,4,Returning_Visitor,True,False
-3,0.0,0,21.66,4,0.0,0.16,0.2,-8.96,0.14,Mar,2,2,4,1,Returning_Visitor,False,False
6,211.03,0,0.0,5,429.58,0.0,0.02,0.0,0.46,May,1,1,4,4,Returning_Visitor,False,False
5,73.87,0,-88.12,16,1500.03,0.01,0.01,0.0,0.04,Nov,2,2,9,6,Returning_Visitor,False,False
-1,0.0,0,-48.97,32,894.0,0.09,0.12,-4.25,0.06,Feb,3,2,6,5,Returning_Visitor,False,False
4,44.04,1,-71.29,13,538.77,0.0,0.03,24.4,0.0,Nov,2,2,3,2,New_Visitor,False,True
5,33.99,0,107.3,53,2019.83,-0.08,-0.04,0.0,0.09,Jul,2,2,3,1,Returning_Visitor,False,False
3,-138.85,0,21.69,2,856.57,0.0,0.03,26.54,0.12,May,2,4,3,3,Returning_Visitor,False,False
0,0.0,0,0.0,15,478.26,-0.0,0.02,0.0,-0.02,Nov,2,2,8,2,Returning_Visitor,False,False
8,248.5,1,192.25,39,1176.5,0.0,0.01,0.0,0.09,Jul,2,2,2,5,New_Visitor,False,False
-1,0.0,0,3.59,5,-268.77,0.03,0.03,0.0,0.0,Nov,2,2,2,12,Returning_Visitor,False,False
1,189.86,4,331.9,15,-568.79,-0.0,0.05,-13.07,-0.15,Mar,1,1,3,2,Returning_Visitor,False,False
4,85.9,0,0.0,15,817.13,-0.05,-0.06,0.0,0.0,Mar,1,1,2,4,Returning_Visitor,False,False
2,49.45,0,-74.61,8,1590.23,0.0,0.01,6.84,0.32,Dec,2,2,3,2,New_Visitor,False,False
3,-38.46,0,0.0,33,917.83,0.05,0.07,18.86,0.05,Feb,2,2,1,3,Returning_Visitor,False,False
0,-217.92,0,0.0,28,1303.58,0.0,0.03,-35.31,0.0,Jul,2,2,3,1,Returning_Visitor,False,False
-2,-48.08,0,77.31,-76,-3536.57,0.1,0.1,0.0,0.0,Feb,3,2,3,3,Returning_Visitor,True,False
6,519.09,0,21.09,26,1813.53,0.02,0.02,14.91,0.03,Aug,1,1,1,1,Returning_Visitor,False,False
4,0.0,1,-22.37,12,1077.0,0.08,0.07,0.0,-0.14,Jul,3,2,4,13,Returning_Visitor,True,False
0,-153.45,0,60.17,11,689.67,0.02,0.07,0.0,0.0,Feb,2,2,1,1,Returning_Visitor,False,False
2,0.0,0,-64.12,50,3137.2,0.07,0.06,-36.21,0.29,Nov,3,2,4,1,New_Visitor,False,False
2,118.0,-1,0.0,2,-770.25,0.0,0.01,18.88,-0.07,Feb,6,13,1,4,Other,False,False
-1,70.52,0,-100.84,3,334.61,0.09,0.09,-3.83,0.6,Feb,2,2,1,13,Returning_Visitor,False,False
8,249.07,-1,-21.93,85,2199.62,0.0,0.01,9.08,0.0,Nov,1,1,4,2,Returning_Visitor,False,True
1,0.0,1,260.99,54,1977.11,0.0,0.04,0.0,0.0,Dec,2,2,3,2,Returning_Visitor,False,False
8,308.67,3,869.0,34,2767.61,0.01,0.03,0.0,0.3,May,2,2,1,1,Returning_Visitor,False,False
2,0.0,0,-69.11,-18,0.0,0.16,0.2,7.14,0.0,Feb,2,2,4,1,Returning_Visitor,False,False
0,-205.44,-1,0.0,15,0.0,0.05,0.03,0.0,0.06,Oct,1,1,1,2,Returning_Visitor,False,False
2,249.5,0,-140.22,8,-41.31,0.02,0.03,14.0,-0.07,Jul,2,2,3,6,Returning_Visitor,False,True
4,314.5,2,36.63,63,3569.34,0.0,0.02,27.27,0.0,Oct,1,1,3,3,New_Visitor,False,True
-4,25.5,0,0.0,10,250.83,0.09,0.12,10.1,0.0,Mar,3,2,4,1,Returning_Visitor,True,False
5,105.78,0,0.0,24,797.14,0.02,0.02,18.05,0.12,May,3,2,4,2,Returning_Visitor,False,False
1,187.55,1,211.42,13,826.73,0.08,0.05,1.87,-0.08,Nov,1,2,9,2,Returning_Visitor,False,False
3,264.73,2,11.0,6,1158.15,0.04,0.09,0.0,-0.13,May,2,2,4,3,Returning_Visitor,False,False
4,235.94,2,58.17,38,1524.7,0.02,0.06,0.0,0.0,Mar,2,2,2,3,New_Visitor,True,False
0,0.0,0,-97.84,24,1411.41,0.01,0.05,-2.33,0.6,Feb,2,1,1,2,Returning_Visitor,False,False
3,15.2,2,309.82,19,-981.66,0.0,0.06,0.0,0.0,Oct,2,2,9,14,Returning_Visitor,False,True
2,-94.73,0,131.1,31,1363.38,0.0,0.07,-16.47,0.0,Oct,2,2,6,1,Returning_Visitor,False,False
2,37.81,0,-49.54,1,143.0,0.1,0.12,0.0,0.4,Nov,3,2,2,13,Returning_Visitor,False,False
0,267.91,0,0.0,46,1441.96,0.0,0.04,25.6,0.0,Nov,2,2,6,4,Returning_Visitor,False,False
3,214.83,2,0.0,90,3109.93,-0.1,-0.07,-27.69,-0.21,Dec,2,2,1,2,New_Visitor,False,False
1,44.79,0,0.0,48,2569.84,0.02,0.04,19.33,-0.2,June,3,2,1,3,Returning_Visitor,False,False
6,255.36,1,0.0,78,3913.99,0.01,0.06,13.59,0.0,Nov,2,2,5,2,Returning_Visitor,False,False
5,307.54,1,2.06,29,3226.75,-0.01,0.01,39.04,0.0,Nov,2,4,9,1,Returning_Visitor,False,False
4,37.58,-1,-27.45,71,1982.52,-0.01,0.02,0.0,0.23,May,2,2,7,1,Returning_Visitor,False,False
7,171.0,1,0.0,56,1894.07,-0.01,0.01,-6.31,-0.09,Jul,3,4,7,3,Returning_Visitor,False,False
1,0.0,2,69.96,9,123.17,0.06,0.08,9.94,0.0,Nov,4,1,3,3,Returning_Visitor,False,False
1,118.18,0,153.85,-17,47.98,0.0,0.03,-11.73,-0.12,May,1,1,8,4,Returning_Visitor,False,False
2,206.94,0,94.88,10,1254.52,-0.03,0.01,0.0,0.0,Nov,2,2,3,2,New_Visitor,True,False
0,0.0,0,157.28,1,-1159.29,0.18,0.2,-2.67,0.0,Feb,3,2,1,2,Returning_Visitor,False,False
5,185.46,1,-41.68,133,2248.91,0.01,0.03,32.77,0.56,Feb,2,6,1,2,Returning_Visitor,False,True
2,-7.77,0,0.0,21,717.62,0.0,0.03,60.19,-0.16,Jul,2,5,1,2,Returning_Visitor,False,True
8,296.25,0,-105.78,13,455.08,0.0,0.04,7.13,0.03,Mar,4,1,1,5,New_Visitor,False,True
-2,0.0,0,-83.1,-3,-350.47,0.18,0.2,0.0,0.0,Nov,1,1,4,1,Returning_Visitor,False,False
9,827.2,2,48.5,106,3439.73,-0.02,0.02,-1.48,0.1,May,3,2,7,2,Returning_Visitor,False,False
9,404.2,4,199.5,119,4984.54,0.04,0.02,-36.69,-0.01,Dec,2,6,3,1,Returning_Visitor,False,False
2,20.45,0,82.99,16,728.18,0.08,0.08,14.29,0.01,Jul,3,2,3,1,Returning_Visitor,True,False
1,8.5,0,0.0,17,262.0,0.06,0.07,0.0,0.3,May,2,2,1,9,Returning_Visitor,False,False
-1,216.78,0,-115.31,2,133.5,0.07,0.09,-4.46,0.27,Nov,3,2,1,6,Returning_Visitor,False,False
0,9.0,0,0.0,18,558.19,0.0,0.01,0.0,0.03,Aug,2,2,7,1,Returning_Visitor,False,False
3,10.57,0,-201.74,13,244.17,0.0,0.03,-22.93,0.2,Mar,2,5,3,5,Returning_Visitor,False,False
4,80.18,0,0.0,23,1483.6,-0.01,0.04,7.1,-0.11,Nov,2,2,6,1,Returning_Visitor,False,True
2,0.0,0,98.85,9,193.67,0.01,0.05,7.36,0.05,May,2,2,2,2,Returning_Visitor,True,False
8,216.83,0,0.0,23,813.0,0.02,0.04,-5.85,0.11,Oct,2,2,9,5,Returning_Visitor,True,False
1,243.0,1,-52.29,8,1677.67,0.02,0.04,0.0,0.0,June,2,1,7,3,Returning_Visitor,False,False
0,0.0,0,-22.35,-39,-1828.45,0.01,0.02,-18.56,0.0,Dec,2,2,1,6,Returning_Visitor,True,False
1,0.0,0,0.0,20,-319.17,0.0,0.06,0.0,0.24,Oct,2,2,1,3,Returning_Visitor,False,False
9,476.14,2,0.0,102,2937.11,0.03,0.08,46.75,0.11,Nov,1,1,3,1,Returning_Visitor,False,False
3,97.76,0,0.0,24,710.07,0.0,0.01,-7.4,0.33,Aug,1,1,2,2,Returning_Visitor,False,True
0,0.0,0,124.59,131,5947.97,-0.02,-0.02,6.83,0.02,Nov,2,2,2,3,Returning_Visitor,True,True
0,-274.88,0,0.0,22,784.37,0.04,0.04,-4.62,0.22,May,3,2,1,2,Returning_Visitor,True,True
1,-12.53,0,0.0,46,1226.1,0.02,0.04,5.03,0.02,Mar,1,1,2,1,Returning_Visitor,False,True
1,-70.86,0,181.12,5,1033.55,0.0,0.04,0.0,0.0,May,3,4,1,6,Returning_Visitor,False,False
0,41.51,1,64.34,31,750.59,0.01,0.02,0.0,0.0,Mar,2,2,1,2,Returning_Visitor,False,False
0,0.0,0,0.0,15,829.22,-0.05,-0.01,0.0,0.0,Aug,3,2,3,8,Returning_Visitor,False,False
0,0.0,2,119.91,85,2362.66,-0.01,0.02,-3.17,0.0,Nov,1,1,6,2,Returning_Visitor,True,False
9,326.48,2,0.0,207,5160.45,0.0,0.01,0.0,0.0,Feb,2,2,1,2,Returning_Visitor,False,False
-1,22.83,0,0.0,80,2625.01,0.0,0.0,0.0,0.16,Nov,2,5,3,1,Returning_Visitor,False,False
3,12.0,0,0.0,36,1476.92,-0.0,-0.0,-21.16,0.0,Oct,3,2,5,2,Returning_Visitor,False,False
4,296.9,-1,65.12,29,1656.24,0.0,0.01,-4.75,0.1,Oct,2,4,6,2,New_Visitor,False,False
2,11.0,0,292.83,46,2234.01,0.0,0.04,9.99,0.36,Feb,2,2,4,4,Returning_Visitor,True,False
0,0.0,0,19.31,20,2001.83,0.01,0.01,0.0,0.07,Nov,2,2,9,3,Returning_Visitor,False,False
0,0.0,1,294.29,35,691.0,0.05,0.08,0.0,0.6,May,3,2,2,3,Returning_Visitor,False,False
7,265.87,2,123.33,79,2387.14,-0.03,0.0,24.72,0.0,Mar,2,2,1,13,Returning_Visitor,True,False
6,0.0,0,-2.19,15,376.52,0.0,0.02,35.8,0.18,Nov,2,2,6,1,New_Visitor,True,False
2,62.57,-1,141.55,1,-1255.78,-0.01,0.01,4.03,0.8,Feb,4,1,4,1,Returning_Visitor,False,False
0,86.1,1,113.44,0,5.0,0.0,0.03,0.0,0.0,Dec,2,2,1,4,Returning_Visitor,False,False
0,0.0,-2,0.0,-63,-2489.95,-0.02,0.03,0.0,0.0,Nov,4,1,2,1,Returning_Visitor,False,False
7,353.33,1,128.78,107,2762.41,0.0,0.03,21.82,-0.21,Feb,2,2,3,2,Returning_Visitor,False,False
9,441.03,0,75.0,21,-207.22,0.01,0.02,25.14,0.16,May,2,2,1,4,Returning_Visitor,True,True
-2,-34.74,0,-37.11,37,822.09,-0.03,0.02,-18.69,-0.04,Jul,2,2,5,10,Returning_Visitor,False,False
0,0.0,0,0.0,53,1838.82,0.03,0.05,16.75,0.0,Mar,2,2,1,1,Returning_Visitor,False,False
0,152.25,0,0.0,11,104.65,0.0,0.05,33.22,0.0,Nov,1,1,1,8,Returning_Visitor,False,True
0,3.69,1,302.58,17,1096.42,0.03,0.06,13.5,-0.06,May,3,2,4,1,Returning_Visitor,False,False
2,302.36,-1,166.0,25,1124.46,0.04,0.03,6.62,0.22,May,3,2,3,1,New_Visitor,False,False
1,0.0,1,12.47,1,-79.65,0.2,0.2,0.0,0.0,Mar,2,6,1,1,Returning_Visitor,True,False
0,-69.46,1,-44.89,29,0.29,0.01,0.05,0.0,-0.04,May,2,2,1,3,Returning_Visitor,False,False
2,37.13,0,84.12,19,376.07,0.01,0.06,0.0,0.0,Mar,2,2,1,1,Returning_Visitor,True,False
5,122.64,0,-48.0,30,237.67,0.03,0.02,0.0,-0.04,Dec,3,2,2,2,Returning_Visitor,False,False
2,183.42,1,205.0,32,1626.63,0.01,0.05,6.83,0.0,Mar,3,2,1,1,Returning_Visitor,False,False
6,495.63,1,145.47,61,2048.16,0.01,0.05,0.0,0.41,May,2,2,4,2,Returning_Visitor,False,False
2,-69.72,0,-101.15,75,4175.53,0.03,0.08,0.0,-0.06,Mar,2,2,4,5,Returning_Visitor,False,False
0,-41.51,0,-82.88,24,1386.35,0.02,0.05,-14.61,-0.05,Aug,1,1,1,4,Returning_Visitor,False,False
0,-217.79,0,148.2,-3,0.0,0.2,0.2,0.0,0.0,Dec,1,1,4,12,Returning_Visitor,False,False
6,0.0,-2,11.0,50,1799.67,-0.04,-0.02,32.95,0.0,Oct,1,1,1,2,Returning_Visitor,False,False
0,-111.61,1,-257.15,75,1975.18,0.02,0.01,0.0,-0.16,Nov,2,2,6,3,New_Visitor,False,False
0,-229.7,1,-110.53,-23,-1084.33,-0.01,0.03,7.83,0.15,May,1,3,9,2,Returning_Visitor,False,False
1,18.0,2,6.0,159,7141.21,0.02,0.02,0.0,0.28,May,3,2,3,1,Returning_Visitor,True,False
0,0.0,0,-150.98,6,774.15,0.0,0.07,0.0,0.0,Feb,1,1,1,2,Returning_Visitor,False,False
1,-104.16,0,64.52,28,123.0,0.02,0.07,21.89,0.12,Jul,2,2,4,3,Returning_Visitor,False,False
6,50.0,0,-277.87,130,5246.44,0.0,0.06,-19.15,0.0,Sep,2,2,2,3,Returning_Visitor,False,True
5,137.62,0,2.53,18,1516.73,0.01,0.04,-22.44,0.0,Aug,1,1,4,3,Returning_Visitor,False,False
2,0.0,0,0.0,4,-560.52,0.05,0.1,1.23,0.0,Nov,3,2,4,1,Returning_Visitor,True,False
7,447.12,2,168.38,142,6773.53,-0.03,-0.0,26.6,-0.42,Dec,3,2,1,1,Returning_Visitor,True,False
-4,-36.72,2,-56.89,-19,706.98,0.01,0.02,0.0,-0.13,Nov,1,1,1,3,Returning_Visitor,True,False
2,17.0,1,149.38,-9,148.25,0.1,0.13,7.8,0.24,Feb,3,2,4,3,Returning_Visitor,False,False
2,0.0,0,106.66,-4,517.54,0.02,0.05,3.7,0.0,Nov,1,1,3,8,Returning_Visitor,False,True
1,4.0,0,110.85,-34,102.0,0.11,0.1,29.89,0.38,May,2,2,1,3,Returning_Visitor,False,False
9,395.88,1,0.0,161,5536.15,0.0,-0.01,3.46,0.0,Nov,2,2,1,2,Returning_Visitor,False,True
5,219.61,1,49.0,22,1087.1,0.0,0.01,0.0,-0.01,Jul,3,2,1,1,Returning_Visitor,False,False
1,112.2,-1,-144.26,11,255.08,0.0,0.02,6.25,0.0,Dec,2,2,1,1,Returning_Visitor,False,False
-4,-88.5,1,20.39,1,1387.27,0.04,0.06,0.0,0.07,Nov,3,2,1,1,Returning_Visitor,False,False
2,55.4,2,295.1,9,744.0,-0.11,-0.07,18.59,0.09,Oct,2,2,7,2,Returning_Visitor,True,False
2,26.0,-1,-55.68,27,636.0,0.08,0.11,0.0,0.2,May,3,2,4,1,Returning_Visitor,False,False
-2,0.0,0,62.71,35,1767.38,0.05,0.04,21.79,0.34,May,3,2,3,10,Returning_Visitor,False,False
-2,48.5,1,90.81,35,668.1,0.01,0.02,21.7,0.0,Jul,2,4,1,2,Returning_Visitor,False,True
0,0.0,0,0.0,2,1026.46,0.0,0.04,4.41,-0.03,Dec,2,2,2,13,Returning_Visitor,False,False
1,-61.76,0,-48.93,28,488.93,0.0,0.02,32.54,0.0,Oct,3,2,7,20,Returning_Visitor,False,True
7,240.87,0,-300.0,56,656.77,0.04,0.05,0.0,0.12,Dec,3,2,1,1,Returning_Visitor,False,False
4,-57.43,0,-13.87,23,260.76,0.0,0.01,-16.9,0.0,Nov,3,4,3,3,Returning_Visitor,False,False
8,398.7,1,0.0,43,1250.24,0.0,0.01,5.71,0.4,May,1,1,2,2,Returning_Visitor,False,False
1,-220.45,0,-16.8,15,479.98,-0.02,0.01,16.1,-0.1,Feb,2,2,2,14,Returning_Visitor,False,True
7,343.22,0,0.0,16,1592.43,0.1,0.11,14.08,0.45,Oct,2,2,4,6,Returning_Visitor,False,True
4,140.84,2,298.0,-35,-1555.59,0.01,0.02,10.49,0.04,May,3,2,6,13,Returning_Visitor,False,False
0,0.0,0,-146.2,8,104.82,0.15,0.19,-38.22,0.07,Feb,1,5,4,3,Returning_Visitor,True,False
0,0.0,-1,0.0,14,1248.97,0.0,0.01,-7.14,0.0,Oct,2,2,1,13,New_Visitor,False,True
0,54.4,-1,0.0,-55,-2180.61,0.05,0.11,0.0,0.07,Dec,3,2,5,3,New_Visitor,True,False
7,-28.49,0,0.0,67,3322.68,-0.08,-0.07,0.0,0.22,May,2,2,6,4,Returning_Visitor,False,False
0,38.35,0,-59.08,3,249.0,0.0,0.02,0.0,0.0,Feb,2,4,9,2,New_Visitor,False,False
2,2.25,2,0.0,50,2217.37,0.0,-0.0,25.54,0.09,May,2,1,4,1,Returning_Visitor,False,True
3,65.71,2,0.0,16,850.51,0.0,0.04,-3.2,0.2,Feb,2,2,4,10,Returning_Visitor,False,False
0,40.96,1,0.0,-49,-1260.58,0.04,0.05,-3.06,-0.03,Oct,2,2,3,2,Returning_Visitor,False,False
-1,0.0,0,0.0,14,643.07,0.09,0.1,-4.69,0.13,Dec,2,1,7,3,Returning_Visitor,True,False
2,84.0,1,108.46,26,723.13,0.01,0.01,0.0,-0.08,Mar,1,1,1,2,Returning_Visitor,True,False
1,186.5,-1,-73.64,16,608.33,0.01,0.04,8.55,0.17,Dec,2,2,1,1,Returning_Visitor,False,True
6,615.88,0,111.17,179,10415.78,0.03,0.06,18.08,-0.16,Nov,2,2,3,3,Returning_Visitor,True,False
2,7.7,0,0.0,13,152.27,0.03,0.05,8.73,0.12,Nov,3,2,1,2,Returning_Visitor,False,False
1,135.07,-1,0.0,17,472.9,0.01,0.04,-8.91,0.25,Nov,3,2,3,9,Returning_Visitor,False,False
7,332.67,3,222.15,34,1822.84,0.01,0.01,-11.25,0.0,May,2,2,1,2,Returning_Visitor,False,False
4,145.72,1,-34.27,88,3410.88,0.03,0.09,3.57,0.69,Aug,3,2,4,7,Returning_Visitor,False,False
0,-164.5,1,46.21,111,1624.75,0.01,0.03,0.0,-0.13,Aug,2,6,1,2,Returning_Visitor,False,False
0,34.89,1,23.0,4,-78.36,0.11,0.09,0.0,0.0,Mar,2,5,3,1,Returning_Visitor,False,False
-2,54.12,-1,-145.36,17,1155.22,0.01,0.01,-12.36,0.0,Mar,2,2,4,2,Returning_Visitor,False,True
0,81.44,0,0.0,73,2927.93,0.01,0.03,6.14,0.0,Nov,3,2,4,2,Returning_Visitor,False,False
6,294.07,6,1343.25,51,3666.6,0.01,0.04,0.1,-0.01,Feb,2,2,1,2,Returning_Visitor,False,False
3,146.74,0,0.0,35,999.0,-0.04,0.01,-5.8,0.31,May,3,2,7,4,Returning_Visitor,False,False
1,41.0,0,0.0,43,2922.22,0.0,0.01,7.2,-0.01,Mar,2,2,1,1,Returning_Visitor,False,False
4,9.47,1,-122.57,34,1006.26,0.06,0.1,14.79,0.13,Oct,2,2,3,3,New_Visitor,False,False
0,0.0,0,181.28,41,-241.1,0.03,0.07,0.0,0.0,Jul,1,8,1,1,Returning_Visitor,False,False
3,117.63,1,196.64,49,1758.25,0.12,0.12,0.0,0.07,Sep,2,5,1,1,Returning_Visitor,False,True
-2,-124.97,0,0.0,30,514.0,0.0,0.05,-61.72,0.0,Mar,2,2,3,1,Returning_Visitor,False,False
-1,161.62,1,-160.88,10,511.25,0.01,0.01,7.85,0.0,Dec,3,2,3,3,Returning_Visitor,False,True
4,79.6,-1,50.96,28,2525.28,0.01,0.01,0.0,-0.08,Sep,2,2,2,3,Returning_Visitor,False,False
0,0.0,-1,-7.57,50,1967.63,0.06,0.03,48.83,0.12,Aug,2,2,5,4,Returning_Visitor,False,False
0,227.56,0,-95.3,47,2408.22,0.0,-0.0,-8.71,0.0,Mar,2,2,2,1,Returning_Visitor,False,False
-1,1.12,1,0.0,38,1166.17,0.0,0.0,18.61,-0.14,Feb,1,2,9,20,New_Visitor,False,True
2,192.77,0,0.0,18,268.0,0.0,0.02,59.52,0.0,Nov,2,2,4,2,New_Visitor,False,True
0,0.0,0,0.0,64,2775.26,-0.0,-0.01,0.0,0.0,Nov,3,2,9,2,Returning_Visitor,False,False
0,-44.5,0,0.0,-11,-936.27,-0.1,-0.05,27.04,0.6,May,1,1,4,2,Returning_Visitor,False,False
0,0.0,0,0.0,1,726.69,0.02,0.04,17.02,0.0,May,2,2,1,1,Returning_Visitor,True,False
0,0.0,1,0.75,7,334.38,0.0,0.04,0.0,0.0,Sep,2,1,3,4,Returning_Visitor,False,False
3,245.66,2,-119.18,7,87.72,-0.04,-0.01,16.47,0.8,May,2,2,4,3,Returning_Visitor,False,False
2,236.75,1,200.09,9,2228.74,-0.04,0.02,37.52,0.11,May,2,1,1,4,Returning_Visitor,False,True
3,181.6,2,722.52,61,2349.54,-0.0,-0.01,47.47,0.0,Feb,3,2,1,6,Returning_Visitor,False,False
0,0.0,0,10.49,-46,-1049.65,0.14,0.2,0.0,0.0,May,3,2,9,1,Returning_Visitor,True,False
9,581.62,0,56.88,55,2060.44,0.02,0.01,0.0,0.11,Mar,1,5,5,10,Returning_Visitor,False,False
-2,-284.82,0,0.0,0,-389.46,0.01,0.04,34.92,0.05,Mar,2,2,1,1,Returning_Visitor,False,False
0,168.02,1,218.29,5,526.68,0.07,0.05,27.32,-0.18,Jul,2,2,1,3,Returning_Visitor,False,False
4,0.0,0,99.14,1,-135.64,0.17,0.2,-11.27,0.09,Feb,2,2,3,5,Returning_Visitor,False,False
4,-77.8,2,124.62,16,520.33,0.0,0.02,18.63,-0.05,May,1,1,4,2,New_Visitor,True,False
4,18.6,0,0.0,85,2783.56,0.0,0.01,37.42,0.08,Feb,2,2,1,1,Returning_Visitor,True,False
4,95.93,-1,-115.91,30,759.67,0.01,0.02,0.0,0.08,May,4,1,1,4,Returning_Visitor,False,False
7,123.5,0,156.81,27,477.5,0.0,0.01,-12.7,0.0,May,3,2,4,4,Returning_Visitor,False,False
4,119.61,0,0.0,15,-435.62,0.01,0.01,0.0,0.0,Oct,1,1,8,3,New_Visitor,False,False
7,422.14,0,0.0,18,1090.53,0.01,0.01,69.28,0.0,May,2,2,1,3,Returning_Visitor,False,True
2,254.75,0,0.0,9,12.0,0.02,0.06,1.93,0.0,Dec,1,2,1,3,Returning_Visitor,False,False
-2,0.0,-1,0.0,10,232.38,0.02,0.07,9.63,0.0,Dec,3,2,1,1,Returning_Visitor,False,False
9,1104.2,1,214.96,18,1826.44,0.01,0.01,0.0,0.0,Oct,4,1,3,8,Returning_Visitor,True,False
2,48.5,1,91.93,77,2105.17,0.04,0.08,13.13,0.0,Oct,2,2,1,4,New_Visitor,False,False
0,34.99,1,-46.55,72,2050.0,0.02,0.04,-6.4,0.01,Oct,3,2,1,3,Returning_Visitor,False,False
1,-37.45,-1,-117.89,47,181.35,-0.03,0.01,0.0,0.13,Jul,1,1,3,2,New_Visitor,False,False
1,34.0,1,61.36,57,627.31,-0.01,0.01,0.0,-0.29,Mar,2,2,4,8,Returning_Visitor,False,False
-3,-184.6,0,240.9,13,460.8,0.0,0.01,0.93,-0.24,Mar,4,1,7,10,Returning_Visitor,True,False
0,-35.28,0,-23.23,10,133.83,0.04,0.04,0.0,0.25,Mar,4,5,4,5,Returning_Visitor,False,False
-1,70.6,0,-111.6,30,515.23,0.0,0.02,0.0,0.2,Feb,1,1,1,1,Returning_Visitor,False,False
5,312.05,3,0.0,47,2591.89,0.05,0.07,0.0,0.0,Nov,1,1,9,4,Returning_Visitor,False,False
3,0.0,1,0.0,1,154.62,0.08,0.12,-5.18,-0.16,Jul,2,2,3,1,Returning_Visitor,False,False
5,159.33,1,0.0,42,2365.43,0.01,0.03,16.69,0.28,May,4,1,1,2,New_Visitor,False,False
7,228.72,1,0.0,4,1750.64,0.02,0.03,13.31,0.49,Oct,1,8,1,1,New_Visitor,False,False
0,105.76,-1,-6.84,26,781.5,0.01,0.02,-13.53,0.2,May,2,2,1,1,Returning_Visitor,False,False
2,11.0,3,0.0,54,1637.54,0.07,0.02,-4.23,0.26,Oct,2,2,1,13,Returning_Visitor,False,False
2,0.0,0,0.0,6,0.0,0.2,0.2,-10.8,0.03,Dec,2,2,1,13,Returning_Visitor,False,False
7,151.37,2,52.45,30,1011.92,0.03,0.06,-0.13,0.0,Aug,2,2,1,1,Returning_Visitor,False,False
0,21.0,0,-87.37,31,1998.25,0.01,0.04,-20.56,0.09,Nov,2,2,1,2,Returning_Visitor,False,False
-4,71.5,-1,37.0,-72,-2559.06,0.05,0.07,0.0,0.0,May,2,2,3,2,Returning_Visitor,False,False
3,222.18,0,-11.44,38,849.54,0.0,-0.0,5.94,0.0,Feb,1,5,1,1,Returning_Visitor,True,False
1,58.5,1,-118.85,15,1012.17,0.06,0.08,23.22,0.04,Nov,3,2,1,1,Returning_Visitor,False,True
3,2.0,1,95.17,24,350.94,0.02,0.04,22.29,0.0,May,2,2,3,1,Returning_Visitor,False,False
4,-56.19,0,-143.22,33,318.75,0.0,0.03,17.34,-0.46,Nov,2,2,1,1,Returning_Visitor,False,True
0,326.72,0,0.0,5,278.0,0.0,0.03,0.0,-0.17,Aug,2,5,1,2,Returning_Visitor,True,False
0,18.01,0,142.85,22,561.22,0.2,0.19,24.03,-0.06,Nov,2,2,7,1,Returning_Visitor,True,False
0,50.32,0,-46.85,13,504.23,-0.04,0.02,0.0,0.09,Mar,2,2,1,1,Returning_Visitor,False,False
0,0.0,0,-93.33,63,2409.68,0.03,0.06,0.0,0.07,Dec,4,1,1,2,Returning_Visitor,True,False
1,42.82,1,-86.77,14,302.98,-0.04,-0.02,0.0,0.25,May,2,1,1,3,Returning_Visitor,False,False
2,-124.58,0,0.0,-28,-543.33,0.2,0.2,-25.51,-0.14,May,1,2,1,6,Returning_Visitor,False,False
0,-42.57,1,0.0,71,2072.54,0.0,0.03,15.48,-0.16,May,3,2,1,1,Returning_Visitor,False,False
3,98.5,1,21.25,46,2984.63,0.0,0.02,-13.6,0.08,Feb,1,1,1,2,Returning_Visitor,True,False
-1,0.0,1,0.0,8,185.0,-0.0,0.03,0.0,0.0,Dec,3,2,1,10,Returning_Visitor,False,False
2,101.65,0,-47.35,56,2194.86,-0.0,0.0,0.0,-0.02,Oct,1,1,1,2,Returning_Visitor,False,False
1,215.88,0,-71.89,95,3155.3,0.0,0.01,21.89,-0.2,Oct,2,2,7,2,New_Visitor,False,False
5,-71.78,0,0.0,16,426.32,0.0,0.03,0.0,-0.15,Nov,2,2,1,8,Returning_Visitor,False,False
3,183.5,2,29.67,52,2211.61,0.01,0.01,6.17,0.0,Mar,4,2,2,2,Returning_Visitor,False,True
1,-7.84,0,226.29,17,-187.15,0.03,0.05,0.0,0.0,Oct,3,2,9,4,Returning_Visitor,False,False
6,272.68,0,0.0,113,5883.04,0.0,0.01,10.36,0.0,May,1,1,1,1,Returning_Visitor,True,False
2,14.0,0,0.0,40,1806.5,0.0,0.04,0.0,0.13,May,2,2,9,6,New_Visitor,False,False
4,552.2,1,160.45,98,4103.81,0.07,0.09,0.0,0.0,Oct,3,2,1,13,Returning_Visitor,False,False
6,-66.3,2,-72.49,-15,-1055.71,0.02,0.04,0.0,0.0,Oct,3,2,1,13,Returning_Visitor,False,False
0,41.0,0,-24.04,22,1884.57,0.01,0.06,0.0,0.0,May,1,1,3,3,New_Visitor,True,False
2,80.34,2,28.66,153,5523.93,-0.01,0.01,20.62,-0.01,Oct,4,5,4,20,Returning_Visitor,False,True
3,169.52,3,62.75,35,680.26,0.02,0.04,72.07,0.0,Feb,1,1,1,2,Returning_Visitor,False,False
7,157.18,0,165.18,57,1971.16,0.07,0.09,24.17,0.14,Oct,2,2,3,1,Returning_Visitor,True,True
5,494.19,0,-162.27,84,2940.3,0.11,0.09,13.97,0.0,Mar,1,5,2,7,Returning_Visitor,False,False
2,484.41,7,383.1,53,1352.83,-0.0,0.02,21.37,-0.2,Dec,3,2,1,2,Returning_Visitor,False,False
1,5.5,1,135.55,70,2985.23,0.03,0.05,-13.58,-0.29,Mar,3,2,2,9,Returning_Visitor,False,False
0,86.67,0,-64.16,-12,220.58,0.07,0.07,0.0,0.0,Mar,3,3,1,2,Returning_Visitor,False,False
3,-118.08,1,0.0,73,3441.44,0.01,0.01,10.52,-0.36,Dec,3,2,4,10,Returning_Visitor,False,False
3,75.6,0,0.0,94,2304.69,0.01,0.02,0.0,-0.03,Aug,3,2,6,3,Returning_Visitor,False,False
6,293.1,3,82.0,91,2895.13,-0.02,0.01,-7.41,0.0,Mar,2,2,1,11,Returning_Visitor,False,True
0,0.0,0,-23.16,4,598.6,0.0,0.03,-11.31,0.28,Mar,2,2,4,4,Returning_Visitor,False,False
-3,-31.65,0,0.0,17,538.97,0.01,0.03,-11.9,-0.11,Mar,2,2,1,2,Returning_Visitor,False,False
8,598.93,2,112.65,122,4913.69,0.04,-0.01,22.88,0.08,Mar,1,1,2,4,Returning_Visitor,False,False
-1,0.0,1,0.0,7,128.5,0.06,0.09,26.93,0.18,Mar,1,1,1,10,Returning_Visitor,False,False
11,462.74,2,0.0,133,4885.05,-0.03,-0.01,39.76,0.0,Nov,2,2,9,2,Returning_Visitor,False,False
-1,83.03,-1,-66.48,-8,128.39,0.0,0.0,0.0,0.0,Dec,1,1,1,1,Returning_Visitor,False,False
5,0.0,1,0.0,-22,39.95,0.03,0.05,-0.2,0.09,Mar,2,2,1,1,Returning_Visitor,True,False
0,17.89,1,132.66,3,27.2,0.15,0.13,-24.0,-0.14,Oct,3,2,4,4,Returning_Visitor,False,False
0,110.07,0,22.88,3,1174.16,0.0,0.03,0.0,0.0,Mar,1,2,3,2,Returning_Visitor,True,False
7,235.06,1,0.0,85,2034.61,-0.01,0.03,31.8,0.0,Feb,2,2,3,2,Returning_Visitor,True,False
4,188.02,2,140.61,32,1737.04,-0.0,0.02,6.12,-0.03,Nov,1,1,3,1,Returning_Visitor,True,False
9,210.57,1,122.77,24,-71.59,0.02,0.03,0.0,-0.05,Aug,1,1,9,8,New_Visitor,False,True
0,0.0,0,74.73,34,1085.44,0.0,0.04,0.0,0.34,Feb,3,2,1,1,Returning_Visitor,False,False
2,3.41,2,0.0,85,4478.7,0.01,0.05,-20.22,0.16,Nov,3,2,1,2,Returning_Visitor,False,True
2,61.3,4,284.95,139,3800.49,-0.04,0.0,24.14,0.2,Nov,2,2,9,9,Returning_Visitor,False,True
1,41.16,1,189.5,22,2297.8,0.01,0.04,19.0,0.4,May,3,1,1,4,Returning_Visitor,False,True
-2,0.0,0,53.16,80,3863.64,-0.01,0.04,0.7,-0.13,Jul,2,2,1,2,Returning_Visitor,False,False
7,453.4,2,148.38,80,3167.22,-0.01,0.01,-22.2,-0.2,Nov,2,2,3,2,Returning_Visitor,False,False
0,0.0,0,-51.66,24,1085.22,0.01,0.02,26.7,0.0,Mar,2,2,3,4,Returning_Visitor,False,False
1,218.8,0,93.97,5,830.06,0.0,0.02,11.21,-0.06,Feb,1,4,7,10,New_Visitor,False,True
0,-141.8,-2,-20.58,5,59.0,0.06,0.07,-28.61,0.0,Mar,2,2,7,1,Returning_Visitor,False,False
2,123.62,0,-206.15,43,2595.28,0.16,0.15,18.85,0.0,Nov,2,4,7,3,Returning_Visitor,False,False
0,17.6,3,53.2,114,5066.66,0.01,0.06,0.0,0.1,Mar,3,2,7,3,Returning_Visitor,False,False
5,48.36,0,0.0,68,3258.07,0.0,0.05,-11.5,0.0,May,2,2,1,2,New_Visitor,True,False
2,6.0,0,0.0,-30,160.7,-0.02,0.02,0.0,0.13,Sep,1,1,4,2,New_Visitor,False,True
0,0.0,1,-67.62,-5,306.96,0.03,0.07,0.0,0.0,Mar,3,2,6,2,Returning_Visitor,True,False
0,0.0,0,72.28,-14,123.0,0.01,0.02,1.48,0.12,Mar,2,2,6,1,Returning_Visitor,True,False
0,0.0,0,-1.16,2,894.44,0.2,0.24,-16.09,0.39,May,2,2,7,13,Returning_Visitor,False,False
1,11.33,-1,0.0,13,302.39,0.09,0.09,0.0,0.0,Jul,2,2,2,1,Returning_Visitor,False,False
0,0.0,1,0.0,6,-1279.07,0.0,0.03,16.79,0.0,Dec,2,2,1,3,Returning_Visitor,False,False
1,90.6,2,116.72,36,1396.38,0.05,0.08,0.0,0.0,Aug,3,2,3,1,Returning_Visitor,False,False
-3,-97.6,0,0.0,23,-434.91,-0.04,-0.01,-10.92,0.3,May,2,2,9,4,Returning_Visitor,False,False
15,712.02,9,1529.2,271,10651.86,0.01,-0.01,12.23,0.0,Oct,1,1,4,2,Returning_Visitor,True,False
-2,-112.43,-1,-127.81,9,-257.65,0.0,0.05,-29.31,0.0,Nov,2,2,1,10,Returning_Visitor,True,False
7,151.64,3,358.01,21,593.81,-0.01,0.01,43.81,0.12,Nov,3,2,2,2,Returning_Visitor,False,True
4,296.04,3,46.25,52,1837.49,-0.04,0.02,0.0,0.2,Oct,1,1,2,4,New_Visitor,False,False
0,12.03,-1,-217.71,11,0.0,0.01,0.04,0.0,-0.32,Mar,1,1,1,1,Returning_Visitor,False,False
4,319.97,0,137.37,57,2532.44,-0.01,0.0,-9.78,0.26,Feb,2,2,1,2,Returning_Visitor,True,False
10,294.66,2,97.64,113,3173.21,-0.07,-0.05,46.85,0.0,June,2,2,4,9,Returning_Visitor,False,False
3,110.29,2,84.42,25,357.17,-0.07,-0.02,0.0,0.0,Dec,4,1,6,2,New_Visitor,True,False
3,0.0,0,-73.17,30,805.83,0.0,0.03,0.0,-0.19,Nov,1,1,3,1,New_Visitor,False,False
-1,105.8,0,107.64,-18,238.67,0.0,0.03,-0.24,-0.06,Dec,2,2,5,14,New_Visitor,False,False
0,82.87,0,161.43,-3,323.3,0.1,0.09,0.0,-0.22,June,2,2,6,1,Returning_Visitor,True,False
0,288.62,1,-69.8,5,-722.61,0.07,0.12,0.0,0.7,May,1,8,1,10,Returning_Visitor,False,False
0,215.39,3,243.67,3,852.48,0.0,0.03,0.0,0.0,Dec,3,2,3,2,Returning_Visitor,False,False
-1,-123.21,0,0.0,-13,-988.54,0.02,0.05,-7.56,-0.09,Feb,1,1,3,1,Returning_Visitor,False,False
2,387.52,-1,-113.4,19,370.41,0.09,0.1,24.29,0.18,May,2,2,5,2,New_Visitor,False,True
9,406.02,2,6.0,87,2170.76,0.0,0.01,10.24,0.0,Nov,2,2,3,2,Returning_Visitor,True,True
0,-126.18,0,-65.59,-3,416.83,-0.02,0.02,0.0,-0.3,Dec,1,1,7,2,Returning_Visitor,True,False
0,-39.08,0,281.74,1,0.0,0.04,0.03,15.8,-0.27,Jul,2,2,6,10,Returning_Visitor,True,False
1,312.99,2,199.82,17,2641.42,0.02,0.02,0.0,0.0,Aug,3,2,4,1,Returning_Visitor,False,False
2,133.69,0,-10.19,38,2640.02,0.0,0.02,-1.36,0.02,Nov,1,1,2,2,Returning_Visitor,False,False
2,58.4,0,0.0,54,1308.61,0.0,0.03,11.7,0.0,Sep,4,1,9,11,Returning_Visitor,False,True
1,116.3,0,11.0,14,926.67,0.04,0.03,0.0,0.02,May,3,2,1,4,Returning_Visitor,True,False
0,13.91,-1,-158.1,4,350.37,0.02,0.06,0.0,0.0,Jul,2,2,1,2,Returning_Visitor,False,False
-1,0.0,0,0.0,27,1285.91,0.08,0.09,24.74,0.0,Feb,2,2,1,1,Returning_Visitor,False,False
0,-267.32,0,0.0,-1,0.0,0.0,0.02,9.37,0.45,Aug,2,2,3,2,Returning_Visitor,False,False
1,0.0,0,75.81,41,799.9,0.03,0.06,0.0,0.19,Aug,2,2,1,15,Returning_Visitor,False,False
0,19.48,1,-66.86,6,30.0,0.18,0.17,0.0,0.32,May,2,2,6,13,Returning_Visitor,False,False
9,412.09,3,343.88,124,5076.38,0.0,0.01,28.42,-0.27,Dec,1,2,1,13,Returning_Visitor,False,True
0,187.63,0,0.0,19,445.28,0.04,0.05,2.45,1.0,May,3,2,1,3,Returning_Visitor,True,False
6,178.39,0,111.17,45,895.83,-0.04,-0.0,0.0,-0.26,Nov,1,1,6,1,Returning_Visitor,False,False
-2,-196.68,2,186.53,-48,-1161.26,0.04,0.09,5.21,0.04,Oct,3,2,9,13,Returning_Visitor,False,False
2,-87.7,0,0.0,16,602.0,0.01,0.04,0.0,0.0,May,2,2,3,2,Returning_Visitor,True,False
0,-7.52,0,23.69,1,0.0,0.02,0.05,1.86,0.0,Mar,2,1,9,13,Returning_Visitor,False,False
4,0.0,3,143.93,57,3319.15,0.0,0.03,38.37,1.0,May,2,2,2,2,New_Visitor,True,False
2,5.0,0,0.0,13,545.57,0.01,0.07,-8.3,0.12,Mar,2,2,3,13,Returning_Visitor,False,True
2,0.0,0,-31.13,4,-261.37,-0.01,0.02,24.73,0.34,May,2,5,2,6,Returning_Visitor,False,False
-1,37.76,0,80.42,5,381.69,0.01,0.05,9.81,0.21,Feb,2,4,2,1,Returning_Visitor,False,False
5,0.0,0,-78.48,31,1411.28,0.01,0.04,27.25,0.0,Aug,3,2,3,2,Returning_Visitor,False,False
0,26.88,0,0.0,33,2861.97,-0.04,-0.02,21.06,-0.13,Jul,2,2,1,2,Returning_Visitor,False,False
5,-36.15,0,59.72,10,439.86,0.05,0.08,-6.19,0.0,Dec,1,1,7,3,Returning_Visitor,True,False
1,0.0,2,120.5,54,1319.47,0.06,0.07,22.16,-0.07,Dec,1,2,1,2,New_Visitor,False,False
1,5.0,0,99.28,9,490.94,0.11,0.13,-22.53,0.11,Oct,2,2,1,1,Returning_Visitor,True,False
0,-117.9,-1,0.0,6,78.75,0.03,0.07,0.0,0.0,Nov,2,2,9,3,Returning_Visitor,True,False
2,25.1,0,132.35,-22,366.28,-0.02,0.03,0.0,-0.43,Dec,2,2,3,2,Returning_Visitor,False,False
3,141.34,2,19.06,-1,1064.34,0.02,0.03,24.32,0.07,Aug,3,2,2,6,Returning_Visitor,False,False
3,26.18,1,0.0,22,1109.25,0.0,0.02,26.88,0.02,May,2,2,1,4,Returning_Visitor,False,False
1,47.0,0,-122.01,109,3436.98,-0.0,0.0,-19.34,0.0,Feb,3,2,3,2,Returning_Visitor,False,True
0,72.08,1,0.0,10,0.04,0.02,0.05,14.79,0.1,Oct,4,6,7,1,Returning_Visitor,False,False
0,-27.87,1,0.0,2,-327.4,-0.01,0.03,17.93,0.11,Aug,2,4,1,4,Returning_Visitor,True,False
0,0.0,0,108.43,30,791.92,0.01,0.03,0.0,0.33,May,2,2,4,2,Returning_Visitor,False,False
3,214.88,0,0.0,95,3301.89,0.0,-0.02,13.66,0.18,Mar,2,4,3,2,Returning_Visitor,False,False
0,-86.93,1,0.0,21,1064.16,0.05,0.08,0.0,-0.2,Nov,3,2,2,20,Returning_Visitor,False,False
0,0.0,0,286.61,15,122.0,0.0,0.04,-4.07,0.37,May,4,1,4,5,Returning_Visitor,True,False
-4,9.66,0,0.0,-29,146.66,0.03,0.07,0.0,-0.15,May,1,1,3,3,Returning_Visitor,True,False
0,0.0,0,-3.11,9,676.11,0.06,0.07,-25.71,-0.2,Nov,4,2,1,4,Returning_Visitor,False,False
0,104.5,1,0.0,-57,-2066.89,0.0,0.05,0.0,0.0,Dec,1,1,4,3,New_Visitor,True,False
4,36.11,2,-135.38,61,2741.36,0.01,0.03,0.0,0.17,Nov,3,2,1,3,Returning_Visitor,True,False
-4,-131.7,0,118.28,1,0.0,0.2,0.2,0.0,0.18,Nov,1,1,6,9,Returning_Visitor,False,False
2,0.0,0,25.75,92,3033.03,-0.04,-0.03,0.0,0.04,Nov,1,1,3,3,Returning_Visitor,False,False
1,-104.75,0,-267.33,41,2103.94,-0.06,-0.01,32.68,0.3,Aug,2,2,1,1,Returning_Visitor,False,False
2,86.2,1,-44.13,48,1100.21,0.0,0.04,-3.14,0.23,Aug,1,1,9,2,Returning_Visitor,False,True
3,-54.2,0,95.19,27,-210.13,0.0,0.06,0.0,0.0,Nov,2,5,5,1,Returning_Visitor,True,False
3,124.92,0,0.0,66,2544.05,0.02,0.03,-3.78,-0.05,Nov,3,2,2,2,Returning_Visitor,False,False
2,79.54,0,84.27,39,1055.58,0.01,0.02,0.63,0.08,Mar,1,1,1,4,Returning_Visitor,False,False
0,30.75,0,-31.88,20,804.25,-0.01,0.03,1.6,0.19,Oct,3,2,2,1,Returning_Visitor,True,False
3,-122.7,0,0.0,-11,39.5,0.03,0.1,-11.84,-0.22,Dec,3,2,2,1,New_Visitor,False,False
0,0.0,-1,0.0,57,1643.47,0.13,0.13,19.8,0.0,Jul,3,2,1,3,Returning_Visitor,True,False
-2,0.0,0,28.95,1,1244.7,0.2,0.24,-12.63,0.0,Nov,2,2,5,5,Returning_Visitor,False,False
4,121.8,0,136.38,15,848.63,-0.03,0.01,0.0,0.0,Nov,2,2,3,2,New_Visitor,False,False
0,-53.12,-1,-3.79,6,-1989.57,0.03,0.02,5.49,-0.09,Jul,3,2,8,6,New_Visitor,False,True
0,106.51,0,277.01,11,-18.35,0.04,0.03,0.0,-0.27,Nov,2,2,3,20,Returning_Visitor,False,False
4,52.0,0,-144.5,23,360.0,0.02,0.03,1.5,0.2,May,2,2,1,2,Returning_Visitor,False,False
9,327.4,0,0.0,18,102.5,0.11,0.08,33.44,0.0,Aug,3,6,4,3,Returning_Visitor,True,False
3,140.92,2,125.38,42,1112.16,0.0,0.01,-6.88,0.0,Feb,3,10,1,5,Returning_Visitor,False,False
2,0.0,0,-149.62,12,166.0,0.03,0.04,0.0,0.0,Mar,2,2,7,2,Returning_Visitor,True,False
1,0.0,-1,-100.59,4,99.0,0.09,0.12,0.0,0.03,Feb,1,2,6,13,Returning_Visitor,False,False
0,160.0,-2,-145.3,-78,-3936.51,0.04,0.08,-0.11,0.01,Mar,3,2,2,2,Returning_Visitor,False,False
0,21.75,0,0.0,24,327.86,0.06,0.06,-4.01,-0.03,Feb,3,2,9,1,Returning_Visitor,True,False
1,70.76,1,22.62,13,-1176.78,0.0,0.05,-0.02,0.1,Nov,2,2,3,2,Returning_Visitor,False,True
5,76.0,0,178.89,104,3499.83,0.05,0.04,0.0,0.0,Dec,1,1,1,3,Returning_Visitor,True,False
3,0.0,0,-276.44,3,0.0,0.18,0.2,-16.07,0.27,May,1,1,9,1,Returning_Visitor,False,False
5,156.63,0,238.07,6,140.0,0.0,0.03,6.09,-0.12,Mar,3,2,1,1,Returning_Visitor,False,False
1,-42.42,0,0.0,23,888.56,0.02,0.03,0.0,0.0,May,2,1,1,7,Returning_Visitor,False,False
9,222.75,2,178.32,94,4374.42,-0.04,-0.01,22.56,0.0,Dec,3,2,2,2,New_Visitor,False,False
2,78.45,-1,0.0,41,1217.15,0.08,0.08,-1.92,0.0,Dec,2,2,7,1,Returning_Visitor,False,False
2,108.41,0,0.0,26,1875.1,0.01,0.03,12.71,-0.07,Sep,2,4,4,2,Returning_Visitor,False,False
0,0.0,0,-204.88,13,-161.28,0.0,0.05,-11.25,0.0,May,1,1,1,5,Returning_Visitor,False,False
1,-49.46,0,-175.56,16,1238.05,0.0,0.05,-8.33,0.08,Feb,1,1,7,3,Returning_Visitor,True,False
-1,-134.46,3,0.0,4,-84.17,0.05,0.1,0.0,0.18,May,4,1,1,15,Returning_Visitor,False,False
2,23.06,3,248.96,98,2900.5,0.05,0.02,19.16,0.11,Nov,2,2,1,1,Returning_Visitor,False,True
3,127.1,1,-20.58,11,-165.26,-0.02,0.02,0.0,0.18,Oct,4,2,2,2,Returning_Visitor,True,False
4,-27.65,3,123.98,-5,419.75,-0.0,0.04,0.0,-0.13,Nov,2,2,3,10,Returning_Visitor,False,False
5,78.63,-2,-155.37,1,176.83,0.01,0.02,0.0,-0.23,Jul,1,1,6,1,New_Visitor,False,False
3,-1.81,0,-47.35,33,75.03,0.01,0.03,-21.47,0.0,Dec,1,1,1,2,Returning_Visitor,False,False
0,-250.91,2,0.0,91,3879.42,0.03,0.02,25.56,0.0,Dec,2,1,1,3,Returning_Visitor,True,False
4,324.48,0,26.79,28,1305.61,-0.0,0.01,4.52,0.0,May,2,2,6,4,Returning_Visitor,False,False
1,74.0,0,0.0,21,318.73,0.02,0.05,6.15,-0.09,Mar,2,2,1,2,Returning_Visitor,True,False
1,76.77,-1,-114.05,9,620.59,-0.0,0.02,2.15,-0.06,Dec,1,2,8,2,Returning_Visitor,True,False
-2,0.0,1,0.0,1,0.0,0.2,0.2,4.0,0.0,May,2,1,1,7,Returning_Visitor,False,False
0,-156.38,0,0.0,2,22.0,0.06,0.1,0.0,0.18,Mar,4,1,1,8,Returning_Visitor,False,False
8,39.0,0,93.92,27,952.28,0.01,0.0,19.56,0.35,Aug,4,8,4,6,New_Visitor,False,True
3,-149.05,1,10.0,45,1547.0,0.0,0.02,29.36,0.0,Dec,2,2,1,1,Returning_Visitor,False,False
3,265.43,2,340.68,158,5143.17,0.03,0.01,23.04,0.0,Mar,3,2,8,1,Returning_Visitor,False,False
-1,17.0,0,72.07,-2,732.62,0.0,0.01,28.22,0.0,Nov,1,1,1,3,New_Visitor,False,False
9,333.87,4,235.45,39,1406.92,0.03,0.04,17.06,0.02,Sep,3,2,6,4,Returning_Visitor,False,False
2,-3.91,0,0.0,8,-442.71,0.01,0.02,1.8,0.31,Aug,1,1,2,8,Returning_Visitor,True,False
-3,0.0,0,0.0,70,3320.75,0.05,0.09,11.5,0.6,May,2,2,1,3,Returning_Visitor,False,False
0,131.01,1,0.0,5,513.25,-0.0,0.01,5.18,0.0,Nov,3,2,7,9,Returning_Visitor,False,False
0,145.1,-1,-209.9,14,1236.44,0.0,0.03,-12.63,-0.19,Sep,4,5,1,3,Returning_Visitor,False,False
-1,-86.34,-1,0.0,11,269.96,-0.01,0.01,23.83,0.12,Jul,2,2,3,1,Returning_Visitor,False,False
1,-18.52,2,179.12,14,1043.23,0.09,0.14,9.76,0.0,Dec,2,2,1,14,Returning_Visitor,False,False
-1,56.0,0,-68.25,22,1380.99,-0.01,0.02,20.36,0.04,Mar,2,2,7,1,Returning_Visitor,False,False
0,119.0,-1,-123.58,-5,461.67,0.02,0.06,-2.25,0.09,Mar,2,2,3,3,Returning_Visitor,True,False
0,-338.73,0,-17.13,88,1917.68,-0.02,0.02,-20.53,0.2,May,2,1,3,1,Returning_Visitor,False,False
8,183.11,1,0.0,63,655.0,0.04,0.03,0.0,-0.25,Feb,4,1,3,1,Returning_Visitor,True,False
17,754.11,5,294.31,171,7301.07,0.0,0.03,12.51,0.0,Mar,1,1,1,1,Returning_Visitor,False,True
-1,0.0,0,-221.83,-6,1263.5,0.0,0.0,0.0,0.33,May,2,2,2,3,New_Visitor,False,False
0,112.38,-1,0.0,-5,-966.6,0.01,0.01,-1.49,0.0,Nov,2,2,1,2,Returning_Visitor,False,False
0,5.13,0,-41.64,79,3549.08,0.04,0.04,-17.81,0.0,Jul,2,2,1,14,Returning_Visitor,False,False
8,167.38,6,448.42,63,2333.61,0.01,0.01,112.67,0.0,Dec,3,2,1,2,Returning_Visitor,False,True
4,-50.79,2,65.5,37,2113.75,0.01,0.02,39.19,0.0,Nov,2,2,3,18,Returning_Visitor,False,False
9,237.35,0,0.0,46,1143.83,0.01,0.01,-10.95,0.12,Mar,1,1,4,1,Returning_Visitor,False,False
0,-92.37,3,242.23,88,3767.83,-0.07,-0.03,26.08,0.0,Aug,4,2,9,6,New_Visitor,False,False
2,109.36,0,0.0,97,3103.35,0.02,0.04,0.0,0.0,Nov,1,1,3,4,New_Visitor,True,False
-1,-54.83,1,0.0,3,20.2,0.0,-0.0,-19.22,0.0,May,2,2,2,2,New_Visitor,False,False
6,39.48,2,-106.6,33,794.84,-0.03,0.01,-12.11,0.0,Feb,1,1,9,4,New_Visitor,True,False
8,343.49,0,102.81,48,1229.68,-0.05,-0.02,7.56,0.0,Nov,1,1,1,2,Returning_Visitor,False,True
2,218.22,1,31.6,31,2209.79,0.0,0.0,15.74,0.01,Nov,2,2,1,2,Returning_Visitor,False,True
1,66.5,0,-66.62,16,1016.74,0.04,0.05,0.0,0.0,Aug,2,2,7,2,Returning_Visitor,False,False
1,195.03,0,-90.73,1,948.02,0.12,0.13,17.4,-0.16,Nov,2,2,1,6,Returning_Visitor,False,False
0,0.0,-1,0.0,26,119.0,0.09,0.11,9.33,-0.07,Nov,1,1,2,3,Returning_Visitor,False,False
7,156.93,0,0.0,-7,-439.94,0.2,0.17,22.48,-0.13,Aug,2,2,6,1,New_Visitor,False,False
-3,0.0,0,0.0,-25,-1620.76,0.2,0.2,12.36,0.64,May,2,2,3,3,Returning_Visitor,False,False
2,135.0,0,0.0,25,1108.25,0.1,0.14,1.09,0.16,May,3,2,8,4,Returning_Visitor,False,False
1,0.0,0,0.0,27,444.1,0.07,0.07,-5.31,0.6,May,2,6,1,3,Returning_Visitor,False,False
-2,-37.17,1,0.0,30,803.73,0.0,-0.0,-0.19,-0.02,Mar,2,2,1,1,Returning_Visitor,True,False
5,49.06,3,0.0,16,-417.61,0.05,0.1,25.72,0.0,Aug,3,2,2,8,Returning_Visitor,False,False
8,320.21,2,242.26,-20,-905.1,0.0,0.05,0.0,0.14,Mar,2,2,4,1,Returning_Visitor,True,False
5,168.2,0,0.0,37,1424.99,-0.0,0.01,0.0,-0.14,Nov,3,2,7,3,New_Visitor,True,True
2,320.91,0,7.25,20,1481.67,0.0,0.02,3.64,-0.15,Nov,1,1,1,3,New_Visitor,False,False
5,79.1,1,0.0,36,1081.11,0.02,0.03,-23.8,-0.05,Nov,1,2,2,3,Returning_Visitor,False,False
0,181.46,0,0.0,32,832.0,-0.03,0.02,-12.6,0.0,Dec,2,2,2,6,New_Visitor,False,False
2,245.2,1,98.49,58,1390.39,0.0,0.01,0.0,0.15,May,3,2,5,4,Returning_Visitor,True,False
3,157.06,2,514.0,138,6020.5,0.0,0.04,14.85,0.0,Jul,2,2,2,5,Returning_Visitor,False,True
3,0.0,-1,0.0,-84,-2626.36,0.01,0.02,11.32,-0.45,Dec,1,1,4,2,Returning_Visitor,False,False
0,-109.08,0,26.92,-24,-1006.48,0.02,0.06,-28.93,0.15,Mar,1,1,4,3,Returning_Visitor,True,False
-1,-235.19,0,106.33,45,896.79,0.01,0.05,10.98,0.0,Nov,2,2,7,2,Returning_Visitor,True,False
1,0.0,0,0.0,6,776.09,-0.01,0.02,-25.8,-0.05,Oct,4,2,1,9,Returning_Visitor,False,False
1,281.0,2,135.44,45,453.75,0.0,0.01,-15.28,-0.0,Mar,2,2,5,2,Returning_Visitor,False,False
0,0.0,0,0.0,5,-196.09,0.0,0.01,0.0,0.24,Aug,4,1,4,1,Returning_Visitor,False,False
1,65.88,0,104.93,47,2431.64,-0.02,0.01,6.77,0.0,Aug,2,5,1,4,New_Visitor,False,False
-4,0.0,1,284.61,13,503.0,0.0,0.02,0.0,-0.0,Oct,3,2,4,2,Returning_Visitor,False,False
0,0.0,-2,-131.57,-17,101.0,0.09,0.13,-0.61,0.0,May,2,4,1,1,Returning_Visitor,False,False
0,79.21,1,47.64,29,463.07,0.0,0.01,-24.3,0.18,Jul,2,2,2,2,Returning_Visitor,False,False
2,10.67,0,-3.11,54,162.27,0.06,0.1,-8.91,0.03,May,1,2,9,3,Returning_Visitor,False,False
0,0.0,0,-18.0,-34,-1248.15,0.04,0.06,23.98,0.04,Mar,3,5,2,2,Returning_Visitor,True,False
0,0.0,1,128.39,-1,658.99,0.0,0.02,19.38,0.0,Dec,3,4,4,12,Returning_Visitor,True,False
0,0.0,0,159.5,-69,-3300.05,0.03,0.05,8.7,0.0,Mar,1,1,3,2,New_Visitor,False,False
0,159.29,0,-77.65,-7,397.0,0.0,0.02,45.2,0.0,Mar,2,2,1,1,Returning_Visitor,False,False
2,142.29,1,710.0,66,3705.92,0.01,0.01,0.0,-0.09,Feb,2,2,1,2,Returning_Visitor,True,False
0,179.44,0,0.0,110,3175.15,-0.03,-0.04,0.0,0.0,Mar,2,2,2,1,Returning_Visitor,False,True
2,137.02,1,-67.58,17,825.08,0.0,0.01,-7.23,-0.04,Mar,2,4,2,2,Returning_Visitor,False,True
4,9.19,0,13.78,19,-1169.4,0.01,0.02,-2.08,0.0,Mar,3,2,9,1,Returning_Visitor,True,False
1,90.42,0,0.0,26,2473.49,0.0,0.05,-16.75,-0.12,Mar,1,2,5,13,New_Visitor,False,False
7,226.0,3,110.54,92,4836.49,0.0,0.01,-0.08,0.22,Aug,3,2,1,7,Returning_Visitor,False,True
0,-88.55,-1,0.0,-14,184.47,-0.0,0.05,13.76,0.03,May,2,4,6,3,Returning_Visitor,True,False
1,-255.2,1,0.0,-28,741.06,-0.01,0.04,15.67,0.0,Mar,3,2,4,10,Returning_Visitor,False,True
7,220.27,3,222.0,220,8961.41,0.03,0.02,58.91,0.0,Mar,2,2,2,5,Returning_Visitor,True,False
7,80.97,2,4.0,71,1643.33,0.01,0.02,30.34,0.32,May,4,2,7,4,Returning_Visitor,False,False
5,-99.97,0,0.0,-6,82.5,-0.02,0.03,0.0,0.0,May,2,2,6,5,New_Visitor,True,False
5,51.04,2,122.11,11,837.38,0.0,0.01,5.88,0.0,Nov,1,1,9,3,Returning_Visitor,False,True
0,0.0,0,0.0,2,40.5,0.08,0.1,6.77,-0.15,Feb,1,13,9,19,Other,False,False
2,193.43,2,215.91,43,907.51,0.0,0.0,0.0,0.0,Nov,1,1,1,2,Returning_Visitor,True,False
3,159.61,-1,0.0,90,3624.85,0.05,0.05,0.0,0.05,May,2,4,7,12,Returning_Visitor,True,False
4,86.0,2,170.61,51,2022.92,0.01,0.04,33.34,0.16,May,2,2,1,7,Returning_Visitor,False,False
2,47.0,0,123.63,17,1412.51,0.02,0.08,0.0,-0.07,Dec,2,2,4,2,Returning_Visitor,False,False
-2,56.5,0,0.0,36,541.88,0.0,0.01,15.15,0.1,Mar,1,3,1,2,New_Visitor,False,True
0,-80.02,2,0.0,23,427.75,0.04,0.06,-0.46,0.0,Oct,4,1,7,2,New_Visitor,True,False
3,378.47,0,0.0,13,950.67,0.06,0.08,16.95,0.0,Oct,3,2,1,3,Returning_Visitor,False,False
7,310.98,2,0.0,19,717.22,-0.0,0.04,0.0,0.2,Aug,2,2,1,4,Returning_Visitor,True,False
3,106.73,0,0.0,1,-1520.08,-0.02,0.02,48.19,-0.17,Nov,2,2,4,1,New_Visitor,False,False
0,49.33,1,123.08,22,848.73,0.04,0.08,0.0,-0.45,May,4,3,6,3,Returning_Visitor,True,False
1,80.01,0,170.69,43,37.0,0.08,0.11,0.0,-0.12,Mar,3,4,1,4,Returning_Visitor,False,False
2,-62.51,-1,0.0,49,871.17,-0.04,-0.02,62.52,0.0,Nov,3,2,1,2,Returning_Visitor,False,False
4,153.37,1,0.0,21,1430.66,0.02,0.03,4.18,0.0,Nov,2,6,1,1,Returning_Visitor,False,False
3,130.0,2,140.08,96,2472.24,0.04,0.04,3.84,0.0,June,1,1,9,3,Returning_Visitor,False,False
9,419.0,1,232.42,42,960.73,0.02,0.01,0.0,0.13,Mar,2,2,4,6,Returning_Visitor,True,False
8,355.0,0,-45.96,127,5844.93,-0.03,0.01,29.14,-0.2,Nov,1,2,3,4,Returning_Visitor,False,False
0,66.92,1,-253.09,7,-652.74,0.0,0.06,30.73,-0.36,Mar,2,2,7,2,Returning_Visitor,False,True
0,0.0,0,0.0,61,2259.2,0.01,0.04,0.0,0.35,May,2,2,5,3,Returning_Visitor,False,False
1,-123.63,-1,0.0,-30,94.23,0.0,0.02,0.0,-0.16,Jul,2,2,1,3,Returning_Visitor,False,False
0,19.16,-1,48.31,27,1760.89,0.09,0.14,-3.82,0.0,Oct,2,2,3,1,Returning_Visitor,True,True
5,-9.61,0,118.37,14,470.88,0.06,0.07,26.21,0.43,May,3,2,1,2,Returning_Visitor,False,True
0,0.0,0,-289.37,4,-1003.94,0.04,0.1,0.0,0.0,Mar,3,2,3,11,Returning_Visitor,False,False
1,-199.42,-1,0.0,2,-261.16,0.0,0.1,-2.16,0.51,Feb,2,1,1,1,Returning_Visitor,True,False
0,23.84,1,-21.93,111,5031.28,0.01,0.04,1.01,-0.25,Dec,2,2,4,2,Returning_Visitor,False,False
-3,92.0,0,0.0,-6,-72.93,0.02,0.04,0.0,0.22,May,1,1,1,4,Returning_Visitor,True,False
0,0.0,-1,46.76,30,577.54,0.03,0.01,90.93,0.33,Aug,2,2,5,2,Returning_Visitor,False,True
0,0.0,0,0.0,2,1156.71,0.0,0.05,-24.68,0.14,Dec,2,2,1,2,Returning_Visitor,True,False
2,4.0,2,0.0,14,201.87,0.0,0.07,25.73,0.17,Mar,2,2,8,10,New_Visitor,False,False
5,0.0,-1,40.12,87,1707.01,0.02,0.01,-12.9,0.0,Dec,2,2,3,2,Returning_Visitor,False,False
0,0.0,-1,0.0,12,1653.6,0.04,0.03,-0.82,0.0,Aug,2,2,7,3,Returning_Visitor,True,False
0,44.68,0,18.7,11,944.31,0.02,0.01,40.87,0.0,May,2,10,3,1,Returning_Visitor,False,True
3,172.75,0,47.03,34,1824.04,0.01,0.01,20.62,0.0,May,1,1,9,4,Returning_Visitor,True,True
1,-119.72,0,-15.33,16,77.91,0.0,0.02,31.51,0.08,Oct,2,2,2,3,Returning_Visitor,False,False
5,31.2,0,150.35,4,1044.98,0.0,0.03,-22.58,-0.07,Sep,1,1,6,8,New_Visitor,False,False
-2,39.43,-2,11.0,33,2032.6,0.0,-0.01,29.28,-0.09,Nov,2,2,2,1,New_Visitor,False,False
0,3.03,0,-94.33,5,54.44,0.11,0.14,-21.31,0.0,Nov,3,2,7,3,Returning_Visitor,False,False
2,992.71,4,809.5,28,3182.96,-0.08,-0.02,-25.42,0.0,Nov,2,2,9,2,Returning_Visitor,False,True
4,284.1,2,176.24,162,4660.93,0.0,0.03,-28.45,0.0,Nov,2,2,9,10,Returning_Visitor,False,True
7,312.99,3,227.47,154,5239.8,0.0,0.01,10.1,-0.13,Nov,1,1,1,1,Returning_Visitor,False,False
-1,0.0,-1,-86.55,27,0.0,0.2,0.21,8.07,-0.01,Nov,3,2,3,2,Returning_Visitor,False,False
6,71.08,0,-178.39,17,-561.85,0.01,0.02,17.69,-0.38,Jul,2,2,1,6,Returning_Visitor,False,True
1,192.97,0,0.0,23,975.75,0.04,0.05,9.31,0.0,May,1,1,1,1,Returning_Visitor,True,False
0,-16.99,1,0.0,17,687.96,0.08,0.11,2.25,0.27,Feb,1,1,2,2,Returning_Visitor,False,False
0,-162.2,0,72.18,15,0.0,0.2,0.22,-31.29,-0.0,Oct,3,2,7,1,Returning_Visitor,False,False
2,0.0,-1,33.63,-54,-1278.64,-0.03,0.03,66.21,0.0,Nov,2,2,1,2,Returning_Visitor,False,False
0,-102.55,0,0.0,10,-518.12,0.05,0.09,0.0,0.21,May,2,2,4,1,Returning_Visitor,False,False
3,31.0,0,-83.83,4,-826.64,-0.01,0.01,0.0,0.27,May,2,2,6,6,New_Visitor,True,False
4,61.0,0,0.0,16,666.59,0.0,0.03,17.54,-0.0,Oct,1,1,4,1,Returning_Visitor,False,True
0,136.5,-1,0.0,30,599.92,0.0,0.0,0.0,0.0,Jul,1,1,4,4,Returning_Visitor,False,False
8,245.33,4,56.21,14,429.68,0.01,0.06,38.84,0.0,Aug,2,2,1,1,Returning_Visitor,False,False
0,110.62,1,106.0,-2,192.6,0.01,0.07,-1.6,-0.04,Dec,3,2,2,11,Returning_Visitor,False,False
0,0.0,0,0.0,10,-170.35,0.06,0.07,5.49,0.0,Feb,2,2,4,3,Returning_Visitor,False,False
3,62.54,0,0.0,0,154.38,-0.02,0.0,0.0,0.0,Oct,2,4,1,6,New_Visitor,False,False
6,104.75,0,67.63,12,205.98,0.0,0.02,0.0,-0.24,Oct,2,4,3,1,Returning_Visitor,False,False
0,24.0,0,0.0,8,498.33,0.1,0.1,-19.98,0.14,Feb,2,2,2,1,Returning_Visitor,False,True
0,0.0,2,0.0,-10,325.5,0.04,0.06,0.0,-0.17,Nov,1,1,1,1,Returning_Visitor,True,False
0,0.0,0,-32.13,37,1357.34,0.05,0.09,-11.31,0.07,Dec,3,2,7,3,Returning_Visitor,False,False
5,0.0,0,183.42,82,1696.75,-0.02,0.01,32.64,0.0,Nov,3,2,1,3,Returning_Visitor,False,False
-1,190.87,0,-3.7,34,1546.08,0.04,0.08,0.0,0.33,Aug,2,2,9,4,Returning_Visitor,False,False
4,122.74,0,-196.25,74,3036.82,-0.02,0.02,18.44,0.05,May,4,1,7,1,New_Visitor,False,False
3,96.34,2,0.0,66,1386.68,0.03,0.05,0.0,0.4,May,1,1,1,6,Returning_Visitor,False,False
-1,305.6,-2,-71.54,-3,24.0,0.05,0.06,0.0,0.06,May,2,2,7,3,New_Visitor,False,False
0,0.0,3,0.0,93,3237.11,0.0,0.03,0.27,-0.03,Nov,3,2,3,9,Returning_Visitor,False,False
-5,-146.86,-1,0.0,13,670.99,0.2,0.2,-11.91,0.02,Jul,1,1,1,3,Returning_Visitor,False,False
0,0.0,0,0.0,2,-560.96,-0.0,0.01,-13.96,0.4,Feb,3,6,3,3,Returning_Visitor,False,False
4,54.5,1,39.84,50,2891.74,-0.03,-0.02,32.0,0.26,Aug,3,2,1,13,Returning_Visitor,True,False
6,-107.39,2,15.0,73,2697.14,0.0,0.02,-28.9,0.0,Jul,2,2,3,6,Returning_Visitor,False,True
-1,-213.31,0,0.0,20,393.89,0.04,0.04,31.5,0.0,Dec,3,6,4,1,Returning_Visitor,False,False
0,70.58,0,-138.94,6,102.59,-0.02,0.01,14.76,0.21,Feb,3,2,8,4,Returning_Visitor,True,False
3,69.69,1,135.07,4,44.4,0.0,0.04,-6.93,0.0,June,2,10,1,2,Returning_Visitor,False,False
2,23.2,0,0.26,29,59.4,0.0,0.01,22.57,0.0,Nov,3,4,1,5,Returning_Visitor,False,False
12,584.52,0,0.0,45,1792.54,0.0,0.01,18.64,0.0,Dec,3,2,2,2,Returning_Visitor,False,True
2,67.33,1,196.72,-12,0.0,0.06,0.09,-12.79,-0.0,Aug,2,2,1,3,New_Visitor,False,False
0,6.18,1,0.0,69,5793.52,-0.02,0.01,0.0,0.0,May,2,2,1,8,Returning_Visitor,True,False
-1,0.0,1,51.7,47,2075.64,0.02,0.01,32.44,0.0,Jul,3,2,1,2,New_Visitor,True,False
0,0.0,0,0.0,3,16.0,0.0,0.07,0.0,-0.27,May,3,2,1,4,Returning_Visitor,False,False
3,101.38,1,111.0,7,1001.0,0.0,0.01,1.13,0.16,Mar,2,2,1,1,Returning_Visitor,False,False
2,0.0,1,0.0,115,3939.61,0.0,0.0,-25.0,0.0,Oct,2,1,1,3,Returning_Visitor,False,True
6,405.12,1,0.0,19,2081.5,0.0,0.02,24.55,-0.04,Nov,2,2,3,2,New_Visitor,True,True
2,55.65,0,53.26,58,2531.58,0.0,0.07,32.91,0.0,May,2,2,1,10,New_Visitor,False,False
4,103.62,0,147.92,4,1432.32,0.05,0.03,17.16,0.38,Oct,1,1,3,1,Returning_Visitor,False,False
0,0.0,-1,-129.33,-39,-744.36,0.0,0.05,-10.5,0.2,May,2,2,1,4,New_Visitor,False,False
1,151.35,0,0.0,8,-337.73,0.01,0.04,0.0,0.0,Jul,3,2,1,5,Returning_Visitor,False,False
0,38.25,1,0.0,4,0.0,0.02,0.02,0.0,0.0,May,2,2,1,9,Returning_Visitor,False,False
0,-148.8,0,0.0,13,-197.39,0.1,0.1,0.0,0.1,May,2,2,4,8,New_Visitor,False,False
0,0.0,0,0.0,40,1870.37,0.04,0.03,35.36,0.31,Nov,1,1,1,2,Returning_Visitor,False,False
11,579.13,0,188.04,-3,539.84,-0.01,0.0,-2.86,-0.16,Oct,1,1,1,4,Returning_Visitor,False,False
2,0.0,1,8.96,71,2200.07,-0.01,0.0,19.33,0.0,Nov,1,1,5,3,New_Visitor,False,False
-1,59.25,0,0.0,-26,139.25,0.02,0.03,9.31,0.0,Dec,2,2,1,2,Returning_Visitor,False,False
3,56.61,1,22.65,17,-131.51,0.03,0.04,0.0,-0.24,Oct,2,1,1,13,Returning_Visitor,False,False
4,208.89,-1,50.2,25,1165.54,0.06,0.04,-20.64,-0.06,Dec,2,2,3,1,Returning_Visitor,True,False
6,104.4,1,177.89,32,879.75,0.05,0.09,-2.55,-0.3,Aug,2,4,1,4,Returning_Visitor,True,True
1,104.1,0,-58.74,53,3318.11,0.05,0.06,24.03,0.4,May,1,2,1,3,Returning_Visitor,False,False
-3,11.34,2,-21.41,14,10.78,0.2,0.2,0.0,0.12,May,2,2,9,1,Returning_Visitor,False,False
0,0.0,0,139.44,2,-750.27,0.04,0.05,0.0,0.1,Oct,1,1,1,2,Returning_Visitor,False,False
-2,-62.65,0,0.0,7,-402.06,0.01,0.04,3.13,0.0,Sep,2,2,1,4,Returning_Visitor,False,False
-1,44.43,2,38.8,38,1670.4,0.02,0.04,58.72,-0.03,May,2,2,1,4,Returning_Visitor,True,False
-3,-242.94,0,22.66,-44,-1413.35,0.0,0.03,0.0,0.0,Dec,2,2,3,2,New_Visitor,False,False
0,0.0,2,115.8,30,2333.19,0.01,0.01,0.0,0.19,Sep,1,1,1,13,Returning_Visitor,False,False
3,0.0,1,0.0,40,865.6,0.0,-0.02,0.0,0.48,Aug,2,2,3,2,Returning_Visitor,True,False
4,127.44,0,-44.52,35,770.5,-0.01,0.0,-15.26,0.05,Sep,3,2,2,2,Returning_Visitor,True,False
6,295.14,2,28.2,130,4994.85,0.02,0.04,25.56,0.17,May,2,2,4,3,Returning_Visitor,False,False
3,50.15,0,0.0,4,-1101.44,-0.06,-0.02,5.81,0.0,Jul,2,2,3,1,Returning_Visitor,False,False
0,166.52,2,121.19,85,2107.32,-0.05,-0.04,9.31,0.04,Oct,3,2,7,11,Returning_Visitor,True,False
0,0.0,1,0.0,46,1189.64,0.02,0.05,19.03,0.17,May,4,1,4,7,Returning_Visitor,False,False
0,0.0,0,0.0,30,428.5,0.02,0.07,13.23,-0.04,Nov,2,2,1,8,Returning_Visitor,False,True
-2,-125.34,1,147.1,11,1568.5,-0.05,-0.03,-21.2,-0.02,Nov,2,2,2,2,Returning_Visitor,False,False
2,99.44,3,248.43,10,529.7,0.02,0.09,-3.68,0.0,Nov,2,2,4,10,Returning_Visitor,False,False
9,408.96,3,408.5,24,1978.11,0.0,0.02,-0.42,0.0,Sep,2,2,1,4,Returning_Visitor,True,False
0,-242.7,0,0.0,79,2994.83,-0.01,-0.03,0.0,0.0,Aug,2,2,1,4,Returning_Visitor,True,False
0,-92.38,0,0.0,10,-169.76,0.08,0.09,0.0,0.6,Oct,1,1,1,2,Returning_Visitor,False,False
-3,-231.59,-1,0.0,46,707.61,0.03,0.06,7.35,-0.43,Feb,3,2,3,13,Returning_Visitor,True,False
2,414.51,-1,-152.17,42,2091.41,-0.02,0.02,11.33,-0.01,Mar,3,5,3,3,Returning_Visitor,False,False
0,257.5,-1,106.97,41,1306.7,0.11,0.14,-24.74,0.0,Dec,2,2,3,1,Returning_Visitor,True,True
5,166.59,2,296.43,3,60.6,0.07,0.09,0.0,0.0,Oct,2,2,4,2,Returning_Visitor,False,False
2,-45.23,-1,117.68,114,2692.49,0.02,0.02,0.0,0.0,Aug,2,2,5,1,Returning_Visitor,False,False
2,5.38,2,359.3,17,1394.67,0.0,0.06,-8.56,0.1,Mar,3,4,9,6,Returning_Visitor,False,False
2,103.33,0,-1.99,3,1.73,0.0,0.02,-1.63,0.16,Feb,2,4,4,4,Returning_Visitor,False,False
5,264.74,2,0.0,98,3137.09,0.01,0.05,0.0,0.22,Aug,2,3,6,1,Returning_Visitor,True,False
6,614.17,1,-39.55,77,3608.9,-0.0,0.07,7.26,0.25,May,2,2,1,11,Returning_Visitor,False,False
5,-95.25,0,260.14,-6,1107.75,0.03,0.04,18.01,0.0,Mar,1,1,4,2,Returning_Visitor,True,False
3,-71.75,0,0.0,61,2068.3,0.01,0.02,-16.56,-0.28,Feb,1,1,2,11,Returning_Visitor,False,True
0,110.82,0,0.0,2,1172.02,0.0,-0.0,0.0,0.8,May,2,2,1,11,Returning_Visitor,False,False
1,87.5,1,20.0,24,1484.33,0.0,0.03,-5.45,0.22,May,3,2,3,4,Returning_Visitor,False,False
0,0.0,0,-141.85,10,416.97,0.06,0.11,-1.5,-0.04,Nov,1,1,9,3,Returning_Visitor,False,False
3,-20.49,0,-99.78,-4,118.0,0.03,0.02,3.92,0.26,May,1,1,8,8,Returning_Visitor,True,False
0,72.07,2,0.0,26,2224.47,0.0,0.02,10.71,0.0,May,2,6,4,2,Returning_Visitor,False,False
4,68.11,0,-23.66,104,8130.96,0.0,0.03,1.45,0.0,Nov,1,3,4,2,Returning_Visitor,False,True
2,0.0,1,0.0,39,650.83,0.03,0.02,56.28,0.09,May,3,2,1,4,Returning_Visitor,False,True
8,277.31,3,205.21,243,8768.48,-0.05,-0.03,1.83,-0.27,Nov,3,2,1,1,Returning_Visitor,False,True
2,122.88,0,186.4,104,4697.98,0.01,0.04,0.0,0.0,Aug,2,2,1,2,Returning_Visitor,False,False
3,44.75,0,-244.33,-13,-346.72,0.03,0.06,-6.4,0.01,May,3,2,2,1,Returning_Visitor,False,False
0,13.35,2,17.2,134,5496.25,0.0,0.01,23.34,0.0,Nov,2,2,3,2,Returning_Visitor,True,True
9,445.69,0,0.0,61,2685.74,0.0,0.02,15.03,0.02,Mar,1,5,1,1,Returning_Visitor,False,False
4,231.66,1,113.69,98,2986.75,0.0,0.01,8.43,0.2,May,2,2,7,4,Returning_Visitor,False,False
0,-128.47,3,0.0,31,1399.76,-0.04,0.01,7.43,0.03,Nov,2,2,9,3,Returning_Visitor,False,False
3,60.09,1,30.5,86,3299.41,-0.07,-0.05,27.64,0.12,Feb,2,6,1,2,Returning_Visitor,False,False
3,67.98,0,163.23,39,1342.8,-0.0,0.01,48.73,-0.24,Aug,2,2,8,2,Returning_Visitor,True,False
3,-165.35,0,-160.21,23,988.49,0.02,0.02,5.49,0.53,Feb,1,8,3,11,Returning_Visitor,False,True
2,98.0,0,183.75,25,715.35,0.0,0.03,27.68,0.35,May,2,2,4,14,Returning_Visitor,True,False
-2,-30.37,-1,-43.62,19,141.83,0.06,0.1,0.0,0.07,Mar,2,2,1,1,Returning_Visitor,False,False
-3,0.0,0,0.0,-94,-3073.34,0.14,0.13,13.88,0.0,Mar,3,2,3,4,Returning_Visitor,False,False
6,274.29,1,148.5,50,2105.05,0.0,0.0,0.0,0.03,Nov,2,2,3,2,Returning_Visitor,False,False
2,21.33,-1,73.91,71,2694.51,-0.03,0.0,0.0,0.0,Aug,3,2,5,1,New_Visitor,False,False
3,0.0,0,0.0,2,485.8,0.02,0.09,34.04,0.07,Feb,2,2,1,1,Returning_Visitor,False,True
11,339.0,4,188.0,5,896.56,0.02,0.01,0.7,0.0,Aug,2,1,1,8,New_Visitor,False,False
4,-11.09,0,69.08,30,548.96,0.01,0.01,27.84,0.01,Nov,2,2,7,1,New_Visitor,True,True
0,56.27,-1,-102.55,-54,-1328.53,0.17,0.2,-23.75,0.0,Nov,1,1,4,1,Returning_Visitor,False,False
0,0.0,0,-133.31,51,1356.81,0.0,0.04,32.71,0.0,May,2,2,4,1,Returning_Visitor,False,False
5,0.55,-1,-28.27,-7,489.0,-0.0,0.02,28.22,0.0,Jul,2,2,6,9,New_Visitor,True,False
-1,-32.88,0,116.9,17,678.25,0.0,0.02,-5.1,0.0,Oct,2,2,9,2,Returning_Visitor,False,False
2,87.5,0,-47.24,29,1352.13,-0.01,0.01,34.6,0.0,Nov,3,2,1,2,Returning_Visitor,False,True
0,-37.37,0,65.67,110,3408.62,-0.02,-0.01,0.0,0.0,Nov,3,2,1,3,Returning_Visitor,False,False
2,-98.19,1,144.34,-4,0.0,0.0,0.04,0.0,0.0,Dec,3,2,5,2,Returning_Visitor,False,False
0,-65.62,0,213.99,-9,883.44,0.01,0.03,-28.53,0.0,Nov,2,2,1,10,Returning_Visitor,False,False
8,86.06,2,186.23,117,4219.36,0.02,0.03,0.0,0.11,May,4,5,1,5,Returning_Visitor,False,False
2,22.5,0,0.0,28,949.34,0.02,0.03,32.88,-0.11,Mar,2,2,1,14,Returning_Visitor,False,False
1,14.0,1,-24.34,8,1060.45,0.0,0.03,-13.97,0.0,June,2,2,3,2,Returning_Visitor,False,False
3,21.5,0,30.26,28,1338.22,0.05,0.07,-23.83,0.0,Dec,1,1,2,1,Returning_Visitor,False,False
-2,132.42,0,-35.49,10,601.77,0.11,0.12,-43.17,0.19,May,3,5,2,3,Returning_Visitor,True,False
6,264.02,1,84.0,46,2787.25,0.0,0.01,98.04,-0.21,Nov,2,2,1,3,Returning_Visitor,False,False
2,68.33,2,220.02,53,3860.61,-0.03,0.0,17.12,-0.0,Nov,3,2,1,10,Returning_Visitor,False,False
10,253.38,0,0.0,39,1613.12,0.04,0.03,0.0,-0.14,Nov,3,2,4,14,Returning_Visitor,False,False
4,0.0,-1,-246.17,14,116.83,0.06,0.09,22.48,0.33,May,2,2,1,4,Returning_Visitor,False,False
0,91.41,1,58.86,73,3168.47,0.2,0.2,-34.02,0.0,Aug,2,2,8,1,Returning_Visitor,False,False
6,0.0,0,0.0,21,1963.66,0.0,0.04,33.59,0.0,Nov,2,2,3,9,Returning_Visitor,False,False
1,197.92,0,99.53,88,2006.83,0.0,0.01,22.93,0.2,Nov,3,2,7,14,Returning_Visitor,False,False
2,26.67,0,0.0,159,6265.09,0.04,0.07,-0.95,-0.22,Jul,2,2,3,3,Returning_Visitor,True,False
1,-50.36,1,0.0,49,142.75,-0.01,0.02,-13.69,-0.03,Nov,1,2,1,2,New_Visitor,False,False
0,-36.45,0,70.18,-4,68.0,0.0,0.02,3.9,0.2,May,2,2,7,8,Returning_Visitor,False,False
1,0.0,0,89.53,-13,133.73,-0.01,0.01,23.58,0.0,Mar,2,4,7,4,Returning_Visitor,False,False
2,35.33,0,0.0,20,488.91,-0.03,0.01,-3.55,-0.04,Aug,1,1,3,1,Returning_Visitor,True,True
-1,48.69,0,76.94,1,381.8,0.1,0.1,0.0,0.0,June,2,2,1,4,Returning_Visitor,False,False
0,0.0,1,44.69,27,1522.76,0.0,0.05,-3.06,0.0,Mar,3,2,1,1,Returning_Visitor,True,False
5,327.66,0,0.0,-14,82.75,0.03,0.03,5.81,-0.26,Nov,2,2,1,2,Returning_Visitor,False,False
4,60.05,0,0.0,4,41.7,0.1,0.14,0.0,0.17,Sep,2,2,1,1,Returning_Visitor,False,False
-3,-174.1,1,0.0,-20,0.0,0.16,0.2,-14.13,0.0,Mar,2,2,2,5,New_Visitor,True,False
0,15.94,2,-13.49,30,911.48,0.01,0.07,-35.14,0.0,Mar,1,1,1,1,Returning_Visitor,False,False
2,0.0,0,0.0,-17,102.0,0.04,0.06,16.6,0.24,Oct,2,2,7,1,Returning_Visitor,False,False
11,281.63,0,-82.36,27,1434.33,0.0,0.01,-1.68,-0.08,Mar,4,1,1,2,Returning_Visitor,True,False
0,0.0,0,-128.81,3,20.0,0.03,0.06,0.0,0.0,Nov,2,2,1,4,Returning_Visitor,False,False
3,35.29,0,0.0,20,138.0,-0.01,0.04,-5.96,0.0,Oct,1,1,2,12,Returning_Visitor,False,False
-1,38.5,0,-53.53,43,705.12,0.03,0.02,9.78,0.08,Mar,2,4,4,2,Returning_Visitor,False,False
8,539.61,4,433.1,28,2129.99,0.0,0.04,46.79,0.03,Oct,2,2,3,4,Returning_Visitor,False,False
3,26.0,0,0.0,235,5854.74,0.01,0.02,19.21,0.39,Aug,2,2,1,5,Returning_Visitor,False,True
2,-42.79,-1,0.0,11,1042.13,0.0,0.04,0.0,0.11,Oct,2,6,7,2,Returning_Visitor,False,False
4,75.0,0,-4.62,58,1797.86,0.01,0.01,13.41,-0.04,Nov,1,1,9,4,Returning_Visitor,True,True
3,21.4,1,0.0,1,61.7,-0.02,0.01,0.0,0.23,Oct,4,5,7,14,Returning_Visitor,True,False
0,0.0,1,106.93,75,3328.1,-0.04,-0.01,0.0,0.0,Aug,2,2,3,6,Returning_Visitor,True,False
-1,86.65,0,-69.88,-14,-258.21,0.01,0.05,18.57,0.0,Feb,2,2,2,4,Returning_Visitor,False,False
8,367.0,0,156.81,85,2387.99,0.0,0.02,3.93,0.1,May,2,2,1,4,New_Visitor,True,True
15,579.04,1,-25.76,141,6320.02,0.01,0.04,0.0,0.03,Dec,2,2,2,3,Returning_Visitor,False,False
2,0.0,1,0.0,3,-1399.85,0.0,0.04,-1.95,-0.03,Dec,3,2,4,8,Returning_Visitor,False,False
0,58.51,0,0.0,37,2219.04,-0.01,0.01,28.0,-0.06,Feb,2,2,1,11,Returning_Visitor,False,False
1,-7.95,0,-4.16,31,1548.05,0.02,0.04,18.1,0.0,Nov,1,5,1,3,Returning_Visitor,False,False
0,-140.26,-2,-63.31,-29,-1428.01,0.06,0.05,0.0,0.0,May,2,2,6,4,Returning_Visitor,False,False
2,101.57,1,-39.57,-6,128.0,0.0,0.03,-24.34,0.18,Sep,2,2,2,2,Returning_Visitor,False,False
0,0.0,0,0.0,3,-131.08,0.08,0.07,-1.22,-0.17,Oct,2,4,3,10,Returning_Visitor,False,False
0,0.0,1,9.7,7,495.0,0.02,0.03,0.0,0.05,Aug,1,2,1,13,Returning_Visitor,False,False
0,60.99,0,0.0,3,213.17,0.0,-0.01,-4.61,-0.03,Oct,2,4,3,2,Returning_Visitor,True,False
3,86.33,1,97.96,-28,427.62,-0.02,0.01,3.42,0.0,Nov,4,1,3,4,Returning_Visitor,False,False
4,537.5,0,152.55,39,614.09,0.04,0.02,29.87,0.0,Mar,2,5,7,1,Returning_Visitor,False,False
0,-66.12,0,138.36,11,820.07,0.03,0.06,0.0,-0.07,Oct,2,2,2,2,Returning_Visitor,False,False
8,341.6,0,120.89,3,317.5,0.0,0.05,0.0,0.0,Mar,3,2,1,2,Returning_Visitor,True,False
0,0.0,1,0.0,3,175.92,0.01,0.03,0.0,0.38,May,2,2,1,1,New_Visitor,True,False
0,0.0,0,106.39,21,1257.6,0.03,0.04,-0.07,0.0,Mar,2,2,4,1,Returning_Visitor,False,False
0,119.78,-1,-70.05,-48,-1892.54,0.02,0.04,0.0,0.0,Jul,1,8,1,9,Returning_Visitor,False,False
0,0.0,-2,0.0,38,247.04,0.04,0.05,-0.12,0.2,Dec,1,2,1,1,Returning_Visitor,False,False
2,54.88,2,16.67,62,2447.55,0.03,0.05,5.29,0.0,May,1,1,9,4,Returning_Visitor,True,False
2,141.72,1,113.0,67,4868.0,0.0,0.0,21.66,0.0,Jul,2,2,5,1,Returning_Visitor,True,True
-3,86.85,1,0.0,4,0.0,0.17,0.2,-15.31,0.39,Sep,1,1,3,1,Returning_Visitor,False,False
2,222.03,0,146.58,-7,0.0,0.03,0.06,0.0,0.1,May,3,2,7,3,Returning_Visitor,False,False
4,75.43,2,0.0,90,4078.6,0.0,0.04,86.31,0.0,Mar,4,2,9,2,Returning_Visitor,True,False
8,127.7,3,363.63,39,3259.22,0.02,0.03,15.03,0.0,Oct,2,2,5,11,Returning_Visitor,False,False
6,82.95,0,0.0,7,-349.88,-0.03,0.02,0.0,0.21,May,2,2,1,6,Returning_Visitor,False,False
2,0.0,0,114.08,6,179.5,0.03,0.04,28.39,0.11,Nov,2,2,4,3,Returning_Visitor,True,False
5,20.0,0,0.0,30,1070.23,0.01,0.03,0.0,0.0,Nov,3,2,4,2,Returning_Visitor,False,False
2,-115.69,-1,0.0,-16,66.63,0.01,0.05,0.0,0.0,Aug,3,2,1,4,Returning_Visitor,True,False
0,-220.96,-2,-0.39,-19,-1700.04,0.03,0.06,-20.09,0.05,Dec,1,2,9,2,New_Visitor,True,True
0,0.0,0,0.0,19,277.0,0.0,0.04,9.4,0.0,May,2,2,1,4,Returning_Visitor,True,False
3,103.69,0,146.22,19,1616.5,0.08,0.08,0.0,0.11,Nov,2,2,4,8,Returning_Visitor,True,False
2,134.5,0,0.0,7,1407.61,-0.03,0.01,0.0,0.04,Oct,3,2,1,2,New_Visitor,False,False
0,11.83,3,174.76,17,1046.16,0.0,0.01,36.33,0.2,May,1,1,1,2,New_Visitor,False,True
6,218.65,4,355.34,45,886.57,0.0,0.03,-30.27,0.0,Nov,2,2,1,2,Returning_Visitor,True,False
0,0.0,-1,0.0,26,1017.97,0.06,0.06,-20.2,0.03,Aug,1,1,7,4,Returning_Visitor,False,False
0,0.0,4,341.33,43,208.61,0.0,0.01,13.78,-0.28,Mar,1,1,1,2,New_Visitor,True,True
2,63.79,0,-10.62,28,385.29,-0.01,0.05,12.01,-0.34,Mar,3,2,3,2,Returning_Visitor,False,False
0,205.12,2,21.0,0,69.44,0.0,0.05,8.15,0.36,Feb,1,1,2,8,New_Visitor,False,False
3,43.92,0,0.0,3,-413.46,0.02,0.07,0.0,0.0,May,1,1,7,2,Returning_Visitor,True,False
5,54.0,1,0.0,4,13.0,0.03,0.05,0.0,0.8,May,2,2,2,3,Returning_Visitor,False,False
1,96.8,2,535.0,63,1888.2,0.0,0.03,12.36,0.05,Feb,2,2,9,2,Returning_Visitor,False,False
0,102.63,0,12.79,-44,-1833.16,0.04,0.05,24.04,0.45,May,2,2,7,4,New_Visitor,True,False
2,22.81,2,126.48,30,1688.73,0.09,0.07,-17.67,-0.1,Jul,3,2,7,2,Returning_Visitor,False,True
5,0.0,0,-100.59,14,1025.0,-0.01,0.03,-4.27,-0.06,Oct,1,2,6,9,Returning_Visitor,False,False
4,0.0,-1,0.0,23,553.15,0.03,0.05,0.0,-0.07,May,2,2,1,3,Returning_Visitor,False,False
0,-16.44,0,-86.69,-30,129.58,0.08,0.1,-13.68,0.0,Sep,3,2,9,13,Returning_Visitor,False,False
0,14.33,1,94.33,10,136.0,-0.01,0.05,0.0,-0.07,Mar,2,2,1,2,Returning_Visitor,False,False
0,0.0,0,0.0,7,-291.33,0.04,0.06,0.0,0.34,Sep,2,2,1,4,New_Visitor,False,False
8,171.19,1,-131.82,41,1151.73,0.0,0.01,-2.33,0.29,May,1,1,1,5,Returning_Visitor,False,True
-1,45.19,0,-111.84,10,1688.5,0.02,0.02,0.0,-0.08,Nov,1,1,3,5,New_Visitor,False,False
0,0.0,1,53.43,104,4514.68,0.01,0.02,20.8,0.0,Nov,2,2,2,1,Returning_Visitor,True,False
8,0.0,1,0.0,70,2425.08,-0.02,-0.01,9.11,0.28,May,1,1,3,1,Returning_Visitor,True,False
3,79.0,0,25.54,108,3296.08,-0.01,0.0,0.0,0.0,June,2,1,1,1,Returning_Visitor,False,False
8,270.16,0,-33.64,46,1232.98,0.01,0.0,20.39,-0.1,Mar,3,2,1,10,Returning_Visitor,True,False
12,444.44,3,61.5,97,4116.24,0.01,0.02,12.12,0.0,May,4,2,1,1,Returning_Visitor,False,False
4,252.76,3,219.79,68,2609.45,0.0,0.02,0.0,0.04,Nov,1,2,8,2,Returning_Visitor,False,False
4,73.67,0,0.0,9,-29.09,0.0,0.03,0.0,-0.04,Nov,1,1,2,2,Returning_Visitor,False,False
-1,0.0,0,-189.06,10,1079.07,0.02,0.01,3.46,0.27,Nov,2,2,4,2,Returning_Visitor,False,False
2,40.2,1,74.04,17,1409.81,0.02,0.04,-2.35,0.0,Oct,3,2,2,2,Returning_Visitor,False,False
6,124.86,3,243.0,25,1971.19,0.01,0.03,24.9,-0.03,Aug,2,2,1,4,Returning_Visitor,False,True
0,150.52,0,0.0,7,-899.13,0.0,0.01,0.0,0.0,May,4,1,9,2,Returning_Visitor,True,False
-2,9.86,1,28.48,25,1102.48,-0.02,0.01,25.94,0.0,Mar,2,2,4,10,New_Visitor,False,False
9,243.25,7,1475.25,79,2708.08,0.03,0.05,32.6,-0.35,Nov,2,2,4,2,Returning_Visitor,False,False
1,131.16,0,18.32,9,-1241.84,-0.09,-0.07,0.0,0.0,Nov,2,2,1,2,New_Visitor,False,False
0,-65.36,2,256.74,-6,224.5,0.04,0.04,0.0,-0.09,May,1,1,6,1,Returning_Visitor,True,False
3,34.4,1,177.36,34,781.8,0.02,0.06,-22.61,0.0,Oct,2,2,6,2,Returning_Visitor,True,False
7,182.08,0,55.04,15,310.9,-0.01,0.01,0.0,-0.0,Mar,2,2,4,3,Returning_Visitor,False,False
5,0.0,0,-219.76,19,-165.51,0.01,0.0,13.88,0.02,Nov,3,2,2,3,Returning_Visitor,False,False
-4,-133.06,0,142.57,-56,-1669.02,0.04,0.07,-16.47,0.1,Mar,3,2,1,3,Returning_Visitor,False,False
14,377.01,3,120.41,192,6529.25,0.01,0.02,7.7,-0.29,Dec,3,2,3,1,Returning_Visitor,False,False
1,0.0,-1,-76.97,28,620.5,0.0,0.04,0.0,0.0,Nov,2,2,9,3,Returning_Visitor,False,False
2,204.57,-1,0.0,99,4977.09,0.0,-0.0,7.82,0.0,Dec,2,2,7,1,Returning_Visitor,False,False
0,0.0,-1,201.83,17,313.0,0.02,0.03,0.0,0.0,Oct,1,1,3,1,Returning_Visitor,False,False
0,20.21,-2,-193.86,3,41.4,0.02,0.04,0.0,0.05,Sep,2,2,7,7,Returning_Visitor,False,False
4,67.25,0,77.15,73,2417.95,0.02,0.06,0.0,0.0,Oct,3,2,1,1,Returning_Visitor,False,False
0,0.0,1,0.0,-10,641.41,0.09,0.12,-16.42,0.12,Nov,3,2,1,5,Returning_Visitor,True,False
2,-96.91,3,0.0,42,1778.37,0.01,0.03,-1.1,0.1,Mar,2,2,4,10,Returning_Visitor,False,False
1,43.5,1,254.1,19,570.71,-0.03,0.0,57.76,0.05,Nov,3,2,1,2,Returning_Visitor,False,True
2,48.0,0,0.0,24,543.75,0.08,0.11,10.82,-0.16,May,3,2,2,14,Returning_Visitor,False,False
0,0.0,0,56.69,-69,-1466.92,0.1,0.14,-14.58,0.28,May,2,1,3,4,Returning_Visitor,True,False
1,136.88,0,84.31,6,-779.78,0.0,0.02,0.0,0.49,May,1,1,1,2,Returning_Visitor,False,False
5,86.96,0,-106.42,9,1534.11,0.0,0.03,19.47,-0.19,Nov,3,2,1,11,Returning_Visitor,False,False
8,411.36,1,176.0,60,2573.85,0.06,0.04,0.0,-0.01,May,3,2,1,11,Returning_Visitor,False,False
1,-134.44,1,51.19,16,779.25,0.01,0.03,19.62,0.0,June,2,4,6,4,Returning_Visitor,True,False
2,128.77,2,0.0,34,831.93,0.0,0.05,0.0,0.8,May,1,1,2,8,Returning_Visitor,False,False
7,409.48,1,60.0,110,5343.05,0.03,0.06,0.0,0.45,May,1,1,3,13,Returning_Visitor,False,False
12,257.56,4,403.05,247,8505.51,0.01,-0.01,0.0,0.0,Oct,2,2,6,1,Returning_Visitor,False,False
-2,60.14,0,0.0,-7,150.25,0.04,0.06,-2.81,-0.08,Mar,1,1,9,3,Returning_Visitor,False,False
-2,-63.32,0,-102.85,1,362.03,0.2,0.21,-2.71,0.16,Jul,3,2,1,1,Returning_Visitor,False,False
0,72.21,-1,-129.26,20,858.36,0.03,0.05,0.0,-0.12,Mar,3,4,3,1,Returning_Visitor,False,False
2,0.0,0,0.0,20,865.0,0.03,0.04,4.14,-0.08,Mar,3,2,1,2,Returning_Visitor,False,False
0,-133.26,0,0.0,11,807.21,0.2,0.18,0.0,0.2,May,1,1,7,18,Returning_Visitor,False,False
0,0.0,1,188.12,-11,688.02,-0.07,-0.02,-2.41,0.3,May,2,2,6,2,New_Visitor,True,False
6,200.33,0,0.0,9,358.46,0.02,0.03,-4.1,0.06,Dec,1,1,1,1,Returning_Visitor,False,False
1,109.1,1,299.28,12,348.75,0.0,0.03,0.0,0.0,Feb,3,2,2,2,Returning_Visitor,True,False
0,0.0,0,13.1,47,1566.25,0.01,0.02,0.0,-0.03,Aug,2,4,9,5,Returning_Visitor,False,False
0,0.0,0,0.0,2,58.4,0.0,0.1,33.51,-0.11,Mar,2,4,6,2,Returning_Visitor,False,False
-4,-285.08,0,0.0,0,427.82,0.0,0.05,0.0,0.0,Nov,2,2,1,1,Returning_Visitor,False,False
0,0.0,0,111.9,12,632.96,0.01,0.03,10.73,-0.16,Mar,2,4,1,3,Returning_Visitor,False,False
2,-59.11,1,0.0,26,541.06,0.09,0.09,0.19,-0.11,Feb,2,4,5,1,Returning_Visitor,False,False
6,0.0,2,207.73,109,4724.58,0.01,0.01,29.48,0.15,Nov,1,2,4,8,New_Visitor,False,False
2,81.5,1,21.0,18,294.72,-0.02,0.01,3.71,0.0,May,1,1,2,2,New_Visitor,False,False
1,85.24,1,31.98,76,1518.9,0.0,0.02,20.3,0.21,May,2,2,7,4,Returning_Visitor,False,False
7,232.95,1,53.05,78,3084.47,0.01,0.03,0.0,-0.12,Nov,2,2,7,10,Returning_Visitor,False,False
1,-98.3,1,-73.38,42,816.5,0.0,0.02,10.51,0.0,Dec,1,1,2,2,New_Visitor,False,False
-2,48.0,0,28.66,41,2385.38,0.02,0.05,-6.21,0.35,Jul,2,2,2,1,Returning_Visitor,True,False
2,16.67,0,87.99,9,1356.22,0.09,0.13,0.0,0.03,Nov,1,1,2,15,Returning_Visitor,False,False
5,112.04,-3,-150.63,10,-317.68,-0.03,-0.04,15.44,0.21,May,2,2,4,4,Returning_Visitor,False,True
0,0.0,0,-42.88,10,957.91,0.02,0.01,11.13,0.22,Mar,2,2,7,6,Returning_Visitor,False,False
3,131.0,-1,0.0,38,1816.35,0.0,0.05,13.07,0.0,May,3,2,7,1,New_Visitor,False,False
1,19.69,0,0.0,23,569.93,-0.0,-0.01,-7.64,0.4,Feb,3,2,4,3,Returning_Visitor,False,False
0,-68.33,0,0.0,10,101.44,0.01,0.02,0.0,0.02,June,2,2,1,13,Returning_Visitor,False,False
-1,0.0,0,68.97,-32,-2132.14,0.01,0.04,-13.17,0.16,Dec,3,1,2,2,New_Visitor,False,True
1,64.25,1,-31.1,-14,-601.68,0.02,0.04,0.0,0.28,Mar,2,2,9,2,Returning_Visitor,False,False
1,-147.96,0,0.0,45,1510.38,0.0,0.01,-1.2,0.34,May,2,2,3,2,New_Visitor,False,True
0,0.0,2,4.77,84,3826.41,0.0,0.02,0.0,0.21,Feb,2,2,6,1,Returning_Visitor,False,False
3,207.99,1,58.5,50,2807.15,0.0,0.03,0.0,-0.07,Nov,1,2,7,2,New_Visitor,True,False
1,124.6,-1,-156.35,4,-1232.61,-0.03,-0.06,-5.88,0.0,Jul,2,2,4,2,Returning_Visitor,False,False
8,322.54,0,2.46,12,1678.75,0.02,0.06,0.67,0.0,Oct,3,2,1,10,Returning_Visitor,False,False
2,23.0,0,98.32,-64,-2937.71,0.0,0.01,0.0,0.06,Dec,2,1,4,2,Returning_Visitor,True,False
6,45.06,0,0.0,92,2273.99,0.01,0.02,6.66,0.0,Nov,3,2,9,2,Returning_Visitor,False,True
0,172.17,1,298.98,20,-555.02,0.0,0.04,0.0,-0.1,May,3,2,7,6,Returning_Visitor,False,False
0,0.0,0,-30.78,56,3166.24,0.05,0.08,0.0,0.28,May,1,1,4,3,Returning_Visitor,False,False
5,147.75,3,119.9,83,3431.11,0.06,0.09,31.57,0.0,May,2,4,4,1,Returning_Visitor,False,False
3,60.91,2,16.2,64,1617.08,0.01,0.02,0.0,-0.08,Nov,3,2,1,5,Returning_Visitor,False,False
4,113.49,-3,-285.3,-18,-1550.45,0.02,0.04,0.0,0.0,Nov,1,1,1,4,New_Visitor,True,False
0,0.0,2,19.0,19,2163.13,0.0,0.03,33.24,-0.04,Nov,3,2,1,4,New_Visitor,False,False
1,-53.69,1,44.61,53,2247.61,0.0,0.05,11.06,0.0,May,1,1,1,1,Returning_Visitor,False,False
0,123.5,-1,-90.47,33,463.54,0.03,0.03,-1.39,0.2,Nov,2,2,3,1,New_Visitor,False,False
0,-55.6,0,0.0,-29,228.9,0.01,0.04,-5.56,0.05,Aug,2,2,7,1,New_Visitor,False,False
1,26.2,0,100.82,13,245.17,0.0,0.0,16.91,0.22,Nov,2,2,2,8,Returning_Visitor,False,True
3,166.22,-1,-9.62,11,-160.67,-0.02,-0.0,0.0,0.22,May,3,2,6,1,Returning_Visitor,True,False
0,-131.98,0,12.51,14,0.0,0.2,0.21,17.48,0.51,May,3,2,1,11,Returning_Visitor,False,True
6,292.66,0,0.0,43,1257.9,-0.02,0.02,32.83,0.0,Jul,3,2,1,3,Returning_Visitor,False,False
3,-46.82,2,504.5,32,1273.24,0.01,0.03,6.1,0.31,Feb,3,2,7,13,Returning_Visitor,True,True
0,6.0,1,0.0,14,1626.0,0.08,0.09,-17.82,0.0,Feb,4,1,1,1,Returning_Visitor,False,False
2,21.5,-1,-165.84,62,2489.63,-0.03,0.0,30.37,0.15,May,2,2,8,1,Returning_Visitor,False,False
0,213.4,0,0.0,6,385.63,0.0,0.03,-6.6,0.0,Mar,1,1,1,4,Returning_Visitor,False,False
6,128.11,0,0.0,18,707.7,0.02,0.05,-11.98,-0.22,Feb,2,2,3,9,Returning_Visitor,False,False
3,0.0,2,197.35,24,300.2,0.0,0.04,14.15,0.22,May,2,2,6,5,Returning_Visitor,True,True
-5,0.0,0,116.04,-17,313.0,0.0,0.06,43.84,0.0,Mar,1,1,1,1,Returning_Visitor,True,False
17,679.69,0,0.0,145,3551.6,0.01,0.03,16.27,0.0,Nov,2,2,1,3,New_Visitor,True,False
3,0.0,0,0.0,16,-751.86,0.09,0.11,-5.95,0.02,Mar,2,2,2,3,Returning_Visitor,False,False
0,109.54,2,86.8,62,1236.64,0.03,0.07,9.68,0.0,Dec,2,2,1,10,Returning_Visitor,False,False
4,388.07,3,138.5,99,3953.01,0.0,0.01,24.46,0.0,Mar,2,2,5,2,Returning_Visitor,True,False
0,-212.71,0,-42.38,24,-55.48,0.05,0.07,6.2,0.07,Oct,2,2,3,5,Returning_Visitor,True,False
0,0.0,0,0.0,32,1863.82,-0.03,0.01,2.41,0.04,Jul,3,2,1,1,Returning_Visitor,False,False
8,85.0,0,105.85,4,182.27,-0.05,-0.04,22.41,0.0,May,1,2,1,2,Returning_Visitor,False,False
7,104.65,0,-115.71,69,2673.44,0.06,0.02,14.41,0.0,Nov,2,2,2,1,Returning_Visitor,False,False
3,0.0,0,0.0,10,940.43,-0.01,0.01,0.0,0.0,Feb,2,5,2,2,Returning_Visitor,False,False
0,0.0,0,-90.08,64,2762.78,0.01,0.03,-2.38,0.0,Nov,3,2,2,1,Returning_Visitor,True,False
-2,-118.7,1,0.0,37,1413.68,-0.0,0.02,-8.69,0.0,Jul,1,1,1,2,Returning_Visitor,True,False
4,159.53,0,31.13,73,2609.82,-0.0,0.01,2.65,0.0,Oct,3,2,2,2,New_Visitor,False,False
8,255.82,1,96.0,16,373.46,0.0,0.03,0.0,0.0,Dec,3,2,3,10,Returning_Visitor,False,False
3,157.74,-1,32.3,63,2885.03,0.0,0.02,0.0,0.3,Feb,2,2,3,13,Returning_Visitor,False,False
1,8.61,1,0.0,81,2159.75,0.0,0.02,0.0,0.0,Dec,2,4,4,2,Returning_Visitor,False,False
0,-86.81,0,109.19,26,1232.48,0.01,0.04,-33.43,-0.05,Aug,2,2,1,1,Returning_Visitor,False,False
2,133.67,0,-88.14,-3,95.0,-0.03,0.01,-18.13,0.0,Jul,1,1,7,3,Returning_Visitor,False,False
11,361.48,4,68.0,130,5397.38,0.06,0.02,6.07,0.0,May,2,2,2,13,Returning_Visitor,True,False
0,0.0,0,0.0,-27,-972.3,0.06,0.09,0.0,0.0,Aug,1,1,8,2,Returning_Visitor,False,False
0,-220.27,0,49.08,-14,892.02,-0.03,0.01,9.58,0.0,Mar,1,1,3,3,Returning_Visitor,True,False
2,75.0,0,77.69,29,616.41,0.03,0.03,-8.4,0.11,Nov,3,2,1,11,Returning_Visitor,True,True
0,0.0,0,-34.29,-12,903.43,0.01,0.02,0.0,-0.09,Nov,2,2,9,1,Returning_Visitor,False,False
3,0.0,0,43.5,-4,185.58,0.04,0.09,11.05,0.8,May,2,2,3,1,Returning_Visitor,False,False
-2,0.0,0,160.14,3,-433.35,-0.02,0.0,28.99,0.0,Aug,3,2,4,2,New_Visitor,True,False
1,151.53,0,0.0,29,522.47,0.0,0.04,12.77,0.36,May,1,1,1,6,Returning_Visitor,True,False
7,316.84,1,26.32,18,778.1,0.02,0.04,-15.85,0.2,Nov,3,2,3,2,Returning_Visitor,False,False
2,218.15,0,-4.05,16,1699.97,-0.0,0.01,6.71,0.19,Dec,3,2,5,5,Returning_Visitor,False,False
5,554.75,1,80.9,-6,-1159.51,0.02,0.02,10.97,0.07,Oct,1,1,9,8,Returning_Visitor,True,True
5,47.0,1,152.56,45,1113.99,0.0,0.02,19.42,0.41,May,2,2,2,3,Returning_Visitor,False,False
7,240.72,1,0.0,67,1328.08,0.11,0.08,-21.83,0.8,May,2,2,3,7,Returning_Visitor,False,False
16,479.2,2,19.0,71,1910.41,0.0,0.01,19.57,0.0,Nov,2,2,2,11,Returning_Visitor,False,True
4,52.33,0,291.78,14,637.99,0.0,0.0,0.0,0.03,Mar,2,5,1,2,Returning_Visitor,False,False
0,118.98,3,218.25,47,2011.7,0.07,0.09,-19.13,0.0,Mar,1,1,1,1,Returning_Visitor,False,True
1,125.4,0,0.0,63,2772.95,-0.05,-0.03,3.05,0.01,Feb,2,2,7,1,Returning_Visitor,False,True
1,-15.57,1,44.58,11,801.24,0.12,0.12,0.0,-0.07,Feb,2,6,1,4,Returning_Visitor,False,False
0,0.0,1,0.0,65,1668.84,-0.02,-0.02,4.87,0.3,May,2,1,1,3,New_Visitor,False,False
1,85.55,2,0.0,50,2860.49,0.0,0.02,-22.45,0.07,Dec,2,10,1,3,Returning_Visitor,True,False
2,257.5,0,-86.12,41,898.5,0.0,0.03,0.0,0.14,Nov,2,1,7,10,Returning_Visitor,False,False
2,101.85,1,161.97,46,591.15,0.03,0.01,-10.73,0.0,Jul,2,2,3,4,Returning_Visitor,False,False
5,219.41,0,53.13,29,0.0,0.06,0.05,0.0,0.27,Mar,2,1,1,4,Returning_Visitor,False,True
0,0.0,-1,0.0,14,406.87,0.0,0.01,0.0,0.0,Mar,1,1,1,3,Returning_Visitor,False,False
3,15.0,1,122.53,37,912.38,0.03,0.05,7.22,0.6,May,1,1,3,3,Returning_Visitor,False,False
3,12.39,0,0.0,22,-478.35,0.07,0.1,0.0,0.39,Aug,2,1,6,11,Returning_Visitor,False,False
0,60.5,1,-109.56,60,1145.17,0.0,0.0,-16.38,-0.17,Nov,4,1,4,4,New_Visitor,True,False
0,-126.57,0,0.0,29,1044.85,0.07,0.09,0.0,0.22,Dec,4,1,1,3,Returning_Visitor,False,False
2,104.43,1,171.34,127,4214.78,0.04,0.06,-23.33,0.17,Oct,2,2,7,3,Returning_Visitor,False,False
1,10.52,0,15.48,-9,-146.37,-0.01,0.03,35.25,0.44,Aug,2,1,9,3,Returning_Visitor,False,False
6,35.1,0,-87.17,195,6440.24,-0.05,-0.05,2.68,-0.06,May,2,2,3,3,Returning_Visitor,False,False
0,209.57,1,0.0,22,1284.41,0.0,0.01,15.63,0.0,Nov,1,3,3,2,Returning_Visitor,True,False
3,0.0,0,0.0,9,1938.06,0.01,0.03,7.95,0.17,Feb,2,2,4,4,Returning_Visitor,False,False
5,157.03,1,-70.95,5,-1878.31,-0.02,0.03,0.0,-0.04,Dec,3,2,1,2,Returning_Visitor,False,False
12,248.23,2,258.6,26,1158.78,0.01,0.04,25.17,-0.25,Aug,2,2,7,3,Returning_Visitor,True,False
4,0.0,0,52.99,84,3584.71,0.0,0.05,-12.45,0.23,Aug,2,4,5,3,Returning_Visitor,False,True
5,45.44,1,60.48,57,851.64,0.0,0.03,46.23,0.09,May,2,2,1,1,Returning_Visitor,True,True
2,0.0,0,-112.7,19,385.5,0.09,0.11,-43.7,0.8,May,2,2,5,15,Returning_Visitor,False,False
6,187.5,-1,45.73,16,218.39,0.02,0.03,-10.97,0.4,Mar,3,2,1,1,Returning_Visitor,True,False
4,305.0,0,40.87,-1,-12.03,0.0,0.02,0.0,0.0,Nov,2,2,2,4,Returning_Visitor,False,False
0,0.0,0,0.0,7,259.0,0.03,0.07,0.0,0.34,Nov,3,1,8,2,Returning_Visitor,False,False
4,109.88,0,0.0,28,1038.54,-0.0,-0.01,0.0,0.0,May,1,1,2,5,Returning_Visitor,False,False
-1,-35.36,0,0.0,-3,567.32,0.2,0.2,-35.51,-0.06,Mar,3,4,1,7,Returning_Visitor,False,False
4,200.83,0,0.0,18,381.33,-0.03,-0.0,0.0,0.0,Jul,2,2,1,4,Returning_Visitor,True,False
0,0.0,0,0.0,36,777.33,0.0,0.03,-15.99,0.28,Oct,2,2,4,8,New_Visitor,False,True
5,44.5,1,160.36,105,4083.3,0.0,0.05,0.0,0.0,Oct,2,2,5,1,Returning_Visitor,False,False
0,0.0,0,-76.54,47,1956.21,0.01,0.02,0.0,0.0,Nov,3,2,7,1,Returning_Visitor,True,False
2,261.76,0,0.0,31,3116.5,0.0,0.05,0.0,0.21,May,2,2,2,10,Returning_Visitor,False,True
3,184.32,1,11.17,8,810.23,0.0,0.02,3.45,0.04,Nov,1,1,1,2,Returning_Visitor,False,False
3,79.94,0,322.36,10,-363.11,-0.03,0.03,0.0,0.05,May,1,1,2,2,Returning_Visitor,True,False
4,206.66,1,200.0,72,3270.07,0.0,0.02,0.0,0.0,Nov,3,2,4,2,Returning_Visitor,False,False
1,12.37,1,0.0,-5,33.14,0.0,0.01,0.0,0.07,Nov,3,2,7,13,Returning_Visitor,False,False
4,264.0,0,-81.32,4,769.9,0.02,0.03,4.62,0.0,Nov,2,2,7,1,Returning_Visitor,True,False
3,74.83,-1,-94.62,11,227.33,-0.05,0.01,26.24,0.14,May,2,2,3,2,New_Visitor,True,False
0,0.0,1,5.0,10,-739.93,0.02,0.04,23.47,0.3,May,3,2,1,8,New_Visitor,True,False
0,0.0,0,0.0,14,276.5,0.02,0.03,0.0,0.21,May,2,2,4,14,Returning_Visitor,False,False
3,0.0,1,0.0,-31,-561.51,0.18,0.2,0.0,0.0,Mar,2,1,3,1,Returning_Visitor,False,False
1,151.11,0,-34.48,80,1719.95,0.01,0.04,54.77,0.1,Nov,1,1,7,1,Returning_Visitor,False,True
-5,-209.44,0,-34.36,-10,67.0,0.04,0.05,0.0,0.0,Oct,2,1,1,2,Returning_Visitor,False,False
10,620.95,3,60.35,131,5952.53,0.01,0.01,0.76,0.36,May,2,2,1,2,Returning_Visitor,False,False
12,198.77,2,11.0,76,2514.35,-0.02,0.01,54.3,-0.09,Aug,2,2,1,1,Returning_Visitor,False,True
3,163.42,0,174.67,-27,187.0,0.08,0.1,0.0,0.04,Sep,2,5,4,5,Returning_Visitor,False,False
5,255.75,1,0.0,-5,1265.04,0.0,0.02,0.0,0.0,Sep,2,1,1,3,Returning_Visitor,False,False
0,234.08,0,3.77,-47,-913.4,0.15,0.17,-9.64,-0.03,Feb,1,1,1,3,Returning_Visitor,False,False
2,-32.34,0,0.0,-5,657.78,-0.02,0.05,0.0,0.08,Mar,2,2,1,1,Returning_Visitor,True,False
3,24.17,1,139.59,78,2558.74,-0.01,0.01,-4.36,-0.05,Nov,3,2,2,2,Returning_Visitor,False,False
1,28.78,0,0.0,76,1990.12,0.04,0.02,20.99,-0.17,Dec,2,2,7,3,New_Visitor,False,False
1,6.0,0,0.0,44,501.77,0.01,0.02,0.0,0.0,Sep,4,1,9,2,Returning_Visitor,False,False
0,63.32,0,0.0,64,3289.5,0.0,0.04,-8.65,0.38,May,2,2,3,1,Returning_Visitor,True,False
0,-33.36,0,-82.22,90,2863.4,-0.01,0.01,0.0,0.0,Sep,2,2,2,2,Returning_Visitor,False,False
6,66.77,1,83.0,75,2050.4,0.01,0.01,34.92,-0.17,Nov,2,1,2,2,Returning_Visitor,False,True
2,80.6,0,-11.92,78,2894.56,0.02,0.04,38.21,-0.17,Nov,2,2,6,2,New_Visitor,False,False
10,178.63,0,0.0,35,404.0,-0.02,0.01,45.62,0.02,May,2,2,4,4,New_Visitor,True,False
5,119.56,0,0.0,138,5459.65,0.03,0.04,15.24,0.24,Nov,2,6,3,2,Returning_Visitor,True,False
10,340.9,3,269.8,98,3711.09,0.01,0.0,0.85,0.0,June,2,2,1,10,Returning_Visitor,False,True
-1,38.76,1,232.0,16,922.63,0.02,0.01,-7.3,0.4,May,3,2,1,1,Returning_Visitor,False,False
0,-175.59,0,32.33,-59,-3124.07,0.07,0.1,0.0,-0.03,May,3,2,1,3,Returning_Visitor,False,False
-1,3.5,0,0.0,20,468.7,0.08,0.12,-13.57,0.44,Nov,2,2,9,2,Returning_Visitor,False,False
24,1566.6,2,-96.11,143,5186.47,0.0,0.0,29.99,0.0,Sep,3,2,9,5,Returning_Visitor,False,False
2,-8.04,0,-90.22,-19,-2226.81,0.0,0.01,43.03,0.0,Sep,1,8,1,2,Returning_Visitor,False,True
4,150.61,0,-76.53,43,1227.63,0.0,0.0,18.52,0.0,June,3,2,9,4,Returning_Visitor,False,True
-3,89.99,0,0.0,-13,171.42,0.18,0.16,0.0,0.0,Mar,3,2,1,3,Returning_Visitor,False,False
-1,213.7,-1,-70.16,101,5378.05,0.02,0.05,13.88,0.05,Oct,2,4,8,3,Returning_Visitor,False,True
0,0.0,1,183.7,16,622.2,0.04,0.06,-8.07,0.48,Mar,2,4,1,3,Returning_Visitor,False,False
8,288.09,2,0.0,65,3070.97,-0.0,0.01,0.0,0.07,Dec,2,2,1,4,New_Visitor,True,False
1,-29.9,0,89.47,39,1348.7,0.0,0.03,2.56,0.0,May,2,2,1,2,New_Visitor,True,False
0,0.0,0,44.68,-14,574.53,0.1,0.09,13.21,0.0,Mar,2,2,3,1,Returning_Visitor,False,False
0,0.0,0,229.51,-94,-1229.92,0.2,0.22,-8.64,0.0,Mar,2,2,1,1,Returning_Visitor,True,False
8,153.07,9,558.53,187,6807.01,-0.01,0.01,46.4,0.0,Nov,2,2,1,6,Returning_Visitor,False,True
0,-60.25,-1,-315.13,25,662.5,0.16,0.2,-0.69,0.0,Aug,2,2,1,1,Returning_Visitor,False,False
5,75.1,1,132.6,10,1057.0,0.06,0.06,0.0,0.27,May,3,2,1,15,New_Visitor,True,False
5,395.74,0,0.0,-2,624.01,0.04,0.06,-8.27,0.0,Feb,1,2,3,2,Returning_Visitor,False,False
3,0.0,3,6.0,-17,-1777.29,-0.01,-0.01,19.61,-0.25,Mar,1,1,6,12,Returning_Visitor,True,True
2,-14.81,0,118.81,-15,0.0,0.18,0.2,0.0,0.0,Nov,3,2,1,1,Returning_Visitor,False,False
6,198.41,0,242.5,12,783.88,0.0,0.03,0.0,0.0,May,2,2,2,6,Returning_Visitor,True,False
0,0.0,1,27.03,6,1299.94,0.0,0.03,23.74,0.0,Dec,1,2,1,2,Returning_Visitor,False,False
5,84.0,2,122.18,0,-147.62,0.08,0.1,-21.52,0.0,Mar,2,2,3,1,Returning_Visitor,False,False
2,92.34,1,317.13,9,468.19,0.0,0.0,2.08,0.01,Nov,1,1,3,2,Returning_Visitor,False,False
0,0.0,0,4.88,7,228.5,0.03,0.02,0.04,0.14,Feb,3,2,6,1,New_Visitor,False,False
4,115.73,0,0.0,59,2660.28,0.03,0.05,0.0,0.02,Dec,2,2,2,1,Returning_Visitor,False,False
5,26.2,1,0.0,88,2085.6,0.0,0.04,-17.99,0.3,Sep,2,2,2,5,Returning_Visitor,False,True
7,246.32,0,45.02,8,54.3,-0.03,-0.01,-15.45,0.0,Nov,3,2,1,2,Returning_Visitor,True,False
6,0.0,0,-66.98,89,3244.5,-0.02,0.01,124.9,-0.07,Nov,2,6,9,20,Returning_Visitor,False,True
-5,-228.72,-1,0.0,-5,268.0,-0.06,0.01,14.47,0.15,May,2,2,3,6,Returning_Visitor,True,False
0,-35.54,-2,-136.24,8,310.25,-0.02,0.01,-13.64,0.29,May,2,2,3,10,New_Visitor,True,False
0,190.87,-1,38.39,-36,-1165.61,0.05,0.07,-2.1,0.0,May,2,2,3,6,Returning_Visitor,False,False
2,124.0,1,126.13,94,3731.14,0.0,0.03,10.27,0.2,May,1,1,2,4,Returning_Visitor,True,False
2,0.0,0,0.0,18,13.0,0.08,0.1,0.0,-0.04,Dec,2,2,3,1,Returning_Visitor,True,False
0,64.0,0,0.0,86,4140.94,-0.03,0.01,3.49,0.0,Mar,2,2,1,2,Returning_Visitor,False,False
0,62.41,0,-122.02,7,415.52,0.1,0.08,0.0,0.28,May,3,2,1,5,New_Visitor,False,False
5,216.96,0,0.0,141,3802.92,0.2,0.19,-27.03,0.04,Nov,2,2,1,1,Returning_Visitor,True,False
1,74.5,0,133.89,22,1927.78,0.0,0.0,25.86,0.24,Nov,1,1,3,4,Returning_Visitor,False,False
4,111.0,-1,-162.78,12,387.6,0.04,0.03,-4.36,-0.05,Mar,3,2,2,5,Returning_Visitor,False,False
3,31.51,0,0.0,11,-259.31,0.01,0.02,5.79,0.0,Sep,1,1,6,1,Returning_Visitor,False,True
1,49.09,0,-108.85,84,3134.07,0.0,0.05,5.77,-0.09,Mar,2,4,2,2,Returning_Visitor,False,False
2,0.0,0,103.96,3,480.33,0.04,0.08,0.0,0.09,Oct,1,2,1,4,Returning_Visitor,False,False
3,168.0,0,0.0,7,169.13,0.06,0.14,-27.32,0.58,May,2,2,2,15,New_Visitor,False,False
2,40.55,-1,-77.76,33,1524.75,0.0,0.02,-10.13,0.0,Feb,2,2,3,3,Returning_Visitor,False,False
4,-87.02,0,54.63,15,251.0,0.01,0.08,-3.32,0.15,Feb,1,1,9,3,Returning_Visitor,False,False
-3,27.23,0,0.0,-28,246.51,-0.01,0.01,-18.43,0.07,Sep,2,2,3,2,Returning_Visitor,False,False
8,349.04,1,93.72,65,2584.87,-0.0,0.0,0.0,0.32,May,1,1,1,3,Returning_Visitor,False,False
2,27.9,0,24.02,13,1130.85,-0.06,-0.05,-27.3,0.07,Jul,1,1,2,4,Returning_Visitor,True,False
0,0.0,2,89.31,57,1091.01,0.01,0.03,3.3,-0.45,Nov,1,1,2,4,Returning_Visitor,False,False
4,0.0,0,0.0,14,993.97,0.0,-0.03,94.19,-0.03,Nov,1,1,2,4,Returning_Visitor,True,True
0,0.0,-3,-70.72,12,-217.46,0.08,0.09,0.0,0.0,Mar,4,1,4,13,Returning_Visitor,False,False
2,279.0,1,187.3,41,1430.25,0.0,0.01,-7.44,0.0,Dec,2,2,2,6,Returning_Visitor,False,True
2,120.06,1,0.0,3,58.0,0.07,0.07,9.29,0.11,Mar,1,1,4,1,Returning_Visitor,False,False
-4,0.0,1,0.0,1,-1225.53,0.15,0.2,-5.49,0.35,May,3,2,1,13,Returning_Visitor,False,False
7,336.15,2,0.0,64,457.4,0.05,0.07,19.75,0.47,May,2,2,9,2,Returning_Visitor,False,False
7,353.0,1,0.0,24,187.61,-0.02,0.03,0.0,0.0,Nov,2,2,3,6,New_Visitor,False,False
1,-96.1,0,0.0,16,-663.56,0.05,0.07,0.0,-0.19,Mar,2,2,2,13,Returning_Visitor,False,False
1,0.0,0,0.0,8,1577.0,0.0,0.02,0.47,-0.05,Mar,1,1,1,2,Returning_Visitor,False,False
6,222.9,6,382.78,45,1423.82,0.02,0.04,-11.27,-0.06,Mar,3,2,1,2,Returning_Visitor,True,False
0,0.0,0,19.67,9,321.67,0.05,0.1,0.0,0.8,Feb,3,2,1,1,Returning_Visitor,False,False
5,-50.05,0,-152.05,13,1567.14,0.0,0.01,11.69,0.06,Oct,3,2,3,2,New_Visitor,False,False
2,-159.24,0,0.0,20,383.2,0.0,0.03,-2.33,0.43,May,1,1,3,4,Returning_Visitor,False,False
0,0.0,0,0.0,23,366.01,0.08,0.07,-16.08,0.03,Sep,3,2,1,1,Returning_Visitor,False,True
5,-14.98,-1,0.0,13,464.58,0.0,0.01,20.05,0.0,Nov,2,2,3,2,Returning_Visitor,False,False
5,510.3,0,-102.96,23,57.5,0.04,0.1,0.09,0.0,Feb,1,1,1,1,New_Visitor,False,False
8,62.5,0,0.0,90,2584.71,-0.02,0.02,16.94,0.15,May,2,2,1,13,Returning_Visitor,False,False
0,0.0,1,87.86,-17,1341.78,0.01,0.06,-26.15,0.0,Dec,3,2,1,2,Returning_Visitor,True,False
4,-45.43,0,235.54,14,48.5,0.0,0.02,23.76,0.2,Aug,2,2,1,13,Returning_Visitor,False,False
0,0.0,1,0.0,32,741.17,0.05,0.08,-16.87,0.29,Oct,2,2,2,4,Returning_Visitor,False,False
6,203.02,0,0.0,16,394.25,0.0,0.04,0.0,0.0,May,3,2,1,2,New_Visitor,False,False
7,316.94,3,4.59,45,3007.69,-0.08,-0.03,0.0,0.0,Oct,3,2,6,10,Returning_Visitor,False,False
-1,73.89,0,-48.86,7,1620.87,0.01,0.05,-26.28,0.0,Aug,4,1,2,2,Returning_Visitor,False,False
-6,-252.8,-1,-6.94,12,105.0,0.03,0.06,22.03,0.0,Nov,3,2,1,8,Returning_Visitor,False,False
-2,-226.89,-1,-186.28,31,815.87,0.0,0.03,-16.84,0.14,June,3,2,4,3,Returning_Visitor,False,False
3,19.95,1,-165.59,26,75.5,0.06,0.08,-9.96,0.04,Jul,2,2,4,2,Returning_Visitor,True,False
-2,-216.93,1,-35.11,28,557.4,-0.03,0.04,-9.74,0.4,May,3,2,1,1,Returning_Visitor,False,False
0,31.28,0,0.0,21,393.36,-0.01,-0.0,-35.56,0.13,Nov,2,2,7,2,Returning_Visitor,True,True
1,112.53,2,71.94,62,3096.43,0.0,0.02,0.0,-0.02,Nov,2,2,9,2,Returning_Visitor,False,False
2,20.2,0,168.94,23,1561.2,0.03,0.08,0.0,-0.3,Nov,4,2,1,2,Returning_Visitor,True,False
2,0.0,-1,-60.54,39,1490.31,0.01,0.03,0.27,-0.42,Oct,1,2,4,1,Returning_Visitor,False,False
1,19.0,-1,-109.13,-3,346.62,0.08,0.09,-29.4,0.08,Mar,2,2,9,2,New_Visitor,False,False
-3,28.89,0,0.0,9,145.0,0.09,0.11,-14.79,0.2,May,2,2,3,7,Returning_Visitor,False,False
3,239.37,1,141.44,-17,-176.4,0.0,0.01,1.53,-0.11,Jul,1,1,1,4,New_Visitor,True,True
0,0.0,0,0.0,30,180.17,0.0,-0.0,0.0,0.0,Jul,1,1,7,4,Returning_Visitor,False,False
1,0.0,1,210.81,-12,-207.25,0.2,0.22,-13.31,0.15,Nov,1,1,7,2,Returning_Visitor,True,False
2,-70.57,0,0.0,26,299.35,-0.05,-0.01,0.0,0.0,Nov,2,4,1,2,Returning_Visitor,False,False
0,338.81,0,0.0,11,-1266.88,-0.01,0.0,-12.57,0.0,Feb,2,2,6,2,Returning_Visitor,False,False
3,295.67,3,477.64,-9,2207.83,-0.02,0.02,25.18,0.18,Sep,3,2,1,2,Returning_Visitor,False,False
-1,28.0,0,0.0,8,-1027.63,-0.0,0.01,21.47,0.11,Nov,4,1,1,9,Returning_Visitor,False,True
0,0.0,0,10.46,17,1338.8,0.13,0.17,-3.93,0.0,Nov,2,2,3,9,Returning_Visitor,True,False
0,-48.28,1,0.0,14,-255.69,0.05,0.07,0.0,0.1,Aug,1,1,1,3,Returning_Visitor,False,False
3,109.5,1,-146.76,125,4643.76,0.0,0.01,-2.29,0.06,Oct,2,2,2,4,Returning_Visitor,False,False
3,134.0,2,124.67,11,771.07,0.06,0.07,1.74,0.1,May,4,4,3,2,Returning_Visitor,False,False
1,24.0,-2,0.0,28,238.5,-0.01,0.03,0.0,0.0,Mar,2,2,3,2,Returning_Visitor,False,False
-4,-318.48,0,0.0,4,32.0,-0.0,0.03,-12.76,0.28,Dec,1,2,4,2,Returning_Visitor,False,False
3,93.7,1,169.18,71,2576.43,0.01,0.05,0.0,0.0,Oct,1,2,2,1,Returning_Visitor,False,False
-3,0.0,0,-73.25,31,2064.75,0.06,0.12,-10.23,0.17,Mar,1,1,2,3,Returning_Visitor,True,False
10,469.16,1,98.83,32,785.47,0.0,0.0,34.99,0.0,May,2,2,2,6,Returning_Visitor,True,True
0,0.0,0,0.0,-5,-847.92,0.2,0.2,-39.38,0.06,May,2,2,9,1,Returning_Visitor,False,False
4,120.01,0,0.0,89,3471.22,0.03,0.04,12.8,0.0,June,3,2,2,1,Returning_Visitor,False,False
3,242.71,0,71.04,26,15.2,0.02,0.04,0.0,0.0,Mar,1,1,1,2,Returning_Visitor,False,False
4,132.32,3,327.07,96,4033.44,-0.02,0.02,-14.2,-0.27,Mar,2,2,1,1,Returning_Visitor,False,True
2,-98.4,4,98.27,49,2094.14,0.01,0.05,0.0,0.04,Nov,2,2,3,1,Returning_Visitor,False,False
5,52.0,0,0.0,80,1924.39,0.07,0.05,31.34,0.14,Dec,2,2,1,4,Returning_Visitor,False,False
4,212.29,3,188.09,21,-90.25,-0.02,0.0,0.0,0.0,Mar,2,2,2,2,New_Visitor,False,False
9,0.0,0,0.0,12,358.77,-0.0,-0.0,-2.72,0.0,May,2,4,1,1,Returning_Visitor,True,False
5,256.56,1,26.75,22,1262.79,0.0,0.01,-11.06,0.41,May,2,1,1,6,New_Visitor,False,False
1,171.12,3,358.64,22,970.21,0.01,0.03,-9.96,-0.1,Dec,2,2,2,5,Returning_Visitor,False,False
2,226.96,2,206.88,-19,220.89,0.02,0.07,-14.33,0.0,Jul,2,2,4,2,Returning_Visitor,False,False
0,0.0,0,0.0,16,-387.04,-0.01,0.03,0.0,-0.13,Mar,1,2,1,2,Returning_Visitor,False,False
4,65.53,0,0.0,5,377.0,0.04,0.04,-23.07,0.19,Oct,2,2,6,8,Returning_Visitor,False,False
0,0.0,0,0.0,-1,372.08,0.04,0.04,0.0,-0.08,Jul,2,2,1,2,New_Visitor,False,False
0,-161.06,1,0.0,49,2268.9,0.0,0.02,0.0,-0.13,Mar,1,5,3,5,Returning_Visitor,False,False
-2,-73.22,-1,0.0,-17,-720.07,0.01,0.07,16.58,0.0,Mar,1,1,4,3,Returning_Visitor,True,False
2,75.4,0,-26.21,2,1051.42,0.01,0.02,-27.53,0.07,May,2,2,7,2,New_Visitor,False,False
-3,132.76,0,-55.89,-8,58.5,0.01,0.06,-9.04,0.0,Feb,2,2,9,3,Returning_Visitor,False,False
6,324.8,1,41.55,65,2674.34,0.02,0.02,0.0,0.13,Nov,1,1,8,1,Returning_Visitor,False,False
3,78.88,2,120.15,8,1363.96,-0.01,0.01,26.37,0.18,Feb,2,2,6,1,New_Visitor,False,False
3,119.97,0,-26.83,-36,-1601.93,0.15,0.2,1.9,0.0,May,2,1,2,1,Returning_Visitor,False,False
4,345.94,1,-51.87,-45,-1300.75,0.07,0.13,10.23,0.02,Dec,2,2,1,3,Returning_Visitor,True,False
4,64.6,2,65.69,-1,597.6,0.09,0.12,22.03,-0.13,Feb,2,6,1,3,Returning_Visitor,True,False
1,35.42,-2,-254.62,-1,198.17,-0.02,0.01,5.02,0.0,May,2,2,9,2,Returning_Visitor,False,False
0,52.77,0,-160.01,8,940.55,0.04,0.08,0.0,0.0,Dec,3,2,9,2,New_Visitor,False,False
6,54.6,0,0.0,23,249.54,0.0,0.04,-4.68,-0.09,May,1,1,7,3,Returning_Visitor,True,False
2,-43.1,-2,0.0,7,115.67,0.0,0.02,24.93,-0.19,Dec,1,1,9,5,New_Visitor,True,False
0,0.0,0,-68.05,6,378.74,0.04,0.07,0.0,0.21,Nov,1,1,3,6,Returning_Visitor,False,False
4,153.25,1,52.97,19,654.16,0.0,0.04,57.47,0.2,May,2,2,5,4,New_Visitor,False,True
1,77.0,1,228.17,2,-931.88,-0.02,0.01,11.16,0.0,Sep,2,2,3,2,Returning_Visitor,False,False
3,400.66,1,-45.76,118,4278.98,0.01,0.06,0.0,0.1,May,2,2,7,2,Returning_Visitor,True,False
8,233.72,2,332.63,83,3539.94,0.01,-0.01,6.21,0.0,Aug,2,2,3,1,Returning_Visitor,False,False
-1,0.0,0,53.18,27,96.78,0.08,0.08,-13.86,0.0,June,1,1,3,3,New_Visitor,False,False
5,348.61,0,129.34,57,1721.91,-0.14,-0.11,204.01,0.0,Feb,2,2,1,2,Returning_Visitor,True,True
1,101.1,1,103.73,6,261.61,0.02,0.06,0.0,0.0,Oct,3,2,1,3,Returning_Visitor,False,False
4,41.47,-1,0.0,5,259.33,0.0,0.05,34.86,0.44,Mar,2,2,1,13,Returning_Visitor,False,False
7,311.14,0,0.0,32,1699.07,0.01,0.04,34.08,-0.21,Dec,3,2,2,5,Returning_Visitor,False,False
1,67.4,0,-225.08,43,590.55,0.0,0.02,38.07,0.19,Sep,2,2,1,6,New_Visitor,False,True
6,173.37,0,18.93,59,1475.17,0.02,0.04,-0.33,0.0,Oct,3,2,4,3,Returning_Visitor,False,False
0,-148.31,-1,130.27,-23,-161.31,0.02,0.05,0.0,0.0,Oct,3,6,4,2,Returning_Visitor,False,False
5,213.78,1,235.03,66,2618.68,0.06,0.08,-9.5,0.08,Dec,3,2,1,4,Returning_Visitor,True,True
2,174.42,1,65.0,43,1902.01,0.01,0.02,10.44,-0.1,Oct,1,1,1,4,Returning_Visitor,False,False
4,44.63,-1,0.0,22,673.48,0.02,0.03,35.87,0.4,May,2,2,7,2,Returning_Visitor,False,False
0,-97.91,0,117.72,5,0.0,0.2,0.2,6.41,0.0,May,3,6,3,13,Returning_Visitor,False,False
-4,-122.76,-1,11.0,1,0.0,0.07,0.13,-29.12,0.0,Oct,1,1,3,10,Returning_Visitor,False,False
-1,-158.12,0,-23.19,-39,-807.39,0.08,0.1,0.0,0.0,Aug,1,1,1,3,Returning_Visitor,False,False
5,18.63,-1,30.03,15,1779.68,0.0,0.01,13.71,0.0,May,3,2,4,2,Returning_Visitor,True,True
3,248.19,0,0.0,-26,-1571.77,-0.03,0.02,-26.68,0.0,Mar,3,2,2,3,New_Visitor,False,False
0,6.3,1,-26.56,24,648.07,0.02,0.04,0.0,-0.33,Nov,1,2,3,4,Returning_Visitor,False,False
2,-66.27,2,99.95,31,902.45,0.06,0.06,2.58,0.0,Feb,3,2,4,10,Returning_Visitor,False,False
-3,-5.53,0,-75.3,-10,161.67,0.01,0.04,13.4,-0.06,Oct,3,2,3,3,New_Visitor,False,False
1,72.43,0,0.0,3,71.0,0.01,0.01,0.0,0.48,May,2,2,5,3,Returning_Visitor,False,False
-1,0.0,0,0.0,17,857.0,0.07,0.09,0.0,0.06,Feb,2,2,1,11,Returning_Visitor,False,False
1,84.61,2,178.02,-12,650.81,0.0,0.01,0.0,0.0,Mar,1,1,1,2,Returning_Visitor,False,True
0,154.24,0,-169.06,26,2021.4,-0.06,-0.02,0.0,0.0,May,4,3,1,4,Returning_Visitor,False,False
1,0.0,0,0.0,15,728.67,0.05,0.05,36.67,0.19,Sep,3,6,1,4,Returning_Visitor,False,False
6,227.48,3,432.2,56,3002.51,0.01,0.04,0.45,0.0,Dec,2,2,4,1,Returning_Visitor,False,False
1,0.0,2,78.78,38,2253.8,0.01,0.08,10.69,0.0,Nov,3,2,2,1,Returning_Visitor,True,True
1,228.32,0,-48.18,21,831.0,0.12,0.11,-35.23,0.0,Dec,1,12,8,2,Returning_Visitor,False,False
11,252.33,2,149.95,29,419.25,0.03,0.04,16.97,-0.15,Nov,3,2,1,4,Returning_Visitor,True,False
3,-30.9,1,77.0,198,6278.03,0.0,0.0,15.67,0.0,May,4,1,5,1,Returning_Visitor,True,True
3,19.37,0,0.0,15,369.5,-0.01,0.04,-5.09,0.0,Nov,3,2,3,2,New_Visitor,False,False
3,0.0,0,0.0,58,962.35,0.03,0.05,0.0,0.0,Oct,2,4,3,2,Returning_Visitor,False,False
4,113.76,0,0.0,24,866.0,0.1,0.1,0.0,-0.18,Mar,2,2,1,1,Returning_Visitor,False,False
9,20.0,2,45.99,16,1474.37,0.0,0.03,31.39,0.2,Nov,2,2,1,2,Returning_Visitor,True,False
0,0.0,1,97.93,53,3145.65,0.0,0.03,-10.02,-0.07,Oct,1,1,2,4,New_Visitor,False,True
0,0.0,0,-18.31,-11,0.0,0.2,0.2,-5.01,0.21,Sep,4,1,1,2,Returning_Visitor,False,False
4,229.91,1,0.0,27,326.45,0.06,0.1,-14.32,0.31,May,2,2,3,1,Returning_Visitor,False,False
0,0.0,-1,0.0,18,602.8,0.01,0.02,57.48,0.02,Sep,4,2,9,6,Returning_Visitor,True,False
1,0.0,0,0.0,59,1921.99,0.0,-0.01,37.49,0.07,Jul,2,2,1,2,Returning_Visitor,False,False
6,43.1,2,16.24,50,2078.45,0.06,0.06,37.52,0.2,May,2,2,5,1,Returning_Visitor,False,False
0,0.0,-1,-79.04,3,59.0,0.04,0.06,0.0,0.0,Feb,1,13,9,2,Other,False,False
0,-50.94,0,-81.38,26,1562.79,0.02,0.04,40.42,0.05,Dec,2,2,4,4,Returning_Visitor,False,True
0,203.94,0,-31.38,-5,92.25,0.04,0.04,10.87,0.0,Feb,3,2,2,1,Returning_Visitor,False,False
-3,-253.82,0,69.52,-30,49.0,0.0,0.1,0.0,0.0,Mar,2,2,1,3,Returning_Visitor,True,False
-1,16.0,0,0.0,10,-266.49,-0.01,0.05,0.0,0.03,Nov,2,2,1,8,Returning_Visitor,False,False
4,68.67,0,-127.21,26,1265.58,-0.04,0.0,-3.05,0.02,Sep,1,2,1,4,New_Visitor,False,True
0,0.0,-1,-128.09,-17,1634.39,0.0,0.1,11.94,0.0,Feb,2,2,7,1,Returning_Visitor,False,False
3,49.62,1,-60.87,19,73.67,0.0,0.02,0.0,0.18,May,2,2,2,3,Returning_Visitor,True,False
1,61.01,0,0.0,5,-947.17,0.02,0.05,-31.32,0.0,Nov,2,2,6,2,Returning_Visitor,False,False
7,153.85,2,10.11,13,504.6,0.0,0.03,17.1,0.17,May,1,1,7,1,Returning_Visitor,False,True
3,155.7,0,-13.5,37,595.0,0.0,0.04,-4.61,0.05,Feb,1,1,3,4,Returning_Visitor,False,False
6,0.0,0,-15.28,110,4205.02,0.0,0.0,0.0,0.24,Mar,4,1,1,10,Returning_Visitor,False,False
1,77.01,1,0.0,31,1574.38,0.02,0.06,-6.85,0.0,Mar,2,2,2,1,Returning_Visitor,False,False
3,0.0,0,0.0,1,0.0,-0.02,0.03,0.0,-0.15,Nov,2,1,2,4,Returning_Visitor,False,False
1,18.5,0,0.0,47,814.61,0.07,0.1,11.26,0.21,Mar,2,2,1,2,Returning_Visitor,False,True
5,106.0,0,0.0,30,1610.01,0.0,0.01,34.9,0.0,Jul,2,4,3,2,Returning_Visitor,False,False
3,-65.25,2,388.28,37,2284.18,0.0,0.01,34.44,0.0,Feb,2,4,9,4,New_Visitor,False,True
10,790.9,0,59.08,54,1178.0,0.0,0.02,-36.19,0.05,Nov,2,2,1,10,Returning_Visitor,False,True
4,207.41,0,0.0,94,2487.52,0.0,-0.01,10.65,0.38,Feb,2,2,3,2,New_Visitor,False,False
-5,18.12,0,-213.77,-32,-861.2,-0.05,-0.03,0.0,0.0,Sep,3,4,2,4,Returning_Visitor,False,False
0,-16.73,1,-88.43,53,1672.26,0.0,0.07,-14.36,0.0,Nov,1,1,2,3,Returning_Visitor,True,False
5,241.71,1,0.0,8,1236.2,-0.01,0.02,0.0,0.0,Mar,1,1,9,3,Returning_Visitor,False,False
5,107.31,2,127.34,92,3554.76,-0.03,0.02,2.09,0.0,Jul,2,2,1,2,Returning_Visitor,False,True
7,51.37,1,0.0,22,610.98,0.06,0.07,33.46,0.0,Aug,1,1,4,3,Returning_Visitor,False,False
0,51.44,1,75.14,103,4903.8,0.01,0.03,-6.81,0.1,Sep,1,2,7,2,Returning_Visitor,False,False
2,-150.58,0,-196.7,19,422.13,0.13,0.1,-2.68,0.0,Nov,3,2,2,2,Returning_Visitor,True,False
1,342.29,2,48.0,37,1625.1,-0.04,0.0,20.31,-0.11,Mar,1,1,1,1,Returning_Visitor,False,False
8,255.6,1,3.7,6,276.63,0.0,0.02,-6.3,-0.14,Oct,3,2,9,2,Returning_Visitor,True,False
-1,142.22,0,135.88,-23,112.86,0.14,0.2,-31.44,0.13,Feb,2,6,7,2,Returning_Visitor,True,False
3,97.33,0,85.59,25,1201.6,0.09,0.13,-21.13,0.2,May,3,2,2,13,Returning_Visitor,False,False
4,77.22,1,0.0,107,3332.79,0.0,-0.01,0.0,0.0,Mar,2,4,9,14,Returning_Visitor,True,False
2,53.5,0,0.0,-16,277.54,0.0,0.02,0.0,0.0,Aug,2,2,7,11,Returning_Visitor,False,False
0,0.0,-1,-198.98,8,149.0,0.01,0.04,10.4,-0.12,May,3,4,4,3,Returning_Visitor,False,False
4,54.8,-1,0.0,3,-338.28,-0.03,0.02,0.0,0.09,Aug,2,2,3,2,Returning_Visitor,False,False
4,112.39,1,0.0,81,2533.83,0.01,0.01,0.0,-0.12,Nov,2,2,3,10,Returning_Visitor,False,False
1,5.38,1,-26.89,36,1426.79,0.01,0.02,8.25,0.46,Aug,3,2,6,3,New_Visitor,True,False
1,14.75,-1,-9.95,5,280.2,0.0,0.03,19.51,0.11,Aug,1,2,4,2,New_Visitor,False,True
6,301.92,0,0.0,128,4963.49,0.0,-0.0,-25.26,0.0,Nov,2,2,2,5,Returning_Visitor,True,False
7,504.77,0,-49.68,35,2019.78,-0.0,0.02,17.99,0.12,Jul,2,2,6,2,Returning_Visitor,True,True
0,-24.57,0,87.31,-11,-1597.51,0.2,0.17,0.0,0.2,May,3,2,1,1,Returning_Visitor,False,False
5,167.74,2,125.0,56,1970.84,-0.04,-0.04,96.26,-0.05,Mar,2,4,2,2,Returning_Visitor,True,True
0,0.0,1,55.0,40,839.42,0.0,0.04,22.09,0.15,May,2,1,1,8,Returning_Visitor,False,True
3,50.5,0,-39.61,10,192.5,-0.03,0.02,6.3,0.0,Nov,2,2,1,2,New_Visitor,False,False
9,848.14,2,-34.1,56,1687.54,0.0,0.0,-4.01,0.28,Mar,2,5,9,4,Returning_Visitor,False,False
-3,0.0,0,61.91,-31,299.5,-0.03,0.05,-8.25,0.0,Mar,1,1,1,1,Returning_Visitor,False,False
-1,-150.77,0,-13.6,5,1679.83,0.08,0.11,45.83,-0.14,Mar,2,6,1,3,Returning_Visitor,False,True
0,44.0,0,-39.46,2,1131.24,0.0,0.02,0.0,0.15,Nov,1,1,7,2,New_Visitor,False,False
0,-20.18,0,120.59,14,300.02,-0.01,0.03,5.4,-0.13,Dec,2,2,1,2,Returning_Visitor,False,False
0,0.0,0,0.0,66,2882.47,0.07,0.11,3.94,0.27,Nov,2,2,1,10,Returning_Visitor,True,False
0,162.4,0,55.88,-14,101.75,0.09,0.12,0.0,0.13,May,3,2,4,2,Returning_Visitor,True,False
0,105.04,0,81.32,59,1384.33,0.02,0.05,0.0,0.0,June,1,1,2,13,Returning_Visitor,False,False
0,54.45,1,-3.9,9,128.0,0.0,0.02,-17.4,0.2,May,3,2,4,2,New_Visitor,False,False
0,0.0,-1,0.0,19,96.5,0.04,0.07,-11.96,0.0,May,1,2,4,1,Returning_Visitor,False,False
5,47.33,0,-33.06,4,34.83,0.0,0.01,16.22,0.0,May,3,2,7,5,Returning_Visitor,False,False
0,0.0,0,0.0,13,1080.05,-0.01,0.02,6.05,0.0,Mar,3,2,3,2,Returning_Visitor,True,False
-3,163.51,0,0.0,-19,-381.23,0.02,0.02,-14.7,0.44,May,1,1,9,2,Returning_Visitor,True,False
6,365.11,4,848.42,113,5882.17,-0.01,0.01,23.58,-0.32,Nov,2,2,1,2,Returning_Visitor,True,False
-1,39.0,0,89.96,24,-398.08,0.0,0.03,24.14,0.05,Feb,2,2,4,2,New_Visitor,False,True
-3,-245.16,0,0.0,-10,-1419.57,0.02,0.05,9.14,0.0,Dec,2,2,4,2,Returning_Visitor,False,False
0,211.87,1,67.8,42,2033.6,0.0,0.04,3.34,0.03,Nov,1,1,6,10,Returning_Visitor,False,False
1,83.6,0,42.21,6,314.4,0.0,0.02,0.0,-0.15,Mar,3,2,6,2,New_Visitor,False,False
0,-148.74,0,-58.7,14,336.77,0.01,0.01,21.18,0.34,Mar,3,2,6,3,Returning_Visitor,True,False
0,208.69,0,120.02,0,634.0,0.14,0.15,17.85,-0.08,Dec,3,2,6,12,Returning_Visitor,False,False
-1,242.61,1,0.0,1,439.12,0.16,0.2,-28.3,0.18,Aug,3,1,4,6,Returning_Visitor,False,False
7,330.61,4,188.34,284,11940.02,0.02,-0.01,9.22,0.0,Nov,1,1,3,2,Returning_Visitor,False,True
2,218.37,0,0.0,10,-222.17,-0.01,-0.0,-11.66,0.02,Nov,2,2,4,4,Returning_Visitor,False,False
6,122.72,0,123.19,36,513.4,0.01,0.06,-28.72,-0.04,May,1,1,1,3,Returning_Visitor,True,False
0,28.2,-1,90.62,12,212.5,0.0,0.01,-11.28,-0.25,Dec,2,4,2,4,Returning_Visitor,True,True
3,0.0,1,0.0,-34,48.0,0.16,0.17,0.0,0.0,Mar,1,1,1,5,Returning_Visitor,False,False
2,14.0,0,187.05,5,1343.46,0.0,-0.0,0.0,0.0,Jul,3,2,1,2,Returning_Visitor,True,False
3,10.56,2,0.0,33,178.91,-0.01,0.02,-0.51,-0.01,Mar,2,5,1,15,Returning_Visitor,False,False
5,508.49,3,189.78,6,183.84,-0.0,0.06,0.0,0.07,Feb,2,2,1,2,Returning_Visitor,False,False
1,136.5,0,0.0,25,1084.45,0.0,0.01,39.97,0.0,Aug,1,2,2,11,Returning_Visitor,False,False
3,192.68,1,0.0,48,3972.0,0.0,0.02,0.0,0.0,Aug,2,2,1,2,Returning_Visitor,False,False
3,-74.99,-1,-129.06,21,702.12,0.01,0.04,-8.07,0.0,May,2,4,6,1,Returning_Visitor,False,False
2,388.2,0,-33.25,23,1674.0,0.0,0.05,33.7,0.0,Dec,2,2,1,15,Returning_Visitor,False,False
4,0.0,-1,0.0,29,199.91,0.0,0.02,37.35,-0.02,Nov,2,2,9,9,Returning_Visitor,False,False
4,0.0,4,225.77,222,8914.46,0.05,0.04,35.93,-0.1,June,1,13,9,20,Other,False,False
8,305.67,1,0.0,12,796.25,-0.04,0.01,7.85,0.0,Oct,1,1,1,10,Returning_Visitor,False,False
4,96.6,0,92.28,10,1582.5,0.01,-0.04,69.46,0.0,Nov,2,2,1,2,Returning_Visitor,True,True
2,0.0,0,0.0,64,737.3,0.0,0.0,0.0,-0.17,Aug,1,1,4,3,Returning_Visitor,True,False
9,450.95,4,277.76,74,2791.06,-0.01,0.01,14.25,0.21,Oct,2,2,3,2,Returning_Visitor,True,False
2,93.9,0,266.29,10,387.28,0.04,0.06,44.87,0.08,Nov,3,2,1,2,Returning_Visitor,False,False
-1,0.0,0,48.6,6,236.5,0.08,0.09,-19.88,0.0,Feb,4,1,3,5,Returning_Visitor,False,False
3,172.0,1,269.04,4,748.94,-0.05,0.0,-7.12,0.0,Mar,2,2,7,10,Returning_Visitor,True,False
0,0.0,0,-47.71,-22,-641.86,0.03,0.05,0.0,-0.01,Mar,4,2,2,4,Returning_Visitor,False,False
-2,0.0,1,0.0,5,22.0,0.08,0.12,14.65,0.33,May,3,2,1,13,Returning_Visitor,False,False
1,210.05,3,331.17,30,1566.04,0.01,0.04,21.44,0.08,Feb,2,6,1,1,Returning_Visitor,False,False
0,0.0,0,-10.43,-54,0.0,0.2,0.2,1.49,0.21,May,1,2,1,5,Returning_Visitor,False,False
3,20.2,0,-80.57,14,688.4,0.0,0.03,0.0,0.26,Aug,3,2,1,5,Returning_Visitor,False,False
5,195.69,0,-9.71,50,3118.4,0.0,0.01,-29.57,-0.24,Dec,2,2,3,1,Returning_Visitor,False,False
-1,-69.27,0,0.0,12,191.83,0.12,0.12,0.0,-0.07,Dec,2,2,3,2,Returning_Visitor,False,False
0,-38.06,1,-43.13,21,574.83,0.0,0.01,0.0,-0.06,Feb,3,2,2,2,Returning_Visitor,False,False
0,79.03,0,0.0,3,1028.78,0.09,0.13,0.0,0.12,May,3,1,3,3,Returning_Visitor,False,False
2,268.48,-1,-26.88,51,2672.28,0.01,0.04,13.34,0.0,Mar,2,2,1,2,New_Visitor,False,False
8,209.76,0,0.0,67,2984.52,-0.01,0.01,-14.04,0.0,Oct,2,2,1,12,Returning_Visitor,False,False
-3,-129.33,0,-187.98,2,41.5,0.1,0.12,0.0,0.0,Aug,4,1,1,1,Returning_Visitor,False,False
7,54.33,0,-45.54,27,619.53,0.0,0.01,-3.09,-0.04,Oct,1,5,3,3,Returning_Visitor,False,False
5,155.65,0,0.0,41,1137.0,0.04,0.04,0.0,0.01,May,4,2,3,2,Returning_Visitor,False,False
0,-15.89,0,0.0,100,2425.0,-0.03,0.01,0.0,0.18,Mar,2,2,7,3,Returning_Visitor,False,False
0,298.75,4,620.25,28,997.29,0.01,0.03,0.0,0.31,Oct,1,1,3,2,New_Visitor,False,False
-2,8.15,0,-59.1,10,643.05,0.08,0.11,0.0,0.0,Mar,1,1,3,3,Returning_Visitor,True,False
1,-212.2,-1,-55.62,32,1151.14,-0.03,-0.02,15.28,-0.12,Nov,2,1,2,2,Returning_Visitor,False,True
0,0.0,0,0.0,9,886.21,0.15,0.2,11.04,-0.11,Mar,3,2,1,11,Returning_Visitor,False,False
-3,-98.12,1,-27.1,49,2315.72,-0.01,0.01,0.0,0.25,Mar,2,6,3,2,Returning_Visitor,False,False
17,676.48,3,239.68,146,6529.6,0.04,0.02,44.72,-0.09,Aug,2,2,4,10,Returning_Visitor,False,True
0,-107.62,0,0.0,-5,-2285.08,0.03,0.08,-10.47,0.19,Dec,1,1,4,9,Returning_Visitor,False,False
0,0.0,0,0.0,-34,-2533.5,0.02,0.05,0.0,0.02,Mar,2,5,1,3,New_Visitor,False,False
-5,-261.8,1,103.03,4,63.21,0.01,0.06,-14.94,0.04,May,3,5,1,8,New_Visitor,True,False
5,331.65,0,0.0,34,641.52,0.05,0.07,6.56,0.16,Mar,2,2,5,1,Returning_Visitor,False,False
3,155.0,0,-70.32,60,2562.63,0.0,0.02,22.61,-0.01,Nov,1,5,3,1,Returning_Visitor,False,False
10,166.93,2,120.38,56,1956.15,0.06,0.07,-25.19,0.14,Nov,2,4,2,12,Returning_Visitor,False,False
6,228.29,0,0.0,23,934.87,0.01,0.01,-26.55,0.0,Oct,4,1,1,1,Returning_Visitor,True,False
2,-229.27,1,87.75,37,208.83,-0.07,-0.05,70.32,0.18,May,2,2,3,2,New_Visitor,False,True
0,53.78,0,-161.61,11,203.5,-0.04,-0.04,-10.97,0.0,Dec,3,1,3,10,Returning_Visitor,False,False
6,168.85,-1,-118.12,-15,383.2,0.0,0.03,-3.19,-0.09,Mar,1,1,1,1,New_Visitor,False,False
0,170.22,0,0.0,10,77.5,0.1,0.08,0.0,0.0,Feb,2,2,4,14,Returning_Visitor,True,False
2,175.0,1,72.54,25,988.85,0.01,0.04,0.0,0.0,Nov,2,2,9,6,Returning_Visitor,False,False
1,75.0,1,9.16,87,1721.39,0.05,0.04,28.12,0.21,Nov,2,2,2,4,Returning_Visitor,False,True
4,258.77,1,0.0,10,532.1,0.12,0.1,0.0,0.15,Feb,3,2,6,2,Returning_Visitor,False,False
4,50.0,-1,32.61,58,602.25,0.03,0.03,19.88,0.07,Dec,3,2,6,5,Returning_Visitor,False,False
-2,170.07,1,-107.09,-3,40.0,0.0,0.03,0.0,-0.04,Mar,2,1,1,2,Returning_Visitor,False,False
4,22.2,2,394.31,18,1142.13,0.0,0.0,12.05,0.0,Nov,2,4,5,4,Returning_Visitor,False,False
7,29.5,1,-3.5,29,569.17,0.04,0.06,16.67,0.0,May,3,2,3,6,Returning_Visitor,False,True
-1,22.5,0,147.27,15,1307.11,0.03,0.06,0.0,0.0,Dec,2,2,3,1,Returning_Visitor,False,False
4,49.5,3,116.91,4,207.27,0.03,0.07,33.14,0.0,Dec,2,2,1,2,New_Visitor,False,False
16,435.83,0,0.0,75,2351.83,0.0,0.02,1.38,0.0,Dec,2,2,1,10,Returning_Visitor,False,False
1,-5.66,0,-33.85,1,1211.43,0.2,0.23,3.47,0.01,Nov,2,2,9,7,Returning_Visitor,False,False
4,0.0,0,-107.68,16,76.17,0.0,0.04,-3.7,0.14,Mar,2,2,1,3,Returning_Visitor,True,False
3,213.0,0,0.0,6,338.0,0.0,0.05,-12.17,0.38,May,1,1,1,5,Returning_Visitor,False,True
5,142.35,2,103.91,27,-847.65,0.11,0.12,-31.16,-0.02,Feb,2,2,3,2,Returning_Visitor,False,False
3,75.25,0,0.0,-8,35.71,0.09,0.11,25.67,-0.0,Dec,4,1,1,1,Returning_Visitor,False,False
0,164.89,1,0.0,0,36.35,0.19,0.2,0.0,0.24,Aug,2,2,3,3,Returning_Visitor,True,False
7,261.37,0,89.85,11,216.7,0.0,0.03,29.46,-0.11,Sep,2,2,1,2,New_Visitor,False,False
7,161.67,0,0.0,279,11976.72,-0.02,-0.02,5.27,-0.03,Jul,1,2,2,1,Returning_Visitor,False,False
1,0.0,0,159.93,-21,200.0,0.06,0.11,0.0,-0.25,Mar,2,2,9,1,Returning_Visitor,False,False
0,63.42,0,67.61,7,-717.74,0.02,0.06,0.0,0.0,Oct,2,2,3,1,Returning_Visitor,False,False
3,55.5,0,-196.96,19,1650.0,0.0,0.05,11.36,0.08,Feb,3,2,9,2,Returning_Visitor,False,True
5,203.96,3,97.67,116,5639.22,-0.03,-0.0,11.71,0.0,May,2,2,7,5,Returning_Visitor,False,False
-3,-70.39,1,-34.71,7,1422.61,0.09,0.16,-7.48,0.0,Oct,1,1,1,3,Returning_Visitor,False,False
5,297.76,0,-2.69,99,4011.95,0.1,0.08,13.17,-0.04,May,2,10,7,2,Returning_Visitor,False,True
-2,67.62,2,372.95,36,11.0,0.09,0.13,-21.2,-0.03,June,2,2,1,11,Returning_Visitor,False,False
7,237.78,0,0.0,91,3247.61,-0.02,-0.03,12.34,0.0,Nov,2,2,6,2,Returning_Visitor,False,False
-1,105.5,0,-184.08,-6,1403.54,0.0,0.01,0.0,0.0,Dec,4,5,9,20,Returning_Visitor,False,False
-2,-102.26,1,81.04,-14,-138.59,0.05,0.06,24.56,0.0,Feb,2,2,1,1,Returning_Visitor,False,False
3,32.33,0,206.84,-17,374.6,0.0,0.04,0.0,0.19,Sep,2,2,3,3,Returning_Visitor,False,False
1,-238.08,0,0.0,55,388.0,0.08,0.12,0.0,0.12,Mar,2,2,1,1,Returning_Visitor,False,False
6,100.6,2,82.31,150,4856.56,0.09,0.08,-13.97,0.0,Aug,2,2,1,1,Returning_Visitor,False,True
1,142.91,0,-158.41,-54,-791.25,0.0,0.03,0.0,0.09,Nov,3,2,7,1,Returning_Visitor,False,False
0,111.03,0,0.0,20,-40.16,0.02,0.02,20.88,-0.07,Feb,1,1,1,2,Returning_Visitor,False,False
1,74.72,0,-123.67,6,535.55,0.03,0.01,29.66,0.02,Dec,2,2,1,2,Returning_Visitor,False,False
-4,0.0,0,0.0,1,0.0,0.13,0.2,-13.36,0.15,Mar,1,1,9,1,Returning_Visitor,False,False
5,51.0,0,0.0,54,1100.64,0.01,0.02,0.0,-0.15,Dec,2,2,4,1,Returning_Visitor,False,False
5,113.7,1,0.0,-19,-626.96,-0.02,0.02,20.8,0.05,Nov,2,2,6,5,Returning_Visitor,False,False
0,-141.95,0,0.0,12,1940.84,-0.01,0.02,0.0,0.02,Oct,1,1,6,3,Returning_Visitor,False,False
3,119.18,0,73.92,5,-1446.14,0.03,0.02,0.0,0.23,Sep,2,4,1,4,Returning_Visitor,False,True
0,44.5,4,191.98,69,1862.82,0.01,0.03,6.35,0.0,Dec,3,2,2,2,Returning_Visitor,True,False
1,-12.3,0,-67.62,48,691.36,-0.03,0.01,17.62,0.02,Nov,3,2,1,6,Returning_Visitor,False,False
-1,18.0,0,0.0,-3,-268.85,0.08,0.07,3.83,-0.2,Nov,3,2,1,4,Returning_Visitor,False,False
1,173.94,0,15.94,14,1292.49,0.0,0.01,-4.28,-0.11,May,1,2,5,10,Returning_Visitor,False,True
1,0.0,0,67.01,-5,-1778.79,-0.02,0.02,0.0,0.13,Mar,1,1,1,2,New_Visitor,False,False
4,209.5,1,0.0,23,869.58,0.0,0.02,0.0,0.0,Oct,2,2,3,2,New_Visitor,False,False
-2,-0.95,0,79.38,5,276.0,-0.03,-0.01,9.88,0.0,Oct,3,2,2,1,Returning_Visitor,False,False
-2,0.0,0,0.0,21,472.88,0.05,0.08,0.0,0.04,Aug,2,2,1,11,Returning_Visitor,True,False
1,0.0,0,0.0,31,473.75,0.03,0.05,0.0,-0.22,Feb,3,2,6,3,New_Visitor,False,False
1,0.0,0,25.91,-7,189.5,0.0,0.03,1.15,-0.15,Mar,3,2,3,3,New_Visitor,False,False
4,173.23,0,118.1,10,302.24,0.0,0.04,0.0,0.0,Jul,2,2,2,2,Returning_Visitor,True,False
2,158.33,0,185.59,12,497.0,0.0,0.05,10.63,0.3,May,2,2,9,6,Returning_Visitor,False,False
5,0.0,1,0.0,49,1140.17,0.03,0.03,0.0,-0.04,Jul,3,2,6,13,Returning_Visitor,False,False
5,62.04,0,-197.74,5,752.58,0.01,0.03,-12.33,-0.08,Feb,3,2,3,6,Returning_Visitor,False,False
1,57.09,-1,0.0,-17,-280.37,0.01,0.02,13.72,0.0,Nov,2,4,1,2,Returning_Visitor,True,True
4,2.22,0,0.0,9,1444.53,0.01,0.02,0.0,0.2,Nov,2,2,1,1,Returning_Visitor,False,False
-2,-275.06,0,0.0,1,-177.18,0.2,0.2,0.0,-0.09,June,4,2,1,1,Returning_Visitor,True,False
-2,-11.19,0,61.28,25,1087.43,0.0,0.04,17.8,-0.01,May,2,4,1,1,Returning_Visitor,False,False
0,-49.9,0,0.0,2,-718.1,0.2,0.2,0.0,-0.18,Mar,1,1,4,1,Returning_Visitor,True,False
3,55.0,0,-11.63,63,2174.23,0.02,0.03,0.0,0.4,Nov,3,2,1,5,Returning_Visitor,False,False
0,161.2,0,-120.47,62,1857.74,0.0,0.02,26.34,0.5,May,2,2,1,2,New_Visitor,False,False
0,48.77,0,0.0,10,426.5,-0.03,0.02,0.0,0.0,Feb,3,3,1,4,New_Visitor,False,False
2,0.0,1,0.0,20,0.0,0.2,0.2,-1.17,0.54,May,3,2,3,3,Returning_Visitor,True,False
2,40.5,0,0.0,3,365.49,0.04,0.06,30.43,0.0,May,2,2,1,9,Returning_Visitor,True,False
2,24.45,1,163.67,53,1949.06,0.03,0.04,-11.87,0.06,Nov,1,2,3,2,Returning_Visitor,False,False
0,-25.6,0,0.0,16,-33.76,0.03,0.07,0.0,0.0,Feb,2,2,5,1,Returning_Visitor,False,False
0,32.79,-1,-54.98,24,-737.81,0.01,0.04,0.0,0.51,May,2,2,9,13,Returning_Visitor,False,False
0,0.0,1,6.81,23,684.5,0.04,0.05,0.0,0.3,May,2,2,2,6,Returning_Visitor,False,False
0,0.0,2,42.14,36,146.92,0.06,0.09,0.0,0.0,Mar,2,2,4,2,Returning_Visitor,False,False
5,315.35,0,0.0,82,3912.56,0.01,0.03,29.96,-0.16,Nov,1,1,1,2,Returning_Visitor,True,False
3,47.0,2,51.0,49,463.42,0.03,0.02,0.08,1.0,May,3,2,1,4,Returning_Visitor,True,False
3,4.0,2,102.0,31,1794.93,0.04,0.04,8.71,0.0,Nov,2,2,2,4,Returning_Visitor,True,False
4,199.0,1,33.38,-39,57.82,0.03,0.05,-13.4,0.0,May,1,1,3,5,Returning_Visitor,False,False
0,177.33,0,115.88,70,2412.31,0.07,0.04,15.26,-0.03,Aug,1,1,7,4,Returning_Visitor,False,False
1,81.89,0,112.74,20,57.0,0.06,0.08,28.32,-0.01,Sep,2,2,4,1,New_Visitor,True,False
12,297.21,1,31.18,61,2273.07,0.0,0.02,13.28,0.0,Oct,1,1,4,3,Returning_Visitor,False,False
-4,-189.98,-1,0.0,-21,0.0,0.2,0.18,8.47,0.0,Mar,2,4,1,1,Returning_Visitor,False,False
4,374.1,0,123.94,40,3696.95,0.0,-0.0,-11.21,-0.18,Oct,2,2,3,2,Returning_Visitor,False,False
4,-6.34,2,387.13,19,1243.8,-0.03,0.0,0.0,0.26,Mar,3,2,2,1,Returning_Visitor,False,False
0,53.96,-1,0.0,-25,756.12,0.0,0.07,13.55,-0.19,Dec,3,2,4,11,New_Visitor,False,True
0,-162.17,0,0.0,35,757.11,0.04,0.05,0.0,0.38,Oct,3,2,3,14,Returning_Visitor,False,False
5,94.36,1,-175.61,25,982.76,0.01,0.04,8.78,-0.12,Sep,2,6,2,2,Returning_Visitor,False,False
1,-227.76,0,111.46,61,2154.21,0.03,0.03,-12.92,0.05,Nov,3,2,1,6,Returning_Visitor,True,False
3,167.44,2,398.0,71,4653.19,-0.01,0.03,-8.46,0.17,May,2,2,6,3,Returning_Visitor,False,True
6,39.4,1,163.6,43,2021.75,0.0,0.02,11.24,0.05,Oct,2,2,2,3,Returning_Visitor,False,False
0,0.0,3,-0.5,12,338.75,0.0,0.05,-19.26,0.0,Jul,1,5,1,4,Returning_Visitor,False,False
2,0.0,1,0.0,12,518.04,0.01,0.05,19.8,0.0,Jul,2,2,2,1,Returning_Visitor,False,False
0,0.0,1,-86.63,17,-27.92,-0.01,0.01,-12.02,0.05,Nov,2,2,9,1,New_Visitor,False,True
1,83.0,2,112.29,18,-79.45,0.09,0.08,9.52,0.06,May,4,1,7,11,Returning_Visitor,True,False
6,53.91,3,225.2,75,2682.23,0.0,0.03,23.97,0.0,Oct,3,2,4,2,New_Visitor,False,False
1,81.51,0,28.08,28,-560.8,0.06,0.07,-13.24,0.0,Oct,2,2,2,13,Returning_Visitor,False,False
-2,-6.07,2,5.92,65,1770.85,-0.01,0.02,16.54,0.0,Mar,3,2,7,13,Returning_Visitor,True,False
3,-42.2,0,0.0,28,1926.92,-0.0,-0.01,0.0,0.05,May,2,2,1,18,Returning_Visitor,False,False
0,-169.8,0,0.0,29,528.0,0.0,0.01,10.12,-0.04,May,2,2,1,10,Returning_Visitor,False,True
7,295.07,1,0.0,83,3310.64,0.06,0.07,18.73,0.0,Jul,3,2,3,3,Returning_Visitor,True,True
4,-50.04,0,0.0,3,242.0,0.07,0.12,0.0,0.22,May,3,2,4,7,Returning_Visitor,False,False
0,6.0,0,0.0,21,870.18,0.0,0.02,0.0,0.14,Dec,1,1,1,3,Returning_Visitor,True,False
-1,134.36,0,19.81,11,568.97,0.02,0.05,12.39,0.21,Sep,1,2,3,2,Returning_Visitor,True,True
0,8.0,0,-51.23,25,2442.29,0.0,0.03,30.51,0.43,Sep,1,1,3,4,Returning_Visitor,False,True
0,-30.35,0,6.13,37,785.38,0.05,0.08,0.0,0.6,Oct,3,2,3,11,Returning_Visitor,False,False
0,-53.74,-2,0.0,1,13.0,0.0,-0.02,0.0,0.0,Mar,1,2,3,1,Returning_Visitor,True,False
3,77.11,-1,39.25,-17,579.73,0.01,0.04,25.82,-0.19,Nov,3,2,5,2,Returning_Visitor,False,False
5,210.62,3,336.76,167,8249.11,0.01,0.02,-9.64,0.0,Nov,1,1,7,4,Returning_Visitor,False,True
5,39.5,2,62.25,339,11225.67,-0.05,-0.06,0.0,0.06,Nov,1,2,3,2,Returning_Visitor,False,False
3,25.6,0,46.71,10,327.77,0.03,0.05,11.78,0.0,May,1,1,1,5,Returning_Visitor,True,True
0,138.5,0,-270.99,19,-155.74,-0.01,0.02,5.6,-0.03,May,3,2,1,8,Returning_Visitor,True,False
-2,0.0,0,0.0,27,652.7,0.06,0.09,32.62,0.0,Jul,2,2,1,1,Returning_Visitor,False,False
0,0.0,0,-101.01,30,0.0,-0.0,0.02,3.97,0.0,Mar,2,2,2,9,Returning_Visitor,False,False
8,222.46,0,0.0,24,496.67,0.0,0.0,21.28,-0.17,Mar,1,1,4,2,New_Visitor,False,False
0,19.18,3,91.23,71,3122.25,0.09,0.14,0.0,0.33,Nov,2,2,1,3,Returning_Visitor,True,False
7,421.0,0,0.0,1,110.5,0.0,0.03,16.99,0.0,Mar,3,2,9,3,New_Visitor,False,False
2,105.0,0,-180.79,13,1384.38,0.03,0.06,-17.27,0.13,Feb,2,2,9,9,Returning_Visitor,True,False
10,189.21,8,261.0,97,3008.54,-0.07,-0.05,-6.06,0.01,Feb,2,2,4,2,New_Visitor,False,False
5,200.6,0,-77.76,-8,402.0,0.0,-0.0,0.0,0.0,Nov,2,2,9,2,Returning_Visitor,True,True
-2,0.0,1,-19.34,8,445.0,0.0,0.06,0.0,0.0,Dec,3,2,4,5,Returning_Visitor,False,False
2,-1.75,0,0.0,8,1528.36,0.1,0.12,0.0,0.02,Mar,3,2,9,1,Returning_Visitor,False,False
6,188.96,1,78.13,45,901.09,0.0,0.01,27.21,-0.11,Mar,2,2,2,2,New_Visitor,False,False
0,-260.27,1,0.0,-8,-442.98,0.09,0.12,11.12,0.0,Mar,2,2,3,1,Returning_Visitor,False,False
2,0.0,0,-193.68,7,24.0,0.04,0.1,-14.19,0.4,Sep,2,2,1,3,Returning_Visitor,False,False
0,15.16,1,15.42,100,4093.43,-0.06,0.02,-18.95,0.0,May,2,1,2,2,Returning_Visitor,False,False
10,505.43,12,605.97,141,5593.04,-0.04,0.02,13.2,0.0,Dec,2,2,1,2,Returning_Visitor,True,False
8,366.43,7,447.34,63,3097.64,-0.06,-0.01,-5.96,0.25,May,1,1,1,5,Returning_Visitor,False,False
5,0.0,2,243.44,19,2114.79,-0.06,-0.03,0.0,0.0,May,2,2,6,2,Returning_Visitor,False,False
3,348.5,1,0.0,42,2686.4,-0.06,-0.02,15.42,0.0,Oct,3,4,9,2,Returning_Visitor,False,False
0,0.0,-1,128.95,30,210.1,0.01,0.03,15.49,-0.11,Jul,2,5,1,2,Returning_Visitor,False,False
0,0.0,0,101.03,-28,-384.13,0.17,0.2,-8.72,0.25,Mar,3,2,3,1,Returning_Visitor,False,False
8,348.95,2,0.0,19,725.33,-0.08,-0.06,0.0,0.0,Feb,2,3,3,4,Returning_Visitor,True,False
12,491.37,3,480.12,90,4791.5,0.01,0.03,0.0,-0.03,Nov,3,2,1,1,Returning_Visitor,False,False
5,289.51,0,72.1,-33,-1144.85,-0.0,0.01,81.33,0.0,Dec,8,13,9,20,Other,False,True
0,0.0,0,-82.62,34,2350.3,0.04,0.09,24.39,0.05,Nov,3,2,8,1,Returning_Visitor,False,False
0,93.6,2,246.0,17,723.02,-0.02,0.01,0.0,0.08,May,2,2,7,1,New_Visitor,False,False
-1,-2.61,0,273.76,12,1720.42,0.03,0.04,3.32,0.0,Dec,2,1,6,3,Returning_Visitor,True,False
1,-82.48,0,0.0,2,25.75,0.11,0.07,25.92,-0.11,Nov,4,2,7,8,Returning_Visitor,False,False
2,74.77,0,0.0,15,-714.15,0.01,0.02,0.0,-0.23,Aug,2,2,1,2,Returning_Visitor,False,False
7,402.27,2,-83.45,102,3908.86,-0.03,0.01,16.67,-0.0,Dec,2,2,2,1,New_Visitor,False,False
7,286.08,2,-60.99,13,1324.11,0.01,0.07,0.0,-0.19,Mar,2,2,1,3,Returning_Visitor,False,False
0,-108.35,1,0.0,19,1004.09,0.0,0.01,0.0,0.0,Jul,2,2,1,2,Returning_Visitor,False,False
2,-42.95,0,0.0,-36,-2566.22,0.0,0.02,22.75,0.07,May,2,2,9,3,Returning_Visitor,False,False
5,156.2,0,-48.29,48,2323.48,-0.08,-0.04,-5.48,0.0,Oct,2,1,6,2,Returning_Visitor,False,True
6,126.25,0,-261.7,91,5134.51,0.02,0.05,0.0,0.0,Nov,2,2,3,2,Returning_Visitor,True,False
-1,0.0,0,-160.91,4,283.5,0.09,0.12,13.31,0.28,May,2,2,3,2,Returning_Visitor,True,False
0,-36.58,2,-81.38,36,0.0,0.16,0.2,0.0,0.0,Nov,2,2,4,1,Returning_Visitor,False,False
3,53.74,1,111.51,14,777.75,0.07,0.07,16.45,0.0,Jul,1,1,1,2,Returning_Visitor,True,False
2,137.41,-1,33.03,73,2164.11,0.01,0.03,-7.88,-0.09,Nov,2,2,1,15,New_Visitor,False,False
9,505.49,0,0.42,38,2621.62,0.02,0.04,10.72,0.0,Nov,2,2,7,2,Returning_Visitor,False,False
8,221.98,1,0.0,33,2714.96,0.0,0.04,-2.92,0.0,Aug,2,2,7,1,Returning_Visitor,False,False
3,218.67,1,0.0,53,2112.64,0.04,0.06,-0.5,0.2,May,3,2,2,1,Returning_Visitor,False,False
2,45.2,1,0.0,103,2861.42,0.04,0.04,0.0,0.03,Jul,2,2,3,2,Returning_Visitor,False,False
-2,17.76,1,262.46,22,691.5,-0.06,-0.02,7.82,0.0,Jul,2,2,2,2,Returning_Visitor,True,False
5,289.68,2,78.81,174,5220.08,0.0,0.01,51.46,0.0,Aug,2,2,7,2,Returning_Visitor,False,True
4,164.61,0,-113.74,10,84.72,0.0,0.01,12.94,-0.24,Dec,2,6,7,4,Returning_Visitor,False,True
2,-165.81,0,0.0,11,-617.59,0.0,0.02,32.5,-0.22,Nov,2,2,1,2,Returning_Visitor,False,True
2,0.0,0,0.0,4,700.95,0.0,0.01,0.0,-0.07,May,3,2,6,1,Returning_Visitor,True,False
5,0.0,0,-128.69,22,254.5,-0.05,-0.02,-3.3,0.0,Nov,2,2,1,2,New_Visitor,False,True
0,0.0,0,0.0,24,1043.74,0.2,0.2,-32.93,0.0,May,2,2,3,4,Returning_Visitor,True,False
3,408.07,7,431.67,108,3409.42,0.01,0.0,2.96,-0.19,Nov,3,2,4,2,Returning_Visitor,False,False
9,328.95,0,0.0,-48,66.25,0.0,0.07,0.0,-0.05,Nov,2,2,2,1,New_Visitor,False,False
0,-37.43,1,0.0,19,447.72,0.0,0.01,-5.53,0.14,Sep,3,1,9,2,New_Visitor,True,False
9,309.0,0,-113.36,43,446.19,0.05,0.04,0.0,0.0,Mar,2,1,3,1,Returning_Visitor,False,False
0,42.07,0,0.0,41,549.53,0.02,0.07,0.0,0.07,Mar,2,2,3,1,Returning_Visitor,True,False
-2,0.0,1,6.61,31,2133.92,0.01,0.04,0.0,0.6,May,1,1,2,4,Returning_Visitor,False,False
-2,-180.28,0,-29.58,13,21.21,0.07,0.1,0.0,0.09,Nov,2,2,2,1,Returning_Visitor,True,False
9,85.48,1,32.35,227,7054.22,-0.0,0.03,15.8,0.0,Oct,2,2,1,1,Returning_Visitor,False,False
3,16.33,-1,-105.77,23,878.72,0.0,0.01,9.15,0.11,Mar,2,2,2,3,Returning_Visitor,False,True
-1,-311.64,-1,0.0,43,861.66,0.1,0.11,0.0,0.54,May,3,2,1,4,Returning_Visitor,False,False
3,0.0,0,0.0,-13,65.0,0.07,0.1,0.0,-0.06,Nov,2,2,2,1,Returning_Visitor,False,False
8,362.33,0,0.0,35,2409.58,-0.0,0.01,-4.36,0.0,Feb,3,1,4,2,Returning_Visitor,False,False
1,168.17,1,57.78,70,1795.95,-0.01,0.01,29.65,0.01,Feb,2,2,7,2,Returning_Visitor,False,False
3,276.28,0,225.63,71,3726.3,0.01,0.0,-7.68,0.01,Feb,2,2,1,2,Returning_Visitor,True,False
3,157.33,0,0.0,88,3923.59,-0.03,0.01,0.0,0.0,Jul,4,2,8,2,New_Visitor,True,False
2,80.46,2,306.33,18,483.83,0.0,0.04,6.23,-0.26,Mar,3,2,2,1,Returning_Visitor,False,False
2,163.96,0,5.98,32,776.88,0.0,0.0,0.0,0.12,Jul,3,2,3,5,Returning_Visitor,True,False
8,466.98,2,157.0,-27,-469.76,-0.01,0.03,9.66,0.21,May,3,2,1,6,New_Visitor,False,False
-2,201.62,0,0.0,2,1243.81,0.0,0.02,25.82,0.01,May,3,10,7,4,Returning_Visitor,False,False
2,0.0,2,0.0,22,841.99,0.06,0.09,0.0,-0.05,June,2,6,3,11,Returning_Visitor,False,False
2,163.99,1,97.43,63,1141.83,0.0,0.01,10.63,-0.42,Feb,2,4,2,1,Returning_Visitor,False,True
0,39.54,-1,-166.98,6,44.33,-0.01,0.0,0.0,0.16,Nov,1,1,1,3,Returning_Visitor,False,False
0,22.38,0,54.08,79,4029.99,0.07,0.09,0.0,0.0,Jul,1,1,1,1,Returning_Visitor,False,False
9,472.39,1,12.79,79,2816.44,-0.04,0.0,11.94,0.23,Dec,2,2,6,2,New_Visitor,False,False
0,-14.68,0,0.0,1,0.0,0.2,0.2,18.31,-0.02,Nov,4,1,1,3,Returning_Visitor,False,False
2,196.44,2,51.0,11,145.67,0.01,0.02,0.0,0.19,Dec,1,1,9,2,Returning_Visitor,False,False
0,-188.76,-1,0.0,11,148.27,0.05,0.05,-24.25,0.22,Nov,4,1,1,3,Returning_Visitor,False,False
0,0.0,0,186.59,34,1524.06,0.02,0.03,27.88,0.07,Mar,2,1,3,1,Returning_Visitor,False,False
3,58.0,0,72.17,29,721.94,0.0,0.02,9.06,-0.11,Jul,2,2,1,2,Returning_Visitor,False,True
5,204.75,0,44.52,43,1942.93,0.01,0.04,-19.28,0.21,May,1,1,1,4,Returning_Visitor,False,False
-2,0.0,0,-64.98,-55,-1472.98,0.02,0.06,-9.42,0.0,Nov,1,1,1,2,New_Visitor,False,True
3,147.0,0,0.0,108,3168.31,-0.02,0.02,0.0,0.0,Dec,3,2,2,1,New_Visitor,False,False
0,0.0,-1,-10.85,65,1954.22,0.03,0.04,19.53,0.35,Sep,3,2,1,3,Returning_Visitor,True,False
3,0.0,0,44.24,24,854.33,0.0,0.03,-1.37,-0.21,Mar,4,1,1,3,Returning_Visitor,False,False
8,252.72,2,15.75,75,1421.25,-0.02,-0.02,0.0,0.0,Dec,2,2,1,4,Returning_Visitor,True,False
4,80.65,0,0.0,-13,778.34,0.01,0.05,11.35,-0.26,Jul,2,1,3,2,Returning_Visitor,True,False
1,78.69,2,111.56,-29,452.25,0.03,0.05,26.66,-0.05,Dec,1,1,2,2,Returning_Visitor,False,False
12,159.9,0,0.0,77,2152.57,-0.05,-0.05,2.04,0.15,May,3,2,7,1,Returning_Visitor,False,False
5,237.83,2,134.44,127,4726.32,0.05,0.08,-19.03,0.24,Mar,3,2,3,2,Returning_Visitor,False,False
0,-6.1,2,227.36,33,315.37,0.1,0.12,-6.07,0.4,May,1,1,1,12,Returning_Visitor,True,False
4,56.27,0,-106.73,50,1856.29,0.0,0.02,0.0,0.0,Jul,2,2,3,2,New_Visitor,False,False
0,-32.19,1,23.51,37,1468.02,0.01,0.04,4.26,0.0,Nov,1,2,9,2,Returning_Visitor,False,True
2,148.9,2,341.56,-29,-1065.62,0.03,0.04,0.0,0.0,Mar,4,1,1,12,Returning_Visitor,True,False
0,-97.4,-1,0.0,76,1803.93,-0.0,-0.0,0.0,0.0,Dec,2,2,6,10,Returning_Visitor,False,False
0,-55.02,0,0.0,62,1934.21,0.01,0.0,0.0,0.0,June,1,1,1,3,Returning_Visitor,False,False
4,242.27,1,34.87,9,2299.45,0.02,0.05,0.81,-0.15,Nov,1,1,3,3,Returning_Visitor,False,False
10,122.49,2,6.82,151,5175.98,-0.02,0.01,-23.11,0.0,Nov,2,2,9,1,Returning_Visitor,False,False
7,156.0,-1,13.22,79,2126.46,0.04,0.05,0.0,0.08,Mar,2,2,7,2,Returning_Visitor,False,False
0,0.0,0,-64.33,50,2582.68,0.16,0.2,0.0,0.0,Feb,2,2,3,1,Returning_Visitor,False,False
5,46.0,2,0.0,61,3577.55,0.0,0.03,0.0,0.3,Jul,2,2,1,3,Returning_Visitor,False,False
0,0.0,0,-71.9,12,234.0,0.11,0.1,14.34,-0.01,May,2,2,4,3,Returning_Visitor,False,False
0,90.07,-2,-177.46,-22,-2083.24,0.12,0.13,0.0,0.13,Mar,2,5,1,3,Returning_Visitor,False,False
6,233.31,0,58.38,69,1065.5,0.02,0.03,-10.38,0.22,May,2,2,2,11,Returning_Visitor,False,False
2,0.0,-1,0.0,4,399.5,0.02,0.03,0.0,-0.01,Dec,2,2,1,2,Returning_Visitor,False,False
4,283.38,4,590.0,98,4076.91,0.01,0.03,-26.5,0.0,Oct,2,2,1,2,Returning_Visitor,False,True
5,415.55,1,0.0,115,4424.62,0.01,0.04,5.17,0.63,May,2,2,3,1,Returning_Visitor,False,True
2,-37.86,1,28.76,16,808.86,-0.02,0.0,-5.01,0.4,May,3,2,4,2,Returning_Visitor,False,False
11,878.71,2,256.5,86,4148.97,-0.09,-0.07,15.05,-0.04,Aug,1,1,9,1,Returning_Visitor,False,False
1,151.08,1,77.62,2,227.5,0.0,0.0,-8.91,0.06,Oct,2,1,1,2,New_Visitor,True,False
1,28.5,2,188.32,280,11232.66,-0.06,-0.07,28.91,0.0,Jul,2,2,1,4,Returning_Visitor,False,False
5,65.5,2,0.0,3,354.58,0.01,0.03,8.36,0.06,Feb,1,1,1,4,New_Visitor,False,False
2,166.99,0,32.21,16,364.17,0.11,0.1,-1.51,0.13,May,3,2,1,4,Returning_Visitor,False,False
0,1.14,0,0.0,1,0.0,0.2,0.21,0.0,0.35,Nov,2,2,3,3,Returning_Visitor,False,False
2,120.72,0,30.07,56,1568.53,0.0,0.01,11.71,-0.01,Dec,2,2,1,3,Returning_Visitor,False,False
-2,165.32,1,71.2,-38,-861.06,0.02,0.03,-2.32,0.8,May,1,1,1,18,Returning_Visitor,False,False
10,325.55,1,58.01,104,3486.69,-0.05,-0.02,0.0,-0.02,Feb,2,2,1,2,Returning_Visitor,True,False
2,0.0,-1,0.0,21,433.45,0.0,0.01,-10.23,0.0,Aug,2,2,3,4,Returning_Visitor,False,False
1,6.0,0,-108.87,16,908.59,0.04,0.06,52.7,0.0,Mar,3,1,1,2,Returning_Visitor,False,True
0,-49.54,0,0.0,3,59.33,0.0,0.02,-13.76,0.0,Jul,2,4,1,2,Returning_Visitor,False,False
2,106.89,0,0.0,4,8.0,0.06,0.09,46.43,0.04,Nov,4,6,7,7,Returning_Visitor,False,False
0,0.0,0,0.0,10,724.0,0.12,0.09,20.41,0.04,May,2,2,3,4,New_Visitor,False,True
2,92.14,0,-189.6,40,1723.43,0.02,0.04,0.0,-0.04,Mar,2,2,8,1,Returning_Visitor,False,False
5,69.0,4,163.0,50,2424.75,0.04,0.05,23.01,-0.13,Dec,2,2,3,6,Returning_Visitor,False,False
6,331.64,5,210.07,50,3703.0,0.01,0.02,-3.33,0.09,Feb,1,1,2,10,Returning_Visitor,True,False
1,-6.0,0,0.0,7,913.74,0.04,0.08,-3.89,0.0,Nov,2,2,4,1,Returning_Visitor,False,False
3,79.05,1,0.0,6,1744.72,-0.02,0.01,0.0,0.0,May,2,2,2,1,Returning_Visitor,False,False
2,13.47,2,303.99,18,907.5,0.03,0.02,0.0,0.0,Dec,2,2,1,2,New_Visitor,False,False
4,0.0,0,-95.06,-80,-3656.17,0.04,0.07,0.0,0.0,Mar,1,1,1,4,Returning_Visitor,True,False
2,33.15,0,-28.42,-8,-50.21,0.0,0.02,-5.24,-0.02,Mar,3,2,1,2,Returning_Visitor,False,False
-1,0.0,-1,0.0,-51,-2081.91,0.01,0.05,-25.11,0.0,Dec,3,2,3,2,Returning_Visitor,False,False
1,0.0,0,-13.65,2,500.95,0.0,0.1,3.29,0.27,Nov,1,1,1,2,Returning_Visitor,True,False
5,230.85,0,105.71,85,2749.15,0.0,0.01,1.02,0.0,Nov,2,2,4,1,Returning_Visitor,False,True
6,0.0,0,92.07,-8,222.4,0.05,0.09,-7.24,0.0,Oct,3,2,4,4,Returning_Visitor,True,False
5,307.17,1,256.84,81,3876.48,-0.09,-0.06,-23.19,0.0,Nov,2,2,9,2,Returning_Visitor,False,True
0,0.0,0,0.0,9,120.0,0.0,0.04,6.09,-0.05,Mar,2,2,1,2,Returning_Visitor,False,False
5,154.83,2,-100.28,124,3262.35,0.02,0.04,18.67,0.0,May,2,2,5,9,Returning_Visitor,False,False
3,66.1,-1,-106.35,44,2909.98,0.01,0.02,3.06,-0.3,Oct,3,2,2,2,Returning_Visitor,True,True
5,175.73,6,909.0,23,2277.55,0.0,0.03,-22.74,0.05,May,2,2,1,9,Returning_Visitor,False,True
0,-69.91,0,0.0,22,1328.63,0.08,0.12,0.0,0.6,Feb,2,4,1,3,Returning_Visitor,False,False
1,52.77,1,0.0,21,615.88,0.03,0.01,0.0,0.1,Nov,2,1,2,1,Returning_Visitor,True,False
2,211.02,1,226.23,50,1381.96,0.04,0.04,0.0,0.0,Oct,1,1,2,4,Returning_Visitor,False,False
-2,-139.15,-1,-204.79,53,990.33,0.08,0.09,-32.94,0.0,May,1,5,7,1,Returning_Visitor,True,False
19,553.38,2,39.2,27,1713.29,0.05,0.08,36.94,0.07,Sep,2,2,1,3,Returning_Visitor,True,False
5,240.49,0,25.25,18,733.17,0.15,0.18,0.0,0.0,Sep,4,8,2,4,Returning_Visitor,False,False
2,131.71,0,-146.76,108,1479.08,0.05,0.06,0.0,0.15,May,2,2,1,1,Returning_Visitor,False,False
0,69.09,3,60.74,11,-599.68,0.0,0.06,7.68,-0.16,Nov,2,2,2,2,New_Visitor,False,False
4,66.9,2,247.11,12,86.63,0.0,0.04,30.62,0.0,Aug,2,2,4,7,Returning_Visitor,False,True
0,106.39,0,59.23,-22,-738.91,0.02,0.02,0.0,-0.04,Nov,1,1,6,2,Returning_Visitor,False,False
2,26.0,0,8.98,85,768.5,0.0,0.0,0.0,0.09,Aug,1,5,1,4,New_Visitor,False,False
-1,9.0,1,-62.73,11,715.95,0.0,0.02,-10.56,0.0,Jul,2,2,1,1,Returning_Visitor,False,True
0,2.35,-2,0.0,21,2855.03,0.05,0.02,0.0,-0.11,Nov,1,1,1,2,Returning_Visitor,False,False
-2,-75.39,1,158.3,44,1352.91,0.03,0.05,0.0,0.17,Aug,4,1,1,1,Returning_Visitor,False,False
0,-55.59,0,0.0,41,279.21,0.01,0.03,-4.56,0.0,Mar,3,2,1,1,Returning_Visitor,False,False
0,0.0,0,0.0,100,3679.57,0.01,0.02,0.0,0.08,May,2,2,1,1,Returning_Visitor,False,False
2,0.0,1,0.0,12,-327.9,0.02,0.02,0.0,0.0,May,3,2,7,2,Returning_Visitor,False,False
1,-3.93,1,34.5,100,3553.89,0.0,0.01,-22.89,-0.11,Mar,2,2,1,1,Returning_Visitor,False,True
0,0.0,-2,0.0,-23,-913.73,0.0,0.01,-9.28,-0.05,Mar,2,2,1,4,Returning_Visitor,False,False
4,268.0,2,107.07,7,551.67,-0.08,-0.04,0.0,0.43,Oct,3,1,2,2,Returning_Visitor,False,False
4,0.0,0,41.26,1,0.0,0.2,0.19,-8.62,-0.08,Sep,2,2,1,3,Returning_Visitor,False,False
1,-216.24,0,-137.1,49,2463.19,0.01,0.03,42.95,0.32,Dec,3,2,2,6,Returning_Visitor,False,False
7,175.48,0,0.0,62,2252.6,0.07,0.07,51.62,-0.12,June,2,2,1,10,Returning_Visitor,False,False
3,-105.78,1,-99.87,31,1652.04,-0.01,0.0,9.56,-0.03,Dec,2,2,1,2,Returning_Visitor,False,False
5,-3.07,0,203.34,27,1793.37,-0.01,0.03,0.0,-0.26,Mar,1,1,1,1,Returning_Visitor,False,False
5,350.73,3,301.44,39,2384.74,-0.02,-0.03,-18.42,0.17,Dec,2,2,9,2,Returning_Visitor,True,False
2,99.98,1,-164.58,23,161.15,0.1,0.12,0.0,0.27,Feb,3,2,3,13,Returning_Visitor,False,False
7,584.2,0,0.0,62,2565.84,0.0,0.02,32.73,0.0,Mar,2,2,7,13,Returning_Visitor,False,False
1,297.6,0,-32.22,40,2592.82,0.01,0.02,13.55,0.1,Aug,2,2,1,1,Returning_Visitor,False,True
10,474.66,3,81.87,57,2534.09,0.02,0.04,13.14,-0.17,Nov,1,5,1,4,Returning_Visitor,False,False
2,0.0,0,0.0,27,763.96,-0.02,0.0,0.0,0.07,Feb,2,2,1,2,New_Visitor,True,False
0,24.6,-1,-17.53,1,-140.05,0.01,0.03,-23.3,0.17,May,1,1,1,1,Returning_Visitor,False,False
5,50.86,1,0.0,2,-1075.52,0.0,0.01,0.0,0.0,Oct,2,2,4,2,Returning_Visitor,False,False
-2,-58.95,0,-51.37,51,1980.4,0.03,0.04,1.05,0.24,May,1,1,1,4,Returning_Visitor,True,False
2,0.0,0,-54.72,14,538.23,0.09,0.08,0.0,0.01,Dec,3,2,4,2,Returning_Visitor,True,False
0,0.0,-1,-52.51,101,5335.51,0.02,0.04,0.0,0.02,Aug,2,2,1,2,Returning_Visitor,False,False
3,157.21,1,36.72,3,171.7,0.03,0.03,33.69,-0.15,Nov,3,2,1,3,Returning_Visitor,False,False
-1,-23.32,0,-49.84,71,2031.82,0.0,0.04,-11.39,0.01,Mar,3,2,2,3,Returning_Visitor,False,True
-1,-113.22,0,-164.61,8,-1781.62,0.0,0.02,0.0,0.15,Feb,2,2,2,5,New_Visitor,False,False
5,315.23,6,502.5,87,3551.09,0.02,0.03,25.9,0.6,May,1,1,1,4,Returning_Visitor,False,False
1,-95.96,1,0.0,-7,-464.56,0.0,0.02,0.0,0.0,Mar,2,2,1,2,Returning_Visitor,False,False
0,98.25,0,22.63,13,950.0,0.02,0.01,0.0,0.24,May,1,1,2,4,Returning_Visitor,True,False
4,724.0,0,125.15,45,2180.99,0.0,0.02,3.48,0.01,Mar,2,4,1,2,New_Visitor,False,False
5,544.27,-2,-286.38,8,312.33,0.0,0.01,0.0,0.36,Dec,1,1,9,4,Returning_Visitor,False,False
-1,-80.16,0,132.91,30,1165.99,0.0,0.04,2.77,0.28,Aug,2,2,1,4,Returning_Visitor,False,False
0,-47.82,2,271.98,24,376.0,0.06,0.07,5.14,-0.22,Dec,3,2,2,10,Returning_Visitor,True,True
0,280.75,0,-111.39,17,271.78,0.03,0.05,-1.29,0.0,Aug,1,1,1,3,Returning_Visitor,False,False
0,-14.18,0,0.0,54,2886.77,0.06,0.11,7.26,-0.25,Dec,2,2,4,1,Returning_Visitor,True,False
6,262.84,2,-243.27,40,1045.83,0.01,0.04,16.92,0.0,May,1,1,1,2,Returning_Visitor,True,False
1,0.0,0,0.0,9,482.0,-0.03,0.02,-41.49,-0.08,Sep,2,2,1,1,Returning_Visitor,True,False
3,117.0,0,0.0,5,1178.24,0.04,0.03,-5.0,-0.05,June,2,2,9,3,Returning_Visitor,True,False
0,0.0,0,-58.09,4,928.26,0.0,0.05,0.0,0.0,Dec,4,1,1,1,New_Visitor,False,False
0,44.36,1,159.57,21,0.0,0.2,0.2,5.93,0.36,Feb,2,2,1,1,Returning_Visitor,False,False
4,12.26,5,793.8,183,6328.84,0.03,0.01,-10.64,-0.4,Jul,1,2,1,1,Returning_Visitor,False,False
0,105.23,0,-84.31,47,1553.8,0.03,0.07,3.91,0.07,Oct,2,2,9,13,Returning_Visitor,False,False
9,466.62,5,194.84,107,4539.15,0.02,0.07,10.79,0.12,Sep,2,3,3,3,Returning_Visitor,False,False
3,0.0,2,100.04,47,2148.5,-0.03,0.02,0.0,0.0,Mar,2,2,3,4,Returning_Visitor,False,False
1,0.0,0,-212.06,9,867.0,0.02,0.05,12.51,-0.06,Nov,1,1,1,3,Returning_Visitor,False,False
6,313.0,2,146.35,56,2382.43,0.0,0.05,5.51,0.15,May,4,2,2,3,Returning_Visitor,False,False
1,114.33,0,161.89,14,1247.36,0.0,0.04,0.0,0.09,Feb,2,2,3,3,Returning_Visitor,False,False
3,22.88,0,0.0,22,72.9,0.0,0.03,11.9,0.29,Feb,2,2,9,2,New_Visitor,False,False
0,-12.99,0,170.27,13,-244.25,0.02,0.06,-8.44,-0.03,Aug,2,2,1,1,Returning_Visitor,False,True
0,196.18,0,0.0,10,1435.65,-0.0,0.02,0.0,0.0,May,2,2,8,18,Returning_Visitor,True,False
4,92.1,2,318.85,33,852.0,0.01,0.01,0.0,-0.11,Aug,2,2,8,2,Returning_Visitor,True,True
0,-120.43,0,0.0,19,2700.54,0.06,0.08,0.0,-0.16,May,3,2,2,9,Returning_Visitor,False,False
4,120.19,0,-154.8,41,1559.73,0.03,0.05,5.92,-0.31,Jul,2,2,6,9,Returning_Visitor,True,False
5,381.75,2,289.18,69,3365.33,-0.0,0.02,18.97,-0.11,Feb,1,1,4,2,Returning_Visitor,False,True
-2,-176.19,1,-74.28,83,2163.73,0.04,0.03,0.0,0.0,Feb,1,1,3,3,Returning_Visitor,False,False
3,78.65,0,38.05,11,1562.0,0.02,0.04,20.0,-0.13,Mar,2,2,3,2,Returning_Visitor,False,False
6,131.1,0,120.57,-43,-2624.59,-0.0,0.03,23.32,0.32,Mar,2,2,1,2,Returning_Visitor,True,False
1,-8.58,1,-144.95,84,1329.16,0.01,0.05,0.0,0.0,Sep,2,2,1,3,Returning_Visitor,False,False
3,0.0,0,-362.95,53,3199.55,0.02,0.07,6.61,-0.22,Nov,3,2,1,5,Returning_Visitor,False,False
0,64.37,1,63.98,-8,-632.15,0.07,0.11,0.0,0.0,Nov,3,2,3,11,Returning_Visitor,False,False
0,98.62,-1,0.0,50,1784.52,0.03,0.02,0.19,0.0,Dec,1,1,2,2,Returning_Visitor,False,False
-2,-320.57,-1,68.39,-45,-2238.86,-0.03,-0.02,35.63,0.0,Feb,3,2,6,2,Returning_Visitor,True,False
1,277.67,1,178.11,32,1671.26,-0.0,0.02,0.0,0.0,May,3,2,1,8,Returning_Visitor,False,False
6,484.13,0,0.0,10,88.95,0.0,-0.0,38.72,0.45,May,2,2,1,2,New_Visitor,False,False
7,171.22,3,251.5,43,1972.85,0.0,0.0,3.7,-0.12,Dec,2,2,2,4,Returning_Visitor,True,False
0,0.0,-1,8.73,-3,-150.95,0.2,0.23,0.0,0.16,Oct,1,1,3,3,Returning_Visitor,True,False
1,128.34,3,283.7,65,3305.16,0.0,0.02,38.5,0.0,Sep,3,2,2,6,New_Visitor,False,False
3,50.35,0,0.0,22,333.33,0.04,0.04,-7.8,0.0,Nov,2,2,7,6,Returning_Visitor,False,False
7,52.0,-1,0.0,56,1618.4,-0.09,-0.06,13.12,0.0,May,2,2,3,14,New_Visitor,False,True
5,0.0,0,-200.93,55,793.76,-0.03,-0.04,42.84,0.22,Dec,1,1,1,20,Returning_Visitor,True,False
0,0.0,0,0.0,-11,296.77,0.06,0.11,0.0,0.0,Aug,1,1,7,3,Returning_Visitor,False,False
8,520.78,2,222.18,75,2246.95,-0.07,-0.07,59.68,-0.15,Dec,3,2,4,10,New_Visitor,False,False
1,16.2,1,323.03,17,1180.37,0.01,0.03,3.21,0.04,Aug,2,2,1,4,Returning_Visitor,False,False
3,155.85,1,-88.36,89,4391.88,-0.01,0.02,0.0,0.0,Nov,2,2,9,2,Returning_Visitor,False,False
0,-131.57,0,0.0,98,2013.99,0.0,0.02,0.0,-0.12,Mar,1,2,2,3,Returning_Visitor,True,False
1,94.21,0,26.61,51,2303.96,0.0,0.06,15.72,0.25,Jul,2,2,4,2,Returning_Visitor,False,False
0,0.0,0,0.0,6,599.59,-0.01,0.04,10.06,-0.19,Feb,3,2,4,3,Returning_Visitor,False,False
6,244.97,0,20.89,67,1669.94,0.0,0.02,19.52,0.0,Nov,2,4,3,1,Returning_Visitor,False,False
1,150.7,-2,-11.08,24,201.6,0.03,0.04,6.55,0.03,Oct,1,1,1,4,Returning_Visitor,False,False
2,59.4,0,0.0,86,2048.1,0.03,0.07,0.0,0.38,May,2,2,7,5,Returning_Visitor,False,False
7,291.64,2,114.78,36,1719.38,0.02,0.01,-5.64,0.0,Nov,1,1,6,9,Returning_Visitor,False,False
0,-45.0,1,20.01,-5,-416.29,0.01,0.04,24.58,0.36,May,2,10,2,3,Returning_Visitor,False,False
9,502.02,5,175.18,36,1489.7,-0.0,0.02,9.59,0.0,Aug,2,2,8,4,Returning_Visitor,False,True
6,-51.63,0,-83.06,42,1106.58,0.05,0.03,26.65,0.03,Dec,1,1,1,2,Returning_Visitor,True,False
3,179.66,0,0.0,13,430.34,0.01,0.02,48.83,0.07,Dec,3,2,1,4,Returning_Visitor,False,False
4,390.16,0,-224.27,74,2615.87,0.03,0.02,41.81,0.28,Nov,2,2,1,1,Returning_Visitor,False,False
-2,0.0,0,142.16,-35,380.5,-0.01,0.03,11.07,0.0,Dec,3,2,6,1,Returning_Visitor,False,False
2,-74.27,0,0.0,-10,98.6,0.04,0.02,25.4,0.16,Aug,2,2,3,2,New_Visitor,True,False
0,0.0,9,1830.5,81,3423.92,0.0,0.02,-5.33,0.06,Nov,2,2,3,2,Returning_Visitor,True,False
0,-27.85,2,0.0,95,4346.54,-0.01,0.02,5.05,0.0,Jul,4,1,1,6,Returning_Visitor,False,False
5,152.13,2,102.61,37,368.23,-0.02,0.01,4.74,0.15,Mar,3,2,2,2,Returning_Visitor,True,False
0,-48.25,0,0.0,38,428.98,0.1,0.11,0.0,0.0,Oct,3,4,1,10,Returning_Visitor,False,False
0,0.0,0,0.0,8,186.0,-0.05,-0.04,0.0,-0.08,Dec,4,2,4,10,Returning_Visitor,True,False
22,950.8,7,704.66,657,29970.47,0.06,0.03,7.85,0.0,Nov,3,2,7,9,Returning_Visitor,False,False
2,94.7,0,0.0,23,1808.64,0.0,0.02,0.0,0.24,May,2,2,3,2,New_Visitor,False,False
1,0.0,2,253.02,-53,-754.65,0.03,0.11,-2.94,0.13,Aug,2,2,1,2,Returning_Visitor,False,False
0,0.0,2,105.0,194,6460.19,0.0,0.02,1.79,0.0,Nov,2,2,3,2,Returning_Visitor,False,True
2,0.0,0,37.01,38,2101.73,-0.01,0.03,0.0,0.22,May,2,2,4,1,New_Visitor,False,False
6,0.0,-1,-115.21,18,-542.53,0.08,0.06,0.0,0.0,Sep,2,2,3,2,New_Visitor,False,False
9,127.57,2,-15.81,74,3412.4,-0.08,-0.06,64.96,0.0,Dec,3,4,9,2,Returning_Visitor,False,True
0,-57.71,0,-49.84,8,395.33,0.01,0.04,14.2,0.11,Feb,2,2,1,2,Returning_Visitor,False,False
0,72.3,0,0.0,44,2458.03,0.01,0.03,28.03,-0.0,Nov,2,6,5,3,Returning_Visitor,False,False
0,0.0,0,0.0,5,901.29,-0.06,0.01,-15.17,0.0,Feb,2,5,1,2,New_Visitor,False,True
3,113.25,2,190.69,23,-284.24,-0.01,0.0,13.43,0.0,Dec,1,1,2,1,Returning_Visitor,False,True
10,243.07,2,69.9,146,5464.54,-0.03,-0.03,73.36,0.06,Oct,2,2,1,2,Returning_Visitor,True,True
2,93.5,4,503.25,61,2633.4,0.01,0.01,-13.04,0.3,May,3,3,1,4,Returning_Visitor,False,False
1,10.0,-1,-233.89,-21,753.5,-0.04,0.04,0.0,0.54,Feb,3,2,3,4,Returning_Visitor,False,False
0,1.12,2,0.0,23,1035.11,0.02,0.05,35.6,0.32,Feb,2,2,9,2,Returning_Visitor,True,False
-2,0.0,0,0.0,61,571.85,0.04,0.06,5.23,0.2,Nov,2,2,7,10,Returning_Visitor,True,False
-1,0.0,0,0.0,53,1768.66,0.0,0.0,0.0,0.13,Nov,2,4,3,3,Returning_Visitor,False,False
5,16.32,0,75.51,18,588.5,0.05,0.07,26.79,0.0,Dec,3,2,1,8,Returning_Visitor,False,False
2,356.6,2,0.0,41,1742.83,0.08,0.08,12.44,0.0,Jul,2,2,3,2,Returning_Visitor,False,False
3,143.61,2,0.0,25,1555.72,-0.02,0.01,0.0,0.0,Dec,2,4,6,4,Returning_Visitor,False,False
6,12.34,0,0.0,32,2485.87,0.0,0.01,23.53,0.0,Jul,2,2,1,1,New_Visitor,False,False
1,-84.29,0,62.37,44,2083.57,0.06,0.08,23.79,0.0,Aug,1,2,1,3,Returning_Visitor,False,True
1,-102.96,1,177.84,97,3884.45,0.01,0.05,11.51,0.0,May,3,2,3,1,Returning_Visitor,True,False
0,0.0,1,49.14,28,1511.0,0.14,0.15,0.0,0.6,May,2,2,4,7,Returning_Visitor,False,False
3,3.14,1,27.9,52,2262.92,0.0,0.04,20.31,0.0,Mar,1,1,9,7,Returning_Visitor,True,False
5,336.42,2,234.5,5,60.5,0.03,0.03,0.0,0.0,Feb,3,5,1,1,Returning_Visitor,False,False
8,162.5,1,0.0,9,183.23,0.02,0.06,0.0,-0.04,Dec,4,1,7,4,Returning_Visitor,True,False
-2,45.34,0,0.0,4,-166.85,0.07,0.08,0.0,0.09,Oct,1,1,1,10,New_Visitor,True,False
3,270.83,0,81.0,132,4243.54,0.08,0.03,13.66,-0.0,Mar,2,2,2,2,Returning_Visitor,True,True
0,0.0,1,0.0,22,-60.97,-0.02,0.02,-0.41,0.6,Nov,2,2,3,4,New_Visitor,False,False
1,138.76,1,0.0,40,764.13,0.0,0.02,36.61,0.0,Sep,3,2,5,4,Returning_Visitor,False,False
8,245.97,4,367.34,45,1192.5,0.02,0.06,5.69,0.0,May,2,2,1,6,New_Visitor,False,False
4,75.5,1,-28.02,15,158.97,0.05,0.09,20.65,0.0,Feb,1,1,1,1,Returning_Visitor,False,True
0,0.0,0,314.83,55,2430.73,0.04,0.07,0.0,0.0,Mar,2,2,6,1,Returning_Visitor,False,False
0,68.22,2,134.48,27,2015.5,0.05,0.07,0.0,0.6,May,2,2,1,7,Returning_Visitor,False,False
2,10.0,1,133.27,34,2309.96,0.09,0.13,0.43,0.0,Aug,2,4,3,5,Returning_Visitor,False,True
6,238.47,7,300.9,86,4360.83,0.04,0.04,27.32,0.0,Oct,2,2,1,13,Returning_Visitor,True,False
0,0.0,0,56.65,4,140.0,0.05,0.1,0.0,0.78,Oct,3,2,1,12,Returning_Visitor,False,False
2,187.84,1,0.0,-9,0.0,0.2,0.2,0.0,0.0,Nov,2,2,1,3,Returning_Visitor,False,False
2,91.26,1,78.8,-9,1239.95,0.07,0.12,6.13,0.12,Oct,2,2,5,3,Returning_Visitor,False,True
11,453.41,4,77.96,423,14835.81,-0.0,-0.05,0.25,0.0,Nov,2,2,2,1,Returning_Visitor,False,False
4,363.05,0,71.4,8,345.0,0.0,0.0,-14.92,-0.06,Dec,3,2,1,3,Returning_Visitor,False,True
6,103.8,0,0.0,-33,-941.03,0.0,0.01,-1.42,-0.04,Dec,1,2,5,2,New_Visitor,False,True
3,392.06,-1,-175.02,8,-752.34,0.0,0.04,0.0,0.23,Sep,3,2,1,14,Returning_Visitor,False,False
1,-14.08,0,248.17,11,663.5,0.0,0.0,0.0,-0.06,Mar,3,2,6,2,Returning_Visitor,False,False
5,89.51,2,212.22,97,3984.08,-0.04,-0.04,3.45,0.06,Oct,2,2,9,3,Returning_Visitor,False,False
0,71.58,0,22.15,59,2574.73,0.1,0.09,-22.38,0.0,Nov,2,2,7,2,Returning_Visitor,True,False
0,0.0,0,0.0,10,1292.35,0.0,0.02,-13.96,0.17,Oct,4,2,1,4,Returning_Visitor,True,False
-1,0.0,0,0.0,6,199.25,0.02,0.03,0.0,-0.3,Dec,2,4,1,3,Returning_Visitor,False,False
1,44.93,2,141.62,4,64.25,0.12,0.12,0.0,0.0,Mar,2,2,4,1,Returning_Visitor,False,False
0,0.0,0,0.0,9,319.67,0.02,0.06,-9.55,0.1,May,2,4,1,2,Returning_Visitor,True,False
0,0.0,1,0.0,3,189.0,-0.01,-0.03,12.18,-0.14,Jul,3,2,8,2,Returning_Visitor,True,False
9,335.28,1,-10.71,67,1463.39,-0.03,-0.02,0.13,0.13,Nov,2,1,1,1,Returning_Visitor,False,True
3,604.5,6,331.65,64,2387.44,0.05,0.1,-7.72,-0.11,Mar,4,1,6,3,Returning_Visitor,True,False
5,108.14,2,0.0,24,1107.27,0.03,0.07,17.06,0.0,Dec,2,2,1,2,Returning_Visitor,False,False
4,0.0,0,0.0,113,5540.67,0.0,0.01,0.0,-0.19,Nov,2,2,6,4,Returning_Visitor,False,False
1,189.6,0,28.94,31,-365.51,0.02,0.06,3.24,0.4,Mar,2,2,6,3,Returning_Visitor,False,False
8,155.81,1,182.72,82,3483.43,0.03,0.05,33.41,0.0,Nov,3,2,1,1,Returning_Visitor,False,True
0,111.44,0,-55.8,7,-186.09,0.08,0.09,0.0,-0.3,Nov,1,1,1,3,Returning_Visitor,False,False
0,-95.11,0,-124.42,57,2070.2,0.04,0.1,9.83,0.02,May,1,1,2,3,Returning_Visitor,False,False
6,366.79,0,-21.92,14,1715.48,-0.01,0.02,0.0,0.0,Aug,2,2,1,2,New_Visitor,False,False
1,92.14,-3,38.7,-9,17.0,0.09,0.12,24.73,0.11,Mar,1,1,3,3,Returning_Visitor,False,False
4,145.23,0,254.92,84,4254.67,0.01,0.02,0.0,0.23,Nov,2,2,2,7,Returning_Visitor,False,False
-4,0.0,0,0.0,61,2976.99,0.1,0.14,4.81,0.15,Aug,2,2,3,13,Returning_Visitor,False,False
-5,-140.19,-1,0.0,5,0.0,0.18,0.2,-8.94,0.0,Feb,3,2,6,13,Returning_Visitor,True,False
2,-176.07,0,0.0,35,81.75,0.0,0.03,-26.25,0.23,Oct,2,2,5,1,Returning_Visitor,False,False
-4,-159.56,-1,0.0,26,2058.5,0.06,0.04,-17.57,1.0,May,2,1,2,3,Returning_Visitor,True,True
2,26.0,0,-17.74,32,588.55,0.01,0.03,0.0,0.0,Mar,1,1,4,2,Returning_Visitor,False,False
3,49.68,0,0.0,70,2939.48,-0.04,-0.03,0.0,0.01,Dec,2,2,1,2,Returning_Visitor,False,False
-3,0.0,-2,22.97,-9,0.0,-0.02,0.0,0.0,-0.01,Feb,2,2,1,2,New_Visitor,False,False
11,326.49,0,0.0,110,4637.54,0.0,-0.02,13.78,-0.43,Nov,4,1,4,1,New_Visitor,True,False
0,32.6,0,160.67,-1,755.0,-0.03,0.0,10.96,-0.01,Nov,2,2,1,2,Returning_Visitor,False,False
1,47.4,0,0.0,-4,238.2,0.0,0.03,0.0,0.0,Feb,2,4,1,4,New_Visitor,True,False
0,-8.07,1,0.0,6,118.33,0.08,0.13,-17.78,0.23,May,3,2,1,3,Returning_Visitor,True,False
-1,0.0,0,-5.9,-8,167.33,-0.0,0.01,24.65,0.0,Dec,3,2,7,1,Returning_Visitor,True,True
1,-7.08,-1,56.65,3,17.0,0.02,0.02,13.54,0.0,May,1,1,6,4,Returning_Visitor,False,False
14,1220.91,4,271.01,433,18171.79,0.02,-0.02,5.7,0.0,Jul,3,2,1,9,Returning_Visitor,False,False
-2,-244.09,0,-40.15,37,2365.68,0.05,0.1,0.0,0.0,Mar,2,2,7,2,Returning_Visitor,False,False
2,-269.53,0,-25.34,34,803.19,-0.0,0.02,-23.65,-0.21,Nov,2,2,2,1,Returning_Visitor,True,False
0,142.93,0,-51.87,40,246.68,0.0,0.0,9.45,-0.12,Jul,3,2,9,2,Returning_Visitor,False,False
0,0.0,-1,97.87,64,2875.33,0.0,0.02,88.78,0.24,Nov,1,2,3,2,Returning_Visitor,False,True
1,127.1,-1,-172.2,36,1788.67,0.0,0.04,23.87,0.11,Sep,2,2,1,1,Returning_Visitor,False,False
0,-36.62,0,159.15,1,12.0,0.07,0.1,-7.56,-0.11,Oct,1,1,4,2,Returning_Visitor,True,False
2,77.5,0,105.63,-39,-2158.07,-0.03,0.0,0.0,-0.02,Oct,3,2,5,3,Returning_Visitor,False,False
-3,-264.35,0,-108.92,71,2502.82,0.01,0.05,0.0,0.18,Mar,2,2,1,10,Returning_Visitor,False,False
1,143.29,0,0.0,4,30.0,0.04,0.08,2.81,0.4,Feb,1,1,1,4,New_Visitor,False,False
0,120.03,0,23.23,9,167.0,0.03,0.07,0.0,-0.03,Feb,2,2,4,5,New_Visitor,True,False
0,-36.91,0,0.0,1,-851.49,0.2,0.21,0.0,-0.07,Oct,4,1,4,3,Returning_Visitor,True,False
-2,-46.41,3,571.5,14,333.6,0.0,0.04,21.12,0.07,Mar,3,2,4,3,New_Visitor,False,True
9,227.95,0,0.0,19,654.72,0.0,0.02,0.0,0.0,Feb,1,1,5,2,Returning_Visitor,False,False
1,6.0,-2,-191.8,18,357.19,-0.02,0.01,2.66,0.0,Feb,2,1,6,1,Returning_Visitor,False,False
2,226.03,-1,0.0,38,2252.61,0.01,0.05,-1.3,-0.05,Dec,3,2,1,3,Returning_Visitor,False,True
5,284.15,1,26.71,81,3747.7,0.01,0.01,1.44,0.41,May,2,2,6,4,Returning_Visitor,False,False
-2,29.0,0,38.5,-26,-1567.45,0.0,0.04,3.32,0.37,May,1,1,1,6,New_Visitor,False,False
2,118.12,1,26.5,56,2295.18,-0.01,0.01,12.51,0.31,May,3,2,5,2,Returning_Visitor,False,False
5,331.44,0,0.0,38,1681.52,-0.01,0.02,17.47,0.0,Oct,3,2,2,9,Returning_Visitor,True,False
0,0.0,1,52.75,16,517.42,0.02,0.05,0.0,-0.12,Mar,2,2,2,1,Returning_Visitor,False,False
0,179.69,0,37.13,3,1383.21,0.08,0.12,-6.08,0.0,Dec,3,2,5,3,Returning_Visitor,False,False
5,330.2,0,-89.51,17,452.0,-0.03,0.0,2.41,0.09,Aug,2,2,7,4,Returning_Visitor,False,False
-1,-147.73,0,0.0,3,916.66,0.1,0.17,0.0,0.8,May,3,1,1,1,New_Visitor,False,False
7,470.0,3,333.38,89,2413.51,0.12,0.13,-4.3,0.13,May,2,6,1,3,Returning_Visitor,False,False
0,130.02,0,0.0,17,-1650.67,0.03,0.04,-8.68,0.2,Aug,3,2,1,3,Returning_Visitor,False,False
0,0.0,0,144.21,7,130.43,0.03,0.03,24.11,0.0,Jul,2,2,3,1,Returning_Visitor,False,False
-1,0.0,1,0.0,8,321.0,0.03,0.09,17.57,0.0,Nov,2,2,1,1,Returning_Visitor,True,False
0,79.43,0,-114.03,87,2884.43,0.01,0.03,0.0,0.21,May,2,1,3,10,Returning_Visitor,False,False
0,-2.47,-1,-200.88,1,527.91,0.18,0.2,0.0,0.53,May,2,2,1,3,Returning_Visitor,False,False
4,55.5,0,0.0,47,1274.19,0.01,0.01,16.56,0.39,Aug,1,1,1,2,Returning_Visitor,True,False
8,332.77,1,92.66,64,3234.5,0.01,-0.01,9.36,-0.42,Nov,3,2,3,2,Returning_Visitor,False,True
0,-16.03,0,0.0,53,808.32,0.02,0.07,35.1,0.16,May,4,2,3,2,Returning_Visitor,False,False
2,0.0,1,0.0,3,791.47,-0.0,0.05,0.0,0.0,Aug,1,2,1,4,Returning_Visitor,False,False
1,73.65,1,129.51,53,1352.56,0.03,0.04,24.39,0.0,Dec,2,2,9,3,Returning_Visitor,True,False
5,219.13,2,159.34,28,2076.97,-0.01,0.02,11.97,0.0,Feb,2,2,3,2,Returning_Visitor,False,False
-1,46.33,0,8.05,11,177.4,0.02,0.04,0.0,0.39,May,3,2,5,4,Returning_Visitor,True,False
2,0.0,0,0.0,5,277.5,0.08,0.08,14.84,0.05,Feb,2,2,7,3,New_Visitor,False,True
6,28.0,2,0.0,-33,-983.22,0.01,0.03,-1.81,0.0,May,1,1,4,4,Returning_Visitor,False,False
0,123.27,1,230.96,24,530.0,0.0,0.01,2.88,0.0,Jul,2,6,9,4,Returning_Visitor,False,False
-3,13.0,0,0.0,24,226.5,0.0,0.01,-16.39,0.0,Mar,2,2,1,2,Returning_Visitor,False,False
0,94.85,0,-282.35,14,-703.61,0.0,0.04,0.0,0.07,Mar,2,2,2,4,New_Visitor,False,False
10,269.08,1,-29.87,78,3414.27,0.05,0.03,-18.12,0.0,May,2,2,3,3,Returning_Visitor,False,True
2,183.0,3,275.5,4,906.4,0.01,0.05,-24.68,0.21,Feb,2,2,1,6,New_Visitor,False,False
5,114.38,0,-24.38,53,731.5,0.01,0.04,37.93,-0.01,May,3,2,3,5,New_Visitor,False,True
4,30.18,0,0.0,13,236.0,0.0,0.04,10.8,0.29,Feb,3,2,3,2,Returning_Visitor,False,False
9,412.34,2,0.0,150,5389.88,0.01,0.04,0.61,0.06,Dec,2,1,2,3,Returning_Visitor,False,False
6,447.01,1,117.31,13,181.5,-0.03,0.02,26.64,0.0,Mar,2,2,3,1,Returning_Visitor,False,False
10,275.33,1,-61.48,79,2613.83,-0.03,-0.02,0.0,0.14,Sep,2,2,5,5,Returning_Visitor,False,True
3,44.0,1,53.0,71,3212.86,0.0,0.03,56.62,0.11,May,3,2,3,4,Returning_Visitor,True,True
0,90.72,1,0.0,2,-859.28,0.06,0.06,0.0,-0.05,Mar,3,2,1,9,Returning_Visitor,True,False
6,192.11,-1,-307.89,60,1447.85,0.0,0.04,-8.81,-0.18,Mar,2,2,4,10,Returning_Visitor,False,False
2,0.0,2,129.88,8,31.0,0.0,0.02,5.01,0.0,Mar,3,2,1,2,New_Visitor,False,False
0,224.05,0,0.0,29,1244.18,0.02,0.04,12.1,0.4,May,1,1,3,4,Returning_Visitor,False,False
0,-204.13,2,0.0,23,39.44,0.06,0.06,22.39,0.0,Feb,1,1,2,8,Returning_Visitor,False,False
1,0.0,-1,0.0,-31,-1548.62,0.03,0.09,-8.59,0.14,Mar,3,1,3,10,Returning_Visitor,False,False
0,0.0,-2,-139.39,48,27.0,0.05,0.06,0.0,0.43,Oct,2,2,1,6,Returning_Visitor,True,False
0,33.95,0,100.74,-54,-1046.05,0.06,0.1,20.26,0.0,Oct,2,4,2,5,Returning_Visitor,False,False
4,0.0,2,0.0,20,920.76,0.01,0.03,26.15,0.0,Feb,4,2,1,1,Returning_Visitor,False,False
5,187.55,2,0.0,29,665.98,-0.02,-0.01,18.65,0.15,May,2,5,1,2,Returning_Visitor,False,True
1,81.97,2,194.77,47,1381.75,-0.03,-0.01,0.0,0.06,Oct,2,2,1,2,Returning_Visitor,False,False
2,317.15,2,176.43,58,1288.73,-0.02,0.01,-17.8,0.0,Nov,1,1,3,2,New_Visitor,False,False
-2,0.0,-1,40.92,-40,-1263.52,0.05,0.07,36.96,-0.21,Mar,4,3,1,4,Returning_Visitor,False,False
1,-227.64,1,70.92,2,46.0,0.0,0.1,-22.95,0.0,May,2,2,3,5,Returning_Visitor,False,False
0,-26.59,0,-46.86,53,2179.56,-0.01,0.02,13.54,-0.1,Nov,2,2,2,3,Returning_Visitor,False,False
1,-188.88,0,0.08,5,243.01,0.04,0.06,-15.53,-0.03,Sep,3,2,5,5,Returning_Visitor,False,False
3,325.67,0,0.0,11,942.16,0.0,0.02,27.02,0.0,May,2,2,9,2,New_Visitor,False,False
0,0.0,2,202.3,3,547.5,0.03,0.02,11.59,-0.06,Oct,3,3,3,1,Returning_Visitor,True,False
4,358.04,0,0.0,21,860.21,0.0,0.01,0.0,0.0,Mar,2,2,1,10,Returning_Visitor,True,False
3,-118.62,1,0.0,-30,-1903.23,-0.04,-0.01,26.13,0.17,May,4,2,5,2,New_Visitor,False,True
3,-154.66,1,-44.17,47,1824.67,-0.02,0.01,0.0,-0.24,Mar,1,1,6,1,Returning_Visitor,True,False
4,88.78,4,345.0,64,1894.69,-0.01,0.04,14.65,0.0,Dec,2,2,4,5,Returning_Visitor,False,True
1,226.74,2,33.68,37,276.25,0.01,0.05,0.0,0.34,May,1,3,4,2,Returning_Visitor,True,True
0,-94.4,0,0.0,60,1251.32,0.0,0.02,0.0,-0.02,Nov,3,2,1,10,New_Visitor,True,True
7,198.26,1,-91.37,79,2237.76,0.07,0.09,3.03,0.0,Nov,3,2,3,3,Returning_Visitor,True,False
4,334.7,0,-66.35,-22,-1024.61,-0.02,0.03,0.0,1.0,May,2,2,7,4,Returning_Visitor,False,False
5,362.07,1,268.45,33,2265.93,-0.02,0.01,-25.33,0.0,Mar,2,2,9,10,Returning_Visitor,False,True
6,347.39,3,365.25,160,6018.98,0.0,0.02,0.0,0.03,Nov,1,1,4,3,Returning_Visitor,True,False
-1,-158.33,-1,-33.91,27,316.54,0.0,0.02,0.0,0.0,Jul,2,2,9,1,Returning_Visitor,False,False
2,-155.18,-1,-226.57,12,549.92,0.0,0.01,-8.63,0.0,May,3,2,4,3,Returning_Visitor,False,False
0,3.7,2,0.0,11,-589.64,0.02,0.06,0.0,0.0,Nov,2,2,1,3,Returning_Visitor,False,False
0,-81.99,1,61.44,30,1038.0,-0.05,-0.0,0.0,0.34,Nov,2,6,1,3,Returning_Visitor,False,False
8,413.22,1,-88.33,90,1162.8,0.05,0.03,-8.42,0.45,Nov,1,1,2,8,Returning_Visitor,False,True
4,30.0,1,33.0,40,1543.21,-0.01,0.0,77.11,0.19,June,2,2,1,8,Returning_Visitor,False,True
7,43.91,1,0.0,61,1459.35,0.12,0.13,12.11,0.23,May,3,2,1,13,Returning_Visitor,True,False
0,-224.64,-2,67.92,7,171.57,-0.01,0.02,54.2,-0.55,Nov,2,2,4,4,New_Visitor,False,True
3,-43.05,0,0.0,46,1491.4,-0.01,0.02,-1.21,0.34,Jul,1,8,1,2,Returning_Visitor,False,False
3,17.42,0,0.0,23,-26.35,0.02,0.01,-3.19,0.0,May,1,1,1,4,Returning_Visitor,False,False
7,252.37,2,43.34,15,278.27,0.0,0.05,-8.01,0.02,May,2,2,1,13,Returning_Visitor,False,False
0,0.0,0,45.88,6,97.5,0.0,0.01,28.81,-0.1,Dec,2,2,3,2,Returning_Visitor,False,False
0,0.0,1,-99.07,6,98.73,0.1,0.09,0.0,0.02,Sep,3,2,1,1,Returning_Visitor,False,False
6,129.23,-1,102.3,66,2303.76,0.01,0.04,0.0,-0.07,Nov,1,1,6,2,Returning_Visitor,False,False
1,-24.79,-2,-103.77,-5,-406.78,-0.01,0.01,23.66,-0.33,Dec,2,2,1,10,Returning_Visitor,False,True
0,0.0,0,-152.57,1,0.0,0.2,0.17,25.64,0.2,Feb,1,1,1,1,Returning_Visitor,False,False
4,229.46,0,-204.86,38,2126.47,0.11,0.13,20.63,0.0,Oct,3,2,4,10,Returning_Visitor,False,False
7,172.32,1,0.0,12,145.67,0.04,0.08,-34.85,0.0,Nov,2,2,2,3,Returning_Visitor,False,False
9,218.74,2,93.24,74,2491.11,0.02,0.01,0.0,0.0,Oct,2,2,1,2,Returning_Visitor,False,False
5,157.5,-2,5.29,15,138.75,0.01,0.03,19.86,0.0,Mar,1,1,1,2,New_Visitor,False,False
0,103.93,0,17.32,16,379.57,0.06,0.09,0.0,0.0,Mar,1,1,4,2,Returning_Visitor,True,True
-2,68.6,0,103.34,-10,737.86,-0.03,0.03,20.09,-0.14,Oct,1,2,6,4,New_Visitor,False,False
1,95.6,0,-24.27,12,582.73,0.05,0.08,21.32,0.39,Oct,2,4,8,4,Returning_Visitor,False,False
-2,116.25,2,178.0,5,192.54,0.0,0.07,0.0,0.8,May,2,2,6,2,Returning_Visitor,False,False
0,-103.92,1,79.81,59,639.45,0.0,0.02,0.0,0.22,Jul,3,2,1,4,Returning_Visitor,False,False
5,73.5,0,58.18,94,1958.34,0.0,0.0,42.71,-0.16,Mar,1,2,4,2,Returning_Visitor,False,False
-2,82.67,0,0.0,8,-193.46,0.07,0.07,0.0,-0.06,May,3,2,7,3,Returning_Visitor,False,False
4,423.1,0,0.0,22,611.67,0.0,0.01,0.0,0.0,Oct,3,2,2,20,Returning_Visitor,False,False
1,327.2,-1,56.1,21,485.0,0.03,0.05,-15.04,0.58,May,3,2,8,1,Returning_Visitor,False,False
6,228.5,2,185.91,58,935.06,-0.12,-0.13,18.15,0.04,Dec,2,2,7,11,Returning_Visitor,False,False
4,0.0,3,0.0,26,1376.51,0.2,0.18,37.89,-0.06,Dec,3,2,3,6,Returning_Visitor,True,False
0,187.38,0,0.0,-29,0.0,0.01,0.05,13.91,0.05,May,2,2,2,2,Returning_Visitor,False,False
2,110.77,0,0.0,11,296.5,0.04,0.05,0.0,0.0,Oct,3,2,7,1,Returning_Visitor,False,False
3,0.0,0,0.0,39,2249.4,0.01,0.02,34.47,0.0,May,2,2,1,3,Returning_Visitor,False,False
2,38.8,0,0.0,11,214.05,0.02,0.03,0.0,0.0,May,2,2,1,7,Returning_Visitor,False,False
4,181.48,0,0.79,43,1833.42,-0.04,-0.05,3.93,0.0,Oct,3,2,1,2,Returning_Visitor,False,False
-2,49.4,0,0.0,-15,111.6,0.04,0.06,0.0,0.0,Dec,1,8,9,4,New_Visitor,False,False
0,-106.78,0,0.0,3,80.21,0.03,0.06,0.0,-0.4,Nov,4,1,9,4,Returning_Visitor,False,False
2,100.67,0,0.0,-19,-0.38,0.0,0.05,7.71,0.0,Oct,2,2,2,2,Returning_Visitor,False,False
5,36.67,1,29.2,39,1635.83,0.08,0.1,-6.64,0.0,Jul,2,6,5,1,Returning_Visitor,False,False
2,99.5,0,-71.33,54,1333.08,0.0,0.03,0.0,-0.13,Feb,2,2,1,2,Returning_Visitor,False,False
6,155.89,2,-149.32,108,2701.34,0.01,0.02,7.48,-0.04,Mar,2,2,6,1,Returning_Visitor,False,True
-1,-17.55,0,39.55,36,1568.49,0.01,0.03,0.0,0.0,Mar,2,2,6,10,Returning_Visitor,False,False
-1,-142.03,2,0.0,15,746.16,0.0,0.01,0.0,0.11,Mar,2,4,1,6,Returning_Visitor,False,False
3,172.36,2,63.65,11,-280.39,0.02,0.06,0.0,0.17,Dec,2,2,1,1,Returning_Visitor,False,False
0,-142.86,3,0.0,31,835.24,-0.03,0.01,0.0,0.19,Mar,1,1,1,10,Returning_Visitor,False,False
0,0.0,-1,0.0,0,-385.45,0.08,0.1,8.95,0.31,Feb,2,2,3,3,Returning_Visitor,False,False
0,-156.17,0,-248.91,19,483.58,0.02,0.08,12.48,0.2,May,1,1,4,3,Returning_Visitor,False,False
2,0.0,2,134.53,99,4545.05,0.02,0.02,-14.92,0.0,Nov,1,1,1,3,Returning_Visitor,True,False
5,162.69,0,0.0,40,2321.36,0.04,0.04,-14.92,-0.09,Sep,2,6,9,3,Returning_Visitor,True,False
0,0.0,1,-44.47,-39,-472.96,0.1,0.15,0.0,0.36,Sep,2,2,1,5,Returning_Visitor,False,False
5,-26.49,1,0.0,34,1066.05,0.0,0.02,-1.92,0.0,May,2,2,1,1,Returning_Visitor,True,False
0,-30.73,0,0.0,-3,211.0,0.0,0.03,15.85,0.03,May,2,2,7,2,Returning_Visitor,False,False
5,95.0,0,111.72,1,726.33,0.0,0.04,0.0,0.13,May,2,2,3,5,Returning_Visitor,False,False
1,39.52,-1,0.0,16,1676.07,0.0,0.0,11.81,0.0,May,2,2,7,2,New_Visitor,False,True
-1,0.0,0,40.08,-14,114.6,0.03,0.05,43.98,0.1,Mar,3,2,7,10,Returning_Visitor,False,False
12,270.65,0,22.54,-47,-962.33,0.01,0.01,0.0,0.14,May,2,2,2,2,New_Visitor,True,False
0,0.0,0,-74.46,-25,-1804.79,0.05,0.07,-15.67,0.0,Nov,2,2,6,10,Returning_Visitor,False,False
0,-234.78,0,-40.52,16,100.0,0.08,0.07,0.0,0.14,Feb,2,4,1,4,Returning_Visitor,False,False
8,172.64,4,359.28,113,5099.16,0.0,0.0,0.0,-0.47,Nov,2,2,4,2,Returning_Visitor,True,True
-2,-45.43,1,93.92,22,1229.53,0.14,0.15,-19.95,-0.13,Mar,2,2,1,13,Returning_Visitor,False,False
7,96.35,3,72.5,194,7569.25,-0.02,-0.01,4.77,0.01,Nov,2,2,1,4,Returning_Visitor,True,False
0,0.0,0,0.0,46,289.41,0.2,0.19,0.0,0.53,Oct,1,1,1,20,Returning_Visitor,False,False
9,380.16,3,309.31,75,2556.03,-0.01,0.0,0.0,-0.12,Mar,2,2,3,5,Returning_Visitor,True,False
1,315.1,0,63.36,50,451.74,0.05,0.07,-3.51,0.01,Jul,3,2,5,3,Returning_Visitor,True,True
-1,0.06,0,-183.05,31,316.67,-0.02,0.01,0.0,0.8,Feb,2,6,6,3,Returning_Visitor,False,False
0,0.0,2,162.17,-13,-54.88,0.07,0.08,42.46,0.0,Dec,3,2,1,1,Returning_Visitor,False,False
0,-217.59,0,0.0,14,132.4,0.12,0.14,22.38,0.0,June,3,2,1,9,Returning_Visitor,False,False
13,112.27,0,0.0,49,1841.68,-0.03,-0.01,24.05,0.0,Feb,2,2,2,2,New_Visitor,False,False
4,11.83,2,27.0,88,2821.56,0.02,0.04,-1.2,0.0,May,2,4,4,1,Returning_Visitor,False,True
3,52.75,0,0.0,-2,-91.59,0.0,0.01,5.56,0.0,Dec,2,2,1,2,Returning_Visitor,True,False
3,27.56,0,184.19,46,714.74,0.0,0.03,14.15,0.11,Nov,2,2,1,2,Returning_Visitor,False,False
3,-150.03,0,-2.97,41,-132.33,0.0,-0.01,21.08,0.0,Mar,1,1,6,1,Returning_Visitor,False,True
0,-135.53,0,0.0,-35,-2289.79,0.04,0.08,0.0,0.0,May,2,5,1,8,New_Visitor,False,False
0,0.0,-2,-58.14,-10,0.0,-0.03,0.02,0.0,0.0,Nov,2,2,7,2,New_Visitor,False,False
0,71.97,-1,-64.36,-48,-2275.93,0.2,0.2,0.0,0.0,Mar,2,4,1,1,Returning_Visitor,False,False
8,232.24,2,74.98,-12,183.68,-0.09,-0.03,11.71,0.25,May,2,2,4,2,Returning_Visitor,False,False
2,0.0,-1,20.46,-5,75.5,0.0,-0.01,0.0,0.0,Nov,2,2,2,1,Returning_Visitor,False,False
-2,47.0,0,148.17,9,-292.32,-0.0,0.04,-4.99,0.24,May,3,2,2,2,Returning_Visitor,False,False
3,273.72,0,0.0,21,1294.57,0.04,0.07,0.0,0.0,Nov,1,2,4,1,Returning_Visitor,True,False
-2,-8.16,3,180.53,28,0.0,0.2,0.2,-2.55,0.0,Mar,1,1,1,1,Returning_Visitor,True,False
1,-109.51,-1,-204.4,40,706.14,0.0,0.02,3.71,-0.08,Dec,2,2,1,2,New_Visitor,False,False
-3,147.46,0,46.24,18,-527.01,-0.02,0.01,0.0,-0.07,Jul,2,2,3,4,Returning_Visitor,False,False
0,0.0,0,0.0,16,690.31,0.07,0.06,0.0,0.0,May,2,2,1,2,Returning_Visitor,False,False
1,131.3,0,2.41,62,2232.45,0.03,0.04,6.47,0.17,Nov,2,1,7,2,New_Visitor,False,False
-1,-29.82,1,-272.2,35,1252.62,0.01,0.02,0.0,0.0,Feb,2,2,2,1,Returning_Visitor,True,False
3,0.0,0,-18.44,-20,214.0,-0.07,-0.01,0.0,0.11,May,3,2,1,1,Returning_Visitor,False,False
-2,0.0,2,85.9,-3,147.35,0.0,0.03,0.0,0.19,May,2,2,1,4,Returning_Visitor,False,False
6,61.99,0,0.0,43,1909.92,0.03,0.0,27.65,0.0,Sep,3,2,1,4,Returning_Visitor,True,False
0,0.0,0,-61.77,15,970.12,0.0,0.08,63.47,0.31,Mar,2,2,7,2,Returning_Visitor,False,False
2,89.62,0,0.0,-9,249.0,0.0,0.01,0.0,-0.11,Dec,2,4,1,2,Returning_Visitor,False,False
-1,40.0,0,143.54,18,2578.7,0.02,0.04,0.0,0.23,Mar,4,2,4,7,Returning_Visitor,False,False
5,133.72,0,271.89,157,4461.29,-0.01,0.01,-0.45,0.0,Aug,1,2,3,2,Returning_Visitor,False,True
5,-144.23,0,195.36,36,744.79,-0.1,-0.07,38.06,-0.08,May,2,4,2,5,New_Visitor,False,False
7,82.37,0,0.0,19,393.35,0.02,0.04,-11.72,0.0,Mar,1,1,7,3,Returning_Visitor,False,True
5,17.28,-1,1.82,23,2225.29,0.02,0.02,17.42,0.0,Nov,3,2,1,2,Returning_Visitor,True,False
3,152.9,4,130.76,111,3856.83,0.07,0.06,13.46,0.18,Nov,3,2,3,1,Returning_Visitor,False,False
6,48.67,4,270.19,20,1469.18,0.0,0.02,38.89,0.18,Nov,2,2,2,2,Returning_Visitor,False,True
1,299.48,2,0.0,34,1153.49,0.01,0.03,-0.74,-0.03,Mar,2,2,2,3,Returning_Visitor,False,False
7,287.19,0,0.0,14,714.64,0.01,0.03,0.0,-0.08,Nov,2,2,2,1,Returning_Visitor,False,False
0,-94.7,-1,-123.66,58,957.25,0.0,0.02,0.0,0.22,May,2,2,3,3,Returning_Visitor,False,False
7,743.58,6,909.25,337,11356.02,-0.09,-0.12,0.0,0.0,Feb,1,2,1,2,Returning_Visitor,False,False
4,124.91,0,0.0,1,-297.3,0.2,0.2,-9.06,0.08,Sep,1,2,1,13,Returning_Visitor,False,False
0,-82.07,-1,0.0,-18,-348.14,0.03,0.06,30.75,-0.06,Nov,2,2,6,6,Returning_Visitor,False,False
22,1153.68,1,108.0,104,3121.48,-0.0,-0.01,21.95,0.15,Nov,2,2,3,3,Returning_Visitor,True,False
0,-23.46,0,-89.56,2,-428.13,0.15,0.17,3.07,-0.0,Sep,2,5,3,6,Returning_Visitor,True,False
3,273.82,0,0.0,43,1132.3,0.0,0.01,2.92,-0.22,Sep,2,2,5,3,Returning_Visitor,True,False
2,0.0,0,0.0,6,-494.03,0.03,0.07,0.0,0.0,Nov,2,2,2,3,Returning_Visitor,False,False
2,53.51,0,-119.07,-14,614.59,0.2,0.2,-6.61,0.0,Aug,2,2,1,4,Returning_Visitor,True,False
4,-80.03,0,0.0,28,837.32,0.03,0.03,-29.33,0.13,May,3,2,9,1,New_Visitor,False,False
2,77.48,-1,7.37,17,468.54,0.01,0.02,0.0,0.0,Dec,3,1,3,2,Returning_Visitor,False,False
-3,-90.85,0,44.98,5,77.0,0.0,0.04,0.0,-0.14,Nov,2,2,1,2,Returning_Visitor,True,False
8,127.48,1,-42.33,106,2739.37,-0.09,-0.08,0.0,0.0,Mar,2,2,1,4,Returning_Visitor,False,False
0,0.0,0,-259.55,30,2054.88,-0.02,0.03,0.0,0.43,May,2,2,1,6,Returning_Visitor,False,False
5,0.03,1,0.0,5,213.02,0.0,0.06,-19.76,-0.06,Dec,2,2,2,2,Returning_Visitor,False,True
13,422.47,0,0.0,80,1807.23,0.02,0.03,4.19,0.08,Sep,2,2,9,13,Returning_Visitor,True,False
-5,-78.69,0,21.55,-42,-884.36,0.11,0.16,0.0,0.3,May,4,1,2,3,Returning_Visitor,False,False
5,219.25,0,128.25,-12,72.0,0.02,0.05,0.54,0.11,May,2,2,9,4,Returning_Visitor,True,False
0,0.0,0,0.0,66,2586.62,0.01,0.02,7.83,0.0,Oct,2,2,1,4,Returning_Visitor,False,False
0,-340.5,0,54.37,58,2607.93,0.02,0.04,-22.75,0.36,May,4,1,9,4,Returning_Visitor,True,False
1,126.77,0,-69.91,74,1280.09,-0.02,-0.02,-6.15,0.26,Oct,2,6,1,2,Returning_Visitor,False,True
0,36.54,0,0.29,2,730.05,0.08,0.1,0.0,1.0,May,2,2,2,3,New_Visitor,True,False
-5,0.0,0,-133.29,1,893.51,0.2,0.21,-9.74,0.0,Feb,3,2,7,3,Returning_Visitor,True,False
4,68.5,0,-127.3,116,5426.82,-0.01,0.01,5.3,0.0,Nov,2,2,6,6,New_Visitor,False,False
9,326.73,1,0.0,81,4466.13,0.0,0.0,10.45,0.0,Feb,2,2,1,1,Returning_Visitor,True,False
2,0.0,0,-50.09,35,807.83,0.05,0.06,34.84,0.0,Mar,2,2,3,1,Returning_Visitor,False,False
5,105.63,0,-30.75,-4,-853.03,0.0,-0.0,0.0,0.08,Nov,2,2,2,13,Returning_Visitor,False,False
3,-39.56,1,24.38,-23,269.0,-0.02,0.03,-26.23,0.0,May,1,1,1,2,Returning_Visitor,True,True
6,310.76,0,-51.31,28,501.5,0.0,0.01,0.0,0.0,May,2,4,1,8,Returning_Visitor,False,False
3,59.84,2,94.79,86,3120.9,0.01,0.04,2.09,0.0,Mar,3,2,4,10,Returning_Visitor,False,False
0,-69.73,1,59.5,69,3188.95,0.0,0.03,13.55,0.22,Aug,2,2,4,2,Returning_Visitor,False,False
6,-8.84,0,-66.34,155,4894.85,0.0,0.03,7.92,0.06,May,2,2,1,6,Returning_Visitor,True,True
10,323.33,3,67.19,126,5181.54,-0.0,-0.02,-10.73,0.15,Mar,2,2,3,2,Returning_Visitor,False,False
2,-1.73,-1,13.4,150,5480.99,-0.01,0.02,-4.34,0.12,Nov,2,2,9,2,Returning_Visitor,False,False
9,443.6,2,246.33,113,3390.1,0.02,0.03,-18.39,0.02,May,1,1,1,3,Returning_Visitor,False,False
4,51.0,0,60.96,47,926.2,-0.02,-0.0,23.5,0.39,May,2,2,1,2,Returning_Visitor,True,False
0,0.0,0,69.05,3,0.0,0.2,0.2,-8.47,0.0,Nov,2,2,1,1,Returning_Visitor,True,False
12,348.69,2,56.5,149,6856.16,0.05,0.02,0.0,0.0,Nov,3,2,1,10,Returning_Visitor,False,False
-3,39.46,1,0.0,3,-151.17,0.0,0.07,0.0,0.11,May,2,2,7,13,Returning_Visitor,False,False
2,-299.71,1,-122.32,12,166.16,-0.03,0.02,0.0,0.0,May,1,5,2,11,Returning_Visitor,True,False
5,204.02,1,189.42,36,1073.5,-0.01,0.02,0.0,0.0,Oct,4,2,5,4,Returning_Visitor,True,False
0,-209.26,-1,-200.29,-33,-717.79,0.07,0.09,0.0,0.12,Sep,2,2,7,1,Returning_Visitor,True,False
2,110.85,3,116.28,51,2148.21,0.07,0.1,0.0,0.0,Sep,3,2,1,5,Returning_Visitor,True,False
2,80.4,0,0.0,1,942.61,0.13,0.2,0.0,0.06,Nov,2,2,3,2,New_Visitor,False,False
1,-128.48,0,9.0,3,149.0,0.0,0.01,5.77,-0.19,Mar,2,2,2,3,Returning_Visitor,False,False
1,-206.46,0,40.41,-20,-998.0,0.0,0.05,-28.31,0.18,May,2,2,2,6,New_Visitor,False,False
4,46.5,1,-129.21,58,1729.72,0.02,0.03,6.32,0.15,Feb,2,2,3,10,Returning_Visitor,False,False
9,303.87,0,0.0,12,1070.91,0.01,0.01,15.81,0.0,May,1,1,1,3,Returning_Visitor,False,False
0,11.0,0,0.0,23,510.0,0.01,0.02,0.0,0.13,Aug,1,2,9,11,Returning_Visitor,False,False
8,293.05,11,860.0,205,8290.0,0.0,0.02,27.53,-0.19,Nov,2,1,3,3,Returning_Visitor,False,False
2,14.33,0,0.0,-8,1241.76,0.02,0.03,-23.36,-0.13,Oct,3,1,3,4,New_Visitor,True,False
2,-94.2,0,0.0,24,323.5,-0.02,-0.01,3.0,0.0,May,1,1,1,4,New_Visitor,False,True
0,0.0,-1,-189.67,1,-1077.9,0.02,0.05,0.0,0.12,Dec,2,2,3,1,New_Visitor,False,False
5,126.94,0,67.71,74,2737.64,0.0,0.01,0.0,0.0,Jul,3,2,4,1,Returning_Visitor,False,False
4,52.5,0,0.0,32,1352.52,-0.03,0.0,0.0,-0.07,Nov,4,1,3,3,Returning_Visitor,True,False
2,-84.44,0,0.0,7,1142.78,0.07,0.09,3.71,0.0,Feb,2,2,2,3,Returning_Visitor,False,False
7,501.35,1,267.59,43,2457.05,0.0,0.02,10.64,0.0,Oct,2,5,7,2,Returning_Visitor,False,True
0,31.0,-1,0.0,30,540.12,0.02,0.02,-33.21,0.0,Feb,3,6,1,1,Returning_Visitor,False,True
0,-2.16,0,0.0,5,123.67,0.03,0.01,0.0,0.0,May,1,1,1,8,New_Visitor,True,False
0,179.27,1,197.35,43,1866.11,0.0,0.03,1.83,-0.06,Jul,2,1,3,2,Returning_Visitor,True,False
0,27.0,0,-146.69,51,526.41,-0.03,0.01,1.89,0.18,Nov,3,2,3,1,Returning_Visitor,False,False
2,124.0,1,-32.59,109,3353.22,-0.04,0.0,28.88,0.27,Mar,2,5,1,14,Returning_Visitor,False,False
0,77.63,0,37.43,62,1256.32,0.08,0.12,0.0,-0.27,Oct,3,2,1,1,Returning_Visitor,False,False
2,0.0,1,0.0,4,161.25,0.0,0.04,0.0,0.17,Dec,3,2,1,2,Returning_Visitor,False,False
0,0.0,1,-40.89,11,-497.32,0.02,0.05,22.62,0.0,Dec,1,1,1,8,Returning_Visitor,False,False
5,243.55,0,-66.04,38,730.15,0.0,0.0,69.43,0.24,Feb,2,4,3,3,Returning_Visitor,False,True
0,268.89,2,0.0,2,0.0,0.05,0.09,0.0,0.38,May,2,6,5,1,Returning_Visitor,False,False
4,268.61,3,243.07,92,4766.02,-0.03,0.01,19.22,-0.03,Dec,2,2,1,2,New_Visitor,False,False
2,40.33,-2,-46.8,13,713.63,0.0,0.0,0.0,-0.04,Oct,2,2,1,4,New_Visitor,True,False
0,-57.73,1,0.0,15,327.5,-0.01,0.01,-1.46,0.0,May,2,3,2,4,Returning_Visitor,False,False
5,209.06,0,0.0,71,2527.15,0.01,0.06,11.5,0.12,Nov,2,2,1,2,Returning_Visitor,False,False
-4,7.6,0,33.95,3,806.58,0.06,0.07,4.16,0.08,Oct,1,1,3,7,Returning_Visitor,False,False
0,139.48,0,20.91,38,2925.68,0.01,0.02,0.0,-0.02,Jul,1,1,1,10,Returning_Visitor,True,False
3,67.67,0,-182.99,39,311.08,0.0,0.01,0.0,0.1,Jul,2,2,6,2,Returning_Visitor,False,False
8,203.92,4,225.41,118,3903.17,-0.03,0.02,13.97,0.05,Nov,2,2,3,7,Returning_Visitor,False,True
3,31.44,1,-11.07,-12,-1537.55,-0.0,0.01,4.99,-0.02,Nov,1,1,1,2,Returning_Visitor,False,True
2,22.62,0,117.43,51,1219.05,0.0,0.02,9.06,0.0,Aug,1,2,6,2,Returning_Visitor,False,True
0,0.0,3,57.7,85,3742.64,0.07,0.08,-7.76,0.0,Sep,1,1,4,3,Returning_Visitor,True,False
4,137.34,-1,0.0,-7,89.5,0.05,0.07,35.54,0.1,Nov,1,2,4,2,Returning_Visitor,False,False
-1,144.32,0,74.73,-1,575.71,0.04,0.02,0.0,-0.16,Dec,2,2,5,2,Returning_Visitor,False,True
1,245.77,2,464.88,19,1685.08,-0.04,0.01,13.16,-0.04,Jul,2,1,2,3,Returning_Visitor,True,False
2,312.46,0,0.0,0,417.31,0.0,0.01,19.06,0.0,Mar,2,2,7,6,Returning_Visitor,False,False
6,243.02,0,0.0,19,1351.53,0.0,0.02,1.63,0.06,Oct,4,1,1,2,Returning_Visitor,True,False
5,283.54,1,268.29,15,1821.01,0.01,0.03,23.96,0.17,Mar,3,2,3,12,Returning_Visitor,False,True
0,71.73,0,-151.76,70,2498.03,0.02,0.05,-9.03,0.4,May,2,6,3,2,Returning_Visitor,True,False
-2,-106.62,0,-142.76,59,1894.42,0.0,0.02,-24.42,0.0,Mar,3,2,6,1,Returning_Visitor,True,False
0,-79.5,0,-88.41,2,1188.35,0.0,0.03,0.0,0.0,Feb,2,2,9,1,Returning_Visitor,False,False
5,-18.62,1,166.76,42,184.6,0.03,0.04,9.03,0.0,Nov,2,1,3,2,Returning_Visitor,False,False
5,157.6,4,305.14,274,5876.46,-0.03,-0.0,14.17,0.0,Feb,2,2,4,2,Returning_Visitor,False,False
5,172.34,1,104.26,50,2473.4,0.0,0.01,0.0,0.6,May,2,1,3,4,Returning_Visitor,False,False
0,0.0,0,-79.4,25,1124.04,0.06,0.1,6.3,0.0,May,2,2,3,1,Returning_Visitor,False,False
6,315.0,-2,-221.38,-10,-74.37,0.03,0.02,9.76,-0.09,Mar,3,2,3,5,Returning_Visitor,False,False
5,190.85,0,34.33,72,2833.81,0.06,0.04,0.0,0.0,Nov,4,1,7,2,New_Visitor,False,False
-1,53.73,0,188.0,-11,-296.73,-0.09,-0.07,0.01,0.0,Nov,1,1,3,6,New_Visitor,False,False
-3,161.23,0,0.0,7,0.0,0.2,0.2,7.0,0.6,May,3,2,5,3,Returning_Visitor,False,False
2,75.0,0,0.0,16,824.77,0.1,0.12,0.0,0.0,Nov,2,2,4,5,New_Visitor,True,False
1,209.35,1,343.37,35,1956.31,-0.0,0.01,3.85,0.0,Mar,3,2,4,1,Returning_Visitor,False,False
4,200.03,-1,0.0,3,203.93,0.01,0.02,13.04,0.14,Oct,2,2,1,4,Returning_Visitor,False,True
-5,-303.35,-1,-154.0,-37,-1469.34,0.15,0.14,0.0,-0.13,Jul,2,2,4,1,Returning_Visitor,False,False
0,-138.08,1,-29.61,15,1418.25,0.0,0.06,-9.74,0.0,Mar,2,2,3,1,Returning_Visitor,False,False
2,-45.05,0,29.5,-41,-1557.71,0.02,0.05,6.4,-0.14,Dec,4,2,9,2,New_Visitor,False,False
2,166.29,1,126.69,-6,-349.9,0.01,0.02,-9.1,0.03,Feb,2,1,1,1,Returning_Visitor,False,True
0,-18.21,0,-251.25,1,0.0,0.2,0.2,24.78,0.0,Feb,8,8,2,1,Returning_Visitor,False,False
4,0.0,0,164.62,83,2551.61,0.04,0.06,46.99,-0.01,Oct,2,4,1,5,Returning_Visitor,False,False
2,64.0,0,0.0,19,341.25,0.02,0.02,-1.14,0.0,Mar,3,2,3,9,Returning_Visitor,False,False
14,558.0,2,41.6,37,1027.78,-0.07,-0.07,0.0,0.0,Oct,2,2,1,2,Returning_Visitor,False,False
4,142.75,0,159.38,115,4928.69,0.09,0.04,2.75,0.31,June,2,6,1,1,Returning_Visitor,False,False
1,25.4,1,0.0,73,2958.5,0.01,0.02,5.68,0.09,Mar,1,1,2,3,Returning_Visitor,False,False
0,106.56,0,-246.76,5,43.0,-0.02,0.04,0.0,0.23,Mar,3,2,1,9,New_Visitor,True,False
0,-49.44,0,0.0,7,316.25,0.07,0.06,0.0,0.22,Aug,3,2,1,4,Returning_Visitor,True,False
1,-168.57,2,70.5,50,2031.51,0.0,0.03,0.0,0.0,Oct,2,2,1,2,Returning_Visitor,False,False
8,170.56,2,0.0,32,453.4,0.0,0.01,0.0,-0.22,Feb,3,2,8,4,New_Visitor,False,False
5,139.09,1,-174.36,14,549.5,-0.01,0.01,15.15,-0.18,Jul,2,1,1,2,New_Visitor,False,True
0,0.0,0,0.0,58,937.42,0.0,0.04,-10.55,0.0,May,2,2,6,2,Returning_Visitor,True,False
5,129.5,0,-260.26,33,982.0,0.02,0.09,-15.07,0.0,Oct,3,5,2,3,Returning_Visitor,False,False
2,0.0,0,0.0,65,2015.72,0.12,0.12,16.4,-0.14,Feb,1,2,7,1,Returning_Visitor,False,False
3,52.5,0,0.0,162,5980.53,0.0,0.0,9.39,0.0,Dec,2,2,1,2,New_Visitor,False,True
3,-54.42,-1,-259.74,9,178.55,0.0,0.01,0.0,0.0,Oct,1,1,1,1,New_Visitor,True,False
5,232.55,2,212.62,41,1180.79,0.01,0.01,0.0,0.0,Nov,3,2,1,2,New_Visitor,False,False
-2,-215.43,1,41.0,12,914.17,0.02,0.06,22.78,0.04,Mar,1,1,1,3,Returning_Visitor,False,False
4,220.86,2,102.8,49,2697.02,0.09,0.12,1.8,0.0,Dec,1,1,9,2,Returning_Visitor,False,False
3,18.01,0,0.0,62,2624.58,-0.0,0.02,12.39,0.0,Dec,2,2,1,6,Returning_Visitor,False,True
0,47.76,-1,-60.37,42,1480.49,0.0,0.02,0.0,0.0,Aug,1,1,3,3,New_Visitor,False,False
0,0.0,2,-23.92,108,4190.75,0.02,0.1,0.0,0.2,May,2,2,8,6,Returning_Visitor,False,False
0,-370.86,0,0.0,3,78.0,0.0,0.04,-5.78,0.0,Feb,2,2,4,2,Returning_Visitor,False,False
2,30.22,0,255.15,41,1217.43,-0.04,-0.0,0.0,0.0,May,1,1,1,3,Returning_Visitor,False,False
-1,150.82,0,15.75,61,2145.48,0.02,0.03,0.0,0.0,Nov,1,1,1,2,Returning_Visitor,True,False
1,-31.21,0,73.03,35,1741.69,0.02,0.01,-24.99,0.25,Oct,2,2,6,1,Returning_Visitor,False,False
-1,0.0,-2,-104.23,16,216.44,0.01,0.01,17.13,-0.09,Nov,1,1,1,1,Returning_Visitor,True,True
0,-187.01,0,-88.54,42,2252.69,0.07,0.09,-7.64,0.0,Nov,1,1,7,13,Returning_Visitor,False,True
3,133.68,0,48.5,26,2195.28,0.01,0.03,58.08,-0.13,Nov,2,2,6,2,Returning_Visitor,True,True
8,250.32,2,0.0,3,-513.04,0.01,0.03,9.95,0.22,May,2,1,1,4,Returning_Visitor,False,False
0,-0.58,1,0.0,7,696.88,0.01,0.01,14.7,-0.13,Nov,1,1,3,2,Returning_Visitor,True,False
4,85.51,4,196.1,36,2454.26,-0.02,0.07,15.47,0.0,Dec,3,2,3,2,Returning_Visitor,False,False
0,0.0,1,0.0,5,102.0,0.02,0.05,17.23,0.0,Mar,3,2,9,1,Returning_Visitor,False,False
0,0.0,0,179.76,10,43.4,0.07,0.08,0.0,0.37,Aug,1,1,9,4,Returning_Visitor,False,False
8,934.5,1,92.0,28,937.72,0.0,0.02,0.0,0.0,Dec,1,1,7,2,Returning_Visitor,True,False
1,68.0,2,-15.54,55,2621.42,0.08,0.09,3.62,0.0,Feb,4,1,1,2,Returning_Visitor,True,False
0,0.0,2,0.0,8,315.0,-0.01,0.03,0.0,0.06,May,3,2,3,2,Returning_Visitor,False,False
8,294.5,4,231.7,41,1034.58,0.03,0.02,9.88,-0.23,Mar,3,4,1,4,Returning_Visitor,False,True
0,56.37,0,0.0,28,1384.07,0.01,0.07,11.02,0.35,May,2,2,1,13,Returning_Visitor,False,True
2,-74.02,2,0.0,28,2142.96,0.02,0.04,11.82,0.24,May,1,2,1,5,Returning_Visitor,False,False
2,0.0,1,0.0,24,1839.0,0.03,0.05,0.0,0.0,Nov,1,1,2,1,Returning_Visitor,True,False
0,4.78,0,47.74,29,260.87,0.0,0.03,0.0,0.0,June,2,4,1,3,Returning_Visitor,False,False
3,80.0,1,141.75,66,3573.47,0.0,0.03,34.86,-0.19,Dec,2,2,3,1,Returning_Visitor,False,False
0,0.0,0,0.0,-27,-1211.71,0.2,0.2,-22.08,-0.25,Dec,2,2,6,1,Returning_Visitor,False,False
4,102.56,0,-83.68,74,3713.58,0.01,0.02,8.56,0.08,Nov,2,2,1,13,Returning_Visitor,False,False
1,4.49,0,0.0,26,360.18,0.03,0.04,0.0,0.13,Sep,3,2,1,3,Returning_Visitor,False,False
0,189.44,0,0.0,65,2924.43,0.01,0.02,0.0,0.13,May,2,2,6,10,Returning_Visitor,False,True
4,139.54,-1,0.0,53,1110.21,0.11,0.14,0.0,0.62,May,1,1,3,6,New_Visitor,True,False
8,353.66,1,162.89,71,2364.49,0.01,0.03,-4.07,0.0,May,2,4,1,10,Returning_Visitor,False,False
4,30.7,0,-62.59,18,-572.6,-0.02,0.05,17.51,0.17,Nov,2,6,4,1,Returning_Visitor,False,False
7,0.0,0,0.0,12,123.97,0.0,0.0,29.3,-0.07,Aug,2,2,7,1,Returning_Visitor,False,False
5,187.79,-1,-52.75,85,2651.94,0.05,0.06,36.61,0.13,Mar,2,2,3,1,Returning_Visitor,False,False
3,-64.59,1,0.0,15,-1678.04,0.01,0.05,6.8,0.0,Mar,3,2,1,2,Returning_Visitor,False,False
2,217.47,0,97.85,3,523.66,0.11,0.13,0.0,0.0,Mar,2,4,3,1,Returning_Visitor,True,False
1,0.0,0,0.0,1,886.54,0.16,0.2,13.45,-0.35,Mar,2,4,1,4,Returning_Visitor,False,False
-1,185.19,0,-142.79,4,76.0,0.02,0.07,34.28,0.0,Feb,1,1,1,3,Returning_Visitor,False,False
4,318.14,-1,-160.36,7,1069.98,0.0,0.02,0.0,0.05,Aug,2,1,9,4,Returning_Visitor,True,False
0,-141.07,0,125.77,3,138.0,0.08,0.1,0.0,0.14,May,2,2,9,3,Returning_Visitor,True,False
1,0.0,0,0.0,-28,-860.48,0.0,0.06,6.14,0.0,May,2,2,9,4,Returning_Visitor,False,True
2,196.6,0,-35.21,0,705.55,0.0,-0.0,0.0,0.0,May,1,1,2,12,New_Visitor,True,False
4,264.32,2,0.0,71,2735.03,0.08,0.1,0.0,0.0,May,3,7,6,3,Returning_Visitor,False,False
3,35.2,-2,-158.53,44,1535.67,0.01,0.01,17.21,-0.05,Jul,2,2,6,13,Returning_Visitor,False,False
2,62.19,0,0.0,50,717.61,0.08,0.06,116.34,0.0,Dec,6,13,9,17,Other,False,True
-10,-333.41,0,4.68,-15,-1342.31,0.18,0.2,0.0,0.52,Mar,3,2,2,13,Returning_Visitor,True,False
-7,-283.18,-1,0.0,5,132.0,0.07,0.09,0.0,-0.1,Mar,2,2,1,1,Returning_Visitor,True,False
-3,61.03,-2,-170.8,4,731.62,0.02,0.06,0.0,0.61,Feb,2,2,3,14,Returning_Visitor,False,False
7,108.0,0,42.0,32,1337.64,0.01,0.03,-2.71,0.0,May,1,1,3,2,Returning_Visitor,False,False
1,98.18,0,0.0,8,333.25,-0.01,0.04,26.99,0.0,Dec,2,2,6,2,New_Visitor,False,True
7,41.98,1,49.14,25,1612.98,0.01,0.03,0.0,-0.01,Nov,2,1,3,4,Returning_Visitor,False,False
1,-67.37,1,10.4,70,2258.55,0.0,0.0,68.32,0.03,Aug,2,2,1,2,Returning_Visitor,False,True
0,0.0,1,0.0,8,1229.17,0.06,0.11,-23.99,0.23,Mar,2,2,1,2,Returning_Visitor,False,False
10,669.15,8,750.99,114,5121.12,0.0,0.01,4.35,0.0,Nov,2,2,1,8,Returning_Visitor,True,True
5,190.31,1,43.5,94,3116.37,0.1,0.1,-27.81,0.0,Nov,2,2,3,1,Returning_Visitor,False,False
4,452.78,3,188.69,41,1709.42,0.0,0.02,14.45,0.0,Nov,2,2,1,2,Returning_Visitor,False,True
3,0.0,0,-137.56,-2,538.0,0.08,0.11,0.0,-0.11,May,1,1,7,3,Returning_Visitor,True,False
-1,-159.06,-1,0.0,-34,-37.3,0.0,0.03,16.48,0.0,Mar,2,2,4,10,Returning_Visitor,False,True
3,16.6,0,-49.16,39,2405.08,-0.01,0.03,18.9,0.29,Oct,1,1,6,1,Returning_Visitor,True,False
1,6.0,0,0.0,29,1080.71,0.07,0.05,19.12,0.0,Aug,4,1,5,13,Returning_Visitor,True,False
4,316.83,1,13.0,73,2139.97,0.09,0.08,2.32,0.2,May,3,2,1,15,Returning_Visitor,False,False
0,0.0,-1,-81.3,-21,358.25,0.04,0.08,0.69,0.8,May,2,2,1,2,Returning_Visitor,True,False
5,0.0,0,0.0,68,1212.44,0.0,0.01,8.32,-0.07,Nov,1,1,1,1,Returning_Visitor,False,False
1,63.08,-1,0.0,-4,372.76,0.03,0.03,38.02,0.0,Nov,2,2,2,2,Returning_Visitor,True,False
10,261.5,0,77.78,60,1880.06,0.0,0.01,13.72,0.4,Sep,3,2,3,2,Returning_Visitor,False,False
0,-276.4,0,0.0,0,287.5,0.0,0.04,0.0,0.27,Oct,2,2,3,6,Returning_Visitor,False,False
0,0.0,0,0.0,-10,196.83,-0.03,-0.01,0.0,0.6,May,2,2,3,4,Returning_Visitor,False,False
3,-38.87,0,-64.09,2,52.0,0.06,0.1,0.0,0.0,Jul,1,1,6,4,Returning_Visitor,False,False
0,122.22,0,0.0,14,684.75,0.0,0.01,-0.6,-0.11,Nov,2,2,1,2,Returning_Visitor,False,False
5,95.72,1,0.0,6,-171.66,0.0,0.05,-37.82,0.0,Feb,2,2,2,2,Returning_Visitor,False,False
0,-117.66,0,35.23,67,2924.15,0.06,0.07,0.0,0.0,May,2,2,3,1,Returning_Visitor,False,False
0,0.0,0,123.55,6,560.43,0.0,0.05,0.0,0.0,May,2,2,1,2,Returning_Visitor,False,False
0,0.0,0,130.2,6,291.2,0.22,0.2,-4.7,0.16,May,3,2,4,13,Returning_Visitor,False,False
8,340.67,1,0.0,108,3105.06,0.0,-0.01,-23.06,0.25,May,2,2,1,2,Returning_Visitor,False,False
0,0.0,-1,38.75,22,337.1,0.02,0.03,34.78,0.27,Aug,2,2,3,3,Returning_Visitor,False,False
0,40.0,0,0.0,10,-383.21,0.02,0.08,0.0,0.06,Dec,1,1,3,2,Returning_Visitor,True,False
1,0.0,0,-77.35,12,1427.79,0.08,0.15,-8.51,0.4,May,2,2,3,5,Returning_Visitor,False,False
-1,-70.86,-1,-1.04,-32,-1482.59,-0.02,0.05,0.0,0.8,May,3,2,4,13,Returning_Visitor,False,False
0,-292.41,0,-13.65,41,963.0,-0.01,0.02,0.0,0.12,Feb,2,2,1,1,Returning_Visitor,True,False
2,0.0,0,45.75,35,448.21,0.0,0.04,-9.62,0.0,Oct,1,1,6,1,Returning_Visitor,False,False
6,335.64,0,56.98,-36,-501.4,0.03,0.06,0.0,0.0,Oct,2,2,1,5,Returning_Visitor,True,False
10,815.77,3,166.49,129,6657.15,0.03,0.02,19.18,0.38,May,2,2,2,2,Returning_Visitor,False,False
1,67.21,1,158.3,72,1906.61,-0.07,-0.04,-22.72,0.0,Dec,1,1,3,2,Returning_Visitor,False,False
1,0.0,2,0.0,74,2763.25,0.01,0.02,26.11,0.13,Sep,3,2,9,6,Returning_Visitor,False,False
3,245.33,0,178.84,2,12.0,0.0,0.1,-43.63,0.42,May,2,2,3,13,Returning_Visitor,False,False
3,25.0,-1,-158.83,14,562.2,0.03,0.05,13.25,0.59,May,2,2,3,3,Returning_Visitor,False,True
1,4.7,0,173.25,35,1264.05,-0.0,0.04,-46.2,0.0,Feb,1,1,6,3,Returning_Visitor,True,False
0,-175.85,2,232.73,68,1669.02,0.05,0.03,30.76,-0.1,Nov,2,2,1,1,Returning_Visitor,False,False
2,-89.1,0,0.0,1,-42.67,0.15,0.2,3.74,0.2,Sep,2,2,1,2,New_Visitor,True,False
-2,-127.46,0,-125.7,45,814.2,0.05,0.07,18.83,0.0,Jul,2,2,1,4,Returning_Visitor,True,False
0,0.0,0,0.0,30,-115.5,-0.02,0.0,-6.48,0.3,May,2,4,1,3,Returning_Visitor,False,False
2,30.5,2,0.0,324,14213.64,-0.01,0.01,-3.67,0.0,Nov,2,2,9,5,Returning_Visitor,False,True
0,13.92,2,64.94,-10,655.04,0.0,0.03,11.69,0.0,Dec,1,2,3,3,Returning_Visitor,False,False
1,0.0,0,180.34,2,580.25,0.02,0.05,0.0,0.15,Oct,1,2,2,2,Returning_Visitor,True,False
1,130.73,0,0.0,8,74.6,0.08,0.11,22.94,0.0,Oct,3,2,6,13,Returning_Visitor,False,False
0,0.0,2,0.0,16,140.0,0.07,0.08,0.0,0.0,May,3,2,9,3,Returning_Visitor,False,False
11,471.63,4,142.12,94,4649.75,0.01,0.02,19.44,0.0,Sep,3,2,3,4,Returning_Visitor,False,False
3,154.97,0,99.13,24,1766.32,0.04,0.04,-19.49,0.17,Feb,3,2,7,4,Returning_Visitor,False,True
-2,0.0,3,119.84,16,401.9,0.06,0.09,0.0,0.0,Aug,1,1,4,1,Returning_Visitor,False,False
7,252.72,0,45.04,20,-3.41,0.01,0.04,8.73,0.0,June,2,2,1,1,Returning_Visitor,False,False
0,46.51,-1,0.0,5,525.35,0.0,0.04,0.0,0.0,Aug,1,1,3,2,New_Visitor,False,False
7,310.07,1,49.4,71,1944.17,0.05,0.01,5.68,0.2,Oct,1,1,3,6,Returning_Visitor,True,True
3,-31.82,0,29.04,24,520.76,0.0,0.03,-2.94,0.0,Mar,3,2,6,1,Returning_Visitor,False,False
4,180.73,1,-5.21,20,304.75,0.03,0.02,16.87,0.28,Nov,3,2,1,4,Returning_Visitor,False,False
-3,283.6,0,0.0,1,479.21,0.2,0.23,0.0,0.13,Sep,2,5,1,4,Returning_Visitor,False,False
2,76.77,0,-217.65,17,223.33,0.02,0.04,7.59,0.0,Sep,2,2,3,4,Returning_Visitor,False,False
9,241.81,1,87.0,78,485.83,0.05,0.07,0.0,0.1,Jul,2,2,1,15,Returning_Visitor,False,False
1,-93.72,0,124.86,37,625.3,0.04,0.03,-11.72,0.0,Dec,2,2,3,5,Returning_Visitor,False,False
11,450.59,2,132.05,141,2623.58,-0.0,0.0,24.22,-0.05,Nov,1,1,6,2,Returning_Visitor,False,False
1,-127.23,1,-93.74,5,-1163.08,0.02,0.03,88.07,0.0,Nov,2,2,7,4,New_Visitor,False,True
3,179.53,1,235.67,-50,-1933.53,0.0,0.04,0.0,0.18,Aug,3,2,3,2,Returning_Visitor,False,False
4,53.4,2,75.83,29,-587.95,0.01,0.0,18.11,0.07,Nov,2,6,4,1,Returning_Visitor,False,False
4,57.0,1,109.75,5,81.0,0.03,0.02,-13.73,-0.09,Nov,1,1,7,7,Returning_Visitor,False,False
4,319.83,1,18.0,61,1855.09,0.01,0.02,0.0,-0.1,Feb,1,1,1,3,Returning_Visitor,False,False
-3,0.0,0,156.97,10,416.52,0.03,0.03,33.5,-0.03,Jul,2,2,6,1,Returning_Visitor,True,False
3,61.65,7,694.12,61,2571.77,0.02,0.02,11.43,0.34,Sep,3,2,4,2,Returning_Visitor,True,False
22,1922.0,0,0.0,40,941.67,-0.02,-0.04,24.84,0.0,Nov,2,2,1,2,Returning_Visitor,False,False
0,143.79,4,8.0,66,1514.84,0.01,0.03,0.0,0.0,Sep,2,2,6,2,Returning_Visitor,False,False
0,-106.41,-1,-36.54,1,276.98,0.2,0.2,25.61,-0.17,May,2,2,7,3,New_Visitor,False,False
-1,27.2,-2,0.0,37,2418.46,0.0,0.02,24.16,0.0,Mar,2,2,1,2,Returning_Visitor,False,False
3,-5.98,0,0.0,53,1170.73,0.05,0.1,21.12,-0.16,Aug,2,4,6,3,Returning_Visitor,True,True
-2,-182.77,0,0.0,3,-163.42,0.01,0.05,15.83,0.1,Oct,2,2,1,1,Returning_Visitor,False,False
1,120.95,2,300.22,53,3675.49,0.0,0.04,22.78,-0.0,Dec,2,2,3,2,Returning_Visitor,False,False
2,0.0,0,-27.35,92,3704.93,0.02,0.06,0.0,0.36,May,2,2,1,6,Returning_Visitor,False,False
6,208.54,0,0.0,79,3230.47,0.02,0.07,-0.49,0.2,Aug,3,2,3,5,Returning_Visitor,False,False
5,199.97,1,122.26,94,3156.22,0.02,0.02,-31.67,0.19,Oct,2,2,3,1,Returning_Visitor,False,False
3,334.0,2,288.4,118,4316.83,0.0,0.0,17.99,0.0,Dec,2,13,3,20,Other,False,True
0,-186.96,0,-91.01,36,0.0,0.05,0.08,9.81,-0.17,Feb,5,13,5,20,Other,False,False
4,107.5,1,0.0,31,1479.4,0.09,0.1,0.0,0.18,May,2,2,1,3,Returning_Visitor,False,False
4,143.41,0,0.0,93,3039.39,0.01,0.01,-40.82,-0.11,Nov,2,2,1,13,Returning_Visitor,False,False
0,0.0,0,0.0,37,-1054.91,0.02,0.04,9.0,0.13,Aug,1,1,1,2,New_Visitor,False,True
0,-71.6,0,-183.05,5,-995.76,-0.01,0.04,-12.47,0.07,May,2,2,4,3,Returning_Visitor,False,False
9,96.0,2,141.17,50,1876.34,0.01,0.07,11.85,0.0,May,2,2,1,11,Returning_Visitor,False,False
8,251.11,2,0.0,99,2622.6,0.08,0.12,0.0,0.34,Mar,2,2,2,2,Returning_Visitor,False,True
3,251.96,1,84.0,46,1987.1,0.01,0.03,25.21,-0.1,May,3,2,1,1,New_Visitor,False,False
1,134.0,0,-202.61,21,14.72,-0.03,0.01,24.34,0.06,Nov,1,2,2,2,New_Visitor,False,False
7,258.69,0,-103.06,48,2136.0,0.08,0.08,19.33,0.2,May,2,3,1,15,Returning_Visitor,False,False
2,64.12,0,99.01,-8,155.83,0.02,0.04,17.15,0.2,June,2,2,1,4,New_Visitor,False,False
7,636.0,1,0.0,74,3374.02,0.01,0.06,6.41,0.38,Aug,3,2,1,13,Returning_Visitor,False,True
-1,43.35,0,84.98,42,1199.73,0.01,0.02,9.03,0.0,Nov,1,3,1,2,Returning_Visitor,False,False
3,0.0,0,-126.25,77,3025.33,0.0,-0.0,0.0,0.0,Nov,2,6,1,4,Returning_Visitor,False,False
3,378.83,2,196.36,96,3283.72,0.02,0.02,4.0,0.0,Nov,1,1,7,2,New_Visitor,False,False
2,0.0,0,-85.59,87,2505.63,-0.0,0.04,0.0,0.0,Nov,3,2,2,2,Returning_Visitor,False,False
2,0.0,0,0.0,0,460.38,-0.03,0.01,0.0,0.3,Aug,1,2,2,3,Returning_Visitor,False,False
5,-12.55,-1,58.6,35,-321.84,0.0,0.01,16.82,0.03,Nov,3,2,3,4,Returning_Visitor,True,True
-2,0.0,-1,-153.74,-12,257.0,0.05,0.08,14.88,0.0,Feb,1,1,1,3,Returning_Visitor,False,False
0,0.0,0,-16.5,16,794.54,0.02,0.04,0.0,0.0,Oct,1,1,1,2,Returning_Visitor,False,False
5,347.31,1,106.47,40,2140.57,0.07,0.07,0.0,0.0,June,4,1,1,1,Returning_Visitor,False,False
0,128.37,1,0.0,32,328.32,0.04,0.08,0.66,0.2,Oct,2,2,3,4,Returning_Visitor,True,False
-1,-33.79,1,-61.44,-23,-1625.5,0.13,0.2,15.05,0.0,Aug,2,2,1,1,Returning_Visitor,False,False
4,116.0,0,8.0,78,2453.7,0.02,0.02,26.94,0.13,Sep,2,2,4,4,Returning_Visitor,False,False
-3,-243.79,-1,-126.18,-15,-1841.2,0.01,0.03,-4.3,0.0,Nov,1,1,3,1,Returning_Visitor,False,True
3,56.5,1,41.5,87,2504.87,0.02,0.05,0.0,0.13,Nov,2,4,1,9,Returning_Visitor,False,False
6,192.72,1,-171.02,25,954.92,-0.05,0.0,-8.02,0.0,Aug,2,2,2,3,New_Visitor,True,False
4,55.69,0,-75.27,21,735.44,0.0,-0.01,0.0,0.01,Feb,2,2,2,5,Returning_Visitor,False,False
2,0.0,2,0.0,30,761.75,0.03,0.06,33.4,0.05,Nov,1,2,3,2,Returning_Visitor,False,False
1,279.18,-1,0.0,6,-570.75,0.15,0.15,19.03,0.19,May,3,2,2,2,Returning_Visitor,True,False
2,67.0,1,-61.48,-18,407.66,0.05,0.06,-2.56,0.0,Mar,2,4,1,3,Returning_Visitor,False,False
1,7.12,6,1043.93,86,3585.18,0.01,0.05,-12.32,0.0,Oct,3,2,1,1,Returning_Visitor,False,False
-1,0.0,0,199.6,15,250.8,0.08,0.1,8.24,0.0,May,3,2,4,3,Returning_Visitor,False,False
1,60.31,1,222.84,29,2252.36,0.05,0.08,32.3,0.16,Jul,3,2,6,2,Returning_Visitor,False,False
7,241.27,2,25.0,191,5358.33,-0.04,-0.04,43.34,0.08,Aug,2,2,6,14,Returning_Visitor,True,False
13,205.7,0,0.0,46,157.1,0.04,0.03,13.49,0.0,Oct,2,5,1,6,Returning_Visitor,True,True
0,-1.16,0,0.0,-9,251.67,-0.02,0.01,-13.67,0.13,Sep,3,2,4,6,New_Visitor,True,False
2,168.39,0,0.0,15,1114.77,-0.04,0.02,0.0,0.0,Oct,1,1,1,3,Returning_Visitor,True,False
5,235.78,0,98.87,25,1128.36,0.06,0.07,0.0,0.35,May,2,2,3,3,Returning_Visitor,False,False
6,213.5,0,0.0,13,2426.26,0.02,0.04,0.0,0.0,May,2,2,7,3,New_Visitor,False,False
4,52.92,1,0.0,36,845.28,-0.01,0.01,1.53,0.0,Nov,2,2,6,2,Returning_Visitor,False,False
1,188.31,0,0.0,9,-318.22,0.05,0.05,-16.75,0.1,Oct,2,2,3,10,Returning_Visitor,False,False
4,50.5,1,128.72,84,2998.53,-0.03,-0.03,20.81,-0.22,Nov,2,2,1,2,Returning_Visitor,False,False
2,61.38,0,16.92,3,1144.81,0.03,0.05,18.45,0.04,Nov,1,1,4,4,Returning_Visitor,False,False
5,54.44,2,34.6,25,1461.21,0.01,0.02,-10.8,0.0,Aug,2,2,1,5,Returning_Visitor,True,False
3,-11.92,0,0.0,86,2724.22,0.02,0.02,0.0,0.06,Nov,2,2,3,2,Returning_Visitor,True,False
0,73.6,1,77.35,52,2618.35,0.0,0.02,-31.56,0.4,Aug,2,2,3,3,Returning_Visitor,False,False
2,136.67,1,9.5,19,1572.57,0.0,0.02,13.19,0.0,Mar,2,2,7,1,Returning_Visitor,False,False
4,260.1,1,71.0,67,2771.31,0.0,0.01,0.0,0.0,Nov,2,2,6,2,New_Visitor,False,False
0,178.96,1,163.74,111,2556.37,0.0,0.01,13.61,0.17,Nov,2,2,1,3,Returning_Visitor,False,False
11,603.8,2,19.98,54,1792.42,0.0,0.01,0.0,0.17,Oct,2,2,3,3,Returning_Visitor,False,False
2,-205.75,-1,-23.62,-6,529.28,-0.0,0.03,-6.97,0.38,May,1,1,1,11,Returning_Visitor,False,False
3,400.28,2,31.0,47,1541.33,0.0,0.02,29.1,-0.39,Dec,3,2,2,4,Returning_Visitor,False,False
3,13.0,0,158.92,-8,279.65,0.0,0.0,0.0,0.16,May,2,2,3,4,Returning_Visitor,False,False
9,391.34,0,10.48,82,4099.69,0.02,0.01,9.58,0.0,Nov,3,2,1,1,Returning_Visitor,True,True
0,0.0,1,0.0,73,3869.35,-0.01,0.0,0.0,0.0,Aug,2,5,4,4,Returning_Visitor,True,False
9,441.64,0,0.0,108,2784.07,0.03,0.05,-23.57,0.01,Nov,1,1,3,1,Returning_Visitor,False,False
1,92.0,1,-91.05,-6,134.19,0.11,0.13,0.0,0.34,May,3,2,3,2,Returning_Visitor,False,False
4,47.0,1,49.5,28,545.14,0.01,0.05,-32.78,-0.01,May,1,1,3,1,Returning_Visitor,False,True
-4,-293.65,0,0.0,2,494.21,0.11,0.11,0.0,-0.21,Feb,3,2,6,3,Returning_Visitor,False,False
1,55.48,0,66.0,12,1378.17,0.01,0.06,16.32,0.01,Nov,2,2,1,2,New_Visitor,True,False
3,381.8,0,191.86,27,31.2,0.0,0.01,0.0,0.0,May,2,4,4,2,Returning_Visitor,True,False
12,279.42,1,139.79,42,1312.3,0.0,0.02,38.31,0.12,Feb,1,1,2,2,Returning_Visitor,True,False
8,168.42,1,40.66,90,3291.0,0.08,0.06,0.0,0.0,May,3,2,1,13,New_Visitor,False,False
7,291.57,0,0.0,35,653.86,0.02,0.03,6.3,-0.25,Dec,2,2,3,8,New_Visitor,False,False
-1,94.7,1,54.67,20,366.62,0.01,0.0,0.3,0.0,Jul,1,1,2,4,New_Visitor,True,False
4,140.8,0,68.72,58,1661.85,-0.04,-0.04,40.11,0.0,Nov,2,2,2,2,Returning_Visitor,True,False
-4,-333.23,1,88.83,43,2485.69,-0.06,0.0,-5.35,0.36,June,2,2,1,2,Returning_Visitor,True,False
0,24.46,0,49.06,-23,127.0,0.0,0.07,-10.73,-0.07,May,2,2,4,1,Returning_Visitor,False,True
6,227.09,1,187.48,5,158.5,0.0,0.05,-2.98,0.0,Mar,2,2,3,6,Returning_Visitor,True,False
3,128.42,0,-162.47,14,796.98,-0.06,-0.04,4.78,0.1,May,3,2,3,20,Returning_Visitor,True,True
2,57.0,1,-137.42,-4,479.87,0.0,0.02,60.57,0.0,Mar,3,2,9,4,Returning_Visitor,False,False
4,168.89,0,0.0,48,970.42,0.03,0.06,5.54,0.33,May,2,2,1,6,Returning_Visitor,False,True
0,63.61,2,204.06,92,3708.41,0.0,-0.0,-18.45,-0.12,Jul,2,2,1,2,Returning_Visitor,True,True
7,416.35,1,317.61,158,7793.16,0.04,0.03,5.9,0.38,May,3,2,1,8,Returning_Visitor,True,True
7,0.0,0,100.27,51,1110.87,-0.0,0.01,13.14,0.0,Aug,2,10,4,4,Returning_Visitor,False,True
1,77.0,0,0.0,76,2694.91,-0.02,0.01,0.0,0.0,May,2,2,1,1,Returning_Visitor,True,False
-1,82.25,2,46.91,70,2027.25,0.03,0.05,-25.79,1.0,May,3,2,1,2,Returning_Visitor,False,False
1,-6.77,0,0.0,-12,183.0,0.0,0.01,0.0,0.0,Mar,1,1,1,8,Returning_Visitor,True,False
2,215.91,1,244.18,48,1586.65,0.0,0.03,0.0,0.06,May,1,1,2,2,Returning_Visitor,True,False
3,117.67,0,0.0,-18,-1286.52,0.0,0.02,16.76,0.3,Sep,2,2,1,3,Returning_Visitor,True,False
3,23.0,0,0.0,-31,83.0,-0.04,-0.02,0.0,-0.23,Jul,1,4,6,3,Returning_Visitor,False,False
0,0.0,0,0.0,15,936.78,0.04,0.04,0.0,0.0,Feb,3,2,6,2,Returning_Visitor,True,False
5,242.73,0,0.0,24,1206.06,0.0,0.05,-6.03,0.02,Sep,2,6,4,11,Returning_Visitor,False,False
7,423.54,2,183.19,16,929.44,0.0,0.03,0.0,0.12,Oct,1,1,8,2,Returning_Visitor,False,False
-1,0.0,-2,14.59,9,828.05,0.02,0.06,8.38,0.11,Nov,1,1,4,1,Returning_Visitor,False,False
2,47.67,1,0.0,83,3155.86,-0.01,0.01,28.0,0.3,May,2,2,7,3,New_Visitor,False,False
3,168.5,0,-157.15,53,1728.11,0.04,0.02,0.0,-0.01,Dec,3,2,7,10,Returning_Visitor,False,False
2,36.0,-1,0.0,45,2600.13,0.0,0.03,0.0,-0.3,Oct,2,2,3,4,Returning_Visitor,False,False
4,0.0,-1,-60.69,11,1232.08,0.04,0.04,18.44,0.17,Nov,4,1,3,13,Returning_Visitor,False,False
0,0.0,1,156.45,44,2586.44,0.0,0.02,10.3,0.35,Aug,2,2,2,2,Returning_Visitor,False,True
-3,-57.7,1,70.0,29,705.4,0.0,0.02,0.0,0.17,May,2,2,1,11,Returning_Visitor,False,False
4,128.25,1,25.83,16,1094.05,0.0,0.04,-10.51,-0.16,Mar,3,4,3,6,Returning_Visitor,False,False
5,69.5,4,333.21,50,1895.22,0.0,0.01,6.28,0.0,May,2,2,4,2,Returning_Visitor,False,False
0,38.34,-1,0.0,37,1473.63,0.01,0.03,43.27,0.0,Nov,1,1,1,2,New_Visitor,True,True
6,215.5,1,0.0,61,2943.26,0.0,0.03,8.26,0.14,May,3,2,3,13,Returning_Visitor,True,False
0,289.72,0,-36.59,5,120.79,-0.05,-0.04,29.03,0.63,Nov,1,2,2,2,Returning_Visitor,False,True
6,58.4,0,79.81,-5,205.84,0.03,0.04,2.97,0.02,Sep,4,2,1,2,Returning_Visitor,True,False
2,185.71,0,183.97,51,781.26,-0.02,-0.02,42.04,0.0,Mar,2,2,7,2,Returning_Visitor,False,False
4,-205.07,1,0.0,17,876.3,0.0,0.03,14.29,0.0,Nov,3,6,7,3,Returning_Visitor,False,False
3,0.0,0,0.0,41,1054.3,0.07,0.09,-1.9,0.15,Jul,1,1,6,3,New_Visitor,True,False
4,47.0,0,-43.61,1,264.41,0.11,0.11,5.87,0.0,Sep,1,1,1,1,Returning_Visitor,False,False
-1,45.6,0,0.0,45,1339.9,0.02,0.04,3.12,0.29,May,2,2,3,1,Returning_Visitor,False,True
7,1474.5,2,64.28,129,5293.82,0.06,0.05,2.74,0.19,May,2,2,5,2,Returning_Visitor,False,False
2,144.75,0,92.43,27,1394.41,-0.0,0.02,-3.72,0.75,May,3,2,4,4,Returning_Visitor,False,True
2,235.32,-1,12.63,40,2510.8,0.03,0.03,-21.17,0.24,May,3,2,1,2,Returning_Visitor,True,False
-4,0.0,0,-47.59,-8,93.0,0.05,0.05,-2.58,-0.0,Aug,2,2,3,7,Returning_Visitor,False,False
4,275.55,0,0.0,25,-108.46,0.02,0.04,4.45,0.0,Oct,1,1,6,3,Returning_Visitor,False,False
0,106.53,0,0.0,71,2762.0,0.0,0.03,-11.74,0.31,Aug,2,2,1,1,Returning_Visitor,True,True
-5,36.3,0,133.9,1,0.0,0.09,0.09,0.0,-0.08,June,2,6,1,6,Returning_Visitor,False,True
2,-19.04,0,90.73,40,1266.27,0.0,0.02,0.0,0.12,Feb,2,2,3,2,Returning_Visitor,False,False
0,0.0,0,0.0,34,2473.25,0.01,0.01,0.0,0.0,Feb,3,2,3,2,Returning_Visitor,False,False
0,0.0,-1,-58.38,-86,-2991.11,0.09,0.11,0.0,0.16,Mar,3,2,4,13,Returning_Visitor,True,False
4,0.0,2,144.78,64,2622.75,-0.08,-0.04,29.51,0.1,May,2,2,1,2,Returning_Visitor,False,False
5,14.12,0,-49.28,9,972.23,0.0,-0.01,0.0,-0.16,Nov,3,2,3,4,Returning_Visitor,False,False
0,109.32,0,-101.59,39,1554.44,0.0,0.03,-6.6,0.06,Nov,2,2,1,6,Returning_Visitor,True,False
4,136.65,0,0.0,29,1089.0,0.01,0.05,25.95,-0.03,Mar,1,1,2,1,Returning_Visitor,False,False
13,562.3,2,123.01,69,3083.05,0.0,0.04,32.55,0.0,Sep,2,5,1,2,Returning_Visitor,False,False
2,248.26,0,-125.22,36,2034.88,-0.0,0.01,9.39,0.02,Dec,3,2,1,2,Returning_Visitor,False,False
-3,0.0,1,65.89,46,1613.13,0.06,0.08,5.27,0.02,Jul,2,2,1,1,Returning_Visitor,False,False
0,-95.44,2,58.91,29,122.75,0.0,0.03,25.35,0.07,May,3,2,9,6,New_Visitor,False,False
0,0.0,2,0.0,11,684.33,0.02,0.06,-46.37,0.03,Feb,1,1,6,10,Returning_Visitor,True,False
4,102.57,2,207.07,71,2832.65,0.06,0.06,25.7,0.4,May,2,2,3,2,Returning_Visitor,False,False
-5,-84.29,0,-101.26,8,-366.36,0.01,-0.0,0.0,0.0,Feb,1,1,9,4,Returning_Visitor,False,False
0,0.0,0,-22.6,50,911.59,0.0,0.01,58.49,0.3,May,2,5,3,6,Returning_Visitor,True,True
4,326.96,-2,-173.74,39,1704.3,0.0,0.03,2.14,-0.03,Mar,2,2,7,2,New_Visitor,False,False
6,223.05,1,-158.05,18,251.9,0.0,0.03,0.0,0.16,Nov,4,1,1,4,Returning_Visitor,True,False
5,33.86,1,58.95,30,601.38,0.08,0.08,-0.94,0.39,May,3,2,3,5,Returning_Visitor,False,False
2,7.0,0,0.0,32,541.21,-0.04,-0.04,-13.33,0.0,Nov,2,1,1,2,Returning_Visitor,True,False
5,86.17,1,13.0,55,1480.99,0.02,0.02,9.14,0.0,May,1,1,1,10,Returning_Visitor,True,False
7,313.55,4,110.15,14,-485.49,-0.02,0.03,0.0,0.14,Feb,3,2,3,2,Returning_Visitor,False,False
0,59.0,1,94.0,-35,-1241.73,0.02,0.02,17.59,0.06,May,1,1,3,3,Returning_Visitor,False,True
1,-39.09,2,0.0,2,-312.54,0.14,0.15,0.0,0.2,Mar,1,1,7,1,New_Visitor,True,False
0,0.0,-1,-22.62,1,631.78,0.02,0.04,25.4,0.41,May,2,2,7,1,Returning_Visitor,True,False
7,154.93,0,0.0,31,910.04,0.02,0.05,5.32,-0.04,Nov,4,1,3,1,Returning_Visitor,False,False
1,55.5,2,7.81,53,1277.41,0.05,0.09,0.0,0.0,Sep,1,1,1,2,Returning_Visitor,False,False
-5,-287.56,0,0.0,40,1115.88,0.08,0.11,21.14,0.0,May,3,1,1,1,New_Visitor,False,False
-3,-169.88,2,68.39,-6,206.81,0.01,0.03,27.82,0.0,Dec,2,2,4,4,Returning_Visitor,False,True
9,183.71,1,17.0,4,1143.37,0.0,0.02,4.55,-0.22,Jul,1,1,1,3,Returning_Visitor,True,False
2,210.2,0,0.0,2,-676.77,0.0,0.05,0.0,-0.02,Mar,2,2,4,2,Returning_Visitor,False,False
3,313.24,0,0.0,71,2898.23,-0.02,0.02,-8.53,0.1,Nov,3,2,3,3,Returning_Visitor,False,False
2,0.0,2,275.71,53,2335.43,-0.06,0.02,17.81,0.09,Feb,2,2,1,2,Returning_Visitor,False,False
6,-18.74,3,335.98,19,569.51,0.02,0.05,-7.21,-0.02,May,3,2,2,3,Returning_Visitor,True,False
3,356.07,1,134.54,20,1210.1,0.05,0.06,19.24,-0.26,Nov,1,1,1,2,Returning_Visitor,False,False
5,215.12,0,0.0,16,-482.64,0.02,0.04,7.22,0.0,Aug,2,2,7,1,Returning_Visitor,False,False
6,100.07,0,35.55,31,310.34,0.0,0.0,9.47,-0.09,Jul,3,2,5,1,Returning_Visitor,True,True
2,-74.93,1,0.0,2,48.4,0.01,0.05,0.0,0.0,Oct,2,2,5,3,Returning_Visitor,False,False
-1,0.0,0,14.05,-12,65.4,0.05,0.06,3.9,0.1,May,1,1,3,4,Returning_Visitor,False,False
0,127.97,-1,0.0,6,332.0,0.01,0.03,0.0,0.0,May,2,5,4,9,Returning_Visitor,False,False
0,62.66,0,208.58,-43,-2253.65,0.16,0.2,-14.65,0.04,Aug,1,1,1,3,Returning_Visitor,False,False
6,41.41,1,0.0,57,2639.5,0.07,0.06,-20.42,-0.22,Dec,1,1,1,1,Returning_Visitor,False,False
8,503.63,3,453.18,155,4502.51,0.0,0.01,-28.37,0.2,Nov,2,2,1,6,Returning_Visitor,False,True
-2,42.0,0,-79.14,24,1339.48,0.02,0.02,0.0,0.09,May,3,2,1,2,Returning_Visitor,False,False
0,0.0,0,121.39,47,2044.46,0.06,0.04,-28.56,0.0,Sep,4,3,1,2,Returning_Visitor,False,False
-7,-184.04,-2,38.74,-65,-3201.12,-0.01,0.02,0.0,0.28,Mar,1,1,1,4,New_Visitor,False,False
3,63.5,0,-91.94,8,1305.56,0.0,0.02,0.0,0.0,Nov,1,2,7,2,New_Visitor,True,False
0,0.0,-1,0.0,-51,-2318.44,0.07,0.13,-2.66,0.05,Jul,1,1,7,3,Returning_Visitor,False,False
5,209.62,2,350.4,21,276.6,0.01,0.01,0.0,0.07,Oct,2,2,4,2,Returning_Visitor,True,False
8,350.37,1,0.0,17,545.5,-0.07,-0.05,0.0,0.14,May,1,1,2,13,Returning_Visitor,True,False
-2,0.0,0,-109.37,35,1122.27,0.04,0.07,-25.0,-0.38,Dec,2,2,4,2,Returning_Visitor,False,False
1,19.0,1,0.0,56,2954.76,0.01,0.03,0.0,0.6,Feb,2,2,3,6,Returning_Visitor,False,False
-3,-230.19,-1,20.0,13,1745.76,0.1,0.12,0.0,0.0,May,3,2,3,1,Returning_Visitor,False,False
1,-181.34,0,-94.59,56,2218.14,-0.01,0.02,21.11,0.0,Feb,2,2,2,1,Returning_Visitor,True,False
1,0.0,0,0.0,7,95.0,0.04,0.09,0.0,-0.27,Feb,4,1,1,1,Returning_Visitor,False,False
2,0.0,1,-23.31,13,170.43,0.09,0.09,0.0,-0.02,Feb,2,2,1,5,Returning_Visitor,False,False
3,150.41,0,67.97,37,1470.42,0.03,0.04,-6.48,0.08,Oct,2,2,7,3,New_Visitor,False,False
5,-32.36,1,0.0,44,1075.76,0.09,0.07,3.43,0.09,May,4,1,3,11,New_Visitor,False,False
3,55.0,-1,-266.01,16,706.85,0.0,0.03,18.86,0.0,Nov,1,1,4,10,Returning_Visitor,False,False
1,4.75,-1,90.48,67,609.5,0.01,0.05,10.69,-0.2,Mar,2,6,1,2,Returning_Visitor,False,False
2,74.71,0,-120.89,48,1659.83,0.0,0.02,-6.31,0.32,May,1,2,3,2,Returning_Visitor,False,False
1,171.39,0,141.4,12,1293.22,0.03,0.08,6.25,0.07,Oct,2,2,4,4,Returning_Visitor,False,False
-4,0.0,1,150.59,4,170.0,0.12,0.16,0.0,0.09,May,1,1,1,4,Returning_Visitor,False,False
1,0.0,-1,-64.57,15,94.93,0.0,0.05,-11.31,0.0,Oct,1,1,2,1,Returning_Visitor,False,False
6,0.0,1,-141.77,40,824.83,0.03,0.05,26.96,0.11,May,2,2,3,4,Returning_Visitor,True,False
-3,113.03,0,195.14,24,463.82,0.04,0.02,17.84,0.06,Mar,2,2,1,2,Returning_Visitor,False,True
0,-86.57,0,0.0,-22,0.0,0.06,0.06,-1.57,0.0,Nov,2,2,2,2,Returning_Visitor,False,False
1,11.92,2,139.0,80,3728.43,0.02,0.01,16.88,0.0,Oct,2,2,1,2,Returning_Visitor,False,True
0,62.75,0,0.0,-31,-1103.97,0.07,0.11,-23.45,0.19,Aug,4,1,4,7,Returning_Visitor,True,False
2,75.61,0,-154.17,1,-70.81,0.07,0.13,0.0,0.33,May,2,2,6,9,Returning_Visitor,False,False
2,264.4,1,95.7,62,2829.29,-0.02,0.0,13.03,-0.13,Mar,2,2,2,9,Returning_Visitor,False,False
0,-147.03,0,0.0,43,1021.36,0.01,0.04,5.3,0.0,Nov,3,2,9,2,Returning_Visitor,False,False
0,0.0,-1,-121.49,9,22.57,0.01,0.03,0.0,0.0,May,1,3,1,3,Returning_Visitor,False,False
3,82.0,0,132.41,26,242.0,0.02,0.04,13.5,0.0,May,2,1,2,1,Returning_Visitor,False,True
-5,-223.62,1,0.0,4,177.5,0.03,0.06,26.47,-0.1,Aug,3,2,1,1,Returning_Visitor,False,False
0,200.76,0,0.0,14,708.9,-0.0,0.02,5.7,-0.0,Mar,2,2,5,4,Returning_Visitor,True,False
1,-121.03,1,0.0,7,-345.45,0.01,0.02,0.0,-0.05,Nov,3,1,4,13,Returning_Visitor,False,False
4,102.38,0,-7.23,55,946.36,0.01,0.04,0.0,0.0,Nov,2,2,1,2,Returning_Visitor,False,False
8,262.71,3,152.17,51,1783.83,0.02,0.01,27.79,-0.16,Oct,1,1,2,2,New_Visitor,True,False
3,195.4,5,294.6,93,6412.23,0.0,0.01,0.0,0.07,Aug,2,2,2,2,Returning_Visitor,True,True
0,-227.74,0,-64.12,1,-109.05,0.02,0.05,29.23,0.04,Feb,3,2,4,2,Returning_Visitor,False,False
0,-71.36,-1,62.32,2,7.0,0.08,0.1,0.0,-0.15,Jul,2,2,1,1,New_Visitor,False,False
4,374.39,1,42.0,10,1998.38,0.03,0.09,9.63,0.0,Oct,1,1,1,1,New_Visitor,True,False
-4,0.0,1,403.31,-11,1165.99,0.1,0.12,0.0,0.34,May,2,2,3,5,Returning_Visitor,True,False
1,87.21,0,-34.39,11,470.5,0.01,0.06,41.42,0.0,Nov,1,1,4,2,Returning_Visitor,True,True
7,206.0,2,194.14,152,5635.23,-0.04,0.01,9.11,-0.27,Nov,2,1,1,2,Returning_Visitor,True,True
-3,0.0,2,0.0,43,2209.03,0.04,0.07,0.0,0.0,June,2,2,4,13,Returning_Visitor,False,False
3,76.78,0,-116.21,66,1279.08,0.0,0.01,11.81,0.27,Mar,1,1,1,2,Returning_Visitor,False,False
4,0.0,1,2.52,51,2567.56,0.03,0.07,6.64,0.19,Oct,3,2,1,1,Returning_Visitor,True,True
4,171.45,0,76.56,-6,221.5,0.05,0.04,0.0,0.01,Aug,2,2,6,3,Returning_Visitor,False,False
-2,0.0,0,113.39,24,1242.0,-0.01,0.06,-18.08,0.33,May,2,2,7,1,Returning_Visitor,False,False
4,0.0,0,0.0,15,487.5,-0.01,0.02,0.0,0.07,Aug,1,1,2,4,Returning_Visitor,False,False
0,0.0,1,0.0,1,0.0,0.16,0.2,0.0,0.0,May,1,1,1,1,Returning_Visitor,True,False
-1,170.1,1,0.0,74,2527.21,0.0,0.01,0.0,0.0,Aug,1,1,1,3,Returning_Visitor,False,False
0,0.0,1,0.0,26,668.5,-0.0,0.01,16.23,-0.05,May,2,2,3,9,Returning_Visitor,False,False
4,-97.0,0,-14.25,67,2550.39,0.01,0.03,7.21,0.0,Jul,2,2,1,1,Returning_Visitor,True,False
3,0.0,2,0.0,121,3607.95,0.03,0.07,-2.4,0.8,May,2,2,1,3,Returning_Visitor,True,False
0,26.42,-2,-140.34,-10,-292.44,0.0,0.04,0.0,0.15,Feb,2,6,1,3,Returning_Visitor,False,False
1,-14.48,0,-8.85,34,709.33,0.0,0.01,0.0,0.0,Feb,2,2,1,2,Returning_Visitor,True,False
1,0.0,-1,16.0,8,460.95,0.04,0.02,20.21,0.0,Oct,2,4,1,2,Returning_Visitor,False,True
0,0.0,2,39.15,-36,0.0,0.2,0.24,-2.29,0.1,Oct,1,2,8,13,Returning_Visitor,False,False
-3,0.16,0,0.0,13,522.0,0.0,0.02,10.56,0.04,May,3,2,2,1,New_Visitor,False,True
5,123.0,1,12.25,26,604.37,0.01,0.03,0.0,0.0,May,3,2,3,3,Returning_Visitor,False,False
0,0.0,0,0.0,41,1938.17,0.0,0.03,0.1,-0.01,Jul,2,2,2,3,Returning_Visitor,True,False
0,0.0,0,0.0,-4,491.75,0.0,0.03,22.41,-0.22,Aug,3,2,6,3,Returning_Visitor,False,False
0,-0.26,2,25.47,58,2212.96,0.01,0.03,12.28,0.04,Aug,2,2,6,3,Returning_Visitor,True,True
0,0.0,-1,0.0,5,56.0,0.04,0.08,0.0,0.0,Aug,2,2,3,14,Returning_Visitor,True,False
-1,9.47,0,-113.6,-31,209.83,-0.0,0.03,0.0,0.32,Oct,3,2,1,4,Returning_Visitor,False,False
0,0.0,0,192.08,-1,674.5,0.04,0.06,-25.88,0.17,Nov,1,3,1,4,Returning_Visitor,False,False
5,29.29,0,-30.15,68,3505.31,0.0,0.01,4.1,0.0,Nov,2,1,6,1,Returning_Visitor,False,False
2,28.96,0,46.84,9,875.15,0.08,0.09,15.18,0.0,May,4,2,3,2,Returning_Visitor,False,False
3,244.39,1,96.7,5,705.54,-0.03,0.02,-9.45,-0.11,Dec,2,2,3,6,New_Visitor,False,False
0,-48.02,0,0.0,23,137.0,0.03,0.04,3.17,0.0,Oct,2,2,9,2,Returning_Visitor,False,False
1,54.56,1,-159.23,3,294.6,0.0,0.02,0.0,0.17,Aug,3,2,1,4,New_Visitor,True,False
-3,134.72,0,138.48,2,303.13,0.02,0.07,-33.3,0.04,Mar,3,2,2,2,Returning_Visitor,False,False
2,140.02,0,-122.56,-19,-1450.79,0.0,0.0,15.43,0.18,May,1,2,2,3,Returning_Visitor,False,False
0,0.0,0,62.06,28,111.0,0.1,0.11,12.49,0.07,May,2,2,4,13,Returning_Visitor,False,False
6,225.78,2,31.7,-15,104.25,0.0,0.01,40.69,0.0,Mar,3,5,1,11,Returning_Visitor,False,False
3,251.4,2,-33.39,26,1344.74,0.06,0.09,0.0,0.0,Aug,3,2,7,13,Returning_Visitor,True,False
4,260.14,1,133.7,29,1714.04,0.06,0.07,3.61,0.25,Feb,1,1,3,8,Returning_Visitor,True,True
0,53.67,2,125.36,39,624.0,0.02,0.04,40.37,0.06,Nov,2,2,4,10,New_Visitor,False,False
0,111.4,0,0.0,23,647.14,0.0,0.02,0.0,-0.18,Jul,4,8,1,4,Returning_Visitor,True,False
4,22.9,0,3.58,127,5962.73,0.0,0.03,17.68,-0.06,May,1,1,7,3,Returning_Visitor,False,True
0,0.0,0,68.27,1,0.0,0.13,0.14,0.0,0.04,May,1,1,4,1,Returning_Visitor,False,False
0,-5.19,1,0.0,-26,0.0,0.2,0.21,0.0,0.17,Mar,4,2,1,1,Returning_Visitor,True,False
13,210.43,0,107.23,111,3274.76,0.01,0.02,53.12,0.0,Sep,2,2,1,6,New_Visitor,False,True
3,190.92,5,333.34,127,4967.9,0.08,0.1,34.04,-0.05,June,4,2,1,3,Returning_Visitor,False,True
3,-262.06,3,56.9,50,1242.06,0.0,0.03,-5.29,0.0,May,2,2,3,3,Returning_Visitor,False,False
0,220.18,-1,0.0,-58,-1712.8,0.0,0.06,0.0,0.0,Mar,3,2,1,1,Returning_Visitor,False,False
7,117.67,1,100.22,52,1540.29,-0.0,0.02,0.0,-0.13,Feb,2,2,7,1,Returning_Visitor,True,False
3,208.45,0,-62.02,-15,11.0,0.0,-0.0,0.0,-0.05,Sep,1,1,2,1,Returning_Visitor,False,False
6,231.09,-1,14.95,134,4289.97,0.0,0.01,-22.39,0.22,Mar,2,2,2,2,Returning_Visitor,False,False
4,-28.29,-1,0.0,32,907.4,0.01,0.04,34.57,0.09,May,2,2,3,1,Returning_Visitor,True,False
1,0.0,0,0.0,-17,336.88,0.01,0.04,29.25,-0.15,May,1,1,6,4,Returning_Visitor,False,True
0,109.18,0,0.0,-24,0.0,0.15,0.2,12.12,-0.02,May,3,2,4,4,Returning_Visitor,False,False
3,32.2,1,0.0,81,1199.62,0.0,0.02,0.0,0.0,Sep,2,2,1,2,New_Visitor,True,True
0,0.0,0,12.32,17,248.9,0.0,0.01,15.73,0.5,Feb,2,4,9,2,Returning_Visitor,False,False
3,46.31,2,101.8,37,2357.88,0.0,0.01,4.68,0.0,Oct,2,2,1,4,Returning_Visitor,False,False
0,0.0,0,-159.35,14,1529.26,0.06,0.11,0.0,-0.06,Dec,1,1,2,1,Returning_Visitor,True,False
2,-79.24,0,129.04,6,685.83,-0.01,0.04,6.2,-0.03,Dec,1,1,3,5,New_Visitor,True,False
1,217.1,0,0.0,18,287.77,0.0,-0.0,0.0,0.0,Feb,2,2,1,6,Returning_Visitor,False,False
13,293.58,3,-27.43,161,3457.63,-0.04,-0.0,8.23,-0.05,Feb,1,2,7,2,Returning_Visitor,False,True
0,0.0,0,-47.15,26,130.8,0.02,0.03,0.0,0.0,Dec,3,2,4,4,Returning_Visitor,False,False
2,0.0,0,0.0,4,44.49,0.0,0.05,-12.16,0.0,Feb,3,2,4,3,Returning_Visitor,False,False
0,188.84,0,181.13,46,1027.0,0.0,0.0,10.42,-0.23,Jul,2,2,4,3,Returning_Visitor,False,False
5,169.15,1,65.07,61,2122.21,-0.05,-0.04,0.0,0.0,Feb,1,1,1,5,Returning_Visitor,False,False
-1,-227.63,0,-248.17,2,19.0,0.02,0.04,-12.32,0.12,May,1,1,1,2,Returning_Visitor,False,False
2,343.31,2,132.19,31,2372.33,0.0,0.01,28.03,0.2,Oct,1,2,1,2,Returning_Visitor,False,False
-4,-321.35,-1,0.0,12,593.0,0.07,0.09,-26.92,0.19,Nov,4,2,3,10,Returning_Visitor,False,False
-3,0.0,1,98.31,10,1088.32,0.0,0.04,0.0,0.0,Nov,2,2,5,20,Returning_Visitor,False,False
0,0.0,0,198.08,3,29.0,-0.0,0.03,0.0,0.59,Mar,2,2,1,4,Returning_Visitor,False,False
5,337.54,2,78.05,47,873.91,0.01,0.01,0.0,-0.11,Dec,2,2,1,3,Returning_Visitor,False,False
6,326.31,0,0.0,70,1752.14,0.01,0.0,6.64,0.05,May,3,2,4,4,Returning_Visitor,False,False
2,46.46,1,240.08,141,6060.84,-0.02,0.01,-21.16,0.1,Nov,2,2,8,1,Returning_Visitor,False,True
8,367.0,5,61.29,53,2246.22,0.0,0.04,0.0,-0.25,Dec,2,5,1,8,Returning_Visitor,False,False
3,28.0,-1,-119.66,20,633.75,0.04,0.05,32.44,0.0,Mar,2,10,5,1,Returning_Visitor,False,True
-1,0.0,-1,139.59,24,566.88,0.0,0.05,25.84,-0.15,Nov,2,2,1,2,Returning_Visitor,True,False
0,-107.95,1,203.78,1,-100.31,0.2,0.2,-55.64,0.08,May,3,2,9,6,Returning_Visitor,False,False
-2,0.0,0,0.0,1,1401.65,0.08,0.11,-11.87,0.0,Jul,3,2,1,13,Returning_Visitor,False,False
1,0.0,0,-2.66,-16,83.0,-0.04,-0.02,4.09,0.6,Feb,1,1,2,10,New_Visitor,True,False
5,53.0,0,184.37,101,2246.17,0.02,0.07,9.07,-0.06,May,2,2,4,3,New_Visitor,False,False
1,0.0,0,0.0,49,2233.46,0.0,0.03,15.72,0.0,Feb,2,2,3,13,Returning_Visitor,False,False
4,102.8,1,0.0,60,2520.52,-0.05,0.0,14.6,-0.12,Aug,2,2,6,5,Returning_Visitor,False,True
5,0.0,2,256.18,61,2486.33,-0.03,-0.0,3.11,0.0,June,3,2,1,1,Returning_Visitor,False,False
-3,55.33,-1,-178.28,11,65.16,0.08,0.13,0.0,0.0,Mar,2,2,3,3,Returning_Visitor,False,False
5,395.89,0,0.0,12,451.71,-0.01,0.03,0.0,0.05,Feb,2,2,6,2,Returning_Visitor,False,False
2,254.05,0,22.2,-11,-395.92,0.07,0.06,4.26,0.17,Mar,2,2,4,1,Returning_Visitor,True,False
5,0.0,0,-153.81,29,1708.4,0.04,0.06,-6.23,0.21,Nov,1,1,3,3,Returning_Visitor,False,False
0,-58.61,0,0.0,2,-549.43,0.0,0.0,0.0,-0.03,Jul,1,1,2,10,Returning_Visitor,True,False
1,70.5,-1,-32.58,12,541.54,-0.01,0.01,6.86,0.28,Aug,1,2,3,14,New_Visitor,True,True
1,-31.78,0,11.0,50,66.83,-0.0,0.02,0.0,0.01,Nov,2,2,1,8,Returning_Visitor,False,False
-2,0.0,-1,-177.7,2,26.5,0.08,0.05,11.78,-0.07,May,2,2,6,2,Returning_Visitor,True,False
6,246.76,3,140.0,-4,-724.23,0.12,0.12,28.77,0.12,May,1,5,6,4,Returning_Visitor,True,False
0,0.0,0,0.0,12,544.83,-0.0,0.04,-24.72,0.0,May,1,1,3,2,Returning_Visitor,False,False
0,66.55,0,-16.14,57,951.91,0.0,0.03,0.0,0.28,Aug,2,2,1,3,Returning_Visitor,False,True
7,305.23,0,-227.15,32,-387.74,0.0,0.04,-0.89,0.0,Sep,1,2,4,2,Returning_Visitor,False,True
2,0.0,1,78.97,7,2478.0,0.07,0.06,0.0,-0.33,Nov,2,2,1,5,Returning_Visitor,True,True
6,322.49,1,-59.36,1,-1997.75,0.05,0.05,3.17,0.4,Dec,2,2,3,2,Returning_Visitor,False,False
0,73.19,2,165.42,89,3545.19,0.05,0.04,-2.65,-0.02,Nov,3,1,1,2,Returning_Visitor,False,False
3,-12.14,2,180.8,39,561.4,-0.04,0.01,35.84,0.0,Nov,2,5,2,5,New_Visitor,False,True
2,146.63,0,-69.06,24,2037.29,0.01,0.02,20.59,0.0,Nov,1,1,4,12,Returning_Visitor,False,True
4,253.15,1,-48.06,81,1839.13,0.05,0.08,3.18,0.19,Nov,2,2,7,13,Returning_Visitor,False,False
5,135.53,-1,-150.85,4,741.4,0.05,0.06,0.47,0.0,Feb,3,2,7,1,Returning_Visitor,False,False
7,175.93,1,54.5,138,6606.78,-0.04,-0.0,8.9,0.0,Dec,2,2,4,2,Returning_Visitor,False,True
0,0.0,0,131.47,-24,98.0,0.06,0.07,-7.73,0.08,Dec,4,1,9,4,Returning_Visitor,False,False
8,397.16,5,487.0,74,2775.79,0.02,0.02,29.9,0.0,Dec,2,2,3,1,Returning_Visitor,True,True
2,290.28,1,403.0,-34,-1334.86,-0.01,0.0,9.9,-0.01,Mar,3,2,9,8,New_Visitor,True,False
3,20.17,0,0.0,39,1506.52,-0.03,0.02,-0.04,0.05,Feb,4,2,1,3,Returning_Visitor,False,False
1,-16.76,0,39.03,-10,-1667.4,0.07,0.09,-10.53,0.0,Nov,1,2,1,4,Returning_Visitor,False,False
5,139.24,0,0.0,19,992.19,-0.0,0.02,0.0,-0.16,May,2,2,9,1,Returning_Visitor,True,False
5,0.0,0,21.04,1,0.0,0.02,0.04,-0.51,0.07,Aug,2,2,1,6,Returning_Visitor,False,False
4,-72.49,0,-101.44,165,7091.7,0.01,0.04,7.64,-0.03,Aug,2,2,2,1,Returning_Visitor,False,False
-2,0.0,0,0.0,63,1701.45,0.03,0.04,12.96,-0.04,Oct,2,2,9,1,New_Visitor,False,False
0,203.42,0,-103.32,14,115.62,0.08,0.09,-9.0,0.01,Mar,2,2,3,13,Returning_Visitor,True,False
-1,31.5,0,-25.34,-32,-1081.9,0.05,0.01,17.63,0.02,Mar,2,2,5,3,Returning_Visitor,False,False
-7,-266.76,0,0.0,2,378.23,0.0,0.08,8.03,0.24,Mar,2,1,1,2,Returning_Visitor,False,False
3,101.31,1,0.0,4,1097.05,0.0,-0.0,0.0,-0.08,Nov,2,2,4,2,Returning_Visitor,False,False
4,145.65,2,174.26,11,2166.53,0.03,0.04,-16.45,0.0,Dec,2,3,2,2,Returning_Visitor,False,False
1,-18.27,1,0.0,22,1317.36,-0.0,0.01,-5.01,0.0,Aug,1,3,1,2,Returning_Visitor,False,False
0,0.0,0,0.0,10,205.69,-0.02,0.01,12.41,0.36,Oct,2,2,1,8,Returning_Visitor,True,False
4,39.5,3,161.0,63,1406.21,0.08,0.11,23.61,0.2,May,3,2,8,1,Returning_Visitor,False,True
0,111.87,2,24.71,-20,0.0,0.14,0.2,0.0,0.0,Oct,7,5,3,4,Returning_Visitor,False,False
1,30.32,1,147.56,-14,1572.49,0.06,0.09,-0.01,-0.06,Nov,2,2,1,10,Returning_Visitor,False,False
1,115.3,0,-35.45,1,-722.71,0.0,0.03,-2.13,-0.18,Jul,3,2,3,3,Returning_Visitor,True,False
0,0.0,0,-2.91,34,2299.42,0.05,0.06,37.59,0.08,Nov,2,2,4,2,Returning_Visitor,False,False
6,354.71,0,-104.28,51,1197.8,-0.03,0.01,0.0,0.04,Mar,2,2,3,20,Returning_Visitor,False,False
0,116.24,0,-103.13,4,644.04,0.13,0.15,3.11,-0.07,Mar,1,3,2,11,Returning_Visitor,False,False
1,72.0,1,10.11,22,691.97,0.0,0.03,38.19,-0.37,Jul,3,2,1,5,Returning_Visitor,True,False
-5,-322.64,0,166.76,8,264.3,0.0,0.05,-4.6,0.26,May,2,5,2,3,Returning_Visitor,False,False
3,281.24,1,-29.67,142,6066.56,-0.02,0.03,0.0,0.0,Mar,2,2,3,2,Returning_Visitor,False,False
1,0.0,0,0.0,42,2119.92,0.0,0.03,32.25,0.05,Mar,2,2,9,3,Returning_Visitor,False,False
0,0.0,0,-13.71,15,1506.92,0.0,-0.0,19.13,0.17,May,1,5,1,11,Returning_Visitor,False,False
0,0.0,0,0.0,19,859.61,0.01,0.02,29.05,0.0,Aug,2,2,3,6,Returning_Visitor,False,False
5,626.0,2,66.0,80,4411.24,-0.01,0.01,25.47,0.0,Mar,1,1,6,2,Returning_Visitor,False,False
3,262.14,0,17.0,-29,-263.41,0.0,0.03,51.0,-0.12,Sep,2,2,4,2,Returning_Visitor,False,True
-2,37.0,0,-86.37,23,308.55,0.0,0.02,0.0,-0.02,Jul,3,2,1,2,New_Visitor,False,False
0,112.35,0,0.0,24,330.08,0.04,0.06,15.42,0.03,Oct,1,1,1,4,Returning_Visitor,False,False
4,37.5,0,0.32,171,6384.37,0.02,0.03,14.49,-0.08,Nov,2,2,3,9,Returning_Visitor,True,True
7,139.57,2,194.15,29,986.5,-0.09,-0.03,36.39,0.0,Dec,2,2,2,2,New_Visitor,False,True
2,24.2,0,0.0,27,556.56,0.05,0.08,0.0,0.0,Nov,3,2,3,7,Returning_Visitor,False,False
3,346.83,0,61.59,75,2198.53,0.05,0.06,17.95,0.18,Oct,3,2,1,20,Returning_Visitor,False,False
4,-25.39,3,0.0,2,1336.04,-0.04,-0.02,0.0,-0.32,Mar,2,2,1,3,Returning_Visitor,False,False
10,844.0,0,91.93,22,192.5,0.04,0.07,-4.03,0.6,Oct,3,2,6,7,Returning_Visitor,False,False
4,0.0,0,33.66,23,1888.5,0.0,0.01,-1.88,0.28,Oct,2,2,1,10,Returning_Visitor,True,True
1,0.0,0,85.56,23,476.61,0.05,0.05,26.55,-0.2,Feb,2,2,1,13,Returning_Visitor,False,False
3,-69.98,0,103.85,30,1176.66,-0.02,0.01,-3.35,-0.03,Sep,2,2,2,8,Returning_Visitor,True,True
0,-208.66,0,33.98,3,-222.57,0.02,0.03,0.0,0.21,Sep,3,5,1,3,Returning_Visitor,False,False
3,121.43,0,0.0,5,319.0,-0.01,0.02,28.04,0.0,Mar,1,1,6,2,Returning_Visitor,False,False
0,0.0,0,44.28,80,3279.41,0.02,0.04,-8.12,0.07,May,3,4,1,3,Returning_Visitor,False,False
1,8.59,0,56.14,3,-133.52,-0.05,-0.03,0.0,-0.0,Dec,1,1,3,2,Returning_Visitor,False,False
5,125.69,2,144.73,4,908.6,0.06,0.06,10.53,0.06,Aug,4,1,4,2,Returning_Visitor,True,False
2,6.0,0,22.29,97,1643.37,0.01,0.02,24.22,0.0,Jul,3,2,1,1,Returning_Visitor,False,False
0,0.0,0,-125.59,18,338.54,0.08,0.12,16.44,0.0,Nov,3,2,1,2,Returning_Visitor,False,False
0,297.35,0,0.0,32,804.58,0.03,0.05,-15.35,0.28,Oct,2,2,9,4,Returning_Visitor,False,False
6,329.05,2,22.2,154,7835.87,0.05,0.02,0.0,0.07,Aug,2,2,1,4,Returning_Visitor,False,False
-1,-123.19,0,171.32,1,74.6,0.05,0.1,0.0,0.45,Sep,2,2,1,3,Returning_Visitor,False,False
4,112.03,0,100.8,11,662.85,-0.01,0.02,19.61,0.0,May,1,1,4,5,Returning_Visitor,False,True
9,114.25,2,-23.0,30,874.58,0.0,0.0,54.33,0.0,May,2,5,2,4,Returning_Visitor,False,True
4,0.0,0,170.09,5,-465.7,0.0,0.0,8.16,0.0,May,2,2,4,1,Returning_Visitor,True,False
0,-139.0,2,0.0,1,0.0,0.2,0.21,0.0,0.07,Nov,8,5,5,3,Returning_Visitor,False,False
-1,-120.81,0,52.69,74,1158.93,0.1,0.09,-11.84,-0.1,Oct,1,1,3,1,Returning_Visitor,False,False
1,-284.4,0,58.66,9,-992.14,0.08,0.11,0.0,0.13,Nov,2,2,1,3,Returning_Visitor,False,False
0,79.0,-1,-175.2,-43,-1583.42,0.06,0.04,21.75,0.0,Mar,2,4,2,4,Returning_Visitor,False,False
6,65.5,0,0.0,27,783.75,0.01,0.03,0.0,0.0,Nov,2,5,6,1,Returning_Visitor,True,True
3,263.7,0,-5.62,113,4397.25,0.0,0.0,22.78,-0.03,Oct,1,1,3,11,Returning_Visitor,False,False
6,223.95,1,0.0,80,3206.77,-0.09,-0.09,0.0,0.34,May,1,2,3,2,Returning_Visitor,False,False
0,264.27,1,160.83,8,939.26,0.03,0.05,-2.1,0.32,Sep,1,1,1,4,Returning_Visitor,False,False
6,5.5,0,56.68,14,339.25,-0.06,-0.0,2.8,0.33,Oct,2,2,2,2,New_Visitor,True,False
5,-112.04,0,119.99,42,1019.11,0.03,0.03,6.29,0.22,Dec,2,2,1,1,Returning_Visitor,True,False
4,101.63,2,130.5,59,3595.56,0.01,0.02,54.08,0.0,Oct,1,1,3,1,Returning_Visitor,False,True
0,0.0,0,-233.99,2,22.0,0.0,0.1,18.26,0.23,Aug,2,2,1,1,Returning_Visitor,False,False
0,268.21,0,0.0,-13,697.52,0.05,0.07,0.63,-0.03,Dec,2,2,4,2,Returning_Visitor,False,False
0,282.95,0,30.26,-8,57.67,-0.03,0.02,27.96,-0.0,Mar,1,1,1,2,Returning_Visitor,False,False
7,351.93,2,150.5,42,3127.08,0.01,0.03,13.12,0.0,Nov,2,4,3,2,Returning_Visitor,False,False
2,-60.24,2,39.0,19,1527.61,0.04,0.03,2.91,0.33,May,3,2,3,4,Returning_Visitor,False,False
1,0.0,0,0.0,4,94.75,0.07,0.09,0.0,0.0,Nov,2,2,1,5,Returning_Visitor,False,False
2,377.72,1,246.22,42,865.59,0.0,0.06,17.7,0.34,May,1,1,1,2,New_Visitor,False,True
0,101.67,0,67.79,-18,164.0,0.07,0.13,0.0,0.17,May,1,1,1,1,Returning_Visitor,False,False
0,0.0,0,-42.78,96,4576.81,0.04,0.03,-22.32,0.2,Nov,2,2,1,2,Returning_Visitor,False,False
1,256.69,-1,130.06,69,1035.64,0.0,0.02,0.0,0.0,Oct,2,2,2,4,Returning_Visitor,False,False
5,0.97,2,289.21,25,-894.06,0.02,0.04,25.21,-0.03,Feb,4,1,1,3,Returning_Visitor,True,False
8,112.27,1,0.0,38,1176.37,-0.02,0.03,0.0,0.0,Oct,3,2,1,1,Returning_Visitor,False,False
0,0.0,0,-20.58,1,0.0,0.2,0.2,0.0,0.0,Feb,2,2,4,3,New_Visitor,False,False
5,161.45,0,0.0,40,1426.92,0.0,0.02,0.0,-0.41,Mar,4,8,3,11,Returning_Visitor,False,False
-3,118.0,0,111.93,0,42.0,0.08,0.07,0.0,0.0,Mar,4,2,1,2,Returning_Visitor,False,False
0,132.45,3,111.24,-24,143.38,0.04,0.1,0.0,-0.04,Dec,2,2,9,2,Returning_Visitor,False,False
-3,52.0,-1,17.67,18,1149.92,0.05,0.08,0.0,0.0,Feb,4,1,3,2,New_Visitor,True,False
0,0.0,0,136.18,8,-40.77,-0.01,0.01,0.0,0.07,Jul,2,2,6,1,Returning_Visitor,False,False
4,162.06,2,122.84,41,2250.35,0.01,0.02,0.0,-0.1,May,1,1,4,15,Returning_Visitor,False,False
1,50.32,0,-47.26,14,-471.08,0.05,0.07,0.0,0.0,May,3,2,1,3,Returning_Visitor,False,False
-1,0.0,0,11.55,5,108.25,0.04,0.03,-3.56,0.57,Sep,2,2,1,2,New_Visitor,False,False
9,365.35,4,240.5,385,14505.73,0.01,-0.03,0.0,0.0,Nov,2,2,3,3,Returning_Visitor,False,False
3,107.83,1,124.27,10,-1004.13,0.04,0.03,32.32,0.09,Sep,1,3,1,4,Returning_Visitor,False,False
5,276.55,1,81.0,82,3214.02,0.0,0.02,20.29,0.06,Nov,2,2,9,2,Returning_Visitor,False,True
4,226.22,4,106.0,27,2408.51,0.01,0.05,0.0,-0.15,Nov,2,2,1,2,Returning_Visitor,True,False
3,0.0,0,-64.86,59,1066.39,0.0,0.03,17.89,0.36,June,3,2,3,6,Returning_Visitor,True,False
5,201.66,0,11.17,44,579.3,0.0,0.02,-2.04,0.07,Sep,2,2,2,2,New_Visitor,False,False
1,28.0,0,159.41,62,1822.01,0.0,0.01,14.65,0.0,May,2,2,2,4,Returning_Visitor,False,False
0,267.03,-1,0.0,-32,-1962.82,0.09,0.12,0.0,0.0,May,4,1,9,18,Returning_Visitor,False,True
1,101.08,0,293.69,26,1866.71,0.0,0.02,39.42,-0.04,Oct,2,1,3,2,Returning_Visitor,False,False
10,198.5,2,138.51,39,1068.51,-0.0,0.02,7.57,0.0,Aug,3,2,1,10,Returning_Visitor,False,False
0,-20.92,3,139.24,27,2081.95,0.12,0.16,0.0,0.8,May,2,2,7,7,Returning_Visitor,False,False
3,39.58,-2,0.0,-13,-302.54,0.0,0.03,13.26,0.0,Aug,2,2,4,1,Returning_Visitor,False,True
0,0.0,-2,-157.55,3,47.0,0.03,0.08,21.57,-0.43,Mar,1,1,6,4,Returning_Visitor,False,False
0,-51.65,-2,-114.91,27,687.5,-0.02,0.01,12.79,-0.23,Jul,2,2,7,2,New_Visitor,False,False
2,210.6,0,-134.46,-95,-3507.19,0.03,0.08,20.83,0.0,Nov,3,2,7,6,New_Visitor,True,False
6,0.0,0,-17.23,19,-619.61,0.0,0.04,0.0,0.8,May,2,2,1,6,Returning_Visitor,False,False
6,112.84,0,-59.09,40,2795.91,0.0,0.03,-12.87,0.0,Mar,1,1,1,4,Returning_Visitor,False,False
0,39.12,1,78.74,74,2907.2,0.01,0.01,-31.94,-0.01,Nov,2,2,1,4,New_Visitor,False,False
1,51.94,1,-1.84,32,1403.83,0.03,0.04,37.06,0.0,Sep,2,2,9,2,Returning_Visitor,False,True
3,161.71,0,-32.55,126,2645.83,0.04,0.02,21.29,0.6,May,2,2,3,10,Returning_Visitor,False,False
9,146.3,1,174.1,7,197.07,0.0,0.01,0.0,-0.04,May,2,5,2,4,Returning_Visitor,True,False
6,585.5,1,0.0,54,708.36,0.0,0.01,26.41,0.43,Oct,2,2,2,2,Returning_Visitor,False,True
-1,-110.3,-1,16.69,6,0.0,0.18,0.2,-36.13,0.0,May,1,4,9,15,Returning_Visitor,False,False
3,287.31,0,71.63,65,2278.26,0.02,0.03,0.0,0.25,Dec,3,2,1,9,Returning_Visitor,False,False
-1,0.0,0,0.0,-4,0.0,0.15,0.2,0.0,0.06,May,1,1,1,4,Returning_Visitor,False,False
0,0.0,0,0.0,11,1904.43,-0.07,-0.06,-0.84,-0.06,Dec,3,2,7,2,New_Visitor,True,True
3,0.0,-1,-118.6,62,1776.42,0.02,0.04,0.0,0.43,Aug,2,2,4,10,Returning_Visitor,False,False
0,-119.8,0,-97.85,-12,-1191.36,0.0,0.05,29.12,0.0,Oct,3,2,3,1,New_Visitor,False,True
2,99.28,2,0.0,11,660.17,0.0,0.03,0.0,0.29,Nov,2,2,1,2,Returning_Visitor,True,False
8,133.4,0,-29.03,19,203.37,0.0,0.0,15.11,0.0,Dec,1,1,1,2,Returning_Visitor,True,False
1,0.0,2,0.0,17,2141.85,0.08,0.07,0.0,-0.07,Nov,1,1,5,2,Returning_Visitor,True,False
4,-114.57,0,204.29,26,701.88,-0.03,0.02,10.89,-0.11,Oct,2,2,4,3,Returning_Visitor,False,False
2,0.0,-1,0.0,20,799.06,0.03,0.02,0.88,0.15,May,1,1,9,4,Returning_Visitor,False,False
-2,-92.3,-1,24.66,33,421.5,0.0,0.03,0.0,0.25,May,1,3,1,3,Returning_Visitor,False,False
0,0.0,0,-149.73,19,315.9,0.04,0.08,-12.64,0.0,Jul,2,4,3,2,Returning_Visitor,False,False
6,206.99,2,-5.67,28,2215.21,0.07,0.08,0.0,0.4,May,2,5,1,8,Returning_Visitor,False,False
2,-58.19,-2,-148.19,19,1431.97,-0.02,0.02,-21.07,0.05,Aug,2,2,1,2,Returning_Visitor,False,False
-1,-149.64,-1,-16.88,-52,-2295.95,0.01,0.05,0.0,0.4,May,4,2,3,11,Returning_Visitor,False,False
7,242.37,1,42.0,25,1509.37,-0.02,0.02,6.4,-0.11,May,3,6,1,1,Returning_Visitor,False,False
3,242.28,1,71.25,4,396.55,0.02,0.02,27.77,0.4,Dec,3,2,1,2,Returning_Visitor,False,False
3,24.94,0,0.0,7,799.51,-0.04,0.01,8.09,0.0,Dec,3,2,4,3,New_Visitor,True,True
4,-54.82,0,36.59,88,3919.57,-0.11,-0.05,0.0,-0.21,Jul,2,2,1,2,Returning_Visitor,False,False
5,163.62,0,0.0,23,841.0,0.01,0.05,64.72,0.0,Dec,2,2,1,2,New_Visitor,False,True
1,0.0,2,182.04,10,1861.45,-0.01,0.04,0.0,0.04,Aug,2,2,5,9,Returning_Visitor,False,False
-5,203.91,0,37.61,11,-672.08,0.05,0.11,0.0,0.58,May,1,2,3,4,Returning_Visitor,True,False
8,516.61,3,32.5,286,11240.98,0.03,0.02,0.0,0.0,Nov,2,2,1,10,Returning_Visitor,True,False
4,124.18,0,0.0,41,1546.5,0.09,0.11,12.69,0.0,Mar,1,1,3,1,Returning_Visitor,True,False
2,-109.94,1,117.78,56,2159.0,0.01,0.04,38.32,-0.15,Oct,4,2,1,1,New_Visitor,True,False
4,28.5,0,-51.76,38,500.5,0.02,0.06,-36.54,-0.02,Nov,3,2,2,3,Returning_Visitor,True,False
12,1172.0,0,0.0,19,343.77,-0.01,0.04,0.0,0.01,Feb,2,2,3,6,New_Visitor,False,False
1,0.0,-1,-119.55,19,47.5,0.0,0.05,0.0,0.0,Nov,2,2,1,1,Returning_Visitor,False,False
5,231.49,0,0.0,21,64.0,0.0,0.01,-16.75,-0.28,Mar,2,2,6,1,Returning_Visitor,False,False
6,0.0,0,0.0,1,-925.11,0.17,0.2,20.13,0.0,Mar,4,1,4,1,Returning_Visitor,False,False
-2,97.85,-1,-203.54,20,1394.87,0.03,0.05,-6.35,0.0,Jul,2,2,1,2,Returning_Visitor,False,False
0,0.0,3,82.36,39,1256.2,0.08,0.13,0.0,0.51,May,3,2,9,1,Returning_Visitor,False,False
0,0.0,-1,0.0,3,1057.11,0.0,0.1,0.0,0.46,May,4,1,1,3,Returning_Visitor,False,False
4,133.8,1,0.0,10,299.5,0.07,0.08,-14.55,0.0,Nov,2,2,7,1,New_Visitor,False,False
-3,-252.51,1,0.0,29,2918.11,0.0,0.05,0.0,0.0,Nov,3,1,1,2,Returning_Visitor,True,False
3,0.0,0,-31.25,52,2594.79,-0.01,0.04,-21.5,0.4,May,1,8,1,3,Returning_Visitor,True,False
-2,-89.79,0,-18.59,2,-272.22,0.0,0.07,0.0,0.16,May,2,2,3,4,Returning_Visitor,False,False
0,0.0,1,127.42,-26,-2087.42,0.2,0.19,24.67,0.33,May,2,4,1,6,Returning_Visitor,True,False
6,0.0,3,52.08,130,5013.01,0.01,0.01,0.0,0.26,Jul,3,2,6,13,Returning_Visitor,False,False
1,68.39,-1,-7.3,-3,-1272.19,0.07,0.08,0.0,0.1,Feb,3,2,9,2,New_Visitor,True,False
0,267.16,1,-91.66,20,616.5,0.0,0.06,0.0,0.0,Nov,3,2,3,3,Returning_Visitor,False,False
1,-69.48,0,22.42,23,-60.73,0.01,0.02,16.33,0.0,Feb,2,2,1,10,Returning_Visitor,False,False
-1,10.7,0,-145.02,-5,-1484.4,0.11,0.09,-4.74,0.0,Mar,1,1,1,1,Returning_Visitor,True,False
0,-267.8,0,-191.21,29,694.02,-0.04,-0.03,10.26,0.07,Feb,2,2,3,2,New_Visitor,True,False
1,102.0,1,187.43,21,122.97,0.04,0.08,0.0,0.0,Dec,2,2,9,8,Returning_Visitor,False,False
2,122.0,0,55.51,-5,177.25,0.0,0.02,0.0,0.0,Feb,2,2,1,5,New_Visitor,False,False
4,37.5,2,-43.98,4,96.62,0.0,0.02,10.74,-0.01,May,2,2,2,2,New_Visitor,True,False
4,150.09,0,0.0,5,498.44,0.02,0.05,0.0,0.0,May,2,2,3,13,Returning_Visitor,False,False
0,46.62,1,-37.52,-79,-3609.98,0.03,0.07,37.11,0.0,May,3,2,1,2,Returning_Visitor,False,False
0,0.0,0,-47.09,19,422.83,0.02,0.06,-21.81,0.03,May,2,2,2,6,Returning_Visitor,False,False
0,-303.25,1,1.8,21,192.9,0.11,0.1,-25.0,-0.13,Sep,3,2,2,2,Returning_Visitor,False,False
-1,50.79,0,-59.06,12,890.08,0.04,0.07,0.0,0.02,Mar,3,4,3,2,Returning_Visitor,True,False
0,-89.33,-1,-129.83,-1,239.0,0.0,0.04,0.0,0.32,Aug,2,2,9,4,Returning_Visitor,False,False
2,-9.37,0,0.0,39,2042.95,0.05,0.09,-14.78,-0.04,May,2,6,1,7,Returning_Visitor,False,False
0,-6.44,0,80.91,46,2484.63,0.08,0.07,0.0,0.08,May,3,2,1,1,Returning_Visitor,False,False
3,230.73,2,264.07,37,1673.59,0.0,0.04,-6.02,-0.2,Nov,2,2,6,10,Returning_Visitor,False,False
0,0.0,0,0.0,-11,276.76,0.05,0.1,16.15,-0.22,Mar,2,4,6,2,Returning_Visitor,False,False
1,52.4,0,55.27,14,1048.89,0.01,0.02,-17.33,0.1,Aug,1,1,1,4,Returning_Visitor,True,False
3,17.95,1,-128.73,25,268.45,0.04,0.04,3.72,0.0,Feb,4,1,1,2,Returning_Visitor,False,True
1,288.19,0,0.0,53,2146.77,0.03,0.05,8.29,-0.23,Mar,3,2,1,2,Returning_Visitor,False,False
1,-95.03,0,160.81,31,480.64,0.02,0.02,7.91,0.0,Dec,4,1,2,3,Returning_Visitor,True,False
3,293.17,0,-148.63,8,-27.66,-0.12,-0.08,0.0,-0.22,Nov,3,2,3,2,New_Visitor,False,False
4,15.68,0,0.0,7,54.12,0.11,0.13,-12.93,0.04,Feb,3,1,4,1,Returning_Visitor,False,False
7,108.99,1,88.27,46,3346.04,-0.01,0.02,7.87,-0.02,Aug,2,4,1,2,Returning_Visitor,True,True
5,160.5,0,0.0,15,305.21,0.0,0.01,2.43,-0.2,Nov,2,2,3,4,Returning_Visitor,False,False
4,99.37,0,0.0,32,734.25,0.02,0.0,-4.66,-0.37,Dec,2,2,9,6,Returning_Visitor,False,True
3,36.4,2,30.05,3,28.2,0.0,0.01,-14.07,-0.07,Sep,1,1,1,2,Returning_Visitor,False,False
0,-53.45,2,20.52,11,685.24,0.01,0.04,0.0,0.0,Feb,2,2,1,1,New_Visitor,True,False
2,87.95,1,37.99,91,3309.45,0.01,0.01,14.16,-0.38,Nov,3,2,1,13,Returning_Visitor,False,True
4,128.12,1,134.5,93,2697.18,0.01,0.02,0.0,0.0,Nov,2,2,3,13,Returning_Visitor,False,False
-1,-97.7,0,-41.97,13,-455.45,-0.01,0.01,-3.22,-0.1,Dec,2,3,2,1,Returning_Visitor,False,False
5,116.54,4,208.67,60,1813.25,0.0,0.02,2.54,0.0,May,2,2,1,2,Returning_Visitor,False,True
1,89.73,0,-130.64,5,485.2,0.09,0.14,5.18,0.26,May,3,2,6,13,Returning_Visitor,False,False
0,158.0,0,-51.3,42,1306.72,-0.03,0.03,0.0,0.4,Feb,3,2,6,11,Returning_Visitor,False,False
7,94.8,0,4.8,66,2167.76,-0.02,-0.0,37.92,0.0,Aug,3,2,1,2,Returning_Visitor,False,True
4,63.42,-1,-129.23,13,535.44,0.03,0.02,26.86,-0.22,Mar,4,1,3,8,Returning_Visitor,True,True
2,37.44,0,9.3,89,3435.1,0.0,0.02,0.0,-0.01,Aug,2,4,7,1,Returning_Visitor,False,False
0,0.0,-1,0.0,8,1156.81,0.07,0.1,18.97,0.0,Feb,2,2,1,2,Returning_Visitor,False,False
6,256.78,1,-56.75,15,60.5,0.11,0.12,36.16,0.01,Mar,1,1,1,2,Returning_Visitor,False,False
4,332.54,2,355.17,69,2858.15,0.11,0.13,0.0,0.44,May,1,1,1,2,Returning_Visitor,False,False
7,236.1,2,35.33,96,4320.58,0.0,0.01,0.0,0.17,Aug,2,2,3,1,Returning_Visitor,False,False
3,347.42,2,212.39,82,3464.21,0.08,0.11,0.0,0.0,Oct,3,2,1,5,Returning_Visitor,False,False
4,45.48,0,36.73,24,-180.82,0.05,0.07,0.0,0.0,Oct,2,2,1,3,Returning_Visitor,True,False
-3,61.7,-1,31.94,6,26.7,0.03,0.05,0.0,0.45,Oct,2,2,3,6,New_Visitor,False,False
6,118.15,0,-29.1,4,81.0,-0.06,-0.04,4.32,0.4,Feb,2,2,4,3,Returning_Visitor,False,False
4,0.0,0,0.0,19,160.5,-0.01,0.04,0.0,0.8,May,2,2,3,3,Returning_Visitor,False,False
1,121.0,2,0.0,30,1423.57,-0.06,-0.05,-1.18,-0.13,Jul,2,2,3,2,Returning_Visitor,False,False
0,84.84,-3,-268.54,21,1041.73,0.0,0.05,0.0,-0.01,Nov,3,2,8,14,Returning_Visitor,False,False
2,-49.1,0,-238.33,-8,1140.1,-0.04,0.01,0.0,0.0,Mar,3,2,6,3,Returning_Visitor,False,False
0,0.0,0,0.0,10,-277.72,-0.08,-0.07,-33.39,0.07,Nov,2,2,1,1,Returning_Visitor,False,False
8,146.53,0,0.0,107,2998.74,-0.04,0.01,2.55,0.07,Oct,2,2,3,3,New_Visitor,False,False
6,229.6,-1,0.0,23,139.0,-0.06,-0.03,-21.89,0.0,May,2,2,7,4,Returning_Visitor,True,False
2,328.4,0,-55.76,12,973.83,0.05,0.05,2.43,0.0,Aug,3,2,1,3,Returning_Visitor,True,True
6,220.89,0,140.59,-4,149.9,-0.0,0.04,18.45,0.0,June,2,2,7,1,Returning_Visitor,False,False
2,143.38,1,18.47,26,-301.88,0.0,0.02,0.0,0.0,Mar,3,2,2,5,New_Visitor,False,True
0,0.0,0,0.0,-49,-2097.35,-0.04,0.01,24.74,0.04,Feb,3,2,9,6,New_Visitor,True,True
7,344.23,2,-97.48,58,5072.4,0.0,0.04,5.0,-0.11,Feb,2,2,3,1,Returning_Visitor,False,False
2,0.0,0,-174.26,14,555.83,0.03,0.05,7.5,-0.05,Aug,2,4,1,3,Returning_Visitor,False,False
2,0.0,0,83.2,11,660.8,0.06,0.09,8.0,0.3,Mar,2,2,4,1,Returning_Visitor,True,True
0,0.0,0,-181.69,40,659.1,0.0,0.04,15.81,0.05,Mar,2,4,7,2,Returning_Visitor,True,False
-3,0.0,0,0.0,-65,100.0,0.0,0.08,-27.9,0.0,Feb,1,1,7,1,Returning_Visitor,True,False
0,0.0,2,-15.35,63,2209.3,0.0,0.0,-7.76,-0.21,Nov,1,1,1,2,New_Visitor,False,False
0,-177.61,-1,40.1,6,221.5,0.0,0.0,5.68,0.0,Mar,2,6,1,2,Returning_Visitor,True,False
-3,0.0,-1,-204.05,18,475.02,-0.03,0.0,0.0,-0.08,Mar,1,2,4,10,Returning_Visitor,False,False
3,0.0,0,0.0,22,356.0,0.01,0.04,0.0,0.2,May,3,2,3,13,Returning_Visitor,False,False
4,122.25,0,-65.24,45,1347.19,0.0,0.02,14.68,0.01,Nov,1,1,9,4,Returning_Visitor,False,False
1,-7.11,0,0.0,29,1714.4,0.06,0.05,4.55,-0.06,May,2,2,6,10,Returning_Visitor,False,False
0,0.0,0,0.0,28,1390.17,0.01,0.01,0.0,0.32,May,1,1,1,3,New_Visitor,True,False
0,-32.14,0,0.0,12,460.2,0.06,0.09,0.0,0.0,Oct,2,2,6,4,Returning_Visitor,False,False
3,101.83,0,44.0,11,1089.75,0.0,0.01,19.79,-0.04,Mar,3,5,3,2,New_Visitor,False,False
6,154.15,0,0.0,18,-163.1,0.0,0.02,9.54,0.0,Sep,2,4,1,2,Returning_Visitor,False,False
2,-31.56,-1,0.0,7,143.91,0.03,0.07,0.0,0.16,Feb,2,2,3,4,Returning_Visitor,True,False
-3,-147.58,0,-77.49,30,1458.99,0.02,0.02,17.5,0.24,Mar,1,1,9,2,New_Visitor,False,False
0,-131.74,0,118.94,7,865.28,0.11,0.11,-3.74,0.0,Mar,1,1,1,3,Returning_Visitor,False,False
3,-15.35,1,0.0,36,794.39,0.02,0.02,18.99,0.12,May,2,2,1,3,Returning_Visitor,False,False
1,140.45,0,-19.18,19,1834.08,0.02,0.04,2.22,0.0,Feb,3,2,3,1,Returning_Visitor,False,False
4,2.0,2,0.0,37,1446.97,0.01,0.03,12.6,0.3,Aug,2,2,1,1,Returning_Visitor,False,True
0,103.6,0,73.76,56,2150.97,0.01,0.01,11.2,0.0,Dec,2,2,4,2,New_Visitor,False,False
1,-58.71,0,0.0,4,609.35,-0.04,-0.03,4.2,0.0,Jul,3,1,1,2,New_Visitor,False,False
2,67.4,1,0.0,13,306.69,0.01,0.06,-13.44,0.48,Feb,2,2,2,7,Returning_Visitor,True,False
2,6.3,1,0.0,48,1468.86,0.03,0.07,0.0,0.14,Nov,2,5,7,3,New_Visitor,False,False
6,247.71,-1,-256.03,71,1361.78,0.07,0.01,39.67,-0.12,Mar,2,2,1,2,Returning_Visitor,False,False
2,70.13,1,111.52,87,3670.38,-0.02,0.02,18.78,0.19,June,2,4,1,1,Returning_Visitor,False,False
0,0.0,0,0.0,3,544.65,0.07,0.05,11.11,0.16,Sep,2,2,1,1,Returning_Visitor,False,False
0,0.0,2,300.27,72,2347.72,0.03,0.03,0.0,0.8,Aug,3,2,1,5,Returning_Visitor,False,False
4,88.09,1,101.65,-13,408.25,0.0,0.03,0.0,-0.0,Nov,1,1,1,1,New_Visitor,False,False
7,0.0,0,141.69,21,641.5,0.0,0.03,0.0,0.0,May,3,2,7,7,Returning_Visitor,False,False
2,-24.72,0,-241.03,9,541.5,0.05,0.08,0.0,0.0,May,3,2,4,3,Returning_Visitor,False,False
1,98.09,-1,-279.19,53,1532.2,0.05,0.07,19.74,0.0,Mar,3,2,1,13,Returning_Visitor,False,True
-5,-262.85,0,0.0,66,3421.2,-0.04,0.01,5.51,0.2,Dec,2,4,4,1,Returning_Visitor,False,False
3,145.53,-1,-59.14,-11,71.0,0.0,0.03,2.75,-0.02,Nov,4,2,6,3,Returning_Visitor,True,False
4,149.5,1,56.5,10,1698.26,0.0,0.01,26.99,0.0,May,2,2,1,2,Returning_Visitor,False,False
6,251.31,2,86.76,80,1942.66,0.0,0.01,8.52,0.0,Sep,2,2,9,1,Returning_Visitor,False,False
0,0.0,1,0.0,24,657.67,-0.01,0.03,0.0,0.8,May,2,2,1,7,Returning_Visitor,False,False
4,-13.55,1,73.73,119,3653.25,-0.07,-0.08,30.92,-0.55,Dec,2,6,1,2,Returning_Visitor,False,False
5,32.5,0,58.65,90,4858.25,0.0,0.01,-16.47,0.0,Nov,2,2,6,1,Returning_Visitor,False,True
1,-130.4,0,-208.06,46,463.4,0.09,0.09,1.17,0.0,Oct,2,2,1,1,Returning_Visitor,True,False
-1,120.57,-1,7.93,5,279.86,-0.09,-0.04,25.21,0.09,Aug,2,2,1,8,Returning_Visitor,False,False
1,-76.26,-1,-95.3,-19,-3435.12,-0.01,0.02,27.89,-0.04,Jul,2,2,7,2,New_Visitor,False,False
2,243.72,0,0.0,30,1665.51,0.03,0.05,0.0,-0.19,Oct,2,4,1,7,Returning_Visitor,False,False
0,-185.1,0,-76.63,63,1964.46,0.0,0.04,0.0,0.0,May,1,1,1,3,Returning_Visitor,True,False
3,-45.72,1,0.0,11,2128.22,0.0,0.04,26.8,0.12,Oct,2,2,1,1,Returning_Visitor,False,False
1,0.0,0,0.0,27,2485.93,0.03,0.07,10.14,-0.02,Dec,3,2,3,6,Returning_Visitor,False,False
5,173.82,-1,0.0,74,2837.17,0.03,0.03,-12.47,0.1,Aug,1,1,2,2,Returning_Visitor,False,False
6,81.77,3,48.3,64,2802.37,0.01,0.01,16.97,0.0,Oct,3,2,2,14,Returning_Visitor,False,False
2,65.0,1,0.0,13,1248.0,0.05,0.11,7.25,0.02,May,2,2,9,1,New_Visitor,False,False
1,51.32,0,-95.7,31,645.2,0.04,0.05,0.0,0.11,Jul,3,2,2,1,Returning_Visitor,False,False
6,-64.61,0,2.78,27,462.73,-0.03,0.01,36.97,0.0,Feb,2,1,1,10,Returning_Visitor,False,False
0,141.07,1,251.99,61,3010.14,0.02,0.01,0.0,0.0,Dec,1,5,8,2,Returning_Visitor,True,False
-2,-197.21,0,0.0,4,1004.65,0.0,0.04,19.07,0.0,Dec,1,1,1,4,Returning_Visitor,False,False
-4,-355.01,0,29.57,-33,153.9,0.02,0.06,0.0,0.27,Nov,3,2,6,3,Returning_Visitor,False,True
0,34.16,1,18.0,66,1736.45,0.0,0.04,0.0,0.6,May,2,2,4,2,Returning_Visitor,False,False
0,110.75,0,0.0,-57,-2352.85,0.2,0.18,-1.78,0.0,Dec,1,1,1,1,Returning_Visitor,False,False
2,140.58,2,152.19,53,1202.74,0.02,0.03,17.18,0.0,Nov,3,2,5,2,Returning_Visitor,True,False
5,436.61,1,0.0,75,2740.68,-0.01,0.02,-19.8,-0.17,Dec,2,2,1,4,Returning_Visitor,True,False
0,0.0,0,71.04,8,19.0,0.0,0.08,37.65,0.02,May,2,2,1,2,Returning_Visitor,True,False
0,-58.68,2,172.97,16,755.0,-0.02,0.02,-6.91,0.31,Nov,2,2,2,2,Returning_Visitor,True,True
-2,-205.25,0,0.0,6,910.86,0.01,0.02,0.5,0.41,Feb,3,2,7,3,Returning_Visitor,False,False
8,160.5,0,-73.71,109,4770.67,0.0,-0.01,5.18,0.0,Jul,2,2,2,1,Returning_Visitor,False,False
4,163.35,0,0.0,-17,78.33,-0.04,-0.01,0.0,0.0,Mar,4,2,4,4,Returning_Visitor,False,False
2,-13.81,1,0.0,6,-961.24,0.09,0.07,18.36,0.0,Dec,2,6,3,1,Returning_Visitor,True,False
0,-111.29,0,0.0,7,56.62,0.03,0.07,38.4,-0.04,Dec,2,3,1,3,Returning_Visitor,False,False
7,386.94,-1,-65.8,17,294.0,-0.03,0.01,-13.19,0.06,Aug,1,1,3,3,New_Visitor,False,False
-3,-82.89,1,53.0,16,911.85,0.0,0.01,-11.27,0.0,Oct,2,2,1,1,Returning_Visitor,False,False
2,96.0,0,0.0,70,1860.39,0.01,0.02,0.0,-0.04,May,2,2,1,4,New_Visitor,False,False
2,256.26,0,126.63,9,450.56,0.0,0.04,0.0,0.13,May,2,1,1,6,Returning_Visitor,False,False
-3,0.0,-2,0.0,28,824.23,0.02,0.05,0.29,0.02,Dec,3,2,4,6,Returning_Visitor,False,True
7,129.9,0,0.0,136,4439.76,0.06,0.03,0.0,0.36,Aug,2,2,3,8,Returning_Visitor,False,False
2,61.48,-1,0.0,-15,544.49,0.0,0.01,12.41,0.0,Feb,2,2,3,2,Returning_Visitor,False,False
4,81.7,0,-2.03,77,2280.26,-0.03,0.02,9.04,0.0,Sep,4,1,1,6,Returning_Visitor,False,False
1,-135.19,0,-16.38,-11,136.17,0.04,0.07,28.13,0.06,Feb,2,2,5,1,Returning_Visitor,True,False
4,364.08,0,31.85,15,898.05,0.06,0.06,0.0,-0.2,Nov,2,2,1,2,Returning_Visitor,False,False
2,64.5,0,-159.5,14,961.25,-0.01,0.02,-14.56,0.18,Aug,3,2,3,6,Returning_Visitor,False,False
6,155.0,0,0.0,104,3416.15,0.0,0.06,16.16,0.0,Mar,2,2,7,2,New_Visitor,False,False
5,14.0,0,0.0,-24,-446.65,-0.01,0.04,53.02,-0.17,Feb,1,1,2,2,Returning_Visitor,True,False
5,-98.02,0,23.2,80,2270.91,0.01,0.02,8.33,0.0,May,1,1,6,3,Returning_Visitor,False,False
5,3.21,-1,-204.13,11,-1023.22,0.0,0.03,-12.33,0.04,June,2,2,7,3,Returning_Visitor,True,True
5,20.26,2,232.81,19,91.5,0.05,0.08,0.0,0.33,May,3,2,4,6,Returning_Visitor,False,False
1,0.0,1,28.71,19,-29.12,0.0,0.02,3.89,0.0,Sep,4,2,5,2,Returning_Visitor,False,False
2,46.5,1,-165.6,15,117.5,0.07,0.06,5.79,-0.33,Feb,1,1,1,8,Returning_Visitor,False,False
-1,62.98,0,-132.19,9,261.7,0.0,0.02,11.18,0.0,Feb,3,2,1,1,New_Visitor,False,False
0,0.0,-1,-182.84,12,231.75,0.0,0.05,12.96,-0.01,Feb,2,2,8,6,Returning_Visitor,False,False
2,-94.88,0,0.0,-2,130.75,0.06,0.06,8.13,0.0,Nov,3,2,9,2,Returning_Visitor,True,False
6,17.2,0,54.81,11,-565.35,0.01,0.03,4.56,0.11,Nov,1,1,1,13,Returning_Visitor,False,False
3,56.63,2,309.73,58,2933.47,0.02,0.0,-25.97,0.0,Aug,3,2,6,1,Returning_Visitor,False,False
0,-90.57,-1,0.0,9,-262.79,0.0,0.02,12.84,0.36,Aug,2,5,3,4,Returning_Visitor,False,False
8,195.0,2,224.85,165,7859.5,0.01,0.02,4.7,0.0,May,2,2,1,2,Returning_Visitor,False,True
1,58.64,0,0.0,46,-291.52,0.06,0.1,-5.37,0.0,Mar,3,2,3,13,Returning_Visitor,False,False
7,163.67,2,45.36,8,484.2,-0.03,0.0,-6.49,0.42,Oct,3,2,6,11,Returning_Visitor,False,False
6,197.35,4,236.19,40,2788.94,0.08,0.1,17.19,0.0,Aug,3,2,4,11,Returning_Visitor,False,False
2,55.57,1,162.74,53,1825.49,0.0,0.02,-29.73,-0.16,Aug,1,2,6,2,Returning_Visitor,False,False
2,37.0,0,0.0,3,291.63,0.04,0.07,6.78,0.0,May,3,2,3,3,Returning_Visitor,False,False
1,-67.65,1,0.0,113,5178.53,0.0,0.01,0.0,0.0,Nov,2,4,3,1,Returning_Visitor,False,True
5,186.66,2,348.6,80,4098.33,0.04,0.07,-32.83,0.0,Nov,3,2,3,7,Returning_Visitor,False,False
1,0.0,2,0.0,59,2471.92,-0.0,0.03,7.46,0.44,Sep,3,2,6,3,Returning_Visitor,True,False
-2,62.37,0,11.64,11,-403.91,-0.02,0.02,-17.43,0.15,Dec,2,2,1,2,Returning_Visitor,False,False
0,146.5,0,-164.55,49,559.25,-0.02,-0.03,7.28,0.0,Dec,4,2,2,10,Returning_Visitor,False,False
2,287.2,0,0.0,-15,473.28,0.0,0.02,1.7,0.22,Oct,2,2,1,2,Returning_Visitor,True,False
2,0.0,0,77.5,88,2765.44,0.0,0.04,-40.63,0.13,May,2,2,6,3,Returning_Visitor,True,False
5,121.27,1,0.0,39,114.6,0.0,0.04,4.42,0.39,Mar,2,1,3,2,Returning_Visitor,True,False
3,192.92,1,-21.06,67,1316.08,0.05,0.0,3.89,0.0,Mar,2,2,9,2,Returning_Visitor,False,True
-3,89.15,0,-129.46,11,271.0,0.14,0.16,0.0,0.32,Feb,2,1,2,3,Returning_Visitor,False,False
2,-78.12,0,0.0,72,2349.16,-0.04,-0.05,0.0,0.0,Nov,2,2,1,2,Returning_Visitor,False,False
7,174.51,0,24.3,18,919.67,0.07,0.09,12.43,0.0,Mar,1,1,1,3,Returning_Visitor,True,False
0,69.03,-1,0.0,-34,-1494.47,0.2,0.2,-48.26,0.14,May,4,1,1,7,Returning_Visitor,False,False
-3,-87.16,0,0.0,4,352.0,0.13,0.15,-4.84,0.38,May,2,2,1,15,Returning_Visitor,True,False
4,106.5,0,-36.05,29,948.16,0.01,0.04,30.47,0.12,Aug,2,2,4,3,Returning_Visitor,True,False
-1,0.0,0,0.0,-54,-2517.27,0.0,0.07,-31.72,-0.16,Nov,2,2,3,6,Returning_Visitor,False,False
-1,13.12,0,191.75,27,0.0,0.08,0.08,-3.17,-0.16,Mar,2,2,6,3,Returning_Visitor,True,False
4,62.0,1,0.0,68,2308.14,0.05,0.03,0.0,0.0,Nov,2,2,6,2,Returning_Visitor,False,False
7,181.54,-1,0.0,56,2166.49,-0.02,0.01,29.06,0.0,Oct,3,2,3,3,Returning_Visitor,False,False
3,0.0,0,-127.0,8,412.17,0.07,0.09,-5.14,-0.04,Nov,3,2,4,1,New_Visitor,True,False
3,136.82,1,149.37,37,4339.37,0.01,0.03,13.66,0.0,Oct,2,2,4,9,Returning_Visitor,False,False
2,-129.63,1,148.5,24,1530.19,0.07,0.08,15.85,0.11,Mar,3,2,1,10,Returning_Visitor,False,False
3,380.43,2,112.51,39,1947.96,0.0,0.06,0.0,-0.62,Mar,2,2,5,2,Returning_Visitor,True,False
3,80.66,2,84.87,16,744.06,0.0,0.02,28.75,0.0,Jul,3,2,9,2,Returning_Visitor,True,False
2,46.26,-2,87.82,37,930.38,0.02,0.02,0.0,0.16,Oct,2,2,8,2,New_Visitor,True,False
0,128.72,0,0.0,11,722.7,-0.02,0.0,68.38,0.31,May,1,1,1,4,Returning_Visitor,False,True
7,135.5,3,240.92,50,824.67,0.01,0.0,2.73,0.17,Mar,2,1,2,9,Returning_Visitor,False,False
6,373.58,2,239.29,20,465.73,0.02,-0.0,29.82,-0.29,Dec,2,2,3,2,New_Visitor,False,False
1,22.0,-3,0.0,15,53.83,0.02,0.01,0.0,-0.02,Nov,2,2,2,2,Returning_Visitor,True,False
0,0.0,0,-55.57,51,1647.43,0.03,0.02,40.46,-0.06,May,3,2,1,1,Returning_Visitor,False,False
2,123.02,1,203.02,3,186.7,-0.07,-0.03,37.25,0.42,May,1,1,2,14,Returning_Visitor,False,False
2,97.07,-1,-237.78,2,-293.76,0.09,0.09,6.6,0.0,Jul,3,2,1,13,Returning_Visitor,False,False
0,-153.12,1,156.73,1,691.68,-0.06,-0.0,0.0,-0.06,May,2,2,2,2,Returning_Visitor,False,False
0,0.0,-1,-64.26,43,1146.5,0.01,0.04,17.79,0.6,May,4,1,6,4,Returning_Visitor,False,False
-3,-146.95,-1,0.0,9,308.33,0.0,0.03,-6.19,0.0,Nov,3,2,2,18,Returning_Visitor,True,False
6,211.64,1,0.0,28,137.7,0.0,0.01,0.0,0.0,Mar,3,2,1,2,Returning_Visitor,False,True
5,207.72,0,44.34,-28,-841.22,-0.08,-0.05,-4.72,0.0,May,2,2,3,2,Returning_Visitor,False,True
1,0.0,0,0.0,56,1552.1,0.03,0.04,31.61,-0.37,Nov,1,1,6,2,Returning_Visitor,True,False
2,241.65,0,-74.21,72,1864.53,-0.03,-0.02,12.62,0.02,Mar,4,2,1,4,New_Visitor,False,False
1,0.0,5,497.83,26,851.67,0.01,0.0,30.71,0.0,Oct,2,2,1,2,New_Visitor,True,False
7,146.25,0,0.0,42,581.75,-0.03,0.01,0.0,0.0,Mar,2,2,3,5,New_Visitor,False,False
0,0.0,-1,-37.69,12,162.0,0.05,0.07,-12.5,0.0,Jul,4,1,1,3,Returning_Visitor,False,False
-1,-126.84,0,0.0,19,1221.88,0.01,0.0,33.44,0.0,Feb,1,1,9,2,Returning_Visitor,False,False
-4,57.36,0,12.17,-9,713.1,0.03,0.05,0.0,0.0,May,2,2,3,8,Returning_Visitor,True,False
4,117.02,1,0.0,84,1801.17,0.0,0.03,0.0,0.0,May,1,3,4,3,New_Visitor,False,False
4,149.66,2,0.0,34,883.93,-0.0,0.01,29.85,0.31,Oct,2,2,3,4,New_Visitor,False,False
0,0.0,0,152.85,23,415.0,0.0,0.05,0.0,0.12,Sep,2,2,3,2,Returning_Visitor,False,False
7,301.48,3,162.73,121,3362.75,0.0,0.01,4.21,0.33,Mar,1,1,1,5,Returning_Visitor,False,False
4,80.0,0,0.0,71,2466.94,0.0,0.0,0.0,0.32,Nov,3,4,6,3,Returning_Visitor,False,False
2,5.0,1,0.0,-4,20.0,-0.03,0.0,11.66,0.8,May,1,1,2,4,New_Visitor,False,False
6,0.0,0,141.82,1,-307.95,0.03,0.06,19.51,0.0,Dec,1,1,1,1,Returning_Visitor,False,False
0,54.2,-1,9.42,6,81.38,0.01,0.02,25.03,0.0,Dec,2,4,3,2,Returning_Visitor,True,False
2,375.42,1,0.0,29,1843.06,0.07,0.05,0.0,0.0,Dec,2,2,4,2,Returning_Visitor,False,False
0,0.0,-1,0.0,-34,-1789.11,0.04,0.1,0.0,-0.17,Mar,2,2,1,3,Returning_Visitor,False,False
5,88.25,0,62.04,37,1592.21,0.0,0.0,-15.4,-0.3,Mar,2,2,7,2,Returning_Visitor,False,True
2,112.16,1,0.0,20,1403.72,0.03,0.05,0.0,0.02,Nov,2,2,1,4,Returning_Visitor,False,False
3,15.42,0,0.0,-9,434.49,0.05,0.09,29.17,-0.14,May,1,1,9,2,Returning_Visitor,False,False
2,268.08,0,-67.79,-13,-785.22,0.05,0.09,-7.21,0.54,Sep,2,2,1,13,Returning_Visitor,False,True
0,0.0,1,332.91,2,0.0,0.01,0.05,0.0,-0.22,Nov,2,4,7,2,New_Visitor,True,False
0,0.0,-1,-99.8,2,403.0,0.08,0.15,-12.64,0.63,May,2,2,3,3,Returning_Visitor,True,False
-1,-36.42,0,148.15,79,2232.5,-0.01,0.01,-3.16,0.0,Jul,2,2,9,2,New_Visitor,False,False
0,0.0,1,0.0,22,1246.71,0.01,0.06,11.77,0.0,Dec,3,2,1,10,Returning_Visitor,False,False
3,215.42,2,127.57,20,457.25,-0.08,-0.07,7.77,0.21,Aug,1,2,4,2,Returning_Visitor,False,True
4,0.0,0,0.0,7,245.4,0.0,0.01,3.27,-0.28,Dec,3,2,1,4,Returning_Visitor,False,False
0,20.62,1,-52.72,74,2808.67,-0.05,-0.02,-8.56,0.0,Mar,2,2,1,10,Returning_Visitor,False,False
11,423.3,1,92.55,111,4257.14,0.01,-0.02,15.97,0.02,Mar,3,2,1,6,Returning_Visitor,False,False
0,-29.81,-1,154.75,8,-618.84,0.05,0.09,0.0,0.12,Nov,2,2,7,4,Returning_Visitor,True,False
4,256.5,0,71.37,27,790.85,0.11,0.15,0.0,0.0,Nov,2,2,7,11,Returning_Visitor,False,True
0,0.0,-1,0.0,93,2719.73,0.0,0.02,-27.2,0.0,Nov,2,4,3,4,Returning_Visitor,False,False
0,0.0,1,164.35,124,4680.96,0.0,-0.02,19.01,0.0,Nov,2,2,7,1,Returning_Visitor,False,False
4,116.79,2,68.28,49,2073.38,0.03,0.06,0.0,0.11,Dec,3,2,3,1,Returning_Visitor,False,False
0,91.77,-1,-175.97,30,0.0,0.2,0.2,-7.88,0.41,May,2,2,2,13,Returning_Visitor,False,False
2,0.0,0,0.0,16,885.75,0.0,0.02,28.21,-0.13,Dec,1,1,1,2,Returning_Visitor,True,False
5,328.61,4,140.83,16,370.67,0.04,0.06,0.0,0.06,Aug,3,2,3,2,Returning_Visitor,False,False
0,-54.84,0,-334.47,25,1497.26,0.01,0.04,4.5,0.08,May,2,2,2,13,Returning_Visitor,False,False
-1,0.0,0,0.0,32,1336.92,0.09,0.11,5.56,0.0,May,1,1,2,4,Returning_Visitor,False,False
9,79.28,0,0.0,29,2351.05,-0.02,0.03,32.07,0.0,May,2,2,6,1,Returning_Visitor,True,False
5,246.51,0,0.0,49,1485.47,0.0,0.01,-10.77,0.06,Mar,1,1,4,2,Returning_Visitor,False,False
-1,0.0,-1,-142.65,-22,34.0,0.11,0.15,14.58,-0.18,Sep,2,2,3,7,New_Visitor,False,False
0,110.73,1,65.1,3,745.63,0.05,0.08,-6.12,0.14,May,1,1,1,3,Returning_Visitor,False,False
4,178.01,0,80.81,12,-56.29,0.0,0.02,8.78,0.0,Oct,2,2,2,2,Returning_Visitor,False,False
5,48.67,0,14.45,66,2436.11,0.01,-0.0,18.57,0.62,Aug,2,2,1,1,Returning_Visitor,False,False
2,76.49,0,0.0,30,1252.6,0.03,0.06,0.0,0.2,Aug,2,2,9,1,New_Visitor,False,False
3,48.35,0,-114.08,32,676.27,0.01,-0.0,12.81,0.0,Oct,3,2,3,1,Returning_Visitor,False,False
0,0.0,1,0.0,26,1827.83,0.06,0.07,27.83,0.12,Mar,2,2,3,2,Returning_Visitor,True,False
0,0.0,0,-2.13,-31,-1174.41,0.06,0.07,-12.3,0.24,Mar,1,1,3,1,Returning_Visitor,False,False
2,4.49,0,143.16,10,905.46,0.0,0.02,0.0,0.0,Oct,2,2,2,2,New_Visitor,True,False
0,-195.9,0,-204.96,26,107.8,0.06,0.1,0.0,-0.04,Oct,2,2,2,13,Returning_Visitor,False,False
2,365.71,-1,-80.43,91,3222.19,0.09,0.08,0.0,0.0,Mar,3,2,1,2,Returning_Visitor,False,False
3,146.16,1,271.79,-17,361.23,0.01,0.03,29.22,0.0,Oct,1,1,1,2,Returning_Visitor,True,False
1,-48.83,0,-213.71,17,1173.0,-0.12,-0.06,76.78,-0.31,Nov,2,2,9,2,Returning_Visitor,False,False
0,0.0,0,162.14,37,145.12,0.0,-0.01,0.0,-0.04,Dec,2,6,4,14,Returning_Visitor,False,False
0,0.0,0,234.25,14,1434.86,0.01,0.04,-11.44,0.15,Feb,2,2,4,1,Returning_Visitor,True,False
1,239.11,-1,0.0,2,-505.04,0.1,0.1,-15.91,-0.06,Feb,3,2,1,1,Returning_Visitor,True,False
0,0.0,0,-72.35,49,1251.05,0.03,0.03,0.0,-0.09,May,2,2,2,3,Returning_Visitor,False,False
1,29.2,2,0.0,18,199.28,0.02,0.06,0.0,0.0,Nov,1,1,3,2,Returning_Visitor,False,False
-3,0.0,0,115.0,-85,-3290.68,0.14,0.2,-3.1,0.0,Nov,2,2,4,13,Returning_Visitor,False,False
4,-43.54,1,76.41,16,1280.17,-0.03,0.01,39.82,-0.12,Nov,2,2,1,4,New_Visitor,True,True
8,376.5,4,221.39,104,3620.43,0.0,0.02,7.35,0.4,May,1,1,2,20,Returning_Visitor,False,False
6,0.0,2,111.44,45,1539.0,-0.01,-0.02,31.35,0.06,Feb,3,2,1,2,Returning_Visitor,True,False
1,383.8,0,30.38,11,1198.56,-0.01,0.02,10.14,-0.04,Jul,1,1,9,2,New_Visitor,False,False
-1,-52.94,0,-118.07,23,867.98,-0.01,0.05,0.0,0.0,Oct,3,2,3,1,Returning_Visitor,False,False
2,-15.71,0,94.14,124,4136.35,0.2,0.2,0.0,0.0,Dec,3,2,3,3,Returning_Visitor,False,False
4,44.0,0,23.7,15,355.0,0.0,0.02,0.0,0.4,May,2,2,2,4,Returning_Visitor,False,False
0,89.94,0,50.38,1,227.77,0.2,0.2,3.24,0.08,Dec,2,2,4,1,Returning_Visitor,False,False
0,0.0,0,-47.83,2,109.56,0.0,0.03,-4.04,0.22,Aug,1,1,4,10,New_Visitor,False,False
1,0.0,2,0.0,-6,0.0,0.16,0.2,34.25,0.0,May,2,2,3,1,Returning_Visitor,True,False
0,-72.26,0,0.0,4,198.75,0.02,0.02,0.0,0.06,Mar,2,5,4,3,Returning_Visitor,False,False
-1,-36.11,3,272.46,78,1896.97,0.01,0.04,28.38,0.23,Oct,1,1,1,2,Returning_Visitor,False,False
4,157.52,1,32.78,21,-48.9,0.0,0.04,0.0,0.22,Feb,3,2,1,13,Returning_Visitor,False,False
1,139.54,1,0.0,66,1239.7,0.0,0.02,-34.24,0.31,Aug,2,2,3,4,Returning_Visitor,False,False
9,317.25,1,-39.12,111,3633.3,-0.0,0.01,37.08,-0.19,Nov,2,2,2,2,Returning_Visitor,False,False
0,0.0,0,97.43,-15,-596.34,0.05,0.08,0.0,0.8,May,2,2,4,7,Returning_Visitor,False,False
1,-96.21,0,0.0,43,1363.03,0.06,0.07,-17.82,0.0,Jul,2,4,3,2,Returning_Visitor,False,True
8,403.92,3,100.6,53,1196.22,0.01,0.05,0.0,0.8,May,2,2,2,6,Returning_Visitor,False,False
9,421.6,1,47.19,54,1918.01,-0.1,-0.08,0.0,-0.25,Jul,2,2,4,2,Returning_Visitor,True,False
1,14.0,0,0.0,7,170.75,0.0,0.02,1.48,-0.2,Nov,1,1,9,2,Returning_Visitor,False,False
0,23.12,0,-43.69,-11,113.67,-0.01,0.02,0.0,0.08,Nov,2,2,4,9,Returning_Visitor,False,False
2,0.0,0,0.0,17,825.69,0.02,0.06,7.24,0.4,Feb,2,2,7,3,Returning_Visitor,False,False
-6,-165.05,-1,79.59,-29,-62.35,0.0,0.06,0.0,0.42,Aug,2,2,1,3,Returning_Visitor,False,False
3,308.74,1,107.43,25,1391.52,0.04,0.04,24.2,0.01,Aug,2,5,3,4,Returning_Visitor,False,False
0,0.0,0,91.3,8,177.33,0.07,0.09,-15.63,0.06,Oct,2,2,4,1,Returning_Visitor,False,False
-4,0.0,0,-46.06,-15,19.0,0.06,0.1,-22.91,-0.02,Mar,1,1,3,1,Returning_Visitor,False,False
-3,-178.92,0,31.6,-30,0.0,0.2,0.2,-33.63,-0.25,Jul,3,3,2,6,Returning_Visitor,True,False
1,-150.01,0,-95.68,15,469.01,0.01,0.02,0.0,0.22,Aug,1,2,1,13,Returning_Visitor,False,False
2,0.0,0,-77.11,25,-108.69,-0.06,0.0,-15.32,0.24,Feb,1,1,8,18,Returning_Visitor,False,False
8,190.72,2,49.73,12,309.7,0.01,0.01,18.83,0.19,Feb,2,2,1,1,Returning_Visitor,False,False
2,-32.85,0,0.0,16,450.83,0.04,0.07,-11.36,0.0,May,3,2,7,1,Returning_Visitor,False,False
3,238.48,1,0.0,13,269.23,0.0,0.02,-16.2,0.0,May,2,2,9,4,New_Visitor,False,False
0,92.0,-1,96.52,80,2046.32,0.01,0.03,36.93,0.8,May,2,2,1,4,New_Visitor,False,False
3,0.0,-1,-44.96,24,778.17,0.0,0.01,0.0,0.0,Nov,3,2,1,1,Returning_Visitor,False,False
-2,-32.98,1,0.0,43,1582.7,0.0,0.01,-9.69,0.0,Nov,1,1,3,5,Returning_Visitor,False,False
1,5.0,0,0.0,19,1395.33,0.03,0.05,0.0,0.56,May,2,2,8,6,Returning_Visitor,True,False
2,0.0,0,0.0,82,3389.8,0.03,0.05,11.77,0.0,Sep,2,2,1,3,Returning_Visitor,False,False
-1,-38.97,0,0.0,2,0.0,0.2,0.22,-8.7,0.2,May,3,2,2,11,Returning_Visitor,False,False
2,0.0,0,0.0,19,464.46,0.06,0.04,0.0,0.31,Sep,3,2,1,1,Returning_Visitor,False,False
7,335.59,2,247.74,89,2860.7,-0.05,-0.03,26.69,-0.33,Nov,2,4,8,4,New_Visitor,False,False
2,157.99,0,88.85,4,45.0,0.03,0.07,25.0,0.06,Mar,2,2,1,2,Returning_Visitor,True,False
0,64.5,0,-33.91,23,1357.74,-0.02,0.01,4.82,-0.14,Mar,3,2,4,1,Returning_Visitor,True,False
0,44.07,-2,34.0,18,271.17,0.0,0.01,18.46,0.38,May,2,4,2,4,New_Visitor,False,False
-2,38.58,-1,9.0,49,584.38,0.04,0.05,-5.08,-0.17,Jul,1,1,1,2,Returning_Visitor,False,True
2,-2.3,0,0.0,75,2782.74,0.0,0.04,24.69,0.09,June,3,2,5,4,New_Visitor,True,False
-3,143.54,0,0.0,2,49.65,0.0,0.06,0.0,0.18,May,4,1,1,3,Returning_Visitor,False,False
1,-46.02,0,0.0,5,789.11,0.03,0.04,32.1,0.0,Sep,2,6,2,10,Returning_Visitor,False,False
0,2.47,-1,-103.5,16,1485.73,-0.02,0.02,2.31,0.03,Dec,1,1,4,2,Returning_Visitor,False,False
3,43.0,0,-87.53,11,427.17,-0.06,-0.02,-14.38,0.02,Jul,1,1,3,2,Returning_Visitor,True,False
3,46.46,0,-70.26,16,1628.24,0.0,-0.01,-21.71,0.0,Aug,2,4,1,2,Returning_Visitor,False,False
1,80.05,0,61.95,17,287.38,0.0,0.01,20.34,0.0,Nov,2,2,1,4,Returning_Visitor,False,False
0,0.0,-1,0.0,79,2102.75,0.05,0.08,-16.04,-0.02,Jul,1,1,3,1,Returning_Visitor,False,False
7,331.7,0,56.0,10,229.02,0.0,-0.01,47.18,0.0,Mar,3,2,3,3,Returning_Visitor,True,False
1,102.58,1,199.13,28,385.0,0.0,0.03,2.98,0.14,Dec,2,2,1,2,New_Visitor,False,False
2,-130.63,2,298.33,51,1788.37,0.12,0.14,8.22,-0.15,Nov,3,2,3,1,Returning_Visitor,True,True
3,137.45,0,0.0,45,747.04,0.02,0.03,18.27,-0.07,Dec,2,2,1,4,Returning_Visitor,False,False
4,125.6,0,-193.92,38,-665.64,0.0,0.03,7.25,0.0,Aug,3,6,2,1,Returning_Visitor,False,False
1,0.0,0,-138.31,16,1352.07,0.0,-0.01,-6.26,0.0,Dec,2,4,6,20,Returning_Visitor,False,False
-1,0.0,0,0.0,8,-194.09,0.0,0.06,35.16,0.0,Dec,1,1,1,1,Returning_Visitor,False,False
3,-256.55,0,0.0,29,800.14,0.03,0.03,0.0,-0.09,Dec,2,2,1,4,Returning_Visitor,False,False
0,166.97,0,0.0,9,627.22,0.01,0.06,27.89,0.0,Aug,3,2,7,13,Returning_Visitor,False,True
-2,0.0,0,0.0,3,725.57,0.0,0.1,0.0,-0.02,May,4,1,4,11,Returning_Visitor,False,False
6,330.12,1,208.14,129,3695.87,0.01,0.02,2.17,0.0,Oct,3,2,3,12,Returning_Visitor,False,True
-1,46.14,1,196.38,23,1346.63,0.04,0.04,0.0,-0.12,Nov,2,2,3,6,Returning_Visitor,True,False
4,385.59,1,0.0,16,1181.99,0.0,0.03,11.73,0.17,Jul,2,2,9,1,Returning_Visitor,True,False
3,6.0,0,0.0,-31,-1496.54,0.02,0.01,5.35,-0.32,Dec,3,2,4,2,Returning_Visitor,True,False
0,13.93,0,0.0,-3,530.58,0.02,0.05,0.0,0.15,Nov,1,1,4,3,Returning_Visitor,False,False
1,84.28,0,-144.98,29,2059.3,0.0,0.03,-22.16,-0.08,Jul,1,1,2,15,Returning_Visitor,False,True
0,194.22,1,0.0,13,517.4,0.0,0.01,4.86,-0.13,Nov,3,6,7,2,Returning_Visitor,True,True
0,-174.61,0,-74.47,11,1150.26,0.0,0.02,0.0,0.36,May,2,2,4,1,Returning_Visitor,False,False
7,279.92,4,382.61,190,7362.34,0.01,0.02,-11.2,0.0,Aug,4,2,4,2,Returning_Visitor,False,False
0,0.0,0,0.0,23,798.3,0.03,0.08,21.56,0.4,Aug,2,2,5,4,Returning_Visitor,True,False
0,-43.83,0,-32.94,73,2402.15,0.06,0.09,-6.91,0.0,Dec,4,1,7,1,Returning_Visitor,False,False
1,5.0,2,134.0,20,433.04,0.01,0.06,9.18,0.2,Jul,2,2,2,2,Returning_Visitor,False,False
2,-14.99,-2,0.0,21,586.19,-0.04,-0.02,37.54,0.19,Oct,1,1,3,9,Returning_Visitor,False,False
4,336.22,1,0.0,30,1307.67,0.05,0.05,0.0,0.0,May,2,2,4,2,Returning_Visitor,False,False
0,0.0,0,60.81,-15,47.0,0.08,0.09,0.0,0.0,May,2,2,1,3,Returning_Visitor,False,False
3,31.93,0,0.0,78,1802.21,0.0,0.02,7.15,-0.13,Mar,3,2,7,1,Returning_Visitor,False,False
3,91.47,2,23.0,86,2922.74,0.0,0.02,-17.06,0.32,Dec,2,2,4,6,Returning_Visitor,False,True
4,72.94,2,33.38,78,2298.79,0.06,0.04,0.0,0.16,May,3,2,8,7,Returning_Visitor,False,False
7,507.1,2,93.17,151,3990.44,0.01,0.02,5.89,0.0,Jul,2,2,2,11,Returning_Visitor,False,False
1,45.0,0,-100.91,13,1977.0,0.0,0.04,0.0,0.0,Nov,1,1,6,3,Returning_Visitor,False,False
3,71.38,0,0.0,30,1341.2,0.0,0.01,19.32,0.16,May,3,2,6,11,Returning_Visitor,False,True
1,331.71,0,0.0,32,2194.06,-0.03,-0.0,10.3,0.0,Oct,1,1,6,2,New_Visitor,False,False
0,58.55,0,0.0,-17,782.95,0.02,0.04,-5.95,0.0,Mar,2,2,1,10,Returning_Visitor,False,False
1,83.5,-1,7.95,9,430.5,-0.01,0.02,0.0,0.0,Jul,2,2,4,2,Returning_Visitor,False,False
3,229.07,0,-15.52,44,1546.09,-0.0,0.02,3.6,0.23,Nov,4,1,1,5,Returning_Visitor,False,False
3,110.5,0,48.0,46,156.0,-0.1,-0.1,20.86,0.33,Oct,2,2,1,4,New_Visitor,False,False
7,241.99,1,91.0,41,1548.09,0.02,0.03,18.42,0.0,Jul,1,1,3,2,New_Visitor,True,False
8,89.9,2,20.0,84,1854.92,-0.04,-0.06,3.17,0.0,Jul,2,2,2,2,Returning_Visitor,False,False
3,281.94,0,-43.67,-8,203.0,-0.0,0.01,0.0,-0.14,Nov,3,2,5,2,Returning_Visitor,False,False
0,0.0,1,87.16,41,-779.82,0.0,0.01,-16.05,0.0,Nov,2,1,1,2,Returning_Visitor,True,False
0,0.0,-1,-52.49,2,813.26,0.2,0.21,0.0,0.19,Mar,1,1,2,1,Returning_Visitor,True,False
0,-34.13,-2,-91.16,-56,-1087.36,0.01,0.04,27.81,0.03,May,1,1,4,4,Returning_Visitor,True,False
3,171.67,3,86.67,-10,1284.66,-0.01,0.03,12.11,0.0,Nov,2,4,1,1,Returning_Visitor,False,False
6,221.79,0,15.71,31,2448.8,0.03,0.05,0.0,0.0,Aug,3,2,3,13,Returning_Visitor,False,False
-1,19.7,2,91.53,67,1891.18,-0.05,-0.06,0.0,-0.03,Feb,1,1,1,2,Returning_Visitor,False,False
0,0.0,0,187.53,6,48.33,-0.01,0.01,0.0,0.02,Jul,2,2,4,6,Returning_Visitor,False,False
1,50.5,0,74.35,27,916.92,0.02,0.06,0.0,0.04,Oct,2,2,1,7,New_Visitor,True,True
0,-8.73,-2,-141.07,-3,155.0,0.08,0.08,0.0,-0.11,Nov,2,1,3,3,Returning_Visitor,False,False
5,268.05,1,-136.95,12,905.5,-0.02,0.03,17.28,0.0,Mar,3,1,1,13,Returning_Visitor,False,True
2,108.62,0,0.0,-63,-2286.37,-0.02,0.03,-34.25,0.17,May,2,2,1,1,Returning_Visitor,False,True
3,262.35,-1,0.0,22,456.52,0.02,0.03,21.3,0.0,Aug,1,1,1,2,Returning_Visitor,True,False
2,-126.3,-1,55.98,-8,1689.28,0.03,0.04,0.0,0.02,Mar,3,2,6,1,Returning_Visitor,True,False
4,106.8,0,-197.65,-29,-997.71,0.01,0.01,39.52,0.13,Oct,2,2,3,2,New_Visitor,True,False
7,0.0,0,-109.77,52,2080.0,0.0,0.04,-3.12,0.11,Dec,2,2,7,2,Returning_Visitor,True,False
0,0.0,0,18.0,-23,46.0,0.14,0.17,0.0,-0.21,Dec,3,2,5,10,New_Visitor,False,False
-3,33.0,0,0.0,29,386.42,0.07,0.08,0.0,-0.0,Dec,2,2,3,2,Returning_Visitor,True,True
4,-176.56,0,-23.53,21,0.0,0.22,0.2,0.0,-0.06,Feb,3,2,1,3,Returning_Visitor,False,False
0,98.98,0,0.0,18,97.83,0.03,0.08,0.0,0.12,Dec,3,2,2,1,Returning_Visitor,False,False
5,84.33,3,0.0,55,1699.8,0.04,0.1,20.83,0.47,May,4,1,5,13,Returning_Visitor,False,False
0,0.0,0,-64.45,42,1385.49,-0.0,0.02,49.52,0.0,Mar,2,4,3,1,New_Visitor,False,True
5,52.5,0,164.09,24,1365.5,0.0,0.05,42.91,0.0,May,2,7,7,4,Returning_Visitor,True,False
1,237.25,0,94.28,16,454.23,0.01,0.05,0.0,0.0,Dec,4,1,3,2,Returning_Visitor,False,False
-3,51.0,2,176.0,37,1420.73,-0.01,0.01,8.34,-0.07,Oct,1,1,1,3,Returning_Visitor,True,True
0,-134.89,2,71.83,35,56.75,-0.02,0.02,0.0,0.48,Nov,4,1,1,2,Returning_Visitor,False,False
1,-2.75,-1,129.22,37,279.0,0.03,0.04,0.0,0.27,Mar,2,2,2,1,Returning_Visitor,False,False
0,0.0,0,-18.47,40,1444.92,0.0,0.07,11.15,0.0,Dec,1,1,1,2,Returning_Visitor,False,False
2,131.5,1,160.84,13,-37.82,0.01,0.01,9.35,-0.54,Nov,1,1,1,1,Returning_Visitor,True,True
5,-17.69,3,299.92,20,121.7,0.05,0.06,18.2,0.0,Dec,2,4,1,1,Returning_Visitor,True,False
1,-243.16,1,0.0,20,1617.26,0.0,0.04,-7.83,0.02,Mar,2,2,1,9,Returning_Visitor,True,True
0,0.0,1,-95.7,62,1200.35,0.0,-0.0,20.65,-0.01,Nov,2,2,1,1,Returning_Visitor,False,False
4,349.91,2,228.27,72,1948.71,0.04,0.02,14.69,0.0,May,1,2,1,2,Returning_Visitor,False,True
1,271.75,1,162.81,40,675.2,0.03,0.06,6.03,0.0,Dec,3,2,3,13,Returning_Visitor,False,False
2,125.38,0,242.57,178,6817.94,0.0,0.01,-9.36,-0.06,Nov,2,2,2,3,Returning_Visitor,False,True
0,-94.81,0,0.0,3,-197.01,0.0,0.03,0.0,0.03,Dec,2,2,9,2,New_Visitor,False,False
1,-50.81,-1,-67.59,87,3111.9,-0.02,0.02,10.68,0.0,May,4,1,7,3,Returning_Visitor,True,False
1,-95.54,-1,0.0,5,1253.5,0.01,0.05,13.95,-0.04,Feb,3,2,9,2,Returning_Visitor,False,False
1,220.55,1,52.88,18,299.27,0.02,0.04,0.0,0.42,Dec,3,2,2,2,Returning_Visitor,False,False
8,305.02,2,103.55,45,1014.24,-0.01,0.02,-4.2,-0.07,Oct,3,2,4,2,Returning_Visitor,False,False
-1,-89.94,0,0.0,20,1069.17,0.0,0.01,7.23,0.15,Mar,2,5,2,3,Returning_Visitor,False,False
2,80.5,1,10.07,29,1217.36,0.0,0.03,0.0,-0.04,Feb,4,1,1,2,New_Visitor,True,False
3,158.4,2,0.0,133,4067.07,-0.02,0.01,8.97,-0.08,Nov,2,2,1,3,Returning_Visitor,False,True
4,148.25,0,46.63,7,179.96,0.07,0.1,-15.48,0.14,Nov,2,2,6,8,Returning_Visitor,True,True
0,-185.07,0,-41.55,1,17.0,-0.05,-0.02,36.27,-0.02,Nov,2,2,1,6,Returning_Visitor,False,False
3,0.0,-1,0.0,34,582.27,0.06,0.11,8.98,0.19,May,2,2,5,1,Returning_Visitor,True,False
15,904.58,4,214.5,62,4096.16,0.01,0.03,8.96,0.0,Mar,3,2,3,2,Returning_Visitor,False,True
-1,5.0,2,15.97,125,3794.21,0.03,0.0,0.0,0.0,Aug,4,1,9,1,Returning_Visitor,False,False
6,258.61,0,-86.04,9,-40.66,0.0,0.01,0.0,0.03,Feb,3,2,1,7,Returning_Visitor,True,False
7,147.06,0,80.45,27,770.31,0.03,0.03,13.02,0.0,Oct,1,8,3,4,Returning_Visitor,False,True
1,45.4,0,44.76,41,1265.31,0.04,0.04,0.0,0.0,Oct,1,1,4,3,Returning_Visitor,False,False
7,123.0,0,14.29,26,529.33,0.0,0.01,19.33,0.18,Aug,2,1,2,14,Returning_Visitor,False,False
2,0.0,0,-48.98,28,1425.58,0.01,0.03,26.34,0.0,Dec,2,4,4,1,Returning_Visitor,False,False
0,0.0,-1,0.0,8,-224.29,0.1,0.14,0.0,0.0,Nov,3,2,3,3,Returning_Visitor,False,True
1,192.09,0,0.0,15,1839.85,0.0,0.04,-5.69,0.04,Nov,2,5,1,1,New_Visitor,False,False
5,71.49,1,-79.74,121,3936.67,0.0,0.02,10.84,-0.07,Mar,3,2,3,1,Returning_Visitor,False,False
3,0.0,0,227.33,6,127.0,0.0,0.01,7.74,0.22,May,2,4,3,4,Returning_Visitor,False,False
3,228.97,0,134.57,9,771.5,0.02,0.04,0.0,0.06,Mar,4,1,2,2,Returning_Visitor,True,False
0,0.0,0,-49.33,12,201.67,0.12,0.14,0.0,0.41,May,2,2,3,1,Returning_Visitor,False,False
3,125.54,2,146.0,-50,-649.19,-0.08,-0.02,20.79,0.0,May,2,2,1,4,Returning_Visitor,True,False
5,398.12,4,84.25,141,5473.25,0.01,0.02,20.48,0.0,Feb,2,2,7,2,Returning_Visitor,False,False
-1,-12.57,0,0.0,15,130.05,-0.0,0.05,0.0,0.0,Dec,1,1,3,1,New_Visitor,False,False
4,55.15,0,36.6,61,2673.3,0.01,0.02,25.55,0.09,Sep,3,2,1,2,Returning_Visitor,True,False
8,279.28,1,186.42,-8,835.42,0.0,0.02,25.66,0.37,Dec,2,2,1,1,Returning_Visitor,False,True
0,0.0,0,-14.83,16,1441.39,0.05,0.03,13.71,0.12,Nov,1,1,1,4,Returning_Visitor,False,False
-4,0.0,0,170.79,36,809.17,0.03,0.07,22.99,0.6,May,3,4,4,3,Returning_Visitor,False,False
1,304.83,3,194.08,65,2415.01,0.01,0.01,6.15,0.0,May,2,2,3,6,New_Visitor,True,False
0,0.0,0,0.0,35,396.46,-0.02,0.02,11.18,0.0,Feb,4,2,4,1,Returning_Visitor,False,False
2,209.68,1,119.11,38,1667.91,0.04,0.07,6.15,0.04,Dec,3,2,1,5,Returning_Visitor,False,False
0,-130.27,0,0.0,12,312.67,0.0,0.03,8.35,0.0,Nov,1,1,2,1,Returning_Visitor,True,False
2,35.0,0,33.84,2,6.0,0.0,0.05,21.96,0.0,Mar,2,2,5,3,New_Visitor,False,False
4,127.0,0,0.0,32,2423.75,-0.0,-0.02,23.62,0.02,Aug,1,1,3,4,Returning_Visitor,False,True
0,-32.45,-1,0.0,34,1516.32,-0.02,0.0,0.0,0.0,Aug,2,2,3,3,Returning_Visitor,False,False
0,175.5,0,13.13,3,36.25,0.02,0.01,0.0,0.39,May,2,2,4,2,Returning_Visitor,False,False
10,586.24,0,0.0,15,-471.61,0.04,0.04,29.27,0.09,May,4,1,3,4,New_Visitor,True,False
3,-65.91,1,152.2,74,1556.49,-0.0,0.04,-18.72,-0.02,Jul,1,1,1,1,Returning_Visitor,False,True
1,264.25,0,-31.56,11,708.07,0.08,0.12,0.0,0.43,May,2,2,3,3,Returning_Visitor,False,True
4,34.2,0,-57.83,-79,-3549.04,-0.03,0.02,22.01,-0.06,Sep,2,2,1,3,New_Visitor,True,False
3,71.92,1,4.64,27,111.67,-0.03,0.03,14.97,0.0,Oct,1,1,4,4,Returning_Visitor,True,False
0,-17.83,1,24.62,51,1056.98,0.1,0.12,0.0,0.23,Nov,2,2,1,5,Returning_Visitor,False,False
8,37.37,0,83.57,79,2289.18,0.0,-0.01,29.32,0.0,May,3,2,6,2,New_Visitor,False,True
1,9.0,0,88.96,-21,-1049.15,0.0,0.02,-9.26,0.4,May,3,2,8,2,New_Visitor,False,True
1,-198.72,-1,4.0,33,711.36,0.0,0.01,0.0,-0.11,Oct,1,1,4,3,New_Visitor,False,False
4,0.0,1,128.6,5,480.92,-0.01,0.02,0.0,0.2,Dec,2,2,3,14,Returning_Visitor,False,False
6,364.63,1,-52.15,22,954.47,0.04,0.03,0.0,0.0,Mar,3,2,1,1,Returning_Visitor,True,False
1,11.0,1,0.0,-3,1526.58,0.01,0.02,0.0,0.13,Mar,3,5,1,3,Returning_Visitor,True,False
7,109.5,0,-48.05,30,349.7,-0.02,0.02,0.0,-0.23,Oct,2,2,1,6,Returning_Visitor,True,False
1,36.0,0,0.0,21,1661.75,0.0,0.02,0.0,0.06,June,2,2,3,15,Returning_Visitor,False,False
-2,0.0,-1,77.42,-15,118.37,0.06,0.11,0.0,-0.2,Mar,4,1,1,11,Returning_Visitor,False,False
0,0.0,0,0.0,8,1050.05,-0.1,-0.09,0.0,0.03,Feb,2,2,1,2,New_Visitor,False,False
0,0.0,1,184.16,31,763.02,0.0,0.03,0.0,0.45,Sep,1,1,2,2,New_Visitor,False,False
1,0.0,2,240.05,55,3792.15,0.01,0.03,-5.25,0.0,Oct,2,2,3,10,Returning_Visitor,False,False
-2,-54.78,0,0.0,1,-39.9,0.17,0.2,-10.64,0.8,Feb,2,2,9,1,Returning_Visitor,False,False
3,-34.76,0,190.69,48,2920.68,-0.03,0.0,16.09,0.0,Mar,2,2,2,2,Returning_Visitor,True,False
0,17.89,0,-79.58,68,1847.62,0.06,0.01,-10.9,0.0,Mar,1,5,1,3,Returning_Visitor,False,False
0,11.44,-1,0.0,13,105.62,0.03,0.05,-6.86,0.0,Feb,2,2,1,2,Returning_Visitor,False,False
9,564.68,3,176.12,111,3497.9,0.06,0.1,12.08,0.29,Aug,3,2,1,13,Returning_Visitor,False,True
4,94.83,1,38.9,96,3909.15,0.0,0.0,14.21,0.05,June,2,2,1,4,Returning_Visitor,False,False
1,33.17,1,96.85,114,4318.67,0.03,0.01,21.17,0.0,Nov,2,4,2,2,Returning_Visitor,False,False
9,281.75,1,299.76,116,7009.1,0.0,0.04,4.95,0.21,May,2,2,6,2,Returning_Visitor,False,False
3,0.0,0,0.0,20,2042.07,-0.0,0.05,25.53,-0.41,Dec,2,2,2,2,Returning_Visitor,False,False
3,-161.24,-1,0.0,14,914.5,0.05,0.05,15.03,0.0,Oct,2,2,2,1,Returning_Visitor,True,True
1,47.5,1,0.0,16,429.22,-0.03,0.02,-18.98,0.05,Dec,1,1,1,1,Returning_Visitor,False,False
0,-200.96,1,31.77,63,2497.46,0.05,0.05,0.0,0.0,Jul,2,2,7,13,Returning_Visitor,False,False
0,0.0,0,0.0,3,795.36,0.04,0.06,0.0,0.18,Mar,2,2,1,3,Returning_Visitor,False,False
-3,-339.3,0,118.68,-32,-1761.0,0.18,0.2,-13.23,0.0,Dec,3,13,9,1,Returning_Visitor,False,False
8,438.24,-1,0.0,11,398.69,0.01,0.04,18.09,-0.05,Aug,1,1,3,11,Returning_Visitor,False,False
5,241.98,1,0.0,13,203.98,0.0,0.05,11.83,-0.08,Jul,2,2,1,10,Returning_Visitor,False,False
-5,-159.7,0,0.0,42,1671.23,0.03,0.05,3.73,0.0,Aug,3,2,1,13,Returning_Visitor,False,False
6,316.27,2,106.41,73,2923.25,0.02,0.07,0.0,0.2,Dec,1,1,3,1,Returning_Visitor,True,False
2,136.45,0,81.82,40,1930.54,0.01,0.05,-8.32,0.32,May,2,2,7,3,Returning_Visitor,True,False
5,196.4,-1,-109.38,9,1969.05,0.03,0.05,0.0,0.0,Oct,3,2,1,13,Returning_Visitor,False,False
0,0.0,-2,-166.16,5,291.2,0.18,0.21,7.07,0.18,May,1,1,2,20,Returning_Visitor,False,False
9,268.17,2,0.0,123,4010.06,0.02,0.01,15.13,0.4,May,3,2,1,4,Returning_Visitor,False,False
-1,111.41,3,110.87,84,3561.51,-0.01,0.02,0.0,0.24,Aug,2,2,1,7,Returning_Visitor,False,False
-2,-69.76,0,41.69,21,2130.87,-0.04,0.01,-9.89,0.14,Mar,2,2,2,2,Returning_Visitor,False,False
0,136.04,0,0.0,3,-2506.64,-0.01,0.01,15.62,0.0,Aug,2,2,5,4,Returning_Visitor,True,False
5,465.71,0,-206.59,-15,70.0,0.01,0.03,19.4,-0.19,Dec,3,2,1,2,Returning_Visitor,False,False
0,-117.04,0,129.56,-25,491.27,-0.03,0.02,1.75,0.0,Oct,2,2,4,8,Returning_Visitor,False,False
-3,0.0,0,-107.32,51,2259.22,0.05,0.07,2.45,0.0,Feb,2,2,3,2,Returning_Visitor,False,False
3,215.0,1,-15.81,57,1481.43,0.02,0.06,18.76,0.0,Nov,1,1,1,2,Returning_Visitor,True,True
-3,-217.69,0,54.68,7,792.44,0.07,0.09,25.23,0.0,May,4,1,1,3,Returning_Visitor,False,False
1,8.0,0,115.63,71,3504.71,0.01,0.05,22.61,0.0,Mar,3,2,3,1,Returning_Visitor,False,False
0,24.93,1,0.0,12,-176.4,-0.01,0.0,24.89,0.0,Mar,1,1,1,3,Returning_Visitor,False,False
6,109.22,1,21.62,34,881.64,0.0,0.03,0.0,-0.13,Nov,1,1,1,1,Returning_Visitor,False,True
2,58.0,0,0.0,14,952.43,0.03,0.01,2.18,0.0,Nov,1,2,2,11,New_Visitor,False,True
4,-25.14,1,0.0,1,0.0,0.1,0.13,12.6,0.0,Feb,2,2,5,3,Returning_Visitor,True,False
3,87.87,0,0.0,37,1039.89,0.08,0.1,11.07,0.34,Jul,2,2,3,2,Returning_Visitor,False,False
1,8.0,1,0.0,32,320.2,0.0,0.05,0.0,0.51,May,2,5,7,6,New_Visitor,True,False
1,49.5,1,181.15,91,3372.25,-0.02,-0.04,20.97,0.23,May,2,4,2,3,Returning_Visitor,False,True
0,7.0,0,-59.49,9,160.5,0.01,0.03,0.0,0.0,May,2,2,2,13,New_Visitor,False,False
9,413.87,3,-74.82,82,4546.82,0.01,0.04,2.09,0.3,May,3,2,3,3,Returning_Visitor,False,False
0,0.0,0,0.0,40,572.23,0.05,0.04,0.0,0.0,Feb,2,2,1,6,Returning_Visitor,False,False
4,184.78,1,0.0,52,1138.25,0.03,0.07,8.29,0.04,May,1,1,3,3,Returning_Visitor,False,False
-2,-33.89,-1,-5.59,10,97.17,0.08,0.12,0.0,0.0,Jul,3,2,1,3,Returning_Visitor,False,False
7,152.75,1,64.56,127,5457.73,0.01,0.02,3.27,0.0,Nov,1,1,1,2,Returning_Visitor,True,True
-2,139.87,1,16.69,22,839.5,-0.04,-0.02,0.0,-0.1,Dec,1,1,4,3,Returning_Visitor,True,False
2,0.0,0,2.27,1,247.52,0.2,0.2,-8.43,0.24,Feb,2,2,9,2,Returning_Visitor,True,False
3,0.0,-1,-51.66,26,852.77,0.0,0.02,0.0,1.0,May,2,2,6,2,Returning_Visitor,False,False
0,-50.03,0,-96.23,15,1083.5,0.05,0.05,36.42,-0.13,Dec,2,3,7,1,New_Visitor,False,False
2,-59.96,1,0.0,53,1495.42,0.03,0.04,0.0,0.33,May,3,4,4,1,Returning_Visitor,True,False
-2,-98.77,-1,0.0,31,1018.36,-0.01,0.04,-34.21,0.0,Nov,2,2,1,3,Returning_Visitor,False,True
-2,19.8,0,-116.71,-10,10.0,0.01,0.04,9.67,0.13,Dec,1,1,6,5,Returning_Visitor,True,True
1,67.2,1,79.22,-12,-347.98,0.11,0.11,3.37,0.0,Sep,4,5,8,4,Returning_Visitor,False,True
3,140.58,1,98.32,-97,-2833.81,0.0,0.04,17.16,0.0,Dec,3,2,7,2,New_Visitor,False,False
8,253.18,1,-4.73,98,2741.31,0.0,0.01,0.0,-0.21,Aug,2,2,2,2,Returning_Visitor,False,False
1,-92.81,2,0.0,55,1033.65,-0.01,0.0,-34.16,0.28,Oct,3,2,1,4,Returning_Visitor,True,False
6,0.0,1,-41.8,16,222.44,-0.07,-0.01,41.13,-0.15,Nov,2,2,4,2,Returning_Visitor,False,True
2,22.25,0,107.68,46,2958.22,-0.01,-0.0,7.87,0.16,Oct,2,2,6,2,Returning_Visitor,False,True
1,110.29,1,-208.03,28,2458.85,0.07,0.09,-7.72,0.0,Nov,2,4,3,10,Returning_Visitor,False,False
1,5.0,3,29.36,24,258.62,-0.03,0.01,1.25,0.0,Feb,2,2,1,2,New_Visitor,False,False
0,-30.0,1,0.0,-6,1309.62,0.06,0.09,0.0,-0.21,Mar,3,2,5,13,New_Visitor,True,False
5,0.0,0,0.0,16,-543.32,-0.0,0.01,26.29,0.0,Dec,3,2,1,6,Returning_Visitor,True,False
4,86.77,1,0.0,53,2402.4,0.01,0.04,0.0,0.0,Feb,2,2,1,2,Returning_Visitor,False,False
5,279.42,0,-4.55,8,148.75,0.01,0.03,-5.82,0.0,Mar,3,2,1,2,Returning_Visitor,True,False
4,45.0,0,-72.08,21,819.83,-0.06,-0.03,-2.99,0.06,May,3,2,1,2,New_Visitor,True,False
3,166.09,-2,-185.05,20,255.75,0.0,0.03,4.76,-0.04,Mar,3,1,1,1,Returning_Visitor,False,False
1,105.26,0,0.0,25,364.47,0.08,0.12,-1.61,-0.13,Jul,1,1,4,6,New_Visitor,False,True
4,61.0,0,0.0,5,175.67,0.0,0.0,16.95,-0.27,Mar,3,2,1,2,Returning_Visitor,False,False
0,-71.85,1,146.27,18,383.5,0.0,0.02,-2.36,-0.32,Sep,1,1,1,3,New_Visitor,False,False
1,208.98,1,0.0,20,396.17,0.0,0.02,0.0,0.14,Jul,3,2,3,14,New_Visitor,False,False
0,26.99,-1,105.57,6,93.6,0.0,0.06,0.0,0.0,Oct,2,4,1,2,Returning_Visitor,True,False
-3,0.0,0,0.0,-58,86.5,0.06,0.09,-34.32,-0.09,Mar,3,2,6,9,Returning_Visitor,False,False
5,275.58,-1,0.0,16,-65.64,0.0,0.02,17.45,0.15,Oct,2,2,3,6,New_Visitor,False,True
2,-10.06,0,11.27,27,944.77,0.01,0.03,10.49,-0.08,Dec,2,5,4,2,Returning_Visitor,True,False
5,233.37,0,66.48,5,766.82,-0.01,0.0,16.6,0.22,Aug,1,1,4,4,Returning_Visitor,False,True
-4,0.0,-1,-56.86,-13,-614.88,0.2,0.2,0.0,0.19,Dec,2,10,1,1,Returning_Visitor,False,False
0,0.0,0,13.1,1,-711.78,0.18,0.2,15.34,0.19,May,2,6,2,1,Returning_Visitor,False,False
3,149.07,1,-139.97,56,285.62,-0.01,0.02,0.0,0.0,Sep,3,2,2,2,New_Visitor,False,False
0,-12.2,1,79.98,-14,559.61,-0.0,0.05,6.64,0.0,Dec,4,2,1,2,Returning_Visitor,False,False
1,-124.53,-1,0.0,10,1767.78,0.0,0.04,-19.52,-0.03,Oct,3,2,5,3,Returning_Visitor,False,False
8,92.41,2,253.53,93,1991.87,-0.03,-0.01,15.84,0.0,May,2,2,3,1,Returning_Visitor,False,False
4,77.16,0,84.58,21,53.4,0.0,0.02,21.8,-0.08,Oct,1,1,1,5,New_Visitor,False,False
0,20.85,2,93.12,3,1185.67,0.09,0.13,19.07,0.22,Oct,2,2,1,3,Returning_Visitor,False,False
-2,-324.61,0,-71.18,38,960.12,-0.02,0.02,0.0,0.23,Feb,1,1,2,3,Returning_Visitor,False,False
0,0.0,0,-115.84,55,2288.8,0.01,0.02,8.8,0.2,Sep,2,2,3,1,Returning_Visitor,False,False
8,66.2,2,113.74,102,3090.88,-0.05,0.01,0.0,0.0,Nov,2,2,1,1,Returning_Visitor,False,False
0,91.01,1,0.0,25,596.29,0.07,0.1,3.7,0.17,Dec,1,1,2,1,Returning_Visitor,True,False
13,350.56,3,128.0,218,8217.68,-0.02,-0.03,22.0,0.15,Aug,2,2,3,2,Returning_Visitor,False,True
0,179.18,0,53.81,-15,-474.85,-0.0,0.07,0.0,0.35,Feb,2,2,3,4,New_Visitor,False,False
3,124.25,-1,-236.57,9,725.21,0.0,0.03,2.34,-0.47,Feb,2,6,9,1,Returning_Visitor,False,False
3,374.25,1,230.6,50,2202.03,0.0,0.03,12.49,0.17,Dec,2,6,4,4,Returning_Visitor,True,False
3,0.0,0,0.0,66,2787.75,0.02,0.04,14.92,0.0,Nov,1,1,1,2,Returning_Visitor,False,False
5,375.74,1,150.68,16,504.08,0.01,0.02,8.55,-0.03,Mar,1,1,1,8,Returning_Visitor,True,False
4,91.0,0,-123.11,15,197.0,0.0,0.04,-5.84,0.0,Jul,3,2,7,2,Returning_Visitor,False,False
0,-31.41,0,0.0,63,1779.16,0.0,0.01,43.64,0.39,Aug,2,2,1,1,Returning_Visitor,False,False
-2,31.0,-1,-50.46,-21,-1967.8,0.06,0.08,0.0,0.2,Mar,3,2,9,9,Returning_Visitor,False,False
2,374.29,1,53.14,-20,496.48,0.0,0.03,0.38,-0.24,Dec,3,2,1,2,Returning_Visitor,False,False
-4,29.09,0,0.0,0,499.5,0.02,0.03,-18.43,0.8,Aug,2,2,1,10,Returning_Visitor,False,False
2,566.0,0,0.0,54,2978.7,0.0,0.01,34.26,0.4,Feb,1,1,1,2,Returning_Visitor,False,True
1,0.0,0,0.0,17,1738.54,0.01,0.05,0.0,0.01,Dec,2,2,2,3,Returning_Visitor,False,False
5,69.5,-1,0.0,-30,34.5,0.07,0.07,0.0,0.0,May,1,2,3,4,Returning_Visitor,True,False
6,60.75,1,0.0,13,355.17,0.05,0.06,0.0,-0.28,May,3,6,3,3,Returning_Visitor,False,False
1,15.2,0,0.0,81,2623.38,0.05,0.05,-6.18,-0.21,Jul,2,2,9,2,Returning_Visitor,False,False
3,-188.47,0,-30.96,-14,0.0,-0.02,0.02,9.26,-0.03,Oct,2,2,1,1,Returning_Visitor,False,False
0,0.0,0,0.0,7,112.0,0.03,0.04,-3.93,-0.01,Mar,1,1,1,3,Returning_Visitor,False,False
15,562.35,1,33.62,202,10014.27,0.0,-0.02,-10.72,0.0,Dec,2,2,4,2,Returning_Visitor,False,True
0,101.0,0,0.0,-52,-1597.13,0.06,0.08,15.11,0.0,May,2,2,4,3,New_Visitor,False,False
0,58.6,1,0.0,14,2014.0,0.0,0.04,5.07,0.1,Aug,3,2,1,2,Returning_Visitor,False,False
3,-165.52,0,76.66,0,189.67,0.01,0.03,13.9,0.04,Feb,3,2,6,1,Returning_Visitor,False,False
4,204.9,1,-128.88,40,3096.38,0.05,0.03,8.13,0.01,June,2,2,1,6,Returning_Visitor,False,True
3,97.07,-1,0.0,27,193.33,0.03,0.06,0.0,0.0,Jul,2,2,6,3,New_Visitor,False,False
0,-11.43,0,61.65,11,1205.27,0.04,0.08,0.0,0.0,Jul,1,1,4,3,Returning_Visitor,False,False
-3,144.17,0,0.0,44,1672.51,0.06,0.09,17.17,0.34,May,3,2,1,4,New_Visitor,False,False
0,0.0,-2,-83.67,24,161.0,-0.03,0.02,17.87,0.11,May,2,2,1,4,Returning_Visitor,False,False
0,60.99,1,156.75,83,2694.51,0.0,0.01,2.48,0.0,Aug,2,4,1,2,Returning_Visitor,False,True
1,-97.94,1,164.53,50,2980.89,-0.01,0.01,1.91,0.0,Feb,3,2,9,6,New_Visitor,True,False
4,303.93,0,-60.41,82,3051.36,0.05,0.07,1.64,0.0,Sep,2,2,3,2,Returning_Visitor,False,False
2,-18.96,0,-73.6,0,-185.11,-0.05,0.01,0.31,-0.03,Jul,2,2,1,2,Returning_Visitor,False,True
2,-81.77,0,-189.2,-13,-300.68,-0.02,0.01,4.65,-0.03,Oct,2,2,2,3,Returning_Visitor,True,False
9,377.51,3,265.0,60,2530.73,0.05,0.03,1.71,-0.1,Mar,1,1,1,4,Returning_Visitor,False,True
-2,-182.43,0,-119.07,-32,-1824.32,0.13,0.2,51.84,-0.18,May,2,2,1,1,Returning_Visitor,False,False
0,0.0,1,5.0,89,4022.31,-0.03,-0.03,19.79,0.2,Nov,2,1,6,10,Returning_Visitor,True,False
0,97.32,0,-74.51,26,1115.8,0.0,0.07,0.0,-0.44,Mar,1,1,8,3,Returning_Visitor,False,False
5,91.0,2,50.94,246,9227.37,0.01,-0.02,0.0,0.0,Oct,1,2,4,3,Returning_Visitor,False,False
1,-35.93,0,-46.61,4,56.5,0.07,0.1,8.33,0.4,Feb,4,1,1,3,Returning_Visitor,False,False
4,155.06,3,169.85,111,6014.4,0.01,0.03,23.76,0.17,Nov,2,2,3,2,Returning_Visitor,False,True
0,-31.91,0,0.0,51,1065.9,0.05,0.04,0.0,1.0,May,2,1,1,1,Returning_Visitor,False,False
6,187.4,0,284.7,-22,175.4,-0.02,0.02,3.63,0.12,Nov,2,2,5,7,Returning_Visitor,False,False
4,175.56,0,-10.14,20,1589.29,0.01,0.01,0.0,0.0,Nov,2,2,2,2,New_Visitor,True,False
2,42.08,0,0.0,-1,1689.27,0.06,0.11,38.19,-0.27,Nov,2,2,8,2,Returning_Visitor,True,True
0,22.34,0,0.0,-57,-1643.83,0.0,0.2,27.02,0.0,Mar,3,2,1,1,Returning_Visitor,True,False
1,137.4,2,0.0,48,1181.24,0.03,0.02,37.57,0.12,Sep,2,2,2,3,Returning_Visitor,True,False
2,0.0,2,154.73,62,2636.51,0.04,0.06,-12.66,0.0,Jul,3,2,3,13,Returning_Visitor,True,False
0,-103.76,2,25.47,43,2115.03,0.0,0.05,0.0,0.26,Oct,2,6,1,3,Returning_Visitor,False,False
6,420.16,0,-153.71,45,1654.41,0.07,0.1,0.0,0.37,Aug,1,2,9,2,Returning_Visitor,False,False
1,64.0,1,11.62,22,353.17,0.02,0.05,-11.65,0.0,Mar,2,5,1,3,Returning_Visitor,True,False
0,-85.34,0,0.0,-23,50.0,-0.07,-0.02,0.0,0.0,Feb,1,4,3,3,Returning_Visitor,False,False
5,268.91,3,9.05,27,1276.42,0.0,0.01,-17.8,0.0,Sep,2,2,1,2,Returning_Visitor,False,True
2,356.68,0,-115.4,72,2515.66,-0.01,0.01,-13.73,0.1,Dec,2,2,4,1,Returning_Visitor,False,False
-2,0.0,0,30.31,4,-213.44,0.0,0.02,36.49,-0.09,Mar,2,2,1,15,Returning_Visitor,False,False
1,72.44,1,16.0,30,1539.08,0.12,0.14,-10.04,0.0,Feb,2,2,1,2,Returning_Visitor,False,True
4,147.65,1,0.0,27,692.08,0.0,0.01,-30.65,0.17,May,2,1,2,3,Returning_Visitor,False,False
6,153.07,0,-150.14,64,3049.73,0.01,0.05,0.0,0.0,Dec,3,2,3,5,Returning_Visitor,False,False
2,0.0,4,310.08,122,1945.32,0.03,0.03,0.0,1.0,May,2,2,1,5,Returning_Visitor,True,False
1,80.12,2,12.0,92,3670.43,0.0,-0.01,11.87,0.02,Dec,2,4,2,2,Returning_Visitor,False,False
3,87.0,0,-107.81,10,-168.99,0.0,0.02,0.0,0.12,Feb,1,1,2,8,Returning_Visitor,False,False
-2,0.0,-1,-196.7,16,516.43,0.01,0.01,12.71,0.1,May,3,2,6,3,Returning_Visitor,False,True
0,0.0,0,0.0,4,88.0,0.02,0.05,3.83,0.0,Feb,2,2,1,4,Returning_Visitor,False,False
1,242.0,0,136.58,8,1474.5,-0.05,-0.03,1.53,0.2,Dec,2,2,4,2,Returning_Visitor,False,True
-4,-77.54,2,212.37,31,2466.17,-0.02,0.03,-24.35,-0.03,Mar,3,2,6,3,Returning_Visitor,False,False
3,-0.69,2,211.2,30,2910.81,0.0,0.01,0.0,0.02,Dec,2,1,1,2,Returning_Visitor,True,False
0,-36.65,0,124.89,-15,930.39,0.02,0.02,0.0,0.02,Oct,3,4,8,2,Returning_Visitor,False,False
8,0.0,1,0.0,60,2270.43,0.01,0.02,0.0,0.04,Aug,2,2,3,15,Returning_Visitor,False,False
0,0.0,1,0.0,107,5188.5,0.0,0.02,0.0,-0.09,Mar,2,2,3,1,Returning_Visitor,False,False
4,30.0,1,0.0,27,300.67,0.11,0.12,0.0,0.36,Nov,2,4,1,1,Returning_Visitor,False,False
-1,0.0,0,98.42,10,364.67,0.07,0.12,0.0,0.8,May,2,2,9,3,Returning_Visitor,False,False
1,37.59,1,-113.86,67,2512.39,0.04,0.04,3.86,-0.1,Nov,2,2,1,2,New_Visitor,False,True
1,-39.17,-2,77.01,36,134.51,-0.08,-0.08,22.65,-0.23,Jul,1,1,9,3,Returning_Visitor,True,False
1,0.0,0,44.39,15,394.91,0.09,0.11,-15.47,-0.06,Feb,2,4,7,13,Returning_Visitor,False,False
4,176.85,1,0.0,-1,-1454.18,-0.0,0.03,0.0,0.6,Feb,2,2,4,4,New_Visitor,False,False
-4,-210.72,1,-116.08,-22,-153.38,0.05,0.09,0.0,0.13,May,2,2,1,3,Returning_Visitor,False,False
0,0.0,0,139.51,24,896.7,0.01,0.04,0.0,0.22,Oct,1,1,1,3,Returning_Visitor,False,False
-4,0.0,0,-36.32,1,1247.1,0.16,0.2,-16.11,0.27,May,2,2,4,1,Returning_Visitor,False,False
0,-173.09,0,-73.35,-6,-370.64,-0.03,0.03,26.1,0.02,May,4,1,1,2,New_Visitor,False,False
0,91.02,0,146.57,20,1476.01,0.05,0.1,0.0,0.0,Mar,2,2,1,2,Returning_Visitor,False,False
0,12.0,-1,-57.75,14,769.79,0.03,0.07,0.0,0.18,Nov,2,2,1,4,Returning_Visitor,False,False
3,33.0,-1,0.0,-53,-3214.9,0.05,0.03,0.0,0.24,Aug,2,2,1,3,Returning_Visitor,True,False
0,0.0,1,5.0,45,1095.66,-0.04,0.02,-13.2,-0.08,Oct,1,1,1,10,Returning_Visitor,False,True
0,-98.03,0,0.0,62,1951.36,0.02,0.06,-17.1,-0.09,May,2,2,1,2,Returning_Visitor,False,False
4,-178.35,1,0.0,11,28.0,-0.01,0.02,2.69,0.0,Nov,3,2,1,6,New_Visitor,True,False
-2,0.0,-2,-167.15,32,7.0,0.0,-0.0,23.83,0.0,Mar,3,2,7,3,Returning_Visitor,False,False
0,0.0,0,0.0,12,450.44,0.0,0.01,0.0,0.0,June,2,2,8,2,New_Visitor,False,False
4,0.0,0,69.62,1,0.0,0.2,0.18,-9.9,0.07,May,2,1,1,1,Returning_Visitor,False,False
0,0.0,0,-77.82,-19,565.76,0.02,0.06,14.83,0.0,Jul,2,1,1,3,Returning_Visitor,False,False
0,-407.09,1,0.0,64,1609.48,0.04,0.06,12.52,0.08,Nov,2,2,1,1,Returning_Visitor,False,False
0,0.0,-1,0.0,9,459.17,0.0,0.01,0.24,0.0,Nov,1,2,1,2,Returning_Visitor,False,False
0,91.21,0,0.0,38,1778.39,0.04,0.06,6.59,-0.42,Jul,2,2,1,4,Returning_Visitor,False,False
6,226.12,0,0.0,64,1852.75,0.0,0.01,7.91,-0.08,Mar,1,1,6,5,New_Visitor,False,False
4,218.83,0,0.0,29,937.52,0.03,0.04,28.65,0.19,Feb,4,2,3,2,Returning_Visitor,False,False
3,67.33,0,0.0,45,2287.36,0.07,0.13,0.0,0.0,Nov,2,2,4,4,New_Visitor,True,False
7,209.27,3,207.04,55,3468.57,0.09,0.09,19.71,0.0,Sep,2,1,3,5,Returning_Visitor,False,True
2,-12.46,0,22.12,19,621.73,-0.03,0.02,-9.17,-0.32,Jul,1,1,4,2,Returning_Visitor,False,False
0,0.0,0,-64.57,21,864.46,0.08,0.12,20.35,0.13,June,2,2,6,1,Returning_Visitor,False,False
1,0.0,1,128.15,40,1445.84,0.06,0.05,0.0,0.15,Nov,3,2,1,8,Returning_Visitor,True,False
5,60.84,0,0.0,56,2261.68,0.02,0.01,0.0,0.0,Nov,3,2,1,2,Returning_Visitor,True,True
5,221.0,1,-175.45,15,408.76,0.05,0.07,19.43,0.15,Nov,3,2,2,2,Returning_Visitor,False,True
0,-167.48,0,0.0,9,612.06,0.02,0.05,0.0,-0.0,Mar,1,2,6,3,Returning_Visitor,False,False
3,150.0,1,0.12,61,1832.06,0.0,0.01,0.0,-0.14,Nov,3,2,1,2,Returning_Visitor,False,False
0,-123.38,-1,-102.79,6,279.0,0.0,0.04,0.71,0.0,Dec,1,2,3,10,Returning_Visitor,True,False
0,0.0,0,0.0,3,457.81,0.12,0.13,53.63,0.0,Mar,2,2,2,1,Returning_Visitor,True,False
3,371.8,1,89.08,112,4364.57,-0.01,-0.01,0.0,-0.22,Jul,1,2,1,2,New_Visitor,False,False
5,99.67,3,166.75,77,2982.04,0.01,0.02,-16.55,0.32,May,3,2,1,5,Returning_Visitor,False,False
0,-17.29,0,0.0,2,271.34,0.2,0.2,21.34,0.63,May,2,2,3,4,New_Visitor,False,False
5,87.8,0,0.0,38,842.42,-0.02,-0.0,30.11,0.31,Oct,1,1,2,10,Returning_Visitor,True,True
0,0.0,0,79.73,-60,-3364.02,0.09,0.13,0.0,-0.36,Dec,1,1,1,3,New_Visitor,False,False
1,-25.88,0,0.0,6,-538.67,-0.04,-0.02,0.0,0.07,Nov,3,2,2,8,New_Visitor,True,False
0,122.45,1,64.4,40,1390.21,0.02,0.03,1.14,0.22,May,2,1,6,2,Returning_Visitor,False,False
3,122.37,1,55.31,77,2994.47,0.01,0.02,12.85,0.0,Nov,3,2,4,2,Returning_Visitor,True,False
1,181.63,0,84.31,12,480.21,0.07,0.11,0.0,0.1,Dec,2,2,9,2,Returning_Visitor,False,False
4,95.75,1,27.37,38,2390.79,0.0,0.01,16.79,0.22,May,3,2,3,2,Returning_Visitor,True,False
0,-73.09,0,0.0,3,51.5,0.05,0.07,0.0,0.0,Nov,3,2,1,2,Returning_Visitor,True,False
2,-15.14,0,-118.87,2,0.0,0.2,0.17,-24.48,0.1,Mar,3,2,6,13,Returning_Visitor,False,False
3,13.0,0,55.65,51,4651.61,0.0,0.03,9.88,0.0,Jul,2,2,3,3,Returning_Visitor,False,False
3,173.5,3,149.34,131,5633.54,0.01,0.02,0.0,1.0,May,3,2,8,2,Returning_Visitor,True,False
6,109.6,0,157.84,17,495.1,0.0,0.01,0.0,-0.04,Oct,2,2,8,2,New_Visitor,True,False
3,26.67,0,2.74,20,-413.0,-0.0,0.04,43.02,0.0,May,2,2,1,10,Returning_Visitor,True,False
4,62.0,1,58.32,64,1935.34,0.04,0.04,-1.79,0.0,Mar,2,1,1,15,Returning_Visitor,False,False
2,127.64,0,0.0,-33,21.29,0.02,0.04,23.75,0.0,Dec,1,1,7,1,Returning_Visitor,False,False
1,293.11,0,0.0,34,1218.02,0.01,0.02,42.38,0.07,Mar,3,2,1,1,Returning_Visitor,False,False
0,296.06,1,186.7,3,1114.61,0.02,0.05,-3.73,0.0,Nov,2,2,2,1,Returning_Visitor,True,False
0,267.22,0,75.32,65,2118.86,0.01,0.01,0.0,0.0,Mar,2,4,4,5,Returning_Visitor,False,False
0,103.68,0,-111.42,-9,18.2,0.14,0.15,2.26,0.03,May,3,2,2,3,Returning_Visitor,False,False
3,-58.19,1,0.0,18,673.12,0.01,0.03,-0.59,0.36,May,2,2,9,6,Returning_Visitor,False,True
5,338.85,1,174.86,36,2879.97,0.0,0.03,6.92,0.0,Nov,2,2,5,2,Returning_Visitor,True,False
1,101.22,2,132.4,31,1878.43,-0.06,-0.05,8.22,-0.01,Mar,2,2,3,2,Returning_Visitor,False,False
2,74.77,1,1.0,7,384.4,0.04,0.07,-0.52,0.35,May,1,1,1,3,Returning_Visitor,False,False
0,-78.13,0,57.69,9,1355.79,-0.07,-0.03,12.36,0.36,Aug,2,2,4,3,Returning_Visitor,False,False
0,45.04,0,0.0,-40,-776.66,0.02,0.02,29.83,-0.46,Jul,2,2,2,2,New_Visitor,True,True
7,351.08,2,131.0,50,1768.92,0.0,0.02,0.06,0.44,May,1,1,2,4,Returning_Visitor,False,False
1,322.5,0,-129.78,32,1302.62,0.09,0.09,-1.37,0.38,May,2,2,1,13,Returning_Visitor,False,False
0,238.57,0,94.9,24,1884.7,-0.05,-0.02,47.85,0.0,Sep,2,2,1,2,Returning_Visitor,False,False
5,32.75,0,-70.22,50,1488.9,0.02,0.03,0.0,0.8,May,2,2,2,13,Returning_Visitor,False,False
6,0.0,0,0.0,45,1502.29,-0.06,-0.03,11.32,0.0,Dec,2,2,1,6,Returning_Visitor,False,False
-3,0.0,0,0.0,81,2353.23,0.04,0.05,13.94,0.09,Jul,2,2,2,2,Returning_Visitor,False,False
2,0.0,-1,-235.95,4,0.0,0.2,0.2,-7.86,0.42,May,2,2,1,3,Returning_Visitor,False,False
0,-59.57,0,0.0,9,-604.19,0.07,0.08,68.26,0.0,Nov,2,2,5,1,Returning_Visitor,False,True
11,604.73,-1,-81.52,63,1276.84,0.0,0.01,41.4,-0.21,Oct,2,2,3,2,New_Visitor,False,True
-2,-299.95,0,0.0,-24,-1239.92,0.0,0.04,-13.58,0.06,Nov,1,1,1,2,Returning_Visitor,False,False
1,51.4,-2,-167.9,-7,-196.54,0.0,0.04,48.79,0.08,Feb,2,2,3,1,Returning_Visitor,False,True
12,442.52,1,0.0,143,4323.98,0.01,0.0,10.7,0.32,Aug,1,1,6,3,Returning_Visitor,False,True
7,266.05,3,169.56,179,6637.96,0.02,0.03,-42.73,-0.05,Nov,2,2,3,3,Returning_Visitor,False,False
